[
    {
        "pronouns": [],
        "globalSId": [
            847360,
            847361,
            847362,
            847363,
            847364
        ],
        "wikiPageId": 115477,
        "entities": [
            {
                "ancestor": "",
                "keyword": "<에레디비시>",
                "ne_type": "",
                "e_type": "ELU",
                "en": 7,
                "eIdx": 0,
                "st": 0
            },
            {
                "ancestor": "",
                "keyword": "[네덜란드]",
                "ne_type": "",
                "e_type": "WIKILINK",
                "en": 25,
                "eIdx": 1,
                "st": 19
            },
            {
                "ancestor": "",
                "keyword": "[축구]",
                "ne_type": "",
                "e_type": "WIKILINK",
                "en": 34,
                "eIdx": 2,
                "st": 30
            },
            {
                "ancestor": "",
                "keyword": "<에레디비시>",
                "ne_type": "",
                "e_type": "ELU",
                "en": 48,
                "eIdx": 3,
                "st": 41
            },
            {
                "ancestor": "",
                "keyword": "<에레디비시>",
                "ne_type": "",
                "e_type": "ELU",
                "en": 86,
                "eIdx": 4,
                "st": 79
            },
            {
                "ancestor": "",
                "keyword": "[네덜란드]",
                "ne_type": "",
                "e_type": "WIKILINK",
                "en": 96,
                "eIdx": 5,
                "st": 90
            },
            {
                "ancestor": "",
                "keyword": "[1897년]",
                "ne_type": "",
                "e_type": "WIKILINK",
                "en": 112,
                "eIdx": 6,
                "st": 105
            },
            {
                "ancestor": "",
                "keyword": "[1956년]",
                "ne_type": "",
                "e_type": "WIKILINK",
                "en": 133,
                "eIdx": 7,
                "st": 126
            },
            {
                "ancestor": "",
                "keyword": "<현재>",
                "ne_type": "",
                "e_type": "ELU",
                "en": 201,
                "eIdx": 8,
                "st": 197
            },
            {
                "ancestor": "",
                "keyword": "<ㅈ>",
                "ne_type": "",
                "e_type": "ELU",
                "en": 211,
                "eIdx": 9,
                "st": 208
            }
        ],
        "text": "<에레디비시>(, 명예의 리그)는 [네덜란드]의 1부 [축구] 리그이다. <에레디비시> 등으로도 불리지만 외래어 표기법에 의한 정확한 표기는 <에레디비시>이다. [네덜란드]의 축구 리그는 [1897년]에 시작되었다. 하지만, [1956년]이 되어서야 네덜란드 에레디비시 리그란 이름의 통합 리그로 출범하였다. 스폰서에 따라 리그 이름이 자주 바뀌었다가 <현재>의 이름으로 <ㅈ>매김하였다.",
        "pIdx": 1
    },
    {
        "pronouns": [],
        "globalSId": [
            847365,
            847366,
            847367,
            847368,
            847369,
            847370
        ],
        "wikiPageId": 115477,
        "entities": [
            {
                "ancestor": "",
                "keyword": "<에레디비시>",
                "ne_type": "",
                "e_type": "ELU",
                "en": 7,
                "eIdx": 0,
                "st": 0
            },
            {
                "ancestor": "",
                "keyword": "<구성>",
                "ne_type": "",
                "e_type": "ELU",
                "en": 22,
                "eIdx": 1,
                "st": 18
            },
            {
                "ancestor": "",
                "keyword": "[에이르스터_디비시]",
                "ne_type": "",
                "e_type": "WIKILINK",
                "en": 107,
                "eIdx": 2,
                "st": 96
            },
            {
                "ancestor": "",
                "keyword": "<우승>",
                "ne_type": "",
                "e_type": "ELU",
                "en": 140,
                "eIdx": 3,
                "st": 136
            },
            {
                "ancestor": "",
                "keyword": "<에레디비시>",
                "ne_type": "",
                "e_type": "ELU",
                "en": 154,
                "eIdx": 4,
                "st": 147
            },
            {
                "ancestor": "",
                "keyword": "<조로>",
                "ne_type": "",
                "e_type": "ELU",
                "en": 219,
                "eIdx": 5,
                "st": 215
            },
            {
                "ancestor": "",
                "keyword": "<구성>",
                "ne_type": "",
                "e_type": "ELU",
                "en": 268,
                "eIdx": 6,
                "st": 264
            },
            {
                "ancestor": "",
                "keyword": "<에레디비시>",
                "ne_type": "",
                "e_type": "ELU",
                "en": 324,
                "eIdx": 7,
                "st": 317
            },
            {
                "ancestor": "",
                "keyword": "<에이르스터_디비시>",
                "ne_type": "",
                "e_type": "ELU",
                "en": 353,
                "eIdx": 8,
                "st": 342
            }
        ],
        "text": "<에레디비시>는 18개 클럽으로 <구성>된다. 각 클럽은 매 시즌마다 한 클럽당 두 번의 경기를 홈과 원정에서 각각 한 번씩 치른다. 시즌이 종료된 후 최하위팀은 자동으로 [에이르스터_디비시](네덜란드 2부 리그)로 강등되고 에이르스터 디비시 <우승>은 자동으로 <에레디비시>로 승격한다. 그리고 16위, 17위 팀들은 승격 및 강등 플레이오프를 펼치게 된다. 이 플레이오프는 두 개 <조로> 나뉘어 진행되는데 각 조마다 에레디비시 클럽 1팀과 에이르스터 디비시 3팀으로 <구성>된다. 플레이오프 역시 홈 앤 원정 방식으로 진행되는데, 각 조의 1위팀이 다음 시즌에 <에레디비시> 참가하게 되고, 나머지 팀들은 <에이르스터_디비시>로 가게 된다.",
        "pIdx": 2
    }
]