[
    {
        "pronouns": [],
        "globalSId": [
            2842955,
            2842956
        ],
        "wikiPageId": 815566,
        "entities": [
            {
                "ancestor": "",
                "keyword": "[보아]",
                "ne_type": "",
                "e_type": "WIKILINK",
                "en": 39,
                "eIdx": 0,
                "st": 35
            },
            {
                "ancestor": "",
                "keyword": "[한국]",
                "ne_type": "",
                "e_type": "WIKILINK",
                "en": 45,
                "eIdx": 1,
                "st": 41
            },
            {
                "ancestor": "",
                "keyword": "<싱글_(음악)>",
                "ne_type": "",
                "e_type": "ELU",
                "en": 65,
                "eIdx": 2,
                "st": 56
            }
        ],
        "text": "〈KEY OF HEART-Limited Single-〉는 가수 [보아]가 [한국]에서 발매한 5번째 <싱글_(음악)>이다. CD 발매가 아닌 디지털 싱글 형태로 발매되었다.",
        "pIdx": 1
    }
]