[
    {
        "pronouns": [],
        "globalSId": [
            3437432,
            3437433
        ],
        "wikiPageId": 1196089,
        "entities": [
            {
                "ancestor": "",
                "keyword": "<쥐구멍_라인>",
                "ne_type": "",
                "e_type": "ELU",
                "en": 8,
                "eIdx": 0,
                "st": 0
            },
            {
                "ancestor": "",
                "keyword": "<남아메리카>",
                "ne_type": "",
                "e_type": "ELU",
                "en": 70,
                "eIdx": 1,
                "st": 63
            },
            {
                "ancestor": "",
                "keyword": "<아르헨티나>",
                "ne_type": "",
                "e_type": "ELU",
                "en": 79,
                "eIdx": 2,
                "st": 72
            }
        ],
        "text": "<쥐구멍_라인>(Ratline)은 일명 '랫라인'이라고도 한다. 바티칸 교황청이 2차 세계대전 당시 나치 전범을 <남아메리카>, <아르헨티나> 등으로 피신시킨 사업을 말한다.",
        "pIdx": 1
    }
]