[
    {
        "globalSId": [
            464069,
            464070
        ],
        "pronouns": [],
        "wikiPageId": 49657,
        "entities": [
            {
                "ne_type": "LOCATION",
                "keyword": "[금수산태양궁전]",
                "ancestor": "",
                "e_type": "NEW",
                "en": 9,
                "eIdx": 0,
                "st": 0
            },
            {
                "ne_type": "",
                "keyword": "[조선민주주의인민공화국]",
                "ancestor": "",
                "e_type": "WIKILINK",
                "en": 33,
                "eIdx": 1,
                "st": 20
            },
            {
                "ne_type": "",
                "keyword": "[평양직할시]",
                "ancestor": "",
                "e_type": "WIKILINK",
                "en": 45,
                "eIdx": 2,
                "st": 38
            },
            {
                "ne_type": "",
                "keyword": "[김일성]",
                "ancestor": "",
                "e_type": "WIKILINK",
                "en": 55,
                "eIdx": 3,
                "st": 50
            },
            {
                "ne_type": "",
                "keyword": "[김정일]",
                "ancestor": "",
                "e_type": "WIKILINK",
                "en": 65,
                "eIdx": 4,
                "st": 60
            },
            {
                "ne_type": "",
                "keyword": "<김일성>",
                "ancestor": "",
                "e_type": "ELU",
                "en": 100,
                "eIdx": 5,
                "st": 95
            }
        ],
        "text": "[금수산태양궁전](錦繡山太陽宮殿)은 [조선민주주의인민공화국]의 수도 [평양직할시]에 있는 [김일성] 주석과 [김정일] 국방위원장의 시신이 안치된 건물이다. 궁전 내부에는 <김일성>의 유품이나 생전에 사용했던 열차의 일부를 전시하고 있다.",
        "pIdx": 1
    },
    {
        "pronouns": [],
        "globalSId": [
            464071,
            464072,
            464073,
            464074,
            464075,
            464076
        ],
        "wikiPageId": 49657,
        "entities": [
            {
                "ancestor": "",
                "keyword": "[김일성]",
                "ne_type": "",
                "e_type": "WIKILINK",
                "en": 8,
                "eIdx": 0,
                "st": 3
            },
            {
                "ancestor": "",
                "keyword": "<김일성>",
                "ne_type": "",
                "e_type": "ELU",
                "en": 40,
                "eIdx": 1,
                "st": 35
            },
            {
                "ancestor": "",
                "keyword": "[김정일]",
                "ne_type": "",
                "e_type": "WIKILINK",
                "en": 117,
                "eIdx": 2,
                "st": 112
            },
            {
                "ancestor": "",
                "keyword": "[궁전]",
                "ne_type": "",
                "e_type": "WIKILINK",
                "en": 167,
                "eIdx": 3,
                "st": 163
            },
            {
                "ancestor": "",
                "keyword": "[러시아]",
                "ne_type": "",
                "e_type": "WIKILINK",
                "en": 196,
                "eIdx": 4,
                "st": 191
            },
            {
                "ancestor": "",
                "keyword": "<김일성>",
                "ne_type": "",
                "e_type": "ELU",
                "en": 240,
                "eIdx": 5,
                "st": 235
            },
            {
                "ancestor": "",
                "keyword": "<김정일>",
                "ne_type": "",
                "e_type": "ELU",
                "en": 247,
                "eIdx": 6,
                "st": 242
            },
            {
                "ancestor": "",
                "keyword": "<안치>",
                "ne_type": "",
                "e_type": "ELU",
                "en": 269,
                "eIdx": 7,
                "st": 265
            }
        ],
        "text": "개요 [김일성]이 생전에 생활하던 금수산의사당(錦繡山議事堂)을 <김일성>의 시신을 영구 보존하는 목적으로 개조하였다. 1995년부터 2012년까지 금수산기념궁전(錦繡山記念宮殿)으로 불렸으며 2012년 [김정일]의 70번째 생일을 맞아 금수산태양궁전으로 개칭하였다. 외관은 이름에 어울릴 만큼 [궁전] 구조로 되어 있고 시신의 유지 및 관리는 [러시아]의 기관이 담당하고 있다. 들어간 비용은 8억 9,000만 달러이다. <김일성>과 <김정일>의 시신은 궁전 3층 중앙 홀에 <안치>되고 있고 입장자는 멈춰 서서 보는 것은 허가되지 않는다.",
        "pIdx": 2
    }
]