[
    {
        "entities": [
            {
                "keyword": "<중국_국민당>",
                "ancestor": "",
                "st": 0,
                "eIdx": 0,
                "ne_type": "",
                "en": 8,
                "e_type": "ELU"
            },
            {
                "keyword": "[중화민국]",
                "ancestor": "",
                "st": 12,
                "eIdx": 1,
                "ne_type": "",
                "en": 18,
                "e_type": "WIKILINK"
            },
            {
                "keyword": "[1894년]",
                "ancestor": "",
                "st": 26,
                "eIdx": 2,
                "ne_type": "",
                "en": 33,
                "e_type": "WIKILINK"
            },
            {
                "keyword": "<홍콩>",
                "ancestor": "",
                "st": 35,
                "eIdx": 3,
                "ne_type": "",
                "en": 39,
                "e_type": "ELU"
            },
            {
                "keyword": "[흥중회]",
                "ancestor": "",
                "st": 47,
                "eIdx": 4,
                "ne_type": "",
                "en": 52,
                "e_type": "WIKILINK"
            },
            {
                "keyword": "[1905년]",
                "ancestor": "",
                "st": 55,
                "eIdx": 5,
                "ne_type": "",
                "en": 62,
                "e_type": "WIKILINK"
            },
            {
                "keyword": "[중국동맹회]",
                "ancestor": "",
                "st": 69,
                "eIdx": 6,
                "ne_type": "",
                "en": 76,
                "e_type": "WIKILINK"
            },
            {
                "keyword": "[1914년]",
                "ancestor": "",
                "st": 79,
                "eIdx": 7,
                "ne_type": "",
                "en": 86,
                "e_type": "WIKILINK"
            },
            {
                "keyword": "<일본>",
                "ancestor": "",
                "st": 87,
                "eIdx": 8,
                "ne_type": "",
                "en": 91,
                "e_type": "ELU"
            },
            {
                "keyword": "<도쿄>",
                "ancestor": "",
                "st": 92,
                "eIdx": 9,
                "ne_type": "",
                "en": 96,
                "e_type": "ELU"
            },
            {
                "keyword": "[중화혁명당]",
                "ancestor": "",
                "st": 104,
                "eIdx": 10,
                "ne_type": "",
                "en": 111,
                "e_type": "WIKILINK"
            },
            {
                "keyword": "<현재>",
                "ancestor": "",
                "st": 122,
                "eIdx": 11,
                "ne_type": "",
                "en": 126,
                "e_type": "ELU"
            },
            {
                "keyword": "[신해혁명]",
                "ancestor": "",
                "st": 139,
                "eIdx": 12,
                "ne_type": "",
                "en": 145,
                "e_type": "WIKILINK"
            },
            {
                "keyword": "<사람>",
                "ancestor": "",
                "st": 150,
                "eIdx": 13,
                "ne_type": "",
                "en": 154,
                "e_type": "ELU"
            },
            {
                "keyword": "[쑨원]",
                "ancestor": "",
                "st": 158,
                "eIdx": 14,
                "ne_type": "",
                "en": 162,
                "e_type": "WIKILINK"
            },
            {
                "keyword": "[중화민국]",
                "ancestor": "",
                "st": 164,
                "eIdx": 15,
                "ne_type": "",
                "en": 170,
                "e_type": "WIKILINK"
            },
            {
                "keyword": "[장제스]",
                "ancestor": "",
                "st": 178,
                "eIdx": 16,
                "ne_type": "",
                "en": 183,
                "e_type": "WIKILINK"
            }
        ],
        "text": "<중국_국민당>()은 [중화민국]의 정당으로, [1894년]에 <홍콩>에서 결성된 '[흥중회]', [1905년]에 결성된 '[중국동맹회]', [1914년] <일본> <도쿄>에서 결성된 '[중화혁명당]'을 계승 발전하여 <현재>의 형태로 완성되었다. [신해혁명]의 주요 <사람>이었던 [쑨원]과 [중화민국]의 총통이었던 [장제스]가 이 당과 밀접한 관련이 있다.",
        "globalSId": [
            212048,
            212049
        ],
        "pIdx": 1,
        "pronouns": [],
        "wikiPageId": 14097
    },
    {
        "entities": [
            {
                "keyword": "[베트남]",
                "ancestor": "",
                "st": 3,
                "eIdx": 0,
                "ne_type": "",
                "en": 8,
                "e_type": "WIKILINK"
            },
            {
                "keyword": "[우익]",
                "ancestor": "",
                "st": 10,
                "eIdx": 1,
                "ne_type": "",
                "en": 14,
                "e_type": "WIKILINK"
            },
            {
                "keyword": "[정당]",
                "ancestor": "",
                "st": 15,
                "eIdx": 2,
                "ne_type": "",
                "en": 19,
                "e_type": "WIKILINK"
            },
            {
                "keyword": "[미국]",
                "ancestor": "",
                "st": 26,
                "eIdx": 3,
                "ne_type": "",
                "en": 30,
                "e_type": "WIKILINK"
            },
            {
                "keyword": "[정당]",
                "ancestor": "",
                "st": 40,
                "eIdx": 4,
                "ne_type": "",
                "en": 44,
                "e_type": "WIKILINK"
            },
            {
                "keyword": "[베트남_국민당]",
                "ancestor": "",
                "st": 46,
                "eIdx": 5,
                "ne_type": "",
                "en": 55,
                "e_type": "WIKILINK"
            },
            {
                "keyword": "<중국_국민당>",
                "ancestor": "",
                "st": 57,
                "eIdx": 6,
                "ne_type": "",
                "en": 65,
                "e_type": "ELU"
            },
            {
                "keyword": "<현재>",
                "ancestor": "",
                "st": 84,
                "eIdx": 7,
                "ne_type": "",
                "en": 88,
                "e_type": "ELU"
            },
            {
                "keyword": "[민주진보당]",
                "ancestor": "",
                "st": 91,
                "eIdx": 8,
                "ne_type": "",
                "en": 98,
                "e_type": "WIKILINK"
            },
            {
                "keyword": "[차이잉원]",
                "ancestor": "",
                "st": 99,
                "eIdx": 9,
                "ne_type": "",
                "en": 105,
                "e_type": "WIKILINK"
            },
            {
                "keyword": "[2016년_중화민국_총통_선거]",
                "ancestor": "",
                "st": 110,
                "eIdx": 10,
                "ne_type": "",
                "en": 128,
                "e_type": "WIKILINK"
            },
            {
                "keyword": "<승리>",
                "ancestor": "",
                "st": 129,
                "eIdx": 11,
                "ne_type": "",
                "en": 133,
                "e_type": "ELU"
            },
            {
                "keyword": "<중화민국>",
                "ancestor": "",
                "st": 135,
                "eIdx": 12,
                "ne_type": "",
                "en": 141,
                "e_type": "ELU"
            }
        ],
        "text": "과거 [베트남]의 [우익] [정당]이자, 현재 [미국]에 존재하는 망명 [정당]인 [베트남_국민당]이 <중국_국민당>을 모델로 삼고 있다. 2016년 <현재>에는 [민주진보당] [차이잉원] 후보의 [2016년_중화민국_총통_선거] <승리>로 <중화민국>의 제1야당이 되었다.",
        "globalSId": [
            212050,
            212051
        ],
        "pIdx": 2,
        "pronouns": [],
        "wikiPageId": 14097
    },
    {
        "entities": [],
        "text": "역사",
        "globalSId": [
            212052
        ],
        "pIdx": 3,
        "pronouns": [],
        "wikiPageId": 14097
    },
    {
        "entities": [],
        "text": "",
        "globalSId": [],
        "pIdx": 4,
        "pronouns": [],
        "wikiPageId": 14097
    },
    {
        "entities": [
            {
                "keyword": "<이후_(소설가)>",
                "ancestor": "",
                "st": 6,
                "eIdx": 0,
                "ne_type": "",
                "en": 16,
                "e_type": "ELU"
            },
            {
                "keyword": "[1950년대]",
                "ancestor": "",
                "st": 17,
                "eIdx": 1,
                "ne_type": "",
                "en": 25,
                "e_type": "WIKILINK"
            },
            {
                "keyword": "<이후_(소설가)>",
                "ancestor": "",
                "st": 26,
                "eIdx": 2,
                "ne_type": "",
                "en": 36,
                "e_type": "ELU"
            },
            {
                "keyword": "[2000년]",
                "ancestor": "",
                "st": 39,
                "eIdx": 3,
                "ne_type": "",
                "en": 46,
                "e_type": "WIKILINK"
            },
            {
                "keyword": "[민주진보당]",
                "ancestor": "",
                "st": 47,
                "eIdx": 4,
                "ne_type": "",
                "en": 54,
                "e_type": "WIKILINK"
            },
            {
                "keyword": "[천수이볜]",
                "ancestor": "",
                "st": 56,
                "eIdx": 5,
                "ne_type": "",
                "en": 62,
                "e_type": "WIKILINK"
            },
            {
                "keyword": "[중화민국]",
                "ancestor": "",
                "st": 75,
                "eIdx": 6,
                "ne_type": "",
                "en": 81,
                "e_type": "WIKILINK"
            },
            {
                "keyword": "<역사>",
                "ancestor": "",
                "st": 82,
                "eIdx": 7,
                "ne_type": "",
                "en": 86,
                "e_type": "ELU"
            },
            {
                "keyword": "<중국_국민당>",
                "ancestor": "",
                "st": 88,
                "eIdx": 8,
                "ne_type": "",
                "en": 96,
                "e_type": "ELU"
            },
            {
                "keyword": "[중국_공산당]",
                "ancestor": "",
                "st": 162,
                "eIdx": 9,
                "ne_type": "",
                "en": 170,
                "e_type": "WIKILINK"
            },
            {
                "keyword": "[장제스]",
                "ancestor": "",
                "st": 188,
                "eIdx": 10,
                "ne_type": "",
                "en": 193,
                "e_type": "WIKILINK"
            },
            {
                "keyword": "<사회>",
                "ancestor": "",
                "st": 217,
                "eIdx": 11,
                "ne_type": "",
                "en": 221,
                "e_type": "ELU"
            }
        ],
        "text": "1950년 <이후_(소설가)> [1950년대] <이후_(소설가)>부터 [2000년] [민주진보당]의 [천수이볜]이 총통에 당선되기까지 [중화민국] <역사>는 <중국_국민당>의 장기 집권 시대였다. 물론 국민당 이외의 정당들도 있었지만 정권교체 등으로 집권하는 것이 사실상 불가능했다. 다만 [중국_공산당]에게 밀린 원인이 부정부패였다는 [장제스]의 판단으로 부정부패를 엄히 처벌하여 공직 <사회>는 깨끗한 편이었다.",
        "globalSId": [
            212053,
            212054,
            212055,
            212056
        ],
        "pIdx": 5,
        "pronouns": [],
        "wikiPageId": 14097
    },
    {
        "entities": [
            {
                "keyword": "<이전_(후한)>",
                "ancestor": "",
                "st": 7,
                "eIdx": 0,
                "ne_type": "",
                "en": 16,
                "e_type": "ELU"
            },
            {
                "keyword": "<이후_(소설가)>",
                "ancestor": "",
                "st": 51,
                "eIdx": 1,
                "ne_type": "",
                "en": 61,
                "e_type": "ELU"
            },
            {
                "keyword": "[민주진보당]",
                "ancestor": "",
                "st": 65,
                "eIdx": 2,
                "ne_type": "",
                "en": 72,
                "e_type": "WIKILINK"
            },
            {
                "keyword": "[진보주의]",
                "ancestor": "",
                "st": 84,
                "eIdx": 3,
                "ne_type": "",
                "en": 90,
                "e_type": "WIKILINK"
            },
            {
                "keyword": "<문제>",
                "ancestor": "",
                "st": 104,
                "eIdx": 4,
                "ne_type": "",
                "en": 108,
                "e_type": "ELU"
            },
            {
                "keyword": "<대두>",
                "ancestor": "",
                "st": 110,
                "eIdx": 5,
                "ne_type": "",
                "en": 114,
                "e_type": "ELU"
            },
            {
                "keyword": "[중화인민공화국]",
                "ancestor": "",
                "st": 118,
                "eIdx": 6,
                "ne_type": "",
                "en": 127,
                "e_type": "WIKILINK"
            }
        ],
        "text": "1980년대 <이전_(후한)>까지는 철저하게 반중화인민공화국, 반공주의를 외쳤으나, 민주화 <이후_(소설가)>부터는 [민주진보당]을 비롯한 타이완 내 [진보주의]자들에 의해 타이완 독립 <문제>가 <대두>되면서 [중화인민공화국]과 마찰을 빚자, 국민당은 이전과 달리 친중적인 성향으로 크게 바뀌었다.",
        "globalSId": [
            212057
        ],
        "pIdx": 6,
        "pronouns": [],
        "wikiPageId": 14097
    },
    {
        "entities": [
            {
                "keyword": "<이후_(소설가)>",
                "ancestor": "",
                "st": 4,
                "eIdx": 0,
                "ne_type": "",
                "en": 14,
                "e_type": "ELU"
            },
            {
                "keyword": "[2000년]",
                "ancestor": "",
                "st": 28,
                "eIdx": 1,
                "ne_type": "",
                "en": 35,
                "e_type": "WIKILINK"
            },
            {
                "keyword": "[민주진보당]",
                "ancestor": "",
                "st": 43,
                "eIdx": 2,
                "ne_type": "",
                "en": 50,
                "e_type": "WIKILINK"
            },
            {
                "keyword": "[천수이볜]",
                "ancestor": "",
                "st": 51,
                "eIdx": 3,
                "ne_type": "",
                "en": 57,
                "e_type": "WIKILINK"
            },
            {
                "keyword": "[2008년]",
                "ancestor": "",
                "st": 84,
                "eIdx": 4,
                "ne_type": "",
                "en": 91,
                "e_type": "WIKILINK"
            },
            {
                "keyword": "[마잉주]",
                "ancestor": "",
                "st": 92,
                "eIdx": 5,
                "ne_type": "",
                "en": 97,
                "e_type": "WIKILINK"
            }
        ],
        "text": "민주화 <이후_(소설가)>에도 줄곧 집권해왔으나, [2000년] 총통선거에서 [민주진보당] [천수이볜] 후보에게 패하여 제1야당으로 지내왔다. 그러나 [2008년] [마잉주] 주석이 총통 선거에서 당선되며",
        "globalSId": [
            212058
        ],
        "pIdx": 7,
        "pronouns": [],
        "wikiPageId": 14097
    }
]