[
    {
        "pronouns": [],
        "globalSId": [
            2303076,
            2303077
        ],
        "wikiPageId": 558383,
        "entities": [
            {
                "ancestor": "",
                "keyword": "<평양_조씨>",
                "ne_type": "",
                "e_type": "ELU",
                "en": 7,
                "eIdx": 0,
                "st": 0
            },
            {
                "ancestor": "",
                "keyword": "[평양직할시]",
                "ne_type": "",
                "e_type": "WIKILINK",
                "en": 23,
                "eIdx": 1,
                "st": 16
            },
            {
                "ancestor": "",
                "keyword": "<본관>",
                "ne_type": "",
                "e_type": "ELU",
                "en": 29,
                "eIdx": 2,
                "st": 25
            },
            {
                "ancestor": "",
                "keyword": "[한국의_성씨]",
                "ne_type": "",
                "e_type": "WIKILINK",
                "en": 43,
                "eIdx": 3,
                "st": 35
            },
            {
                "ancestor": "",
                "keyword": "<조춘>",
                "ne_type": "",
                "e_type": "ELU",
                "en": 54,
                "eIdx": 4,
                "st": 50
            },
            {
                "ancestor": "",
                "keyword": "[고려]",
                "ne_type": "",
                "e_type": "WIKILINK",
                "en": 64,
                "eIdx": 5,
                "st": 60
            }
        ],
        "text": "<평양_조씨>(平壤 趙氏)는 [평양직할시]을 <본관>으로 하는 [한국의_성씨]이다. 시조 <조춘>(趙椿)은 [고려] 금자광록대부(金紫光祿大夫) 추밀원부사(樞密院副使)이다.",
        "pIdx": 1
    },
    {
        "pronouns": [],
        "globalSId": [
            2303078,
            2303079,
            2303080,
            2303081
        ],
        "wikiPageId": 558383,
        "entities": [
            {
                "ancestor": "",
                "keyword": "<평양_조씨>",
                "ne_type": "",
                "e_type": "ELU",
                "en": 48,
                "eIdx": 0,
                "st": 41
            },
            {
                "ancestor": "",
                "keyword": "<조춘>",
                "ne_type": "",
                "e_type": "ELU",
                "en": 62,
                "eIdx": 1,
                "st": 58
            },
            {
                "ancestor": "",
                "keyword": "[고려]",
                "ne_type": "",
                "e_type": "WIKILINK",
                "en": 72,
                "eIdx": 2,
                "st": 68
            },
            {
                "ancestor": "",
                "keyword": "[남송]",
                "ne_type": "",
                "e_type": "WIKILINK",
                "en": 106,
                "eIdx": 3,
                "st": 102
            },
            {
                "ancestor": "",
                "keyword": "<상장군>",
                "ne_type": "",
                "e_type": "ELU",
                "en": 146,
                "eIdx": 4,
                "st": 141
            },
            {
                "ancestor": "",
                "keyword": "[평안도]",
                "ne_type": "",
                "e_type": "WIKILINK",
                "en": 170,
                "eIdx": 5,
                "st": 165
            },
            {
                "ancestor": "",
                "keyword": "<고려_충숙왕>",
                "ne_type": "",
                "e_type": "ELU",
                "en": 221,
                "eIdx": 6,
                "st": 213
            },
            {
                "ancestor": "",
                "keyword": "<부원군>",
                "ne_type": "",
                "e_type": "ELU",
                "en": 234,
                "eIdx": 7,
                "st": 229
            },
            {
                "ancestor": "",
                "keyword": "[충렬왕]",
                "ne_type": "",
                "e_type": "WIKILINK",
                "en": 322,
                "eIdx": 8,
                "st": 317
            },
            {
                "ancestor": "",
                "keyword": "<상원>",
                "ne_type": "",
                "e_type": "ELU",
                "en": 334,
                "eIdx": 9,
                "st": 330
            },
            {
                "ancestor": "",
                "keyword": "<평양직할시>",
                "ne_type": "",
                "e_type": "ELU",
                "en": 348,
                "eIdx": 10,
                "st": 341
            },
            {
                "ancestor": "",
                "keyword": "<본관>",
                "ne_type": "",
                "e_type": "ELU",
                "en": 359,
                "eIdx": 11,
                "st": 355
            }
        ],
        "text": "역사 『조선씨족통보(朝鮮氏族統譜)』와 『동국만성보(東國萬姓譜)』에 의하면 <평양_조씨>(平壤趙氏) 시조 <조춘>(趙椿)은 [고려] 금자광록대부(金紫光祿大夫) 추밀원부사(樞密院副使)로 [남송](南宋)에 가서 금(金)나라를 정벌하는데 큰 공을 세워 송나라 <상장군>(上將軍)이 되었다고 한다. 그는 [평안도] 상원(祥原)에 정착하여 4세손까지 내려오다가 5세손 조인규(趙仁規)의 딸이 <고려_충숙왕>의 비가 되어 <부원군>(國舅)가 되었고, 선충익재보조공신(宣忠翊戴輔祚功臣)에 책록되었고 문사시중태사(門下侍中太師)로 평양부원군(平壤府院君)에 봉해졌다. 그리하여 후손들은 [충렬왕]의 명에 따라 <상원>(祥原)에서 <평양직할시>(平壤)으로 <본관>을 바꾸고 그를 시조로 삼아 세계를 이어오고 있다.",
        "pIdx": 2
    }
]