[
    {
        "pronouns": [],
        "globalSId": [
            3846026,
            3846027,
            3846028,
            3846029,
            3846030
        ],
        "wikiPageId": 1623985,
        "entities": [
            {
                "ancestor": "",
                "keyword": "<다각형>",
                "ne_type": "",
                "e_type": "ELU",
                "en": 13,
                "eIdx": 0,
                "st": 8
            },
            {
                "ancestor": "",
                "keyword": "<이용_(가수)>",
                "ne_type": "",
                "e_type": "ELU",
                "en": 24,
                "eIdx": 1,
                "st": 15
            },
            {
                "ancestor": "",
                "keyword": "[3차원_컴퓨터_그래픽스]",
                "ne_type": "",
                "e_type": "WIKILINK",
                "en": 40,
                "eIdx": 2,
                "st": 26
            },
            {
                "ancestor": "",
                "keyword": "[스즈키_유]",
                "ne_type": "",
                "e_type": "WIKILINK",
                "en": 51,
                "eIdx": 3,
                "st": 44
            },
            {
                "ancestor": "",
                "keyword": "[비디오_레이싱]",
                "ne_type": "",
                "e_type": "WIKILINK",
                "en": 66,
                "eIdx": 4,
                "st": 57
            },
            {
                "ancestor": "",
                "keyword": "[버추어_파이터]",
                "ne_type": "",
                "e_type": "WIKILINK",
                "en": 86,
                "eIdx": 5,
                "st": 77
            },
            {
                "ancestor": "",
                "keyword": "[세가_모델_1]",
                "ne_type": "",
                "e_type": "WIKILINK",
                "en": 116,
                "eIdx": 6,
                "st": 107
            },
            {
                "ancestor": "",
                "keyword": "[아케이드_시스템_보드]",
                "ne_type": "",
                "e_type": "WIKILINK",
                "en": 131,
                "eIdx": 7,
                "st": 118
            },
            {
                "ancestor": "",
                "keyword": "<동작구>",
                "ne_type": "",
                "e_type": "ELU",
                "en": 139,
                "eIdx": 8,
                "st": 134
            },
            {
                "ancestor": "",
                "keyword": "[소니_컴퓨터_엔터테인먼트]",
                "ne_type": "",
                "e_type": "WIKILINK",
                "en": 195,
                "eIdx": 9,
                "st": 180
            },
            {
                "ancestor": "",
                "keyword": "[플레이스테이션]",
                "ne_type": "",
                "e_type": "WIKILINK",
                "en": 220,
                "eIdx": 10,
                "st": 211
            },
            {
                "ancestor": "",
                "keyword": "[비디오_게임_콘솔]",
                "ne_type": "",
                "e_type": "WIKILINK",
                "en": 232,
                "eIdx": 11,
                "st": 221
            },
            {
                "ancestor": "",
                "keyword": "<크레디트>",
                "ne_type": "",
                "e_type": "ELU",
                "en": 239,
                "eIdx": 12,
                "st": 233
            },
            {
                "ancestor": "",
                "keyword": "<버추어_파이터>",
                "ne_type": "",
                "e_type": "ELU",
                "en": 249,
                "eIdx": 13,
                "st": 240
            },
            {
                "ancestor": "",
                "keyword": "[2차원_컴퓨터_그래픽스]",
                "ne_type": "",
                "e_type": "WIKILINK",
                "en": 327,
                "eIdx": 14,
                "st": 313
            },
            {
                "ancestor": "",
                "keyword": "<버추어_파이터>",
                "ne_type": "",
                "e_type": "ELU",
                "en": 354,
                "eIdx": 15,
                "st": 345
            },
            {
                "ancestor": "",
                "keyword": "<설계>",
                "ne_type": "",
                "e_type": "ELU",
                "en": 403,
                "eIdx": 16,
                "st": 399
            },
            {
                "ancestor": "",
                "keyword": "[텍스처_매핑]",
                "ne_type": "",
                "e_type": "WIKILINK",
                "en": 425,
                "eIdx": 17,
                "st": 417
            },
            {
                "ancestor": "",
                "keyword": "[텍스처_필터링]",
                "ne_type": "",
                "e_type": "WIKILINK",
                "en": 436,
                "eIdx": 18,
                "st": 427
            },
            {
                "ancestor": "",
                "keyword": "[레이싱_비디오_게임]",
                "ne_type": "",
                "e_type": "WIKILINK",
                "en": 456,
                "eIdx": 19,
                "st": 444
            },
            {
                "ancestor": "",
                "keyword": "[대전_격투_게임]",
                "ne_type": "",
                "e_type": "WIKILINK",
                "en": 469,
                "eIdx": 20,
                "st": 459
            }
        ],
        "text": "3D로의 변화 <다각형>을 <이용_(가수)>한 [3차원_컴퓨터_그래픽스]는 곧 [스즈키_유]의 게임 《[비디오_레이싱]》(1992년), 《[버추어_파이터]》(1993년)를 통해 유명해졌으며, [세가_모델_1], [아케이드_시스템_보드]에서 <동작구>하였다. 일부분은 플레이스테이션의 3차원 그래픽스 하드웨어의 영향을 받아 [소니_컴퓨터_엔터테인먼트] (SCE) 직원이 오리지널 [플레이스테이션] [비디오_게임_콘솔] <크레디트> <버추어_파이터>를 만드는 일에 참여했다. SCE의 전 개발자 아카가와 료지와 회장 마루야마 시게오에 따르면 플레이스테이션은 원래 [2차원_컴퓨터_그래픽스] 지향 하드웨어로 간주되었으며 《<버추어_파이터>》가 아케이드에서 성공을 거두기 전까지는 플레이스테이션을 3차원 지향 하드웨어로 <설계>하려고 마음먹지 않았다. [텍스처_매핑], [텍스처_필터링]이 곧 3차원 [레이싱_비디오_게임] 및 [대전_격투_게임]을 통해 인기를 끌게 되었다.",
        "pIdx": 76
    },
    {
        "pronouns": [],
        "globalSId": [
            3846031,
            3846032,
            3846033,
            3846034
        ],
        "wikiPageId": 1623985,
        "entities": [
            {
                "ancestor": "",
                "keyword": "[세가_새턴]",
                "ne_type": "",
                "e_type": "WIKILINK",
                "en": 43,
                "eIdx": 0,
                "st": 36
            },
            {
                "ancestor": "",
                "keyword": "[플레이스테이션]",
                "ne_type": "",
                "e_type": "WIKILINK",
                "en": 54,
                "eIdx": 1,
                "st": 45
            },
            {
                "ancestor": "",
                "keyword": "[닌텐도_64]",
                "ne_type": "",
                "e_type": "WIKILINK",
                "en": 64,
                "eIdx": 2,
                "st": 56
            },
            {
                "ancestor": "",
                "keyword": "[햅틱_기술]",
                "ne_type": "",
                "e_type": "WIKILINK",
                "en": 186,
                "eIdx": 3,
                "st": 179
            },
            {
                "ancestor": "",
                "keyword": "<조이스틱>",
                "ne_type": "",
                "e_type": "ELU",
                "en": 197,
                "eIdx": 4,
                "st": 191
            },
            {
                "ancestor": "",
                "keyword": "<소프트웨어_개발_키트>",
                "ne_type": "",
                "e_type": "ELU",
                "en": 221,
                "eIdx": 5,
                "st": 208
            },
            {
                "ancestor": "",
                "keyword": "[세가]",
                "ne_type": "",
                "e_type": "WIKILINK",
                "en": 340,
                "eIdx": 6,
                "st": 336
            },
            {
                "ancestor": "",
                "keyword": "[남코]",
                "ne_type": "",
                "e_type": "WIKILINK",
                "en": 346,
                "eIdx": 7,
                "st": 342
            },
            {
                "ancestor": "",
                "keyword": "<가정>",
                "ne_type": "",
                "e_type": "ELU",
                "en": 380,
                "eIdx": 8,
                "st": 376
            }
        ],
        "text": "그러나 32비트와 64비트 콘솔이 1990년대 중순에 등장하면서 [세가_새턴], [플레이스테이션], [닌텐도_64]와 같은 가정용 비디오 게임 콘솔 또한 텍스처 매핑 3차원 그래픽스를 구현할 수 있게 되었다. 많은 수의 플레이어들은 아케이드 키오스크에 동전을 넣는 대신 유명 아케이드 게임이 콘솔에 포팅되기를 기다렸다. [햅틱_기술] 항공기 <조이스틱>, 레이싱 휠/페달 <소프트웨어_개발_키트> 등 컴퓨터와 콘솔 게임 시스템을 위한 더 실제같은 주변기기가 선보이면서 이러한 추세는 커져만 갔으며, 과거에는 가정용 시스템이 아케이드에만 국한된 사실주의와 몰입의 일부분에 접근할 수 있게 하였다. 즉, [세가]와 [남코] 등의 아케이드 제조업체들이 3차원 그래픽스의 경계를 <가정>에까지 현실화시키는 일을 계속했다.",
        "pIdx": 77
    },
    {
        "pronouns": [],
        "globalSId": [
            3846035,
            3846036,
            3846037,
            3846038
        ],
        "wikiPageId": 1623985,
        "entities": [
            {
                "ancestor": "",
                "keyword": "[세가_모델_3]",
                "ne_type": "",
                "e_type": "WIKILINK",
                "en": 14,
                "eIdx": 0,
                "st": 5
            },
            {
                "ancestor": "",
                "keyword": "[버추어_파이터_3]",
                "ne_type": "",
                "e_type": "WIKILINK",
                "en": 28,
                "eIdx": 1,
                "st": 17
            },
            {
                "ancestor": "",
                "keyword": "[컴퓨터_애니메이션]",
                "ne_type": "",
                "e_type": "WIKILINK",
                "en": 45,
                "eIdx": 2,
                "st": 34
            },
            {
                "ancestor": "",
                "keyword": "[풀_모션_비디오]",
                "ne_type": "",
                "e_type": "WIKILINK",
                "en": 56,
                "eIdx": 3,
                "st": 46
            },
            {
                "ancestor": "",
                "keyword": "<주장_(축구)>",
                "ne_type": "",
                "e_type": "ELU",
                "en": 103,
                "eIdx": 4,
                "st": 94
            },
            {
                "ancestor": "",
                "keyword": "<남코>",
                "ne_type": "",
                "e_type": "ELU",
                "en": 116,
                "eIdx": 5,
                "st": 112
            },
            {
                "ancestor": "",
                "keyword": "[남코_시스템_23]",
                "ne_type": "",
                "e_type": "WIKILINK",
                "en": 129,
                "eIdx": 6,
                "st": 118
            },
            {
                "ancestor": "",
                "keyword": "<세가>",
                "ne_type": "",
                "e_type": "ELU",
                "en": 163,
                "eIdx": 7,
                "st": 159
            },
            {
                "ancestor": "",
                "keyword": "[6세대_비디오_게임_콘솔]",
                "ne_type": "",
                "e_type": "WIKILINK",
                "en": 180,
                "eIdx": 8,
                "st": 165
            },
            {
                "ancestor": "",
                "keyword": "[드림캐스트]",
                "ne_type": "",
                "e_type": "WIKILINK",
                "en": 188,
                "eIdx": 9,
                "st": 181
            },
            {
                "ancestor": "",
                "keyword": "[세가_나오미]",
                "ne_type": "",
                "e_type": "WIKILINK",
                "en": 198,
                "eIdx": 10,
                "st": 190
            },
            {
                "ancestor": "",
                "keyword": "[세가_히카루]",
                "ne_type": "",
                "e_type": "WIKILINK",
                "en": 251,
                "eIdx": 11,
                "st": 243
            },
            {
                "ancestor": "",
                "keyword": "[세가_나오미_2]",
                "ne_type": "",
                "e_type": "WIKILINK",
                "en": 273,
                "eIdx": 12,
                "st": 263
            }
        ],
        "text": "이를테면 [세가_모델_3]용 《[버추어_파이터_3]》는 당시 [컴퓨터_애니메이션] [풀_모션_비디오](FMV)의 품질에 가까운 실시간 3차원 그래픽스를 보여주고 있음을 <주장_(축구)>하였다. 이처럼 <남코>는 [남코_시스템_23]을 출시하여 모델 3와 경쟁하였다. 그러나 1998년 <세가>의 [6세대_비디오_게임_콘솔] [드림캐스트]가 [세가_나오미] 아케이드 머신과 견줄만한 3차원 그래픽스를 구현할 수 있게 되었다. 더 강력한 [세가_히카루] 보드(1999년)와 [세가_나오미_2](2000년)를 생산한 뒤로, 세가는 마침내 콘솔이나 상용 PC 부품 기반의 차기 아케이드 보드와 더불어 커스텀 아케이드 시스템의 제조를 중단하였다.",
        "pIdx": 78
    },
    {
        "pronouns": [],
        "globalSId": [
            3846039,
            3846040,
            3846041
        ],
        "wikiPageId": 1623985,
        "entities": [
            {
                "ancestor": "",
                "keyword": "<ㅈ>",
                "ne_type": "",
                "e_type": "ELU",
                "en": 60,
                "eIdx": 0,
                "st": 57
            },
            {
                "ancestor": "",
                "keyword": "<영화관>",
                "ne_type": "",
                "e_type": "ELU",
                "en": 69,
                "eIdx": 1,
                "st": 64
            },
            {
                "ancestor": "",
                "keyword": "<앱_스토어>",
                "ne_type": "",
                "e_type": "ELU",
                "en": 113,
                "eIdx": 2,
                "st": 106
            }
        ],
        "text": "아케이드의 지원이 줄면서 다수가 강제 폐업되었다. 클래식 동전 구동 게임들은 전문 호비스트들의 분야로 <ㅈ>잡혔고 <영화관>, 배팅 케이지, 미니어처 골프 코스, 또 F.Y.E. 등의 게임 <앱_스토어>에 부착된 아케이드 등 일부 비즈니스를 위한 제3의 명소가 되었다.",
        "pIdx": 79
    },
    {
        "pronouns": [],
        "globalSId": [
            3846042,
            3846043,
            3846044,
            3846045,
            3846046
        ],
        "wikiPageId": 1623985,
        "entities": [
            {
                "ancestor": "",
                "keyword": "[댄스_댄스_레볼루션]",
                "ne_type": "",
                "e_type": "WIKILINK",
                "en": 150,
                "eIdx": 0,
                "st": 138
            },
            {
                "ancestor": "",
                "keyword": "[리듬_게임]",
                "ne_type": "",
                "e_type": "WIKILINK",
                "en": 162,
                "eIdx": 1,
                "st": 155
            },
            {
                "ancestor": "",
                "keyword": "[타임_크라이시스]",
                "ne_type": "",
                "e_type": "WIKILINK",
                "en": 175,
                "eIdx": 2,
                "st": 165
            },
            {
                "ancestor": "",
                "keyword": "[데이브_앤드_버스터스]",
                "ne_type": "",
                "e_type": "WIKILINK",
                "en": 243,
                "eIdx": 3,
                "st": 230
            },
            {
                "ancestor": "",
                "keyword": "[게임웍스]",
                "ne_type": "",
                "e_type": "WIKILINK",
                "en": 251,
                "eIdx": 4,
                "st": 245
            },
            {
                "ancestor": "",
                "keyword": "<미국>",
                "ne_type": "",
                "e_type": "ELU",
                "en": 274,
                "eIdx": 5,
                "st": 270
            },
            {
                "ancestor": "",
                "keyword": "<연쇄점>",
                "ne_type": "",
                "e_type": "ELU",
                "en": 289,
                "eIdx": 6,
                "st": 284
            },
            {
                "ancestor": "",
                "keyword": "<이>",
                "ne_type": "",
                "e_type": "ELU",
                "en": 315,
                "eIdx": 7,
                "st": 312
            },
            {
                "ancestor": "",
                "keyword": "[처키_치즈]",
                "ne_type": "",
                "e_type": "WIKILINK",
                "en": 381,
                "eIdx": 8,
                "st": 374
            }
        ],
        "text": "구형 코너 아케이드가 남긴 격차는 깨끗하고 안전한 환경에 가정용 사용자들은 이용할 수 없는 비싼 게임 컨트롤 시스템을 전문으로 갖춘 대형 오락장에 의해 부분적으로 채워졌다. 이러한 신형 아케이드 타이틀들은 드라이빙, 스키/사이클링 등의 스포츠, 《[댄스_댄스_레볼루션]》 등의 [리듬_게임], 《[타임_크라이시스]》 등의 경로 기반 슈팅 갤러리 게임 기반의 게임들을 제공하였으며, 시장의 큰 부분을 차지하였다. [데이브_앤드_버스터스]와 [게임웍스]는 이러한 종류의 오락을 제공하는 <미국>의 두 개의 대형 <연쇄점>이다. 이들은 성인과 나이가 든 아이들을 <이>으로 리커바를 갖춘 풀 서비스 식당을 제공하며 다양한 비디오 게임과 수동식 전자 게이밍 옵션을 제공한다. [처키_치즈]는 나이가 어린 아이들을 위한 비슷한 종류의 사업이다.",
        "pIdx": 80
    },
    {
        "pronouns": [],
        "globalSId": [
            3846047,
            3846048,
            3846049,
            3846050,
            3846051,
            3846052,
            3846053
        ],
        "wikiPageId": 1623985,
        "entities": [
            {
                "ancestor": "",
                "keyword": "<닌텐도>",
                "ne_type": "",
                "e_type": "ELU",
                "en": 23,
                "eIdx": 0,
                "st": 18
            },
            {
                "ancestor": "",
                "keyword": "<전의>",
                "ne_type": "",
                "e_type": "ELU",
                "en": 33,
                "eIdx": 1,
                "st": 29
            },
            {
                "ancestor": "",
                "keyword": "[마이크로비전]",
                "ne_type": "",
                "e_type": "WIKILINK",
                "en": 46,
                "eIdx": 2,
                "st": 38
            },
            {
                "ancestor": "",
                "keyword": "<이후_(소설가)>",
                "ne_type": "",
                "e_type": "ELU",
                "en": 57,
                "eIdx": 3,
                "st": 47
            },
            {
                "ancestor": "",
                "keyword": "[휴대용_게임_콘솔]",
                "ne_type": "",
                "e_type": "WIKILINK",
                "en": 74,
                "eIdx": 4,
                "st": 63
            },
            {
                "ancestor": "",
                "keyword": "[게임보이]",
                "ne_type": "",
                "e_type": "WIKILINK",
                "en": 82,
                "eIdx": 5,
                "st": 76
            },
            {
                "ancestor": "",
                "keyword": "[요코이_군페이]",
                "ne_type": "",
                "e_type": "WIKILINK",
                "en": 100,
                "eIdx": 6,
                "st": 91
            },
            {
                "ancestor": "",
                "keyword": "<주도>",
                "ne_type": "",
                "e_type": "ELU",
                "en": 105,
                "eIdx": 7,
                "st": 101
            },
            {
                "ancestor": "",
                "keyword": "[게임_앤드_워치]",
                "ne_type": "",
                "e_type": "WIKILINK",
                "en": 124,
                "eIdx": 8,
                "st": 114
            },
            {
                "ancestor": "",
                "keyword": "[테트리스]",
                "ne_type": "",
                "e_type": "WIKILINK",
                "en": 159,
                "eIdx": 9,
                "st": 153
            },
            {
                "ancestor": "",
                "keyword": "<이식_(컴퓨팅)>",
                "ne_type": "",
                "e_type": "ELU",
                "en": 212,
                "eIdx": 10,
                "st": 202
            },
            {
                "ancestor": "",
                "keyword": "[세가_게임_기어]",
                "ne_type": "",
                "e_type": "WIKILINK",
                "en": 258,
                "eIdx": 11,
                "st": 248
            },
            {
                "ancestor": "",
                "keyword": "[아타리_링크스]",
                "ne_type": "",
                "e_type": "WIKILINK",
                "en": 269,
                "eIdx": 12,
                "st": 260
            },
            {
                "ancestor": "",
                "keyword": "<진보주의>",
                "ne_type": "",
                "e_type": "ELU",
                "en": 328,
                "eIdx": 13,
                "st": 322
            },
            {
                "ancestor": "",
                "keyword": "[게임보이]",
                "ne_type": "",
                "e_type": "WIKILINK",
                "en": 421,
                "eIdx": 14,
                "st": 415
            },
            {
                "ancestor": "",
                "keyword": "[게임보이_포켓]",
                "ne_type": "",
                "e_type": "WIKILINK",
                "en": 445,
                "eIdx": 15,
                "st": 436
            },
            {
                "ancestor": "",
                "keyword": "[게임보이_컬러]",
                "ne_type": "",
                "e_type": "WIKILINK",
                "en": 456,
                "eIdx": 16,
                "st": 447
            },
            {
                "ancestor": "",
                "keyword": "[게임보이_어드밴스]",
                "ne_type": "",
                "e_type": "WIKILINK",
                "en": 469,
                "eIdx": 17,
                "st": 458
            },
            {
                "ancestor": "",
                "keyword": "[플레이스테이션_포터블]",
                "ne_type": "",
                "e_type": "WIKILINK",
                "en": 518,
                "eIdx": 18,
                "st": 505
            },
            {
                "ancestor": "",
                "keyword": "<닌텐도>",
                "ne_type": "",
                "e_type": "ELU",
                "en": 531,
                "eIdx": 19,
                "st": 526
            },
            {
                "ancestor": "",
                "keyword": "<계승>",
                "ne_type": "",
                "e_type": "ELU",
                "en": 547,
                "eIdx": 20,
                "st": 543
            },
            {
                "ancestor": "",
                "keyword": "[닌텐도_DS]",
                "ne_type": "",
                "e_type": "WIKILINK",
                "en": 558,
                "eIdx": 21,
                "st": 550
            }
        ],
        "text": "휴대용 게임의 도래 1989년, <닌텐도>는 10년 <전의> 불운의 [마이크로비전] <이후_(소설가)>로 최초의 [휴대용_게임_콘솔]인 [게임보이]를 출시하였다. [요코이_군페이] <주도>의 디자인 팀은 [게임_앤드_워치] 시스템의 작업도 맡고 있었다. 이 시스템에 포함된 [테트리스]는 사상 가장 많이 판매된 비디오 게임들 가운데 하나가 되어 다양한 시스템에 <이식_(컴퓨팅)>되었다. 일부 경쟁작들은 1990년대 초에 데뷔하였는데 여기에는 [세가_게임_기어]와 [아타리_링크스](컬러 LCD 디스플레이를 갖춘 최초의 핸드헬드)가 포함된다. 이러한 시스템들은 더 기술적으로 <진보주의>되었음에도 불구하고 배터리 소모량이 많고 타사 개발사의 지원이 부족하여 제한을 받았다. 다른 시스템들 중 일부는 1990년대 중순까지 개발이 지속되었지만, [게임보이]와 성공적인 파생작들, 즉 [게임보이_포켓], [게임보이_컬러], [게임보이_어드밴스]가 실질적으로 핸드헬드 시장에서 우세를 점하게 되었고 2004년 [플레이스테이션_포터블]이 출시되면서 <닌텐도>의 게임 보이 계열을 <계승>하는 [닌텐도_DS]와 경쟁하기에 이른다.",
        "pIdx": 81
    },
    {
        "pronouns": [],
        "globalSId": [
            3846054,
            3846055,
            3846056,
            3846057
        ],
        "wikiPageId": 1623985,
        "entities": [
            {
                "ancestor": "",
                "keyword": "[인텔_80386]",
                "ne_type": "",
                "e_type": "WIKILINK",
                "en": 17,
                "eIdx": 0,
                "st": 7
            },
            {
                "ancestor": "",
                "keyword": "[인텔_80486]",
                "ne_type": "",
                "e_type": "WIKILINK",
                "en": 29,
                "eIdx": 1,
                "st": 19
            },
            {
                "ancestor": "",
                "keyword": "[모토로라_78030]",
                "ne_type": "",
                "e_type": "WIKILINK",
                "en": 43,
                "eIdx": 2,
                "st": 31
            },
            {
                "ancestor": "",
                "keyword": "<비용>",
                "ne_type": "",
                "e_type": "ELU",
                "en": 66,
                "eIdx": 3,
                "st": 62
            },
            {
                "ancestor": "",
                "keyword": "[3차원_컴퓨터_그래픽스]",
                "ne_type": "",
                "e_type": "WIKILINK",
                "en": 86,
                "eIdx": 4,
                "st": 72
            },
            {
                "ancestor": "",
                "keyword": "[사운드_카드]",
                "ne_type": "",
                "e_type": "WIKILINK",
                "en": 100,
                "eIdx": 5,
                "st": 92
            },
            {
                "ancestor": "",
                "keyword": "[CD-ROM]",
                "ne_type": "",
                "e_type": "WIKILINK",
                "en": 110,
                "eIdx": 6,
                "st": 102
            },
            {
                "ancestor": "",
                "keyword": "[멀티미디어]",
                "ne_type": "",
                "e_type": "WIKILINK",
                "en": 122,
                "eIdx": 7,
                "st": 115
            },
            {
                "ancestor": "",
                "keyword": "[플랫_셰이딩]",
                "ne_type": "",
                "e_type": "WIKILINK",
                "en": 157,
                "eIdx": 8,
                "st": 149
            },
            {
                "ancestor": "",
                "keyword": "[엘리트]",
                "ne_type": "",
                "e_type": "WIKILINK",
                "en": 180,
                "eIdx": 9,
                "st": 175
            },
            {
                "ancestor": "",
                "keyword": "[스타글라이더_2]",
                "ne_type": "",
                "e_type": "WIKILINK",
                "en": 194,
                "eIdx": 10,
                "st": 184
            },
            {
                "ancestor": "",
                "keyword": "[알파_웨이브]",
                "ne_type": "",
                "e_type": "WIKILINK",
                "en": 206,
                "eIdx": 11,
                "st": 198
            },
            {
                "ancestor": "",
                "keyword": "<텍스처_매핑>",
                "ne_type": "",
                "e_type": "ELU",
                "en": 229,
                "eIdx": 12,
                "st": 221
            },
            {
                "ancestor": "",
                "keyword": "[울펜슈타인_3D]",
                "ne_type": "",
                "e_type": "WIKILINK",
                "en": 250,
                "eIdx": 13,
                "st": 240
            }
        ],
        "text": "PC 게이밍 [인텔_80386], [인텔_80486], [모토로라_78030] 등 연산 능력의 향상과 프로세서 <비용>의 감소는 [3차원_컴퓨터_그래픽스]의 향상과 [사운드_카드]와 [CD-ROM]을 통한 [멀티미디어] 기능의 향상을 이루었다. 초기 3차원 게임들은 [플랫_셰이딩] 그래픽스와 함께 시작하였으며(《[엘리트]》, 《[스타글라이더_2]》, 《[알파_웨이브]》), 그 뒤 단순 형태의 <텍스처_매핑>으로 이어졌다. (《[울펜슈타인_3D]》 등).",
        "pIdx": 82
    },
    {
        "pronouns": [],
        "globalSId": [
            3846058,
            3846059
        ],
        "wikiPageId": 1623985,
        "entities": [
            {
                "ancestor": "",
                "keyword": "<던전_(게임_용어)>",
                "ne_type": "",
                "e_type": "ELU",
                "en": 35,
                "eIdx": 0,
                "st": 23
            },
            {
                "ancestor": "",
                "keyword": "[MUD]",
                "ne_type": "",
                "e_type": "WIKILINK",
                "en": 41,
                "eIdx": 1,
                "st": 36
            },
            {
                "ancestor": "",
                "keyword": "[DikuMUD]",
                "ne_type": "",
                "e_type": "WIKILINK",
                "en": 58,
                "eIdx": 2,
                "st": 49
            },
            {
                "ancestor": "",
                "keyword": "[LPMud]",
                "ne_type": "",
                "e_type": "WIKILINK",
                "en": 67,
                "eIdx": 3,
                "st": 60
            },
            {
                "ancestor": "",
                "keyword": "[그래픽_MUD]",
                "ne_type": "",
                "e_type": "WIKILINK",
                "en": 127,
                "eIdx": 4,
                "st": 118
            },
            {
                "ancestor": "",
                "keyword": "[대규모_다중_사용자_온라인_롤플레잉_게임]",
                "ne_type": "",
                "e_type": "WIKILINK",
                "en": 160,
                "eIdx": 5,
                "st": 136
            },
            {
                "ancestor": "",
                "keyword": "<미디어_플레이어>",
                "ne_type": "",
                "e_type": "ELU",
                "en": 213,
                "eIdx": 6,
                "st": 203
            },
            {
                "ancestor": "",
                "keyword": "[퍼시스턴트_월드]",
                "ne_type": "",
                "e_type": "WIKILINK",
                "en": 248,
                "eIdx": 7,
                "st": 238
            }
        ],
        "text": "1989년, 1990년대 초에 멀티 유저 <던전_(게임_용어)>([MUD]) 코드 기반 [DikuMUD]와 [LPMud]이 출시, 확산되면서 MUD의 확산과 대중화의 증가로 이어졌다. 1989년이 끝나기 전까지 [그래픽_MUD]를 통해 최초의 [대규모_다중_사용자_온라인_롤플레잉_게임](MMORPG)로의 장르의 진화가 계속되었으며 다른 게임의 제한된 수의 동시 <미디어_플레이어>로부터 사용자들을 해방시켜주었고 대중 시장에 [퍼시스턴트_월드]를 가져왔다.",
        "pIdx": 83
    },
    {
        "pronouns": [],
        "globalSId": [
            3846060,
            3846061,
            3846062,
            3846063,
            3846064
        ],
        "wikiPageId": 1623985,
        "entities": [
            {
                "ancestor": "",
                "keyword": "[셰어웨어]",
                "ne_type": "",
                "e_type": "WIKILINK",
                "en": 17,
                "eIdx": 0,
                "st": 11
            },
            {
                "ancestor": "",
                "keyword": "[3d_Realms]",
                "ne_type": "",
                "e_type": "WIKILINK",
                "en": 84,
                "eIdx": 1,
                "st": 73
            },
            {
                "ancestor": "",
                "keyword": "<에픽_게임스>",
                "ne_type": "",
                "e_type": "ELU",
                "en": 95,
                "eIdx": 2,
                "st": 87
            },
            {
                "ancestor": "",
                "keyword": "[에픽_게임스]",
                "ne_type": "",
                "e_type": "WIKILINK",
                "en": 108,
                "eIdx": 3,
                "st": 100
            },
            {
                "ancestor": "",
                "keyword": "[이드_소프트웨어]",
                "ne_type": "",
                "e_type": "WIKILINK",
                "en": 121,
                "eIdx": 4,
                "st": 111
            },
            {
                "ancestor": "",
                "keyword": "[플로피_디스크]",
                "ne_type": "",
                "e_type": "WIKILINK",
                "en": 242,
                "eIdx": 5,
                "st": 233
            },
            {
                "ancestor": "",
                "keyword": "<정탁_(후한)>",
                "ne_type": "",
                "e_type": "ELU",
                "en": 284,
                "eIdx": 6,
                "st": 275
            },
            {
                "ancestor": "",
                "keyword": "<모방>",
                "ne_type": "",
                "e_type": "ELU",
                "en": 417,
                "eIdx": 7,
                "st": 413
            },
            {
                "ancestor": "",
                "keyword": "[게임_데모]",
                "ne_type": "",
                "e_type": "WIKILINK",
                "en": 448,
                "eIdx": 8,
                "st": 441
            }
        ],
        "text": "1990년대 초에, [셰어웨어] 배급은 규모가 작은 개발사들이 게임을 출시하는 대중적인 방식이었으며, 여기에는 Apogee(현재의 [3d_Realms]), <에픽_게임스>(현재의 [에픽_게임스]), [이드_소프트웨어]와 같은 당시 신생 회사들을 포함한다. 소비자들에게 게임의 일부를 체험할 기회를 주었는데, 일반적으로 게임의 최초 부분(에피소드)로 제한되었으며 나중에 완전체를 구매하면 되었다. 싱글 5\", 3.5\" [플로피_디스크] 게임 랙들이 컴퓨터 상점에서 일반화되었으며 각각 수 달러 <정탁_(후한)>의 가격이었다. 셰어웨어 버전이 필연적으로 무료였기 때문에 디스크 커버 및 최소한의 포장에만 비용이 필요했다. 1990년대 중반에 게임의 크기가 커지면서 플로피에 맞추는 것이 불가능해지자 소매 배급사들과 개발사들은 진지하게 관습을 <모방>하기 시작했는데 셰어웨어 게임들은 더 짧은 [게임_데모](단지 1~2개의 레벨만 있음)로 대체되었고 게임 잡지의 CD에 무료 배포하거나 인터넷을 통해 배포되었다.",
        "pIdx": 84
    },
    {
        "pronouns": [],
        "globalSId": [
            3846065,
            3846066,
            3846067
        ],
        "wikiPageId": 1623985,
        "entities": [
            {
                "ancestor": "",
                "keyword": "[실시간_전략_게임]",
                "ne_type": "",
                "e_type": "WIKILINK",
                "en": 11,
                "eIdx": 0,
                "st": 0
            },
            {
                "ancestor": "",
                "keyword": "[듄_II]",
                "ne_type": "",
                "e_type": "WIKILINK",
                "en": 83,
                "eIdx": 1,
                "st": 77
            },
            {
                "ancestor": "",
                "keyword": "[어둠_속에_나홀로]",
                "ne_type": "",
                "e_type": "WIKILINK",
                "en": 108,
                "eIdx": 2,
                "st": 97
            },
            {
                "ancestor": "",
                "keyword": "[액션_어드벤처_게임]",
                "ne_type": "",
                "e_type": "WIKILINK",
                "en": 123,
                "eIdx": 3,
                "st": 111
            },
            {
                "ancestor": "",
                "keyword": "[서바이벌_호러]",
                "ne_type": "",
                "e_type": "WIKILINK",
                "en": 141,
                "eIdx": 4,
                "st": 132
            },
            {
                "ancestor": "",
                "keyword": "<인기>",
                "ne_type": "",
                "e_type": "ELU",
                "en": 185,
                "eIdx": 5,
                "st": 181
            },
            {
                "ancestor": "",
                "keyword": "[레지던트_이블]",
                "ne_type": "",
                "e_type": "WIKILINK",
                "en": 198,
                "eIdx": 6,
                "st": 189
            },
            {
                "ancestor": "",
                "keyword": "[사일런트_힐]",
                "ne_type": "",
                "e_type": "WIKILINK",
                "en": 214,
                "eIdx": 7,
                "st": 206
            }
        ],
        "text": "[실시간_전략_게임]이 1990년대 초에 인기있는 컴퓨터 게임 장르로 되었으며, 이후로 수많은 게임들의 표준 게임 메커닉의 기초를 세운 《[듄_II]》와 함께한다. 한편, 《[어둠_속에_나홀로]》는 [액션_어드벤처_게임] 요소들과 함께 [서바이벌_호러] 장르에 영향을 주었다. \"서바이벌 호러\"라는 이름을 만들어 이 장르를 <인기>시킨 《[레지던트_이블]》, 그리고 《[사일런트_힐]》과 같은 게임과 함께 나중에 CD-ROM 기반 콘솔을 번창하게 만든 공식을 세웠다.",
        "pIdx": 85
    }
]