[
    {
        "pronouns": [],
        "globalSId": [
            2651646
        ],
        "wikiPageId": 721056,
        "entities": [
            {
                "ancestor": "",
                "keyword": "<박종우_(1989년)>",
                "ne_type": "",
                "e_type": "ELU",
                "en": 13,
                "eIdx": 0,
                "st": 0
            },
            {
                "ancestor": "",
                "keyword": "[1989년]",
                "ne_type": "",
                "e_type": "WIKILINK",
                "en": 27,
                "eIdx": 1,
                "st": 20
            },
            {
                "ancestor": "",
                "keyword": "[3월_10일]",
                "ne_type": "",
                "e_type": "WIKILINK",
                "en": 36,
                "eIdx": 2,
                "st": 28
            },
            {
                "ancestor": "",
                "keyword": "[대한민국]",
                "ne_type": "",
                "e_type": "WIKILINK",
                "en": 48,
                "eIdx": 3,
                "st": 42
            },
            {
                "ancestor": "",
                "keyword": "[축구_선수]",
                "ne_type": "",
                "e_type": "WIKILINK",
                "en": 57,
                "eIdx": 4,
                "st": 50
            },
            {
                "ancestor": "",
                "keyword": "[미드필더#중앙_미드필더]",
                "ne_type": "",
                "e_type": "WIKILINK",
                "en": 78,
                "eIdx": 5,
                "st": 64
            },
            {
                "ancestor": "",
                "keyword": "[알자지라_클럽]",
                "ne_type": "",
                "e_type": "WIKILINK",
                "en": 93,
                "eIdx": 6,
                "st": 84
            }
        ],
        "text": "<박종우_(1989년)> (朴鍾佑, [1989년] [3월_10일] ~ )는 [대한민국]의 [축구_선수]로 포지션은 [미드필더#중앙_미드필더]로, 현재 [알자지라_클럽] 소속이다.",
        "pIdx": 1
    },
    {
        "pronouns": [],
        "globalSId": [
            2651647
        ],
        "wikiPageId": 721056,
        "entities": [],
        "text": "축구인 경력",
        "pIdx": 2
    },
    {
        "pronouns": [],
        "globalSId": [
            2651648,
            2651649,
            2651650,
            2651651,
            2651652,
            2651653
        ],
        "wikiPageId": 721056,
        "entities": [
            {
                "ancestor": "",
                "keyword": "[2010년]",
                "ne_type": "",
                "e_type": "WIKILINK",
                "en": 13,
                "eIdx": 0,
                "st": 6
            },
            {
                "ancestor": "",
                "keyword": "[부산_아이파크]",
                "ne_type": "",
                "e_type": "WIKILINK",
                "en": 23,
                "eIdx": 1,
                "st": 14
            },
            {
                "ancestor": "",
                "keyword": "[2009년_12월]",
                "ne_type": "",
                "e_type": "WIKILINK",
                "en": 52,
                "eIdx": 2,
                "st": 41
            },
            {
                "ancestor": "",
                "keyword": "[고려대학교_축구부]",
                "ne_type": "",
                "e_type": "WIKILINK",
                "en": 64,
                "eIdx": 3,
                "st": 53
            },
            {
                "ancestor": "",
                "keyword": "<대전_코레일_축구단>",
                "ne_type": "",
                "e_type": "ELU",
                "en": 115,
                "eIdx": 4,
                "st": 103
            },
            {
                "ancestor": "",
                "keyword": "[대한민국_FA컵_2010]",
                "ne_type": "",
                "e_type": "WIKILINK",
                "en": 133,
                "eIdx": 5,
                "st": 118
            },
            {
                "ancestor": "",
                "keyword": "[K리그_2011]",
                "ne_type": "",
                "e_type": "WIKILINK",
                "en": 199,
                "eIdx": 6,
                "st": 189
            },
            {
                "ancestor": "",
                "keyword": "[수비수#풀백]",
                "ne_type": "",
                "e_type": "WIKILINK",
                "en": 226,
                "eIdx": 7,
                "st": 218
            },
            {
                "ancestor": "",
                "keyword": "[미드필더#중앙_미드필더]",
                "ne_type": "",
                "e_type": "WIKILINK",
                "en": 258,
                "eIdx": 8,
                "st": 244
            },
            {
                "ancestor": "",
                "keyword": "<카이펑_시>",
                "ne_type": "",
                "e_type": "ELU",
                "en": 271,
                "eIdx": 9,
                "st": 264
            },
            {
                "ancestor": "",
                "keyword": "[김한윤]",
                "ne_type": "",
                "e_type": "WIKILINK",
                "en": 281,
                "eIdx": 10,
                "st": 276
            },
            {
                "ancestor": "",
                "keyword": "[중앙_미드필더]",
                "ne_type": "",
                "e_type": "WIKILINK",
                "en": 303,
                "eIdx": 11,
                "st": 294
            },
            {
                "ancestor": "",
                "keyword": "<ㅈ>",
                "ne_type": "",
                "e_type": "ELU",
                "en": 307,
                "eIdx": 12,
                "st": 304
            },
            {
                "ancestor": "",
                "keyword": "[홍명보]",
                "ne_type": "",
                "e_type": "WIKILINK",
                "en": 329,
                "eIdx": 13,
                "st": 324
            },
            {
                "ancestor": "",
                "keyword": "[대한민국_U-23_축구_국가대표팀]",
                "ne_type": "",
                "e_type": "WIKILINK",
                "en": 358,
                "eIdx": 14,
                "st": 338
            }
        ],
        "text": "선수 경력 [2010년] [부산_아이파크]에 입단하였다. 드래프트를 앞둔 [2009년_12월] [고려대학교_축구부]와의 경기에 출전하였다가 입은 부상으로 데뷔전이 미뤄졌고 4월 21일 <대전_코레일_축구단>과의 [대한민국_FA컵_2010] 32강 홈경기(3:0)에서 데뷔전을 치렀다. 그 해 리그 12경기에 출전하여 1도움을 기록하였다. [K리그_2011] 개막을 앞둔 동계 전지훈련에서는 [수비수#풀백]으로 활약하였으나 시즌 개막 후 [미드필더#중앙_미드필더]로 보직을 <카이펑_시>하였다. [김한윤]과 호흡을 맞추며 주전 [중앙_미드필더] <ㅈ>를 굳혔고 이 활약을 바탕으로 [홍명보] 감독이 이끄는 [대한민국_U-23_축구_국가대표팀]에 발탁되기도 하였다.",
        "pIdx": 3
    }
]