[
    {
        "pronouns": [],
        "globalSId": [
            355555,
            355556
        ],
        "wikiPageId": 36012,
        "entities": [
            {
                "ancestor": "",
                "keyword": "<루손_섬>",
                "ne_type": "",
                "e_type": "ELU",
                "en": 6,
                "eIdx": 0,
                "st": 0
            },
            {
                "ancestor": "",
                "keyword": "[필리핀]",
                "ne_type": "",
                "e_type": "WIKILINK",
                "en": 15,
                "eIdx": 1,
                "st": 10
            },
            {
                "ancestor": "",
                "keyword": "<타이_북부>",
                "ne_type": "",
                "e_type": "ELU",
                "en": 23,
                "eIdx": 2,
                "st": 16
            },
            {
                "ancestor": "",
                "keyword": "<필리핀>",
                "ne_type": "",
                "e_type": "ELU",
                "en": 33,
                "eIdx": 3,
                "st": 28
            },
            {
                "ancestor": "",
                "keyword": "[섬]",
                "ne_type": "",
                "e_type": "WIKILINK",
                "en": 44,
                "eIdx": 4,
                "st": 41
            },
            {
                "ancestor": "",
                "keyword": "[섬_목록_(넓이_순)]",
                "ne_type": "",
                "e_type": "WIKILINK",
                "en": 78,
                "eIdx": 5,
                "st": 65
            }
        ],
        "text": "<루손_섬>()은 [필리핀] <타이_북부>에 있는 <필리핀>에서 가장 큰 [섬]이다. 면적은 104,688 km²로 [섬_목록_(넓이_순)]이다.",
        "pIdx": 1
    },
    {
        "pronouns": [],
        "globalSId": [
            355557,
            355558,
            355559,
            355560
        ],
        "wikiPageId": 36012,
        "entities": [
            {
                "ancestor": "",
                "keyword": "[마닐라]",
                "ne_type": "",
                "e_type": "WIKILINK",
                "en": 12,
                "eIdx": 0,
                "st": 7
            },
            {
                "ancestor": "",
                "keyword": "<필리핀>",
                "ne_type": "",
                "e_type": "ELU",
                "en": 19,
                "eIdx": 1,
                "st": 14
            },
            {
                "ancestor": "",
                "keyword": "[케손시티]",
                "ne_type": "",
                "e_type": "WIKILINK",
                "en": 37,
                "eIdx": 2,
                "st": 31
            },
            {
                "ancestor": "",
                "keyword": "<인구>",
                "ne_type": "",
                "e_type": "ELU",
                "en": 80,
                "eIdx": 3,
                "st": 76
            },
            {
                "ancestor": "",
                "keyword": "<경제>",
                "ne_type": "",
                "e_type": "ELU",
                "en": 105,
                "eIdx": 4,
                "st": 101
            }
        ],
        "text": "개요 수도인 [마닐라]와 <필리핀>에서 가장 큰 도시인 [케손시티]가 이 섬에 있다. 세계에서 17번째로 큰 섬이자, 세계에서 4번째로 <인구>가 많은 섬이기도하다. 필리핀의 정치 <경제>에서 특히 중요한 위치를 차지하고 있다.",
        "pIdx": 2
    },
    {
        "pronouns": [],
        "globalSId": [
            355561,
            355562,
            355563
        ],
        "wikiPageId": 36012,
        "entities": [
            {
                "ancestor": "",
                "keyword": "<직사각형>",
                "ne_type": "",
                "e_type": "ELU",
                "en": 19,
                "eIdx": 0,
                "st": 13
            },
            {
                "ancestor": "",
                "keyword": "<반도>",
                "ne_type": "",
                "e_type": "ELU",
                "en": 39,
                "eIdx": 1,
                "st": 35
            },
            {
                "ancestor": "",
                "keyword": "<길이>",
                "ne_type": "",
                "e_type": "ELU",
                "en": 61,
                "eIdx": 2,
                "st": 57
            },
            {
                "ancestor": "",
                "keyword": "<길이>",
                "ne_type": "",
                "e_type": "ELU",
                "en": 80,
                "eIdx": 3,
                "st": 76
            },
            {
                "ancestor": "",
                "keyword": "[마닐라_만]",
                "ne_type": "",
                "e_type": "WIKILINK",
                "en": 100,
                "eIdx": 4,
                "st": 93
            },
            {
                "ancestor": "",
                "keyword": "[링가옌_만]",
                "ne_type": "",
                "e_type": "WIKILINK",
                "en": 109,
                "eIdx": 5,
                "st": 102
            }
        ],
        "text": "섬의 주요 부분은 대개 <직사각형>이고, 그 남쪽에는 긴 비콜 <반도>가 뻗어 있다. 섬은 최대 남북 <길이>가 약 740 km, 동서 <길이>가 약 225km이다. [마닐라_만]과 [링가옌_만]을 대표로 하는 많은 만이 있다.",
        "pIdx": 3
    },
    {
        "globalSId": [
            355564,
            355565
        ],
        "pronouns": [
            {
                "proIdx": 0,
                "ancestor": "",
                "en": 13,
                "st": 8,
                "keyword": "그 주변의"
            },
            {
                "proIdx": 1,
                "ancestor": "",
                "en": 17,
                "st": 8,
                "keyword": "그 주변의 섬들로"
            }
        ],
        "wikiPageId": 36012,
        "entities": [
            {
                "ne_type": "",
                "keyword": "<루손_섬>",
                "ancestor": "",
                "e_type": "ELU",
                "en": 6,
                "eIdx": 0,
                "st": 0
            },
            {
                "ne_type": "LOCATION",
                "keyword": "[루손_군도]",
                "ancestor": "",
                "e_type": "NEW",
                "en": 34,
                "eIdx": 1,
                "st": 27
            },
            {
                "ne_type": "",
                "keyword": "[민다나오_섬]",
                "ancestor": "",
                "e_type": "WIKILINK",
                "en": 44,
                "eIdx": 2,
                "st": 36
            },
            {
                "ne_type": "",
                "keyword": "[비사야_제도]",
                "ancestor": "",
                "e_type": "WIKILINK",
                "en": 54,
                "eIdx": 3,
                "st": 46
            },
            {
                "ne_type": "",
                "keyword": "[필리핀_제도]",
                "ancestor": "",
                "e_type": "WIKILINK",
                "en": 67,
                "eIdx": 4,
                "st": 59
            }
        ],
        "text": "<루손_섬>과 그 주변의 섬들로 이루어져 있다. [루손_군도]는 [민다나오_섬], [비사야_제도]와 함께 [필리핀_제도]를 구성하는 세 개의 군도로 꼽히고 있다.",
        "pIdx": 4
    },
    {
        "pronouns": [],
        "globalSId": [
            355566
        ],
        "wikiPageId": 36012,
        "entities": [
            {
                "ancestor": "",
                "keyword": "<루손_섬>",
                "ne_type": "",
                "e_type": "ELU",
                "en": 6,
                "eIdx": 0,
                "st": 0
            },
            {
                "ancestor": "",
                "keyword": "<루손_섬>",
                "ne_type": "",
                "e_type": "ELU",
                "en": 14,
                "eIdx": 1,
                "st": 8
            },
            {
                "ancestor": "",
                "keyword": "[바시_해협]",
                "ne_type": "",
                "e_type": "WIKILINK",
                "en": 25,
                "eIdx": 2,
                "st": 18
            },
            {
                "ancestor": "",
                "keyword": "<사이>",
                "ne_type": "",
                "e_type": "ELU",
                "en": 31,
                "eIdx": 3,
                "st": 27
            },
            {
                "ancestor": "",
                "keyword": "<타이완>",
                "ne_type": "",
                "e_type": "ELU",
                "en": 41,
                "eIdx": 4,
                "st": 36
            },
            {
                "ancestor": "",
                "keyword": "<바탄_주>",
                "ne_type": "",
                "e_type": "ELU",
                "en": 54,
                "eIdx": 5,
                "st": 48
            },
            {
                "ancestor": "",
                "keyword": "<마스바테_섬>",
                "ne_type": "",
                "e_type": "ELU",
                "en": 119,
                "eIdx": 6,
                "st": 111
            },
            {
                "ancestor": "",
                "keyword": "<민도로_섬>",
                "ne_type": "",
                "e_type": "ELU",
                "en": 135,
                "eIdx": 7,
                "st": 128
            },
            {
                "ancestor": "",
                "keyword": "<구성>",
                "ne_type": "",
                "e_type": "ELU",
                "en": 144,
                "eIdx": 8,
                "st": 140
            }
        ],
        "text": "<루손_섬>은 <루손_섬> 외에 [바시_해협]을 <사이>에 두고 <타이완>과 마주하며 <바탄_주>(바타네스 주), 그 남쪽의 바부얀 제도, 루손 섬 남부 카탄두아네스 섬, 보아쿠 섬(마린두쿠 주), <마스바테_섬>, 론부론 섬, <민도로_섬> 등으로 <구성>되어 있다.",
        "pIdx": 5
    },
    {
        "pronouns": [],
        "globalSId": [
            355567,
            355568,
            355569,
            355570,
            355571
        ],
        "wikiPageId": 36012,
        "entities": [
            {
                "ancestor": "",
                "keyword": "<필리핀>",
                "ne_type": "",
                "e_type": "ELU",
                "en": 8,
                "eIdx": 0,
                "st": 3
            },
            {
                "ancestor": "",
                "keyword": "[네그리토]",
                "ne_type": "",
                "e_type": "WIKILINK",
                "en": 88,
                "eIdx": 1,
                "st": 82
            },
            {
                "ancestor": "",
                "keyword": "[아에타_족]",
                "ne_type": "",
                "e_type": "WIKILINK",
                "en": 97,
                "eIdx": 2,
                "st": 90
            },
            {
                "ancestor": "",
                "keyword": "<원주민>",
                "ne_type": "",
                "e_type": "ELU",
                "en": 106,
                "eIdx": 3,
                "st": 101
            },
            {
                "ancestor": "",
                "keyword": "<타이완>",
                "ne_type": "",
                "e_type": "ELU",
                "en": 148,
                "eIdx": 4,
                "st": 143
            },
            {
                "ancestor": "",
                "keyword": "<사람>",
                "ne_type": "",
                "e_type": "ELU",
                "en": 158,
                "eIdx": 5,
                "st": 154
            },
            {
                "ancestor": "",
                "keyword": "[카누]",
                "ne_type": "",
                "e_type": "WIKILINK",
                "en": 164,
                "eIdx": 6,
                "st": 160
            },
            {
                "ancestor": "",
                "keyword": "<바다>",
                "ne_type": "",
                "e_type": "ELU",
                "en": 170,
                "eIdx": 7,
                "st": 166
            },
            {
                "ancestor": "",
                "keyword": "[오스트로네시아어족]",
                "ne_type": "",
                "e_type": "WIKILINK",
                "en": 232,
                "eIdx": 8,
                "st": 221
            },
            {
                "ancestor": "",
                "keyword": "[말레이폴리네시아어군]",
                "ne_type": "",
                "e_type": "WIKILINK",
                "en": 250,
                "eIdx": 9,
                "st": 238
            }
        ],
        "text": "역사 <필리핀>에서 가장 오래된 인류는 22,000년 전에 당시 육지였던 아시아 대륙에서 횡단해 온 후기 구석기 시대의 사람이었다고 볼 수 있다. [네그리토]와 [아에타_족] 등의 <원주민>은 이 시대 사람들의 후예로 여겨진다. 기원전 2500년 무렵부터 <타이완>에서오스트 <사람>이 [카누]로 <바다>를 건너, 말레이 군도 등 태평양 전역에 확산되기 시작했다. 현재 필리핀 사람들의 대부분은 [오스트로네시아어족]에 속하는 [말레이폴리네시아어군]의 갈래를 말한다.",
        "pIdx": 6
    },
    {
        "pronouns": [],
        "globalSId": [
            355572,
            355573,
            355574,
            355575,
            355576
        ],
        "wikiPageId": 36012,
        "entities": [
            {
                "ancestor": "",
                "keyword": "<루손_섬>",
                "ne_type": "",
                "e_type": "ELU",
                "en": 6,
                "eIdx": 0,
                "st": 0
            },
            {
                "ancestor": "",
                "keyword": "[중국]",
                "ne_type": "",
                "e_type": "WIKILINK",
                "en": 12,
                "eIdx": 1,
                "st": 8
            },
            {
                "ancestor": "",
                "keyword": "[동남아]",
                "ne_type": "",
                "e_type": "WIKILINK",
                "en": 19,
                "eIdx": 2,
                "st": 14
            },
            {
                "ancestor": "",
                "keyword": "[인도]",
                "ne_type": "",
                "e_type": "WIKILINK",
                "en": 25,
                "eIdx": 3,
                "st": 21
            },
            {
                "ancestor": "",
                "keyword": "[아랍]",
                "ne_type": "",
                "e_type": "WIKILINK",
                "en": 31,
                "eIdx": 4,
                "st": 27
            },
            {
                "ancestor": "",
                "keyword": "<교역>",
                "ne_type": "",
                "e_type": "ELU",
                "en": 40,
                "eIdx": 5,
                "st": 36
            },
            {
                "ancestor": "",
                "keyword": "<이슬람교>",
                "ne_type": "",
                "e_type": "ELU",
                "en": 84,
                "eIdx": 6,
                "st": 78
            },
            {
                "ancestor": "",
                "keyword": "<중국>",
                "ne_type": "",
                "e_type": "ELU",
                "en": 97,
                "eIdx": 7,
                "st": 93
            },
            {
                "ancestor": "",
                "keyword": "<마닐라>",
                "ne_type": "",
                "e_type": "ELU",
                "en": 115,
                "eIdx": 8,
                "st": 110
            },
            {
                "ancestor": "",
                "keyword": "<수도>",
                "ne_type": "",
                "e_type": "ELU",
                "en": 133,
                "eIdx": 9,
                "st": 129
            },
            {
                "ancestor": "",
                "keyword": "<루손_섬>",
                "ne_type": "",
                "e_type": "ELU",
                "en": 144,
                "eIdx": 10,
                "st": 138
            },
            {
                "ancestor": "",
                "keyword": "<몽골_제국>",
                "ne_type": "",
                "e_type": "ELU",
                "en": 175,
                "eIdx": 11,
                "st": 168
            },
            {
                "ancestor": "",
                "keyword": "<일본>",
                "ne_type": "",
                "e_type": "ELU",
                "en": 230,
                "eIdx": 12,
                "st": 226
            },
            {
                "ancestor": "",
                "keyword": "<상인>",
                "ne_type": "",
                "e_type": "ELU",
                "en": 235,
                "eIdx": 13,
                "st": 231
            },
            {
                "ancestor": "",
                "keyword": "<루손_섬>",
                "ne_type": "",
                "e_type": "ELU",
                "en": 243,
                "eIdx": 14,
                "st": 237
            },
            {
                "ancestor": "",
                "keyword": "<일본>",
                "ne_type": "",
                "e_type": "ELU",
                "en": 257,
                "eIdx": 15,
                "st": 253
            },
            {
                "ancestor": "",
                "keyword": "[말라카]",
                "ne_type": "",
                "e_type": "WIKILINK",
                "en": 351,
                "eIdx": 16,
                "st": 346
            },
            {
                "ancestor": "",
                "keyword": "[포르투갈인]",
                "ne_type": "",
                "e_type": "WIKILINK",
                "en": 365,
                "eIdx": 17,
                "st": 358
            },
            {
                "ancestor": "",
                "keyword": "[중국]",
                "ne_type": "",
                "e_type": "WIKILINK",
                "en": 372,
                "eIdx": 18,
                "st": 368
            },
            {
                "ancestor": "",
                "keyword": "<사이>",
                "ne_type": "",
                "e_type": "ELU",
                "en": 382,
                "eIdx": 19,
                "st": 378
            },
            {
                "ancestor": "",
                "keyword": "<국가>",
                "ne_type": "",
                "e_type": "ELU",
                "en": 396,
                "eIdx": 20,
                "st": 392
            },
            {
                "ancestor": "",
                "keyword": "<루손_섬>",
                "ne_type": "",
                "e_type": "ELU",
                "en": 424,
                "eIdx": 21,
                "st": 418
            }
        ],
        "text": "<루손_섬>은 [중국]과 [동남아], [인도], [아랍]과 중계 <교역>으로 번영 하였다. 또한 일부 루손 사람들은 말레이계 상인들을 통해 <이슬람교>을 받아들였다. <중국>의 기록에 따르면 현재 <마닐라>의 일부인 톤도(동도)에 <수도>를 둔 \"<루손_섬>(呂宋國)\"이라는 존재가 기록되어 있으며, <몽골_제국>과의 전투에서 패배한 남송의 잔당이 도착하여 건국했다는 설도 있다. 스페인 정복을 전후하여 <일본> <상인>도 <루손_섬>과 교역을 했고, <일본> 전국 시대의 상인 〈루손 수케자에몬〉(呂宋助左衛門, Ruson Sukezaemon)이 여기에서 무역상을 경영함으로써 막대한 부를 얻었다. 1500년대 초반, [말라카]를 정복했던 [포르투갈인]들은 [중국]과 말라카 <사이>에 있던 이 무역 <국가>를 \"루소니아\"(Luçonia) 또는 \"<루손_섬>\"(Luçon)라고 적고 있다.",
        "pIdx": 7
    },
    {
        "pronouns": [],
        "globalSId": [
            355577,
            355578,
            355579
        ],
        "wikiPageId": 36012,
        "entities": [
            {
                "ancestor": "",
                "keyword": "[1809년]",
                "ne_type": "",
                "e_type": "WIKILINK",
                "en": 7,
                "eIdx": 0,
                "st": 0
            },
            {
                "ancestor": "",
                "keyword": "[6월_26일]",
                "ne_type": "",
                "e_type": "WIKILINK",
                "en": 16,
                "eIdx": 1,
                "st": 8
            },
            {
                "ancestor": "",
                "keyword": "[조선왕조실록]",
                "ne_type": "",
                "e_type": "WIKILINK",
                "en": 25,
                "eIdx": 2,
                "st": 17
            },
            {
                "ancestor": "",
                "keyword": "[1801년]",
                "ne_type": "",
                "e_type": "WIKILINK",
                "en": 41,
                "eIdx": 3,
                "st": 34
            },
            {
                "ancestor": "",
                "keyword": "<송환_(영화)>",
                "ne_type": "",
                "e_type": "ELU",
                "en": 62,
                "eIdx": 4,
                "st": 53
            },
            {
                "ancestor": "",
                "keyword": "[전라남도]",
                "ne_type": "",
                "e_type": "WIKILINK",
                "en": 81,
                "eIdx": 5,
                "st": 75
            },
            {
                "ancestor": "",
                "keyword": "[신안군]",
                "ne_type": "",
                "e_type": "WIKILINK",
                "en": 87,
                "eIdx": 6,
                "st": 82
            },
            {
                "ancestor": "",
                "keyword": "[문순득]",
                "ne_type": "",
                "e_type": "WIKILINK",
                "en": 100,
                "eIdx": 7,
                "st": 95
            },
            {
                "ancestor": "",
                "keyword": "[거문도]",
                "ne_type": "",
                "e_type": "WIKILINK",
                "en": 122,
                "eIdx": 8,
                "st": 117
            },
            {
                "ancestor": "",
                "keyword": "[유구국]",
                "ne_type": "",
                "e_type": "WIKILINK",
                "en": 141,
                "eIdx": 9,
                "st": 136
            },
            {
                "ancestor": "",
                "keyword": "[필리핀]",
                "ne_type": "",
                "e_type": "WIKILINK",
                "en": 155,
                "eIdx": 10,
                "st": 150
            },
            {
                "ancestor": "",
                "keyword": "<중국>",
                "ne_type": "",
                "e_type": "ELU",
                "en": 161,
                "eIdx": 11,
                "st": 157
            },
            {
                "ancestor": "",
                "keyword": "<조선>",
                "ne_type": "",
                "e_type": "ELU",
                "en": 185,
                "eIdx": 12,
                "st": 181
            },
            {
                "ancestor": "",
                "keyword": "[정약전]",
                "ne_type": "",
                "e_type": "WIKILINK",
                "en": 201,
                "eIdx": 13,
                "st": 196
            },
            {
                "ancestor": "",
                "keyword": "<대화>",
                "ne_type": "",
                "e_type": "ELU",
                "en": 266,
                "eIdx": 14,
                "st": 262
            },
            {
                "ancestor": "",
                "keyword": "<송환_(영화)>",
                "ne_type": "",
                "e_type": "ELU",
                "en": 284,
                "eIdx": 15,
                "st": 275
            }
        ],
        "text": "[1809년] [6월_26일] [조선왕조실록] 순조 9년에는 [1801년] 표류한 여송국인들을 <송환_(영화)>하라는 명령을 내렸다. [전라남도] [신안군] 출신의 상인 [문순득](文淳得)은 홍어를 사기 위해 [거문도]로 향하다 폭풍으로 배가 [유구국]까지 떠내려가고 [필리핀]과 <중국>을 거치는 3년 2개월의 여정 끝에 <조선>으로 돌아온 인물로 [정약전]의 《표해시말》에서 그의 일화가 소개되었다. 그는 그 경험으로 국적도 알 수 없고 언어가 통하지 않는 이들과 <대화>를 하여 그들을 <송환_(영화)>할 수 있게 도왔다.",
        "pIdx": 8
    }
]