[
    {
        "pronouns": [],
        "globalSId": [
            2594253,
            2594254
        ],
        "wikiPageId": 692833,
        "entities": [
            {
                "ancestor": "",
                "keyword": "<피터_베넨슨>",
                "ne_type": "",
                "e_type": "ELU",
                "en": 8,
                "eIdx": 0,
                "st": 0
            },
            {
                "ancestor": "",
                "keyword": "[1921년]",
                "ne_type": "",
                "e_type": "WIKILINK",
                "en": 18,
                "eIdx": 1,
                "st": 11
            },
            {
                "ancestor": "",
                "keyword": "[7월_13일]",
                "ne_type": "",
                "e_type": "WIKILINK",
                "en": 27,
                "eIdx": 2,
                "st": 19
            },
            {
                "ancestor": "",
                "keyword": "[2005년]",
                "ne_type": "",
                "e_type": "WIKILINK",
                "en": 37,
                "eIdx": 3,
                "st": 30
            },
            {
                "ancestor": "",
                "keyword": "[2월_25일]",
                "ne_type": "",
                "e_type": "WIKILINK",
                "en": 46,
                "eIdx": 4,
                "st": 38
            },
            {
                "ancestor": "",
                "keyword": "[영국]",
                "ne_type": "",
                "e_type": "WIKILINK",
                "en": 53,
                "eIdx": 5,
                "st": 49
            },
            {
                "ancestor": "",
                "keyword": "[변호사]",
                "ne_type": "",
                "e_type": "WIKILINK",
                "en": 65,
                "eIdx": 6,
                "st": 60
            },
            {
                "ancestor": "",
                "keyword": "[앰네스티]",
                "ne_type": "",
                "e_type": "WIKILINK",
                "en": 79,
                "eIdx": 7,
                "st": 73
            },
            {
                "ancestor": "",
                "keyword": "[국제사면위원회]",
                "ne_type": "",
                "e_type": "WIKILINK",
                "en": 89,
                "eIdx": 8,
                "st": 80
            },
            {
                "ancestor": "",
                "keyword": "<자유>",
                "ne_type": "",
                "e_type": "ELU",
                "en": 133,
                "eIdx": 9,
                "st": 129
            },
            {
                "ancestor": "",
                "keyword": "[포르투갈]",
                "ne_type": "",
                "e_type": "WIKILINK",
                "en": 161,
                "eIdx": 10,
                "st": 155
            },
            {
                "ancestor": "",
                "keyword": "<청년>",
                "ne_type": "",
                "e_type": "ELU",
                "en": 166,
                "eIdx": 11,
                "st": 162
            },
            {
                "ancestor": "",
                "keyword": "<국제_사면_위원회>",
                "ne_type": "",
                "e_type": "ELU",
                "en": 196,
                "eIdx": 12,
                "st": 185
            }
        ],
        "text": "<피터_베넨슨>(, [1921년] [7월_13일] ~ [2005년] [2월_25일])은 [영국]의 운동가, [변호사], 정치인이자 [앰네스티]([국제사면위원회])의 설립자이다. 학창 시절 때부터 사회에 관심을 갖아왔으며 1961년 <자유>를 외치며 건배를 한 이유로 수감된 두 [포르투갈] <청년>의 이야기에 분노한 것을 시작으로 <국제_사면_위원회>를 창립했다.",
        "pIdx": 1
    },
    {
        "pronouns": [],
        "globalSId": [
            2594255
        ],
        "wikiPageId": 692833,
        "entities": [],
        "text": "생애",
        "pIdx": 2
    },
    {
        "pronouns": [],
        "globalSId": [
            2594256,
            2594257,
            2594258,
            2594259,
            2594260,
            2594261,
            2594262,
            2594263,
            2594264,
            2594265,
            2594266,
            2594267
        ],
        "wikiPageId": 692833,
        "entities": [
            {
                "ancestor": "",
                "keyword": "<피터_베넨슨>",
                "ne_type": "",
                "e_type": "ELU",
                "en": 14,
                "eIdx": 0,
                "st": 6
            },
            {
                "ancestor": "",
                "keyword": "<런던>",
                "ne_type": "",
                "e_type": "ELU",
                "en": 33,
                "eIdx": 1,
                "st": 29
            },
            {
                "ancestor": "",
                "keyword": "<솔로몬>",
                "ne_type": "",
                "e_type": "ELU",
                "en": 45,
                "eIdx": 2,
                "st": 40
            },
            {
                "ancestor": "",
                "keyword": "<솔로몬>",
                "ne_type": "",
                "e_type": "ELU",
                "en": 54,
                "eIdx": 3,
                "st": 49
            },
            {
                "ancestor": "",
                "keyword": "<솔로몬>",
                "ne_type": "",
                "e_type": "ELU",
                "en": 93,
                "eIdx": 4,
                "st": 88
            },
            {
                "ancestor": "",
                "keyword": "<솔로몬>",
                "ne_type": "",
                "e_type": "ELU",
                "en": 113,
                "eIdx": 5,
                "st": 108
            },
            {
                "ancestor": "",
                "keyword": "<유대인>",
                "ne_type": "",
                "e_type": "ELU",
                "en": 125,
                "eIdx": 6,
                "st": 120
            },
            {
                "ancestor": "",
                "keyword": "<미국>",
                "ne_type": "",
                "e_type": "ELU",
                "en": 152,
                "eIdx": 7,
                "st": 148
            },
            {
                "ancestor": "",
                "keyword": "<루스벨트>",
                "ne_type": "",
                "e_type": "ELU",
                "en": 173,
                "eIdx": 8,
                "st": 167
            },
            {
                "ancestor": "",
                "keyword": "<루스벨트>",
                "ne_type": "",
                "e_type": "ELU",
                "en": 189,
                "eIdx": 9,
                "st": 183
            },
            {
                "ancestor": "",
                "keyword": "<사이>",
                "ne_type": "",
                "e_type": "ELU",
                "en": 198,
                "eIdx": 10,
                "st": 194
            },
            {
                "ancestor": "",
                "keyword": "<알렉산드르_케렌스키>",
                "ne_type": "",
                "e_type": "ELU",
                "en": 221,
                "eIdx": 11,
                "st": 209
            },
            {
                "ancestor": "",
                "keyword": "<이스라엘>",
                "ne_type": "",
                "e_type": "ELU",
                "en": 232,
                "eIdx": 12,
                "st": 226
            },
            {
                "ancestor": "",
                "keyword": "<하임_바이츠만>",
                "ne_type": "",
                "e_type": "ELU",
                "en": 254,
                "eIdx": 13,
                "st": 245
            },
            {
                "ancestor": "",
                "keyword": "<러시아>",
                "ne_type": "",
                "e_type": "ELU",
                "en": 364,
                "eIdx": 14,
                "st": 359
            },
            {
                "ancestor": "",
                "keyword": "<유대인>",
                "ne_type": "",
                "e_type": "ELU",
                "en": 371,
                "eIdx": 15,
                "st": 366
            },
            {
                "ancestor": "",
                "keyword": "<유대인>",
                "ne_type": "",
                "e_type": "ELU",
                "en": 421,
                "eIdx": 16,
                "st": 416
            },
            {
                "ancestor": "",
                "keyword": "<러시아>",
                "ne_type": "",
                "e_type": "ELU",
                "en": 465,
                "eIdx": 17,
                "st": 460
            },
            {
                "ancestor": "",
                "keyword": "<솔로몬>",
                "ne_type": "",
                "e_type": "ELU",
                "en": 500,
                "eIdx": 18,
                "st": 495
            },
            {
                "ancestor": "",
                "keyword": "<장교>",
                "ne_type": "",
                "e_type": "ELU",
                "en": 532,
                "eIdx": 19,
                "st": 528
            }
        ],
        "text": "초기 생애 <피터_베넨슨>은 1921년 7월 13일 <런던>에서 플로라 <솔로몬>과 존 <솔로몬>의 아들로 태어났다. 태어날 당시의 이름은 피터 제임스 헨리 <솔로몬>()이었다. 어머니 플로라 <솔로몬>은 러시아계 <유대인>이었으며, 열렬한 사회 운동가였다. 훗날 <미국>의 대통령이 되는 프랭크린 <루스벨트>의 부인인 일러너 <루스벨트>와 친구 <사이>였고, 러시아 수상 <알렉산드르_케렌스키>와 훗날 <이스라엘>의 초대 대통령이 되는 <하임_바이츠만>의 가까운 사람이었다. 그녀는 자선 사업 및 기타 활동으로 좋은 평판을 얻기도 했다. 할아버지 그리고리 베넨슨은 은행가이자 석유 부호로, 러시아 제국 시절 크게 성공한 억만장자였다. 당시 <러시아>는 <유대인> 등 셈 족을 배척하는 것으로 악명이 높았는데, 이러한 사회 속에서 그는 드물게 <유대인>으로서 성공한 경우였다. 베넨슨의 집안은 1917년 볼셰비키 혁명 후 <러시아>를 떠났으며, 이듬해 제1차 세계대전이 끝난 이후 존 <솔로몬>과 결혼했다. 존은 나중에 정부 관리가 된 영국군 <장교>였다. 플로라와 존은 곧 연애 관계에 들어섰고 이후 결혼했다. 이후 1921년 아들 베넨슨을 낳았다.",
        "pIdx": 3
    },
    {
        "pronouns": [],
        "globalSId": [
            2594268,
            2594269,
            2594270,
            2594271,
            2594272,
            2594273,
            2594274
        ],
        "wikiPageId": 692833,
        "entities": [
            {
                "ancestor": "",
                "keyword": "<스위스>",
                "ne_type": "",
                "e_type": "ELU",
                "en": 91,
                "eIdx": 0,
                "st": 86
            },
            {
                "ancestor": "",
                "keyword": "<영국>",
                "ne_type": "",
                "e_type": "ELU",
                "en": 201,
                "eIdx": 1,
                "st": 197
            },
            {
                "ancestor": "",
                "keyword": "<시인>",
                "ne_type": "",
                "e_type": "ELU",
                "en": 248,
                "eIdx": 2,
                "st": 244
            },
            {
                "ancestor": "",
                "keyword": "<W._H._오든>",
                "ne_type": "",
                "e_type": "ELU",
                "en": 263,
                "eIdx": 3,
                "st": 253
            },
            {
                "ancestor": "",
                "keyword": "<지도>",
                "ne_type": "",
                "e_type": "ELU",
                "en": 272,
                "eIdx": 4,
                "st": 268
            },
            {
                "ancestor": "",
                "keyword": "<영국>",
                "ne_type": "",
                "e_type": "ELU",
                "en": 289,
                "eIdx": 5,
                "st": 285
            },
            {
                "ancestor": "",
                "keyword": "[이튼고등학교]",
                "ne_type": "",
                "e_type": "WIKILINK",
                "en": 306,
                "eIdx": 6,
                "st": 298
            },
            {
                "ancestor": "",
                "keyword": "<학습>",
                "ne_type": "",
                "e_type": "ELU",
                "en": 313,
                "eIdx": 7,
                "st": 309
            },
            {
                "ancestor": "",
                "keyword": "<우수>",
                "ne_type": "",
                "e_type": "ELU",
                "en": 321,
                "eIdx": 8,
                "st": 317
            },
            {
                "ancestor": "",
                "keyword": "<이후_(소설가)>",
                "ne_type": "",
                "e_type": "ELU",
                "en": 359,
                "eIdx": 9,
                "st": 349
            },
            {
                "ancestor": "",
                "keyword": "<옥스퍼드_대학교>",
                "ne_type": "",
                "e_type": "ELU",
                "en": 370,
                "eIdx": 10,
                "st": 360
            },
            {
                "ancestor": "",
                "keyword": "<역사>",
                "ne_type": "",
                "e_type": "ELU",
                "en": 377,
                "eIdx": 11,
                "st": 373
            },
            {
                "ancestor": "",
                "keyword": "<학습>",
                "ne_type": "",
                "e_type": "ELU",
                "en": 383,
                "eIdx": 12,
                "st": 379
            }
        ],
        "text": "베넨슨은 매우 사려 깊은 아이였으나, 어릴 적 매우 슬픈 일을 겪었다. 아버지 존이 말을 타다가 심각한 부상을 입었는데, 후에 휠체어를 타며 지내다 결국 <스위스>에서 숨을 거두었다. 당시 베넨슨은 9세였다. 아버지의 죽음 이후 베넨슨은 어머니 플로라의 손에서 자랐는데, 이는 그의 인생에 크고 중요한 영향을 미치는 계기가 되었다. 그는 어머니 덕택에 <영국>의 전통적인 상류 계급의 교육을 받았는데, 학교 다니기 전 그는 유명한 청년 <시인>인 WH <W._H._오든>의 개인 <지도>를 받기도 했다. 그는 <영국>의 유명한 학교 [이튼고등학교]에서 <학습>했으며 <우수>한 학업으로 장학금을 받기도 했다. 고등학교 졸업 <이후_(소설가)> <옥스퍼드_대학교>에서 <역사>를 <학습>했다.",
        "pIdx": 4
    },
    {
        "pronouns": [],
        "globalSId": [
            2594275,
            2594276,
            2594277
        ],
        "wikiPageId": 692833,
        "entities": [
            {
                "ancestor": "",
                "keyword": "[고등학생]",
                "ne_type": "",
                "e_type": "WIKILINK",
                "en": 9,
                "eIdx": 0,
                "st": 3
            },
            {
                "ancestor": "",
                "keyword": "[보수]",
                "ne_type": "",
                "e_type": "WIKILINK",
                "en": 33,
                "eIdx": 1,
                "st": 29
            },
            {
                "ancestor": "",
                "keyword": "<편지>",
                "ne_type": "",
                "e_type": "ELU",
                "en": 57,
                "eIdx": 2,
                "st": 53
            },
            {
                "ancestor": "",
                "keyword": "[사회]",
                "ne_type": "",
                "e_type": "WIKILINK",
                "en": 113,
                "eIdx": 3,
                "st": 109
            }
        ],
        "text": "한편 [고등학생] 때 불량한 학교 급식에 항의했다. [보수]적인 교장은 곧바로 어머니에게 경고 <편지>를 보냈는데, 그 편지에는 베넨슨을 혁명가의 기질이 있다고 비난했다. 하지만 어머니는 아들이 [사회]의식이 있다는 사실로 받아들이고 오히려 격려해 주었다.",
        "pIdx": 5
    }
]