[
    {
        "pronouns": [],
        "globalSId": [
            3858350
        ],
        "wikiPageId": 1633961,
        "entities": [
            {
                "ancestor": "",
                "keyword": "[중화인민공화국]",
                "ne_type": "",
                "e_type": "WIKILINK",
                "en": 28,
                "eIdx": 0,
                "st": 19
            },
            {
                "ancestor": "",
                "keyword": "[공립_대학]",
                "ne_type": "",
                "e_type": "WIKILINK",
                "en": 41,
                "eIdx": 1,
                "st": 34
            },
            {
                "ancestor": "",
                "keyword": "[1920년]",
                "ne_type": "",
                "e_type": "WIKILINK",
                "en": 51,
                "eIdx": 2,
                "st": 44
            },
            {
                "ancestor": "",
                "keyword": "[10월_17일]",
                "ne_type": "",
                "e_type": "WIKILINK",
                "en": 61,
                "eIdx": 3,
                "st": 52
            }
        ],
        "text": "하얼빈 공업대학(哈尔滨工业大学)은 [중화인민공화국]의 4년제 [공립_대학]이며 [1920년] [10월_17일]에 첫 개교되었다.",
        "pIdx": 1
    }
]