[
    {
        "pronouns": [],
        "globalSId": [
            468645,
            468646,
            468647,
            468648,
            468649
        ],
        "wikiPageId": 50461,
        "entities": [
            {
                "ancestor": "",
                "keyword": "<몰타어>",
                "ne_type": "",
                "e_type": "ELU",
                "en": 5,
                "eIdx": 0,
                "st": 0
            },
            {
                "ancestor": "",
                "keyword": "[몰타]",
                "ne_type": "",
                "e_type": "WIKILINK",
                "en": 13,
                "eIdx": 1,
                "st": 9
            },
            {
                "ancestor": "",
                "keyword": "[공용어]",
                "ne_type": "",
                "e_type": "WIKILINK",
                "en": 21,
                "eIdx": 2,
                "st": 16
            },
            {
                "ancestor": "",
                "keyword": "[언어]",
                "ne_type": "",
                "e_type": "WIKILINK",
                "en": 35,
                "eIdx": 3,
                "st": 31
            },
            {
                "ancestor": "",
                "keyword": "<몰타어>",
                "ne_type": "",
                "e_type": "ELU",
                "en": 44,
                "eIdx": 4,
                "st": 39
            },
            {
                "ancestor": "",
                "keyword": "[아랍어]",
                "ne_type": "",
                "e_type": "WIKILINK",
                "en": 55,
                "eIdx": 5,
                "st": 50
            },
            {
                "ancestor": "",
                "keyword": "[로망스어군]",
                "ne_type": "",
                "e_type": "WIKILINK",
                "en": 75,
                "eIdx": 6,
                "st": 68
            },
            {
                "ancestor": "",
                "keyword": "[어휘]",
                "ne_type": "",
                "e_type": "WIKILINK",
                "en": 80,
                "eIdx": 7,
                "st": 76
            },
            {
                "ancestor": "",
                "keyword": "[차용어]",
                "ne_type": "",
                "e_type": "WIKILINK",
                "en": 87,
                "eIdx": 8,
                "st": 82
            },
            {
                "ancestor": "",
                "keyword": "[아랍어]",
                "ne_type": "",
                "e_type": "WIKILINK",
                "en": 102,
                "eIdx": 9,
                "st": 97
            },
            {
                "ancestor": "",
                "keyword": "<유럽>",
                "ne_type": "",
                "e_type": "ELU",
                "en": 127,
                "eIdx": 10,
                "st": 123
            },
            {
                "ancestor": "",
                "keyword": "[아프리카아시아어족]",
                "ne_type": "",
                "e_type": "WIKILINK",
                "en": 147,
                "eIdx": 11,
                "st": 136
            },
            {
                "ancestor": "",
                "keyword": "[셈어파]",
                "ne_type": "",
                "e_type": "WIKILINK",
                "en": 153,
                "eIdx": 12,
                "st": 148
            },
            {
                "ancestor": "",
                "keyword": "<아랍어>",
                "ne_type": "",
                "e_type": "ELU",
                "en": 170,
                "eIdx": 13,
                "st": 165
            },
            {
                "ancestor": "",
                "keyword": "[마그레브]",
                "ne_type": "",
                "e_type": "WIKILINK",
                "en": 182,
                "eIdx": 14,
                "st": 176
            },
            {
                "ancestor": "",
                "keyword": "[튀니지_아랍어]",
                "ne_type": "",
                "e_type": "WIKILINK",
                "en": 199,
                "eIdx": 15,
                "st": 190
            },
            {
                "ancestor": "",
                "keyword": "[시칠리아어]",
                "ne_type": "",
                "e_type": "WIKILINK",
                "en": 216,
                "eIdx": 16,
                "st": 209
            },
            {
                "ancestor": "",
                "keyword": "[이탈리아어]",
                "ne_type": "",
                "e_type": "WIKILINK",
                "en": 225,
                "eIdx": 17,
                "st": 218
            },
            {
                "ancestor": "",
                "keyword": "[로망스어군]",
                "ne_type": "",
                "e_type": "WIKILINK",
                "en": 236,
                "eIdx": 18,
                "st": 229
            },
            {
                "ancestor": "",
                "keyword": "[로마자]",
                "ne_type": "",
                "e_type": "WIKILINK",
                "en": 267,
                "eIdx": 19,
                "st": 262
            },
            {
                "ancestor": "",
                "keyword": "[정서법]",
                "ne_type": "",
                "e_type": "WIKILINK",
                "en": 277,
                "eIdx": 20,
                "st": 272
            }
        ],
        "text": "<몰타어>()는 [몰타]에서 [공용어]로서 쓰이고 있는 [언어]이다. <몰타어>는 구어체 [아랍어]의 변종의 하나이지만, [로망스어군] [어휘]의 [차용어]가 많기 때문에, [아랍어]와는 다른 언어로 보는 화자도 있다. <유럽>에서는 유일하게 [아프리카아시아어족] [셈어파]의 언어이다. 구어체 <아랍어> 중에서는 [마그레브] 방언, 특히 [튀니지_아랍어]와 가장 가깝다. [시칠리아어], [이탈리아어] 등, [로망스어군] 어휘를 많이 포함하며, 셈계 언어에서 유일한 [로마자]에 의한 [정서법]을 가진다.",
        "pIdx": 1
    },
    {
        "pronouns": [],
        "globalSId": [
            468650,
            468651,
            468652
        ],
        "wikiPageId": 50461,
        "entities": [
            {
                "ancestor": "",
                "keyword": "[1934년]",
                "ne_type": "",
                "e_type": "WIKILINK",
                "en": 7,
                "eIdx": 0,
                "st": 0
            },
            {
                "ancestor": "",
                "keyword": "[영어]",
                "ne_type": "",
                "e_type": "WIKILINK",
                "en": 12,
                "eIdx": 1,
                "st": 8
            },
            {
                "ancestor": "",
                "keyword": "<몰타>",
                "ne_type": "",
                "e_type": "ELU",
                "en": 21,
                "eIdx": 2,
                "st": 17
            },
            {
                "ancestor": "",
                "keyword": "[오스트레일리아]",
                "ne_type": "",
                "e_type": "WIKILINK",
                "en": 65,
                "eIdx": 3,
                "st": 56
            },
            {
                "ancestor": "",
                "keyword": "[미국]",
                "ne_type": "",
                "e_type": "WIKILINK",
                "en": 71,
                "eIdx": 4,
                "st": 67
            },
            {
                "ancestor": "",
                "keyword": "[캐나다]",
                "ne_type": "",
                "e_type": "WIKILINK",
                "en": 78,
                "eIdx": 5,
                "st": 73
            },
            {
                "ancestor": "",
                "keyword": "<이민>",
                "ne_type": "",
                "e_type": "ELU",
                "en": 84,
                "eIdx": 6,
                "st": 80
            },
            {
                "ancestor": "",
                "keyword": "<사이>",
                "ne_type": "",
                "e_type": "ELU",
                "en": 94,
                "eIdx": 7,
                "st": 90
            }
        ],
        "text": "[1934년] [영어]와 함께 <몰타>의 공용어로 채용되었다. 요즘은 약 60만 명의 화자가 있다. [오스트레일리아]나 [미국], [캐나다]로 <이민>한 사람들 <사이>에서도 사용되고 있다.",
        "pIdx": 2
    },
    {
        "pronouns": [],
        "globalSId": [
            468653,
            468654
        ],
        "wikiPageId": 50461,
        "entities": [
            {
                "ancestor": "",
                "keyword": "[아프리카아시아어족]",
                "ne_type": "",
                "e_type": "WIKILINK",
                "en": 18,
                "eIdx": 0,
                "st": 7
            },
            {
                "ancestor": "",
                "keyword": "[이탈리아어]",
                "ne_type": "",
                "e_type": "WIKILINK",
                "en": 62,
                "eIdx": 1,
                "st": 55
            }
        ],
        "text": "문자와 발음 [아프리카아시아어족]임에도 불구하고 이들 중 일부 악센트(à, è, ì, ò, ù)는 [이탈리아어]와 비슷하다.",
        "pIdx": 3
    },
    {
        "pronouns": [],
        "globalSId": [
            468655,
            468656,
            468657,
            468658,
            468659,
            468660,
            468661
        ],
        "wikiPageId": 50461,
        "entities": [
            {
                "ancestor": "",
                "keyword": "<몰타어>",
                "ne_type": "",
                "e_type": "ELU",
                "en": 27,
                "eIdx": 0,
                "st": 22
            },
            {
                "ancestor": "",
                "keyword": "[아랍어]",
                "ne_type": "",
                "e_type": "WIKILINK",
                "en": 42,
                "eIdx": 1,
                "st": 37
            },
            {
                "ancestor": "",
                "keyword": "[형용사]",
                "ne_type": "",
                "e_type": "WIKILINK",
                "en": 54,
                "eIdx": 2,
                "st": 49
            },
            {
                "ancestor": "",
                "keyword": "[명사]",
                "ne_type": "",
                "e_type": "WIKILINK",
                "en": 60,
                "eIdx": 3,
                "st": 56
            },
            {
                "ancestor": "",
                "keyword": "[본래부사]",
                "ne_type": "",
                "e_type": "WIKILINK",
                "en": 78,
                "eIdx": 4,
                "st": 72
            },
            {
                "ancestor": "",
                "keyword": "[어순]",
                "ne_type": "",
                "e_type": "WIKILINK",
                "en": 88,
                "eIdx": 5,
                "st": 84
            },
            {
                "ancestor": "",
                "keyword": "[아랍어]",
                "ne_type": "",
                "e_type": "WIKILINK",
                "en": 105,
                "eIdx": 6,
                "st": 100
            },
            {
                "ancestor": "",
                "keyword": "[히브리어]",
                "ne_type": "",
                "e_type": "WIKILINK",
                "en": 113,
                "eIdx": 7,
                "st": 107
            },
            {
                "ancestor": "",
                "keyword": "[정관사]",
                "ne_type": "",
                "e_type": "WIKILINK",
                "en": 128,
                "eIdx": 8,
                "st": 123
            },
            {
                "ancestor": "",
                "keyword": "<아랍어>",
                "ne_type": "",
                "e_type": "ELU",
                "en": 221,
                "eIdx": 9,
                "st": 216
            }
        ],
        "text": "문법 로망스어의 영향을 받고는 있지만, <몰타어>의 문법은 여전히 [아랍어] 자체이다. [형용사]는 [명사]를 뒤에서 수식하며, [본래부사]는 적고, [어순]은 상당히 자유롭다. [아랍어]나 [히브리어]와 같이, 명사가 [정관사]를 취하는 경우, 그것을 수식하는 셈어 기원의 형용사도 정관사를 취한다(예: L-Art l-Imqaddsa(=<정관사>-토지 <정관사>-성스러운). 덧붙여서 <아랍어>에서는 'al-'arḍ 'al-muqaddasa, 히브리어에서는 ha'arets hakkedoša이다. 단, 형용사가 정관사를 취하지 않는 경우도 있다. 로망스어 기원의 형용사는 정관사를 취하지 않는다.",
        "pIdx": 4
    },
    {
        "pronouns": [],
        "globalSId": [
            468662
        ],
        "wikiPageId": 50461,
        "entities": [
            {
                "ancestor": "",
                "keyword": "[수_(문법)]",
                "ne_type": "",
                "e_type": "WIKILINK",
                "en": 22,
                "eIdx": 0,
                "st": 14
            }
        ],
        "text": "명사의 수에는 부분적으로 [수_(문법)]가 잔존하고 있다.",
        "pIdx": 5
    },
    {
        "pronouns": [],
        "globalSId": [
            468663,
            468664,
            468665,
            468666
        ],
        "wikiPageId": 50461,
        "entities": [
            {
                "ancestor": "",
                "keyword": "[동사]",
                "ne_type": "",
                "e_type": "WIKILINK",
                "en": 4,
                "eIdx": 0,
                "st": 0
            },
            {
                "ancestor": "",
                "keyword": "<아랍어>",
                "ne_type": "",
                "e_type": "ELU",
                "en": 11,
                "eIdx": 1,
                "st": 6
            },
            {
                "ancestor": "",
                "keyword": "[접두사]",
                "ne_type": "",
                "e_type": "WIKILINK",
                "en": 51,
                "eIdx": 2,
                "st": 46
            },
            {
                "ancestor": "",
                "keyword": "[접중사]",
                "ne_type": "",
                "e_type": "WIKILINK",
                "en": 58,
                "eIdx": 3,
                "st": 53
            },
            {
                "ancestor": "",
                "keyword": "[접미사]",
                "ne_type": "",
                "e_type": "WIKILINK",
                "en": 65,
                "eIdx": 4,
                "st": 60
            },
            {
                "ancestor": "",
                "keyword": "<동사_(품사)>",
                "ne_type": "",
                "e_type": "ELU",
                "en": 85,
                "eIdx": 5,
                "st": 76
            },
            {
                "ancestor": "",
                "keyword": "<부여>",
                "ne_type": "",
                "e_type": "ELU",
                "en": 100,
                "eIdx": 6,
                "st": 96
            },
            {
                "ancestor": "",
                "keyword": "<접미사>",
                "ne_type": "",
                "e_type": "ELU",
                "en": 157,
                "eIdx": 7,
                "st": 152
            },
            {
                "ancestor": "",
                "keyword": "<아랍어>",
                "ne_type": "",
                "e_type": "ELU",
                "en": 202,
                "eIdx": 8,
                "st": 197
            },
            {
                "ancestor": "",
                "keyword": "<히브리어>",
                "ne_type": "",
                "e_type": "ELU",
                "en": 221,
                "eIdx": 9,
                "st": 215
            },
            {
                "ancestor": "",
                "keyword": "[시제]",
                "ne_type": "",
                "e_type": "WIKILINK",
                "en": 239,
                "eIdx": 10,
                "st": 235
            },
            {
                "ancestor": "",
                "keyword": "[비과거]",
                "ne_type": "",
                "e_type": "WIKILINK",
                "en": 246,
                "eIdx": 11,
                "st": 241
            },
            {
                "ancestor": "",
                "keyword": "[과거시제]",
                "ne_type": "",
                "e_type": "WIKILINK",
                "en": 254,
                "eIdx": 12,
                "st": 248
            }
        ],
        "text": "[동사]는 <아랍어>의 3어근의 패턴을 유지하고 있다. 즉, 자음3개로 된 어근에 [접두사], [접중사], [접미사]를 덧붙이는 것으로 <동사_(품사)>에 문법적인 의미를 <부여>하는 것이다. 예를 들면, \"(글을) 쓰다\"를 나타내는 3개의 자음 KTB에 접중사 -i-, <접미사> -na를 더해서 ktibna(우리들은 썼다)를 만든다(덧붙여서 말하면 <아랍어>에서는 katabna, <히브리어>에서는 katavnu). [시제]는 [비과거]와 [과거시제]의 2개이다.",
        "pIdx": 6
    },
    {
        "pronouns": [],
        "globalSId": [
            468667,
            468668,
            468669
        ],
        "wikiPageId": 50461,
        "entities": [
            {
                "ancestor": "",
                "keyword": "<아랍어>",
                "ne_type": "",
                "e_type": "ELU",
                "en": 48,
                "eIdx": 0,
                "st": 43
            },
            {
                "ancestor": "",
                "keyword": "<접두사>",
                "ne_type": "",
                "e_type": "ELU",
                "en": 69,
                "eIdx": 1,
                "st": 64
            },
            {
                "ancestor": "",
                "keyword": "<접미사>",
                "ne_type": "",
                "e_type": "ELU",
                "en": 76,
                "eIdx": 2,
                "st": 71
            },
            {
                "ancestor": "",
                "keyword": "<아랍어>",
                "ne_type": "",
                "e_type": "ELU",
                "en": 139,
                "eIdx": 3,
                "st": 134
            },
            {
                "ancestor": "",
                "keyword": "[튀니지_아랍어]",
                "ne_type": "",
                "e_type": "WIKILINK",
                "en": 177,
                "eIdx": 4,
                "st": 168
            },
            {
                "ancestor": "",
                "keyword": "<아랍어>",
                "ne_type": "",
                "e_type": "ELU",
                "en": 218,
                "eIdx": 5,
                "st": 213
            }
        ],
        "text": "로망스어 기원의 동사에는 아랍어적인 동사파생법은 적용되지 않지만, 동사활용은 <아랍어>의 활용법을 그대로 사용하며 <접두사>와 <접미사>가 붙는다. 예를 들면, iddeċidejna(우리들은 정했다)는 로망스어의 동사 (i)ddeċida에 <아랍어>의 어미 -ejna(1인칭복수완료)가 붙은 것이다. [튀니지_아랍어] 등 몇 개의 방언에서 이러한 동사활용을 볼 수 있다고는 하나, <아랍어>에서는 이러한 동사활용은 실행하지 않는 것이 기본이다.",
        "pIdx": 7
    },
    {
        "pronouns": [],
        "globalSId": [
            468670,
            468671
        ],
        "wikiPageId": 50461,
        "entities": [
            {
                "ancestor": "",
                "keyword": "<몰타어>",
                "ne_type": "",
                "e_type": "ELU",
                "en": 5,
                "eIdx": 0,
                "st": 0
            },
            {
                "ancestor": "",
                "keyword": "<영어>",
                "ne_type": "",
                "e_type": "ELU",
                "en": 67,
                "eIdx": 1,
                "st": 63
            },
            {
                "ancestor": "",
                "keyword": "[앵글로색슨어]",
                "ne_type": "",
                "e_type": "WIKILINK",
                "en": 89,
                "eIdx": 2,
                "st": 81
            }
        ],
        "text": "<몰타어>의 문법에는 아랍어적인 것과 로망스어적인 것이 공존하고 있으며, 어휘의 기원과 관습에 따라 가려 쓴다. <영어>로부터의 차용어에 보이는 [앵글로색슨어]적인 요소는 최근의 현상이다.",
        "pIdx": 8
    },
    {
        "pronouns": [],
        "globalSId": [
            468672,
            468673,
            468674,
            468675,
            468676,
            468677
        ],
        "wikiPageId": 50461,
        "entities": [
            {
                "ancestor": "",
                "keyword": "<히브리어>",
                "ne_type": "",
                "e_type": "ELU",
                "en": 157,
                "eIdx": 0,
                "st": 151
            },
            {
                "ancestor": "",
                "keyword": "<히브리어>",
                "ne_type": "",
                "e_type": "ELU",
                "en": 188,
                "eIdx": 1,
                "st": 182
            }
        ],
        "text": "로망스어적인 문법은 대체로 주변적이다. 로망스기원의 명사는 -i이나 -ijiet을 덧붙이는 것으로 복수가 된다. 예를 들면, lingwa(언어)는 lingwi로 복수화된다. 아랍어어휘의 복수는 조금 더 복잡하다. 어미복수는 -at/-iet/-ijiet(아랍어의 -at, <히브리어>의 -ot), -(i)n(아랍어의 -iin, <히브리어>의 -im), -an/-ien(아랍어의 -aan)을 붙이는 것으로 행해지며, 어내(語內)복수는 ktieb(책)/kotba; raġel(남자)/(i)rġiel같이 모음의 변화에 따라 나타내어진다. 이것들은 아랍어외에 셈어계에서는 일반적인 굴절이다(히브리어에서는 sefer(책)/ sfarim).",
        "pIdx": 9
    }
]