[
    {
        "pronouns": [],
        "globalSId": [
            435106,
            435107,
            435108
        ],
        "wikiPageId": 45781,
        "entities": [
            {
                "ancestor": "",
                "keyword": "<나가오카_시>",
                "ne_type": "",
                "e_type": "ELU",
                "en": 8,
                "eIdx": 0,
                "st": 0
            },
            {
                "ancestor": "",
                "keyword": "[니가타_현]",
                "ne_type": "",
                "e_type": "WIKILINK",
                "en": 19,
                "eIdx": 1,
                "st": 12
            },
            {
                "ancestor": "",
                "keyword": "[주부_지방]",
                "ne_type": "",
                "e_type": "WIKILINK",
                "en": 30,
                "eIdx": 2,
                "st": 23
            },
            {
                "ancestor": "",
                "keyword": "[시_(행정_구역)]",
                "ne_type": "",
                "e_type": "WIKILINK",
                "en": 47,
                "eIdx": 3,
                "st": 36
            },
            {
                "ancestor": "",
                "keyword": "<니가타_현>",
                "ne_type": "",
                "e_type": "ELU",
                "en": 58,
                "eIdx": 4,
                "st": 51
            },
            {
                "ancestor": "",
                "keyword": "<인구>",
                "ne_type": "",
                "e_type": "ELU",
                "en": 71,
                "eIdx": 5,
                "st": 67
            },
            {
                "ancestor": "",
                "keyword": "[특례시]",
                "ne_type": "",
                "e_type": "WIKILINK",
                "en": 81,
                "eIdx": 6,
                "st": 76
            },
            {
                "ancestor": "",
                "keyword": "<도시권>",
                "ne_type": "",
                "e_type": "ELU",
                "en": 108,
                "eIdx": 7,
                "st": 103
            },
            {
                "ancestor": "",
                "keyword": "<도시권>",
                "ne_type": "",
                "e_type": "ELU",
                "en": 134,
                "eIdx": 8,
                "st": 129
            },
            {
                "ancestor": "",
                "keyword": "<도시>",
                "ne_type": "",
                "e_type": "ELU",
                "en": 143,
                "eIdx": 9,
                "st": 139
            }
        ],
        "text": "<나가오카_시>()는 [니가타_현] 중부([주부_지방])에 있는 [시_(행정_구역)]이다. <니가타_현>에서 두 번째로 <인구>가 많고 [특례시]로 지정되어 있다. 나가오카 지방 중핵 <도시권>을 형성하는 주에쓰 지방 및 나가오카 <도시권>의 중심 <도시>이다.",
        "pIdx": 1
    }
]