[
    {
        "pronouns": [],
        "globalSId": [
            2929011,
            2929012
        ],
        "wikiPageId": 866079,
        "entities": [
            {
                "ancestor": "",
                "keyword": "[게임]",
                "ne_type": "",
                "e_type": "WIKILINK",
                "en": 15,
                "eIdx": 0,
                "st": 11
            },
            {
                "ancestor": "",
                "keyword": "[컴퓨터_프로그램]",
                "ne_type": "",
                "e_type": "WIKILINK",
                "en": 26,
                "eIdx": 1,
                "st": 16
            },
            {
                "ancestor": "",
                "keyword": "<일본>",
                "ne_type": "",
                "e_type": "ELU",
                "en": 61,
                "eIdx": 2,
                "st": 57
            },
            {
                "ancestor": "",
                "keyword": "[포켓몬스터_(게임)]",
                "ne_type": "",
                "e_type": "WIKILINK",
                "en": 88,
                "eIdx": 3,
                "st": 76
            }
        ],
        "text": "게임프리크(, )는 [게임]·[컴퓨터_프로그램] 연구 개발, 제조 및 판매를 주요 사업 내용으로 하는 <일본>의 기업이다. 대표작으로 \"[포켓몬스터_(게임)]\" 시리즈가 있다.",
        "pIdx": 1
    },
    {
        "pronouns": [],
        "globalSId": [
            2929013,
            2929014,
            2929015,
            2929016
        ],
        "wikiPageId": 866079,
        "entities": [
            {
                "ancestor": "",
                "keyword": "[다지리_사토시]",
                "ne_type": "",
                "e_type": "WIKILINK",
                "en": 12,
                "eIdx": 0,
                "st": 3
            },
            {
                "ancestor": "",
                "keyword": "<이>",
                "ne_type": "",
                "e_type": "ELU",
                "en": 63,
                "eIdx": 1,
                "st": 60
            },
            {
                "ancestor": "",
                "keyword": "[패밀리_컴퓨터]",
                "ne_type": "",
                "e_type": "WIKILINK",
                "en": 119,
                "eIdx": 2,
                "st": 110
            },
            {
                "ancestor": "",
                "keyword": "<남코>",
                "ne_type": "",
                "e_type": "ELU",
                "en": 152,
                "eIdx": 3,
                "st": 148
            },
            {
                "ancestor": "",
                "keyword": "[포켓몬_(기업)]",
                "ne_type": "",
                "e_type": "WIKILINK",
                "en": 194,
                "eIdx": 4,
                "st": 184
            }
        ],
        "text": "개요 [다지리_사토시]가 주재한 게임계 동인 서클로, 게임 잡지/공략본의 선구자라고 할 수 있는 소수 집단 <이>의 출판물 '게임 프리크'에서 시작한 회사이다. 동인 서클이었던 시기에 직접 제작한 [패밀리_컴퓨터]용 소프트웨어 \"퀸티(クインティ, Quinty)\"를 <남코>에 팔면서 얻은 자금으로 주식회사로 설립했다. 관련회사로 [포켓몬_(기업)]이 있다.",
        "pIdx": 2
    }
]