[
    {
        "globalSId": [
            891654,
            891655,
            891656,
            891657
        ],
        "pronouns": [
            {
                "proIdx": 0,
                "ancestor": "",
                "en": 81,
                "st": 79,
                "keyword": "현의"
            },
            {
                "proIdx": 1,
                "ancestor": "",
                "en": 85,
                "st": 79,
                "keyword": "현의 영역은"
            },
            {
                "proIdx": 2,
                "ancestor": "",
                "en": 106,
                "st": 99,
                "keyword": "그 부속도서로"
            }
        ],
        "wikiPageId": 121755,
        "entities": [
            {
                "ne_type": "",
                "keyword": "<진먼_현>",
                "ancestor": "",
                "e_type": "ELU",
                "en": 6,
                "eIdx": 0,
                "st": 0
            },
            {
                "ne_type": "",
                "keyword": "[중화민국]",
                "ancestor": "",
                "e_type": "WIKILINK",
                "en": 23,
                "eIdx": 1,
                "st": 17
            },
            {
                "ne_type": "",
                "keyword": "[푸젠_성_(중화민국)]",
                "ancestor": "",
                "e_type": "WIKILINK",
                "en": 37,
                "eIdx": 2,
                "st": 24
            },
            {
                "ne_type": "ORGANIZATION",
                "keyword": "[성(省)_정부]",
                "ancestor": "",
                "e_type": "NEW",
                "en": 64,
                "eIdx": 3,
                "st": 55
            },
            {
                "ne_type": "",
                "keyword": "<진먼_현>",
                "ancestor": "",
                "e_type": "ELU",
                "en": 92,
                "eIdx": 4,
                "st": 86
            },
            {
                "ne_type": "",
                "keyword": "[중화민국]",
                "ancestor": "",
                "e_type": "WIKILINK",
                "en": 122,
                "eIdx": 5,
                "st": 116
            },
            {
                "ne_type": "",
                "keyword": "[타이완]",
                "ancestor": "",
                "e_type": "WIKILINK",
                "en": 136,
                "eIdx": 6,
                "st": 131
            },
            {
                "ne_type": "",
                "keyword": "[중화인민공화국]",
                "ancestor": "",
                "e_type": "WIKILINK",
                "en": 166,
                "eIdx": 7,
                "st": 157
            },
            {
                "ne_type": "",
                "keyword": "[중국_대륙]",
                "ancestor": "",
                "e_type": "WIKILINK",
                "en": 179,
                "eIdx": 8,
                "st": 172
            },
            {
                "ne_type": "",
                "keyword": "[마쭈_열도]",
                "ancestor": "",
                "e_type": "WIKILINK",
                "en": 211,
                "eIdx": 9,
                "st": 204
            },
            {
                "ne_type": "LOCATION",
                "keyword": "[진마_지구]",
                "ancestor": "",
                "e_type": "NEW",
                "en": 229,
                "eIdx": 10,
                "st": 222
            }
        ],
        "text": "<진먼_현>(, , 금문현)은 [중화민국] [푸젠_성_(중화민국)](福建省)에 있는 행정구역으로, [성(省)_정부]의 청사가 위치하고 있다. 현의 영역은 <진먼_현>(金門島)과 그 부속도서로 이루어져 있다. [중화민국] 정부 소재지인 [타이완]과는 약 210km에 달하며, 오히려 [중화인민공화국]의 영토인 [중국_대륙]에서 불과 1.8km의 거리로 매우 가깝다. [마쭈_열도](馬祖列島)와 함께 [진마_지구](金馬地區)로도 불린다.",
        "pIdx": 1
    }
]