[
    {
        "pronouns": [],
        "globalSId": [
            842601,
            842602,
            842603,
            842604,
            842605
        ],
        "wikiPageId": 114399,
        "entities": [
            {
                "ancestor": "",
                "keyword": "[웨스턴오스트레일리아_주]",
                "ne_type": "",
                "e_type": "WIKILINK",
                "en": 24,
                "eIdx": 0,
                "st": 10
            },
            {
                "ancestor": "",
                "keyword": "[퍼스_(웨스턴오스트레일리아_주)]",
                "ne_type": "",
                "e_type": "WIKILINK",
                "en": 48,
                "eIdx": 1,
                "st": 29
            },
            {
                "ancestor": "",
                "keyword": "<위치_(잡지)>",
                "ne_type": "",
                "e_type": "ELU",
                "en": 68,
                "eIdx": 2,
                "st": 59
            },
            {
                "ancestor": "",
                "keyword": "[퍼스_(웨스턴오스트레일리아_주)]",
                "ne_type": "",
                "e_type": "WIKILINK",
                "en": 96,
                "eIdx": 3,
                "st": 77
            },
            {
                "ancestor": "",
                "keyword": "<정탁_(후한)>",
                "ne_type": "",
                "e_type": "ELU",
                "en": 113,
                "eIdx": 4,
                "st": 104
            },
            {
                "ancestor": "",
                "keyword": "[크위나나_고속도로]",
                "ne_type": "",
                "e_type": "WIKILINK",
                "en": 130,
                "eIdx": 5,
                "st": 119
            },
            {
                "ancestor": "",
                "keyword": "[사우스_스트리트_(퍼스)]",
                "ne_type": "",
                "e_type": "WIKILINK",
                "en": 149,
                "eIdx": 6,
                "st": 134
            },
            {
                "ancestor": "",
                "keyword": "[1973년]",
                "ne_type": "",
                "e_type": "WIKILINK",
                "en": 177,
                "eIdx": 7,
                "st": 170
            },
            {
                "ancestor": "",
                "keyword": "[웨스턴오스트레일리아_주]",
                "ne_type": "",
                "e_type": "WIKILINK",
                "en": 192,
                "eIdx": 8,
                "st": 178
            },
            {
                "ancestor": "",
                "keyword": "[1975년]",
                "ne_type": "",
                "e_type": "WIKILINK",
                "en": 220,
                "eIdx": 9,
                "st": 213
            },
            {
                "ancestor": "",
                "keyword": "[월터_머독]",
                "ne_type": "",
                "e_type": "WIKILINK",
                "en": 277,
                "eIdx": 10,
                "st": 270
            },
            {
                "ancestor": "",
                "keyword": "[경_(칭호)]",
                "ne_type": "",
                "e_type": "WIKILINK",
                "en": 299,
                "eIdx": 11,
                "st": 291
            }
        ],
        "text": "머독 대학교()은 [웨스턴오스트레일리아_주]의 주도 [퍼스_(웨스턴오스트레일리아_주)]()의 교외 지역에 <위치_(잡지)>한 대학교이다. [퍼스_(웨스턴오스트레일리아_주)]에서 14km <정탁_(후한)> 떨어진, [크위나나_고속도로] 근처 [사우스_스트리트_(퍼스)]를 따라 펼쳐져 있다. 머독 대학교는 [1973년] [웨스턴오스트레일리아_주] 내 두 번째 대학교로 시작하였으며, [1975년] 첫 입학생을 받아들였다. 머독 대학교라는 이름은 저명한 오스트레일리아 학자이자 수필가인 [월터_머독](1874년-1970년) [경_(칭호)]의 이름을 따서 지었다. 머독 대학교 중앙 도서관 2층에 가면 그의 이름을 딴 서가를 볼 수 있다.",
        "pIdx": 1
    },
    {
        "pronouns": [],
        "globalSId": [
            842606,
            842607,
            842608
        ],
        "wikiPageId": 114399,
        "entities": [
            {
                "ancestor": "",
                "keyword": "[오스트레일리아]",
                "ne_type": "",
                "e_type": "WIKILINK",
                "en": 9,
                "eIdx": 0,
                "st": 0
            },
            {
                "ancestor": "",
                "keyword": "[제곱킬로미터]",
                "ne_type": "",
                "e_type": "WIKILINK",
                "en": 47,
                "eIdx": 1,
                "st": 39
            },
            {
                "ancestor": "",
                "keyword": "[웨스턴오스트레일리아_주]",
                "ne_type": "",
                "e_type": "WIKILINK",
                "en": 79,
                "eIdx": 2,
                "st": 65
            },
            {
                "ancestor": "",
                "keyword": "[수의학]",
                "ne_type": "",
                "e_type": "WIKILINK",
                "en": 90,
                "eIdx": 3,
                "st": 85
            }
        ],
        "text": "[오스트레일리아]에서 가장 넓은 캠퍼스를 갖고 있다. 면적은 2.27 [제곱킬로미터]에 달한다. 면적이 넓은 까닭은 [웨스턴오스트레일리아_주]의 유일한 [수의학] 보유 대학교이기 때문인데, 캠퍼스 남쪽 지역에는 가축을 기르기 위한 축사, 농장 및 재생 에너지 시설 등이 들어차 있다.",
        "pIdx": 2
    },
    {
        "pronouns": [],
        "globalSId": [
            842609,
            842610,
            842611,
            842612
        ],
        "wikiPageId": 114399,
        "entities": [
            {
                "ancestor": "",
                "keyword": "<학교>",
                "ne_type": "",
                "e_type": "ELU",
                "en": 37,
                "eIdx": 0,
                "st": 33
            },
            {
                "ancestor": "",
                "keyword": "<머독_대학교>",
                "ne_type": "",
                "e_type": "ELU",
                "en": 83,
                "eIdx": 1,
                "st": 75
            }
        ],
        "text": "개요 및 특징 2007년 3월 현재 13,517명의 학생이 <학교>에 등록되어 있다. 그 중 2000 여 명 이상이 외국인 학생이다. <머독_대학교>에는 세 개의 주요 부문이 있다: 예술(인문, 사회과학, IT, 법학, 경영학 포함); 생명 과학; 공학이라는 세 개의 주요 부문이 있다.",
        "pIdx": 3
    },
    {
        "pronouns": [],
        "globalSId": [
            842613,
            842614,
            842615,
            842616
        ],
        "wikiPageId": 114399,
        "entities": [
            {
                "ancestor": "",
                "keyword": "<안마당>",
                "ne_type": "",
                "e_type": "ELU",
                "en": 22,
                "eIdx": 0,
                "st": 17
            },
            {
                "ancestor": "",
                "keyword": "<마당_주>",
                "ne_type": "",
                "e_type": "ELU",
                "en": 61,
                "eIdx": 1,
                "st": 55
            },
            {
                "ancestor": "",
                "keyword": "<마당_주>",
                "ne_type": "",
                "e_type": "ELU",
                "en": 78,
                "eIdx": 2,
                "st": 72
            },
            {
                "ancestor": "",
                "keyword": "<위치_(잡지)>",
                "ne_type": "",
                "e_type": "ELU",
                "en": 106,
                "eIdx": 3,
                "st": 97
            },
            {
                "ancestor": "",
                "keyword": "<의식_(심리철학)>",
                "ne_type": "",
                "e_type": "ELU",
                "en": 125,
                "eIdx": 4,
                "st": 114
            },
            {
                "ancestor": "",
                "keyword": "<동명성왕>",
                "ne_type": "",
                "e_type": "ELU",
                "en": 133,
                "eIdx": 5,
                "st": 127
            },
            {
                "ancestor": "",
                "keyword": "<정원>",
                "ne_type": "",
                "e_type": "ELU",
                "en": 218,
                "eIdx": 6,
                "st": 214
            }
        ],
        "text": "머독 대학교의 초창기 건물들은 <안마당> 하나를 둘러싸고 건축되었는데, 그 안마당의 이름은 \"덤불 <마당_주>\"()이다. \"덤불 <마당_주>\"은 캠퍼스에서 가장 높은 지역에 <위치_(잡지)>한다. 공동체 <의식_(심리철학)>을 <동명성왕>하기 위한 목적으로, 각 건물들은 이 마당과 가로수로 덮인 베란다들을 통해 연결된다. 조글로 라하유(, 조용한 궁전이라는 뜻)라는 이름의 중국식 <정원>도 캠퍼스 내에 있다.",
        "pIdx": 4
    },
    {
        "pronouns": [],
        "globalSId": [
            842617,
            842618,
            842619,
            842620,
            842621
        ],
        "wikiPageId": 114399,
        "entities": [
            {
                "ancestor": "",
                "keyword": "[록킹검_(웨스턴오스트레일리아_주)]",
                "ne_type": "",
                "e_type": "WIKILINK",
                "en": 58,
                "eIdx": 0,
                "st": 38
            },
            {
                "ancestor": "",
                "keyword": "[1996년]",
                "ne_type": "",
                "e_type": "WIKILINK",
                "en": 86,
                "eIdx": 1,
                "st": 79
            },
            {
                "ancestor": "",
                "keyword": "[TAFE]",
                "ne_type": "",
                "e_type": "WIKILINK",
                "en": 98,
                "eIdx": 2,
                "st": 92
            },
            {
                "ancestor": "",
                "keyword": "[공학]",
                "ne_type": "",
                "e_type": "WIKILINK",
                "en": 128,
                "eIdx": 3,
                "st": 124
            },
            {
                "ancestor": "",
                "keyword": "<도서관>",
                "ne_type": "",
                "e_type": "ELU",
                "en": 154,
                "eIdx": 4,
                "st": 149
            },
            {
                "ancestor": "",
                "keyword": "<재료>",
                "ne_type": "",
                "e_type": "ELU",
                "en": 160,
                "eIdx": 5,
                "st": 156
            },
            {
                "ancestor": "",
                "keyword": "[필_(웨스턴오스트레일리아_주)]",
                "ne_type": "",
                "e_type": "WIKILINK",
                "en": 182,
                "eIdx": 6,
                "st": 164
            },
            {
                "ancestor": "",
                "keyword": "[만두라_(웨스턴오스트레일리아_주)]",
                "ne_type": "",
                "e_type": "WIKILINK",
                "en": 220,
                "eIdx": 7,
                "st": 200
            },
            {
                "ancestor": "",
                "keyword": "<위치_(잡지)>",
                "ne_type": "",
                "e_type": "ELU",
                "en": 231,
                "eIdx": 8,
                "st": 222
            },
            {
                "ancestor": "",
                "keyword": "[2004년]",
                "ne_type": "",
                "e_type": "WIKILINK",
                "en": 242,
                "eIdx": 9,
                "st": 235
            },
            {
                "ancestor": "",
                "keyword": "<인스톨레이션>",
                "ne_type": "",
                "e_type": "ELU",
                "en": 251,
                "eIdx": 10,
                "st": 243
            }
        ],
        "text": "머독 대학교에는 크게 세 개의 캠퍼스가 있다. 머독 캠퍼스 말고도, [록킹검_(웨스턴오스트레일리아_주)] 지역 캠퍼스가 있는데, 이 캠퍼스는 [1996년] 록킹검의 [TAFE] 캠퍼스 옆에 나란히 세워졌다. 이 캠퍼스에는 [공학], 예술, 상업 부문의 건물들과 지역 <도서관>이 <재료>한다. [필_(웨스턴오스트레일리아_주)] 캠퍼스도 있는데, 이 캠퍼스는 [만두라_(웨스턴오스트레일리아_주)]에 <위치_(잡지)>하며, [2004년] <인스톨레이션>되었다. 이 캠퍼스로는 간호학과와 생명과학과 학생들이 다닌다.",
        "pIdx": 5
    },
    {
        "pronouns": [],
        "globalSId": [
            842622
        ],
        "wikiPageId": 114399,
        "entities": [
            {
                "ancestor": "",
                "keyword": "[법학]",
                "ne_type": "",
                "e_type": "WIKILINK",
                "en": 4,
                "eIdx": 0,
                "st": 0
            },
            {
                "ancestor": "",
                "keyword": "[미술]",
                "ne_type": "",
                "e_type": "WIKILINK",
                "en": 11,
                "eIdx": 1,
                "st": 7
            },
            {
                "ancestor": "",
                "keyword": "[정보_공학]",
                "ne_type": "",
                "e_type": "WIKILINK",
                "en": 22,
                "eIdx": 2,
                "st": 15
            },
            {
                "ancestor": "",
                "keyword": "[자연과학]",
                "ne_type": "",
                "e_type": "WIKILINK",
                "en": 32,
                "eIdx": 3,
                "st": 26
            },
            {
                "ancestor": "",
                "keyword": "[바이오_공학]",
                "ne_type": "",
                "e_type": "WIKILINK",
                "en": 43,
                "eIdx": 4,
                "st": 35
            },
            {
                "ancestor": "",
                "keyword": "[심리학]",
                "ne_type": "",
                "e_type": "WIKILINK",
                "en": 52,
                "eIdx": 5,
                "st": 47
            },
            {
                "ancestor": "",
                "keyword": "[공학]",
                "ne_type": "",
                "e_type": "WIKILINK",
                "en": 59,
                "eIdx": 6,
                "st": 55
            },
            {
                "ancestor": "",
                "keyword": "[수의학]",
                "ne_type": "",
                "e_type": "WIKILINK",
                "en": 67,
                "eIdx": 7,
                "st": 62
            },
            {
                "ancestor": "",
                "keyword": "[카이로프랙틱]",
                "ne_type": "",
                "e_type": "WIKILINK",
                "en": 78,
                "eIdx": 8,
                "st": 70
            },
            {
                "ancestor": "",
                "keyword": "[반테러]",
                "ne_type": "",
                "e_type": "WIKILINK",
                "en": 87,
                "eIdx": 9,
                "st": 82
            },
            {
                "ancestor": "",
                "keyword": "<과정>",
                "ne_type": "",
                "e_type": "ELU",
                "en": 100,
                "eIdx": 10,
                "st": 96
            },
            {
                "ancestor": "",
                "keyword": "[약학]",
                "ne_type": "",
                "e_type": "WIKILINK",
                "en": 107,
                "eIdx": 11,
                "st": 103
            },
            {
                "ancestor": "",
                "keyword": "[매스_커뮤니케이션]",
                "ne_type": "",
                "e_type": "WIKILINK",
                "en": 121,
                "eIdx": 12,
                "st": 110
            }
        ],
        "text": "[법학]과, [미술]학과, [정보_공학]학과, [자연과학]과, [바이오_공학]학과, [심리학]과 ,[공학]과, [수의학]과, [카이로프랙틱]학과, [반테러]학과 등의 학부 <과정> 및 [약학]과, [매스_커뮤니케이션]과, 경영(통상)학과 대학원 과정이 있다.",
        "pIdx": 6
    },
    {
        "pronouns": [],
        "globalSId": [
            842623,
            842624
        ],
        "wikiPageId": 114399,
        "entities": [
            {
                "ancestor": "",
                "keyword": "<오스트레일리아>",
                "ne_type": "",
                "e_type": "ELU",
                "en": 9,
                "eIdx": 0,
                "st": 0
            },
            {
                "ancestor": "",
                "keyword": "<위원회>",
                "ne_type": "",
                "e_type": "ELU",
                "en": 23,
                "eIdx": 1,
                "st": 18
            },
            {
                "ancestor": "",
                "keyword": "<머독_대학교>",
                "ne_type": "",
                "e_type": "ELU",
                "en": 73,
                "eIdx": 2,
                "st": 65
            },
            {
                "ancestor": "",
                "keyword": "<오스트레일리아>",
                "ne_type": "",
                "e_type": "ELU",
                "en": 92,
                "eIdx": 3,
                "st": 83
            },
            {
                "ancestor": "",
                "keyword": "[디_오스트레일리안]",
                "ne_type": "",
                "e_type": "WIKILINK",
                "en": 124,
                "eIdx": 4,
                "st": 113
            },
            {
                "ancestor": "",
                "keyword": "<보도_(도로)>",
                "ne_type": "",
                "e_type": "ELU",
                "en": 138,
                "eIdx": 5,
                "st": 129
            },
            {
                "ancestor": "",
                "keyword": "<수의사>",
                "ne_type": "",
                "e_type": "ELU",
                "en": 154,
                "eIdx": 6,
                "st": 149
            }
        ],
        "text": "<오스트레일리아>의 졸업생 진로 <위원회>(Graduate Careers Council of Austrailia)가 <머독_대학교>의 신문방송학과가 <오스트레일리아>의 신문방송학과 중 5위 안에 든다고 [디_오스트레일리안] 신문에 <보도_(도로)>된 바 있다. 많은 <수의사> 수업이 외부에 공개되어 있으며 온라인을 통해 학습이 가능하도록 되어 있다.",
        "pIdx": 7
    }
]