[
    {
        "pronouns": [],
        "globalSId": [
            1318907,
            1318908,
            1318909
        ],
        "wikiPageId": 222521,
        "entities": [
            {
                "ancestor": "",
                "keyword": "<김효원>",
                "ne_type": "",
                "e_type": "ELU",
                "en": 5,
                "eIdx": 0,
                "st": 0
            },
            {
                "ancestor": "",
                "keyword": "[1542년]",
                "ne_type": "",
                "e_type": "WIKILINK",
                "en": 18,
                "eIdx": 1,
                "st": 11
            },
            {
                "ancestor": "",
                "keyword": "[1590년]",
                "ne_type": "",
                "e_type": "WIKILINK",
                "en": 28,
                "eIdx": 2,
                "st": 21
            },
            {
                "ancestor": "",
                "keyword": "[조선]",
                "ne_type": "",
                "e_type": "WIKILINK",
                "en": 35,
                "eIdx": 3,
                "st": 31
            },
            {
                "ancestor": "",
                "keyword": "[퇴계_이황]",
                "ne_type": "",
                "e_type": "WIKILINK",
                "en": 58,
                "eIdx": 4,
                "st": 51
            },
            {
                "ancestor": "",
                "keyword": "[남명_조식]",
                "ne_type": "",
                "e_type": "WIKILINK",
                "en": 67,
                "eIdx": 5,
                "st": 60
            },
            {
                "ancestor": "",
                "keyword": "[선산_김씨]",
                "ne_type": "",
                "e_type": "WIKILINK",
                "en": 86,
                "eIdx": 6,
                "st": 79
            },
            {
                "ancestor": "",
                "keyword": "<성암>",
                "ne_type": "",
                "e_type": "ELU",
                "en": 109,
                "eIdx": 7,
                "st": 105
            }
        ],
        "text": "<김효원>(金孝元, [1542년] ~ [1590년])은 [조선] 중기의 학자이며 문신이다. [퇴계_이황]과 [남명_조식]의 문인이다. 본관은 [선산_김씨]으로, 자는 인백(仁伯)이고 호는 <성암>(省庵)이다.",
        "pIdx": 1
    },
    {
        "pronouns": [],
        "globalSId": [
            1318910,
            1318911,
            1318912,
            1318913
        ],
        "wikiPageId": 222521,
        "entities": [
            {
                "ancestor": "",
                "keyword": "[이황]",
                "ne_type": "",
                "e_type": "WIKILINK",
                "en": 4,
                "eIdx": 0,
                "st": 0
            },
            {
                "ancestor": "",
                "keyword": "[조식_(1501년)]",
                "ne_type": "",
                "e_type": "WIKILINK",
                "en": 18,
                "eIdx": 1,
                "st": 6
            },
            {
                "ancestor": "",
                "keyword": "[윤원형]",
                "ne_type": "",
                "e_type": "WIKILINK",
                "en": 37,
                "eIdx": 2,
                "st": 32
            },
            {
                "ancestor": "",
                "keyword": "[이조민]",
                "ne_type": "",
                "e_type": "WIKILINK",
                "en": 47,
                "eIdx": 3,
                "st": 42
            },
            {
                "ancestor": "",
                "keyword": "[윤원형]",
                "ne_type": "",
                "e_type": "WIKILINK",
                "en": 64,
                "eIdx": 4,
                "st": 59
            },
            {
                "ancestor": "",
                "keyword": "[훈구파]",
                "ne_type": "",
                "e_type": "WIKILINK",
                "en": 89,
                "eIdx": 5,
                "st": 84
            },
            {
                "ancestor": "",
                "keyword": "<관인>",
                "ne_type": "",
                "e_type": "ELU",
                "en": 118,
                "eIdx": 6,
                "st": 114
            },
            {
                "ancestor": "",
                "keyword": "[심의겸]",
                "ne_type": "",
                "e_type": "WIKILINK",
                "en": 137,
                "eIdx": 7,
                "st": 132
            },
            {
                "ancestor": "",
                "keyword": "[심충겸]",
                "ne_type": "",
                "e_type": "WIKILINK",
                "en": 168,
                "eIdx": 8,
                "st": 163
            },
            {
                "ancestor": "",
                "keyword": "[이조]",
                "ne_type": "",
                "e_type": "WIKILINK",
                "en": 174,
                "eIdx": 9,
                "st": 170
            },
            {
                "ancestor": "",
                "keyword": "[전랑]",
                "ne_type": "",
                "e_type": "WIKILINK",
                "en": 178,
                "eIdx": 10,
                "st": 174
            },
            {
                "ancestor": "",
                "keyword": "<소>",
                "ne_type": "",
                "e_type": "ELU",
                "en": 208,
                "eIdx": 11,
                "st": 205
            },
            {
                "ancestor": "",
                "keyword": "[심의겸]",
                "ne_type": "",
                "e_type": "WIKILINK",
                "en": 226,
                "eIdx": 12,
                "st": 221
            },
            {
                "ancestor": "",
                "keyword": "[서인]",
                "ne_type": "",
                "e_type": "WIKILINK",
                "en": 239,
                "eIdx": 13,
                "st": 235
            },
            {
                "ancestor": "",
                "keyword": "<노수신>",
                "ne_type": "",
                "e_type": "ELU",
                "en": 257,
                "eIdx": 14,
                "st": 252
            },
            {
                "ancestor": "",
                "keyword": "<이이>",
                "ne_type": "",
                "e_type": "ELU",
                "en": 263,
                "eIdx": 15,
                "st": 259
            },
            {
                "ancestor": "",
                "keyword": "<ㅈ>",
                "ne_type": "",
                "e_type": "ELU",
                "en": 299,
                "eIdx": 16,
                "st": 296
            }
        ],
        "text": "[이황]과 [조식_(1501년)]의 문하에서 수학하였으나 [윤원형]의 사위 [이조민]의 친구인 탓에 한때 [윤원형]가의 식객으로 있기도 했다. 그 뒤 [훈구파]가 몰락하고 사림파가 크게 진출할 때 소장파 <관인>의 대표적인 인물이었다. [심의겸]의 반대를 무릅쓰고 이조정랑이 되었으나 다음해 [심충겸]이 [이조][전랑]에 천거되자 외척임을 들어 적극 반대하여 사림을 <소>을 중심으로 한 동인과 [심의겸]을 중심으로 한 [서인]으로 갈라지게 하였다. <노수신>과 <이이>의 조정책으로 외직으로 전출된 후 10년 간 한직(閒職)을 <ㅈ>했다.",
        "pIdx": 2
    }
]