[
    {
        "entities": [
            {
                "keyword": "[쓰쓰이_야스타카]",
                "ancestor": "",
                "st": 11,
                "eIdx": 0,
                "ne_type": "",
                "en": 21,
                "e_type": "WIKILINK"
            },
            {
                "keyword": "[과학_소설]",
                "ancestor": "",
                "st": 23,
                "eIdx": 1,
                "ne_type": "",
                "en": 30,
                "e_type": "WIKILINK"
            }
        ],
        "text": "《가족팔경》 ()은 [쓰쓰이_야스타카]의 [과학_소설]이다.",
        "globalSId": [
            2700606
        ],
        "pIdx": 1,
        "pronouns": [],
        "wikiPageId": 743966
    },
    {
        "entities": [
            {
                "keyword": "<구성>",
                "ancestor": "",
                "st": 61,
                "eIdx": 0,
                "ne_type": "",
                "en": 65,
                "e_type": "ELU"
            },
            {
                "keyword": "[나오키상]",
                "ancestor": "",
                "st": 76,
                "eIdx": 1,
                "ne_type": "",
                "en": 82,
                "e_type": "WIKILINK"
            }
        ],
        "text": "개요 1970년부터 1971년까지 《소설 신초》, 《별책 소설 신초》에 연재된 1화 완결의 단편 소설 8개로 <구성>돼있으며, 제67회 [나오키상] 후보에 올랐다.",
        "globalSId": [
            2700607,
            2700608
        ],
        "pIdx": 2,
        "pronouns": [],
        "wikiPageId": 743966
    },
    {
        "entities": [
            {
                "keyword": "[텔레파시]",
                "ancestor": "",
                "st": 37,
                "eIdx": 0,
                "ne_type": "",
                "en": 43,
                "e_type": "WIKILINK"
            },
            {
                "keyword": "<여성>",
                "ancestor": "",
                "st": 45,
                "eIdx": 1,
                "ne_type": "",
                "en": 49,
                "e_type": "ELU"
            },
            {
                "keyword": "<가정부>",
                "ancestor": "",
                "st": 167,
                "eIdx": 2,
                "ne_type": "",
                "en": 172,
                "e_type": "ELU"
            }
        ],
        "text": "18세 히타 나나세는 사람의 마음을 읽을 수 있는 정싱감응 능력자([텔레파시]) <여성>이다. 고등학교 졸업 후, 가정부가 되어 다양한 가정에서 일하는데 가족의 내면을 읽어버려, 가는 곳마다 갈등이나 사건을 일으킨다. 여성으로서 육체적 성장을 맞아 성적 관심을 두게 되고, 20세가 되는 최종화에서 <가정부>를 그만둔다.",
        "globalSId": [
            2700609,
            2700610,
            2700611
        ],
        "pIdx": 3,
        "pronouns": [],
        "wikiPageId": 743966
    }
]