[
    {
        "pronouns": [],
        "globalSId": [
            2838245
        ],
        "wikiPageId": 812434,
        "entities": [
            {
                "ancestor": "",
                "keyword": "<정민형>",
                "ne_type": "",
                "e_type": "ELU",
                "en": 5,
                "eIdx": 0,
                "st": 0
            },
            {
                "ancestor": "",
                "keyword": "[1987년]",
                "ne_type": "",
                "e_type": "WIKILINK",
                "en": 18,
                "eIdx": 1,
                "st": 11
            },
            {
                "ancestor": "",
                "keyword": "[5월_14일]",
                "ne_type": "",
                "e_type": "WIKILINK",
                "en": 27,
                "eIdx": 2,
                "st": 19
            },
            {
                "ancestor": "",
                "keyword": "[2012년]",
                "ne_type": "",
                "e_type": "WIKILINK",
                "en": 37,
                "eIdx": 3,
                "st": 30
            },
            {
                "ancestor": "",
                "keyword": "[7월_4일]",
                "ne_type": "",
                "e_type": "WIKILINK",
                "en": 45,
                "eIdx": 4,
                "st": 38
            },
            {
                "ancestor": "",
                "keyword": "[대한민국]",
                "ne_type": "",
                "e_type": "WIKILINK",
                "en": 54,
                "eIdx": 5,
                "st": 48
            },
            {
                "ancestor": "",
                "keyword": "[축구]",
                "ne_type": "",
                "e_type": "WIKILINK",
                "en": 62,
                "eIdx": 6,
                "st": 58
            }
        ],
        "text": "<정민형>(鄭敏亨, [1987년] [5월_14일] ~ [2012년] [7월_4일])은 [대한민국]의 전 [축구] 선수이다.",
        "pIdx": 1
    }
]