[
    {
        "pronouns": [],
        "globalSId": [
            20830,
            20831
        ],
        "wikiPageId": 786,
        "entities": [
            {
                "ancestor": "",
                "keyword": "<현재>",
                "ne_type": "",
                "e_type": "ELU",
                "en": 4,
                "eIdx": 0,
                "st": 0
            },
            {
                "ancestor": "",
                "keyword": "<앨런_튜링>",
                "ne_type": "",
                "e_type": "ELU",
                "en": 67,
                "eIdx": 1,
                "st": 60
            },
            {
                "ancestor": "",
                "keyword": "<기계>",
                "ne_type": "",
                "e_type": "ELU",
                "en": 76,
                "eIdx": 2,
                "st": 72
            },
            {
                "ancestor": "",
                "keyword": "<제시_(배우)>",
                "ne_type": "",
                "e_type": "ELU",
                "en": 152,
                "eIdx": 3,
                "st": 143
            }
        ],
        "text": "<현재>은 이 발견이 당연하다고 생각하지만 그 당시(1936)로서는 정말 놀라운 발견이었다. 일부 학자들은 <앨런_튜링>이 범용 <기계>(Universal Machine)\"이라고 부른 이 계산 모델이 프로그램 내장식 컴퓨터를 위한 기초적인 이론적 해결책을 <제시_(배우)>했다고 생각한다.",
        "pIdx": 24
    },
    {
        "pronouns": [],
        "globalSId": [
            20832,
            20833,
            20834,
            20835
        ],
        "wikiPageId": 786,
        "entities": [
            {
                "ancestor": "",
                "keyword": "[다중테이프_튜링_기계]",
                "ne_type": "",
                "e_type": "WIKILINK",
                "en": 28,
                "eIdx": 0,
                "st": 15
            },
            {
                "ancestor": "",
                "keyword": "<인수_합병>",
                "ne_type": "",
                "e_type": "ELU",
                "en": 61,
                "eIdx": 1,
                "st": 54
            },
            {
                "ancestor": "",
                "keyword": "<헨리_8세>",
                "ne_type": "",
                "e_type": "ELU",
                "en": 97,
                "eIdx": 2,
                "st": 90
            },
            {
                "ancestor": "",
                "keyword": "<아이작_스턴>",
                "ne_type": "",
                "e_type": "ELU",
                "en": 112,
                "eIdx": 3,
                "st": 104
            }
        ],
        "text": "계산복잡도의 측면에서 보면 [다중테이프_튜링_기계]는 이 기계가 시뮬레이트하는 기계에 비해 로그 <인수_합병>만큼 느려야 한다. 이 결과는 1966년에 F.C. <헨리_8세>와 R.E. <아이작_스턴>에의해 얻어졌다.(아오라와 바락, 2009, 정리 1.9).",
        "pIdx": 25
    },
    {
        "pronouns": [],
        "globalSId": [
            20836,
            20837,
            20838,
            20839,
            20840,
            20841
        ],
        "wikiPageId": 786,
        "entities": [
            {
                "ancestor": "",
                "keyword": "<기계>",
                "ne_type": "",
                "e_type": "ELU",
                "en": 7,
                "eIdx": 0,
                "st": 3
            },
            {
                "ancestor": "",
                "keyword": "<튜링_기계>",
                "ne_type": "",
                "e_type": "ELU",
                "en": 24,
                "eIdx": 1,
                "st": 17
            },
            {
                "ancestor": "",
                "keyword": "[오토마타]",
                "ne_type": "",
                "e_type": "WIKILINK",
                "en": 35,
                "eIdx": 2,
                "st": 29
            },
            {
                "ancestor": "",
                "keyword": "<기계>",
                "ne_type": "",
                "e_type": "ELU",
                "en": 48,
                "eIdx": 3,
                "st": 44
            },
            {
                "ancestor": "",
                "keyword": "<기계>",
                "ne_type": "",
                "e_type": "ELU",
                "en": 116,
                "eIdx": 4,
                "st": 112
            },
            {
                "ancestor": "",
                "keyword": "<기계>",
                "ne_type": "",
                "e_type": "ELU",
                "en": 150,
                "eIdx": 5,
                "st": 146
            },
            {
                "ancestor": "",
                "keyword": "[선형_구속_오토마타]",
                "ne_type": "",
                "e_type": "WIKILINK",
                "en": 165,
                "eIdx": 6,
                "st": 153
            },
            {
                "ancestor": "",
                "keyword": "<튜링_기계>",
                "ne_type": "",
                "e_type": "ELU",
                "en": 185,
                "eIdx": 7,
                "st": 178
            },
            {
                "ancestor": "",
                "keyword": "<조선_연산군>",
                "ne_type": "",
                "e_type": "ELU",
                "en": 195,
                "eIdx": 8,
                "st": 187
            },
            {
                "ancestor": "",
                "keyword": "<공간>",
                "ne_type": "",
                "e_type": "ELU",
                "en": 211,
                "eIdx": 9,
                "st": 207
            },
            {
                "ancestor": "",
                "keyword": "<튜링_기계>",
                "ne_type": "",
                "e_type": "ELU",
                "en": 229,
                "eIdx": 10,
                "st": 222
            },
            {
                "ancestor": "",
                "keyword": "<질소_고정>",
                "ne_type": "",
                "e_type": "ELU",
                "en": 282,
                "eIdx": 11,
                "st": 275
            },
            {
                "ancestor": "",
                "keyword": "<기억_장치>",
                "ne_type": "",
                "e_type": "ELU",
                "en": 294,
                "eIdx": 12,
                "st": 287
            },
            {
                "ancestor": "",
                "keyword": "<이용_(가수)>",
                "ne_type": "",
                "e_type": "ELU",
                "en": 305,
                "eIdx": 13,
                "st": 296
            },
            {
                "ancestor": "",
                "keyword": "<튜링_기계>",
                "ne_type": "",
                "e_type": "ELU",
                "en": 324,
                "eIdx": 14,
                "st": 317
            }
        ],
        "text": "실제 <기계>와의 비교 흔히들 <튜링_기계>는 다른 [오토마타]와 다르게 실제 <기계>만큼 강력하고 실제 프로그램이 할 수 있는 연산을 모두 실행할 수 있다고 한다. 여기서 간과하고 있는 사실은 실제 <기계>는 유한개의 배형만을 가질 수 있기 때문에 이 \"실제 <기계>\"는 [선형_구속_오토마타]에 그친다. 그에 비해 <튜링_기계>는 <조선_연산군>을 위한 무한한 저장 <공간>을 가진 기계이다. <튜링_기계>는 컴퓨터를 모델링한 것이 아니라 연산 자체를 모델링한 것이다. 역사적으로 보자면 <질소_고정>된 내부 <기억_장치>를 <이용_(가수)>해 연산하는 컴퓨터는 <튜링_기계>보다 훨씬 나중에 개발되었다.",
        "pIdx": 26
    },
    {
        "pronouns": [],
        "globalSId": [
            20842
        ],
        "wikiPageId": 786,
        "entities": [
            {
                "ancestor": "",
                "keyword": "<튜링_기계>",
                "ne_type": "",
                "e_type": "ELU",
                "en": 7,
                "eIdx": 0,
                "st": 0
            }
        ],
        "text": "<튜링_기계>는 다음과 같은 이유들로 실제 컴퓨터의 모형으로서 상당히 유용하다.",
        "pIdx": 27
    },
    {
        "pronouns": [],
        "globalSId": [
            20843,
            20844
        ],
        "wikiPageId": 786,
        "entities": [
            {
                "ancestor": "",
                "keyword": "<튜링_기계>",
                "ne_type": "",
                "e_type": "ELU",
                "en": 11,
                "eIdx": 0,
                "st": 4
            },
            {
                "ancestor": "",
                "keyword": "<시간>",
                "ne_type": "",
                "e_type": "ELU",
                "en": 78,
                "eIdx": 1,
                "st": 74
            },
            {
                "ancestor": "",
                "keyword": "<무한>",
                "ne_type": "",
                "e_type": "ELU",
                "en": 87,
                "eIdx": 2,
                "st": 83
            },
            {
                "ancestor": "",
                "keyword": "<튜링_기계>",
                "ne_type": "",
                "e_type": "ELU",
                "en": 113,
                "eIdx": 3,
                "st": 106
            }
        ],
        "text": "하지만 <튜링_기계>도 어떤 경우에는 실제 프로그램에 대한 좋지 못한 모델이 될 수 있다. 운영 체제나 워드 프로세서 같은 경우에는 <시간>에 따라 <무한>한 입력을 받을 수 있어야 하는데 <튜링_기계>는 그러한 무한한 연산의 경우 모델링이 힘들다.(그렇지만 역시 부분적인 과정들은 모델링할 수 있다.).",
        "pIdx": 28
    },
    {
        "pronouns": [],
        "globalSId": [
            20845,
            20846,
            20847,
            20848,
            20849,
            20850,
            20851,
            20852
        ],
        "wikiPageId": 786,
        "entities": [
            {
                "ancestor": "",
                "keyword": "<튜링_기계>",
                "ne_type": "",
                "e_type": "ELU",
                "en": 7,
                "eIdx": 0,
                "st": 0
            },
            {
                "ancestor": "",
                "keyword": "<튜링_기계>",
                "ne_type": "",
                "e_type": "ELU",
                "en": 30,
                "eIdx": 1,
                "st": 23
            },
            {
                "ancestor": "",
                "keyword": "<현대자동차>",
                "ne_type": "",
                "e_type": "ELU",
                "en": 68,
                "eIdx": 2,
                "st": 61
            },
            {
                "ancestor": "",
                "keyword": "[랜덤_접근_저장_프로그램]",
                "ne_type": "",
                "e_type": "WIKILINK",
                "en": 104,
                "eIdx": 3,
                "st": 89
            },
            {
                "ancestor": "",
                "keyword": "<기계>",
                "ne_type": "",
                "e_type": "ELU",
                "en": 109,
                "eIdx": 4,
                "st": 105
            },
            {
                "ancestor": "",
                "keyword": "[범용_튜링_기계]",
                "ne_type": "",
                "e_type": "WIKILINK",
                "en": 183,
                "eIdx": 5,
                "st": 173
            },
            {
                "ancestor": "",
                "keyword": "<무한>",
                "ne_type": "",
                "e_type": "ELU",
                "en": 223,
                "eIdx": 6,
                "st": 219
            },
            {
                "ancestor": "",
                "keyword": "<저장_성>",
                "ne_type": "",
                "e_type": "ELU",
                "en": 243,
                "eIdx": 7,
                "st": 237
            },
            {
                "ancestor": "",
                "keyword": "<공간>",
                "ne_type": "",
                "e_type": "ELU",
                "en": 258,
                "eIdx": 8,
                "st": 254
            },
            {
                "ancestor": "",
                "keyword": "<기계>",
                "ne_type": "",
                "e_type": "ELU",
                "en": 285,
                "eIdx": 9,
                "st": 281
            },
            {
                "ancestor": "",
                "keyword": "<이하나>",
                "ne_type": "",
                "e_type": "ELU",
                "en": 292,
                "eIdx": 10,
                "st": 287
            },
            {
                "ancestor": "",
                "keyword": "[레지스터]",
                "ne_type": "",
                "e_type": "WIKILINK",
                "en": 300,
                "eIdx": 11,
                "st": 294
            },
            {
                "ancestor": "",
                "keyword": "[레지스터]",
                "ne_type": "",
                "e_type": "WIKILINK",
                "en": 311,
                "eIdx": 12,
                "st": 305
            },
            {
                "ancestor": "",
                "keyword": "<저장_성>",
                "ne_type": "",
                "e_type": "ELU",
                "en": 341,
                "eIdx": 13,
                "st": 335
            },
            {
                "ancestor": "",
                "keyword": "[레지스터]",
                "ne_type": "",
                "e_type": "WIKILINK",
                "en": 375,
                "eIdx": 14,
                "st": 369
            },
            {
                "ancestor": "",
                "keyword": "[레지스터]",
                "ne_type": "",
                "e_type": "WIKILINK",
                "en": 392,
                "eIdx": 15,
                "st": 386
            },
            {
                "ancestor": "",
                "keyword": "<이용_(가수)>",
                "ne_type": "",
                "e_type": "ELU",
                "en": 426,
                "eIdx": 16,
                "st": 417
            },
            {
                "ancestor": "",
                "keyword": "<튜링_기계>",
                "ne_type": "",
                "e_type": "ELU",
                "en": 444,
                "eIdx": 17,
                "st": 437
            },
            {
                "ancestor": "",
                "keyword": "<계산_복잡도_이론>",
                "ne_type": "",
                "e_type": "ELU",
                "en": 495,
                "eIdx": 18,
                "st": 484
            },
            {
                "ancestor": "",
                "keyword": "[이진_검색_알고리즘]",
                "ne_type": "",
                "e_type": "WIKILINK",
                "en": 531,
                "eIdx": 19,
                "st": 519
            },
            {
                "ancestor": "",
                "keyword": "<조선_연산군>",
                "ne_type": "",
                "e_type": "ELU",
                "en": 573,
                "eIdx": 20,
                "st": 565
            }
        ],
        "text": "<튜링_기계>의 한계(시간 복잡도 이론) <튜링_기계>의 한계는 일부 배열들의 능력을 잘 모델링하지 못한다. <현대자동차>의 저장 프로그램 컴퓨터들은 추상적인 [랜덤_접근_저장_프로그램] <기계>(Random Access Store Program Machine, RASP machine)들의 실질적인 예이다. [범용_튜링_기계]와 같이 RASP는 무한개의 구분 가능한, 동시에 셀 수 있지만 <무한>한 레지스터(정수를 하나 <저장_성>할 수 있는 메모리 <공간>)를 가지고 있다. RASP의 유한 상태 <기계>는 <이하나>의 [레지스터]가 다른 [레지스터]의 주소를 포함 하는 등 간접적으로 주소를 <저장_성>하는 것이 가능하다. 따라서 RASP의 프로그램은 [레지스터] 배열에 있는 다른 [레지스터]를 호출하는 것이 가능하다. 메모리 인덱스를 <이용_(가수)>한 연산의 최적화가 <튜링_기계>에서는 불가능하므로 튜링 기계로 모델링 할 때 일부 알고리즘에 대해서는 <계산_복잡도_이론>의 잘못된 하한을 줄 수 있다. 예를 들어 [이진_검색_알고리즘]의 경우 튜링 기계 모델보단 RASP 모델로 훨씬 더 빠르게 <조선_연산군>이 가능하다.",
        "pIdx": 29
    },
    {
        "pronouns": [],
        "globalSId": [
            20853
        ],
        "wikiPageId": 786,
        "entities": [],
        "text": "역사",
        "pIdx": 30
    },
    {
        "pronouns": [],
        "globalSId": [
            20854,
            20855
        ],
        "wikiPageId": 786,
        "entities": [
            {
                "ancestor": "",
                "keyword": "<기계>",
                "ne_type": "",
                "e_type": "ELU",
                "en": 16,
                "eIdx": 0,
                "st": 12
            },
            {
                "ancestor": "",
                "keyword": "[앨런_튜링]",
                "ne_type": "",
                "e_type": "WIKILINK",
                "en": 24,
                "eIdx": 1,
                "st": 17
            },
            {
                "ancestor": "",
                "keyword": "[로빈_간디]",
                "ne_type": "",
                "e_type": "WIKILINK",
                "en": 57,
                "eIdx": 2,
                "st": 50
            },
            {
                "ancestor": "",
                "keyword": "<기계>",
                "ne_type": "",
                "e_type": "ELU",
                "en": 78,
                "eIdx": 3,
                "st": 74
            },
            {
                "ancestor": "",
                "keyword": "[찰스_배비지]",
                "ne_type": "",
                "e_type": "WIKILINK",
                "en": 117,
                "eIdx": 4,
                "st": 109
            },
            {
                "ancestor": "",
                "keyword": "[찰스_배비지]",
                "ne_type": "",
                "e_type": "WIKILINK",
                "en": 137,
                "eIdx": 5,
                "st": 129
            }
        ],
        "text": "역사적 배경 : 계산 <기계> [앨런_튜링](1912-1954)의 제자이자 평생의 친구인 [로빈_간디](1919-1995)는 '계산 <기계>(calculatng machine)'의 관념의 기원을 [찰스_배비지]에서 찾았으며 실제로 [찰스_배비지] 이론을 제안했다.",
        "pIdx": 31
    },
    {
        "pronouns": [],
        "globalSId": [
            20856
        ],
        "wikiPageId": 786,
        "entities": [
            {
                "ancestor": "",
                "keyword": "[로빈_간디]",
                "ne_type": "",
                "e_type": "WIKILINK",
                "en": 7,
                "eIdx": 0,
                "st": 0
            },
            {
                "ancestor": "",
                "keyword": "[찰스_배비지]",
                "ne_type": "",
                "e_type": "WIKILINK",
                "en": 17,
                "eIdx": 1,
                "st": 9
            },
            {
                "ancestor": "",
                "keyword": "[해석_기관]",
                "ne_type": "",
                "e_type": "WIKILINK",
                "en": 26,
                "eIdx": 2,
                "st": 19
            },
            {
                "ancestor": "",
                "keyword": "<묘사>",
                "ne_type": "",
                "e_type": "ELU",
                "en": 43,
                "eIdx": 3,
                "st": 39
            }
        ],
        "text": "[로빈_간디]는 [찰스_배비지]의 [해석_기관]을 다섯 개의 연산으로 <묘사>했다.",
        "pIdx": 32
    },
    {
        "pronouns": [],
        "globalSId": [
            20857
        ],
        "wikiPageId": 786,
        "entities": [
            {
                "ancestor": "",
                "keyword": "[로빈_간디]",
                "ne_type": "",
                "e_type": "WIKILINK",
                "en": 7,
                "eIdx": 0,
                "st": 0
            },
            {
                "ancestor": "",
                "keyword": "<계산>",
                "ne_type": "",
                "e_type": "ELU",
                "en": 25,
                "eIdx": 1,
                "st": 21
            },
            {
                "ancestor": "",
                "keyword": "<계산>",
                "ne_type": "",
                "e_type": "ELU",
                "en": 40,
                "eIdx": 2,
                "st": 36
            },
            {
                "ancestor": "",
                "keyword": "<정의>",
                "ne_type": "",
                "e_type": "ELU",
                "en": 53,
                "eIdx": 3,
                "st": 49
            }
        ],
        "text": "[로빈_간디]는 1, 2, 4에 의해 <계산>될 수 있는 함수를 <계산> 가능한 함수로 <정의>했다.",
        "pIdx": 33
    }
]