[
    {
        "pronouns": [],
        "globalSId": [
            2505396
        ],
        "wikiPageId": 650020,
        "entities": [
            {
                "ancestor": "",
                "keyword": "[1843년]",
                "ne_type": "",
                "e_type": "WIKILINK",
                "en": 31,
                "eIdx": 0,
                "st": 24
            },
            {
                "ancestor": "",
                "keyword": "[6월_3일]",
                "ne_type": "",
                "e_type": "WIKILINK",
                "en": 39,
                "eIdx": 1,
                "st": 32
            },
            {
                "ancestor": "",
                "keyword": "[1912년]",
                "ne_type": "",
                "e_type": "WIKILINK",
                "en": 49,
                "eIdx": 2,
                "st": 42
            },
            {
                "ancestor": "",
                "keyword": "[5월_14일]",
                "ne_type": "",
                "e_type": "WIKILINK",
                "en": 58,
                "eIdx": 3,
                "st": 50
            },
            {
                "ancestor": "",
                "keyword": "[덴마크의_군주]",
                "ne_type": "",
                "e_type": "WIKILINK",
                "en": 70,
                "eIdx": 4,
                "st": 61
            }
        ],
        "text": "프레데리크 8세(Frederik VIII, [1843년] [6월_3일] ~ [1912년] [5월_14일])는 [덴마크의_군주]이다.",
        "pIdx": 1
    }
]