[
    {
        "entities": [
            {
                "keyword": "<캄포바소_현>",
                "ancestor": "",
                "st": 0,
                "eIdx": 0,
                "ne_type": "",
                "en": 8,
                "e_type": "ELU"
            },
            {
                "keyword": "[이탈리아]",
                "ancestor": "",
                "st": 12,
                "eIdx": 1,
                "ne_type": "",
                "en": 18,
                "e_type": "WIKILINK"
            },
            {
                "keyword": "[몰리세_주]",
                "ancestor": "",
                "st": 19,
                "eIdx": 2,
                "ne_type": "",
                "en": 26,
                "e_type": "WIKILINK"
            },
            {
                "keyword": "[이탈리아의_현]",
                "ancestor": "",
                "st": 28,
                "eIdx": 3,
                "ne_type": "",
                "en": 37,
                "e_type": "WIKILINK"
            },
            {
                "keyword": "<현도군>",
                "ancestor": "",
                "st": 41,
                "eIdx": 4,
                "ne_type": "",
                "en": 46,
                "e_type": "ELU"
            },
            {
                "keyword": "[캄포바소]",
                "ancestor": "",
                "st": 48,
                "eIdx": 5,
                "ne_type": "",
                "en": 54,
                "e_type": "WIKILINK"
            }
        ],
        "text": "<캄포바소_현>()은 [이탈리아] [몰리세_주]의 [이탈리아의_현]이다. <현도군>는 [캄포바소]이다. 면적은 2,909 km², 인구는 230,692(2001)이다.",
        "globalSId": [
            2754816,
            2754817,
            2754818
        ],
        "pIdx": 1,
        "pronouns": [],
        "wikiPageId": 768523
    }
]