[
    {
        "entities": [
            {
                "keyword": "<와타나베_미치오>",
                "ancestor": "",
                "st": 0,
                "eIdx": 0,
                "ne_type": "",
                "en": 10,
                "e_type": "ELU"
            },
            {
                "keyword": "[1923년]",
                "ancestor": "",
                "st": 14,
                "eIdx": 1,
                "ne_type": "",
                "en": 21,
                "e_type": "WIKILINK"
            },
            {
                "keyword": "[7월_28일]",
                "ancestor": "",
                "st": 22,
                "eIdx": 2,
                "ne_type": "",
                "en": 30,
                "e_type": "WIKILINK"
            },
            {
                "keyword": "[1995년]",
                "ancestor": "",
                "st": 33,
                "eIdx": 3,
                "ne_type": "",
                "en": 40,
                "e_type": "WIKILINK"
            },
            {
                "keyword": "[9월_15일]",
                "ancestor": "",
                "st": 41,
                "eIdx": 4,
                "ne_type": "",
                "en": 49,
                "e_type": "WIKILINK"
            },
            {
                "keyword": "[일본]",
                "ancestor": "",
                "st": 53,
                "eIdx": 5,
                "ne_type": "",
                "en": 57,
                "e_type": "WIKILINK"
            }
        ],
        "text": "<와타나베_미치오> (, [1923년] [7월_28일] ~ [1995년] [9월_15일]) 는 [일본]의 정치인이다.",
        "globalSId": [
            2053577
        ],
        "pIdx": 1,
        "pronouns": [],
        "wikiPageId": 446884
    },
    {
        "entities": [
            {
                "keyword": "[도치기_현]",
                "ancestor": "",
                "st": 3,
                "eIdx": 0,
                "ne_type": "",
                "en": 10,
                "e_type": "WIKILINK"
            },
            {
                "keyword": "[오타와라_시]",
                "ancestor": "",
                "st": 12,
                "eIdx": 1,
                "ne_type": "",
                "en": 20,
                "e_type": "WIKILINK"
            },
            {
                "keyword": "[1942년]",
                "ancestor": "",
                "st": 27,
                "eIdx": 2,
                "ne_type": "",
                "en": 34,
                "e_type": "WIKILINK"
            },
            {
                "keyword": "[히토쓰바시_대학]",
                "ancestor": "",
                "st": 56,
                "eIdx": 3,
                "ne_type": "",
                "en": 66,
                "e_type": "WIKILINK"
            },
            {
                "keyword": "<졸업>",
                "ancestor": "",
                "st": 70,
                "eIdx": 4,
                "ne_type": "",
                "en": 74,
                "e_type": "ELU"
            },
            {
                "keyword": "[요미우리_신문]",
                "ancestor": "",
                "st": 79,
                "eIdx": 5,
                "ne_type": "",
                "en": 88,
                "e_type": "WIKILINK"
            },
            {
                "keyword": "<기자_(직업)>",
                "ancestor": "",
                "st": 89,
                "eIdx": 6,
                "ne_type": "",
                "en": 98,
                "e_type": "ELU"
            },
            {
                "keyword": "[1955년]",
                "ancestor": "",
                "st": 111,
                "eIdx": 7,
                "ne_type": "",
                "en": 118,
                "e_type": "WIKILINK"
            },
            {
                "keyword": "[자유당_(일본,_1950년)]",
                "ancestor": "",
                "st": 119,
                "eIdx": 8,
                "ne_type": "",
                "en": 136,
                "e_type": "WIKILINK"
            }
        ],
        "text": "인물 [도치기_현]의 [오타와라_시]에서 태어나 [1942년] 도쿄 상과대학 (東京商科大学, 지금의 [히토쓰바시_대학]) 을 <졸업>한 후, [요미우리_신문] <기자_(직업)>, 회계사로 활동하다가 [1955년] [자유당_(일본,_1950년)] 공인으로 도치기 현 의회 의원 선거에 입후보해 당선되었다.",
        "globalSId": [
            2053578,
            2053579
        ],
        "pIdx": 2,
        "pronouns": [],
        "wikiPageId": 446884
    }
]