[
    {
        "pronouns": [],
        "globalSId": [
            1855446,
            1855447,
            1855448,
            1855449
        ],
        "wikiPageId": 364806,
        "entities": [
            {
                "ancestor": "",
                "keyword": "[1539년]",
                "ne_type": "",
                "e_type": "WIKILINK",
                "en": 14,
                "eIdx": 0,
                "st": 7
            },
            {
                "ancestor": "",
                "keyword": "[1597년]",
                "ne_type": "",
                "e_type": "WIKILINK",
                "en": 24,
                "eIdx": 1,
                "st": 17
            },
            {
                "ancestor": "",
                "keyword": "[8월]",
                "ne_type": "",
                "e_type": "WIKILINK",
                "en": 29,
                "eIdx": 2,
                "st": 25
            },
            {
                "ancestor": "",
                "keyword": "[조선_중기]",
                "ne_type": "",
                "e_type": "WIKILINK",
                "en": 39,
                "eIdx": 3,
                "st": 32
            },
            {
                "ancestor": "",
                "keyword": "[평산_신씨]",
                "ne_type": "",
                "e_type": "WIKILINK",
                "en": 58,
                "eIdx": 4,
                "st": 51
            },
            {
                "ancestor": "",
                "keyword": "[전라도]",
                "ne_type": "",
                "e_type": "WIKILINK",
                "en": 100,
                "eIdx": 5,
                "st": 95
            },
            {
                "ancestor": "",
                "keyword": "[고부]",
                "ne_type": "",
                "e_type": "WIKILINK",
                "en": 105,
                "eIdx": 6,
                "st": 101
            },
            {
                "ancestor": "",
                "keyword": "<이주하>",
                "ne_type": "",
                "e_type": "ELU",
                "en": 112,
                "eIdx": 7,
                "st": 107
            }
        ],
        "text": "신호(申浩, [1539년] ~ [1597년] [8월])는 [조선_중기]의 무신이다. 본관은 [평산_신씨](平山). 자는 언원(彦源), 시호는 무장(武壯)이다. 선대 때에 [전라도] [고부]로 <이주하>여 살았다.",
        "pIdx": 1
    },
    {
        "globalSId": [
            1855450
        ],
        "pronouns": [
            {
                "proIdx": 0,
                "ancestor": "",
                "en": 14,
                "st": 8,
                "keyword": "여러 벼슬을"
            },
            {
                "proIdx": 1,
                "ancestor": "",
                "en": 88,
                "st": 83,
                "keyword": "여러 공을"
            }
        ],
        "wikiPageId": 364806,
        "entities": [
            {
                "ne_type": "",
                "keyword": "[임진왜란]",
                "ancestor": "",
                "e_type": "WIKILINK",
                "en": 25,
                "eIdx": 0,
                "st": 19
            },
            {
                "ne_type": "",
                "keyword": "[이순신]",
                "ancestor": "",
                "e_type": "WIKILINK",
                "en": 34,
                "eIdx": 1,
                "st": 29
            },
            {
                "ne_type": "",
                "keyword": "[옥포_해전]",
                "ancestor": "",
                "e_type": "WIKILINK",
                "en": 50,
                "eIdx": 2,
                "st": 43
            },
            {
                "ne_type": "",
                "keyword": "[사천_해전]",
                "ancestor": "",
                "e_type": "WIKILINK",
                "en": 59,
                "eIdx": 3,
                "st": 52
            },
            {
                "ne_type": "",
                "keyword": "[한산도_대첩]",
                "ancestor": "",
                "e_type": "WIKILINK",
                "en": 69,
                "eIdx": 4,
                "st": 61
            },
            {
                "ne_type": "",
                "keyword": "[안골포_해전]",
                "ancestor": "",
                "e_type": "WIKILINK",
                "en": 79,
                "eIdx": 5,
                "st": 71
            },
            {
                "ne_type": "ETC",
                "keyword": "[통정대부]",
                "ancestor": "",
                "e_type": "NEW",
                "en": 98,
                "eIdx": 6,
                "st": 92
            }
        ],
        "text": "과거 급제 후 여러 벼슬을 지내고 [임진왜란] 때는 [이순신] 휘하의 장수로 [옥포_해전], [사천_해전], [한산도_대첩], [안골포_해전] 등의 여러 공을 세워 [통정대부]로 승진되었다.",
        "pIdx": 2
    },
    {
        "pronouns": [],
        "globalSId": [
            1855451,
            1855452,
            1855453,
            1855454
        ],
        "wikiPageId": 364806,
        "entities": [
            {
                "ancestor": "",
                "keyword": "[1567년]",
                "ne_type": "",
                "e_type": "WIKILINK",
                "en": 10,
                "eIdx": 0,
                "st": 3
            },
            {
                "ancestor": "",
                "keyword": "<ㅈ>",
                "ne_type": "",
                "e_type": "ELU",
                "en": 63,
                "eIdx": 1,
                "st": 60
            },
            {
                "ancestor": "",
                "keyword": "<카이펑_시>",
                "ne_type": "",
                "e_type": "ELU",
                "en": 78,
                "eIdx": 2,
                "st": 71
            },
            {
                "ancestor": "",
                "keyword": "[1592년]",
                "ne_type": "",
                "e_type": "WIKILINK",
                "en": 123,
                "eIdx": 3,
                "st": 116
            },
            {
                "ancestor": "",
                "keyword": "[낙안군]",
                "ne_type": "",
                "e_type": "WIKILINK",
                "en": 132,
                "eIdx": 4,
                "st": 127
            },
            {
                "ancestor": "",
                "keyword": "<임진왜란>",
                "ne_type": "",
                "e_type": "ELU",
                "en": 146,
                "eIdx": 5,
                "st": 140
            },
            {
                "ancestor": "",
                "keyword": "<이순신>",
                "ne_type": "",
                "e_type": "ELU",
                "en": 158,
                "eIdx": 6,
                "st": 153
            },
            {
                "ancestor": "",
                "keyword": "[견내량]",
                "ne_type": "",
                "e_type": "WIKILINK",
                "en": 168,
                "eIdx": 7,
                "st": 163
            }
        ],
        "text": "생애 [1567년](명종 22년) 무과에 급제해 조산보만호(造山堡萬戶)에 임명되었다. 그 뒤 북방의 외직을 <ㅈ>하며 북방에서 <카이펑_시>을 수비, 그 후 내직으로 복귀하여 도총부도사, 경력 등을 지냈다. [1592년] 당시 [낙안군]수로 있을 때 <임진왜란>이 일어나자 <이순신>을 도와 [견내량]과 안골포 등지에서 공을 세워 통정대부로 임명되었다.",
        "pIdx": 3
    }
]