[
    {
        "entities": [
            {
                "keyword": "[1997년]",
                "ancestor": "",
                "st": 9,
                "eIdx": 0,
                "ne_type": "",
                "en": 16,
                "e_type": "WIKILINK"
            },
            {
                "keyword": "[8월_23일]",
                "ancestor": "",
                "st": 17,
                "eIdx": 1,
                "ne_type": "",
                "en": 25,
                "e_type": "WIKILINK"
            },
            {
                "keyword": "[대한민국]",
                "ancestor": "",
                "st": 31,
                "eIdx": 2,
                "ne_type": "",
                "en": 37,
                "e_type": "WIKILINK"
            },
            {
                "keyword": "[축구]",
                "ancestor": "",
                "st": 39,
                "eIdx": 3,
                "ne_type": "",
                "en": 43,
                "e_type": "WIKILINK"
            },
            {
                "keyword": "[공격수]",
                "ancestor": "",
                "st": 54,
                "eIdx": 4,
                "ne_type": "",
                "en": 59,
                "e_type": "WIKILINK"
            },
            {
                "keyword": "[K리그_챌린지]",
                "ancestor": "",
                "st": 65,
                "eIdx": 5,
                "ne_type": "",
                "en": 74,
                "e_type": "WIKILINK"
            },
            {
                "keyword": "[서울_이랜드_FC]",
                "ancestor": "",
                "st": 75,
                "eIdx": 6,
                "ne_type": "",
                "en": 86,
                "e_type": "WIKILINK"
            }
        ],
        "text": "김현규(金賢圭, [1997년] [8월_23일] ~ )은 [대한민국]의 [축구] 선수이며 포지션은 [공격수]다. 현재 [K리그_챌린지] [서울_이랜드_FC]에서 활약하고 있다.",
        "globalSId": [
            3902513,
            3902514
        ],
        "pIdx": 1,
        "pronouns": [],
        "wikiPageId": 1673397
    },
    {
        "entities": [],
        "text": "축구인 경력",
        "globalSId": [
            3902515
        ],
        "pIdx": 2,
        "pronouns": [],
        "wikiPageId": 1673397
    }
]