[
    {
        "pronouns": [],
        "globalSId": [
            952630,
            952631
        ],
        "wikiPageId": 132249,
        "entities": [
            {
                "ancestor": "",
                "keyword": "<김윤정_(1869년)>",
                "ne_type": "",
                "e_type": "ELU",
                "en": 13,
                "eIdx": 0,
                "st": 0
            },
            {
                "ancestor": "",
                "keyword": "<일본>",
                "ne_type": "",
                "e_type": "ELU",
                "en": 23,
                "eIdx": 1,
                "st": 19
            },
            {
                "ancestor": "",
                "keyword": "[1869년]",
                "ne_type": "",
                "e_type": "WIKILINK",
                "en": 43,
                "eIdx": 2,
                "st": 36
            },
            {
                "ancestor": "",
                "keyword": "[6월_25일]",
                "ne_type": "",
                "e_type": "WIKILINK",
                "en": 52,
                "eIdx": 3,
                "st": 44
            },
            {
                "ancestor": "",
                "keyword": "[1949년]",
                "ne_type": "",
                "e_type": "WIKILINK",
                "en": 62,
                "eIdx": 4,
                "st": 55
            },
            {
                "ancestor": "",
                "keyword": "[10월_23일]",
                "ne_type": "",
                "e_type": "WIKILINK",
                "en": 72,
                "eIdx": 5,
                "st": 63
            },
            {
                "ancestor": "",
                "keyword": "[조선]",
                "ne_type": "",
                "e_type": "WIKILINK",
                "en": 79,
                "eIdx": 6,
                "st": 75
            },
            {
                "ancestor": "",
                "keyword": "[대한제국]",
                "ne_type": "",
                "e_type": "WIKILINK",
                "en": 100,
                "eIdx": 7,
                "st": 94
            },
            {
                "ancestor": "",
                "keyword": "[일제_강점기]",
                "ne_type": "",
                "e_type": "WIKILINK",
                "en": 110,
                "eIdx": 8,
                "st": 102
            },
            {
                "ancestor": "",
                "keyword": "[인천부]",
                "ne_type": "",
                "e_type": "WIKILINK",
                "en": 123,
                "eIdx": 9,
                "st": 118
            },
            {
                "ancestor": "",
                "keyword": "[일본인]",
                "ne_type": "",
                "e_type": "WIKILINK",
                "en": 139,
                "eIdx": 10,
                "st": 134
            },
            {
                "ancestor": "",
                "keyword": "[쓰치다_조스케]",
                "ne_type": "",
                "e_type": "WIKILINK",
                "en": 149,
                "eIdx": 11,
                "st": 140
            },
            {
                "ancestor": "",
                "keyword": "[김구]",
                "ne_type": "",
                "e_type": "WIKILINK",
                "en": 167,
                "eIdx": 12,
                "st": 163
            },
            {
                "ancestor": "",
                "keyword": "<김구>",
                "ne_type": "",
                "e_type": "ELU",
                "en": 178,
                "eIdx": 13,
                "st": 174
            },
            {
                "ancestor": "",
                "keyword": "<미국>",
                "ne_type": "",
                "e_type": "ELU",
                "en": 211,
                "eIdx": 14,
                "st": 207
            },
            {
                "ancestor": "",
                "keyword": "<대한제국_고종>",
                "ne_type": "",
                "e_type": "ELU",
                "en": 226,
                "eIdx": 15,
                "st": 217
            },
            {
                "ancestor": "",
                "keyword": "[이승만]",
                "ne_type": "",
                "e_type": "WIKILINK",
                "en": 245,
                "eIdx": 16,
                "st": 240
            }
        ],
        "text": "<김윤정_(1869년)>(金潤晶, <일본>식 이름: 淸道金次郞, [1869년] [6월_25일] ~ [1949년] [10월_23일])은 [조선] 후기의 문신, 외교관이자 [대한제국]과 [일제_강점기]의 관료이다. [인천부] 경무관 재직 시절 [일본인] [쓰치다_조스케]를 살해한 혐의로 끌려온 [김구](독립운동가 <김구>의 본명)를 심문하기도 했고, 외교관으로 있을 때는 <미국> 국무부에 <대한제국_고종>의 밀서를 전달해 달라던 [이승만]의 청을 거절하였다.",
        "pIdx": 1
    },
    {
        "pronouns": [],
        "globalSId": [
            952632,
            952633
        ],
        "wikiPageId": 132249,
        "entities": [
            {
                "ancestor": "",
                "keyword": "[미국]",
                "ne_type": "",
                "e_type": "WIKILINK",
                "en": 26,
                "eIdx": 0,
                "st": 22
            },
            {
                "ancestor": "",
                "keyword": "[영국]",
                "ne_type": "",
                "e_type": "WIKILINK",
                "en": 32,
                "eIdx": 1,
                "st": 28
            },
            {
                "ancestor": "",
                "keyword": "[1905년]",
                "ne_type": "",
                "e_type": "WIKILINK",
                "en": 92,
                "eIdx": 2,
                "st": 85
            },
            {
                "ancestor": "",
                "keyword": "[을사_보호_조약]",
                "ne_type": "",
                "e_type": "WIKILINK",
                "en": 110,
                "eIdx": 3,
                "st": 100
            },
            {
                "ancestor": "",
                "keyword": "[태인군]",
                "ne_type": "",
                "e_type": "WIKILINK",
                "en": 134,
                "eIdx": 4,
                "st": 129
            },
            {
                "ancestor": "",
                "keyword": "<군수_(군사_용어)>",
                "ne_type": "",
                "e_type": "ELU",
                "en": 147,
                "eIdx": 5,
                "st": 135
            },
            {
                "ancestor": "",
                "keyword": "[1906년]",
                "ne_type": "",
                "e_type": "WIKILINK",
                "en": 156,
                "eIdx": 6,
                "st": 149
            },
            {
                "ancestor": "",
                "keyword": "[인천부]",
                "ne_type": "",
                "e_type": "WIKILINK",
                "en": 162,
                "eIdx": 7,
                "st": 157
            }
        ],
        "text": "인천부 경무관으로 있다가 정부유학생으로 [미국], [영국]을 유학하였으며 주미조선공사관의 3등 서기관과 1등 서기관, 주미공사 직무대리 등을 역임했다. [1905년](광무 8년) [을사_보호_조약]으로 외교권을 박탈당하자 귀국하여 [태인군] <군수_(군사_용어)>, [1906년] [인천부] 부윤 겸 감리사를 역임했다.",
        "pIdx": 2
    }
]