[
    {
        "pronouns": [],
        "globalSId": [
            3396111,
            3396112,
            3396113,
            3396114
        ],
        "wikiPageId": 1156808,
        "entities": [
            {
                "ancestor": "",
                "keyword": "<러시아어>",
                "ne_type": "",
                "e_type": "ELU",
                "en": 19,
                "eIdx": 0,
                "st": 13
            },
            {
                "ancestor": "",
                "keyword": "[북대서양조약기구]",
                "ne_type": "",
                "e_type": "WIKILINK",
                "en": 57,
                "eIdx": 1,
                "st": 47
            },
            {
                "ancestor": "",
                "keyword": "<암호명>",
                "ne_type": "",
                "e_type": "ELU",
                "en": 63,
                "eIdx": 2,
                "st": 58
            },
            {
                "ancestor": "",
                "keyword": "<군용_수송기>",
                "ne_type": "",
                "e_type": "ELU",
                "en": 105,
                "eIdx": 3,
                "st": 97
            },
            {
                "ancestor": "",
                "keyword": "[소련]",
                "ne_type": "",
                "e_type": "WIKILINK",
                "en": 119,
                "eIdx": 4,
                "st": 115
            },
            {
                "ancestor": "",
                "keyword": "[우크라이나_소비에트_사회주의_공화국]",
                "ne_type": "",
                "e_type": "WIKILINK",
                "en": 141,
                "eIdx": 5,
                "st": 120
            },
            {
                "ancestor": "",
                "keyword": "[우크라이나]",
                "ne_type": "",
                "e_type": "WIKILINK",
                "en": 153,
                "eIdx": 6,
                "st": 146
            },
            {
                "ancestor": "",
                "keyword": "<위치_(잡지)>",
                "ne_type": "",
                "e_type": "ELU",
                "en": 165,
                "eIdx": 7,
                "st": 156
            },
            {
                "ancestor": "",
                "keyword": "<안토노프_항공>",
                "ne_type": "",
                "e_type": "ELU",
                "en": 176,
                "eIdx": 8,
                "st": 167
            },
            {
                "ancestor": "",
                "keyword": "<군용_수송기>",
                "ne_type": "",
                "e_type": "ELU",
                "en": 218,
                "eIdx": 9,
                "st": 210
            },
            {
                "ancestor": "",
                "keyword": "[안토노프_An-225]",
                "ne_type": "",
                "e_type": "WIKILINK",
                "en": 246,
                "eIdx": 10,
                "st": 233
            },
            {
                "ancestor": "",
                "keyword": "[볼가_드네포르_항공]",
                "ne_type": "",
                "e_type": "WIKILINK",
                "en": 338,
                "eIdx": 11,
                "st": 326
            },
            {
                "ancestor": "",
                "keyword": "[안토노프_항공]",
                "ne_type": "",
                "e_type": "WIKILINK",
                "en": 349,
                "eIdx": 12,
                "st": 340
            }
        ],
        "text": "안토노프 An-124 (<러시아어>:Антонов Ан-124 \"Руслан\"), ([북대서양조약기구] <암호명>: Condor)는 4발 터보 팬엔진을 갖춘 구 소련제 전략 <군용_수송기>로서, 1979년 [소련] [우크라이나_소비에트_사회주의_공화국] (현. [우크라이나])에 <위치_(잡지)>한 <안토노프_항공>사서 디자인, 설계하였다. An-124는 현재 운용하는 전략 <군용_수송기> 중 가장 큰 수송기이다 ([안토노프_An-225]는 현존하는 수송기 중 가장 크다). 개발 당시 Izdeliye 400 (Product #400)으로, 서방에서는 An-40으로 알려져 있었고 [볼가_드네포르_항공]과 [안토노프_항공]이 이 항공기의 최대 운용사이다.",
        "pIdx": 1
    },
    {
        "pronouns": [],
        "globalSId": [
            3396115,
            3396116,
            3396117
        ],
        "wikiPageId": 1156808,
        "entities": [
            {
                "ancestor": "",
                "keyword": "[냉전]",
                "ne_type": "",
                "e_type": "WIKILINK",
                "en": 7,
                "eIdx": 0,
                "st": 3
            },
            {
                "ancestor": "",
                "keyword": "<소련>",
                "ne_type": "",
                "e_type": "ELU",
                "en": 24,
                "eIdx": 1,
                "st": 20
            },
            {
                "ancestor": "",
                "keyword": "<미국_중앙정보국>",
                "ne_type": "",
                "e_type": "ELU",
                "en": 90,
                "eIdx": 2,
                "st": 80
            },
            {
                "ancestor": "",
                "keyword": "[중앙정보국]",
                "ne_type": "",
                "e_type": "WIKILINK",
                "en": 97,
                "eIdx": 3,
                "st": 90
            },
            {
                "ancestor": "",
                "keyword": "<미국>",
                "ne_type": "",
                "e_type": "ELU",
                "en": 136,
                "eIdx": 4,
                "st": 132
            }
        ],
        "text": "역사 [냉전]시기였던 1970년대, <소련>은 기존에 운용중인 50대의 안토노프 An-22 터보프롭 전략수송기를 대체 할 수송기가 필요했었다. <미국_중앙정보국>[중앙정보국] (CIA)가 최근 해제한 기밀 보고서에 의하면 An-124는 <미국>이 요구하는 장거리 전략 수송기 조건에 충족하지 못하였다.",
        "pIdx": 2
    }
]