[
    {
        "pronouns": [],
        "globalSId": [
            2281358,
            2281359,
            2281360
        ],
        "wikiPageId": 547411,
        "entities": [
            {
                "ancestor": "",
                "keyword": "<류샤오보>",
                "ne_type": "",
                "e_type": "ELU",
                "en": 6,
                "eIdx": 0,
                "st": 0
            },
            {
                "ancestor": "",
                "keyword": "[1955년]",
                "ne_type": "",
                "e_type": "WIKILINK",
                "en": 16,
                "eIdx": 1,
                "st": 9
            },
            {
                "ancestor": "",
                "keyword": "[12월_28일]",
                "ne_type": "",
                "e_type": "WIKILINK",
                "en": 26,
                "eIdx": 2,
                "st": 17
            },
            {
                "ancestor": "",
                "keyword": "[중화인민공화국]",
                "ne_type": "",
                "e_type": "WIKILINK",
                "en": 41,
                "eIdx": 3,
                "st": 32
            },
            {
                "ancestor": "",
                "keyword": "<인사>",
                "ne_type": "",
                "e_type": "ELU",
                "en": 58,
                "eIdx": 4,
                "st": 54
            },
            {
                "ancestor": "",
                "keyword": "[알튀세르]",
                "ne_type": "",
                "e_type": "WIKILINK",
                "en": 86,
                "eIdx": 5,
                "st": 80
            },
            {
                "ancestor": "",
                "keyword": "[서구]",
                "ne_type": "",
                "e_type": "WIKILINK",
                "en": 107,
                "eIdx": 6,
                "st": 103
            },
            {
                "ancestor": "",
                "keyword": "[마르크스주의]",
                "ne_type": "",
                "e_type": "WIKILINK",
                "en": 116,
                "eIdx": 7,
                "st": 108
            },
            {
                "ancestor": "",
                "keyword": "<이하나>",
                "ne_type": "",
                "e_type": "ELU",
                "en": 134,
                "eIdx": 8,
                "st": 129
            },
            {
                "ancestor": "",
                "keyword": "[류샤]",
                "ne_type": "",
                "e_type": "WIKILINK",
                "en": 149,
                "eIdx": 9,
                "st": 145
            }
        ],
        "text": "<류샤오보>(, [1955년] [12월_28일] ~ )은 [중화인민공화국]의 지식인으로, 반체제 <인사>, 작가, 노동 운동가, 인권 운동가. [알튀세르]의 자본주의 비판 영향을 받은 [서구] [마르크스주의] 계열의 청년 학자 중 <이하나>였다. 그의 아내는 [류샤]()이다.",
        "pIdx": 1
    }
]