[
    {
        "pronouns": [],
        "globalSId": [
            568396,
            568397
        ],
        "wikiPageId": 69165,
        "entities": [
            {
                "ancestor": "",
                "keyword": "<이호_(1914년)>",
                "ne_type": "",
                "e_type": "ELU",
                "en": 12,
                "eIdx": 0,
                "st": 0
            },
            {
                "ancestor": "",
                "keyword": "[1984년]",
                "ne_type": "",
                "e_type": "WIKILINK",
                "en": 25,
                "eIdx": 1,
                "st": 18
            },
            {
                "ancestor": "",
                "keyword": "[10월_22일]",
                "ne_type": "",
                "e_type": "WIKILINK",
                "en": 35,
                "eIdx": 2,
                "st": 26
            },
            {
                "ancestor": "",
                "keyword": "[대한민국]",
                "ne_type": "",
                "e_type": "WIKILINK",
                "en": 47,
                "eIdx": 3,
                "st": 41
            },
            {
                "ancestor": "",
                "keyword": "[축구]",
                "ne_type": "",
                "e_type": "WIKILINK",
                "en": 53,
                "eIdx": 4,
                "st": 49
            },
            {
                "ancestor": "",
                "keyword": "[수비형_미드필더]",
                "ne_type": "",
                "e_type": "WIKILINK",
                "en": 74,
                "eIdx": 5,
                "st": 64
            },
            {
                "ancestor": "",
                "keyword": "[타이_프리미어리그]",
                "ne_type": "",
                "e_type": "WIKILINK",
                "en": 91,
                "eIdx": 6,
                "st": 80
            },
            {
                "ancestor": "",
                "keyword": "[무앙통_유나이티드]",
                "ne_type": "",
                "e_type": "WIKILINK",
                "en": 103,
                "eIdx": 7,
                "st": 92
            }
        ],
        "text": "<이호_(1914년)> (李浩, [1984년] [10월_22일] ~ )는 [대한민국]의 [축구] 선수로서 포지션은 [수비형_미드필더]다. 현재 [타이_프리미어리그] [무앙통_유나이티드]의 선수이다.",
        "pIdx": 1
    },
    {
        "pronouns": [],
        "globalSId": [
            568398,
            568399,
            568400
        ],
        "wikiPageId": 69165,
        "entities": [
            {
                "ancestor": "",
                "keyword": "[서울특별시]",
                "ne_type": "",
                "e_type": "WIKILINK",
                "en": 10,
                "eIdx": 0,
                "st": 3
            },
            {
                "ancestor": "",
                "keyword": "[성내초등학교]",
                "ne_type": "",
                "e_type": "WIKILINK",
                "en": 24,
                "eIdx": 1,
                "st": 16
            },
            {
                "ancestor": "",
                "keyword": "[중동중학교]",
                "ne_type": "",
                "e_type": "WIKILINK",
                "en": 33,
                "eIdx": 2,
                "st": 26
            },
            {
                "ancestor": "",
                "keyword": "[중동고등학교]",
                "ne_type": "",
                "e_type": "WIKILINK",
                "en": 46,
                "eIdx": 3,
                "st": 38
            },
            {
                "ancestor": "",
                "keyword": "[울산과학대학]",
                "ne_type": "",
                "e_type": "WIKILINK",
                "en": 61,
                "eIdx": 4,
                "st": 53
            },
            {
                "ancestor": "",
                "keyword": "<졸업>",
                "ne_type": "",
                "e_type": "ELU",
                "en": 67,
                "eIdx": 5,
                "st": 63
            },
            {
                "ancestor": "",
                "keyword": "[김남일]",
                "ne_type": "",
                "e_type": "WIKILINK",
                "en": 94,
                "eIdx": 6,
                "st": 89
            }
        ],
        "text": "개요 [서울특별시] 출생으로 [성내초등학교], [중동중학교]를 거쳐 [중동고등학교]를 중퇴하고 [울산과학대학]을 <졸업>하였다. 강한 수비력과 터프한 플레이가 [김남일]을 닮았다고 하여 '신형 진공청소기'라는 별명을 얻었다.",
        "pIdx": 2
    },
    {
        "pronouns": [],
        "globalSId": [
            568401
        ],
        "wikiPageId": 69165,
        "entities": [],
        "text": "축구인 생활",
        "pIdx": 3
    },
    {
        "pronouns": [],
        "globalSId": [
            568402,
            568403
        ],
        "wikiPageId": 69165,
        "entities": [
            {
                "ancestor": "",
                "keyword": "[2000년]",
                "ne_type": "",
                "e_type": "WIKILINK",
                "en": 36,
                "eIdx": 0,
                "st": 29
            },
            {
                "ancestor": "",
                "keyword": "[크루제이루_EC]",
                "ne_type": "",
                "e_type": "WIKILINK",
                "en": 47,
                "eIdx": 1,
                "st": 37
            },
            {
                "ancestor": "",
                "keyword": "[2002년]",
                "ne_type": "",
                "e_type": "WIKILINK",
                "en": 69,
                "eIdx": 2,
                "st": 62
            },
            {
                "ancestor": "",
                "keyword": "[AC_키에보_베로나]",
                "ne_type": "",
                "e_type": "WIKILINK",
                "en": 82,
                "eIdx": 3,
                "st": 70
            }
        ],
        "text": "선수 생활 중동고등학교 중퇴 후 대학교에 가지 않고 [2000년] [크루제이루_EC] 유소년 팀에 입단하였고, [2002년] [AC_키에보_베로나] 입단테스트에 합격하여 2군에서 뛰며 좋은 평가를 받았으나, '비유럽권(Non-EU) 선수 보유 제한 규정'으로 인하여 국내로 돌아오게 되었다.",
        "pIdx": 4
    },
    {
        "pronouns": [],
        "globalSId": [
            568404,
            568405,
            568406,
            568407
        ],
        "wikiPageId": 69165,
        "entities": [
            {
                "ancestor": "",
                "keyword": "[2003년]",
                "ne_type": "",
                "e_type": "WIKILINK",
                "en": 7,
                "eIdx": 0,
                "st": 0
            },
            {
                "ancestor": "",
                "keyword": "[울산_현대_축구단]",
                "ne_type": "",
                "e_type": "WIKILINK",
                "en": 19,
                "eIdx": 1,
                "st": 8
            },
            {
                "ancestor": "",
                "keyword": "[2005년]",
                "ne_type": "",
                "e_type": "WIKILINK",
                "en": 35,
                "eIdx": 2,
                "st": 28
            },
            {
                "ancestor": "",
                "keyword": "[K리그]",
                "ne_type": "",
                "e_type": "WIKILINK",
                "en": 41,
                "eIdx": 3,
                "st": 36
            },
            {
                "ancestor": "",
                "keyword": "<우승>",
                "ne_type": "",
                "e_type": "ELU",
                "en": 46,
                "eIdx": 4,
                "st": 42
            },
            {
                "ancestor": "",
                "keyword": "[2006년_FIFA_월드컵]",
                "ne_type": "",
                "e_type": "WIKILINK",
                "en": 73,
                "eIdx": 5,
                "st": 57
            },
            {
                "ancestor": "",
                "keyword": "[김동진_(1982년)]",
                "ne_type": "",
                "e_type": "WIKILINK",
                "en": 90,
                "eIdx": 6,
                "st": 77
            },
            {
                "ancestor": "",
                "keyword": "[딕_아드보카트]",
                "ne_type": "",
                "e_type": "WIKILINK",
                "en": 104,
                "eIdx": 7,
                "st": 95
            },
            {
                "ancestor": "",
                "keyword": "[러시아_프리미어리그]",
                "ne_type": "",
                "e_type": "WIKILINK",
                "en": 127,
                "eIdx": 8,
                "st": 115
            },
            {
                "ancestor": "",
                "keyword": "[FC_제니트_상트페테르부르크]",
                "ne_type": "",
                "e_type": "WIKILINK",
                "en": 147,
                "eIdx": 9,
                "st": 130
            },
            {
                "ancestor": "",
                "keyword": "<이적_(가수)>",
                "ne_type": "",
                "e_type": "ELU",
                "en": 158,
                "eIdx": 10,
                "st": 149
            },
            {
                "ancestor": "",
                "keyword": "[FC_제니트_상트페테르부르크]",
                "ne_type": "",
                "e_type": "WIKILINK",
                "en": 180,
                "eIdx": 11,
                "st": 163
            },
            {
                "ancestor": "",
                "keyword": "<문제>",
                "ne_type": "",
                "e_type": "ELU",
                "en": 235,
                "eIdx": 12,
                "st": 231
            },
            {
                "ancestor": "",
                "keyword": "[2007년]",
                "ne_type": "",
                "e_type": "WIKILINK",
                "en": 257,
                "eIdx": 13,
                "st": 250
            },
            {
                "ancestor": "",
                "keyword": "[아나톨리_티모슈크]",
                "ne_type": "",
                "e_type": "WIKILINK",
                "en": 276,
                "eIdx": 14,
                "st": 265
            },
            {
                "ancestor": "",
                "keyword": "[UEFA컵_2007-08]",
                "ne_type": "",
                "e_type": "WIKILINK",
                "en": 312,
                "eIdx": 15,
                "st": 297
            },
            {
                "ancestor": "",
                "keyword": "[UEFA컵]",
                "ne_type": "",
                "e_type": "WIKILINK",
                "en": 320,
                "eIdx": 16,
                "st": 313
            },
            {
                "ancestor": "",
                "keyword": "<우승>",
                "ne_type": "",
                "e_type": "ELU",
                "en": 327,
                "eIdx": 17,
                "st": 323
            },
            {
                "ancestor": "",
                "keyword": "[김동진_(1982년)]",
                "ne_type": "",
                "e_type": "WIKILINK",
                "en": 347,
                "eIdx": 18,
                "st": 334
            },
            {
                "ancestor": "",
                "keyword": "[차범근]",
                "ne_type": "",
                "e_type": "WIKILINK",
                "en": 357,
                "eIdx": 19,
                "st": 352
            },
            {
                "ancestor": "",
                "keyword": "[UEFA컵]",
                "ne_type": "",
                "e_type": "WIKILINK",
                "en": 375,
                "eIdx": 20,
                "st": 368
            },
            {
                "ancestor": "",
                "keyword": "<우승>",
                "ne_type": "",
                "e_type": "ELU",
                "en": 380,
                "eIdx": 21,
                "st": 376
            },
            {
                "ancestor": "",
                "keyword": "[대한민국]",
                "ne_type": "",
                "e_type": "WIKILINK",
                "en": 392,
                "eIdx": 22,
                "st": 386
            },
            {
                "ancestor": "",
                "keyword": "[2009년]",
                "ne_type": "",
                "e_type": "WIKILINK",
                "en": 433,
                "eIdx": 23,
                "st": 426
            },
            {
                "ancestor": "",
                "keyword": "[K리그]",
                "ne_type": "",
                "e_type": "WIKILINK",
                "en": 439,
                "eIdx": 24,
                "st": 434
            },
            {
                "ancestor": "",
                "keyword": "[성남_일화_천마]",
                "ne_type": "",
                "e_type": "WIKILINK",
                "en": 451,
                "eIdx": 25,
                "st": 441
            },
            {
                "ancestor": "",
                "keyword": "<이적_(가수)>",
                "ne_type": "",
                "e_type": "ELU",
                "en": 462,
                "eIdx": 26,
                "st": 453
            }
        ],
        "text": "[2003년] [울산_현대_축구단]에서 데뷔하여, [2005년] [K리그] <우승> 등에 공헌하였다. [2006년_FIFA_월드컵] 직후 [김동진_(1982년)]과 함께 [딕_아드보카트]가 감독으로 부임한 [러시아_프리미어리그] 팀 [FC_제니트_상트페테르부르크]로 <이적_(가수)>하였다. [FC_제니트_상트페테르부르크]로 이후 초반 선발 및 교체를 오가며 출장 기회를 많이 잡아 좋은 활약을 펼쳤지만, 포지션 <문제>로 인해 어려움을 겪었고, [2007년] 팀에 영입된 [아나톨리_티모슈크]에게 밀리며 거의 출전하지 못하였다. [UEFA컵_2007-08] [UEFA컵]에서 <우승>을 차지하여 [김동진_(1982년)]과 함께 [차범근] 이후 20년 만에 [UEFA컵] <우승>을 경험한 [대한민국] 선수가 되기도 하였지만, 팀 내에서의 주전 확보에 실패하여 [2009년] [K리그]의 [성남_일화_천마]로 <이적_(가수)>하였다.",
        "pIdx": 5
    }
]