[
    {
        "pronouns": [],
        "globalSId": [
            564371,
            564372
        ],
        "wikiPageId": 68556,
        "entities": [
            {
                "ancestor": "",
                "keyword": "[M.net_KM_Music_Festival#역대_시상식#9회]",
                "ne_type": "",
                "e_type": "WIKILINK",
                "en": 41,
                "eIdx": 0,
                "st": 6
            },
            {
                "ancestor": "",
                "keyword": "<하이원_서울가요대상>",
                "ne_type": "",
                "e_type": "ELU",
                "en": 127,
                "eIdx": 1,
                "st": 115
            },
            {
                "ancestor": "",
                "keyword": "<한국대중음악상>",
                "ne_type": "",
                "e_type": "ELU",
                "en": 148,
                "eIdx": 2,
                "st": 139
            },
            {
                "ancestor": "",
                "keyword": "[힙합플레이야]",
                "ne_type": "",
                "e_type": "WIKILINK",
                "en": 271,
                "eIdx": 3,
                "st": 263
            },
            {
                "ancestor": "",
                "keyword": "<삼>",
                "ne_type": "",
                "e_type": "ELU",
                "en": 299,
                "eIdx": 4,
                "st": 296
            },
            {
                "ancestor": "",
                "keyword": "<에픽하이>",
                "ne_type": "",
                "e_type": "ELU",
                "en": 312,
                "eIdx": 5,
                "st": 306
            },
            {
                "ancestor": "",
                "keyword": "<삼>",
                "ne_type": "",
                "e_type": "ELU",
                "en": 327,
                "eIdx": 6,
                "st": 324
            }
        ],
        "text": "2007년 [M.net_KM_Music_Festival#역대_시상식#9회] 시상식에서 올해의 음반상 (\"Remapping the Human Soul\"), 힙합 음악상 (\"Fan\")을 수상하였고 골든디스크와 <하이원_서울가요대상>에선 본상을, 제4회 <한국대중음악상>에서는 6개 부문에 후보(올해의 음악인, 올해의 음반, 올해의 노래, 최우수 힙합 노래, 최우수 힙합 음반, 네티즌이 뽑은 올해의 음악인)로 올라 최우수 힙합 음반상을 수상하였다. 한국 블랙 뮤직 사이트인 [힙합플레이야]에서는 이 음반을 2007년 올해의 앨범으로 <삼>함과 동시에 <에픽하이>를 올해의 아티스트로 <삼>하였다.",
        "pIdx": 21
    },
    {
        "pronouns": [],
        "globalSId": [
            564373,
            564374
        ],
        "wikiPageId": 68556,
        "entities": [],
        "text": "\"Remapping the Human Soul\"의 총 판매량은 약 13만장을 기록하였다. 이는 2007년 발매 음반 중에 3위에 해당하는 판매 실적이며, 10만장을 넘긴 세 개의 음반 중 하나로 기록되었다.",
        "pIdx": 22
    },
    {
        "pronouns": [],
        "globalSId": [
            564375,
            564376,
            564377,
            564378,
            564379
        ],
        "wikiPageId": 68556,
        "entities": [
            {
                "ancestor": "",
                "keyword": "[Pieces,_Part_One]",
                "ne_type": "",
                "e_type": "WIKILINK",
                "en": 29,
                "eIdx": 0,
                "st": 11
            },
            {
                "ancestor": "",
                "keyword": "[Lovescream]",
                "ne_type": "",
                "e_type": "WIKILINK",
                "en": 47,
                "eIdx": 1,
                "st": 35
            },
            {
                "ancestor": "",
                "keyword": "[타블로]",
                "ne_type": "",
                "e_type": "WIKILINK",
                "en": 53,
                "eIdx": 2,
                "st": 48
            },
            {
                "ancestor": "",
                "keyword": "[싸이월드]",
                "ne_type": "",
                "e_type": "WIKILINK",
                "en": 61,
                "eIdx": 3,
                "st": 55
            },
            {
                "ancestor": "",
                "keyword": "[애니밴드]",
                "ne_type": "",
                "e_type": "WIKILINK",
                "en": 92,
                "eIdx": 4,
                "st": 86
            },
            {
                "ancestor": "",
                "keyword": "[애니밴드_(싱글)]",
                "ne_type": "",
                "e_type": "WIKILINK",
                "en": 108,
                "eIdx": 5,
                "st": 97
            },
            {
                "ancestor": "",
                "keyword": "[골든디스크]",
                "ne_type": "",
                "e_type": "WIKILINK",
                "en": 177,
                "eIdx": 6,
                "st": 170
            },
            {
                "ancestor": "",
                "keyword": "[크리스마스]",
                "ne_type": "",
                "e_type": "WIKILINK",
                "en": 211,
                "eIdx": 7,
                "st": 204
            },
            {
                "ancestor": "",
                "keyword": "[미쓰라_진]",
                "ne_type": "",
                "e_type": "WIKILINK",
                "en": 229,
                "eIdx": 8,
                "st": 222
            },
            {
                "ancestor": "",
                "keyword": "<에픽하이>",
                "ne_type": "",
                "e_type": "ELU",
                "en": 263,
                "eIdx": 9,
                "st": 257
            },
            {
                "ancestor": "",
                "keyword": "[Pieces,_Part_One]",
                "ne_type": "",
                "e_type": "WIKILINK",
                "en": 329,
                "eIdx": 10,
                "st": 311
            },
            {
                "ancestor": "",
                "keyword": "<다운로드>",
                "ne_type": "",
                "e_type": "ELU",
                "en": 348,
                "eIdx": 11,
                "st": 342
            },
            {
                "ancestor": "",
                "keyword": "<에픽하이>",
                "ne_type": "",
                "e_type": "ELU",
                "en": 390,
                "eIdx": 12,
                "st": 384
            },
            {
                "ancestor": "",
                "keyword": "<전곡읍>",
                "ne_type": "",
                "e_type": "ELU",
                "en": 424,
                "eIdx": 13,
                "st": 419
            }
        ],
        "text": "2008년 5집: \"[Pieces,_Part_One] 소품집 \"[Lovescream] [타블로]가 [싸이월드] 디지털 뮤직 어워드에 이 달의 노래로 뽑힌 [애니밴드]의 곡 \"[애니밴드_(싱글)]\"의 대표 수상자로 참석하면서 “5집은 영적인 내용이 담길 것”이라고 다음 음반에 대한 언급을 했다. 그 후, [골든디스크]에 참석하여 수상하고 12월 25일에는 데뷔 첫 [크리스마스] 콘서트를 열었고, [미쓰라_진]은 방송 첫 단독 MC를 맡는 등 주가를 올렸다. <에픽하이>는 음반 발매 1주일 전인 2008년 4월 10일, 대대적인 홍보와 함께 5집 음반 \"[Pieces,_Part_One]\" 발매 날짜의 카운트 <다운로드>을 시작했다. 1주일동안 선주문만 5만장을 넘기는 위력을 과시한 <에픽하이>는, 음반 발매 하루 전인 4월 16일에 5집 음원 <전곡읍>이 유출되는 아픔을 맞았다.",
        "pIdx": 23
    },
    {
        "pronouns": [],
        "globalSId": [
            564380,
            564381
        ],
        "wikiPageId": 68556,
        "entities": [
            {
                "ancestor": "",
                "keyword": "[정려원]",
                "ne_type": "",
                "e_type": "WIKILINK",
                "en": 140,
                "eIdx": 0,
                "st": 135
            }
        ],
        "text": "우여곡절 끝에 4월 17일에 발매된 5집 에픽하이 쇼케이스에서 “5집 음반의 주제는 ‘구원’이며, 타이틀 곡인 \"One\"도 ‘구원’의 ‘원(援)’ 글자에서 따왔다”라고 밝혔다. \"One\"의 뮤직비디오 또한 구원을 주제로 촬영되었으며, 여배우 [정려원]이 여주인공으로 출연하였다.",
        "pIdx": 24
    },
    {
        "pronouns": [],
        "globalSId": [
            564382,
            564383,
            564384,
            564385,
            564386
        ],
        "wikiPageId": 68556,
        "entities": [
            {
                "ancestor": "",
                "keyword": "<에픽하이>",
                "ne_type": "",
                "e_type": "ELU",
                "en": 6,
                "eIdx": 0,
                "st": 0
            },
            {
                "ancestor": "",
                "keyword": "[윤하]",
                "ne_type": "",
                "e_type": "WIKILINK",
                "en": 58,
                "eIdx": 1,
                "st": 54
            },
            {
                "ancestor": "",
                "keyword": "<우산과_양산>",
                "ne_type": "",
                "e_type": "ELU",
                "en": 74,
                "eIdx": 2,
                "st": 66
            },
            {
                "ancestor": "",
                "keyword": "<이후_(소설가)>",
                "ne_type": "",
                "e_type": "ELU",
                "en": 96,
                "eIdx": 3,
                "st": 86
            },
            {
                "ancestor": "",
                "keyword": "[인기가요]",
                "ne_type": "",
                "e_type": "WIKILINK",
                "en": 113,
                "eIdx": 4,
                "st": 107
            },
            {
                "ancestor": "",
                "keyword": "<달성군>",
                "ne_type": "",
                "e_type": "ELU",
                "en": 143,
                "eIdx": 5,
                "st": 138
            },
            {
                "ancestor": "",
                "keyword": "<에픽하이>",
                "ne_type": "",
                "e_type": "ELU",
                "en": 184,
                "eIdx": 6,
                "st": 178
            },
            {
                "ancestor": "",
                "keyword": "<우산과_양산>",
                "ne_type": "",
                "e_type": "ELU",
                "en": 210,
                "eIdx": 7,
                "st": 202
            },
            {
                "ancestor": "",
                "keyword": "<지상파>",
                "ne_type": "",
                "e_type": "ELU",
                "en": 340,
                "eIdx": 8,
                "st": 335
            },
            {
                "ancestor": "",
                "keyword": "[백마스킹]",
                "ne_type": "",
                "e_type": "WIKILINK",
                "en": 412,
                "eIdx": 9,
                "st": 406
            }
        ],
        "text": "<에픽하이>는 활동을 시작하자마자 온•오프라인 음악 차트를 석권하였다. 타이틀 곡인 \"One\"과 [윤하]가 피쳐링한 〈<우산과_양산>〉이 인기를 끌었으며 <이후_(소설가)>, 5월 11일에는 [인기가요]에서 뮤티즌송을 받으면서 컴백 후 첫 1위를 <달성군>했다. 타이틀 곡 \"One\"에 이어 후속곡으로 활동을 이어나간 <에픽하이>는, 당초 후속곡으로 예상됐던 〈<우산과_양산>〉대신 강렬한 \"Breakdown\"이란 곡이 후속곡으로 발표되었다. 그리고 방송 활동을 위한 \"Breakdown\" 뮤직비디오가 고문 등 과도한 폭력성으로 인해 지상파 3사에서 방송 불가 판정을 받아 수정과 편집을 다시 거쳐 <지상파>에서 방송되었다. 이어 뮤직비디오 논란과 함께 후속곡 활동이 끝나지도 않은 시점에, 5집의 1번 트랙이었던 \"Be\"가 [백마스킹]논란에 휩싸이기도 했다.",
        "pIdx": 25
    },
    {
        "pronouns": [],
        "globalSId": [
            564387,
            564388,
            564389,
            564390
        ],
        "wikiPageId": 68556,
        "entities": [
            {
                "ancestor": "",
                "keyword": "[리쌍]",
                "ne_type": "",
                "e_type": "WIKILINK",
                "en": 8,
                "eIdx": 0,
                "st": 4
            },
            {
                "ancestor": "",
                "keyword": "<영화>",
                "ne_type": "",
                "e_type": "ELU",
                "en": 17,
                "eIdx": 1,
                "st": 13
            },
            {
                "ancestor": "",
                "keyword": "<다찌마와_LEE>",
                "ne_type": "",
                "e_type": "ELU",
                "en": 29,
                "eIdx": 2,
                "st": 19
            },
            {
                "ancestor": "",
                "keyword": "[2008년_하계_올림픽]",
                "ne_type": "",
                "e_type": "WIKILINK",
                "en": 62,
                "eIdx": 3,
                "st": 48
            },
            {
                "ancestor": "",
                "keyword": "[SK_텔레콤]",
                "ne_type": "",
                "e_type": "WIKILINK",
                "en": 75,
                "eIdx": 4,
                "st": 67
            },
            {
                "ancestor": "",
                "keyword": "<에픽하이>",
                "ne_type": "",
                "e_type": "ELU",
                "en": 140,
                "eIdx": 5,
                "st": 134
            },
            {
                "ancestor": "",
                "keyword": "[박태환]",
                "ne_type": "",
                "e_type": "WIKILINK",
                "en": 174,
                "eIdx": 6,
                "st": 169
            },
            {
                "ancestor": "",
                "keyword": "[싸이월드]",
                "ne_type": "",
                "e_type": "WIKILINK",
                "en": 281,
                "eIdx": 7,
                "st": 275
            }
        ],
        "text": "그 후 [리쌍]과 함께 <영화> 《<다찌마와_LEE>》 O.S.T에 참여하기도 했다. [2008년_하계_올림픽]을 맞아 [SK_텔레콤]에서는 \"올림픽 생각대로\" 캠페인을 시작하여 〈올림픽 되고송〉이라는 CM송을 만들어 광고에 활용하였는데, <에픽하이>에게 의뢰하여 랩 버전을 만들었다. 또한 수영 선수 [박태환]이 광고에 나와 따라 부르면서 큰 화제가 되었고 이어 조회수가 80만건에 주간 벨소리 다운로드가 만 여건에 이르렀다. 다른 통계치에서는 올림픽 기간에만 음원 다운로드가 4만 여건, [싸이월드] 배경음악 86만 여건으로 큰 히트를 쳤다.",
        "pIdx": 26
    },
    {
        "pronouns": [],
        "globalSId": [
            564391,
            564392
        ],
        "wikiPageId": 68556,
        "entities": [
            {
                "ancestor": "",
                "keyword": "[골든디스크]",
                "ne_type": "",
                "e_type": "WIKILINK",
                "en": 13,
                "eIdx": 0,
                "st": 6
            },
            {
                "ancestor": "",
                "keyword": "<우산과_양산>",
                "ne_type": "",
                "e_type": "ELU",
                "en": 81,
                "eIdx": 1,
                "st": 73
            }
        ],
        "text": "2008년 [골든디스크] 시상식에서는 디스크부문 본상 (\"Pieces, Part One\"), 디지털 음원부문 본상 (\"One\", 〈<우산과_양산>〉), 인기상 부문에 후보로 올랐다. 5집 \"Pieces, Part One\"의 음반 판매량은 9만여 장으로 집계되었다.",
        "pIdx": 27
    },
    {
        "pronouns": [],
        "globalSId": [
            564393,
            564394,
            564395
        ],
        "wikiPageId": 68556,
        "entities": [
            {
                "ancestor": "",
                "keyword": "[EP_(음악)]",
                "ne_type": "",
                "e_type": "WIKILINK",
                "en": 24,
                "eIdx": 0,
                "st": 15
            },
            {
                "ancestor": "",
                "keyword": "[Lovescream]",
                "ne_type": "",
                "e_type": "WIKILINK",
                "en": 39,
                "eIdx": 1,
                "st": 27
            },
            {
                "ancestor": "",
                "keyword": "[MKMF]",
                "ne_type": "",
                "e_type": "WIKILINK",
                "en": 147,
                "eIdx": 2,
                "st": 141
            },
            {
                "ancestor": "",
                "keyword": "<에픽하이>",
                "ne_type": "",
                "e_type": "ELU",
                "en": 156,
                "eIdx": 3,
                "st": 150
            }
        ],
        "text": "9월 30일, 데뷔 후 첫 [EP_(음악)]인 \"[Lovescream]\"을 발매하였다. 전체적으로 기존 전자방식 작곡을 버리고 아날로그식으로 작업했으며 연주곡 2곡과 곡 5곡, 총 7곡이 수록되었다. 5집과 소품집의 연이은 활동 및 성공으로 2008년 [MKMF]에서 <에픽하이>는 힙합상을 받았고 이어 \"Pieces, Part One\"이 올해의 음반상 후보에 올랐다.",
        "pIdx": 28
    },
    {
        "pronouns": [],
        "globalSId": [
            564396,
            564397
        ],
        "wikiPageId": 68556,
        "entities": [
            {
                "ancestor": "",
                "keyword": "<에픽하이>",
                "ne_type": "",
                "e_type": "ELU",
                "en": 6,
                "eIdx": 0,
                "st": 0
            },
            {
                "ancestor": "",
                "keyword": "[맵더소울]",
                "ne_type": "",
                "e_type": "WIKILINK",
                "en": 27,
                "eIdx": 1,
                "st": 21
            },
            {
                "ancestor": "",
                "keyword": "[울림_엔터테인먼트]",
                "ne_type": "",
                "e_type": "WIKILINK",
                "en": 83,
                "eIdx": 2,
                "st": 72
            }
        ],
        "text": "<에픽하이>는 자신들의 독립 레이블인 [맵더소울]을 설립하기 위해 소품집 \"Lovescream\"을 마지막으로 데뷔부터 소속사였던 [울림_엔터테인먼트]와 결별하였다. 소품집 \"Lovescream\"의 판매량은 5만 4천여 장을 기록하였다.",
        "pIdx": 29
    },
    {
        "pronouns": [],
        "globalSId": [
            564398,
            564399,
            564400,
            564401,
            564402,
            564403
        ],
        "wikiPageId": 68556,
        "entities": [
            {
                "ancestor": "",
                "keyword": "[맵더소울]",
                "ne_type": "",
                "e_type": "WIKILINK",
                "en": 128,
                "eIdx": 0,
                "st": 122
            },
            {
                "ancestor": "",
                "keyword": "<블로그>",
                "ne_type": "",
                "e_type": "ELU",
                "en": 262,
                "eIdx": 1,
                "st": 257
            },
            {
                "ancestor": "",
                "keyword": "[MYK]",
                "ne_type": "",
                "e_type": "WIKILINK",
                "en": 300,
                "eIdx": 2,
                "st": 295
            },
            {
                "ancestor": "",
                "keyword": "[케로_원]",
                "ne_type": "",
                "e_type": "WIKILINK",
                "en": 308,
                "eIdx": 3,
                "st": 302
            },
            {
                "ancestor": "",
                "keyword": "[일본]",
                "ne_type": "",
                "e_type": "WIKILINK",
                "en": 335,
                "eIdx": 4,
                "st": 331
            },
            {
                "ancestor": "",
                "keyword": "[한국]",
                "ne_type": "",
                "e_type": "WIKILINK",
                "en": 341,
                "eIdx": 5,
                "st": 337
            },
            {
                "ancestor": "",
                "keyword": "[미국]",
                "ne_type": "",
                "e_type": "WIKILINK",
                "en": 347,
                "eIdx": 6,
                "st": 343
            },
            {
                "ancestor": "",
                "keyword": "[타블로]",
                "ne_type": "",
                "e_type": "WIKILINK",
                "en": 378,
                "eIdx": 7,
                "st": 373
            }
        ],
        "text": "2009년: 북 앨범 《魂: Map the Soul》, 리믹스 앨범 \"Remixing the Human Soul\", 6집 \"\" 2008년 12월, 전 소속사인 울림엔터테인먼트와 계약을 끝낸 뒤, 자신들의 독립 소속사인 [맵더소울]을 설립하였다. 2009년 3월, CD와 음반을 결합한 북 앨범 《》을 3월 27일에 발매하며, 자신들의 사이트 맵더소울닷컴에서만 판매한다고 알렸다. 북 앨범 발매 후, 사이트를 통해 온라인 쇼케이스를 하였으며 사이트 내 게시판과 <블로그>, 비디오로그 등을 통해 팬들과 접촉하기 시작하였다. 이어 [MYK], [케로_원]과 함께 4월 26일부터 5월 23일까지 [일본], [한국], [미국]을 포함한 월드 투어를 성황리에 마쳤다. 또한 [타블로]는 6월 25일부터 6월 27일까지 열린 GFC (Global Fresh Collective)에 한국 대표로 참여하였다.",
        "pIdx": 30
    }
]