[
    {
        "pronouns": [],
        "globalSId": [
            3065672,
            3065673,
            3065674
        ],
        "wikiPageId": 938262,
        "entities": [
            {
                "ancestor": "",
                "keyword": "[1989년]",
                "ne_type": "",
                "e_type": "WIKILINK",
                "en": 28,
                "eIdx": 0,
                "st": 21
            },
            {
                "ancestor": "",
                "keyword": "[1월_8일]",
                "ne_type": "",
                "e_type": "WIKILINK",
                "en": 36,
                "eIdx": 1,
                "st": 29
            },
            {
                "ancestor": "",
                "keyword": "[홍콩]",
                "ne_type": "",
                "e_type": "WIKILINK",
                "en": 42,
                "eIdx": 2,
                "st": 38
            },
            {
                "ancestor": "",
                "keyword": "[홍콩]",
                "ne_type": "",
                "e_type": "WIKILINK",
                "en": 52,
                "eIdx": 3,
                "st": 48
            },
            {
                "ancestor": "",
                "keyword": "[사브르_(펜싱)]",
                "ne_type": "",
                "e_type": "WIKILINK",
                "en": 64,
                "eIdx": 4,
                "st": 54
            },
            {
                "ancestor": "",
                "keyword": "[펜싱]",
                "ne_type": "",
                "e_type": "WIKILINK",
                "en": 69,
                "eIdx": 5,
                "st": 65
            },
            {
                "ancestor": "",
                "keyword": "[광저우]",
                "ne_type": "",
                "e_type": "WIKILINK",
                "en": 85,
                "eIdx": 6,
                "st": 80
            },
            {
                "ancestor": "",
                "keyword": "[2010년_아시안_게임]",
                "ne_type": "",
                "e_type": "WIKILINK",
                "en": 105,
                "eIdx": 7,
                "st": 91
            },
            {
                "ancestor": "",
                "keyword": "<은메달>",
                "ne_type": "",
                "e_type": "ELU",
                "en": 125,
                "eIdx": 8,
                "st": 120
            },
            {
                "ancestor": "",
                "keyword": "<동메달>",
                "ne_type": "",
                "e_type": "ELU",
                "en": 150,
                "eIdx": 9,
                "st": 145
            }
        ],
        "text": "아우 신 잉 (Au Sin Ying, [1989년] [1월_8일], [홍콩] ~) 은 [홍콩]의 [사브르_(펜싱)] [펜싱] 선수이다. 그녀는 [광저우]에서 열린 [2010년_아시안_게임]의 여자 사브르 개인전에서 <은메달>을, 홍콩 대표로 출전한 단체전에서 <동메달>을 획득하였다. 아우는 현재 홍콩 펜싱 협회 소속이며, 웡 유엣 케이 코치의 지도를 받고 있다.",
        "pIdx": 1
    }
]