[
    {
        "pronouns": [],
        "globalSId": [
            3384327,
            3384328
        ],
        "wikiPageId": 1144987,
        "entities": [
            {
                "ancestor": "",
                "keyword": "<두릉_두씨>",
                "ne_type": "",
                "e_type": "ELU",
                "en": 7,
                "eIdx": 0,
                "st": 0
            },
            {
                "ancestor": "",
                "keyword": "[한국의_성씨]",
                "ne_type": "",
                "e_type": "WIKILINK",
                "en": 24,
                "eIdx": 1,
                "st": 16
            }
        ],
        "text": "<두릉_두씨>(杜陵 杜氏)는 [한국의_성씨]이다. 시조를 달리하는 두 계통이 있다.",
        "pIdx": 1
    },
    {
        "pronouns": [],
        "globalSId": [
            3384329,
            3384330
        ],
        "wikiPageId": 1144987,
        "entities": [
            {
                "ancestor": "",
                "keyword": "[고려_목종]",
                "ne_type": "",
                "e_type": "WIKILINK",
                "en": 20,
                "eIdx": 0,
                "st": 13
            }
        ],
        "text": "시조 두경녕(杜慶寧)은 [고려_목종] 때 우사관(右司官)을 지냈다. 만경 두씨(萬頃 杜氏)라고도 한다.",
        "pIdx": 2
    }
]