[
    {
        "pronouns": [],
        "globalSId": [
            3491591
        ],
        "wikiPageId": 1246737,
        "entities": [
            {
                "ancestor": "",
                "keyword": "<박경수_(야구_선수)>",
                "ne_type": "",
                "e_type": "ELU",
                "en": 13,
                "eIdx": 0,
                "st": 0
            },
            {
                "ancestor": "",
                "keyword": "[대한민국]",
                "ne_type": "",
                "e_type": "WIKILINK",
                "en": 21,
                "eIdx": 1,
                "st": 15
            },
            {
                "ancestor": "",
                "keyword": "<작가>",
                "ne_type": "",
                "e_type": "ELU",
                "en": 31,
                "eIdx": 2,
                "st": 27
            }
        ],
        "text": "<박경수_(야구_선수)>는 [대한민국]의 드라마 <작가>이다.",
        "pIdx": 1
    }
]