[
    {
        "pronouns": [],
        "globalSId": [
            1470452
        ],
        "wikiPageId": 261090,
        "entities": [
            {
                "ancestor": "",
                "keyword": "[1595년]",
                "ne_type": "",
                "e_type": "WIKILINK",
                "en": 7,
                "eIdx": 0,
                "st": 0
            },
            {
                "ancestor": "",
                "keyword": "[조선_선조]",
                "ne_type": "",
                "e_type": "WIKILINK",
                "en": 15,
                "eIdx": 1,
                "st": 8
            },
            {
                "ancestor": "",
                "keyword": "[청주시]",
                "ne_type": "",
                "e_type": "WIKILINK",
                "en": 30,
                "eIdx": 2,
                "st": 25
            },
            {
                "ancestor": "",
                "keyword": "[1610년]",
                "ne_type": "",
                "e_type": "WIKILINK",
                "en": 55,
                "eIdx": 3,
                "st": 48
            },
            {
                "ancestor": "",
                "keyword": "[광해군]",
                "ne_type": "",
                "e_type": "WIKILINK",
                "en": 61,
                "eIdx": 4,
                "st": 56
            },
            {
                "ancestor": "",
                "keyword": "[동래부사송상현충렬사]",
                "ne_type": "",
                "e_type": "WIKILINK",
                "en": 81,
                "eIdx": 5,
                "st": 69
            }
        ],
        "text": "[1595년] [조선_선조] 28년에 묘소를 [청주시]로 이장하고 충신문을 세웠으며, [1610년] [광해군] 2년에 사당 [동래부사송상현충렬사](東萊府使宋象賢忠烈祠)을 창건하였다.",
        "pIdx": 11
    },
    {
        "pronouns": [],
        "globalSId": [
            1470453,
            1470454
        ],
        "wikiPageId": 261090,
        "entities": [
            {
                "ancestor": "",
                "keyword": "[1742년]",
                "ne_type": "",
                "e_type": "WIKILINK",
                "en": 7,
                "eIdx": 0,
                "st": 0
            },
            {
                "ancestor": "",
                "keyword": "[조선_영조]",
                "ne_type": "",
                "e_type": "WIKILINK",
                "en": 15,
                "eIdx": 1,
                "st": 8
            },
            {
                "ancestor": "",
                "keyword": "<장군>",
                "ne_type": "",
                "e_type": "ELU",
                "en": 50,
                "eIdx": 2,
                "st": 46
            },
            {
                "ancestor": "",
                "keyword": "<송공단>",
                "ne_type": "",
                "e_type": "ELU",
                "en": 61,
                "eIdx": 3,
                "st": 56
            },
            {
                "ancestor": "",
                "keyword": "[송공단]",
                "ne_type": "",
                "e_type": "WIKILINK",
                "en": 74,
                "eIdx": 4,
                "st": 69
            },
            {
                "ancestor": "",
                "keyword": "<부산_충렬사>",
                "ne_type": "",
                "e_type": "ELU",
                "en": 128,
                "eIdx": 5,
                "st": 120
            },
            {
                "ancestor": "",
                "keyword": "[부산_충렬사]",
                "ne_type": "",
                "e_type": "WIKILINK",
                "en": 136,
                "eIdx": 6,
                "st": 128
            },
            {
                "ancestor": "",
                "keyword": "[부산진성_전투]",
                "ne_type": "",
                "e_type": "WIKILINK",
                "en": 157,
                "eIdx": 7,
                "st": 148
            },
            {
                "ancestor": "",
                "keyword": "<임진왜란>",
                "ne_type": "",
                "e_type": "ELU",
                "en": 166,
                "eIdx": 8,
                "st": 160
            }
        ],
        "text": "[1742년] [조선_영조] 때 동래성 전투에서 전사한 사람들을 기념하여, 송상현 <장군>이 순절한 <송공단>가 있던 곳에 [송공단]을 만들었으며, 매년 음력 4월 15일에 동래기영회에서 제사를 올리고 있다. 또한 <부산_충렬사>[부산_충렬사]에서도 동래성 전투와 [부산진성_전투] 등 <임진왜란>에서 전사한 여러 사람들을 모시고 있다.",
        "pIdx": 12
    },
    {
        "pronouns": [],
        "globalSId": [
            1470455
        ],
        "wikiPageId": 261090,
        "entities": [
            {
                "ancestor": "",
                "keyword": "[황해도]",
                "ne_type": "",
                "e_type": "WIKILINK",
                "en": 8,
                "eIdx": 0,
                "st": 3
            },
            {
                "ancestor": "",
                "keyword": "[개성]",
                "ne_type": "",
                "e_type": "WIKILINK",
                "en": 13,
                "eIdx": 1,
                "st": 9
            },
            {
                "ancestor": "",
                "keyword": "[청주]",
                "ne_type": "",
                "e_type": "WIKILINK",
                "en": 28,
                "eIdx": 2,
                "st": 24
            },
            {
                "ancestor": "",
                "keyword": "[상당구]",
                "ne_type": "",
                "e_type": "WIKILINK",
                "en": 34,
                "eIdx": 3,
                "st": 29
            },
            {
                "ancestor": "",
                "keyword": "[흥덕구]",
                "ne_type": "",
                "e_type": "WIKILINK",
                "en": 56,
                "eIdx": 4,
                "st": 51
            },
            {
                "ancestor": "",
                "keyword": "<부산_충렬사>",
                "ne_type": "",
                "e_type": "ELU",
                "en": 69,
                "eIdx": 5,
                "st": 61
            },
            {
                "ancestor": "",
                "keyword": "[전라북도]",
                "ne_type": "",
                "e_type": "WIKILINK",
                "en": 82,
                "eIdx": 6,
                "st": 76
            },
            {
                "ancestor": "",
                "keyword": "[정읍시]",
                "ne_type": "",
                "e_type": "WIKILINK",
                "en": 88,
                "eIdx": 7,
                "st": 83
            },
            {
                "ancestor": "",
                "keyword": "[정충사지]",
                "ne_type": "",
                "e_type": "WIKILINK",
                "en": 99,
                "eIdx": 8,
                "st": 93
            },
            {
                "ancestor": "",
                "keyword": "[함경북도]",
                "ne_type": "",
                "e_type": "WIKILINK",
                "en": 112,
                "eIdx": 9,
                "st": 106
            },
            {
                "ancestor": "",
                "keyword": "<경성부>",
                "ne_type": "",
                "e_type": "ELU",
                "en": 118,
                "eIdx": 10,
                "st": 113
            }
        ],
        "text": "또, [황해도] [개성] 숭절사(崇節祠), [청주] [상당구] 용정동 신항서원(莘巷書院)과 [흥덕구] 수의동 <부산_충렬사>(忠烈祠), [전라북도] [정읍시] 고부면 [정충사지](旌忠祠), [함경북도] <경성부>(鏡城) 화곡서원(禾谷書院) 등에 제향되어 있다.",
        "pIdx": 13
    },
    {
        "pronouns": [],
        "globalSId": [],
        "wikiPageId": 261090,
        "entities": [],
        "text": "",
        "pIdx": 14
    },
    {
        "pronouns": [],
        "globalSId": [],
        "wikiPageId": 261090,
        "entities": [],
        "text": "",
        "pIdx": 15
    },
    {
        "pronouns": [],
        "globalSId": [],
        "wikiPageId": 261090,
        "entities": [],
        "text": "",
        "pIdx": 16
    },
    {
        "pronouns": [],
        "globalSId": [
            1470456,
            1470457,
            1470458,
            1470459,
            1470460
        ],
        "wikiPageId": 261090,
        "entities": [
            {
                "ancestor": "",
                "keyword": "<나무>",
                "ne_type": "",
                "e_type": "ELU",
                "en": 55,
                "eIdx": 0,
                "st": 51
            },
            {
                "ancestor": "",
                "keyword": "<위장_(당나라)>",
                "ne_type": "",
                "e_type": "ELU",
                "en": 119,
                "eIdx": 1,
                "st": 109
            },
            {
                "ancestor": "",
                "keyword": "<기와>",
                "ne_type": "",
                "e_type": "ELU",
                "en": 169,
                "eIdx": 2,
                "st": 165
            },
            {
                "ancestor": "",
                "keyword": "<수단>",
                "ne_type": "",
                "e_type": "ELU",
                "en": 224,
                "eIdx": 3,
                "st": 220
            }
        ],
        "text": "인물평 성격이 치밀하고 준비성이 많았다. 왜구가 쳐들어올 것을 미리 대비하여 동래성 주변에 <나무>를 많이 심어 복병을 숨기기 좋은 여건을 조성함과 동시에 멀리 떨어진 곳에서는 성이 보이지 않게 <위장_(당나라)>을 하고 성문 밖에는 능철과 마름쇠를 깔아 왜군의 보병과 기병에 대비하였다. 또한 <기와>를 뜯어 기왓장 마저 왜구를 방어하기 위한 도구로 활용하도록 하는 등 동래성을 지키기 위해 <수단>과 방법을 가리지 않고 최선을 다했다. 그러나 이렇게 준비를 철저히 했음에도 불구하고 절대적인 숫적열세를 이기지 못해 동래성은 함락되었다.",
        "pIdx": 17
    },
    {
        "pronouns": [],
        "globalSId": [
            1470461
        ],
        "wikiPageId": 261090,
        "entities": [],
        "text": "주변인물",
        "pIdx": 18
    },
    {
        "pronouns": [],
        "globalSId": [
            1470462,
            1470463
        ],
        "wikiPageId": 261090,
        "entities": [
            {
                "ancestor": "",
                "keyword": "[함경도]",
                "ne_type": "",
                "e_type": "WIKILINK",
                "en": 31,
                "eIdx": 0,
                "st": 26
            },
            {
                "ancestor": "",
                "keyword": "<송상현_(1551년)>",
                "ne_type": "",
                "e_type": "ELU",
                "en": 57,
                "eIdx": 1,
                "st": 44
            },
            {
                "ancestor": "",
                "keyword": "<영남대로>",
                "ne_type": "",
                "e_type": "ELU",
                "en": 71,
                "eIdx": 2,
                "st": 65
            }
        ],
        "text": "김섬 김섬(金蟾)은 함흥기생 출신으로 송부사가 [함경도] 경성판관으로 있을 때 <송상현_(1551년)>의 첩이 되어 <영남대로> 따라왔으며, 미모와 재주가 뛰어났다고 한다.",
        "pIdx": 19
    },
    {
        "pronouns": [],
        "globalSId": [
            1470464,
            1470465,
            1470466
        ],
        "wikiPageId": 261090,
        "entities": [
            {
                "ancestor": "",
                "keyword": "<송상현_(1551년)>",
                "ne_type": "",
                "e_type": "ELU",
                "en": 23,
                "eIdx": 0,
                "st": 10
            },
            {
                "ancestor": "",
                "keyword": "<현재>",
                "ne_type": "",
                "e_type": "ELU",
                "en": 136,
                "eIdx": 1,
                "st": 132
            },
            {
                "ancestor": "",
                "keyword": "[충북]",
                "ne_type": "",
                "e_type": "WIKILINK",
                "en": 142,
                "eIdx": 2,
                "st": 138
            },
            {
                "ancestor": "",
                "keyword": "[청주시]",
                "ne_type": "",
                "e_type": "WIKILINK",
                "en": 148,
                "eIdx": 3,
                "st": 143
            },
            {
                "ancestor": "",
                "keyword": "[동래부사송상현충렬사]",
                "ne_type": "",
                "e_type": "WIKILINK",
                "en": 169,
                "eIdx": 4,
                "st": 157
            },
            {
                "ancestor": "",
                "keyword": "<사당>",
                "ne_type": "",
                "e_type": "ELU",
                "en": 183,
                "eIdx": 5,
                "st": 179
            },
            {
                "ancestor": "",
                "keyword": "<송상현_(1551년)>",
                "ne_type": "",
                "e_type": "ELU",
                "en": 208,
                "eIdx": 6,
                "st": 195
            }
        ],
        "text": "동래성 전투 때에 <송상현_(1551년)>이 조복을 가져가는 것을 보고, 여종 금춘(今春)과 함께 관아의 담을 넘어 송상현 곁에 달려갔다가 왜적에게 사로 잡혔다. 그 뒤 사흘 뒤까지도 꾸짖는 소리가 그치지 아니하자 왜적에게 살해되었다. <현재>은 [충북] [청주시] 흥덕구 수의동 [동래부사송상현충렬사] 동문 밖에 별도 <사당>이 만들어져 있으며, <송상현_(1551년)>의 묘 옆에 묻혀있다.",
        "pIdx": 20
    }
]