[
    {
        "pronouns": [],
        "globalSId": [
            2566056
        ],
        "wikiPageId": 680318,
        "entities": [
            {
                "ancestor": "",
                "keyword": "[이동식_컴퓨터]",
                "ne_type": "",
                "e_type": "WIKILINK",
                "en": 51,
                "eIdx": 0,
                "st": 42
            },
            {
                "ancestor": "",
                "keyword": "[더블_데이터_레이트]",
                "ne_type": "",
                "e_type": "WIKILINK",
                "en": 77,
                "eIdx": 1,
                "st": 65
            },
            {
                "ancestor": "",
                "keyword": "[SDRAM]",
                "ne_type": "",
                "e_type": "WIKILINK",
                "en": 85,
                "eIdx": 2,
                "st": 78
            }
        ],
        "text": "모바일 DDR (mDDR, Low Power DDR, 간단히 LPDDR)은 [이동식_컴퓨터]를 위해 개발된 저전력의 [더블_데이터_레이트] [SDRAM] 인터페이스이다.",
        "pIdx": 1
    },
    {
        "pronouns": [],
        "globalSId": [
            2566057,
            2566058
        ],
        "wikiPageId": 680318,
        "entities": [
            {
                "ancestor": "",
                "keyword": "[DDR_SDRAM]",
                "ne_type": "",
                "e_type": "WIKILINK",
                "en": 61,
                "eIdx": 0,
                "st": 50
            }
        ],
        "text": "LPDDR LPDDR (LPDDR2와 구별하기 위해 때때로 LPDDR1로도 불림)은 원래 [DDR_SDRAM]에 총 전력 소모량 절감을 위한 여러 변형을 가한 것이다.",
        "pIdx": 2
    }
]