[
    {
        "pronouns": [],
        "globalSId": [
            1543149
        ],
        "wikiPageId": 274232,
        "entities": [
            {
                "ancestor": "",
                "keyword": "[2008년]",
                "ne_type": "",
                "e_type": "WIKILINK",
                "en": 35,
                "eIdx": 0,
                "st": 28
            },
            {
                "ancestor": "",
                "keyword": "[12월_11일]",
                "ne_type": "",
                "e_type": "WIKILINK",
                "en": 45,
                "eIdx": 1,
                "st": 36
            },
            {
                "ancestor": "",
                "keyword": "[서울]",
                "ne_type": "",
                "e_type": "WIKILINK",
                "en": 50,
                "eIdx": 2,
                "st": 46
            },
            {
                "ancestor": "",
                "keyword": "[코엑스]",
                "ne_type": "",
                "e_type": "WIKILINK",
                "en": 60,
                "eIdx": 3,
                "st": 55
            },
            {
                "ancestor": "",
                "keyword": "<오디토리엄>",
                "ne_type": "",
                "e_type": "ELU",
                "en": 68,
                "eIdx": 4,
                "st": 61
            }
        ],
        "text": "2008년 한국 프로 야구 골든 글러브상 시상식은 [2008년] [12월_11일] [서울] 삼성동 [코엑스] <오디토리엄>에서 열렸다.",
        "pIdx": 1
    },
    {
        "pronouns": [],
        "globalSId": [
            1543150,
            1543151
        ],
        "wikiPageId": 274232,
        "entities": [
            {
                "ancestor": "",
                "keyword": "[2008년_대한민국_프로_야구]",
                "ne_type": "",
                "e_type": "WIKILINK",
                "en": 18,
                "eIdx": 0,
                "st": 0
            },
            {
                "ancestor": "",
                "keyword": "[2008년_대한민국_프로_야구_포스트시즌]",
                "ne_type": "",
                "e_type": "WIKILINK",
                "en": 60,
                "eIdx": 1,
                "st": 36
            },
            {
                "ancestor": "",
                "keyword": "[롯데_자이언츠]",
                "ne_type": "",
                "e_type": "WIKILINK",
                "en": 75,
                "eIdx": 2,
                "st": 66
            },
            {
                "ancestor": "",
                "keyword": "[1루수]",
                "ne_type": "",
                "e_type": "WIKILINK",
                "en": 113,
                "eIdx": 3,
                "st": 108
            },
            {
                "ancestor": "",
                "keyword": "[한화_이글스]",
                "ne_type": "",
                "e_type": "WIKILINK",
                "en": 130,
                "eIdx": 4,
                "st": 122
            },
            {
                "ancestor": "",
                "keyword": "[김태균_(1982년)]",
                "ne_type": "",
                "e_type": "WIKILINK",
                "en": 144,
                "eIdx": 5,
                "st": 131
            }
        ],
        "text": "[2008년_대한민국_프로_야구]에서 3위를 기록하며 8년 만에 [2008년_대한민국_프로_야구_포스트시즌]에 진출한 [롯데_자이언츠]가 5명의 수상자를 배출하며 팀 최다 수상 구단이 되었다. [1루수] 부문 수상자인 [한화_이글스] [김태균_(1982년)]은 총 346표 중 332표를 얻어 최다 득표 수상자가 되었다.",
        "pIdx": 2
    }
]