[
    {
        "pronouns": [],
        "globalSId": [
            3396111,
            3396112,
            3396113,
            3396114
        ],
        "wikiPageId": 1156808,
        "entities": [
            {
                "ancestor": "",
                "keyword": "<러시아어>",
                "ne_type": "",
                "e_type": "ELU",
                "en": 19,
                "eIdx": 0,
                "st": 13
            },
            {
                "ancestor": "",
                "keyword": "[북대서양조약기구]",
                "ne_type": "",
                "e_type": "WIKILINK",
                "en": 57,
                "eIdx": 1,
                "st": 47
            },
            {
                "ancestor": "",
                "keyword": "<암호명>",
                "ne_type": "",
                "e_type": "ELU",
                "en": 63,
                "eIdx": 2,
                "st": 58
            },
            {
                "ancestor": "",
                "keyword": "<군용_수송기>",
                "ne_type": "",
                "e_type": "ELU",
                "en": 105,
                "eIdx": 3,
                "st": 97
            },
            {
                "ancestor": "",
                "keyword": "[소련]",
                "ne_type": "",
                "e_type": "WIKILINK",
                "en": 119,
                "eIdx": 4,
                "st": 115
            },
            {
                "ancestor": "",
                "keyword": "[우크라이나_소비에트_사회주의_공화국]",
                "ne_type": "",
                "e_type": "WIKILINK",
                "en": 141,
                "eIdx": 5,
                "st": 120
            },
            {
                "ancestor": "",
                "keyword": "[우크라이나]",
                "ne_type": "",
                "e_type": "WIKILINK",
                "en": 153,
                "eIdx": 6,
                "st": 146
            },
            {
                "ancestor": "",
                "keyword": "<위치_(잡지)>",
                "ne_type": "",
                "e_type": "ELU",
                "en": 165,
                "eIdx": 7,
                "st": 156
            },
            {
                "ancestor": "",
                "keyword": "<안토노프_항공>",
                "ne_type": "",
                "e_type": "ELU",
                "en": 176,
                "eIdx": 8,
                "st": 167
            },
            {
                "ancestor": "",
                "keyword": "<군용_수송기>",
                "ne_type": "",
                "e_type": "ELU",
                "en": 218,
                "eIdx": 9,
                "st": 210
            },
            {
                "ancestor": "",
                "keyword": "[안토노프_An-225]",
                "ne_type": "",
                "e_type": "WIKILINK",
                "en": 246,
                "eIdx": 10,
                "st": 233
            },
            {
                "ancestor": "",
                "keyword": "[볼가_드네포르_항공]",
                "ne_type": "",
                "e_type": "WIKILINK",
                "en": 338,
                "eIdx": 11,
                "st": 326
            },
            {
                "ancestor": "",
                "keyword": "[안토노프_항공]",
                "ne_type": "",
                "e_type": "WIKILINK",
                "en": 349,
                "eIdx": 12,
                "st": 340
            }
        ],
        "text": "안토노프 An-124 (<러시아어>:Антонов Ан-124 \"Руслан\"), ([북대서양조약기구] <암호명>: Condor)는 4발 터보 팬엔진을 갖춘 구 소련제 전략 <군용_수송기>로서, 1979년 [소련] [우크라이나_소비에트_사회주의_공화국] (현. [우크라이나])에 <위치_(잡지)>한 <안토노프_항공>사서 디자인, 설계하였다. An-124는 현재 운용하는 전략 <군용_수송기> 중 가장 큰 수송기이다 ([안토노프_An-225]는 현존하는 수송기 중 가장 크다). 개발 당시 Izdeliye 400 (Product #400)으로, 서방에서는 An-40으로 알려져 있었고 [볼가_드네포르_항공]과 [안토노프_항공]이 이 항공기의 최대 운용사이다.",
        "pIdx": 1
    },
    {
        "pronouns": [],
        "globalSId": [
            3396115,
            3396116,
            3396117
        ],
        "wikiPageId": 1156808,
        "entities": [
            {
                "ancestor": "",
                "keyword": "[냉전]",
                "ne_type": "",
                "e_type": "WIKILINK",
                "en": 7,
                "eIdx": 0,
                "st": 3
            },
            {
                "ancestor": "",
                "keyword": "<소련>",
                "ne_type": "",
                "e_type": "ELU",
                "en": 24,
                "eIdx": 1,
                "st": 20
            },
            {
                "ancestor": "",
                "keyword": "<미국_중앙정보국>",
                "ne_type": "",
                "e_type": "ELU",
                "en": 90,
                "eIdx": 2,
                "st": 80
            },
            {
                "ancestor": "",
                "keyword": "[중앙정보국]",
                "ne_type": "",
                "e_type": "WIKILINK",
                "en": 97,
                "eIdx": 3,
                "st": 90
            },
            {
                "ancestor": "",
                "keyword": "<미국>",
                "ne_type": "",
                "e_type": "ELU",
                "en": 136,
                "eIdx": 4,
                "st": 132
            }
        ],
        "text": "역사 [냉전]시기였던 1970년대, <소련>은 기존에 운용중인 50대의 안토노프 An-22 터보프롭 전략수송기를 대체 할 수송기가 필요했었다. <미국_중앙정보국>[중앙정보국] (CIA)가 최근 해제한 기밀 보고서에 의하면 An-124는 <미국>이 요구하는 장거리 전략 수송기 조건에 충족하지 못하였다.",
        "pIdx": 2
    },
    {
        "globalSId": [
            3396118,
            3396119,
            3396120,
            3396121,
            3396122,
            3396123,
            3396124
        ],
        "pronouns": [
            {
                "proIdx": 0,
                "ancestor": "",
                "en": 74,
                "st": 72,
                "keyword": "이에"
            },
            {
                "proIdx": 1,
                "ancestor": "",
                "en": 129,
                "st": 123,
                "keyword": "이 디자인은"
            }
        ],
        "wikiPageId": 1156808,
        "entities": [
            {
                "ne_type": "ETC",
                "keyword": "[An-124]",
                "ancestor": "",
                "e_type": "NEW",
                "en": 13,
                "eIdx": 0,
                "st": 5
            },
            {
                "ne_type": "",
                "keyword": "[미국]",
                "ancestor": "",
                "e_type": "WIKILINK",
                "en": 36,
                "eIdx": 1,
                "st": 32
            },
            {
                "ne_type": "",
                "keyword": "[록히드_마틴]",
                "ancestor": "",
                "e_type": "WIKILINK",
                "en": 46,
                "eIdx": 2,
                "st": 38
            },
            {
                "ne_type": "",
                "keyword": "[록히드_C-5_갤럭시]",
                "ancestor": "",
                "e_type": "WIKILINK",
                "en": 61,
                "eIdx": 3,
                "st": 48
            },
            {
                "ne_type": "",
                "keyword": "[소련]",
                "ancestor": "",
                "e_type": "WIKILINK",
                "en": 82,
                "eIdx": 4,
                "st": 78
            },
            {
                "ne_type": "ETC",
                "keyword": "[An-124]",
                "ancestor": "",
                "e_type": "NEW",
                "en": 114,
                "eIdx": 5,
                "st": 106
            },
            {
                "ne_type": "",
                "keyword": "[보잉]",
                "ancestor": "",
                "e_type": "WIKILINK",
                "en": 136,
                "eIdx": 6,
                "st": 132
            },
            {
                "ne_type": "",
                "keyword": "[보잉_747]",
                "ancestor": "",
                "e_type": "WIKILINK",
                "en": 146,
                "eIdx": 7,
                "st": 138
            },
            {
                "ne_type": "",
                "keyword": "[록히드_C-5_갤럭시]",
                "ancestor": "",
                "e_type": "WIKILINK",
                "en": 161,
                "eIdx": 8,
                "st": 148
            },
            {
                "ne_type": "ETC",
                "keyword": "[An-124]",
                "ancestor": "",
                "e_type": "NEW",
                "en": 190,
                "eIdx": 9,
                "st": 182
            },
            {
                "ne_type": "",
                "keyword": "[캐나다]",
                "ancestor": "",
                "e_type": "WIKILINK",
                "en": 223,
                "eIdx": 10,
                "st": 218
            },
            {
                "ne_type": "",
                "keyword": "[아일랜드]",
                "ancestor": "",
                "e_type": "WIKILINK",
                "en": 232,
                "eIdx": 11,
                "st": 226
            },
            {
                "ne_type": "ETC",
                "keyword": "[An-124]",
                "ancestor": "",
                "e_type": "NEW",
                "en": 254,
                "eIdx": 12,
                "st": 246
            },
            {
                "ne_type": "",
                "keyword": "[록히드_C-5_갤럭시]",
                "ancestor": "",
                "e_type": "WIKILINK",
                "en": 274,
                "eIdx": 13,
                "st": 261
            },
            {
                "ne_type": "ETC",
                "keyword": "[An-124]",
                "ancestor": "",
                "e_type": "NEW",
                "en": 335,
                "eIdx": 14,
                "st": 327
            },
            {
                "ne_type": "ETC",
                "keyword": "[C-5]",
                "ancestor": "",
                "e_type": "NEW",
                "en": 368,
                "eIdx": 15,
                "st": 363
            },
            {
                "ne_type": "ETC",
                "keyword": "[C-5]",
                "ancestor": "",
                "e_type": "NEW",
                "en": 389,
                "eIdx": 16,
                "st": 384
            }
        ],
        "text": "디자인. [An-124]기는 원래 제작 계획에 없었으나, [미국]의 [록히드_마틴]이 [록히드_C-5_갤럭시]를 개발, 생산하자 이에 대해 [소련]은 자극을 받아 25% 탑재중량을 더 늘린 [An-124]를 개발하였다. 이 디자인은 미 [보잉]의 [보잉_747]과 [록히드_C-5_갤럭시]의 디자인을 결합시킨 것이다. 최초의 [An-124]가 서방에 사용된 것은 요트와 항공기 부품을 싣고 [캐나다]에서 [아일랜드]로 비행한 것이 시초다. [An-124]기는 미국의 [록히드_C-5_갤럭시]와 같이 2개의 층으로 구성되어 있어 밑에는 화물, 위에는 승객을 수송할 수 있게 설계되었다. [An-124]의 화물칸의 크기는 36×6.4×4.4 m로 기존 [C-5]의 20%이상 확장시켰다. ([C-5]는 36.91×5.79×4.09 m다).",
        "pIdx": 3
    },
    {
        "pronouns": [],
        "globalSId": [
            3396125,
            3396126
        ],
        "wikiPageId": 1156808,
        "entities": [],
        "text": "조종사들은 조종에 어려움이 있으리라 생각했지만 초도비행 후 조종이 쉽다는 호평을 받았다. 하지만 An-124의 보조동력장치의 열기와 풍속 때문에 불평이 있다.",
        "pIdx": 4
    }
]