[
    {
        "pronouns": [],
        "globalSId": [
            3607034,
            3607035,
            3607036
        ],
        "wikiPageId": 1337764,
        "entities": [
            {
                "ancestor": "",
                "keyword": "[스탠포드_대학교]",
                "ne_type": "",
                "e_type": "WIKILINK",
                "en": 23,
                "eIdx": 0,
                "st": 13
            },
            {
                "ancestor": "",
                "keyword": "[교황청_사회학술원]",
                "ne_type": "",
                "e_type": "WIKILINK",
                "en": 75,
                "eIdx": 1,
                "st": 64
            },
            {
                "ancestor": "",
                "keyword": "[산타페_연구소]",
                "ne_type": "",
                "e_type": "WIKILINK",
                "en": 94,
                "eIdx": 2,
                "st": 85
            }
        ],
        "text": "학문적 생애 그는 현재 [스탠포드_대학교]에서 경제학 명예교수와 오퍼레이션 리서치 명예교수로 재직하고 있다. 그는 [교황청_사회학술원]의 창립회원이며, [산타페_연구소]의 회원이기도 하다.",
        "pIdx": 8
    },
    {
        "pronouns": [],
        "globalSId": [
            3607037,
            3607038
        ],
        "wikiPageId": 1337764,
        "entities": [
            {
                "ancestor": "",
                "keyword": "[평화와_안전을_위한_경제학자들]",
                "ne_type": "",
                "e_type": "WIKILINK",
                "en": 22,
                "eIdx": 0,
                "st": 4
            },
            {
                "ancestor": "",
                "keyword": "[기후_변화에_관한_정부간_패널]",
                "ne_type": "",
                "e_type": "WIKILINK",
                "en": 54,
                "eIdx": 1,
                "st": 36
            },
            {
                "ancestor": "",
                "keyword": "<작가>",
                "ne_type": "",
                "e_type": "ELU",
                "en": 62,
                "eIdx": 2,
                "st": 58
            },
            {
                "ancestor": "",
                "keyword": "[경제학_연간_평론]",
                "ne_type": "",
                "e_type": "WIKILINK",
                "en": 81,
                "eIdx": 3,
                "st": 70
            }
        ],
        "text": "애로는 [평화와_안전을_위한_경제학자들]의 이사이다. 또한 그는 [기후_변화에_관한_정부간_패널]의 주 <작가>였으며, 현재 [경제학_연간_평론]의 편집장이다.",
        "pIdx": 9
    },
    {
        "pronouns": [],
        "globalSId": [
            3607039,
            3607040
        ],
        "wikiPageId": 1337764,
        "entities": [
            {
                "ancestor": "",
                "keyword": "[에릭_매스킨]",
                "ne_type": "",
                "e_type": "WIKILINK",
                "en": 42,
                "eIdx": 0,
                "st": 34
            },
            {
                "ancestor": "",
                "keyword": "[존_하사니]",
                "ne_type": "",
                "e_type": "WIKILINK",
                "en": 51,
                "eIdx": 1,
                "st": 44
            },
            {
                "ancestor": "",
                "keyword": "[로저_마이어슨]",
                "ne_type": "",
                "e_type": "WIKILINK",
                "en": 62,
                "eIdx": 2,
                "st": 53
            },
            {
                "ancestor": "",
                "keyword": "[마이클_스펜스]",
                "ne_type": "",
                "e_type": "WIKILINK",
                "en": 73,
                "eIdx": 3,
                "st": 64
            }
        ],
        "text": "그의 학생중 현재 5명이 노벨 경제학상 수상자이다. 여기에는 [에릭_매스킨], [존_하사니], [로저_마이어슨], [마이클_스펜스] 등등이 있다..",
        "pIdx": 10
    },
    {
        "pronouns": [],
        "globalSId": [
            3607041
        ],
        "wikiPageId": 1337764,
        "entities": [
            {
                "ancestor": "",
                "keyword": "[에르되시_수]",
                "ne_type": "",
                "e_type": "WIKILINK",
                "en": 12,
                "eIdx": 0,
                "st": 4
            }
        ],
        "text": "애로의 [에르되시_수]는 3이다.",
        "pIdx": 11
    },
    {
        "pronouns": [],
        "globalSId": [
            3607042
        ],
        "wikiPageId": 1337764,
        "entities": [],
        "text": "업적",
        "pIdx": 12
    },
    {
        "pronouns": [],
        "globalSId": [],
        "wikiPageId": 1337764,
        "entities": [],
        "text": "",
        "pIdx": 13
    },
    {
        "pronouns": [],
        "globalSId": [
            3607043,
            3607044,
            3607045,
            3607046,
            3607047
        ],
        "wikiPageId": 1337764,
        "entities": [
            {
                "ancestor": "",
                "keyword": "[제라르_드브뢰]",
                "ne_type": "",
                "e_type": "WIKILINK",
                "en": 20,
                "eIdx": 0,
                "st": 11
            },
            {
                "ancestor": "",
                "keyword": "<대하_(생물)>",
                "ne_type": "",
                "e_type": "ELU",
                "en": 61,
                "eIdx": 1,
                "st": 52
            },
            {
                "ancestor": "",
                "keyword": "[애로-드브뢰_모형]",
                "ne_type": "",
                "e_type": "WIKILINK",
                "en": 113,
                "eIdx": 2,
                "st": 102
            },
            {
                "ancestor": "",
                "keyword": "<노벨_경제학상>",
                "ne_type": "",
                "e_type": "ELU",
                "en": 149,
                "eIdx": 3,
                "st": 140
            },
            {
                "ancestor": "",
                "keyword": "[불확정성]",
                "ne_type": "",
                "e_type": "WIKILINK",
                "en": 182,
                "eIdx": 4,
                "st": 176
            },
            {
                "ancestor": "",
                "keyword": "<분석>",
                "ne_type": "",
                "e_type": "ELU",
                "en": 198,
                "eIdx": 5,
                "st": 194
            },
            {
                "ancestor": "",
                "keyword": "[아담_스미스]",
                "ne_type": "",
                "e_type": "WIKILINK",
                "en": 228,
                "eIdx": 6,
                "st": 220
            },
            {
                "ancestor": "",
                "keyword": "[국부론]",
                "ne_type": "",
                "e_type": "WIKILINK",
                "en": 235,
                "eIdx": 7,
                "st": 230
            }
        ],
        "text": "일반균형이론 애로는 [제라르_드브뢰]와 함께, 제한된 조건 하에서는 시장에 있는 모든 상품에 <대하_(생물)>여 총공급이 총수요와 같은 가격의 집합이 언제나 있음을 엄밀하게 증명해낸 [애로-드브뢰_모형]을 만들었다. 이 업적으로 드브뢰는 1983년에 <노벨_경제학상>을 수상하였다. 애로는 후에 이 모델을 확장하여 [불확정성]과 안정성을 포함하여 <분석>하였다. 일반균형이론에서의 그의 업적은 [아담_스미스]의 [국부론]에 많은 영향을 받았다.",
        "pIdx": 14
    },
    {
        "pronouns": [],
        "globalSId": [
            3607048,
            3607049
        ],
        "wikiPageId": 1337764,
        "entities": [
            {
                "ancestor": "",
                "keyword": "[후생경제학의_기본_정리]",
                "ne_type": "",
                "e_type": "WIKILINK",
                "en": 31,
                "eIdx": 0,
                "st": 17
            }
        ],
        "text": "후생경제학의 기본 정리 애로는 [후생경제학의_기본_정리]의 제1정리와 제2정리를 효용, 소비, 혹은 기술의 미분가능성을 필요로 하지 않고 증명할 수 있음을 보였다.",
        "pIdx": 15
    },
    {
        "pronouns": [],
        "globalSId": [
            3607050,
            3607051,
            3607052,
            3607053,
            3607054,
            3607055,
            3607056
        ],
        "wikiPageId": 1337764,
        "entities": [
            {
                "ancestor": "",
                "keyword": "[내생적_성장이론]",
                "ne_type": "",
                "e_type": "WIKILINK",
                "en": 23,
                "eIdx": 0,
                "st": 13
            },
            {
                "ancestor": "",
                "keyword": "<대하_(생물)>",
                "ne_type": "",
                "e_type": "ELU",
                "en": 34,
                "eIdx": 1,
                "st": 25
            },
            {
                "ancestor": "",
                "keyword": "<변수>",
                "ne_type": "",
                "e_type": "ELU",
                "en": 64,
                "eIdx": 2,
                "st": 60
            },
            {
                "ancestor": "",
                "keyword": "<고려>",
                "ne_type": "",
                "e_type": "ELU",
                "en": 138,
                "eIdx": 3,
                "st": 134
            },
            {
                "ancestor": "",
                "keyword": "<대하_(생물)>",
                "ne_type": "",
                "e_type": "ELU",
                "en": 187,
                "eIdx": 4,
                "st": 178
            },
            {
                "ancestor": "",
                "keyword": "<경제>",
                "ne_type": "",
                "e_type": "ELU",
                "en": 232,
                "eIdx": 5,
                "st": 228
            }
        ],
        "text": "내생적 성장이론 애로는 [내생적_성장이론]에 <대하_(생물)>여도 연구하고 있었다. 이는 기술변화를 외생적 <변수>라 보지 않고, 기술변화의 원인이 무엇인지 탐구하려고 하는 이론이다. 내생적 성장이론이 발전하기 전에는 기술변화를 외생변수라 <고려>하는 것이 일반적이었다. 하지만 이와 동시에 기술변화가 일어나는 원인에 <대하_(생물)>여는 경제적 설명이 부족하였다. 내생적 성장이론은 왜 기업들이 혁신하는지 <경제>인 이유를 제공하였고, 이에 다라 경제학자들이 기술변화가 경제주체의 행위에 따라 결정되므로, 즉 내생적으로 결정되므로 기술변화가 경제 모델 안에 들어가야한다고 생각하게 하였다. 애로는 이러한 이론에 기초가 되는 연구를 하였다.",
        "pIdx": 16
    },
    {
        "pronouns": [],
        "globalSId": [
            3607057,
            3607058,
            3607059
        ],
        "wikiPageId": 1337764,
        "entities": [
            {
                "ancestor": "",
                "keyword": "[정보의_비대칭성]",
                "ne_type": "",
                "e_type": "WIKILINK",
                "en": 20,
                "eIdx": 0,
                "st": 10
            },
            {
                "ancestor": "",
                "keyword": "<소>",
                "ne_type": "",
                "e_type": "ELU",
                "en": 153,
                "eIdx": 1,
                "st": 150
            }
        ],
        "text": "정보경제학 애로는 [정보의_비대칭성]에 다른 문제 역시 연구하였다. 애로는 의료 급여에서의 정보의 비대칭성에 관하여 연구하였고, 그는 1963년에 \"Uncertainty and the Welfare Economics of Medical Care\" 라는 제목의 논문으로 <소>의 업적을 출판하였다.",
        "pIdx": 17
    }
]