[
    {
        "pronouns": [],
        "globalSId": [
            2500551,
            2500552,
            2500553
        ],
        "wikiPageId": 647364,
        "entities": [
            {
                "ancestor": "",
                "keyword": "<네이마르>",
                "ne_type": "",
                "e_type": "ELU",
                "en": 6,
                "eIdx": 0,
                "st": 0
            },
            {
                "ancestor": "",
                "keyword": "[1992년]",
                "ne_type": "",
                "e_type": "WIKILINK",
                "en": 31,
                "eIdx": 1,
                "st": 24
            },
            {
                "ancestor": "",
                "keyword": "[2월_5일]",
                "ne_type": "",
                "e_type": "WIKILINK",
                "en": 39,
                "eIdx": 2,
                "st": 32
            },
            {
                "ancestor": "",
                "keyword": "<네이마르>",
                "ne_type": "",
                "e_type": "ELU",
                "en": 51,
                "eIdx": 3,
                "st": 45
            },
            {
                "ancestor": "",
                "keyword": "[브라질]",
                "ne_type": "",
                "e_type": "WIKILINK",
                "en": 71,
                "eIdx": 4,
                "st": 66
            },
            {
                "ancestor": "",
                "keyword": "[축구_선수]",
                "ne_type": "",
                "e_type": "WIKILINK",
                "en": 80,
                "eIdx": 5,
                "st": 73
            },
            {
                "ancestor": "",
                "keyword": "<현재>",
                "ne_type": "",
                "e_type": "ELU",
                "en": 86,
                "eIdx": 6,
                "st": 82
            },
            {
                "ancestor": "",
                "keyword": "[브라질_축구_국가대표팀]",
                "ne_type": "",
                "e_type": "WIKILINK",
                "en": 102,
                "eIdx": 7,
                "st": 88
            },
            {
                "ancestor": "",
                "keyword": "[FC_바르셀로나]",
                "ne_type": "",
                "e_type": "WIKILINK",
                "en": 118,
                "eIdx": 8,
                "st": 108
            },
            {
                "ancestor": "",
                "keyword": "[공격수#윙어]",
                "ne_type": "",
                "e_type": "WIKILINK",
                "en": 129,
                "eIdx": 9,
                "st": 121
            }
        ],
        "text": "<네이마르> 다 시우바 산투스 주니오르(, [1992년] [2월_5일] ~ )는 <네이마르>라는 이름으로 알려져 있는 [브라질]의 [축구_선수]로 <현재>는 [브라질_축구_국가대표팀]과 소속팀 [FC_바르셀로나]에서 [공격수#윙어]로 활약하고 있다. 그의 특기는 골 결정력과 빠른 스피드, 폭발적인 드리블 능력이 뛰어나다. 특히 상대 수비수를 따돌리는 현란한 발놀림과 개인기는 전세계 관중들을 놀라게 할 만큼 수준 높지만 상대적으로 왜소한 체형과 약한 몸싸움이 약점이라고 할 수 있다.",
        "pIdx": 1
    }
]