[
    {
        "pronouns": [],
        "globalSId": [
            2319970,
            2319971,
            2319972
        ],
        "wikiPageId": 566225,
        "entities": [
            {
                "ancestor": "",
                "keyword": "<한국>",
                "ne_type": "",
                "e_type": "ELU",
                "en": 4,
                "eIdx": 0,
                "st": 0
            },
            {
                "ancestor": "",
                "keyword": "<조선민주주의인민공화국>",
                "ne_type": "",
                "e_type": "ELU",
                "en": 108,
                "eIdx": 1,
                "st": 95
            },
            {
                "ancestor": "",
                "keyword": "<남쪽>",
                "ne_type": "",
                "e_type": "ELU",
                "en": 146,
                "eIdx": 2,
                "st": 142
            },
            {
                "ancestor": "",
                "keyword": "<대한민국>",
                "ne_type": "",
                "e_type": "ELU",
                "en": 157,
                "eIdx": 3,
                "st": 151
            },
            {
                "ancestor": "",
                "keyword": "<사이>",
                "ne_type": "",
                "e_type": "ELU",
                "en": 169,
                "eIdx": 4,
                "st": 165
            },
            {
                "ancestor": "",
                "keyword": "<조선민주주의인민공화국>",
                "ne_type": "",
                "e_type": "ELU",
                "en": 225,
                "eIdx": 5,
                "st": 212
            },
            {
                "ancestor": "",
                "keyword": "<대한민국>",
                "ne_type": "",
                "e_type": "ELU",
                "en": 239,
                "eIdx": 6,
                "st": 233
            },
            {
                "ancestor": "",
                "keyword": "<대한민국>",
                "ne_type": "",
                "e_type": "ELU",
                "en": 291,
                "eIdx": 7,
                "st": 285
            }
        ],
        "text": "<한국>의 합동참모본부도 민주당 지도부와 가진 비공개 간담회에서 \"포가 북의 작전통제선을 넘어갔을 개연성이 있다.\"고 밝히고있으나, 작전통제선은 NLL과는 다른 선이다. <조선민주주의인민공화국>의 작전통제선은 NLL과 NLL로부터 4.5마일(7.2km) <남쪽>에 있는 <대한민국>의 어로저지선 <사이>에 그어져있는 것으로 파악되고 있다. 즉, 작전통제선은 군사적 참조를 위하여 <조선민주주의인민공화국>이 일방적으로 <대한민국>의 영해상에 그어놓은 선일 뿐인데도, 이와같이 용어의 개념을 교묘히 흔들어 책임이 <대한민국>측에 있는 듯 떠넘긴 것이다.",
        "pIdx": 31
    },
    {
        "pronouns": [],
        "globalSId": [
            2319973
        ],
        "wikiPageId": 566225,
        "entities": [
            {
                "ancestor": "",
                "keyword": "<고려>",
                "ne_type": "",
                "e_type": "ELU",
                "en": 14,
                "eIdx": 0,
                "st": 10
            },
            {
                "ancestor": "",
                "keyword": "<이용_(가수)>",
                "ne_type": "",
                "e_type": "ELU",
                "en": 120,
                "eIdx": 1,
                "st": 111
            }
        ],
        "text": "남북간 긴장관계를 <고려>하여 작전통제선에 대해 민감할 수 있다고 넘어가더라도, 이를 근거로 영토를 향해 무차별 포격을 가하고 군과 민간에 막대한 피해를 입힌 사실로 보아 작전통제선은 명분을 위하여 <이용_(가수)>된 것으로 볼 수 있다.",
        "pIdx": 32
    },
    {
        "pronouns": [],
        "globalSId": [
            2319974,
            2319975,
            2319976,
            2319977,
            2319978
        ],
        "wikiPageId": 566225,
        "entities": [
            {
                "ancestor": "",
                "keyword": "<조선민주주의인민공화국>",
                "ne_type": "",
                "e_type": "ELU",
                "en": 13,
                "eIdx": 0,
                "st": 0
            },
            {
                "ancestor": "",
                "keyword": "<영해>",
                "ne_type": "",
                "e_type": "ELU",
                "en": 56,
                "eIdx": 1,
                "st": 52
            },
            {
                "ancestor": "",
                "keyword": "<발사>",
                "ne_type": "",
                "e_type": "ELU",
                "en": 66,
                "eIdx": 2,
                "st": 62
            },
            {
                "ancestor": "",
                "keyword": "<영해>",
                "ne_type": "",
                "e_type": "ELU",
                "en": 145,
                "eIdx": 3,
                "st": 141
            },
            {
                "ancestor": "",
                "keyword": "<주장_(축구)>",
                "ne_type": "",
                "e_type": "ELU",
                "en": 200,
                "eIdx": 4,
                "st": 191
            },
            {
                "ancestor": "",
                "keyword": "<조국평화통일위원회>",
                "ne_type": "",
                "e_type": "ELU",
                "en": 219,
                "eIdx": 5,
                "st": 208
            },
            {
                "ancestor": "",
                "keyword": "<대한민국>",
                "ne_type": "",
                "e_type": "ELU",
                "en": 269,
                "eIdx": 6,
                "st": 263
            },
            {
                "ancestor": "",
                "keyword": "<주장_(축구)>",
                "ne_type": "",
                "e_type": "ELU",
                "en": 286,
                "eIdx": 7,
                "st": 277
            },
            {
                "ancestor": "",
                "keyword": "<사실>",
                "ne_type": "",
                "e_type": "ELU",
                "en": 328,
                "eIdx": 8,
                "st": 324
            },
            {
                "ancestor": "",
                "keyword": "<대한민국>",
                "ne_type": "",
                "e_type": "ELU",
                "en": 385,
                "eIdx": 9,
                "st": 379
            }
        ],
        "text": "<조선민주주의인민공화국>의 주장 조선민주주의인민공화국 유엔대사인 박덕훈은 \"남측이 먼저 우리 <영해>에 포탄을 <발사>했다\"면서 \"이번 조치는 자위적 조치\"였다고 주장했다. \"괴뢰들의 이번 군사적 도발은, 이른바 `어선단속'을 구실로 해군함정을 우리측 <영해>에 빈번히 침범시키면서 `북방한계선'을 고수해보려 했던 악랄한 기도의 연장\"이라고 <주장_(축구)>하였다. 또한 <조국평화통일위원회>는 \"우리의 영해에 직접적으로 불질을 한 괴뢰군포대를 정확히 명중타격\"하였다며 <대한민국>의 선제공격을 <주장_(축구)>하였다. 민간인 피해에 대해서도 역시 \"민간인 사상자가 발생한 것이 <사실>이라면 지극히 유감스러운 일\"이라면서도 \"포진지 주변에 민간인을 배치해 인간방패를 형성한\" <대한민국>의 비인간적인 처사에 있다고 비난했다.",
        "pIdx": 33
    },
    {
        "pronouns": [],
        "globalSId": [
            2319979,
            2319980,
            2319981,
            2319982,
            2319983
        ],
        "wikiPageId": 566225,
        "entities": [
            {
                "ancestor": "",
                "keyword": "<조선민주주의인민공화국>",
                "ne_type": "",
                "e_type": "ELU",
                "en": 13,
                "eIdx": 0,
                "st": 0
            },
            {
                "ancestor": "",
                "keyword": "[대한변호사협회]",
                "ne_type": "",
                "e_type": "WIKILINK",
                "en": 31,
                "eIdx": 1,
                "st": 22
            },
            {
                "ancestor": "",
                "keyword": "<조선민주주의인민공화국>",
                "ne_type": "",
                "e_type": "ELU",
                "en": 52,
                "eIdx": 2,
                "st": 39
            },
            {
                "ancestor": "",
                "keyword": "<연평도>",
                "ne_type": "",
                "e_type": "ELU",
                "en": 59,
                "eIdx": 3,
                "st": 54
            },
            {
                "ancestor": "",
                "keyword": "[유엔_헌장]",
                "ne_type": "",
                "e_type": "WIKILINK",
                "en": 163,
                "eIdx": 4,
                "st": 156
            },
            {
                "ancestor": "",
                "keyword": "<국가>",
                "ne_type": "",
                "e_type": "ELU",
                "en": 176,
                "eIdx": 5,
                "st": 172
            },
            {
                "ancestor": "",
                "keyword": "<대한민국>",
                "ne_type": "",
                "e_type": "ELU",
                "en": 223,
                "eIdx": 6,
                "st": 217
            },
            {
                "ancestor": "",
                "keyword": "<조선인민군>",
                "ne_type": "",
                "e_type": "ELU",
                "en": 265,
                "eIdx": 7,
                "st": 258
            },
            {
                "ancestor": "",
                "keyword": "<다연장_로켓포>",
                "ne_type": "",
                "e_type": "ELU",
                "en": 282,
                "eIdx": 8,
                "st": 273
            },
            {
                "ancestor": "",
                "keyword": "<동원>",
                "ne_type": "",
                "e_type": "ELU",
                "en": 289,
                "eIdx": 9,
                "st": 285
            },
            {
                "ancestor": "",
                "keyword": "<대한민국_정부>",
                "ne_type": "",
                "e_type": "ELU",
                "en": 354,
                "eIdx": 10,
                "st": 345
            },
            {
                "ancestor": "",
                "keyword": "<조선민주주의인민공화국>",
                "ne_type": "",
                "e_type": "ELU",
                "en": 369,
                "eIdx": 11,
                "st": 356
            }
        ],
        "text": "<조선민주주의인민공화국>의 국제법 위반 [대한변호사협회] 등에 의하면 <조선민주주의인민공화국>이 <연평도>에 직접 대포공격을 한 것은 유엔 헌장과 국제법을 위배한 전쟁도발 행위로 간주된다. 이같은 군사도발은 무력행사를 금지하는 유엔 헌장 제2조 4항과 정전협정 위반에 해당한다. [유엔_헌장] 51조가 개별 <국가>의 자위권(right of self-defense)행사를 규정하고 있지만 <대한민국> 국군이 자기 영역내에서 자체 방위훈련을 하고 있었던 상황에서 <조선인민군>이 122mm <다연장_로켓포>까지 <동원>하여 무방비 상태의 민간인지역을 무차별 포격을 가한 행위는 자위권에 해당한다고 보기 어렵다. 따라서 <대한민국_정부>는 <조선민주주의인민공화국>의 이번 연평도 포격공격을 유엔 안전보장이사회에 회부하여 책임을 물을 수도 있다.",
        "pIdx": 34
    },
    {
        "pronouns": [],
        "globalSId": [
            2319984
        ],
        "wikiPageId": 566225,
        "entities": [
            {
                "ancestor": "",
                "keyword": "<대한민국>",
                "ne_type": "",
                "e_type": "ELU",
                "en": 9,
                "eIdx": 0,
                "st": 3
            },
            {
                "ancestor": "",
                "keyword": "<모임_(집합론)>",
                "ne_type": "",
                "e_type": "ELU",
                "en": 26,
                "eIdx": 1,
                "st": 16
            },
            {
                "ancestor": "",
                "keyword": "<조선민주주의인민공화국>",
                "ne_type": "",
                "e_type": "ELU",
                "en": 53,
                "eIdx": 2,
                "st": 40
            },
            {
                "ancestor": "",
                "keyword": "<유색법과_무색법>",
                "ne_type": "",
                "e_type": "ELU",
                "en": 128,
                "eIdx": 3,
                "st": 118
            },
            {
                "ancestor": "",
                "keyword": "<강조>",
                "ne_type": "",
                "e_type": "ELU",
                "en": 187,
                "eIdx": 4,
                "st": 183
            },
            {
                "ancestor": "",
                "keyword": "<조선민주주의인민공화국>",
                "ne_type": "",
                "e_type": "ELU",
                "en": 203,
                "eIdx": 5,
                "st": 190
            },
            {
                "ancestor": "",
                "keyword": "<김정일>",
                "ne_type": "",
                "e_type": "ELU",
                "en": 210,
                "eIdx": 6,
                "st": 205
            },
            {
                "ancestor": "",
                "keyword": "<김정은>",
                "ne_type": "",
                "e_type": "ELU",
                "en": 224,
                "eIdx": 7,
                "st": 219
            },
            {
                "ancestor": "",
                "keyword": "[국제형사재판소]",
                "ne_type": "",
                "e_type": "WIKILINK",
                "en": 249,
                "eIdx": 8,
                "st": 240
            }
        ],
        "text": "한편 <대한민국>의 시민단체 <모임_(집합론)>인 반인도범죄조사위원회는 <조선민주주의인민공화국>의 연평도 포격이 \"계획적인 한국 영토 조준 공격, 민간인 거주 지역 공격, 대량 살상용 방사 포탄 사용 등의 공격 <유색법과_무색법>으로 보아 연평도 포격 도발은 유엔 헌장 제2조 4항, 로마규약 제8조에 저촉되는 전쟁 범죄\"라고 <강조>하며 <조선민주주의인민공화국>의 <김정일>과 그의 후계자 <김정은>을 '전쟁범죄' 등의 혐의로 [국제형사재판소](ICC)에 고발하기로 했다.",
        "pIdx": 35
    },
    {
        "pronouns": [],
        "globalSId": [
            2319985,
            2319986
        ],
        "wikiPageId": 566225,
        "entities": [
            {
                "ancestor": "",
                "keyword": "<루이스_모레노>",
                "ne_type": "",
                "e_type": "ELU",
                "en": 116,
                "eIdx": 0,
                "st": 107
            }
        ],
        "text": "2010년 12월 6일에, 국제형사재판소는 반인도범죄조사위원회의 진정에 따라 사건에 대한 예비조사에 착수했다고 밝혔다. 예비조사의 대상은 연평도 포격과 천안함 침몰 두 사건이고, 담당 검사는 <루이스_모레노>-오캄포 수석검사이다.",
        "pIdx": 36
    },
    {
        "pronouns": [],
        "globalSId": [
            2319987
        ],
        "wikiPageId": 566225,
        "entities": [],
        "text": "후속 조치",
        "pIdx": 37
    },
    {
        "pronouns": [],
        "globalSId": [
            2319988,
            2319989
        ],
        "wikiPageId": 566225,
        "entities": [
            {
                "ancestor": "",
                "keyword": "<대한민국>",
                "ne_type": "",
                "e_type": "ELU",
                "en": 6,
                "eIdx": 0,
                "st": 0
            },
            {
                "ancestor": "",
                "keyword": "[인천광역시교육청]",
                "ne_type": "",
                "e_type": "WIKILINK",
                "en": 27,
                "eIdx": 1,
                "st": 17
            },
            {
                "ancestor": "",
                "keyword": "[연평도]",
                "ne_type": "",
                "e_type": "WIKILINK",
                "en": 34,
                "eIdx": 2,
                "st": 29
            },
            {
                "ancestor": "",
                "keyword": "[백령도]",
                "ne_type": "",
                "e_type": "WIKILINK",
                "en": 41,
                "eIdx": 3,
                "st": 36
            },
            {
                "ancestor": "",
                "keyword": "[대청도]",
                "ne_type": "",
                "e_type": "WIKILINK",
                "en": 48,
                "eIdx": 4,
                "st": 43
            },
            {
                "ancestor": "",
                "keyword": "[서해_5도]",
                "ne_type": "",
                "e_type": "WIKILINK",
                "en": 59,
                "eIdx": 5,
                "st": 52
            }
        ],
        "text": "<대한민국> 이 사건으로 인해 [인천광역시교육청]은 [연평도], [백령도], [대청도] 등의 [서해_5도] 초, 중, 고등학교를 무기한 휴교조치하였다.",
        "pIdx": 38
    },
    {
        "pronouns": [],
        "globalSId": [
            2319990,
            2319991
        ],
        "wikiPageId": 566225,
        "entities": [
            {
                "ancestor": "",
                "keyword": "<주도>",
                "ne_type": "",
                "e_type": "ELU",
                "en": 24,
                "eIdx": 0,
                "st": 20
            },
            {
                "ancestor": "",
                "keyword": "<조선민주주의인민공화국>",
                "ne_type": "",
                "e_type": "ELU",
                "en": 110,
                "eIdx": 1,
                "st": 97
            },
            {
                "ancestor": "",
                "keyword": "[김태영_(1949년)]",
                "ne_type": "",
                "e_type": "WIKILINK",
                "en": 169,
                "eIdx": 2,
                "st": 156
            },
            {
                "ancestor": "",
                "keyword": "[김관진]",
                "ne_type": "",
                "e_type": "WIKILINK",
                "en": 188,
                "eIdx": 3,
                "st": 183
            }
        ],
        "text": "이 사건을 계기로 그 동안 민간에서 <주도>하던 대북전단살포를 2010년 11월 23일 오후 11시부로 경기북부, 강원동부지역을 중심으로 군에서 직접 살포를 시작하는 한편, <조선민주주의인민공화국>의 도발이 계속 된다면 확성기로도 대북심리전을 하겠다고 밝혔다. 이 사건을 계기로 [김태영_(1949년)] 국방부장관이 사임하고, [김관진]이 임명되었다.",
        "pIdx": 39
    },
    {
        "pronouns": [],
        "globalSId": [
            2319992
        ],
        "wikiPageId": 566225,
        "entities": [
            {
                "ancestor": "",
                "keyword": "<훈장>",
                "ne_type": "",
                "e_type": "ELU",
                "en": 119,
                "eIdx": 0,
                "st": 115
            },
            {
                "ancestor": "",
                "keyword": "<군사_계급>",
                "ne_type": "",
                "e_type": "ELU",
                "en": 148,
                "eIdx": 1,
                "st": 141
            }
        ],
        "text": "연평도 포격에 참전했던 해병 부상자 16명은 국방부장관 표창자 2명, 합참의장 표창자 3명, 참모총장 표창자 5명, 해병대사령관 표창자 6명은 각각 표창을 받았고, 故 서정우 하사와 문광욱 일병은 화랑무공 <훈장>, 포격 당일 산불진압에 나섰던 이충민 <군사_계급>이 대통령 표창을 받았다.",
        "pIdx": 40
    }
]