[
    {
        "pronouns": [],
        "globalSId": [
            1449479,
            1449480
        ],
        "wikiPageId": 256168,
        "entities": [
            {
                "ancestor": "",
                "keyword": "<장미>",
                "ne_type": "",
                "e_type": "ELU",
                "en": 7,
                "eIdx": 0,
                "st": 3
            },
            {
                "ancestor": "",
                "keyword": "[JTWC]",
                "ne_type": "",
                "e_type": "WIKILINK",
                "en": 27,
                "eIdx": 1,
                "st": 21
            },
            {
                "ancestor": "",
                "keyword": "[2008년_태풍]",
                "ne_type": "",
                "e_type": "WIKILINK",
                "en": 85,
                "eIdx": 2,
                "st": 75
            },
            {
                "ancestor": "",
                "keyword": "<태풍>",
                "ne_type": "",
                "e_type": "ELU",
                "en": 96,
                "eIdx": 3,
                "st": 92
            },
            {
                "ancestor": "",
                "keyword": "[장미]",
                "ne_type": "",
                "e_type": "WIKILINK",
                "en": 188,
                "eIdx": 4,
                "st": 184
            },
            {
                "ancestor": "",
                "keyword": "[대한민국]",
                "ne_type": "",
                "e_type": "WIKILINK",
                "en": 197,
                "eIdx": 5,
                "st": 191
            }
        ],
        "text": "태풍 <장미>(태풍 번호: 0815, [JTWC] 지정 번호: 19W, 국제명: JANGMI, 필리핀 기상청 지정 이름: Ofel)는 [2008년_태풍]의 제15호 <태풍>으로 2008년 9월 24일에 발생하여 2008년 10월 1일에 소멸하였고, 2008년에 발생한 태풍 중에서 가장 낮은 기압인 905 hPa을 기록하였다. \"[장미]\"는 [대한민국]에서 제출한 이름이다.",
        "pIdx": 1
    }
]