[
    {
        "entities": [
            {
                "keyword": "[2008년]",
                "ancestor": "",
                "st": 28,
                "eIdx": 0,
                "ne_type": "",
                "en": 35,
                "e_type": "WIKILINK"
            },
            {
                "keyword": "[12월_11일]",
                "ancestor": "",
                "st": 36,
                "eIdx": 1,
                "ne_type": "",
                "en": 45,
                "e_type": "WIKILINK"
            },
            {
                "keyword": "[서울]",
                "ancestor": "",
                "st": 46,
                "eIdx": 2,
                "ne_type": "",
                "en": 50,
                "e_type": "WIKILINK"
            },
            {
                "keyword": "[코엑스]",
                "ancestor": "",
                "st": 55,
                "eIdx": 3,
                "ne_type": "",
                "en": 60,
                "e_type": "WIKILINK"
            },
            {
                "keyword": "<오디토리엄>",
                "ancestor": "",
                "st": 61,
                "eIdx": 4,
                "ne_type": "",
                "en": 68,
                "e_type": "ELU"
            }
        ],
        "text": "2008년 한국 프로 야구 골든 글러브상 시상식은 [2008년] [12월_11일] [서울] 삼성동 [코엑스] <오디토리엄>에서 열렸다.",
        "globalSId": [
            1543149
        ],
        "pIdx": 1,
        "pronouns": [],
        "wikiPageId": 274232
    }
]