[
    {
        "pronouns": [],
        "globalSId": [
            1505606
        ],
        "wikiPageId": 266657,
        "entities": [
            {
                "ancestor": "",
                "keyword": "<우창여객>",
                "ne_type": "",
                "e_type": "ELU",
                "en": 6,
                "eIdx": 0,
                "st": 0
            },
            {
                "ancestor": "",
                "keyword": "[경상북도]",
                "ne_type": "",
                "e_type": "WIKILINK",
                "en": 20,
                "eIdx": 1,
                "st": 14
            },
            {
                "ancestor": "",
                "keyword": "[경산시]",
                "ne_type": "",
                "e_type": "WIKILINK",
                "en": 26,
                "eIdx": 2,
                "st": 21
            },
            {
                "ancestor": "",
                "keyword": "[대구광역시]",
                "ne_type": "",
                "e_type": "WIKILINK",
                "en": 41,
                "eIdx": 3,
                "st": 34
            },
            {
                "ancestor": "",
                "keyword": "[시내버스]",
                "ne_type": "",
                "e_type": "WIKILINK",
                "en": 49,
                "eIdx": 4,
                "st": 43
            }
        ],
        "text": "<우창여객>(友昌旅客)은 [경상북도] [경산시]에 연고를 둔 [대구광역시]의 [시내버스] 운송 업체이다.",
        "pIdx": 1
    }
]