[
    {
        "globalSId": [
            2846240,
            2846241,
            2846242,
            2846243
        ],
        "pronouns": [
            {
                "proIdx": 0,
                "ancestor": "",
                "en": 108,
                "st": 105,
                "keyword": "그들의"
            },
            {
                "proIdx": 1,
                "ancestor": "",
                "en": 112,
                "st": 105,
                "keyword": "그들의 정착은"
            },
            {
                "proIdx": 2,
                "ancestor": "",
                "en": 186,
                "st": 184,
                "keyword": "공을"
            },
            {
                "proIdx": 3,
                "ancestor": "",
                "en": 262,
                "st": 258,
                "keyword": "자신들의"
            },
            {
                "proIdx": 4,
                "ancestor": "",
                "en": 266,
                "st": 258,
                "keyword": "자신들의 주권을"
            },
            {
                "proIdx": 5,
                "ancestor": "",
                "en": 273,
                "st": 258,
                "keyword": "자신들의 주권을 얻을 때까지"
            }
        ],
        "wikiPageId": 816885,
        "entities": [
            {
                "ne_type": "",
                "keyword": "<폴란드계_미국인>",
                "ancestor": "",
                "e_type": "ELU",
                "en": 10,
                "eIdx": 0,
                "st": 0
            },
            {
                "ne_type": "",
                "keyword": "[폴란드인]",
                "ancestor": "",
                "e_type": "WIKILINK",
                "en": 36,
                "eIdx": 1,
                "st": 30
            },
            {
                "ne_type": "",
                "keyword": "[미국인]",
                "ancestor": "",
                "e_type": "WIKILINK",
                "en": 46,
                "eIdx": 2,
                "st": 41
            },
            {
                "ne_type": "",
                "keyword": "<폴란드계_미국인>",
                "ancestor": "",
                "e_type": "ELU",
                "en": 71,
                "eIdx": 3,
                "st": 61
            },
            {
                "ne_type": "",
                "keyword": "[미국]",
                "ancestor": "",
                "e_type": "WIKILINK",
                "en": 85,
                "eIdx": 4,
                "st": 81
            },
            {
                "ne_type": "ORGANIZATION",
                "keyword": "[미국]",
                "ancestor": "",
                "e_type": "NEW",
                "en": 117,
                "eIdx": 5,
                "st": 113
            },
            {
                "ne_type": "",
                "keyword": "[식민지]",
                "ancestor": "",
                "e_type": "WIKILINK",
                "en": 124,
                "eIdx": 6,
                "st": 119
            },
            {
                "ne_type": "",
                "keyword": "[카지미에시_푸와스키]",
                "ancestor": "",
                "e_type": "WIKILINK",
                "en": 148,
                "eIdx": 7,
                "st": 136
            },
            {
                "ne_type": "",
                "keyword": "[타데우시_코시치우슈코]",
                "ancestor": "",
                "e_type": "WIKILINK",
                "en": 163,
                "eIdx": 8,
                "st": 150
            },
            {
                "ne_type": "",
                "keyword": "[미국_독립_전쟁]",
                "ancestor": "",
                "e_type": "WIKILINK",
                "en": 182,
                "eIdx": 9,
                "st": 172
            },
            {
                "ne_type": "",
                "keyword": "[1795년]",
                "ancestor": "",
                "e_type": "WIKILINK",
                "en": 199,
                "eIdx": 10,
                "st": 192
            },
            {
                "ne_type": "",
                "keyword": "[1917년]",
                "ancestor": "",
                "e_type": "WIKILINK",
                "en": 208,
                "eIdx": 11,
                "st": 201
            },
            {
                "ne_type": "",
                "keyword": "<폴란드>",
                "ancestor": "",
                "e_type": "ELU",
                "en": 218,
                "eIdx": 12,
                "st": 213
            },
            {
                "ne_type": "",
                "keyword": "[러시아]",
                "ancestor": "",
                "e_type": "WIKILINK",
                "en": 225,
                "eIdx": 13,
                "st": 220
            },
            {
                "ne_type": "",
                "keyword": "[오스트리아]",
                "ancestor": "",
                "e_type": "WIKILINK",
                "en": 234,
                "eIdx": 14,
                "st": 227
            },
            {
                "ne_type": "",
                "keyword": "[프로이센]",
                "ancestor": "",
                "e_type": "WIKILINK",
                "en": 242,
                "eIdx": 15,
                "st": 236
            },
            {
                "ne_type": "LOCATION",
                "keyword": "[폴란드]",
                "ancestor": "",
                "e_type": "NEW",
                "en": 283,
                "eIdx": 16,
                "st": 278
            },
            {
                "ne_type": "LOCATION",
                "keyword": "[미국]",
                "ancestor": "",
                "e_type": "NEW",
                "en": 293,
                "eIdx": 17,
                "st": 289
            }
        ],
        "text": "<폴란드계_미국인>(Polish Americans)은 [폴란드인] 계통의 [미국인]을 말한다. 대략 천만명의 <폴란드계_미국인>이 살고 있으며, [미국] 인구에서 약 3.2%를 차지한다. 그들의 정착은 [미국]의 [식민지] 시절부터 시작되었고 [카지미에시_푸와스키]와 [타데우시_코시치우슈코] 같은 인물들은 [미국_독립_전쟁]에 공을 세웠다. [1795년]과 [1917년] 사이에 <폴란드>가 [러시아], [오스트리아], [프로이센]에 의하여 분할되는 시기부터 자신들의 주권을 얻을 때까지 수많은 [폴란드] 이민들이 [미국]으로 들어왔다.",
        "pIdx": 1
    },
    {
        "pronouns": [],
        "globalSId": [
            2846244
        ],
        "wikiPageId": 816885,
        "entities": [],
        "text": "역사",
        "pIdx": 2
    },
    {
        "pronouns": [],
        "globalSId": [
            2846245,
            2846246,
            2846247,
            2846248,
            2846249,
            2846250,
            2846251,
            2846252,
            2846253
        ],
        "wikiPageId": 816885,
        "entities": [
            {
                "ancestor": "",
                "keyword": "[북아메리카]",
                "ne_type": "",
                "e_type": "WIKILINK",
                "en": 15,
                "eIdx": 0,
                "st": 8
            },
            {
                "ancestor": "",
                "keyword": "[필그림_파더스]",
                "ne_type": "",
                "e_type": "WIKILINK",
                "en": 35,
                "eIdx": 1,
                "st": 26
            },
            {
                "ancestor": "",
                "keyword": "[매사추세츠]",
                "ne_type": "",
                "e_type": "WIKILINK",
                "en": 44,
                "eIdx": 2,
                "st": 37
            },
            {
                "ancestor": "",
                "keyword": "[1608년]",
                "ne_type": "",
                "e_type": "WIKILINK",
                "en": 67,
                "eIdx": 3,
                "st": 60
            },
            {
                "ancestor": "",
                "keyword": "[제임스타운]",
                "ne_type": "",
                "e_type": "WIKILINK",
                "en": 76,
                "eIdx": 4,
                "st": 69
            },
            {
                "ancestor": "",
                "keyword": "[영국]",
                "ne_type": "",
                "e_type": "WIKILINK",
                "en": 104,
                "eIdx": 5,
                "st": 100
            },
            {
                "ancestor": "",
                "keyword": "[존_스미스_(탐험가)]",
                "ne_type": "",
                "e_type": "WIKILINK",
                "en": 128,
                "eIdx": 6,
                "st": 115
            },
            {
                "ancestor": "",
                "keyword": "[1619년]",
                "ne_type": "",
                "e_type": "WIKILINK",
                "en": 224,
                "eIdx": 7,
                "st": 217
            },
            {
                "ancestor": "",
                "keyword": "[미국_하원]",
                "ne_type": "",
                "e_type": "WIKILINK",
                "en": 232,
                "eIdx": 8,
                "st": 225
            },
            {
                "ancestor": "",
                "keyword": "<하원>",
                "ne_type": "",
                "e_type": "ELU",
                "en": 271,
                "eIdx": 9,
                "st": 267
            },
            {
                "ancestor": "",
                "keyword": "<발사>",
                "ne_type": "",
                "e_type": "ELU",
                "en": 333,
                "eIdx": 10,
                "st": 329
            },
            {
                "ancestor": "",
                "keyword": "<하원>",
                "ne_type": "",
                "e_type": "ELU",
                "en": 357,
                "eIdx": 11,
                "st": 353
            },
            {
                "ancestor": "",
                "keyword": "[동프로이센]",
                "ne_type": "",
                "e_type": "WIKILINK",
                "en": 369,
                "eIdx": 12,
                "st": 362
            },
            {
                "ancestor": "",
                "keyword": "[폴란드어]",
                "ne_type": "",
                "e_type": "WIKILINK",
                "en": 420,
                "eIdx": 13,
                "st": 414
            },
            {
                "ancestor": "",
                "keyword": "[영어]",
                "ne_type": "",
                "e_type": "WIKILINK",
                "en": 426,
                "eIdx": 14,
                "st": 422
            },
            {
                "ancestor": "",
                "keyword": "[인디언]",
                "ne_type": "",
                "e_type": "WIKILINK",
                "en": 497,
                "eIdx": 15,
                "st": 492
            }
        ],
        "text": "초기 정착자들 [북아메리카]의 첫 폴란드인들은 [필그림_파더스]가 [매사추세츠] 땅에 도착하기 12년 전인 [1608년]에 [제임스타운] 식민지에 도착하였다. 이 초기 정착자들은 [영국]의 군인이자 모험가 [존_스미스_(탐험가)]의 능력있는 직공들이었다. 마하우 워비츠키, 즈비그니에프 스테판스키, 얀 보그단, 얀 마타와 스타니스와프 사도프스키 등을 포함한 이 폴란드 식민자들의 능력들은 [1619년] [미국_하원]이 마침내 인정되면서 새 정착지에 치명적이었다. 그 숙고 중에 <하원>은 폴란드인 공동체를 투표권으로부터 제외시켰다. 반응으로 폴란드인들은 신대륙에서 첫 기록을 남긴 파업을 <발사>하였다. 그들의 산업들이 필요하면서 <하원>은 어떤 [동프로이센]인들을 포함한 폴란드인들에게 \"영국인들의 권리들\"을 넓혔다. 이어서 폴란드인들은 [폴란드어]와 [영어]를 가르치는 신대륙의 첫 2개국어 학교들을 설립하였다. 폴란드인 공동체의 정치적과 경제적 권력이 거부되자 식민지인들은 [인디언]과 전쟁을 늘였다.",
        "pIdx": 3
    },
    {
        "pronouns": [],
        "globalSId": [
            2846254,
            2846255,
            2846256,
            2846257
        ],
        "wikiPageId": 816885,
        "entities": [
            {
                "ancestor": "",
                "keyword": "<미국>",
                "ne_type": "",
                "e_type": "ELU",
                "en": 4,
                "eIdx": 0,
                "st": 0
            },
            {
                "ancestor": "",
                "keyword": "[1770년]",
                "ne_type": "",
                "e_type": "WIKILINK",
                "en": 18,
                "eIdx": 1,
                "st": 11
            },
            {
                "ancestor": "",
                "keyword": "[뉴욕]",
                "ne_type": "",
                "e_type": "WIKILINK",
                "en": 23,
                "eIdx": 2,
                "st": 19
            },
            {
                "ancestor": "",
                "keyword": "[켄터키]",
                "ne_type": "",
                "e_type": "WIKILINK",
                "en": 62,
                "eIdx": 3,
                "st": 57
            },
            {
                "ancestor": "",
                "keyword": "[오하이오_주]",
                "ne_type": "",
                "e_type": "WIKILINK",
                "en": 94,
                "eIdx": 4,
                "st": 86
            },
            {
                "ancestor": "",
                "keyword": "<선더스키>",
                "ne_type": "",
                "e_type": "ELU",
                "en": 102,
                "eIdx": 5,
                "st": 96
            },
            {
                "ancestor": "",
                "keyword": "<폴란드>",
                "ne_type": "",
                "e_type": "ELU",
                "en": 133,
                "eIdx": 6,
                "st": 128
            },
            {
                "ancestor": "",
                "keyword": "[카지미에시_푸와스키]",
                "ne_type": "",
                "e_type": "WIKILINK",
                "en": 164,
                "eIdx": 7,
                "st": 152
            },
            {
                "ancestor": "",
                "keyword": "[타데우시_코시치우슈코]",
                "ne_type": "",
                "e_type": "WIKILINK",
                "en": 179,
                "eIdx": 8,
                "st": 166
            },
            {
                "ancestor": "",
                "keyword": "<폴란드>",
                "ne_type": "",
                "e_type": "ELU",
                "en": 188,
                "eIdx": 9,
                "st": 183
            },
            {
                "ancestor": "",
                "keyword": "<미국>",
                "ne_type": "",
                "e_type": "ELU",
                "en": 200,
                "eIdx": 10,
                "st": 196
            },
            {
                "ancestor": "",
                "keyword": "<미국>",
                "ne_type": "",
                "e_type": "ELU",
                "en": 214,
                "eIdx": 11,
                "st": 210
            }
        ],
        "text": "<미국> 독립 혁명 [1770년] [뉴욕]에 정착한 야쿠브 사도프스키를 포함한 이후의 폴란드 이민들은 [켄터키] 만큼 멀리 지나간 첫 유럽인들이 되었다. [오하이오_주]의 <선더스키>는 그의 이름을 땄다고 한다. 18세기 말기에 <폴란드>의 국가가 자신들의 독립을 잃자, [카지미에시_푸와스키]와 [타데우시_코시치우슈코] 같은 <폴란드>의 애국자들은 <미국>의 독립을 위하여 <미국>으로 떠났다.",
        "pIdx": 4
    },
    {
        "pronouns": [],
        "globalSId": [
            2846258,
            2846259,
            2846260
        ],
        "wikiPageId": 816885,
        "entities": [
            {
                "ancestor": "",
                "keyword": "<대륙군>",
                "ne_type": "",
                "e_type": "ELU",
                "en": 11,
                "eIdx": 0,
                "st": 6
            },
            {
                "ancestor": "",
                "keyword": "[조지_워싱턴]",
                "ne_type": "",
                "e_type": "WIKILINK",
                "en": 63,
                "eIdx": 1,
                "st": 55
            },
            {
                "ancestor": "",
                "keyword": "<서배너>",
                "ne_type": "",
                "e_type": "ELU",
                "en": 88,
                "eIdx": 2,
                "st": 83
            },
            {
                "ancestor": "",
                "keyword": "<미국>",
                "ne_type": "",
                "e_type": "ELU",
                "en": 113,
                "eIdx": 3,
                "st": 109
            }
        ],
        "text": "푸와스키는 <대륙군>의 준장으로 복무하여 그 기병대의 사령관을 맡았다. 그는 브랜디와인의 전투에서 [조지_워싱턴]의 군대를 섬겼으며 31세의 나이로 <서배너>의 전투에서 전사하였다. 그는 후에 \"<미국> 기병대의 아버지\"로 알려졌으며, 푸와스키의 날과 그 행렬에서 기념되었다.",
        "pIdx": 5
    },
    {
        "pronouns": [],
        "globalSId": [
            2846261,
            2846262,
            2846263,
            2846264
        ],
        "wikiPageId": 816885,
        "entities": [
            {
                "ancestor": "",
                "keyword": "<타데우시_코시치우슈코>",
                "ne_type": "",
                "e_type": "ELU",
                "en": 13,
                "eIdx": 0,
                "st": 0
            },
            {
                "ancestor": "",
                "keyword": "[1776년]",
                "ne_type": "",
                "e_type": "WIKILINK",
                "en": 22,
                "eIdx": 1,
                "st": 15
            },
            {
                "ancestor": "",
                "keyword": "<대륙군>",
                "ne_type": "",
                "e_type": "ELU",
                "en": 28,
                "eIdx": 2,
                "st": 23
            },
            {
                "ancestor": "",
                "keyword": "[웨스트포인트_(뉴욕_주)]",
                "ne_type": "",
                "e_type": "WIKILINK",
                "en": 75,
                "eIdx": 3,
                "st": 60
            },
            {
                "ancestor": "",
                "keyword": "<승리>",
                "ne_type": "",
                "e_type": "ELU",
                "en": 82,
                "eIdx": 4,
                "st": 78
            },
            {
                "ancestor": "",
                "keyword": "[1795년]",
                "ne_type": "",
                "e_type": "WIKILINK",
                "en": 106,
                "eIdx": 5,
                "st": 99
            },
            {
                "ancestor": "",
                "keyword": "<폴란드>",
                "ne_type": "",
                "e_type": "ELU",
                "en": 112,
                "eIdx": 6,
                "st": 107
            },
            {
                "ancestor": "",
                "keyword": "<러시아>",
                "ne_type": "",
                "e_type": "ELU",
                "en": 127,
                "eIdx": 7,
                "st": 122
            },
            {
                "ancestor": "",
                "keyword": "<타데우시_코시치우슈코>",
                "ne_type": "",
                "e_type": "ELU",
                "en": 165,
                "eIdx": 8,
                "st": 152
            }
        ],
        "text": "<타데우시_코시치우슈코>는 [1776년] <대륙군>에 복무한 프로적 군사적 사관이었으며, 새러토거의 전투와 [웨스트포인트_(뉴욕_주)]에서 <승리>를 거두었다. 그는 귀국 후에 [1795년] <폴란드>의 독립을 위하여 <러시아>에 대항하였으나 실패하고 말았다. 푸와스키와 <타데우시_코시치우슈코>의 동상들이 둘다 워싱턴 D. C.에 세워졌다.",
        "pIdx": 6
    }
]