[
    {
        "pronouns": [],
        "globalSId": [
            487740,
            487741,
            487742,
            487743,
            487744
        ],
        "wikiPageId": 54127,
        "entities": [
            {
                "ancestor": "",
                "keyword": "<테크네튬>",
                "ne_type": "",
                "e_type": "ELU",
                "en": 6,
                "eIdx": 0,
                "st": 0
            },
            {
                "ancestor": "",
                "keyword": "[화학_원소]",
                "ne_type": "",
                "e_type": "WIKILINK",
                "en": 21,
                "eIdx": 1,
                "st": 14
            },
            {
                "ancestor": "",
                "keyword": "<기호>",
                "ne_type": "",
                "e_type": "ELU",
                "en": 27,
                "eIdx": 2,
                "st": 23
            },
            {
                "ancestor": "",
                "keyword": "[원자_번호]",
                "ne_type": "",
                "e_type": "WIKILINK",
                "en": 43,
                "eIdx": 3,
                "st": 36
            },
            {
                "ancestor": "",
                "keyword": "<원소_(화학)>",
                "ne_type": "",
                "e_type": "ELU",
                "en": 67,
                "eIdx": 4,
                "st": 58
            },
            {
                "ancestor": "",
                "keyword": "[전이_금속]",
                "ne_type": "",
                "e_type": "WIKILINK",
                "en": 87,
                "eIdx": 5,
                "st": 80
            },
            {
                "ancestor": "",
                "keyword": "[레늄]",
                "ne_type": "",
                "e_type": "WIKILINK",
                "en": 103,
                "eIdx": 6,
                "st": 99
            },
            {
                "ancestor": "",
                "keyword": "[망가니즈]",
                "ne_type": "",
                "e_type": "WIKILINK",
                "en": 111,
                "eIdx": 7,
                "st": 105
            },
            {
                "ancestor": "",
                "keyword": "<원소_(화학)>",
                "ne_type": "",
                "e_type": "ELU",
                "en": 134,
                "eIdx": 8,
                "st": 125
            },
            {
                "ancestor": "",
                "keyword": "<방사성_동위_원소>",
                "ne_type": "",
                "e_type": "ELU",
                "en": 147,
                "eIdx": 9,
                "st": 136
            },
            {
                "ancestor": "",
                "keyword": "[동위_원소]",
                "ne_type": "",
                "e_type": "WIKILINK",
                "en": 169,
                "eIdx": 10,
                "st": 162
            },
            {
                "ancestor": "",
                "keyword": "[핵의학]",
                "ne_type": "",
                "e_type": "WIKILINK",
                "en": 183,
                "eIdx": 11,
                "st": 178
            },
            {
                "ancestor": "",
                "keyword": "[감마선]",
                "ne_type": "",
                "e_type": "WIKILINK",
                "en": 209,
                "eIdx": 12,
                "st": 204
            },
            {
                "ancestor": "",
                "keyword": "[베타_입자]",
                "ne_type": "",
                "e_type": "WIKILINK",
                "en": 227,
                "eIdx": 13,
                "st": 220
            },
            {
                "ancestor": "",
                "keyword": "<이온>",
                "ne_type": "",
                "e_type": "ELU",
                "en": 248,
                "eIdx": 14,
                "st": 244
            },
            {
                "ancestor": "",
                "keyword": "[강철]",
                "ne_type": "",
                "e_type": "WIKILINK",
                "en": 261,
                "eIdx": 15,
                "st": 257
            }
        ],
        "text": "<테크네튬>(←, ←)은 [화학_원소]로 <기호>는 Tc(←), [원자_번호]는 43이다. 인공 방사성 <원소_(화학)>인 이 원소는 은회색의 [전이_금속]으로, 화학적 성질은 [레늄]과 [망가니즈]의 중간이다. 모든 동위 <원소_(화학)>가 <방사성_동위_원소>이며, 짧은 반감기를 갖는 [동위_원소]인 99mTc은 [핵의학]에서 진단에 널리 쓰인다. 99Tc은 [감마선]을 발생시키지 않는 [베타_입자]원으로 사용된다. 과테크네튬산 <이온>(TcO4-)은 [강철]의 전기 부식 억제제로 사용되기도 한다.",
        "pIdx": 1
    },
    {
        "pronouns": [],
        "globalSId": [
            487745,
            487746,
            487747,
            487748,
            487749,
            487750,
            487751,
            487752
        ],
        "wikiPageId": 54127,
        "entities": [
            {
                "ancestor": "",
                "keyword": "[드미트리_멘델레예프]",
                "ne_type": "",
                "e_type": "WIKILINK",
                "en": 12,
                "eIdx": 0,
                "st": 0
            },
            {
                "ancestor": "",
                "keyword": "[1937년]",
                "ne_type": "",
                "e_type": "WIKILINK",
                "en": 79,
                "eIdx": 1,
                "st": 72
            },
            {
                "ancestor": "",
                "keyword": "<동위_원소>",
                "ne_type": "",
                "e_type": "ELU",
                "en": 97,
                "eIdx": 2,
                "st": 90
            },
            {
                "ancestor": "",
                "keyword": "<테크네튬>",
                "ne_type": "",
                "e_type": "ELU",
                "en": 122,
                "eIdx": 3,
                "st": 116
            },
            {
                "ancestor": "",
                "keyword": "[그리스어]",
                "ne_type": "",
                "e_type": "WIKILINK",
                "en": 136,
                "eIdx": 4,
                "st": 130
            },
            {
                "ancestor": "",
                "keyword": "<테크네튬>",
                "ne_type": "",
                "e_type": "ELU",
                "en": 181,
                "eIdx": 5,
                "st": 175
            },
            {
                "ancestor": "",
                "keyword": "[원자로]",
                "ne_type": "",
                "e_type": "WIKILINK",
                "en": 188,
                "eIdx": 6,
                "st": 183
            },
            {
                "ancestor": "",
                "keyword": "[우라늄-235]",
                "ne_type": "",
                "e_type": "WIKILINK",
                "en": 200,
                "eIdx": 7,
                "st": 191
            },
            {
                "ancestor": "",
                "keyword": "[핵_연료봉]",
                "ne_type": "",
                "e_type": "WIKILINK",
                "en": 222,
                "eIdx": 8,
                "st": 215
            },
            {
                "ancestor": "",
                "keyword": "<테크네튬>",
                "ne_type": "",
                "e_type": "ELU",
                "en": 243,
                "eIdx": 9,
                "st": 237
            },
            {
                "ancestor": "",
                "keyword": "<원소_(화학)>",
                "ne_type": "",
                "e_type": "ELU",
                "en": 260,
                "eIdx": 10,
                "st": 251
            },
            {
                "ancestor": "",
                "keyword": "[반감기]",
                "ne_type": "",
                "e_type": "WIKILINK",
                "en": 267,
                "eIdx": 11,
                "st": 262
            },
            {
                "ancestor": "",
                "keyword": "[1952년]",
                "ne_type": "",
                "e_type": "WIKILINK",
                "en": 299,
                "eIdx": 12,
                "st": 292
            },
            {
                "ancestor": "",
                "keyword": "[적색거성]",
                "ne_type": "",
                "e_type": "WIKILINK",
                "en": 306,
                "eIdx": 13,
                "st": 300
            },
            {
                "ancestor": "",
                "keyword": "<테크네튬>",
                "ne_type": "",
                "e_type": "ELU",
                "en": 315,
                "eIdx": 14,
                "st": 309
            },
            {
                "ancestor": "",
                "keyword": "[항성]",
                "ne_type": "",
                "e_type": "WIKILINK",
                "en": 328,
                "eIdx": 15,
                "st": 324
            },
            {
                "ancestor": "",
                "keyword": "<테크네튬>",
                "ne_type": "",
                "e_type": "ELU",
                "en": 373,
                "eIdx": 16,
                "st": 367
            },
            {
                "ancestor": "",
                "keyword": "[몰리브데넘]",
                "ne_type": "",
                "e_type": "WIKILINK",
                "en": 400,
                "eIdx": 17,
                "st": 393
            },
            {
                "ancestor": "",
                "keyword": "[중성자_포획]",
                "ne_type": "",
                "e_type": "WIKILINK",
                "en": 410,
                "eIdx": 18,
                "st": 402
            },
            {
                "ancestor": "",
                "keyword": "<자연>",
                "ne_type": "",
                "e_type": "ELU",
                "en": 421,
                "eIdx": 19,
                "st": 417
            },
            {
                "ancestor": "",
                "keyword": "[노심]",
                "ne_type": "",
                "e_type": "WIKILINK",
                "en": 474,
                "eIdx": 20,
                "st": 470
            },
            {
                "ancestor": "",
                "keyword": "[방사성_붕괴]",
                "ne_type": "",
                "e_type": "WIKILINK",
                "en": 491,
                "eIdx": 21,
                "st": 483
            },
            {
                "ancestor": "",
                "keyword": "[핵연료봉]",
                "ne_type": "",
                "e_type": "WIKILINK",
                "en": 508,
                "eIdx": 22,
                "st": 502
            }
        ],
        "text": "[드미트리_멘델레예프]는 아직 발견되지 않은 이 원소를 에카망가니즈(ekamanganese)라고 부르고 여러 성질을 예측하였다. [1937년] 처음으로 97Tc <동위_원소>가 인공적으로 만들어졌다. 그래서 <테크네튬>이라는 이름은 [그리스어]의 테크네토스(←,\"인공적인\"이라는 뜻)에서 왔다. 지구상의 대부분의 <테크네튬>은 [원자로]에서 [우라늄-235]가 붕괴하면서 만들어지며, [핵_연료봉]을 재처리하면서 얻어진다. <테크네튬>의 모든 동위 <원소_(화학)>의 [반감기]는 420만 년(98Tc)보다 짧다. 따라서 [1952년] [적색거성]에서 <테크네튬>을 발견한 것은 [항성]이 무거운 원소를 만들 수도 있다는 이론을 뒷받침하고 있다. 지구에서 <테크네튬>은 우라늄 광석의 핵분열 부산물이나 [몰리브데넘]의 [중성자_포획]의 결과물로 <자연>으로 얻어지는데, 그 양은 매우 적으나 측정 가능하다. 반감기가 긴 편인 동위 원소들은 [노심]에서 235U의 [방사성_붕괴] 산물로 발생하며, [핵연료봉]에서 추출이 가능하다.",
        "pIdx": 2
    },
    {
        "pronouns": [],
        "globalSId": [
            487753,
            487754
        ],
        "wikiPageId": 54127,
        "entities": [
            {
                "ancestor": "",
                "keyword": "[드미트리_멘델레예프]",
                "ne_type": "",
                "e_type": "WIKILINK",
                "en": 15,
                "eIdx": 0,
                "st": 3
            },
            {
                "ancestor": "",
                "keyword": "<소>",
                "ne_type": "",
                "e_type": "ELU",
                "en": 26,
                "eIdx": 1,
                "st": 23
            },
            {
                "ancestor": "",
                "keyword": "[주기율표]",
                "ne_type": "",
                "e_type": "WIKILINK",
                "en": 38,
                "eIdx": 2,
                "st": 32
            },
            {
                "ancestor": "",
                "keyword": "[몰리브데넘]",
                "ne_type": "",
                "e_type": "WIKILINK",
                "en": 48,
                "eIdx": 3,
                "st": 41
            },
            {
                "ancestor": "",
                "keyword": "[원자_번호]",
                "ne_type": "",
                "e_type": "WIKILINK",
                "en": 56,
                "eIdx": 4,
                "st": 49
            },
            {
                "ancestor": "",
                "keyword": "[루테늄]",
                "ne_type": "",
                "e_type": "WIKILINK",
                "en": 67,
                "eIdx": 5,
                "st": 62
            },
            {
                "ancestor": "",
                "keyword": "<사이>",
                "ne_type": "",
                "e_type": "ELU",
                "en": 82,
                "eIdx": 6,
                "st": 78
            },
            {
                "ancestor": "",
                "keyword": "[망가니즈]",
                "ne_type": "",
                "e_type": "WIKILINK",
                "en": 90,
                "eIdx": 7,
                "st": 84
            },
            {
                "ancestor": "",
                "keyword": "<망가니즈>",
                "ne_type": "",
                "e_type": "ELU",
                "en": 133,
                "eIdx": 8,
                "st": 127
            }
        ],
        "text": "역사 [드미트리_멘델레예프]는 1871년 <소>이 제안한 [주기율표]에서 [몰리브데넘]([원자_번호] 42)과 [루테늄](원자 번호 44) <사이>, [망가니즈] 아래에 아직까지 발견되지 않은 원소가 있음을 알고 화학적 성질이 <망가니즈>와 비슷할 것이라고 예측하고 ‘에카망가니즈’라는 이름을 붙였다.",
        "pIdx": 3
    },
    {
        "pronouns": [],
        "globalSId": [
            487755,
            487756,
            487757,
            487758
        ],
        "wikiPageId": 54127,
        "entities": [
            {
                "ancestor": "",
                "keyword": "<드미트리_멘델레예프>",
                "ne_type": "",
                "e_type": "ELU",
                "en": 12,
                "eIdx": 0,
                "st": 0
            },
            {
                "ancestor": "",
                "keyword": "<이전_(후한)>",
                "ne_type": "",
                "e_type": "ELU",
                "en": 30,
                "eIdx": 1,
                "st": 21
            },
            {
                "ancestor": "",
                "keyword": "<원소_(화학)>",
                "ne_type": "",
                "e_type": "ELU",
                "en": 46,
                "eIdx": 2,
                "st": 37
            },
            {
                "ancestor": "",
                "keyword": "<테크네튬>",
                "ne_type": "",
                "e_type": "ELU",
                "en": 77,
                "eIdx": 3,
                "st": 71
            },
            {
                "ancestor": "",
                "keyword": "<위치_(잡지)>",
                "ne_type": "",
                "e_type": "ELU",
                "en": 93,
                "eIdx": 4,
                "st": 84
            },
            {
                "ancestor": "",
                "keyword": "<고려>",
                "ne_type": "",
                "e_type": "ELU",
                "en": 99,
                "eIdx": 5,
                "st": 95
            },
            {
                "ancestor": "",
                "keyword": "[백금]",
                "ne_type": "",
                "e_type": "WIKILINK",
                "en": 149,
                "eIdx": 6,
                "st": 145
            },
            {
                "ancestor": "",
                "keyword": "[이리듐]",
                "ne_type": "",
                "e_type": "WIKILINK",
                "en": 199,
                "eIdx": 7,
                "st": 194
            },
            {
                "ancestor": "",
                "keyword": "[나이오븀]",
                "ne_type": "",
                "e_type": "WIKILINK",
                "en": 254,
                "eIdx": 8,
                "st": 248
            }
        ],
        "text": "<드미트리_멘델레예프>의 추측이 있기 <이전_(후한)>부터 43번 <원소_(화학)>를 찾았다는 주장이 여러 차례 있었다. 이는 <테크네튬>의 주기율표 <위치_(잡지)>를 <고려>할 때 다른 원소들에 비해 더 찾기 쉬울 것이라는 오판 때문이었다. 1828년에는 [백금] 광석에서 폴리늄(polinium)이 발견되었다는 발표가 있었으나 불순물이 섞인 [이리듐]으로 판정되었고 1846년에는 일메늄(ilmenium)이 발견되었으나 곧 불순물이 섞인 [나이오븀]으로 판명되었다. 이듬해에도 비슷한 물질을 펠로퓸(pelopium)으로 발표하는 실수가 있었다.",
        "pIdx": 4
    },
    {
        "pronouns": [],
        "globalSId": [
            487759,
            487760,
            487761,
            487762,
            487763
        ],
        "wikiPageId": 54127,
        "entities": [
            {
                "ancestor": "",
                "keyword": "<드미트리_멘델레예프>",
                "ne_type": "",
                "e_type": "ELU",
                "en": 12,
                "eIdx": 0,
                "st": 0
            },
            {
                "ancestor": "",
                "keyword": "<이후_(소설가)>",
                "ne_type": "",
                "e_type": "ELU",
                "en": 27,
                "eIdx": 1,
                "st": 17
            },
            {
                "ancestor": "",
                "keyword": "[러시아_제국]",
                "ne_type": "",
                "e_type": "WIKILINK",
                "en": 37,
                "eIdx": 2,
                "st": 29
            },
            {
                "ancestor": "",
                "keyword": "[영국]",
                "ne_type": "",
                "e_type": "WIKILINK",
                "en": 83,
                "eIdx": 3,
                "st": 79
            },
            {
                "ancestor": "",
                "keyword": "[험프리_데이비]",
                "ne_type": "",
                "e_type": "WIKILINK",
                "en": 97,
                "eIdx": 4,
                "st": 88
            },
            {
                "ancestor": "",
                "keyword": "<주장_(축구)>",
                "ne_type": "",
                "e_type": "ELU",
                "en": 125,
                "eIdx": 5,
                "st": 116
            },
            {
                "ancestor": "",
                "keyword": "<이리듐>",
                "ne_type": "",
                "e_type": "ELU",
                "en": 139,
                "eIdx": 6,
                "st": 134
            },
            {
                "ancestor": "",
                "keyword": "[로듐]",
                "ne_type": "",
                "e_type": "WIKILINK",
                "en": 145,
                "eIdx": 7,
                "st": 141
            },
            {
                "ancestor": "",
                "keyword": "[철]",
                "ne_type": "",
                "e_type": "WIKILINK",
                "en": 150,
                "eIdx": 8,
                "st": 147
            },
            {
                "ancestor": "",
                "keyword": "[이트륨]",
                "ne_type": "",
                "e_type": "WIKILINK",
                "en": 206,
                "eIdx": 9,
                "st": 201
            },
            {
                "ancestor": "",
                "keyword": "[일본]",
                "ne_type": "",
                "e_type": "WIKILINK",
                "en": 227,
                "eIdx": 10,
                "st": 223
            },
            {
                "ancestor": "",
                "keyword": "[오가와_마사타카]",
                "ne_type": "",
                "e_type": "WIKILINK",
                "en": 243,
                "eIdx": 11,
                "st": 233
            },
            {
                "ancestor": "",
                "keyword": "<일본>",
                "ne_type": "",
                "e_type": "ELU",
                "en": 252,
                "eIdx": 12,
                "st": 248
            },
            {
                "ancestor": "",
                "keyword": "<주장_(축구)>",
                "ne_type": "",
                "e_type": "ELU",
                "en": 303,
                "eIdx": 13,
                "st": 294
            },
            {
                "ancestor": "",
                "keyword": "<주장_(축구)>",
                "ne_type": "",
                "e_type": "ELU",
                "en": 330,
                "eIdx": 14,
                "st": 321
            },
            {
                "ancestor": "",
                "keyword": "<일본>",
                "ne_type": "",
                "e_type": "ELU",
                "en": 354,
                "eIdx": 15,
                "st": 350
            },
            {
                "ancestor": "",
                "keyword": "[레늄]",
                "ne_type": "",
                "e_type": "WIKILINK",
                "en": 390,
                "eIdx": 16,
                "st": 386
            },
            {
                "ancestor": "",
                "keyword": "[독일]",
                "ne_type": "",
                "e_type": "WIKILINK",
                "en": 417,
                "eIdx": 17,
                "st": 413
            },
            {
                "ancestor": "",
                "keyword": "[발터_노다크]",
                "ne_type": "",
                "e_type": "WIKILINK",
                "en": 431,
                "eIdx": 18,
                "st": 423
            },
            {
                "ancestor": "",
                "keyword": "[:en:Walter_Noddack]",
                "ne_type": "",
                "e_type": "WIKILINK",
                "en": 452,
                "eIdx": 19,
                "st": 432
            },
            {
                "ancestor": "",
                "keyword": "[오토_베르크]",
                "ne_type": "",
                "e_type": "WIKILINK",
                "en": 463,
                "eIdx": 20,
                "st": 455
            },
            {
                "ancestor": "",
                "keyword": "[:en:Otto_Berg_(scientist)]",
                "ne_type": "",
                "e_type": "WIKILINK",
                "en": 491,
                "eIdx": 21,
                "st": 464
            },
            {
                "ancestor": "",
                "keyword": "[이다_타케]",
                "ne_type": "",
                "e_type": "WIKILINK",
                "en": 501,
                "eIdx": 22,
                "st": 494
            },
            {
                "ancestor": "",
                "keyword": "[:en:Ida_Noddack]",
                "ne_type": "",
                "e_type": "WIKILINK",
                "en": 519,
                "eIdx": 23,
                "st": 502
            },
            {
                "ancestor": "",
                "keyword": "<원소_(화학)>",
                "ne_type": "",
                "e_type": "ELU",
                "en": 540,
                "eIdx": 24,
                "st": 531
            },
            {
                "ancestor": "",
                "keyword": "<원소_(화학)>",
                "ne_type": "",
                "e_type": "ELU",
                "en": 555,
                "eIdx": 25,
                "st": 546
            },
            {
                "ancestor": "",
                "keyword": "<주장_(축구)>",
                "ne_type": "",
                "e_type": "ELU",
                "en": 572,
                "eIdx": 26,
                "st": 563
            },
            {
                "ancestor": "",
                "keyword": "<레늄>",
                "ne_type": "",
                "e_type": "ELU",
                "en": 583,
                "eIdx": 27,
                "st": 579
            },
            {
                "ancestor": "",
                "keyword": "<레늄>",
                "ne_type": "",
                "e_type": "ELU",
                "en": 628,
                "eIdx": 28,
                "st": 624
            },
            {
                "ancestor": "",
                "keyword": "<원소_(화학)>",
                "ne_type": "",
                "e_type": "ELU",
                "en": 643,
                "eIdx": 29,
                "st": 634
            },
            {
                "ancestor": "",
                "keyword": "<원소_(화학)>",
                "ne_type": "",
                "e_type": "ELU",
                "en": 676,
                "eIdx": 30,
                "st": 667
            }
        ],
        "text": "<드미트리_멘델레예프>의 추측 <이후_(소설가)>, [러시아_제국]의 화학자 케른(Serge Kern)이 백금 광석에서 데이븀(davium, [영국] 화학자 [험프리_데이비]에서 이름을 딴 것)을 발견했다고 <주장_(축구)>했으나, 이후에 <이리듐>, [로듐], [철]의 혼합물로 밝혀졌다. 1896년에는 루큠(lucium)을 발견했다는 사람이 나타났지만 곧 [이트륨]으로 밝혀졌다. 1908년에는 [일본]의 화학자 [오가와_마사타카](←)는 <일본>(니폰←)에서 이름을 따 니포늄(nipponium)이라는 원소를 발견했다고 <주장_(축구)>했으나, 아니라는 것이 판정되어 <주장_(축구)>을 철회하였고 이후 2004년 다른 <일본> 과학자에 의해 그 당시까지 발견되지 않았던 75번 원소 [레늄]이었다는 사실이 알려졌다. 1925년에는 [독일] 과학자인 [발터_노다크]([:en:Walter_Noddack]), [오토_베르크]([:en:Otto_Berg_(scientist)]), [이다_타케]([:en:Ida_Noddack])가 공동으로 75번 <원소_(화학)>와 43번 <원소_(화학)>를 발견했다고 <주장_(축구)>하고, 각각 <레늄>(rhenium)과 마수륨(masurium)이라는 이름을 붙였다. 이 중 <레늄>은 75번 <원소_(화학)>로 인정받았으나 마수륨은 논란 끝에 43번 <원소_(화학)>가 아닌 것으로 판명되었다.",
        "pIdx": 5
    }
]