[
    {
        "pronouns": [],
        "globalSId": [
            79565,
            79566,
            79567,
            79568,
            79569,
            79570
        ],
        "wikiPageId": 5748,
        "entities": [
            {
                "ancestor": "",
                "keyword": "[언어]",
                "ne_type": "",
                "e_type": "WIKILINK",
                "en": 85,
                "eIdx": 0,
                "st": 81
            },
            {
                "ancestor": "",
                "keyword": "[한국어]",
                "ne_type": "",
                "e_type": "WIKILINK",
                "en": 94,
                "eIdx": 1,
                "st": 89
            },
            {
                "ancestor": "",
                "keyword": "[바스크어]",
                "ne_type": "",
                "e_type": "WIKILINK",
                "en": 101,
                "eIdx": 2,
                "st": 95
            },
            {
                "ancestor": "",
                "keyword": "[아이누어]",
                "ne_type": "",
                "e_type": "WIKILINK",
                "en": 108,
                "eIdx": 3,
                "st": 102
            },
            {
                "ancestor": "",
                "keyword": "[사멸_(언어학)]",
                "ne_type": "",
                "e_type": "WIKILINK",
                "en": 151,
                "eIdx": 4,
                "st": 141
            },
            {
                "ancestor": "",
                "keyword": "[무라어족]",
                "ne_type": "",
                "e_type": "WIKILINK",
                "en": 184,
                "eIdx": 5,
                "st": 178
            },
            {
                "ancestor": "",
                "keyword": "[피라항어]",
                "ne_type": "",
                "e_type": "WIKILINK",
                "en": 203,
                "eIdx": 6,
                "st": 197
            },
            {
                "ancestor": "",
                "keyword": "[바스크어]",
                "ne_type": "",
                "e_type": "WIKILINK",
                "en": 221,
                "eIdx": 7,
                "st": 215
            },
            {
                "ancestor": "",
                "keyword": "[수메르어]",
                "ne_type": "",
                "e_type": "WIKILINK",
                "en": 330,
                "eIdx": 8,
                "st": 324
            },
            {
                "ancestor": "",
                "keyword": "[엘람어]",
                "ne_type": "",
                "e_type": "WIKILINK",
                "en": 336,
                "eIdx": 9,
                "st": 331
            }
        ],
        "text": "고립어(孤立語, language isolate), 또는 고립된 언어(孤立된 言語)는 비교 언어학에서 친연관계로 밝혀진 언어가 없이 홀로 분포하는 [언어]이다. [한국어]·[바스크어]·[아이누어] 등이 여기에 들어간다. 친족 관계에 있던 언어들이 일찍이 [사멸_(언어학)]되면서 남은 언어가 고립어가 되는 경우도 있는데 [무라어족]의 마지막 생존 언어인 [피라항어]가 그 예이다. 반면 [바스크어] 등의 언어는 문헌 기록이 있었을 때부터 이미 고립된 언어였던 경우이다. 이 밖에도 넓은 의미로 사어(死語)라도 다른 언어와의 친족 관계가 증명되지 않았을 때는 고립어라 할 수 있다. [수메르어]·[엘람어] 등이 여기에 포함된다.",
        "pIdx": 1
    },
    {
        "pronouns": [],
        "globalSId": [
            79571
        ],
        "wikiPageId": 5748,
        "entities": [
            {
                "ancestor": "",
                "keyword": "<형태론>",
                "ne_type": "",
                "e_type": "ELU",
                "en": 8,
                "eIdx": 0,
                "st": 3
            },
            {
                "ancestor": "",
                "keyword": "[고립어_(언어유형학)]",
                "ne_type": "",
                "e_type": "WIKILINK",
                "en": 25,
                "eIdx": 1,
                "st": 12
            }
        ],
        "text": "언어 <형태론>에서는 [고립어_(언어유형학)]를 대부분의 형태소들이 개별적으로, 독립적으로 존재한다는 뜻으로 사용한다.",
        "pIdx": 2
    }
]