[
    {
        "pronouns": [],
        "globalSId": [
            1147695
        ],
        "wikiPageId": 175014,
        "entities": [
            {
                "ancestor": "",
                "keyword": "<김주승>",
                "ne_type": "",
                "e_type": "ELU",
                "en": 5,
                "eIdx": 0,
                "st": 0
            },
            {
                "ancestor": "",
                "keyword": "[1961년]",
                "ne_type": "",
                "e_type": "WIKILINK",
                "en": 18,
                "eIdx": 1,
                "st": 11
            },
            {
                "ancestor": "",
                "keyword": "[9월_3일]",
                "ne_type": "",
                "e_type": "WIKILINK",
                "en": 26,
                "eIdx": 2,
                "st": 19
            },
            {
                "ancestor": "",
                "keyword": "[2007년]",
                "ne_type": "",
                "e_type": "WIKILINK",
                "en": 36,
                "eIdx": 3,
                "st": 29
            },
            {
                "ancestor": "",
                "keyword": "[8월_14일]",
                "ne_type": "",
                "e_type": "WIKILINK",
                "en": 45,
                "eIdx": 4,
                "st": 37
            },
            {
                "ancestor": "",
                "keyword": "[대한민국]",
                "ne_type": "",
                "e_type": "WIKILINK",
                "en": 54,
                "eIdx": 5,
                "st": 48
            },
            {
                "ancestor": "",
                "keyword": "[배우]",
                "ne_type": "",
                "e_type": "WIKILINK",
                "en": 60,
                "eIdx": 6,
                "st": 56
            }
        ],
        "text": "<김주승>(金周承, [1961년] [9월_3일] ~ [2007년] [8월_14일])은 [대한민국]의 [배우]이다.",
        "pIdx": 1
    },
    {
        "globalSId": [
            1147696,
            1147697,
            1147698,
            1147699
        ],
        "pronouns": [
            {
                "proIdx": 0,
                "ancestor": "",
                "en": 240,
                "st": 232,
                "keyword": "이 드라마에서의"
            },
            {
                "proIdx": 1,
                "ancestor": "",
                "en": 244,
                "st": 232,
                "keyword": "이 드라마에서의 인기를"
            },
            {
                "proIdx": 2,
                "ancestor": "",
                "en": 264,
                "st": 232,
                "keyword": "이 드라마에서의 인기를 발판으로 청춘스타로 자리매김한 그는"
            }
        ],
        "wikiPageId": 175014,
        "entities": [
            {
                "ne_type": "TIME",
                "keyword": "[1980년]",
                "ancestor": "",
                "e_type": "NEW",
                "en": 11,
                "eIdx": 0,
                "st": 4
            },
            {
                "ne_type": "TIME",
                "keyword": "[1981년]",
                "ancestor": "",
                "e_type": "NEW",
                "en": 37,
                "eIdx": 1,
                "st": 30
            },
            {
                "ne_type": "",
                "keyword": "[국민대학교]",
                "ancestor": "",
                "e_type": "WIKILINK",
                "en": 63,
                "eIdx": 2,
                "st": 56
            },
            {
                "ne_type": "",
                "keyword": "[1982년]",
                "ancestor": "",
                "e_type": "WIKILINK",
                "en": 83,
                "eIdx": 3,
                "st": 76
            },
            {
                "ne_type": "",
                "keyword": "[문화방송]",
                "ancestor": "",
                "e_type": "WIKILINK",
                "en": 90,
                "eIdx": 4,
                "st": 84
            },
            {
                "ne_type": "",
                "keyword": "[1986년]",
                "ancestor": "",
                "e_type": "WIKILINK",
                "en": 120,
                "eIdx": 5,
                "st": 113
            },
            {
                "ne_type": "",
                "keyword": "[MBC]",
                "ancestor": "",
                "e_type": "WIKILINK",
                "en": 126,
                "eIdx": 6,
                "st": 121
            },
            {
                "ne_type": "",
                "keyword": "[첫사랑_(1986년_드라마)]",
                "ancestor": "",
                "e_type": "WIKILINK",
                "en": 149,
                "eIdx": 7,
                "st": 132
            },
            {
                "ne_type": "",
                "keyword": "[황신혜]",
                "ancestor": "",
                "e_type": "WIKILINK",
                "en": 207,
                "eIdx": 8,
                "st": 202
            },
            {
                "ne_type": "",
                "keyword": "[1987년]",
                "ancestor": "",
                "e_type": "WIKILINK",
                "en": 272,
                "eIdx": 9,
                "st": 265
            },
            {
                "ne_type": "",
                "keyword": "[순심이]",
                "ancestor": "",
                "e_type": "WIKILINK",
                "en": 282,
                "eIdx": 10,
                "st": 277
            },
            {
                "ne_type": "",
                "keyword": "[야망의_세월]",
                "ancestor": "",
                "e_type": "WIKILINK",
                "en": 294,
                "eIdx": 11,
                "st": 286
            },
            {
                "ne_type": "",
                "keyword": "[달빛_가족]",
                "ancestor": "",
                "e_type": "WIKILINK",
                "en": 305,
                "eIdx": 12,
                "st": 298
            },
            {
                "ne_type": "",
                "keyword": "[연인_(1993년_드라마)]",
                "ancestor": "",
                "e_type": "WIKILINK",
                "en": 325,
                "eIdx": 13,
                "st": 309
            }
        ],
        "text": "생애. [1980년] 연극배우 첫 데뷔하였으며 이듬해 [1981년] 뮤지컬배우 데뷔한 그는 1년 후 [국민대학교] 3학년에 재학 중이던 [1982년] [문화방송] 16기 공채 탤런트로 정식 데뷔하였다. [1986년] [MBC] 드라마 《[첫사랑_(1986년_드라마)]》에서 4,5회 쯤에 사라지기로 되어 있었던 단역이었으나, 점점 시청자들의 호응을 얻어 주인공 [황신혜]의 상대역으로 승격되어 종반까지 출연하였다. 이 드라마에서의 인기를 발판으로 청춘스타로 자리매김한 그는 [1987년] 이후 《[순심이]》, 《[야망의_세월]》, 《[달빛_가족]》, 《[연인_(1993년_드라마)]》등 많은 멜로드라마의 주인공으로 활약했다.",
        "pIdx": 2
    }
]