[
    {
        "pronouns": [],
        "globalSId": [
            2198462,
            2198463
        ],
        "wikiPageId": 506709,
        "entities": [
            {
                "ancestor": "",
                "keyword": "[리_군]",
                "ne_type": "",
                "e_type": "WIKILINK",
                "en": 16,
                "eIdx": 0,
                "st": 11
            },
            {
                "ancestor": "",
                "keyword": "[게이지_이론]",
                "ne_type": "",
                "e_type": "WIKILINK",
                "en": 40,
                "eIdx": 1,
                "st": 32
            },
            {
                "ancestor": "",
                "keyword": "[표준_모형]",
                "ne_type": "",
                "e_type": "WIKILINK",
                "en": 51,
                "eIdx": 2,
                "st": 44
            },
            {
                "ancestor": "",
                "keyword": "[SU(3)]",
                "ne_type": "",
                "e_type": "WIKILINK",
                "en": 66,
                "eIdx": 3,
                "st": 59
            },
            {
                "ancestor": "",
                "keyword": "[SU(2)]",
                "ne_type": "",
                "e_type": "WIKILINK",
                "en": 75,
                "eIdx": 4,
                "st": 68
            }
        ],
        "text": "양-밀스 이론()은 [리_군] SU(n)을 기반으로 하는 [게이지_이론]이다. [표준_모형]은 부분적으로 [SU(3)]과 [SU(2)]의 양-밀스 이론을 바탕으로 하고 있다.",
        "pIdx": 1
    }
]