[
    {
        "pronouns": [],
        "globalSId": [
            2567668
        ],
        "wikiPageId": 681240,
        "entities": [
            {
                "ancestor": "",
                "keyword": "<자오위안런>",
                "ne_type": "",
                "e_type": "ELU",
                "en": 7,
                "eIdx": 0,
                "st": 0
            },
            {
                "ancestor": "",
                "keyword": "[1892년]",
                "ne_type": "",
                "e_type": "WIKILINK",
                "en": 20,
                "eIdx": 1,
                "st": 13
            },
            {
                "ancestor": "",
                "keyword": "[9월_3일]",
                "ne_type": "",
                "e_type": "WIKILINK",
                "en": 28,
                "eIdx": 2,
                "st": 21
            },
            {
                "ancestor": "",
                "keyword": "[1982년]",
                "ne_type": "",
                "e_type": "WIKILINK",
                "en": 38,
                "eIdx": 3,
                "st": 31
            },
            {
                "ancestor": "",
                "keyword": "[2월_2일]",
                "ne_type": "",
                "e_type": "WIKILINK",
                "en": 46,
                "eIdx": 4,
                "st": 39
            },
            {
                "ancestor": "",
                "keyword": "[중화민국]",
                "ne_type": "",
                "e_type": "WIKILINK",
                "en": 55,
                "eIdx": 5,
                "st": 49
            },
            {
                "ancestor": "",
                "keyword": "[언어학]",
                "ne_type": "",
                "e_type": "WIKILINK",
                "en": 65,
                "eIdx": 6,
                "st": 60
            },
            {
                "ancestor": "",
                "keyword": "[수학]",
                "ne_type": "",
                "e_type": "WIKILINK",
                "en": 73,
                "eIdx": 7,
                "st": 69
            },
            {
                "ancestor": "",
                "keyword": "[중국어]",
                "ne_type": "",
                "e_type": "WIKILINK",
                "en": 81,
                "eIdx": 8,
                "st": 76
            }
        ],
        "text": "<자오위안런>(조원임, [1892년] [9월_3일] ~ [1982년] [2월_2일])은 [중화민국] 출신의 [언어학]이자, [수학]로, [중국어]의 표음부호 연구에 영향을 준 사람이다.",
        "pIdx": 1
    }
]