[
    {
        "pronouns": [],
        "globalSId": [
            1147695
        ],
        "wikiPageId": 175014,
        "entities": [
            {
                "ancestor": "",
                "keyword": "<김주승>",
                "ne_type": "",
                "e_type": "ELU",
                "en": 5,
                "eIdx": 0,
                "st": 0
            },
            {
                "ancestor": "",
                "keyword": "[1961년]",
                "ne_type": "",
                "e_type": "WIKILINK",
                "en": 18,
                "eIdx": 1,
                "st": 11
            },
            {
                "ancestor": "",
                "keyword": "[9월_3일]",
                "ne_type": "",
                "e_type": "WIKILINK",
                "en": 26,
                "eIdx": 2,
                "st": 19
            },
            {
                "ancestor": "",
                "keyword": "[2007년]",
                "ne_type": "",
                "e_type": "WIKILINK",
                "en": 36,
                "eIdx": 3,
                "st": 29
            },
            {
                "ancestor": "",
                "keyword": "[8월_14일]",
                "ne_type": "",
                "e_type": "WIKILINK",
                "en": 45,
                "eIdx": 4,
                "st": 37
            },
            {
                "ancestor": "",
                "keyword": "[대한민국]",
                "ne_type": "",
                "e_type": "WIKILINK",
                "en": 54,
                "eIdx": 5,
                "st": 48
            },
            {
                "ancestor": "",
                "keyword": "[배우]",
                "ne_type": "",
                "e_type": "WIKILINK",
                "en": 60,
                "eIdx": 6,
                "st": 56
            }
        ],
        "text": "<김주승>(金周承, [1961년] [9월_3일] ~ [2007년] [8월_14일])은 [대한민국]의 [배우]이다.",
        "pIdx": 1
    }
]