[
    {
        "pronouns": [],
        "globalSId": [
            413122,
            413123,
            413124
        ],
        "wikiPageId": 43793,
        "entities": [
            {
                "ancestor": "",
                "keyword": "<김수현_(작가)>",
                "ne_type": "",
                "e_type": "ELU",
                "en": 10,
                "eIdx": 0,
                "st": 0
            },
            {
                "ancestor": "",
                "keyword": "<저작물>",
                "ne_type": "",
                "e_type": "ELU",
                "en": 29,
                "eIdx": 1,
                "st": 24
            },
            {
                "ancestor": "",
                "keyword": "<경신>",
                "ne_type": "",
                "e_type": "ELU",
                "en": 49,
                "eIdx": 2,
                "st": 45
            },
            {
                "ancestor": "",
                "keyword": "[사랑과_야망_(1987년_드라마)]",
                "ne_type": "",
                "e_type": "WIKILINK",
                "en": 109,
                "eIdx": 3,
                "st": 89
            },
            {
                "ancestor": "",
                "keyword": "<작가>",
                "ne_type": "",
                "e_type": "ELU",
                "en": 180,
                "eIdx": 4,
                "st": 176
            }
        ],
        "text": "<김수현_(작가)>이 누구길래 또한, 매번 <저작물>을 할 때마다 억대 원고료를 <경신>하며 작가 고료 인플레를 시킨 중심에 있는 작가로 꼽힌다. 1987년 《[사랑과_야망_(1987년_드라마)]》을 집필할 때는 회당 3백55만 원을 지급받기로 되어 있었으나, 기본 고료 외에 1억 2천만 원의 보너스를 받아 특급 <작가>로서의 예우를 받았다.",
        "pIdx": 7
    },
    {
        "pronouns": [],
        "globalSId": [
            413125,
            413126,
            413127,
            413128
        ],
        "wikiPageId": 43793,
        "entities": [
            {
                "ancestor": "",
                "keyword": "<저작물>",
                "ne_type": "",
                "e_type": "ELU",
                "en": 27,
                "eIdx": 0,
                "st": 22
            },
            {
                "ancestor": "",
                "keyword": "<배우>",
                "ne_type": "",
                "e_type": "ELU",
                "en": 38,
                "eIdx": 1,
                "st": 34
            },
            {
                "ancestor": "",
                "keyword": "<배우>",
                "ne_type": "",
                "e_type": "ELU",
                "en": 69,
                "eIdx": 2,
                "st": 65
            },
            {
                "ancestor": "",
                "keyword": "[윤여정]",
                "ne_type": "",
                "e_type": "WIKILINK",
                "en": 84,
                "eIdx": 3,
                "st": 79
            },
            {
                "ancestor": "",
                "keyword": "[문화방송]",
                "ne_type": "",
                "e_type": "WIKILINK",
                "en": 101,
                "eIdx": 4,
                "st": 95
            },
            {
                "ancestor": "",
                "keyword": "<단막극>",
                "ne_type": "",
                "e_type": "ELU",
                "en": 137,
                "eIdx": 5,
                "st": 132
            },
            {
                "ancestor": "",
                "keyword": "[모래성_(드라마)]",
                "ne_type": "",
                "e_type": "WIKILINK",
                "en": 150,
                "eIdx": 6,
                "st": 139
            },
            {
                "ancestor": "",
                "keyword": "[1991년]",
                "ne_type": "",
                "e_type": "WIKILINK",
                "en": 166,
                "eIdx": 7,
                "st": 159
            },
            {
                "ancestor": "",
                "keyword": "[MBC_주말연속극]",
                "ne_type": "",
                "e_type": "WIKILINK",
                "en": 178,
                "eIdx": 8,
                "st": 167
            },
            {
                "ancestor": "",
                "keyword": "[사랑이_뭐길래]",
                "ne_type": "",
                "e_type": "WIKILINK",
                "en": 189,
                "eIdx": 9,
                "st": 180
            },
            {
                "ancestor": "",
                "keyword": "[1994년]",
                "ne_type": "",
                "e_type": "WIKILINK",
                "en": 211,
                "eIdx": 10,
                "st": 204
            },
            {
                "ancestor": "",
                "keyword": "[SBS_월화드라마]",
                "ne_type": "",
                "e_type": "WIKILINK",
                "en": 223,
                "eIdx": 11,
                "st": 212
            },
            {
                "ancestor": "",
                "keyword": "[작별_(드라마)]",
                "ne_type": "",
                "e_type": "WIKILINK",
                "en": 235,
                "eIdx": 12,
                "st": 225
            },
            {
                "ancestor": "",
                "keyword": "<신화>",
                "ne_type": "",
                "e_type": "ELU",
                "en": 247,
                "eIdx": 13,
                "st": 243
            },
            {
                "ancestor": "",
                "keyword": "[윤여정]",
                "ne_type": "",
                "e_type": "WIKILINK",
                "en": 292,
                "eIdx": 14,
                "st": 287
            },
            {
                "ancestor": "",
                "keyword": "[KBS_주말연속극]",
                "ne_type": "",
                "e_type": "WIKILINK",
                "en": 332,
                "eIdx": 15,
                "st": 321
            },
            {
                "ancestor": "",
                "keyword": "[목욕탕집_남자들]",
                "ne_type": "",
                "e_type": "WIKILINK",
                "en": 344,
                "eIdx": 16,
                "st": 334
            },
            {
                "ancestor": "",
                "keyword": "<저작물>",
                "ne_type": "",
                "e_type": "ELU",
                "en": 401,
                "eIdx": 17,
                "st": 396
            },
            {
                "ancestor": "",
                "keyword": "<배우>",
                "ne_type": "",
                "e_type": "ELU",
                "en": 414,
                "eIdx": 18,
                "st": 410
            },
            {
                "ancestor": "",
                "keyword": "[새엄마]",
                "ne_type": "",
                "e_type": "WIKILINK",
                "en": 423,
                "eIdx": 19,
                "st": 418
            },
            {
                "ancestor": "",
                "keyword": "[후회합니다]",
                "ne_type": "",
                "e_type": "WIKILINK",
                "en": 434,
                "eIdx": 20,
                "st": 427
            },
            {
                "ancestor": "",
                "keyword": "[행복을_팝니다]",
                "ne_type": "",
                "e_type": "WIKILINK",
                "en": 447,
                "eIdx": 21,
                "st": 438
            },
            {
                "ancestor": "",
                "keyword": "[사랑의_굴레]",
                "ne_type": "",
                "e_type": "WIKILINK",
                "en": 459,
                "eIdx": 22,
                "st": 451
            },
            {
                "ancestor": "",
                "keyword": "[모래성_(드라마)]",
                "ne_type": "",
                "e_type": "WIKILINK",
                "en": 474,
                "eIdx": 23,
                "st": 463
            },
            {
                "ancestor": "",
                "keyword": "[사랑이_뭐길래]",
                "ne_type": "",
                "e_type": "WIKILINK",
                "en": 487,
                "eIdx": 24,
                "st": 478
            },
            {
                "ancestor": "",
                "keyword": "[엄마가_뿔났다]",
                "ne_type": "",
                "e_type": "WIKILINK",
                "en": 500,
                "eIdx": 25,
                "st": 491
            },
            {
                "ancestor": "",
                "keyword": "[김혜자]",
                "ne_type": "",
                "e_type": "WIKILINK",
                "en": 527,
                "eIdx": 26,
                "st": 522
            },
            {
                "ancestor": "",
                "keyword": "[완전한_사랑]",
                "ne_type": "",
                "e_type": "WIKILINK",
                "en": 539,
                "eIdx": 27,
                "st": 531
            },
            {
                "ancestor": "",
                "keyword": "[부모님_전상서]",
                "ne_type": "",
                "e_type": "WIKILINK",
                "en": 552,
                "eIdx": 28,
                "st": 543
            },
            {
                "ancestor": "",
                "keyword": "[내_남자의_여자]",
                "ne_type": "",
                "e_type": "WIKILINK",
                "en": 566,
                "eIdx": 29,
                "st": 556
            },
            {
                "ancestor": "",
                "keyword": "<저작물>",
                "ne_type": "",
                "e_type": "ELU",
                "en": 583,
                "eIdx": 30,
                "st": 578
            },
            {
                "ancestor": "",
                "keyword": "[김희애]",
                "ne_type": "",
                "e_type": "WIKILINK",
                "en": 594,
                "eIdx": 31,
                "st": 589
            },
            {
                "ancestor": "",
                "keyword": "[이순재]",
                "ne_type": "",
                "e_type": "WIKILINK",
                "en": 606,
                "eIdx": 32,
                "st": 601
            },
            {
                "ancestor": "",
                "keyword": "[윤다훈]",
                "ne_type": "",
                "e_type": "WIKILINK",
                "en": 613,
                "eIdx": 33,
                "st": 608
            },
            {
                "ancestor": "",
                "keyword": "[정혜선]",
                "ne_type": "",
                "e_type": "WIKILINK",
                "en": 620,
                "eIdx": 34,
                "st": 615
            },
            {
                "ancestor": "",
                "keyword": "[강부자]",
                "ne_type": "",
                "e_type": "WIKILINK",
                "en": 627,
                "eIdx": 35,
                "st": 622
            },
            {
                "ancestor": "",
                "keyword": "[나문희]",
                "ne_type": "",
                "e_type": "WIKILINK",
                "en": 634,
                "eIdx": 36,
                "st": 629
            },
            {
                "ancestor": "",
                "keyword": "[전양자]",
                "ne_type": "",
                "e_type": "WIKILINK",
                "en": 641,
                "eIdx": 37,
                "st": 636
            },
            {
                "ancestor": "",
                "keyword": "[김영애_(1951년)]",
                "ne_type": "",
                "e_type": "WIKILINK",
                "en": 656,
                "eIdx": 38,
                "st": 643
            },
            {
                "ancestor": "",
                "keyword": "[김해숙]",
                "ne_type": "",
                "e_type": "WIKILINK",
                "en": 663,
                "eIdx": 39,
                "st": 658
            },
            {
                "ancestor": "",
                "keyword": "[장미희]",
                "ne_type": "",
                "e_type": "WIKILINK",
                "en": 670,
                "eIdx": 40,
                "st": 665
            },
            {
                "ancestor": "",
                "keyword": "[임예진]",
                "ne_type": "",
                "e_type": "WIKILINK",
                "en": 677,
                "eIdx": 41,
                "st": 672
            },
            {
                "ancestor": "",
                "keyword": "[견미리]",
                "ne_type": "",
                "e_type": "WIKILINK",
                "en": 684,
                "eIdx": 42,
                "st": 679
            },
            {
                "ancestor": "",
                "keyword": "[하유미]",
                "ne_type": "",
                "e_type": "WIKILINK",
                "en": 691,
                "eIdx": 43,
                "st": 686
            },
            {
                "ancestor": "",
                "keyword": "[김나운]",
                "ne_type": "",
                "e_type": "WIKILINK",
                "en": 698,
                "eIdx": 44,
                "st": 693
            }
        ],
        "text": "또한 이른바 '김수현 사단'이라며 매번 <저작물>에 등장하는 <배우>들이 많이 겹치는 특징이 있으며, 특히 대표적인 <배우> 단짝으로 여배우 [윤여정]을 꼽을 수 있다. [문화방송] 드라마를 하면서 70년대 초부터 알고지내다 1988년 <단막극> 《[모래성_(드라마)]》을 시작으로, [1991년] [MBC_주말연속극] 《[사랑이_뭐길래]》로 관계를 공고히 했다. [1994년] [SBS_월화드라마] 《[작별_(드라마)]》이 '김수현 <신화>의 막을 내릴 것'이라는 예측이 나올 만큼 초반에 부진을 면치 못했지만 [윤여정]의 울부짖는 대사로 시청률 35%가 나오고, 연이어 [KBS_주말연속극] 《[목욕탕집_남자들]》에서도 흥행을 견인하면서 떼려야 뗄 수 없는 공생관계로까지 발전한 것이다. 그 외에 김수현 <저작물>에 단골 출연한 <배우>들로 《[새엄마]》, 《[후회합니다]》, 《[행복을_팝니다]》, 《[사랑의_굴레]》, 《[모래성_(드라마)]》, 《[사랑이_뭐길래]》, 《[엄마가_뿔났다]》 등 35년간 16번이나 호흡을 맞춘 [김혜자]와, 《[완전한_사랑]》, 《[부모님_전상서]》, 《[내_남자의_여자]》 등 연거푸 김수현 <저작물>에 출연한 [김희애]를 필두로, [이순재], [윤다훈], [정혜선], [강부자], [나문희], [전양자], [김영애_(1951년)], [김해숙], [장미희], [임예진], [견미리], [하유미], [김나운] 등이 있다.",
        "pIdx": 8
    },
    {
        "pronouns": [],
        "globalSId": [
            413129,
            413130,
            413131,
            413132
        ],
        "wikiPageId": 43793,
        "entities": [
            {
                "ancestor": "",
                "keyword": "<배우>",
                "ne_type": "",
                "e_type": "ELU",
                "en": 7,
                "eIdx": 0,
                "st": 3
            },
            {
                "ancestor": "",
                "keyword": "[부모님_전상서]",
                "ne_type": "",
                "e_type": "WIKILINK",
                "en": 24,
                "eIdx": 1,
                "st": 15
            },
            {
                "ancestor": "",
                "keyword": "[사랑과_야망_(1987년_드라마)]",
                "ne_type": "",
                "e_type": "WIKILINK",
                "en": 48,
                "eIdx": 2,
                "st": 28
            },
            {
                "ancestor": "",
                "keyword": "[엄마가_뿔났다]",
                "ne_type": "",
                "e_type": "WIKILINK",
                "en": 61,
                "eIdx": 3,
                "st": 52
            },
            {
                "ancestor": "",
                "keyword": "[이유리]",
                "ne_type": "",
                "e_type": "WIKILINK",
                "en": 69,
                "eIdx": 4,
                "st": 64
            },
            {
                "ancestor": "",
                "keyword": "[부모님_전상서]",
                "ne_type": "",
                "e_type": "WIKILINK",
                "en": 81,
                "eIdx": 5,
                "st": 72
            },
            {
                "ancestor": "",
                "keyword": "[엄마가_뿔났다]",
                "ne_type": "",
                "e_type": "WIKILINK",
                "en": 94,
                "eIdx": 6,
                "st": 85
            },
            {
                "ancestor": "",
                "keyword": "[무자식_상팔자]",
                "ne_type": "",
                "e_type": "WIKILINK",
                "en": 107,
                "eIdx": 7,
                "st": 98
            },
            {
                "ancestor": "",
                "keyword": "[김민경_(1981년_8월)]",
                "ne_type": "",
                "e_type": "WIKILINK",
                "en": 126,
                "eIdx": 8,
                "st": 110
            },
            {
                "ancestor": "",
                "keyword": "[엄지원]",
                "ne_type": "",
                "e_type": "WIKILINK",
                "en": 179,
                "eIdx": 9,
                "st": 174
            },
            {
                "ancestor": "",
                "keyword": "[하석진]",
                "ne_type": "",
                "e_type": "WIKILINK",
                "en": 186,
                "eIdx": 10,
                "st": 181
            },
            {
                "ancestor": "",
                "keyword": "[송창의]",
                "ne_type": "",
                "e_type": "WIKILINK",
                "en": 193,
                "eIdx": 11,
                "st": 188
            },
            {
                "ancestor": "",
                "keyword": "[이상우_(배우)]",
                "ne_type": "",
                "e_type": "WIKILINK",
                "en": 205,
                "eIdx": 12,
                "st": 195
            },
            {
                "ancestor": "",
                "keyword": "<김수현_(작가)>",
                "ne_type": "",
                "e_type": "ELU",
                "en": 217,
                "eIdx": 13,
                "st": 207
            },
            {
                "ancestor": "",
                "keyword": "<작가>",
                "ne_type": "",
                "e_type": "ELU",
                "en": 235,
                "eIdx": 14,
                "st": 231
            },
            {
                "ancestor": "",
                "keyword": "<배우>",
                "ne_type": "",
                "e_type": "ELU",
                "en": 363,
                "eIdx": 15,
                "st": 359
            },
            {
                "ancestor": "",
                "keyword": "<스타크래프트>",
                "ne_type": "",
                "e_type": "ELU",
                "en": 393,
                "eIdx": 16,
                "st": 385
            }
        ],
        "text": "젊은 <배우>들 중에서는 《[부모님_전상서]》, 《[사랑과_야망_(1987년_드라마)]》, 《[엄마가_뿔났다]》의 [이유리], 《[부모님_전상서]》, 《[엄마가_뿔났다]》, 《[무자식_상팔자]》의 [김민경_(1981년_8월)]이 20대부터 일찍이 사단에 합류하여 김수현 작품들로 필모를 메워가고 있다. 최근에는 [엄지원], [하석진], [송창의], [이상우_(배우)]가 <김수현_(작가)>의 돈독한 신뢰를 받으며 <작가>와의 인연을 이어가고 있다. 김수현 사단의 강점은 기본적으로 안정감과 편안함을 보장한다는 것인데, '그 얼굴이 그 얼굴'이라 너무 익숙한 나머지 식상함과 지겨움을 동반한다는 것이 약점이다. 일각에서는 김수현 사단을 두고 \"<배우>가 되려면 김수현 사단에 들어가야겠지만 <스타크래프트>가 되려면 김수현 드라마에 들어갈 필요가 없다\"는 평을 하기도 했다.",
        "pIdx": 9
    },
    {
        "pronouns": [],
        "globalSId": [
            413133,
            413134,
            413135
        ],
        "wikiPageId": 43793,
        "entities": [
            {
                "ancestor": "",
                "keyword": "[1975년]",
                "ne_type": "",
                "e_type": "WIKILINK",
                "en": 18,
                "eIdx": 0,
                "st": 11
            },
            {
                "ancestor": "",
                "keyword": "[MBC]",
                "ne_type": "",
                "e_type": "WIKILINK",
                "en": 28,
                "eIdx": 1,
                "st": 23
            },
            {
                "ancestor": "",
                "keyword": "[신부일기_(드라마)]",
                "ne_type": "",
                "e_type": "WIKILINK",
                "en": 48,
                "eIdx": 2,
                "st": 36
            },
            {
                "ancestor": "",
                "keyword": "[박은수]",
                "ne_type": "",
                "e_type": "WIKILINK",
                "en": 167,
                "eIdx": 3,
                "st": 162
            },
            {
                "ancestor": "",
                "keyword": "[오미연]",
                "ne_type": "",
                "e_type": "WIKILINK",
                "en": 174,
                "eIdx": 4,
                "st": 169
            },
            {
                "ancestor": "",
                "keyword": "[김윤경_(1949년)]",
                "ne_type": "",
                "e_type": "WIKILINK",
                "en": 189,
                "eIdx": 5,
                "st": 176
            },
            {
                "ancestor": "",
                "keyword": "[박은수]",
                "ne_type": "",
                "e_type": "WIKILINK",
                "en": 225,
                "eIdx": 6,
                "st": 220
            },
            {
                "ancestor": "",
                "keyword": "[오미연]",
                "ne_type": "",
                "e_type": "WIKILINK",
                "en": 232,
                "eIdx": 7,
                "st": 227
            },
            {
                "ancestor": "",
                "keyword": "<중도주의>",
                "ne_type": "",
                "e_type": "ELU",
                "en": 266,
                "eIdx": 8,
                "st": 260
            }
        ],
        "text": "TV 연속극의 제왕 [1975년] 집필한 [MBC] 일일드라마 《[신부일기_(드라마)]》는 방송을 시작하고 2백회 넘게 방영되는 동안 한번도 시청률이 톱의 자리에서 물러서 본 적이 없는 'TV 연속극의 제왕으로 군림했다'는 평을 받을 정도로 공전의 히트를 쳤다. 이 드라마의 인기로 탤런트 [박은수], [오미연], [김윤경_(1949년)] 등이 스타덤에 올랐는데, 특히 부부 운전사로 출연했던 [박은수]와 [오미연]은 출발 캐스트에 포함되어 있지도 않고 후발주자로 <중도주의>에 합류했는데도 불구하고 큰 인기를 끌어 무명의 단역에서 단숨에 A급 탤런트로 급성장하였다.",
        "pIdx": 10
    },
    {
        "pronouns": [],
        "globalSId": [
            413136,
            413137
        ],
        "wikiPageId": 43793,
        "entities": [
            {
                "ancestor": "",
                "keyword": "[1976년]",
                "ne_type": "",
                "e_type": "WIKILINK",
                "en": 7,
                "eIdx": 0,
                "st": 0
            },
            {
                "ancestor": "",
                "keyword": "[MBC]",
                "ne_type": "",
                "e_type": "WIKILINK",
                "en": 15,
                "eIdx": 1,
                "st": 10
            },
            {
                "ancestor": "",
                "keyword": "<형식>",
                "ne_type": "",
                "e_type": "ELU",
                "en": 27,
                "eIdx": 2,
                "st": 23
            },
            {
                "ancestor": "",
                "keyword": "[여고_동창생_(MBC_드라마)]",
                "ne_type": "",
                "e_type": "WIKILINK",
                "en": 55,
                "eIdx": 3,
                "st": 37
            },
            {
                "ancestor": "",
                "keyword": "<졸업>",
                "ne_type": "",
                "e_type": "ELU",
                "en": 73,
                "eIdx": 4,
                "st": 69
            },
            {
                "ancestor": "",
                "keyword": "[남정임]",
                "ne_type": "",
                "e_type": "WIKILINK",
                "en": 146,
                "eIdx": 5,
                "st": 141
            },
            {
                "ancestor": "",
                "keyword": "[윤여정]",
                "ne_type": "",
                "e_type": "WIKILINK",
                "en": 153,
                "eIdx": 6,
                "st": 148
            },
            {
                "ancestor": "",
                "keyword": "[김혜자]",
                "ne_type": "",
                "e_type": "WIKILINK",
                "en": 160,
                "eIdx": 7,
                "st": 155
            },
            {
                "ancestor": "",
                "keyword": "[김윤경_(1949년)]",
                "ne_type": "",
                "e_type": "WIKILINK",
                "en": 175,
                "eIdx": 8,
                "st": 162
            },
            {
                "ancestor": "",
                "keyword": "[나문희]",
                "ne_type": "",
                "e_type": "WIKILINK",
                "en": 182,
                "eIdx": 9,
                "st": 177
            }
        ],
        "text": "[1976년]에는 [MBC]에서 옴니버스 <형식>의 일일연속극인 《[여고_동창생_(MBC_드라마)]》을 집필하였다. 학교를 <졸업>하고 각기 다른 상황 속에서 각자의 생활을 살아가고 있는 5명의 여고 동창생들의 얘기를 그린 작품으로 주역급 탤런트 5명([남정임], [윤여정], [김혜자], [김윤경_(1949년)], [나문희])이 처음부터 함께 출연하고 60회를 단위로 돌아가면서 줄거리와 주인공이 바뀐다는 새로운 형식의 드라마이다.",
        "pIdx": 11
    },
    {
        "pronouns": [],
        "globalSId": [
            413138,
            413139,
            413140
        ],
        "wikiPageId": 43793,
        "entities": [
            {
                "ancestor": "",
                "keyword": "[1984년]",
                "ne_type": "",
                "e_type": "WIKILINK",
                "en": 7,
                "eIdx": 0,
                "st": 0
            },
            {
                "ancestor": "",
                "keyword": "<이하나>",
                "ne_type": "",
                "e_type": "ELU",
                "en": 39,
                "eIdx": 1,
                "st": 34
            },
            {
                "ancestor": "",
                "keyword": "[MBC_주말연속극]",
                "ne_type": "",
                "e_type": "WIKILINK",
                "en": 79,
                "eIdx": 2,
                "st": 68
            },
            {
                "ancestor": "",
                "keyword": "[사랑과_진실]",
                "ne_type": "",
                "e_type": "WIKILINK",
                "en": 89,
                "eIdx": 3,
                "st": 81
            },
            {
                "ancestor": "",
                "keyword": "[정애리]",
                "ne_type": "",
                "e_type": "WIKILINK",
                "en": 116,
                "eIdx": 4,
                "st": 111
            },
            {
                "ancestor": "",
                "keyword": "[원미경]",
                "ne_type": "",
                "e_type": "WIKILINK",
                "en": 129,
                "eIdx": 5,
                "st": 124
            },
            {
                "ancestor": "",
                "keyword": "<문제>",
                "ne_type": "",
                "e_type": "ELU",
                "en": 213,
                "eIdx": 6,
                "st": 209
            },
            {
                "ancestor": "",
                "keyword": "<가출>",
                "ne_type": "",
                "e_type": "ELU",
                "en": 242,
                "eIdx": 7,
                "st": 238
            }
        ],
        "text": "[1984년]에는 20년간을 친자매로 알고 자란 두 여인 중 <이하나>가 상대편의 행복을 가로채면서 벌어지는 얘기를 그린 [MBC_주말연속극] 《[사랑과_진실]》을 집필하였다. 투톱 여주인공을 맡은 [정애리](효선 역), [원미경](미선 역) 두 인기 여배우의 연기대결과 함께 통속적이지만 흥미로운 전개로 시청률 50%를 훌쩍 넘으며 큰 인기를 모았다. 하지만 작가의 건강 <문제>로 효선의 인생을 훔친 미선이 자살소동 끝에 <가출>을 하는 것으로 시청자의 기대와 달리 싱거운 결말을 내며 당초 계획보다 2달 앞당겨 막을 내리게 되었다.",
        "pIdx": 12
    },
    {
        "pronouns": [],
        "globalSId": [
            413141
        ],
        "wikiPageId": 43793,
        "entities": [
            {
                "ancestor": "",
                "keyword": "[1987년]",
                "ne_type": "",
                "e_type": "WIKILINK",
                "en": 7,
                "eIdx": 0,
                "st": 0
            },
            {
                "ancestor": "",
                "keyword": "<박태수>",
                "ne_type": "",
                "e_type": "ELU",
                "en": 41,
                "eIdx": 1,
                "st": 36
            },
            {
                "ancestor": "",
                "keyword": "<형제자매>",
                "ne_type": "",
                "e_type": "ELU",
                "en": 53,
                "eIdx": 2,
                "st": 47
            },
            {
                "ancestor": "",
                "keyword": "[사랑과_야망_(1987년_드라마)]",
                "ne_type": "",
                "e_type": "WIKILINK",
                "en": 100,
                "eIdx": 3,
                "st": 80
            }
        ],
        "text": "[1987년]에는 1958년을 기점으로 지방소도시 방앗간집 아들 <박태수>, 박태준 <형제자매>의 각기 다른 삶과 사랑을 그리는 대하 멜로물 《[사랑과_야망_(1987년_드라마)]》을 집필하였다.",
        "pIdx": 13
    },
    {
        "globalSId": [
            413142,
            413143,
            413144
        ],
        "pronouns": [
            {
                "proIdx": 0,
                "ancestor": "",
                "en": 183,
                "st": 178,
                "keyword": "그 사실을"
            },
            {
                "proIdx": 1,
                "ancestor": "",
                "en": 237,
                "st": 232,
                "keyword": "여주인공의"
            },
            {
                "proIdx": 2,
                "ancestor": "",
                "en": 250,
                "st": 221,
                "keyword": "배신감에 치를 떠는 여주인공의 격렬하고 생생한 대사와"
            },
            {
                "proIdx": 3,
                "ancestor": "",
                "en": 336,
                "st": 331,
                "keyword": "한 여자의"
            },
            {
                "proIdx": 4,
                "ancestor": "",
                "en": 342,
                "st": 331,
                "keyword": "한 여자의 지아비이자"
            },
            {
                "proIdx": 5,
                "ancestor": "",
                "en": 348,
                "st": 343,
                "keyword": "한 가정의"
            },
            {
                "proIdx": 6,
                "ancestor": "",
                "en": 352,
                "st": 343,
                "keyword": "한 가정의 가장을"
            }
        ],
        "wikiPageId": 43793,
        "entities": [
            {
                "ne_type": "",
                "keyword": "[1988년]",
                "ancestor": "",
                "e_type": "WIKILINK",
                "en": 7,
                "eIdx": 0,
                "st": 0
            },
            {
                "ne_type": "",
                "keyword": "[삼각관계]",
                "ancestor": "",
                "e_type": "WIKILINK",
                "en": 39,
                "eIdx": 1,
                "st": 33
            },
            {
                "ne_type": "",
                "keyword": "[외도]",
                "ancestor": "",
                "e_type": "WIKILINK",
                "en": 49,
                "eIdx": 2,
                "st": 45
            },
            {
                "ne_type": "",
                "keyword": "[이혼]",
                "ancestor": "",
                "e_type": "WIKILINK",
                "en": 55,
                "eIdx": 3,
                "st": 51
            },
            {
                "ne_type": "",
                "keyword": "[MBC]",
                "ancestor": "",
                "e_type": "WIKILINK",
                "en": 70,
                "eIdx": 4,
                "st": 65
            },
            {
                "ne_type": "",
                "keyword": "[모래성_(드라마)]",
                "ancestor": "",
                "e_type": "WIKILINK",
                "en": 87,
                "eIdx": 5,
                "st": 76
            },
            {
                "ne_type": "",
                "keyword": "[모래성_(드라마)]",
                "ancestor": "",
                "e_type": "WIKILINK",
                "en": 117,
                "eIdx": 6,
                "st": 106
            },
            {
                "ne_type": "",
                "keyword": "[박근형]",
                "ancestor": "",
                "e_type": "WIKILINK",
                "en": 144,
                "eIdx": 7,
                "st": 139
            },
            {
                "ne_type": "PERSON",
                "keyword": "[세희]",
                "ancestor": "",
                "e_type": "NEW",
                "en": 156,
                "eIdx": 8,
                "st": 152
            },
            {
                "ne_type": "",
                "keyword": "[김청]",
                "ancestor": "",
                "e_type": "WIKILINK",
                "en": 161,
                "eIdx": 9,
                "st": 157
            },
            {
                "ne_type": "",
                "keyword": "[김혜자]",
                "ancestor": "",
                "e_type": "WIKILINK",
                "en": 194,
                "eIdx": 10,
                "st": 189
            },
            {
                "ne_type": "",
                "keyword": "<남성혐오>",
                "ancestor": "",
                "e_type": "ELU",
                "en": 364,
                "eIdx": 11,
                "st": 358
            }
        ],
        "text": "[1988년]에는 신성한 가정을 모래로 쌓은 집에 비유하며 [삼각관계], 남편의 [외도], [이혼]을 정면으로 다룬 [MBC] 드라마 《[모래성_(드라마)]》를 집필하여 화제를 일으켰다. 《[모래성_(드라마)]》은 부유한 40대 후반의 변호사 남편([박근형] 역)이 처녀 [세희]([김청] 역)와 불륜의 사랑을 하고, 그 사실을 안 아내([김혜자] 역)가 이혼을 감행한다는 줄거리의 드라마이다. 배신감에 치를 떠는 여주인공의 격렬하고 생생한 대사와 처절한 복수심 표출 묘사로, 여성 시청자들로부터는 '여자들이 못하는 말을 대신 해줘 쾌감을 느꼈다'는 열렬한 지지를 얻었으나, 남자들로부터는 \"한 여자의 지아비이자 한 가정의 가장을 비하해서 <남성혐오>에 걸리게 하는 불건강한 드라마\"라는 악평을 들었다.",
        "pIdx": 14
    },
    {
        "pronouns": [],
        "globalSId": [
            413145
        ],
        "wikiPageId": 43793,
        "entities": [
            {
                "ancestor": "",
                "keyword": "<각성>",
                "ne_type": "",
                "e_type": "ELU",
                "en": 23,
                "eIdx": 0,
                "st": 19
            },
            {
                "ancestor": "",
                "keyword": "[여성주의]",
                "ne_type": "",
                "e_type": "WIKILINK",
                "en": 60,
                "eIdx": 1,
                "st": 54
            },
            {
                "ancestor": "",
                "keyword": "<대한제국_순종>",
                "ne_type": "",
                "e_type": "ELU",
                "en": 138,
                "eIdx": 2,
                "st": 129
            },
            {
                "ancestor": "",
                "keyword": "<묘사>",
                "ne_type": "",
                "e_type": "ELU",
                "en": 160,
                "eIdx": 3,
                "st": 156
            },
            {
                "ancestor": "",
                "keyword": "[남존여비]",
                "ne_type": "",
                "e_type": "WIKILINK",
                "en": 179,
                "eIdx": 4,
                "st": 173
            },
            {
                "ancestor": "",
                "keyword": "<사상구>",
                "ne_type": "",
                "e_type": "ELU",
                "en": 185,
                "eIdx": 5,
                "st": 180
            }
        ],
        "text": "남자에게 상처받고 버림받은 여자가 <각성>하여 남자를 파멸로 몰아간다는 극단적으로 윤리파괴적이고 [여성주의]적인 이야기를 많이 쓴 것 같으면서도, 아이러니하게도 한편으론 철저히 보수적이고 윤리적인 색채가 강한 중산층 집안상 속에서 <대한제국_순종>하고 길들여져 살아가는 여자들을 <묘사>하여 \"여성작가이면서도 [남존여비] <사상구>이 강한 작품만 쓴다\"는 비난을 받기도 했다.",
        "pIdx": 15
    },
    {
        "pronouns": [],
        "globalSId": [
            413146
        ],
        "wikiPageId": 43793,
        "entities": [
            {
                "ancestor": "",
                "keyword": "<이후_(소설가)>",
                "ne_type": "",
                "e_type": "ELU",
                "en": 17,
                "eIdx": 0,
                "st": 7
            }
        ],
        "text": "1990년대 <이후_(소설가)>",
        "pIdx": 16
    }
]