[
    {
        "pronouns": [],
        "globalSId": [
            1863078,
            1863079
        ],
        "wikiPageId": 367689,
        "entities": [
            {
                "ancestor": "",
                "keyword": "<위안머우_현>",
                "ne_type": "",
                "e_type": "ELU",
                "en": 8,
                "eIdx": 0,
                "st": 0
            },
            {
                "ancestor": "",
                "keyword": "[중화_인민_공화국]",
                "ne_type": "",
                "e_type": "WIKILINK",
                "en": 26,
                "eIdx": 1,
                "st": 15
            },
            {
                "ancestor": "",
                "keyword": "[윈난_성]",
                "ne_type": "",
                "e_type": "WIKILINK",
                "en": 33,
                "eIdx": 2,
                "st": 27
            },
            {
                "ancestor": "",
                "keyword": "[추슝_이족_자치주]",
                "ne_type": "",
                "e_type": "WIKILINK",
                "en": 45,
                "eIdx": 3,
                "st": 34
            },
            {
                "ancestor": "",
                "keyword": "[2007년]",
                "ne_type": "",
                "e_type": "WIKILINK",
                "en": 82,
                "eIdx": 4,
                "st": 75
            },
            {
                "ancestor": "",
                "keyword": "<준왕>",
                "ne_type": "",
                "e_type": "ELU",
                "en": 87,
                "eIdx": 5,
                "st": 83
            }
        ],
        "text": "<위안머우_현>(, ) 은 [중화_인민_공화국] [윈난_성] [추슝_이족_자치주]의 현급 행정구역이다. 넓이는 1803㎢이고, 인구는 [2007년] <준왕>으로 210,000명이다.",
        "pIdx": 1
    },
    {
        "pronouns": [],
        "globalSId": [
            1863080
        ],
        "wikiPageId": 367689,
        "entities": [
            {
                "ancestor": "",
                "keyword": "[원모인]",
                "ne_type": "",
                "e_type": "WIKILINK",
                "en": 21,
                "eIdx": 0,
                "st": 16
            }
        ],
        "text": "1965년에 이곳에서 유명한 [원모인] 화석이 발굴되었다.",
        "pIdx": 2
    },
    {
        "pronouns": [],
        "globalSId": [
            1863081,
            1863082,
            1863083
        ],
        "wikiPageId": 367689,
        "entities": [
            {
                "ancestor": "",
                "keyword": "<위치_(잡지)>",
                "ne_type": "",
                "e_type": "ELU",
                "en": 50,
                "eIdx": 0,
                "st": 41
            },
            {
                "ancestor": "",
                "keyword": "<강수>",
                "ne_type": "",
                "e_type": "ELU",
                "en": 78,
                "eIdx": 1,
                "st": 74
            }
        ],
        "text": "지리 북위 25°23′-26°06′, 동경 101°35′-102°06′에 <위치_(잡지)>한다. 연평균 기온은 21.9도이고 연평균 <강수>은 616mm이다.",
        "pIdx": 3
    }
]