[
    {
        "pronouns": [],
        "globalSId": [
            1075728
        ],
        "wikiPageId": 159227,
        "entities": [
            {
                "ancestor": "",
                "keyword": "<아타리_포키>",
                "ne_type": "",
                "e_type": "ELU",
                "en": 8,
                "eIdx": 0,
                "st": 0
            },
            {
                "ancestor": "",
                "keyword": "[DIP]",
                "ne_type": "",
                "e_type": "WIKILINK",
                "en": 74,
                "eIdx": 1,
                "st": 69
            }
        ],
        "text": "<아타리_포키>(Atari POKEY)는 사운드 칩 기능이 포함된 디지털 I/O칩으로 모델 번호는 C012294이며 40핀 [DIP] 패키지로 되어있다.",
        "pIdx": 1
    },
    {
        "pronouns": [],
        "globalSId": [
            1075729,
            1075730
        ],
        "wikiPageId": 159227,
        "entities": [
            {
                "ancestor": "",
                "keyword": "<포키>",
                "ne_type": "",
                "e_type": "ELU",
                "en": 4,
                "eIdx": 0,
                "st": 0
            },
            {
                "ancestor": "",
                "keyword": "[전위차계]",
                "ne_type": "",
                "e_type": "WIKILINK",
                "en": 31,
                "eIdx": 1,
                "st": 25
            },
            {
                "ancestor": "",
                "keyword": "[컴퓨터_키보드]",
                "ne_type": "",
                "e_type": "WIKILINK",
                "en": 52,
                "eIdx": 2,
                "st": 43
            },
            {
                "ancestor": "",
                "keyword": "[패들]",
                "ne_type": "",
                "e_type": "WIKILINK",
                "en": 70,
                "eIdx": 3,
                "st": 66
            },
            {
                "ancestor": "",
                "keyword": "[포텐셔미터]",
                "ne_type": "",
                "e_type": "WIKILINK",
                "en": 82,
                "eIdx": 4,
                "st": 75
            },
            {
                "ancestor": "",
                "keyword": "<포키>",
                "ne_type": "",
                "e_type": "ELU",
                "en": 130,
                "eIdx": 5,
                "st": 126
            },
            {
                "ancestor": "",
                "keyword": "[구형화]",
                "ne_type": "",
                "e_type": "WIKILINK",
                "en": 162,
                "eIdx": 6,
                "st": 157
            },
            {
                "ancestor": "",
                "keyword": "[square_wave]",
                "ne_type": "",
                "e_type": "WIKILINK",
                "en": 176,
                "eIdx": 7,
                "st": 163
            },
            {
                "ancestor": "",
                "keyword": "[칩튠]",
                "ne_type": "",
                "e_type": "WIKILINK",
                "en": 183,
                "eIdx": 8,
                "st": 179
            },
            {
                "ancestor": "",
                "keyword": "<사이>",
                "ne_type": "",
                "e_type": "ELU",
                "en": 193,
                "eIdx": 9,
                "st": 189
            }
        ],
        "text": "<포키>라는 이름은 POtentiometer([전위차계])와 KEYboard([컴퓨터_키보드])에서 따온 것으로 보통 [패들]과 같은 [포텐셔미터]의 수치를 입력받거나 키보드와 같이 스위치 행렬의 스캔을 하는데 사용된다. 또 <포키>는 사운드 기능도 가지고 있는데 독특한 4화음의 [구형화]([square_wave])는 [칩튠] 애호가들 <사이>에서 널리 알려져 있다.",
        "pIdx": 2
    },
    {
        "pronouns": [],
        "globalSId": [
            1075731,
            1075732,
            1075733,
            1075734
        ],
        "wikiPageId": 159227,
        "entities": [
            {
                "ancestor": "",
                "keyword": "<포키>",
                "ne_type": "",
                "e_type": "ELU",
                "en": 4,
                "eIdx": 0,
                "st": 0
            },
            {
                "ancestor": "",
                "keyword": "<디스플레이_장치>",
                "ne_type": "",
                "e_type": "ELU",
                "en": 139,
                "eIdx": 1,
                "st": 129
            }
        ],
        "text": "<포키>의 사운드 기능은 1982년 2월 2일 U.S. Patent 4,314,236 \"\"Apparatus for producing a plurality of audio sound effects\"\"(복수의 오디오 사운드 효과 발생 <디스플레이_장치>)로 특허를 받았으며 발명자는 Steven T. Mayer와 Ronald E. Milner 이다.",
        "pIdx": 3
    }
]