[
    {
        "pronouns": [],
        "globalSId": [
            752417,
            752418,
            752419,
            752420
        ],
        "wikiPageId": 98864,
        "entities": [
            {
                "ancestor": "",
                "keyword": "[김연아]",
                "ne_type": "",
                "e_type": "WIKILINK",
                "en": 23,
                "eIdx": 0,
                "st": 18
            },
            {
                "ancestor": "",
                "keyword": "[박명수]",
                "ne_type": "",
                "e_type": "WIKILINK",
                "en": 35,
                "eIdx": 1,
                "st": 30
            },
            {
                "ancestor": "",
                "keyword": "[정형돈]",
                "ne_type": "",
                "e_type": "WIKILINK",
                "en": 42,
                "eIdx": 2,
                "st": 37
            },
            {
                "ancestor": "",
                "keyword": "[아사다_마오]",
                "ne_type": "",
                "e_type": "WIKILINK",
                "en": 52,
                "eIdx": 3,
                "st": 44
            },
            {
                "ancestor": "",
                "keyword": "<문제>",
                "ne_type": "",
                "e_type": "ELU",
                "en": 71,
                "eIdx": 4,
                "st": 67
            },
            {
                "ancestor": "",
                "keyword": "<일본>",
                "ne_type": "",
                "e_type": "ELU",
                "en": 85,
                "eIdx": 5,
                "st": 81
            },
            {
                "ancestor": "",
                "keyword": "[박명수]",
                "ne_type": "",
                "e_type": "WIKILINK",
                "en": 97,
                "eIdx": 6,
                "st": 92
            },
            {
                "ancestor": "",
                "keyword": "[김연아]",
                "ne_type": "",
                "e_type": "WIKILINK",
                "en": 104,
                "eIdx": 7,
                "st": 99
            },
            {
                "ancestor": "",
                "keyword": "<아사다_마오>",
                "ne_type": "",
                "e_type": "ELU",
                "en": 128,
                "eIdx": 8,
                "st": 120
            },
            {
                "ancestor": "",
                "keyword": "[안토니오_이노키]",
                "ne_type": "",
                "e_type": "WIKILINK",
                "en": 143,
                "eIdx": 9,
                "st": 133
            },
            {
                "ancestor": "",
                "keyword": "<유튜브>",
                "ne_type": "",
                "e_type": "ELU",
                "en": 171,
                "eIdx": 10,
                "st": 166
            },
            {
                "ancestor": "",
                "keyword": "<일본>",
                "ne_type": "",
                "e_type": "ELU",
                "en": 181,
                "eIdx": 11,
                "st": 177
            },
            {
                "ancestor": "",
                "keyword": "[김연아]",
                "ne_type": "",
                "e_type": "WIKILINK",
                "en": 207,
                "eIdx": 12,
                "st": 202
            },
            {
                "ancestor": "",
                "keyword": "<유튜브>",
                "ne_type": "",
                "e_type": "ELU",
                "en": 248,
                "eIdx": 13,
                "st": 243
            },
            {
                "ancestor": "",
                "keyword": "<일본>",
                "ne_type": "",
                "e_type": "ELU",
                "en": 254,
                "eIdx": 14,
                "st": 250
            },
            {
                "ancestor": "",
                "keyword": "<우하이_시>",
                "ne_type": "",
                "e_type": "ELU",
                "en": 280,
                "eIdx": 15,
                "st": 273
            },
            {
                "ancestor": "",
                "keyword": "<이의>",
                "ne_type": "",
                "e_type": "ELU",
                "en": 307,
                "eIdx": 16,
                "st": 303
            },
            {
                "ancestor": "",
                "keyword": "<제기차기>",
                "ne_type": "",
                "e_type": "ELU",
                "en": 315,
                "eIdx": 17,
                "st": 309
            }
        ],
        "text": "2009년 4월 25일에 방송된 [김연아] 특집에서는 [박명수]와 [정형돈]이 [아사다_마오]를 심하게 '싫다'고 말해 <문제>가 되기도 했다. <일본> 네티즌들은 [박명수]가 [김연아]를 위한 응원곡을 부를 때 ‘<아사다_마오> 싫어. [안토니오_이노키] 싫어’라고 말한 무한도전 해당 방영분이 <유튜브>에 올라와 <일본> 네티즌의 비난이 잇달았으며, 일부는 [김연아]에 대해 비난하는 입장을 보이기도 하였다. 하지만 일부 네티즌은 <유튜브>의 <일본>어 번역 영상이 부분부분 편집으로 <우하이_시>를 불러오기 쉬우며, 일부 오역이 있다며 <이의>를 <제기차기>하기도 하였다.",
        "pIdx": 26
    },
    {
        "pronouns": [],
        "globalSId": [
            752421,
            752422,
            752423
        ],
        "wikiPageId": 98864,
        "entities": [
            {
                "ancestor": "",
                "keyword": "[뉴라이트_전국연합]",
                "ne_type": "",
                "e_type": "WIKILINK",
                "en": 24,
                "eIdx": 0,
                "st": 13
            },
            {
                "ancestor": "",
                "keyword": "<무한도전>",
                "ne_type": "",
                "e_type": "ELU",
                "en": 36,
                "eIdx": 1,
                "st": 30
            },
            {
                "ancestor": "",
                "keyword": "<이용_(가수)>",
                "ne_type": "",
                "e_type": "ELU",
                "en": 51,
                "eIdx": 2,
                "st": 42
            },
            {
                "ancestor": "",
                "keyword": "<주장_(축구)>",
                "ne_type": "",
                "e_type": "ELU",
                "en": 78,
                "eIdx": 3,
                "st": 69
            },
            {
                "ancestor": "",
                "keyword": "<무한도전>",
                "ne_type": "",
                "e_type": "ELU",
                "en": 146,
                "eIdx": 4,
                "st": 140
            },
            {
                "ancestor": "",
                "keyword": "[이명박]",
                "ne_type": "",
                "e_type": "WIKILINK",
                "en": 262,
                "eIdx": 5,
                "st": 257
            },
            {
                "ancestor": "",
                "keyword": "[누리꾼]",
                "ne_type": "",
                "e_type": "WIKILINK",
                "en": 368,
                "eIdx": 6,
                "st": 363
            },
            {
                "ancestor": "",
                "keyword": "<사이>",
                "ne_type": "",
                "e_type": "ELU",
                "en": 374,
                "eIdx": 7,
                "st": 370
            },
            {
                "ancestor": "",
                "keyword": "<조직_(사회과학)>",
                "ne_type": "",
                "e_type": "ELU",
                "en": 406,
                "eIdx": 8,
                "st": 395
            },
            {
                "ancestor": "",
                "keyword": "<접속_(영화)>",
                "ne_type": "",
                "e_type": "ELU",
                "en": 439,
                "eIdx": 9,
                "st": 430
            },
            {
                "ancestor": "",
                "keyword": "<다운로드>",
                "ne_type": "",
                "e_type": "ELU",
                "en": 447,
                "eIdx": 10,
                "st": 441
            }
        ],
        "text": "2009년 7월 22일 [뉴라이트_전국연합] 측에서 '<무한도전>이 자막을 <이용_(가수)>해 현 정부를 비판하고 있다'고 <주장_(축구)>하였다. 이들은 자신들의 웹사이트의 'Mr.희망이와 함께하는 수요연재만화'를 통해 “현 정부를 향한 MBC의 ‘<무한도전>’”이라는 제목의 만화를 게재했다.‘광우병 송아지’, ‘까불면 더 세게…진압의 법칙’, ‘뇌용량 1.9메가’ 등의 자막들이 현 정부와 대통령을 비판하고 있으며, 특히 지난 2009년 3월 무한도전에 [이명박] 대통령을 닮은 일반인 출연자가 대선 광고를 패러디한 화면을 두고 “현직 대통령에 대한 희화화마저도 서슴지 않는 방송 내용은 이미 도를 넘어섰다.”고 비난했다. 이러한 주장에 대해 [누리꾼]들 <사이>에서 비난 여론이 격화되었으며, 해당 <조직_(사회과학)>의 웹사이트는 누리꾼들의 항의방문으로 한때 <접속_(영화)>이 <다운로드>되기도 했다.",
        "pIdx": 27
    },
    {
        "pronouns": [],
        "globalSId": [
            752424
        ],
        "wikiPageId": 98864,
        "entities": [
            {
                "ancestor": "",
                "keyword": "<무한도전>",
                "ne_type": "",
                "e_type": "ELU",
                "en": 20,
                "eIdx": 0,
                "st": 14
            },
            {
                "ancestor": "",
                "keyword": "<영어>",
                "ne_type": "",
                "e_type": "ELU",
                "en": 59,
                "eIdx": 1,
                "st": 55
            },
            {
                "ancestor": "",
                "keyword": "[뉴욕]",
                "ne_type": "",
                "e_type": "WIKILINK",
                "en": 75,
                "eIdx": 2,
                "st": 71
            },
            {
                "ancestor": "",
                "keyword": "<무한도전>",
                "ne_type": "",
                "e_type": "ELU",
                "en": 98,
                "eIdx": 3,
                "st": 92
            },
            {
                "ancestor": "",
                "keyword": "[비틀즈]",
                "ne_type": "",
                "e_type": "WIKILINK",
                "en": 110,
                "eIdx": 4,
                "st": 105
            }
        ],
        "text": "2009년 11월 21일 <무한도전>은 \"식객 방영분\"으로 인해 정준하의 방송 중 태도와 기본적인 <영어>도 구사하지 못한 채 [뉴욕]으로 향했다고 비판을 받았는데 <무한도전>은 방송에서 [비틀즈]의 \"Obladi Oblada\"를 패러디해 직접적인 사과를 표했다.",
        "pIdx": 28
    },
    {
        "pronouns": [],
        "globalSId": [
            752425,
            752426,
            752427
        ],
        "wikiPageId": 98864,
        "entities": [
            {
                "ancestor": "",
                "keyword": "[박명수]",
                "ne_type": "",
                "e_type": "WIKILINK",
                "en": 42,
                "eIdx": 0,
                "st": 37
            },
            {
                "ancestor": "",
                "keyword": "[프라이머리_(음악가)]",
                "ne_type": "",
                "e_type": "WIKILINK",
                "en": 57,
                "eIdx": 1,
                "st": 44
            },
            {
                "ancestor": "",
                "keyword": "[개코]",
                "ne_type": "",
                "e_type": "WIKILINK",
                "en": 63,
                "eIdx": 2,
                "st": 59
            },
            {
                "ancestor": "",
                "keyword": "[카로_에메랄드]",
                "ne_type": "",
                "e_type": "WIKILINK",
                "en": 138,
                "eIdx": 3,
                "st": 129
            },
            {
                "ancestor": "",
                "keyword": "<사이>",
                "ne_type": "",
                "e_type": "ELU",
                "en": 177,
                "eIdx": 4,
                "st": 173
            },
            {
                "ancestor": "",
                "keyword": "<무한도전>",
                "ne_type": "",
                "e_type": "ELU",
                "en": 262,
                "eIdx": 5,
                "st": 256
            }
        ],
        "text": "2013년 11월 2일에 방송 및 발매된 자유로 가요제 수록곡 중 [박명수]와 [프라이머리_(음악가)], [개코]가 작업한 〈I Got C〉는 발매되자마자 각종 차트에서 1위를 차지하는 등 인기를 누렸으나, 같은 해 5월에 발매된 [카로_에메랄드]의 곡 〈Liquid Lunch〉와 흡사하다는 의견이 네티즌들 <사이>에서 나오기 시작하였다. 이는 결국 프라이머리의 표절 의혹으로 이어졌고, 카로 에메랄드 측에서도 \"표절이 맞다.\"라고 입장을 표하였다. 결국 <무한도전> 측은 〈I Got C〉의 온라인 발매를 잠정 중단하였고, 자유로 가요제 음반 제작도 중단하였다.",
        "pIdx": 29
    },
    {
        "pronouns": [],
        "globalSId": [
            752428,
            752429
        ],
        "wikiPageId": 98864,
        "entities": [
            {
                "ancestor": "",
                "keyword": "<조직_(사회과학)>",
                "ne_type": "",
                "e_type": "ELU",
                "en": 49,
                "eIdx": 0,
                "st": 38
            }
        ],
        "text": "2014년 5월 24일 방송된 \"홍철아 장가가자!\" 방송 이후 여성 <조직_(사회과학)>에서 일부에서 조건과 외모 등을 따져 소개팅 상대를 찾는 내용이 불편하다는 지적이 있었고, 다음주 방송인 5월 31일 방송분에서 출연자와 연출자가 선택2014에서 공약이었던 곤장을 맞으며 시청자들에 대한 반성을 하였다. 선택2014 이후 방영 예정이었던 \"홍철아 장가가자\"는 이후 이야기를 방영하지 않기로 하였다.",
        "pIdx": 30
    },
    {
        "pronouns": [],
        "globalSId": [
            752430,
            752431
        ],
        "wikiPageId": 98864,
        "entities": [
            {
                "ancestor": "",
                "keyword": "[2005년]",
                "ne_type": "",
                "e_type": "WIKILINK",
                "en": 15,
                "eIdx": 0,
                "st": 8
            },
            {
                "ancestor": "",
                "keyword": "[4월_23일]",
                "ne_type": "",
                "e_type": "WIKILINK",
                "en": 24,
                "eIdx": 1,
                "st": 16
            },
            {
                "ancestor": "",
                "keyword": "[토요일_(예능_프로그램)]",
                "ne_type": "",
                "e_type": "WIKILINK",
                "en": 49,
                "eIdx": 2,
                "st": 34
            },
            {
                "ancestor": "",
                "keyword": "<줄다리기>",
                "ne_type": "",
                "e_type": "ELU",
                "en": 86,
                "eIdx": 3,
                "st": 80
            },
            {
                "ancestor": "",
                "keyword": "[무한도전_선택2014]",
                "ne_type": "",
                "e_type": "WIKILINK",
                "en": 107,
                "eIdx": 4,
                "st": 94
            },
            {
                "ancestor": "",
                "keyword": "[2016년]",
                "ne_type": "",
                "e_type": "WIKILINK",
                "en": 134,
                "eIdx": 5,
                "st": 127
            }
        ],
        "text": "에피소드 목록 [2005년] [4월_23일], 예능 프로그램 [토요일_(예능_프로그램)]의 한 코너에서 《무(모)한 도전》의 〈황소 vs 인간 <줄다리기>〉에서 시작해 [무한도전_선택2014] 등의 특집과 여러 에피소드를 걸쳐 [2016년] 12월까지 약 520회차가 방영되었다.",
        "pIdx": 31
    },
    {
        "pronouns": [],
        "globalSId": [
            752432,
            752433
        ],
        "wikiPageId": 98864,
        "entities": [
            {
                "ancestor": "",
                "keyword": "<현재>",
                "ne_type": "",
                "e_type": "ELU",
                "en": 23,
                "eIdx": 0,
                "st": 19
            },
            {
                "ancestor": "",
                "keyword": "[유재석]",
                "ne_type": "",
                "e_type": "WIKILINK",
                "en": 39,
                "eIdx": 1,
                "st": 34
            },
            {
                "ancestor": "",
                "keyword": "[박명수]",
                "ne_type": "",
                "e_type": "WIKILINK",
                "en": 46,
                "eIdx": 2,
                "st": 41
            },
            {
                "ancestor": "",
                "keyword": "[정준하]",
                "ne_type": "",
                "e_type": "WIKILINK",
                "en": 53,
                "eIdx": 3,
                "st": 48
            },
            {
                "ancestor": "",
                "keyword": "[하하]",
                "ne_type": "",
                "e_type": "WIKILINK",
                "en": 59,
                "eIdx": 4,
                "st": 55
            },
            {
                "ancestor": "",
                "keyword": "[양세형]",
                "ne_type": "",
                "e_type": "WIKILINK",
                "en": 66,
                "eIdx": 5,
                "st": 61
            },
            {
                "ancestor": "",
                "keyword": "[전진_(가수)]",
                "ne_type": "",
                "e_type": "WIKILINK",
                "en": 108,
                "eIdx": 6,
                "st": 99
            },
            {
                "ancestor": "",
                "keyword": "[노홍철]",
                "ne_type": "",
                "e_type": "WIKILINK",
                "en": 131,
                "eIdx": 7,
                "st": 126
            },
            {
                "ancestor": "",
                "keyword": "[길_(가수)]",
                "ne_type": "",
                "e_type": "WIKILINK",
                "en": 141,
                "eIdx": 8,
                "st": 133
            },
            {
                "ancestor": "",
                "keyword": "[정형돈]",
                "ne_type": "",
                "e_type": "WIKILINK",
                "en": 161,
                "eIdx": 9,
                "st": 156
            },
            {
                "ancestor": "",
                "keyword": "[황광희]",
                "ne_type": "",
                "e_type": "WIKILINK",
                "en": 181,
                "eIdx": 10,
                "st": 176
            }
        ],
        "text": "역대 출연자 2017년 6월 3일 <현재>까지 고정 출연자는 [유재석], [박명수], [정준하], [하하], [양세형] 이며, 과거 고정 출연진으로는 공익 소집으로 인해 하차한 [전진_(가수)], 음주운전 적발로 인해 하차한 [노홍철], [길_(가수)], 건강상의 문제로 하차한 [정형돈], 군 입대로 인해 하차한 [황광희] 등이 있다.",
        "pIdx": 32
    },
    {
        "pronouns": [],
        "globalSId": [],
        "wikiPageId": 98864,
        "entities": [],
        "text": "",
        "pIdx": 33
    },
    {
        "pronouns": [],
        "globalSId": [],
        "wikiPageId": 98864,
        "entities": [],
        "text": "",
        "pIdx": 34
    },
    {
        "pronouns": [],
        "globalSId": [
            752434,
            752435
        ],
        "wikiPageId": 98864,
        "entities": [
            {
                "ancestor": "",
                "keyword": "<무한도전>",
                "ne_type": "",
                "e_type": "ELU",
                "en": 33,
                "eIdx": 0,
                "st": 27
            }
        ],
        "text": "스핀오프(spin-off) 프로그램 이 문단은 '<무한도전>'에서 별도로 파생된 프로그램들을 수록한다.",
        "pIdx": 35
    }
]