[
    {
        "pronouns": [],
        "globalSId": [
            3201036,
            3201037
        ],
        "wikiPageId": 1015231,
        "entities": [
            {
                "ancestor": "",
                "keyword": "[오스트리아]",
                "ne_type": "",
                "e_type": "WIKILINK",
                "en": 30,
                "eIdx": 0,
                "st": 23
            },
            {
                "ancestor": "",
                "keyword": "[통계역학]",
                "ne_type": "",
                "e_type": "WIKILINK",
                "en": 49,
                "eIdx": 1,
                "st": 43
            },
            {
                "ancestor": "",
                "keyword": "[양자역학]",
                "ne_type": "",
                "e_type": "WIKILINK",
                "en": 57,
                "eIdx": 2,
                "st": 51
            },
            {
                "ancestor": "",
                "keyword": "[에렌페스트_정리]",
                "ne_type": "",
                "e_type": "WIKILINK",
                "en": 76,
                "eIdx": 3,
                "st": 66
            }
        ],
        "text": "파울 에렌페스트(, 1880–1933)는 [오스트리아] 태생 이론물리학자다. [통계역학]과 [양자역학]에 기여하였고, [에렌페스트_정리]를 증명하였다.",
        "pIdx": 1
    },
    {
        "pronouns": [],
        "globalSId": [
            3201038,
            3201039,
            3201040,
            3201041
        ],
        "wikiPageId": 1015231,
        "entities": [
            {
                "ancestor": "",
                "keyword": "[빈]",
                "ne_type": "",
                "e_type": "WIKILINK",
                "en": 6,
                "eIdx": 0,
                "st": 3
            },
            {
                "ancestor": "",
                "keyword": "[유대인]",
                "ne_type": "",
                "e_type": "WIKILINK",
                "en": 14,
                "eIdx": 1,
                "st": 9
            },
            {
                "ancestor": "",
                "keyword": "[모라바]",
                "ne_type": "",
                "e_type": "WIKILINK",
                "en": 43,
                "eIdx": 2,
                "st": 38
            },
            {
                "ancestor": "",
                "keyword": "<랴오허_강>",
                "ne_type": "",
                "e_type": "ELU",
                "en": 87,
                "eIdx": 3,
                "st": 80
            },
            {
                "ancestor": "",
                "keyword": "<엘프리데_옐리네크>",
                "ne_type": "",
                "e_type": "ELU",
                "en": 100,
                "eIdx": 4,
                "st": 89
            }
        ],
        "text": "생애 [빈]에서 [유대인] 가정에 태어났다. 에렌페스트 가문은 원래 [모라바] 출신이었다. 에렌페스트의 아버지 지그문트 에렌페스트()와 어머니 <랴오허_강>나 <엘프리데_옐리네크>()는 구멍가게를 운영하였다.",
        "pIdx": 2
    },
    {
        "pronouns": [],
        "globalSId": [
            3201042,
            3201043,
            3201044,
            3201045
        ],
        "wikiPageId": 1015231,
        "entities": [
            {
                "ancestor": "",
                "keyword": "[빈_공과대학교]",
                "ne_type": "",
                "e_type": "WIKILINK",
                "en": 9,
                "eIdx": 0,
                "st": 0
            },
            {
                "ancestor": "",
                "keyword": "[화학]",
                "ne_type": "",
                "e_type": "WIKILINK",
                "en": 16,
                "eIdx": 1,
                "st": 12
            },
            {
                "ancestor": "",
                "keyword": "<학습>",
                "ne_type": "",
                "e_type": "ELU",
                "en": 22,
                "eIdx": 2,
                "st": 18
            },
            {
                "ancestor": "",
                "keyword": "[빈_대학교]",
                "ne_type": "",
                "e_type": "WIKILINK",
                "en": 39,
                "eIdx": 3,
                "st": 32
            },
            {
                "ancestor": "",
                "keyword": "[루트비히_볼츠만]",
                "ne_type": "",
                "e_type": "WIKILINK",
                "en": 64,
                "eIdx": 4,
                "st": 54
            },
            {
                "ancestor": "",
                "keyword": "[괴팅겐_대학교]",
                "ne_type": "",
                "e_type": "WIKILINK",
                "en": 97,
                "eIdx": 5,
                "st": 88
            },
            {
                "ancestor": "",
                "keyword": "<배우자>",
                "ne_type": "",
                "e_type": "ELU",
                "en": 135,
                "eIdx": 6,
                "st": 130
            },
            {
                "ancestor": "",
                "keyword": "[빈_대학교]",
                "ne_type": "",
                "e_type": "WIKILINK",
                "en": 197,
                "eIdx": 7,
                "st": 190
            }
        ],
        "text": "[빈_공과대학교]에서 [화학]을 <학습>하였으나, 근처의 [빈_대학교]에서 과목을 들었고, 특히 [루트비히_볼츠만]의 통계역학 과목을 수강하였다. 1901년 [괴팅겐_대학교]로 전학하였고, 이곳에서 우크라이나 태생의 수학자이자 미래 <배우자>인 타티야나 아파나세바(Tatyana A. Afanasyeva)를 만났다. 1904년 6월 23일 [빈_대학교]에서 박사 학위를 수여받았고, 1904년 12월 21일 아파나세바와 혼인하였다.",
        "pIdx": 3
    },
    {
        "pronouns": [],
        "globalSId": [
            3201046,
            3201047
        ],
        "wikiPageId": 1015231,
        "entities": [
            {
                "ancestor": "",
                "keyword": "<괴팅겐>",
                "ne_type": "",
                "e_type": "ELU",
                "en": 24,
                "eIdx": 0,
                "st": 19
            },
            {
                "ancestor": "",
                "keyword": "<루트비히_볼츠만>",
                "ne_type": "",
                "e_type": "ELU",
                "en": 48,
                "eIdx": 1,
                "st": 38
            },
            {
                "ancestor": "",
                "keyword": "[우울증]",
                "ne_type": "",
                "e_type": "WIKILINK",
                "en": 58,
                "eIdx": 2,
                "st": 53
            }
        ],
        "text": "에렌페스트 부부는 1906년 9월 <괴팅겐>으로 다시 돌아갔다. 곧 <루트비히_볼츠만>은 심한 [우울증]으로 인해 9월 6일 자살하였다.",
        "pIdx": 4
    },
    {
        "pronouns": [],
        "globalSId": [
            3201048
        ],
        "wikiPageId": 1015231,
        "entities": [
            {
                "ancestor": "",
                "keyword": "[상트페테르부르크]",
                "ne_type": "",
                "e_type": "WIKILINK",
                "en": 26,
                "eIdx": 0,
                "st": 16
            },
            {
                "ancestor": "",
                "keyword": "<이사_(법인)>",
                "ne_type": "",
                "e_type": "ELU",
                "en": 37,
                "eIdx": 1,
                "st": 28
            },
            {
                "ancestor": "",
                "keyword": "[러시아]",
                "ne_type": "",
                "e_type": "WIKILINK",
                "en": 51,
                "eIdx": 2,
                "st": 46
            },
            {
                "ancestor": "",
                "keyword": "[반유대주의]",
                "ne_type": "",
                "e_type": "WIKILINK",
                "en": 62,
                "eIdx": 3,
                "st": 55
            }
        ],
        "text": "1907년 에렌페스트 부부는 [상트페테르부르크]로 <이사_(법인)>하였으나, 당시 [러시아]에서는 [반유대주의]로 인해 정규직을 얻기 힘들었다.",
        "pIdx": 5
    }
]