[
    {
        "pronouns": [],
        "globalSId": [
            2093650
        ],
        "wikiPageId": 463416,
        "entities": [
            {
                "ancestor": "",
                "keyword": "<변성환>",
                "ne_type": "",
                "e_type": "ELU",
                "en": 5,
                "eIdx": 0,
                "st": 0
            },
            {
                "ancestor": "",
                "keyword": "[1979년]",
                "ne_type": "",
                "e_type": "WIKILINK",
                "en": 19,
                "eIdx": 1,
                "st": 12
            },
            {
                "ancestor": "",
                "keyword": "[12월_22일]",
                "ne_type": "",
                "e_type": "WIKILINK",
                "en": 29,
                "eIdx": 2,
                "st": 20
            },
            {
                "ancestor": "",
                "keyword": "[대한민국]",
                "ne_type": "",
                "e_type": "WIKILINK",
                "en": 41,
                "eIdx": 3,
                "st": 35
            },
            {
                "ancestor": "",
                "keyword": "[축구]",
                "ne_type": "",
                "e_type": "WIKILINK",
                "en": 51,
                "eIdx": 4,
                "st": 47
            },
            {
                "ancestor": "",
                "keyword": "[풀백]",
                "ne_type": "",
                "e_type": "WIKILINK",
                "en": 76,
                "eIdx": 5,
                "st": 72
            }
        ],
        "text": "<변성환> (卞盛煥, [1979년] [12월_22일] ~ )은 [대한민국]의 은퇴한 [축구] 선수로서, 선수 시절 포지션은 왼쪽 [풀백]이다.",
        "pIdx": 1
    },
    {
        "pronouns": [],
        "globalSId": [
            2093651
        ],
        "wikiPageId": 463416,
        "entities": [],
        "text": "축구인 경력",
        "pIdx": 2
    }
]