[
    {
        "pronouns": [],
        "globalSId": [
            2909770,
            2909771
        ],
        "wikiPageId": 853531,
        "entities": [
            {
                "ancestor": "",
                "keyword": "[GARNET_CROW]",
                "ne_type": "",
                "e_type": "WIKILINK",
                "en": 24,
                "eIdx": 0,
                "st": 11
            },
            {
                "ancestor": "",
                "keyword": "<싱글_(음악)>",
                "ne_type": "",
                "e_type": "ELU",
                "en": 50,
                "eIdx": 1,
                "st": 41
            },
            {
                "ancestor": "",
                "keyword": "[2012년]",
                "ne_type": "",
                "e_type": "WIKILINK",
                "en": 61,
                "eIdx": 2,
                "st": 54
            },
            {
                "ancestor": "",
                "keyword": "[9월_26일]",
                "ne_type": "",
                "e_type": "WIKILINK",
                "en": 70,
                "eIdx": 3,
                "st": 62
            },
            {
                "ancestor": "",
                "keyword": "[기자_스튜디오]",
                "ne_type": "",
                "e_type": "WIKILINK",
                "en": 80,
                "eIdx": 4,
                "st": 71
            }
        ],
        "text": "Nostlagia는 [GARNET_CROW]의 34번째 싱글이자, 마지막 <싱글_(음악)>이다. [2012년] [9월_26일] [기자_스튜디오]에서 발매되었다.",
        "pIdx": 1
    },
    {
        "pronouns": [],
        "globalSId": [
            2909772
        ],
        "wikiPageId": 853531,
        "entities": [
            {
                "ancestor": "",
                "keyword": "[나카무라_유리]",
                "ne_type": "",
                "e_type": "WIKILINK",
                "en": 17,
                "eIdx": 0,
                "st": 8
            },
            {
                "ancestor": "",
                "keyword": "[아즈키_나나]",
                "ne_type": "",
                "e_type": "WIKILINK",
                "en": 31,
                "eIdx": 1,
                "st": 23
            },
            {
                "ancestor": "",
                "keyword": "[후루이_히로히토]",
                "ne_type": "",
                "e_type": "WIKILINK",
                "en": 47,
                "eIdx": 2,
                "st": 37
            }
        ],
        "text": "전곡의 작곡은 [나카무라_유리], 작사는 [아즈키_나나], 편곡은 [후루이_히로히토]가 맡았다.",
        "pIdx": 2
    },
    {
        "pronouns": [],
        "globalSId": [
            2909773
        ],
        "wikiPageId": 853531,
        "entities": [
            {
                "ancestor": "",
                "keyword": "<구성>",
                "ne_type": "",
                "e_type": "ELU",
                "en": 48,
                "eIdx": 0,
                "st": 44
            }
        ],
        "text": "싱글은 초회한정반(GZCA - 7168)과 통상반 (GZCA - 4136)으로 <구성>되어 있다.",
        "pIdx": 3
    }
]