[
    {
        "pronouns": [],
        "globalSId": [
            1453314
        ],
        "wikiPageId": 257247,
        "entities": [
            {
                "ancestor": "",
                "keyword": "[인도네시아]",
                "ne_type": "",
                "e_type": "WIKILINK",
                "en": 23,
                "eIdx": 0,
                "st": 16
            },
            {
                "ancestor": "",
                "keyword": "[반튼_주]",
                "ne_type": "",
                "e_type": "WIKILINK",
                "en": 40,
                "eIdx": 1,
                "st": 34
            },
            {
                "ancestor": "",
                "keyword": "[탕에랑]",
                "ne_type": "",
                "e_type": "WIKILINK",
                "en": 46,
                "eIdx": 2,
                "st": 41
            },
            {
                "ancestor": "",
                "keyword": "<위치_(잡지)>",
                "ne_type": "",
                "e_type": "ELU",
                "en": 57,
                "eIdx": 3,
                "st": 48
            },
            {
                "ancestor": "",
                "keyword": "[허브_공항]",
                "ne_type": "",
                "e_type": "WIKILINK",
                "en": 71,
                "eIdx": 4,
                "st": 64
            },
            {
                "ancestor": "",
                "keyword": "[수카르노_하타_국제공항]",
                "ne_type": "",
                "e_type": "WIKILINK",
                "en": 87,
                "eIdx": 5,
                "st": 73
            },
            {
                "ancestor": "",
                "keyword": "[응우라라이_공항]",
                "ne_type": "",
                "e_type": "WIKILINK",
                "en": 99,
                "eIdx": 6,
                "st": 89
            }
        ],
        "text": "가루다 인도네시아 항공()은 [인도네시아]의 항공사로 본사는 [반튼_주] [탕에랑]에 <위치_(잡지)>해 있으며, [허브_공항]은 [수카르노_하타_국제공항]과 [응우라라이_공항]이 있다.",
        "pIdx": 1
    }
]