[
    {
        "pronouns": [],
        "globalSId": [
            824020,
            824021
        ],
        "wikiPageId": 111611,
        "entities": [
            {
                "ancestor": "",
                "keyword": "<김완_(1546년)>",
                "ne_type": "",
                "e_type": "ELU",
                "en": 12,
                "eIdx": 0,
                "st": 0
            },
            {
                "ancestor": "",
                "keyword": "[1577년]",
                "ne_type": "",
                "e_type": "WIKILINK",
                "en": 24,
                "eIdx": 1,
                "st": 17
            },
            {
                "ancestor": "",
                "keyword": "[1635년]",
                "ne_type": "",
                "e_type": "WIKILINK",
                "en": 34,
                "eIdx": 2,
                "st": 27
            },
            {
                "ancestor": "",
                "keyword": "[조선]",
                "ne_type": "",
                "e_type": "WIKILINK",
                "en": 41,
                "eIdx": 3,
                "st": 37
            },
            {
                "ancestor": "",
                "keyword": "<자구>",
                "ne_type": "",
                "e_type": "ELU",
                "en": 59,
                "eIdx": 4,
                "st": 55
            },
            {
                "ancestor": "",
                "keyword": "[김해_김씨]",
                "ne_type": "",
                "e_type": "WIKILINK",
                "en": 88,
                "eIdx": 5,
                "st": 81
            }
        ],
        "text": "<김완_(1546년)>(金完, [1577년] ~ [1635년])은 [조선] 중기의 무신이다. 자는 <자구>(子具), 시호는 양무(襄武), 본관은 [김해_김씨]이다.",
        "pIdx": 1
    },
    {
        "pronouns": [],
        "globalSId": [
            824022,
            824023,
            824024
        ],
        "wikiPageId": 111611,
        "entities": [
            {
                "ancestor": "",
                "keyword": "[전라남도]",
                "ne_type": "",
                "e_type": "WIKILINK",
                "en": 6,
                "eIdx": 0,
                "st": 0
            },
            {
                "ancestor": "",
                "keyword": "[영암군]",
                "ne_type": "",
                "e_type": "WIKILINK",
                "en": 12,
                "eIdx": 1,
                "st": 7
            },
            {
                "ancestor": "",
                "keyword": "[정유재란]",
                "ne_type": "",
                "e_type": "WIKILINK",
                "en": 25,
                "eIdx": 2,
                "st": 19
            },
            {
                "ancestor": "",
                "keyword": "[이복남]",
                "ne_type": "",
                "e_type": "WIKILINK",
                "en": 38,
                "eIdx": 3,
                "st": 33
            },
            {
                "ancestor": "",
                "keyword": "[1597년]",
                "ne_type": "",
                "e_type": "WIKILINK",
                "en": 64,
                "eIdx": 4,
                "st": 57
            }
        ],
        "text": "[전라남도] [영암군] 출생이다. [정유재란] 중 전라병사 [이복남]의 휘하로 들어가 용맹을 떨쳤다. [1597년] 무과에 급제하고 경상방어사의 막하로 들어가 임기를 마치고 돌아오던 중 왜군을 만나 이를 무찔러 전공을 세웠다.",
        "pIdx": 2
    },
    {
        "pronouns": [],
        "globalSId": [
            824025,
            824026
        ],
        "wikiPageId": 111611,
        "entities": [
            {
                "ancestor": "",
                "keyword": "[이광악]",
                "ne_type": "",
                "e_type": "WIKILINK",
                "en": 10,
                "eIdx": 0,
                "st": 5
            },
            {
                "ancestor": "",
                "keyword": "[남원]",
                "ne_type": "",
                "e_type": "WIKILINK",
                "en": 19,
                "eIdx": 1,
                "st": 15
            },
            {
                "ancestor": "",
                "keyword": "<아버지>",
                "ne_type": "",
                "e_type": "ELU",
                "en": 27,
                "eIdx": 2,
                "st": 22
            },
            {
                "ancestor": "",
                "keyword": "[한덕수_(조선의_무신)]",
                "ne_type": "",
                "e_type": "WIKILINK",
                "en": 54,
                "eIdx": 3,
                "st": 40
            },
            {
                "ancestor": "",
                "keyword": "[남원]",
                "ne_type": "",
                "e_type": "WIKILINK",
                "en": 82,
                "eIdx": 4,
                "st": 78
            },
            {
                "ancestor": "",
                "keyword": "[한양]",
                "ne_type": "",
                "e_type": "WIKILINK",
                "en": 97,
                "eIdx": 5,
                "st": 93
            },
            {
                "ancestor": "",
                "keyword": "<한덕수>",
                "ne_type": "",
                "e_type": "ELU",
                "en": 105,
                "eIdx": 6,
                "st": 100
            }
        ],
        "text": "전라병사 [이광악]을 따라 [남원]에서 <아버지>를 무고하게 옥사시켰던 [한덕수_(조선의_무신)]를 죽이려다가 실패했다. 이후 모포 만호, [남원] 판관 등을 거치고 [한양]에서 <한덕수>를 찾아 죽이려 했으나 실패하고 체포되어 수년간 투옥되었다.",
        "pIdx": 3
    }
]