[
    {
        "pronouns": [],
        "globalSId": [
            564396,
            564397
        ],
        "wikiPageId": 68556,
        "entities": [
            {
                "ancestor": "",
                "keyword": "<에픽하이>",
                "ne_type": "",
                "e_type": "ELU",
                "en": 6,
                "eIdx": 0,
                "st": 0
            },
            {
                "ancestor": "",
                "keyword": "[맵더소울]",
                "ne_type": "",
                "e_type": "WIKILINK",
                "en": 27,
                "eIdx": 1,
                "st": 21
            },
            {
                "ancestor": "",
                "keyword": "[울림_엔터테인먼트]",
                "ne_type": "",
                "e_type": "WIKILINK",
                "en": 83,
                "eIdx": 2,
                "st": 72
            }
        ],
        "text": "<에픽하이>는 자신들의 독립 레이블인 [맵더소울]을 설립하기 위해 소품집 \"Lovescream\"을 마지막으로 데뷔부터 소속사였던 [울림_엔터테인먼트]와 결별하였다. 소품집 \"Lovescream\"의 판매량은 5만 4천여 장을 기록하였다.",
        "pIdx": 29
    },
    {
        "pronouns": [],
        "globalSId": [
            564398,
            564399,
            564400,
            564401,
            564402,
            564403
        ],
        "wikiPageId": 68556,
        "entities": [
            {
                "ancestor": "",
                "keyword": "[맵더소울]",
                "ne_type": "",
                "e_type": "WIKILINK",
                "en": 128,
                "eIdx": 0,
                "st": 122
            },
            {
                "ancestor": "",
                "keyword": "<블로그>",
                "ne_type": "",
                "e_type": "ELU",
                "en": 262,
                "eIdx": 1,
                "st": 257
            },
            {
                "ancestor": "",
                "keyword": "[MYK]",
                "ne_type": "",
                "e_type": "WIKILINK",
                "en": 300,
                "eIdx": 2,
                "st": 295
            },
            {
                "ancestor": "",
                "keyword": "[케로_원]",
                "ne_type": "",
                "e_type": "WIKILINK",
                "en": 308,
                "eIdx": 3,
                "st": 302
            },
            {
                "ancestor": "",
                "keyword": "[일본]",
                "ne_type": "",
                "e_type": "WIKILINK",
                "en": 335,
                "eIdx": 4,
                "st": 331
            },
            {
                "ancestor": "",
                "keyword": "[한국]",
                "ne_type": "",
                "e_type": "WIKILINK",
                "en": 341,
                "eIdx": 5,
                "st": 337
            },
            {
                "ancestor": "",
                "keyword": "[미국]",
                "ne_type": "",
                "e_type": "WIKILINK",
                "en": 347,
                "eIdx": 6,
                "st": 343
            },
            {
                "ancestor": "",
                "keyword": "[타블로]",
                "ne_type": "",
                "e_type": "WIKILINK",
                "en": 378,
                "eIdx": 7,
                "st": 373
            }
        ],
        "text": "2009년: 북 앨범 《魂: Map the Soul》, 리믹스 앨범 \"Remixing the Human Soul\", 6집 \"\" 2008년 12월, 전 소속사인 울림엔터테인먼트와 계약을 끝낸 뒤, 자신들의 독립 소속사인 [맵더소울]을 설립하였다. 2009년 3월, CD와 음반을 결합한 북 앨범 《》을 3월 27일에 발매하며, 자신들의 사이트 맵더소울닷컴에서만 판매한다고 알렸다. 북 앨범 발매 후, 사이트를 통해 온라인 쇼케이스를 하였으며 사이트 내 게시판과 <블로그>, 비디오로그 등을 통해 팬들과 접촉하기 시작하였다. 이어 [MYK], [케로_원]과 함께 4월 26일부터 5월 23일까지 [일본], [한국], [미국]을 포함한 월드 투어를 성황리에 마쳤다. 또한 [타블로]는 6월 25일부터 6월 27일까지 열린 GFC (Global Fresh Collective)에 한국 대표로 참여하였다.",
        "pIdx": 30
    },
    {
        "globalSId": [
            564404,
            564405,
            564406
        ],
        "pronouns": [
            {
                "proIdx": 0,
                "ancestor": "",
                "en": 126,
                "st": 120,
                "keyword": "다른 음악이"
            }
        ],
        "wikiPageId": 68556,
        "entities": [
            {
                "ne_type": "TIME",
                "keyword": "[2009년]",
                "ancestor": "",
                "e_type": "NEW",
                "en": 7,
                "eIdx": 0,
                "st": 0
            },
            {
                "ne_type": "TIME",
                "keyword": "[6월]",
                "ancestor": "",
                "e_type": "NEW",
                "en": 12,
                "eIdx": 1,
                "st": 8
            },
            {
                "ne_type": "TIME",
                "keyword": "[8일]",
                "ancestor": "",
                "e_type": "NEW",
                "en": 17,
                "eIdx": 2,
                "st": 13
            },
            {
                "ne_type": "",
                "keyword": "[타블로]",
                "ancestor": "",
                "e_type": "WIKILINK",
                "en": 24,
                "eIdx": 3,
                "st": 19
            },
            {
                "ne_type": "",
                "keyword": "[플래닛_쉬버]",
                "ancestor": "",
                "e_type": "WIKILINK",
                "en": 42,
                "eIdx": 4,
                "st": 34
            },
            {
                "ne_type": "",
                "keyword": "[Remixing_the_Human_Soul]",
                "ancestor": "",
                "e_type": "WIKILINK",
                "en": 73,
                "eIdx": 5,
                "st": 48
            },
            {
                "ne_type": "TIME",
                "keyword": "[2009년]",
                "ancestor": "",
                "e_type": "NEW",
                "en": 157,
                "eIdx": 6,
                "st": 150
            },
            {
                "ne_type": "TIME",
                "keyword": "[7월]",
                "ancestor": "",
                "e_type": "NEW",
                "en": 162,
                "eIdx": 7,
                "st": 158
            },
            {
                "ne_type": "TIME",
                "keyword": "[4일]",
                "ancestor": "",
                "e_type": "NEW",
                "en": 167,
                "eIdx": 8,
                "st": 163
            },
            {
                "ne_type": "TIME",
                "keyword": "[7월]",
                "ancestor": "",
                "e_type": "NEW",
                "en": 173,
                "eIdx": 9,
                "st": 169
            },
            {
                "ne_type": "TIME",
                "keyword": "[11일]",
                "ancestor": "",
                "e_type": "NEW",
                "en": 179,
                "eIdx": 10,
                "st": 174
            },
            {
                "ne_type": "",
                "keyword": "[무한도전]",
                "ancestor": "",
                "e_type": "WIKILINK",
                "en": 190,
                "eIdx": 11,
                "st": 184
            },
            {
                "ne_type": "",
                "keyword": "[올림픽대로_듀엣가요제]",
                "ancestor": "",
                "e_type": "WIKILINK",
                "en": 204,
                "eIdx": 12,
                "st": 191
            },
            {
                "ne_type": "",
                "keyword": "[정형돈]",
                "ancestor": "",
                "e_type": "WIKILINK",
                "en": 212,
                "eIdx": 13,
                "st": 207
            },
            {
                "ne_type": "",
                "keyword": "<무한도전_올림픽대로_듀엣가요제>",
                "ancestor": "",
                "e_type": "ELU",
                "en": 237,
                "eIdx": 14,
                "st": 219
            }
        ],
        "text": "[2009년] [6월] [8일], [타블로]는 블로그를 통해 [플래닛_쉬버]와 함께 \"[Remixing_the_Human_Soul]\"을 작업한다고 알렸다. 원래 디지털 음반으로 발매할 예정이었으나 결과적으로 완전히 다른 음악이 만들어져 음반으로 발매한다”라고 밝혔다. [2009년] [7월] [4일], [7월] [11일]에 걸쳐 [무한도전] [올림픽대로_듀엣가요제]에서 [정형돈]과 듀엣인 ‘<무한도전_올림픽대로_듀엣가요제>’을 결성해 〈바베큐〉를 불러 3등에 해당하는 은상을 받았다.",
        "pIdx": 31
    },
    {
        "pronouns": [],
        "globalSId": [
            564407,
            564408,
            564409
        ],
        "wikiPageId": 68556,
        "entities": [
            {
                "ancestor": "",
                "keyword": "<블로그>",
                "ne_type": "",
                "e_type": "ELU",
                "en": 27,
                "eIdx": 0,
                "st": 22
            },
            {
                "ancestor": "",
                "keyword": "[플래닛_쉬버]",
                "ne_type": "",
                "e_type": "WIKILINK",
                "en": 40,
                "eIdx": 1,
                "st": 32
            },
            {
                "ancestor": "",
                "keyword": "[무한도전]",
                "ne_type": "",
                "e_type": "WIKILINK",
                "en": 103,
                "eIdx": 2,
                "st": 97
            },
            {
                "ancestor": "",
                "keyword": "<에픽하이>",
                "ne_type": "",
                "e_type": "ELU",
                "en": 176,
                "eIdx": 3,
                "st": 170
            },
            {
                "ancestor": "",
                "keyword": "[미국]",
                "ne_type": "",
                "e_type": "WIKILINK",
                "en": 262,
                "eIdx": 4,
                "st": 258
            },
            {
                "ancestor": "",
                "keyword": "[아이튠즈]",
                "ne_type": "",
                "e_type": "WIKILINK",
                "en": 269,
                "eIdx": 5,
                "st": 263
            },
            {
                "ancestor": "",
                "keyword": "[일렉트로니카]",
                "ne_type": "",
                "e_type": "WIKILINK",
                "en": 282,
                "eIdx": 6,
                "st": 274
            }
        ],
        "text": "이어 2009년 7월 14일, 사이트와 <블로그>를 통해 [플래닛_쉬버]와 함께 작업한 리믹스 음반 \"Remixing the Human Soul\"의 발매를 알리며 7월 4일 [무한도전]에 나왔던 〈전자깡패〉의 메이킹 필름과 리믹스 음반 히든트랙으로 〈전자깡패〉가 수록된다고 알렸다. 그리고 7월 22일, <에픽하이>는 리믹스 음반 \"Remixing the Human Soul\"발매와 함께 사이트를 통해서 〈전자깡패〉를 무료로 배포했다. 또한 음반은 발매하자마자 [미국] [아이튠즈] 스토어 [일렉트로니카] 부문 톱 차트 10위 내에 기록되었다.",
        "pIdx": 32
    },
    {
        "pronouns": [],
        "globalSId": [
            564410
        ],
        "wikiPageId": 68556,
        "entities": [
            {
                "ancestor": "",
                "keyword": "<여장>",
                "ne_type": "",
                "e_type": "ELU",
                "en": 51,
                "eIdx": 0,
                "st": 47
            }
        ],
        "text": "리믹스 음반 \"Remixing the Human Soul\"의 총 판매량은 1만 2천 <여장>으로 기록되었다.",
        "pIdx": 33
    },
    {
        "pronouns": [],
        "globalSId": [
            564411,
            564412,
            564413
        ],
        "wikiPageId": 68556,
        "entities": [
            {
                "ancestor": "",
                "keyword": "<에픽하이>",
                "ne_type": "",
                "e_type": "ELU",
                "en": 6,
                "eIdx": 0,
                "st": 0
            },
            {
                "ancestor": "",
                "keyword": "<이전_(후한)>",
                "ne_type": "",
                "e_type": "ELU",
                "en": 157,
                "eIdx": 1,
                "st": 148
            }
        ],
        "text": "<에픽하이>는 \"Remixing the Human Soul\"을 발매하자마자 곧바로 다음 음반 작업에 작업 중이라고 밝혔다. 그리고 이어 맵더소울 뉴스 게시판을 통해 음반 막바지 작업 중이라고 알렸다. 사이트 개편 후인 8월 22일에는 9월에 발매한다는 걸 알리며 “<이전_(후한)>에 발매한 《》과 리믹스 음반인 \"Remixing the Human Soul\"은 이 음반을 위한 연습이었다”라고 밝혔다.",
        "pIdx": 34
    },
    {
        "pronouns": [],
        "globalSId": [
            564414,
            564415
        ],
        "wikiPageId": 68556,
        "entities": [
            {
                "ancestor": "",
                "keyword": "<플로>",
                "ne_type": "",
                "e_type": "ELU",
                "en": 18,
                "eIdx": 0,
                "st": 14
            },
            {
                "ancestor": "",
                "keyword": "<시드_(밴드)>",
                "ne_type": "",
                "e_type": "ELU",
                "en": 42,
                "eIdx": 1,
                "st": 33
            },
            {
                "ancestor": "",
                "keyword": "<타블로>",
                "ne_type": "",
                "e_type": "ELU",
                "en": 63,
                "eIdx": 2,
                "st": 58
            },
            {
                "ancestor": "",
                "keyword": "<소>",
                "ne_type": "",
                "e_type": "ELU",
                "en": 68,
                "eIdx": 3,
                "st": 65
            },
            {
                "ancestor": "",
                "keyword": "<블로그>",
                "ne_type": "",
                "e_type": "ELU",
                "en": 75,
                "eIdx": 4,
                "st": 70
            },
            {
                "ancestor": "",
                "keyword": "<구성>",
                "ne_type": "",
                "e_type": "ELU",
                "en": 101,
                "eIdx": 5,
                "st": 97
            },
            {
                "ancestor": "",
                "keyword": "[맵더소울]",
                "ne_type": "",
                "e_type": "WIKILINK",
                "en": 146,
                "eIdx": 6,
                "st": 140
            },
            {
                "ancestor": "",
                "keyword": "<구성>",
                "ne_type": "",
                "e_type": "ELU",
                "en": 163,
                "eIdx": 7,
                "st": 159
            }
        ],
        "text": "8월 24일에는 “발성과 <플로>, 가사 스타일도 다양하게 <시드_(밴드)>했다”라고 밝혔고 27일에는 <타블로>가 <소>의 <블로그>를 통해서 다음 음반의 제목은 \"2CD <구성>에 총 30 트랙으로 이루어졌다고 밝혔다. 이어 공식적으로 9월 1일 [맵더소울] 뉴스를 통해 “2CD <구성>에 30 트랙이 수록되며 2009년 9월 16일에 발매된다”고 알렸다.",
        "pIdx": 35
    },
    {
        "pronouns": [],
        "globalSId": [
            564416,
            564417,
            564418
        ],
        "wikiPageId": 68556,
        "entities": [
            {
                "ancestor": "",
                "keyword": "[맵더소울]",
                "ne_type": "",
                "e_type": "WIKILINK",
                "en": 32,
                "eIdx": 0,
                "st": 26
            },
            {
                "ancestor": "",
                "keyword": "[박지윤_(가수)]",
                "ne_type": "",
                "e_type": "WIKILINK",
                "en": 47,
                "eIdx": 1,
                "st": 37
            },
            {
                "ancestor": "",
                "keyword": "[MYK]",
                "ne_type": "",
                "e_type": "WIKILINK",
                "en": 54,
                "eIdx": 2,
                "st": 49
            },
            {
                "ancestor": "",
                "keyword": "[도끼_(가수)]",
                "ne_type": "",
                "e_type": "WIKILINK",
                "en": 65,
                "eIdx": 3,
                "st": 56
            },
            {
                "ancestor": "",
                "keyword": "[양동근]",
                "ne_type": "",
                "e_type": "WIKILINK",
                "en": 72,
                "eIdx": 4,
                "st": 67
            },
            {
                "ancestor": "",
                "keyword": "<라카>",
                "ne_type": "",
                "e_type": "ELU",
                "en": 78,
                "eIdx": 5,
                "st": 74
            },
            {
                "ancestor": "",
                "keyword": "<덤파운데드>",
                "ne_type": "",
                "e_type": "ELU",
                "en": 87,
                "eIdx": 6,
                "st": 80
            },
            {
                "ancestor": "",
                "keyword": "<케로_원>",
                "ne_type": "",
                "e_type": "ELU",
                "en": 95,
                "eIdx": 7,
                "st": 89
            },
            {
                "ancestor": "",
                "keyword": "<구성>",
                "ne_type": "",
                "e_type": "ELU",
                "en": 132,
                "eIdx": 8,
                "st": 128
            },
            {
                "ancestor": "",
                "keyword": "<미니_북>",
                "ne_type": "",
                "e_type": "ELU",
                "en": 151,
                "eIdx": 9,
                "st": 145
            },
            {
                "ancestor": "",
                "keyword": "[맵더소울]",
                "ne_type": "",
                "e_type": "WIKILINK",
                "en": 184,
                "eIdx": 10,
                "st": 178
            },
            {
                "ancestor": "",
                "keyword": "<다운로드>",
                "ne_type": "",
                "e_type": "ELU",
                "en": 194,
                "eIdx": 11,
                "st": 188
            }
        ],
        "text": "발매 7일 전인 9월 9일, 자신들의 사이트인 [맵더소울]을 통해 [박지윤_(가수)], [MYK], [도끼_(가수)], [양동근], <라카>, <덤파운데드>, <케로_원> 등이 참여한 \"트랙리스트를 공개했다. 구성에 대해 2CD <구성>에 74 페이지 분량의 <미니_북>이 포함된다고 알렸다. 또한 트랙리스트의 공개로 [맵더소울]닷컴이 <다운로드>되는 등, 많은 관심을 끌었다.",
        "pIdx": 36
    },
    {
        "pronouns": [],
        "globalSId": [
            564419,
            564420,
            564421,
            564422
        ],
        "wikiPageId": 68556,
        "entities": [
            {
                "ancestor": "",
                "keyword": "<전곡읍>",
                "ne_type": "",
                "e_type": "ELU",
                "en": 23,
                "eIdx": 0,
                "st": 18
            },
            {
                "ancestor": "",
                "keyword": "[음악여행_라라라]",
                "ne_type": "",
                "e_type": "WIKILINK",
                "en": 95,
                "eIdx": 1,
                "st": 85
            },
            {
                "ancestor": "",
                "keyword": "[엠카운트다운]",
                "ne_type": "",
                "e_type": "WIKILINK",
                "en": 141,
                "eIdx": 2,
                "st": 133
            },
            {
                "ancestor": "",
                "keyword": "[뮤직뱅크]",
                "ne_type": "",
                "e_type": "WIKILINK",
                "en": 169,
                "eIdx": 3,
                "st": 163
            },
            {
                "ancestor": "",
                "keyword": "<지상파>",
                "ne_type": "",
                "e_type": "ELU",
                "en": 177,
                "eIdx": 4,
                "st": 172
            },
            {
                "ancestor": "",
                "keyword": "[올림픽공원]",
                "ne_type": "",
                "e_type": "WIKILINK",
                "en": 204,
                "eIdx": 5,
                "st": 197
            },
            {
                "ancestor": "",
                "keyword": "[플래닛_쉬버]",
                "ne_type": "",
                "e_type": "WIKILINK",
                "en": 223,
                "eIdx": 6,
                "st": 215
            },
            {
                "ancestor": "",
                "keyword": "[MYK]",
                "ne_type": "",
                "e_type": "WIKILINK",
                "en": 230,
                "eIdx": 7,
                "st": 225
            },
            {
                "ancestor": "",
                "keyword": "[미국]",
                "ne_type": "",
                "e_type": "WIKILINK",
                "en": 290,
                "eIdx": 8,
                "st": 286
            },
            {
                "ancestor": "",
                "keyword": "[아이튠즈]",
                "ne_type": "",
                "e_type": "WIKILINK",
                "en": 297,
                "eIdx": 9,
                "st": 291
            },
            {
                "ancestor": "",
                "keyword": "[힙합]",
                "ne_type": "",
                "e_type": "WIKILINK",
                "en": 302,
                "eIdx": 10,
                "st": 298
            },
            {
                "ancestor": "",
                "keyword": "[드렁큰_타이거]",
                "ne_type": "",
                "e_type": "WIKILINK",
                "en": 337,
                "eIdx": 11,
                "st": 328
            },
            {
                "ancestor": "",
                "keyword": "<덤파운데드>",
                "ne_type": "",
                "e_type": "ELU",
                "en": 346,
                "eIdx": 12,
                "st": 339
            },
            {
                "ancestor": "",
                "keyword": "<라카>",
                "ne_type": "",
                "e_type": "ELU",
                "en": 352,
                "eIdx": 13,
                "st": 348
            },
            {
                "ancestor": "",
                "keyword": "<2009_인천세계도시축전>",
                "ne_type": "",
                "e_type": "ELU",
                "en": 379,
                "eIdx": 14,
                "st": 364
            }
        ],
        "text": "9월 16일, 음반 발표와 함께 <전곡읍>이 발표되었고 곧 뜨거운 인기를 얻으며 관심을 받았다. 타이틀곡 〈따라해 (Wannabe)〉로, 당일 방송된 《[음악여행_라라라]》로 첫 컴백 방송을 가졌다. 음악 프로그램으로는 음반 발매 익일 《[엠카운트다운]》에서 컴백스테이지를 갖고, 다음 날 《[뮤직뱅크]》로 <지상파>에 컴백하였다. 또한 9월 19일, [올림픽공원] 올림픽홀에서 열린 [플래닛_쉬버], [MYK] 등과 함께 6집 발매 기념 콘서트인 《EPIK HIGH 2009》를 성황리에 마치고 9월 25일, [미국] [아이튠즈] [힙합] 순위 탑 100에 기록되었으며 9월 27일, [드렁큰_타이거], <덤파운데드>, <라카> 등과 함께 2009 <2009_인천세계도시축전>]] 일환으로 열린 R-16 콘서트에도 참여하였다.",
        "pIdx": 37
    },
    {
        "pronouns": [],
        "globalSId": [
            564423,
            564424,
            564425
        ],
        "wikiPageId": 68556,
        "entities": [
            {
                "ancestor": "",
                "keyword": "[DJ_투컷]",
                "ne_type": "",
                "e_type": "WIKILINK",
                "en": 21,
                "eIdx": 0,
                "st": 14
            },
            {
                "ancestor": "",
                "keyword": "<소>",
                "ne_type": "",
                "e_type": "ELU",
                "en": 26,
                "eIdx": 1,
                "st": 23
            },
            {
                "ancestor": "",
                "keyword": "<블로그>",
                "ne_type": "",
                "e_type": "ELU",
                "en": 33,
                "eIdx": 2,
                "st": 28
            },
            {
                "ancestor": "",
                "keyword": "<에픽하이>",
                "ne_type": "",
                "e_type": "ELU",
                "en": 94,
                "eIdx": 3,
                "st": 88
            },
            {
                "ancestor": "",
                "keyword": "<DJ_투컷>",
                "ne_type": "",
                "e_type": "ELU",
                "en": 106,
                "eIdx": 4,
                "st": 99
            },
            {
                "ancestor": "",
                "keyword": "<에픽하이>",
                "ne_type": "",
                "e_type": "ELU",
                "en": 140,
                "eIdx": 5,
                "st": 134
            }
        ],
        "text": "2009년 10월 7일, [DJ_투컷]이 <소>의 <블로그>를 통해 10월 13일에 결혼식을 치르고 10월 15일 현역 입대를 한다고 밝혔다. 10월 8일, <에픽하이>는 DJ <DJ_투컷>의 입대로 인해 6집 활동을 마감했다. 이는 여태 <에픽하이>가 발매한 음반 활동 기간 중 가장 짧은 기간이다.",
        "pIdx": 38
    }
]