[
    {
        "pronouns": [],
        "globalSId": [
            3770012
        ],
        "wikiPageId": 1486647,
        "entities": [
            {
                "ancestor": "",
                "keyword": "<문화>",
                "ne_type": "",
                "e_type": "ELU",
                "en": 30,
                "eIdx": 0,
                "st": 26
            },
            {
                "ancestor": "",
                "keyword": "[인도유럽조어]",
                "ne_type": "",
                "e_type": "WIKILINK",
                "en": 40,
                "eIdx": 1,
                "st": 32
            }
        ],
        "text": "쿠르간 가설()은 러시아 남부에 있었던 쿠르간 <문화>가 [인도유럽조어]의 화자였다고 하는 가설이다.",
        "pIdx": 1
    }
]