[
    {
        "entities": [
            {
                "keyword": "[1720년]",
                "ancestor": "",
                "st": 26,
                "eIdx": 0,
                "ne_type": "",
                "en": 33,
                "e_type": "WIKILINK"
            },
            {
                "keyword": "[3월_15일]",
                "ancestor": "",
                "st": 34,
                "eIdx": 1,
                "ne_type": "",
                "en": 42,
                "e_type": "WIKILINK"
            },
            {
                "keyword": "[1765년]",
                "ancestor": "",
                "st": 45,
                "eIdx": 2,
                "ne_type": "",
                "en": 52,
                "e_type": "WIKILINK"
            },
            {
                "keyword": "[7월_18일]",
                "ancestor": "",
                "st": 53,
                "eIdx": 3,
                "ne_type": "",
                "en": 61,
                "e_type": "WIKILINK"
            },
            {
                "keyword": "<이탈리아>",
                "ancestor": "",
                "st": 64,
                "eIdx": 4,
                "ne_type": "",
                "en": 70,
                "e_type": "ELU"
            },
            {
                "keyword": "[스페인]",
                "ancestor": "",
                "st": 94,
                "eIdx": 5,
                "ne_type": "",
                "en": 99,
                "e_type": "WIKILINK"
            },
            {
                "keyword": "[펠리페_5세]",
                "ancestor": "",
                "st": 113,
                "eIdx": 6,
                "ne_type": "",
                "en": 121,
                "e_type": "WIKILINK"
            },
            {
                "keyword": "[이사벨_디_파르네시오]",
                "ancestor": "",
                "st": 129,
                "eIdx": 7,
                "ne_type": "",
                "en": 142,
                "e_type": "WIKILINK"
            },
            {
                "keyword": "<사이>",
                "ancestor": "",
                "st": 143,
                "eIdx": 8,
                "ne_type": "",
                "en": 147,
                "e_type": "ELU"
            },
            {
                "keyword": "[파르마의_군주]",
                "ancestor": "",
                "st": 160,
                "eIdx": 9,
                "ne_type": "",
                "en": 169,
                "e_type": "WIKILINK"
            }
        ],
        "text": "필리포 1세(Felipe I de Parma, [1720년] [3월_15일] ~ [1765년] [7월_18일])는 <이탈리아>의 귀족으로 부르봉파르마 가문의 시조였다. [스페인]의 부르봉왕가 초대 국왕 [펠리페_5세]와 그의 아내 [이사벨_디_파르네시오] <사이>에서 태어났으며, 후에 [파르마의_군주]이 되었다.",
        "globalSId": [
            2364485,
            2364486
        ],
        "pIdx": 1,
        "pronouns": [],
        "wikiPageId": 585033
    },
    {
        "entities": [
            {
                "keyword": "[펠리페_5세]",
                "ancestor": "",
                "st": 6,
                "eIdx": 0,
                "ne_type": "",
                "en": 14,
                "e_type": "WIKILINK"
            },
            {
                "keyword": "[이사벨_디_파르네시오]",
                "ancestor": "",
                "st": 22,
                "eIdx": 1,
                "ne_type": "",
                "en": 35,
                "e_type": "WIKILINK"
            },
            {
                "keyword": "<사이>",
                "ancestor": "",
                "st": 36,
                "eIdx": 2,
                "ne_type": "",
                "en": 40,
                "e_type": "ELU"
            },
            {
                "keyword": "<한국_남부>",
                "ancestor": "",
                "st": 43,
                "eIdx": 3,
                "ne_type": "",
                "en": 50,
                "e_type": "ELU"
            },
            {
                "keyword": "[파르마_공국]",
                "ancestor": "",
                "st": 59,
                "eIdx": 4,
                "ne_type": "",
                "en": 67,
                "e_type": "WIKILINK"
            },
            {
                "keyword": "[파르네세_가문]",
                "ancestor": "",
                "st": 73,
                "eIdx": 5,
                "ne_type": "",
                "en": 82,
                "e_type": "WIKILINK"
            },
            {
                "keyword": "[폴란드_왕위_계승_전쟁]",
                "ancestor": "",
                "st": 122,
                "eIdx": 6,
                "ne_type": "",
                "en": 136,
                "e_type": "WIKILINK"
            },
            {
                "keyword": "[오스트리아_대공국]",
                "ancestor": "",
                "st": 144,
                "eIdx": 7,
                "ne_type": "",
                "en": 155,
                "e_type": "WIKILINK"
            },
            {
                "keyword": "[파르마_공국]",
                "ancestor": "",
                "st": 158,
                "eIdx": 8,
                "ne_type": "",
                "en": 166,
                "e_type": "WIKILINK"
            },
            {
                "keyword": "[토스카나_대공국]",
                "ancestor": "",
                "st": 168,
                "eIdx": 9,
                "ne_type": "",
                "en": 178,
                "e_type": "WIKILINK"
            },
            {
                "keyword": "[나폴리_왕국]",
                "ancestor": "",
                "st": 186,
                "eIdx": 10,
                "ne_type": "",
                "en": 194,
                "e_type": "WIKILINK"
            },
            {
                "keyword": "[시칠리아_왕국]",
                "ancestor": "",
                "st": 196,
                "eIdx": 11,
                "ne_type": "",
                "en": 205,
                "e_type": "WIKILINK"
            },
            {
                "keyword": "[7년_전쟁]",
                "ancestor": "",
                "st": 219,
                "eIdx": 12,
                "ne_type": "",
                "en": 226,
                "e_type": "WIKILINK"
            },
            {
                "keyword": "[오스트리아]",
                "ancestor": "",
                "st": 229,
                "eIdx": 13,
                "ne_type": "",
                "en": 236,
                "e_type": "WIKILINK"
            },
            {
                "keyword": "[엑스라샤펠_조약]",
                "ancestor": "",
                "st": 243,
                "eIdx": 14,
                "ne_type": "",
                "en": 253,
                "e_type": "WIKILINK"
            },
            {
                "keyword": "<스페인>",
                "ancestor": "",
                "st": 256,
                "eIdx": 15,
                "ne_type": "",
                "en": 261,
                "e_type": "ELU"
            },
            {
                "keyword": "[파르마]",
                "ancestor": "",
                "st": 263,
                "eIdx": 16,
                "ne_type": "",
                "en": 268,
                "e_type": "WIKILINK"
            },
            {
                "keyword": "[카를로스_3세]",
                "ancestor": "",
                "st": 285,
                "eIdx": 17,
                "ne_type": "",
                "en": 294,
                "e_type": "WIKILINK"
            },
            {
                "keyword": "[파르마의_군주]",
                "ancestor": "",
                "st": 322,
                "eIdx": 18,
                "ne_type": "",
                "en": 331,
                "e_type": "WIKILINK"
            },
            {
                "keyword": "[파르마_공국]",
                "ancestor": "",
                "st": 348,
                "eIdx": 19,
                "ne_type": "",
                "en": 356,
                "e_type": "WIKILINK"
            },
            {
                "keyword": "[부르봉파르마_가문]",
                "ancestor": "",
                "st": 360,
                "eIdx": 20,
                "ne_type": "",
                "en": 371,
                "e_type": "WIKILINK"
            }
        ],
        "text": "생애 그는 [펠리페_5세]와 그의 아내 [이사벨_디_파르네시오] <사이>에서 <한국_남부>으로 태어났다. [파르마_공국]은 외가인 [파르네세_가문]의 통치를 받았으나, 대가 끊켜 스페인 왕실로 넘어가게 되었다. 그러나 [폴란드_왕위_계승_전쟁]으로 인하여, [오스트리아_대공국]에게 [파르마_공국]과 [토스카나_대공국]을 양도하고, [나폴리_왕국]과 [시칠리아_왕국]을 얻게 되었다. 그러나 [7년_전쟁]에서 [오스트리아]가 패하여, [엑스라샤펠_조약]으로 <스페인>은 [파르마]까지 얻게 되었고, 그의 형인 [카를로스_3세]는 이미 많은 작위를 가지고 있었으므로, 펠리페가 [파르마의_군주]이 되는 것으로 결정되었으며, [파르마_공국]에서는 [부르봉파르마_가문]의 통치가 시작된다.",
        "globalSId": [
            2364487,
            2364488,
            2364489,
            2364490,
            2364491
        ],
        "pIdx": 2,
        "pronouns": [],
        "wikiPageId": 585033
    }
]