[
    {
        "globalSId": [
            2155176,
            2155177,
            2155178,
            2155179
        ],
        "pronouns": [
            {
                "proIdx": 0,
                "ancestor": "",
                "en": 200,
                "st": 198,
                "keyword": "그의"
            },
            {
                "proIdx": 1,
                "ancestor": "",
                "en": 211,
                "st": 198,
                "keyword": "그의 동복 큰아버지였다."
            },
            {
                "proIdx": 2,
                "ancestor": "",
                "en": 218,
                "st": 212,
                "keyword": "다른 별칭은"
            }
        ],
        "wikiPageId": 489160,
        "entities": [
            {
                "ne_type": "",
                "keyword": "<카를로만_(궁재)>",
                "ancestor": "",
                "e_type": "ELU",
                "en": 11,
                "eIdx": 0,
                "st": 0
            },
            {
                "ne_type": "",
                "keyword": "[750년]",
                "ancestor": "",
                "e_type": "WIKILINK",
                "en": 28,
                "eIdx": 1,
                "st": 22
            },
            {
                "ne_type": "",
                "keyword": "[751년]",
                "ancestor": "",
                "e_type": "WIKILINK",
                "en": 35,
                "eIdx": 2,
                "st": 29
            },
            {
                "ne_type": "",
                "keyword": "[6월_28일]",
                "ancestor": "",
                "e_type": "WIKILINK",
                "en": 45,
                "eIdx": 3,
                "st": 37
            },
            {
                "ne_type": "",
                "keyword": "[771년]",
                "ancestor": "",
                "e_type": "WIKILINK",
                "en": 54,
                "eIdx": 4,
                "st": 48
            },
            {
                "ne_type": "",
                "keyword": "[12월_4일]",
                "ancestor": "",
                "e_type": "WIKILINK",
                "en": 63,
                "eIdx": 5,
                "st": 55
            },
            {
                "ne_type": "",
                "keyword": "[프랑크_왕국]",
                "ancestor": "",
                "e_type": "WIKILINK",
                "en": 74,
                "eIdx": 6,
                "st": 66
            },
            {
                "ne_type": "",
                "keyword": "[카롤링거_왕조]",
                "ancestor": "",
                "e_type": "WIKILINK",
                "en": 97,
                "eIdx": 7,
                "st": 88
            },
            {
                "ne_type": "",
                "keyword": "[부르군드]",
                "ancestor": "",
                "e_type": "WIKILINK",
                "en": 107,
                "eIdx": 8,
                "st": 101
            },
            {
                "ne_type": "",
                "keyword": "[네우스트리아]",
                "ancestor": "",
                "e_type": "WIKILINK",
                "en": 117,
                "eIdx": 9,
                "st": 109
            },
            {
                "ne_type": "",
                "keyword": "[프로방스]",
                "ancestor": "",
                "e_type": "WIKILINK",
                "en": 125,
                "eIdx": 10,
                "st": 119
            },
            {
                "ne_type": "",
                "keyword": "[아키텐]",
                "ancestor": "",
                "e_type": "WIKILINK",
                "en": 132,
                "eIdx": 11,
                "st": 127
            },
            {
                "ne_type": "",
                "keyword": "[피핀_3세]",
                "ancestor": "",
                "e_type": "WIKILINK",
                "en": 147,
                "eIdx": 12,
                "st": 140
            },
            {
                "ne_type": "",
                "keyword": "[카롤루스_대제]",
                "ancestor": "",
                "e_type": "WIKILINK",
                "en": 166,
                "eIdx": 13,
                "st": 157
            },
            {
                "ne_type": "",
                "keyword": "[카를로만_(궁재)]",
                "ancestor": "",
                "e_type": "WIKILINK",
                "en": 196,
                "eIdx": 14,
                "st": 185
            },
            {
                "ne_type": "",
                "keyword": "<네우스트리아>",
                "ancestor": "",
                "e_type": "ELU",
                "en": 227,
                "eIdx": 15,
                "st": 219
            },
            {
                "ne_type": "",
                "keyword": "<카를로만_(궁재)>",
                "ancestor": "",
                "e_type": "ELU",
                "en": 240,
                "eIdx": 16,
                "st": 229
            }
        ],
        "text": "<카를로만_(궁재)>(Carloman, [750년]/[751년]? [6월_28일] - [771년] [12월_4일])는 [프랑크_왕국]의 서부 지역의 군주로, [카롤링거_왕조] 출신 [부르군드]와 [네우스트리아], [프로방스], [아키텐]의 영주였다. [피핀_3세]의 둘째 아들이자 [카롤루스_대제]의 동생이었다. 같은 이름을 가진 [카를로만_(궁재)]은 그의 동복 큰아버지였다. 다른 별칭은 <네우스트리아>의 <카를로만_(궁재)>(Carloman of Neustria)이기도 하다.",
        "pIdx": 1
    },
    {
        "globalSId": [
            2155180,
            2155181,
            2155182,
            2155183,
            2155184
        ],
        "pronouns": [
            {
                "proIdx": 0,
                "ancestor": "",
                "en": 165,
                "st": 162,
                "keyword": "자신의"
            },
            {
                "proIdx": 1,
                "ancestor": "",
                "en": 167,
                "st": 162,
                "keyword": "자신의 형"
            },
            {
                "proIdx": 2,
                "ancestor": "",
                "en": 178,
                "st": 162,
                "keyword": "자신의 형 [카롤루스_대제]와"
            },
            {
                "proIdx": 3,
                "ancestor": "",
                "en": 254,
                "st": 251,
                "keyword": "자신의"
            },
            {
                "proIdx": 4,
                "ancestor": "",
                "en": 259,
                "st": 220,
                "keyword": "[771년] [12월] [엔_주]의 [사모우시]에 있는 자신의 별궁에서"
            },
            {
                "proIdx": 5,
                "ancestor": "",
                "en": 308,
                "st": 300,
                "keyword": "[13세기] 경"
            },
            {
                "proIdx": 6,
                "ancestor": "",
                "en": 364,
                "st": 362,
                "keyword": "그의"
            },
            {
                "proIdx": 7,
                "ancestor": "",
                "en": 368,
                "st": 362,
                "keyword": "그의 석관을"
            },
            {
                "proIdx": 8,
                "ancestor": "",
                "en": 379,
                "st": 362,
                "keyword": "그의 석관을 파괴하려 했을 때는"
            },
            {
                "proIdx": 9,
                "ancestor": "",
                "en": 390,
                "st": 362,
                "keyword": "그의 석관을 파괴하려 했을 때는 이미 빈 관이었다."
            }
        ],
        "wikiPageId": 489160,
        "entities": [
            {
                "ne_type": "",
                "keyword": "[753년]",
                "ancestor": "",
                "e_type": "WIKILINK",
                "en": 6,
                "eIdx": 0,
                "st": 0
            },
            {
                "ne_type": "",
                "keyword": "[피핀_3세]",
                "ancestor": "",
                "e_type": "WIKILINK",
                "en": 18,
                "eIdx": 1,
                "st": 11
            },
            {
                "ne_type": "",
                "keyword": "[교황_스테파노_2세]",
                "ancestor": "",
                "e_type": "WIKILINK",
                "en": 35,
                "eIdx": 2,
                "st": 23
            },
            {
                "ne_type": "",
                "keyword": "[768년]",
                "ancestor": "",
                "e_type": "WIKILINK",
                "en": 54,
                "eIdx": 3,
                "st": 48
            },
            {
                "ne_type": "",
                "keyword": "[9월]",
                "ancestor": "",
                "e_type": "WIKILINK",
                "en": 59,
                "eIdx": 4,
                "st": 55
            },
            {
                "ne_type": "",
                "keyword": "[피핀_3세]",
                "ancestor": "",
                "e_type": "WIKILINK",
                "en": 67,
                "eIdx": 5,
                "st": 60
            },
            {
                "ne_type": "",
                "keyword": "[부르군드]",
                "ancestor": "",
                "e_type": "WIKILINK",
                "en": 89,
                "eIdx": 6,
                "st": 83
            },
            {
                "ne_type": "",
                "keyword": "[네우스트리아]",
                "ancestor": "",
                "e_type": "WIKILINK",
                "en": 99,
                "eIdx": 7,
                "st": 91
            },
            {
                "ne_type": "",
                "keyword": "[아키텐]",
                "ancestor": "",
                "e_type": "WIKILINK",
                "en": 106,
                "eIdx": 8,
                "st": 101
            },
            {
                "ne_type": "",
                "keyword": "[알레만니아]",
                "ancestor": "",
                "e_type": "WIKILINK",
                "en": 115,
                "eIdx": 9,
                "st": 108
            },
            {
                "ne_type": "",
                "keyword": "[10월_9일]",
                "ancestor": "",
                "e_type": "WIKILINK",
                "en": 133,
                "eIdx": 10,
                "st": 125
            },
            {
                "ne_type": "",
                "keyword": "[수아송]",
                "ancestor": "",
                "e_type": "WIKILINK",
                "en": 139,
                "eIdx": 11,
                "st": 134
            },
            {
                "ne_type": "",
                "keyword": "<카를로만_(궁재)>",
                "ancestor": "",
                "e_type": "ELU",
                "en": 160,
                "eIdx": 12,
                "st": 149
            },
            {
                "ne_type": "",
                "keyword": "[카롤루스_대제]",
                "ancestor": "",
                "e_type": "WIKILINK",
                "en": 177,
                "eIdx": 13,
                "st": 168
            },
            {
                "ne_type": "",
                "keyword": "[랑의_베르트라다]",
                "ancestor": "",
                "e_type": "WIKILINK",
                "en": 202,
                "eIdx": 14,
                "st": 192
            },
            {
                "ne_type": "",
                "keyword": "[771년]",
                "ancestor": "",
                "e_type": "WIKILINK",
                "en": 226,
                "eIdx": 15,
                "st": 220
            },
            {
                "ne_type": "",
                "keyword": "[12월]",
                "ancestor": "",
                "e_type": "WIKILINK",
                "en": 232,
                "eIdx": 16,
                "st": 227
            },
            {
                "ne_type": "",
                "keyword": "[엔_주]",
                "ancestor": "",
                "e_type": "WIKILINK",
                "en": 238,
                "eIdx": 17,
                "st": 233
            },
            {
                "ne_type": "",
                "keyword": "[사모우시]",
                "ancestor": "",
                "e_type": "WIKILINK",
                "en": 246,
                "eIdx": 18,
                "st": 240
            },
            {
                "ne_type": "",
                "keyword": "[랭스]",
                "ancestor": "",
                "e_type": "WIKILINK",
                "en": 279,
                "eIdx": 19,
                "st": 275
            },
            {
                "ne_type": "",
                "keyword": "[성_레미_수도원]",
                "ancestor": "",
                "e_type": "WIKILINK",
                "en": 291,
                "eIdx": 20,
                "st": 281
            },
            {
                "ne_type": "TIME",
                "keyword": "[13세기]",
                "ancestor": "",
                "e_type": "NEW",
                "en": 306,
                "eIdx": 21,
                "st": 300
            },
            {
                "ne_type": "",
                "keyword": "[생드니_수도원]",
                "ancestor": "",
                "e_type": "WIKILINK",
                "en": 318,
                "eIdx": 22,
                "st": 309
            },
            {
                "ne_type": "",
                "keyword": "[1793년]",
                "ancestor": "",
                "e_type": "WIKILINK",
                "en": 343,
                "eIdx": 23,
                "st": 336
            },
            {
                "ne_type": "",
                "keyword": "[프랑스_대혁명]",
                "ancestor": "",
                "e_type": "WIKILINK",
                "en": 353,
                "eIdx": 24,
                "st": 344
            }
        ],
        "text": "[753년] 아버지 [피핀_3세]에 의해 [교황_스테파노_2세]로부터 축성을 받았고, [768년] [9월] [피핀_3세]가 사망하자, 왕국의 서부인 [부르군드]와 [네우스트리아], [아키텐], [알레만니아]를 상속받고 그해 [10월_9일] [수아송]에서 즉위하였다. <카를로만_(궁재)>은 자신의 형 [카롤루스_대제]와 서로 갈등했고, 어머니 [랑의_베르트라다]가 나서서 중재했지만 실패했다. [771년] [12월] [엔_주]의 [사모우시]에 있는 자신의 별궁에서 갑자기 사망하였다. 시신은 [랭스]의 [성_레미_수도원]에 안치되었다가 [13세기] 경 [생드니_수도원] 바실리카로 이장되었다. 그러나 [1793년] [프랑스_대혁명] 당시 혁명군이 그의 석관을 파괴하려 했을 때는 이미 빈 관이었다.",
        "pIdx": 2
    },
    {
        "pronouns": [],
        "globalSId": [
            2155185
        ],
        "wikiPageId": 489160,
        "entities": [],
        "text": "생애",
        "pIdx": 3
    }
]