[
    {
        "pronouns": [],
        "globalSId": [
            1551946,
            1551947
        ],
        "wikiPageId": 276535,
        "entities": [
            {
                "ancestor": "",
                "keyword": "<조민수>",
                "ne_type": "",
                "e_type": "ELU",
                "en": 5,
                "eIdx": 0,
                "st": 0
            },
            {
                "ancestor": "",
                "keyword": "[1390년]",
                "ne_type": "",
                "e_type": "WIKILINK",
                "en": 22,
                "eIdx": 1,
                "st": 15
            },
            {
                "ancestor": "",
                "keyword": "[고려]",
                "ne_type": "",
                "e_type": "WIKILINK",
                "en": 29,
                "eIdx": 2,
                "st": 25
            },
            {
                "ancestor": "",
                "keyword": "[군인]",
                "ne_type": "",
                "e_type": "WIKILINK",
                "en": 41,
                "eIdx": 3,
                "st": 37
            },
            {
                "ancestor": "",
                "keyword": "[정치가]",
                "ne_type": "",
                "e_type": "WIKILINK",
                "en": 48,
                "eIdx": 4,
                "st": 43
            },
            {
                "ancestor": "",
                "keyword": "[창녕_조씨]",
                "ne_type": "",
                "e_type": "WIKILINK",
                "en": 62,
                "eIdx": 5,
                "st": 55
            },
            {
                "ancestor": "",
                "keyword": "[조선_태조]",
                "ne_type": "",
                "e_type": "WIKILINK",
                "en": 77,
                "eIdx": 6,
                "st": 70
            },
            {
                "ancestor": "",
                "keyword": "[요동_정벌]",
                "ne_type": "",
                "e_type": "WIKILINK",
                "en": 108,
                "eIdx": 7,
                "st": 101
            }
        ],
        "text": "<조민수>(曺敏修, ? ~ [1390년])는 [고려] 말의 무신, [군인], [정치가]로, 본관은 [창녕_조씨](昌寧)이다. [조선_태조] 등과 함께 공요군(攻遼軍)의 좌군도통사로 [요동_정벌]에 참여하였다.",
        "pIdx": 1
    },
    {
        "pronouns": [],
        "globalSId": [
            1551948,
            1551949,
            1551950
        ],
        "wikiPageId": 276535,
        "entities": [
            {
                "ancestor": "",
                "keyword": "[고려_공민왕]",
                "ne_type": "",
                "e_type": "WIKILINK",
                "en": 17,
                "eIdx": 0,
                "st": 9
            },
            {
                "ancestor": "",
                "keyword": "<홍건의_난>",
                "ne_type": "",
                "e_type": "ELU",
                "en": 52,
                "eIdx": 1,
                "st": 45
            }
        ],
        "text": "생애 1361년([고려_공민왕] 10) 순주부사(順州府使)로 여러 장군들과 함께 <홍건의_난>의 침입을 물리치고 2등공신에 올랐다. 1362년 양광도도순문사(楊廣道都巡問使)를 거쳐 전리판서(典理判書)·동지밀직사사(同知密直司事) 등을 역임하였다.",
        "pIdx": 2
    },
    {
        "pronouns": [],
        "globalSId": [
            1551951,
            1551952
        ],
        "wikiPageId": 276535,
        "entities": [
            {
                "ancestor": "",
                "keyword": "[1368년]",
                "ne_type": "",
                "e_type": "WIKILINK",
                "en": 7,
                "eIdx": 0,
                "st": 0
            },
            {
                "ancestor": "",
                "keyword": "[명나라]",
                "ne_type": "",
                "e_type": "WIKILINK",
                "en": 13,
                "eIdx": 1,
                "st": 8
            },
            {
                "ancestor": "",
                "keyword": "[원나라]",
                "ne_type": "",
                "e_type": "WIKILINK",
                "en": 20,
                "eIdx": 2,
                "st": 15
            },
            {
                "ancestor": "",
                "keyword": "<연경>",
                "ne_type": "",
                "e_type": "ELU",
                "en": 30,
                "eIdx": 3,
                "st": 26
            },
            {
                "ancestor": "",
                "keyword": "<명나라>",
                "ne_type": "",
                "e_type": "ELU",
                "en": 80,
                "eIdx": 4,
                "st": 75
            }
        ],
        "text": "[1368년] [명나라]가 [원나라]의 수도인 <연경>(燕京)을 포위하자 좌상시(左常侍)로서 의정주등처안무사(義靜州等處安撫使)가 되어 <명나라>의 위협에 대비하였으며, 충근보리공신(忠勤輔理功臣)의 호를 받았다. 우왕초에 경상도도순문사로 왜구를 물리쳤고, 지문하부사(知門下府事)·서북면도체찰사에 올랐다.",
        "pIdx": 3
    },
    {
        "pronouns": [],
        "globalSId": [
            1551953,
            1551954
        ],
        "wikiPageId": 276535,
        "entities": [
            {
                "ancestor": "",
                "keyword": "[1379년]",
                "ne_type": "",
                "e_type": "WIKILINK",
                "en": 7,
                "eIdx": 0,
                "st": 0
            },
            {
                "ancestor": "",
                "keyword": "[1383년]",
                "ne_type": "",
                "e_type": "WIKILINK",
                "en": 33,
                "eIdx": 1,
                "st": 26
            },
            {
                "ancestor": "",
                "keyword": "[문하시중]",
                "ne_type": "",
                "e_type": "WIKILINK",
                "en": 40,
                "eIdx": 2,
                "st": 34
            },
            {
                "ancestor": "",
                "keyword": "<조민수>",
                "ne_type": "",
                "e_type": "ELU",
                "en": 59,
                "eIdx": 3,
                "st": 54
            },
            {
                "ancestor": "",
                "keyword": "<추밀원사>",
                "ne_type": "",
                "e_type": "ELU",
                "en": 85,
                "eIdx": 4,
                "st": 79
            },
            {
                "ancestor": "",
                "keyword": "[1385년]",
                "ne_type": "",
                "e_type": "WIKILINK",
                "en": 117,
                "eIdx": 5,
                "st": 110
            },
            {
                "ancestor": "",
                "keyword": "[명나라]",
                "ne_type": "",
                "e_type": "WIKILINK",
                "en": 151,
                "eIdx": 6,
                "st": 146
            }
        ],
        "text": "[1379년](우왕 5) 문하평리(門下評理), [1383년] [문하시중](門下侍中)을 역임하고, <조민수>(昌城府院君)에 봉군되었다. 다음해 <추밀원사>로서 전라도조전원수(全羅道助戰元帥)를 겸임, [1385년] 판문하부사(判門下府事)로서 사은사(謝恩使)가 되어 [명나라]에 다녀왔다.",
        "pIdx": 4
    },
    {
        "globalSId": [
            1551955,
            1551956,
            1551957
        ],
        "pronouns": [
            {
                "proIdx": 0,
                "ancestor": "",
                "en": 135,
                "st": 132,
                "keyword": "자신을"
            },
            {
                "proIdx": 1,
                "ancestor": "",
                "en": 145,
                "st": 132,
                "keyword": "자신을 천거해 준 은혜를"
            },
            {
                "proIdx": 2,
                "ancestor": "",
                "en": 221,
                "st": 218,
                "keyword": "자기의"
            },
            {
                "proIdx": 3,
                "ancestor": "",
                "en": 224,
                "st": 218,
                "keyword": "자기의 뜻을"
            }
        ],
        "wikiPageId": 276535,
        "entities": [
            {
                "ne_type": "",
                "keyword": "[1388년]",
                "ancestor": "",
                "e_type": "WIKILINK",
                "en": 7,
                "eIdx": 0,
                "st": 0
            },
            {
                "ne_type": "ETC",
                "keyword": "[요동정벌군]",
                "ancestor": "",
                "e_type": "NEW",
                "en": 15,
                "eIdx": 1,
                "st": 8
            },
            {
                "ne_type": "ETC",
                "keyword": "[좌군도통사]",
                "ancestor": "",
                "e_type": "NEW",
                "en": 24,
                "eIdx": 2,
                "st": 17
            },
            {
                "ne_type": "",
                "keyword": "[조선_태조]",
                "ancestor": "",
                "e_type": "WIKILINK",
                "en": 47,
                "eIdx": 3,
                "st": 40
            },
            {
                "ne_type": "",
                "keyword": "[위화도_회군]",
                "ancestor": "",
                "e_type": "WIKILINK",
                "en": 65,
                "eIdx": 4,
                "st": 57
            },
            {
                "ne_type": "",
                "keyword": "[이인임]",
                "ancestor": "",
                "e_type": "WIKILINK",
                "en": 75,
                "eIdx": 5,
                "st": 70
            },
            {
                "ne_type": "",
                "keyword": "[배극렴]",
                "ancestor": "",
                "e_type": "WIKILINK",
                "en": 103,
                "eIdx": 6,
                "st": 98
            },
            {
                "ne_type": "",
                "keyword": "<조민수>",
                "ancestor": "",
                "e_type": "ELU",
                "en": 115,
                "eIdx": 7,
                "st": 110
            },
            {
                "ne_type": "",
                "keyword": "<조민수>",
                "ancestor": "",
                "e_type": "ELU",
                "en": 123,
                "eIdx": 8,
                "st": 118
            },
            {
                "ne_type": "",
                "keyword": "<이인임>",
                "ancestor": "",
                "e_type": "ELU",
                "en": 130,
                "eIdx": 9,
                "st": 125
            },
            {
                "ne_type": "",
                "keyword": "[이인임]",
                "ancestor": "",
                "e_type": "WIKILINK",
                "en": 156,
                "eIdx": 10,
                "st": 151
            },
            {
                "ne_type": "",
                "keyword": "[이림]",
                "ancestor": "",
                "e_type": "WIKILINK",
                "en": 167,
                "eIdx": 11,
                "st": 163
            },
            {
                "ne_type": "PERSON",
                "keyword": "[근비]",
                "ancestor": "",
                "e_type": "NEW",
                "en": 180,
                "eIdx": 12,
                "st": 176
            },
            {
                "ne_type": "PERSON",
                "keyword": "[왕창]",
                "ancestor": "",
                "e_type": "NEW",
                "en": 195,
                "eIdx": 13,
                "st": 191
            },
            {
                "ne_type": "PERSON",
                "keyword": "[왕씨]",
                "ancestor": "",
                "e_type": "NEW",
                "en": 233,
                "eIdx": 14,
                "st": 229
            },
            {
                "ne_type": "",
                "keyword": "<서천군>",
                "ancestor": "",
                "e_type": "ELU",
                "en": 262,
                "eIdx": 15,
                "st": 257
            },
            {
                "ne_type": "",
                "keyword": "[이색]",
                "ancestor": "",
                "e_type": "WIKILINK",
                "en": 272,
                "eIdx": 16,
                "st": 268
            },
            {
                "ne_type": "PERSON",
                "keyword": "[이색]",
                "ancestor": "",
                "e_type": "NEW",
                "en": 296,
                "eIdx": 17,
                "st": 292
            }
        ],
        "text": "[1388년] [요동정벌군]의 [좌군도통사](左軍都統使)로 출정하였다가 [조선_태조](李成桂)와 함께 [위화도_회군]하였다. [이인임](李仁任)의 아버지의 사촌 누이의 아들이 [배극렴](裵克廉)과 <조민수>인데 <조민수>는 <이인임>이 자신을 천거해 준 은혜를 생각하여 [이인임]의 외형제인 [이림](李琳)의 딸인 [근비](謹妃)의 아들되는 [왕창](王昌)을 세우려고 마음먹었다. 장수들이 자기의 뜻을 어기고 [왕씨]를 세울까 우려해 당시 명망있는 유학자였던 <서천군>(韓山君) [이색](李穡)의 말을 끌어대보려고 은밀히 [이색]에게 물었다.",
        "pIdx": 5
    }
]