[
    {
        "pronouns": [],
        "globalSId": [
            212048,
            212049
        ],
        "wikiPageId": 14097,
        "entities": [
            {
                "ancestor": "",
                "keyword": "<중국_국민당>",
                "ne_type": "",
                "e_type": "ELU",
                "en": 8,
                "eIdx": 0,
                "st": 0
            },
            {
                "ancestor": "",
                "keyword": "[중화민국]",
                "ne_type": "",
                "e_type": "WIKILINK",
                "en": 18,
                "eIdx": 1,
                "st": 12
            },
            {
                "ancestor": "",
                "keyword": "[1894년]",
                "ne_type": "",
                "e_type": "WIKILINK",
                "en": 33,
                "eIdx": 2,
                "st": 26
            },
            {
                "ancestor": "",
                "keyword": "<홍콩>",
                "ne_type": "",
                "e_type": "ELU",
                "en": 39,
                "eIdx": 3,
                "st": 35
            },
            {
                "ancestor": "",
                "keyword": "[흥중회]",
                "ne_type": "",
                "e_type": "WIKILINK",
                "en": 52,
                "eIdx": 4,
                "st": 47
            },
            {
                "ancestor": "",
                "keyword": "[1905년]",
                "ne_type": "",
                "e_type": "WIKILINK",
                "en": 62,
                "eIdx": 5,
                "st": 55
            },
            {
                "ancestor": "",
                "keyword": "[중국동맹회]",
                "ne_type": "",
                "e_type": "WIKILINK",
                "en": 76,
                "eIdx": 6,
                "st": 69
            },
            {
                "ancestor": "",
                "keyword": "[1914년]",
                "ne_type": "",
                "e_type": "WIKILINK",
                "en": 86,
                "eIdx": 7,
                "st": 79
            },
            {
                "ancestor": "",
                "keyword": "<일본>",
                "ne_type": "",
                "e_type": "ELU",
                "en": 91,
                "eIdx": 8,
                "st": 87
            },
            {
                "ancestor": "",
                "keyword": "<도쿄>",
                "ne_type": "",
                "e_type": "ELU",
                "en": 96,
                "eIdx": 9,
                "st": 92
            },
            {
                "ancestor": "",
                "keyword": "[중화혁명당]",
                "ne_type": "",
                "e_type": "WIKILINK",
                "en": 111,
                "eIdx": 10,
                "st": 104
            },
            {
                "ancestor": "",
                "keyword": "<현재>",
                "ne_type": "",
                "e_type": "ELU",
                "en": 126,
                "eIdx": 11,
                "st": 122
            },
            {
                "ancestor": "",
                "keyword": "[신해혁명]",
                "ne_type": "",
                "e_type": "WIKILINK",
                "en": 145,
                "eIdx": 12,
                "st": 139
            },
            {
                "ancestor": "",
                "keyword": "<사람>",
                "ne_type": "",
                "e_type": "ELU",
                "en": 154,
                "eIdx": 13,
                "st": 150
            },
            {
                "ancestor": "",
                "keyword": "[쑨원]",
                "ne_type": "",
                "e_type": "WIKILINK",
                "en": 162,
                "eIdx": 14,
                "st": 158
            },
            {
                "ancestor": "",
                "keyword": "[중화민국]",
                "ne_type": "",
                "e_type": "WIKILINK",
                "en": 170,
                "eIdx": 15,
                "st": 164
            },
            {
                "ancestor": "",
                "keyword": "[장제스]",
                "ne_type": "",
                "e_type": "WIKILINK",
                "en": 183,
                "eIdx": 16,
                "st": 178
            }
        ],
        "text": "<중국_국민당>()은 [중화민국]의 정당으로, [1894년]에 <홍콩>에서 결성된 '[흥중회]', [1905년]에 결성된 '[중국동맹회]', [1914년] <일본> <도쿄>에서 결성된 '[중화혁명당]'을 계승 발전하여 <현재>의 형태로 완성되었다. [신해혁명]의 주요 <사람>이었던 [쑨원]과 [중화민국]의 총통이었던 [장제스]가 이 당과 밀접한 관련이 있다.",
        "pIdx": 1
    },
    {
        "pronouns": [],
        "globalSId": [
            212050,
            212051
        ],
        "wikiPageId": 14097,
        "entities": [
            {
                "ancestor": "",
                "keyword": "[베트남]",
                "ne_type": "",
                "e_type": "WIKILINK",
                "en": 8,
                "eIdx": 0,
                "st": 3
            },
            {
                "ancestor": "",
                "keyword": "[우익]",
                "ne_type": "",
                "e_type": "WIKILINK",
                "en": 14,
                "eIdx": 1,
                "st": 10
            },
            {
                "ancestor": "",
                "keyword": "[정당]",
                "ne_type": "",
                "e_type": "WIKILINK",
                "en": 19,
                "eIdx": 2,
                "st": 15
            },
            {
                "ancestor": "",
                "keyword": "[미국]",
                "ne_type": "",
                "e_type": "WIKILINK",
                "en": 30,
                "eIdx": 3,
                "st": 26
            },
            {
                "ancestor": "",
                "keyword": "[정당]",
                "ne_type": "",
                "e_type": "WIKILINK",
                "en": 44,
                "eIdx": 4,
                "st": 40
            },
            {
                "ancestor": "",
                "keyword": "[베트남_국민당]",
                "ne_type": "",
                "e_type": "WIKILINK",
                "en": 55,
                "eIdx": 5,
                "st": 46
            },
            {
                "ancestor": "",
                "keyword": "<중국_국민당>",
                "ne_type": "",
                "e_type": "ELU",
                "en": 65,
                "eIdx": 6,
                "st": 57
            },
            {
                "ancestor": "",
                "keyword": "<현재>",
                "ne_type": "",
                "e_type": "ELU",
                "en": 88,
                "eIdx": 7,
                "st": 84
            },
            {
                "ancestor": "",
                "keyword": "[민주진보당]",
                "ne_type": "",
                "e_type": "WIKILINK",
                "en": 98,
                "eIdx": 8,
                "st": 91
            },
            {
                "ancestor": "",
                "keyword": "[차이잉원]",
                "ne_type": "",
                "e_type": "WIKILINK",
                "en": 105,
                "eIdx": 9,
                "st": 99
            },
            {
                "ancestor": "",
                "keyword": "[2016년_중화민국_총통_선거]",
                "ne_type": "",
                "e_type": "WIKILINK",
                "en": 128,
                "eIdx": 10,
                "st": 110
            },
            {
                "ancestor": "",
                "keyword": "<승리>",
                "ne_type": "",
                "e_type": "ELU",
                "en": 133,
                "eIdx": 11,
                "st": 129
            },
            {
                "ancestor": "",
                "keyword": "<중화민국>",
                "ne_type": "",
                "e_type": "ELU",
                "en": 141,
                "eIdx": 12,
                "st": 135
            }
        ],
        "text": "과거 [베트남]의 [우익] [정당]이자, 현재 [미국]에 존재하는 망명 [정당]인 [베트남_국민당]이 <중국_국민당>을 모델로 삼고 있다. 2016년 <현재>에는 [민주진보당] [차이잉원] 후보의 [2016년_중화민국_총통_선거] <승리>로 <중화민국>의 제1야당이 되었다.",
        "pIdx": 2
    },
    {
        "pronouns": [],
        "globalSId": [
            212052
        ],
        "wikiPageId": 14097,
        "entities": [],
        "text": "역사",
        "pIdx": 3
    },
    {
        "pronouns": [],
        "globalSId": [],
        "wikiPageId": 14097,
        "entities": [],
        "text": "",
        "pIdx": 4
    },
    {
        "pronouns": [],
        "globalSId": [
            212053,
            212054,
            212055,
            212056
        ],
        "wikiPageId": 14097,
        "entities": [
            {
                "ancestor": "",
                "keyword": "<이후_(소설가)>",
                "ne_type": "",
                "e_type": "ELU",
                "en": 16,
                "eIdx": 0,
                "st": 6
            },
            {
                "ancestor": "",
                "keyword": "[1950년대]",
                "ne_type": "",
                "e_type": "WIKILINK",
                "en": 25,
                "eIdx": 1,
                "st": 17
            },
            {
                "ancestor": "",
                "keyword": "<이후_(소설가)>",
                "ne_type": "",
                "e_type": "ELU",
                "en": 36,
                "eIdx": 2,
                "st": 26
            },
            {
                "ancestor": "",
                "keyword": "[2000년]",
                "ne_type": "",
                "e_type": "WIKILINK",
                "en": 46,
                "eIdx": 3,
                "st": 39
            },
            {
                "ancestor": "",
                "keyword": "[민주진보당]",
                "ne_type": "",
                "e_type": "WIKILINK",
                "en": 54,
                "eIdx": 4,
                "st": 47
            },
            {
                "ancestor": "",
                "keyword": "[천수이볜]",
                "ne_type": "",
                "e_type": "WIKILINK",
                "en": 62,
                "eIdx": 5,
                "st": 56
            },
            {
                "ancestor": "",
                "keyword": "[중화민국]",
                "ne_type": "",
                "e_type": "WIKILINK",
                "en": 81,
                "eIdx": 6,
                "st": 75
            },
            {
                "ancestor": "",
                "keyword": "<역사>",
                "ne_type": "",
                "e_type": "ELU",
                "en": 86,
                "eIdx": 7,
                "st": 82
            },
            {
                "ancestor": "",
                "keyword": "<중국_국민당>",
                "ne_type": "",
                "e_type": "ELU",
                "en": 96,
                "eIdx": 8,
                "st": 88
            },
            {
                "ancestor": "",
                "keyword": "[중국_공산당]",
                "ne_type": "",
                "e_type": "WIKILINK",
                "en": 170,
                "eIdx": 9,
                "st": 162
            },
            {
                "ancestor": "",
                "keyword": "[장제스]",
                "ne_type": "",
                "e_type": "WIKILINK",
                "en": 193,
                "eIdx": 10,
                "st": 188
            },
            {
                "ancestor": "",
                "keyword": "<사회>",
                "ne_type": "",
                "e_type": "ELU",
                "en": 221,
                "eIdx": 11,
                "st": 217
            }
        ],
        "text": "1950년 <이후_(소설가)> [1950년대] <이후_(소설가)>부터 [2000년] [민주진보당]의 [천수이볜]이 총통에 당선되기까지 [중화민국] <역사>는 <중국_국민당>의 장기 집권 시대였다. 물론 국민당 이외의 정당들도 있었지만 정권교체 등으로 집권하는 것이 사실상 불가능했다. 다만 [중국_공산당]에게 밀린 원인이 부정부패였다는 [장제스]의 판단으로 부정부패를 엄히 처벌하여 공직 <사회>는 깨끗한 편이었다.",
        "pIdx": 5
    }
]