[
    {
        "pronouns": [],
        "globalSId": [
            3648645,
            3648646
        ],
        "wikiPageId": 1373314,
        "entities": [
            {
                "ancestor": "",
                "keyword": "[일본_제국_육군]",
                "ne_type": "",
                "e_type": "WIKILINK",
                "en": 17,
                "eIdx": 0,
                "st": 7
            },
            {
                "ancestor": "",
                "keyword": "[청일_전쟁]",
                "ne_type": "",
                "e_type": "WIKILINK",
                "en": 37,
                "eIdx": 1,
                "st": 30
            },
            {
                "ancestor": "",
                "keyword": "[러일_전쟁]",
                "ne_type": "",
                "e_type": "WIKILINK",
                "en": 46,
                "eIdx": 2,
                "st": 39
            },
            {
                "ancestor": "",
                "keyword": "[중일_전쟁]",
                "ne_type": "",
                "e_type": "WIKILINK",
                "en": 55,
                "eIdx": 3,
                "st": 48
            }
        ],
        "text": "제1군()은 [일본_제국_육군]의 군단 중 하나이다. [청일_전쟁], [러일_전쟁]과 [중일_전쟁] 시에 편성되었다.",
        "pIdx": 1
    },
    {
        "pronouns": [],
        "globalSId": [
            3648647,
            3648648,
            3648649
        ],
        "wikiPageId": 1373314,
        "entities": [
            {
                "ancestor": "",
                "keyword": "[일본_제국_육군]",
                "ne_type": "",
                "e_type": "WIKILINK",
                "en": 13,
                "eIdx": 0,
                "st": 3
            },
            {
                "ancestor": "",
                "keyword": "[청일_전쟁]",
                "ne_type": "",
                "e_type": "WIKILINK",
                "en": 31,
                "eIdx": 1,
                "st": 24
            },
            {
                "ancestor": "",
                "keyword": "[1894년]",
                "ne_type": "",
                "e_type": "WIKILINK",
                "en": 43,
                "eIdx": 2,
                "st": 36
            },
            {
                "ancestor": "",
                "keyword": "[9월_1일]",
                "ne_type": "",
                "e_type": "WIKILINK",
                "en": 51,
                "eIdx": 3,
                "st": 44
            },
            {
                "ancestor": "",
                "keyword": "[1895년]",
                "ne_type": "",
                "e_type": "WIKILINK",
                "en": 61,
                "eIdx": 4,
                "st": 54
            },
            {
                "ancestor": "",
                "keyword": "[야마가타_아리토모]",
                "ne_type": "",
                "e_type": "WIKILINK",
                "en": 78,
                "eIdx": 5,
                "st": 67
            },
            {
                "ancestor": "",
                "keyword": "<장군>",
                "ne_type": "",
                "e_type": "ELU",
                "en": 83,
                "eIdx": 6,
                "st": 79
            },
            {
                "ancestor": "",
                "keyword": "[1895년]",
                "ne_type": "",
                "e_type": "WIKILINK",
                "en": 138,
                "eIdx": 7,
                "st": 131
            },
            {
                "ancestor": "",
                "keyword": "[5월_28일]",
                "ne_type": "",
                "e_type": "WIKILINK",
                "en": 147,
                "eIdx": 8,
                "st": 139
            }
        ],
        "text": "개요 [일본_제국_육군] 제1군은 처음에는 [청일_전쟁] 기간인 [1894년] [9월_1일]부터 [1895년]에 사령관 [야마가타_아리토모] <장군>의 지휘하에 편성되었다. 제1군은 청일 전쟁의 모든 주요 전투에 투입되었으며, 전후인 [1895년] [5월_28일]에 전쟁을 승전하고 성공적인 해체를 했다.",
        "pIdx": 2
    }
]