[
    {
        "pronouns": [],
        "globalSId": [
            79565,
            79566,
            79567,
            79568,
            79569,
            79570
        ],
        "wikiPageId": 5748,
        "entities": [
            {
                "ancestor": "",
                "keyword": "[언어]",
                "ne_type": "",
                "e_type": "WIKILINK",
                "en": 85,
                "eIdx": 0,
                "st": 81
            },
            {
                "ancestor": "",
                "keyword": "[한국어]",
                "ne_type": "",
                "e_type": "WIKILINK",
                "en": 94,
                "eIdx": 1,
                "st": 89
            },
            {
                "ancestor": "",
                "keyword": "[바스크어]",
                "ne_type": "",
                "e_type": "WIKILINK",
                "en": 101,
                "eIdx": 2,
                "st": 95
            },
            {
                "ancestor": "",
                "keyword": "[아이누어]",
                "ne_type": "",
                "e_type": "WIKILINK",
                "en": 108,
                "eIdx": 3,
                "st": 102
            },
            {
                "ancestor": "",
                "keyword": "[사멸_(언어학)]",
                "ne_type": "",
                "e_type": "WIKILINK",
                "en": 151,
                "eIdx": 4,
                "st": 141
            },
            {
                "ancestor": "",
                "keyword": "[무라어족]",
                "ne_type": "",
                "e_type": "WIKILINK",
                "en": 184,
                "eIdx": 5,
                "st": 178
            },
            {
                "ancestor": "",
                "keyword": "[피라항어]",
                "ne_type": "",
                "e_type": "WIKILINK",
                "en": 203,
                "eIdx": 6,
                "st": 197
            },
            {
                "ancestor": "",
                "keyword": "[바스크어]",
                "ne_type": "",
                "e_type": "WIKILINK",
                "en": 221,
                "eIdx": 7,
                "st": 215
            },
            {
                "ancestor": "",
                "keyword": "[수메르어]",
                "ne_type": "",
                "e_type": "WIKILINK",
                "en": 330,
                "eIdx": 8,
                "st": 324
            },
            {
                "ancestor": "",
                "keyword": "[엘람어]",
                "ne_type": "",
                "e_type": "WIKILINK",
                "en": 336,
                "eIdx": 9,
                "st": 331
            }
        ],
        "text": "고립어(孤立語, language isolate), 또는 고립된 언어(孤立된 言語)는 비교 언어학에서 친연관계로 밝혀진 언어가 없이 홀로 분포하는 [언어]이다. [한국어]·[바스크어]·[아이누어] 등이 여기에 들어간다. 친족 관계에 있던 언어들이 일찍이 [사멸_(언어학)]되면서 남은 언어가 고립어가 되는 경우도 있는데 [무라어족]의 마지막 생존 언어인 [피라항어]가 그 예이다. 반면 [바스크어] 등의 언어는 문헌 기록이 있었을 때부터 이미 고립된 언어였던 경우이다. 이 밖에도 넓은 의미로 사어(死語)라도 다른 언어와의 친족 관계가 증명되지 않았을 때는 고립어라 할 수 있다. [수메르어]·[엘람어] 등이 여기에 포함된다.",
        "pIdx": 1
    },
    {
        "pronouns": [],
        "globalSId": [
            79571
        ],
        "wikiPageId": 5748,
        "entities": [
            {
                "ancestor": "",
                "keyword": "<형태론>",
                "ne_type": "",
                "e_type": "ELU",
                "en": 8,
                "eIdx": 0,
                "st": 3
            },
            {
                "ancestor": "",
                "keyword": "[고립어_(언어유형학)]",
                "ne_type": "",
                "e_type": "WIKILINK",
                "en": 25,
                "eIdx": 1,
                "st": 12
            }
        ],
        "text": "언어 <형태론>에서는 [고립어_(언어유형학)]를 대부분의 형태소들이 개별적으로, 독립적으로 존재한다는 뜻으로 사용한다.",
        "pIdx": 2
    },
    {
        "globalSId": [
            79572,
            79573,
            79574,
            79575,
            79576
        ],
        "pronouns": [
            {
                "proIdx": 0,
                "ancestor": "",
                "en": 36,
                "st": 30,
                "keyword": "모든 언어는"
            },
            {
                "proIdx": 1,
                "ancestor": "",
                "en": 71,
                "st": 64,
                "keyword": "그 [조어]에"
            },
            {
                "proIdx": 2,
                "ancestor": "",
                "en": 98,
                "st": 96,
                "keyword": "예를"
            },
            {
                "proIdx": 3,
                "ancestor": "",
                "en": 120,
                "st": 108,
                "keyword": "다른 [인도유럽어족]의"
            },
            {
                "proIdx": 4,
                "ancestor": "",
                "en": 125,
                "st": 108,
                "keyword": "다른 [인도유럽어족]의 언어들과"
            },
            {
                "proIdx": 5,
                "ancestor": "",
                "en": 184,
                "st": 171,
                "keyword": "다른 [시노티베트어족]의"
            },
            {
                "proIdx": 6,
                "ancestor": "",
                "en": 189,
                "st": 171,
                "keyword": "다른 [시노티베트어족]의 언어들과"
            },
            {
                "proIdx": 7,
                "ancestor": "",
                "en": 204,
                "st": 199,
                "keyword": "이 기준에"
            }
        ],
        "wikiPageId": 5748,
        "entities": [
            {
                "ne_type": "",
                "keyword": "[역사언어학]",
                "ancestor": "",
                "e_type": "WIKILINK",
                "en": 14,
                "eIdx": 0,
                "st": 7
            },
            {
                "ne_type": "",
                "keyword": "[조어]",
                "ancestor": "",
                "e_type": "WIKILINK",
                "en": 48,
                "eIdx": 1,
                "st": 44
            },
            {
                "ne_type": "ETC",
                "keyword": "[조어]",
                "ancestor": "",
                "e_type": "NEW",
                "en": 70,
                "eIdx": 2,
                "st": 66
            },
            {
                "ne_type": "",
                "keyword": "[어족]",
                "ancestor": "",
                "e_type": "WIKILINK",
                "en": 84,
                "eIdx": 3,
                "st": 80
            },
            {
                "ne_type": "",
                "keyword": "[영어]",
                "ancestor": "",
                "e_type": "WIKILINK",
                "en": 106,
                "eIdx": 4,
                "st": 102
            },
            {
                "ne_type": "",
                "keyword": "[인도유럽어족]",
                "ancestor": "",
                "e_type": "WIKILINK",
                "en": 119,
                "eIdx": 5,
                "st": 111
            },
            {
                "ne_type": "",
                "keyword": "[인도유럽조어]",
                "ancestor": "",
                "e_type": "WIKILINK",
                "en": 141,
                "eIdx": 6,
                "st": 133
            },
            {
                "ne_type": "",
                "keyword": "[중국어]",
                "ancestor": "",
                "e_type": "WIKILINK",
                "en": 169,
                "eIdx": 7,
                "st": 164
            },
            {
                "ne_type": "",
                "keyword": "[시노티베트어족]",
                "ancestor": "",
                "e_type": "WIKILINK",
                "en": 183,
                "eIdx": 8,
                "st": 174
            }
        ],
        "text": "친족 관계. [역사언어학]에 따르면 현재 쓰이는 거의 모든 언어는 공통된 몇몇 [조어](祖語)에서 갈라져나왔으므로 그 [조어]에 따라 몇 개의 [어족]으로 나눌 수 있다. 예를 들어 [영어]는 다른 [인도유럽어족]의 언어들과 공통의 조어([인도유럽조어])로부터 갈라져 나왔으므로 친족 관계이며 [중국어]는 다른 [시노티베트어족]의 언어들과 친족 관계이다. 이 기준에 따르면 고립어는 저마다 홀로 한 어족을 구성하는 것으로 볼 수 있다. 이러한 특징때문에 고립어는 언어학자들에게 매우 중요한 연구 대상이다.",
        "pIdx": 3
    },
    {
        "pronouns": [],
        "globalSId": [
            79577,
            79578,
            79579,
            79580,
            79581
        ],
        "wikiPageId": 5748,
        "entities": [
            {
                "ancestor": "",
                "keyword": "<차제>",
                "ne_type": "",
                "e_type": "ELU",
                "en": 104,
                "eIdx": 0,
                "st": 100
            },
            {
                "ancestor": "",
                "keyword": "<바스크어>",
                "ne_type": "",
                "e_type": "ELU",
                "en": 161,
                "eIdx": 1,
                "st": 155
            },
            {
                "ancestor": "",
                "keyword": "[남카프카스어족]",
                "ne_type": "",
                "e_type": "WIKILINK",
                "en": 172,
                "eIdx": 2,
                "st": 163
            },
            {
                "ancestor": "",
                "keyword": "[수메르어]",
                "ne_type": "",
                "e_type": "WIKILINK",
                "en": 200,
                "eIdx": 3,
                "st": 194
            },
            {
                "ancestor": "",
                "keyword": "<현재>",
                "ne_type": "",
                "e_type": "ELU",
                "en": 207,
                "eIdx": 4,
                "st": 203
            }
        ],
        "text": "계통 규명 노력 현재 쓰이는 언어들은 모두 공통의 조상언어에서 나왔을 가능성이 있다. 다시말해서 모든 언어는 친족 관계에 있으며 현재 알려진 어족들은 언어들의 가계도에서 가장 윗 <차제>의 갈래일 뿐이라는 것이다. 이 때문에 고립어들의 계통을 규명하려는 시도가 끊이지 않았다. <바스크어>는 [남카프카스어족] 등 현존하는 어족들은 말할 것도 없이 [수메르어] 등 <현재>은 사멸한 어족들과의 관계에 대한 연구가 끊임없이 이루어졌는데 계통적 연관성을 증명할 납득할 만한 결과는 나온 바 없다.",
        "pIdx": 4
    },
    {
        "pronouns": [],
        "globalSId": [
            79582,
            79583,
            79584
        ],
        "wikiPageId": 5748,
        "entities": [
            {
                "ancestor": "",
                "keyword": "[이스터_섬]",
                "ne_type": "",
                "e_type": "WIKILINK",
                "en": 54,
                "eIdx": 0,
                "st": 47
            },
            {
                "ancestor": "",
                "keyword": "[라파누이어]",
                "ne_type": "",
                "e_type": "WIKILINK",
                "en": 63,
                "eIdx": 1,
                "st": 56
            },
            {
                "ancestor": "",
                "keyword": "[마다가스카르]",
                "ne_type": "",
                "e_type": "WIKILINK",
                "en": 101,
                "eIdx": 2,
                "st": 93
            },
            {
                "ancestor": "",
                "keyword": "[마다가스카르어]",
                "ne_type": "",
                "e_type": "WIKILINK",
                "en": 112,
                "eIdx": 3,
                "st": 103
            },
            {
                "ancestor": "",
                "keyword": "[동남아시아]",
                "ne_type": "",
                "e_type": "WIKILINK",
                "en": 121,
                "eIdx": 4,
                "st": 114
            },
            {
                "ancestor": "",
                "keyword": "[오스트로네시아어족]",
                "ne_type": "",
                "e_type": "WIKILINK",
                "en": 137,
                "eIdx": 5,
                "st": 126
            }
        ],
        "text": "지리적 고립과의 구별 고립어라는 개념은 그 언중이 고립되었다는 뜻과는 전혀 다르다. [이스터_섬]의 [라파누이어]의 경우 지리적으로 고립되어 있지만 고립어가 아니며, [마다가스카르]의 [마다가스카르어]도 [동남아시아] 지역의 [오스트로네시아어족]과 친족 관계이다.",
        "pIdx": 5
    }
]