[
    {
        "pronouns": [],
        "globalSId": [
            2958041,
            2958042
        ],
        "wikiPageId": 885091,
        "entities": [
            {
                "ancestor": "",
                "keyword": "<폴리네시아인>",
                "ne_type": "",
                "e_type": "ELU",
                "en": 8,
                "eIdx": 0,
                "st": 0
            },
            {
                "ancestor": "",
                "keyword": "[폴리네시아]",
                "ne_type": "",
                "e_type": "WIKILINK",
                "en": 25,
                "eIdx": 1,
                "st": 18
            },
            {
                "ancestor": "",
                "keyword": "<원주민>",
                "ne_type": "",
                "e_type": "ELU",
                "en": 32,
                "eIdx": 2,
                "st": 27
            },
            {
                "ancestor": "",
                "keyword": "[말레이폴리네시아어족]",
                "ne_type": "",
                "e_type": "WIKILINK",
                "en": 61,
                "eIdx": 3,
                "st": 49
            }
        ],
        "text": "<폴리네시아인>( - 人, )은 [폴리네시아]의 <원주민>이며, 말라요ㆍ폴리네시아 어족([말레이폴리네시아어족])에 속하며, 피부는 옅은 갈색 또는 짙은 갈색이고, 키가 크며 검정 곱슬머리를 가졌다. 어로ㆍ농경에 종사하며 항해술에 능하다.",
        "pIdx": 1
    },
    {
        "pronouns": [],
        "globalSId": [
            2958043,
            2958044,
            2958045,
            2958046,
            2958047
        ],
        "wikiPageId": 885091,
        "entities": [
            {
                "ancestor": "",
                "keyword": "[태평양]",
                "ne_type": "",
                "e_type": "WIKILINK",
                "en": 13,
                "eIdx": 0,
                "st": 8
            },
            {
                "ancestor": "",
                "keyword": "<ㅈ>",
                "ne_type": "",
                "e_type": "ELU",
                "en": 47,
                "eIdx": 1,
                "st": 44
            },
            {
                "ancestor": "",
                "keyword": "[필리핀]",
                "ne_type": "",
                "e_type": "WIKILINK",
                "en": 98,
                "eIdx": 2,
                "st": 93
            },
            {
                "ancestor": "",
                "keyword": "[뉴기니]",
                "ne_type": "",
                "e_type": "WIKILINK",
                "en": 108,
                "eIdx": 3,
                "st": 103
            },
            {
                "ancestor": "",
                "keyword": "[솔로몬_제도]",
                "ne_type": "",
                "e_type": "WIKILINK",
                "en": 118,
                "eIdx": 4,
                "st": 110
            },
            {
                "ancestor": "",
                "keyword": "[피지]",
                "ne_type": "",
                "e_type": "WIKILINK",
                "en": 146,
                "eIdx": 5,
                "st": 142
            },
            {
                "ancestor": "",
                "keyword": "[통가]",
                "ne_type": "",
                "e_type": "WIKILINK",
                "en": 152,
                "eIdx": 6,
                "st": 148
            },
            {
                "ancestor": "",
                "keyword": "[사모아]",
                "ne_type": "",
                "e_type": "WIKILINK",
                "en": 159,
                "eIdx": 7,
                "st": 154
            },
            {
                "ancestor": "",
                "keyword": "[하와이]",
                "ne_type": "",
                "e_type": "WIKILINK",
                "en": 198,
                "eIdx": 8,
                "st": 193
            },
            {
                "ancestor": "",
                "keyword": "[뉴질랜드]",
                "ne_type": "",
                "e_type": "WIKILINK",
                "en": 219,
                "eIdx": 9,
                "st": 213
            },
            {
                "ancestor": "",
                "keyword": "<유럽>",
                "ne_type": "",
                "e_type": "ELU",
                "en": 239,
                "eIdx": 10,
                "st": 235
            },
            {
                "ancestor": "",
                "keyword": "[대항해시대]",
                "ne_type": "",
                "e_type": "WIKILINK",
                "en": 248,
                "eIdx": 11,
                "st": 241
            },
            {
                "ancestor": "",
                "keyword": "[인도양]",
                "ne_type": "",
                "e_type": "WIKILINK",
                "en": 277,
                "eIdx": 12,
                "st": 272
            },
            {
                "ancestor": "",
                "keyword": "[마다가스카르_섬]",
                "ne_type": "",
                "e_type": "WIKILINK",
                "en": 292,
                "eIdx": 13,
                "st": 282
            },
            {
                "ancestor": "",
                "keyword": "[이스터_섬]",
                "ne_type": "",
                "e_type": "WIKILINK",
                "en": 337,
                "eIdx": 14,
                "st": 330
            }
        ],
        "text": "드넓은 바다인 [태평양]에는 수많은 섬들이 존재한다. 이 드문드문 흩어진 섬에 <ㅈ> 잡고 씨족사회를 이룬 민족이 폴리네시아인들이다. 이들은 BC 1000년경에 이미 [필리핀]을 지나 [뉴기니], [솔로몬_제도] 일대에 정착하였으며, AD 500년경에는 [피지], [통가], [사모아] 일대에 진출하기 시작하였다. 이들의 이주는 AD 800년경 [하와이]를 거쳐 AD 1200년경 [뉴질랜드]에 정착함으로써 완성되었다. <유럽>의 [대항해시대]가 시작될 무렵 폴리네시아인들은 서쪽으로는 [인도양]을 건너 [마다가스카르_섬]까지 진출해 있었으며, 동쪽으로는 아메리카 대륙에서 그리 멀지 않은 [이스터_섬]까지 진출해 있었다.",
        "pIdx": 2
    },
    {
        "pronouns": [],
        "globalSId": [
            2958048,
            2958049,
            2958050,
            2958051,
            2958052
        ],
        "wikiPageId": 885091,
        "entities": [
            {
                "ancestor": "",
                "keyword": "<폴리네시아인>",
                "ne_type": "",
                "e_type": "ELU",
                "en": 15,
                "eIdx": 0,
                "st": 7
            },
            {
                "ancestor": "",
                "keyword": "[말레이폴리네시아어족]",
                "ne_type": "",
                "e_type": "WIKILINK",
                "en": 89,
                "eIdx": 1,
                "st": 77
            },
            {
                "ancestor": "",
                "keyword": "<물리학>",
                "ne_type": "",
                "e_type": "ELU",
                "en": 117,
                "eIdx": 2,
                "st": 112
            }
        ],
        "text": "인종적 특징 <폴리네시아인>은 꽤 키가 큰 편이고, 밝은 피부색과 직모 또는 곱슬머리가 특징이다. 폴리네시아인들은 말라요ㆍ폴리네시아 어족([말레이폴리네시아어족])에 속하는 폴레네시아 언어를 사용한다. <물리학>인 거리와 각 섬을 분할하고 있는 개빙 구역에도 불구하고 폴리네시아인들은 비슷한 외모와 문화를 공유하고 있다. 이는 폴리네시아인들이 섬에 정착한 후 상대적으로 최근에 각 섬으로 흩어졌기 때문으로 여겨진다.",
        "pIdx": 3
    },
    {
        "pronouns": [],
        "globalSId": [
            2958053,
            2958054,
            2958055,
            2958056
        ],
        "wikiPageId": 885091,
        "entities": [
            {
                "ancestor": "",
                "keyword": "<구성>",
                "ne_type": "",
                "e_type": "ELU",
                "en": 69,
                "eIdx": 0,
                "st": 65
            },
            {
                "ancestor": "",
                "keyword": "<마나>",
                "ne_type": "",
                "e_type": "ELU",
                "en": 84,
                "eIdx": 1,
                "st": 80
            },
            {
                "ancestor": "",
                "keyword": "<감자>",
                "ne_type": "",
                "e_type": "ELU",
                "en": 155,
                "eIdx": 2,
                "st": 151
            }
        ],
        "text": "문화적 특징 폴리네시아인 사회는 대부분이 피라미드와 같은 구조를 기반으로 하고 있으며, 통치자, 지도자 및 공유지로 <구성>되어 있다. 이들은 <마나>라고 부르는 통치자가 종교적 힘을 갖고 있으며 실제적인 신의 연장선상으로 생각한다. 폴리네시아인들은 주요 생계 활동으로 <감자>와 빵나무 재배와 같은 농업과 어업에 종사하고 있다.",
        "pIdx": 4
    }
]