[
    {
        "pronouns": [],
        "globalSId": [
            1911342,
            1911343
        ],
        "wikiPageId": 387686,
        "entities": [
            {
                "ancestor": "",
                "keyword": "[말레이시아]",
                "ne_type": "",
                "e_type": "WIKILINK",
                "en": 33,
                "eIdx": 0,
                "st": 26
            },
            {
                "ancestor": "",
                "keyword": "[쿠알라룸푸르]",
                "ne_type": "",
                "e_type": "WIKILINK",
                "en": 42,
                "eIdx": 1,
                "st": 34
            },
            {
                "ancestor": "",
                "keyword": "[말레이시아]",
                "ne_type": "",
                "e_type": "WIKILINK",
                "en": 61,
                "eIdx": 2,
                "st": 54
            }
        ],
        "text": "말라야 대학교(, )는 줄여서 UM으로 알려진 [말레이시아] [쿠알라룸푸르]의 국립 대학교이다. [말레이시아]에서 제일 오래된 대학교이기도 하다.",
        "pIdx": 1
    }
]