[
    {
        "pronouns": [],
        "globalSId": [
            1432719
        ],
        "wikiPageId": 251224,
        "entities": [
            {
                "ancestor": "",
                "keyword": "<아르놀트_하우저>",
                "ne_type": "",
                "e_type": "ELU",
                "en": 10,
                "eIdx": 0,
                "st": 0
            },
            {
                "ancestor": "",
                "keyword": "[1892년]",
                "ne_type": "",
                "e_type": "WIKILINK",
                "en": 22,
                "eIdx": 1,
                "st": 15
            },
            {
                "ancestor": "",
                "keyword": "[5월_8일]",
                "ne_type": "",
                "e_type": "WIKILINK",
                "en": 30,
                "eIdx": 2,
                "st": 23
            },
            {
                "ancestor": "",
                "keyword": "[1978년]",
                "ne_type": "",
                "e_type": "WIKILINK",
                "en": 40,
                "eIdx": 3,
                "st": 33
            },
            {
                "ancestor": "",
                "keyword": "[1월_28일]",
                "ne_type": "",
                "e_type": "WIKILINK",
                "en": 49,
                "eIdx": 4,
                "st": 41
            },
            {
                "ancestor": "",
                "keyword": "[헝가리]",
                "ne_type": "",
                "e_type": "WIKILINK",
                "en": 57,
                "eIdx": 5,
                "st": 52
            },
            {
                "ancestor": "",
                "keyword": "[역사학자]",
                "ne_type": "",
                "e_type": "WIKILINK",
                "en": 65,
                "eIdx": 6,
                "st": 59
            },
            {
                "ancestor": "",
                "keyword": "<동안_(현)>",
                "ne_type": "",
                "e_type": "ELU",
                "en": 81,
                "eIdx": 7,
                "st": 73
            },
            {
                "ancestor": "",
                "keyword": "[영국]",
                "ne_type": "",
                "e_type": "WIKILINK",
                "en": 86,
                "eIdx": 8,
                "st": 82
            },
            {
                "ancestor": "",
                "keyword": "[미술사]",
                "ne_type": "",
                "e_type": "WIKILINK",
                "en": 98,
                "eIdx": 9,
                "st": 93
            },
            {
                "ancestor": "",
                "keyword": "[정신분석학]",
                "ne_type": "",
                "e_type": "WIKILINK",
                "en": 107,
                "eIdx": 10,
                "st": 100
            },
            {
                "ancestor": "",
                "keyword": "[미학]",
                "ne_type": "",
                "e_type": "WIKILINK",
                "en": 120,
                "eIdx": 11,
                "st": 116
            },
            {
                "ancestor": "",
                "keyword": "[사회사]",
                "ne_type": "",
                "e_type": "WIKILINK",
                "en": 127,
                "eIdx": 12,
                "st": 122
            },
            {
                "ancestor": "",
                "keyword": "[문화사]",
                "ne_type": "",
                "e_type": "WIKILINK",
                "en": 134,
                "eIdx": 13,
                "st": 129
            }
        ],
        "text": "<아르놀트_하우저>(, , [1892년] [5월_8일] ~ [1978년] [1월_28일])는 [헝가리]의 [역사학자]로 오랜 기간 <동안_(현)> [영국]에서 살면서 [미술사], [정신분석학], 예술 이론, [미학], [사회사], [문화사], 미술심리학 등의 여러 학문의 경계를 넘나든 미술사학자이다.",
        "pIdx": 1
    },
    {
        "pronouns": [],
        "globalSId": [
            1432720,
            1432721,
            1432722
        ],
        "wikiPageId": 251224,
        "entities": [
            {
                "ancestor": "",
                "keyword": "<가치>",
                "ne_type": "",
                "e_type": "ELU",
                "en": 21,
                "eIdx": 0,
                "st": 17
            },
            {
                "ancestor": "",
                "keyword": "<동안_(현)>",
                "ne_type": "",
                "e_type": "ELU",
                "en": 98,
                "eIdx": 1,
                "st": 90
            },
            {
                "ancestor": "",
                "keyword": "[영화]",
                "ne_type": "",
                "e_type": "WIKILINK",
                "en": 104,
                "eIdx": 2,
                "st": 100
            },
            {
                "ancestor": "",
                "keyword": "<대하_(생물)>",
                "ne_type": "",
                "e_type": "ELU",
                "en": 133,
                "eIdx": 3,
                "st": 124
            },
            {
                "ancestor": "",
                "keyword": "<현상_(철학)>",
                "ne_type": "",
                "e_type": "ELU",
                "en": 168,
                "eIdx": 4,
                "st": 159
            },
            {
                "ancestor": "",
                "keyword": "[냉전]",
                "ne_type": "",
                "e_type": "WIKILINK",
                "en": 185,
                "eIdx": 5,
                "st": 181
            },
            {
                "ancestor": "",
                "keyword": "<동방_(성씨)>",
                "ne_type": "",
                "e_type": "ELU",
                "en": 215,
                "eIdx": 6,
                "st": 206
            },
            {
                "ancestor": "",
                "keyword": "<사이>",
                "ne_type": "",
                "e_type": "ELU",
                "en": 232,
                "eIdx": 7,
                "st": 228
            }
        ],
        "text": "하우저는 예술의 형식적인 면에 <가치>를 두었으나, 사회역사적인 관점에 대해서도 예술사회학자로서 관심을 가졌다. 포괄적이고 상세한 예술에 대한 지식과 오랜 기간 <동안_(현)>의 [영화]산업에 있어서의 활동은 그가 예술에 <대하_(생물)>여 한편으로는 자율적으로, 다른 면으로는 사회 <현상_(철학)>으로 보게 해 주었다. [냉전] 시기의 서방(형태에 내재한 해석)과 <동방_(성씨)>(예술의 사회적 한계) <사이>의 미술에 대한 논쟁 속에서 하우저는 중간에 있으려고 했다.",
        "pIdx": 2
    }
]