[
    {
        "pronouns": [],
        "globalSId": [
            1086463,
            1086464
        ],
        "wikiPageId": 161140,
        "entities": [
            {
                "ancestor": "",
                "keyword": "<한국교원대학교>",
                "ne_type": "",
                "e_type": "ELU",
                "en": 9,
                "eIdx": 0,
                "st": 0
            },
            {
                "ancestor": "",
                "keyword": "[대한민국]",
                "ne_type": "",
                "e_type": "WIKILINK",
                "en": 28,
                "eIdx": 1,
                "st": 22
            },
            {
                "ancestor": "",
                "keyword": "[국립_대학]",
                "ne_type": "",
                "e_type": "WIKILINK",
                "en": 37,
                "eIdx": 2,
                "st": 30
            }
        ],
        "text": "<한국교원대학교>(韓國敎員大學校, )는 [대한민국]의 [국립_대학] 종합교원양성대학이다. 약칭으로 교원대라 불리기도 하며, 영문 이니셜로는 KNUE를 사용한다.",
        "pIdx": 1
    },
    {
        "pronouns": [],
        "globalSId": [
            1086465,
            1086466
        ],
        "wikiPageId": 161140,
        "entities": [
            {
                "ancestor": "",
                "keyword": "[충청북도]",
                "ne_type": "",
                "e_type": "WIKILINK",
                "en": 6,
                "eIdx": 0,
                "st": 0
            },
            {
                "ancestor": "",
                "keyword": "[청주시]",
                "ne_type": "",
                "e_type": "WIKILINK",
                "en": 12,
                "eIdx": 1,
                "st": 7
            },
            {
                "ancestor": "",
                "keyword": "[:s:대한민국_고등교육법#43]",
                "ne_type": "",
                "e_type": "WIKILINK",
                "en": 36,
                "eIdx": 2,
                "st": 18
            },
            {
                "ancestor": "",
                "keyword": "[:s:대한민국_한국교원대학교_설치령]",
                "ne_type": "",
                "e_type": "WIKILINK",
                "en": 65,
                "eIdx": 3,
                "st": 44
            },
            {
                "ancestor": "",
                "keyword": "<대한민국>",
                "ne_type": "",
                "e_type": "ELU",
                "en": 90,
                "eIdx": 4,
                "st": 84
            },
            {
                "ancestor": "",
                "keyword": "[대한민국_교육부]",
                "ne_type": "",
                "e_type": "WIKILINK",
                "en": 135,
                "eIdx": 5,
                "st": 125
            },
            {
                "ancestor": "",
                "keyword": "<장관>",
                "ne_type": "",
                "e_type": "ELU",
                "en": 140,
                "eIdx": 6,
                "st": 136
            },
            {
                "ancestor": "",
                "keyword": "<학교>",
                "ne_type": "",
                "e_type": "ELU",
                "en": 162,
                "eIdx": 7,
                "st": 158
            }
        ],
        "text": "[충청북도] [청주시]에 있으며 [:s:대한민국_고등교육법#43]와 대통령령인 [:s:대한민국_한국교원대학교_설치령]에 근거해 1984년 설립되었다. <대한민국>에서 종합교원양성대학의 지위를 갖는 가장 유일무이한 대학으로서 [대한민국_교육부] <장관>의 관할 아래 유·초·중등 각급 <학교>의 교원을 양성하고 교원의 재교육을 담당하며 교육에 관한 연구를 수행하는 등 교원양성, 교원연수, 교육연구의 3대 기능을 맡고 있다.",
        "pIdx": 2
    },
    {
        "pronouns": [],
        "globalSId": [
            1086467,
            1086468
        ],
        "wikiPageId": 161140,
        "entities": [
            {
                "ancestor": "",
                "keyword": "<현재>",
                "ne_type": "",
                "e_type": "ELU",
                "en": 16,
                "eIdx": 0,
                "st": 12
            },
            {
                "ancestor": "",
                "keyword": "<동문>",
                "ne_type": "",
                "e_type": "ELU",
                "en": 36,
                "eIdx": 1,
                "st": 32
            },
            {
                "ancestor": "",
                "keyword": "<학교>",
                "ne_type": "",
                "e_type": "ELU",
                "en": 72,
                "eIdx": 2,
                "st": 68
            },
            {
                "ancestor": "",
                "keyword": "[공립_중등학교_교사_임용_후보자_선정_경쟁시험]",
                "ne_type": "",
                "e_type": "WIKILINK",
                "en": 199,
                "eIdx": 3,
                "st": 172
            }
        ],
        "text": "개교 이후 2016년 <현재>까지 1만 6천여 명의 학부 <동문>을 배출하였고 이들 대부분이 교직에 진출하여 국·공·사립 <학교>의 교원 및 교육전문직으로 활동하거나 교육계 학자, 관료, 연구원 등으로 일하고 있다. 전국 교원양성기관 중 전체 정원 대비 교원 배출 비율 1위를 기록하고 있으며 2017학년도 [공립_중등학교_교사_임용_후보자_선정_경쟁시험]에서는 총 479명의 최종 합격자를 배출했다.",
        "pIdx": 3
    },
    {
        "pronouns": [],
        "globalSId": [
            1086469
        ],
        "wikiPageId": 161140,
        "entities": [
            {
                "ancestor": "",
                "keyword": "<구성>",
                "ne_type": "",
                "e_type": "ELU",
                "en": 95,
                "eIdx": 0,
                "st": 91
            }
        ],
        "text": "4개 단과대학 24학과, 일반대학원 석사과정 4계열 47전공 6협동과정, 일반대학원 박사과정 4계열 45전공 3협동과정, 1개의 특수대학원, 1개의 전문대학원으로 <구성>되어 있다.",
        "pIdx": 4
    },
    {
        "pronouns": [],
        "globalSId": [
            1086470
        ],
        "wikiPageId": 161140,
        "entities": [],
        "text": "연혁",
        "pIdx": 5
    }
]