[
    {
        "pronouns": [],
        "globalSId": [
            956008,
            956009,
            956010,
            956011,
            956012,
            956013
        ],
        "wikiPageId": 133291,
        "entities": [
            {
                "ancestor": "",
                "keyword": "<엠씨_더_맥스>",
                "ne_type": "",
                "e_type": "ELU",
                "en": 14,
                "eIdx": 0,
                "st": 5
            },
            {
                "ancestor": "",
                "keyword": "[대한민국]",
                "ne_type": "",
                "e_type": "WIKILINK",
                "en": 24,
                "eIdx": 1,
                "st": 18
            },
            {
                "ancestor": "",
                "keyword": "<악단>",
                "ne_type": "",
                "e_type": "ELU",
                "en": 37,
                "eIdx": 2,
                "st": 33
            },
            {
                "ancestor": "",
                "keyword": "[문차일드]",
                "ne_type": "",
                "e_type": "WIKILINK",
                "en": 47,
                "eIdx": 3,
                "st": 41
            },
            {
                "ancestor": "",
                "keyword": "<엠씨_더_맥스>",
                "ne_type": "",
                "e_type": "ELU",
                "en": 73,
                "eIdx": 4,
                "st": 64
            },
            {
                "ancestor": "",
                "keyword": "<문차일드>",
                "ne_type": "",
                "e_type": "ELU",
                "en": 167,
                "eIdx": 5,
                "st": 161
            },
            {
                "ancestor": "",
                "keyword": "[발라드_(대중_음악)]",
                "ne_type": "",
                "e_type": "WIKILINK",
                "en": 205,
                "eIdx": 6,
                "st": 192
            },
            {
                "ancestor": "",
                "keyword": "[팝_록]",
                "ne_type": "",
                "e_type": "WIKILINK",
                "en": 219,
                "eIdx": 7,
                "st": 214
            },
            {
                "ancestor": "",
                "keyword": "[펑크_록]",
                "ne_type": "",
                "e_type": "WIKILINK",
                "en": 235,
                "eIdx": 8,
                "st": 229
            },
            {
                "ancestor": "",
                "keyword": "[테크노_록]",
                "ne_type": "",
                "e_type": "WIKILINK",
                "en": 244,
                "eIdx": 9,
                "st": 237
            },
            {
                "ancestor": "",
                "keyword": "<밴드_(애플리케이션)>",
                "ne_type": "",
                "e_type": "ELU",
                "en": 313,
                "eIdx": 10,
                "st": 300
            }
        ],
        "text": "엠씨 더 <엠씨_더_맥스>()는 [대한민국]의 3인조 밴드 <악단>이다. [문차일드]라는 밴드로 시작했던 엠씨 더 <엠씨_더_맥스>는 음악 활동 실패로 새롭게 재편성된 밴드이다. 밴드의 이름은 'Moon Child The Maximum' 을 줄여서 만들어졌다. 따라서, 엠씨(M.C.)는 <문차일드>(Moon Child)의 약자이다. 한국적인 [발라드_(대중_음악)]에 중점을 두어 [팝_록]을 주장르로 하고 [펑크_록]과 [테크노_록] 등의 음악을 겸하며 활동을 해나가고 있다. 방송 활동은 자제하고 음악 활동에 더욱 집중하여 실력파 <밴드_(애플리케이션)>라는 이미지가 강한 밴드이기도 하다.",
        "pIdx": 1
    },
    {
        "pronouns": [],
        "globalSId": [
            956014
        ],
        "wikiPageId": 133291,
        "entities": [],
        "text": "활동",
        "pIdx": 2
    },
    {
        "pronouns": [],
        "globalSId": [
            956015,
            956016,
            956017,
            956018,
            956019,
            956020,
            956021,
            956022,
            956023
        ],
        "wikiPageId": 133291,
        "entities": [
            {
                "ancestor": "",
                "keyword": "[2000년]",
                "ne_type": "",
                "e_type": "WIKILINK",
                "en": 30,
                "eIdx": 0,
                "st": 23
            },
            {
                "ancestor": "",
                "keyword": "[GM기획]",
                "ne_type": "",
                "e_type": "WIKILINK",
                "en": 38,
                "eIdx": 1,
                "st": 32
            },
            {
                "ancestor": "",
                "keyword": "<악단>",
                "ne_type": "",
                "e_type": "ELU",
                "en": 56,
                "eIdx": 2,
                "st": 52
            },
            {
                "ancestor": "",
                "keyword": "[문차일드]",
                "ne_type": "",
                "e_type": "WIKILINK",
                "en": 64,
                "eIdx": 3,
                "st": 58
            },
            {
                "ancestor": "",
                "keyword": "[록_발라드]",
                "ne_type": "",
                "e_type": "WIKILINK",
                "en": 73,
                "eIdx": 4,
                "st": 66
            },
            {
                "ancestor": "",
                "keyword": "[테크노_록]",
                "ne_type": "",
                "e_type": "WIKILINK",
                "en": 82,
                "eIdx": 5,
                "st": 75
            },
            {
                "ancestor": "",
                "keyword": "[2001년]",
                "ne_type": "",
                "e_type": "WIKILINK",
                "en": 120,
                "eIdx": 6,
                "st": 113
            },
            {
                "ancestor": "",
                "keyword": "[2002년]",
                "ne_type": "",
                "e_type": "WIKILINK",
                "en": 161,
                "eIdx": 7,
                "st": 154
            },
            {
                "ancestor": "",
                "keyword": "<엠씨_더_맥스>",
                "ne_type": "",
                "e_type": "ELU",
                "en": 305,
                "eIdx": 8,
                "st": 296
            },
            {
                "ancestor": "",
                "keyword": "<일본>",
                "ne_type": "",
                "e_type": "ELU",
                "en": 311,
                "eIdx": 9,
                "st": 307
            },
            {
                "ancestor": "",
                "keyword": "<록_밴드>",
                "ne_type": "",
                "e_type": "ELU",
                "en": 322,
                "eIdx": 10,
                "st": 316
            },
            {
                "ancestor": "",
                "keyword": "<재팬_(밴드)>",
                "ne_type": "",
                "e_type": "ELU",
                "en": 336,
                "eIdx": 11,
                "st": 327
            },
            {
                "ancestor": "",
                "keyword": "<다나카_요시키>",
                "ne_type": "",
                "e_type": "ELU",
                "en": 350,
                "eIdx": 12,
                "st": 341
            },
            {
                "ancestor": "",
                "keyword": "<재팬_(밴드)>",
                "ne_type": "",
                "e_type": "ELU",
                "en": 371,
                "eIdx": 13,
                "st": 362
            },
            {
                "ancestor": "",
                "keyword": "<밴드_(애플리케이션)>",
                "ne_type": "",
                "e_type": "ELU",
                "en": 529,
                "eIdx": 14,
                "st": 516
            },
            {
                "ancestor": "",
                "keyword": "<엠씨_더_맥스>",
                "ne_type": "",
                "e_type": "ELU",
                "en": 557,
                "eIdx": 15,
                "st": 548
            },
            {
                "ancestor": "",
                "keyword": "<밴드_(애플리케이션)>",
                "ne_type": "",
                "e_type": "ELU",
                "en": 590,
                "eIdx": 16,
                "st": 577
            }
        ],
        "text": "새로운 시작 (2001년 - 2005년) [2000년]에 [GM기획]에서 4인조 아이돌 밴드 <악단>인 [문차일드]는 [록_발라드]와 [테크노_록] 등의 장르의 음악을 선보였다. 2장의 앨범을 냈으나, [2001년]에 성공적이지 못한 활동으로 인해 잠정 해체되었다. 이듬해인 [2002년]에는 남아있던 멤버 3명이 예전보다 더 나은 음악을 보여주겠다는 의미로 문차일드 이상의 음악을 보여주겠다는 의미의 M.C. The Max라는 새로운 이름의 밴드로 거듭났다. 새로이 결성하고 발매한 1집 《M.C. The Max》에서 엠씨 더 <엠씨_더_맥스>는 <일본>의 인기 <록_밴드>인 엑스 <재팬_(밴드)>의 리더 <다나카_요시키>의 지원을 받아 엑스 <재팬_(밴드)>의 노래인 〈Tears〉를 리메이크한 〈 잠시만 안녕 〉을 타이틀곡으로 내세워 큰 인기를 거두었다. 또한, 1집의 두 번째 CD는 멤버들이 작곡, 작사한 곡들로만 구성되어있는데, 엠씨 더 맥스 멤버들의 음악적 능력도 한껏 느낄 수 있다. 문차일드 때엔 아이돌 <밴드_(애플리케이션)>라는 이미지가 강했으나, 엠씨 더 <엠씨_더_맥스>라는 이름으로의 재기를 통해 실력파 <밴드_(애플리케이션)>로서의 이미지를 구축해나간다.",
        "pIdx": 3
    },
    {
        "pronouns": [],
        "globalSId": [
            956024,
            956025
        ],
        "wikiPageId": 133291,
        "entities": [
            {
                "ancestor": "",
                "keyword": "[2003년]",
                "ne_type": "",
                "e_type": "WIKILINK",
                "en": 7,
                "eIdx": 0,
                "st": 0
            },
            {
                "ancestor": "",
                "keyword": "<엠씨_더_맥스>",
                "ne_type": "",
                "e_type": "ELU",
                "en": 25,
                "eIdx": 1,
                "st": 16
            },
            {
                "ancestor": "",
                "keyword": "[Love_Is_Time_Sixth_Sense]",
                "ne_type": "",
                "e_type": "WIKILINK",
                "en": 57,
                "eIdx": 2,
                "st": 31
            },
            {
                "ancestor": "",
                "keyword": "<일본>",
                "ne_type": "",
                "e_type": "ELU",
                "en": 70,
                "eIdx": 3,
                "st": 66
            },
            {
                "ancestor": "",
                "keyword": "[안전지대_(밴드)]",
                "ne_type": "",
                "e_type": "WIKILINK",
                "en": 87,
                "eIdx": 4,
                "st": 76
            },
            {
                "ancestor": "",
                "keyword": "[다마키_코지]",
                "ne_type": "",
                "e_type": "WIKILINK",
                "en": 100,
                "eIdx": 5,
                "st": 92
            },
            {
                "ancestor": "",
                "keyword": "<사랑>",
                "ne_type": "",
                "e_type": "ELU",
                "en": 111,
                "eIdx": 6,
                "st": 107
            }
        ],
        "text": "[2003년] 말에 엠씨 더 <엠씨_더_맥스>는 2집 《[Love_Is_Time_Sixth_Sense]》를 발매한다. <일본> 록 밴드 [안전지대_(밴드)]의 멤버 [다마키_코지]가 작곡한 〈<사랑>의 시〉를 안전지대의 새 음반과 동시 발매한다.",
        "pIdx": 4
    },
    {
        "pronouns": [],
        "globalSId": [
            956026,
            956027,
            956028
        ],
        "wikiPageId": 133291,
        "entities": [
            {
                "ancestor": "",
                "keyword": "[2004년]",
                "ne_type": "",
                "e_type": "WIKILINK",
                "en": 12,
                "eIdx": 0,
                "st": 5
            },
            {
                "ancestor": "",
                "keyword": "[Solitude_Love]",
                "ne_type": "",
                "e_type": "WIKILINK",
                "en": 37,
                "eIdx": 1,
                "st": 22
            },
            {
                "ancestor": "",
                "keyword": "<일본>",
                "ne_type": "",
                "e_type": "ELU",
                "en": 46,
                "eIdx": 2,
                "st": 42
            },
            {
                "ancestor": "",
                "keyword": "[히로세_코미]",
                "ne_type": "",
                "e_type": "WIKILINK",
                "en": 60,
                "eIdx": 3,
                "st": 52
            },
            {
                "ancestor": "",
                "keyword": "<가미>",
                "ne_type": "",
                "e_type": "ELU",
                "en": 126,
                "eIdx": 4,
                "st": 122
            },
            {
                "ancestor": "",
                "keyword": "<음악>",
                "ne_type": "",
                "e_type": "ELU",
                "en": 157,
                "eIdx": 5,
                "st": 153
            },
            {
                "ancestor": "",
                "keyword": "<전민혁>",
                "ne_type": "",
                "e_type": "ELU",
                "en": 170,
                "eIdx": 6,
                "st": 165
            }
        ],
        "text": "이듬해인 [2004년]에 발표된 3집 《[Solitude_Love]》에서는 <일본>의 여가수 [히로세_코미]가 작곡한 〈행복하지 말아요〉를 타이틀곡으로 하여 활동을 시작했다. 3집에서는 이전보다 더욱 발라드적인 요소가 <가미>되었다. 또한 2집부터 이어져 온 엠씨 더 맥스 <음악>의 발라드화와 <전민혁>, 제이 윤이 세션에 들어가지 못한 것 등이 2집부터 유지되어 엠씨 더 맥스 멤버들은 활동의 의욕을 상실했고, 중간에 활동을 중단하는 사태가 벌어졌다.",
        "pIdx": 5
    },
    {
        "pronouns": [],
        "globalSId": [
            956029,
            956030,
            956031,
            956032,
            956033,
            956034,
            956035,
            956036,
            956037
        ],
        "wikiPageId": 133291,
        "entities": [
            {
                "ancestor": "",
                "keyword": "<엠씨_더_맥스>",
                "ne_type": "",
                "e_type": "ELU",
                "en": 61,
                "eIdx": 0,
                "st": 52
            },
            {
                "ancestor": "",
                "keyword": "[드라마]",
                "ne_type": "",
                "e_type": "WIKILINK",
                "en": 72,
                "eIdx": 1,
                "st": 67
            },
            {
                "ancestor": "",
                "keyword": "[OST_(음악용어)]",
                "ne_type": "",
                "e_type": "WIKILINK",
                "en": 85,
                "eIdx": 2,
                "st": 73
            },
            {
                "ancestor": "",
                "keyword": "<사랑>",
                "ne_type": "",
                "e_type": "ELU",
                "en": 92,
                "eIdx": 3,
                "st": 88
            },
            {
                "ancestor": "",
                "keyword": "[컴필레이션_앨범]",
                "ne_type": "",
                "e_type": "WIKILINK",
                "en": 111,
                "eIdx": 4,
                "st": 101
            },
            {
                "ancestor": "",
                "keyword": "<사랑>",
                "ne_type": "",
                "e_type": "ELU",
                "en": 122,
                "eIdx": 5,
                "st": 118
            },
            {
                "ancestor": "",
                "keyword": "[2006년]",
                "ne_type": "",
                "e_type": "WIKILINK",
                "en": 144,
                "eIdx": 6,
                "st": 137
            },
            {
                "ancestor": "",
                "keyword": "[파라마운트_엔터테인먼트]",
                "ne_type": "",
                "e_type": "WIKILINK",
                "en": 182,
                "eIdx": 7,
                "st": 168
            },
            {
                "ancestor": "",
                "keyword": "[엠씨_더_맥스_2기]",
                "ne_type": "",
                "e_type": "WIKILINK",
                "en": 225,
                "eIdx": 8,
                "st": 213
            },
            {
                "ancestor": "",
                "keyword": "<이>",
                "ne_type": "",
                "e_type": "ELU",
                "en": 240,
                "eIdx": 9,
                "st": 237
            },
            {
                "ancestor": "",
                "keyword": "<핸_솔로>",
                "ne_type": "",
                "e_type": "ELU",
                "en": 248,
                "eIdx": 10,
                "st": 242
            },
            {
                "ancestor": "",
                "keyword": "<이>",
                "ne_type": "",
                "e_type": "ELU",
                "en": 270,
                "eIdx": 11,
                "st": 267
            },
            {
                "ancestor": "",
                "keyword": "<음악>",
                "ne_type": "",
                "e_type": "ELU",
                "en": 290,
                "eIdx": 12,
                "st": 286
            },
            {
                "ancestor": "",
                "keyword": "<엠씨_더_맥스>",
                "ne_type": "",
                "e_type": "ELU",
                "en": 314,
                "eIdx": 13,
                "st": 305
            },
            {
                "ancestor": "",
                "keyword": "<문차일드>",
                "ne_type": "",
                "e_type": "ELU",
                "en": 327,
                "eIdx": 14,
                "st": 321
            },
            {
                "ancestor": "",
                "keyword": "[비타민_엔터테인먼트]",
                "ne_type": "",
                "e_type": "WIKILINK",
                "en": 400,
                "eIdx": 15,
                "st": 388
            },
            {
                "ancestor": "",
                "keyword": "<엠씨_더_맥스>",
                "ne_type": "",
                "e_type": "ELU",
                "en": 446,
                "eIdx": 16,
                "st": 437
            },
            {
                "ancestor": "",
                "keyword": "[2014년]",
                "ne_type": "",
                "e_type": "WIKILINK",
                "en": 471,
                "eIdx": 17,
                "st": 464
            },
            {
                "ancestor": "",
                "keyword": "<소송>",
                "ne_type": "",
                "e_type": "ELU",
                "en": 530,
                "eIdx": 18,
                "st": 526
            },
            {
                "ancestor": "",
                "keyword": "<엠씨_더_맥스>",
                "ne_type": "",
                "e_type": "ELU",
                "en": 573,
                "eIdx": 19,
                "st": 564
            },
            {
                "ancestor": "",
                "keyword": "<이전_(후한)>",
                "ne_type": "",
                "e_type": "ELU",
                "en": 584,
                "eIdx": 20,
                "st": 575
            },
            {
                "ancestor": "",
                "keyword": "<추정>",
                "ne_type": "",
                "e_type": "ELU",
                "en": 614,
                "eIdx": 21,
                "st": 610
            },
            {
                "ancestor": "",
                "keyword": "<사랑>",
                "ne_type": "",
                "e_type": "ELU",
                "en": 626,
                "eIdx": 22,
                "st": 622
            },
            {
                "ancestor": "",
                "keyword": "[The_Perfect_Ballad]",
                "ne_type": "",
                "e_type": "WIKILINK",
                "en": 654,
                "eIdx": 23,
                "st": 634
            },
            {
                "ancestor": "",
                "keyword": "<이>",
                "ne_type": "",
                "e_type": "ELU",
                "en": 678,
                "eIdx": 24,
                "st": 675
            },
            {
                "ancestor": "",
                "keyword": "[김돈규]",
                "ne_type": "",
                "e_type": "WIKILINK",
                "en": 699,
                "eIdx": 25,
                "st": 694
            },
            {
                "ancestor": "",
                "keyword": "<엠씨_더_맥스>",
                "ne_type": "",
                "e_type": "ELU",
                "en": 752,
                "eIdx": 26,
                "st": 743
            },
            {
                "ancestor": "",
                "keyword": "<엠씨_더_맥스>",
                "ne_type": "",
                "e_type": "ELU",
                "en": 825,
                "eIdx": 27,
                "st": 816
            },
            {
                "ancestor": "",
                "keyword": "<소송>",
                "ne_type": "",
                "e_type": "ELU",
                "en": 869,
                "eIdx": 28,
                "st": 865
            },
            {
                "ancestor": "",
                "keyword": "<청구역>",
                "ne_type": "",
                "e_type": "ELU",
                "en": 894,
                "eIdx": 29,
                "st": 889
            }
        ],
        "text": "해체 위기와 재결성 (2006년 - 2007년) 4집 활동이 갑작스럽게 중단되었으나 엠씨 더 <엠씨_더_맥스>는 중간에 [드라마] [OST_(음악용어)]인 〈<사랑>하고 있네요〉와 [컴필레이션_앨범] 수록곡인 〈<사랑>을 찾아서〉를 발매하였다. [2006년] 말을 기해 3명의 멤버와 기존의 소속사인 [파라마운트_엔터테인먼트]와의 계약 기간이 끝났으나, 파라마운트 엔터테인먼트에서 [엠씨_더_맥스_2기]를 데뷔시키고, 보컬 <이>를 <핸_솔로>로 독립시키려 하였다. 이에 보컬 <이>는 \"3명이 함께가 아니라면 <음악>을 할 수 없고, 엠씨 더 <엠씨_더_맥스>의 M.C는 <문차일드>, 즉 우리 셋만을 의미한다\"라고 하며, 소속사의 방침에 반대하여 파라마운트 엔터테인먼트를 떠나 새 소속사인 [비타민_엔터테인먼트]와 계약을 맺었다. 전 소속사인 파라마운트 엔터테인먼트는 엠씨 더 <엠씨_더_맥스>라는 명칭은 자신들의 소속사에서 [2014년]까지 소유하도록 되어 있다며 멤버들의 엠씨 더 맥스 명칭 사용에 법적 제한을 가하려 하였다. 또한 <소송>이 벌어지고 있는 상황에서 파라마운트 엔터테인먼트는 엠씨 더 <엠씨_더_맥스>가 <이전_(후한)>에 녹음하였으나 정규 앨범에 싣지 않은 곡으로 <추정>되는 〈볼때기 <사랑>〉을 수록한 《[The_Perfect_Ballad]》를 출시해버리기도 했다. 이 와중에 <이>는 컴필레이션 앨범에 참여, [김돈규]의 노래를 리메이크한 〈나만의 슬픔〉을 발매하기도 했다. 법원은 결국 엠씨 더 <엠씨_더_맥스> 측에게 승소 판결을 내렸고, 파라마운트 엔터테인먼트는 엠씨 더 맥스 2기 계획을 접어야만 했다. 그리고 엠씨 더 <엠씨_더_맥스>는 전 소속사에서 발매했던 1집부터 4집까지의 음반에 대한 소유권 청구 <소송>을 파라마운트 엔터테인먼트에 대해서 <청구역>했고, 재판이 진행 중이다.",
        "pIdx": 6
    },
    {
        "pronouns": [],
        "globalSId": [
            956038,
            956039,
            956040,
            956041
        ],
        "wikiPageId": 133291,
        "entities": [
            {
                "ancestor": "",
                "keyword": "<엠씨_더_맥스>",
                "ne_type": "",
                "e_type": "ELU",
                "en": 14,
                "eIdx": 0,
                "st": 5
            },
            {
                "ancestor": "",
                "keyword": "[2007년]",
                "ne_type": "",
                "e_type": "WIKILINK",
                "en": 23,
                "eIdx": 1,
                "st": 16
            },
            {
                "ancestor": "",
                "keyword": "[4월_18일]",
                "ne_type": "",
                "e_type": "WIKILINK",
                "en": 32,
                "eIdx": 2,
                "st": 24
            },
            {
                "ancestor": "",
                "keyword": "[Returns]",
                "ne_type": "",
                "e_type": "WIKILINK",
                "en": 47,
                "eIdx": 3,
                "st": 38
            },
            {
                "ancestor": "",
                "keyword": "<형식>",
                "ne_type": "",
                "e_type": "ELU",
                "en": 82,
                "eIdx": 4,
                "st": 78
            },
            {
                "ancestor": "",
                "keyword": "<가미>",
                "ne_type": "",
                "e_type": "ELU",
                "en": 107,
                "eIdx": 5,
                "st": 103
            },
            {
                "ancestor": "",
                "keyword": "<밴드_(애플리케이션)>",
                "ne_type": "",
                "e_type": "ELU",
                "en": 130,
                "eIdx": 6,
                "st": 117
            },
            {
                "ancestor": "",
                "keyword": "<이용_(가수)>",
                "ne_type": "",
                "e_type": "ELU",
                "en": 172,
                "eIdx": 7,
                "st": 163
            },
            {
                "ancestor": "",
                "keyword": "<엠씨_더_맥스>",
                "ne_type": "",
                "e_type": "ELU",
                "en": 192,
                "eIdx": 8,
                "st": 183
            },
            {
                "ancestor": "",
                "keyword": "<보도_(도로)>",
                "ne_type": "",
                "e_type": "ELU",
                "en": 212,
                "eIdx": 9,
                "st": 203
            },
            {
                "ancestor": "",
                "keyword": "[5월_10일]",
                "ne_type": "",
                "e_type": "WIKILINK",
                "en": 251,
                "eIdx": 10,
                "st": 243
            },
            {
                "ancestor": "",
                "keyword": "<엠씨_더_맥스>",
                "ne_type": "",
                "e_type": "ELU",
                "en": 271,
                "eIdx": 11,
                "st": 262
            },
            {
                "ancestor": "",
                "keyword": "[M.C_the_MAX_BEST_Curtain_Call]",
                "ne_type": "",
                "e_type": "WIKILINK",
                "en": 335,
                "eIdx": 12,
                "st": 304
            },
            {
                "ancestor": "",
                "keyword": "<엠씨_더_맥스>",
                "ne_type": "",
                "e_type": "ELU",
                "en": 371,
                "eIdx": 13,
                "st": 362
            }
        ],
        "text": "엠씨 더 <엠씨_더_맥스>는 [2007년] [4월_18일]에 5집 《[Returns]》를 전격 발표했다. 5집은 기존 앨범과 다르게 발라드 <형식>에서 많이 벗어나 록적인 요소를 많이 <가미>해 기존의 발라드 <밴드_(애플리케이션)>라는 인식을 희석시켰다. 그러나 전 소속사에서 언론플레이를 <이용_(가수)>해 원래의 엠씨 더 <엠씨_더_맥스>가 해체했다는 허위 <보도_(도로)>를 하고 엠씨 더 맥스 2기의 싱글 앨범을 발표했으며, [5월_10일]에 기존의 엠씨 더 <엠씨_더_맥스>가 부른 노래들을 편곡하거나 데모로 부른 노래들을 짜깁기한 [M.C_the_MAX_BEST_Curtain_Call]을 발매하는 등의 행위를 하기도 했다. 엠씨 더 <엠씨_더_맥스>는 5집 발매 후 리패키지 음반을 2차례를 더 냈다.",
        "pIdx": 7
    },
    {
        "pronouns": [],
        "globalSId": [
            956042,
            956043,
            956044,
            956045
        ],
        "wikiPageId": 133291,
        "entities": [
            {
                "ancestor": "",
                "keyword": "<이>",
                "ne_type": "",
                "e_type": "ELU",
                "en": 15,
                "eIdx": 0,
                "st": 12
            },
            {
                "ancestor": "",
                "keyword": "<최진이_(가수)>",
                "ne_type": "",
                "e_type": "ELU",
                "en": 35,
                "eIdx": 1,
                "st": 25
            },
            {
                "ancestor": "",
                "keyword": "<진혼곡>",
                "ne_type": "",
                "e_type": "ELU",
                "en": 48,
                "eIdx": 2,
                "st": 43
            },
            {
                "ancestor": "",
                "keyword": "<전민혁>",
                "ne_type": "",
                "e_type": "ELU",
                "en": 106,
                "eIdx": 3,
                "st": 101
            },
            {
                "ancestor": "",
                "keyword": "[신해철]",
                "ne_type": "",
                "e_type": "WIKILINK",
                "en": 139,
                "eIdx": 4,
                "st": 134
            },
            {
                "ancestor": "",
                "keyword": "[비트겐슈타인_(밴드)]",
                "ne_type": "",
                "e_type": "WIKILINK",
                "en": 172,
                "eIdx": 5,
                "st": 159
            },
            {
                "ancestor": "",
                "keyword": "[다빈크]",
                "ne_type": "",
                "e_type": "WIKILINK",
                "en": 210,
                "eIdx": 6,
                "st": 205
            },
            {
                "ancestor": "",
                "keyword": "[일렉트로니카]",
                "ne_type": "",
                "e_type": "WIKILINK",
                "en": 227,
                "eIdx": 7,
                "st": 219
            },
            {
                "ancestor": "",
                "keyword": "<밴드_(애플리케이션)>",
                "ne_type": "",
                "e_type": "ELU",
                "en": 246,
                "eIdx": 8,
                "st": 233
            },
            {
                "ancestor": "",
                "keyword": "[모노토닉]",
                "ne_type": "",
                "e_type": "WIKILINK",
                "en": 254,
                "eIdx": 9,
                "st": 248
            },
            {
                "ancestor": "",
                "keyword": "[자두_(가수)]",
                "ne_type": "",
                "e_type": "WIKILINK",
                "en": 274,
                "eIdx": 10,
                "st": 265
            }
        ],
        "text": "5집 활동이 끝난 후 <이>는 럼블피쉬 보컬 <최진이_(가수)>의 듀엣곡인 〈<진혼곡>〉, 2008년 4월에 발매한 이수의 솔로 음반 《I Am》 등에서 함께 활동했다. 두 음반에 <전민혁>과 제이 윤 모두 세션으로 참여하였다. 제이 윤은 [신해철]이 잠시 결성했었던 테크노 록 그룹 [비트겐슈타인_(밴드)]에서 활동했고 문차일드 1집과 엠씨 더 맥스 5집에 참여한 [다빈크] 임형빈과 함께 [일렉트로니카] 프로젝트 <밴드_(애플리케이션)>인 [모노토닉]으로 활동하였으며, [자두_(가수)]의 5집 앨범에 참여하기도 했다. 이와 같은 멤버들의 독자적인 행보에 M.C THE MAX가 해체하는 것이 아니냐는 소문이 퍼지기도 했다.",
        "pIdx": 8
    },
    {
        "pronouns": [],
        "globalSId": [
            956046,
            956047,
            956048,
            956049,
            956050
        ],
        "wikiPageId": 133291,
        "entities": [
            {
                "ancestor": "",
                "keyword": "<엠씨_더_맥스>",
                "ne_type": "",
                "e_type": "ELU",
                "en": 43,
                "eIdx": 0,
                "st": 34
            },
            {
                "ancestor": "",
                "keyword": "[2008년]",
                "ne_type": "",
                "e_type": "WIKILINK",
                "en": 61,
                "eIdx": 1,
                "st": 54
            },
            {
                "ancestor": "",
                "keyword": "[9월_30일]",
                "ne_type": "",
                "e_type": "WIKILINK",
                "en": 70,
                "eIdx": 2,
                "st": 62
            },
            {
                "ancestor": "",
                "keyword": "[Via_6]",
                "ne_type": "",
                "e_type": "WIKILINK",
                "en": 89,
                "eIdx": 3,
                "st": 82
            },
            {
                "ancestor": "",
                "keyword": "[10월_18일]",
                "ne_type": "",
                "e_type": "WIKILINK",
                "en": 124,
                "eIdx": 4,
                "st": 115
            },
            {
                "ancestor": "",
                "keyword": "[서울]",
                "ne_type": "",
                "e_type": "WIKILINK",
                "en": 130,
                "eIdx": 5,
                "st": 126
            },
            {
                "ancestor": "",
                "keyword": "[연세대학교]",
                "ne_type": "",
                "e_type": "WIKILINK",
                "en": 138,
                "eIdx": 6,
                "st": 131
            },
            {
                "ancestor": "",
                "keyword": "[11월_8일]",
                "ne_type": "",
                "e_type": "WIKILINK",
                "en": 154,
                "eIdx": 7,
                "st": 146
            },
            {
                "ancestor": "",
                "keyword": "[성남_아트센터]",
                "ne_type": "",
                "e_type": "WIKILINK",
                "en": 164,
                "eIdx": 8,
                "st": 155
            },
            {
                "ancestor": "",
                "keyword": "[11월_15일]",
                "ne_type": "",
                "e_type": "WIKILINK",
                "en": 175,
                "eIdx": 9,
                "st": 166
            },
            {
                "ancestor": "",
                "keyword": "[부산KBS홀]",
                "ne_type": "",
                "e_type": "WIKILINK",
                "en": 184,
                "eIdx": 10,
                "st": 176
            },
            {
                "ancestor": "",
                "keyword": "[12월_20일]",
                "ne_type": "",
                "e_type": "WIKILINK",
                "en": 195,
                "eIdx": 11,
                "st": 186
            },
            {
                "ancestor": "",
                "keyword": "[대구보건대학교]",
                "ne_type": "",
                "e_type": "WIKILINK",
                "en": 205,
                "eIdx": 12,
                "st": 196
            },
            {
                "ancestor": "",
                "keyword": "<엠씨_더_맥스>",
                "ne_type": "",
                "e_type": "ELU",
                "en": 257,
                "eIdx": 13,
                "st": 248
            },
            {
                "ancestor": "",
                "keyword": "<눈물>",
                "ne_type": "",
                "e_type": "ELU",
                "en": 264,
                "eIdx": 14,
                "st": 260
            },
            {
                "ancestor": "",
                "keyword": "<이전_(후한)>",
                "ne_type": "",
                "e_type": "ELU",
                "en": 303,
                "eIdx": 15,
                "st": 294
            },
            {
                "ancestor": "",
                "keyword": "<엠씨_더_맥스>",
                "ne_type": "",
                "e_type": "ELU",
                "en": 369,
                "eIdx": 16,
                "st": 360
            },
            {
                "ancestor": "",
                "keyword": "<이전_(후한)>",
                "ne_type": "",
                "e_type": "ELU",
                "en": 380,
                "eIdx": 17,
                "st": 371
            },
            {
                "ancestor": "",
                "keyword": "<일본인>",
                "ne_type": "",
                "e_type": "ELU",
                "en": 387,
                "eIdx": 18,
                "st": 382
            },
            {
                "ancestor": "",
                "keyword": "<엠씨_더_맥스>",
                "ne_type": "",
                "e_type": "ELU",
                "en": 425,
                "eIdx": 19,
                "st": 416
            },
            {
                "ancestor": "",
                "keyword": "<밴드_(애플리케이션)>",
                "ne_type": "",
                "e_type": "ELU",
                "en": 445,
                "eIdx": 20,
                "st": 432
            },
            {
                "ancestor": "",
                "keyword": "<우하이_시>",
                "ne_type": "",
                "e_type": "ELU",
                "en": 454,
                "eIdx": 21,
                "st": 447
            },
            {
                "ancestor": "",
                "keyword": "<삼>",
                "ne_type": "",
                "e_type": "ELU",
                "en": 472,
                "eIdx": 22,
                "st": 469
            }
        ],
        "text": "6집 발매와 군 입대 (2008년 - 2012년 ) 엠씨 더 <엠씨_더_맥스>는 1년 5개월만인 [2008년] [9월_30일]에 정규 6집 앨범 《[Via_6]》를 발매하였다. 또한 6집 발매와 함께 그해 [10월_18일]에 [서울] [연세대학교]에서 시작으로 [11월_8일] [성남_아트센터], [11월_15일] [부산KBS홀], [12월_20일] [대구보건대학교] 인당아트홀에서 전국 투어 콘서트인 “Eclipse”에 서게 된다. 엠씨 더 <엠씨_더_맥스>는 〈<눈물>은 모르게〉로 6집 활동을 시작하였으나 복귀 한달 후 <이전_(후한)>에 정해놓은 타이틀곡인 〈나를 보낸다〉로 활동하게 되었다. 〈나를 보낸다〉는 리메이크곡으로, 엠씨 더 <엠씨_더_맥스>가 <이전_(후한)>에 <일본인>아 타이틀곡을 채택한 경우가 있어 사람들이 엠씨 더 <엠씨_더_맥스>를 리메이크 <밴드_(애플리케이션)>로 <우하이_시>하는 경향이 있어 타이틀곡 <삼>에 논란이 있기도 하였다.",
        "pIdx": 9
    }
]