[
    {
        "pronouns": [],
        "globalSId": [
            3639598,
            3639599,
            3639600,
            3639601
        ],
        "wikiPageId": 1366301,
        "entities": [
            {
                "ancestor": "",
                "keyword": "<도널드_트럼프>",
                "ne_type": "",
                "e_type": "ELU",
                "en": 14,
                "eIdx": 0,
                "st": 5
            },
            {
                "ancestor": "",
                "keyword": "[1970년]",
                "ne_type": "",
                "e_type": "WIKILINK",
                "en": 37,
                "eIdx": 1,
                "st": 30
            },
            {
                "ancestor": "",
                "keyword": "[4월_26일]",
                "ne_type": "",
                "e_type": "WIKILINK",
                "en": 46,
                "eIdx": 2,
                "st": 38
            },
            {
                "ancestor": "",
                "keyword": "[미국]",
                "ne_type": "",
                "e_type": "WIKILINK",
                "en": 56,
                "eIdx": 3,
                "st": 52
            },
            {
                "ancestor": "",
                "keyword": "[퍼스트_레이디]",
                "ne_type": "",
                "e_type": "WIKILINK",
                "en": 67,
                "eIdx": 4,
                "st": 58
            },
            {
                "ancestor": "",
                "keyword": "[모델_(직업)]",
                "ne_type": "",
                "e_type": "WIKILINK",
                "en": 97,
                "eIdx": 5,
                "st": 88
            },
            {
                "ancestor": "",
                "keyword": "<미국>",
                "ne_type": "",
                "e_type": "ELU",
                "en": 119,
                "eIdx": 6,
                "st": 115
            },
            {
                "ancestor": "",
                "keyword": "[도널드_트럼프]",
                "ne_type": "",
                "e_type": "WIKILINK",
                "en": 139,
                "eIdx": 7,
                "st": 130
            },
            {
                "ancestor": "",
                "keyword": "[슬로베니아]",
                "ne_type": "",
                "e_type": "WIKILINK",
                "en": 154,
                "eIdx": 8,
                "st": 147
            },
            {
                "ancestor": "",
                "keyword": "<미국>",
                "ne_type": "",
                "e_type": "ELU",
                "en": 172,
                "eIdx": 9,
                "st": 168
            },
            {
                "ancestor": "",
                "keyword": "[영주권]",
                "ne_type": "",
                "e_type": "WIKILINK",
                "en": 178,
                "eIdx": 10,
                "st": 173
            },
            {
                "ancestor": "",
                "keyword": "<미국>",
                "ne_type": "",
                "e_type": "ELU",
                "en": 196,
                "eIdx": 11,
                "st": 192
            }
        ],
        "text": "멜라니아 <도널드_트럼프>(Melania Trump, [1970년] [4월_26일] ~ )는 [미국]의 [퍼스트_레이디]이다. 이전에는 보석·시계 디자이너, [모델_(직업)] 등에 종사하였다. 2005년, <미국>의 부동산 개발업자 [도널드_트럼프]와 결혼했다. [슬로베니아]에서 태어나 2001년에 <미국> [영주권]을 취득하고 2006년에 <미국>으로 귀화했다.",
        "pIdx": 1
    },
    {
        "pronouns": [],
        "globalSId": [
            3639602,
            3639603,
            3639604
        ],
        "wikiPageId": 1366301,
        "entities": [
            {
                "ancestor": "",
                "keyword": "[도널드_트럼프]",
                "ne_type": "",
                "e_type": "WIKILINK",
                "en": 12,
                "eIdx": 0,
                "st": 3
            },
            {
                "ancestor": "",
                "keyword": "<미국>",
                "ne_type": "",
                "e_type": "ELU",
                "en": 23,
                "eIdx": 1,
                "st": 19
            },
            {
                "ancestor": "",
                "keyword": "<미국>",
                "ne_type": "",
                "e_type": "ELU",
                "en": 93,
                "eIdx": 2,
                "st": 89
            },
            {
                "ancestor": "",
                "keyword": "<퍼스트_레이디>",
                "ne_type": "",
                "e_type": "ELU",
                "en": 120,
                "eIdx": 3,
                "st": 111
            },
            {
                "ancestor": "",
                "keyword": "<이전_(후한)>",
                "ne_type": "",
                "e_type": "ELU",
                "en": 141,
                "eIdx": 4,
                "st": 132
            },
            {
                "ancestor": "",
                "keyword": "[존_퀸시_애덤스]",
                "ne_type": "",
                "e_type": "WIKILINK",
                "en": 162,
                "eIdx": 5,
                "st": 152
            },
            {
                "ancestor": "",
                "keyword": "<존_애덤스>",
                "ne_type": "",
                "e_type": "ELU",
                "en": 179,
                "eIdx": 6,
                "st": 172
            },
            {
                "ancestor": "",
                "keyword": "[영국]",
                "ne_type": "",
                "e_type": "WIKILINK",
                "en": 186,
                "eIdx": 7,
                "st": 182
            }
        ],
        "text": "남편 [도널드_트럼프]가 제45대 <미국> 대통령직에 당선되면서, 그의 부인인 멜라니아는 2017년 1월 20일부터 영부인직을 수행했다. 이로 인해 멜라니아는 <미국>이 아닌 곳에서 태어난 두 번째 <퍼스트_레이디>이 되었다. 멜라니아 <이전_(후한)>에는 제6대 대통령 [존_퀸시_애덤스]의 아내인 루이자 <존_애덤스>로, [영국] 출신이다.",
        "pIdx": 2
    }
]