[
    {
        "globalSId": [
            1295126,
            1295127
        ],
        "pronouns": [],
        "wikiPageId": 215904,
        "entities": [
            {
                "ne_type": "",
                "keyword": "<신경주역>",
                "ancestor": "",
                "e_type": "ELU",
                "en": 6,
                "eIdx": 0,
                "st": 0
            },
            {
                "ne_type": "",
                "keyword": "[대한민국]",
                "ancestor": "",
                "e_type": "WIKILINK",
                "en": 20,
                "eIdx": 1,
                "st": 14
            },
            {
                "ne_type": "",
                "keyword": "[경상북도]",
                "ancestor": "",
                "e_type": "WIKILINK",
                "en": 27,
                "eIdx": 2,
                "st": 21
            },
            {
                "ne_type": "",
                "keyword": "[경주시]",
                "ancestor": "",
                "e_type": "WIKILINK",
                "en": 33,
                "eIdx": 3,
                "st": 28
            },
            {
                "ne_type": "",
                "keyword": "[건천읍]",
                "ancestor": "",
                "e_type": "WIKILINK",
                "en": 39,
                "eIdx": 4,
                "st": 34
            },
            {
                "ne_type": "LOCATION",
                "keyword": "[화천리]",
                "ancestor": "",
                "e_type": "NEW",
                "en": 45,
                "eIdx": 5,
                "st": 40
            },
            {
                "ne_type": "",
                "keyword": "[경부고속철도]",
                "ancestor": "",
                "e_type": "WIKILINK",
                "en": 58,
                "eIdx": 6,
                "st": 50
            },
            {
                "ne_type": "",
                "keyword": "[철도역]",
                "ancestor": "",
                "e_type": "WIKILINK",
                "en": 65,
                "eIdx": 7,
                "st": 60
            },
            {
                "ne_type": "",
                "keyword": "[2010년]",
                "ancestor": "",
                "e_type": "WIKILINK",
                "en": 76,
                "eIdx": 8,
                "st": 69
            },
            {
                "ne_type": "",
                "keyword": "[11월_1일]",
                "ancestor": "",
                "e_type": "WIKILINK",
                "en": 85,
                "eIdx": 9,
                "st": 77
            },
            {
                "ne_type": "",
                "keyword": "[경부고속철도]",
                "ancestor": "",
                "e_type": "WIKILINK",
                "en": 94,
                "eIdx": 10,
                "st": 86
            },
            {
                "ne_type": "",
                "keyword": "[한국고속철도]",
                "ancestor": "",
                "e_type": "WIKILINK",
                "en": 129,
                "eIdx": 11,
                "st": 121
            }
        ],
        "text": "<신경주역>(新慶州驛)은 [대한민국] [경상북도] [경주시] [건천읍] [화천리]에 있는 [경부고속철도]의 [철도역]이다. [2010년] [11월_1일] [경부고속철도] 2단계 구간이 완공되면서 영업을 개시하였으며, [한국고속철도] 열차가 정차하게 되었다.",
        "pIdx": 1
    },
    {
        "pronouns": [],
        "globalSId": [],
        "wikiPageId": 215904,
        "entities": [],
        "text": "",
        "pIdx": 2
    }
]