[
    {
        "pronouns": [],
        "globalSId": [
            587937
        ],
        "wikiPageId": 72061,
        "entities": [
            {
                "ancestor": "",
                "keyword": "[밀가루]",
                "ne_type": "",
                "e_type": "WIKILINK",
                "en": 13,
                "eIdx": 0,
                "st": 8
            },
            {
                "ancestor": "",
                "keyword": "[반죽]",
                "ne_type": "",
                "e_type": "WIKILINK",
                "en": 18,
                "eIdx": 1,
                "st": 14
            },
            {
                "ancestor": "",
                "keyword": "[토마토_소스]",
                "ne_type": "",
                "e_type": "WIKILINK",
                "en": 30,
                "eIdx": 2,
                "st": 22
            },
            {
                "ancestor": "",
                "keyword": "[모차렐라]",
                "ne_type": "",
                "e_type": "WIKILINK",
                "en": 38,
                "eIdx": 3,
                "st": 32
            },
            {
                "ancestor": "",
                "keyword": "[치즈]",
                "ne_type": "",
                "e_type": "WIKILINK",
                "en": 43,
                "eIdx": 4,
                "st": 39
            },
            {
                "ancestor": "",
                "keyword": "[빵]",
                "ne_type": "",
                "e_type": "WIKILINK",
                "en": 67,
                "eIdx": 5,
                "st": 64
            },
            {
                "ancestor": "",
                "keyword": "[문화]",
                "ne_type": "",
                "e_type": "WIKILINK",
                "en": 75,
                "eIdx": 6,
                "st": 71
            },
            {
                "ancestor": "",
                "keyword": "[고기]",
                "ne_type": "",
                "e_type": "WIKILINK",
                "en": 89,
                "eIdx": 7,
                "st": 85
            },
            {
                "ancestor": "",
                "keyword": "[살라미]",
                "ne_type": "",
                "e_type": "WIKILINK",
                "en": 96,
                "eIdx": 8,
                "st": 91
            },
            {
                "ancestor": "",
                "keyword": "[해산물]",
                "ne_type": "",
                "e_type": "WIKILINK",
                "en": 103,
                "eIdx": 9,
                "st": 98
            },
            {
                "ancestor": "",
                "keyword": "[치즈]",
                "ne_type": "",
                "e_type": "WIKILINK",
                "en": 109,
                "eIdx": 10,
                "st": 105
            },
            {
                "ancestor": "",
                "keyword": "[야채]",
                "ne_type": "",
                "e_type": "WIKILINK",
                "en": 115,
                "eIdx": 11,
                "st": 111
            }
        ],
        "text": "피자(, )는 [밀가루] [반죽] 위에 [토마토_소스], [모차렐라] [치즈]를 얹어서 둥글고 납작한 형태로 구운 [빵]으로, [문화]와 기호에 따라서 [고기], [살라미], [해산물], [치즈], [야채]를 비롯한 다양한 종류의 토핑을 선택하여 얹을 수 있다.",
        "pIdx": 1
    }
]