[
    {
        "pronouns": [],
        "globalSId": [
            2180130
        ],
        "wikiPageId": 499794,
        "entities": [
            {
                "ancestor": "",
                "keyword": "[YUI]",
                "ne_type": "",
                "e_type": "WIKILINK",
                "en": 59,
                "eIdx": 0,
                "st": 54
            },
            {
                "ancestor": "",
                "keyword": "[MY_SHORT_STORIES]",
                "ne_type": "",
                "e_type": "WIKILINK",
                "en": 107,
                "eIdx": 1,
                "st": 89
            },
            {
                "ancestor": "",
                "keyword": "[YUI]",
                "ne_type": "",
                "e_type": "WIKILINK",
                "en": 120,
                "eIdx": 2,
                "st": 115
            }
        ],
        "text": "《HOLIDAYS IN THE SUN》(홀리데이즈 인 더 선)은 2010년 7월 14일에 발매된 [YUI]의 4번째 정규 음반이며, 커플링 베스트 음반이었던 《[MY_SHORT_STORIES]》까지 합하면 [YUI]의 5번째 음반이다.",
        "pIdx": 1
    },
    {
        "pronouns": [],
        "globalSId": [
            2180131,
            2180132,
            2180133
        ],
        "wikiPageId": 499794,
        "entities": [
            {
                "ancestor": "",
                "keyword": "<이후_(소설가)>",
                "ne_type": "",
                "e_type": "ELU",
                "en": 52,
                "eIdx": 0,
                "st": 42
            },
            {
                "ancestor": "",
                "keyword": "[Summer_Song]",
                "ne_type": "",
                "e_type": "WIKILINK",
                "en": 80,
                "eIdx": 1,
                "st": 67
            },
            {
                "ancestor": "",
                "keyword": "[again_(싱글)]",
                "ne_type": "",
                "e_type": "WIKILINK",
                "en": 96,
                "eIdx": 2,
                "st": 84
            },
            {
                "ancestor": "",
                "keyword": "[It's_all_too_much/Never_say_die]",
                "ne_type": "",
                "e_type": "WIKILINK",
                "en": 132,
                "eIdx": 3,
                "st": 99
            },
            {
                "ancestor": "",
                "keyword": "[GLORIA]",
                "ne_type": "",
                "e_type": "WIKILINK",
                "en": 143,
                "eIdx": 4,
                "st": 135
            },
            {
                "ancestor": "",
                "keyword": "[to_Mother]",
                "ne_type": "",
                "e_type": "WIKILINK",
                "en": 157,
                "eIdx": 5,
                "st": 146
            }
        ],
        "text": "이 앨범에는 YUI가 2009년에 컴백하기 전에 발매한 싱글 1개와, 컴백 <이후_(소설가)>로 발매했던 4개의 싱글 〈[Summer_Song]〉, 〈[again_(싱글)]〉,〈[It's_all_too_much/Never_say_die]〉,〈[GLORIA]〉,〈[to_Mother]〉의 타이틀 곡들이 포함되었다. 이 중 〈It's all too much/Never say die〉의 타이틀 곡 중 A면 타이틀 곡인 It's all too much만 수록되었으며, B면 타이틀 곡인 Never say die는 수록되지 않았다. 이 앨범에 들어간 신곡은 총 8곡이다.",
        "pIdx": 2
    },
    {
        "pronouns": [],
        "globalSId": [
            2180134,
            2180135,
            2180136
        ],
        "wikiPageId": 499794,
        "entities": [
            {
                "ancestor": "",
                "keyword": "[MY_SHORT_STORIES]",
                "ne_type": "",
                "e_type": "WIKILINK",
                "en": 60,
                "eIdx": 0,
                "st": 42
            }
        ],
        "text": "이 앨범은 YUI가 데뷔한 지 5년만에 발매된 앨범이다. 또한 이 앨범은 《[MY_SHORT_STORIES]》 이후 2년 3개월 만에 만들어진 앨범으로, YUI는 스스로 이 앨범을 가리켜 '자신작'이라고 밝혔다. 이 앨범은 오리콘 데일리 및 위클리 앨범 차트에서 1위를 차지하였다.",
        "pIdx": 3
    }
]