[
    {
        "entities": [
            {
                "keyword": "<우루과이>",
                "ancestor": "",
                "st": 0,
                "eIdx": 0,
                "ne_type": "",
                "en": 6,
                "e_type": "ELU"
            },
            {
                "keyword": "<우루과이>",
                "ancestor": "",
                "st": 25,
                "eIdx": 1,
                "ne_type": "",
                "en": 31,
                "e_type": "ELU"
            },
            {
                "keyword": "[남아메리카]",
                "ancestor": "",
                "st": 33,
                "eIdx": 2,
                "ne_type": "",
                "en": 40,
                "e_type": "WIKILINK"
            },
            {
                "keyword": "[공화국]",
                "ancestor": "",
                "st": 49,
                "eIdx": 3,
                "ne_type": "",
                "en": 54,
                "e_type": "WIKILINK"
            }
        ],
        "text": "<우루과이>(우루과이 東方共和國, ), 약칭 <우루과이>는 [남아메리카] 남동부에 있는 [공화국]이다.",
        "globalSId": [
            160864
        ],
        "pIdx": 1,
        "pronouns": [],
        "wikiPageId": 10231
    }
]