[
    {
        "pronouns": [],
        "globalSId": [
            553018,
            553019,
            553020,
            553021
        ],
        "wikiPageId": 67218,
        "entities": [
            {
                "ancestor": "",
                "keyword": "[1809년]",
                "ne_type": "",
                "e_type": "WIKILINK",
                "en": 13,
                "eIdx": 0,
                "st": 6
            },
            {
                "ancestor": "",
                "keyword": "<에드워드_7세>",
                "ne_type": "",
                "e_type": "ELU",
                "en": 36,
                "eIdx": 1,
                "st": 27
            },
            {
                "ancestor": "",
                "keyword": "<제인_오스틴>",
                "ne_type": "",
                "e_type": "ELU",
                "en": 78,
                "eIdx": 2,
                "st": 70
            }
        ],
        "text": "튜턴 시기 [1809년] 아내를 잃은 셋째 오빠 <에드워드_7세>가 본인의 영지가 있는 초턴의 관리인 관리인 집을 내어준다. <제인_오스틴>은 죽을 때까지 이 집에 정착한다. 이 집은 오스틴 기념관으로 일반에 개방된다.",
        "pIdx": 10
    },
    {
        "pronouns": [],
        "globalSId": [
            553022,
            553023,
            553024,
            553025,
            553026
        ],
        "wikiPageId": 67218,
        "entities": [
            {
                "ancestor": "",
                "keyword": "[1811년]",
                "ne_type": "",
                "e_type": "WIKILINK",
                "en": 7,
                "eIdx": 0,
                "st": 0
            },
            {
                "ancestor": "",
                "keyword": "<맨스필드_파크>",
                "ne_type": "",
                "e_type": "ELU",
                "en": 19,
                "eIdx": 1,
                "st": 10
            },
            {
                "ancestor": "",
                "keyword": "<이성>",
                "ne_type": "",
                "e_type": "ELU",
                "en": 38,
                "eIdx": 2,
                "st": 34
            },
            {
                "ancestor": "",
                "keyword": "[1813년]",
                "ne_type": "",
                "e_type": "WIKILINK",
                "en": 68,
                "eIdx": 3,
                "st": 61
            },
            {
                "ancestor": "",
                "keyword": "<오만>",
                "ne_type": "",
                "e_type": "ELU",
                "en": 92,
                "eIdx": 4,
                "st": 88
            },
            {
                "ancestor": "",
                "keyword": "[1814년]",
                "ne_type": "",
                "e_type": "WIKILINK",
                "en": 149,
                "eIdx": 5,
                "st": 142
            },
            {
                "ancestor": "",
                "keyword": "<맨스필드_파크>",
                "ne_type": "",
                "e_type": "ELU",
                "en": 163,
                "eIdx": 6,
                "st": 154
            },
            {
                "ancestor": "",
                "keyword": "<제인_오스틴>",
                "ne_type": "",
                "e_type": "ELU",
                "en": 192,
                "eIdx": 7,
                "st": 184
            },
            {
                "ancestor": "",
                "keyword": "[1815년]",
                "ne_type": "",
                "e_type": "WIKILINK",
                "en": 223,
                "eIdx": 8,
                "st": 216
            },
            {
                "ancestor": "",
                "keyword": "<엠마_(만화)>",
                "ne_type": "",
                "e_type": "ELU",
                "en": 239,
                "eIdx": 9,
                "st": 230
            },
            {
                "ancestor": "",
                "keyword": "[조지_4세]",
                "ne_type": "",
                "e_type": "WIKILINK",
                "en": 277,
                "eIdx": 10,
                "st": 270
            },
            {
                "ancestor": "",
                "keyword": "<엠마_(만화)>",
                "ne_type": "",
                "e_type": "ELU",
                "en": 306,
                "eIdx": 11,
                "st": 297
            }
        ],
        "text": "[1811년], 《<맨스필드_파크>》를 기고하였고, 나아가 《<이성>과 감성》을 익명으로 출판하였다. 게다가 [1813년] 1월에는 《첫인상》을 기초로 한 《<오만>과 편견》을 출판했다. 이 작품들은 모두 익명으로 발표되어 친한 이에게도 밝히지 않았다. [1814년] 5월 《<맨스필드_파크>》를 간행하지만, 독자나 문단으로부터 <제인_오스틴>이라는 이름이 알려질 것은 없었다. 하지만 [1815년] 10월, 《<엠마_(만화)>》의 출판의 직전에, 우연히 제인의 애독자가 된 이후의 [조지_4세](당시는 섭정관)를 대접하고, 급히 <엠마_(만화)>를 섭정관에 헌정 했다.",
        "pIdx": 11
    },
    {
        "pronouns": [],
        "globalSId": [
            553027,
            553028
        ],
        "wikiPageId": 67218,
        "entities": [
            {
                "ancestor": "",
                "keyword": "[1816년]",
                "ne_type": "",
                "e_type": "WIKILINK",
                "en": 7,
                "eIdx": 0,
                "st": 0
            },
            {
                "ancestor": "",
                "keyword": "[:en:Addison's_disease]",
                "ne_type": "",
                "e_type": "WIKILINK",
                "en": 64,
                "eIdx": 1,
                "st": 41
            },
            {
                "ancestor": "",
                "keyword": "[1817년]",
                "ne_type": "",
                "e_type": "WIKILINK",
                "en": 85,
                "eIdx": 2,
                "st": 78
            },
            {
                "ancestor": "",
                "keyword": "[윈체스터]",
                "ne_type": "",
                "e_type": "WIKILINK",
                "en": 123,
                "eIdx": 3,
                "st": 117
            },
            {
                "ancestor": "",
                "keyword": "[7월_18일]",
                "ne_type": "",
                "e_type": "WIKILINK",
                "en": 145,
                "eIdx": 4,
                "st": 137
            },
            {
                "ancestor": "",
                "keyword": "[윈체스터_대성당]",
                "ne_type": "",
                "e_type": "WIKILINK",
                "en": 177,
                "eIdx": 5,
                "st": 167
            },
            {
                "ancestor": "",
                "keyword": "[1818년]",
                "ne_type": "",
                "e_type": "WIKILINK",
                "en": 194,
                "eIdx": 6,
                "st": 187
            },
            {
                "ancestor": "",
                "keyword": "<노생거_사원>",
                "ne_type": "",
                "e_type": "ELU",
                "en": 205,
                "eIdx": 7,
                "st": 197
            }
        ],
        "text": "[1816년]이 되자 몸상태가 자주 악화되어 병상에 오래 누웠다.(현재는 [:en:Addison's_disease]에 감염되었다고 추측함) [1817년]에는 『샌디션(Sandition)』 집필도중 요양을 위해 [윈체스터]로 옮겼지만, 2개월 후 [7월_18일]에 42세의 나이로 사망했다. 그녀는 《[윈체스터_대성당]》에 매장되었고, [1818년]에 《<노생거_사원>》(Northanger Abbey)과 《설득》(Persuasion)이 출판되었다.",
        "pIdx": 12
    },
    {
        "pronouns": [],
        "globalSId": [],
        "wikiPageId": 67218,
        "entities": [],
        "text": "",
        "pIdx": 13
    },
    {
        "pronouns": [],
        "globalSId": [],
        "wikiPageId": 67218,
        "entities": [],
        "text": "",
        "pIdx": 14
    },
    {
        "pronouns": [],
        "globalSId": [
            553029,
            553030,
            553031,
            553032
        ],
        "wikiPageId": 67218,
        "entities": [
            {
                "ancestor": "",
                "keyword": "<제인_오스틴>",
                "ne_type": "",
                "e_type": "ELU",
                "en": 11,
                "eIdx": 0,
                "st": 3
            },
            {
                "ancestor": "",
                "keyword": "<동안_(현)>",
                "ne_type": "",
                "e_type": "ELU",
                "en": 79,
                "eIdx": 1,
                "st": 71
            },
            {
                "ancestor": "",
                "keyword": "<조사_(품사)>",
                "ne_type": "",
                "e_type": "ELU",
                "en": 136,
                "eIdx": 2,
                "st": 127
            },
            {
                "ancestor": "",
                "keyword": "<윌리엄_셰익스피어>",
                "ne_type": "",
                "e_type": "ELU",
                "en": 150,
                "eIdx": 3,
                "st": 139
            }
        ],
        "text": "평가 <제인_오스틴>은 영국 소설의 ‘위대한 전통’을 창시했다는 평가를 받고 있다. 단 여섯 편의 소설로 200년 가까운 세월 <동안_(현)> 전 세계의 독자들을 매료시켰다. BBC가 ‘지난 천년간 최고의 문학가’를 묻는 설문 <조사_(품사)>에서 <윌리엄_셰익스피어>에 이어 2위를 차지했다.",
        "pIdx": 15
    },
    {
        "pronouns": [],
        "globalSId": [
            553033
        ],
        "wikiPageId": 67218,
        "entities": [
            {
                "ancestor": "",
                "keyword": "[프랑스_혁명]",
                "ne_type": "",
                "e_type": "WIKILINK",
                "en": 9,
                "eIdx": 0,
                "st": 1
            },
            {
                "ancestor": "",
                "keyword": "[미국_독립전쟁]",
                "ne_type": "",
                "e_type": "WIKILINK",
                "en": 22,
                "eIdx": 1,
                "st": 13
            },
            {
                "ancestor": "",
                "keyword": "<프랑스>",
                "ne_type": "",
                "e_type": "ELU",
                "en": 30,
                "eIdx": 2,
                "st": 25
            },
            {
                "ancestor": "",
                "keyword": "<오스틴_(텍사스_주)>",
                "ne_type": "",
                "e_type": "ELU",
                "en": 96,
                "eIdx": 3,
                "st": 83
            }
        ],
        "text": "《[프랑스_혁명]》, 《[미국_독립전쟁]》, <프랑스>와의 빈번한 전쟁 등으로 혼란스러웠던 격변기에, 한적한 시골을 배경으로 젊은이들의 연애를 그린 <오스틴_(텍사스_주)>의 소설은 역사의식과 사회 인식이 결핍되어 있다는 비판을 받기도 했다.",
        "pIdx": 16
    },
    {
        "pronouns": [],
        "globalSId": [
            553034,
            553035
        ],
        "wikiPageId": 67218,
        "entities": [
            {
                "ancestor": "",
                "keyword": "<오스틴_(텍사스_주)>",
                "ne_type": "",
                "e_type": "ELU",
                "en": 13,
                "eIdx": 0,
                "st": 0
            },
            {
                "ancestor": "",
                "keyword": "<사실>",
                "ne_type": "",
                "e_type": "ELU",
                "en": 50,
                "eIdx": 1,
                "st": 46
            },
            {
                "ancestor": "",
                "keyword": "<오스틴_(텍사스_주)>",
                "ne_type": "",
                "e_type": "ELU",
                "en": 68,
                "eIdx": 2,
                "st": 55
            },
            {
                "ancestor": "",
                "keyword": "<실험>",
                "ne_type": "",
                "e_type": "ELU",
                "en": 208,
                "eIdx": 3,
                "st": 204
            },
            {
                "ancestor": "",
                "keyword": "<정교>",
                "ne_type": "",
                "e_type": "ELU",
                "en": 227,
                "eIdx": 4,
                "st": 223
            },
            {
                "ancestor": "",
                "keyword": "<창조주의>",
                "ne_type": "",
                "e_type": "ELU",
                "en": 242,
                "eIdx": 5,
                "st": 236
            }
        ],
        "text": "<오스틴_(텍사스_주)>의 소설이 개인들의 일상생활에 한정된 소우주를 그려낸 것은 <사실>이지만, <오스틴_(텍사스_주)>은 누구보다도 세밀한 관찰력과 날카로운 비판적 시각으로 당대의 물질 지향적인 세태상과 허위의식을 풍자하면서 도덕의식을 예리하게 탐구했다. 또한 당대에 유행하던 고딕 소설과 감상 소설, 로맨스 등 대중적인 문학 장르의 관례적인 기법들을 다양하게 <실험>하면서 리얼리즘에 입각하여 <정교>한 작품 세계를 <창조주의>했다.",
        "pIdx": 17
    },
    {
        "pronouns": [],
        "globalSId": [
            553036,
            553037
        ],
        "wikiPageId": 67218,
        "entities": [
            {
                "ancestor": "",
                "keyword": "[찰스_디킨스]",
                "ne_type": "",
                "e_type": "WIKILINK",
                "en": 39,
                "eIdx": 0,
                "st": 31
            },
            {
                "ancestor": "",
                "keyword": "[조지_엘리엇]",
                "ne_type": "",
                "e_type": "WIKILINK",
                "en": 49,
                "eIdx": 1,
                "st": 41
            },
            {
                "ancestor": "",
                "keyword": "[빅토리아_시대]",
                "ne_type": "",
                "e_type": "WIKILINK",
                "en": 61,
                "eIdx": 2,
                "st": 52
            },
            {
                "ancestor": "",
                "keyword": "[:en:George_Henry_Lewes]",
                "ne_type": "",
                "e_type": "WIKILINK",
                "en": 125,
                "eIdx": 3,
                "st": 101
            },
            {
                "ancestor": "",
                "keyword": "[헨리_제임스]",
                "ne_type": "",
                "e_type": "WIKILINK",
                "en": 135,
                "eIdx": 4,
                "st": 127
            },
            {
                "ancestor": "",
                "keyword": "<정전_(군사)>",
                "ne_type": "",
                "e_type": "ELU",
                "en": 166,
                "eIdx": 5,
                "st": 157
            }
        ],
        "text": "생전에 발표된 작품들은 비교적 호응을 얻었으나 사후에는 [찰스_디킨스]와 [조지_엘리엇] 등 [빅토리아_시대]의 소설가들에게 가려져서 별다른 반응을 얻지 못했다. 19세기 후반부터 [:en:George_Henry_Lewes]와 [헨리_제임스]와 같은 비평가들의 격찬에 힘입어 문학 <정전_(군사)>의 반열에 들게 되고 대중적으로도 큰 인기를 얻게 되었다.",
        "pIdx": 18
    },
    {
        "pronouns": [],
        "globalSId": [
            553038
        ],
        "wikiPageId": 67218,
        "entities": [
            {
                "ancestor": "",
                "keyword": "<오스틴_(텍사스_주)>",
                "ne_type": "",
                "e_type": "ELU",
                "en": 26,
                "eIdx": 0,
                "st": 13
            },
            {
                "ancestor": "",
                "keyword": "<영화>",
                "ne_type": "",
                "e_type": "ELU",
                "en": 61,
                "eIdx": 1,
                "st": 57
            },
            {
                "ancestor": "",
                "keyword": "<대중>",
                "ne_type": "",
                "e_type": "ELU",
                "en": 91,
                "eIdx": 2,
                "st": 87
            },
            {
                "ancestor": "",
                "keyword": "<ㅈ>",
                "ne_type": "",
                "e_type": "ELU",
                "en": 101,
                "eIdx": 3,
                "st": 98
            }
        ],
        "text": "20세기 후반에 이르러 <오스틴_(텍사스_주)>의 소설들은 수백만의 열광적인 독자들을 확보하게 되었고 <영화>, 연극, 드라마 등에서 무수히 리메이크되면서 <대중>적인 컬트로 <ㅈ> 잡게 되었다.",
        "pIdx": 19
    }
]