[
    {
        "pronouns": [],
        "globalSId": [
            1398354
        ],
        "wikiPageId": 242294,
        "entities": [
            {
                "ancestor": "",
                "keyword": "<김재호_(야구_선수)>",
                "ne_type": "",
                "e_type": "ELU",
                "en": 13,
                "eIdx": 0,
                "st": 0
            },
            {
                "ancestor": "",
                "keyword": "[1985년]",
                "ne_type": "",
                "e_type": "WIKILINK",
                "en": 26,
                "eIdx": 1,
                "st": 19
            },
            {
                "ancestor": "",
                "keyword": "[3월_21일]",
                "ne_type": "",
                "e_type": "WIKILINK",
                "en": 35,
                "eIdx": 2,
                "st": 27
            },
            {
                "ancestor": "",
                "keyword": "[KBO_리그]",
                "ne_type": "",
                "e_type": "WIKILINK",
                "en": 49,
                "eIdx": 3,
                "st": 41
            },
            {
                "ancestor": "",
                "keyword": "[두산_베어스]",
                "ne_type": "",
                "e_type": "WIKILINK",
                "en": 58,
                "eIdx": 4,
                "st": 50
            },
            {
                "ancestor": "",
                "keyword": "[내야수]",
                "ne_type": "",
                "e_type": "WIKILINK",
                "en": 65,
                "eIdx": 5,
                "st": 60
            }
        ],
        "text": "<김재호_(야구_선수)>(金宰鎬, [1985년] [3월_21일] ~ )는 [KBO_리그] [두산_베어스]의 [내야수]이다.",
        "pIdx": 1
    },
    {
        "pronouns": [],
        "globalSId": [
            1398355,
            1398356
        ],
        "wikiPageId": 242294,
        "entities": [
            {
                "ancestor": "",
                "keyword": "[두산_베어스]",
                "ne_type": "",
                "e_type": "WIKILINK",
                "en": 8,
                "eIdx": 0,
                "st": 0
            },
            {
                "ancestor": "",
                "keyword": "<서울남정초등학교>",
                "ne_type": "",
                "e_type": "ELU",
                "en": 22,
                "eIdx": 1,
                "st": 12
            },
            {
                "ancestor": "",
                "keyword": "<제주중앙중학교>",
                "ne_type": "",
                "e_type": "ELU",
                "en": 33,
                "eIdx": 2,
                "st": 24
            },
            {
                "ancestor": "",
                "keyword": "[중앙고등학교]",
                "ne_type": "",
                "e_type": "WIKILINK",
                "en": 43,
                "eIdx": 3,
                "st": 35
            },
            {
                "ancestor": "",
                "keyword": "<졸업>",
                "ne_type": "",
                "e_type": "ELU",
                "en": 49,
                "eIdx": 4,
                "st": 45
            },
            {
                "ancestor": "",
                "keyword": "[2004년]",
                "ne_type": "",
                "e_type": "WIKILINK",
                "en": 59,
                "eIdx": 5,
                "st": 52
            },
            {
                "ancestor": "",
                "keyword": "[두산_베어스]",
                "ne_type": "",
                "e_type": "WIKILINK",
                "en": 68,
                "eIdx": 6,
                "st": 60
            },
            {
                "ancestor": "",
                "keyword": "<지명학>",
                "ne_type": "",
                "e_type": "ELU",
                "en": 78,
                "eIdx": 7,
                "st": 73
            },
            {
                "ancestor": "",
                "keyword": "[2004년_한국_프로_야구_병역_비리_사건]",
                "ne_type": "",
                "e_type": "WIKILINK",
                "en": 118,
                "eIdx": 8,
                "st": 93
            }
        ],
        "text": "[두산_베어스] 시절 <서울남정초등학교>, <제주중앙중학교>, [중앙고등학교]를 <졸업>하고 [2004년] [두산_베어스]의 1차 <지명학>을 받아 입단했으나 그 해 [2004년_한국_프로_야구_병역_비리_사건]에 연루되어 그 해 시즌 잔여 경기 출장 금지 조치를 받았다.",
        "pIdx": 2
    },
    {
        "pronouns": [],
        "globalSId": [
            1398357,
            1398358
        ],
        "wikiPageId": 242294,
        "entities": [
            {
                "ancestor": "",
                "keyword": "[상무_야구단]",
                "ne_type": "",
                "e_type": "WIKILINK",
                "en": 8,
                "eIdx": 0,
                "st": 0
            },
            {
                "ancestor": "",
                "keyword": "[상무_피닉스_(야구)]",
                "ne_type": "",
                "e_type": "WIKILINK",
                "en": 44,
                "eIdx": 1,
                "st": 31
            },
            {
                "ancestor": "",
                "keyword": "[2007년]",
                "ne_type": "",
                "e_type": "WIKILINK",
                "en": 58,
                "eIdx": 2,
                "st": 51
            },
            {
                "ancestor": "",
                "keyword": "[전역_(복무)]",
                "ne_type": "",
                "e_type": "WIKILINK",
                "en": 68,
                "eIdx": 3,
                "st": 59
            }
        ],
        "text": "[상무_야구단] 시절 2005 시즌을 보내고 그 해 말 [상무_피닉스_(야구)]에 입대하여 [2007년] [전역_(복무)]했다.",
        "pIdx": 3
    },
    {
        "pronouns": [],
        "globalSId": [
            1398359,
            1398360,
            1398361,
            1398362
        ],
        "wikiPageId": 242294,
        "entities": [
            {
                "ancestor": "",
                "keyword": "[두산_베어스]",
                "ne_type": "",
                "e_type": "WIKILINK",
                "en": 8,
                "eIdx": 0,
                "st": 0
            },
            {
                "ancestor": "",
                "keyword": "[2008년]",
                "ne_type": "",
                "e_type": "WIKILINK",
                "en": 19,
                "eIdx": 1,
                "st": 12
            },
            {
                "ancestor": "",
                "keyword": "[유격수]",
                "ne_type": "",
                "e_type": "WIKILINK",
                "en": 28,
                "eIdx": 2,
                "st": 23
            },
            {
                "ancestor": "",
                "keyword": "[이대수]",
                "ne_type": "",
                "e_type": "WIKILINK",
                "en": 34,
                "eIdx": 3,
                "st": 29
            },
            {
                "ancestor": "",
                "keyword": "[유격수]",
                "ne_type": "",
                "e_type": "WIKILINK",
                "en": 52,
                "eIdx": 4,
                "st": 47
            },
            {
                "ancestor": "",
                "keyword": "<부상_(몸)>",
                "ne_type": "",
                "e_type": "ELU",
                "en": 66,
                "eIdx": 5,
                "st": 58
            },
            {
                "ancestor": "",
                "keyword": "[이대수]",
                "ne_type": "",
                "e_type": "WIKILINK",
                "en": 78,
                "eIdx": 6,
                "st": 73
            },
            {
                "ancestor": "",
                "keyword": "[손시헌]",
                "ne_type": "",
                "e_type": "WIKILINK",
                "en": 120,
                "eIdx": 7,
                "st": 115
            },
            {
                "ancestor": "",
                "keyword": "[고영민]",
                "ne_type": "",
                "e_type": "WIKILINK",
                "en": 127,
                "eIdx": 8,
                "st": 122
            },
            {
                "ancestor": "",
                "keyword": "[오재원]",
                "ne_type": "",
                "e_type": "WIKILINK",
                "en": 134,
                "eIdx": 9,
                "st": 129
            },
            {
                "ancestor": "",
                "keyword": "[이원석_(야구_선수)]",
                "ne_type": "",
                "e_type": "WIKILINK",
                "en": 149,
                "eIdx": 10,
                "st": 136
            },
            {
                "ancestor": "",
                "keyword": "[대주자]",
                "ne_type": "",
                "e_type": "WIKILINK",
                "en": 182,
                "eIdx": 11,
                "st": 177
            },
            {
                "ancestor": "",
                "keyword": "[고영민]",
                "ne_type": "",
                "e_type": "WIKILINK",
                "en": 208,
                "eIdx": 12,
                "st": 203
            },
            {
                "ancestor": "",
                "keyword": "[이원석_(야구_선수)]",
                "ne_type": "",
                "e_type": "WIKILINK",
                "en": 237,
                "eIdx": 13,
                "st": 224
            },
            {
                "ancestor": "",
                "keyword": "<질소_고정>",
                "ne_type": "",
                "e_type": "ELU",
                "en": 251,
                "eIdx": 14,
                "st": 244
            },
            {
                "ancestor": "",
                "keyword": "[오재원]",
                "ne_type": "",
                "e_type": "WIKILINK",
                "en": 258,
                "eIdx": 15,
                "st": 253
            },
            {
                "ancestor": "",
                "keyword": "<질소_고정>",
                "ne_type": "",
                "e_type": "ELU",
                "en": 272,
                "eIdx": 16,
                "st": 265
            },
            {
                "ancestor": "",
                "keyword": "[손시헌]",
                "ne_type": "",
                "e_type": "WIKILINK",
                "en": 286,
                "eIdx": 17,
                "st": 281
            },
            {
                "ancestor": "",
                "keyword": "<소>",
                "ne_type": "",
                "e_type": "ELU",
                "en": 337,
                "eIdx": 18,
                "st": 334
            }
        ],
        "text": "[두산_베어스] 복귀 [2008년] 주전 [유격수] [이대수]의 부상으로 대신 주전 [유격수]로 출전해 <부상_(몸)>에서 돌아온 [이대수]와 주전 경쟁을 했다. 빠른 발은 있지만 타격이 부족해 그 후로는 [손시헌], [고영민], [오재원], [이원석_(야구_선수)] 등에게 밀려 주전에서 밀려나게 되었고 경기 막판 [대주자]나 대수비로 출장하게 되었다. 하지만 [고영민]의 부진에 의한 2군 강등, [이원석_(야구_선수)]의 3루수비 <질소_고정>, [오재원]의 1루수비 <질소_고정>, 주전 유격수 [손시헌]의 노쇠화로 2012년 후반부터 기회를 얻기 시작했고, 2013년에 주전자리를 꿰차며 <소>의 기량을 뽐냈다.",
        "pIdx": 4
    }
]