[
    {
        "pronouns": [],
        "globalSId": [
            524024,
            524025
        ],
        "wikiPageId": 61963,
        "entities": [
            {
                "ancestor": "",
                "keyword": "<갤러가>",
                "ne_type": "",
                "e_type": "ELU",
                "en": 6,
                "eIdx": 0,
                "st": 1
            },
            {
                "ancestor": "",
                "keyword": "[남코]",
                "ne_type": "",
                "e_type": "WIKILINK",
                "en": 23,
                "eIdx": 1,
                "st": 19
            },
            {
                "ancestor": "",
                "keyword": "[1981년]",
                "ne_type": "",
                "e_type": "WIKILINK",
                "en": 33,
                "eIdx": 2,
                "st": 26
            },
            {
                "ancestor": "",
                "keyword": "[9월]",
                "ne_type": "",
                "e_type": "WIKILINK",
                "en": 38,
                "eIdx": 3,
                "st": 34
            },
            {
                "ancestor": "",
                "keyword": "[아케이드_게임]",
                "ne_type": "",
                "e_type": "WIKILINK",
                "en": 53,
                "eIdx": 4,
                "st": 44
            },
            {
                "ancestor": "",
                "keyword": "<대한민국>",
                "ne_type": "",
                "e_type": "ELU",
                "en": 63,
                "eIdx": 5,
                "st": 57
            },
            {
                "ancestor": "",
                "keyword": "<갤러가>",
                "ne_type": "",
                "e_type": "ELU",
                "en": 72,
                "eIdx": 6,
                "st": 67
            },
            {
                "ancestor": "",
                "keyword": "<갤러가>",
                "ne_type": "",
                "e_type": "ELU",
                "en": 129,
                "eIdx": 7,
                "st": 124
            }
        ],
        "text": "《<갤러가>》(Galaga, )는 [남코]에서 [1981년] [9월]에 발매된 [아케이드_게임]으로, <대한민국>에서는 <갤러가>의 복제 기판에서 \"Galaga\"에서 \"Gallag\"(일본어 표기는 ギャラッグ)로 되어 있어 <갤러가> 혹은 벌레잡기라는 이름으로 알려져 있다. 그 밖에도 \"NEBULOUS BEE\", \"ギャンダ(영칭 불명)\" 등의 복제 기판도 있다.",
        "pIdx": 1
    },
    {
        "pronouns": [],
        "globalSId": [
            524026
        ],
        "wikiPageId": 61963,
        "entities": [
            {
                "ancestor": "",
                "keyword": "<갤러가>",
                "ne_type": "",
                "e_type": "ELU",
                "en": 10,
                "eIdx": 0,
                "st": 5
            },
            {
                "ancestor": "",
                "keyword": "<삼성_갤럭시_(e스포츠)>",
                "ne_type": "",
                "e_type": "ELU",
                "en": 29,
                "eIdx": 1,
                "st": 14
            }
        ],
        "text": "제목의 '<갤러가>'는 '<삼성_갤럭시_(e스포츠)>'와 나방이란 뜻의 '蛾(가)'의 조어이다.",
        "pIdx": 2
    }
]