[
    {
        "pronouns": [],
        "globalSId": [
            1855446,
            1855447,
            1855448,
            1855449
        ],
        "wikiPageId": 364806,
        "entities": [
            {
                "ancestor": "",
                "keyword": "[1539년]",
                "ne_type": "",
                "e_type": "WIKILINK",
                "en": 14,
                "eIdx": 0,
                "st": 7
            },
            {
                "ancestor": "",
                "keyword": "[1597년]",
                "ne_type": "",
                "e_type": "WIKILINK",
                "en": 24,
                "eIdx": 1,
                "st": 17
            },
            {
                "ancestor": "",
                "keyword": "[8월]",
                "ne_type": "",
                "e_type": "WIKILINK",
                "en": 29,
                "eIdx": 2,
                "st": 25
            },
            {
                "ancestor": "",
                "keyword": "[조선_중기]",
                "ne_type": "",
                "e_type": "WIKILINK",
                "en": 39,
                "eIdx": 3,
                "st": 32
            },
            {
                "ancestor": "",
                "keyword": "[평산_신씨]",
                "ne_type": "",
                "e_type": "WIKILINK",
                "en": 58,
                "eIdx": 4,
                "st": 51
            },
            {
                "ancestor": "",
                "keyword": "[전라도]",
                "ne_type": "",
                "e_type": "WIKILINK",
                "en": 100,
                "eIdx": 5,
                "st": 95
            },
            {
                "ancestor": "",
                "keyword": "[고부]",
                "ne_type": "",
                "e_type": "WIKILINK",
                "en": 105,
                "eIdx": 6,
                "st": 101
            },
            {
                "ancestor": "",
                "keyword": "<이주하>",
                "ne_type": "",
                "e_type": "ELU",
                "en": 112,
                "eIdx": 7,
                "st": 107
            }
        ],
        "text": "신호(申浩, [1539년] ~ [1597년] [8월])는 [조선_중기]의 무신이다. 본관은 [평산_신씨](平山). 자는 언원(彦源), 시호는 무장(武壯)이다. 선대 때에 [전라도] [고부]로 <이주하>여 살았다.",
        "pIdx": 1
    }
]