[
    {
        "pronouns": [],
        "globalSId": [
            3209996
        ],
        "wikiPageId": 1021920,
        "entities": [
            {
                "ancestor": "",
                "keyword": "[나폴레옹_(동물농장)]",
                "ne_type": "",
                "e_type": "WIKILINK",
                "en": 65,
                "eIdx": 0,
                "st": 52
            },
            {
                "ancestor": "",
                "keyword": "[스노볼]",
                "ne_type": "",
                "e_type": "WIKILINK",
                "en": 72,
                "eIdx": 1,
                "st": 67
            }
        ],
        "text": "그는 사흘 후 잠결에 사망하지만 그의 이상은 동물농장의 모든 동물들에게 퍼져 돼지들 중 특히 [나폴레옹_(동물농장)]과 [스노볼]을 주축으로 혁명을 위한 준비를 해나간다.",
        "pIdx": 4
    },
    {
        "pronouns": [],
        "globalSId": [
            3209997,
            3209998,
            3209999,
            3210000,
            3210001
        ],
        "wikiPageId": 1021920,
        "entities": [
            {
                "ancestor": "",
                "keyword": "<나폴레옹_보나파르트>",
                "ne_type": "",
                "e_type": "ELU",
                "en": 12,
                "eIdx": 0,
                "st": 0
            },
            {
                "ancestor": "",
                "keyword": "<나폴레옹_보나파르트>",
                "ne_type": "",
                "e_type": "ELU",
                "en": 25,
                "eIdx": 1,
                "st": 13
            },
            {
                "ancestor": "",
                "keyword": "[조지_오웰]",
                "ne_type": "",
                "e_type": "WIKILINK",
                "en": 36,
                "eIdx": 2,
                "st": 29
            },
            {
                "ancestor": "",
                "keyword": "[동물_농장]",
                "ne_type": "",
                "e_type": "WIKILINK",
                "en": 50,
                "eIdx": 3,
                "st": 43
            },
            {
                "ancestor": "",
                "keyword": "<돼지>",
                "ne_type": "",
                "e_type": "ELU",
                "en": 66,
                "eIdx": 4,
                "st": 62
            },
            {
                "ancestor": "",
                "keyword": "[소비에트_연방]",
                "ne_type": "",
                "e_type": "WIKILINK",
                "en": 78,
                "eIdx": 5,
                "st": 69
            },
            {
                "ancestor": "",
                "keyword": "[이오시프_스탈린]",
                "ne_type": "",
                "e_type": "WIKILINK",
                "en": 94,
                "eIdx": 6,
                "st": 84
            },
            {
                "ancestor": "",
                "keyword": "[서기]",
                "ne_type": "",
                "e_type": "WIKILINK",
                "en": 99,
                "eIdx": 7,
                "st": 95
            },
            {
                "ancestor": "",
                "keyword": "[_1879년]",
                "ne_type": "",
                "e_type": "WIKILINK",
                "en": 107,
                "eIdx": 8,
                "st": 99
            },
            {
                "ancestor": "",
                "keyword": "[1953년]",
                "ne_type": "",
                "e_type": "WIKILINK",
                "en": 115,
                "eIdx": 9,
                "st": 108
            },
            {
                "ancestor": "",
                "keyword": "<세사르>",
                "ne_type": "",
                "e_type": "ELU",
                "en": 143,
                "eIdx": 10,
                "st": 138
            },
            {
                "ancestor": "",
                "keyword": "[율리우스_카이사르]",
                "ne_type": "",
                "e_type": "WIKILINK",
                "en": 155,
                "eIdx": 11,
                "st": 144
            },
            {
                "ancestor": "",
                "keyword": "[버크셔]",
                "ne_type": "",
                "e_type": "WIKILINK",
                "en": 170,
                "eIdx": 12,
                "st": 165
            },
            {
                "ancestor": "",
                "keyword": "<돼지>",
                "ne_type": "",
                "e_type": "ELU",
                "en": 175,
                "eIdx": 13,
                "st": 171
            },
            {
                "ancestor": "",
                "keyword": "<소>",
                "ne_type": "",
                "e_type": "ELU",
                "en": 228,
                "eIdx": 14,
                "st": 225
            },
            {
                "ancestor": "",
                "keyword": "<의지>",
                "ne_type": "",
                "e_type": "ELU",
                "en": 251,
                "eIdx": 15,
                "st": 247
            }
        ],
        "text": "<나폴레옹_보나파르트> <나폴레옹_보나파르트>()은 [조지_오웰]()의 소설 [동물_농장]()에 나오는 독재자 <돼지>이며 [소비에트_연방]의 독재자 [이오시프_스탈린]([서기][_1879년]~[1953년])을 상징한다. 초기 프랑스판 번역에서는 <세사르>([율리우스_카이사르])로 번역되었다. [버크셔] <돼지>로, 생김새가 약간 사나워 보이고 덩치가 크다. 말재주는 없었지만 고집이 세고 모든 일에 <소>의 뜻을 관철하는 경향이 있었으며 <의지>가 강했다.",
        "pIdx": 5
    },
    {
        "pronouns": [],
        "globalSId": [
            3210002,
            3210003,
            3210004,
            3210005
        ],
        "wikiPageId": 1021920,
        "entities": [
            {
                "ancestor": "",
                "keyword": "[블라디미르_레닌]",
                "ne_type": "",
                "e_type": "WIKILINK",
                "en": 31,
                "eIdx": 0,
                "st": 21
            },
            {
                "ancestor": "",
                "keyword": "[공산주의]",
                "ne_type": "",
                "e_type": "WIKILINK",
                "en": 49,
                "eIdx": 1,
                "st": 43
            },
            {
                "ancestor": "",
                "keyword": "[스노볼_(동물_농장)]",
                "ne_type": "",
                "e_type": "WIKILINK",
                "en": 68,
                "eIdx": 2,
                "st": 55
            },
            {
                "ancestor": "",
                "keyword": "[레프_트로츠키]",
                "ne_type": "",
                "e_type": "WIKILINK",
                "en": 88,
                "eIdx": 3,
                "st": 79
            },
            {
                "ancestor": "",
                "keyword": "[장원]",
                "ne_type": "",
                "e_type": "WIKILINK",
                "en": 113,
                "eIdx": 4,
                "st": 109
            },
            {
                "ancestor": "",
                "keyword": "[농노]",
                "ne_type": "",
                "e_type": "WIKILINK",
                "en": 140,
                "eIdx": 5,
                "st": 136
            },
            {
                "ancestor": "",
                "keyword": "<러시아>",
                "ne_type": "",
                "e_type": "ELU",
                "en": 158,
                "eIdx": 6,
                "st": 153
            },
            {
                "ancestor": "",
                "keyword": "[존스_부부]",
                "ne_type": "",
                "e_type": "WIKILINK",
                "en": 192,
                "eIdx": 7,
                "st": 185
            },
            {
                "ancestor": "",
                "keyword": "[러시아의_니콜라이_2세]",
                "ne_type": "",
                "e_type": "WIKILINK",
                "en": 227,
                "eIdx": 8,
                "st": 213
            },
            {
                "ancestor": "",
                "keyword": "[헤센의_알릭스]",
                "ne_type": "",
                "e_type": "WIKILINK",
                "en": 238,
                "eIdx": 9,
                "st": 229
            },
            {
                "ancestor": "",
                "keyword": "<눈덩이>",
                "ne_type": "",
                "e_type": "ELU",
                "en": 261,
                "eIdx": 10,
                "st": 256
            }
        ],
        "text": "그는 메이저 영감(Old Major; [블라디미르_레닌]을 상징)의 동물주의([공산주의]) 이론을 [스노볼_(동물_농장)](Snowball; [레프_트로츠키]를 상징)과 함께 체계화 시키던 중, [장원] 농장(매너 농장, Manor Farm; [농노]가 해방되지 않은 제정 <러시아>를 나타냄)에서 동물의 봉기가 일어났다. 농장주 [존스_부부](Mr. and Mrs. Jones; [러시아의_니콜라이_2세]와 [헤센의_알릭스]를 상징)와 일꾼들이 쫓겨나고, <눈덩이>과 스퀼러() 등의 돼지들은 함께 동물 농장을 선포한다.",
        "pIdx": 6
    },
    {
        "pronouns": [],
        "globalSId": [
            3210006,
            3210007
        ],
        "wikiPageId": 1021920,
        "entities": [
            {
                "ancestor": "",
                "keyword": "<이후_(소설가)>",
                "ne_type": "",
                "e_type": "ELU",
                "en": 13,
                "eIdx": 0,
                "st": 3
            },
            {
                "ancestor": "",
                "keyword": "<조직_(사회과학)>",
                "ne_type": "",
                "e_type": "ELU",
                "en": 29,
                "eIdx": 1,
                "st": 18
            },
            {
                "ancestor": "",
                "keyword": "<조직_(사회과학)>",
                "ne_type": "",
                "e_type": "ELU",
                "en": 42,
                "eIdx": 2,
                "st": 31
            },
            {
                "ancestor": "",
                "keyword": "<눈덩이>",
                "ne_type": "",
                "e_type": "ELU",
                "en": 58,
                "eIdx": 3,
                "st": 53
            },
            {
                "ancestor": "",
                "keyword": "<눈덩이>",
                "ne_type": "",
                "e_type": "ELU",
                "en": 114,
                "eIdx": 4,
                "st": 109
            },
            {
                "ancestor": "",
                "keyword": "<문제>",
                "ne_type": "",
                "e_type": "ELU",
                "en": 126,
                "eIdx": 5,
                "st": 122
            },
            {
                "ancestor": "",
                "keyword": "<문제>",
                "ne_type": "",
                "e_type": "ELU",
                "en": 137,
                "eIdx": 6,
                "st": 133
            },
            {
                "ancestor": "",
                "keyword": "<눈덩이>",
                "ne_type": "",
                "e_type": "ELU",
                "en": 178,
                "eIdx": 7,
                "st": 173
            },
            {
                "ancestor": "",
                "keyword": "<독재자>",
                "ne_type": "",
                "e_type": "ELU",
                "en": 190,
                "eIdx": 8,
                "st": 185
            }
        ],
        "text": "봉기 <이후_(소설가)>에 각종 <조직_(사회과학)>를 <조직_(사회과학)>하는 열성적 혁명가 <눈덩이>과는 반대로 그는 비밀리에 블루벨이 낳은 개(비밀 경찰) 9마리를 친위대로 키웠다. 나중에 <눈덩이>과 풍차 건립 <문제>(경제 개발 <문제>)를 두고 크게 대립하게 되자, 자신의 친위대인 9마리의 개들로 <눈덩이>을 축출하고 <독재자>의 자리에 오른다.",
        "pIdx": 7
    },
    {
        "pronouns": [],
        "globalSId": [
            3210008,
            3210009,
            3210010,
            3210011,
            3210012,
            3210013
        ],
        "wikiPageId": 1021920,
        "entities": [
            {
                "ancestor": "",
                "keyword": "[집권]",
                "ne_type": "",
                "e_type": "WIKILINK",
                "en": 4,
                "eIdx": 0,
                "st": 0
            },
            {
                "ancestor": "",
                "keyword": "<소>",
                "ne_type": "",
                "e_type": "ELU",
                "en": 35,
                "eIdx": 1,
                "st": 32
            },
            {
                "ancestor": "",
                "keyword": "<소>",
                "ne_type": "",
                "e_type": "ELU",
                "en": 121,
                "eIdx": 2,
                "st": 118
            },
            {
                "ancestor": "",
                "keyword": "<공사_(외교)>",
                "ne_type": "",
                "e_type": "ELU",
                "en": 147,
                "eIdx": 3,
                "st": 138
            },
            {
                "ancestor": "",
                "keyword": "[풍차의_전투]",
                "ne_type": "",
                "e_type": "WIKILINK",
                "en": 227,
                "eIdx": 4,
                "st": 219
            },
            {
                "ancestor": "",
                "keyword": "<이완용>",
                "ne_type": "",
                "e_type": "ELU",
                "en": 240,
                "eIdx": 5,
                "st": 235
            },
            {
                "ancestor": "",
                "keyword": "<전기>",
                "ne_type": "",
                "e_type": "ELU",
                "en": 299,
                "eIdx": 6,
                "st": 295
            },
            {
                "ancestor": "",
                "keyword": "<옥수수>",
                "ne_type": "",
                "e_type": "ELU",
                "en": 316,
                "eIdx": 7,
                "st": 311
            },
            {
                "ancestor": "",
                "keyword": "<나폴레옹_보나파르트>",
                "ne_type": "",
                "e_type": "ELU",
                "en": 395,
                "eIdx": 8,
                "st": 383
            },
            {
                "ancestor": "",
                "keyword": "<이전_(후한)>",
                "ne_type": "",
                "e_type": "ELU",
                "en": 444,
                "eIdx": 9,
                "st": 435
            }
        ],
        "text": "[집권] 3주 후, 그는 다시 풍차를 건립하기로 선언하고 <소>이 그동안 금지해 왔던 이웃 농장주와의 거래를 스스로 시작한다. 동시에 그는 자신의 대변인이 된 스퀼러를 통해 동물 농장의 법인 7계명까지 바꾸면서 <소>을 정당화시킨다. 그런데 풍차 <공사_(외교)>가 절반쯤 진행되었을 때 풍차가 무너지는 일이 발생하고, 그 후 동물들은 다시 풍차를 건립하고 '나폴레옹 풍차'라고 명명되지만, [풍차의_전투] 때 프레더릭 <이완용>에 의해 또다시 파괴된다. 그리고 세 번째로 풍차를 건립할 때 복서가 쓰러졌고, 결국 완공되었지만 <전기>를 생산하지는 못하고 <옥수수>를 찧는 데 사용하게 된다. 동물 농장은 점점 안정되지만, 돼지들과 개를 제외한 모든 동물은 굶주림에 시달린다. 결국, <나폴레옹_보나파르트>과 돼지들은 인간들처럼 두 발로 걷고 옷을 입음으로써 동물 농장은 봉기 <이전_(후한)>과 다를 바 없는 모습이 되어버린다.",
        "pIdx": 8
    },
    {
        "pronouns": [],
        "globalSId": [
            3210014,
            3210015,
            3210016,
            3210017,
            3210018
        ],
        "wikiPageId": 1021920,
        "entities": [
            {
                "ancestor": "",
                "keyword": "<조지_오웰>",
                "ne_type": "",
                "e_type": "ELU",
                "en": 11,
                "eIdx": 0,
                "st": 4
            },
            {
                "ancestor": "",
                "keyword": "<국가>",
                "ne_type": "",
                "e_type": "ELU",
                "en": 38,
                "eIdx": 1,
                "st": 34
            },
            {
                "ancestor": "",
                "keyword": "<러시아>",
                "ne_type": "",
                "e_type": "ELU",
                "en": 45,
                "eIdx": 2,
                "st": 40
            },
            {
                "ancestor": "",
                "keyword": "<봉기>",
                "ne_type": "",
                "e_type": "ELU",
                "en": 54,
                "eIdx": 3,
                "st": 50
            },
            {
                "ancestor": "",
                "keyword": "<국가>",
                "ne_type": "",
                "e_type": "ELU",
                "en": 76,
                "eIdx": 4,
                "st": 72
            },
            {
                "ancestor": "",
                "keyword": "<소련>",
                "ne_type": "",
                "e_type": "ELU",
                "en": 82,
                "eIdx": 5,
                "st": 78
            },
            {
                "ancestor": "",
                "keyword": "<찬성_(가수)>",
                "ne_type": "",
                "e_type": "ELU",
                "en": 101,
                "eIdx": 6,
                "st": 92
            },
            {
                "ancestor": "",
                "keyword": "<레프_트로츠키>",
                "ne_type": "",
                "e_type": "ELU",
                "en": 160,
                "eIdx": 7,
                "st": 151
            },
            {
                "ancestor": "",
                "keyword": "<이어_(언어)>",
                "ne_type": "",
                "e_type": "ELU",
                "en": 188,
                "eIdx": 8,
                "st": 179
            },
            {
                "ancestor": "",
                "keyword": "<이오시프_스탈린>",
                "ne_type": "",
                "e_type": "ELU",
                "en": 223,
                "eIdx": 9,
                "st": 213
            },
            {
                "ancestor": "",
                "keyword": "<레프_트로츠키>",
                "ne_type": "",
                "e_type": "ELU",
                "en": 241,
                "eIdx": 10,
                "st": 232
            },
            {
                "ancestor": "",
                "keyword": "<나폴레옹_보나파르트>",
                "ne_type": "",
                "e_type": "ELU",
                "en": 289,
                "eIdx": 11,
                "st": 277
            },
            {
                "ancestor": "",
                "keyword": "<이오시프_스탈린>",
                "ne_type": "",
                "e_type": "ELU",
                "en": 301,
                "eIdx": 12,
                "st": 291
            },
            {
                "ancestor": "",
                "keyword": "<눈덩이>",
                "ne_type": "",
                "e_type": "ELU",
                "en": 313,
                "eIdx": 13,
                "st": 308
            },
            {
                "ancestor": "",
                "keyword": "<레프_트로츠키>",
                "ne_type": "",
                "e_type": "ELU",
                "en": 324,
                "eIdx": 14,
                "st": 315
            },
            {
                "ancestor": "",
                "keyword": "<나폴레옹_보나파르트>",
                "ne_type": "",
                "e_type": "ELU",
                "en": 344,
                "eIdx": 15,
                "st": 332
            },
            {
                "ancestor": "",
                "keyword": "<눈덩이>",
                "ne_type": "",
                "e_type": "ELU",
                "en": 351,
                "eIdx": 16,
                "st": 346
            },
            {
                "ancestor": "",
                "keyword": "<주장_(축구)>",
                "ne_type": "",
                "e_type": "ELU",
                "en": 384,
                "eIdx": 17,
                "st": 375
            },
            {
                "ancestor": "",
                "keyword": "<소>",
                "ne_type": "",
                "e_type": "ELU",
                "en": 402,
                "eIdx": 18,
                "st": 399
            },
            {
                "ancestor": "",
                "keyword": "<묘사>",
                "ne_type": "",
                "e_type": "ELU",
                "en": 430,
                "eIdx": 19,
                "st": 426
            },
            {
                "ancestor": "",
                "keyword": "<이오시프_스탈린>",
                "ne_type": "",
                "e_type": "ELU",
                "en": 447,
                "eIdx": 20,
                "st": 437
            },
            {
                "ancestor": "",
                "keyword": "[독일]",
                "ne_type": "",
                "e_type": "WIKILINK",
                "en": 525,
                "eIdx": 21,
                "st": 521
            },
            {
                "ancestor": "",
                "keyword": "[히틀러]",
                "ne_type": "",
                "e_type": "WIKILINK",
                "en": 532,
                "eIdx": 22,
                "st": 527
            },
            {
                "ancestor": "",
                "keyword": "<소련>",
                "ne_type": "",
                "e_type": "ELU",
                "en": 567,
                "eIdx": 23,
                "st": 563
            },
            {
                "ancestor": "",
                "keyword": "<이오시프_스탈린>",
                "ne_type": "",
                "e_type": "ELU",
                "en": 579,
                "eIdx": 24,
                "st": 569
            },
            {
                "ancestor": "",
                "keyword": "<유대인>",
                "ne_type": "",
                "e_type": "ELU",
                "en": 597,
                "eIdx": 25,
                "st": 592
            }
        ],
        "text": "원작자 <조지_오웰>은 사회주의 좌파 지식인이었으며 봉건주의 <국가>인 <러시아>가 민중 <봉기>인 러시아 혁명을 통해 공산주의 <국가>인 <소련>으로 탈바꿈 한데 <찬성_(가수)>하였다. 러시아 혁명의 최종적 승자인 레닌이 사망하자, 진정한 공산주의자 중의 한명이었던 <레프_트로츠키>(본명 레프 브론스타인)가 정권을 <이어_(언어)>받을 것으로 예상하였으나, 이오지프(조지프) <이오시프_스탈린>이 정권을 잡고 <레프_트로츠키>를 해외 추방한데 분개하여 이 소설을 작성하였다. 소설에 나오는 <나폴레옹_보나파르트>이 <이오시프_스탈린>이며 쫓겨난 <눈덩이>이 <레프_트로츠키>를 의미한다. <나폴레옹_보나파르트>은 <눈덩이>이 인간(자본가)들과 결탁하여 배신하였다고 <주장_(축구)>하였으나 실제로는 나폴레옹 <소>이 인간(자본가)들에게 뒷돈을 받는 장면이 <묘사>되는데 이는 <이오시프_스탈린>이 경제난이 극심해져서 정권 유지가 곤란해지자, 영국 자본으로부터 지원을 받아 군수 산업을 키우는 내용을 우회적으로 비판한 것이다. [독일]의 [히틀러]는 이를 간파하고 공산주의(영국 자본가들의 지원을 받는 <소련>의 <이오시프_스탈린>)를 몰락시키지 못하면 <유대인>의 세상(영국 유대인 자본가들의 세상)이 될 것이라고 판단하여 불가침조약을 깨고 독소침공을 감행한다.",
        "pIdx": 9
    },
    {
        "pronouns": [],
        "globalSId": [
            3210019,
            3210020,
            3210021,
            3210022,
            3210023,
            3210024,
            3210025
        ],
        "wikiPageId": 1021920,
        "entities": [
            {
                "ancestor": "",
                "keyword": "<모세>",
                "ne_type": "",
                "e_type": "ELU",
                "en": 4,
                "eIdx": 0,
                "st": 0
            },
            {
                "ancestor": "",
                "keyword": "<모세>",
                "ne_type": "",
                "e_type": "ELU",
                "en": 14,
                "eIdx": 1,
                "st": 10
            },
            {
                "ancestor": "",
                "keyword": "<인디아나_존스>",
                "ne_type": "",
                "e_type": "ELU",
                "en": 32,
                "eIdx": 2,
                "st": 23
            },
            {
                "ancestor": "",
                "keyword": "[까마귀]",
                "ne_type": "",
                "e_type": "WIKILINK",
                "en": 51,
                "eIdx": 3,
                "st": 46
            },
            {
                "ancestor": "",
                "keyword": "<마운틴_주>",
                "ne_type": "",
                "e_type": "ELU",
                "en": 74,
                "eIdx": 4,
                "st": 67
            },
            {
                "ancestor": "",
                "keyword": "<일요일>",
                "ne_type": "",
                "e_type": "ELU",
                "en": 90,
                "eIdx": 5,
                "st": 85
            },
            {
                "ancestor": "",
                "keyword": "<천지>",
                "ne_type": "",
                "e_type": "ELU",
                "en": 108,
                "eIdx": 6,
                "st": 104
            },
            {
                "ancestor": "",
                "keyword": "<모세>",
                "ne_type": "",
                "e_type": "ELU",
                "en": 159,
                "eIdx": 7,
                "st": 155
            },
            {
                "ancestor": "",
                "keyword": "<일도>",
                "ne_type": "",
                "e_type": "ELU",
                "en": 165,
                "eIdx": 8,
                "st": 161
            },
            {
                "ancestor": "",
                "keyword": "<마운틴_주>",
                "ne_type": "",
                "e_type": "ELU",
                "en": 217,
                "eIdx": 9,
                "st": 210
            },
            {
                "ancestor": "",
                "keyword": "[동물]",
                "ne_type": "",
                "e_type": "WIKILINK",
                "en": 234,
                "eIdx": 10,
                "st": 230
            },
            {
                "ancestor": "",
                "keyword": "<인디아나_존스>",
                "ne_type": "",
                "e_type": "ELU",
                "en": 251,
                "eIdx": 11,
                "st": 242
            },
            {
                "ancestor": "",
                "keyword": "<인디아나_존스>",
                "ne_type": "",
                "e_type": "ELU",
                "en": 269,
                "eIdx": 12,
                "st": 260
            },
            {
                "ancestor": "",
                "keyword": "[농장]",
                "ne_type": "",
                "e_type": "WIKILINK",
                "en": 281,
                "eIdx": 13,
                "st": 277
            },
            {
                "ancestor": "",
                "keyword": "<인디아나_존스>",
                "ne_type": "",
                "e_type": "ELU",
                "en": 299,
                "eIdx": 14,
                "st": 290
            },
            {
                "ancestor": "",
                "keyword": "<후슈>",
                "ne_type": "",
                "e_type": "ELU",
                "en": 332,
                "eIdx": 15,
                "st": 328
            },
            {
                "ancestor": "",
                "keyword": "[풍차의_전투]",
                "ne_type": "",
                "e_type": "WIKILINK",
                "en": 340,
                "eIdx": 16,
                "st": 332
            },
            {
                "ancestor": "",
                "keyword": "[러시아]",
                "ne_type": "",
                "e_type": "WIKILINK",
                "en": 404,
                "eIdx": 17,
                "st": 399
            },
            {
                "ancestor": "",
                "keyword": "[정교회]",
                "ne_type": "",
                "e_type": "WIKILINK",
                "en": 411,
                "eIdx": 18,
                "st": 406
            },
            {
                "ancestor": "",
                "keyword": "<수도사_(영천시)>",
                "ne_type": "",
                "e_type": "ELU",
                "en": 442,
                "eIdx": 19,
                "st": 431
            },
            {
                "ancestor": "",
                "keyword": "[그리고리_예피모비치_라스푸틴]",
                "ne_type": "",
                "e_type": "WIKILINK",
                "en": 461,
                "eIdx": 20,
                "st": 444
            }
        ],
        "text": "<모세>(모지스) <모세>(Moses)는 <인디아나_존스> 씨가 가장 귀여워하는 집[까마귀]이다. 동물들에게 슈가 캔디 <마운틴_주>이라는, 1년 내내 <일요일>이라 일하지 않아도 되며 <천지>가 각설탕과 케이크로 널려 있는 나라가 구름 너머 어딘가에 있다고 말했다. 동물들은 <모세>가 <일도> 하지 않고 이런 말이나 지껄이는 것이 불쾌했지만, 동물들 중 일부는 슈가 캔디 <마운틴_주>이 실존한다고 믿었다. [동물]들의 반란으로 <인디아나_존스> 씨와 일꾼들, <인디아나_존스> 씨의 부인이 [농장]에서 쫓겨날 때 <인디아나_존스> 씨 일행을 따라 농장에서 사라졌다. 그리고 몇 년 <후슈>[풍차의_전투]가 일어난 후에 돌아와서 슈가 캔디 마운틴 이야기를 계속했고, 자신이 정말 그 나라에 가 봤다고 말했다. [러시아]의 [정교회]를 상징하는데 어떤 사람들은 정교회 <수도사_(영천시)>인 [그리고리_예피모비치_라스푸틴]을 상징한다고 주장한다.",
        "pIdx": 10
    },
    {
        "pronouns": [],
        "globalSId": [
            3210026,
            3210027,
            3210028,
            3210029,
            3210030,
            3210031,
            3210032,
            3210033,
            3210034,
            3210035
        ],
        "wikiPageId": 1021920,
        "entities": [
            {
                "ancestor": "",
                "keyword": "<눈덩이>",
                "ne_type": "",
                "e_type": "ELU",
                "en": 5,
                "eIdx": 0,
                "st": 0
            },
            {
                "ancestor": "",
                "keyword": "<스노우>",
                "ne_type": "",
                "e_type": "ELU",
                "en": 11,
                "eIdx": 1,
                "st": 6
            },
            {
                "ancestor": "",
                "keyword": "<나폴레옹_보나파르트>",
                "ne_type": "",
                "e_type": "ELU",
                "en": 104,
                "eIdx": 2,
                "st": 92
            },
            {
                "ancestor": "",
                "keyword": "<독재자>",
                "ne_type": "",
                "e_type": "ELU",
                "en": 111,
                "eIdx": 3,
                "st": 106
            },
            {
                "ancestor": "",
                "keyword": "<나폴레옹_보나파르트>",
                "ne_type": "",
                "e_type": "ELU",
                "en": 130,
                "eIdx": 4,
                "st": 118
            },
            {
                "ancestor": "",
                "keyword": "[외양간의_전투]",
                "ne_type": "",
                "e_type": "WIKILINK",
                "en": 153,
                "eIdx": 5,
                "st": 144
            },
            {
                "ancestor": "",
                "keyword": "<인디아나_존스>",
                "ne_type": "",
                "e_type": "ELU",
                "en": 201,
                "eIdx": 6,
                "st": 192
            },
            {
                "ancestor": "",
                "keyword": "<나폴레옹_보나파르트>",
                "ne_type": "",
                "e_type": "ELU",
                "en": 240,
                "eIdx": 7,
                "st": 228
            },
            {
                "ancestor": "",
                "keyword": "<훈장>",
                "ne_type": "",
                "e_type": "ELU",
                "en": 294,
                "eIdx": 8,
                "st": 290
            },
            {
                "ancestor": "",
                "keyword": "<주장_(축구)>",
                "ne_type": "",
                "e_type": "ELU",
                "en": 320,
                "eIdx": 9,
                "st": 311
            },
            {
                "ancestor": "",
                "keyword": "<나폴레옹_보나파르트>",
                "ne_type": "",
                "e_type": "ELU",
                "en": 336,
                "eIdx": 10,
                "st": 324
            },
            {
                "ancestor": "",
                "keyword": "<이오시프_스탈린>",
                "ne_type": "",
                "e_type": "ELU",
                "en": 407,
                "eIdx": 11,
                "st": 397
            },
            {
                "ancestor": "",
                "keyword": "[레프_트로츠키]",
                "ne_type": "",
                "e_type": "WIKILINK",
                "en": 425,
                "eIdx": 12,
                "st": 416
            }
        ],
        "text": "<눈덩이> <스노우>(우)볼(Snowball)은 쾌활하고 뛰어난 언변가에 여러 가지 재주를 지닌 돼지이며, 돼지들 중에서도 최고의 명필이었다. 7계명도 직접 썼다. <나폴레옹_보나파르트>이 <독재자>가 되기 전 <나폴레옹_보나파르트>과 공동 대장을 맡았다. [외양간의_전투] 때 전략을 짜고 손수 동물들을 지휘하고 작전 명령을 하면서 싸웠다. <인디아나_존스>에게 총 한 발을 등에 맞았는데, 이것은 나중에 <나폴레옹_보나파르트>의 이빨에 뜯긴 상처였다고 조작되었다. 이 전투에서의 공로로 복서와 함께 동물 영웅 1등 <훈장>을 받았다. 풍차 건립 계획을 <주장_(축구)>하다가 <나폴레옹_보나파르트>의 개들에 의해 농장에서 축출되었고, 그 후로 더 이상 등장하지 않는다. 그렇지만 그 후로도 많이 언급된다. <이오시프_스탈린>에 의해 쫓겨난 [레프_트로츠키]와 그의 휘하에 있던 혁명가들을 상징한다.",
        "pIdx": 11
    },
    {
        "pronouns": [],
        "globalSId": [
            3210036,
            3210037,
            3210038,
            3210039,
            3210040,
            3210041
        ],
        "wikiPageId": 1021920,
        "entities": [
            {
                "ancestor": "",
                "keyword": "<나폴레옹_보나파르트>",
                "ne_type": "",
                "e_type": "ELU",
                "en": 31,
                "eIdx": 0,
                "st": 19
            },
            {
                "ancestor": "",
                "keyword": "<나폴레옹_보나파르트>",
                "ne_type": "",
                "e_type": "ELU",
                "en": 65,
                "eIdx": 1,
                "st": 53
            },
            {
                "ancestor": "",
                "keyword": "<독재자>",
                "ne_type": "",
                "e_type": "ELU",
                "en": 72,
                "eIdx": 2,
                "st": 67
            },
            {
                "ancestor": "",
                "keyword": "<역사>",
                "ne_type": "",
                "e_type": "ELU",
                "en": 100,
                "eIdx": 3,
                "st": 96
            },
            {
                "ancestor": "",
                "keyword": "<눈덩이>",
                "ne_type": "",
                "e_type": "ELU",
                "en": 112,
                "eIdx": 4,
                "st": 107
            },
            {
                "ancestor": "",
                "keyword": "<인디아나_존스>",
                "ne_type": "",
                "e_type": "ELU",
                "en": 123,
                "eIdx": 5,
                "st": 114
            },
            {
                "ancestor": "",
                "keyword": "<눈덩이>",
                "ne_type": "",
                "e_type": "ELU",
                "en": 140,
                "eIdx": 6,
                "st": 135
            },
            {
                "ancestor": "",
                "keyword": "[뱌체슬라프_몰로토프]",
                "ne_type": "",
                "e_type": "WIKILINK",
                "en": 279,
                "eIdx": 7,
                "st": 267
            },
            {
                "ancestor": "",
                "keyword": "[프라우다]",
                "ne_type": "",
                "e_type": "WIKILINK",
                "en": 290,
                "eIdx": 8,
                "st": 284
            }
        ],
        "text": "스퀼러 스퀼러(Squealer)는 <나폴레옹_보나파르트>의 대변인으로 아주 뛰어난 언변가이다. <나폴레옹_보나파르트>이 <독재자>가 된 후 동물들을 설득하고, 과거의 농장 <역사>를 조작하고 <눈덩이>이 <인디아나_존스> 씨의 첩자였다는 등 <눈덩이>의 행적도 조작했다. 나중에 '네발은 좋고 두 발은 나쁘다!'를 외치던 양들을 자작나무 숲으로 데리고 가서 새로운 구호('네발은 좋고 두 발은 더욱 좋다!')를 외치도록 교육했다. 소설 속에서 처음으로 두 발로 걸은 돼지이다. [뱌체슬라프_몰로토프] 또는 '[프라우다]' 지를 상징한다.",
        "pIdx": 12
    },
    {
        "pronouns": [],
        "globalSId": [
            3210042,
            3210043,
            3210044,
            3210045,
            3210046,
            3210047,
            3210048,
            3210049
        ],
        "wikiPageId": 1021920,
        "entities": [
            {
                "ancestor": "",
                "keyword": "<프레더릭_(메릴랜드_주)>",
                "ne_type": "",
                "e_type": "ELU",
                "en": 15,
                "eIdx": 0,
                "st": 0
            },
            {
                "ancestor": "",
                "keyword": "<프레더릭_(메릴랜드_주)>",
                "ne_type": "",
                "e_type": "ELU",
                "en": 31,
                "eIdx": 1,
                "st": 16
            },
            {
                "ancestor": "",
                "keyword": "[동물_농장]",
                "ne_type": "",
                "e_type": "WIKILINK",
                "en": 54,
                "eIdx": 2,
                "st": 47
            },
            {
                "ancestor": "",
                "keyword": "[인간]",
                "ne_type": "",
                "e_type": "WIKILINK",
                "en": 72,
                "eIdx": 3,
                "st": 68
            },
            {
                "ancestor": "",
                "keyword": "<나폴레옹_보나파르트>",
                "ne_type": "",
                "e_type": "ELU",
                "en": 198,
                "eIdx": 4,
                "st": 186
            },
            {
                "ancestor": "",
                "keyword": "[풍차_전투]",
                "ne_type": "",
                "e_type": "WIKILINK",
                "en": 244,
                "eIdx": 5,
                "st": 237
            },
            {
                "ancestor": "",
                "keyword": "<부상_(몸)>",
                "ne_type": "",
                "e_type": "ELU",
                "en": 270,
                "eIdx": 6,
                "st": 262
            },
            {
                "ancestor": "",
                "keyword": "[제3제국]",
                "ne_type": "",
                "e_type": "WIKILINK",
                "en": 358,
                "eIdx": 7,
                "st": 352
            },
            {
                "ancestor": "",
                "keyword": "[나치_독일]",
                "ne_type": "",
                "e_type": "WIKILINK",
                "en": 366,
                "eIdx": 8,
                "st": 359
            },
            {
                "ancestor": "",
                "keyword": "<프레더릭_(메릴랜드_주)>",
                "ne_type": "",
                "e_type": "ELU",
                "en": 389,
                "eIdx": 9,
                "st": 374
            },
            {
                "ancestor": "",
                "keyword": "[아돌프_히틀러]",
                "ne_type": "",
                "e_type": "WIKILINK",
                "en": 403,
                "eIdx": 10,
                "st": 394
            }
        ],
        "text": "<프레더릭_(메릴랜드_주)> <프레더릭_(메릴랜드_주)>(Priderick)은 소설 [동물_농장]에 등장하는 몇 안 되는 [인간] 중 한 명으로, 핀치필드 농장의 농장주이다. 이웃 농장인 폭스우드보다 크기는 작았지만 운영은 잘되었다. 폭스우드의 농장주 필킹턴을 아주 싫어하고 필킹턴도 그를 싫어하여 서로 의견이 일치한 적이 없었다. <나폴레옹_보나파르트>에게 위조 지폐를 지불하고 동물 농장의 목재를 몽땅 사간 적도 있다. [풍차_전투] 초반에 총을 앞세워 동물들에게 <부상_(몸)>을 입혀 후퇴하게 하고 폭약으로 풍차를 파괴시켰다. 그런데 파괴시킨 것이 동물들을 적개심에 차게 하여, 동물 농장 동물들에게 패배했다. 핀치필드는 [제3제국]([나치_독일])을 상징하고 <프레더릭_(메릴랜드_주)>은 총통 [아돌프_히틀러]를 상징한다.",
        "pIdx": 13
    }
]