[
    {
        "pronouns": [],
        "globalSId": [
            2867727
        ],
        "wikiPageId": 829286,
        "entities": [
            {
                "ancestor": "",
                "keyword": "<아그파포토>",
                "ne_type": "",
                "e_type": "ELU",
                "en": 7,
                "eIdx": 0,
                "st": 0
            },
            {
                "ancestor": "",
                "keyword": "[아그파_게바트]",
                "ne_type": "",
                "e_type": "WIKILINK",
                "en": 34,
                "eIdx": 1,
                "st": 25
            },
            {
                "ancestor": "",
                "keyword": "<소비자>",
                "ne_type": "",
                "e_type": "ELU",
                "en": 41,
                "eIdx": 2,
                "st": 36
            },
            {
                "ancestor": "",
                "keyword": "<회사>",
                "ne_type": "",
                "e_type": "ELU",
                "en": 73,
                "eIdx": 3,
                "st": 69
            }
        ],
        "text": "<아그파포토>(AgfaPhoto GmbH)는 [아그파_게바트]가 <소비자> 이미징 부서를 매각한 2004년에 만들어진 사진 <회사>다.아그파포토는 2005년에 파산하였다..",
        "pIdx": 1
    },
    {
        "pronouns": [],
        "globalSId": [
            2867728,
            2867729,
            2867730
        ],
        "wikiPageId": 829286,
        "entities": [
            {
                "ancestor": "",
                "keyword": "<아그파_게바트>",
                "ne_type": "",
                "e_type": "ELU",
                "en": 9,
                "eIdx": 0,
                "st": 0
            },
            {
                "ancestor": "",
                "keyword": "[카메라]",
                "ne_type": "",
                "e_type": "WIKILINK",
                "en": 62,
                "eIdx": 1,
                "st": 57
            },
            {
                "ancestor": "",
                "keyword": "<동안_(현)>",
                "ne_type": "",
                "e_type": "ELU",
                "en": 93,
                "eIdx": 2,
                "st": 85
            },
            {
                "ancestor": "",
                "keyword": "[아그파_홀딩_유한회사]",
                "ne_type": "",
                "e_type": "WIKILINK",
                "en": 123,
                "eIdx": 3,
                "st": 110
            },
            {
                "ancestor": "",
                "keyword": "<브랜드>",
                "ne_type": "",
                "e_type": "ELU",
                "en": 166,
                "eIdx": 4,
                "st": 161
            },
            {
                "ancestor": "",
                "keyword": "[아그파포토_비스타]",
                "ne_type": "",
                "e_type": "WIKILINK",
                "en": 196,
                "eIdx": 5,
                "st": 185
            },
            {
                "ancestor": "",
                "keyword": "<브랜드>",
                "ne_type": "",
                "e_type": "ELU",
                "en": 202,
                "eIdx": 6,
                "st": 197
            }
        ],
        "text": "<아그파_게바트>(아그파포토의 전 모회사, 1964년 필름 제조사 게바트와 합병)는 필름, 인화용지, [카메라] 등 소비자 지향의 사진 제품으로 수십년 <동안_(현)> 잘 알려진 회사다. 지주회사 [아그파_홀딩_유한회사](AgfaPhoto Holding GmbH)에 의해 현재 여러 제품 <브랜드>가 여러회사에 라이선스되어 있다. [아그파포토_비스타] <브랜드>의 필름은 루푸스 이미징 & 미디어에 팔렸다.",
        "pIdx": 2
    }
]