[
    {
        "pronouns": [],
        "globalSId": [
            3790466,
            3790467,
            3790468
        ],
        "wikiPageId": 1505920,
        "entities": [
            {
                "ancestor": "",
                "keyword": "<프랑스>",
                "ne_type": "",
                "e_type": "ELU",
                "en": 41,
                "eIdx": 0,
                "st": 36
            },
            {
                "ancestor": "",
                "keyword": "[프랑스의_육군_원수]",
                "ne_type": "",
                "e_type": "WIKILINK",
                "en": 75,
                "eIdx": 1,
                "st": 63
            },
            {
                "ancestor": "",
                "keyword": "[바용]",
                "ne_type": "",
                "e_type": "WIKILINK",
                "en": 98,
                "eIdx": 2,
                "st": 94
            },
            {
                "ancestor": "",
                "keyword": "[30년_전쟁]",
                "ne_type": "",
                "e_type": "WIKILINK",
                "en": 118,
                "eIdx": 3,
                "st": 110
            }
        ],
        "text": "그레몽 공작 앙투안느 3세(1604년-1678년 7월 12일)는 <프랑스>의 군인이자 정치가이다. 1641년부터 [프랑스의_육군_원수]이자 나바르 및 베랑 총독이었고, [바용]의 시장이기도 했다. [30년_전쟁]에 참전한 프랑스 군인들 중 한 명이기도 하다.",
        "pIdx": 1
    },
    {
        "globalSId": [
            3790469,
            3790470,
            3790471,
            3790472,
            3790473,
            3790474,
            3790475,
            3790476,
            3790477,
            3790478
        ],
        "pronouns": [
            {
                "proIdx": 0,
                "ancestor": "",
                "en": 44,
                "st": 42,
                "keyword": "그의"
            },
            {
                "proIdx": 1,
                "ancestor": "",
                "en": 49,
                "st": 42,
                "keyword": "그의 아버지는"
            },
            {
                "proIdx": 2,
                "ancestor": "",
                "en": 74,
                "st": 72,
                "keyword": "그의"
            },
            {
                "proIdx": 3,
                "ancestor": "",
                "en": 79,
                "st": 72,
                "keyword": "그의 어머니는"
            },
            {
                "proIdx": 4,
                "ancestor": "",
                "en": 147,
                "st": 145,
                "keyword": "그는"
            },
            {
                "proIdx": 5,
                "ancestor": "",
                "en": 272,
                "st": 270,
                "keyword": "그는"
            },
            {
                "proIdx": 6,
                "ancestor": "",
                "en": 287,
                "st": 285,
                "keyword": "그는"
            },
            {
                "proIdx": 7,
                "ancestor": "",
                "en": 348,
                "st": 346,
                "keyword": "그는"
            },
            {
                "proIdx": 8,
                "ancestor": "",
                "en": 413,
                "st": 411,
                "keyword": "그는"
            },
            {
                "proIdx": 9,
                "ancestor": "",
                "en": 430,
                "st": 428,
                "keyword": "그의"
            },
            {
                "proIdx": 10,
                "ancestor": "",
                "en": 435,
                "st": 428,
                "keyword": "그의 추모록은"
            },
            {
                "proIdx": 11,
                "ancestor": "",
                "en": 488,
                "st": 486,
                "keyword": "그의"
            },
            {
                "proIdx": 12,
                "ancestor": "",
                "en": 491,
                "st": 486,
                "keyword": "그의 아들"
            },
            {
                "proIdx": 13,
                "ancestor": "",
                "en": 505,
                "st": 486,
                "keyword": "그의 아들 [앙투안느_샤를_4세]에"
            }
        ],
        "wikiPageId": 1505920,
        "entities": [
            {
                "ne_type": "PERSON",
                "keyword": "[앙투안느_데_그레몽]",
                "ancestor": "",
                "e_type": "NEW",
                "en": 16,
                "eIdx": 0,
                "st": 4
            },
            {
                "ne_type": "LOCATION",
                "keyword": "[프랑스]",
                "ancestor": "",
                "e_type": "NEW",
                "en": 23,
                "eIdx": 1,
                "st": 18
            },
            {
                "ne_type": "PERSON",
                "keyword": "[그레몽]",
                "ancestor": "",
                "e_type": "NEW",
                "en": 55,
                "eIdx": 2,
                "st": 50
            },
            {
                "ne_type": "PERSON",
                "keyword": "[앙투안느_2세]",
                "ancestor": "",
                "e_type": "NEW",
                "en": 68,
                "eIdx": 3,
                "st": 59
            },
            {
                "ne_type": "PERSON",
                "keyword": "[앙투안느_데_로클로르]",
                "ancestor": "",
                "e_type": "NEW",
                "en": 93,
                "eIdx": 4,
                "st": 80
            },
            {
                "ne_type": "PERSON",
                "keyword": "[루이즈_로클로르]",
                "ancestor": "",
                "e_type": "NEW",
                "en": 110,
                "eIdx": 5,
                "st": 100
            },
            {
                "ne_type": "PERSON",
                "keyword": "[그라몽]",
                "ancestor": "",
                "e_type": "NEW",
                "en": 119,
                "eIdx": 6,
                "st": 114
            },
            {
                "ne_type": "",
                "keyword": "[리슐리외]",
                "ancestor": "",
                "e_type": "WIKILINK",
                "en": 127,
                "eIdx": 7,
                "st": 121
            },
            {
                "ne_type": "",
                "keyword": "<리슐리외_추기경_아르망_장_뒤_플레시>",
                "ancestor": "",
                "e_type": "ELU",
                "en": 170,
                "eIdx": 8,
                "st": 148
            },
            {
                "ne_type": "PERSON",
                "keyword": "[그라몽]",
                "ancestor": "",
                "e_type": "NEW",
                "en": 204,
                "eIdx": 9,
                "st": 199
            },
            {
                "ne_type": "",
                "keyword": "[30년_전쟁]",
                "ancestor": "",
                "e_type": "WIKILINK",
                "en": 214,
                "eIdx": 10,
                "st": 206
            },
            {
                "ne_type": "TIME",
                "keyword": "[1641년_9월_22일]",
                "ancestor": "",
                "e_type": "NEW",
                "en": 242,
                "eIdx": 11,
                "st": 228
            },
            {
                "ne_type": "",
                "keyword": "[프랑스_육군_원수]",
                "ancestor": "",
                "e_type": "WIKILINK",
                "en": 254,
                "eIdx": 12,
                "st": 243
            },
            {
                "ne_type": "TIME",
                "keyword": "[1643년]",
                "ancestor": "",
                "e_type": "NEW",
                "en": 269,
                "eIdx": 13,
                "st": 262
            },
            {
                "ne_type": "TIME",
                "keyword": "[1653년]",
                "ancestor": "",
                "e_type": "NEW",
                "en": 295,
                "eIdx": 14,
                "st": 288
            },
            {
                "ne_type": "TIME",
                "keyword": "[1657년]",
                "ancestor": "",
                "e_type": "NEW",
                "en": 310,
                "eIdx": 15,
                "st": 303
            },
            {
                "ne_type": "",
                "keyword": "[신성_로마_제국]",
                "ancestor": "",
                "e_type": "WIKILINK",
                "en": 321,
                "eIdx": 16,
                "st": 311
            },
            {
                "ne_type": "",
                "keyword": "[제국_의회]",
                "ancestor": "",
                "e_type": "WIKILINK",
                "en": 330,
                "eIdx": 17,
                "st": 323
            },
            {
                "ne_type": "",
                "keyword": "[루이_14세]",
                "ancestor": "",
                "e_type": "WIKILINK",
                "en": 357,
                "eIdx": 18,
                "st": 349
            },
            {
                "ne_type": "",
                "keyword": "[오스트리아의_마리_테레즈]",
                "ancestor": "",
                "e_type": "WIKILINK",
                "en": 374,
                "eIdx": 19,
                "st": 359
            },
            {
                "ne_type": "TIME",
                "keyword": "[1660년]",
                "ancestor": "",
                "e_type": "NEW",
                "en": 390,
                "eIdx": 20,
                "st": 383
            },
            {
                "ne_type": "",
                "keyword": "[스페인]",
                "ancestor": "",
                "e_type": "WIKILINK",
                "en": 396,
                "eIdx": 21,
                "st": 391
            },
            {
                "ne_type": "TIME",
                "keyword": "[1678년]",
                "ancestor": "",
                "e_type": "NEW",
                "en": 421,
                "eIdx": 22,
                "st": 414
            },
            {
                "ne_type": "PERSON",
                "keyword": "[앙투안느_샤를_4세]",
                "ancestor": "",
                "e_type": "NEW",
                "en": 504,
                "eIdx": 23,
                "st": 492
            }
        ],
        "text": "생애. [앙투안느_데_그레몽]은 [프랑스] 남서부의 귀족집안에서 태어났다. 그의 아버지는 [그레몽] 공작 [앙투안느_2세]였고, 그의 어머니는 [앙투안느_데_로클로르] 장군의 딸 [루이즈_로클로르]였다. [그라몽]은 [리슐리외] 추기경의 전통적인 지지자였다. 그는 <리슐리외_추기경_아르망_장_뒤_플레시>가 왕보다 더 중요하다고 말해 논란을 빚기도 했다. [그라몽]은 [30년_전쟁]의 수많은 전쟁에 참전해 [1641년_9월_22일] [프랑스_육군_원수]로 진급했다. [1643년] 그는 공작 작위를 받았으며 그는 [1653년] 장관이 되어 [1657년] [신성_로마_제국]의 [제국_의회]의 특사로 파견되기도 했다. 그는 [루이_14세]와 [오스트리아의_마리_테레즈]의 혼담을 위해 [1660년] [스페인]에 파견되기도 했다. 이후 그는 [1678년] 사망했다. 그의 추모록은 (\"\"Mémoires du maréchal de Gramont\",\" Paris 1716) 그의 아들 [앙투안느_샤를_4세]에 의해 편찬되었다.",
        "pIdx": 2
    }
]