[
    {
        "pronouns": [],
        "globalSId": [
            2642642,
            2642643,
            2642644,
            2642645,
            2642646,
            2642647,
            2642648
        ],
        "wikiPageId": 717487,
        "entities": [
            {
                "ancestor": "",
                "keyword": "<영국>",
                "ne_type": "",
                "e_type": "ELU",
                "en": 81,
                "eIdx": 0,
                "st": 77
            },
            {
                "ancestor": "",
                "keyword": "<정의>",
                "ne_type": "",
                "e_type": "ELU",
                "en": 138,
                "eIdx": 1,
                "st": 134
            },
            {
                "ancestor": "",
                "keyword": "<분석>",
                "ne_type": "",
                "e_type": "ELU",
                "en": 219,
                "eIdx": 2,
                "st": 215
            }
        ],
        "text": "과학사회학의 정립 1930년대 로버트 K. 머턴의 주요한 관심사는 과학과 사회가 영향을 주고받는 방식을 밝히는 것이었다. 그러나 17세기 <영국>의 과학사를 연구하면서 머턴은 과학의 구조를 사회학적으로 설명해야 할 필요성을 느꼈다. 과학을 <정의>하고 기술하는 사회학적 체계가 존재하지 않는 한, 과학의 사회적 측면에 관한 심도있는 질문을 만들지 못하며 이에 관한 양적· 질적 자료를 <분석>할 수 없기 때문이다. 비유하자면 사칙연산을 잘 모르는 상황에서 미적분학을 이해하는데에는 한계가 있으며, 현실의 문제를 사칙연산에 관한 문제로 옮길 수 없는 것이다. 이후 머턴은 과학의 내부구조를 연구한 논문 〈과학과 사회질서〉(1937), 〈과학의 규범 구조 \"The Normative Structure of Science\"〉(1942) 등을 내놓는다.",
        "pIdx": 13
    },
    {
        "pronouns": [],
        "globalSId": [
            2642649,
            2642650,
            2642651,
            2642652,
            2642653
        ],
        "wikiPageId": 717487,
        "entities": [
            {
                "ancestor": "",
                "keyword": "<정의>",
                "ne_type": "",
                "e_type": "ELU",
                "en": 58,
                "eIdx": 0,
                "st": 54
            },
            {
                "ancestor": "",
                "keyword": "<허용>",
                "ne_type": "",
                "e_type": "ELU",
                "en": 128,
                "eIdx": 1,
                "st": 124
            }
        ],
        "text": "과학의 규범구조 머턴은 사회체계로서의 과학을 \"과학자를 구속하는 가치와 규범의 정서적 복합체\"로 <정의>한다. 규범은 과학자들이 특정한 행동을 반드시 하도록 명령하거나 하지 못하도록 금지하며, 경우에 따라서는 할 수 있게 <허용>·추천함으로써 과학자들의 행동을 규제한다. 연구자들의 일탈을 막음으로써 과학은 가치를 지향하고 실현할 수 있다. 한편, 규범이 조화를 이룸으로써 과학이라는 사회체계가 유지될 수 있다는 생각은 기능주의에 기반한다.",
        "pIdx": 14
    },
    {
        "pronouns": [],
        "globalSId": [
            2642654,
            2642655,
            2642656,
            2642657,
            2642658,
            2642659
        ],
        "wikiPageId": 717487,
        "entities": [
            {
                "ancestor": "",
                "keyword": "<심>",
                "ne_type": "",
                "e_type": "ELU",
                "en": 147,
                "eIdx": 0,
                "st": 144
            },
            {
                "ancestor": "",
                "keyword": "<내면>",
                "ne_type": "",
                "e_type": "ELU",
                "en": 252,
                "eIdx": 1,
                "st": 248
            }
        ],
        "text": "과학이 지향하는 가치 머턴은 과학의 가치를 크게 객관성· 독창성· 적절성으로 구분하였다. 객관성은 중립적이고 완벽한 지식체계를 위하여 노력하는 것이다. 객관성은 과학의 중심적인 가치이며 연구자들의 개방성과 합리성 등으로 나타난다. 독창성은 새로운 지식체계를 <심>하는 것으로 현대 과학에서 특히 중요하며, 호기심과 창의성· 혁신 등으로 표현된다. 마지막으로 마지막으로 적절성은 사회발전에 기여할 수 있는 지식의 추구를 뜻하는데, 이러한 가치가 <내면>화되면 학자들은 인간애와 불의에 대한 분노 등을 느끼게 된다.",
        "pIdx": 15
    },
    {
        "pronouns": [],
        "globalSId": [
            2642660,
            2642661
        ],
        "wikiPageId": 717487,
        "entities": [],
        "text": "과학에 내재하는 규범 머턴에 의하면 과학자들은 보편주의· 공유주의· 이해중립성· 회의주의의 4가지 규범을 따른다.",
        "pIdx": 16
    },
    {
        "pronouns": [],
        "globalSId": [
            2642662,
            2642663,
            2642664,
            2642665,
            2642666,
            2642667
        ],
        "wikiPageId": 717487,
        "entities": [
            {
                "ancestor": "",
                "keyword": "<준왕>",
                "ne_type": "",
                "e_type": "ELU",
                "en": 64,
                "eIdx": 0,
                "st": 60
            },
            {
                "ancestor": "",
                "keyword": "<사실>",
                "ne_type": "",
                "e_type": "ELU",
                "en": 123,
                "eIdx": 1,
                "st": 119
            },
            {
                "ancestor": "",
                "keyword": "<독일>",
                "ne_type": "",
                "e_type": "ELU",
                "en": 210,
                "eIdx": 2,
                "st": 206
            },
            {
                "ancestor": "",
                "keyword": "[프리츠_하버]",
                "ne_type": "",
                "e_type": "WIKILINK",
                "en": 234,
                "eIdx": 3,
                "st": 226
            },
            {
                "ancestor": "",
                "keyword": "<영국인>",
                "ne_type": "",
                "e_type": "ELU",
                "en": 268,
                "eIdx": 4,
                "st": 263
            },
            {
                "ancestor": "",
                "keyword": "[아이작_뉴턴]",
                "ne_type": "",
                "e_type": "WIKILINK",
                "en": 289,
                "eIdx": 5,
                "st": 281
            }
        ],
        "text": "보편주의 과학자의 주장이나 학설이 인정을 받기 위해서는 이미 알려진 지식 및 관찰과 조화를 이루는 비인격적 <준왕>을 따라야 한다. 다시 말해서 기존의 지식과 관찰을 잘 설명하며 논리적 비약이 없는 학설은 과학적 <사실>로 인정되어야 한다. 따라서 학설이 정당한지 여부는 연구자의 인종· 국적· 종교· 사상· 명성과 같은 요인이 영향을 전혀 미칠 수 없다. 예를 들어 <독일>을 무척 싫어하는 사람이라도 [프리츠_하버]가 개발한 암모니아 제법을 무효화 할 수는 없으며, <영국인>을 혐오하는 사람이라도 [아이작_뉴턴]이 찾은 만유인력의 법칙을 폐기할 수는 없다. 뿐만 아니라 보편주의는 능력 있는 사람이라면 사회적 신분에 상관없이 누구나 연구를 수행할 수 있도록 돕고, 지식체계의 증대라는 과학의 가치를 실현한다.",
        "pIdx": 17
    },
    {
        "pronouns": [],
        "globalSId": [
            2642668,
            2642669,
            2642670,
            2642671,
            2642672
        ],
        "wikiPageId": 717487,
        "entities": [
            {
                "ancestor": "",
                "keyword": "<독일>",
                "ne_type": "",
                "e_type": "ELU",
                "en": 144,
                "eIdx": 0,
                "st": 140
            },
            {
                "ancestor": "",
                "keyword": "<소련>",
                "ne_type": "",
                "e_type": "ELU",
                "en": 158,
                "eIdx": 1,
                "st": 154
            },
            {
                "ancestor": "",
                "keyword": "[국수주의]",
                "ne_type": "",
                "e_type": "WIKILINK",
                "en": 168,
                "eIdx": 2,
                "st": 162
            },
            {
                "ancestor": "",
                "keyword": "[전체주의]",
                "ne_type": "",
                "e_type": "WIKILINK",
                "en": 176,
                "eIdx": 3,
                "st": 170
            },
            {
                "ancestor": "",
                "keyword": "[인종주의]",
                "ne_type": "",
                "e_type": "WIKILINK",
                "en": 184,
                "eIdx": 4,
                "st": 178
            }
        ],
        "text": "물론, 과학은 인간사회 혹은 국가라는 큰 체계에 종속되어있기 때문에 과학의 보편주의가 항상 존중받는 것은 아니다. 만약 더 큰 체계가 보편주의에 반대하는 경우, 과학은 양립불가능한 특성의 대립으로 말미암아 극도로 불안해진다. 예를 들어 세계대전 시기 <독일>이나 스탈린 치하 <소련>에서는 [국수주의]와 [전체주의]· [인종주의]가 횡행하였다. 이곳의 과학자들은 자발적으로 보편주의를 포기하였거나 그렇게 하도록 강요받았으며, 민족이나 국가 혹은 특정한 이익집단을 위한 기술을 생산하는 존재로 전락하였다. 그럼에도 불구하고 과학자들은 보편주의를 지켜냈다고 머턴은 말한다.",
        "pIdx": 18
    },
    {
        "pronouns": [],
        "globalSId": [
            2642673,
            2642674,
            2642675,
            2642676,
            2642677,
            2642678
        ],
        "wikiPageId": 717487,
        "entities": [
            {
                "ancestor": "",
                "keyword": "<소유권>",
                "ne_type": "",
                "e_type": "ELU",
                "en": 43,
                "eIdx": 0,
                "st": 38
            },
            {
                "ancestor": "",
                "keyword": "<주장_(축구)>",
                "ne_type": "",
                "e_type": "ELU",
                "en": 54,
                "eIdx": 1,
                "st": 45
            },
            {
                "ancestor": "",
                "keyword": "<주장_(축구)>",
                "ne_type": "",
                "e_type": "ELU",
                "en": 148,
                "eIdx": 2,
                "st": 139
            },
            {
                "ancestor": "",
                "keyword": "[아인슈타인]",
                "ne_type": "",
                "e_type": "WIKILINK",
                "en": 229,
                "eIdx": 3,
                "st": 222
            },
            {
                "ancestor": "",
                "keyword": "[상대성이론]",
                "ne_type": "",
                "e_type": "WIKILINK",
                "en": 238,
                "eIdx": 4,
                "st": 231
            },
            {
                "ancestor": "",
                "keyword": "<소>",
                "ne_type": "",
                "e_type": "ELU",
                "en": 271,
                "eIdx": 5,
                "st": 268
            },
            {
                "ancestor": "",
                "keyword": "<주장_(축구)>",
                "ne_type": "",
                "e_type": "ELU",
                "en": 288,
                "eIdx": 6,
                "st": 279
            },
            {
                "ancestor": "",
                "keyword": "<현대_과학>",
                "ne_type": "",
                "e_type": "ELU",
                "en": 343,
                "eIdx": 7,
                "st": 336
            }
        ],
        "text": "공유주의 과학지식은 인류 공동의 재산이기 때문에 어느 누구도 배타적 <소유권>을 <주장_(축구)>할 수 없다. 심지어 법칙이나 이론을 처음으로 발견하거나 정립한 과학자들조차 지식을 사용하는데 있어서 특권을 가지지 못한다. 연구자들이 과학지식에 대해 <주장_(축구)>할 수 있는 것이라고는 자신이 최초로 법칙이나 이론을 발견했다는 명예와 함께 학계와 일반인들로부터 받는 존경에 불과하다. 예를 들어 [아인슈타인]은 [상대성이론]의 제창자라는 명예와 존경을 누릴 수는 있어도 이론이 <소>만의 것이라고 <주장_(축구)>할 수도, 자식에게 상속할 수도 없었다. 공유주의는 학자들 간의 교류를 활성화함으로써 <현대_과학>에 발전을 주었다고 평가된다.",
        "pIdx": 19
    },
    {
        "pronouns": [],
        "globalSId": [
            2642679,
            2642680,
            2642681,
            2642682,
            2642683,
            2642684,
            2642685
        ],
        "wikiPageId": 717487,
        "entities": [
            {
                "ancestor": "",
                "keyword": "<이하나>",
                "ne_type": "",
                "e_type": "ELU",
                "en": 40,
                "eIdx": 0,
                "st": 35
            },
            {
                "ancestor": "",
                "keyword": "<프랑스>",
                "ne_type": "",
                "e_type": "ELU",
                "en": 58,
                "eIdx": 1,
                "st": 53
            },
            {
                "ancestor": "",
                "keyword": "[:en:René-Antoine_Ferchault_de_Réaumur]",
                "ne_type": "",
                "e_type": "WIKILINK",
                "en": 103,
                "eIdx": 2,
                "st": 64
            },
            {
                "ancestor": "",
                "keyword": "<소수_(수론)>",
                "ne_type": "",
                "e_type": "ELU",
                "en": 121,
                "eIdx": 3,
                "st": 112
            },
            {
                "ancestor": "",
                "keyword": "<주장_(축구)>",
                "ne_type": "",
                "e_type": "ELU",
                "en": 195,
                "eIdx": 4,
                "st": 186
            },
            {
                "ancestor": "",
                "keyword": "<PR_(마케팅)>",
                "ne_type": "",
                "e_type": "ELU",
                "en": 266,
                "eIdx": 5,
                "st": 256
            },
            {
                "ancestor": "",
                "keyword": "<아이작_뉴턴>",
                "ne_type": "",
                "e_type": "ELU",
                "en": 365,
                "eIdx": 6,
                "st": 357
            },
            {
                "ancestor": "",
                "keyword": "<소>",
                "ne_type": "",
                "e_type": "ELU",
                "en": 443,
                "eIdx": 7,
                "st": 440
            },
            {
                "ancestor": "",
                "keyword": "<주장_(축구)>",
                "ne_type": "",
                "e_type": "ELU",
                "en": 493,
                "eIdx": 8,
                "st": 484
            },
            {
                "ancestor": "",
                "keyword": "<소>",
                "ne_type": "",
                "e_type": "ELU",
                "en": 505,
                "eIdx": 9,
                "st": 502
            }
        ],
        "text": "공유주의가 등장한 배경에는 여러가지가 있다. 계몽주의는 그 중 <이하나>인데, 일례로 18세기 <프랑스>의 과학자 [:en:René-Antoine_Ferchault_de_Réaumur]는 \"과학지식을 <소수_(수론)>의 연구자들이 독점할 수 있는 시기는 지났다. 우리는 지식을 공개함으로써 세계의 다른 지역 사람들을 도와야한다\"라고 <주장_(축구)>하였다. 특히 《철학회보》와 같은 초기 학술지들은 연구결과를 먼저 발표하는 쪽이 최초발견자의 지위를 얻는다고 <PR_(마케팅)>함으로써, 지적 재산권 침해를 우려하여 연구 공개를 망설이는 학자의 논문 투고를 이끌었다. 한편, 자신의 성과를 평가하는 과학자들의 인식도 적잖은 영향을 미쳤다. <아이작_뉴턴>이 \"내가 더 멀리까지 관찰할 수 있었던 것은 거인의 어깨 위에 서 있었기 때문이다\"라고 지적했듯이, 연구자들은 동료나 선배의 업적이 <소>의 연구에 많은 도움을 주었음을 인정하였다. 따라서 지식에 대한 재산권을 <주장_(축구)>하지 않음으로써 <소>의 연구에 직접· 간접적으로 기여한 사람들을 존중하는 것이다.",
        "pIdx": 20
    },
    {
        "pronouns": [],
        "globalSId": [
            2642686,
            2642687
        ],
        "wikiPageId": 717487,
        "entities": [
            {
                "ancestor": "",
                "keyword": "<경제_체제>",
                "ne_type": "",
                "e_type": "ELU",
                "en": 98,
                "eIdx": 0,
                "st": 91
            },
            {
                "ancestor": "",
                "keyword": "<이행_(조선)>",
                "ne_type": "",
                "e_type": "ELU",
                "en": 109,
                "eIdx": 1,
                "st": 100
            },
            {
                "ancestor": "",
                "keyword": "<사회>",
                "ne_type": "",
                "e_type": "ELU",
                "en": 118,
                "eIdx": 2,
                "st": 114
            },
            {
                "ancestor": "",
                "keyword": "<사이>",
                "ne_type": "",
                "e_type": "ELU",
                "en": 127,
                "eIdx": 3,
                "st": 123
            },
            {
                "ancestor": "",
                "keyword": "<종식>",
                "ne_type": "",
                "e_type": "ELU",
                "en": 137,
                "eIdx": 4,
                "st": 133
            },
            {
                "ancestor": "",
                "keyword": "<주장_(축구)>",
                "ne_type": "",
                "e_type": "ELU",
                "en": 151,
                "eIdx": 5,
                "st": 142
            }
        ],
        "text": "한편, 공유주의가 자본주의와 충돌하는 것에 대해 학자들은 여러 반응을 보인다. 어떤 연구자들은 자신의 업적에 대해 특허를 취득하기도 하고, 다른 사람들은 사회주의 <경제_체제>로 <이행_(조선)>함으로써 <사회>와 과학 <사이>의 괴리를 <종식>시키자고 <주장_(축구)>한다.",
        "pIdx": 21
    },
    {
        "pronouns": [],
        "globalSId": [
            2642688,
            2642689,
            2642690,
            2642691,
            2642692,
            2642693,
            2642694,
            2642695,
            2642696
        ],
        "wikiPageId": 717487,
        "entities": [
            {
                "ancestor": "",
                "keyword": "<이하나>",
                "ne_type": "",
                "e_type": "ELU",
                "en": 117,
                "eIdx": 0,
                "st": 112
            },
            {
                "ancestor": "",
                "keyword": "<과정>",
                "ne_type": "",
                "e_type": "ELU",
                "en": 472,
                "eIdx": 1,
                "st": 468
            },
            {
                "ancestor": "",
                "keyword": "<소>",
                "ne_type": "",
                "e_type": "ELU",
                "en": 570,
                "eIdx": 2,
                "st": 567
            }
        ],
        "text": "이해중립성 역사를 살펴봤을 때 자연과학분야에서는 다른 영역에 비하여 연구윤리를 기만하는 사건, 예를 들면 결과를 위조· 변조하거나 타인의 논문을 표절하는 경우가 드물었다. 이에 관한 고전적인 해석 중 <이하나>는 과학자 개개인의 인품과 관련이 있는데, 유난히 정직한 사람들이 과학자가 되기 때문에 연구윤리를 위반하는 사례가 드물다는 것이다. 그러나 머턴은 고전적인 해석을 뒷받침할 증거가 없다면서, 과학의 구조 자체가 연구자로 하여금 정직해지도록 규제한다고 주장한다. 과학자의 연구결과는 받아들여지기 전에 학계의 엄정한 평가를 받는다. 연구의 궁극적인 목적이 순수한 지식 추구든 명예와 부를 얻기 위한 것이든 간에 동료 학자들은 연구결과를 검증하면서 비합리적이거나 편파적인 부분을 지적한다. 과학자가 경쟁자를 제치거나 명예를 얻을 목적으로 결과를 위조하거나 영양가 없는 논문을 대량양산하는 전략을 사용할 수는 있으나, 대부분은 동료평가 <과정>에서 적발되며 해당 과학자는 처벌을 받게 된다. 특히 정직을 삶의 신조로하는 학자라면 논문을 위조하거나 표절하는데 있어서 심리적 부담감을 느낄 것이다. 따라서 연구자들이 <소>의 품위를 지키고 처벌을 면할 수 있는 길은 연구결과를 정직하게 발표하는 길 뿐이다.",
        "pIdx": 22
    }
]