[
    {
        "globalSId": [
            891654,
            891655,
            891656,
            891657
        ],
        "pronouns": [
            {
                "proIdx": 0,
                "ancestor": "",
                "en": 81,
                "st": 79,
                "keyword": "현의"
            },
            {
                "proIdx": 1,
                "ancestor": "",
                "en": 85,
                "st": 79,
                "keyword": "현의 영역은"
            },
            {
                "proIdx": 2,
                "ancestor": "",
                "en": 106,
                "st": 99,
                "keyword": "그 부속도서로"
            }
        ],
        "wikiPageId": 121755,
        "entities": [
            {
                "ne_type": "",
                "keyword": "<진먼_현>",
                "ancestor": "",
                "e_type": "ELU",
                "en": 6,
                "eIdx": 0,
                "st": 0
            },
            {
                "ne_type": "",
                "keyword": "[중화민국]",
                "ancestor": "",
                "e_type": "WIKILINK",
                "en": 23,
                "eIdx": 1,
                "st": 17
            },
            {
                "ne_type": "",
                "keyword": "[푸젠_성_(중화민국)]",
                "ancestor": "",
                "e_type": "WIKILINK",
                "en": 37,
                "eIdx": 2,
                "st": 24
            },
            {
                "ne_type": "ORGANIZATION",
                "keyword": "[성(省)_정부]",
                "ancestor": "",
                "e_type": "NEW",
                "en": 64,
                "eIdx": 3,
                "st": 55
            },
            {
                "ne_type": "",
                "keyword": "<진먼_현>",
                "ancestor": "",
                "e_type": "ELU",
                "en": 92,
                "eIdx": 4,
                "st": 86
            },
            {
                "ne_type": "",
                "keyword": "[중화민국]",
                "ancestor": "",
                "e_type": "WIKILINK",
                "en": 122,
                "eIdx": 5,
                "st": 116
            },
            {
                "ne_type": "",
                "keyword": "[타이완]",
                "ancestor": "",
                "e_type": "WIKILINK",
                "en": 136,
                "eIdx": 6,
                "st": 131
            },
            {
                "ne_type": "",
                "keyword": "[중화인민공화국]",
                "ancestor": "",
                "e_type": "WIKILINK",
                "en": 166,
                "eIdx": 7,
                "st": 157
            },
            {
                "ne_type": "",
                "keyword": "[중국_대륙]",
                "ancestor": "",
                "e_type": "WIKILINK",
                "en": 179,
                "eIdx": 8,
                "st": 172
            },
            {
                "ne_type": "",
                "keyword": "[마쭈_열도]",
                "ancestor": "",
                "e_type": "WIKILINK",
                "en": 211,
                "eIdx": 9,
                "st": 204
            },
            {
                "ne_type": "LOCATION",
                "keyword": "[진마_지구]",
                "ancestor": "",
                "e_type": "NEW",
                "en": 229,
                "eIdx": 10,
                "st": 222
            }
        ],
        "text": "<진먼_현>(, , 금문현)은 [중화민국] [푸젠_성_(중화민국)](福建省)에 있는 행정구역으로, [성(省)_정부]의 청사가 위치하고 있다. 현의 영역은 <진먼_현>(金門島)과 그 부속도서로 이루어져 있다. [중화민국] 정부 소재지인 [타이완]과는 약 210km에 달하며, 오히려 [중화인민공화국]의 영토인 [중국_대륙]에서 불과 1.8km의 거리로 매우 가깝다. [마쭈_열도](馬祖列島)와 함께 [진마_지구](金馬地區)로도 불린다.",
        "pIdx": 1
    },
    {
        "globalSId": [
            891658,
            891659,
            891660,
            891661,
            891662,
            891663
        ],
        "pronouns": [],
        "wikiPageId": 121755,
        "entities": [
            {
                "ne_type": "LOCATION",
                "keyword": "[주룽_강]",
                "ancestor": "",
                "e_type": "NEW",
                "en": 10,
                "eIdx": 0,
                "st": 4
            },
            {
                "ne_type": "LOCATION",
                "keyword": "[구룡강]",
                "ancestor": "",
                "e_type": "NEW",
                "en": 21,
                "eIdx": 1,
                "st": 16
            },
            {
                "ne_type": "LOCATION",
                "keyword": "[샤먼_만]",
                "ancestor": "",
                "e_type": "NEW",
                "en": 33,
                "eIdx": 2,
                "st": 27
            },
            {
                "ne_type": "LOCATION",
                "keyword": "[하문만]",
                "ancestor": "",
                "e_type": "NEW",
                "en": 44,
                "eIdx": 3,
                "st": 39
            },
            {
                "ne_type": "",
                "keyword": "<진먼_현>",
                "ancestor": "",
                "e_type": "ELU",
                "en": 61,
                "eIdx": 4,
                "st": 55
            },
            {
                "ne_type": "LOCATION",
                "keyword": "[금문도]",
                "ancestor": "",
                "e_type": "NEW",
                "en": 72,
                "eIdx": 5,
                "st": 67
            },
            {
                "ne_type": "LOCATION",
                "keyword": "[례위_섬]",
                "ancestor": "",
                "e_type": "NEW",
                "en": 81,
                "eIdx": 6,
                "st": 75
            },
            {
                "ne_type": "LOCATION",
                "keyword": "[열서]",
                "ancestor": "",
                "e_type": "NEW",
                "en": 90,
                "eIdx": 7,
                "st": 86
            },
            {
                "ne_type": "LOCATION",
                "keyword": "[샤오진먼_섬]",
                "ancestor": "",
                "e_type": "NEW",
                "en": 101,
                "eIdx": 8,
                "st": 93
            },
            {
                "ne_type": "LOCATION",
                "keyword": "[다단_섬]",
                "ancestor": "",
                "e_type": "NEW",
                "en": 123,
                "eIdx": 9,
                "st": 117
            },
            {
                "ne_type": "LOCATION",
                "keyword": "[대담도]",
                "ancestor": "",
                "e_type": "NEW",
                "en": 134,
                "eIdx": 10,
                "st": 129
            },
            {
                "ne_type": "LOCATION",
                "keyword": "[얼단_섬]",
                "ancestor": "",
                "e_type": "NEW",
                "en": 143,
                "eIdx": 11,
                "st": 137
            },
            {
                "ne_type": "LOCATION",
                "keyword": "[이담도]",
                "ancestor": "",
                "e_type": "NEW",
                "en": 154,
                "eIdx": 12,
                "st": 149
            },
            {
                "ne_type": "",
                "keyword": "[중화인민공화국]",
                "ancestor": "",
                "e_type": "WIKILINK",
                "en": 208,
                "eIdx": 13,
                "st": 199
            },
            {
                "ne_type": "",
                "keyword": "[샤먼_시]",
                "ancestor": "",
                "e_type": "WIKILINK",
                "en": 217,
                "eIdx": 14,
                "st": 211
            },
            {
                "ne_type": "LOCATION",
                "keyword": "[하문시]",
                "ancestor": "",
                "e_type": "NEW",
                "en": 228,
                "eIdx": 15,
                "st": 223
            },
            {
                "ne_type": "",
                "keyword": "[중화인민공화국]",
                "ancestor": "",
                "e_type": "WIKILINK",
                "en": 257,
                "eIdx": 16,
                "st": 248
            },
            {
                "ne_type": "",
                "keyword": "[국공_내전]",
                "ancestor": "",
                "e_type": "WIKILINK",
                "en": 286,
                "eIdx": 17,
                "st": 279
            },
            {
                "ne_type": "",
                "keyword": "[1978년]",
                "ancestor": "",
                "e_type": "WIKILINK",
                "en": 301,
                "eIdx": 18,
                "st": 294
            },
            {
                "ne_type": "LOCATION",
                "keyword": "[양안]",
                "ancestor": "",
                "e_type": "NEW",
                "en": 308,
                "eIdx": 19,
                "st": 304
            },
            {
                "ne_type": "",
                "keyword": "[중화민국]",
                "ancestor": "",
                "e_type": "WIKILINK",
                "en": 330,
                "eIdx": 20,
                "st": 324
            }
        ],
        "text": "지리. [주룽_강](九龍江, [구룡강]) 하구와 [샤먼_만](廈門灣, [하문만]) 입구를 바라보는 <진먼_현>(金門島, [금문도]), [례위_섬](烈嶼, [열서]. \"[샤오진먼_섬](小金門島)\"이라고도 함), [다단_섬](大膽島, [대담도]), [얼단_섬](二膽島, [이담도]) 등 총 12개의 섬으로 구성되어 있다. 총 면적은 150.3397km²이다. [중화인민공화국]측의 [샤먼_시](廈門市, [하문시])와는 바다를 사이에 두고 접한다. [중화인민공화국] 지배 지역과 불과 1.8km 거리로, [국공_내전]과 분단 이후 [1978년]까지 [양안](兩岸) 사이의 군사대립에서 [중화민국] 정부의 최전방이었다.",
        "pIdx": 2
    },
    {
        "pronouns": [],
        "globalSId": [
            891664,
            891665,
            891666
        ],
        "wikiPageId": 121755,
        "entities": [
            {
                "ancestor": "",
                "keyword": "<기후>",
                "ne_type": "",
                "e_type": "ELU",
                "en": 17,
                "eIdx": 0,
                "st": 13
            },
            {
                "ancestor": "",
                "keyword": "<강수>",
                "ne_type": "",
                "e_type": "ELU",
                "en": 43,
                "eIdx": 1,
                "st": 39
            },
            {
                "ancestor": "",
                "keyword": "<강수>",
                "ne_type": "",
                "e_type": "ELU",
                "en": 57,
                "eIdx": 2,
                "st": 53
            }
        ],
        "text": "이 곳은 아열대 해양성 <기후>에 속하고, 4월부터 9월에 걸쳐 가장 <강수>이 많다. 연평균 <강수>은 1,049.4mm이고 연평균 기온은 20.9℃이다. 지질은 화강암이 주를 이루어, 농업에는 적합하지 않다.",
        "pIdx": 3
    },
    {
        "pronouns": [],
        "globalSId": [
            891667,
            891668,
            891669,
            891670,
            891671
        ],
        "wikiPageId": 121755,
        "entities": [
            {
                "ancestor": "",
                "keyword": "[정성공]",
                "ne_type": "",
                "e_type": "WIKILINK",
                "en": 11,
                "eIdx": 0,
                "st": 6
            },
            {
                "ancestor": "",
                "keyword": "[1915년]",
                "ne_type": "",
                "e_type": "WIKILINK",
                "en": 43,
                "eIdx": 1,
                "st": 36
            },
            {
                "ancestor": "",
                "keyword": "[1949년]",
                "ne_type": "",
                "e_type": "WIKILINK",
                "en": 64,
                "eIdx": 2,
                "st": 57
            },
            {
                "ancestor": "",
                "keyword": "[중국_공산당]",
                "ne_type": "",
                "e_type": "WIKILINK",
                "en": 75,
                "eIdx": 3,
                "st": 67
            },
            {
                "ancestor": "",
                "keyword": "[중화인민공화국]",
                "ne_type": "",
                "e_type": "WIKILINK",
                "en": 103,
                "eIdx": 4,
                "st": 94
            },
            {
                "ancestor": "",
                "keyword": "<대한국민당_(1948년)>",
                "ne_type": "",
                "e_type": "ELU",
                "en": 202,
                "eIdx": 5,
                "st": 187
            },
            {
                "ancestor": "",
                "keyword": "[중국인민해방군]",
                "ne_type": "",
                "e_type": "WIKILINK",
                "en": 223,
                "eIdx": 6,
                "st": 214
            },
            {
                "ancestor": "",
                "keyword": "<이유>",
                "ne_type": "",
                "e_type": "ELU",
                "en": 234,
                "eIdx": 7,
                "st": 230
            },
            {
                "ancestor": "",
                "keyword": "[1956년]",
                "ne_type": "",
                "e_type": "WIKILINK",
                "en": 243,
                "eIdx": 8,
                "st": 236
            },
            {
                "ancestor": "",
                "keyword": "[군정]",
                "ne_type": "",
                "e_type": "WIKILINK",
                "en": 268,
                "eIdx": 9,
                "st": 264
            }
        ],
        "text": "역사 한때 [정성공](鄭成功)의 반청복명(反淸復明)의 기지였다. [1915년]에 독립된 현이 되었다. [1949년] 말 [중국_공산당]은 중국 대륙의 대부분을 석권하고 [중화인민공화국]을 선포하였으나, 양 측이 이 섬의 지배를 둘러싸고 격돌한 고령두(古寧頭) 전투(1949.10.24 - 10.26)에서 공산당 측이 대패하여 이 섬에 <대한국민당_(1948년)>의 지배가 굳어졌다. [중국인민해방군]과의 전투를 <이유>로 [1956년] 7월부터 진마(金馬, 금마) 지구에 [군정](軍政)이 실시되었다.",
        "pIdx": 4
    }
]