[
    {
        "pronouns": [],
        "globalSId": [
            2222742
        ],
        "wikiPageId": 517415,
        "entities": [
            {
                "ancestor": "",
                "keyword": "<배대원>",
                "ne_type": "",
                "e_type": "ELU",
                "en": 5,
                "eIdx": 0,
                "st": 0
            },
            {
                "ancestor": "",
                "keyword": "[1988년]",
                "ne_type": "",
                "e_type": "WIKILINK",
                "en": 18,
                "eIdx": 1,
                "st": 11
            },
            {
                "ancestor": "",
                "keyword": "[7월_6일]",
                "ne_type": "",
                "e_type": "WIKILINK",
                "en": 26,
                "eIdx": 2,
                "st": 19
            },
            {
                "ancestor": "",
                "keyword": "[대한민국]",
                "ne_type": "",
                "e_type": "WIKILINK",
                "en": 38,
                "eIdx": 3,
                "st": 32
            },
            {
                "ancestor": "",
                "keyword": "[축구]",
                "ne_type": "",
                "e_type": "WIKILINK",
                "en": 44,
                "eIdx": 4,
                "st": 40
            },
            {
                "ancestor": "",
                "keyword": "[수비수]",
                "ne_type": "",
                "e_type": "WIKILINK",
                "en": 54,
                "eIdx": 5,
                "st": 49
            }
        ],
        "text": "<배대원>(裴大元, [1988년] [7월_6일] ~ )은 [대한민국]의 [축구] 선수로 [수비수]로 뛰고 있다.",
        "pIdx": 1
    }
]