[
    {
        "pronouns": [],
        "globalSId": [
            1590579,
            1590580
        ],
        "wikiPageId": 286874,
        "entities": [
            {
                "ancestor": "",
                "keyword": "<폴란드>",
                "ne_type": "",
                "e_type": "ELU",
                "en": 5,
                "eIdx": 0,
                "st": 0
            },
            {
                "ancestor": "",
                "keyword": "[1424년]",
                "ne_type": "",
                "e_type": "WIKILINK",
                "en": 45,
                "eIdx": 1,
                "st": 38
            },
            {
                "ancestor": "",
                "keyword": "[10월_31일]",
                "ne_type": "",
                "e_type": "WIKILINK",
                "en": 55,
                "eIdx": 2,
                "st": 46
            },
            {
                "ancestor": "",
                "keyword": "[폴란드]",
                "ne_type": "",
                "e_type": "WIKILINK",
                "en": 61,
                "eIdx": 3,
                "st": 56
            },
            {
                "ancestor": "",
                "keyword": "[크라쿠프]",
                "ne_type": "",
                "e_type": "WIKILINK",
                "en": 68,
                "eIdx": 4,
                "st": 62
            },
            {
                "ancestor": "",
                "keyword": "[1444년]",
                "ne_type": "",
                "e_type": "WIKILINK",
                "en": 78,
                "eIdx": 5,
                "st": 71
            },
            {
                "ancestor": "",
                "keyword": "[11월_10일]",
                "ne_type": "",
                "e_type": "WIKILINK",
                "en": 88,
                "eIdx": 6,
                "st": 79
            },
            {
                "ancestor": "",
                "keyword": "[불가리아]",
                "ne_type": "",
                "e_type": "WIKILINK",
                "en": 95,
                "eIdx": 7,
                "st": 89
            },
            {
                "ancestor": "",
                "keyword": "[바르나]",
                "ne_type": "",
                "e_type": "WIKILINK",
                "en": 101,
                "eIdx": 8,
                "st": 96
            },
            {
                "ancestor": "",
                "keyword": "[1434년]",
                "ne_type": "",
                "e_type": "WIKILINK",
                "en": 111,
                "eIdx": 9,
                "st": 104
            },
            {
                "ancestor": "",
                "keyword": "[1444년]",
                "ne_type": "",
                "e_type": "WIKILINK",
                "en": 119,
                "eIdx": 10,
                "st": 112
            },
            {
                "ancestor": "",
                "keyword": "[폴란드]",
                "ne_type": "",
                "e_type": "WIKILINK",
                "en": 127,
                "eIdx": 11,
                "st": 122
            },
            {
                "ancestor": "",
                "keyword": "[왕]",
                "ne_type": "",
                "e_type": "WIKILINK",
                "en": 132,
                "eIdx": 12,
                "st": 129
            },
            {
                "ancestor": "",
                "keyword": "[1440년]",
                "ne_type": "",
                "e_type": "WIKILINK",
                "en": 142,
                "eIdx": 13,
                "st": 135
            },
            {
                "ancestor": "",
                "keyword": "[1444년]",
                "ne_type": "",
                "e_type": "WIKILINK",
                "en": 150,
                "eIdx": 14,
                "st": 143
            },
            {
                "ancestor": "",
                "keyword": "[헝가리]",
                "ne_type": "",
                "e_type": "WIKILINK",
                "en": 158,
                "eIdx": 15,
                "st": 153
            },
            {
                "ancestor": "",
                "keyword": "[바르나_전투]",
                "ne_type": "",
                "e_type": "WIKILINK",
                "en": 174,
                "eIdx": 16,
                "st": 166
            }
        ],
        "text": "<폴란드>의 브와디스와프 3세 혹은 브와디스와프 3세 바르넨치크(, [1424년] [10월_31일] [폴란드] [크라쿠프] ~ [1444년] [11월_10일] [불가리아] [바르나])는 [1434년]~[1444년]까지 [폴란드]의 [왕]이자 [1440년]~[1444년]까지 [헝가리]의 왕이었다. [바르나_전투]에서 전사한다.",
        "pIdx": 1
    },
    {
        "pronouns": [],
        "globalSId": [
            1590581
        ],
        "wikiPageId": 286874,
        "entities": [
            {
                "ancestor": "",
                "keyword": "<바르나>",
                "ne_type": "",
                "e_type": "ELU",
                "en": 5,
                "eIdx": 0,
                "st": 0
            }
        ],
        "text": "<바르나>의 블라디슬라우스 3세()는 (), (), (), (), (), ().",
        "pIdx": 2
    },
    {
        "pronouns": [],
        "globalSId": [],
        "wikiPageId": 286874,
        "entities": [],
        "text": "",
        "pIdx": 3
    },
    {
        "pronouns": [],
        "globalSId": [
            1590582,
            1590583,
            1590584,
            1590585
        ],
        "wikiPageId": 286874,
        "entities": [
            {
                "ancestor": "",
                "keyword": "[브와디스와프_2세]",
                "ne_type": "",
                "e_type": "WIKILINK",
                "en": 22,
                "eIdx": 0,
                "st": 11
            },
            {
                "ancestor": "",
                "keyword": "[조피아_홀샨스카]",
                "ne_type": "",
                "e_type": "WIKILINK",
                "en": 34,
                "eIdx": 1,
                "st": 24
            },
            {
                "ancestor": "",
                "keyword": "[피아스트_왕조]",
                "ne_type": "",
                "e_type": "WIKILINK",
                "en": 79,
                "eIdx": 2,
                "st": 70
            },
            {
                "ancestor": "",
                "keyword": "[야드비가]",
                "ne_type": "",
                "e_type": "WIKILINK",
                "en": 100,
                "eIdx": 3,
                "st": 94
            },
            {
                "ancestor": "",
                "keyword": "[브란덴부르크_선제후_프리드리히]",
                "ne_type": "",
                "e_type": "WIKILINK",
                "en": 137,
                "eIdx": 4,
                "st": 119
            },
            {
                "ancestor": "",
                "keyword": "<왕위_계승>",
                "ne_type": "",
                "e_type": "ELU",
                "en": 173,
                "eIdx": 5,
                "st": 166
            },
            {
                "ancestor": "",
                "keyword": "<우선권>",
                "ne_type": "",
                "e_type": "ELU",
                "en": 180,
                "eIdx": 6,
                "st": 175
            },
            {
                "ancestor": "",
                "keyword": "<주장_(축구)>",
                "ne_type": "",
                "e_type": "ELU",
                "en": 195,
                "eIdx": 7,
                "st": 186
            },
            {
                "ancestor": "",
                "keyword": "<폴란드>",
                "ne_type": "",
                "e_type": "ELU",
                "en": 266,
                "eIdx": 8,
                "st": 261
            },
            {
                "ancestor": "",
                "keyword": "[마그나트]",
                "ne_type": "",
                "e_type": "WIKILINK",
                "en": 274,
                "eIdx": 9,
                "st": 268
            },
            {
                "ancestor": "",
                "keyword": "<사이>",
                "ne_type": "",
                "e_type": "ELU",
                "en": 294,
                "eIdx": 10,
                "st": 290
            },
            {
                "ancestor": "",
                "keyword": "<왕위>",
                "ne_type": "",
                "e_type": "ELU",
                "en": 313,
                "eIdx": 11,
                "st": 309
            },
            {
                "ancestor": "",
                "keyword": "<계승>",
                "ne_type": "",
                "e_type": "ELU",
                "en": 319,
                "eIdx": 12,
                "st": 315
            },
            {
                "ancestor": "",
                "keyword": "<왕위>",
                "ne_type": "",
                "e_type": "ELU",
                "en": 347,
                "eIdx": 13,
                "st": 343
            },
            {
                "ancestor": "",
                "keyword": "[추기경]",
                "ne_type": "",
                "e_type": "WIKILINK",
                "en": 412,
                "eIdx": 14,
                "st": 407
            },
            {
                "ancestor": "",
                "keyword": "[즈비그니에프_올레시니츠키]",
                "ne_type": "",
                "e_type": "WIKILINK",
                "en": 428,
                "eIdx": 15,
                "st": 413
            }
        ],
        "text": "생애 브와디스와프는 [브와디스와프_2세]와 [조피아_홀샨스카](Zofia Holszańska) 사이에서 장남으로 태어났을 때 [피아스트_왕조]의 피를 이은 배다른 누이 [야드비가](Jadwiga)와 그녀와 약혼한 [브란덴부르크_선제후_프리드리히](Friedrich of Brandenburg)에게 <왕위_계승>의 <우선권>이 있다고 <주장_(축구)>하는 반대세력이 있었다. 하지만 야드비가의 죽음으로 인해 반대파의 구상은 실현되지 않았고, 아버지 브와디스와프 2세와 <폴란드>의 [마그나트](magnates;대귀족)들 <사이>에서 장자 브와디스와프에게 <왕위>를 <계승>하게 한다는 합의가 이루어지기까지, 어릴적 <왕위>를 물려받는 브와디스와프와 야심만만한 어머니 조피아에 대해 상당한 반발이 있었다. 10살 때 즉위한 국왕은 [추기경] [즈비그니에프_올레시니츠키](Zbigniew Cardinal Oleśnicki)를 우두머리로 한 궁정의 고문단의 보좌를 받았다.",
        "pIdx": 4
    },
    {
        "pronouns": [],
        "globalSId": [
            1590586,
            1590587,
            1590588
        ],
        "wikiPageId": 286874,
        "entities": [
            {
                "ancestor": "",
                "keyword": "[대관식]",
                "ne_type": "",
                "e_type": "WIKILINK",
                "en": 38,
                "eIdx": 0,
                "st": 33
            },
            {
                "ancestor": "",
                "keyword": "[슐라흐타]",
                "ne_type": "",
                "e_type": "WIKILINK",
                "en": 52,
                "eIdx": 1,
                "st": 46
            },
            {
                "ancestor": "",
                "keyword": "[스피트코_츠_멜슈틴]",
                "ne_type": "",
                "e_type": "WIKILINK",
                "en": 72,
                "eIdx": 2,
                "st": 60
            },
            {
                "ancestor": "",
                "keyword": "<수도>",
                "ne_type": "",
                "e_type": "ELU",
                "en": 114,
                "eIdx": 3,
                "st": 110
            },
            {
                "ancestor": "",
                "keyword": "<크라쿠프>",
                "ne_type": "",
                "e_type": "ELU",
                "en": 121,
                "eIdx": 4,
                "st": 115
            },
            {
                "ancestor": "",
                "keyword": "<시간>",
                "ne_type": "",
                "e_type": "ELU",
                "en": 158,
                "eIdx": 5,
                "st": 154
            },
            {
                "ancestor": "",
                "keyword": "[마조프세]",
                "ne_type": "",
                "e_type": "WIKILINK",
                "en": 167,
                "eIdx": 6,
                "st": 161
            },
            {
                "ancestor": "",
                "keyword": "<한국의_역사>",
                "ne_type": "",
                "e_type": "ELU",
                "en": 246,
                "eIdx": 7,
                "st": 238
            },
            {
                "ancestor": "",
                "keyword": "<데_팍토>",
                "ne_type": "",
                "e_type": "ELU",
                "en": 263,
                "eIdx": 8,
                "st": 257
            },
            {
                "ancestor": "",
                "keyword": "<추기경>",
                "ne_type": "",
                "e_type": "ELU",
                "en": 283,
                "eIdx": 9,
                "st": 278
            }
        ],
        "text": "브와디스와프의 치세는 시작부터 곤란한 상황에 처해 있었다. [대관식]에는 반대파의 [슐라흐타] 중 한 명인 [스피트코_츠_멜슈틴](Spytko of Melsztyn)에 의한 방해를 받았고, 다음날 <수도> <크라쿠프>에서 벌어진 전통으로 내려온 민중에 의한 새로운 왕의 환호 <시간>에는 [마조프세](Mazovia)의 성속 제후들이 장소를 차지하려고 서로 데려온 종자들을 다투게 했기 때문에 무효화되었다. 또한 성장한 국왕이 <한국의_역사>에 관한 발언에서도 <데_팍토>의 <섭정>인 올레시니츠키 <추기경>은 이를 무시하고, 이 사태는 1438년 표트르코프(Piotrków)에서 소집된 세임에서 <국왕이 14살이 되었기 때문에 친정을 시작한다>라는 선언이 나온 뒤에도 변하지 않았다.",
        "pIdx": 5
    },
    {
        "pronouns": [],
        "globalSId": [
            1590589,
            1590590,
            1590591
        ],
        "wikiPageId": 286874,
        "entities": [
            {
                "ancestor": "",
                "keyword": "[헝가리]",
                "ne_type": "",
                "e_type": "WIKILINK",
                "en": 19,
                "eIdx": 0,
                "st": 14
            },
            {
                "ancestor": "",
                "keyword": "<헝가리>",
                "ne_type": "",
                "e_type": "ELU",
                "en": 66,
                "eIdx": 1,
                "st": 61
            },
            {
                "ancestor": "",
                "keyword": "[오스만_제국]",
                "ne_type": "",
                "e_type": "WIKILINK",
                "en": 76,
                "eIdx": 2,
                "st": 68
            },
            {
                "ancestor": "",
                "keyword": "<헝가리>",
                "ne_type": "",
                "e_type": "ELU",
                "en": 95,
                "eIdx": 3,
                "st": 90
            },
            {
                "ancestor": "",
                "keyword": "<동군연합>",
                "ne_type": "",
                "e_type": "ELU",
                "en": 104,
                "eIdx": 4,
                "st": 98
            },
            {
                "ancestor": "",
                "keyword": "<선_(시호)>",
                "ne_type": "",
                "e_type": "ELU",
                "en": 139,
                "eIdx": 5,
                "st": 131
            },
            {
                "ancestor": "",
                "keyword": "[합스부르크_왕가]",
                "ne_type": "",
                "e_type": "WIKILINK",
                "en": 151,
                "eIdx": 6,
                "st": 141
            },
            {
                "ancestor": "",
                "keyword": "[신성로마제국]",
                "ne_type": "",
                "e_type": "WIKILINK",
                "en": 161,
                "eIdx": 7,
                "st": 153
            },
            {
                "ancestor": "",
                "keyword": "[알브레히트_2세_(독일)]",
                "ne_type": "",
                "e_type": "WIKILINK",
                "en": 177,
                "eIdx": 8,
                "st": 162
            },
            {
                "ancestor": "",
                "keyword": "<왕위>",
                "ne_type": "",
                "e_type": "ELU",
                "en": 217,
                "eIdx": 9,
                "st": 213
            }
        ],
        "text": "1440년 브와디스와프는 [헝가리] 국왕으로 옹립되었으나, 이것을 받아들이는 것은 많은 문제가 있었다. 당시 <헝가리>는 [오스만_제국]의 위협을 받고 있었기에 <헝가리>와의 <동군연합>에는 폴란드 귀족들의 반대가 예상되었다. 거기에 <선_(시호)>인 [합스부르크_왕가]의 [신성로마제국] [알브레히트_2세_(독일)]의 미망인 엘리자베트는 임신중이어서 태어나는 아이가 장래 헝가리 <왕위>를 이을 것이라고 생각했다.",
        "pIdx": 6
    },
    {
        "pronouns": [],
        "globalSId": [
            1590592,
            1590593,
            1590594
        ],
        "wikiPageId": 286874,
        "entities": [
            {
                "ancestor": "",
                "keyword": "<왕위>",
                "ne_type": "",
                "e_type": "ELU",
                "en": 35,
                "eIdx": 0,
                "st": 31
            },
            {
                "ancestor": "",
                "keyword": "<승리>",
                "ne_type": "",
                "e_type": "ELU",
                "en": 77,
                "eIdx": 1,
                "st": 73
            },
            {
                "ancestor": "",
                "keyword": "[교황_에우제니오_2세]",
                "ne_type": "",
                "e_type": "WIKILINK",
                "en": 102,
                "eIdx": 2,
                "st": 89
            },
            {
                "ancestor": "",
                "keyword": "<튀르크족>",
                "ne_type": "",
                "e_type": "ELU",
                "en": 136,
                "eIdx": 3,
                "st": 130
            },
            {
                "ancestor": "",
                "keyword": "[십자군]",
                "ne_type": "",
                "e_type": "WIKILINK",
                "en": 146,
                "eIdx": 4,
                "st": 141
            },
            {
                "ancestor": "",
                "keyword": "<조직_(사회과학)>",
                "ne_type": "",
                "e_type": "ELU",
                "en": 159,
                "eIdx": 5,
                "st": 148
            },
            {
                "ancestor": "",
                "keyword": "[야기에우오_왕조]",
                "ne_type": "",
                "e_type": "WIKILINK",
                "en": 189,
                "eIdx": 6,
                "st": 179
            },
            {
                "ancestor": "",
                "keyword": "[폴란드]",
                "ne_type": "",
                "e_type": "WIKILINK",
                "en": 196,
                "eIdx": 7,
                "st": 191
            }
        ],
        "text": "이런 곤란한 상황임에도 불구하고, 브와디스와프는 헝가리 <왕위>를 물려받기로 결정하고 엘리자베트 지지파와 2년에 걸친 내전을 벌여 <승리>했다. 브와디스와프는 [교황_에우제니오_2세]로부터 많은 원조를 받았고, 그 은혜를 갚기 위해 <튀르크족>에 대한 [십자군]을 <조직_(사회과학)>할 것을 맹세했다. 18살의 국왕은 [야기에우오_왕조]와 [폴란드]내의 문제는 완전히 등한시하고, 십자군에 대한 정열에 불타올랐다.",
        "pIdx": 7
    },
    {
        "pronouns": [],
        "globalSId": [
            1590595,
            1590596
        ],
        "wikiPageId": 286874,
        "entities": [
            {
                "ancestor": "",
                "keyword": "<오스만_제국>",
                "ne_type": "",
                "e_type": "ELU",
                "en": 176,
                "eIdx": 0,
                "st": 168
            },
            {
                "ancestor": "",
                "keyword": "<원정_(전한)>",
                "ne_type": "",
                "e_type": "ELU",
                "en": 194,
                "eIdx": 1,
                "st": 185
            }
        ],
        "text": "\"크리스트교 세계의 옹호자\"(bulwark of Christianity)를 시작으로 한 여러 칭호가 신에 대한 십자군의 전승기원을 축복하는 것과 더불어, 교황특사 줄리아노 체자리니(Giuliano Cesarini)에 의해 브와디스와프에게로 보내졌다. 다만 이 사절은 브와디스와프에게 이후 2년에 걸친 <오스만_제국>에 대한 십자군 <원정_(전한)>을 약속받으려는 목적이 있었다.",
        "pIdx": 8
    },
    {
        "pronouns": [],
        "globalSId": [
            1590597
        ],
        "wikiPageId": 286874,
        "entities": [
            {
                "ancestor": "",
                "keyword": "[오라데아]",
                "ne_type": "",
                "e_type": "WIKILINK",
                "en": 6,
                "eIdx": 0,
                "st": 0
            }
        ],
        "text": "[오라데아](Oradea)에서 1443년에 맺어진 10년의 휴전조약에 대해서, 이교도는 신용하지 않고, 전투를 계속하겠다는 주장을 국왕은 받아 들였다.",
        "pIdx": 9
    }
]