[
    {
        "globalSId": [
            3535175,
            3535176,
            3535177,
            3535178,
            3535179
        ],
        "pronouns": [
            {
                "proIdx": 0,
                "ancestor": "",
                "en": 434,
                "st": 432,
                "keyword": "그는"
            }
        ],
        "wikiPageId": 1286851,
        "entities": [
            {
                "ne_type": "PERSON",
                "keyword": "[프리드리히_2세_폰_브란덴부르크-안스바흐-콜룸바흐]",
                "ancestor": "",
                "e_type": "NEW",
                "en": 29,
                "eIdx": 0,
                "st": 0
            },
            {
                "ne_type": "",
                "keyword": "[1460년]",
                "ancestor": "",
                "e_type": "WIKILINK",
                "en": 85,
                "eIdx": 1,
                "st": 78
            },
            {
                "ne_type": "",
                "keyword": "[5월_8일]",
                "ancestor": "",
                "e_type": "WIKILINK",
                "en": 93,
                "eIdx": 2,
                "st": 86
            },
            {
                "ne_type": "",
                "keyword": "[1536년]",
                "ancestor": "",
                "e_type": "WIKILINK",
                "en": 103,
                "eIdx": 3,
                "st": 96
            },
            {
                "ne_type": "",
                "keyword": "[4월_4일]",
                "ancestor": "",
                "e_type": "WIKILINK",
                "en": 111,
                "eIdx": 4,
                "st": 104
            },
            {
                "ne_type": "PERSON",
                "keyword": "[프리드리히_노인공]",
                "ancestor": "",
                "e_type": "NEW",
                "en": 127,
                "eIdx": 5,
                "st": 116
            },
            {
                "ne_type": "",
                "keyword": "[호엔촐레른_왕조]",
                "ancestor": "",
                "e_type": "WIKILINK",
                "en": 161,
                "eIdx": 6,
                "st": 151
            },
            {
                "ne_type": "",
                "keyword": "[독일]",
                "ancestor": "",
                "e_type": "WIKILINK",
                "en": 169,
                "eIdx": 7,
                "st": 165
            },
            {
                "ne_type": "",
                "keyword": "[브란덴부르크-안스바흐]",
                "ancestor": "",
                "e_type": "WIKILINK",
                "en": 189,
                "eIdx": 8,
                "st": 176
            },
            {
                "ne_type": "",
                "keyword": "[후작]",
                "ancestor": "",
                "e_type": "WIKILINK",
                "en": 194,
                "eIdx": 9,
                "st": 190
            },
            {
                "ne_type": "",
                "keyword": "[브란덴부르크-콜룸바흐]",
                "ancestor": "",
                "e_type": "WIKILINK",
                "en": 210,
                "eIdx": 10,
                "st": 197
            },
            {
                "ne_type": "",
                "keyword": "[후작]",
                "ancestor": "",
                "e_type": "WIKILINK",
                "en": 216,
                "eIdx": 11,
                "st": 212
            },
            {
                "ne_type": "",
                "keyword": "[1486년]",
                "ancestor": "",
                "e_type": "WIKILINK",
                "en": 228,
                "eIdx": 12,
                "st": 221
            },
            {
                "ne_type": "",
                "keyword": "[알브레히트_3세_아킬레스]",
                "ancestor": "",
                "e_type": "WIKILINK",
                "en": 248,
                "eIdx": 13,
                "st": 233
            },
            {
                "ne_type": "",
                "keyword": "[안스바흐]",
                "ancestor": "",
                "e_type": "WIKILINK",
                "en": 261,
                "eIdx": 14,
                "st": 255
            },
            {
                "ne_type": "PERSON",
                "keyword": "[지기스문트]",
                "ancestor": "",
                "e_type": "NEW",
                "en": 282,
                "eIdx": 15,
                "st": 275
            },
            {
                "ne_type": "PERSON",
                "keyword": "[콜룸바흐]",
                "ancestor": "",
                "e_type": "NEW",
                "en": 292,
                "eIdx": 16,
                "st": 286
            },
            {
                "ne_type": "",
                "keyword": "<바이로이트>",
                "ancestor": "",
                "e_type": "ELU",
                "en": 301,
                "eIdx": 17,
                "st": 294
            },
            {
                "ne_type": "PERSON",
                "keyword": "[프리드리히_2세_폰_브란덴부르크-안스바흐-바이로이트]",
                "ancestor": "",
                "e_type": "NEW",
                "en": 346,
                "eIdx": 18,
                "st": 316
            },
            {
                "ne_type": "",
                "keyword": "[폴란드]",
                "ancestor": "",
                "e_type": "WIKILINK",
                "en": 395,
                "eIdx": 19,
                "st": 390
            },
            {
                "ne_type": "",
                "keyword": "[카지미에시_4세]",
                "ancestor": "",
                "e_type": "WIKILINK",
                "en": 411,
                "eIdx": 20,
                "st": 401
            },
            {
                "ne_type": "",
                "keyword": "[폴란드의_소피아]",
                "ancestor": "",
                "e_type": "WIKILINK",
                "en": 425,
                "eIdx": 21,
                "st": 415
            },
            {
                "ne_type": "",
                "keyword": "[브란덴부르크_선제후]",
                "ancestor": "",
                "e_type": "WIKILINK",
                "en": 465,
                "eIdx": 22,
                "st": 453
            }
        ],
        "text": "[프리드리히_2세_폰_브란덴부르크-안스바흐-콜룸바흐](Friedrich II. von Brandenburg-Ansbach-Kulmbach, [1460년] [5월_8일] - [1536년] [4월_4일]) 또는 [프리드리히_노인공](Friedrich der Ältere)은 [호엔촐레른_왕조] 출신 [독일]의 군주로, [브란덴부르크-안스바흐] [후작]이자 [브란덴부르크-콜룸바흐]의 [후작]이었다. [1486년] 아버지 [알브레히트_3세_아킬레스]가 죽을 때 [안스바흐]만을 물려받았으나, 동생 [지기스문트] 사후 [콜룸바흐]와 <바이로이트>의 백작직위를 차지했으므로 [프리드리히_2세_폰_브란덴부르크-안스바흐-바이로이트](Frederich II von Ansbach-Bayreuth)라고도 부른다. [폴란드]의 공주인 [카지미에시_4세]의 딸 [폴란드의_소피아]와 결혼했던 그는 폴란드식 이름도 사용했다 한다. [브란덴부르크_선제후] 가문에서 갈라진 몇몇 분가의 시조였다.",
        "pIdx": 1
    },
    {
        "pronouns": [],
        "globalSId": [
            3535180,
            3535181
        ],
        "wikiPageId": 1286851,
        "entities": [
            {
                "ancestor": "",
                "keyword": "[브란덴부르크]",
                "ne_type": "",
                "e_type": "WIKILINK",
                "en": 8,
                "eIdx": 0,
                "st": 0
            },
            {
                "ancestor": "",
                "keyword": "[바이에른]",
                "ne_type": "",
                "e_type": "WIKILINK",
                "en": 21,
                "eIdx": 1,
                "st": 15
            },
            {
                "ancestor": "",
                "keyword": "[호엔촐레른_왕조]",
                "ne_type": "",
                "e_type": "WIKILINK",
                "en": 36,
                "eIdx": 2,
                "st": 26
            },
            {
                "ancestor": "",
                "keyword": "<소>",
                "ne_type": "",
                "e_type": "ELU",
                "en": 81,
                "eIdx": 3,
                "st": 78
            },
            {
                "ancestor": "",
                "keyword": "[1515년]",
                "ne_type": "",
                "e_type": "WIKILINK",
                "en": 109,
                "eIdx": 4,
                "st": 102
            },
            {
                "ancestor": "",
                "keyword": "[5월]",
                "ne_type": "",
                "e_type": "WIKILINK",
                "en": 114,
                "eIdx": 5,
                "st": 110
            },
            {
                "ancestor": "",
                "keyword": "[카슈미르_폰_브란덴부르크-콜룸바흐]",
                "ne_type": "",
                "e_type": "WIKILINK",
                "en": 142,
                "eIdx": 6,
                "st": 122
            },
            {
                "ancestor": "",
                "keyword": "[게오르크_폰_브란덴부르크-안스바흐]",
                "ne_type": "",
                "e_type": "WIKILINK",
                "en": 164,
                "eIdx": 7,
                "st": 144
            }
        ],
        "text": "[브란덴부르크] 밖에 있던 [바이에른] 지역의 [호엔촐레른_왕조]의 영지를 상속받았다. 그러나 그는 낭비벽이 있었고, 돈을 헤프게 사용하여 <소>의 영지에 막대한 부채를 안기자 결국 [1515년] [5월] 그의 아들들 [카슈미르_폰_브란덴부르크-콜룸바흐]와 [게오르크_폰_브란덴부르크-안스바흐]가 일으킨 쿠데타로 축출되었다.",
        "pIdx": 2
    },
    {
        "pronouns": [],
        "globalSId": [
            3535182
        ],
        "wikiPageId": 1286851,
        "entities": [],
        "text": "생애",
        "pIdx": 3
    }
]