[
    {
        "pronouns": [],
        "globalSId": [
            1686661,
            1686662,
            1686663,
            1686664
        ],
        "wikiPageId": 313655,
        "entities": [
            {
                "ancestor": "",
                "keyword": "<디에고_벨라스케스>",
                "ne_type": "",
                "e_type": "ELU",
                "en": 17,
                "eIdx": 0,
                "st": 6
            },
            {
                "ancestor": "",
                "keyword": "<히스파니올라_섬>",
                "ne_type": "",
                "e_type": "ELU",
                "en": 39,
                "eIdx": 1,
                "st": 29
            },
            {
                "ancestor": "",
                "keyword": "<쿠바>",
                "ne_type": "",
                "e_type": "ELU",
                "en": 48,
                "eIdx": 2,
                "st": 44
            },
            {
                "ancestor": "",
                "keyword": "<스페인>",
                "ne_type": "",
                "e_type": "ELU",
                "en": 65,
                "eIdx": 3,
                "st": 60
            },
            {
                "ancestor": "",
                "keyword": "<수도>",
                "ne_type": "",
                "e_type": "ELU",
                "en": 104,
                "eIdx": 4,
                "st": 100
            },
            {
                "ancestor": "",
                "keyword": "[산_크리스토발_데_라_아바나]",
                "ne_type": "",
                "e_type": "WIKILINK",
                "en": 125,
                "eIdx": 5,
                "st": 108
            },
            {
                "ancestor": "",
                "keyword": "<스페인인>",
                "ne_type": "",
                "e_type": "ELU",
                "en": 194,
                "eIdx": 6,
                "st": 188
            },
            {
                "ancestor": "",
                "keyword": "<원주민>",
                "ne_type": "",
                "e_type": "ELU",
                "en": 207,
                "eIdx": 7,
                "st": 202
            },
            {
                "ancestor": "",
                "keyword": "[벨라스케스]",
                "ne_type": "",
                "e_type": "WIKILINK",
                "en": 221,
                "eIdx": 8,
                "st": 214
            },
            {
                "ancestor": "",
                "keyword": "<원주민>",
                "ne_type": "",
                "e_type": "ELU",
                "en": 242,
                "eIdx": 9,
                "st": 237
            },
            {
                "ancestor": "",
                "keyword": "<쿠바>",
                "ne_type": "",
                "e_type": "ELU",
                "en": 270,
                "eIdx": 10,
                "st": 266
            },
            {
                "ancestor": "",
                "keyword": "[금]",
                "ne_type": "",
                "e_type": "WIKILINK",
                "en": 278,
                "eIdx": 11,
                "st": 275
            },
            {
                "ancestor": "",
                "keyword": "<디에고_벨라스케스>",
                "ne_type": "",
                "e_type": "ELU",
                "en": 309,
                "eIdx": 12,
                "st": 298
            },
            {
                "ancestor": "",
                "keyword": "[멕시코]",
                "ne_type": "",
                "e_type": "WIKILINK",
                "en": 316,
                "eIdx": 13,
                "st": 311
            },
            {
                "ancestor": "",
                "keyword": "<창덕궁_후원>",
                "ne_type": "",
                "e_type": "ELU",
                "en": 335,
                "eIdx": 14,
                "st": 327
            },
            {
                "ancestor": "",
                "keyword": "[에르난_코르테스]",
                "ne_type": "",
                "e_type": "WIKILINK",
                "en": 369,
                "eIdx": 15,
                "st": 359
            },
            {
                "ancestor": "",
                "keyword": "<쿠바>",
                "ne_type": "",
                "e_type": "ELU",
                "en": 388,
                "eIdx": 16,
                "st": 384
            },
            {
                "ancestor": "",
                "keyword": "<남아메리카>",
                "ne_type": "",
                "e_type": "ELU",
                "en": 397,
                "eIdx": 17,
                "st": 390
            },
            {
                "ancestor": "",
                "keyword": "[스페인]",
                "ne_type": "",
                "e_type": "WIKILINK",
                "en": 407,
                "eIdx": 18,
                "st": 402
            }
        ],
        "text": "1512년 <디에고_벨라스케스>는 300명을 이끌고 <히스파니올라_섬>를 떠나 <쿠바>로 향하여 본격적으로 <스페인>임을 선포하고는 2년동안 일곱 곳의 개척지를 건설했다. 미래에 <수도>가 될 [산_크리스토발_데_라_아바나](San Cristóbal de la Habana, 1515년 설립) 등 다른 마을도 그 뒤를 이었다. 2년동안 <스페인인>은 수천 명의 <원주민>을 죽였으며 [벨라스케스]의 반대에도 불구하고 나머지 <원주민>을 모두 서쪽으로 쫓아버렸다. 그러나 당시 <쿠바>는 많은 [금]을 보유하고 있지 않았고 1516년 <디에고_벨라스케스>가 [멕시코]로 네 번의 원정을 <창덕궁_후원>하여 그 중 1519년에서 1521년까지의 [에르난_코르테스]의 정복이 이루어진 이후에 <쿠바>는 <남아메리카>로 가는 [스페인]의 관문으로써 역할을 하게 되었다.",
        "pIdx": 7
    },
    {
        "pronouns": [],
        "globalSId": [
            1686665,
            1686666
        ],
        "wikiPageId": 313655,
        "entities": [
            {
                "ancestor": "",
                "keyword": "[엔코미엔다_제도]",
                "ne_type": "",
                "e_type": "WIKILINK",
                "en": 44,
                "eIdx": 0,
                "st": 34
            },
            {
                "ancestor": "",
                "keyword": "<스페인>",
                "ne_type": "",
                "e_type": "ELU",
                "en": 73,
                "eIdx": 1,
                "st": 68
            },
            {
                "ancestor": "",
                "keyword": "[기독교]",
                "ne_type": "",
                "e_type": "WIKILINK",
                "en": 80,
                "eIdx": 2,
                "st": 75
            },
            {
                "ancestor": "",
                "keyword": "<원주민>",
                "ne_type": "",
                "e_type": "ELU",
                "en": 105,
                "eIdx": 3,
                "st": 100
            },
            {
                "ancestor": "",
                "keyword": "<아메리카_토착민>",
                "ne_type": "",
                "e_type": "ELU",
                "en": 135,
                "eIdx": 4,
                "st": 125
            }
        ],
        "text": "1514년에는 전 지역을 정복하고 식민지 체제를 확립하였다. [엔코미엔다_제도]가 구축되면서 커다란 사유지가 형성되었고, <스페인>은 [기독교]로의 개종에 저항하는 약 10만명의 <원주민>을 억압하고 종교 교육의 구실 아래 <아메리카_토착민>에 대한 노예화가 필연적으로 진행되었다.",
        "pIdx": 8
    },
    {
        "pronouns": [],
        "globalSId": [
            1686667,
            1686668,
            1686669,
            1686670,
            1686671
        ],
        "wikiPageId": 313655,
        "entities": [
            {
                "ancestor": "",
                "keyword": "[엔코미엔다_제도]",
                "ne_type": "",
                "e_type": "WIKILINK",
                "en": 17,
                "eIdx": 0,
                "st": 7
            },
            {
                "ancestor": "",
                "keyword": "<유럽인>",
                "ne_type": "",
                "e_type": "ELU",
                "en": 40,
                "eIdx": 1,
                "st": 35
            },
            {
                "ancestor": "",
                "keyword": "<인구>",
                "ne_type": "",
                "e_type": "ELU",
                "en": 63,
                "eIdx": 2,
                "st": 59
            },
            {
                "ancestor": "",
                "keyword": "[사금]",
                "ne_type": "",
                "e_type": "WIKILINK",
                "en": 90,
                "eIdx": 3,
                "st": 86
            },
            {
                "ancestor": "",
                "keyword": "<반란>",
                "ne_type": "",
                "e_type": "ELU",
                "en": 139,
                "eIdx": 4,
                "st": 135
            },
            {
                "ancestor": "",
                "keyword": "[감염병]",
                "ne_type": "",
                "e_type": "WIKILINK",
                "en": 197,
                "eIdx": 5,
                "st": 192
            },
            {
                "ancestor": "",
                "keyword": "<아프리카>",
                "ne_type": "",
                "e_type": "ELU",
                "en": 260,
                "eIdx": 6,
                "st": 254
            },
            {
                "ancestor": "",
                "keyword": "<북아메리카>",
                "ne_type": "",
                "e_type": "ELU",
                "en": 296,
                "eIdx": 7,
                "st": 289
            },
            {
                "ancestor": "",
                "keyword": "<매매>",
                "ne_type": "",
                "e_type": "ELU",
                "en": 305,
                "eIdx": 8,
                "st": 301
            },
            {
                "ancestor": "",
                "keyword": "<쿠바>",
                "ne_type": "",
                "e_type": "ELU",
                "en": 315,
                "eIdx": 9,
                "st": 311
            },
            {
                "ancestor": "",
                "keyword": "<쇠고기>",
                "ne_type": "",
                "e_type": "ELU",
                "en": 420,
                "eIdx": 10,
                "st": 415
            },
            {
                "ancestor": "",
                "keyword": "[담배]",
                "ne_type": "",
                "e_type": "WIKILINK",
                "en": 434,
                "eIdx": 11,
                "st": 430
            },
            {
                "ancestor": "",
                "keyword": "<쿠바>",
                "ne_type": "",
                "e_type": "ELU",
                "en": 440,
                "eIdx": 12,
                "st": 436
            },
            {
                "ancestor": "",
                "keyword": "<산업>",
                "ne_type": "",
                "e_type": "ELU",
                "en": 464,
                "eIdx": 13,
                "st": 460
            }
        ],
        "text": "1542년에 [엔코미엔다_제도]가 폐지될 때까지 혹독한 착취와 <유럽인>이 가지고 온 질병에 의해 인디언 <인구>는 5,000여 명 수준까지 감소하였고, [사금](砂金) 채취와 농장 노동 등으로 혹사당한 원주민들은 1528년의 대(對)스페인 <반란>, 1530년의 악성 유행병 등을 거쳐, 1세기 만에 모두 사라졌다. 현재, 대부분의 학자들은 [감염병]이 원주민 인구 감소의 지배적인 원인이라고 믿고 있다. 이런 상황에도 별로 당황하지 않고 스페인인들은 <아프리카>에서 노예를 수입하여 노예 노동력의 수를 유지했다. <북아메리카>의 노예 <매매>와 다르게 <쿠바>의 아프리카 노예들은 부족별로 함께 살게 되어 다행스럽게도 그들의 문화 중 몇몇 측면이 살아남을 수 있었다. 그들은 목장에서 일하도록 보내졌고 소와 관련된 생산 - 가죽이나 말린 <쇠고기> -은 18세기에 [담배]가 <쿠바>의 주요 돈벌이가 되기 전까지 기간 <산업>이 되었다.",
        "pIdx": 9
    },
    {
        "pronouns": [],
        "globalSId": [
            1686672,
            1686673,
            1686674,
            1686675,
            1686676
        ],
        "wikiPageId": 313655,
        "entities": [
            {
                "ancestor": "",
                "keyword": "<스페인>",
                "ne_type": "",
                "e_type": "ELU",
                "en": 5,
                "eIdx": 0,
                "st": 0
            },
            {
                "ancestor": "",
                "keyword": "<쿠바>",
                "ne_type": "",
                "e_type": "ELU",
                "en": 17,
                "eIdx": 1,
                "st": 13
            },
            {
                "ancestor": "",
                "keyword": "<쿠바>",
                "ne_type": "",
                "e_type": "ELU",
                "en": 29,
                "eIdx": 2,
                "st": 25
            },
            {
                "ancestor": "",
                "keyword": "<스페인>",
                "ne_type": "",
                "e_type": "ELU",
                "en": 61,
                "eIdx": 3,
                "st": 56
            },
            {
                "ancestor": "",
                "keyword": "[1898년]",
                "ne_type": "",
                "e_type": "WIKILINK",
                "en": 79,
                "eIdx": 4,
                "st": 72
            },
            {
                "ancestor": "",
                "keyword": "[미서전쟁]",
                "ne_type": "",
                "e_type": "WIKILINK",
                "en": 86,
                "eIdx": 5,
                "st": 80
            },
            {
                "ancestor": "",
                "keyword": "<미국>",
                "ne_type": "",
                "e_type": "ELU",
                "en": 95,
                "eIdx": 6,
                "st": 91
            },
            {
                "ancestor": "",
                "keyword": "<국가>",
                "ne_type": "",
                "e_type": "ELU",
                "en": 124,
                "eIdx": 7,
                "st": 120
            },
            {
                "ancestor": "",
                "keyword": "[카리브해]",
                "ne_type": "",
                "e_type": "WIKILINK",
                "en": 136,
                "eIdx": 8,
                "st": 130
            },
            {
                "ancestor": "",
                "keyword": "[1655년]",
                "ne_type": "",
                "e_type": "WIKILINK",
                "en": 160,
                "eIdx": 9,
                "st": 153
            },
            {
                "ancestor": "",
                "keyword": "[영국]",
                "ne_type": "",
                "e_type": "WIKILINK",
                "en": 166,
                "eIdx": 10,
                "st": 162
            },
            {
                "ancestor": "",
                "keyword": "[자메이카]",
                "ne_type": "",
                "e_type": "WIKILINK",
                "en": 174,
                "eIdx": 11,
                "st": 168
            },
            {
                "ancestor": "",
                "keyword": "[아이티]",
                "ne_type": "",
                "e_type": "WIKILINK",
                "en": 186,
                "eIdx": 12,
                "st": 181
            },
            {
                "ancestor": "",
                "keyword": "[1697년]",
                "ne_type": "",
                "e_type": "WIKILINK",
                "en": 195,
                "eIdx": 13,
                "st": 188
            },
            {
                "ancestor": "",
                "keyword": "[프랑스]",
                "ne_type": "",
                "e_type": "WIKILINK",
                "en": 202,
                "eIdx": 14,
                "st": 197
            },
            {
                "ancestor": "",
                "keyword": "<쿠바>",
                "ne_type": "",
                "e_type": "ELU",
                "en": 217,
                "eIdx": 15,
                "st": 213
            },
            {
                "ancestor": "",
                "keyword": "[1762년]",
                "ne_type": "",
                "e_type": "WIKILINK",
                "en": 253,
                "eIdx": 16,
                "st": 246
            },
            {
                "ancestor": "",
                "keyword": "[6월_6일]",
                "ne_type": "",
                "e_type": "WIKILINK",
                "en": 261,
                "eIdx": 17,
                "st": 254
            },
            {
                "ancestor": "",
                "keyword": "<쿠바>",
                "ne_type": "",
                "e_type": "ELU",
                "en": 266,
                "eIdx": 18,
                "st": 262
            },
            {
                "ancestor": "",
                "keyword": "<아바나>",
                "ne_type": "",
                "e_type": "ELU",
                "en": 278,
                "eIdx": 19,
                "st": 273
            },
            {
                "ancestor": "",
                "keyword": "<동안_(현)>",
                "ne_type": "",
                "e_type": "ELU",
                "en": 313,
                "eIdx": 20,
                "st": 305
            },
            {
                "ancestor": "",
                "keyword": "<영국>",
                "ne_type": "",
                "e_type": "ELU",
                "en": 318,
                "eIdx": 21,
                "st": 314
            },
            {
                "ancestor": "",
                "keyword": "<쿠바>",
                "ne_type": "",
                "e_type": "ELU",
                "en": 345,
                "eIdx": 22,
                "st": 341
            }
        ],
        "text": "<스페인>의 식민지배와 <쿠바>의 독립 투쟁 <쿠바>는 1511년부터 1898년까지 거의 400년간 <스페인>의 식민지로 있다가 [1898년] [미서전쟁]의 결과 <미국>에 넘어갔다. 이 기간 중, 점점 다른 유럽 <국가>의 세력이 [카리브해]의 스페인 지배를 위협하였는데 [1655년]에 [영국]이 [자메이카]를 차지하고 [아이티]는 [1697년]에 [프랑스] 수중에 떨어졌으며 <쿠바> 역시 계속해서 공격의 위협을 받았다. 영국 군대는 [1762년] [6월_6일] <쿠바>를 침입하여 <아바나>를 포위하고 11개월 동안 점령하였다. 이 기간 <동안_(현)> <영국>은 4000명의 아프리카 노예를 수입하고 <쿠바>의 무역망을 광대한 범위로 넓혔다.",
        "pIdx": 10
    },
    {
        "pronouns": [],
        "globalSId": [
            1686677,
            1686678,
            1686679,
            1686680,
            1686681,
            1686682,
            1686683,
            1686684
        ],
        "wikiPageId": 313655,
        "entities": [
            {
                "ancestor": "",
                "keyword": "[아프리카]",
                "ne_type": "",
                "e_type": "WIKILINK",
                "en": 21,
                "eIdx": 0,
                "st": 15
            },
            {
                "ancestor": "",
                "keyword": "<쿠바>",
                "ne_type": "",
                "e_type": "ELU",
                "en": 47,
                "eIdx": 1,
                "st": 43
            },
            {
                "ancestor": "",
                "keyword": "[플랜테이션_농업]",
                "ne_type": "",
                "e_type": "WIKILINK",
                "en": 122,
                "eIdx": 2,
                "st": 112
            },
            {
                "ancestor": "",
                "keyword": "[광업]",
                "ne_type": "",
                "e_type": "WIKILINK",
                "en": 128,
                "eIdx": 3,
                "st": 124
            },
            {
                "ancestor": "",
                "keyword": "<유럽>",
                "ne_type": "",
                "e_type": "ELU",
                "en": 134,
                "eIdx": 4,
                "st": 130
            },
            {
                "ancestor": "",
                "keyword": "[사탕수수]",
                "ne_type": "",
                "e_type": "WIKILINK",
                "en": 165,
                "eIdx": 5,
                "st": 159
            },
            {
                "ancestor": "",
                "keyword": "[커피]",
                "ne_type": "",
                "e_type": "WIKILINK",
                "en": 170,
                "eIdx": 6,
                "st": 166
            },
            {
                "ancestor": "",
                "keyword": "[담배]",
                "ne_type": "",
                "e_type": "WIKILINK",
                "en": 175,
                "eIdx": 7,
                "st": 171
            },
            {
                "ancestor": "",
                "keyword": "<미국인>",
                "ne_type": "",
                "e_type": "ELU",
                "en": 196,
                "eIdx": 8,
                "st": 191
            },
            {
                "ancestor": "",
                "keyword": "<아이티>",
                "ne_type": "",
                "e_type": "ELU",
                "en": 221,
                "eIdx": 9,
                "st": 216
            },
            {
                "ancestor": "",
                "keyword": "<쿠바>",
                "ne_type": "",
                "e_type": "ELU",
                "en": 268,
                "eIdx": 10,
                "st": 264
            },
            {
                "ancestor": "",
                "keyword": "<산업>",
                "ne_type": "",
                "e_type": "ELU",
                "en": 277,
                "eIdx": 11,
                "st": 273
            },
            {
                "ancestor": "",
                "keyword": "<아프리카>",
                "ne_type": "",
                "e_type": "ELU",
                "en": 290,
                "eIdx": 12,
                "st": 284
            },
            {
                "ancestor": "",
                "keyword": "<쿠바>",
                "ne_type": "",
                "e_type": "ELU",
                "en": 328,
                "eIdx": 13,
                "st": 324
            },
            {
                "ancestor": "",
                "keyword": "<스페인_제국>",
                "ne_type": "",
                "e_type": "ELU",
                "en": 376,
                "eIdx": 14,
                "st": 368
            },
            {
                "ancestor": "",
                "keyword": "<스페인인>",
                "ne_type": "",
                "e_type": "ELU",
                "en": 456,
                "eIdx": 15,
                "st": 450
            },
            {
                "ancestor": "",
                "keyword": "<사람과>",
                "ne_type": "",
                "e_type": "ELU",
                "en": 481,
                "eIdx": 16,
                "st": 476
            },
            {
                "ancestor": "",
                "keyword": "[크리올]",
                "ne_type": "",
                "e_type": "WIKILINK",
                "en": 492,
                "eIdx": 17,
                "st": 487
            },
            {
                "ancestor": "",
                "keyword": "<쿠바>",
                "ne_type": "",
                "e_type": "ELU",
                "en": 543,
                "eIdx": 18,
                "st": 539
            },
            {
                "ancestor": "",
                "keyword": "<스페인>",
                "ne_type": "",
                "e_type": "ELU",
                "en": 550,
                "eIdx": 19,
                "st": 545
            },
            {
                "ancestor": "",
                "keyword": "<아메리카>",
                "ne_type": "",
                "e_type": "ELU",
                "en": 558,
                "eIdx": 20,
                "st": 552
            },
            {
                "ancestor": "",
                "keyword": "<스페인>",
                "ne_type": "",
                "e_type": "ELU",
                "en": 585,
                "eIdx": 21,
                "st": 580
            },
            {
                "ancestor": "",
                "keyword": "<쿠바>",
                "ne_type": "",
                "e_type": "ELU",
                "en": 651,
                "eIdx": 22,
                "st": 647
            }
        ],
        "text": "16세기 초부터 스페인들은 [아프리카]의 흑인 노예를 수입하여, 19세기까지 <쿠바>에 수입된 흑인 노예의 수는 100만 명에 이르렀다. 이 스페인 식민지 시절, 경제의 기반은 담배·사탕수수 재배 등 [플랜테이션_농업], [광업], <유럽>으로의 - 그리고 나중에는 북 아메리카로의- [사탕수수]·[커피]·[담배] 수출에 두었다. 1783년 <미국인>으로 인한 시장의 창출과 1791년 <아이티>의 노예 폭동으로 쿠바 설탕 생산의 최대 경쟁자가 사라짐에 따라 설탕 생산이 <쿠바>의 주요 <산업>이 되었다. <아프리카>에서 새롭게 수입되는 수만 명의 노예들 덕분에 1820년까지 <쿠바>는 세계에서 가장 많은 설탕을 생산하는 국가였다. 농업에 의하여, 다른 <스페인_제국>에서와 마찬가지로, 소수의 스페인계 후손인 지주들이 막대한 이윤을 거두어들여 사회적·경제적 권력을 지녔다. 이것은 이 섬에서 태어난 <스페인인>(이들을 스페인 본토 출신의 스페인 <사람과> 구별하여 [크리올]라고 불렀다.)과 다른 유럽사람들 그리고 아프리카 출신의 노예들 덕택이었다. 더욱이 <쿠바>는 <스페인>과 <아메리카>을 잇는 교통의 요지에 해당하기 때문에 <스페인>은 이곳을 총독령(總督領)으로 만들고 신대륙 경영의 기지로 삼았다. 그러나 본국의 중상주의(重商主義) 정책으로 <쿠바>는 경제적 발전을 이루지 못하였고 정치적으로도 권리를 갖지 못한 상태였다.",
        "pIdx": 11
    },
    {
        "pronouns": [],
        "globalSId": [
            1686685,
            1686686,
            1686687,
            1686688,
            1686689
        ],
        "wikiPageId": 313655,
        "entities": [
            {
                "ancestor": "",
                "keyword": "<반란>",
                "ne_type": "",
                "e_type": "ELU",
                "en": 25,
                "eIdx": 0,
                "st": 21
            },
            {
                "ancestor": "",
                "keyword": "<스페인>",
                "ne_type": "",
                "e_type": "ELU",
                "en": 38,
                "eIdx": 1,
                "st": 33
            },
            {
                "ancestor": "",
                "keyword": "<아메리카>",
                "ne_type": "",
                "e_type": "ELU",
                "en": 70,
                "eIdx": 2,
                "st": 64
            },
            {
                "ancestor": "",
                "keyword": "<미국_독립_혁명>",
                "ne_type": "",
                "e_type": "ELU",
                "en": 87,
                "eIdx": 3,
                "st": 77
            },
            {
                "ancestor": "",
                "keyword": "<라틴_아메리카>",
                "ne_type": "",
                "e_type": "ELU",
                "en": 113,
                "eIdx": 4,
                "st": 104
            },
            {
                "ancestor": "",
                "keyword": "<스페인_제국>",
                "ne_type": "",
                "e_type": "ELU",
                "en": 126,
                "eIdx": 5,
                "st": 118
            },
            {
                "ancestor": "",
                "keyword": "<봉기>",
                "ne_type": "",
                "e_type": "ELU",
                "en": 140,
                "eIdx": 6,
                "st": 136
            },
            {
                "ancestor": "",
                "keyword": "<국가>",
                "ne_type": "",
                "e_type": "ELU",
                "en": 150,
                "eIdx": 7,
                "st": 146
            },
            {
                "ancestor": "",
                "keyword": "<쿠바>",
                "ne_type": "",
                "e_type": "ELU",
                "en": 164,
                "eIdx": 8,
                "st": 160
            },
            {
                "ancestor": "",
                "keyword": "<쿠바>",
                "ne_type": "",
                "e_type": "ELU",
                "en": 176,
                "eIdx": 9,
                "st": 172
            },
            {
                "ancestor": "",
                "keyword": "<쿠바>",
                "ne_type": "",
                "e_type": "ELU",
                "en": 242,
                "eIdx": 10,
                "st": 238
            },
            {
                "ancestor": "",
                "keyword": "<스페인>",
                "ne_type": "",
                "e_type": "ELU",
                "en": 249,
                "eIdx": 11,
                "st": 244
            },
            {
                "ancestor": "",
                "keyword": "<왕실>",
                "ne_type": "",
                "e_type": "ELU",
                "en": 279,
                "eIdx": 12,
                "st": 275
            },
            {
                "ancestor": "",
                "keyword": "<쿠바>",
                "ne_type": "",
                "e_type": "ELU",
                "en": 285,
                "eIdx": 13,
                "st": 281
            },
            {
                "ancestor": "",
                "keyword": "<부여>",
                "ne_type": "",
                "e_type": "ELU",
                "en": 343,
                "eIdx": 14,
                "st": 339
            },
            {
                "ancestor": "",
                "keyword": "<쿠바>",
                "ne_type": "",
                "e_type": "ELU",
                "en": 361,
                "eIdx": 15,
                "st": 357
            },
            {
                "ancestor": "",
                "keyword": "<스페인>",
                "ne_type": "",
                "e_type": "ELU",
                "en": 368,
                "eIdx": 16,
                "st": 363
            },
            {
                "ancestor": "",
                "keyword": "<스페인>",
                "ne_type": "",
                "e_type": "ELU",
                "en": 388,
                "eIdx": 17,
                "st": 383
            },
            {
                "ancestor": "",
                "keyword": "[해적]",
                "ne_type": "",
                "e_type": "WIKILINK",
                "en": 394,
                "eIdx": 18,
                "st": 390
            },
            {
                "ancestor": "",
                "keyword": "[노예]",
                "ne_type": "",
                "e_type": "WIKILINK",
                "en": 399,
                "eIdx": 19,
                "st": 395
            },
            {
                "ancestor": "",
                "keyword": "<쿠바>",
                "ne_type": "",
                "e_type": "ELU",
                "en": 412,
                "eIdx": 20,
                "st": 408
            },
            {
                "ancestor": "",
                "keyword": "<쿠바>",
                "ne_type": "",
                "e_type": "ELU",
                "en": 437,
                "eIdx": 21,
                "st": 433
            },
            {
                "ancestor": "",
                "keyword": "<스페인>",
                "ne_type": "",
                "e_type": "ELU",
                "en": 444,
                "eIdx": 22,
                "st": 439
            },
            {
                "ancestor": "",
                "keyword": "<이상_(작가)>",
                "ne_type": "",
                "e_type": "ELU",
                "en": 466,
                "eIdx": 23,
                "st": 457
            },
            {
                "ancestor": "",
                "keyword": "<미국>",
                "ne_type": "",
                "e_type": "ELU",
                "en": 473,
                "eIdx": 24,
                "st": 469
            },
            {
                "ancestor": "",
                "keyword": "<강화군>",
                "ne_type": "",
                "e_type": "ELU",
                "en": 484,
                "eIdx": 25,
                "st": 479
            },
            {
                "ancestor": "",
                "keyword": "<시몬_볼리바르>",
                "ne_type": "",
                "e_type": "ELU",
                "en": 532,
                "eIdx": 26,
                "st": 523
            },
            {
                "ancestor": "",
                "keyword": "<남아메리카>",
                "ne_type": "",
                "e_type": "ELU",
                "en": 541,
                "eIdx": 27,
                "st": 534
            },
            {
                "ancestor": "",
                "keyword": "<이후_(소설가)>",
                "ne_type": "",
                "e_type": "ELU",
                "en": 563,
                "eIdx": 28,
                "st": 553
            },
            {
                "ancestor": "",
                "keyword": "<서반구>",
                "ne_type": "",
                "e_type": "ELU",
                "en": 570,
                "eIdx": 29,
                "st": 565
            },
            {
                "ancestor": "",
                "keyword": "<쿠바>",
                "ne_type": "",
                "e_type": "ELU",
                "en": 595,
                "eIdx": 30,
                "st": 591
            },
            {
                "ancestor": "",
                "keyword": "<푸에르토리코>",
                "ne_type": "",
                "e_type": "ELU",
                "en": 605,
                "eIdx": 31,
                "st": 597
            },
            {
                "ancestor": "",
                "keyword": "<쿠바>",
                "ne_type": "",
                "e_type": "ELU",
                "en": 635,
                "eIdx": 32,
                "st": 631
            }
        ],
        "text": "17∼18세기에는 흑인들이 여러 차례 <반란>을 일으켰으나 <스페인>의 가혹한 탄압으로 끝을 맺었다. 19세기 초 <아메리카>에서 일어난 <미국_독립_혁명>의 영향을 받아, 1820년대 <라틴_아메리카>에 있는 <스페인_제국>의 다른 지역들이 <봉기>하여 독립 <국가>를 형성했을 때, <쿠바>에도 파급되어 <쿠바>에도 1812년에는 아폰테의 지도 아래 대규모 흑인반란이 일어나는 등 독립을 위한 움직임이 없지 아니하였으나, <쿠바>는 <스페인>에 대한 충성을 유지하였고, 이로 인해 스페인 <왕실>은 <쿠바>에게 \"La Siempre Fidelisima Isla\"(항상 가장 충성스러운 섬)이라는 모토를 <부여>하였다. 이러한 충성심은 <쿠바>가 <스페인>과 무역 의존도가 높았고, <스페인>이 [해적]·[노예]의 봉기로부터의 <쿠바>를 보호하고 있었던 데에서도 기인하고 <쿠바>가 <스페인>의 지배를 싫어하는 것 <이상_(작가)>으로 <미국>의 권력이 <강화군>되는 것을 두려워한 것 때문이기도 하다. 1810년에서 1825년까지 <시몬_볼리바르>가 <남아메리카>에서 펼친 혁명 활동 <이후_(소설가)>에 <서반구>에서 스페인 식민지로 남게 된 나라는 <쿠바>와 <푸에르토리코>뿐이었다. 스페인 충성파는 예전 식민지를 떠나 <쿠바>로 우르르 몰려들었다.",
        "pIdx": 12
    },
    {
        "pronouns": [],
        "globalSId": [
            1686690,
            1686691,
            1686692,
            1686693,
            1686694,
            1686695,
            1686696,
            1686697,
            1686698,
            1686699,
            1686700,
            1686701
        ],
        "wikiPageId": 313655,
        "entities": [
            {
                "ancestor": "",
                "keyword": "<쿠바>",
                "ne_type": "",
                "e_type": "ELU",
                "en": 4,
                "eIdx": 0,
                "st": 0
            },
            {
                "ancestor": "",
                "keyword": "<미국>",
                "ne_type": "",
                "e_type": "ELU",
                "en": 10,
                "eIdx": 1,
                "st": 6
            },
            {
                "ancestor": "",
                "keyword": "<쿠바>",
                "ne_type": "",
                "e_type": "ELU",
                "en": 22,
                "eIdx": 2,
                "st": 18
            },
            {
                "ancestor": "",
                "keyword": "<스페인>",
                "ne_type": "",
                "e_type": "ELU",
                "en": 48,
                "eIdx": 3,
                "st": 43
            },
            {
                "ancestor": "",
                "keyword": "<사회>",
                "ne_type": "",
                "e_type": "ELU",
                "en": 73,
                "eIdx": 4,
                "st": 69
            },
            {
                "ancestor": "",
                "keyword": "<미국>",
                "ne_type": "",
                "e_type": "ELU",
                "en": 86,
                "eIdx": 5,
                "st": 82
            },
            {
                "ancestor": "",
                "keyword": "<미국>",
                "ne_type": "",
                "e_type": "ELU",
                "en": 126,
                "eIdx": 6,
                "st": 122
            },
            {
                "ancestor": "",
                "keyword": "<미국>",
                "ne_type": "",
                "e_type": "ELU",
                "en": 144,
                "eIdx": 7,
                "st": 140
            },
            {
                "ancestor": "",
                "keyword": "<강화군>",
                "ne_type": "",
                "e_type": "ELU",
                "en": 168,
                "eIdx": 8,
                "st": 163
            },
            {
                "ancestor": "",
                "keyword": "<쿠바>",
                "ne_type": "",
                "e_type": "ELU",
                "en": 176,
                "eIdx": 9,
                "st": 172
            },
            {
                "ancestor": "",
                "keyword": "<미국>",
                "ne_type": "",
                "e_type": "ELU",
                "en": 214,
                "eIdx": 10,
                "st": 210
            },
            {
                "ancestor": "",
                "keyword": "<정부>",
                "ne_type": "",
                "e_type": "ELU",
                "en": 232,
                "eIdx": 11,
                "st": 228
            },
            {
                "ancestor": "",
                "keyword": "<플로리다_주>",
                "ne_type": "",
                "e_type": "ELU",
                "en": 282,
                "eIdx": 12,
                "st": 274
            },
            {
                "ancestor": "",
                "keyword": "<쿠바>",
                "ne_type": "",
                "e_type": "ELU",
                "en": 290,
                "eIdx": 13,
                "st": 286
            },
            {
                "ancestor": "",
                "keyword": "<미국>",
                "ne_type": "",
                "e_type": "ELU",
                "en": 325,
                "eIdx": 14,
                "st": 321
            },
            {
                "ancestor": "",
                "keyword": "<스페인>",
                "ne_type": "",
                "e_type": "ELU",
                "en": 332,
                "eIdx": 15,
                "st": 327
            },
            {
                "ancestor": "",
                "keyword": "<쿠바>",
                "ne_type": "",
                "e_type": "ELU",
                "en": 341,
                "eIdx": 16,
                "st": 337
            },
            {
                "ancestor": "",
                "keyword": "<스페인>",
                "ne_type": "",
                "e_type": "ELU",
                "en": 474,
                "eIdx": 17,
                "st": 469
            },
            {
                "ancestor": "",
                "keyword": "<쿠바>",
                "ne_type": "",
                "e_type": "ELU",
                "en": 483,
                "eIdx": 18,
                "st": 479
            },
            {
                "ancestor": "",
                "keyword": "<오리>",
                "ne_type": "",
                "e_type": "ELU",
                "en": 507,
                "eIdx": 19,
                "st": 503
            },
            {
                "ancestor": "",
                "keyword": "<쿠바>",
                "ne_type": "",
                "e_type": "ELU",
                "en": 573,
                "eIdx": 20,
                "st": 569
            },
            {
                "ancestor": "",
                "keyword": "<스페인의_군사>",
                "ne_type": "",
                "e_type": "ELU",
                "en": 620,
                "eIdx": 21,
                "st": 611
            },
            {
                "ancestor": "",
                "keyword": "<공포>",
                "ne_type": "",
                "e_type": "ELU",
                "en": 682,
                "eIdx": 22,
                "st": 678
            },
            {
                "ancestor": "",
                "keyword": "<마침표>",
                "ne_type": "",
                "e_type": "ELU",
                "en": 814,
                "eIdx": 23,
                "st": 809
            },
            {
                "ancestor": "",
                "keyword": "<스페인>",
                "ne_type": "",
                "e_type": "ELU",
                "en": 826,
                "eIdx": 24,
                "st": 821
            },
            {
                "ancestor": "",
                "keyword": "<쿠바>",
                "ne_type": "",
                "e_type": "ELU",
                "en": 832,
                "eIdx": 25,
                "st": 828
            }
        ],
        "text": "<쿠바>와 <미국>간의 긴밀성은 <쿠바>의 역사에 매우 많은 영향을 끼쳤다. <스페인>이 내부적인 자치권을 얻으려는 크리올 <사회>를 달래는 동안 <미국>은 이 식민지를 병합하려고 준비중이었다. 19세기 전반에 걸쳐, <미국> 남부 출신의 정치인들은 <미국> 내 흑인 노예제도 옹호의 세력을 <강화군>하고자 <쿠바>를 합병할 음모를 세웠고, 그러는 동안 일단의 쿠바 반란군이 <미국>으로 망명해 스페인 식민 <정부>를 전복하려는 계획을 시작했다. 1848년 친(親)합병 폭동이 진압되었고, <플로리다_주>로부터 <쿠바>를 침입하여 합병하려는 여러 번의 시도가 있었다. 또한 <미국>이 <스페인>으로부터 <쿠바>를 구입하려고 하는 제안도 있었다. 그 후 노예제도 폐지, 농민혹사 금지와 독립을 요구하는 세력이 점차 확대되었다. 1868년 10월에 카를로스 마누엘 데 세스페데스(Carlos Manuel de Céspedes)가 이끈 반란은 <스페인>으로부터 <쿠바>를 독립하고자 하는 것이었다. 그는 <오리>엔테 지방의 부유한 변호사이자 크리올 농장주였으며, 그의 노예들을 해방해 주었다. 그는 전쟁을 선포하고 \"무장 <쿠바>\"의 수장이 되었다. 이것은 독립을 위한 세력과 지방의 지지를 받는 <스페인의_군사> 간의 십년전쟁(1868∼1878년)이라 불리는 긴 투쟁을 낳았다. 이 독립전쟁 기간 중 공화제 헌법이 <공포>되고 세스페데스의 공화정권이 수립되었고, 10년 동안 200,000명이 죽었지만 결국은 반란군은 모든 힘을 다 써버렸고 어쩔 수 없이 그들의 사면을 보장하는 조약인 1878년의 산혼 조약(Paz de Zanjón)은 이 투쟁에 <마침표>를 찍었다. <스페인>이 <쿠바>에 좀 더 많은 자치권을 인정하고 정치·경제의 개혁과 노예해방을 약속한 것이었다.",
        "pIdx": 13
    },
    {
        "pronouns": [],
        "globalSId": [
            1686702,
            1686703,
            1686704,
            1686705,
            1686706,
            1686707,
            1686708
        ],
        "wikiPageId": 313655,
        "entities": [
            {
                "ancestor": "",
                "keyword": "<쿠바>",
                "ne_type": "",
                "e_type": "ELU",
                "en": 45,
                "eIdx": 0,
                "st": 41
            },
            {
                "ancestor": "",
                "keyword": "<가르시아>",
                "ne_type": "",
                "e_type": "ELU",
                "en": 62,
                "eIdx": 1,
                "st": 56
            },
            {
                "ancestor": "",
                "keyword": "<시드_(밴드)>",
                "ne_type": "",
                "e_type": "ELU",
                "en": 118,
                "eIdx": 2,
                "st": 109
            },
            {
                "ancestor": "",
                "keyword": "<십이지>",
                "ne_type": "",
                "e_type": "ELU",
                "en": 132,
                "eIdx": 3,
                "st": 127
            },
            {
                "ancestor": "",
                "keyword": "<스페인>",
                "ne_type": "",
                "e_type": "ELU",
                "en": 155,
                "eIdx": 4,
                "st": 150
            },
            {
                "ancestor": "",
                "keyword": "<이행_(조선)>",
                "ne_type": "",
                "e_type": "ELU",
                "en": 182,
                "eIdx": 5,
                "st": 173
            },
            {
                "ancestor": "",
                "keyword": "<미국>",
                "ne_type": "",
                "e_type": "ELU",
                "en": 198,
                "eIdx": 6,
                "st": 194
            },
            {
                "ancestor": "",
                "keyword": "[노예제도]",
                "ne_type": "",
                "e_type": "WIKILINK",
                "en": 222,
                "eIdx": 7,
                "st": 216
            },
            {
                "ancestor": "",
                "keyword": "<쿠바>",
                "ne_type": "",
                "e_type": "ELU",
                "en": 363,
                "eIdx": 8,
                "st": 359
            },
            {
                "ancestor": "",
                "keyword": "<이주_(황족)>",
                "ne_type": "",
                "e_type": "ELU",
                "en": 374,
                "eIdx": 9,
                "st": 365
            },
            {
                "ancestor": "",
                "keyword": "<스페인>",
                "ne_type": "",
                "e_type": "ELU",
                "en": 415,
                "eIdx": 10,
                "st": 410
            },
            {
                "ancestor": "",
                "keyword": "<쿠바>",
                "ne_type": "",
                "e_type": "ELU",
                "en": 421,
                "eIdx": 11,
                "st": 417
            },
            {
                "ancestor": "",
                "keyword": "[무역제한]",
                "ne_type": "",
                "e_type": "WIKILINK",
                "en": 432,
                "eIdx": 12,
                "st": 426
            },
            {
                "ancestor": "",
                "keyword": "<스페인>",
                "ne_type": "",
                "e_type": "ELU",
                "en": 449,
                "eIdx": 13,
                "st": 444
            },
            {
                "ancestor": "",
                "keyword": "<쿠바>",
                "ne_type": "",
                "e_type": "ELU",
                "en": 455,
                "eIdx": 14,
                "st": 451
            },
            {
                "ancestor": "",
                "keyword": "<정부>",
                "ne_type": "",
                "e_type": "ELU",
                "en": 491,
                "eIdx": 15,
                "st": 487
            }
        ],
        "text": "이 투쟁 이후 독립 운동은 잠시 숨죽였다. 1879년부터 1880년까지, <쿠바>의 애국자 칼릭스토 <가르시아>(Calixto García)는 또 다른 전쟁(La Guerra Chiquita)을 <시드_(밴드)>하였으나, 거의 <십이지>를 받지 못하였다. 산혼조약에서 <스페인>이 한 경제 재건 약속은 제대로 <이행_(조선)>되지 않았는데, 다만 <미국>의 압력도 일부분 영향을 미쳐, [노예제도]는 1886년에 폐지되었다. 1893년에는 형식적으로 시민의 평등권이 보장되었으나, 아프리카 출신의 후손인 소수인종은 사회적·경제적으로 억압이 지속되었다. 1868년의 스페인 혁명으로 스페인 농촌이 곤궁해지자, 그 여파로 더 많은 스페인사람들이 <쿠바>로 <이주_(황족)>해 왔다. 1890년대에는 독립운동의 불씨가 되살아났다. 이것은 <스페인>이 <쿠바>에 대한 [무역제한] 조치에 대한 분노, <스페인>의 <쿠바>에 대한 갈수록 심해지는 압박에 대한 적개심 그리고 쿠바 <정부>의 무능함으로 촉발되었다.",
        "pIdx": 14
    },
    {
        "pronouns": [],
        "globalSId": [
            1686709,
            1686710,
            1686711,
            1686712,
            1686713,
            1686714,
            1686715,
            1686716,
            1686717,
            1686718,
            1686719,
            1686720,
            1686721,
            1686722,
            1686723,
            1686724,
            1686725,
            1686726
        ],
        "wikiPageId": 313655,
        "entities": [
            {
                "ancestor": "",
                "keyword": "<호세_마르티>",
                "ne_type": "",
                "e_type": "ELU",
                "en": 29,
                "eIdx": 0,
                "st": 21
            },
            {
                "ancestor": "",
                "keyword": "<시인>",
                "ne_type": "",
                "e_type": "ELU",
                "en": 71,
                "eIdx": 1,
                "st": 67
            },
            {
                "ancestor": "",
                "keyword": "<호세_마르티>",
                "ne_type": "",
                "e_type": "ELU",
                "en": 89,
                "eIdx": 2,
                "st": 81
            },
            {
                "ancestor": "",
                "keyword": "<미국>",
                "ne_type": "",
                "e_type": "ELU",
                "en": 107,
                "eIdx": 3,
                "st": 103
            },
            {
                "ancestor": "",
                "keyword": "<조직_(사회과학)>",
                "ne_type": "",
                "e_type": "ELU",
                "en": 140,
                "eIdx": 4,
                "st": 129
            },
            {
                "ancestor": "",
                "keyword": "<쿠바>",
                "ne_type": "",
                "e_type": "ELU",
                "en": 152,
                "eIdx": 5,
                "st": 148
            },
            {
                "ancestor": "",
                "keyword": "<쿠바>",
                "ne_type": "",
                "e_type": "ELU",
                "en": 189,
                "eIdx": 6,
                "st": 185
            },
            {
                "ancestor": "",
                "keyword": "<포켓몬_목록_(341-360)>",
                "ne_type": "",
                "e_type": "ELU",
                "en": 214,
                "eIdx": 7,
                "st": 196
            },
            {
                "ancestor": "",
                "keyword": "<백마>",
                "ne_type": "",
                "e_type": "ELU",
                "en": 226,
                "eIdx": 8,
                "st": 222
            },
            {
                "ancestor": "",
                "keyword": "<스페인>",
                "ne_type": "",
                "e_type": "ELU",
                "en": 249,
                "eIdx": 9,
                "st": 244
            },
            {
                "ancestor": "",
                "keyword": "<다니엘_리오스>",
                "ne_type": "",
                "e_type": "ELU",
                "en": 269,
                "eIdx": 10,
                "st": 260
            },
            {
                "ancestor": "",
                "keyword": "<쿠바>",
                "ne_type": "",
                "e_type": "ELU",
                "en": 318,
                "eIdx": 11,
                "st": 314
            },
            {
                "ancestor": "",
                "keyword": "<마리오_고메스>",
                "ne_type": "",
                "e_type": "ELU",
                "en": 342,
                "eIdx": 12,
                "st": 333
            },
            {
                "ancestor": "",
                "keyword": "<지도력>",
                "ne_type": "",
                "e_type": "ELU",
                "en": 353,
                "eIdx": 13,
                "st": 348
            },
            {
                "ancestor": "",
                "keyword": "<진군>",
                "ne_type": "",
                "e_type": "ELU",
                "en": 389,
                "eIdx": 14,
                "st": 385
            },
            {
                "ancestor": "",
                "keyword": "<스페인>",
                "ne_type": "",
                "e_type": "ELU",
                "en": 434,
                "eIdx": 15,
                "st": 429
            },
            {
                "ancestor": "",
                "keyword": "<쿠바>",
                "ne_type": "",
                "e_type": "ELU",
                "en": 564,
                "eIdx": 16,
                "st": 560
            },
            {
                "ancestor": "",
                "keyword": "<장군>",
                "ne_type": "",
                "e_type": "ELU",
                "en": 606,
                "eIdx": 17,
                "st": 602
            },
            {
                "ancestor": "",
                "keyword": "<동안_(현)>",
                "ne_type": "",
                "e_type": "ELU",
                "en": 753,
                "eIdx": 18,
                "st": 745
            },
            {
                "ancestor": "",
                "keyword": "<국제_적십자·적신월_운동>",
                "ne_type": "",
                "e_type": "ELU",
                "en": 799,
                "eIdx": 19,
                "st": 784
            },
            {
                "ancestor": "",
                "keyword": "<미국>",
                "ne_type": "",
                "e_type": "ELU",
                "en": 805,
                "eIdx": 20,
                "st": 801
            },
            {
                "ancestor": "",
                "keyword": "<미국>",
                "ne_type": "",
                "e_type": "ELU",
                "en": 865,
                "eIdx": 21,
                "st": 861
            },
            {
                "ancestor": "",
                "keyword": "<유럽>",
                "ne_type": "",
                "e_type": "ELU",
                "en": 871,
                "eIdx": 22,
                "st": 867
            },
            {
                "ancestor": "",
                "keyword": "<쿠바>",
                "ne_type": "",
                "e_type": "ELU",
                "en": 877,
                "eIdx": 23,
                "st": 873
            },
            {
                "ancestor": "",
                "keyword": "<스페인>",
                "ne_type": "",
                "e_type": "ELU",
                "en": 889,
                "eIdx": 24,
                "st": 884
            },
            {
                "ancestor": "",
                "keyword": "<쿠바>",
                "ne_type": "",
                "e_type": "ELU",
                "en": 929,
                "eIdx": 25,
                "st": 925
            },
            {
                "ancestor": "",
                "keyword": "<경제>",
                "ne_type": "",
                "e_type": "ELU",
                "en": 941,
                "eIdx": 26,
                "st": 937
            },
            {
                "ancestor": "",
                "keyword": "<쿠바>",
                "ne_type": "",
                "e_type": "ELU",
                "en": 1042,
                "eIdx": 27,
                "st": 1038
            },
            {
                "ancestor": "",
                "keyword": "<미국>",
                "ne_type": "",
                "e_type": "ELU",
                "en": 1070,
                "eIdx": 28,
                "st": 1066
            },
            {
                "ancestor": "",
                "keyword": "<스페인_정부>",
                "ne_type": "",
                "e_type": "ELU",
                "en": 1093,
                "eIdx": 29,
                "st": 1085
            },
            {
                "ancestor": "",
                "keyword": "<쿠바>",
                "ne_type": "",
                "e_type": "ELU",
                "en": 1099,
                "eIdx": 30,
                "st": 1095
            },
            {
                "ancestor": "",
                "keyword": "<시드_(밴드)>",
                "ne_type": "",
                "e_type": "ELU",
                "en": 1126,
                "eIdx": 31,
                "st": 1117
            },
            {
                "ancestor": "",
                "keyword": "<미국>",
                "ne_type": "",
                "e_type": "ELU",
                "en": 1213,
                "eIdx": 32,
                "st": 1209
            },
            {
                "ancestor": "",
                "keyword": "<쿠바>",
                "ne_type": "",
                "e_type": "ELU",
                "en": 1219,
                "eIdx": 33,
                "st": 1215
            }
        ],
        "text": "1895년 4월 쿠바 혁명당을 결성한 <호세_마르티>를 중심으로 제2차 독립전쟁이 시작되었다. 이 전쟁을 이끈 작가이자 <시인>이자 국민적 영웅 <호세_마르티>(José Martí)는 <미국>에서의 도피 생활중 10년 넘게 전쟁을 <조직_(사회과학)>하였다. 그는 <쿠바>를 독립공화국으로 선포하였다. 그러나, 동부 원정군과 함께 <쿠바>에 상륙하자 <포켓몬_목록_(341-360)> 몇 주 뒤에 <백마>를 타고 눈에 잘 띄는 마르티는 <스페인>과 접전 중에 도스 <다니엘_리오스>(Dos Ríos)에서 총에 맞아 죽었다. 그의 죽음은 그를 불멸케 하여, 그는 <쿠바>의 국민적 영웅이 되었다. <마리오_고메스>와 반란군 <지도력>인 안토니오 마세오(Antonio Maceo)는 서쪽으로 <진군>하며 지나는 동안 설탕 농장, 밭, 마을 등 모든 것을 불태워 버렸다. <스페인>은 거의 내전 수준이 되어버린 반란군을 진압하기 위해 무자비한 군사 통치자 발레리아노 웨일러(Valeriano Weyler)를 보냈고 20만명의 스페인 군대는 주로 게릴라와 파괴 전술에 의존하는 반란군을 수적으로 압도하였다. <쿠바>의 군사 통치자인 발레리아노 웨일러(Valeriano Weyler) <장군>은 \"레콘센트라도스\"(reconcentrados)라 명명한 곳으로 농촌 주민들을 몰아 넣었다. 국제적 관찰자에 따르면 이것은 요새화된 마을이었다. 이 캠프는 20세기의 집단 수용소의 원형으로 여겨지기도 한다. 20~40만명의 쿠바 시민들이 이 기간 <동안_(현)> 이 캠프에서 배고픔과 질병으로 사망하였다. 이 숫자는 <국제_적십자·적신월_운동>와 <미국>의 상원의원이자 전쟁성장관인 레드필드 프록터(Redfield Proctor)에 의하여 검증되었었다. <미국>과 <유럽>은 <쿠바>에서 자행된 <스페인>의 이러한 행위에 대해서 항의하였다. 웨일러의 대책은 성공했지만 <쿠바>의 농업 중심 <경제>는 잿더미가 되고 말았다. 1897년 6월 쿠바 독립에 대해 강경파의 입장을 고수하던 스페인 수상, 안토니오 카노바스(Antonio Cánovas del Castillo)가 <쿠바>와 연관이 있는 무정부주의자에게 암살당했고 <미국>의 간섭을 두려워한 새로운 <스페인_정부>는 <쿠바>에 대해 좀 더 회유적인 접근을 <시드_(밴드)>했다. 즉 선거로 선출된 의회와 지방자치를 약속한 것이다. 그러나, 반란세력은 이러한 제안을 거부하였고 독립을 위한 전쟁은 계속되었다. 그러는 동안 <미국>은 <쿠바>를 병합할 모든 준비를 마쳤다.",
        "pIdx": 15
    },
    {
        "pronouns": [],
        "globalSId": [
            1686727,
            1686728,
            1686729,
            1686730,
            1686731,
            1686732,
            1686733,
            1686734,
            1686735,
            1686736
        ],
        "wikiPageId": 313655,
        "entities": [
            {
                "ancestor": "",
                "keyword": "<미국>",
                "ne_type": "",
                "e_type": "ELU",
                "en": 8,
                "eIdx": 0,
                "st": 4
            },
            {
                "ancestor": "",
                "keyword": "<미국>",
                "ne_type": "",
                "e_type": "ELU",
                "en": 17,
                "eIdx": 1,
                "st": 13
            },
            {
                "ancestor": "",
                "keyword": "<메인_주>",
                "ne_type": "",
                "e_type": "ELU",
                "en": 29,
                "eIdx": 2,
                "st": 23
            },
            {
                "ancestor": "",
                "keyword": "<쿠바>",
                "ne_type": "",
                "e_type": "ELU",
                "en": 43,
                "eIdx": 3,
                "st": 39
            },
            {
                "ancestor": "",
                "keyword": "<미국인>",
                "ne_type": "",
                "e_type": "ELU",
                "en": 60,
                "eIdx": 4,
                "st": 55
            },
            {
                "ancestor": "",
                "keyword": "<아바나>",
                "ne_type": "",
                "e_type": "ELU",
                "en": 92,
                "eIdx": 5,
                "st": 87
            },
            {
                "ancestor": "",
                "keyword": "<스페인>",
                "ne_type": "",
                "e_type": "ELU",
                "en": 115,
                "eIdx": 6,
                "st": 110
            },
            {
                "ancestor": "",
                "keyword": "<쿠바>",
                "ne_type": "",
                "e_type": "ELU",
                "en": 121,
                "eIdx": 7,
                "st": 117
            },
            {
                "ancestor": "",
                "keyword": "<미국>",
                "ne_type": "",
                "e_type": "ELU",
                "en": 218,
                "eIdx": 8,
                "st": 214
            },
            {
                "ancestor": "",
                "keyword": "<조사_(품사)>",
                "ne_type": "",
                "e_type": "ELU",
                "en": 268,
                "eIdx": 9,
                "st": 259
            },
            {
                "ancestor": "",
                "keyword": "<스페인_정부>",
                "ne_type": "",
                "e_type": "ELU",
                "en": 356,
                "eIdx": 10,
                "st": 348
            },
            {
                "ancestor": "",
                "keyword": "<인스톨레이션>",
                "ne_type": "",
                "e_type": "ELU",
                "en": 372,
                "eIdx": 11,
                "st": 364
            },
            {
                "ancestor": "",
                "keyword": "<미국>",
                "ne_type": "",
                "e_type": "ELU",
                "en": 416,
                "eIdx": 12,
                "st": 412
            },
            {
                "ancestor": "",
                "keyword": "<스페인>",
                "ne_type": "",
                "e_type": "ELU",
                "en": 450,
                "eIdx": 13,
                "st": 445
            },
            {
                "ancestor": "",
                "keyword": "<쿠바>",
                "ne_type": "",
                "e_type": "ELU",
                "en": 456,
                "eIdx": 14,
                "st": 452
            },
            {
                "ancestor": "",
                "keyword": "<미국>",
                "ne_type": "",
                "e_type": "ELU",
                "en": 473,
                "eIdx": 15,
                "st": 469
            },
            {
                "ancestor": "",
                "keyword": "<미국>",
                "ne_type": "",
                "e_type": "ELU",
                "en": 509,
                "eIdx": 16,
                "st": 505
            },
            {
                "ancestor": "",
                "keyword": "<미국>",
                "ne_type": "",
                "e_type": "ELU",
                "en": 541,
                "eIdx": 17,
                "st": 537
            },
            {
                "ancestor": "",
                "keyword": "[윌리엄_매킨리]",
                "ne_type": "",
                "e_type": "WIKILINK",
                "en": 555,
                "eIdx": 18,
                "st": 546
            },
            {
                "ancestor": "",
                "keyword": "<미국>",
                "ne_type": "",
                "e_type": "ELU",
                "en": 574,
                "eIdx": 19,
                "st": 570
            },
            {
                "ancestor": "",
                "keyword": "<쿠바>",
                "ne_type": "",
                "e_type": "ELU",
                "en": 586,
                "eIdx": 20,
                "st": 582
            },
            {
                "ancestor": "",
                "keyword": "[미국-스페인_전쟁]",
                "ne_type": "",
                "e_type": "WIKILINK",
                "en": 628,
                "eIdx": 21,
                "st": 617
            },
            {
                "ancestor": "",
                "keyword": "<미국>",
                "ne_type": "",
                "e_type": "ELU",
                "en": 641,
                "eIdx": 22,
                "st": 637
            },
            {
                "ancestor": "",
                "keyword": "<파리스>",
                "ne_type": "",
                "e_type": "ELU",
                "en": 674,
                "eIdx": 23,
                "st": 669
            },
            {
                "ancestor": "",
                "keyword": "<스페인>",
                "ne_type": "",
                "e_type": "ELU",
                "en": 683,
                "eIdx": 24,
                "st": 678
            },
            {
                "ancestor": "",
                "keyword": "<쿠바>",
                "ne_type": "",
                "e_type": "ELU",
                "en": 689,
                "eIdx": 25,
                "st": 685
            },
            {
                "ancestor": "",
                "keyword": "[푸에르토리코]",
                "ne_type": "",
                "e_type": "WIKILINK",
                "en": 699,
                "eIdx": 26,
                "st": 691
            },
            {
                "ancestor": "",
                "keyword": "[필리핀]",
                "ne_type": "",
                "e_type": "WIKILINK",
                "en": 706,
                "eIdx": 27,
                "st": 701
            },
            {
                "ancestor": "",
                "keyword": "[괌]",
                "ne_type": "",
                "e_type": "WIKILINK",
                "en": 711,
                "eIdx": 28,
                "st": 708
            },
            {
                "ancestor": "",
                "keyword": "<미국>",
                "ne_type": "",
                "e_type": "ELU",
                "en": 720,
                "eIdx": 29,
                "st": 716
            }
        ],
        "text": "독립과 <미국>의 간섭 <미국>의 전투함 <메인_주>(Maine)호는 <쿠바>에 거주하는 8천명의 <미국인>을 보호하기 위한 구실로 1898년 1월 25일 <아바나>에 정박 승인 없이 도착하였다. <스페인>과 <쿠바>의 친 스페인파는 이것을 협박으로 여겼다. 2월 15일, 아바나 항에서 메인호가 폭발하였고 266명(외국인 81명 포함)의 생명을 앗아갔다. 1898년 3월 33일, <미국> 해군 조사위원회(Naval Board of Inquiry)는 그 선박을 <조사_(품사)>하고 나서, \"메인호의 파괴에 관하여 어떤 개인이나 사람들에게 책임을 지울만한 증거를 확보할 수 없다\"고 밝혔다. 만약 기뢰가 있었다면 그것은 <스페인_정부>가 그 기뢰를 <인스톨레이션>했을 것이라고 추측이 되었지만 여전히 그 사실에 대해서는 논란이 있다. <미국>의 대중적인 신문들은 전쟁 분위기를 선동했다. 이어 <스페인>이 <쿠바>를 $3억 불에 팔라는 <미국>의 제의를 거절하자, 국가주의적 감정이 휩쓸었기 때문에, <미국> 의회는 내정 간섭을 요청하는 결의를 통과시켰고, <미국> 대통령 [윌리엄_매킨리]는 이를 즉각 승인하였다. <미국>의 선전포고는 <쿠바>가 스스로 결정할 권리를 존중할 것을 요구하는 것이었고 [미국-스페인_전쟁]은 4개월 만에 <미국>의 승리로 끝났다. 이 전쟁의 산물로, 1898년 <파리스> 의해 <스페인>은 <쿠바>를 [푸에르토리코], [필리핀], [괌]과 함께 <미국>에 양도하였다.",
        "pIdx": 16
    }
]