[
    {
        "pronouns": [],
        "globalSId": [
            2819530,
            2819531,
            2819532,
            2819533,
            2819534
        ],
        "wikiPageId": 802316,
        "entities": [
            {
                "ancestor": "",
                "keyword": "[1979년]",
                "ne_type": "",
                "e_type": "WIKILINK",
                "en": 22,
                "eIdx": 0,
                "st": 15
            },
            {
                "ancestor": "",
                "keyword": "[6월_21일]",
                "ne_type": "",
                "e_type": "WIKILINK",
                "en": 31,
                "eIdx": 1,
                "st": 23
            },
            {
                "ancestor": "",
                "keyword": "<크리스_프랫>",
                "ne_type": "",
                "e_type": "ELU",
                "en": 49,
                "eIdx": 2,
                "st": 41
            },
            {
                "ancestor": "",
                "keyword": "[미국]",
                "ne_type": "",
                "e_type": "WIKILINK",
                "en": 57,
                "eIdx": 3,
                "st": 53
            },
            {
                "ancestor": "",
                "keyword": "[배우]",
                "ne_type": "",
                "e_type": "WIKILINK",
                "en": 63,
                "eIdx": 4,
                "st": 59
            },
            {
                "ancestor": "",
                "keyword": "[에버우드]",
                "ne_type": "",
                "e_type": "WIKILINK",
                "en": 87,
                "eIdx": 5,
                "st": 81
            },
            {
                "ancestor": "",
                "keyword": "[팍스_앤_레크리에이션]",
                "ne_type": "",
                "e_type": "WIKILINK",
                "en": 116,
                "eIdx": 6,
                "st": 103
            },
            {
                "ancestor": "",
                "keyword": "[원티드_(영화)]",
                "ne_type": "",
                "e_type": "WIKILINK",
                "en": 153,
                "eIdx": 7,
                "st": 143
            },
            {
                "ancestor": "",
                "keyword": "[머니볼_(영화)]",
                "ne_type": "",
                "e_type": "WIKILINK",
                "en": 174,
                "eIdx": 8,
                "st": 164
            },
            {
                "ancestor": "",
                "keyword": "[5년째_약혼중]",
                "ne_type": "",
                "e_type": "WIKILINK",
                "en": 194,
                "eIdx": 9,
                "st": 185
            },
            {
                "ancestor": "",
                "keyword": "[제로_다크_서티]",
                "ne_type": "",
                "e_type": "WIKILINK",
                "en": 215,
                "eIdx": 10,
                "st": 205
            },
            {
                "ancestor": "",
                "keyword": "[딜리버리_맨]",
                "ne_type": "",
                "e_type": "WIKILINK",
                "en": 234,
                "eIdx": 11,
                "st": 226
            },
            {
                "ancestor": "",
                "keyword": "[그녀_(영화)]",
                "ne_type": "",
                "e_type": "WIKILINK",
                "en": 254,
                "eIdx": 12,
                "st": 245
            },
            {
                "ancestor": "",
                "keyword": "[레고_무비]",
                "ne_type": "",
                "e_type": "WIKILINK",
                "en": 298,
                "eIdx": 13,
                "st": 291
            },
            {
                "ancestor": "",
                "keyword": "<에멧>",
                "ne_type": "",
                "e_type": "ELU",
                "en": 306,
                "eIdx": 14,
                "st": 302
            },
            {
                "ancestor": "",
                "keyword": "<음성>",
                "ne_type": "",
                "e_type": "ELU",
                "en": 312,
                "eIdx": 15,
                "st": 308
            },
            {
                "ancestor": "",
                "keyword": "[가디언즈_오브_갤럭시_(영화)]",
                "ne_type": "",
                "e_type": "WIKILINK",
                "en": 333,
                "eIdx": 16,
                "st": 315
            },
            {
                "ancestor": "",
                "keyword": "[스타로드]",
                "ne_type": "",
                "e_type": "WIKILINK",
                "en": 342,
                "eIdx": 17,
                "st": 336
            },
            {
                "ancestor": "",
                "keyword": "[쥬라기_월드]",
                "ne_type": "",
                "e_type": "WIKILINK",
                "en": 361,
                "eIdx": 18,
                "st": 353
            }
        ],
        "text": "크리스토퍼 마이클 프랫(, [1979년] [6월_21일] ~ ), 간단히 <크리스_프랫>()은 [미국]의 [배우]이다. 프랫은 텔레비전 드라마 《[에버우드]》에서 브라이트 애벗 역, 《[팍스_앤_레크리에이션]》에서 앤디 드와이어 역으로 잘 알려져 있다. 《[원티드_(영화)]》 (2008), 《[머니볼_(영화)]》 (2011), 《[5년째_약혼중]》 (2012), 《[제로_다크_서티]》 (2012), 《[딜리버리_맨]》 (2013), 《[그녀_(영화)]》 (2013)와 같은 영화에서 조연으로 출연하였다. 2014년 《[레고_무비]》에서 <에멧>의 <음성>와 《[가디언즈_오브_갤럭시_(영화)]》의 [스타로드] 역, 2015년 《[쥬라기_월드]》의 오언 그레이디 역으로 국제적인 지명도를 올렸으며, 흥행에도 성공하였다. 또한, 비평가로부터도 좋은 평을 받았다.",
        "pIdx": 1
    },
    {
        "pronouns": [],
        "globalSId": [
            2819535,
            2819536,
            2819537,
            2819538,
            2819539,
            2819540,
            2819541,
            2819542,
            2819543,
            2819544,
            2819545,
            2819546,
            2819547
        ],
        "wikiPageId": 802316,
        "entities": [
            {
                "ancestor": "",
                "keyword": "<과정>",
                "ne_type": "",
                "e_type": "ELU",
                "en": 7,
                "eIdx": 0,
                "st": 3
            },
            {
                "ancestor": "",
                "keyword": "[미네소타_주]",
                "ne_type": "",
                "e_type": "WIKILINK",
                "en": 33,
                "eIdx": 1,
                "st": 25
            },
            {
                "ancestor": "",
                "keyword": "[버지니아_(미네소타_주)]",
                "ne_type": "",
                "e_type": "WIKILINK",
                "en": 50,
                "eIdx": 2,
                "st": 35
            },
            {
                "ancestor": "",
                "keyword": "<캐시>",
                "ne_type": "",
                "e_type": "ELU",
                "en": 72,
                "eIdx": 3,
                "st": 68
            },
            {
                "ancestor": "",
                "keyword": "[세이프웨이]",
                "ne_type": "",
                "e_type": "WIKILINK",
                "en": 104,
                "eIdx": 4,
                "st": 97
            },
            {
                "ancestor": "",
                "keyword": "<클리프턴_(뉴저지_주)>",
                "ne_type": "",
                "e_type": "ELU",
                "en": 134,
                "eIdx": 5,
                "st": 120
            },
            {
                "ancestor": "",
                "keyword": "[노르웨이인]",
                "ne_type": "",
                "e_type": "WIKILINK",
                "en": 192,
                "eIdx": 6,
                "st": 185
            },
            {
                "ancestor": "",
                "keyword": "[잉글랜드인]",
                "ne_type": "",
                "e_type": "WIKILINK",
                "en": 208,
                "eIdx": 7,
                "st": 201
            },
            {
                "ancestor": "",
                "keyword": "[독일인]",
                "ne_type": "",
                "e_type": "WIKILINK",
                "en": 215,
                "eIdx": 8,
                "st": 210
            },
            {
                "ancestor": "",
                "keyword": "[스위스인]",
                "ne_type": "",
                "e_type": "WIKILINK",
                "en": 223,
                "eIdx": 9,
                "st": 217
            },
            {
                "ancestor": "",
                "keyword": "[프랑스계_캐나다인]",
                "ne_type": "",
                "e_type": "WIKILINK",
                "en": 236,
                "eIdx": 10,
                "st": 225
            },
            {
                "ancestor": "",
                "keyword": "<컬리>",
                "ne_type": "",
                "e_type": "ELU",
                "en": 256,
                "eIdx": 11,
                "st": 252
            },
            {
                "ancestor": "",
                "keyword": "<미네소타_주>",
                "ne_type": "",
                "e_type": "ELU",
                "en": 277,
                "eIdx": 12,
                "st": 269
            },
            {
                "ancestor": "",
                "keyword": "[타코나이트]",
                "ne_type": "",
                "e_type": "WIKILINK",
                "en": 286,
                "eIdx": 13,
                "st": 279
            },
            {
                "ancestor": "",
                "keyword": "<광산>",
                "ne_type": "",
                "e_type": "ELU",
                "en": 291,
                "eIdx": 14,
                "st": 287
            },
            {
                "ancestor": "",
                "keyword": "[알래스카_주]",
                "ne_type": "",
                "e_type": "WIKILINK",
                "en": 329,
                "eIdx": 15,
                "st": 321
            },
            {
                "ancestor": "",
                "keyword": "<이주_(황족)>",
                "ne_type": "",
                "e_type": "ELU",
                "en": 346,
                "eIdx": 16,
                "st": 337
            },
            {
                "ancestor": "",
                "keyword": "[워싱턴_주]",
                "ne_type": "",
                "e_type": "WIKILINK",
                "en": 376,
                "eIdx": 17,
                "st": 369
            },
            {
                "ancestor": "",
                "keyword": "[레이크스티븐스]",
                "ne_type": "",
                "e_type": "WIKILINK",
                "en": 387,
                "eIdx": 18,
                "st": 378
            },
            {
                "ancestor": "",
                "keyword": "<이주하>",
                "ne_type": "",
                "e_type": "ELU",
                "en": 395,
                "eIdx": 19,
                "st": 390
            },
            {
                "ancestor": "",
                "keyword": "[레이크스티븐스_고등학교]",
                "ne_type": "",
                "e_type": "WIKILINK",
                "en": 417,
                "eIdx": 20,
                "st": 403
            }
        ],
        "text": "성장 <과정> 프랫은 1979년 6월 21일 [미네소타_주]의 [버지니아_(미네소타_주)]에서 태어났다. 어머니 캐슬린 \"<캐시>\" 루이즈 인달(, 1955년생)는 슈퍼마켓 [세이프웨이]의 직원이며, 아버지 대니얼 <클리프턴_(뉴저지_주)> \"댄\" 프랫(, 1953년 ~ 2014년)은 광부였다가 리모델링 사업을 했었다. 어머니는 [노르웨이인]이며, 아버지는 [잉글랜드인], [독일인], [스위스인], [프랑스계_캐나다인] 혈통이다. 형제자매로는 형 <컬리>와 누나 앤지가 있다. <미네소타_주>의 [타코나이트] <광산>에 살다가 세 살 때, 프랫은 광부였던 아버지를 따라 [알래스카_주]의 금광촌으로 <이주_(황족)>했으며 그 곳에서 4년간 살았다. 이후, [워싱턴_주]의 [레이크스티븐스]으로 <이주하>여 성장했다. [레이크스티븐스_고등학교]를 다니면서 레슬링 선수로 활동하였으며, 대회에서 5등을 하였다. 레슬링 코치가 프랫에게 장차 무엇을 하고 싶은 지에 대해 물었을 때 프랫은 “‘모르겠어요. 하지만 저는 유명해질거고 돈도 완전 많이 벌거에요.’라고 대답했어요. 무엇을 어떻게 해야할지 아무런 계획도 없이 말이에요. 그건 마치 ‘난 우주인이 될거야. 언젠가 우주복을 입고 우주에 갈거야.’ 라는 식의 멍청한 대답이었죠.”라고 말했다.",
        "pIdx": 2
    },
    {
        "pronouns": [],
        "globalSId": [
            2819548,
            2819549,
            2819550,
            2819551,
            2819552,
            2819553,
            2819554
        ],
        "wikiPageId": 802316,
        "entities": [
            {
                "ancestor": "",
                "keyword": "<크리스_프랫>",
                "ne_type": "",
                "e_type": "ELU",
                "en": 8,
                "eIdx": 0,
                "st": 0
            },
            {
                "ancestor": "",
                "keyword": "[커뮤니티_칼리지]",
                "ne_type": "",
                "e_type": "WIKILINK",
                "en": 20,
                "eIdx": 1,
                "st": 10
            },
            {
                "ancestor": "",
                "keyword": "<스트리퍼>",
                "ne_type": "",
                "e_type": "ELU",
                "en": 73,
                "eIdx": 2,
                "st": 67
            },
            {
                "ancestor": "",
                "keyword": "[마우이_섬]",
                "ne_type": "",
                "e_type": "WIKILINK",
                "en": 87,
                "eIdx": 3,
                "st": 80
            },
            {
                "ancestor": "",
                "keyword": "<이주_(황족)>",
                "ne_type": "",
                "e_type": "ELU",
                "en": 99,
                "eIdx": 4,
                "st": 90
            },
            {
                "ancestor": "",
                "keyword": "<노숙자>",
                "ne_type": "",
                "e_type": "ELU",
                "en": 108,
                "eIdx": 5,
                "st": 103
            },
            {
                "ancestor": "",
                "keyword": "<열반>",
                "ne_type": "",
                "e_type": "ELU",
                "en": 118,
                "eIdx": 6,
                "st": 114
            },
            {
                "ancestor": "",
                "keyword": "[인디펜던트]",
                "ne_type": "",
                "e_type": "WIKILINK",
                "en": 148,
                "eIdx": 7,
                "st": 141
            },
            {
                "ancestor": "",
                "keyword": "<대마초>",
                "ne_type": "",
                "e_type": "ELU",
                "en": 206,
                "eIdx": 8,
                "st": 201
            },
            {
                "ancestor": "",
                "keyword": "[닥터_드레]",
                "ne_type": "",
                "e_type": "WIKILINK",
                "en": 285,
                "eIdx": 9,
                "st": 278
            },
            {
                "ancestor": "",
                "keyword": "[2001_(음반)]",
                "ne_type": "",
                "e_type": "WIKILINK",
                "en": 302,
                "eIdx": 10,
                "st": 291
            },
            {
                "ancestor": "",
                "keyword": "[Forgot_About_Dre]",
                "ne_type": "",
                "e_type": "WIKILINK",
                "en": 378,
                "eIdx": 11,
                "st": 360
            }
        ],
        "text": "<크리스_프랫>은 [커뮤니티_칼리지]에 진학했으나 반 학기 만에 자퇴했으며, 이 후 할인 티켓 판매상으로, 또 주간에는 <스트리퍼>로 일했다. [마우이_섬]으로 <이주_(황족)>한 후 <노숙자>가 되었고 <열반>이나 해변의 텐트에서 숙식을 해결했다. 〈[인디펜던트]〉와의 인터뷰에서 프랫은 “그 곳은 노숙자들에게는 꽤 괜찮은 환경이었어요. 우리는 술도 마시고 <대마초>도 피고는 했죠. 가스, 음식, 낚시 용품과 같은 숙식에 필요한 최소한으로만 일하면서 말이에요.”라고 말했다. 프랫은 그 당시에 [닥터_드레]의 음반 \"[2001_(음반)]\"을 매일 들었으며, \"앨범의 모든 단어\"를 알았다고 한다. 나중에, 인터뷰에서 프랫은 음반의 수록곡 \"[Forgot_About_Dre]\"를 부르기도 했다.",
        "pIdx": 3
    },
    {
        "pronouns": [],
        "globalSId": [
            2819555
        ],
        "wikiPageId": 802316,
        "entities": [],
        "text": "경력",
        "pIdx": 4
    },
    {
        "pronouns": [],
        "globalSId": [
            2819556,
            2819557,
            2819558
        ],
        "wikiPageId": 802316,
        "entities": [
            {
                "ancestor": "",
                "keyword": "<마우이_섬>",
                "ne_type": "",
                "e_type": "ELU",
                "en": 40,
                "eIdx": 0,
                "st": 33
            },
            {
                "ancestor": "",
                "keyword": "[버바_검프_슈림프_컴퍼니]",
                "ne_type": "",
                "e_type": "WIKILINK",
                "en": 57,
                "eIdx": 1,
                "st": 42
            },
            {
                "ancestor": "",
                "keyword": "<고용>",
                "ne_type": "",
                "e_type": "ELU",
                "en": 69,
                "eIdx": 2,
                "st": 65
            },
            {
                "ancestor": "",
                "keyword": "<배우>",
                "ne_type": "",
                "e_type": "ELU",
                "en": 82,
                "eIdx": 3,
                "st": 78
            },
            {
                "ancestor": "",
                "keyword": "[레이_돈_총]",
                "ne_type": "",
                "e_type": "WIKILINK",
                "en": 97,
                "eIdx": 4,
                "st": 89
            },
            {
                "ancestor": "",
                "keyword": "<배우>",
                "ne_type": "",
                "e_type": "ELU",
                "en": 103,
                "eIdx": 5,
                "st": 99
            },
            {
                "ancestor": "",
                "keyword": "<소>",
                "ne_type": "",
                "e_type": "ELU",
                "en": 123,
                "eIdx": 6,
                "st": 120
            },
            {
                "ancestor": "",
                "keyword": "[로스앤젤레스]",
                "ne_type": "",
                "e_type": "WIKILINK",
                "en": 174,
                "eIdx": 7,
                "st": 166
            }
        ],
        "text": "2000년 ~ 2009년 프랫은 2000년 19세의 나이로 <마우이_섬>의 [버바_검프_슈림프_컴퍼니] 레스토랑에서 <고용>으로 일하던 중 <배우>이자 감독인 [레이_돈_총]이 <배우>로 캐스팅하였다. 총은 프랫을 <소>의 첫 감독 데뷔작인 단편 공포 영화 《Cursed Part 3》에 출연시켜 [로스앤젤레스]에서 촬영을 하였다.",
        "pIdx": 5
    },
    {
        "pronouns": [],
        "globalSId": [
            2819559,
            2819560,
            2819561,
            2819562
        ],
        "wikiPageId": 802316,
        "entities": [
            {
                "ancestor": "",
                "keyword": "[에버우드]",
                "ne_type": "",
                "e_type": "WIKILINK",
                "en": 18,
                "eIdx": 0,
                "st": 12
            },
            {
                "ancestor": "",
                "keyword": "<주연_(가수)>",
                "ne_type": "",
                "e_type": "ELU",
                "en": 31,
                "eIdx": 1,
                "st": 22
            },
            {
                "ancestor": "",
                "keyword": "<브라이턴>",
                "ne_type": "",
                "e_type": "ELU",
                "en": 48,
                "eIdx": 2,
                "st": 42
            },
            {
                "ancestor": "",
                "keyword": "<영화>",
                "ne_type": "",
                "e_type": "ELU",
                "en": 87,
                "eIdx": 3,
                "st": 83
            },
            {
                "ancestor": "",
                "keyword": "<연기군>",
                "ne_type": "",
                "e_type": "ELU",
                "en": 109,
                "eIdx": 4,
                "st": 104
            },
            {
                "ancestor": "",
                "keyword": "<에버우드>",
                "ne_type": "",
                "e_type": "ELU",
                "en": 120,
                "eIdx": 5,
                "st": 114
            },
            {
                "ancestor": "",
                "keyword": "[The_O.C.]",
                "ne_type": "",
                "e_type": "WIKILINK",
                "en": 165,
                "eIdx": 6,
                "st": 155
            },
            {
                "ancestor": "",
                "keyword": "<윈체스터>",
                "ne_type": "",
                "e_type": "ELU",
                "en": 181,
                "eIdx": 7,
                "st": 175
            },
            {
                "ancestor": "",
                "keyword": "<연기군>",
                "ne_type": "",
                "e_type": "ELU",
                "en": 196,
                "eIdx": 8,
                "st": 191
            },
            {
                "ancestor": "",
                "keyword": "<영화>",
                "ne_type": "",
                "e_type": "ELU",
                "en": 210,
                "eIdx": 9,
                "st": 206
            },
            {
                "ancestor": "",
                "keyword": "[원티드_(영화)]",
                "ne_type": "",
                "e_type": "WIKILINK",
                "en": 222,
                "eIdx": 10,
                "st": 212
            },
            {
                "ancestor": "",
                "keyword": "[제임스_매커보이]",
                "ne_type": "",
                "e_type": "WIKILINK",
                "en": 237,
                "eIdx": 11,
                "st": 227
            },
            {
                "ancestor": "",
                "keyword": "<깁슨_(기업)>",
                "ne_type": "",
                "e_type": "ELU",
                "en": 251,
                "eIdx": 12,
                "st": 242
            },
            {
                "ancestor": "",
                "keyword": "<친구>",
                "ne_type": "",
                "e_type": "ELU",
                "en": 265,
                "eIdx": 13,
                "st": 261
            },
            {
                "ancestor": "",
                "keyword": "<연기군>",
                "ne_type": "",
                "e_type": "ELU",
                "en": 278,
                "eIdx": 14,
                "st": 273
            }
        ],
        "text": "2002년, 프랫은 《[에버우드]》에서 <주연_(가수)> 중 하나인 해럴드 <브라이턴> \"브라이트\" 애벗 역을 맡았다. 2005년에는 텔레비전 SF <영화> 《》에서 네이선 매케인 역을 <연기군>했다. 《<에버우드>》의 시즌이 취소된 후, 프랫은 2006년부터 2007년까지 《[The_O.C.]》의 시즌 4에서 <윈체스터> \"체\" 쿡 역을 <연기군>했다. 2008년 <영화> 《[원티드_(영화)]》에서는 [제임스_매커보이]가 맡은 <깁슨_(기업)>의 회사 동료이자 <친구>인 배리 역을 <연기군>했다.",
        "pIdx": 6
    }
]