[
    {
        "globalSId": [
            144473,
            144474,
            144475,
            144476,
            144477,
            144478
        ],
        "pronouns": [],
        "wikiPageId": 9323,
        "entities": [
            {
                "ne_type": "",
                "keyword": "<동명성왕>",
                "ancestor": "",
                "e_type": "ELU",
                "en": 6,
                "eIdx": 0,
                "st": 0
            },
            {
                "ne_type": "PERSON",
                "keyword": "[추모왕]",
                "ancestor": "",
                "e_type": "NEW",
                "en": 21,
                "eIdx": 1,
                "st": 16
            },
            {
                "ne_type": "",
                "keyword": "[기원전_58년]",
                "ancestor": "",
                "e_type": "WIKILINK",
                "en": 36,
                "eIdx": 2,
                "st": 27
            },
            {
                "ne_type": "",
                "keyword": "[기원전_19년]",
                "ancestor": "",
                "e_type": "WIKILINK",
                "en": 48,
                "eIdx": 3,
                "st": 39
            },
            {
                "ne_type": "",
                "keyword": "[음력_9월]",
                "ancestor": "",
                "e_type": "WIKILINK",
                "en": 56,
                "eIdx": 4,
                "st": 49
            },
            {
                "ne_type": "",
                "keyword": "[고구려]",
                "ancestor": "",
                "e_type": "WIKILINK",
                "en": 64,
                "eIdx": 5,
                "st": 59
            },
            {
                "ne_type": "",
                "keyword": "[기원전_37년]",
                "ancestor": "",
                "e_type": "WIKILINK",
                "en": 88,
                "eIdx": 6,
                "st": 79
            },
            {
                "ne_type": "",
                "keyword": "[기원전_19년]",
                "ancestor": "",
                "e_type": "WIKILINK",
                "en": 100,
                "eIdx": 7,
                "st": 91
            },
            {
                "ne_type": "",
                "keyword": "<삼국사기>",
                "ancestor": "",
                "e_type": "ELU",
                "en": 120,
                "eIdx": 8,
                "st": 114
            },
            {
                "ne_type": "",
                "keyword": "[삼국유사]",
                "ancestor": "",
                "e_type": "WIKILINK",
                "en": 133,
                "eIdx": 9,
                "st": 127
            },
            {
                "ne_type": "",
                "keyword": "[삼국사기]",
                "ancestor": "",
                "e_type": "WIKILINK",
                "en": 144,
                "eIdx": 10,
                "st": 138
            },
            {
                "ne_type": "",
                "keyword": "[해씨]",
                "ancestor": "",
                "e_type": "WIKILINK",
                "en": 159,
                "eIdx": 11,
                "st": 155
            },
            {
                "ne_type": "",
                "keyword": "[고씨]",
                "ancestor": "",
                "e_type": "WIKILINK",
                "en": 174,
                "eIdx": 12,
                "st": 170
            },
            {
                "ne_type": "",
                "keyword": "[휘]",
                "ancestor": "",
                "e_type": "WIKILINK",
                "en": 187,
                "eIdx": 13,
                "st": 184
            },
            {
                "ne_type": "PERSON",
                "keyword": "[주몽]",
                "ancestor": "",
                "e_type": "NEW",
                "en": 193,
                "eIdx": 14,
                "st": 189
            },
            {
                "ne_type": "",
                "keyword": "<삼국사기>",
                "ancestor": "",
                "e_type": "ELU",
                "en": 216,
                "eIdx": 15,
                "st": 210
            },
            {
                "ne_type": "PERSON",
                "keyword": "[추모(鄒牟)·중모(中牟)·중해(衆解)·상해(象解)·도모(都牟)·도모]",
                "ancestor": "",
                "e_type": "NEW",
                "en": 261,
                "eIdx": 16,
                "st": 222
            },
            {
                "ne_type": "",
                "keyword": "[부여]",
                "ancestor": "",
                "e_type": "WIKILINK",
                "en": 284,
                "eIdx": 17,
                "st": 280
            },
            {
                "ne_type": "",
                "keyword": "[동명왕]",
                "ancestor": "",
                "e_type": "WIKILINK",
                "en": 296,
                "eIdx": 18,
                "st": 291
            },
            {
                "ne_type": "PERSON",
                "keyword": "[주몽]",
                "ancestor": "",
                "e_type": "NEW",
                "en": 302,
                "eIdx": 19,
                "st": 298
            },
            {
                "ne_type": "ORGANIZATION",
                "keyword": "[부여]",
                "ancestor": "",
                "e_type": "NEW",
                "en": 328,
                "eIdx": 20,
                "st": 324
            },
            {
                "ne_type": "",
                "keyword": "[금와왕]",
                "ancestor": "",
                "e_type": "WIKILINK",
                "en": 335,
                "eIdx": 21,
                "st": 330
            },
            {
                "ne_type": "",
                "keyword": "<금와왕>",
                "ancestor": "",
                "e_type": "ELU",
                "en": 346,
                "eIdx": 22,
                "st": 341
            },
            {
                "ne_type": "",
                "keyword": "[대소]",
                "ancestor": "",
                "e_type": "WIKILINK",
                "en": 355,
                "eIdx": 23,
                "st": 351
            },
            {
                "ne_type": "PERSON",
                "keyword": "[주몽]",
                "ancestor": "",
                "e_type": "NEW",
                "en": 369,
                "eIdx": 24,
                "st": 365
            },
            {
                "ne_type": "",
                "keyword": "[고구려]",
                "ancestor": "",
                "e_type": "WIKILINK",
                "en": 391,
                "eIdx": 25,
                "st": 386
            }
        ],
        "text": "<동명성왕>(東明聖王) 또는 [추모왕](鄒牟王, [기원전_58년] ~ [기원전_19년] [음력_9월])은 [고구려]의 개국 시조이다. 재위: [기원전_37년] ~ [기원전_19년])이다. 《국사》(國史) <삼국사기>를 인용한 《[삼국유사]》 및 《[삼국사기]》에는 본래이 성은 [해씨](解)였다가 건국후 [고씨](高)로 고쳤다, [휘]가 [주몽](朱蒙)이라 하였다. 또한, 《<삼국사기>》 등에는 [추모(鄒牟)·중모(中牟)·중해(衆解)·상해(象解)·도모(都牟)·도모](都慕)라는 이름도 전하고 있다. [부여]의 건국자인 [동명왕]과 [주몽]은 별개 인물로 보는 것이 일반적이다. [부여]의 [금와왕] 재위 시 <금와왕>의 아들 [대소]에 의해 핍박받던 [주몽]은 박해를 피해 남으로 내려와 [고구려]를 건국하였다.",
        "pIdx": 1
    },
    {
        "pronouns": [],
        "globalSId": [
            144479,
            144480,
            144481,
            144482
        ],
        "wikiPageId": 9323,
        "entities": [
            {
                "ancestor": "",
                "keyword": "<설화>",
                "ne_type": "",
                "e_type": "ELU",
                "en": 7,
                "eIdx": 0,
                "st": 3
            },
            {
                "ancestor": "",
                "keyword": "[삼국사기]",
                "ne_type": "",
                "e_type": "WIKILINK",
                "en": 15,
                "eIdx": 1,
                "st": 9
            },
            {
                "ancestor": "",
                "keyword": "[삼국유사]",
                "ne_type": "",
                "e_type": "WIKILINK",
                "en": 25,
                "eIdx": 2,
                "st": 19
            },
            {
                "ancestor": "",
                "keyword": "[동명왕편]",
                "ne_type": "",
                "e_type": "WIKILINK",
                "en": 36,
                "eIdx": 3,
                "st": 30
            },
            {
                "ancestor": "",
                "keyword": "<동명성왕>",
                "ne_type": "",
                "e_type": "ELU",
                "en": 45,
                "eIdx": 4,
                "st": 39
            },
            {
                "ancestor": "",
                "keyword": "<설화>",
                "ne_type": "",
                "e_type": "ELU",
                "en": 54,
                "eIdx": 5,
                "st": 50
            },
            {
                "ancestor": "",
                "keyword": "<다음>",
                "ne_type": "",
                "e_type": "ELU",
                "en": 60,
                "eIdx": 6,
                "st": 56
            },
            {
                "ancestor": "",
                "keyword": "[주몽]",
                "ne_type": "",
                "e_type": "WIKILINK",
                "en": 86,
                "eIdx": 7,
                "st": 82
            },
            {
                "ancestor": "",
                "keyword": "<설화>",
                "ne_type": "",
                "e_type": "ELU",
                "en": 91,
                "eIdx": 8,
                "st": 87
            },
            {
                "ancestor": "",
                "keyword": "[고구려]",
                "ne_type": "",
                "e_type": "WIKILINK",
                "en": 98,
                "eIdx": 9,
                "st": 93
            },
            {
                "ancestor": "",
                "keyword": "[부여]",
                "ne_type": "",
                "e_type": "WIKILINK",
                "en": 104,
                "eIdx": 10,
                "st": 100
            },
            {
                "ancestor": "",
                "keyword": "[부여]",
                "ne_type": "",
                "e_type": "WIKILINK",
                "en": 116,
                "eIdx": 11,
                "st": 112
            },
            {
                "ancestor": "",
                "keyword": "<동명왕>",
                "ne_type": "",
                "e_type": "ELU",
                "en": 127,
                "eIdx": 12,
                "st": 122
            },
            {
                "ancestor": "",
                "keyword": "<고구려>",
                "ne_type": "",
                "e_type": "ELU",
                "en": 138,
                "eIdx": 13,
                "st": 133
            },
            {
                "ancestor": "",
                "keyword": "<부여>",
                "ne_type": "",
                "e_type": "ELU",
                "en": 167,
                "eIdx": 14,
                "st": 163
            },
            {
                "ancestor": "",
                "keyword": "[동명왕]",
                "ne_type": "",
                "e_type": "WIKILINK",
                "en": 174,
                "eIdx": 15,
                "st": 169
            },
            {
                "ancestor": "",
                "keyword": "<고구려>",
                "ne_type": "",
                "e_type": "ELU",
                "en": 181,
                "eIdx": 16,
                "st": 176
            },
            {
                "ancestor": "",
                "keyword": "[주몽]",
                "ne_type": "",
                "e_type": "WIKILINK",
                "en": 187,
                "eIdx": 17,
                "st": 183
            }
        ],
        "text": "탄생 <설화> 《[삼국사기]》와 《[삼국유사]》 및 《[동명왕편]》은 <동명성왕>의 탄생 <설화>를 <다음>과 같이 기록하고 있다. 현재 전해지는 [주몽] <설화>는 [고구려]가 [부여]를 병합하여, [부여]의 시조인 <동명왕>의 설화와 <고구려>의 건국설화를 짜맞춘 것이다. 역사학계에서는 <부여>의 [동명왕]과 <고구려>의 [주몽]을 다른 인물로 여긴다.",
        "pIdx": 2
    },
    {
        "pronouns": [],
        "globalSId": [
            144483,
            144484,
            144485,
            144486,
            144487,
            144488
        ],
        "wikiPageId": 9323,
        "entities": [
            {
                "ancestor": "",
                "keyword": "[삼국사기]",
                "ne_type": "",
                "e_type": "WIKILINK",
                "en": 7,
                "eIdx": 0,
                "st": 1
            },
            {
                "ancestor": "",
                "keyword": "[삼국유사]",
                "ne_type": "",
                "e_type": "WIKILINK",
                "en": 17,
                "eIdx": 1,
                "st": 11
            },
            {
                "ancestor": "",
                "keyword": "[해모수]",
                "ne_type": "",
                "e_type": "WIKILINK",
                "en": 26,
                "eIdx": 2,
                "st": 21
            },
            {
                "ancestor": "",
                "keyword": "[주몽]",
                "ne_type": "",
                "e_type": "WIKILINK",
                "en": 32,
                "eIdx": 3,
                "st": 28
            },
            {
                "ancestor": "",
                "keyword": "[해모수]",
                "ne_type": "",
                "e_type": "WIKILINK",
                "en": 51,
                "eIdx": 4,
                "st": 46
            },
            {
                "ancestor": "",
                "keyword": "[삼국사기]",
                "ne_type": "",
                "e_type": "WIKILINK",
                "en": 60,
                "eIdx": 5,
                "st": 54
            },
            {
                "ancestor": "",
                "keyword": "[삼국유사]",
                "ne_type": "",
                "e_type": "WIKILINK",
                "en": 70,
                "eIdx": 6,
                "st": 64
            },
            {
                "ancestor": "",
                "keyword": "[고구려]",
                "ne_type": "",
                "e_type": "WIKILINK",
                "en": 93,
                "eIdx": 7,
                "st": 88
            },
            {
                "ancestor": "",
                "keyword": "[광개토왕릉비]",
                "ne_type": "",
                "e_type": "WIKILINK",
                "en": 102,
                "eIdx": 8,
                "st": 94
            },
            {
                "ancestor": "",
                "keyword": "[고구려]",
                "ne_type": "",
                "e_type": "WIKILINK",
                "en": 110,
                "eIdx": 9,
                "st": 105
            },
            {
                "ancestor": "",
                "keyword": "[주몽]",
                "ne_type": "",
                "e_type": "WIKILINK",
                "en": 125,
                "eIdx": 10,
                "st": 121
            },
            {
                "ancestor": "",
                "keyword": "[하백]",
                "ne_type": "",
                "e_type": "WIKILINK",
                "en": 147,
                "eIdx": 11,
                "st": 143
            },
            {
                "ancestor": "",
                "keyword": "[해모수]",
                "ne_type": "",
                "e_type": "WIKILINK",
                "en": 171,
                "eIdx": 12,
                "st": 166
            },
            {
                "ancestor": "",
                "keyword": "[광개토왕릉비]",
                "ne_type": "",
                "e_type": "WIKILINK",
                "en": 191,
                "eIdx": 13,
                "st": 183
            },
            {
                "ancestor": "",
                "keyword": "[고구려]",
                "ne_type": "",
                "e_type": "WIKILINK",
                "en": 205,
                "eIdx": 14,
                "st": 200
            },
            {
                "ancestor": "",
                "keyword": "<해모수왕>",
                "ne_type": "",
                "e_type": "ELU",
                "en": 237,
                "eIdx": 15,
                "st": 231
            },
            {
                "ancestor": "",
                "keyword": "[해모수]",
                "ne_type": "",
                "e_type": "WIKILINK",
                "en": 272,
                "eIdx": 16,
                "st": 267
            },
            {
                "ancestor": "",
                "keyword": "<해모수왕>",
                "ne_type": "",
                "e_type": "ELU",
                "en": 311,
                "eIdx": 17,
                "st": 305
            },
            {
                "ancestor": "",
                "keyword": "[고구려]",
                "ne_type": "",
                "e_type": "WIKILINK",
                "en": 318,
                "eIdx": 18,
                "st": 313
            },
            {
                "ancestor": "",
                "keyword": "<의인화>",
                "ne_type": "",
                "e_type": "ELU",
                "en": 331,
                "eIdx": 19,
                "st": 326
            },
            {
                "ancestor": "",
                "keyword": "[부여]",
                "ne_type": "",
                "e_type": "WIKILINK",
                "en": 361,
                "eIdx": 20,
                "st": 357
            },
            {
                "ancestor": "",
                "keyword": "[기원전_2세기]",
                "ne_type": "",
                "e_type": "WIKILINK",
                "en": 372,
                "eIdx": 21,
                "st": 363
            },
            {
                "ancestor": "",
                "keyword": "[해모수]",
                "ne_type": "",
                "e_type": "WIKILINK",
                "en": 394,
                "eIdx": 22,
                "st": 389
            },
            {
                "ancestor": "",
                "keyword": "[동명왕]",
                "ne_type": "",
                "e_type": "WIKILINK",
                "en": 404,
                "eIdx": 23,
                "st": 399
            }
        ],
        "text": "《[삼국사기]》와 《[삼국유사]》에는 [해모수]가 [주몽]의 아버지로 등장하지만, [해모수]는 《[삼국사기]》와 《[삼국유사]》에만 등장하는 인물로써, 정작 [고구려] [광개토왕릉비]에는 [고구려] 건국 이야기 중에 [주몽]은 하늘의 아들(천제지자)이자, [하백]의 외손이라고만 서술되어 있을뿐, [해모수]는 등장하지 않는다. [광개토왕릉비]의 기록이 당대 [고구려]인들에 의해 새겨진 일차사료인 점을 감안하면, <해모수왕>가 실존인물이었는지 사실여부를 명확하게 알 수 없다. [해모수]의 '해'는 태양을 뜻한다. 즉, 천손을 의미한다. 따라서 <해모수왕>는 [고구려]의 천손의식이 <의인화> 된 결과물로 해석해야 한다. 일반적인 견해는 [부여]가 [기원전_2세기]경에 건국 되었으며, 건국자는 [해모수]가 아닌 [동명왕]이라는 것이 정설이다.",
        "pIdx": 3
    },
    {
        "pronouns": [],
        "globalSId": [
            144489,
            144490,
            144491
        ],
        "wikiPageId": 9323,
        "entities": [
            {
                "ancestor": "",
                "keyword": "[하백]",
                "ne_type": "",
                "e_type": "WIKILINK",
                "en": 14,
                "eIdx": 0,
                "st": 10
            },
            {
                "ancestor": "",
                "keyword": "[유화_(부여)]",
                "ne_type": "",
                "e_type": "WIKILINK",
                "en": 37,
                "eIdx": 1,
                "st": 28
            },
            {
                "ancestor": "",
                "keyword": "<청하>",
                "ne_type": "",
                "e_type": "ELU",
                "en": 73,
                "eIdx": 2,
                "st": 69
            },
            {
                "ancestor": "",
                "keyword": "[압록강]",
                "ne_type": "",
                "e_type": "WIKILINK",
                "en": 83,
                "eIdx": 3,
                "st": 78
            },
            {
                "ancestor": "",
                "keyword": "[해모수]",
                "ne_type": "",
                "e_type": "WIKILINK",
                "en": 120,
                "eIdx": 4,
                "st": 115
            },
            {
                "ancestor": "",
                "keyword": "[오룡거]",
                "ne_type": "",
                "e_type": "WIKILINK",
                "en": 132,
                "eIdx": 5,
                "st": 127
            },
            {
                "ancestor": "",
                "keyword": "<아름>",
                "ne_type": "",
                "e_type": "ELU",
                "en": 169,
                "eIdx": 6,
                "st": 165
            },
            {
                "ancestor": "",
                "keyword": "<유인_(회양왕)>",
                "ne_type": "",
                "e_type": "ELU",
                "en": 201,
                "eIdx": 7,
                "st": 191
            },
            {
                "ancestor": "",
                "keyword": "[훤화]",
                "ne_type": "",
                "e_type": "WIKILINK",
                "en": 243,
                "eIdx": 8,
                "st": 239
            },
            {
                "ancestor": "",
                "keyword": "[위화]",
                "ne_type": "",
                "e_type": "WIKILINK",
                "en": 250,
                "eIdx": 9,
                "st": 246
            },
            {
                "ancestor": "",
                "keyword": "[유화]",
                "ne_type": "",
                "e_type": "WIKILINK",
                "en": 270,
                "eIdx": 10,
                "st": 266
            },
            {
                "ancestor": "",
                "keyword": "[해모수]",
                "ne_type": "",
                "e_type": "WIKILINK",
                "en": 280,
                "eIdx": 11,
                "st": 275
            }
        ],
        "text": "강을 다스리는 신 [하백](河伯)의 어여쁜 세 딸 [유화_(부여)](柳花) · 훤화(萱花) · 위화(葦花)가 더위를 피하여 <청하>(지금의 [압록강])의 웅심연(熊心淵)에서 놀고 있었다. 이때 천제의 아들 [해모수](解慕漱)가 [오룡거](五龍車)를 타고 내려오다가 연못 안에 세 처녀의 가냘프고 <아름>다운 모습에 취하여, 세 처녀를 모처로 <유인_(회양왕)>하여 술에 취하게 한 뒤, 문을 걸어 잠그고 사욕을 채우려 하였다. [훤화] · [위화]는 힘을 다해 탈출하였으나, [유화]는 그만 [해모수]에게 붙잡히게 되었다.",
        "pIdx": 4
    },
    {
        "pronouns": [],
        "globalSId": [
            144492,
            144493,
            144494
        ],
        "wikiPageId": 9323,
        "entities": [
            {
                "ancestor": "",
                "keyword": "[하백]",
                "ne_type": "",
                "e_type": "WIKILINK",
                "en": 4,
                "eIdx": 0,
                "st": 0
            },
            {
                "ancestor": "",
                "keyword": "[하백]",
                "ne_type": "",
                "e_type": "WIKILINK",
                "en": 30,
                "eIdx": 1,
                "st": 26
            },
            {
                "ancestor": "",
                "keyword": "[해모수]",
                "ne_type": "",
                "e_type": "WIKILINK",
                "en": 44,
                "eIdx": 2,
                "st": 39
            },
            {
                "ancestor": "",
                "keyword": "[해모수]",
                "ne_type": "",
                "e_type": "WIKILINK",
                "en": 75,
                "eIdx": 3,
                "st": 70
            },
            {
                "ancestor": "",
                "keyword": "[유화]",
                "ne_type": "",
                "e_type": "WIKILINK",
                "en": 81,
                "eIdx": 4,
                "st": 77
            },
            {
                "ancestor": "",
                "keyword": "[유화]",
                "ne_type": "",
                "e_type": "WIKILINK",
                "en": 96,
                "eIdx": 5,
                "st": 92
            },
            {
                "ancestor": "",
                "keyword": "<천국>",
                "ne_type": "",
                "e_type": "ELU",
                "en": 102,
                "eIdx": 6,
                "st": 98
            },
            {
                "ancestor": "",
                "keyword": "[해모수]",
                "ne_type": "",
                "e_type": "WIKILINK",
                "en": 121,
                "eIdx": 7,
                "st": 116
            },
            {
                "ancestor": "",
                "keyword": "[하백]",
                "ne_type": "",
                "e_type": "WIKILINK",
                "en": 144,
                "eIdx": 8,
                "st": 140
            },
            {
                "ancestor": "",
                "keyword": "<해모수왕>",
                "ne_type": "",
                "e_type": "ELU",
                "en": 158,
                "eIdx": 9,
                "st": 152
            },
            {
                "ancestor": "",
                "keyword": "[해모수]",
                "ne_type": "",
                "e_type": "WIKILINK",
                "en": 201,
                "eIdx": 10,
                "st": 196
            },
            {
                "ancestor": "",
                "keyword": "[해모수]",
                "ne_type": "",
                "e_type": "WIKILINK",
                "en": 252,
                "eIdx": 11,
                "st": 247
            },
            {
                "ancestor": "",
                "keyword": "[유화]",
                "ne_type": "",
                "e_type": "WIKILINK",
                "en": 287,
                "eIdx": 12,
                "st": 283
            }
        ],
        "text": "[하백]이 이러한 소식을 듣고 크게 노하였다. [하백]은 천제의 아들 [해모수]와 술법을 겨루어 그의 능력을 시험해 본 뒤, [해모수]와 [유화]의 결혼을 인정하여 [유화]를 <천국>로 보내주었으나, 여전히 [해모수]에 대한 의심을 거두지 아니하였던 [하백]은 꾀를 써서 <해모수왕>를 다시 시험해보기로 하였다. 가죽부대에 들어 있던 술에 크게 취한 [해모수]를 주머니에 묶어 가둔 뒤에 올려보내었으나, 물 밖으로 나오기도 전에 술에 깨버린 [해모수]가 크게 노하여 주머니를 뚫고 울면서 놓아주지 않으려는 [유화]를 버리고 홀로 떠나버렸다.",
        "pIdx": 5
    },
    {
        "pronouns": [],
        "globalSId": [
            144495
        ],
        "wikiPageId": 9323,
        "entities": [
            {
                "ancestor": "",
                "keyword": "[하백]",
                "ne_type": "",
                "e_type": "WIKILINK",
                "en": 7,
                "eIdx": 0,
                "st": 3
            },
            {
                "ancestor": "",
                "keyword": "[유화]",
                "ne_type": "",
                "e_type": "WIKILINK",
                "en": 13,
                "eIdx": 1,
                "st": 9
            }
        ],
        "text": "이에 [하백]은 [유화]에게 함부로 남자를 만난 것을 나무라며, 시녀 몇 명을 붙여준 뒤 귀양을 보냈다.",
        "pIdx": 6
    },
    {
        "pronouns": [],
        "globalSId": [
            144496,
            144497,
            144498,
            144499,
            144500,
            144501,
            144502,
            144503
        ],
        "wikiPageId": 9323,
        "entities": [
            {
                "ancestor": "",
                "keyword": "[동부여]",
                "ne_type": "",
                "e_type": "WIKILINK",
                "en": 8,
                "eIdx": 0,
                "st": 3
            },
            {
                "ancestor": "",
                "keyword": "[금와왕]",
                "ne_type": "",
                "e_type": "WIKILINK",
                "en": 17,
                "eIdx": 1,
                "st": 12
            },
            {
                "ancestor": "",
                "keyword": "[유화부인]",
                "ne_type": "",
                "e_type": "WIKILINK",
                "en": 48,
                "eIdx": 2,
                "st": 42
            },
            {
                "ancestor": "",
                "keyword": "[유화]",
                "ne_type": "",
                "e_type": "WIKILINK",
                "en": 63,
                "eIdx": 3,
                "st": 59
            },
            {
                "ancestor": "",
                "keyword": "[금와왕]",
                "ne_type": "",
                "e_type": "WIKILINK",
                "en": 81,
                "eIdx": 4,
                "st": 76
            },
            {
                "ancestor": "",
                "keyword": "[유화]",
                "ne_type": "",
                "e_type": "WIKILINK",
                "en": 87,
                "eIdx": 5,
                "st": 83
            },
            {
                "ancestor": "",
                "keyword": "[유화]",
                "ne_type": "",
                "e_type": "WIKILINK",
                "en": 161,
                "eIdx": 6,
                "st": 157
            },
            {
                "ancestor": "",
                "keyword": "[금와왕]",
                "ne_type": "",
                "e_type": "WIKILINK",
                "en": 188,
                "eIdx": 7,
                "st": 183
            },
            {
                "ancestor": "",
                "keyword": "[유화]",
                "ne_type": "",
                "e_type": "WIKILINK",
                "en": 209,
                "eIdx": 8,
                "st": 205
            },
            {
                "ancestor": "",
                "keyword": "<금와왕>",
                "ne_type": "",
                "e_type": "ELU",
                "en": 281,
                "eIdx": 9,
                "st": 276
            },
            {
                "ancestor": "",
                "keyword": "<금와왕>",
                "ne_type": "",
                "e_type": "ELU",
                "en": 388,
                "eIdx": 10,
                "st": 383
            },
            {
                "ancestor": "",
                "keyword": "[금와왕]",
                "ne_type": "",
                "e_type": "WIKILINK",
                "en": 423,
                "eIdx": 11,
                "st": 418
            },
            {
                "ancestor": "",
                "keyword": "[유화]",
                "ne_type": "",
                "e_type": "WIKILINK",
                "en": 437,
                "eIdx": 12,
                "st": 433
            }
        ],
        "text": "이후 [동부여]의 왕 [금와왕]이 우연히 우발수(優渤水)로 나들이를 갔다가 [유화부인](柳花)를 만나고, [유화]의 처지를 불쌍히 여긴 [금와왕]은 [유화]를 궁궐로 데려왔다. 그런데 그녀를 향하여 햇빛이 계속해서 비치는 기이한 일이 계속되더니, 마침내 그녀는 잉태하였다. 하지만 [유화]가 커다란 알을 낳자, 이 소식을 들은 [금와왕]은 이를 불길한 징조로 여기어 [유화]로부터 알을 빼앗아 돼지우리에 던져 버렸다. 그러나 돼지들은 이 알을 먹지 않았을 뿐더러 도리어 소중히 하였다. 그 뒤 <금와왕>는 소와 말이 짓밟도록 알을 길가에 버리기도 하였는데, 소와 말들이 알을 피해가자, 이번에는 새들이 쪼아 먹도록 들판에 놓아 두었다. 하지만 새들은 오히려 알을 품어 주었다. 때문에 <금와왕>는 도끼로 알을 내리쳐보기도 했지만 알은 온전하였다. [금와왕]은 하는 수 없이 [유화]에게 알을 돌려주었다.",
        "pIdx": 7
    }
]