[
    {
        "pronouns": [],
        "globalSId": [
            355555,
            355556
        ],
        "wikiPageId": 36012,
        "entities": [
            {
                "ancestor": "",
                "keyword": "<루손_섬>",
                "ne_type": "",
                "e_type": "ELU",
                "en": 6,
                "eIdx": 0,
                "st": 0
            },
            {
                "ancestor": "",
                "keyword": "[필리핀]",
                "ne_type": "",
                "e_type": "WIKILINK",
                "en": 15,
                "eIdx": 1,
                "st": 10
            },
            {
                "ancestor": "",
                "keyword": "<타이_북부>",
                "ne_type": "",
                "e_type": "ELU",
                "en": 23,
                "eIdx": 2,
                "st": 16
            },
            {
                "ancestor": "",
                "keyword": "<필리핀>",
                "ne_type": "",
                "e_type": "ELU",
                "en": 33,
                "eIdx": 3,
                "st": 28
            },
            {
                "ancestor": "",
                "keyword": "[섬]",
                "ne_type": "",
                "e_type": "WIKILINK",
                "en": 44,
                "eIdx": 4,
                "st": 41
            },
            {
                "ancestor": "",
                "keyword": "[섬_목록_(넓이_순)]",
                "ne_type": "",
                "e_type": "WIKILINK",
                "en": 78,
                "eIdx": 5,
                "st": 65
            }
        ],
        "text": "<루손_섬>()은 [필리핀] <타이_북부>에 있는 <필리핀>에서 가장 큰 [섬]이다. 면적은 104,688 km²로 [섬_목록_(넓이_순)]이다.",
        "pIdx": 1
    },
    {
        "pronouns": [],
        "globalSId": [
            355557,
            355558,
            355559,
            355560
        ],
        "wikiPageId": 36012,
        "entities": [
            {
                "ancestor": "",
                "keyword": "[마닐라]",
                "ne_type": "",
                "e_type": "WIKILINK",
                "en": 12,
                "eIdx": 0,
                "st": 7
            },
            {
                "ancestor": "",
                "keyword": "<필리핀>",
                "ne_type": "",
                "e_type": "ELU",
                "en": 19,
                "eIdx": 1,
                "st": 14
            },
            {
                "ancestor": "",
                "keyword": "[케손시티]",
                "ne_type": "",
                "e_type": "WIKILINK",
                "en": 37,
                "eIdx": 2,
                "st": 31
            },
            {
                "ancestor": "",
                "keyword": "<인구>",
                "ne_type": "",
                "e_type": "ELU",
                "en": 80,
                "eIdx": 3,
                "st": 76
            },
            {
                "ancestor": "",
                "keyword": "<경제>",
                "ne_type": "",
                "e_type": "ELU",
                "en": 105,
                "eIdx": 4,
                "st": 101
            }
        ],
        "text": "개요 수도인 [마닐라]와 <필리핀>에서 가장 큰 도시인 [케손시티]가 이 섬에 있다. 세계에서 17번째로 큰 섬이자, 세계에서 4번째로 <인구>가 많은 섬이기도하다. 필리핀의 정치 <경제>에서 특히 중요한 위치를 차지하고 있다.",
        "pIdx": 2
    },
    {
        "pronouns": [],
        "globalSId": [
            355561,
            355562,
            355563
        ],
        "wikiPageId": 36012,
        "entities": [
            {
                "ancestor": "",
                "keyword": "<직사각형>",
                "ne_type": "",
                "e_type": "ELU",
                "en": 19,
                "eIdx": 0,
                "st": 13
            },
            {
                "ancestor": "",
                "keyword": "<반도>",
                "ne_type": "",
                "e_type": "ELU",
                "en": 39,
                "eIdx": 1,
                "st": 35
            },
            {
                "ancestor": "",
                "keyword": "<길이>",
                "ne_type": "",
                "e_type": "ELU",
                "en": 61,
                "eIdx": 2,
                "st": 57
            },
            {
                "ancestor": "",
                "keyword": "<길이>",
                "ne_type": "",
                "e_type": "ELU",
                "en": 80,
                "eIdx": 3,
                "st": 76
            },
            {
                "ancestor": "",
                "keyword": "[마닐라_만]",
                "ne_type": "",
                "e_type": "WIKILINK",
                "en": 100,
                "eIdx": 4,
                "st": 93
            },
            {
                "ancestor": "",
                "keyword": "[링가옌_만]",
                "ne_type": "",
                "e_type": "WIKILINK",
                "en": 109,
                "eIdx": 5,
                "st": 102
            }
        ],
        "text": "섬의 주요 부분은 대개 <직사각형>이고, 그 남쪽에는 긴 비콜 <반도>가 뻗어 있다. 섬은 최대 남북 <길이>가 약 740 km, 동서 <길이>가 약 225km이다. [마닐라_만]과 [링가옌_만]을 대표로 하는 많은 만이 있다.",
        "pIdx": 3
    }
]