[
    {
        "pronouns": [],
        "globalSId": [
            396810,
            396811,
            396812,
            396813
        ],
        "wikiPageId": 41947,
        "entities": [
            {
                "ancestor": "",
                "keyword": "[5월]",
                "ne_type": "",
                "e_type": "WIKILINK",
                "en": 18,
                "eIdx": 0,
                "st": 14
            },
            {
                "ancestor": "",
                "keyword": "[전북]",
                "ne_type": "",
                "e_type": "WIKILINK",
                "en": 39,
                "eIdx": 1,
                "st": 35
            },
            {
                "ancestor": "",
                "keyword": "[전주시]",
                "ne_type": "",
                "e_type": "WIKILINK",
                "en": 45,
                "eIdx": 2,
                "st": 40
            }
        ],
        "text": "사사오입 개헌 1954년 [5월] 제3대 민의원 선거에서 고향 [전북] [전주시]에서 출마하여 무소속으로 당선되었다. 두 번의 낙선 끝에 3대 국회의원에 당선되며 정계에 진출한다. 이후 제4, 5대 민의원을 지냈다.",
        "pIdx": 57
    },
    {
        "pronouns": [],
        "globalSId": [
            396814,
            396815,
            396816,
            396817,
            396818,
            396819
        ],
        "wikiPageId": 41947,
        "entities": [
            {
                "ancestor": "",
                "keyword": "[1954년]",
                "ne_type": "",
                "e_type": "WIKILINK",
                "en": 7,
                "eIdx": 0,
                "st": 0
            },
            {
                "ancestor": "",
                "keyword": "[대한민국_국회]",
                "ne_type": "",
                "e_type": "WIKILINK",
                "en": 112,
                "eIdx": 1,
                "st": 103
            },
            {
                "ancestor": "",
                "keyword": "[최순주]",
                "ne_type": "",
                "e_type": "WIKILINK",
                "en": 121,
                "eIdx": 2,
                "st": 116
            },
            {
                "ancestor": "",
                "keyword": "<마살라_차이>",
                "ne_type": "",
                "e_type": "ELU",
                "en": 152,
                "eIdx": 3,
                "st": 144
            },
            {
                "ancestor": "",
                "keyword": "[자유당_(대한민국)]",
                "ne_type": "",
                "e_type": "WIKILINK",
                "en": 173,
                "eIdx": 4,
                "st": 161
            },
            {
                "ancestor": "",
                "keyword": "<반올림>",
                "ne_type": "",
                "e_type": "ELU",
                "en": 197,
                "eIdx": 5,
                "st": 192
            },
            {
                "ancestor": "",
                "keyword": "<시정>",
                "ne_type": "",
                "e_type": "ELU",
                "en": 218,
                "eIdx": 6,
                "st": 214
            },
            {
                "ancestor": "",
                "keyword": "[최순주]",
                "ne_type": "",
                "e_type": "WIKILINK",
                "en": 273,
                "eIdx": 7,
                "st": 268
            }
        ],
        "text": "[1954년] 사사 오입 발췌개헌에 반대하였다. 이승만 대통령이 장기집권을 위해 대통령 중임제한을 철폐하고자 헌법 개정을 추진하던 때였다. 그러나 발췌개헌안이 통과되자 단상에 뛰어올라 [대한민국_국회]부의장 [최순주]의 멱살을 잡기도 한다. 개헌안이 한 표 <마살라_차이>로 부결이 되자 [자유당_(대한민국)] 소속 의원이 '수학자들 이야기로 <반올림>하면 통과됩니다. 계산 착오로 <시정>하고 가결된 것으로 합니다.' 하자 그는 사사오입의 비논리성을 따지다가 바로 단상에 올라 [최순주] 국회부의장 멱살을 잡고 '이게 무슨 짓이냐'며 항의하였다. 그러나 사사오입 개헌안은 그대로 통과된다.",
        "pIdx": 58
    },
    {
        "pronouns": [],
        "globalSId": [
            396820
        ],
        "wikiPageId": 41947,
        "entities": [
            {
                "ancestor": "",
                "keyword": "[1955년]",
                "ne_type": "",
                "e_type": "WIKILINK",
                "en": 7,
                "eIdx": 0,
                "st": 0
            },
            {
                "ancestor": "",
                "keyword": "[3월]",
                "ne_type": "",
                "e_type": "WIKILINK",
                "en": 12,
                "eIdx": 1,
                "st": 8
            },
            {
                "ancestor": "",
                "keyword": "[대한역도연맹]",
                "ne_type": "",
                "e_type": "WIKILINK",
                "en": 21,
                "eIdx": 2,
                "st": 13
            }
        ],
        "text": "[1955년] [3월] [대한역도연맹] 부회장이 되었다.",
        "pIdx": 59
    },
    {
        "pronouns": [],
        "globalSId": [
            396821
        ],
        "wikiPageId": 41947,
        "entities": [],
        "text": "야당 정치인",
        "pIdx": 60
    },
    {
        "pronouns": [],
        "globalSId": [
            396822,
            396823,
            396824
        ],
        "wikiPageId": 41947,
        "entities": [
            {
                "ancestor": "",
                "keyword": "[1955년]",
                "ne_type": "",
                "e_type": "WIKILINK",
                "en": 20,
                "eIdx": 0,
                "st": 13
            },
            {
                "ancestor": "",
                "keyword": "[11월]",
                "ne_type": "",
                "e_type": "WIKILINK",
                "en": 26,
                "eIdx": 1,
                "st": 21
            },
            {
                "ancestor": "",
                "keyword": "[민주당_(1955년)]",
                "ne_type": "",
                "e_type": "WIKILINK",
                "en": 40,
                "eIdx": 2,
                "st": 27
            },
            {
                "ancestor": "",
                "keyword": "[장면]",
                "ne_type": "",
                "e_type": "WIKILINK",
                "en": 52,
                "eIdx": 3,
                "st": 48
            },
            {
                "ancestor": "",
                "keyword": "[민주당_(1955년)]",
                "ne_type": "",
                "e_type": "WIKILINK",
                "en": 74,
                "eIdx": 4,
                "st": 61
            },
            {
                "ancestor": "",
                "keyword": "[10월_13일]",
                "ne_type": "",
                "e_type": "WIKILINK",
                "en": 105,
                "eIdx": 5,
                "st": 96
            },
            {
                "ancestor": "",
                "keyword": "[배재학원]",
                "ne_type": "",
                "e_type": "WIKILINK",
                "en": 112,
                "eIdx": 6,
                "st": 106
            }
        ],
        "text": "민주당 신파 활동 이후 [1955년] [11월] [민주당_(1955년)]이 결성되자, [장면](張勉)을 찾아 [민주당_(1955년)]의 신파에 참여하여 활동하였다. 56년 [10월_13일] [배재학원] 운동장에서 열린 제1차 여야 민의원 친선 야구대회에 참가했다.",
        "pIdx": 61
    },
    {
        "pronouns": [],
        "globalSId": [
            396825,
            396826
        ],
        "wikiPageId": 41947,
        "entities": [
            {
                "ancestor": "",
                "keyword": "[장면]",
                "ne_type": "",
                "e_type": "WIKILINK",
                "en": 7,
                "eIdx": 0,
                "st": 3
            },
            {
                "ancestor": "",
                "keyword": "[부통령]",
                "ne_type": "",
                "e_type": "WIKILINK",
                "en": 14,
                "eIdx": 1,
                "st": 9
            },
            {
                "ancestor": "",
                "keyword": "<신파극>",
                "ne_type": "",
                "e_type": "ELU",
                "en": 29,
                "eIdx": 2,
                "st": 24
            },
            {
                "ancestor": "",
                "keyword": "<신파극>",
                "ne_type": "",
                "e_type": "ELU",
                "en": 51,
                "eIdx": 3,
                "st": 46
            }
        ],
        "text": "이후 [장면]이 [부통령]이 되면서 민주당 <신파극>의 리더가 되었다. 이때 그는 <신파극> 내에서도 청년 소장파의 리더격으로 활동한다.",
        "pIdx": 62
    },
    {
        "pronouns": [],
        "globalSId": [
            396827,
            396828,
            396829,
            396830
        ],
        "wikiPageId": 41947,
        "entities": [
            {
                "ancestor": "",
                "keyword": "[1957년]",
                "ne_type": "",
                "e_type": "WIKILINK",
                "en": 7,
                "eIdx": 0,
                "st": 0
            },
            {
                "ancestor": "",
                "keyword": "[민주당_(1955년)]",
                "ne_type": "",
                "e_type": "WIKILINK",
                "en": 21,
                "eIdx": 1,
                "st": 8
            },
            {
                "ancestor": "",
                "keyword": "[민주당_(1955년)]",
                "ne_type": "",
                "e_type": "WIKILINK",
                "en": 47,
                "eIdx": 2,
                "st": 34
            },
            {
                "ancestor": "",
                "keyword": "[3월]",
                "ne_type": "",
                "e_type": "WIKILINK",
                "en": 72,
                "eIdx": 3,
                "st": 68
            },
            {
                "ancestor": "",
                "keyword": "[대한역도연맹]",
                "ne_type": "",
                "e_type": "WIKILINK",
                "en": 81,
                "eIdx": 4,
                "st": 73
            },
            {
                "ancestor": "",
                "keyword": "[1958년]",
                "ne_type": "",
                "e_type": "WIKILINK",
                "en": 99,
                "eIdx": 5,
                "st": 92
            },
            {
                "ancestor": "",
                "keyword": "[5월]",
                "ne_type": "",
                "e_type": "WIKILINK",
                "en": 104,
                "eIdx": 6,
                "st": 100
            },
            {
                "ancestor": "",
                "keyword": "[전주]",
                "ne_type": "",
                "e_type": "WIKILINK",
                "en": 109,
                "eIdx": 7,
                "st": 105
            },
            {
                "ancestor": "",
                "keyword": "[민주당_(1955년)]",
                "ne_type": "",
                "e_type": "WIKILINK",
                "en": 137,
                "eIdx": 8,
                "st": 124
            },
            {
                "ancestor": "",
                "keyword": "[1959년]",
                "ne_type": "",
                "e_type": "WIKILINK",
                "en": 161,
                "eIdx": 9,
                "st": 154
            }
        ],
        "text": "[1957년] [민주당_(1955년)] 전라북도 도당위원장과 [민주당_(1955년)] 중앙당 훈련부장에 임명되었다. 그해 [3월] [대한역도연맹] 부회장이 되었다. [1958년] [5월] [전주] 을구에서 제4대 민의원에 [민주당_(1955년)] 후보로 출마하여 당선되었다. [1959년].",
        "pIdx": 63
    },
    {
        "pronouns": [],
        "globalSId": [
            396831,
            396832,
            396833
        ],
        "wikiPageId": 41947,
        "entities": [
            {
                "ancestor": "",
                "keyword": "[1960년]",
                "ne_type": "",
                "e_type": "WIKILINK",
                "en": 27,
                "eIdx": 0,
                "st": 20
            },
            {
                "ancestor": "",
                "keyword": "[3월_15일]",
                "ne_type": "",
                "e_type": "WIKILINK",
                "en": 36,
                "eIdx": 1,
                "st": 28
            },
            {
                "ancestor": "",
                "keyword": "[3·15_부정_선거]",
                "ne_type": "",
                "e_type": "WIKILINK",
                "en": 50,
                "eIdx": 2,
                "st": 38
            },
            {
                "ancestor": "",
                "keyword": "[4월]",
                "ne_type": "",
                "e_type": "WIKILINK",
                "en": 94,
                "eIdx": 3,
                "st": 90
            }
        ],
        "text": "3.15 부정선거와 4.19 전후. [1960년] [3월_15일]의 [3·15_부정_선거]를 한 자유당 정권을 규탄하고, 부정선거 진실 규명 운동에 동참하였다. [4월] 부정선거 원흉에 대한 학생 시위대를 독려하였다.",
        "pIdx": 64
    },
    {
        "pronouns": [],
        "globalSId": [
            396834,
            396835,
            396836,
            396837,
            396838,
            396839,
            396840,
            396841
        ],
        "wikiPageId": 41947,
        "entities": [
            {
                "ancestor": "",
                "keyword": "[김주열]",
                "ne_type": "",
                "e_type": "WIKILINK",
                "en": 20,
                "eIdx": 0,
                "st": 15
            },
            {
                "ancestor": "",
                "keyword": "<바다>",
                "ne_type": "",
                "e_type": "ELU",
                "en": 48,
                "eIdx": 1,
                "st": 44
            },
            {
                "ancestor": "",
                "keyword": "<이철승>",
                "ne_type": "",
                "e_type": "ELU",
                "en": 162,
                "eIdx": 2,
                "st": 157
            },
            {
                "ancestor": "",
                "keyword": "[자유당_(대한민국)]",
                "ne_type": "",
                "e_type": "WIKILINK",
                "en": 176,
                "eIdx": 3,
                "st": 164
            },
            {
                "ancestor": "",
                "keyword": "<부대>",
                "ne_type": "",
                "e_type": "ELU",
                "en": 185,
                "eIdx": 4,
                "st": 181
            },
            {
                "ancestor": "",
                "keyword": "<ㅈ>",
                "ne_type": "",
                "e_type": "ELU",
                "en": 250,
                "eIdx": 5,
                "st": 247
            },
            {
                "ancestor": "",
                "keyword": "<사람>",
                "ne_type": "",
                "e_type": "ELU",
                "en": 289,
                "eIdx": 6,
                "st": 285
            }
        ],
        "text": "마산 시위에서 실종된 학생 [김주열] 군이 눈에 최루탄이 박힌 끔찍한 모습으로 <바다>에 떠오른다. 국민들은 분노는 극에 달했다. 곧이어 고려대 학생들의 대대적인 시위가 벌어졌다. 국회의사당 앞을 점거한 학생들의 시위는 그칠 기미가 보이지 않았다. 총장까지 나서봤지만 소용없었다. <이철승>은 [자유당_(대한민국)]의 무력 <부대>가 투입될 것이라는 정보를 입수하고 학생들 앞에 나섰다. 반탁 운동 때부터 함께했던 후배들은 그의 설득에 겨우 <ㅈ>에서 일어섰다. 이후 정치 깡패들로부터 학생들을 보호하기 위해 <사람>을 보내는 한편 만일의 기습을 대비하였다.",
        "pIdx": 65
    },
    {
        "pronouns": [],
        "globalSId": [
            396842,
            396843,
            396844
        ],
        "wikiPageId": 41947,
        "entities": [
            {
                "ancestor": "",
                "keyword": "[유지광]",
                "ne_type": "",
                "e_type": "WIKILINK",
                "en": 34,
                "eIdx": 0,
                "st": 29
            },
            {
                "ancestor": "",
                "keyword": "<국민>",
                "ne_type": "",
                "e_type": "ELU",
                "en": 96,
                "eIdx": 1,
                "st": 92
            }
        ],
        "text": "그러나 학생들을 보호하려한 그의 노력에도 불구하고, [유지광]이 주축이 된 자유당 무력부대들은 귀가하던 학생들을 습격했다. 많은 사상자를 낸 이 사건으로 인해 결국 <국민>이 들고 일어났다. 이후 이는 4.19 혁명으로 이어졌다.",
        "pIdx": 66
    }
]