[
    {
        "pronouns": [],
        "globalSId": [
            455879,
            455880
        ],
        "wikiPageId": 48531,
        "entities": [
            {
                "ancestor": "",
                "keyword": "[영국]",
                "ne_type": "",
                "e_type": "WIKILINK",
                "en": 20,
                "eIdx": 0,
                "st": 16
            },
            {
                "ancestor": "",
                "keyword": "[조지_오웰]",
                "ne_type": "",
                "e_type": "WIKILINK",
                "en": 32,
                "eIdx": 1,
                "st": 25
            },
            {
                "ancestor": "",
                "keyword": "[1945년]",
                "ne_type": "",
                "e_type": "WIKILINK",
                "en": 41,
                "eIdx": 2,
                "st": 34
            }
        ],
        "text": "《동물농장》(動物農場, )은 [영국]의 작가 [조지_오웰]이 [1945년]에 출판한 풍자 소설이다. 표면적인 내용은 한 농장에 살던 동물들이 주인을 쫓아내고 직접 농장을 운영하지만, 결국은 권력다툼과 독재로 부패하게 된다는 이야기이다.",
        "pIdx": 1
    },
    {
        "pronouns": [],
        "globalSId": [
            455881,
            455882,
            455883,
            455884,
            455885,
            455886,
            455887
        ],
        "wikiPageId": 48531,
        "entities": [
            {
                "ancestor": "",
                "keyword": "[소련]",
                "ne_type": "",
                "e_type": "WIKILINK",
                "en": 19,
                "eIdx": 0,
                "st": 15
            },
            {
                "ancestor": "",
                "keyword": "[전체주의]",
                "ne_type": "",
                "e_type": "WIKILINK",
                "en": 27,
                "eIdx": 1,
                "st": 21
            },
            {
                "ancestor": "",
                "keyword": "[반공주의]",
                "ne_type": "",
                "e_type": "WIKILINK",
                "en": 56,
                "eIdx": 2,
                "st": 50
            },
            {
                "ancestor": "",
                "keyword": "<우하이_시>",
                "ne_type": "",
                "e_type": "ELU",
                "en": 68,
                "eIdx": 3,
                "st": 61
            },
            {
                "ancestor": "",
                "keyword": "[이오시프_스탈린]",
                "ne_type": "",
                "e_type": "WIKILINK",
                "en": 142,
                "eIdx": 4,
                "st": 132
            },
            {
                "ancestor": "",
                "keyword": "<소련>",
                "ne_type": "",
                "e_type": "ELU",
                "en": 153,
                "eIdx": 5,
                "st": 149
            },
            {
                "ancestor": "",
                "keyword": "<조지_오웰>",
                "ne_type": "",
                "e_type": "ELU",
                "en": 176,
                "eIdx": 6,
                "st": 169
            },
            {
                "ancestor": "",
                "keyword": "[영국]",
                "ne_type": "",
                "e_type": "WIKILINK",
                "en": 186,
                "eIdx": 7,
                "st": 182
            },
            {
                "ancestor": "",
                "keyword": "[좌파]",
                "ne_type": "",
                "e_type": "WIKILINK",
                "en": 207,
                "eIdx": 8,
                "st": 203
            },
            {
                "ancestor": "",
                "keyword": "<이오시프_스탈린>",
                "ne_type": "",
                "e_type": "ELU",
                "en": 221,
                "eIdx": 9,
                "st": 211
            },
            {
                "ancestor": "",
                "keyword": "[스페인_내전]",
                "ne_type": "",
                "e_type": "WIKILINK",
                "en": 242,
                "eIdx": 10,
                "st": 234
            },
            {
                "ancestor": "",
                "keyword": "[공산주의]",
                "ne_type": "",
                "e_type": "WIKILINK",
                "en": 266,
                "eIdx": 11,
                "st": 260
            },
            {
                "ancestor": "",
                "keyword": "<조지_오웰>",
                "ne_type": "",
                "e_type": "ELU",
                "en": 290,
                "eIdx": 12,
                "st": 283
            },
            {
                "ancestor": "",
                "keyword": "<서문>",
                "ne_type": "",
                "e_type": "ELU",
                "en": 304,
                "eIdx": 13,
                "st": 300
            },
            {
                "ancestor": "",
                "keyword": "<신화>",
                "ne_type": "",
                "e_type": "ELU",
                "en": 349,
                "eIdx": 14,
                "st": 345
            },
            {
                "ancestor": "",
                "keyword": "<소련>",
                "ne_type": "",
                "e_type": "ELU",
                "en": 413,
                "eIdx": 15,
                "st": 409
            },
            {
                "ancestor": "",
                "keyword": "<소련>",
                "ne_type": "",
                "e_type": "ELU",
                "en": 424,
                "eIdx": 16,
                "st": 420
            },
            {
                "ancestor": "",
                "keyword": "<소련>",
                "ne_type": "",
                "e_type": "ELU",
                "en": 446,
                "eIdx": 17,
                "st": 442
            }
        ],
        "text": "작품 설명 《동물농장》에는 [소련]의 [전체주의]에 대한 비판과 풍자가 들어있다. 그래서 [반공주의] 소설로 <우하이_시>받기도 하지만, 실제로는 그렇지 않다는 사실이 재평가받고 있다. 하지만, 소설 속에서 벌어지는 많은 일들은 실제로 [이오시프_스탈린]이 집권하던 <소련>에서 생긴 사건에 기반한다. <조지_오웰>은 한동안 [영국] 독립노동당의 당원이기도 했던 [좌파]였지만 <이오시프_스탈린>에 대해서 비판적이었고 [스페인_내전]에 참가한 이후로는 소련 중심의 [공산주의]에 대해 의심을 품게 되었다. <조지_오웰>이 우크라이나어판 <서문>에 쓴 '지난 10년 동안 나는 사회주의 운동의 재건을 위해서는 소비에트 <신화>를 파괴하는 일이 근본적으로 필요하다고 확신하게 되었다.'라는 문장에서 그의 집필의도를 알 수 있다. 그는 <소련>의 성립부터 <소련>이 가진 결함을 간파하였고 결국 <소련>의 붕괴에 의해 그의 시선이 옳았음이 증명되었다.",
        "pIdx": 2
    },
    {
        "pronouns": [],
        "globalSId": [
            455888,
            455889,
            455890,
            455891,
            455892,
            455893
        ],
        "wikiPageId": 48531,
        "entities": [
            {
                "ancestor": "",
                "keyword": "<조지_오웰>",
                "ne_type": "",
                "e_type": "ELU",
                "en": 7,
                "eIdx": 0,
                "st": 0
            },
            {
                "ancestor": "",
                "keyword": "<카를_마르크스>",
                "ne_type": "",
                "e_type": "ELU",
                "en": 25,
                "eIdx": 1,
                "st": 16
            },
            {
                "ancestor": "",
                "keyword": "<블라디미르_레닌>",
                "ne_type": "",
                "e_type": "ELU",
                "en": 37,
                "eIdx": 2,
                "st": 27
            },
            {
                "ancestor": "",
                "keyword": "<이오시프_스탈린>",
                "ne_type": "",
                "e_type": "ELU",
                "en": 58,
                "eIdx": 3,
                "st": 48
            },
            {
                "ancestor": "",
                "keyword": "<나폴레옹_보나파르트>",
                "ne_type": "",
                "e_type": "ELU",
                "en": 79,
                "eIdx": 4,
                "st": 67
            },
            {
                "ancestor": "",
                "keyword": "<레프_트로츠키>",
                "ne_type": "",
                "e_type": "ELU",
                "en": 108,
                "eIdx": 5,
                "st": 99
            },
            {
                "ancestor": "",
                "keyword": "<돼지>",
                "ne_type": "",
                "e_type": "ELU",
                "en": 118,
                "eIdx": 6,
                "st": 114
            },
            {
                "ancestor": "",
                "keyword": "<눈덩이>",
                "ne_type": "",
                "e_type": "ELU",
                "en": 125,
                "eIdx": 7,
                "st": 120
            },
            {
                "ancestor": "",
                "keyword": "<이오시프_스탈린>",
                "ne_type": "",
                "e_type": "ELU",
                "en": 153,
                "eIdx": 8,
                "st": 143
            },
            {
                "ancestor": "",
                "keyword": "[개]",
                "ne_type": "",
                "e_type": "WIKILINK",
                "en": 165,
                "eIdx": 9,
                "st": 162
            },
            {
                "ancestor": "",
                "keyword": "[소련_공산당]",
                "ne_type": "",
                "e_type": "WIKILINK",
                "en": 177,
                "eIdx": 10,
                "st": 169
            },
            {
                "ancestor": "",
                "keyword": "[돼지]",
                "ne_type": "",
                "e_type": "WIKILINK",
                "en": 187,
                "eIdx": 11,
                "st": 183
            },
            {
                "ancestor": "",
                "keyword": "<인디아나_존스>",
                "ne_type": "",
                "e_type": "ELU",
                "en": 228,
                "eIdx": 12,
                "st": 219
            },
            {
                "ancestor": "",
                "keyword": "<이오시프_스탈린>",
                "ne_type": "",
                "e_type": "ELU",
                "en": 248,
                "eIdx": 13,
                "st": 238
            },
            {
                "ancestor": "",
                "keyword": "[민중]",
                "ne_type": "",
                "e_type": "WIKILINK",
                "en": 268,
                "eIdx": 14,
                "st": 264
            },
            {
                "ancestor": "",
                "keyword": "[양]",
                "ne_type": "",
                "e_type": "WIKILINK",
                "en": 273,
                "eIdx": 15,
                "st": 270
            },
            {
                "ancestor": "",
                "keyword": "[종교]",
                "ne_type": "",
                "e_type": "WIKILINK",
                "en": 279,
                "eIdx": 16,
                "st": 275
            },
            {
                "ancestor": "",
                "keyword": "<소련>",
                "ne_type": "",
                "e_type": "ELU",
                "en": 324,
                "eIdx": 17,
                "st": 320
            },
            {
                "ancestor": "",
                "keyword": "<나폴레옹_보나파르트>",
                "ne_type": "",
                "e_type": "ELU",
                "en": 352,
                "eIdx": 18,
                "st": 340
            },
            {
                "ancestor": "",
                "keyword": "[아돌프_히틀러]",
                "ne_type": "",
                "e_type": "WIKILINK",
                "en": 363,
                "eIdx": 19,
                "st": 354
            },
            {
                "ancestor": "",
                "keyword": "<눈덩이>",
                "ne_type": "",
                "e_type": "ELU",
                "en": 370,
                "eIdx": 20,
                "st": 365
            },
            {
                "ancestor": "",
                "keyword": "[에른스트_룀]",
                "ne_type": "",
                "e_type": "WIKILINK",
                "en": 380,
                "eIdx": 21,
                "st": 372
            },
            {
                "ancestor": "",
                "keyword": "[요제프_괴벨스]",
                "ne_type": "",
                "e_type": "WIKILINK",
                "en": 396,
                "eIdx": 22,
                "st": 387
            }
        ],
        "text": "<조지_오웰>은 이 작품에서 <카를_마르크스>와 <블라디미르_레닌>을 메이저 영감에, <이오시프_스탈린>은 독재자 돼지 <나폴레옹_보나파르트>(Napoleon)에, 그의 반대자 <레프_트로츠키>를 경쟁자 <돼지>인 <눈덩이>(Snowball)에 비유했다. <이오시프_스탈린>의 비밀 경찰은 [개], 옛 [소련_공산당]의 당원은 [돼지]로 비꼬았다. 또한, 쫓겨난 황제 니콜라이 2세는 농장주 <인디아나_존스>(Jones)로, <이오시프_스탈린>을 광신적으로 따르는 우매한 [민중]은 [양], [종교]는 까마귀에 비유했다. 그러나 굳이 '동물 농장'의 상징을 러시아 혁명과 <소련>으로만 한정할 필요는 없다. <나폴레옹_보나파르트>을 [아돌프_히틀러], <눈덩이>을 [에른스트_룀], 스퀼러를 [요제프_괴벨스]로 보아도 전혀 어색하지 않다. 어느 시대, 어느 정치에서도 그러한 인물들은 존재할 것이고, 그것은 근원적인 비극이면서 동시에 '동물 농장'이 가지는 현재적 의미이다.",
        "pIdx": 3
    },
    {
        "pronouns": [],
        "globalSId": [
            455894,
            455895,
            455896
        ],
        "wikiPageId": 48531,
        "entities": [
            {
                "ancestor": "",
                "keyword": "<조지_오웰>",
                "ne_type": "",
                "e_type": "ELU",
                "en": 7,
                "eIdx": 0,
                "st": 0
            },
            {
                "ancestor": "",
                "keyword": "[제2차_세계_대전]",
                "ne_type": "",
                "e_type": "WIKILINK",
                "en": 20,
                "eIdx": 1,
                "st": 9
            },
            {
                "ancestor": "",
                "keyword": "<영국>",
                "ne_type": "",
                "e_type": "ELU",
                "en": 28,
                "eIdx": 2,
                "st": 24
            },
            {
                "ancestor": "",
                "keyword": "<서문>",
                "ne_type": "",
                "e_type": "ELU",
                "en": 66,
                "eIdx": 3,
                "st": 62
            },
            {
                "ancestor": "",
                "keyword": "<서문>",
                "ne_type": "",
                "e_type": "ELU",
                "en": 81,
                "eIdx": 4,
                "st": 77
            },
            {
                "ancestor": "",
                "keyword": "<조지_오웰>",
                "ne_type": "",
                "e_type": "ELU",
                "en": 114,
                "eIdx": 5,
                "st": 107
            },
            {
                "ancestor": "",
                "keyword": "<소련>",
                "ne_type": "",
                "e_type": "ELU",
                "en": 139,
                "eIdx": 6,
                "st": 135
            },
            {
                "ancestor": "",
                "keyword": "<미국>",
                "ne_type": "",
                "e_type": "ELU",
                "en": 223,
                "eIdx": 7,
                "st": 219
            }
        ],
        "text": "<조지_오웰>은 [제2차_세계_대전] 직후 <영국>의 친소적 분위기 때문에 이 소설의 출간에 어려움을 겪었다고 <서문>에 쓴 바 있다(이 <서문>은 후에 발견된 것으로 원 작품집에는 없다). <조지_오웰>의 책들을 출간해주던 골란츠 출판사는 <소련>에 대해 무조건적으로 추종하였으므로 당연히 거절하였고 조나단 케이프사는 영국 관리의 전화를 받고 출판을 철회했다. 페이버 앤드 페이버 출판사와 <미국> 출판사 한 곳 역시 명료하지 않은 이유로 거절하여 결국 섹커 앤드 와버그 출판사에 의해 간신히 출간되었다.",
        "pIdx": 4
    },
    {
        "pronouns": [],
        "globalSId": [
            455897,
            455898,
            455899
        ],
        "wikiPageId": 48531,
        "entities": [
            {
                "ancestor": "",
                "keyword": "<조지_오웰>",
                "ne_type": "",
                "e_type": "ELU",
                "en": 14,
                "eIdx": 0,
                "st": 7
            },
            {
                "ancestor": "",
                "keyword": "<조지_오웰>",
                "ne_type": "",
                "e_type": "ELU",
                "en": 83,
                "eIdx": 1,
                "st": 76
            },
            {
                "ancestor": "",
                "keyword": "[1984년_(소설)]",
                "ne_type": "",
                "e_type": "WIKILINK",
                "en": 170,
                "eIdx": 2,
                "st": 158
            }
        ],
        "text": "동물 농장은 <조지_오웰>의 작품 중 유일하게 유머가 가득한 작품으로 봐도 좋은데 이것은 그의 부인 아일린 오쇼네시의 영향이라고 한다. <조지_오웰>은 그녀와 이런저런 의견을 교환하면서 동물 농장을 썼고 그 결과로 드물게 대중친화적인 작품이 나올 수 있었다. 오쇼네시 사후에 지어낸 [1984년_(소설)]는 동물 농장에 비해 훨씬 어두운 분위기로 가득 차 있다.",
        "pIdx": 5
    },
    {
        "pronouns": [],
        "globalSId": [
            455900
        ],
        "wikiPageId": 48531,
        "entities": [
            {
                "ancestor": "",
                "keyword": "[대한민국]",
                "ne_type": "",
                "e_type": "WIKILINK",
                "en": 6,
                "eIdx": 0,
                "st": 0
            },
            {
                "ancestor": "",
                "keyword": "<미군정>",
                "ne_type": "",
                "e_type": "ELU",
                "en": 14,
                "eIdx": 1,
                "st": 9
            },
            {
                "ancestor": "",
                "keyword": "[1948년]",
                "ne_type": "",
                "e_type": "WIKILINK",
                "en": 27,
                "eIdx": 2,
                "st": 20
            },
            {
                "ancestor": "",
                "keyword": "[김길준]",
                "ne_type": "",
                "e_type": "WIKILINK",
                "en": 33,
                "eIdx": 3,
                "st": 28
            }
        ],
        "text": "[대한민국]에는 <미군정>의 의뢰로 [1948년] [김길준](金吉俊)에 의해 처음으로 번역되어 소개되었다",
        "pIdx": 6
    },
    {
        "pronouns": [],
        "globalSId": [
            455901,
            455902,
            455903,
            455904,
            455905
        ],
        "wikiPageId": 48531,
        "entities": [
            {
                "ancestor": "",
                "keyword": "<자일대우버스>",
                "ne_type": "",
                "e_type": "ELU",
                "en": 35,
                "eIdx": 0,
                "st": 27
            },
            {
                "ancestor": "",
                "keyword": "<반란>",
                "ne_type": "",
                "e_type": "ELU",
                "en": 52,
                "eIdx": 1,
                "st": 48
            },
            {
                "ancestor": "",
                "keyword": "<반란>",
                "ne_type": "",
                "e_type": "ELU",
                "en": 84,
                "eIdx": 2,
                "st": 80
            },
            {
                "ancestor": "",
                "keyword": "<인디아나_존스>",
                "ne_type": "",
                "e_type": "ELU",
                "en": 105,
                "eIdx": 3,
                "st": 96
            },
            {
                "ancestor": "",
                "keyword": "<나폴레옹_보나파르트>",
                "ne_type": "",
                "e_type": "ELU",
                "en": 187,
                "eIdx": 4,
                "st": 175
            },
            {
                "ancestor": "",
                "keyword": "<눈덩이>",
                "ne_type": "",
                "e_type": "ELU",
                "en": 194,
                "eIdx": 5,
                "st": 189
            },
            {
                "ancestor": "",
                "keyword": "<의식_(심리철학)>",
                "ne_type": "",
                "e_type": "ELU",
                "en": 317,
                "eIdx": 6,
                "st": 306
            },
            {
                "ancestor": "",
                "keyword": "<사회>",
                "ne_type": "",
                "e_type": "ELU",
                "en": 363,
                "eIdx": 7,
                "st": 359
            }
        ],
        "text": "줄거리 장원 농장(매너 농장)에서 평소에 소홀한 <자일대우버스>를 받고 있던 가축들이 <반란>을 일으키라는 수퇘지 메이저 영감의 호소에 힘입어 <반란>을 일으킨다. 농장주 <인디아나_존스>와 관리인들을 내쫓고 동물들 스스로가 농장을 경영한다. 농장의 이름도 <동물 농장>으로 바꾼다. 비교적 지능이 발달한 돼지인 <나폴레옹_보나파르트>, <눈덩이>, 그리고 스퀼러의 지도와 계획 아래 모든 동물들은 평등한 동물 공화국 건설을 위해서 열심히 일하고 돼지들의 주도하에 일요회의도 열고 문맹 퇴치의 학습시간도 갖게 되어 말과 오리새끼에 이르기까지 주인 <의식_(심리철학)>을 갖고 농장의 운영에 참여하게 되어 그야말로 평등의 이념에 입각한 이상적 <사회>가 되는 것이다.",
        "pIdx": 7
    },
    {
        "pronouns": [],
        "globalSId": [
            455906,
            455907,
            455908,
            455909,
            455910,
            455911
        ],
        "wikiPageId": 48531,
        "entities": [
            {
                "ancestor": "",
                "keyword": "<사이>",
                "ne_type": "",
                "e_type": "ELU",
                "en": 23,
                "eIdx": 0,
                "st": 19
            },
            {
                "ancestor": "",
                "keyword": "<눈덩이>",
                "ne_type": "",
                "e_type": "ELU",
                "en": 49,
                "eIdx": 1,
                "st": 44
            },
            {
                "ancestor": "",
                "keyword": "<나폴레옹_보나파르트>",
                "ne_type": "",
                "e_type": "ELU",
                "en": 63,
                "eIdx": 2,
                "st": 51
            },
            {
                "ancestor": "",
                "keyword": "<나폴레옹_보나파르트>",
                "ne_type": "",
                "e_type": "ELU",
                "en": 86,
                "eIdx": 3,
                "st": 74
            },
            {
                "ancestor": "",
                "keyword": "<나폴레옹_보나파르트>",
                "ne_type": "",
                "e_type": "ELU",
                "en": 221,
                "eIdx": 4,
                "st": 209
            },
            {
                "ancestor": "",
                "keyword": "<나폴레옹_보나파르트>",
                "ne_type": "",
                "e_type": "ELU",
                "en": 256,
                "eIdx": 5,
                "st": 244
            },
            {
                "ancestor": "",
                "keyword": "<눈덩이>",
                "ne_type": "",
                "e_type": "ELU",
                "en": 266,
                "eIdx": 6,
                "st": 261
            },
            {
                "ancestor": "",
                "keyword": "<인디아나_존스>",
                "ne_type": "",
                "e_type": "ELU",
                "en": 312,
                "eIdx": 7,
                "st": 303
            },
            {
                "ancestor": "",
                "keyword": "<눈덩이>",
                "ne_type": "",
                "e_type": "ELU",
                "en": 333,
                "eIdx": 8,
                "st": 328
            },
            {
                "ancestor": "",
                "keyword": "<낙인>",
                "ne_type": "",
                "e_type": "ELU",
                "en": 345,
                "eIdx": 9,
                "st": 341
            }
        ],
        "text": "그런데 풍차 건설을 계기로 동물들 <사이>의 권력 투쟁이 노출된다. 이상주의자 <눈덩이>은 <나폴레옹_보나파르트>에 의해 축출된다. <나폴레옹_보나파르트>은 간교한 스퀼러를 대변자로 내세워 동물들을 설득도 하고 조작도 하며 개 9마리를 앞장 세워 공포 분위기를 조성함으로써 완전한 독재 체제를 세운다. 농장 운영의 방침도 바뀌어 중의를 모으던 일요회의도 폐지되고 모든 일은 <나폴레옹_보나파르트>과 그의 측근들이 임의로 결정하게 된다. <나폴레옹_보나파르트>은 원래 <눈덩이>의 계획이었던 풍차의 건설을 빙자해서 동물들의 자유를 허물어뜨리고 <인디아나_존스>가 다시 쳐들어온다는 위험, <눈덩이>에 대한 반동 <낙인>, 동물들의 내적 불만을 외적인 공포 분위기로 제압한다. 돼지들은 불평하거나 항의하는 동물을 첩자로 몰아 숙청하기도 하고 옛날처럼 작업량을 늘이고 식량 배급을 줄이기로 한다.",
        "pIdx": 8
    },
    {
        "pronouns": [],
        "globalSId": [
            455912,
            455913,
            455914,
            455915,
            455916,
            455917
        ],
        "wikiPageId": 48531,
        "entities": [
            {
                "ancestor": "",
                "keyword": "<나폴레옹_보나파르트>",
                "ne_type": "",
                "e_type": "ELU",
                "en": 16,
                "eIdx": 0,
                "st": 4
            },
            {
                "ancestor": "",
                "keyword": "<이사_(법인)>",
                "ne_type": "",
                "e_type": "ELU",
                "en": 90,
                "eIdx": 1,
                "st": 81
            },
            {
                "ancestor": "",
                "keyword": "<사회>",
                "ne_type": "",
                "e_type": "ELU",
                "en": 191,
                "eIdx": 2,
                "st": 187
            },
            {
                "ancestor": "",
                "keyword": "<동원>",
                "ne_type": "",
                "e_type": "ELU",
                "en": 265,
                "eIdx": 3,
                "st": 261
            },
            {
                "ancestor": "",
                "keyword": "<다리_(토목)>",
                "ne_type": "",
                "e_type": "ELU",
                "en": 366,
                "eIdx": 4,
                "st": 357
            }
        ],
        "text": "반면에 <나폴레옹_보나파르트>을 둘러싼 지배계급은 존스 시대의 인간보다 더 사치스러운 생활 속에서 호의호식한다. 그들은 존스 부부가 살던 집으로 <이사_(법인)>해서 술을 마시고 침대에서 자며 옷을 걸쳐입고 자신들의 자녀들을 위한 교실을 짓고 심지어는 자신들의 적인 인간들과 상거래를 트고 돈을 만지기 시작한다. <동물 농장>은 인간 <사회>의 악폐라고 주정하던 그 상태로 돌아가고 만다. 결국 이상적인 사회를 꿈꾸던 혁명은 완전히 실패하고 정책마다 위협과 명분만이 <동원>될 뿐이었다. 7계명도 수정되고 우직할 정도로 성실하게 일만 하던 복서는 인간의 도살장에 팔렸고 마침내 그들은 두 다리로 서서 채찍을 들고 동물들을 감시한다. \"네 <다리_(토목)>는 좋고 두 다리는 나쁘다\"던 구호는 \"네 다리는 좋고 두 다리는 더욱 좋다\"는 구호로 둔갑을 했고, '모든 동물들은 평등하다'는 구호는 '어떤 동물들은 더욱 평등하다'로 바뀐 것이다.",
        "pIdx": 9
    },
    {
        "pronouns": [],
        "globalSId": [
            455918,
            455919,
            455920,
            455921,
            455922,
            455923,
            455924
        ],
        "wikiPageId": 48531,
        "entities": [
            {
                "ancestor": "",
                "keyword": "<인디아나_존스>",
                "ne_type": "",
                "e_type": "ELU",
                "en": 51,
                "eIdx": 0,
                "st": 42
            },
            {
                "ancestor": "",
                "keyword": "[스노볼]",
                "ne_type": "",
                "e_type": "WIKILINK",
                "en": 84,
                "eIdx": 1,
                "st": 79
            },
            {
                "ancestor": "",
                "keyword": "[율리우스_카이사르]",
                "ne_type": "",
                "e_type": "WIKILINK",
                "en": 97,
                "eIdx": 2,
                "st": 86
            },
            {
                "ancestor": "",
                "keyword": "<군사작전>",
                "ne_type": "",
                "e_type": "ELU",
                "en": 114,
                "eIdx": 3,
                "st": 108
            },
            {
                "ancestor": "",
                "keyword": "<정신>",
                "ne_type": "",
                "e_type": "ELU",
                "en": 161,
                "eIdx": 4,
                "st": 157
            },
            {
                "ancestor": "",
                "keyword": "<눈덩이>",
                "ne_type": "",
                "e_type": "ELU",
                "en": 288,
                "eIdx": 5,
                "st": 283
            },
            {
                "ancestor": "",
                "keyword": "<눈덩이>",
                "ne_type": "",
                "e_type": "ELU",
                "en": 309,
                "eIdx": 6,
                "st": 304
            },
            {
                "ancestor": "",
                "keyword": "<부상_(몸)>",
                "ne_type": "",
                "e_type": "ELU",
                "en": 322,
                "eIdx": 7,
                "st": 314
            },
            {
                "ancestor": "",
                "keyword": "[복서_(동물_농장)]",
                "ne_type": "",
                "e_type": "WIKILINK",
                "en": 384,
                "eIdx": 8,
                "st": 372
            },
            {
                "ancestor": "",
                "keyword": "<눈덩이>",
                "ne_type": "",
                "e_type": "ELU",
                "en": 402,
                "eIdx": 9,
                "st": 397
            },
            {
                "ancestor": "",
                "keyword": "<훈장>",
                "ne_type": "",
                "e_type": "ELU",
                "en": 435,
                "eIdx": 10,
                "st": 431
            },
            {
                "ancestor": "",
                "keyword": "<훈장>",
                "ne_type": "",
                "e_type": "ELU",
                "en": 461,
                "eIdx": 11,
                "st": 457
            }
        ],
        "text": "외양간 전투 동물 농장 주위에는 핀치필드 농장과 폭스우드 농장이 있었는데, <인디아나_존스>는 두 농장에게 힘을 빌려 동물 농장을 침입했다. [스노볼]은 [율리우스_카이사르]에 대한 책을 읽고 <군사작전>이 떠올랐는데, 제1차 공격은 36마리의 비둘기가 인간들 머리 위에 똥을 싸 <정신>을 잃을 때 제2차 공격을 시작했는데, 울타리에서 숨어있던 거위떼가 몰려와 인간들의 종아리를 물어뜯었다. 또 인간들이 도망치려다 말과 암소, 돼지들이 몰려와서 마당 입구를 막아 버렸다. 어쩔 수 없이 인간들은 총을 쏴 <눈덩이>의 등 쪽에 살짝 스쳐 가서 <눈덩이>이 등에 <부상_(몸)>을 입었고, 스노볼 옆에 있던 양이 죽고 말았다. 하지만 인간은 크게 져 도망갔다. 특히 [복서_(동물_농장)]는 아주 열심히 싸웠고 <눈덩이>은 전투를 이길 수 있는 작전을 세웠으니 1등 동물 <훈장>을 수여했고, 죽은 양에게는 2등 동물 <훈장>을 추서했다.",
        "pIdx": 10
    }
]