[
    {
        "pronouns": [],
        "globalSId": [
            1380184,
            1380185
        ],
        "wikiPageId": 237835,
        "entities": [
            {
                "ancestor": "",
                "keyword": "<이키토스>",
                "ne_type": "",
                "e_type": "ELU",
                "en": 6,
                "eIdx": 0,
                "st": 0
            },
            {
                "ancestor": "",
                "keyword": "[페루]",
                "ne_type": "",
                "e_type": "WIKILINK",
                "en": 14,
                "eIdx": 1,
                "st": 10
            }
        ],
        "text": "<이키토스>()는 [페루]에 있는 도시이다. 인구는 370,962명이다.",
        "pIdx": 1
    }
]