[
    {
        "pronouns": [],
        "globalSId": [
            407604,
            407605
        ],
        "wikiPageId": 43203,
        "entities": [
            {
                "ancestor": "",
                "keyword": "[1657년]",
                "ne_type": "",
                "e_type": "WIKILINK",
                "en": 7,
                "eIdx": 0,
                "st": 0
            },
            {
                "ancestor": "",
                "keyword": "[8월]",
                "ne_type": "",
                "e_type": "WIKILINK",
                "en": 35,
                "eIdx": 1,
                "st": 31
            },
            {
                "ancestor": "",
                "keyword": "[정유봉사]",
                "ne_type": "",
                "e_type": "WIKILINK",
                "en": 43,
                "eIdx": 2,
                "st": 37
            },
            {
                "ancestor": "",
                "keyword": "<송시열>",
                "ne_type": "",
                "e_type": "ELU",
                "en": 76,
                "eIdx": 3,
                "st": 71
            },
            {
                "ancestor": "",
                "keyword": "<동명성왕>",
                "ne_type": "",
                "e_type": "ELU",
                "en": 97,
                "eIdx": 4,
                "st": 91
            }
        ],
        "text": "[1657년] 찬선(贊善)에 임명되었으나 사양하고 그해 [8월]에 [정유봉사](丁酉封事)를 올려 '시무 19조'를 건의하였다. <송시열>은 〈정유봉사〉에서 북벌을 <동명성왕>하기 위해서는 양민이 우선이고, 기강을 진작해야 하며, 군주의 사치를 억제해야 함을 강조하였다.",
        "pIdx": 33
    },
    {
        "pronouns": [],
        "globalSId": [
            407606,
            407607,
            407608
        ],
        "wikiPageId": 43203,
        "entities": [
            {
                "ancestor": "",
                "keyword": "<현재>",
                "ne_type": "",
                "e_type": "ELU",
                "en": 144,
                "eIdx": 0,
                "st": 140
            }
        ],
        "text": "5조에서 군정을 서두르지 말고 민심을 얻는 것을 우선으로 해야 할 것임을 지적하였다. “민심의 원고는 부역의 번거로움 때문이고, 이는 용도의 무절제함에서 말미암은 것이니 쓸데없는 경비를 옮겨 양병의 자본으로 삼으면 오랑캐의 효시할 수 있다”하면서, “<현재>의 급선무는 양민 · 양병하는 것”이라 하였다. 먼저 민생안정이 이루어지면 양병도 따라올 것이라는 의미이다.",
        "pIdx": 34
    },
    {
        "pronouns": [],
        "globalSId": [
            407609,
            407610
        ],
        "wikiPageId": 43203,
        "entities": [
            {
                "ancestor": "",
                "keyword": "<강하면>",
                "ne_type": "",
                "e_type": "ELU",
                "en": 17,
                "eIdx": 0,
                "st": 12
            },
            {
                "ancestor": "",
                "keyword": "<정신>",
                "ne_type": "",
                "e_type": "ELU",
                "en": 22,
                "eIdx": 1,
                "st": 18
            },
            {
                "ancestor": "",
                "keyword": "<도성>",
                "ne_type": "",
                "e_type": "ELU",
                "en": 131,
                "eIdx": 2,
                "st": 127
            },
            {
                "ancestor": "",
                "keyword": "<사리>",
                "ne_type": "",
                "e_type": "ELU",
                "en": 149,
                "eIdx": 3,
                "st": 145
            }
        ],
        "text": "14조에서는 “근본이 <강하면> <정신>이 적을 대적할 수 있고, 강하지 않으면 재앙을 초래한다.”는 주자의 말을 인용하여, 기강이 해이함을 지적하였다. 특히 군률이 엄하지 않음을 걱정하면서, 금위군이 교만하고 사나우며, 항상 <도성>에 모여 있어 매우 온편 <사리>에 맞고 원만하다.",
        "pIdx": 35
    },
    {
        "pronouns": [],
        "globalSId": [
            407611
        ],
        "wikiPageId": 43203,
        "entities": [],
        "text": "하지 않음을 언급하였다.",
        "pIdx": 36
    },
    {
        "pronouns": [],
        "globalSId": [
            407612,
            407613,
            407614,
            407615,
            407616,
            407617,
            407618,
            407619
        ],
        "wikiPageId": 43203,
        "entities": [
            {
                "ancestor": "",
                "keyword": "<조선_효종>",
                "ne_type": "",
                "e_type": "ELU",
                "en": 72,
                "eIdx": 0,
                "st": 65
            },
            {
                "ancestor": "",
                "keyword": "<와신상담>",
                "ne_type": "",
                "e_type": "ELU",
                "en": 80,
                "eIdx": 1,
                "st": 74
            },
            {
                "ancestor": "",
                "keyword": "<희빈_장씨>",
                "ne_type": "",
                "e_type": "ELU",
                "en": 177,
                "eIdx": 2,
                "st": 170
            },
            {
                "ancestor": "",
                "keyword": "<강조>",
                "ne_type": "",
                "e_type": "ELU",
                "en": 236,
                "eIdx": 3,
                "st": 232
            },
            {
                "ancestor": "",
                "keyword": "<현암사>",
                "ne_type": "",
                "e_type": "ELU",
                "en": 261,
                "eIdx": 4,
                "st": 256
            },
            {
                "ancestor": "",
                "keyword": "<전하>",
                "ne_type": "",
                "e_type": "ELU",
                "en": 271,
                "eIdx": 5,
                "st": 267
            },
            {
                "ancestor": "",
                "keyword": "<조선_효종>",
                "ne_type": "",
                "e_type": "ELU",
                "en": 443,
                "eIdx": 6,
                "st": 436
            }
        ],
        "text": "군주의 사치를 경계하는 부분은 여러 조항에서 보이고 있다. 대내의 공주의 저택이 호사스러움을 지적하며, 이러한 일은 <조선_효종>이 <와신상담>의 뜻은 없고 안일에 빠져 헤어나오지 못하는 것으로 비춰질 수 있는 문제이기 때문에 뜻 있는 자들의 맥이 풀려버릴 것을 걱정하며 군주의 반성을 촉구하였다. 또한 <희빈_장씨>, 공주들과 함께 풍성함과 사치를 즐김은 성상의 마음이 방탕한 바이며 아랫사람을 단속할 수 없음을 <강조>하고 있다. 이는 또 산림에 은둔한 <현암사>로 하여금 <전하>께서 원대한 염려를 잊은 것으로 의심하게 되어 대궐에 나가고 싶어하지 않게 하는 이유라 하였다. 여기서 산림을 언급한 것은 바꾸어 말하면 효정의 ‘원대한 염려’를 도울 이는 바로 산림세력임을 의미하는 것이다. 결국 북벌의 추진에 조야의 도움을 받으려면 군주의 검소함이 우선되어야 한다는 것이다. <조선_효종>의 사치함에 대한 질책은 재이 재앙이 되는 괴이한 일. 천재(天災)와 지이(地異)를 아울러 이르는 말.",
        "pIdx": 37
    },
    {
        "pronouns": [],
        "globalSId": [
            407620
        ],
        "wikiPageId": 43203,
        "entities": [],
        "text": "에 대한 군주의 책임전가에까지 미치고 있다.",
        "pIdx": 38
    },
    {
        "pronouns": [],
        "globalSId": [
            407621,
            407622,
            407623,
            407624,
            407625,
            407626,
            407627
        ],
        "wikiPageId": 43203,
        "entities": [
            {
                "ancestor": "",
                "keyword": "<송시열>",
                "ne_type": "",
                "e_type": "ELU",
                "en": 14,
                "eIdx": 0,
                "st": 9
            },
            {
                "ancestor": "",
                "keyword": "<송시열>",
                "ne_type": "",
                "e_type": "ELU",
                "en": 52,
                "eIdx": 1,
                "st": 47
            },
            {
                "ancestor": "",
                "keyword": "<강조>",
                "ne_type": "",
                "e_type": "ELU",
                "en": 82,
                "eIdx": 2,
                "st": 78
            },
            {
                "ancestor": "",
                "keyword": "<인도>",
                "ne_type": "",
                "e_type": "ELU",
                "en": 104,
                "eIdx": 3,
                "st": 100
            },
            {
                "ancestor": "",
                "keyword": "<인도>",
                "ne_type": "",
                "e_type": "ELU",
                "en": 116,
                "eIdx": 4,
                "st": 112
            },
            {
                "ancestor": "",
                "keyword": "<국가>",
                "ne_type": "",
                "e_type": "ELU",
                "en": 128,
                "eIdx": 5,
                "st": 124
            },
            {
                "ancestor": "",
                "keyword": "<조선_효종>",
                "ne_type": "",
                "e_type": "ELU",
                "en": 150,
                "eIdx": 6,
                "st": 143
            },
            {
                "ancestor": "",
                "keyword": "<내세>",
                "ne_type": "",
                "e_type": "ELU",
                "en": 164,
                "eIdx": 7,
                "st": 160
            },
            {
                "ancestor": "",
                "keyword": "<전하>",
                "ne_type": "",
                "e_type": "ELU",
                "en": 170,
                "eIdx": 8,
                "st": 166
            },
            {
                "ancestor": "",
                "keyword": "<부여>",
                "ne_type": "",
                "e_type": "ELU",
                "en": 185,
                "eIdx": 9,
                "st": 181
            },
            {
                "ancestor": "",
                "keyword": "<왕도_(드라마)>",
                "ne_type": "",
                "e_type": "ELU",
                "en": 222,
                "eIdx": 10,
                "st": 212
            },
            {
                "ancestor": "",
                "keyword": "<통일>",
                "ne_type": "",
                "e_type": "ELU",
                "en": 269,
                "eIdx": 11,
                "st": 265
            },
            {
                "ancestor": "",
                "keyword": "<부여>",
                "ne_type": "",
                "e_type": "ELU",
                "en": 292,
                "eIdx": 12,
                "st": 288
            },
            {
                "ancestor": "",
                "keyword": "<공자>",
                "ne_type": "",
                "e_type": "ELU",
                "en": 300,
                "eIdx": 13,
                "st": 296
            },
            {
                "ancestor": "",
                "keyword": "<주장_(축구)>",
                "ne_type": "",
                "e_type": "ELU",
                "en": 325,
                "eIdx": 14,
                "st": 316
            },
            {
                "ancestor": "",
                "keyword": "<송시열>",
                "ne_type": "",
                "e_type": "ELU",
                "en": 344,
                "eIdx": 15,
                "st": 339
            },
            {
                "ancestor": "",
                "keyword": "<왕도_(드라마)>",
                "ne_type": "",
                "e_type": "ELU",
                "en": 368,
                "eIdx": 16,
                "st": 358
            },
            {
                "ancestor": "",
                "keyword": "<조선_효종>",
                "ne_type": "",
                "e_type": "ELU",
                "en": 391,
                "eIdx": 17,
                "st": 384
            },
            {
                "ancestor": "",
                "keyword": "<송시열>",
                "ne_type": "",
                "e_type": "ELU",
                "en": 473,
                "eIdx": 18,
                "st": 468
            },
            {
                "ancestor": "",
                "keyword": "<성리학>",
                "ne_type": "",
                "e_type": "ELU",
                "en": 480,
                "eIdx": 19,
                "st": 475
            },
            {
                "ancestor": "",
                "keyword": "<성리학>",
                "ne_type": "",
                "e_type": "ELU",
                "en": 495,
                "eIdx": 20,
                "st": 490
            },
            {
                "ancestor": "",
                "keyword": "<조선_효종>",
                "ne_type": "",
                "e_type": "ELU",
                "en": 522,
                "eIdx": 21,
                "st": 515
            },
            {
                "ancestor": "",
                "keyword": "<강조>",
                "ne_type": "",
                "e_type": "ELU",
                "en": 594,
                "eIdx": 22,
                "st": 590
            },
            {
                "ancestor": "",
                "keyword": "<송시열>",
                "ne_type": "",
                "e_type": "ELU",
                "en": 607,
                "eIdx": 23,
                "st": 602
            },
            {
                "ancestor": "",
                "keyword": "<성리학>",
                "ne_type": "",
                "e_type": "ELU",
                "en": 666,
                "eIdx": 24,
                "st": 661
            },
            {
                "ancestor": "",
                "keyword": "<사상구>",
                "ne_type": "",
                "e_type": "ELU",
                "en": 673,
                "eIdx": 25,
                "st": 668
            }
        ],
        "text": "〈정유봉사〉에서 <송시열>의 강조하는 바는 8조와 19조에 집약되어 나타나고 있다. <송시열>은 〈기축봉사〉 에서와 마찬가지로 춘추대일통을 <강조>하면서, 대통이 분명하지 못하면 <인도>가 어지럽고, <인도>가 어지러우면 <국가>가 망할 것이라 염려하며, <조선_효종>의 재위에 대해 \"<내세>이 <전하>에게 신성한 왕위를 <부여>해 주신 이유는 장차 왕리를 잡아 인심을 바루고 <왕도_(드라마)>를 밝혀 민극(백성의 중도)을 세우며, 사설을 배척하며 사추(선비의 추향)를 <통일>시키도록 한 것입니다\"라고 의미를 <부여>하고, <공자> · 주자의 공을 이을 것을 <주장_(축구)>하였다. 여기에서 드러난 <송시열>의 강조점은 ‘인심’과 ‘<왕도_(드라마)>’ 그리고 ‘사추’에 있다. <조선_효종>의 재위는 양민하고 왕도정치를 하는 데에 그 의의가 있는 것이며, 선비를 추향함으로써 정통의 설을 바로 세우기 위함이라는 것이다. 여기서 <송시열>이 <성리학>을 신봉하는 골수 <성리학>임을 다시 한 번 확인할 수 있고, <조선_효종>의 통치는 왕도정치의 틀 안에서 이루어져야 한다는 의미가 내포되어 있음을 알 수 있다. 이것은 곧 사림정치의 도학 실천을 <강조>하는 것으로, <송시열>의 저의가 어디에 있는 것인지 짐작해 볼 수 있는 대목이다. 이러한 그의 생각은 북벌에 있어서도 <성리학>적 <사상구>의 틀 안에서 관념으로 흐르게 되는 것이다.",
        "pIdx": 39
    },
    {
        "pronouns": [],
        "globalSId": [
            407628,
            407629,
            407630
        ],
        "wikiPageId": 43203,
        "entities": [
            {
                "ancestor": "",
                "keyword": "<조정>",
                "ne_type": "",
                "e_type": "ELU",
                "en": 23,
                "eIdx": 0,
                "st": 19
            },
            {
                "ancestor": "",
                "keyword": "<손>",
                "ne_type": "",
                "e_type": "ELU",
                "en": 53,
                "eIdx": 1,
                "st": 50
            },
            {
                "ancestor": "",
                "keyword": "<강조>",
                "ne_type": "",
                "e_type": "ELU",
                "en": 115,
                "eIdx": 2,
                "st": 111
            },
            {
                "ancestor": "",
                "keyword": "<주루>",
                "ne_type": "",
                "e_type": "ELU",
                "en": 129,
                "eIdx": 3,
                "st": 125
            },
            {
                "ancestor": "",
                "keyword": "<요_(군주)>",
                "ne_type": "",
                "e_type": "ELU",
                "en": 143,
                "eIdx": 4,
                "st": 135
            },
            {
                "ancestor": "",
                "keyword": "<도가>",
                "ne_type": "",
                "e_type": "ELU",
                "en": 154,
                "eIdx": 5,
                "st": 150
            },
            {
                "ancestor": "",
                "keyword": "<주장_(축구)>",
                "ne_type": "",
                "e_type": "ELU",
                "en": 172,
                "eIdx": 6,
                "st": 163
            },
            {
                "ancestor": "",
                "keyword": "<내세>",
                "ne_type": "",
                "e_type": "ELU",
                "en": 191,
                "eIdx": 7,
                "st": 187
            },
            {
                "ancestor": "",
                "keyword": "<조선_효종>",
                "ne_type": "",
                "e_type": "ELU",
                "en": 238,
                "eIdx": 8,
                "st": 231
            },
            {
                "ancestor": "",
                "keyword": "<강화군>",
                "ne_type": "",
                "e_type": "ELU",
                "en": 256,
                "eIdx": 9,
                "st": 251
            }
        ],
        "text": "마지막 조에서는 “사욕을 극복하여 <조정>을 바로잡아야 하며, 회복에 뜻을 둔 자는 결코 <손>을 치고 칼을 어루만지는 것에 뜻을 두지 않는다”고 한 〈기축봉사〉 의 내용을 다시 언급하며 이를 재차 <강조>하고 있다. 또한 <주루>의 글속에 <요_(군주)> · 공맹의 <도가> 담겨져 있음을 <주장_(축구)>하며, “덕업을 높임으로써 <내세>이 크게 명한 마음과 선왕의 부탁한 뜻에 부응할 것”을 당부하였다. 즉 <조선_효종>이 유념할 것은 군사력 <강화군>가 아니라 군주의 마음을 바로잡는 것이니, 덕업을 쌓는데 매진하라는 것이다.",
        "pIdx": 40
    },
    {
        "pronouns": [],
        "globalSId": [
            407631,
            407632,
            407633,
            407634
        ],
        "wikiPageId": 43203,
        "entities": [
            {
                "ancestor": "",
                "keyword": "[1658년]",
                "ne_type": "",
                "e_type": "WIKILINK",
                "en": 7,
                "eIdx": 0,
                "st": 0
            },
            {
                "ancestor": "",
                "keyword": "[찬선]",
                "ne_type": "",
                "e_type": "WIKILINK",
                "en": 15,
                "eIdx": 1,
                "st": 11
            },
            {
                "ancestor": "",
                "keyword": "[예조]",
                "ne_type": "",
                "e_type": "WIKILINK",
                "en": 32,
                "eIdx": 2,
                "st": 28
            },
            {
                "ancestor": "",
                "keyword": "[참판]",
                "ne_type": "",
                "e_type": "WIKILINK",
                "en": 37,
                "eIdx": 3,
                "st": 33
            },
            {
                "ancestor": "",
                "keyword": "<소명>",
                "ne_type": "",
                "e_type": "ELU",
                "en": 67,
                "eIdx": 4,
                "st": 63
            },
            {
                "ancestor": "",
                "keyword": "<상경_용천부>",
                "ne_type": "",
                "e_type": "ELU",
                "en": 82,
                "eIdx": 5,
                "st": 74
            },
            {
                "ancestor": "",
                "keyword": "<조선_효종>",
                "ne_type": "",
                "e_type": "ELU",
                "en": 94,
                "eIdx": 6,
                "st": 87
            },
            {
                "ancestor": "",
                "keyword": "[이조]",
                "ne_type": "",
                "e_type": "WIKILINK",
                "en": 159,
                "eIdx": 7,
                "st": 155
            },
            {
                "ancestor": "",
                "keyword": "[판서]",
                "ne_type": "",
                "e_type": "WIKILINK",
                "en": 163,
                "eIdx": 8,
                "st": 159
            },
            {
                "ancestor": "",
                "keyword": "[10월]",
                "ne_type": "",
                "e_type": "WIKILINK",
                "en": 174,
                "eIdx": 9,
                "st": 169
            },
            {
                "ancestor": "",
                "keyword": "[조선_효종]",
                "ne_type": "",
                "e_type": "WIKILINK",
                "en": 183,
                "eIdx": 10,
                "st": 176
            },
            {
                "ancestor": "",
                "keyword": "<모자>",
                "ne_type": "",
                "e_type": "ELU",
                "en": 207,
                "eIdx": 11,
                "st": 203
            },
            {
                "ancestor": "",
                "keyword": "<조선_효종>",
                "ne_type": "",
                "e_type": "ELU",
                "en": 248,
                "eIdx": 12,
                "st": 241
            },
            {
                "ancestor": "",
                "keyword": "<조선_효종>",
                "ne_type": "",
                "e_type": "ELU",
                "en": 299,
                "eIdx": 13,
                "st": 292
            },
            {
                "ancestor": "",
                "keyword": "<죽음>",
                "ne_type": "",
                "e_type": "ELU",
                "en": 309,
                "eIdx": 14,
                "st": 305
            },
            {
                "ancestor": "",
                "keyword": "<부상_(몸)>",
                "ne_type": "",
                "e_type": "ELU",
                "en": 354,
                "eIdx": 15,
                "st": 346
            }
        ],
        "text": "[1658년] 다시 [찬선]에 등용, 이조 참의, [예조] [참판]에 임명되어 사양하였으나 특지(特旨)를 내리자 <소명>(召命)하여 <상경_용천부>하였다. <조선_효종>의 간곡한 부탁에 따라 이해 7월 6년 만에 다시 찬선에 임명되어 벼슬길에 나왔고, 9월에 특명으로 차헌대부 [이조][판서]로 승진, [10월]에 [조선_효종]이 특별 선물로 그에게 초피(貂皮) <모자>를 주었다. 그는 황송한 것이라며 차자를 올려 사양하였으나, <조선_효종>은 당상관에게 초피모자를 주는 전례를 들어 윤허하지 않았다. 이후 1659년에 <조선_효종>이 갑자기 <죽음>할 때까지 절대적인 신임 속에 북벌계획을 추진하는 핵심적인 인물로 <부상_(몸)>하였다.",
        "pIdx": 41
    },
    {
        "pronouns": [],
        "globalSId": [
            407635,
            407636,
            407637,
            407638,
            407639
        ],
        "wikiPageId": 43203,
        "entities": [
            {
                "ancestor": "",
                "keyword": "<모임_(집합론)>",
                "ne_type": "",
                "e_type": "ELU",
                "en": 20,
                "eIdx": 0,
                "st": 10
            },
            {
                "ancestor": "",
                "keyword": "[윤휴]",
                "ne_type": "",
                "e_type": "WIKILINK",
                "en": 25,
                "eIdx": 1,
                "st": 21
            },
            {
                "ancestor": "",
                "keyword": "<주희>",
                "ne_type": "",
                "e_type": "ELU",
                "en": 31,
                "eIdx": 2,
                "st": 27
            },
            {
                "ancestor": "",
                "keyword": "<주희>",
                "ne_type": "",
                "e_type": "ELU",
                "en": 65,
                "eIdx": 3,
                "st": 61
            },
            {
                "ancestor": "",
                "keyword": "<중용>",
                "ne_type": "",
                "e_type": "ELU",
                "en": 105,
                "eIdx": 4,
                "st": 101
            },
            {
                "ancestor": "",
                "keyword": "<주희>",
                "ne_type": "",
                "e_type": "ELU",
                "en": 114,
                "eIdx": 5,
                "st": 110
            },
            {
                "ancestor": "",
                "keyword": "[윤휴]",
                "ne_type": "",
                "e_type": "WIKILINK",
                "en": 132,
                "eIdx": 6,
                "st": 128
            },
            {
                "ancestor": "",
                "keyword": "<주희>",
                "ne_type": "",
                "e_type": "ELU",
                "en": 158,
                "eIdx": 7,
                "st": 154
            },
            {
                "ancestor": "",
                "keyword": "<불교의_우주론>",
                "ne_type": "",
                "e_type": "ELU",
                "en": 185,
                "eIdx": 8,
                "st": 176
            },
            {
                "ancestor": "",
                "keyword": "<공자>",
                "ne_type": "",
                "e_type": "ELU",
                "en": 296,
                "eIdx": 9,
                "st": 292
            },
            {
                "ancestor": "",
                "keyword": "<송시열>",
                "ne_type": "",
                "e_type": "ELU",
                "en": 322,
                "eIdx": 10,
                "st": 317
            },
            {
                "ancestor": "",
                "keyword": "<윤휴>",
                "ne_type": "",
                "e_type": "ELU",
                "en": 328,
                "eIdx": 11,
                "st": 324
            },
            {
                "ancestor": "",
                "keyword": "<윤휴>",
                "ne_type": "",
                "e_type": "ELU",
                "en": 362,
                "eIdx": 12,
                "st": 358
            },
            {
                "ancestor": "",
                "keyword": "<소>",
                "ne_type": "",
                "e_type": "ELU",
                "en": 371,
                "eIdx": 13,
                "st": 368
            },
            {
                "ancestor": "",
                "keyword": "<주장_(축구)>",
                "ne_type": "",
                "e_type": "ELU",
                "en": 387,
                "eIdx": 14,
                "st": 378
            }
        ],
        "text": "황산서원과 동학사 <모임_(집합론)> [윤휴]는 <주희>의 학설에 맹목적으로 추종하는 태도를 배격하고 오히려 <주희>와 대등한 입장에서 독자적으로 경전을 해석하는 방향으로 나갔다. <중용>에 대한 <주희>의 주석의 오류를 찾아낸 [윤휴]는 자기가 새로 주석하여 가르친다거나, <주희>의 학설이라도 틀릴 수 있다, \"<불교의_우주론>의 이치를 어찌 주자 혼자만 안단 말인가? 주자는 내 학설을 인정하지 않겠지만, 공자가 살아온다면 내 학설이 이길 것이다\" \"공자라 할지라도 잘못된 것은 잘못되었다고 해야 한다. 내가 보기에 <공자>도 잘못된 것이 있다\" 라고 하였다. <송시열>은 <윤휴>에게 선현을 모독하는 행위라며 중단할 것을 촉구했으나 <윤휴>는 오히려 <소>의 정당성을 <주장_(축구)>했다.",
        "pIdx": 42
    }
]