[
    {
        "globalSId": [
            2155176,
            2155177,
            2155178,
            2155179
        ],
        "pronouns": [
            {
                "proIdx": 0,
                "ancestor": "",
                "en": 200,
                "st": 198,
                "keyword": "그의"
            },
            {
                "proIdx": 1,
                "ancestor": "",
                "en": 211,
                "st": 198,
                "keyword": "그의 동복 큰아버지였다."
            },
            {
                "proIdx": 2,
                "ancestor": "",
                "en": 218,
                "st": 212,
                "keyword": "다른 별칭은"
            }
        ],
        "wikiPageId": 489160,
        "entities": [
            {
                "ne_type": "",
                "keyword": "<카를로만_(궁재)>",
                "ancestor": "",
                "e_type": "ELU",
                "en": 11,
                "eIdx": 0,
                "st": 0
            },
            {
                "ne_type": "",
                "keyword": "[750년]",
                "ancestor": "",
                "e_type": "WIKILINK",
                "en": 28,
                "eIdx": 1,
                "st": 22
            },
            {
                "ne_type": "",
                "keyword": "[751년]",
                "ancestor": "",
                "e_type": "WIKILINK",
                "en": 35,
                "eIdx": 2,
                "st": 29
            },
            {
                "ne_type": "",
                "keyword": "[6월_28일]",
                "ancestor": "",
                "e_type": "WIKILINK",
                "en": 45,
                "eIdx": 3,
                "st": 37
            },
            {
                "ne_type": "",
                "keyword": "[771년]",
                "ancestor": "",
                "e_type": "WIKILINK",
                "en": 54,
                "eIdx": 4,
                "st": 48
            },
            {
                "ne_type": "",
                "keyword": "[12월_4일]",
                "ancestor": "",
                "e_type": "WIKILINK",
                "en": 63,
                "eIdx": 5,
                "st": 55
            },
            {
                "ne_type": "",
                "keyword": "[프랑크_왕국]",
                "ancestor": "",
                "e_type": "WIKILINK",
                "en": 74,
                "eIdx": 6,
                "st": 66
            },
            {
                "ne_type": "",
                "keyword": "[카롤링거_왕조]",
                "ancestor": "",
                "e_type": "WIKILINK",
                "en": 97,
                "eIdx": 7,
                "st": 88
            },
            {
                "ne_type": "",
                "keyword": "[부르군드]",
                "ancestor": "",
                "e_type": "WIKILINK",
                "en": 107,
                "eIdx": 8,
                "st": 101
            },
            {
                "ne_type": "",
                "keyword": "[네우스트리아]",
                "ancestor": "",
                "e_type": "WIKILINK",
                "en": 117,
                "eIdx": 9,
                "st": 109
            },
            {
                "ne_type": "",
                "keyword": "[프로방스]",
                "ancestor": "",
                "e_type": "WIKILINK",
                "en": 125,
                "eIdx": 10,
                "st": 119
            },
            {
                "ne_type": "",
                "keyword": "[아키텐]",
                "ancestor": "",
                "e_type": "WIKILINK",
                "en": 132,
                "eIdx": 11,
                "st": 127
            },
            {
                "ne_type": "",
                "keyword": "[피핀_3세]",
                "ancestor": "",
                "e_type": "WIKILINK",
                "en": 147,
                "eIdx": 12,
                "st": 140
            },
            {
                "ne_type": "",
                "keyword": "[카롤루스_대제]",
                "ancestor": "",
                "e_type": "WIKILINK",
                "en": 166,
                "eIdx": 13,
                "st": 157
            },
            {
                "ne_type": "",
                "keyword": "[카를로만_(궁재)]",
                "ancestor": "",
                "e_type": "WIKILINK",
                "en": 196,
                "eIdx": 14,
                "st": 185
            },
            {
                "ne_type": "",
                "keyword": "<네우스트리아>",
                "ancestor": "",
                "e_type": "ELU",
                "en": 227,
                "eIdx": 15,
                "st": 219
            },
            {
                "ne_type": "",
                "keyword": "<카를로만_(궁재)>",
                "ancestor": "",
                "e_type": "ELU",
                "en": 240,
                "eIdx": 16,
                "st": 229
            }
        ],
        "text": "<카를로만_(궁재)>(Carloman, [750년]/[751년]? [6월_28일] - [771년] [12월_4일])는 [프랑크_왕국]의 서부 지역의 군주로, [카롤링거_왕조] 출신 [부르군드]와 [네우스트리아], [프로방스], [아키텐]의 영주였다. [피핀_3세]의 둘째 아들이자 [카롤루스_대제]의 동생이었다. 같은 이름을 가진 [카를로만_(궁재)]은 그의 동복 큰아버지였다. 다른 별칭은 <네우스트리아>의 <카를로만_(궁재)>(Carloman of Neustria)이기도 하다.",
        "pIdx": 1
    }
]