[
    {
        "globalSId": [
            2297117,
            2297118,
            2297119
        ],
        "pronouns": [],
        "wikiPageId": 555252,
        "entities": [
            {
                "ne_type": "",
                "keyword": "<플렌스부르크>",
                "ancestor": "",
                "e_type": "ELU",
                "en": 8,
                "eIdx": 0,
                "st": 0
            },
            {
                "ne_type": "",
                "keyword": "[독일]",
                "ancestor": "",
                "e_type": "WIKILINK",
                "en": 18,
                "eIdx": 1,
                "st": 14
            },
            {
                "ne_type": "",
                "keyword": "[슐레스비히홀슈타인_주]",
                "ancestor": "",
                "e_type": "WIKILINK",
                "en": 35,
                "eIdx": 2,
                "st": 22
            },
            {
                "ne_type": "TIME",
                "keyword": "[2010]",
                "ancestor": "",
                "e_type": "NEW",
                "en": 62,
                "eIdx": 3,
                "st": 56
            }
        ],
        "text": "<플렌스부르크>(. )는 [독일] 북부 [슐레스비히홀슈타인_주]에 있는 도시이다. 인구 88,511([2010]).",
        "pIdx": 1
    }
]