[
    {
        "pronouns": [],
        "globalSId": [
            1591551
        ],
        "wikiPageId": 287363,
        "entities": [
            {
                "ancestor": "",
                "keyword": "[1721년]",
                "ne_type": "",
                "e_type": "WIKILINK",
                "en": 32,
                "eIdx": 0,
                "st": 25
            },
            {
                "ancestor": "",
                "keyword": "[1월_12일]",
                "ne_type": "",
                "e_type": "WIKILINK",
                "en": 41,
                "eIdx": 1,
                "st": 33
            },
            {
                "ancestor": "",
                "keyword": "[1792년]",
                "ne_type": "",
                "e_type": "WIKILINK",
                "en": 51,
                "eIdx": 2,
                "st": 44
            },
            {
                "ancestor": "",
                "keyword": "[7월_3일]",
                "ne_type": "",
                "e_type": "WIKILINK",
                "en": 59,
                "eIdx": 3,
                "st": 52
            },
            {
                "ancestor": "",
                "keyword": "[브라운슈바이크뤼네부르크]",
                "ne_type": "",
                "e_type": "WIKILINK",
                "en": 76,
                "eIdx": 4,
                "st": 62
            },
            {
                "ancestor": "",
                "keyword": "[프로이센]",
                "ne_type": "",
                "e_type": "WIKILINK",
                "en": 89,
                "eIdx": 5,
                "st": 83
            }
        ],
        "text": "페르디난트 폰 브라운슈바이크볼펜뷔텔 공자(, [1721년] [1월_12일] ~ [1792년] [7월_3일])는 [브라운슈바이크뤼네부르크]의 공작이자 [프로이센]의 육군원수이다.",
        "pIdx": 1
    },
    {
        "pronouns": [],
        "globalSId": [
            1591552,
            1591553
        ],
        "wikiPageId": 287363,
        "entities": [
            {
                "ancestor": "",
                "keyword": "<페르디난트_2세>",
                "ne_type": "",
                "e_type": "ELU",
                "en": 13,
                "eIdx": 0,
                "st": 3
            },
            {
                "ancestor": "",
                "keyword": "[페르디난트_알브레히트_2세]",
                "ne_type": "",
                "e_type": "WIKILINK",
                "en": 42,
                "eIdx": 1,
                "st": 26
            },
            {
                "ancestor": "",
                "keyword": "<아들>",
                "ne_type": "",
                "e_type": "ELU",
                "en": 51,
                "eIdx": 2,
                "st": 47
            },
            {
                "ancestor": "",
                "keyword": "[볼펜뷔텔]",
                "ne_type": "",
                "e_type": "WIKILINK",
                "en": 59,
                "eIdx": 3,
                "st": 53
            }
        ],
        "text": "생애 <페르디난트_2세>는 브라운슈바이크 공작 [페르디난트_알브레히트_2세]의 넷째 <아들>로 [볼펜뷔텔]에서 태어났다.",
        "pIdx": 2
    }
]