[
    {
        "pronouns": [],
        "globalSId": [
            572382
        ],
        "wikiPageId": 69833,
        "entities": [],
        "text": "생애",
        "pIdx": 7
    },
    {
        "pronouns": [],
        "globalSId": [
            572383,
            572384,
            572385,
            572386,
            572387,
            572388,
            572389,
            572390,
            572391,
            572392,
            572393,
            572394,
            572395
        ],
        "wikiPageId": 69833,
        "entities": [
            {
                "ancestor": "",
                "keyword": "<이온_안토네스쿠>",
                "ne_type": "",
                "e_type": "ELU",
                "en": 20,
                "eIdx": 0,
                "st": 10
            },
            {
                "ancestor": "",
                "keyword": "[루마니아]",
                "ne_type": "",
                "e_type": "WIKILINK",
                "en": 28,
                "eIdx": 1,
                "st": 22
            },
            {
                "ancestor": "",
                "keyword": "<수도>",
                "ne_type": "",
                "e_type": "ELU",
                "en": 34,
                "eIdx": 2,
                "st": 30
            },
            {
                "ancestor": "",
                "keyword": "[부쿠레슈티]",
                "ne_type": "",
                "e_type": "WIKILINK",
                "en": 42,
                "eIdx": 3,
                "st": 35
            },
            {
                "ancestor": "",
                "keyword": "[피테치]",
                "ne_type": "",
                "e_type": "WIKILINK",
                "en": 57,
                "eIdx": 4,
                "st": 52
            },
            {
                "ancestor": "",
                "keyword": "[루마니아_정교회]",
                "ne_type": "",
                "e_type": "WIKILINK",
                "en": 100,
                "eIdx": 5,
                "st": 90
            },
            {
                "ancestor": "",
                "keyword": "[중산층]",
                "ne_type": "",
                "e_type": "WIKILINK",
                "en": 112,
                "eIdx": 6,
                "st": 107
            },
            {
                "ancestor": "",
                "keyword": "<이온_안토네스쿠>",
                "ne_type": "",
                "e_type": "ELU",
                "en": 127,
                "eIdx": 7,
                "st": 117
            },
            {
                "ancestor": "",
                "keyword": "<이온_안토네스쿠>",
                "ne_type": "",
                "e_type": "ELU",
                "en": 177,
                "eIdx": 8,
                "st": 167
            },
            {
                "ancestor": "",
                "keyword": "<이온_안토네스쿠>",
                "ne_type": "",
                "e_type": "ELU",
                "en": 210,
                "eIdx": 9,
                "st": 200
            },
            {
                "ancestor": "",
                "keyword": "<소>",
                "ne_type": "",
                "e_type": "ELU",
                "en": 215,
                "eIdx": 10,
                "st": 212
            },
            {
                "ancestor": "",
                "keyword": "[크라이오바]",
                "ne_type": "",
                "e_type": "WIKILINK",
                "en": 243,
                "eIdx": 11,
                "st": 236
            },
            {
                "ancestor": "",
                "keyword": "<이온_안토네스쿠>",
                "ne_type": "",
                "e_type": "ELU",
                "en": 261,
                "eIdx": 12,
                "st": 251
            },
            {
                "ancestor": "",
                "keyword": "<이온_안토네스쿠>",
                "ne_type": "",
                "e_type": "ELU",
                "en": 287,
                "eIdx": 13,
                "st": 277
            },
            {
                "ancestor": "",
                "keyword": "<공동체>",
                "ne_type": "",
                "e_type": "ELU",
                "en": 303,
                "eIdx": 14,
                "st": 298
            },
            {
                "ancestor": "",
                "keyword": "<이온_안토네스쿠>",
                "ne_type": "",
                "e_type": "ELU",
                "en": 352,
                "eIdx": 15,
                "st": 342
            },
            {
                "ancestor": "",
                "keyword": "<지시_시>",
                "ne_type": "",
                "e_type": "ELU",
                "en": 385,
                "eIdx": 16,
                "st": 379
            },
            {
                "ancestor": "",
                "keyword": "<이온_안토네스쿠>",
                "ne_type": "",
                "e_type": "ELU",
                "en": 399,
                "eIdx": 17,
                "st": 389
            },
            {
                "ancestor": "",
                "keyword": "<졸업>",
                "ne_type": "",
                "e_type": "ELU",
                "en": 417,
                "eIdx": 18,
                "st": 413
            },
            {
                "ancestor": "",
                "keyword": "<임관>",
                "ne_type": "",
                "e_type": "ELU",
                "en": 428,
                "eIdx": 19,
                "st": 424
            },
            {
                "ancestor": "",
                "keyword": "[타르고비체]",
                "ne_type": "",
                "e_type": "WIKILINK",
                "en": 438,
                "eIdx": 20,
                "st": 431
            },
            {
                "ancestor": "",
                "keyword": "<명성>",
                "ne_type": "",
                "e_type": "ELU",
                "en": 499,
                "eIdx": 21,
                "st": 495
            },
            {
                "ancestor": "",
                "keyword": "<이온_안토네스쿠>",
                "ne_type": "",
                "e_type": "ELU",
                "en": 549,
                "eIdx": 22,
                "st": 539
            }
        ],
        "text": "초기 생애와 경력 <이온_안토네스쿠>는 [루마니아]의 <수도> [부쿠레슈티]에서 북쪽에 있는 [피테치]에서 태어났다. 그의 집안은 대대로 군인을 직업으로 하였고 [루마니아_정교회]를 신봉하는 [중산층]이었다. <이온_안토네스쿠>는 어머니 리타 바란가와 특히 각별한 유대감을 지니고 있었다. 바란가는 <이온_안토네스쿠>의 처형뒤에도 살아남았다. 그의 아버지는 <이온_안토네스쿠>가 <소>의 뒤를 이어 군인이 되기를 원하였고 [크라이오바]의 군사학교에 <이온_안토네스쿠>를 입학시켰다. 이 학교에서 <이온_안토네스쿠>는 루마니아 유태인 <공동체>의 지도자가 되는 빌헬름 필데르만과 같은 학급에서 배웠다. 이 때문에 <이온_안토네스쿠>는 홀로코스트에서 필데르만이 살아남을 수 있도록 <지시_시>한다. <이온_안토네스쿠>는 1904년 군사학교를 <졸업>하고 중위로 <임관>하여 [타르고비체]의 기병대에서 2년간 근무하였다. 그는 열성적인 군인이었고 계속하여 진급하였다. 이 때부터 그는 차츰 <명성>을 얻기 시작했다. 그는 붉은 머리카락때문에 \"붉은 개\"()로 불렸다. <이온_안토네스쿠>는 실패하지 않는 탁월한 지휘관으로 인정받았다.",
        "pIdx": 8
    },
    {
        "pronouns": [],
        "globalSId": [
            572396,
            572397,
            572398,
            572399,
            572400,
            572401,
            572402,
            572403
        ],
        "wikiPageId": 69833,
        "entities": [
            {
                "ancestor": "",
                "keyword": "[1907년_루마니아_농민_봉기]",
                "ne_type": "",
                "e_type": "WIKILINK",
                "en": 18,
                "eIdx": 0,
                "st": 0
            },
            {
                "ancestor": "",
                "keyword": "<군사작전>",
                "ne_type": "",
                "e_type": "ELU",
                "en": 41,
                "eIdx": 1,
                "st": 35
            },
            {
                "ancestor": "",
                "keyword": "<이온_안토네스쿠>",
                "ne_type": "",
                "e_type": "ELU",
                "en": 71,
                "eIdx": 2,
                "st": 61
            },
            {
                "ancestor": "",
                "keyword": "<군사작전>",
                "ne_type": "",
                "e_type": "ELU",
                "en": 85,
                "eIdx": 3,
                "st": 79
            },
            {
                "ancestor": "",
                "keyword": "<부대>",
                "ne_type": "",
                "e_type": "ELU",
                "en": 117,
                "eIdx": 4,
                "st": 113
            },
            {
                "ancestor": "",
                "keyword": "<이온_안토네스쿠>",
                "ne_type": "",
                "e_type": "ELU",
                "en": 167,
                "eIdx": 5,
                "st": 157
            },
            {
                "ancestor": "",
                "keyword": "<군사작전>",
                "ne_type": "",
                "e_type": "ELU",
                "en": 178,
                "eIdx": 6,
                "st": 172
            },
            {
                "ancestor": "",
                "keyword": "<봉기>",
                "ne_type": "",
                "e_type": "ELU",
                "en": 199,
                "eIdx": 7,
                "st": 195
            },
            {
                "ancestor": "",
                "keyword": "[갈라치]",
                "ne_type": "",
                "e_type": "WIKILINK",
                "en": 217,
                "eIdx": 8,
                "st": 212
            },
            {
                "ancestor": "",
                "keyword": "[사회주의]",
                "ne_type": "",
                "e_type": "WIKILINK",
                "en": 228,
                "eIdx": 9,
                "st": 222
            },
            {
                "ancestor": "",
                "keyword": "<봉기>",
                "ne_type": "",
                "e_type": "ELU",
                "en": 233,
                "eIdx": 10,
                "st": 229
            },
            {
                "ancestor": "",
                "keyword": "<이온_안토네스쿠>",
                "ne_type": "",
                "e_type": "ELU",
                "en": 252,
                "eIdx": 11,
                "st": 242
            },
            {
                "ancestor": "",
                "keyword": "[카롤_1세]",
                "ne_type": "",
                "e_type": "WIKILINK",
                "en": 266,
                "eIdx": 12,
                "st": 259
            },
            {
                "ancestor": "",
                "keyword": "<훈장>",
                "ne_type": "",
                "e_type": "ELU",
                "en": 274,
                "eIdx": 13,
                "st": 270
            },
            {
                "ancestor": "",
                "keyword": "<이온_안토네스쿠>",
                "ne_type": "",
                "e_type": "ELU",
                "en": 299,
                "eIdx": 14,
                "st": 289
            },
            {
                "ancestor": "",
                "keyword": "<졸업>",
                "ne_type": "",
                "e_type": "ELU",
                "en": 342,
                "eIdx": 15,
                "st": 338
            },
            {
                "ancestor": "",
                "keyword": "[불가리아]",
                "ne_type": "",
                "e_type": "WIKILINK",
                "en": 353,
                "eIdx": 16,
                "st": 347
            },
            {
                "ancestor": "",
                "keyword": "[제2차_발칸_전쟁]",
                "ne_type": "",
                "e_type": "WIKILINK",
                "en": 366,
                "eIdx": 17,
                "st": 355
            },
            {
                "ancestor": "",
                "keyword": "<이온_안토네스쿠>",
                "ne_type": "",
                "e_type": "ELU",
                "en": 383,
                "eIdx": 18,
                "st": 373
            },
            {
                "ancestor": "",
                "keyword": "[도브루자]",
                "ne_type": "",
                "e_type": "WIKILINK",
                "en": 391,
                "eIdx": 19,
                "st": 385
            },
            {
                "ancestor": "",
                "keyword": "[참모]",
                "ne_type": "",
                "e_type": "WIKILINK",
                "en": 408,
                "eIdx": 20,
                "st": 404
            }
        ],
        "text": "[1907년_루마니아_농민_봉기]가 일어나자 그의 부대는 진압 <군사작전>에 참여하였다. 프란시스코 베이가는 <이온_안토네스쿠>가 직접 진압 <군사작전>에 참여하였다고 기록하고 있다. 그러나 그는 그저 <부대>에 배속된 장교로서 참여한 것 뿐이라는 견해도 있다. 데니스 데레턴트는 <이온_안토네스쿠>가 진압 <군사작전>을 입안하였다고 하였다. 농민 <봉기>를 진압한 그의 부대는 [갈라치] 항구의 [사회주의] <봉기>도 진압하였다. <이온_안토네스쿠>는 이 일로 [카롤_1세]로부터 <훈장>을 하사받는다. 1911년 <이온_안토네스쿠>는 대위로 진급하여 전쟁학교에 입학하였으며 1913년 우수한 성적으로 <졸업>하였다. [불가리아]와 [제2차_발칸_전쟁]이 벌어지자 <이온_안토네스쿠>는 [도브루자]에 주둔한 제1기병대의 [참모]로 복무하였다.",
        "pIdx": 9
    },
    {
        "pronouns": [],
        "globalSId": [
            572404,
            572405,
            572406,
            572407,
            572408,
            572409,
            572410,
            572411
        ],
        "wikiPageId": 69833,
        "entities": [
            {
                "ancestor": "",
                "keyword": "<대전광역시>",
                "ne_type": "",
                "e_type": "ELU",
                "en": 10,
                "eIdx": 0,
                "st": 3
            },
            {
                "ancestor": "",
                "keyword": "<이후_(소설가)>",
                "ne_type": "",
                "e_type": "ELU",
                "en": 27,
                "eIdx": 1,
                "st": 17
            },
            {
                "ancestor": "",
                "keyword": "[루마니아_왕국]",
                "ne_type": "",
                "e_type": "WIKILINK",
                "en": 37,
                "eIdx": 2,
                "st": 28
            },
            {
                "ancestor": "",
                "keyword": "[연합국]",
                "ne_type": "",
                "e_type": "WIKILINK",
                "en": 44,
                "eIdx": 3,
                "st": 39
            },
            {
                "ancestor": "",
                "keyword": "[제1차_세계대전]",
                "ne_type": "",
                "e_type": "WIKILINK",
                "en": 61,
                "eIdx": 4,
                "st": 51
            },
            {
                "ancestor": "",
                "keyword": "<이온_안토네스쿠>",
                "ne_type": "",
                "e_type": "ELU",
                "en": 80,
                "eIdx": 5,
                "st": 70
            },
            {
                "ancestor": "",
                "keyword": "[카르파티아_산맥]",
                "ne_type": "",
                "e_type": "WIKILINK",
                "en": 137,
                "eIdx": 6,
                "st": 127
            },
            {
                "ancestor": "",
                "keyword": "[오스트리아-헝가리]",
                "ne_type": "",
                "e_type": "WIKILINK",
                "en": 153,
                "eIdx": 7,
                "st": 142
            },
            {
                "ancestor": "",
                "keyword": "<진군>",
                "ne_type": "",
                "e_type": "ELU",
                "en": 159,
                "eIdx": 8,
                "st": 155
            },
            {
                "ancestor": "",
                "keyword": "[동맹국]",
                "ne_type": "",
                "e_type": "WIKILINK",
                "en": 169,
                "eIdx": 9,
                "st": 164
            },
            {
                "ancestor": "",
                "keyword": "[투르투차이아_전투]",
                "ne_type": "",
                "e_type": "WIKILINK",
                "en": 201,
                "eIdx": 10,
                "st": 190
            },
            {
                "ancestor": "",
                "keyword": "[불가리아]",
                "ne_type": "",
                "e_type": "WIKILINK",
                "en": 217,
                "eIdx": 11,
                "st": 211
            },
            {
                "ancestor": "",
                "keyword": "[독일_제국]",
                "ne_type": "",
                "e_type": "WIKILINK",
                "en": 226,
                "eIdx": 12,
                "st": 219
            },
            {
                "ancestor": "",
                "keyword": "[왈라키아]",
                "ne_type": "",
                "e_type": "WIKILINK",
                "en": 268,
                "eIdx": 13,
                "st": 262
            },
            {
                "ancestor": "",
                "keyword": "<진군>",
                "ne_type": "",
                "e_type": "ELU",
                "en": 274,
                "eIdx": 14,
                "st": 270
            },
            {
                "ancestor": "",
                "keyword": "<이온_안토네스쿠>",
                "ne_type": "",
                "e_type": "ELU",
                "en": 289,
                "eIdx": 15,
                "st": 279
            },
            {
                "ancestor": "",
                "keyword": "<군사작전>",
                "ne_type": "",
                "e_type": "ELU",
                "en": 303,
                "eIdx": 16,
                "st": 297
            },
            {
                "ancestor": "",
                "keyword": "<루마니아>",
                "ne_type": "",
                "e_type": "ELU",
                "en": 322,
                "eIdx": 17,
                "st": 316
            },
            {
                "ancestor": "",
                "keyword": "[볼다비아]",
                "ne_type": "",
                "e_type": "WIKILINK",
                "en": 345,
                "eIdx": 18,
                "st": 339
            }
        ],
        "text": "1차 <대전광역시> 1916년 <이후_(소설가)> [루마니아_왕국]은 [연합국]의 일원으로 [제1차_세계대전]에 참전하였다. <이온_안토네스쿠>는 콘스탄틴 프레잔 장군 휘하의 참모장으로 복무하였다. 1916년 8월 루마니아군은 [카르파티아_산맥]을 넘어 [오스트리아-헝가리]로 <진군>하였다. [동맹국]은 즉각 반격에 나섰으며 8월 24일 [투르투차이아_전투]에서 루마니아군은 [불가리아]와 [독일_제국]의 군대에게 크게 패하게 된다. 동맹국은 카르파티아 산맥을 넘어 [왈라키아]로 <진군>하였다. <이온_안토네스쿠>는 수도 방위 <군사작전>을 입안하였다. 전황은 <루마니아>에게 불리하게 돌아갔으며 결국 [볼다비아]를 제외한 영토의 대부분을 점령당하였다.",
        "pIdx": 10
    },
    {
        "pronouns": [],
        "globalSId": [
            572412,
            572413,
            572414,
            572415
        ],
        "wikiPageId": 69833,
        "entities": [
            {
                "ancestor": "",
                "keyword": "<이온_안토네스쿠>",
                "ne_type": "",
                "e_type": "ELU",
                "en": 19,
                "eIdx": 0,
                "st": 9
            },
            {
                "ancestor": "",
                "keyword": "<이온_안토네스쿠>",
                "ne_type": "",
                "e_type": "ELU",
                "en": 109,
                "eIdx": 1,
                "st": 99
            },
            {
                "ancestor": "",
                "keyword": "<군사작전>",
                "ne_type": "",
                "e_type": "ELU",
                "en": 137,
                "eIdx": 2,
                "st": 131
            },
            {
                "ancestor": "",
                "keyword": "[머러세치_전투]",
                "ne_type": "",
                "e_type": "WIKILINK",
                "en": 176,
                "eIdx": 3,
                "st": 167
            },
            {
                "ancestor": "",
                "keyword": "<루마니아>",
                "ne_type": "",
                "e_type": "ELU",
                "en": 198,
                "eIdx": 4,
                "st": 192
            },
            {
                "ancestor": "",
                "keyword": "[알렉산드루_아베레스쿠]",
                "ne_type": "",
                "e_type": "WIKILINK",
                "en": 219,
                "eIdx": 5,
                "st": 206
            },
            {
                "ancestor": "",
                "keyword": "<독일_제국>",
                "ne_type": "",
                "e_type": "ELU",
                "en": 230,
                "eIdx": 6,
                "st": 223
            },
            {
                "ancestor": "",
                "keyword": "[아우구스트_폰_마켄센]",
                "ne_type": "",
                "e_type": "WIKILINK",
                "en": 249,
                "eIdx": 7,
                "st": 236
            },
            {
                "ancestor": "",
                "keyword": "<동안_(현)>",
                "ne_type": "",
                "e_type": "ELU",
                "en": 268,
                "eIdx": 8,
                "st": 260
            },
            {
                "ancestor": "",
                "keyword": "<이온_안토네스쿠>",
                "ne_type": "",
                "e_type": "ELU",
                "en": 279,
                "eIdx": 9,
                "st": 269
            },
            {
                "ancestor": "",
                "keyword": "<학교_행사>",
                "ne_type": "",
                "e_type": "ELU",
                "en": 311,
                "eIdx": 10,
                "st": 304
            }
        ],
        "text": "이러한 상황에서 <이온_안토네스쿠>는 점점 더 중요한 전략적 결정을 내리는 위치에 서게 되었고 이에 따라 그의 야심도 커져갔다. 프레잔이 참모총장으로 부임하자 그의 참모장이었던 <이온_안토네스쿠>는 소령으로 진급하였으며 몰다비아 방어 <군사작전>의 총책임자가 되어 1917년 7월에서 8월에 있었던 [머러세치_전투]의 전술을 담당하였다. 당시 <루마니아>의 총사령관은 [알렉산드루_아베레스쿠]였으며 <독일_제국>의 군대는 [아우구스트_폰_마켄센]이었다. 전쟁 기간 <동안_(현)> <이온_안토네스쿠>는 프레잔의 최측근로서 그의 결정에 영향력을 <학교_행사>하였다.",
        "pIdx": 11
    },
    {
        "pronouns": [],
        "globalSId": [
            572416,
            572417,
            572418,
            572419,
            572420,
            572421
        ],
        "wikiPageId": 69833,
        "entities": [
            {
                "ancestor": "",
                "keyword": "[10월_혁명]",
                "ne_type": "",
                "e_type": "WIKILINK",
                "en": 17,
                "eIdx": 0,
                "st": 9
            },
            {
                "ancestor": "",
                "keyword": "[러시아_임시_정부]",
                "ne_type": "",
                "e_type": "WIKILINK",
                "en": 35,
                "eIdx": 1,
                "st": 24
            },
            {
                "ancestor": "",
                "keyword": "[러시아_소비에트_사회주의_연방공화국]",
                "ne_type": "",
                "e_type": "WIKILINK",
                "en": 63,
                "eIdx": 2,
                "st": 42
            },
            {
                "ancestor": "",
                "keyword": "<러시아>",
                "ne_type": "",
                "e_type": "ELU",
                "en": 77,
                "eIdx": 3,
                "st": 72
            },
            {
                "ancestor": "",
                "keyword": "<독일_제국>",
                "ne_type": "",
                "e_type": "ELU",
                "en": 91,
                "eIdx": 4,
                "st": 84
            },
            {
                "ancestor": "",
                "keyword": "[브레스트-리토프스크_조약]",
                "ne_type": "",
                "e_type": "WIKILINK",
                "en": 108,
                "eIdx": 5,
                "st": 93
            },
            {
                "ancestor": "",
                "keyword": "<루마니아>",
                "ne_type": "",
                "e_type": "ELU",
                "en": 120,
                "eIdx": 6,
                "st": 114
            },
            {
                "ancestor": "",
                "keyword": "<러시아_연방군>",
                "ne_type": "",
                "e_type": "ELU",
                "en": 142,
                "eIdx": 7,
                "st": 133
            },
            {
                "ancestor": "",
                "keyword": "<루마니아>",
                "ne_type": "",
                "e_type": "ELU",
                "en": 166,
                "eIdx": 8,
                "st": 160
            },
            {
                "ancestor": "",
                "keyword": "[동부_전선_(제1차_세계_대전)]",
                "ne_type": "",
                "e_type": "WIKILINK",
                "en": 187,
                "eIdx": 9,
                "st": 168
            },
            {
                "ancestor": "",
                "keyword": "<항복>",
                "ne_type": "",
                "e_type": "ELU",
                "en": 219,
                "eIdx": 10,
                "st": 215
            },
            {
                "ancestor": "",
                "keyword": "[부쿠레슈티_조약_(1918년)]",
                "ne_type": "",
                "e_type": "WIKILINK",
                "en": 240,
                "eIdx": 11,
                "st": 222
            },
            {
                "ancestor": "",
                "keyword": "<루마니아>",
                "ne_type": "",
                "e_type": "ELU",
                "en": 265,
                "eIdx": 12,
                "st": 259
            },
            {
                "ancestor": "",
                "keyword": "[페르디난드_1세_(루마니아)]",
                "ne_type": "",
                "e_type": "WIKILINK",
                "en": 288,
                "eIdx": 13,
                "st": 271
            },
            {
                "ancestor": "",
                "keyword": "<서명>",
                "ne_type": "",
                "e_type": "ELU",
                "en": 298,
                "eIdx": 14,
                "st": 294
            },
            {
                "ancestor": "",
                "keyword": "<이온_안토네스쿠>",
                "ne_type": "",
                "e_type": "ELU",
                "en": 340,
                "eIdx": 15,
                "st": 330
            },
            {
                "ancestor": "",
                "keyword": "<루마니아>",
                "ne_type": "",
                "e_type": "ELU",
                "en": 405,
                "eIdx": 16,
                "st": 399
            },
            {
                "ancestor": "",
                "keyword": "[트란실바니아]",
                "ne_type": "",
                "e_type": "WIKILINK",
                "en": 415,
                "eIdx": 17,
                "st": 407
            },
            {
                "ancestor": "",
                "keyword": "[루마니아_트란실바니아_합병]",
                "ne_type": "",
                "e_type": "WIKILINK",
                "en": 433,
                "eIdx": 18,
                "st": 417
            }
        ],
        "text": "1917년 가을 [10월_혁명]이 일어나자 [러시아_임시_정부]가 붕괴되고 [러시아_소비에트_사회주의_연방공화국]이 수립되었다. <러시아>의 신정부는 <독일_제국>과 [브레스트-리토프스크_조약]을 맺었고 <루마니아>의 가장 큰 우군이었던 <러시아_연방군>은 철수하게 되었다. 이로 인해 <루마니아>는 [동부_전선_(제1차_세계_대전)]에서 동맹국에 맞서는 유일한 국가가 되었으며 결국 <항복>하고 [부쿠레슈티_조약_(1918년)]을 맺었다. 그러나 1918년 말 <루마니아>는 국왕인 [페르디난드_1세_(루마니아)]가 조약에 <서명>하지 않았다는 이유로 조약 파기를 선언한다. 이 기간동안 <이온_안토네스쿠>는 기병연대를 이끌고 있었으며 \"가장 합당한 해결책\"으로서 동맹국과의 단독 강화 조약을 추진하였다. 전후 <루마니아>는 [트란실바니아]를 [루마니아_트란실바니아_합병]한다.",
        "pIdx": 12
    },
    {
        "pronouns": [],
        "globalSId": [
            572422,
            572423,
            572424,
            572425
        ],
        "wikiPageId": 69833,
        "entities": [
            {
                "ancestor": "",
                "keyword": "<이온_안토네스쿠>",
                "ne_type": "",
                "e_type": "ELU",
                "en": 19,
                "eIdx": 0,
                "st": 9
            },
            {
                "ancestor": "",
                "keyword": "<루마니아>",
                "ne_type": "",
                "e_type": "ELU",
                "en": 27,
                "eIdx": 1,
                "st": 21
            },
            {
                "ancestor": "",
                "keyword": "[이온_게오르게_두카]",
                "ne_type": "",
                "e_type": "WIKILINK",
                "en": 46,
                "eIdx": 2,
                "st": 34
            },
            {
                "ancestor": "",
                "keyword": "<이온_안토네스쿠>",
                "ne_type": "",
                "e_type": "ELU",
                "en": 72,
                "eIdx": 3,
                "st": 62
            },
            {
                "ancestor": "",
                "keyword": "<시>",
                "ne_type": "",
                "e_type": "ELU",
                "en": 86,
                "eIdx": 4,
                "st": 83
            },
            {
                "ancestor": "",
                "keyword": "[카롤_2세]",
                "ne_type": "",
                "e_type": "WIKILINK",
                "en": 163,
                "eIdx": 5,
                "st": 156
            },
            {
                "ancestor": "",
                "keyword": "[지지_람브리노]",
                "ne_type": "",
                "e_type": "WIKILINK",
                "en": 175,
                "eIdx": 6,
                "st": 166
            },
            {
                "ancestor": "",
                "keyword": "<소>",
                "ne_type": "",
                "e_type": "ELU",
                "en": 186,
                "eIdx": 7,
                "st": 183
            },
            {
                "ancestor": "",
                "keyword": "[탈영]",
                "ne_type": "",
                "e_type": "WIKILINK",
                "en": 197,
                "eIdx": 8,
                "st": 193
            },
            {
                "ancestor": "",
                "keyword": "<이온_안토네스쿠>",
                "ne_type": "",
                "e_type": "ELU",
                "en": 230,
                "eIdx": 9,
                "st": 220
            },
            {
                "ancestor": "",
                "keyword": "<왕위>",
                "ne_type": "",
                "e_type": "ELU",
                "en": 240,
                "eIdx": 10,
                "st": 236
            },
            {
                "ancestor": "",
                "keyword": "<경멸>",
                "ne_type": "",
                "e_type": "ELU",
                "en": 253,
                "eIdx": 11,
                "st": 249
            }
        ],
        "text": "전쟁이 끝난 뒤 <이온_안토네스쿠>는 <루마니아>의 총리였던 [이온_게오르게_두카]()의 주목을 받았다. 그는 <이온_안토네스쿠>가 \"매우 지적이며 <시>하고 활동적인 인물로 그의 국가에 대한 봉사와 개인 됨됨이 모두 신뢰할만 하다\"고 평했다. 한편 1918년 황태자 카롤(후일 [카롤_2세])이 [지지_람브리노]와 눈이 맞아 <소>의 군대에서 [탈영]하는 사건이 발생한다. 이 사건으로 인해 <이온_안토네스쿠>는 미래에 <왕위>에 오를 카롤을 <경멸>하게 되었다.",
        "pIdx": 13
    },
    {
        "pronouns": [],
        "globalSId": [
            572426,
            572427,
            572428,
            572429,
            572430,
            572431,
            572432
        ],
        "wikiPageId": 69833,
        "entities": [
            {
                "ancestor": "",
                "keyword": "<이온_안토네스쿠>",
                "ne_type": "",
                "e_type": "ELU",
                "en": 32,
                "eIdx": 0,
                "st": 22
            },
            {
                "ancestor": "",
                "keyword": "[파리_강화_회의]",
                "ne_type": "",
                "e_type": "WIKILINK",
                "en": 50,
                "eIdx": 1,
                "st": 40
            },
            {
                "ancestor": "",
                "keyword": "[트란실바니아]",
                "ne_type": "",
                "e_type": "WIKILINK",
                "en": 63,
                "eIdx": 2,
                "st": 55
            },
            {
                "ancestor": "",
                "keyword": "<루마니아>",
                "ne_type": "",
                "e_type": "ELU",
                "en": 71,
                "eIdx": 3,
                "st": 65
            },
            {
                "ancestor": "",
                "keyword": "<이온_안토네스쿠>",
                "ne_type": "",
                "e_type": "ELU",
                "en": 116,
                "eIdx": 4,
                "st": 106
            },
            {
                "ancestor": "",
                "keyword": "<루마니아>",
                "ne_type": "",
                "e_type": "ELU",
                "en": 124,
                "eIdx": 5,
                "st": 118
            },
            {
                "ancestor": "",
                "keyword": "[국가주의]",
                "ne_type": "",
                "e_type": "WIKILINK",
                "en": 159,
                "eIdx": 6,
                "st": 153
            },
            {
                "ancestor": "",
                "keyword": "[유고슬라비아_왕국]",
                "ne_type": "",
                "e_type": "WIKILINK",
                "en": 194,
                "eIdx": 7,
                "st": 183
            },
            {
                "ancestor": "",
                "keyword": "[바나트]",
                "ne_type": "",
                "e_type": "WIKILINK",
                "en": 214,
                "eIdx": 8,
                "st": 209
            },
            {
                "ancestor": "",
                "keyword": "[티모츠_계곡]",
                "ne_type": "",
                "e_type": "WIKILINK",
                "en": 227,
                "eIdx": 9,
                "st": 219
            },
            {
                "ancestor": "",
                "keyword": "[대루마니아]",
                "ne_type": "",
                "e_type": "WIKILINK",
                "en": 241,
                "eIdx": 10,
                "st": 234
            },
            {
                "ancestor": "",
                "keyword": "<이온_안토네스쿠>",
                "ne_type": "",
                "e_type": "ELU",
                "en": 282,
                "eIdx": 11,
                "st": 272
            },
            {
                "ancestor": "",
                "keyword": "[프랑스]",
                "ne_type": "",
                "e_type": "WIKILINK",
                "en": 289,
                "eIdx": 12,
                "st": 284
            },
            {
                "ancestor": "",
                "keyword": "[무관_(외교)]",
                "ne_type": "",
                "e_type": "WIKILINK",
                "en": 300,
                "eIdx": 13,
                "st": 291
            },
            {
                "ancestor": "",
                "keyword": "<이온_안토네스쿠>",
                "ne_type": "",
                "e_type": "ELU",
                "en": 348,
                "eIdx": 14,
                "st": 338
            },
            {
                "ancestor": "",
                "keyword": "<전문가>",
                "ne_type": "",
                "e_type": "ELU",
                "en": 365,
                "eIdx": 15,
                "st": 360
            },
            {
                "ancestor": "",
                "keyword": "[배타주의]",
                "ne_type": "",
                "e_type": "WIKILINK",
                "en": 388,
                "eIdx": 16,
                "st": 382
            },
            {
                "ancestor": "",
                "keyword": "[외국인_혐오]",
                "ne_type": "",
                "e_type": "WIKILINK",
                "en": 400,
                "eIdx": 17,
                "st": 392
            },
            {
                "ancestor": "",
                "keyword": "<프랑스>",
                "ne_type": "",
                "e_type": "ELU",
                "en": 420,
                "eIdx": 18,
                "st": 415
            },
            {
                "ancestor": "",
                "keyword": "<장군>",
                "ne_type": "",
                "e_type": "ELU",
                "en": 440,
                "eIdx": 19,
                "st": 436
            }
        ],
        "text": "외교 경력 및 참모총장 시절 중령이 된 <이온_안토네스쿠>는 1919년 [파리_강화_회의]를 통해 [트란실바니아]를 <루마니아>의 영토로 편입시킴으로써 대중들에게 이름이 알려지기 시작했다. <이온_안토네스쿠>는 <루마니아>의 《기원과 과거, 희생, 그리고 권리》라는 제목의 [국가주의] 소책자를 출간하였다. 그는 이 소책자에서 [유고슬라비아_왕국]과의 전쟁을 불사하고서라도 [바나트] 전역과 [티모츠_계곡]을 합병하는 [대루마니아] 정책을 추진하여야 한다고 주장하였다. 1920년 3월 <이온_안토네스쿠>는 [프랑스]에 [무관_(외교)]으로 파견되었다. 그러나 그와 함께 무관으로 파견되었던 슈추 대령은 <이온_안토네스쿠>에 대해 \"그가 군사 <전문가>일지는 모르나 자만심이 강하고 [배타주의]인데다 [외국인_혐오]가 심하다\"고 보고하였다. <프랑스>의 군사 사찰관 빅토르 페틴 <장군>은 슈추 대령의 보고가 정확하다고 인정하였다.",
        "pIdx": 14
    },
    {
        "globalSId": [
            572433,
            572434,
            572435,
            572436,
            572437,
            572438,
            572439,
            572440,
            572441,
            572442,
            572443
        ],
        "pronouns": [
            {
                "proIdx": 0,
                "ancestor": "",
                "en": 194,
                "st": 192,
                "keyword": "그의"
            },
            {
                "proIdx": 1,
                "ancestor": "",
                "en": 201,
                "st": 192,
                "keyword": "그의 교육 방식에"
            },
            {
                "proIdx": 2,
                "ancestor": "",
                "en": 366,
                "st": 360,
                "keyword": "이 과정에서"
            },
            {
                "proIdx": 3,
                "ancestor": "",
                "en": 493,
                "st": 485,
                "keyword": "여러 [파시즘]"
            },
            {
                "proIdx": 4,
                "ancestor": "",
                "en": 500,
                "st": 485,
                "keyword": "여러 [파시즘] 지도자들에게"
            },
            {
                "proIdx": 5,
                "ancestor": "",
                "en": 593,
                "st": 591,
                "keyword": "그와"
            }
        ],
        "wikiPageId": 69833,
        "entities": [
            {
                "ne_type": "LOCATION",
                "keyword": "[루마니아]",
                "ancestor": "",
                "e_type": "NEW",
                "en": 15,
                "eIdx": 0,
                "st": 9
            },
            {
                "ne_type": "TIME",
                "keyword": "[1922년]",
                "ancestor": "",
                "e_type": "NEW",
                "en": 27,
                "eIdx": 1,
                "st": 20
            },
            {
                "ne_type": "",
                "keyword": "<이온_안토네스쿠>",
                "ancestor": "",
                "e_type": "ELU",
                "en": 38,
                "eIdx": 2,
                "st": 28
            },
            {
                "ne_type": "LOCATION",
                "keyword": "[파리]",
                "ancestor": "",
                "e_type": "NEW",
                "en": 44,
                "eIdx": 3,
                "st": 40
            },
            {
                "ne_type": "PERSON",
                "keyword": "[슈추]",
                "ancestor": "",
                "e_type": "NEW",
                "en": 62,
                "eIdx": 4,
                "st": 58
            },
            {
                "ne_type": "ORGANIZATION",
                "keyword": "[프랑스]",
                "ancestor": "",
                "e_type": "NEW",
                "en": 84,
                "eIdx": 5,
                "st": 79
            },
            {
                "ne_type": "PERSON",
                "keyword": "[페틴]",
                "ancestor": "",
                "e_type": "NEW",
                "en": 95,
                "eIdx": 6,
                "st": 91
            },
            {
                "ne_type": "",
                "keyword": "<이온_안토네스쿠>",
                "ancestor": "",
                "e_type": "ELU",
                "en": 120,
                "eIdx": 7,
                "st": 110
            },
            {
                "ne_type": "",
                "keyword": "<이온_안토네스쿠>",
                "ancestor": "",
                "e_type": "ELU",
                "en": 150,
                "eIdx": 8,
                "st": 140
            },
            {
                "ne_type": "LOCATION",
                "keyword": "[투란슬라비아]",
                "ancestor": "",
                "e_type": "NEW",
                "en": 160,
                "eIdx": 9,
                "st": 152
            },
            {
                "ne_type": "",
                "keyword": "[시비우]",
                "ancestor": "",
                "e_type": "WIKILINK",
                "en": 167,
                "eIdx": 10,
                "st": 162
            },
            {
                "ne_type": "",
                "keyword": "<이온_안토네스쿠>",
                "ancestor": "",
                "e_type": "ELU",
                "en": 224,
                "eIdx": 11,
                "st": 214
            },
            {
                "ne_type": "TIME",
                "keyword": "[1923년]",
                "ancestor": "",
                "e_type": "NEW",
                "en": 233,
                "eIdx": 12,
                "st": 226
            },
            {
                "ne_type": "",
                "keyword": "[영국]",
                "ancestor": "",
                "e_type": "WIKILINK",
                "en": 240,
                "eIdx": 13,
                "st": 236
            },
            {
                "ne_type": "",
                "keyword": "[벨기에]",
                "ancestor": "",
                "e_type": "WIKILINK",
                "en": 247,
                "eIdx": 14,
                "st": 242
            },
            {
                "ne_type": "",
                "keyword": "<이온_안토네스쿠>",
                "ancestor": "",
                "e_type": "ELU",
                "en": 270,
                "eIdx": 15,
                "st": 260
            },
            {
                "ne_type": "LOCATION",
                "keyword": "[루마니아]",
                "ancestor": "",
                "e_type": "NEW",
                "en": 291,
                "eIdx": 16,
                "st": 285
            },
            {
                "ne_type": "",
                "keyword": "[니콜라에_티툴레스쿠]",
                "ancestor": "",
                "e_type": "WIKILINK",
                "en": 308,
                "eIdx": 17,
                "st": 296
            },
            {
                "ne_type": "",
                "keyword": "<프랑스>",
                "ancestor": "",
                "e_type": "ELU",
                "en": 318,
                "eIdx": 18,
                "st": 313
            },
            {
                "ne_type": "",
                "keyword": "[프랑스_프랑]",
                "ancestor": "",
                "e_type": "WIKILINK",
                "en": 333,
                "eIdx": 19,
                "st": 325
            },
            {
                "ne_type": "",
                "keyword": "<이온_안토네스쿠>",
                "ancestor": "",
                "e_type": "ELU",
                "en": 401,
                "eIdx": 20,
                "st": 391
            },
            {
                "ne_type": "LOCATION",
                "keyword": "[루마니아]",
                "ancestor": "",
                "e_type": "NEW",
                "en": 409,
                "eIdx": 21,
                "st": 403
            },
            {
                "ne_type": "",
                "keyword": "[보수주의]",
                "ancestor": "",
                "e_type": "WIKILINK",
                "en": 420,
                "eIdx": 22,
                "st": 414
            },
            {
                "ne_type": "",
                "keyword": "[마테_비베스코]",
                "ancestor": "",
                "e_type": "WIKILINK",
                "en": 434,
                "eIdx": 23,
                "st": 425
            },
            {
                "ne_type": "",
                "keyword": "[귀스타브_르_봉]",
                "ancestor": "",
                "e_type": "WIKILINK",
                "en": 448,
                "eIdx": 24,
                "st": 438
            },
            {
                "ne_type": "",
                "keyword": "[군중심리학]",
                "ancestor": "",
                "e_type": "WIKILINK",
                "en": 457,
                "eIdx": 25,
                "st": 450
            },
            {
                "ne_type": "",
                "keyword": "<귀스타브_르_봉>",
                "ancestor": "",
                "e_type": "ELU",
                "en": 476,
                "eIdx": 26,
                "st": 466
            },
            {
                "ne_type": "",
                "keyword": "[파시즘]",
                "ancestor": "",
                "e_type": "WIKILINK",
                "en": 493,
                "eIdx": 27,
                "st": 488
            },
            {
                "ne_type": "PERSON",
                "keyword": "[비베스코]",
                "ancestor": "",
                "e_type": "NEW",
                "en": 523,
                "eIdx": 28,
                "st": 517
            },
            {
                "ne_type": "TIME",
                "keyword": "[19세기]",
                "ancestor": "",
                "e_type": "NEW",
                "en": 531,
                "eIdx": 29,
                "st": 525
            },
            {
                "ne_type": "",
                "keyword": "<비시_프랑스>",
                "ancestor": "",
                "e_type": "ELU",
                "en": 540,
                "eIdx": 30,
                "st": 532
            },
            {
                "ne_type": "",
                "keyword": "[조르주_블랑제]",
                "ancestor": "",
                "e_type": "WIKILINK",
                "en": 560,
                "eIdx": 31,
                "st": 551
            },
            {
                "ne_type": "TIME",
                "keyword": "[1923년]",
                "ancestor": "",
                "e_type": "NEW",
                "en": 578,
                "eIdx": 32,
                "st": 571
            },
            {
                "ne_type": "",
                "keyword": "<이온_안토네스쿠>",
                "ancestor": "",
                "e_type": "ELU",
                "en": 589,
                "eIdx": 33,
                "st": 579
            },
            {
                "ne_type": "",
                "keyword": "[미하이_안토네스쿠]",
                "ancestor": "",
                "e_type": "WIKILINK",
                "en": 623,
                "eIdx": 34,
                "st": 612
            }
        ],
        "text": "이러한 보고에도 [루마니아] 정부는 [1922년] <이온_안토네스쿠>를 [파리] 주재 무관으로 유임하고 [슈추] 대령을 본국으로 소환하였다. [프랑스] 정부 역시 [페틴] 장군의 보고에도 불구하고 <이온_안토네스쿠>의 유임에 사의를 표명하였다. 당시 <이온_안토네스쿠>는 [투란슬라비아]의 [시비우] 지역 군사 교육을 맡았다. 지역 사령관들은 그의 교육 방식에 대해 불만이 많았다. <이온_안토네스쿠>는 [1923년]부터 [영국]과 [벨기에]의 무관을 겸임하였다. <이온_안토네스쿠>는 무관 임무를 수행하면서 [루마니아] 외교관 [니콜라에_티툴레스쿠]와 함께 <프랑스>로부터 1억 [프랑스_프랑]의 차관을 도입하여 프랑스제 무기를 구입하였다. 이 과정에서 두 사람은 개인적인 친분을 쌓았다. 한편, <이온_안토네스쿠>는 [루마니아] 출신의 [보수주의] 문필가 [마테_비베스코]로부터 [귀스타브_르_봉]의 [군중심리학]을 소개받았다. <귀스타브_르_봉>의 군중심리학은 여러 [파시즘] 지도자들에게 사상적인 기반을 제공하였다. [비베스코]는 [19세기] <비시_프랑스>이자 국가주의자였던 [조르주_블랑제]()도 소개하였다. [1923년] <이온_안토네스쿠>는 그와 정치적 성향이 비슷한 변호사였던 [미하이_안토네스쿠]와 친분을 쌓았다.",
        "pIdx": 15
    },
    {
        "pronouns": [],
        "globalSId": [
            572444,
            572445,
            572446,
            572447
        ],
        "wikiPageId": 69833,
        "entities": [
            {
                "ancestor": "",
                "keyword": "<이온_안토네스쿠>",
                "ne_type": "",
                "e_type": "ELU",
                "en": 16,
                "eIdx": 0,
                "st": 6
            },
            {
                "ancestor": "",
                "keyword": "<루마니아>",
                "ne_type": "",
                "e_type": "ELU",
                "en": 24,
                "eIdx": 1,
                "st": 18
            },
            {
                "ancestor": "",
                "keyword": "<시비우>",
                "ne_type": "",
                "e_type": "ELU",
                "en": 37,
                "eIdx": 2,
                "st": 32
            },
            {
                "ancestor": "",
                "keyword": "[빈틸러_브러티아누]",
                "ne_type": "",
                "e_type": "WIKILINK",
                "en": 81,
                "eIdx": 3,
                "st": 70
            },
            {
                "ancestor": "",
                "keyword": "<국군기무사령부>",
                "ne_type": "",
                "e_type": "ELU",
                "en": 102,
                "eIdx": 4,
                "st": 93
            },
            {
                "ancestor": "",
                "keyword": "<이온_안토네스쿠>",
                "ne_type": "",
                "e_type": "ELU",
                "en": 121,
                "eIdx": 5,
                "st": 111
            },
            {
                "ancestor": "",
                "keyword": "[마리아_니쿨레스쿠]",
                "ne_type": "",
                "e_type": "WIKILINK",
                "en": 149,
                "eIdx": 6,
                "st": 138
            },
            {
                "ancestor": "",
                "keyword": "[루마니아_경찰]",
                "ne_type": "",
                "e_type": "WIKILINK",
                "en": 205,
                "eIdx": 7,
                "st": 196
            },
            {
                "ancestor": "",
                "keyword": "<프랑스인>",
                "ne_type": "",
                "e_type": "ELU",
                "en": 236,
                "eIdx": 8,
                "st": 230
            }
        ],
        "text": "1926년 <이온_안토네스쿠>는 <루마니아>로 귀환하였고 <시비우>의 군사 교육 총괄을 계속하였다. 또한 1928년 가을부터 [빈틸러_브러티아누] 내각의 국방부 산하 <국군기무사령부>을 역임하였다. <이온_안토네스쿠>는 프랑스 체류 시절 알게 된 [마리아_니쿨레스쿠]와 결혼하였다. 그녀는 이미 두 번의 결혼 경험이 있는 이혼녀였는데 첫 번째 남편은 [루마니아_경찰]의 경관이었고 두 번째 남편은 유대인 혈통의 <프랑스인>이었다.",
        "pIdx": 16
    }
]