[
    {
        "pronouns": [],
        "globalSId": [
            840682
        ],
        "wikiPageId": 114159,
        "entities": [
            {
                "ancestor": "",
                "keyword": "<UH-60_블랙_호크>",
                "ne_type": "",
                "e_type": "ELU",
                "en": 27,
                "eIdx": 0,
                "st": 14
            },
            {
                "ancestor": "",
                "keyword": "[1929년]",
                "ne_type": "",
                "e_type": "WIKILINK",
                "en": 65,
                "eIdx": 1,
                "st": 58
            },
            {
                "ancestor": "",
                "keyword": "[12월_9일]",
                "ne_type": "",
                "e_type": "WIKILINK",
                "en": 74,
                "eIdx": 2,
                "st": 66
            },
            {
                "ancestor": "",
                "keyword": "[오스트레일리아]",
                "ne_type": "",
                "e_type": "WIKILINK",
                "en": 94,
                "eIdx": 3,
                "st": 85
            },
            {
                "ancestor": "",
                "keyword": "[오스트레일리아_노동당]",
                "ne_type": "",
                "e_type": "WIKILINK",
                "en": 113,
                "eIdx": 4,
                "st": 100
            }
        ],
        "text": "로버트 제임스 리 '밥' <UH-60_블랙_호크>(Robert James Lee 'Bob' Hawke, [1929년] [12월_9일] ~ )는 제23대 [오스트레일리아] 총리이자 [오스트레일리아_노동당]의 당의장(1983~1991)이다.",
        "pIdx": 1
    },
    {
        "pronouns": [],
        "globalSId": [
            840683,
            840684,
            840685,
            840686
        ],
        "wikiPageId": 114159,
        "entities": [
            {
                "ancestor": "",
                "keyword": "<과정>",
                "ne_type": "",
                "e_type": "ELU",
                "en": 7,
                "eIdx": 0,
                "st": 3
            },
            {
                "ancestor": "",
                "keyword": "[빅토리아_주]",
                "ne_type": "",
                "e_type": "WIKILINK",
                "en": 16,
                "eIdx": 1,
                "st": 8
            },
            {
                "ancestor": "",
                "keyword": "[사우스오스트레일리아_주]",
                "ne_type": "",
                "e_type": "WIKILINK",
                "en": 36,
                "eIdx": 2,
                "st": 22
            },
            {
                "ancestor": "",
                "keyword": "<보더타운_(2006년_영화)>",
                "ne_type": "",
                "e_type": "ELU",
                "en": 60,
                "eIdx": 3,
                "st": 43
            },
            {
                "ancestor": "",
                "keyword": "[웨스턴오스트레일리아_주]",
                "ne_type": "",
                "e_type": "WIKILINK",
                "en": 96,
                "eIdx": 4,
                "st": 82
            },
            {
                "ancestor": "",
                "keyword": "[퍼스_(웨스턴오스트레일리아_주)]",
                "ne_type": "",
                "e_type": "WIKILINK",
                "en": 117,
                "eIdx": 5,
                "st": 98
            },
            {
                "ancestor": "",
                "keyword": "[옥스퍼드_대학교]",
                "ne_type": "",
                "e_type": "WIKILINK",
                "en": 180,
                "eIdx": 6,
                "st": 170
            },
            {
                "ancestor": "",
                "keyword": "<인문학>",
                "ne_type": "",
                "e_type": "ELU",
                "en": 188,
                "eIdx": 7,
                "st": 183
            },
            {
                "ancestor": "",
                "keyword": "[1947년]",
                "ne_type": "",
                "e_type": "WIKILINK",
                "en": 213,
                "eIdx": 8,
                "st": 206
            },
            {
                "ancestor": "",
                "keyword": "[오스트레일리아_노동당]",
                "ne_type": "",
                "e_type": "WIKILINK",
                "en": 229,
                "eIdx": 9,
                "st": 216
            }
        ],
        "text": "성장 <과정> [빅토리아_주]와 인접한 [사우스오스트레일리아_주]의 접경마을 <보더타운_(2006년_영화)>(Bordertown)에서 태어났으며, [웨스턴오스트레일리아_주]의 [퍼스_(웨스턴오스트레일리아_주)]에서 자랐다. 웨스턴오스트레일리아 대학교에서 법학사, 경제학사를 취득했다. '로즈 장학생'으로 [옥스퍼드_대학교]에서 <인문학>을 수학하였으며, 그 출발 직전([1947년])에 [오스트레일리아_노동당]원이 되었다.",
        "pIdx": 2
    },
    {
        "pronouns": [],
        "globalSId": [
            840687
        ],
        "wikiPageId": 114159,
        "entities": [
            {
                "ancestor": "",
                "keyword": "[호주국립대학교]",
                "ne_type": "",
                "e_type": "WIKILINK",
                "en": 17,
                "eIdx": 0,
                "st": 8
            }
        ],
        "text": "1956년에는 [호주국립대학교]에서 법학 박사를 취득하였다.",
        "pIdx": 3
    },
    {
        "pronouns": [],
        "globalSId": [
            840688,
            840689,
            840690,
            840691,
            840692
        ],
        "wikiPageId": 114159,
        "entities": [
            {
                "ancestor": "",
                "keyword": "[1969년]",
                "ne_type": "",
                "e_type": "WIKILINK",
                "en": 18,
                "eIdx": 0,
                "st": 11
            },
            {
                "ancestor": "",
                "keyword": "[노동조합]",
                "ne_type": "",
                "e_type": "WIKILINK",
                "en": 58,
                "eIdx": 1,
                "st": 52
            },
            {
                "ancestor": "",
                "keyword": "[독일]",
                "ne_type": "",
                "e_type": "WIKILINK",
                "en": 86,
                "eIdx": 2,
                "st": 82
            },
            {
                "ancestor": "",
                "keyword": "[진보주의]",
                "ne_type": "",
                "e_type": "WIKILINK",
                "en": 109,
                "eIdx": 3,
                "st": 103
            },
            {
                "ancestor": "",
                "keyword": "<주도>",
                "ne_type": "",
                "e_type": "ELU",
                "en": 142,
                "eIdx": 4,
                "st": 138
            },
            {
                "ancestor": "",
                "keyword": "[베트남_전쟁]",
                "ne_type": "",
                "e_type": "WIKILINK",
                "en": 162,
                "eIdx": 5,
                "st": 154
            },
            {
                "ancestor": "",
                "keyword": "<사안>",
                "ne_type": "",
                "e_type": "ELU",
                "en": 186,
                "eIdx": 6,
                "st": 182
            },
            {
                "ancestor": "",
                "keyword": "[미국]",
                "ne_type": "",
                "e_type": "WIKILINK",
                "en": 194,
                "eIdx": 7,
                "st": 190
            },
            {
                "ancestor": "",
                "keyword": "<강조>",
                "ne_type": "",
                "e_type": "ELU",
                "en": 205,
                "eIdx": 8,
                "st": 201
            },
            {
                "ancestor": "",
                "keyword": "[1980년]",
                "ne_type": "",
                "e_type": "WIKILINK",
                "en": 217,
                "eIdx": 9,
                "st": 210
            },
            {
                "ancestor": "",
                "keyword": "[빅토리아_주]",
                "ne_type": "",
                "e_type": "WIKILINK",
                "en": 237,
                "eIdx": 10,
                "st": 229
            },
            {
                "ancestor": "",
                "keyword": "[멜버른]",
                "ne_type": "",
                "e_type": "WIKILINK",
                "en": 243,
                "eIdx": 11,
                "st": 238
            }
        ],
        "text": "노조 및 정치 활동 [1969년]부터 10년 동안 자국내에서 가장 큰 '오스트레일리아 직종별 [노동조합]'(ACTU)의장을 지냈으며, 이 과정에서 [독일]을 모델로 하여, 일부 전통적 [진보주의] 조합원들의 반발을 무릅쓰고 조합과 강령의 현대화를 <주도>했다. 재임기간 동안 [베트남_전쟁]에는 부정적인 평가를 내렸으나 기타 <사안>에서는 [미국]과의 협력을 <강조>하였다. [1980년] 국회의원 총선거에서 [빅토리아_주] [멜버른] 시 지역의 Wills 지역구 의원으로 당선, 본격적으로 정치에 입문하였다. 특유의 지도력으로 그해에 범야권의 지도자(Leader of the Opposition)가 되었다.",
        "pIdx": 4
    }
]