[
    {
        "pronouns": [],
        "globalSId": [
            2233934
        ],
        "wikiPageId": 522615,
        "entities": [
            {
                "ancestor": "",
                "keyword": "<하피줄라_아민>",
                "ne_type": "",
                "e_type": "ELU",
                "en": 9,
                "eIdx": 0,
                "st": 0
            },
            {
                "ancestor": "",
                "keyword": "[1929년]",
                "ne_type": "",
                "e_type": "WIKILINK",
                "en": 34,
                "eIdx": 1,
                "st": 27
            },
            {
                "ancestor": "",
                "keyword": "[8월_1일]",
                "ne_type": "",
                "e_type": "WIKILINK",
                "en": 42,
                "eIdx": 2,
                "st": 35
            },
            {
                "ancestor": "",
                "keyword": "[1979년]",
                "ne_type": "",
                "e_type": "WIKILINK",
                "en": 52,
                "eIdx": 3,
                "st": 45
            },
            {
                "ancestor": "",
                "keyword": "[12월_27일]",
                "ne_type": "",
                "e_type": "WIKILINK",
                "en": 62,
                "eIdx": 4,
                "st": 53
            },
            {
                "ancestor": "",
                "keyword": "[아프가니스탄]",
                "ne_type": "",
                "e_type": "WIKILINK",
                "en": 75,
                "eIdx": 5,
                "st": 67
            },
            {
                "ancestor": "",
                "keyword": "[아프가니스탄_인민_공화국]",
                "ne_type": "",
                "e_type": "WIKILINK",
                "en": 98,
                "eIdx": 6,
                "st": 83
            }
        ],
        "text": "<하피줄라_아민>(Hafizullah Amin, [1929년] [8월_1일] ~ [1979년] [12월_27일], )은 [아프가니스탄]의 정치인으로 [아프가니스탄_인민_공화국]의 제2대 혁명평의회 의장을 지냈다.",
        "pIdx": 1
    },
    {
        "pronouns": [],
        "globalSId": [
            2233935,
            2233936
        ],
        "wikiPageId": 522615,
        "entities": [
            {
                "ancestor": "",
                "keyword": "[파슈툰족]",
                "ne_type": "",
                "e_type": "WIKILINK",
                "en": 6,
                "eIdx": 0,
                "st": 0
            },
            {
                "ancestor": "",
                "keyword": "[카불_대학]",
                "ne_type": "",
                "e_type": "WIKILINK",
                "en": 19,
                "eIdx": 1,
                "st": 12
            },
            {
                "ancestor": "",
                "keyword": "<졸업>",
                "ne_type": "",
                "e_type": "ELU",
                "en": 25,
                "eIdx": 2,
                "st": 21
            },
            {
                "ancestor": "",
                "keyword": "<미국>",
                "ne_type": "",
                "e_type": "ELU",
                "en": 32,
                "eIdx": 3,
                "st": 28
            },
            {
                "ancestor": "",
                "keyword": "[컬럼비아_대학교]",
                "ne_type": "",
                "e_type": "WIKILINK",
                "en": 43,
                "eIdx": 4,
                "st": 33
            },
            {
                "ancestor": "",
                "keyword": "<학습>",
                "ne_type": "",
                "e_type": "ELU",
                "en": 54,
                "eIdx": 5,
                "st": 50
            },
            {
                "ancestor": "",
                "keyword": "<이후_(소설가)>",
                "ne_type": "",
                "e_type": "ELU",
                "en": 70,
                "eIdx": 6,
                "st": 60
            },
            {
                "ancestor": "",
                "keyword": "[아프가니스탄]",
                "ne_type": "",
                "e_type": "WIKILINK",
                "en": 79,
                "eIdx": 7,
                "st": 71
            },
            {
                "ancestor": "",
                "keyword": "[아프가니스탄_인민_민주당]",
                "ne_type": "",
                "e_type": "WIKILINK",
                "en": 114,
                "eIdx": 8,
                "st": 99
            },
            {
                "ancestor": "",
                "keyword": "[1978년]",
                "ne_type": "",
                "e_type": "WIKILINK",
                "en": 127,
                "eIdx": 9,
                "st": 120
            },
            {
                "ancestor": "",
                "keyword": "[4월_27일]",
                "ne_type": "",
                "e_type": "WIKILINK",
                "en": 136,
                "eIdx": 10,
                "st": 128
            },
            {
                "ancestor": "",
                "keyword": "[바브락_카르말]",
                "ne_type": "",
                "e_type": "WIKILINK",
                "en": 146,
                "eIdx": 11,
                "st": 137
            },
            {
                "ancestor": "",
                "keyword": "[누르_무함마드_타라키]",
                "ne_type": "",
                "e_type": "WIKILINK",
                "en": 161,
                "eIdx": 12,
                "st": 148
            },
            {
                "ancestor": "",
                "keyword": "<쿠데타>",
                "ne_type": "",
                "e_type": "ELU",
                "en": 173,
                "eIdx": 13,
                "st": 168
            },
            {
                "ancestor": "",
                "keyword": "[무함마드_다우드]",
                "ne_type": "",
                "e_type": "WIKILINK",
                "en": 193,
                "eIdx": 14,
                "st": 183
            }
        ],
        "text": "[파슈툰족] 출신으로 [카불_대학]을 <졸업>하고 <미국> [컬럼비아_대학교]에서 대학원 <학습>를 했으며 <이후_(소설가)> [아프가니스탄]으로 귀국해 교사가 되었다. 그리고 [아프가니스탄_인민_민주당]에 합류해 [1978년] [4월_27일] [바브락_카르말], [누르_무함마드_타라키] 등과 함께 <쿠데타>를 일으켜 대통령 [무함마드_다우드]를 살해했다.",
        "pIdx": 2
    }
]