[
    {
        "pronouns": [],
        "globalSId": [
            2222287,
            2222288,
            2222289
        ],
        "wikiPageId": 516827,
        "entities": [
            {
                "ancestor": "",
                "keyword": "<금발카푸친>",
                "ne_type": "",
                "e_type": "ELU",
                "en": 7,
                "eIdx": 0,
                "st": 0
            },
            {
                "ancestor": "",
                "keyword": "[꼬리감는원숭이]",
                "ne_type": "",
                "e_type": "WIKILINK",
                "en": 35,
                "eIdx": 1,
                "st": 26
            },
            {
                "ancestor": "",
                "keyword": "<꼬리감는원숭이>",
                "ne_type": "",
                "e_type": "ELU",
                "en": 48,
                "eIdx": 2,
                "st": 39
            },
            {
                "ancestor": "",
                "keyword": "<검은머리카푸친>",
                "ne_type": "",
                "e_type": "ELU",
                "en": 72,
                "eIdx": 3,
                "st": 63
            },
            {
                "ancestor": "",
                "keyword": "[브라질]",
                "ne_type": "",
                "e_type": "WIKILINK",
                "en": 140,
                "eIdx": 4,
                "st": 135
            },
            {
                "ancestor": "",
                "keyword": "<추정>",
                "ne_type": "",
                "e_type": "ELU",
                "en": 175,
                "eIdx": 5,
                "st": 171
            }
        ],
        "text": "<금발카푸친>(\"Cebus flavius\")은 [꼬리감는원숭이], 즉 <꼬리감는원숭이>에 속하는 원숭이의 하나로 <검은머리카푸친>(\"Cebus apella\") 군에 포함되어 있다. 멸종위급종으로 2006년에 재발견되었다. 이들의 원 서식지는 [브라질] 북부 지역이며, 약 180여 마리만에 남아있는 것으로 <추정>되고 있다.",
        "pIdx": 1
    },
    {
        "pronouns": [],
        "globalSId": [
            2222290,
            2222291,
            2222292,
            2222293,
            2222294,
            2222295
        ],
        "wikiPageId": 516827,
        "entities": [
            {
                "ancestor": "",
                "keyword": "[신기준_표본]",
                "ne_type": "",
                "e_type": "WIKILINK",
                "en": 152,
                "eIdx": 0,
                "st": 144
            },
            {
                "ancestor": "",
                "keyword": "<꼬리감는원숭이>",
                "ne_type": "",
                "e_type": "ELU",
                "en": 260,
                "eIdx": 1,
                "st": 251
            },
            {
                "ancestor": "",
                "keyword": "<부여>",
                "ne_type": "",
                "e_type": "ELU",
                "en": 326,
                "eIdx": 2,
                "st": 322
            }
        ],
        "text": "분류 금발카푸친은 1648년에 게오르그 마크그레이브가 처음 기술했다. 1774년 요한 크이스티앙 다니엘 폰 슈레버가 \"Simia flavia\"라는 이름으로 독립된 종으로 분류했었지만, 어떤 견본도 없이 오랫동안 지내왔다. 이는 2006년 연구자들이 이 종의 [신기준_표본]을 만들때 까지 이어졌다. 금발카푸친에 대한 신기준 표본을 지정하며 작성한 글에서, 드 올리베이라(de Oliveira)와 랭구스(Langguth)는 마크그레이브와 슈레버의 이 <꼬리감는원숭이>에 대한 기술이 일치한다고 확인했으며, 1774년의 슈레버의 공로를 인정하여 \"C. flavius\"라는 학명을 <부여>했다.",
        "pIdx": 2
    },
    {
        "pronouns": [],
        "globalSId": [
            2222296,
            2222297,
            2222298,
            2222299,
            2222300,
            2222301,
            2222302
        ],
        "wikiPageId": 516827,
        "entities": [
            {
                "ancestor": "",
                "keyword": "<몰타>",
                "ne_type": "",
                "e_type": "ELU",
                "en": 25,
                "eIdx": 0,
                "st": 21
            },
            {
                "ancestor": "",
                "keyword": "<몰타>",
                "ne_type": "",
                "e_type": "ELU",
                "en": 135,
                "eIdx": 1,
                "st": 131
            },
            {
                "ancestor": "",
                "keyword": "<제시_(배우)>",
                "ne_type": "",
                "e_type": "ELU",
                "en": 146,
                "eIdx": 2,
                "st": 137
            }
        ],
        "text": "같은 해 2006년, 멘데스 폰테스와 <몰타>는 새로운 종, \"C. queirozi\"을 보고했다. 그러나 드 올리베이라와 그의 공저자들은 이미 관련 연구가 존재함을 지적했다. 다시 말해, 마크그레이브와 슈레버의 표본과 멘데스 폰테스와 <몰타>가 <제시_(배우)>한 기준 표본이 같은 종이라는 사실이었다. 그래서 \"C. queirozi\"는 이명으로 간주되었다. 라일랜즈와 미터마이어는 올리베이라와 랭구스의 시각을 따랐다.",
        "pIdx": 3
    }
]