[
    {
        "pronouns": [],
        "globalSId": [
            2965450
        ],
        "wikiPageId": 888721,
        "entities": [
            {
                "ancestor": "",
                "keyword": "[소비에트_연방]",
                "ne_type": "",
                "e_type": "WIKILINK",
                "en": 41,
                "eIdx": 0,
                "st": 32
            },
            {
                "ancestor": "",
                "keyword": "[장성]",
                "ne_type": "",
                "e_type": "WIKILINK",
                "en": 47,
                "eIdx": 1,
                "st": 43
            }
        ],
        "text": "표도르 이시도로비치 쿠즈네초프 (, 1898–1961)는 [소비에트_연방]의 [장성]이다.",
        "pIdx": 1
    }
]