[
    {
        "pronouns": [],
        "globalSId": [
            3269299,
            3269300,
            3269301,
            3269302,
            3269303,
            3269304,
            3269305,
            3269306
        ],
        "wikiPageId": 1063092,
        "entities": [
            {
                "ancestor": "",
                "keyword": "[노트북_컴퓨터]",
                "ne_type": "",
                "e_type": "WIKILINK",
                "en": 42,
                "eIdx": 0,
                "st": 33
            },
            {
                "ancestor": "",
                "keyword": "<설계>",
                "ne_type": "",
                "e_type": "ELU",
                "en": 96,
                "eIdx": 1,
                "st": 92
            },
            {
                "ancestor": "",
                "keyword": "<사용성>",
                "ne_type": "",
                "e_type": "ELU",
                "en": 114,
                "eIdx": 2,
                "st": 109
            },
            {
                "ancestor": "",
                "keyword": "<강조>",
                "ne_type": "",
                "e_type": "ELU",
                "en": 129,
                "eIdx": 3,
                "st": 125
            },
            {
                "ancestor": "",
                "keyword": "[인텔_코어]",
                "ne_type": "",
                "e_type": "WIKILINK",
                "en": 147,
                "eIdx": 4,
                "st": 140
            },
            {
                "ancestor": "",
                "keyword": "[중앙_처리_장치]",
                "ne_type": "",
                "e_type": "WIKILINK",
                "en": 158,
                "eIdx": 5,
                "st": 148
            },
            {
                "ancestor": "",
                "keyword": "[솔리드_스테이트_드라이브]",
                "ne_type": "",
                "e_type": "WIKILINK",
                "en": 188,
                "eIdx": 6,
                "st": 173
            },
            {
                "ancestor": "",
                "keyword": "[기억장치]",
                "ne_type": "",
                "e_type": "WIKILINK",
                "en": 196,
                "eIdx": 7,
                "st": 190
            },
            {
                "ancestor": "",
                "keyword": "[노트북_컴퓨터]",
                "ne_type": "",
                "e_type": "WIKILINK",
                "en": 254,
                "eIdx": 8,
                "st": 245
            },
            {
                "ancestor": "",
                "keyword": "<구성>",
                "ne_type": "",
                "e_type": "ELU",
                "en": 344,
                "eIdx": 9,
                "st": 340
            },
            {
                "ancestor": "",
                "keyword": "<지방법원>",
                "ne_type": "",
                "e_type": "ELU",
                "en": 378,
                "eIdx": 10,
                "st": 372
            },
            {
                "ancestor": "",
                "keyword": "[해상도]",
                "ne_type": "",
                "e_type": "WIKILINK",
                "en": 399,
                "eIdx": 11,
                "st": 394
            },
            {
                "ancestor": "",
                "keyword": "[알루미늄]",
                "ne_type": "",
                "e_type": "WIKILINK",
                "en": 420,
                "eIdx": 12,
                "st": 414
            },
            {
                "ancestor": "",
                "keyword": "<블록_(컴퓨팅)>",
                "ne_type": "",
                "e_type": "ELU",
                "en": 431,
                "eIdx": 13,
                "st": 421
            },
            {
                "ancestor": "",
                "keyword": "<강성>",
                "ne_type": "",
                "e_type": "ELU",
                "en": 478,
                "eIdx": 14,
                "st": 474
            },
            {
                "ancestor": "",
                "keyword": "[해상도]",
                "ne_type": "",
                "e_type": "WIKILINK",
                "en": 509,
                "eIdx": 15,
                "st": 504
            },
            {
                "ancestor": "",
                "keyword": "<구성>",
                "ne_type": "",
                "e_type": "ELU",
                "en": 540,
                "eIdx": 16,
                "st": 536
            },
            {
                "ancestor": "",
                "keyword": "[해상도]",
                "ne_type": "",
                "e_type": "WIKILINK",
                "en": 566,
                "eIdx": 17,
                "st": 561
            },
            {
                "ancestor": "",
                "keyword": "[플라스틱]",
                "ne_type": "",
                "e_type": "WIKILINK",
                "en": 614,
                "eIdx": 18,
                "st": 608
            },
            {
                "ancestor": "",
                "keyword": "[해상도]",
                "ne_type": "",
                "e_type": "WIKILINK",
                "en": 640,
                "eIdx": 19,
                "st": 635
            },
            {
                "ancestor": "",
                "keyword": "[플라스틱]",
                "ne_type": "",
                "e_type": "WIKILINK",
                "en": 669,
                "eIdx": 20,
                "st": 663
            },
            {
                "ancestor": "",
                "keyword": "[해상도]",
                "ne_type": "",
                "e_type": "WIKILINK",
                "en": 696,
                "eIdx": 21,
                "st": 691
            }
        ],
        "text": "아티브 북9(ATIV Book 9)은 삼성전자 최상위 기종 [노트북_컴퓨터]군의 마케팅 상표명이다. 북9은 기획 당시부터 최고의 성능과 최고의 휴대성을 염두에 두고 <설계>되어 사용자에게 최고의 <사용성>을 제공한다는 점을 <강조>하고 있다. 북9은 [인텔_코어] [중앙_처리_장치]를 채용했으며 모든 기종은 [솔리드_스테이트_드라이브]를 [기억장치]로 탑재하였다. 북9 제품들 중 가장 얇은 제품은 의 두께로서 이는 세계에서 가장 얇은 [노트북_컴퓨터] 중 하나이다. 북9 제품군은 각기 다른 사양으로 출시되었는데, 2014년 2월 현재 세개의 13인치대 화면크기 모델과 두개의 15인치대 화면크게 모델로 <구성>되어 있다. 이 중 북8플러스는 터치스크린 기능이 <지방법원>되는 13.3인치 화면크기에 [해상도] 해상도의 화면을 가지며, [알루미늄] <블록_(컴퓨팅)>을 깎아내어 만든 싱글쉘(Single-Shell) 본체를 채용하여 얇으면서도 <강성>을 높였다. 북9 13.3인치 화면크기 제품은 [해상도] 해상도의 화면을 가지며 마그네슘 재질의 본체로 <구성>되어 있고, 15.6인치 제품은 역시 [해상도] 해상도의 화면과 북9플러스와 유사한 싱글쉘 본체를 채용하였다. 이 외에도 [플라스틱] 외관을 가진 13.3인치 화면크기에 [해상도] 해상도를 가진 북9라이트가 있으며 역시 [플라스틱] 외관을 가지며 15.6인치 화면크기에 [해상도] 해상도를 가진 북9스타일이 소개되었다.",
        "pIdx": 1
    },
    {
        "pronouns": [],
        "globalSId": [
            3269307
        ],
        "wikiPageId": 1063092,
        "entities": [],
        "text": "역사",
        "pIdx": 2
    },
    {
        "pronouns": [],
        "globalSId": [
            3269308,
            3269309,
            3269310,
            3269311
        ],
        "wikiPageId": 1063092,
        "entities": [
            {
                "ancestor": "",
                "keyword": "<미국>",
                "ne_type": "",
                "e_type": "ELU",
                "en": 35,
                "eIdx": 0,
                "st": 31
            },
            {
                "ancestor": "",
                "keyword": "<라스베이거스>",
                "ne_type": "",
                "e_type": "ELU",
                "en": 44,
                "eIdx": 1,
                "st": 36
            },
            {
                "ancestor": "",
                "keyword": "[소비자_가전_전시회]",
                "ne_type": "",
                "e_type": "WIKILINK",
                "en": 63,
                "eIdx": 2,
                "st": 51
            },
            {
                "ancestor": "",
                "keyword": "<박람회>",
                "ne_type": "",
                "e_type": "ELU",
                "en": 100,
                "eIdx": 3,
                "st": 95
            },
            {
                "ancestor": "",
                "keyword": "[노트북_컴퓨터]",
                "ne_type": "",
                "e_type": "WIKILINK",
                "en": 112,
                "eIdx": 4,
                "st": 103
            },
            {
                "ancestor": "",
                "keyword": "[두랄루민]",
                "ne_type": "",
                "e_type": "WIKILINK",
                "en": 171,
                "eIdx": 5,
                "st": 165
            },
            {
                "ancestor": "",
                "keyword": "<강성>",
                "ne_type": "",
                "e_type": "ELU",
                "en": 182,
                "eIdx": 6,
                "st": 178
            },
            {
                "ancestor": "",
                "keyword": "[인텔_코어]",
                "ne_type": "",
                "e_type": "WIKILINK",
                "en": 229,
                "eIdx": 7,
                "st": 222
            },
            {
                "ancestor": "",
                "keyword": "[중앙_처리_장치]",
                "ne_type": "",
                "e_type": "WIKILINK",
                "en": 240,
                "eIdx": 8,
                "st": 230
            },
            {
                "ancestor": "",
                "keyword": "[기가바이트]",
                "ne_type": "",
                "e_type": "WIKILINK",
                "en": 252,
                "eIdx": 9,
                "st": 245
            },
            {
                "ancestor": "",
                "keyword": "[솔리드_스테이트_드라이브]",
                "ne_type": "",
                "e_type": "WIKILINK",
                "en": 270,
                "eIdx": 10,
                "st": 255
            },
            {
                "ancestor": "",
                "keyword": "[해상도]",
                "ne_type": "",
                "e_type": "WIKILINK",
                "en": 294,
                "eIdx": 11,
                "st": 289
            },
            {
                "ancestor": "",
                "keyword": "[칸델라_매_제곱미터]",
                "ne_type": "",
                "e_type": "WIKILINK",
                "en": 314,
                "eIdx": 12,
                "st": 302
            }
        ],
        "text": "제 1세대 북9의 첫번째 모델은 2011년 1월 6일, <미국> <라스베이거스>에서 개최된 [소비자_가전_전시회]에서 시리즈9 이라는 마케팅명으로 처음으로 공개되어, 당 <박람회>에서 [노트북_컴퓨터] 부문의 최우수상을 받는 영예를 누렸다. 시리즈9는 세계 최초로 항공기의 동체 재질로 사용되는 [두랄루민]을 사용하여 <강성>을 높이고 무게를 줄였고, 의 두께와 의 무게로 소개되었다. 이 제품은 [인텔_코어] [중앙_처리_장치]와 128[기가바이트] 의 [솔리드_스테이트_드라이브], 그리고 13.3”의 화면크기와 [해상도] 해상도 300[칸델라_매_제곱미터]의 밝기를 가지는 디스플레이가 탑재되었다.",
        "pIdx": 3
    }
]