[
    {
        "pronouns": [],
        "globalSId": [
            1669088,
            1669089,
            1669090
        ],
        "wikiPageId": 306818,
        "entities": [
            {
                "ancestor": "",
                "keyword": "<최종건>",
                "ne_type": "",
                "e_type": "ELU",
                "en": 5,
                "eIdx": 0,
                "st": 0
            },
            {
                "ancestor": "",
                "keyword": "[1926년]",
                "ne_type": "",
                "e_type": "WIKILINK",
                "en": 18,
                "eIdx": 1,
                "st": 11
            },
            {
                "ancestor": "",
                "keyword": "[1월_9일]",
                "ne_type": "",
                "e_type": "WIKILINK",
                "en": 26,
                "eIdx": 2,
                "st": 19
            },
            {
                "ancestor": "",
                "keyword": "[1973년]",
                "ne_type": "",
                "e_type": "WIKILINK",
                "en": 36,
                "eIdx": 3,
                "st": 29
            },
            {
                "ancestor": "",
                "keyword": "[11월_15일]",
                "ne_type": "",
                "e_type": "WIKILINK",
                "en": 46,
                "eIdx": 4,
                "st": 37
            },
            {
                "ancestor": "",
                "keyword": "[선경그룹]",
                "ne_type": "",
                "e_type": "WIKILINK",
                "en": 55,
                "eIdx": 5,
                "st": 49
            },
            {
                "ancestor": "",
                "keyword": "[SK그룹]",
                "ne_type": "",
                "e_type": "WIKILINK",
                "en": 64,
                "eIdx": 6,
                "st": 58
            },
            {
                "ancestor": "",
                "keyword": "[대한민국]",
                "ne_type": "",
                "e_type": "WIKILINK",
                "en": 77,
                "eIdx": 7,
                "st": 71
            },
            {
                "ancestor": "",
                "keyword": "[수성_최씨]",
                "ne_type": "",
                "e_type": "WIKILINK",
                "en": 97,
                "eIdx": 8,
                "st": 90
            },
            {
                "ancestor": "",
                "keyword": "[경기도]",
                "ne_type": "",
                "e_type": "WIKILINK",
                "en": 106,
                "eIdx": 9,
                "st": 101
            },
            {
                "ancestor": "",
                "keyword": "[수원시]",
                "ne_type": "",
                "e_type": "WIKILINK",
                "en": 112,
                "eIdx": 10,
                "st": 107
            },
            {
                "ancestor": "",
                "keyword": "<ㄷ>",
                "ne_type": "",
                "e_type": "ELU",
                "en": 125,
                "eIdx": 11,
                "st": 122
            }
        ],
        "text": "<최종건>(崔鍾建, [1926년] [1월_9일] ~ [1973년] [11월_15일])은 [선경그룹](현 [SK그룹])을 창업한 [대한민국]의 기업인이다. 본관은 [수성_최씨]이며, [경기도] [수원시] 출신이다. 호는 <ㄷ>(湛然)이다.",
        "pIdx": 1
    },
    {
        "pronouns": [],
        "globalSId": [
            1669091,
            1669092
        ],
        "wikiPageId": 306818,
        "entities": [
            {
                "ancestor": "",
                "keyword": "<졸업>",
                "ne_type": "",
                "e_type": "ELU",
                "en": 16,
                "eIdx": 0,
                "st": 12
            },
            {
                "ancestor": "",
                "keyword": "[1944년]",
                "ne_type": "",
                "e_type": "WIKILINK",
                "en": 26,
                "eIdx": 1,
                "st": 19
            },
            {
                "ancestor": "",
                "keyword": "[4월]",
                "ne_type": "",
                "e_type": "WIKILINK",
                "en": 31,
                "eIdx": 2,
                "st": 27
            },
            {
                "ancestor": "",
                "keyword": "[1953년]",
                "ne_type": "",
                "e_type": "WIKILINK",
                "en": 64,
                "eIdx": 3,
                "st": 57
            },
            {
                "ancestor": "",
                "keyword": "[한국전쟁]",
                "ne_type": "",
                "e_type": "WIKILINK",
                "en": 70,
                "eIdx": 4,
                "st": 64
            },
            {
                "ancestor": "",
                "keyword": "[적산불하]",
                "ne_type": "",
                "e_type": "WIKILINK",
                "en": 89,
                "eIdx": 5,
                "st": 83
            },
            {
                "ancestor": "",
                "keyword": "<인수_합병>",
                "ne_type": "",
                "e_type": "ELU",
                "en": 98,
                "eIdx": 6,
                "st": 91
            },
            {
                "ancestor": "",
                "keyword": "<SK그룹>",
                "ne_type": "",
                "e_type": "ELU",
                "en": 107,
                "eIdx": 7,
                "st": 101
            },
            {
                "ancestor": "",
                "keyword": "[선경직물]",
                "ne_type": "",
                "e_type": "WIKILINK",
                "en": 126,
                "eIdx": 8,
                "st": 120
            },
            {
                "ancestor": "",
                "keyword": "<일본>",
                "ne_type": "",
                "e_type": "ELU",
                "en": 138,
                "eIdx": 9,
                "st": 134
            },
            {
                "ancestor": "",
                "keyword": "<일본>",
                "ne_type": "",
                "e_type": "ELU",
                "en": 160,
                "eIdx": 10,
                "st": 156
            },
            {
                "ancestor": "",
                "keyword": "<관서_지방>",
                "ne_type": "",
                "e_type": "ELU",
                "en": 168,
                "eIdx": 11,
                "st": 161
            }
        ],
        "text": "경성직업학교 기계과를 <졸업>하고 [1944년] [4월] 선경직물 수원공장에 견습기사로 입사하였으며, [1953년][한국전쟁] 휴전 이후 선경직물을 [적산불하]로 <인수_합병>하여 <SK그룹>의 모태를 완성시켰다. [선경직물]은 1939년 <일본>인 포목회사 선만주단 주식회사와 <일본> <관서_지방>의 교토직물이 합작해 세운 회사였다.",
        "pIdx": 2
    }
]