[
    {
        "pronouns": [],
        "globalSId": [
            2056268,
            2056269,
            2056270
        ],
        "wikiPageId": 447782,
        "entities": [
            {
                "ancestor": "",
                "keyword": "<레코드_(컴퓨터_과학)>",
                "ne_type": "",
                "e_type": "ELU",
                "en": 40,
                "eIdx": 0,
                "st": 26
            },
            {
                "ancestor": "",
                "keyword": "[크리던스_클리어워터_리바이벌]",
                "ne_type": "",
                "e_type": "WIKILINK",
                "en": 70,
                "eIdx": 1,
                "st": 53
            },
            {
                "ancestor": "",
                "keyword": "<턴테이블리즘>",
                "ne_type": "",
                "e_type": "ELU",
                "en": 150,
                "eIdx": 2,
                "st": 142
            }
        ],
        "text": "턴테이블 효과의 예는 60~70년대에 나온 팝 <레코드_(컴퓨터_과학)>에서도 찾을 수 있다. [크리던스_클리어워터_리바이벌]의 1968년 데뷔 앨범 수록곡 \"Walk on the Water\"는 백스핀 효과가 들어있다. 하지만, 우리가 현재 아는 형태의 <턴테이블리즘>은 1970년대 말 힙합이 나타날 때까지 드러나지 않았다.",
        "pIdx": 7
    },
    {
        "pronouns": [],
        "globalSId": [
            2056271,
            2056272,
            2056273,
            2056274
        ],
        "wikiPageId": 447782,
        "entities": [
            {
                "ancestor": "",
                "keyword": "<현대자동차>",
                "ne_type": "",
                "e_type": "ELU",
                "en": 10,
                "eIdx": 0,
                "st": 3
            },
            {
                "ancestor": "",
                "keyword": "<턴테이블리즘>",
                "ne_type": "",
                "e_type": "ELU",
                "en": 29,
                "eIdx": 1,
                "st": 21
            },
            {
                "ancestor": "",
                "keyword": "<턴테이블리즘>",
                "ne_type": "",
                "e_type": "ELU",
                "en": 61,
                "eIdx": 2,
                "st": 53
            },
            {
                "ancestor": "",
                "keyword": "<랩_(음악)>",
                "ne_type": "",
                "e_type": "ELU",
                "en": 105,
                "eIdx": 3,
                "st": 97
            },
            {
                "ancestor": "",
                "keyword": "<그래피티_(웹툰)>",
                "ne_type": "",
                "e_type": "ELU",
                "en": 118,
                "eIdx": 4,
                "st": 107
            },
            {
                "ancestor": "",
                "keyword": "<사이>",
                "ne_type": "",
                "e_type": "ELU",
                "en": 188,
                "eIdx": 5,
                "st": 184
            }
        ],
        "text": "힙합 <현대자동차>의 음악 장르로써의 <턴테이블리즘>은 힙합에 그 뿌리를 두고 있다. 실제로, <턴테이블리즘>의 뿌리라 할 수 있는 디제잉은 힙합의 \"다섯 기둥\" (디제잉, <랩_(음악)>, <그래피티_(웹툰)>, 브레이킹, 비트박싱) 중 하나이다. 전문 턴테이블리스트가 나타나기 시작하던 시점 이미 스크래칭은 DJ와 프로듀서들 <사이>에서 널리 퍼져있었다.",
        "pIdx": 8
    },
    {
        "pronouns": [],
        "globalSId": [
            2056275,
            2056276,
            2056277,
            2056278,
            2056279,
            2056280,
            2056281,
            2056282,
            2056283
        ],
        "wikiPageId": 447782,
        "entities": [
            {
                "ancestor": "",
                "keyword": "[쿨_DJ_헉]",
                "ne_type": "",
                "e_type": "WIKILINK",
                "en": 8,
                "eIdx": 0,
                "st": 0
            },
            {
                "ancestor": "",
                "keyword": "[아프리카_밤바타]",
                "ne_type": "",
                "e_type": "WIKILINK",
                "en": 20,
                "eIdx": 1,
                "st": 10
            },
            {
                "ancestor": "",
                "keyword": "[그랜드마스터_플래쉬]",
                "ne_type": "",
                "e_type": "WIKILINK",
                "en": 34,
                "eIdx": 2,
                "st": 22
            },
            {
                "ancestor": "",
                "keyword": "[브레이크_비트]",
                "ne_type": "",
                "e_type": "WIKILINK",
                "en": 86,
                "eIdx": 3,
                "st": 77
            },
            {
                "ancestor": "",
                "keyword": "<프리즌_브레이크>",
                "ne_type": "",
                "e_type": "ELU",
                "en": 224,
                "eIdx": 4,
                "st": 214
            },
            {
                "ancestor": "",
                "keyword": "<프리즌_브레이크>",
                "ne_type": "",
                "e_type": "ELU",
                "en": 263,
                "eIdx": 5,
                "st": 253
            },
            {
                "ancestor": "",
                "keyword": "<북>",
                "ne_type": "",
                "e_type": "ELU",
                "en": 307,
                "eIdx": 6,
                "st": 304
            },
            {
                "ancestor": "",
                "keyword": "<형식>",
                "ne_type": "",
                "e_type": "ELU",
                "en": 324,
                "eIdx": 7,
                "st": 320
            },
            {
                "ancestor": "",
                "keyword": "<이용_(가수)>",
                "ne_type": "",
                "e_type": "ELU",
                "en": 543,
                "eIdx": 8,
                "st": 534
            },
            {
                "ancestor": "",
                "keyword": "<프리즌_브레이크>",
                "ne_type": "",
                "e_type": "ELU",
                "en": 668,
                "eIdx": 9,
                "st": 658
            }
        ],
        "text": "[쿨_DJ_헉], [아프리카_밤바타], [그랜드마스터_플래쉬]는 현재 DJ의 역할을 확립한 선구자들로 평가받고 있다. Kool Herc의 [브레이크_비트] 디제잉의 발명은 다른 모든 힙합의 요소에 모태가 되었던 만큼 힙합의 기초를 만든 사건으로 생각된다. 그의 \"턴테이블리스트로써의 DJ\"에 대한 개념 확립 역시 그만큼이나 중요하다. 이 일의 중요성에 대해서 알기 위해서는, 먼저 \"<프리즌_브레이크>\"에 대해 정의하는 것이 필요하다. 간단히 말해, \"<프리즌_브레이크>\"란 노래에서 잘라낸 몇 초 짜리 조각으로, 대부분의 음악 부분이 멈추고 <북>만 남게 되는 \"막간\" <형식>을 띄는 음악이다. 브레이크는 노래의 \"클라이맥스\"와도 비슷한데, 이는 노래가 결말 (보통 후렴구)에 다다르기 직전 가장 흥분되는 상태가 되기 때문이다. 관객들을 흥분시키는 것 외에도, 드럼을 중심으로 짜여있는 음악의 특성 때문에 따라서 춤을 추기도 쉽다. Kool Herc은 브레이크를 무한히 반복시키는 브레이크 비트 테크닉을 소개하였다. 이것은 두 장의 똑같은 레코드판을 <이용_(가수)>해, DJ 믹서에서 서로서로 바꿔가면서 트는 것으로 가능하다: 예를 들어, A 판이 돌아가는 동안, DJ는 B 판을 똑같은 부분으로 돌려놓고, A 판의 브레이크가 끝나는 순간 틀어 관중들이 눈치채지 못하고 <프리즌_브레이크>를 계속 즐길 수 있는 것이다.",
        "pIdx": 9
    },
    {
        "pronouns": [],
        "globalSId": [
            2056284,
            2056285,
            2056286,
            2056287
        ],
        "wikiPageId": 447782,
        "entities": [
            {
                "ancestor": "",
                "keyword": "<턴테이블리즘>",
                "ne_type": "",
                "e_type": "ELU",
                "en": 32,
                "eIdx": 0,
                "st": 24
            },
            {
                "ancestor": "",
                "keyword": "<음악>",
                "ne_type": "",
                "e_type": "ELU",
                "en": 69,
                "eIdx": 1,
                "st": 65
            },
            {
                "ancestor": "",
                "keyword": "<잔치>",
                "ne_type": "",
                "e_type": "ELU",
                "en": 167,
                "eIdx": 2,
                "st": 163
            }
        ],
        "text": "Kool Herc의 이런 혁명적인 기술법은 <턴테이블리즘>의 발전을 위한 길을 닦아놓았다. 가장 중요한 것은, 그가 <음악>을 틀고 믹싱하는 것이 아닌 새로운 형태의 디제잉을 개발해냈다는 점에 있다. Kool Herc은 그가 쓰기 위한 부분을 \"만들어내는\" 아이디어를 떠올렸다. 이는 DJ가 <잔치>의 주인공이 되어, 관중들의 그의 퍼포먼스를 평가하게 되는 개념으로 발전하였다.",
        "pIdx": 10
    },
    {
        "pronouns": [],
        "globalSId": [
            2056288,
            2056289,
            2056290
        ],
        "wikiPageId": 447782,
        "entities": [
            {
                "ancestor": "",
                "keyword": "<턴테이블리즘>",
                "ne_type": "",
                "e_type": "ELU",
                "en": 15,
                "eIdx": 0,
                "st": 7
            },
            {
                "ancestor": "",
                "keyword": "[그랜드_위저드_씨어도어]",
                "ne_type": "",
                "e_type": "WIKILINK",
                "en": 70,
                "eIdx": 1,
                "st": 56
            },
            {
                "ancestor": "",
                "keyword": "<대중>",
                "ne_type": "",
                "e_type": "ELU",
                "en": 200,
                "eIdx": 2,
                "st": 196
            }
        ],
        "text": "하지만 실제 <턴테이블리즘>의 가장 중요한 테크닉인 스크래칭을 독립화시킨 것은 Flash의 제자였던 [그랜드_위저드_씨어도어]였다. 그는 어느날 엄마가 부르는 소리에 레코드 소리를 끄기 위해 레코드판에 손을 댔다가, 바늘 아래 판을 왔다갔다시키면서 소리를 내는 스크래칭을 '발견'하게 되었다. 발견한 것은 Theodore였으나, 초기 컨셉을 확립하고 <대중>에게 공연과 앨범을 통해 선보인 것은 Flash였다.",
        "pIdx": 11
    },
    {
        "pronouns": [],
        "globalSId": [
            2056291,
            2056292,
            2056293
        ],
        "wikiPageId": 447782,
        "entities": [
            {
                "ancestor": "",
                "keyword": "[그랜드_믹서_DXT]",
                "ne_type": "",
                "e_type": "WIKILINK",
                "en": 15,
                "eIdx": 0,
                "st": 3
            },
            {
                "ancestor": "",
                "keyword": "<이상_(작가)>",
                "ne_type": "",
                "e_type": "ELU",
                "en": 30,
                "eIdx": 1,
                "st": 21
            },
            {
                "ancestor": "",
                "keyword": "<보통>",
                "ne_type": "",
                "e_type": "ELU",
                "en": 36,
                "eIdx": 2,
                "st": 32
            },
            {
                "ancestor": "",
                "keyword": "[음높이]",
                "ne_type": "",
                "e_type": "WIKILINK",
                "en": 124,
                "eIdx": 3,
                "st": 119
            },
            {
                "ancestor": "",
                "keyword": "[허비_행콕]",
                "ne_type": "",
                "e_type": "WIKILINK",
                "en": 178,
                "eIdx": 4,
                "st": 171
            }
        ],
        "text": "DJ [그랜드_믹서_DXT]는 한 개 <이상_(작가)> (<보통> 두 개)의 턴테이블에서 리듬을 타며 스크래칭하는 것을 연습, 스크래칭의 개념을 확장시킨 사람으로 평가받는다. 이는 두 음반을 서로 다른 속도로 둬 [음높이]를 바꾸면서 하는 기술이었다 (Alberts 2002). DXT는 DST란 이름으로 [허비_행콕]의 히트곡 \"Rockit\"에 참여하였다.",
        "pIdx": 12
    },
    {
        "pronouns": [],
        "globalSId": [
            2056294,
            2056295,
            2056296,
            2056297,
            2056298,
            2056299
        ],
        "wikiPageId": 447782,
        "entities": [
            {
                "ancestor": "",
                "keyword": "<턴테이블리즘>",
                "ne_type": "",
                "e_type": "ELU",
                "en": 21,
                "eIdx": 0,
                "st": 13
            },
            {
                "ancestor": "",
                "keyword": "<음악>",
                "ne_type": "",
                "e_type": "ELU",
                "en": 75,
                "eIdx": 1,
                "st": 71
            },
            {
                "ancestor": "",
                "keyword": "<소>",
                "ne_type": "",
                "e_type": "ELU",
                "en": 216,
                "eIdx": 2,
                "st": 213
            },
            {
                "ancestor": "",
                "keyword": "<능력>",
                "ne_type": "",
                "e_type": "ELU",
                "en": 228,
                "eIdx": 3,
                "st": 224
            },
            {
                "ancestor": "",
                "keyword": "[런_DMC]",
                "ne_type": "",
                "e_type": "WIKILINK",
                "en": 307,
                "eIdx": 4,
                "st": 300
            },
            {
                "ancestor": "",
                "keyword": "[잼_마스터_제이]",
                "ne_type": "",
                "e_type": "WIKILINK",
                "en": 333,
                "eIdx": 5,
                "st": 323
            }
        ],
        "text": "이러한 개척자들이 훗날 <턴테이블리즘>이라는 장르를 세우는 주춧돌을 놓았다고 해도 과언이 아니다. 스크래칭은 1980년대 힙합 <음악>의 대들보가 되어, 공연과 녹음실에서 DJ와 프로듀서들이 폭넓게 사용하였다. 1980년대 말에는 스크래칭은 아주 보편화되어, 노래의 일부로 스크래칭이 들어가는 일은 아주 흔하였다. 무대에선 DJ는 MC가 랩을 할 수 있는 음악을 틀어주는 것 외에 <소>만의 스크래칭 <능력>을 뽐내는 역을 맡게 되었다. 이러한 MC와 DJ의 관계를 가장 잘 보여준 그룹 중 하나로 MC 2명과 DJ 1명으로 이루어졌던 [런_DMC]를 꼽을 수 있다. DJ였던 [잼_마스터_제이]의 턴테이블 기술은 Run DMC의 음악에 있어 필수 요소였다 해도 과언이 아니다.",
        "pIdx": 13
    },
    {
        "pronouns": [],
        "globalSId": [
            2056300,
            2056301
        ],
        "wikiPageId": 447782,
        "entities": [
            {
                "ancestor": "",
                "keyword": "<이용_(가수)>",
                "ne_type": "",
                "e_type": "ELU",
                "en": 33,
                "eIdx": 0,
                "st": 24
            },
            {
                "ancestor": "",
                "keyword": "<주연_(가수)>",
                "ne_type": "",
                "e_type": "ELU",
                "en": 188,
                "eIdx": 1,
                "st": 179
            }
        ],
        "text": "Flash와 Bambaataa가 턴테이블을 <이용_(가수)>해 리듬의 반복과 변형, 원곡의 일부분 샘플링 등을 하고 있던 동안, Grandmaster D.ST는 \"진짜\" 뮤지션의 노래를 커팅하는 것에 중점을 두었다. 실제로, 그가 참여했던 Herbie Hancock의 1983년작 \"Rockit\"은 DJ를 노래의 \"공동 <주연_(가수)>\"으로 만들었던, 어쩌면 가장 영향력 짙은 DJ 트랙 중의 하나이다.",
        "pIdx": 14
    },
    {
        "pronouns": [],
        "globalSId": [
            2056302,
            2056303,
            2056304,
            2056305,
            2056306
        ],
        "wikiPageId": 447782,
        "entities": [
            {
                "ancestor": "",
                "keyword": "<뉴욕>",
                "ne_type": "",
                "e_type": "ELU",
                "en": 4,
                "eIdx": 0,
                "st": 0
            },
            {
                "ancestor": "",
                "keyword": "[필라델피아]",
                "ne_type": "",
                "e_type": "WIKILINK",
                "en": 52,
                "eIdx": 1,
                "st": 45
            },
            {
                "ancestor": "",
                "keyword": "[DJ_캐쉬_머니]",
                "ne_type": "",
                "e_type": "WIKILINK",
                "en": 90,
                "eIdx": 2,
                "st": 80
            },
            {
                "ancestor": "",
                "keyword": "[DJ_재지_제프]",
                "ne_type": "",
                "e_type": "WIKILINK",
                "en": 102,
                "eIdx": 3,
                "st": 92
            },
            {
                "ancestor": "",
                "keyword": "<문화>",
                "ne_type": "",
                "e_type": "ELU",
                "en": 259,
                "eIdx": 4,
                "st": 255
            },
            {
                "ancestor": "",
                "keyword": "[윌_스미스]",
                "ne_type": "",
                "e_type": "WIKILINK",
                "en": 317,
                "eIdx": 5,
                "st": 310
            },
            {
                "ancestor": "",
                "keyword": "<랩_(음악)>",
                "ne_type": "",
                "e_type": "ELU",
                "en": 340,
                "eIdx": 6,
                "st": 332
            },
            {
                "ancestor": "",
                "keyword": "[터프_크루]",
                "ne_type": "",
                "e_type": "WIKILINK",
                "en": 381,
                "eIdx": 7,
                "st": 374
            },
            {
                "ancestor": "",
                "keyword": "[갱_스타]",
                "ne_type": "",
                "e_type": "WIKILINK",
                "en": 455,
                "eIdx": 8,
                "st": 449
            }
        ],
        "text": "<뉴욕>이 힙합씬에서는 계속 우위를 점하고 있었으나, 100마일도 채 안 떨어진 [필라델피아]에서도 스크래칭의 현대화가 일어나고 있었다. 당시 [DJ_캐쉬_머니]와 [DJ_재지_제프]로 이루어진 DJs Spinbad란 팀은 트랜스포밍 (transforming)이란 기술을 연구 중이었는데, 이는 레코드판의 일정 부분이 바늘 위로 지나가는 동안 페이더를 껐다 키는 기술이었다. 트랜스포머 스크래칭은 음조를 확장시키면서 스크래칭의 리듬적 가능성을 확대, 힙합 <문화>의 미학을 전형적으로 보여주었다. 둘은 Marvelous나 the Fresh Prince ([윌_스미스]의 과거 예명) 같은 보조 <랩_(음악)>를 데리고 활동을 하곤 했다. 이 시기의 중요한 DJ 트랙은 [터프_크루]의 DJ Too Tuff의 \"Behold the Detonator\", \"Soul Food\" (둘 다 1989),\" 그리고 [갱_스타]의 \"DJ Premier in Deep Concentration\" (1990) 등이 있다.",
        "pIdx": 15
    },
    {
        "pronouns": [],
        "globalSId": [
            2056307,
            2056308,
            2056309,
            2056310
        ],
        "wikiPageId": 447782,
        "entities": [
            {
                "ancestor": "",
                "keyword": "<턴테이블리즘>",
                "ne_type": "",
                "e_type": "ELU",
                "en": 9,
                "eIdx": 0,
                "st": 1
            },
            {
                "ancestor": "",
                "keyword": "<턴테이블리즘>",
                "ne_type": "",
                "e_type": "ELU",
                "en": 32,
                "eIdx": 1,
                "st": 24
            },
            {
                "ancestor": "",
                "keyword": "<악단>",
                "ne_type": "",
                "e_type": "ELU",
                "en": 50,
                "eIdx": 2,
                "st": 46
            },
            {
                "ancestor": "",
                "keyword": "[디지털_오디오_테이프]",
                "ne_type": "",
                "e_type": "WIKILINK",
                "en": 183,
                "eIdx": 3,
                "st": 170
            },
            {
                "ancestor": "",
                "keyword": "<음악>",
                "ne_type": "",
                "e_type": "ELU",
                "en": 201,
                "eIdx": 4,
                "st": 197
            },
            {
                "ancestor": "",
                "keyword": "<턴테이블리즘>",
                "ne_type": "",
                "e_type": "ELU",
                "en": 305,
                "eIdx": 5,
                "st": 297
            },
            {
                "ancestor": "",
                "keyword": "<이용_(가수)>",
                "ne_type": "",
                "e_type": "ELU",
                "en": 355,
                "eIdx": 6,
                "st": 346
            },
            {
                "ancestor": "",
                "keyword": "<음악>",
                "ne_type": "",
                "e_type": "ELU",
                "en": 373,
                "eIdx": 7,
                "st": 369
            }
        ],
        "text": "\"<턴테이블리즘>\" 턴테이블리스트의 등장과 <턴테이블리즘>의 탄생의 배경에는 힙합 <악단>에서 DJ의 퇴장이라는 크나큰 변화가 있었다. 1990년대의 시작부터 점점 일어나기 시작한 이 일은 여러 책과 다큐멘터리 (\"Black Noise\", \"Scratch the Movie\" 등의 작품)에서 다뤄졌으며, [디지털_오디오_테이프]의 등장에 따라 더 이상 <음악>을 제공하는 것이 DJ일 필요가 없었기 때문인 이유가 있었다. 이에 따라 DJ들은 언더그라운드에서 계속 스크래칭 등의 기술을 연마하였으며, 90년대 중반에 이르러 이것이 \"<턴테이블리즘>\"이라는 힙합의 서브 장르 - 오직 DJ가 중심이 되어 턴테이블와 믹서를 <이용_(가수)>, 소리를 조작/편집하고 <음악>을 만들어내는 장르 - 로 새로이 태어났다.",
        "pIdx": 16
    }
]