[
    {
        "pronouns": [],
        "globalSId": [
            3020705,
            3020706
        ],
        "wikiPageId": 916238,
        "entities": [
            {
                "ancestor": "",
                "keyword": "[대영_제국_훈장]",
                "ne_type": "",
                "e_type": "WIKILINK",
                "en": 42,
                "eIdx": 0,
                "st": 32
            },
            {
                "ancestor": "",
                "keyword": "[1940년]",
                "ne_type": "",
                "e_type": "WIKILINK",
                "en": 51,
                "eIdx": 1,
                "st": 44
            },
            {
                "ancestor": "",
                "keyword": "[1월_14일]",
                "ne_type": "",
                "e_type": "WIKILINK",
                "en": 60,
                "eIdx": 2,
                "st": 52
            },
            {
                "ancestor": "",
                "keyword": "[영국]",
                "ne_type": "",
                "e_type": "WIKILINK",
                "en": 68,
                "eIdx": 3,
                "st": 64
            },
            {
                "ancestor": "",
                "keyword": "[극작가]",
                "ne_type": "",
                "e_type": "WIKILINK",
                "en": 75,
                "eIdx": 4,
                "st": 70
            },
            {
                "ancestor": "",
                "keyword": "[감독]",
                "ne_type": "",
                "e_type": "WIKILINK",
                "en": 89,
                "eIdx": 5,
                "st": 85
            },
            {
                "ancestor": "",
                "keyword": "[로열_셰익스피어_컴퍼니]",
                "ne_type": "",
                "e_type": "WIKILINK",
                "en": 107,
                "eIdx": 6,
                "st": 93
            },
            {
                "ancestor": "",
                "keyword": "[영국_국립극장]",
                "ne_type": "",
                "e_type": "WIKILINK",
                "en": 118,
                "eIdx": 7,
                "st": 109
            },
            {
                "ancestor": "",
                "keyword": "[2011년]",
                "ne_type": "",
                "e_type": "WIKILINK",
                "en": 140,
                "eIdx": 8,
                "st": 133
            },
            {
                "ancestor": "",
                "keyword": "[해이마켓_극장]",
                "ne_type": "",
                "e_type": "WIKILINK",
                "en": 153,
                "eIdx": 9,
                "st": 144
            }
        ],
        "text": "트레버 넌 경(Sir Trevor Robert Nunn, [대영_제국_훈장], [1940년] [1월_14일]~)은 [영국]의 [극작가]이자, 영화·TV [감독]이다. [로열_셰익스피어_컴퍼니]와 [영국_국립극장]의 예술 감독을 지냈으며, [2011년]부터는 [해이마켓_극장](Haymarket Theatre)의 예술 감독으로 있다.",
        "pIdx": 1
    },
    {
        "pronouns": [],
        "globalSId": [
            3020707,
            3020708
        ],
        "wikiPageId": 916238,
        "entities": [
            {
                "ancestor": "",
                "keyword": "<무대>",
                "ne_type": "",
                "e_type": "ELU",
                "en": 24,
                "eIdx": 0,
                "st": 20
            },
            {
                "ancestor": "",
                "keyword": "[캣츠_(뮤지컬)]",
                "ne_type": "",
                "e_type": "WIKILINK",
                "en": 54,
                "eIdx": 1,
                "st": 44
            },
            {
                "ancestor": "",
                "keyword": "[레_미제라블_(뮤지컬)]",
                "ne_type": "",
                "e_type": "WIKILINK",
                "en": 79,
                "eIdx": 2,
                "st": 65
            },
            {
                "ancestor": "",
                "keyword": "[니콜라스_니콜비]",
                "ne_type": "",
                "e_type": "WIKILINK",
                "en": 116,
                "eIdx": 3,
                "st": 106
            },
            {
                "ancestor": "",
                "keyword": "[맥베스의_비극]",
                "ne_type": "",
                "e_type": "WIKILINK",
                "en": 129,
                "eIdx": 4,
                "st": 120
            }
        ],
        "text": "넌은 많은 뮤지컬, 연극, 오페라를 <무대>에 올렸다. 잘 알려진 뮤지컬로는 〈[캣츠_(뮤지컬)]〉(1981년), 〈[레_미제라블_(뮤지컬)]〉(1985년)이 있으며 그가 감독한 연극에는 〈[니콜라스_니콜비]〉와 〈[맥베스의_비극]〉가 있다.",
        "pIdx": 2
    },
    {
        "pronouns": [],
        "globalSId": [
            3020709,
            3020710
        ],
        "wikiPageId": 916238,
        "entities": [
            {
                "ancestor": "",
                "keyword": "<캣츠_(음악_그룹)>",
                "ne_type": "",
                "e_type": "ELU",
                "en": 13,
                "eIdx": 0,
                "st": 1
            },
            {
                "ancestor": "",
                "keyword": "[토니상]",
                "ne_type": "",
                "e_type": "WIKILINK",
                "en": 31,
                "eIdx": 1,
                "st": 26
            },
            {
                "ancestor": "",
                "keyword": "[베니스의_상인]",
                "ne_type": "",
                "e_type": "WIKILINK",
                "en": 63,
                "eIdx": 2,
                "st": 54
            },
            {
                "ancestor": "",
                "keyword": "<크레시다_(위성)>",
                "ne_type": "",
                "e_type": "ELU",
                "en": 85,
                "eIdx": 3,
                "st": 74
            },
            {
                "ancestor": "",
                "keyword": "[로런스_올리비에상]",
                "ne_type": "",
                "e_type": "WIKILINK",
                "en": 112,
                "eIdx": 4,
                "st": 101
            },
            {
                "ancestor": "",
                "keyword": "[드라마_데스크상]",
                "ne_type": "",
                "e_type": "WIKILINK",
                "en": 182,
                "eIdx": 5,
                "st": 172
            },
            {
                "ancestor": "",
                "keyword": "<후보>",
                "ne_type": "",
                "e_type": "ELU",
                "en": 196,
                "eIdx": 6,
                "st": 192
            }
        ],
        "text": "〈<캣츠_(음악_그룹)>〉와 〈레 미제라블〉로 [토니상] 최고 뮤지컬 감독상을, 〈서머포크〉, 〈[베니스의_상인]〉, 〈트로일러스와 <크레시다_(위성)>〉, 〈니콜라스 니클비〉로는 [로런스_올리비에상]을 받았다. 그 밖에 토니상 최고 뮤지컬 감독상 및 최고 연극 감독상 · 로런스 올리비에상 최고 감독상 · [드라마_데스크상] 뮤지컬 감독상에 <후보> 되었다.",
        "pIdx": 3
    },
    {
        "pronouns": [],
        "globalSId": [
            3020711,
            3020712,
            3020713,
            3020714
        ],
        "wikiPageId": 916238,
        "entities": [
            {
                "ancestor": "",
                "keyword": "<트레버_넌>",
                "ne_type": "",
                "e_type": "ELU",
                "en": 10,
                "eIdx": 0,
                "st": 3
            },
            {
                "ancestor": "",
                "keyword": "[잉글랜드]",
                "ne_type": "",
                "e_type": "WIKILINK",
                "en": 18,
                "eIdx": 1,
                "st": 12
            },
            {
                "ancestor": "",
                "keyword": "[입스위치]",
                "ne_type": "",
                "e_type": "WIKILINK",
                "en": 25,
                "eIdx": 2,
                "st": 19
            },
            {
                "ancestor": "",
                "keyword": "<가구>",
                "ne_type": "",
                "e_type": "ELU",
                "en": 32,
                "eIdx": 3,
                "st": 28
            },
            {
                "ancestor": "",
                "keyword": "<입스위치>",
                "ne_type": "",
                "e_type": "ELU",
                "en": 81,
                "eIdx": 4,
                "st": 75
            },
            {
                "ancestor": "",
                "keyword": "[케임브리지_대학교]",
                "ne_type": "",
                "e_type": "WIKILINK",
                "en": 137,
                "eIdx": 5,
                "st": 126
            },
            {
                "ancestor": "",
                "keyword": "[1962년]",
                "ne_type": "",
                "e_type": "WIKILINK",
                "en": 195,
                "eIdx": 6,
                "st": 188
            },
            {
                "ancestor": "",
                "keyword": "[벨그레이드_극장]",
                "ne_type": "",
                "e_type": "WIKILINK",
                "en": 207,
                "eIdx": 7,
                "st": 197
            }
        ],
        "text": "초기 <트레버_넌>은 [잉글랜드] [입스위치]에서 <가구>를 만드는 로버트 알렉산더 넌과 도로시 메이 파이퍼의 아들로 태어났다. 그는 <입스위치>에 있는 노스게이트 그래머 스쿨(Northgate High School)을 거쳐 [케임브리지_대학교] 다우닝 칼리지에서 교육을 받았으며, 그곳은 그의 무대 경력이 시작된 곳이기도 하다. 넌은 [1962년]에 [벨그레이드_극장] 수습감독이 되어 장학금을 받았다.",
        "pIdx": 4
    },
    {
        "pronouns": [],
        "globalSId": [
            3020715,
            3020716,
            3020717
        ],
        "wikiPageId": 916238,
        "entities": [
            {
                "ancestor": "",
                "keyword": "<트레버_넌>",
                "ne_type": "",
                "e_type": "ELU",
                "en": 10,
                "eIdx": 0,
                "st": 3
            },
            {
                "ancestor": "",
                "keyword": "[1964년]",
                "ne_type": "",
                "e_type": "WIKILINK",
                "en": 19,
                "eIdx": 1,
                "st": 12
            },
            {
                "ancestor": "",
                "keyword": "<로열_(아이오와_주)>",
                "ne_type": "",
                "e_type": "ELU",
                "en": 33,
                "eIdx": 2,
                "st": 20
            },
            {
                "ancestor": "",
                "keyword": "[1968년]",
                "ne_type": "",
                "e_type": "WIKILINK",
                "en": 57,
                "eIdx": 3,
                "st": 50
            },
            {
                "ancestor": "",
                "keyword": "[1986년]",
                "ne_type": "",
                "e_type": "WIKILINK",
                "en": 80,
                "eIdx": 4,
                "st": 73
            },
            {
                "ancestor": "",
                "keyword": "[1997년_9월]",
                "ne_type": "",
                "e_type": "WIKILINK",
                "en": 98,
                "eIdx": 5,
                "st": 88
            },
            {
                "ancestor": "",
                "keyword": "[영국_국립극장]",
                "ne_type": "",
                "e_type": "WIKILINK",
                "en": 110,
                "eIdx": 6,
                "st": 101
            }
        ],
        "text": "경력 <트레버_넌>은 [1964년] <로열_(아이오와_주)> 세익스피어 컴퍼니에 합류하여 [1968년]에는 예술 감독이 되었으며, [1986년]까지 일했다. [1997년_9월]에는 [영국_국립극장]의 예술 감독이 되었다.",
        "pIdx": 5
    }
]