[
    {
        "pronouns": [],
        "globalSId": [
            167035,
            167036,
            167037,
            167038,
            167039
        ],
        "wikiPageId": 10759,
        "entities": [
            {
                "ancestor": "",
                "keyword": "<국가>",
                "ne_type": "",
                "e_type": "ELU",
                "en": 13,
                "eIdx": 0,
                "st": 9
            },
            {
                "ancestor": "",
                "keyword": "<튀니지>",
                "ne_type": "",
                "e_type": "ELU",
                "en": 31,
                "eIdx": 1,
                "st": 26
            },
            {
                "ancestor": "",
                "keyword": "<올리브>",
                "ne_type": "",
                "e_type": "ELU",
                "en": 168,
                "eIdx": 2,
                "st": 163
            },
            {
                "ancestor": "",
                "keyword": "<가프사>",
                "ne_type": "",
                "e_type": "ELU",
                "en": 194,
                "eIdx": 3,
                "st": 189
            }
        ],
        "text": "상대적으로 주변 <국가>에 비해 크기가 작지만 <튀니지> 내에는 기후적, 지리적 다양성이 충분하다. 아틀라스 산맥이 북동 방향으로 가로지르며 북쪽으로는 계속된 산지와 평원으로 이어지는 텔 지대가 나타난다. 동쪽 지중해 해안을 따라서 사힐(Sahil)이라고 하는 평원 지대가 나타나기도 하는데 <올리브>로 유명한 곳이다. 내륙으로 들어가면 <가프사>(Gafsa)라고 하는 구릉 지대가 나타난다. 남쪽 지대는 반건조 지대이며 사막이다.",
        "pIdx": 23
    },
    {
        "pronouns": [],
        "globalSId": [
            167040,
            167041,
            167042
        ],
        "wikiPageId": 10759,
        "entities": [
            {
                "ancestor": "",
                "keyword": "<튀니지>",
                "ne_type": "",
                "e_type": "ELU",
                "en": 8,
                "eIdx": 0,
                "st": 3
            },
            {
                "ancestor": "",
                "keyword": "[지중해성_기후]",
                "ne_type": "",
                "e_type": "WIKILINK",
                "en": 23,
                "eIdx": 1,
                "st": 14
            },
            {
                "ancestor": "",
                "keyword": "<엘레지>",
                "ne_type": "",
                "e_type": "ELU",
                "en": 54,
                "eIdx": 2,
                "st": 49
            }
        ],
        "text": "기후 <튀니지>의 기후는 [지중해성_기후]로, 여름에는 덥고 건조하며 겨울에는 온화하고 <엘레지> 자주 내린다. 7월 평균기온은 29.3℃, 12월 평균기온은 11.4℃이나 여름에는 40℃이상 오르기도 하고 겨울에는 6~7℃정도로 떨어지는 경우도 자주 있다.",
        "pIdx": 24
    },
    {
        "pronouns": [],
        "globalSId": [
            167043,
            167044,
            167045,
            167046
        ],
        "wikiPageId": 10759,
        "entities": [
            {
                "ancestor": "",
                "keyword": "[수도]",
                "ne_type": "",
                "e_type": "WIKILINK",
                "en": 10,
                "eIdx": 0,
                "st": 6
            },
            {
                "ancestor": "",
                "keyword": "[튀니스]",
                "ne_type": "",
                "e_type": "WIKILINK",
                "en": 17,
                "eIdx": 1,
                "st": 12
            },
            {
                "ancestor": "",
                "keyword": "<구성>",
                "ne_type": "",
                "e_type": "ELU",
                "en": 59,
                "eIdx": 2,
                "st": 55
            }
        ],
        "text": "행정 구역 [수도]는 [튀니스]이다. 다른 도시도 존재하며 대부분 소도시이다. 24개의 주(州)로 <구성>되어 있다.",
        "pIdx": 25
    },
    {
        "pronouns": [],
        "globalSId": [
            167047,
            167048,
            167049
        ],
        "wikiPageId": 10759,
        "entities": [
            {
                "ancestor": "",
                "keyword": "<아랍_세계>",
                "ne_type": "",
                "e_type": "ELU",
                "en": 10,
                "eIdx": 0,
                "st": 3
            },
            {
                "ancestor": "",
                "keyword": "<의식_(심리철학)>",
                "ne_type": "",
                "e_type": "ELU",
                "en": 28,
                "eIdx": 1,
                "st": 17
            },
            {
                "ancestor": "",
                "keyword": "<경제>",
                "ne_type": "",
                "e_type": "ELU",
                "en": 39,
                "eIdx": 2,
                "st": 35
            },
            {
                "ancestor": "",
                "keyword": "[미국]",
                "ne_type": "",
                "e_type": "WIKILINK",
                "en": 47,
                "eIdx": 3,
                "st": 43
            },
            {
                "ancestor": "",
                "keyword": "[유럽_연합]",
                "ne_type": "",
                "e_type": "WIKILINK",
                "en": 97,
                "eIdx": 4,
                "st": 90
            },
            {
                "ancestor": "",
                "keyword": "<아랍_세계>",
                "ne_type": "",
                "e_type": "ELU",
                "en": 106,
                "eIdx": 5,
                "st": 99
            },
            {
                "ancestor": "",
                "keyword": "<강화군>",
                "ne_type": "",
                "e_type": "ELU",
                "en": 118,
                "eIdx": 6,
                "st": 113
            }
        ],
        "text": "외교 <아랍_세계>과의 유대를 <의식_(심리철학)>하고 있으며 <경제>으로는 [미국]과의 실질적 경제협력 증진을 위해 노력하고 있다. 친서방 노선을 기조로 하며 [유럽_연합]와 <아랍_세계>과의 연대를 <강화군>하고 있다.",
        "pIdx": 26
    },
    {
        "pronouns": [],
        "globalSId": [
            167050,
            167051
        ],
        "wikiPageId": 10759,
        "entities": [
            {
                "ancestor": "",
                "keyword": "<한국>",
                "ne_type": "",
                "e_type": "ELU",
                "en": 4,
                "eIdx": 0,
                "st": 0
            },
            {
                "ancestor": "",
                "keyword": "[대한민국]",
                "ne_type": "",
                "e_type": "WIKILINK",
                "en": 16,
                "eIdx": 1,
                "st": 10
            }
        ],
        "text": "<한국>과의 관계 [대한민국]과는 1969년 수교하였다.",
        "pIdx": 27
    },
    {
        "pronouns": [],
        "globalSId": [
            167052
        ],
        "wikiPageId": 10759,
        "entities": [
            {
                "ancestor": "",
                "keyword": "[조선민주주의인민공화국]",
                "ne_type": "",
                "e_type": "WIKILINK",
                "en": 13,
                "eIdx": 0,
                "st": 0
            }
        ],
        "text": "[조선민주주의인민공화국]과는 1975년 수교했으나, 남북한 동시 수교국으로 인정된바가 있다.",
        "pIdx": 28
    },
    {
        "pronouns": [],
        "globalSId": [
            167053
        ],
        "wikiPageId": 10759,
        "entities": [],
        "text": "경제",
        "pIdx": 29
    },
    {
        "pronouns": [],
        "globalSId": [
            167054,
            167055,
            167056,
            167057,
            167058,
            167059,
            167060,
            167061
        ],
        "wikiPageId": 10759,
        "entities": [
            {
                "ancestor": "",
                "keyword": "<북아프리카>",
                "ne_type": "",
                "e_type": "ELU",
                "en": 55,
                "eIdx": 0,
                "st": 48
            },
            {
                "ancestor": "",
                "keyword": "<유럽인>",
                "ne_type": "",
                "e_type": "ELU",
                "en": 156,
                "eIdx": 1,
                "st": 151
            },
            {
                "ancestor": "",
                "keyword": "<수스>",
                "ne_type": "",
                "e_type": "ELU",
                "en": 204,
                "eIdx": 2,
                "st": 200
            },
            {
                "ancestor": "",
                "keyword": "<제철>",
                "ne_type": "",
                "e_type": "ELU",
                "en": 239,
                "eIdx": 3,
                "st": 235
            },
            {
                "ancestor": "",
                "keyword": "<모로코>",
                "ne_type": "",
                "e_type": "ELU",
                "en": 360,
                "eIdx": 4,
                "st": 355
            },
            {
                "ancestor": "",
                "keyword": "<이후_(소설가)>",
                "ne_type": "",
                "e_type": "ELU",
                "en": 398,
                "eIdx": 5,
                "st": 388
            },
            {
                "ancestor": "",
                "keyword": "<유럽>",
                "ne_type": "",
                "e_type": "ELU",
                "en": 427,
                "eIdx": 6,
                "st": 423
            },
            {
                "ancestor": "",
                "keyword": "<미국>",
                "ne_type": "",
                "e_type": "ELU",
                "en": 433,
                "eIdx": 7,
                "st": 429
            }
        ],
        "text": "산업 국토 면적의 27.8%가 농경지이고 36.3%가 목초지, 5.4%가 삼림지대로, <북아프리카>에서 가장 좋은 환경을 갖추고 있다.북부에서는 밀, 튀니지 부근에서 포도, 본곶(串)에서 과일과 채소가 재배되며 남부의 연해지방에서는 올리브가 생산된다. 19세기 말 이래 <유럽인>이 연 대규모의 농장은 독립 후 접수되어 협동농장이 되었다. 수산업이 활발하며 <수스>가 그 중심으로 되어 있다. 독립 후 공업화정책에 따라 <제철>, 정유, 시멘트, 건재, 화학, 식품 등의 공업이 일어났다. 지하자원은 인(燐)광석이 많으며 그 밖에 철광, 수은, 망간, 석유 등이 있다. 주요 수출품은 올리브유·야채·과일통조림·인광석 등인데, 인광석은 <모로코>와 더불어 세계 2대 수출국이며 석유는 1968년 <이후_(소설가)> 튀니지 제1수출품이 되었다. 수출 상대국은 <유럽>과 <미국> 등이다.",
        "pIdx": 30
    },
    {
        "pronouns": [],
        "globalSId": [
            167062,
            167063,
            167064,
            167065,
            167066
        ],
        "wikiPageId": 10759,
        "entities": [
            {
                "ancestor": "",
                "keyword": "<정비_안씨>",
                "ne_type": "",
                "e_type": "ELU",
                "en": 72,
                "eIdx": 0,
                "st": 65
            },
            {
                "ancestor": "",
                "keyword": "<파리_(프랑스)>",
                "ne_type": "",
                "e_type": "ELU",
                "en": 106,
                "eIdx": 1,
                "st": 96
            },
            {
                "ancestor": "",
                "keyword": "<로마>",
                "ne_type": "",
                "e_type": "ELU",
                "en": 112,
                "eIdx": 2,
                "st": 108
            },
            {
                "ancestor": "",
                "keyword": "<카이로>",
                "ne_type": "",
                "e_type": "ELU",
                "en": 119,
                "eIdx": 3,
                "st": 114
            },
            {
                "ancestor": "",
                "keyword": "<비제르테>",
                "ne_type": "",
                "e_type": "ELU",
                "en": 135,
                "eIdx": 4,
                "st": 129
            },
            {
                "ancestor": "",
                "keyword": "<가베스>",
                "ne_type": "",
                "e_type": "ELU",
                "en": 142,
                "eIdx": 5,
                "st": 137
            },
            {
                "ancestor": "",
                "keyword": "<스팍스>",
                "ne_type": "",
                "e_type": "ELU",
                "en": 149,
                "eIdx": 6,
                "st": 144
            }
        ],
        "text": "교통 프랑스 통치시대에 건설된 철도는 북부를 누비고 있는데, 그 중에는 광산개발용으로 건설된 것도 있다. 도로는 잘 <정비_안씨>되어 있다. 튀니스 카르타주라는 국제공항은 <파리_(프랑스)>, <로마>, <카이로> 등과 연결된다. <비제르테>, <가베스>, <스팍스> 등지에 항구가 있다.",
        "pIdx": 31
    },
    {
        "pronouns": [],
        "globalSId": [
            167067
        ],
        "wikiPageId": 10759,
        "entities": [],
        "text": "사회",
        "pIdx": 32
    }
]