[
    {
        "globalSId": [
            3809148,
            3809149
        ],
        "pronouns": [],
        "wikiPageId": 1588481,
        "entities": [
            {
                "ne_type": "PERSON",
                "keyword": "[마리_당주]",
                "ancestor": "",
                "e_type": "NEW",
                "en": 7,
                "eIdx": 0,
                "st": 0
            },
            {
                "ne_type": "TIME",
                "keyword": "[1404년]",
                "ancestor": "",
                "e_type": "NEW",
                "en": 17,
                "eIdx": 1,
                "st": 10
            },
            {
                "ne_type": "TIME",
                "keyword": "[10월]",
                "ancestor": "",
                "e_type": "NEW",
                "en": 23,
                "eIdx": 2,
                "st": 18
            },
            {
                "ne_type": "TIME",
                "keyword": "[14일]",
                "ancestor": "",
                "e_type": "NEW",
                "en": 29,
                "eIdx": 3,
                "st": 24
            },
            {
                "ne_type": "TIME",
                "keyword": "[1463년_11월_29일]",
                "ancestor": "",
                "e_type": "NEW",
                "en": 47,
                "eIdx": 4,
                "st": 32
            },
            {
                "ne_type": "TIME",
                "keyword": "[1422년–1461년]",
                "ancestor": "",
                "e_type": "NEW",
                "en": 63,
                "eIdx": 5,
                "st": 50
            },
            {
                "ne_type": "",
                "keyword": "[샤를_7세]",
                "ancestor": "",
                "e_type": "WIKILINK",
                "en": 73,
                "eIdx": 6,
                "st": 66
            },
            {
                "ne_type": "",
                "keyword": "[프랑스의_군주_배우자]",
                "ancestor": "",
                "e_type": "WIKILINK",
                "en": 96,
                "eIdx": 7,
                "st": 83
            },
            {
                "ne_type": "PERSON",
                "keyword": "[마리]",
                "ancestor": "",
                "e_type": "NEW",
                "en": 104,
                "eIdx": 8,
                "st": 100
            },
            {
                "ne_type": "",
                "keyword": "<나폴리>",
                "ancestor": "",
                "e_type": "ELU",
                "en": 115,
                "eIdx": 9,
                "st": 110
            },
            {
                "ne_type": "",
                "keyword": "<시칠리아>",
                "ancestor": "",
                "e_type": "ELU",
                "en": 128,
                "eIdx": 10,
                "st": 122
            },
            {
                "ne_type": "",
                "keyword": "[루이_2세_당주]",
                "ancestor": "",
                "e_type": "WIKILINK",
                "en": 144,
                "eIdx": 11,
                "st": 134
            },
            {
                "ne_type": "",
                "keyword": "<아라곤_왕국>",
                "ancestor": "",
                "e_type": "ELU",
                "en": 158,
                "eIdx": 12,
                "st": 150
            },
            {
                "ne_type": "",
                "keyword": "[욜란다_데_아라곤]",
                "ancestor": "",
                "e_type": "WIKILINK",
                "en": 175,
                "eIdx": 13,
                "st": 164
            }
        ],
        "text": "[마리_당주](, [1404년] [10월] [14일] - [1463년_11월_29일])는 [1422년–1461년]까지 [샤를_7세]의 아내로 있었던 [프랑스의_군주_배우자]이다. [마리]는 명목상 <나폴리>의 군주이자 <시칠리아>의 군주인 [루이_2세_당주]와 명목상 <아라곤_왕국>의 여왕인 [욜란다_데_아라곤]의 장녀이다.",
        "pIdx": 1
    }
]