[
    {
        "pronouns": [],
        "globalSId": [
            822219
        ],
        "wikiPageId": 111361,
        "entities": [
            {
                "ancestor": "",
                "keyword": "<헬싱>",
                "ne_type": "",
                "e_type": "ELU",
                "en": 5,
                "eIdx": 0,
                "st": 1
            },
            {
                "ancestor": "",
                "keyword": "<저작물>",
                "ne_type": "",
                "e_type": "ELU",
                "en": 42,
                "eIdx": 1,
                "st": 37
            }
        ],
        "text": "《<헬싱>》(HELLSING, ヘルシング)은 히라노 코우타의 만화 <저작물>이다.",
        "pIdx": 1
    },
    {
        "pronouns": [],
        "globalSId": [
            822220,
            822221,
            822222
        ],
        "wikiPageId": 111361,
        "entities": [
            {
                "ancestor": "",
                "keyword": "[영국]",
                "ne_type": "",
                "e_type": "WIKILINK",
                "en": 15,
                "eIdx": 0,
                "st": 11
            },
            {
                "ancestor": "",
                "keyword": "<무대>",
                "ne_type": "",
                "e_type": "ELU",
                "en": 21,
                "eIdx": 1,
                "st": 17
            },
            {
                "ancestor": "",
                "keyword": "[흡혈귀]",
                "ne_type": "",
                "e_type": "WIKILINK",
                "en": 36,
                "eIdx": 2,
                "st": 31
            },
            {
                "ancestor": "",
                "keyword": "<사냥>",
                "ne_type": "",
                "e_type": "ELU",
                "en": 46,
                "eIdx": 3,
                "st": 42
            },
            {
                "ancestor": "",
                "keyword": "<저작물>",
                "ne_type": "",
                "e_type": "ELU",
                "en": 71,
                "eIdx": 4,
                "st": 66
            },
            {
                "ancestor": "",
                "keyword": "<작가>",
                "ne_type": "",
                "e_type": "ELU",
                "en": 82,
                "eIdx": 5,
                "st": 78
            }
        ],
        "text": "개요 본작품은 주로 [영국]을 <무대>로 하고 있으며, [흡혈귀]와 흡혈귀 <사냥> 간의 싸움을 그린 배틀 액션 만화 <저작물>이다. 특히 <작가>만의 독특한 방식인 과격하고 모독적인 표현 기법이 특징 가운데 하나로 평가 받는다.",
        "pIdx": 2
    }
]