[
    {
        "pronouns": [],
        "globalSId": [
            2624838,
            2624839
        ],
        "wikiPageId": 708986,
        "entities": [
            {
                "ancestor": "",
                "keyword": "<시리얼>",
                "ne_type": "",
                "e_type": "ELU",
                "en": 5,
                "eIdx": 0,
                "st": 0
            },
            {
                "ancestor": "",
                "keyword": "[옥수수]",
                "ne_type": "",
                "e_type": "WIKILINK",
                "en": 14,
                "eIdx": 1,
                "st": 9
            },
            {
                "ancestor": "",
                "keyword": "[쌀]",
                "ne_type": "",
                "e_type": "WIKILINK",
                "en": 19,
                "eIdx": 2,
                "st": 16
            },
            {
                "ancestor": "",
                "keyword": "[보리]",
                "ne_type": "",
                "e_type": "WIKILINK",
                "en": 25,
                "eIdx": 3,
                "st": 21
            },
            {
                "ancestor": "",
                "keyword": "[밀]",
                "ne_type": "",
                "e_type": "WIKILINK",
                "en": 30,
                "eIdx": 4,
                "st": 27
            },
            {
                "ancestor": "",
                "keyword": "<조리_(법)>",
                "ne_type": "",
                "e_type": "ELU",
                "en": 47,
                "eIdx": 5,
                "st": 39
            },
            {
                "ancestor": "",
                "keyword": "[음식]",
                "ne_type": "",
                "e_type": "WIKILINK",
                "en": 67,
                "eIdx": 6,
                "st": 63
            },
            {
                "ancestor": "",
                "keyword": "[우유]",
                "ne_type": "",
                "e_type": "WIKILINK",
                "en": 78,
                "eIdx": 7,
                "st": 74
            },
            {
                "ancestor": "",
                "keyword": "<문하시중>",
                "ne_type": "",
                "e_type": "ELU",
                "en": 118,
                "eIdx": 8,
                "st": 112
            }
        ],
        "text": "<시리얼>()은 [옥수수], [쌀], [보리], [밀] 등의 원재료를 <조리_(법)>하여 얇은 조각 형태로 만든 [음식]이다. 보통 [우유]와 같이 먹으며, 첨가하는 재료를 달리한 많은 종류의 제품이 <문하시중>에 나와있다.",
        "pIdx": 1
    },
    {
        "pronouns": [],
        "globalSId": [
            2624840,
            2624841,
            2624842
        ],
        "wikiPageId": 708986,
        "entities": [
            {
                "ancestor": "",
                "keyword": "<북아메리카>",
                "ne_type": "",
                "e_type": "ELU",
                "en": 7,
                "eIdx": 0,
                "st": 0
            },
            {
                "ancestor": "",
                "keyword": "<역사>",
                "ne_type": "",
                "e_type": "ELU",
                "en": 19,
                "eIdx": 1,
                "st": 15
            },
            {
                "ancestor": "",
                "keyword": "[북부_유럽]",
                "ne_type": "",
                "e_type": "WIKILINK",
                "en": 27,
                "eIdx": 2,
                "st": 20
            },
            {
                "ancestor": "",
                "keyword": "[러시아]",
                "ne_type": "",
                "e_type": "WIKILINK",
                "en": 34,
                "eIdx": 3,
                "st": 29
            },
            {
                "ancestor": "",
                "keyword": "[포리지]",
                "ne_type": "",
                "e_type": "WIKILINK",
                "en": 57,
                "eIdx": 4,
                "st": 52
            },
            {
                "ancestor": "",
                "keyword": "[오트밀]",
                "ne_type": "",
                "e_type": "WIKILINK",
                "en": 64,
                "eIdx": 5,
                "st": 59
            },
            {
                "ancestor": "",
                "keyword": "<현대자동차>",
                "ne_type": "",
                "e_type": "ELU",
                "en": 86,
                "eIdx": 6,
                "st": 79
            }
        ],
        "text": "<북아메리카>에서의 시리얼 <역사> [북부_유럽]과 [러시아] 등지에서는 오래전부터 죽형태의 [포리지]나 [오트밀] 종류의 음식을 먹어왔다. <현대자동차>에 와서도 이런 종류의 음식을 아침 식사로 먹기도 한다.",
        "pIdx": 2
    },
    {
        "pronouns": [],
        "globalSId": [
            2624843,
            2624844,
            2624845
        ],
        "wikiPageId": 708986,
        "entities": [
            {
                "ancestor": "",
                "keyword": "<미국>",
                "ne_type": "",
                "e_type": "ELU",
                "en": 7,
                "eIdx": 0,
                "st": 3
            },
            {
                "ancestor": "",
                "keyword": "[아메리카_원주민]",
                "ne_type": "",
                "e_type": "WIKILINK",
                "en": 47,
                "eIdx": 1,
                "st": 37
            },
            {
                "ancestor": "",
                "keyword": "<이용하>",
                "ne_type": "",
                "e_type": "ELU",
                "en": 68,
                "eIdx": 2,
                "st": 63
            },
            {
                "ancestor": "",
                "keyword": "[:en:grits]",
                "ne_type": "",
                "e_type": "WIKILINK",
                "en": 81,
                "eIdx": 3,
                "st": 70
            },
            {
                "ancestor": "",
                "keyword": "[:en:hominy]",
                "ne_type": "",
                "e_type": "WIKILINK",
                "en": 95,
                "eIdx": 4,
                "st": 83
            },
            {
                "ancestor": "",
                "keyword": "<미국>",
                "ne_type": "",
                "e_type": "ELU",
                "en": 116,
                "eIdx": 5,
                "st": 112
            }
        ],
        "text": "초기 <미국> 유럽인들은 아메리카 대륙을 개척하기 시작하던 초기, [아메리카_원주민]들이 주로 경작하던 옥수수를 <이용하>여 [:en:grits], [:en:hominy]를 만들어냈다. 이것들은 남부 <미국>인들의 주식이 되었다.",
        "pIdx": 3
    },
    {
        "pronouns": [],
        "globalSId": [
            2624846,
            2624847
        ],
        "wikiPageId": 708986,
        "entities": [
            {
                "ancestor": "",
                "keyword": "<미국>",
                "ne_type": "",
                "e_type": "ELU",
                "en": 10,
                "eIdx": 0,
                "st": 6
            },
            {
                "ancestor": "",
                "keyword": "<소비>",
                "ne_type": "",
                "e_type": "ELU",
                "en": 25,
                "eIdx": 1,
                "st": 21
            },
            {
                "ancestor": "",
                "keyword": "<미시간_주>",
                "ne_type": "",
                "e_type": "ELU",
                "en": 75,
                "eIdx": 2,
                "st": 68
            },
            {
                "ancestor": "",
                "keyword": "[제칠일안식일예수재림교회]",
                "ne_type": "",
                "e_type": "WIKILINK",
                "en": 97,
                "eIdx": 3,
                "st": 83
            },
            {
                "ancestor": "",
                "keyword": "<네트워크_개선>",
                "ne_type": "",
                "e_type": "ELU",
                "en": 132,
                "eIdx": 4,
                "st": 123
            },
            {
                "ancestor": "",
                "keyword": "<시리얼>",
                "ne_type": "",
                "e_type": "ELU",
                "en": 176,
                "eIdx": 5,
                "st": 171
            },
            {
                "ancestor": "",
                "keyword": "<주도>",
                "ne_type": "",
                "e_type": "ELU",
                "en": 182,
                "eIdx": 6,
                "st": 178
            }
        ],
        "text": "19세기에 <미국>인들의 과도한 육류 <소비>를 줄이고자 나선 사람들이 수많은 채식주의 대안을 탐구하였다. 19세기 후반 <미시간_주>에 기반을 둔 [제칠일안식일예수재림교회]에서 그들의 종교적 믿음의 일부로 채식 위주로 <네트워크_개선>된 식단을 만들어 그들의 요양원에 제공하였고, 이는 새로운 아침식사용 <시리얼>을 <주도>하게 되었다.",
        "pIdx": 4
    },
    {
        "pronouns": [],
        "globalSId": [
            2624848,
            2624849,
            2624850,
            2624851
        ],
        "wikiPageId": 708986,
        "entities": [
            {
                "ancestor": "",
                "keyword": "<오트밀>",
                "ne_type": "",
                "e_type": "ELU",
                "en": 16,
                "eIdx": 0,
                "st": 11
            },
            {
                "ancestor": "",
                "keyword": "[독일]",
                "ne_type": "",
                "e_type": "WIKILINK",
                "en": 21,
                "eIdx": 1,
                "st": 17
            },
            {
                "ancestor": "",
                "keyword": "[이민자]",
                "ne_type": "",
                "e_type": "WIKILINK",
                "en": 27,
                "eIdx": 2,
                "st": 22
            },
            {
                "ancestor": "",
                "keyword": "[페르디난드_슈마허]",
                "ne_type": "",
                "e_type": "WIKILINK",
                "en": 43,
                "eIdx": 3,
                "st": 32
            },
            {
                "ancestor": "",
                "keyword": "[오하이오_주]",
                "ne_type": "",
                "e_type": "WIKILINK",
                "en": 75,
                "eIdx": 4,
                "st": 67
            },
            {
                "ancestor": "",
                "keyword": "[애크런]",
                "ne_type": "",
                "e_type": "WIKILINK",
                "en": 81,
                "eIdx": 5,
                "st": 76
            },
            {
                "ancestor": "",
                "keyword": "<미국>",
                "ne_type": "",
                "e_type": "ELU",
                "en": 130,
                "eIdx": 6,
                "st": 126
            },
            {
                "ancestor": "",
                "keyword": "<회사>",
                "ne_type": "",
                "e_type": "ELU",
                "en": 150,
                "eIdx": 7,
                "st": 146
            },
            {
                "ancestor": "",
                "keyword": "<돼지고기>",
                "ne_type": "",
                "e_type": "ELU",
                "en": 169,
                "eIdx": 8,
                "st": 163
            },
            {
                "ancestor": "",
                "keyword": "<네트워크_개선>",
                "ne_type": "",
                "e_type": "ELU",
                "en": 202,
                "eIdx": 9,
                "st": 193
            },
            {
                "ancestor": "",
                "keyword": "<시리얼>",
                "ne_type": "",
                "e_type": "ELU",
                "en": 257,
                "eIdx": 10,
                "st": 252
            }
        ],
        "text": "반조리 식품 형태의 <오트밀> [독일] [이민자] 출신인 [페르디난드_슈마허](Ferdinand Schumacher)는 [오하이오_주] [애크런]에서 'German Mills American Oatmeal Company'라는 <미국> 최초의 상업용 오트밀 제조 <회사>를 차렸다. 그는 아침 <돼지고기>를 대체한 제품을 판매하였다. 생산 기술을 <네트워크_개선>(강철 절단기, 자기 롤러, 개선된 도정기)하여 빠르게 매출과 이익을 높였고, 1877년 <시리얼> 중에서는 최초의 등록 상표를 채용하였다.",
        "pIdx": 5
    },
    {
        "pronouns": [],
        "globalSId": [
            2624852,
            2624853,
            2624854,
            2624855,
            2624856
        ],
        "wikiPageId": 708986,
        "entities": [
            {
                "ancestor": "",
                "keyword": "<시리얼>",
                "ne_type": "",
                "e_type": "ELU",
                "en": 18,
                "eIdx": 0,
                "st": 13
            },
            {
                "ancestor": "",
                "keyword": "[그래뉼라]",
                "ne_type": "",
                "e_type": "WIKILINK",
                "en": 34,
                "eIdx": 1,
                "st": 28
            },
            {
                "ancestor": "",
                "keyword": "[미국]",
                "ne_type": "",
                "e_type": "WIKILINK",
                "en": 55,
                "eIdx": 2,
                "st": 51
            },
            {
                "ancestor": "",
                "keyword": "[제임스_케일렙_잭슨]",
                "ne_type": "",
                "e_type": "WIKILINK",
                "en": 69,
                "eIdx": 3,
                "st": 57
            },
            {
                "ancestor": "",
                "keyword": "[뉴욕_주]",
                "ne_type": "",
                "e_type": "WIKILINK",
                "en": 108,
                "eIdx": 4,
                "st": 102
            },
            {
                "ancestor": "",
                "keyword": "[댄스빌]",
                "ne_type": "",
                "e_type": "WIKILINK",
                "en": 114,
                "eIdx": 5,
                "st": 109
            },
            {
                "ancestor": "",
                "keyword": "<요양소>",
                "ne_type": "",
                "e_type": "ELU",
                "en": 133,
                "eIdx": 6,
                "st": 128
            },
            {
                "ancestor": "",
                "keyword": "<가루>",
                "ne_type": "",
                "e_type": "ELU",
                "en": 180,
                "eIdx": 7,
                "st": 176
            },
            {
                "ancestor": "",
                "keyword": "[:en:Wheatena]",
                "ne_type": "",
                "e_type": "WIKILINK",
                "en": 287,
                "eIdx": 8,
                "st": 273
            },
            {
                "ancestor": "",
                "keyword": "<시리얼>",
                "ne_type": "",
                "e_type": "ELU",
                "en": 295,
                "eIdx": 9,
                "st": 290
            }
        ],
        "text": "그래뉼라의 탄생 최초의 <시리얼>이라 할 수 있는 [그래뉼라](Granula)는 1863년 [미국]의 [제임스_케일렙_잭슨](James Caleb Jackson)에 의해 발명되었다. [뉴욕_주] [댄스빌]에서 그가 운영하던 잭슨 <요양소>에서 쓰일 식품으로 개발되었으며, 이 그래뉼라는 섬유소가 많이 함유된 곡물을 <가루>로 반들고, 반죽하여 굳혀서 만들었는데, 아침에 먹기위해서 하룻밤 전에 물에 불려야 하는 단점이 있었다. 1879년에는 조지 H.호이트(George H. Hoyt)는 [:en:Wheatena]라는 <시리얼>을 만들었다.",
        "pIdx": 6
    }
]