[
    {
        "pronouns": [],
        "globalSId": [
            1662130,
            1662131
        ],
        "wikiPageId": 305104,
        "entities": [
            {
                "ancestor": "",
                "keyword": "[1697년]",
                "ne_type": "",
                "e_type": "WIKILINK",
                "en": 23,
                "eIdx": 0,
                "st": 16
            },
            {
                "ancestor": "",
                "keyword": "[1745년]",
                "ne_type": "",
                "e_type": "WIKILINK",
                "en": 33,
                "eIdx": 1,
                "st": 26
            },
            {
                "ancestor": "",
                "keyword": "[바이에른의_군주]",
                "ne_type": "",
                "e_type": "WIKILINK",
                "en": 46,
                "eIdx": 2,
                "st": 36
            },
            {
                "ancestor": "",
                "keyword": "[신성_로마_제국_황제]",
                "ne_type": "",
                "e_type": "WIKILINK",
                "en": 77,
                "eIdx": 3,
                "st": 64
            },
            {
                "ancestor": "",
                "keyword": "[독일의_군주]",
                "ne_type": "",
                "e_type": "WIKILINK",
                "en": 88,
                "eIdx": 4,
                "st": 80
            },
            {
                "ancestor": "",
                "keyword": "[보헤미아의_군주]",
                "ne_type": "",
                "e_type": "WIKILINK",
                "en": 115,
                "eIdx": 5,
                "st": 105
            },
            {
                "ancestor": "",
                "keyword": "[마리아_테레지아]",
                "ne_type": "",
                "e_type": "WIKILINK",
                "en": 143,
                "eIdx": 6,
                "st": 133
            },
            {
                "ancestor": "",
                "keyword": "[신성로마제국의_요제프_1세]",
                "ne_type": "",
                "e_type": "WIKILINK",
                "en": 173,
                "eIdx": 7,
                "st": 157
            },
            {
                "ancestor": "",
                "keyword": "[오스트리아의_마리아_아말리아_(1701년)]",
                "ne_type": "",
                "e_type": "WIKILINK",
                "en": 202,
                "eIdx": 8,
                "st": 177
            }
        ],
        "text": "카를 7세(Karl VII, [1697년] - [1745년])는 [바이에른의_군주](재위: 1726-1745)이자 [신성_로마_제국_황제] 및 [독일의_군주](재위: 1742-1745), [보헤미아의_군주](재위:1741-1743)이다. [마리아_테레지아]의 잠재적 경쟁자였으며, [신성로마제국의_요제프_1세]의 딸 [오스트리아의_마리아_아말리아_(1701년)]의 남편이기도 하다.",
        "pIdx": 1
    }
]