[
    {
        "pronouns": [],
        "globalSId": [
            1978945
        ],
        "wikiPageId": 413148,
        "entities": [
            {
                "ancestor": "",
                "keyword": "[우주]",
                "ne_type": "",
                "e_type": "WIKILINK",
                "en": 27,
                "eIdx": 0,
                "st": 23
            },
            {
                "ancestor": "",
                "keyword": "[천문학]",
                "ne_type": "",
                "e_type": "WIKILINK",
                "en": 88,
                "eIdx": 1,
                "st": 83
            }
        ],
        "text": "물리 우주론(物理宇宙論) 은 우리가 속한 [우주]에 대해 가장 큰 규모의 구조와 움직임을 연구하고, 그 형성과 발달에 대한 근본적인 의문을 탐구하는 [천문학]의 한 분야이다.",
        "pIdx": 1
    }
]