[
    {
        "pronouns": [],
        "globalSId": [
            3148931,
            3148932,
            3148933,
            3148934
        ],
        "wikiPageId": 985054,
        "entities": [
            {
                "ancestor": "",
                "keyword": "[1992년]",
                "ne_type": "",
                "e_type": "WIKILINK",
                "en": 45,
                "eIdx": 0,
                "st": 38
            },
            {
                "ancestor": "",
                "keyword": "[1월_4일]",
                "ne_type": "",
                "e_type": "WIKILINK",
                "en": 53,
                "eIdx": 1,
                "st": 46
            },
            {
                "ancestor": "",
                "keyword": "[포르장티]",
                "ne_type": "",
                "e_type": "WIKILINK",
                "en": 61,
                "eIdx": 2,
                "st": 55
            },
            {
                "ancestor": "",
                "keyword": "[가봉]",
                "ne_type": "",
                "e_type": "WIKILINK",
                "en": 71,
                "eIdx": 3,
                "st": 67
            },
            {
                "ancestor": "",
                "keyword": "[문화유산]",
                "ne_type": "",
                "e_type": "WIKILINK",
                "en": 81,
                "eIdx": 4,
                "st": 75
            },
            {
                "ancestor": "",
                "keyword": "[축구]",
                "ne_type": "",
                "e_type": "WIKILINK",
                "en": 86,
                "eIdx": 5,
                "st": 82
            },
            {
                "ancestor": "",
                "keyword": "[미드필더]",
                "ne_type": "",
                "e_type": "WIKILINK",
                "en": 115,
                "eIdx": 6,
                "st": 109
            },
            {
                "ancestor": "",
                "keyword": "<소화>",
                "ne_type": "",
                "e_type": "ELU",
                "en": 125,
                "eIdx": 7,
                "st": 121
            },
            {
                "ancestor": "",
                "keyword": "<마르세유>",
                "ne_type": "",
                "e_type": "ELU",
                "en": 145,
                "eIdx": 8,
                "st": 139
            }
        ],
        "text": "알렉상드르 A. 은둠부 (Alexander A. N.Doumbou, [1992년] [1월_4일], [포르장티] ~) 는 [가봉]의 중국[문화유산] [축구] 선수로, 현재 자유계약 신분이다. 그는 [미드필더]로 양쪽을 <소화> 가능하며, 2006년에 <마르세유>에 입단하였다.",
        "pIdx": 1
    },
    {
        "pronouns": [],
        "globalSId": [
            3148935,
            3148936,
            3148937
        ],
        "wikiPageId": 985054,
        "entities": [
            {
                "ancestor": "",
                "keyword": "<프라이버시>",
                "ne_type": "",
                "e_type": "ELU",
                "en": 7,
                "eIdx": 0,
                "st": 0
            },
            {
                "ancestor": "",
                "keyword": "[포르장티]",
                "ne_type": "",
                "e_type": "WIKILINK",
                "en": 19,
                "eIdx": 1,
                "st": 13
            },
            {
                "ancestor": "",
                "keyword": "<가봉>",
                "ne_type": "",
                "e_type": "ELU",
                "en": 26,
                "eIdx": 2,
                "st": 22
            },
            {
                "ancestor": "",
                "keyword": "<사이>",
                "ne_type": "",
                "e_type": "ELU",
                "en": 45,
                "eIdx": 3,
                "st": 41
            },
            {
                "ancestor": "",
                "keyword": "<중국>",
                "ne_type": "",
                "e_type": "ELU",
                "en": 71,
                "eIdx": 4,
                "st": 67
            },
            {
                "ancestor": "",
                "keyword": "<학교>",
                "ne_type": "",
                "e_type": "ELU",
                "en": 78,
                "eIdx": 5,
                "st": 74
            }
        ],
        "text": "<프라이버시> 은둠부는 [포르장티]에서 <가봉>인 아버지와 중국인 어머니 <사이>에서 태어났다. 그의 부모님은 아버지가 <중국>에서 <학교>를 다니던 시절에 만난 적이 있다.",
        "pIdx": 2
    },
    {
        "pronouns": [],
        "globalSId": [
            3148938
        ],
        "wikiPageId": 985054,
        "entities": [],
        "text": "경력",
        "pIdx": 3
    },
    {
        "pronouns": [],
        "globalSId": [
            3148939,
            3148940,
            3148941,
            3148942,
            3148943,
            3148944,
            3148945,
            3148946,
            3148947
        ],
        "wikiPageId": 985054,
        "entities": [
            {
                "ancestor": "",
                "keyword": "[AS_소가라]",
                "ne_type": "",
                "e_type": "WIKILINK",
                "en": 22,
                "eIdx": 0,
                "st": 14
            },
            {
                "ancestor": "",
                "keyword": "[가봉_샹피오나_나시오날_D1]",
                "ne_type": "",
                "e_type": "WIKILINK",
                "en": 45,
                "eIdx": 1,
                "st": 28
            },
            {
                "ancestor": "",
                "keyword": "<조국>",
                "ne_type": "",
                "e_type": "ELU",
                "en": 77,
                "eIdx": 2,
                "st": 73
            },
            {
                "ancestor": "",
                "keyword": "<프랑스>",
                "ne_type": "",
                "e_type": "ELU",
                "en": 87,
                "eIdx": 3,
                "st": 82
            },
            {
                "ancestor": "",
                "keyword": "[FC_마르티게]",
                "ne_type": "",
                "e_type": "WIKILINK",
                "en": 137,
                "eIdx": 4,
                "st": 128
            },
            {
                "ancestor": "",
                "keyword": "<마르세유>",
                "ne_type": "",
                "e_type": "ELU",
                "en": 152,
                "eIdx": 5,
                "st": 146
            },
            {
                "ancestor": "",
                "keyword": "<마르세유>",
                "ne_type": "",
                "e_type": "ELU",
                "en": 208,
                "eIdx": 6,
                "st": 202
            },
            {
                "ancestor": "",
                "keyword": "<주장_(축구)>",
                "ne_type": "",
                "e_type": "ELU",
                "en": 239,
                "eIdx": 7,
                "st": 230
            },
            {
                "ancestor": "",
                "keyword": "<우승>",
                "ne_type": "",
                "e_type": "ELU",
                "en": 269,
                "eIdx": 8,
                "st": 265
            },
            {
                "ancestor": "",
                "keyword": "[트렐리사_FC]",
                "ne_type": "",
                "e_type": "WIKILINK",
                "en": 432,
                "eIdx": 9,
                "st": 423
            },
            {
                "ancestor": "",
                "keyword": "[쿠프_드_프랑스]",
                "ne_type": "",
                "e_type": "WIKILINK",
                "en": 445,
                "eIdx": 10,
                "st": 435
            },
            {
                "ancestor": "",
                "keyword": "<경기도>",
                "ne_type": "",
                "e_type": "ELU",
                "en": 451,
                "eIdx": 11,
                "st": 446
            }
        ],
        "text": "클럽 은둠부는 가봉 클럽 [AS_소가라] 소속으로 [가봉_샹피오나_나시오날_D1]에서 축구를 시작하였다. 12세의 나이에 은둠부는 <조국>을 떠나 <프랑스>의 남부지역 클럽 FC 카르팡트라에 입단하였다. 그는 이후 짧은 기간동안 [FC_마르티게] 소속이었다가, <마르세유>에 트라이얼로 합류하게 되었다. 트라이얼을 통과한 은둠부는 유소년팀 계약 제의를 받았다. <마르세유>의 유소년팀 소속으로, 그는 U-17팀 <주장_(축구)>을 맡아 팀의 2008-09시즌 U-17 리그 <우승>에 공을 세웠다. 2009년 11월 18일, 은둠부는 첫 프로 계약을 체결하였다. 계약은 2011년 7월 1일에 발효되었고, 선수는 1군 계약이 체결된 남은 2년간 출전하여야 한다는 조항이 있었다. 2010년 1월 9일, 은둠부는 18번째 생일로부터 5일 후, 아마추어 클럽 [트렐리사_FC]와의 [쿠프_드_프랑스] <경기도>에서 1군 데뷔전을 치루었다.",
        "pIdx": 4
    },
    {
        "pronouns": [],
        "globalSId": [
            3148948
        ],
        "wikiPageId": 985054,
        "entities": [
            {
                "ancestor": "",
                "keyword": "[US_오를레앙]",
                "ne_type": "",
                "e_type": "WIKILINK",
                "en": 28,
                "eIdx": 0,
                "st": 19
            }
        ],
        "text": "2011년 8월 10일, 은둠부는 [US_오를레앙]으로 한 시즌동안 임대되었다.",
        "pIdx": 5
    }
]