[
    {
        "pronouns": [],
        "globalSId": [
            883336,
            883337,
            883338,
            883339
        ],
        "wikiPageId": 120775,
        "entities": [
            {
                "ancestor": "",
                "keyword": "<루이_14세>",
                "ne_type": "",
                "e_type": "ELU",
                "en": 18,
                "eIdx": 0,
                "st": 10
            },
            {
                "ancestor": "",
                "keyword": "[페르난도_2세_(아라곤)]",
                "ne_type": "",
                "e_type": "WIKILINK",
                "en": 35,
                "eIdx": 1,
                "st": 20
            },
            {
                "ancestor": "",
                "keyword": "<밀라노>",
                "ne_type": "",
                "e_type": "ELU",
                "en": 63,
                "eIdx": 2,
                "st": 58
            },
            {
                "ancestor": "",
                "keyword": "<남쪽>",
                "ne_type": "",
                "e_type": "ELU",
                "en": 70,
                "eIdx": 3,
                "st": 66
            },
            {
                "ancestor": "",
                "keyword": "<진군>",
                "ne_type": "",
                "e_type": "ELU",
                "en": 77,
                "eIdx": 4,
                "st": 73
            },
            {
                "ancestor": "",
                "keyword": "<프랑스>",
                "ne_type": "",
                "e_type": "ELU",
                "en": 90,
                "eIdx": 5,
                "st": 85
            },
            {
                "ancestor": "",
                "keyword": "<루이_14세>",
                "ne_type": "",
                "e_type": "ELU",
                "en": 160,
                "eIdx": 6,
                "st": 152
            },
            {
                "ancestor": "",
                "keyword": "<스페인>",
                "ne_type": "",
                "e_type": "ELU",
                "en": 187,
                "eIdx": 7,
                "st": 182
            },
            {
                "ancestor": "",
                "keyword": "<코르도바_(스페인)>",
                "ne_type": "",
                "e_type": "ELU",
                "en": 204,
                "eIdx": 8,
                "st": 192
            },
            {
                "ancestor": "",
                "keyword": "<스페인의_군사>",
                "ne_type": "",
                "e_type": "ELU",
                "en": 242,
                "eIdx": 9,
                "st": 233
            },
            {
                "ancestor": "",
                "keyword": "[체리뇰라_전투]",
                "ne_type": "",
                "e_type": "WIKILINK",
                "en": 268,
                "eIdx": 10,
                "st": 259
            },
            {
                "ancestor": "",
                "keyword": "[가릴리아노_전투]",
                "ne_type": "",
                "e_type": "WIKILINK",
                "en": 305,
                "eIdx": 11,
                "st": 295
            },
            {
                "ancestor": "",
                "keyword": "<루이_14세>",
                "ne_type": "",
                "e_type": "ELU",
                "en": 354,
                "eIdx": 12,
                "st": 346
            },
            {
                "ancestor": "",
                "keyword": "<나폴리>",
                "ne_type": "",
                "e_type": "ELU",
                "en": 361,
                "eIdx": 13,
                "st": 356
            },
            {
                "ancestor": "",
                "keyword": "<나폴리>",
                "ne_type": "",
                "e_type": "ELU",
                "en": 380,
                "eIdx": 14,
                "st": 375
            },
            {
                "ancestor": "",
                "keyword": "<장군>",
                "ne_type": "",
                "e_type": "ELU",
                "en": 398,
                "eIdx": 15,
                "st": 394
            }
        ],
        "text": "1500년 11월 <루이_14세>는 [페르난도_2세_(아라곤)]와 나폴리 분할에 대한 협정에 합의하고, <밀라노>에서 <남쪽>으로 <진군>했다. 연합한 <프랑스>와 스페인 군대는 1502년 나폴리 왕국을 점령하고 지배했으나 분할에 대한 조건이 바뀌면서 의견차이가 생겼고, <루이_14세>와 페르난도는 전쟁으로 치닫게 되었다. <스페인>의 장군 <코르도바_(스페인)>는 1494년의 1차 전쟁에서 무력한 모습을 보였던 <스페인의_군사>을 개혁하였고 1503년 4월 [체리뇰라_전투](Battle of Cerignola)와 12월 [가릴리아노_전투](Battle of Garigliano)에서 프랑스군을 대파하였다. 결국 <루이_14세>는 <나폴리>에서 군대를 철수시켰고, <나폴리>는 스페인 총독 코르도바 <장군>의 지배에 들어갔다.",
        "pIdx": 9
    },
    {
        "pronouns": [],
        "globalSId": [
            883340,
            883341,
            883342,
            883343,
            883344
        ],
        "wikiPageId": 120775,
        "entities": [
            {
                "ancestor": "",
                "keyword": "[교황_율리오_2세]",
                "ne_type": "",
                "e_type": "WIKILINK",
                "en": 35,
                "eIdx": 0,
                "st": 24
            },
            {
                "ancestor": "",
                "keyword": "[베네치아_공화국]",
                "ne_type": "",
                "e_type": "WIKILINK",
                "en": 47,
                "eIdx": 1,
                "st": 37
            },
            {
                "ancestor": "",
                "keyword": "<제노바>",
                "ne_type": "",
                "e_type": "ELU",
                "en": 91,
                "eIdx": 2,
                "st": 86
            },
            {
                "ancestor": "",
                "keyword": "<베네치아>",
                "ne_type": "",
                "e_type": "ELU",
                "en": 119,
                "eIdx": 3,
                "st": 113
            },
            {
                "ancestor": "",
                "keyword": "[신성로마제국]",
                "ne_type": "",
                "e_type": "WIKILINK",
                "en": 155,
                "eIdx": 4,
                "st": 147
            },
            {
                "ancestor": "",
                "keyword": "[막시밀리안_1세]",
                "ne_type": "",
                "e_type": "WIKILINK",
                "en": 167,
                "eIdx": 5,
                "st": 157
            },
            {
                "ancestor": "",
                "keyword": "<베네치아>",
                "ne_type": "",
                "e_type": "ELU",
                "en": 177,
                "eIdx": 6,
                "st": 171
            },
            {
                "ancestor": "",
                "keyword": "[프랑스의_루이_12세]",
                "ne_type": "",
                "e_type": "WIKILINK",
                "en": 215,
                "eIdx": 7,
                "st": 202
            },
            {
                "ancestor": "",
                "keyword": "<베네치아>",
                "ne_type": "",
                "e_type": "ELU",
                "en": 225,
                "eIdx": 8,
                "st": 219
            },
            {
                "ancestor": "",
                "keyword": "<프랑스>",
                "ne_type": "",
                "e_type": "ELU",
                "en": 232,
                "eIdx": 9,
                "st": 227
            },
            {
                "ancestor": "",
                "keyword": "[밀라노]",
                "ne_type": "",
                "e_type": "WIKILINK",
                "en": 239,
                "eIdx": 10,
                "st": 234
            },
            {
                "ancestor": "",
                "keyword": "[나폴리]",
                "ne_type": "",
                "e_type": "WIKILINK",
                "en": 265,
                "eIdx": 11,
                "st": 260
            },
            {
                "ancestor": "",
                "keyword": "<베네치아>",
                "ne_type": "",
                "e_type": "ELU",
                "en": 282,
                "eIdx": 12,
                "st": 276
            },
            {
                "ancestor": "",
                "keyword": "<이탈리아>",
                "ne_type": "",
                "e_type": "ELU",
                "en": 293,
                "eIdx": 13,
                "st": 287
            }
        ],
        "text": "캉브레 동맹전쟁 1503년 교황으로 선출된 [교황_율리오_2세]는 [베네치아_공화국]의 영토 확장에 대해 심각하게 우려하고 있었다. 제노바 출신의 교황은 <제노바>를 비롯한 다른 북부 이탈리아 국가들이 <베네치아>를 증오한다는 점을 잘 알고 있었다. 뿐만 아니라 [신성로마제국]의 [막시밀리안_1세] 역시 <베네치아>의 프리울리 공국 공략에 분노하고 있었으며, [프랑스의_루이_12세] 역시 <베네치아>가 <프랑스>의 [밀라노] 지배에 위협이 된다고 보고 있었다. [나폴리]의 페르디난도 왕도 <베네치아>가 남부 <이탈리아>의 아드리아해 연안 도시들 중 여러 곳을 점거하고 있다는 사실에 분개하고 있었다.",
        "pIdx": 10
    },
    {
        "pronouns": [],
        "globalSId": [
            883345,
            883346,
            883347,
            883348
        ],
        "wikiPageId": 120775,
        "entities": [
            {
                "ancestor": "",
                "keyword": "<조직_(사회과학)>",
                "ne_type": "",
                "e_type": "ELU",
                "en": 52,
                "eIdx": 0,
                "st": 41
            },
            {
                "ancestor": "",
                "keyword": "<프랑스>",
                "ne_type": "",
                "e_type": "ELU",
                "en": 68,
                "eIdx": 1,
                "st": 63
            },
            {
                "ancestor": "",
                "keyword": "<스페인>",
                "ne_type": "",
                "e_type": "ELU",
                "en": 80,
                "eIdx": 2,
                "st": 75
            },
            {
                "ancestor": "",
                "keyword": "<베네치아>",
                "ne_type": "",
                "e_type": "ELU",
                "en": 102,
                "eIdx": 3,
                "st": 96
            },
            {
                "ancestor": "",
                "keyword": "[아냐델로_전투]",
                "ne_type": "",
                "e_type": "WIKILINK",
                "en": 139,
                "eIdx": 4,
                "st": 130
            },
            {
                "ancestor": "",
                "keyword": "[파도바_공성전_(1509년)]",
                "ne_type": "",
                "e_type": "WIKILINK",
                "en": 206,
                "eIdx": 5,
                "st": 189
            },
            {
                "ancestor": "",
                "keyword": "<막시밀리안_1세_(신성_로마_제국)>",
                "ne_type": "",
                "e_type": "ELU",
                "en": 269,
                "eIdx": 6,
                "st": 248
            }
        ],
        "text": "이러한 상황에 힘입어 교황 율리오 2세는 1508년 12월 캉브레 동맹을 <조직_(사회과학)>했다. 이 동맹에는 <프랑스>, 교황령, <스페인>, 신성로마제국 등이 참가해 <베네치아>를 억제하기로 동의했다. 1509년 5월 동맹군은 [아냐델로_전투](Battle of Agnadello)에서 베네치아 군대를 크게 격파했으나, 같은해 9월 [파도바_공성전_(1509년)]에서는 베네치아군의 격렬한 저항에 부딪혀 점령에 실패하였다. 신성로마제국의 <막시밀리안_1세_(신성_로마_제국)>은 대규모 용병군에게 임금을 지급하지 못하게되자 포위를 풀고 후퇴하였다.",
        "pIdx": 11
    },
    {
        "pronouns": [],
        "globalSId": [
            883349,
            883350,
            883351,
            883352
        ],
        "wikiPageId": 120775,
        "entities": [
            {
                "ancestor": "",
                "keyword": "<프랑스>",
                "ne_type": "",
                "e_type": "ELU",
                "en": 16,
                "eIdx": 0,
                "st": 11
            },
            {
                "ancestor": "",
                "keyword": "<프랑스>",
                "ne_type": "",
                "e_type": "ELU",
                "en": 64,
                "eIdx": 1,
                "st": 59
            },
            {
                "ancestor": "",
                "keyword": "<베네치아>",
                "ne_type": "",
                "e_type": "ELU",
                "en": 79,
                "eIdx": 2,
                "st": 73
            },
            {
                "ancestor": "",
                "keyword": "<프랑스>",
                "ne_type": "",
                "e_type": "ELU",
                "en": 108,
                "eIdx": 3,
                "st": 103
            },
            {
                "ancestor": "",
                "keyword": "[로마냐]",
                "ne_type": "",
                "e_type": "WIKILINK",
                "en": 165,
                "eIdx": 4,
                "st": 160
            },
            {
                "ancestor": "",
                "keyword": "<프랑스>",
                "ne_type": "",
                "e_type": "ELU",
                "en": 203,
                "eIdx": 5,
                "st": 198
            },
            {
                "ancestor": "",
                "keyword": "<잉글랜드>",
                "ne_type": "",
                "e_type": "ELU",
                "en": 234,
                "eIdx": 6,
                "st": 228
            },
            {
                "ancestor": "",
                "keyword": "<스페인>",
                "ne_type": "",
                "e_type": "ELU",
                "en": 241,
                "eIdx": 7,
                "st": 236
            }
        ],
        "text": "1510년이 되면서 <프랑스>의 루이 12세는 교황 율리오 2세를 베니스 이상의 위협으로 여기게 되었고, <프랑스>는 편을 바꾸어 <베네치아>와 동맹을 맺었다. 1510년 3월 교황은 <프랑스>를 상대하기 위해 스위스의 여러 주와 흥정하여 6,000명의 스위스군을 끌여들였다. 1년 후 [로마냐] 근교에서 교황측 군대가 수차례 패배를 당하는 동안 교황은 <프랑스>에 대한 신성 동맹을 선언하였다. 이 동맹은 <잉글랜드>, <스페인>, 신성로마제국이 참가하면서 급속히 커졌다.",
        "pIdx": 12
    },
    {
        "pronouns": [],
        "globalSId": [
            883353,
            883354,
            883355,
            883356
        ],
        "wikiPageId": 120775,
        "entities": [
            {
                "ancestor": "",
                "keyword": "[느무르_공작_가스통_드_푸아]",
                "ne_type": "",
                "e_type": "WIKILINK",
                "en": 17,
                "eIdx": 0,
                "st": 0
            },
            {
                "ancestor": "",
                "keyword": "[라벤나_전투_(1512년)]",
                "ne_type": "",
                "e_type": "WIKILINK",
                "en": 54,
                "eIdx": 1,
                "st": 38
            },
            {
                "ancestor": "",
                "keyword": "<승리>",
                "ne_type": "",
                "e_type": "ELU",
                "en": 73,
                "eIdx": 2,
                "st": 69
            },
            {
                "ancestor": "",
                "keyword": "<스위스>",
                "ne_type": "",
                "e_type": "ELU",
                "en": 107,
                "eIdx": 3,
                "st": 102
            },
            {
                "ancestor": "",
                "keyword": "<밀라노>",
                "ne_type": "",
                "e_type": "ELU",
                "en": 114,
                "eIdx": 4,
                "st": 109
            },
            {
                "ancestor": "",
                "keyword": "<프랑스군>",
                "ne_type": "",
                "e_type": "ELU",
                "en": 131,
                "eIdx": 5,
                "st": 125
            },
            {
                "ancestor": "",
                "keyword": "<이탈리아>",
                "ne_type": "",
                "e_type": "ELU",
                "en": 139,
                "eIdx": 6,
                "st": 133
            },
            {
                "ancestor": "",
                "keyword": "<밀라노>",
                "ne_type": "",
                "e_type": "ELU",
                "en": 154,
                "eIdx": 7,
                "st": 149
            },
            {
                "ancestor": "",
                "keyword": "[스위스]",
                "ne_type": "",
                "e_type": "WIKILINK",
                "en": 165,
                "eIdx": 8,
                "st": 160
            },
            {
                "ancestor": "",
                "keyword": "[막시밀리안_스포르차]",
                "ne_type": "",
                "e_type": "WIKILINK",
                "en": 179,
                "eIdx": 9,
                "st": 167
            },
            {
                "ancestor": "",
                "keyword": "<베네치아>",
                "ne_type": "",
                "e_type": "ELU",
                "en": 241,
                "eIdx": 10,
                "st": 235
            },
            {
                "ancestor": "",
                "keyword": "<프랑스>",
                "ne_type": "",
                "e_type": "ELU",
                "en": 248,
                "eIdx": 11,
                "st": 243
            },
            {
                "ancestor": "",
                "keyword": "<롬바르디아_주>",
                "ne_type": "",
                "e_type": "ELU",
                "en": 266,
                "eIdx": 12,
                "st": 257
            }
        ],
        "text": "[느무르_공작_가스통_드_푸아]의 지휘하의 프랑스 군대는 1512년 [라벤나_전투_(1512년)]에서 스페인 군대에 압도적 <승리>를 거두었다. 그러나 이 전투 중 푸아가 전사하고, <스위스>가 <밀라노>를 침공해 점령하자 <프랑스군>은 <이탈리아>에서 철수하였다. <밀라노>를 점령한 [스위스]는 [막시밀리안_스포르차]를 공작에 복위시켰다. 승리를 거둔 신성 동맹 내에서는 얼마 못 가 불협화음이 일어났고, 1513년 <베네치아>는 <프랑스>와 동맹을 맺고 <롬바르디아_주>를 분할하는 데 동의했다.",
        "pIdx": 13
    },
    {
        "pronouns": [],
        "globalSId": [
            883357,
            883358
        ],
        "wikiPageId": 120775,
        "entities": [
            {
                "ancestor": "",
                "keyword": "<루이_14세>",
                "ne_type": "",
                "e_type": "ELU",
                "en": 8,
                "eIdx": 0,
                "st": 0
            },
            {
                "ancestor": "",
                "keyword": "<시드_(밴드)>",
                "ne_type": "",
                "e_type": "ELU",
                "en": 33,
                "eIdx": 1,
                "st": 24
            },
            {
                "ancestor": "",
                "keyword": "<밀라노>",
                "ne_type": "",
                "e_type": "ELU",
                "en": 43,
                "eIdx": 2,
                "st": 38
            },
            {
                "ancestor": "",
                "keyword": "[노바라_전투]",
                "ne_type": "",
                "e_type": "WIKILINK",
                "en": 70,
                "eIdx": 3,
                "st": 62
            },
            {
                "ancestor": "",
                "keyword": "<프랑스>",
                "ne_type": "",
                "e_type": "ELU",
                "en": 96,
                "eIdx": 4,
                "st": 91
            },
            {
                "ancestor": "",
                "keyword": "[란츠크네히트]",
                "ne_type": "",
                "e_type": "WIKILINK",
                "en": 106,
                "eIdx": 5,
                "st": 98
            },
            {
                "ancestor": "",
                "keyword": "<베네치아>",
                "ne_type": "",
                "e_type": "ELU",
                "en": 159,
                "eIdx": 6,
                "st": 153
            },
            {
                "ancestor": "",
                "keyword": "[라_모타_전투]",
                "ne_type": "",
                "e_type": "WIKILINK",
                "en": 170,
                "eIdx": 7,
                "st": 161
            },
            {
                "ancestor": "",
                "keyword": "<프랑스>",
                "ne_type": "",
                "e_type": "ELU",
                "en": 198,
                "eIdx": 8,
                "st": 193
            },
            {
                "ancestor": "",
                "keyword": "[기느가트_전투]",
                "ne_type": "",
                "e_type": "WIKILINK",
                "en": 209,
                "eIdx": 9,
                "st": 200
            },
            {
                "ancestor": "",
                "keyword": "[앙기느가트]",
                "ne_type": "",
                "e_type": "WIKILINK",
                "en": 232,
                "eIdx": 10,
                "st": 225
            },
            {
                "ancestor": "",
                "keyword": "<스코틀랜드>",
                "ne_type": "",
                "e_type": "ELU",
                "en": 251,
                "eIdx": 11,
                "st": 244
            },
            {
                "ancestor": "",
                "keyword": "[플로덴_필드_전투]",
                "ne_type": "",
                "e_type": "WIKILINK",
                "en": 268,
                "eIdx": 12,
                "st": 257
            },
            {
                "ancestor": "",
                "keyword": "<승리>",
                "ne_type": "",
                "e_type": "ELU",
                "en": 296,
                "eIdx": 13,
                "st": 292
            }
        ],
        "text": "<루이_14세>는 또 한 번 밀라노 침공을 <시드_(밴드)>했으나, <밀라노>의 스위스 용병은 1513년 6월 [노바라_전투](battle of Novara)에서 <프랑스>의 [란츠크네히트] 용병을 포위 공격하여 결정적 패배를 안겼다. 신성 동맹은 이어서 1513년 10월 <베네치아>를 [라_모타_전투](La Motta)에서, 1513년 8월 <프랑스>를 [기느가트_전투](Guinegate, 현재의 [앙기느가트]), 1513년 9월 <스코틀랜드>를 상대로 [플로덴_필드_전투](Flodden Field)에서 연속적으로 <승리>를 거두었다.",
        "pIdx": 14
    },
    {
        "pronouns": [],
        "globalSId": [
            883359,
            883360,
            883361,
            883362,
            883363
        ],
        "wikiPageId": 120775,
        "entities": [
            {
                "ancestor": "",
                "keyword": "<프랑스>",
                "ne_type": "",
                "e_type": "ELU",
                "en": 79,
                "eIdx": 0,
                "st": 74
            },
            {
                "ancestor": "",
                "keyword": "[프랑수아_1세_(프랑스)]",
                "ne_type": "",
                "e_type": "WIKILINK",
                "en": 108,
                "eIdx": 1,
                "st": 93
            },
            {
                "ancestor": "",
                "keyword": "<왕위>",
                "ne_type": "",
                "e_type": "ELU",
                "en": 118,
                "eIdx": 2,
                "st": 114
            },
            {
                "ancestor": "",
                "keyword": "<계승>",
                "ne_type": "",
                "e_type": "ELU",
                "en": 124,
                "eIdx": 3,
                "st": 120
            },
            {
                "ancestor": "",
                "keyword": "<프랑스>",
                "ne_type": "",
                "e_type": "ELU",
                "en": 143,
                "eIdx": 4,
                "st": 138
            },
            {
                "ancestor": "",
                "keyword": "<연합국>",
                "ne_type": "",
                "e_type": "ELU",
                "en": 154,
                "eIdx": 5,
                "st": 149
            },
            {
                "ancestor": "",
                "keyword": "[마리냐노_전투]",
                "ne_type": "",
                "e_type": "WIKILINK",
                "en": 175,
                "eIdx": 6,
                "st": 166
            },
            {
                "ancestor": "",
                "keyword": "<스페인>",
                "ne_type": "",
                "e_type": "ELU",
                "en": 226,
                "eIdx": 7,
                "st": 221
            },
            {
                "ancestor": "",
                "keyword": "<밀라노>",
                "ne_type": "",
                "e_type": "ELU",
                "en": 233,
                "eIdx": 8,
                "st": 228
            },
            {
                "ancestor": "",
                "keyword": "[누아용]",
                "ne_type": "",
                "e_type": "WIKILINK",
                "en": 271,
                "eIdx": 9,
                "st": 266
            },
            {
                "ancestor": "",
                "keyword": "[브뤼셀]",
                "ne_type": "",
                "e_type": "WIKILINK",
                "en": 289,
                "eIdx": 10,
                "st": 284
            },
            {
                "ancestor": "",
                "keyword": "<프랑스>",
                "ne_type": "",
                "e_type": "ELU",
                "en": 313,
                "eIdx": 11,
                "st": 308
            },
            {
                "ancestor": "",
                "keyword": "<베네치아>",
                "ne_type": "",
                "e_type": "ELU",
                "en": 321,
                "eIdx": 12,
                "st": 315
            },
            {
                "ancestor": "",
                "keyword": "<항복>",
                "ne_type": "",
                "e_type": "ELU",
                "en": 327,
                "eIdx": 13,
                "st": 323
            }
        ],
        "text": "그렇지만 교황 율리오 2세가 1513년 2월 죽은 이후에, 동맹을 유효하게 이끌 리더쉽을 갖춘 인물이 없었다. 한편 1515년 1월 <프랑스>의 루이 12세가 죽고, [프랑수아_1세_(프랑스)]가 프랑스 <왕위>를 <계승>하였다. 프랑수아 1세는 <프랑스>-베네치아 <연합국>을 이끌고 1515년 [마리냐노_전투](Marignano)에서 스위스군을 격퇴하였다. 이 전투 이후 교황 레오 10세와 <스페인>이 <밀라노>를 포기하면서 신성 동맹은 무너져 내렸다. 1516년 8월 [누아용](Noyon) 조약 및 [브뤼셀] 조약에 의해 북 이탈리아 전체가 <프랑스>와 <베네치아>에 <항복>했다.",
        "pIdx": 15
    },
    {
        "pronouns": [],
        "globalSId": [
            883364,
            883365,
            883366,
            883367
        ],
        "wikiPageId": 120775,
        "entities": [
            {
                "ancestor": "",
                "keyword": "<스페인>",
                "ne_type": "",
                "e_type": "ELU",
                "en": 39,
                "eIdx": 0,
                "st": 34
            },
            {
                "ancestor": "",
                "keyword": "[카를_5세]",
                "ne_type": "",
                "e_type": "WIKILINK",
                "en": 48,
                "eIdx": 1,
                "st": 41
            },
            {
                "ancestor": "",
                "keyword": "[신성로마황제]",
                "ne_type": "",
                "e_type": "WIKILINK",
                "en": 67,
                "eIdx": 2,
                "st": 59
            },
            {
                "ancestor": "",
                "keyword": "<프랑스>",
                "ne_type": "",
                "e_type": "ELU",
                "en": 79,
                "eIdx": 3,
                "st": 74
            },
            {
                "ancestor": "",
                "keyword": "[합스부르크]",
                "ne_type": "",
                "e_type": "WIKILINK",
                "en": 88,
                "eIdx": 4,
                "st": 81
            },
            {
                "ancestor": "",
                "keyword": "[프랑스의_프랑수아_1세]",
                "ne_type": "",
                "e_type": "WIKILINK",
                "en": 118,
                "eIdx": 5,
                "st": 104
            },
            {
                "ancestor": "",
                "keyword": "<신성_로마_제국>",
                "ne_type": "",
                "e_type": "ELU",
                "en": 132,
                "eIdx": 6,
                "st": 122
            },
            {
                "ancestor": "",
                "keyword": "<사이>",
                "ne_type": "",
                "e_type": "ELU",
                "en": 176,
                "eIdx": 7,
                "st": 172
            },
            {
                "ancestor": "",
                "keyword": "<십이지>",
                "ne_type": "",
                "e_type": "ELU",
                "en": 222,
                "eIdx": 8,
                "st": 217
            },
            {
                "ancestor": "",
                "keyword": "[레오_10세]",
                "ne_type": "",
                "e_type": "WIKILINK",
                "en": 236,
                "eIdx": 9,
                "st": 228
            },
            {
                "ancestor": "",
                "keyword": "[바티칸]",
                "ne_type": "",
                "e_type": "WIKILINK",
                "en": 262,
                "eIdx": 10,
                "st": 257
            },
            {
                "ancestor": "",
                "keyword": "<마일>",
                "ne_type": "",
                "e_type": "ELU",
                "en": 275,
                "eIdx": 11,
                "st": 271
            }
        ],
        "text": "1521년-1526년 이탈리아 전쟁 3년간의 평화가 있은 뒤 <스페인>의 [카를_5세]가 1519년 6월 [신성로마황제]로 선출되자 <프랑스>와 [합스부르크] 가문의 관계가 악화되었다. [프랑스의_프랑수아_1세] 역시 <신성_로마_제국>의 황제로 출마해서 카를 5세와 경쟁하였고, 프랑수아 1세와 카를 5세 <사이>에 이후 지속될 라이벌 관계가 성립되었다. 한편 황제 선출에서 프랑수와를 <십이지>했던 교황 [레오_10세]는 카를 5세의 영토인 나폴리 왕국이 [바티칸]에서 겨우 40 <마일> 떨어져 있다는 사실을 불안해하였다.",
        "pIdx": 16
    },
    {
        "pronouns": [],
        "globalSId": [
            883368,
            883369,
            883370,
            883371,
            883372,
            883373
        ],
        "wikiPageId": 120775,
        "entities": [
            {
                "ancestor": "",
                "keyword": "<프랑스>",
                "ne_type": "",
                "e_type": "ELU",
                "en": 5,
                "eIdx": 0,
                "st": 0
            },
            {
                "ancestor": "",
                "keyword": "<사이>",
                "ne_type": "",
                "e_type": "ELU",
                "en": 17,
                "eIdx": 1,
                "st": 13
            },
            {
                "ancestor": "",
                "keyword": "<프랑수아_1세_(프랑스)>",
                "ne_type": "",
                "e_type": "ELU",
                "en": 43,
                "eIdx": 2,
                "st": 28
            },
            {
                "ancestor": "",
                "keyword": "<프랑스>",
                "ne_type": "",
                "e_type": "ELU",
                "en": 71,
                "eIdx": 3,
                "st": 66
            },
            {
                "ancestor": "",
                "keyword": "<황제>",
                "ne_type": "",
                "e_type": "ELU",
                "en": 100,
                "eIdx": 4,
                "st": 96
            },
            {
                "ancestor": "",
                "keyword": "<제국>",
                "ne_type": "",
                "e_type": "ELU",
                "en": 111,
                "eIdx": 5,
                "st": 107
            },
            {
                "ancestor": "",
                "keyword": "[마르틴_루터]",
                "ne_type": "",
                "e_type": "WIKILINK",
                "en": 128,
                "eIdx": 6,
                "st": 120
            },
            {
                "ancestor": "",
                "keyword": "[종교_개혁]",
                "ne_type": "",
                "e_type": "WIKILINK",
                "en": 137,
                "eIdx": 7,
                "st": 130
            },
            {
                "ancestor": "",
                "keyword": "<황제>",
                "ne_type": "",
                "e_type": "ELU",
                "en": 158,
                "eIdx": 8,
                "st": 154
            },
            {
                "ancestor": "",
                "keyword": "<스페인>",
                "ne_type": "",
                "e_type": "ELU",
                "en": 209,
                "eIdx": 9,
                "st": 204
            },
            {
                "ancestor": "",
                "keyword": "<프랑스>",
                "ne_type": "",
                "e_type": "ELU",
                "en": 222,
                "eIdx": 10,
                "st": 217
            },
            {
                "ancestor": "",
                "keyword": "<스페인>",
                "ne_type": "",
                "e_type": "ELU",
                "en": 246,
                "eIdx": 11,
                "st": 241
            },
            {
                "ancestor": "",
                "keyword": "[잉글랜드의_헨리_8세]",
                "ne_type": "",
                "e_type": "WIKILINK",
                "en": 282,
                "eIdx": 12,
                "st": 269
            },
            {
                "ancestor": "",
                "keyword": "[하드리아노_6세]",
                "ne_type": "",
                "e_type": "WIKILINK",
                "en": 357,
                "eIdx": 13,
                "st": 347
            },
            {
                "ancestor": "",
                "keyword": "[클레멘스_7세]",
                "ne_type": "",
                "e_type": "WIKILINK",
                "en": 392,
                "eIdx": 14,
                "st": 383
            },
            {
                "ancestor": "",
                "keyword": "<프랑스>",
                "ne_type": "",
                "e_type": "ELU",
                "en": 412,
                "eIdx": 15,
                "st": 407
            },
            {
                "ancestor": "",
                "keyword": "[베네치아_공화국]",
                "ne_type": "",
                "e_type": "WIKILINK",
                "en": 428,
                "eIdx": 16,
                "st": 418
            }
        ],
        "text": "<프랑스>와 합스부르크 <사이>의 관계가 악화되자 <프랑수아_1세_(프랑스)>는 이를 구실로 전쟁을 일으켰다. 그러나 <프랑스>의 기대와는 달리 교황 레오 10세는 갑자기 <황제>와 화친하고 <제국>의 편에 섰다. [마르틴_루터]의 [종교_개혁]에 대항하기 위해 교황은 제국 <황제>의 도움이 필요했기 때문이다. 카를 5세는 신성로마제국의 황제일 뿐만 아니라 본래 <스페인>의 왕이었기에 <프랑스>는 동쪽으로는 제국에, 서쪽으로는 <스페인>에 둘러싸인 형태가 되었다. 뿐만 아니라 [잉글랜드의_헨리_8세] 역시 교황과 황제의 편에 서서 대프랑스 전쟁에 참여하였다 (한편 이 사이 교황 레오 10세가 1522년에 사망하고 [하드리아노_6세]가 1년동안 교황의 자리에 있다가 사망한 뒤, [클레멘스_7세]가 뒤를 이었다). 이로써 <프랑스>의 동맹은 [베네치아_공화국] 밖에 남지 않았다.",
        "pIdx": 17
    },
    {
        "pronouns": [],
        "globalSId": [
            883374,
            883375,
            883376,
            883377
        ],
        "wikiPageId": 120775,
        "entities": [
            {
                "ancestor": "",
                "keyword": "<프랑스>",
                "ne_type": "",
                "e_type": "ELU",
                "en": 18,
                "eIdx": 0,
                "st": 13
            },
            {
                "ancestor": "",
                "keyword": "[밀라노]",
                "ne_type": "",
                "e_type": "WIKILINK",
                "en": 27,
                "eIdx": 1,
                "st": 22
            },
            {
                "ancestor": "",
                "keyword": "[프란체스코_스포르차_2세]",
                "ne_type": "",
                "e_type": "WIKILINK",
                "en": 54,
                "eIdx": 2,
                "st": 39
            },
            {
                "ancestor": "",
                "keyword": "<프랑스군>",
                "ne_type": "",
                "e_type": "ELU",
                "en": 70,
                "eIdx": 3,
                "st": 64
            },
            {
                "ancestor": "",
                "keyword": "<스페인>",
                "ne_type": "",
                "e_type": "ELU",
                "en": 77,
                "eIdx": 4,
                "st": 72
            },
            {
                "ancestor": "",
                "keyword": "[화승총]",
                "ne_type": "",
                "e_type": "WIKILINK",
                "en": 84,
                "eIdx": 5,
                "st": 79
            },
            {
                "ancestor": "",
                "keyword": "<프랑스>",
                "ne_type": "",
                "e_type": "ELU",
                "en": 104,
                "eIdx": 6,
                "st": 99
            },
            {
                "ancestor": "",
                "keyword": "<연합국>",
                "ne_type": "",
                "e_type": "ELU",
                "en": 115,
                "eIdx": 7,
                "st": 110
            },
            {
                "ancestor": "",
                "keyword": "[비코카_전투]",
                "ne_type": "",
                "e_type": "WIKILINK",
                "en": 134,
                "eIdx": 8,
                "st": 126
            },
            {
                "ancestor": "",
                "keyword": "<제국>",
                "ne_type": "",
                "e_type": "ELU",
                "en": 150,
                "eIdx": 9,
                "st": 146
            },
            {
                "ancestor": "",
                "keyword": "[롬바르디아]",
                "ne_type": "",
                "e_type": "WIKILINK",
                "en": 186,
                "eIdx": 10,
                "st": 179
            },
            {
                "ancestor": "",
                "keyword": "<롬바르디아_주>",
                "ne_type": "",
                "e_type": "ELU",
                "en": 210,
                "eIdx": 11,
                "st": 201
            },
            {
                "ancestor": "",
                "keyword": "<조선무정부주의자연맹>",
                "ne_type": "",
                "e_type": "ELU",
                "en": 224,
                "eIdx": 12,
                "st": 212
            },
            {
                "ancestor": "",
                "keyword": "<프랑스군>",
                "ne_type": "",
                "e_type": "ELU",
                "en": 243,
                "eIdx": 13,
                "st": 237
            },
            {
                "ancestor": "",
                "keyword": "[세시아_전투]",
                "ne_type": "",
                "e_type": "WIKILINK",
                "en": 264,
                "eIdx": 14,
                "st": 256
            },
            {
                "ancestor": "",
                "keyword": "<제국>",
                "ne_type": "",
                "e_type": "ELU",
                "en": 278,
                "eIdx": 15,
                "st": 274
            },
            {
                "ancestor": "",
                "keyword": "<프랑수아_1세_(프랑스)>",
                "ne_type": "",
                "e_type": "ELU",
                "en": 324,
                "eIdx": 16,
                "st": 309
            },
            {
                "ancestor": "",
                "keyword": "<프랑스군>",
                "ne_type": "",
                "e_type": "ELU",
                "en": 335,
                "eIdx": 17,
                "st": 329
            },
            {
                "ancestor": "",
                "keyword": "<롬바르디아_주>",
                "ne_type": "",
                "e_type": "ELU",
                "en": 350,
                "eIdx": 18,
                "st": 341
            },
            {
                "ancestor": "",
                "keyword": "[파비아_전투]",
                "ne_type": "",
                "e_type": "WIKILINK",
                "en": 377,
                "eIdx": 19,
                "st": 369
            }
        ],
        "text": "카를 5세는 1521년 <프랑스>로부터 [밀라노]를 빼앗아 1522년 [프란체스코_스포르차_2세]에게 돌려주었다. <프랑스군>은 <스페인>의 [화승총] 전술을 상대할수 없었다. <프랑스>-베네치아 <연합국>은 1522년 4월 [비코카_전투](Bicocca)에서 <제국>-스페인-교황령-밀라노군에게 결정적 패배를 당하면서 [롬바르디아]를 포기할수 밖에 없었고, <롬바르디아_주>를 <조선무정부주의자연맹>하기 위해 재차 투입된 <프랑스군> 역시 1524년 4월 [세시아_전투](Sesia)에서 <제국>-스페인군에게 심각한 패배를 당했다. 1524년 10월 <프랑수아_1세_(프랑스)>는 직접 <프랑스군>을 이끌고 <롬바르디아_주>를 침공하였지만, 1525년 2월 [파비아_전투]에서 완패하고 그 자신도 포로로 잡혔다.",
        "pIdx": 18
    }
]