[
    {
        "pronouns": [],
        "globalSId": [
            3790466,
            3790467,
            3790468
        ],
        "wikiPageId": 1505920,
        "entities": [
            {
                "ancestor": "",
                "keyword": "<프랑스>",
                "ne_type": "",
                "e_type": "ELU",
                "en": 41,
                "eIdx": 0,
                "st": 36
            },
            {
                "ancestor": "",
                "keyword": "[프랑스의_육군_원수]",
                "ne_type": "",
                "e_type": "WIKILINK",
                "en": 75,
                "eIdx": 1,
                "st": 63
            },
            {
                "ancestor": "",
                "keyword": "[바용]",
                "ne_type": "",
                "e_type": "WIKILINK",
                "en": 98,
                "eIdx": 2,
                "st": 94
            },
            {
                "ancestor": "",
                "keyword": "[30년_전쟁]",
                "ne_type": "",
                "e_type": "WIKILINK",
                "en": 118,
                "eIdx": 3,
                "st": 110
            }
        ],
        "text": "그레몽 공작 앙투안느 3세(1604년-1678년 7월 12일)는 <프랑스>의 군인이자 정치가이다. 1641년부터 [프랑스의_육군_원수]이자 나바르 및 베랑 총독이었고, [바용]의 시장이기도 했다. [30년_전쟁]에 참전한 프랑스 군인들 중 한 명이기도 하다.",
        "pIdx": 1
    }
]