[
    {
        "pronouns": [],
        "globalSId": [
            587937
        ],
        "wikiPageId": 72061,
        "entities": [
            {
                "ancestor": "",
                "keyword": "[밀가루]",
                "ne_type": "",
                "e_type": "WIKILINK",
                "en": 13,
                "eIdx": 0,
                "st": 8
            },
            {
                "ancestor": "",
                "keyword": "[반죽]",
                "ne_type": "",
                "e_type": "WIKILINK",
                "en": 18,
                "eIdx": 1,
                "st": 14
            },
            {
                "ancestor": "",
                "keyword": "[토마토_소스]",
                "ne_type": "",
                "e_type": "WIKILINK",
                "en": 30,
                "eIdx": 2,
                "st": 22
            },
            {
                "ancestor": "",
                "keyword": "[모차렐라]",
                "ne_type": "",
                "e_type": "WIKILINK",
                "en": 38,
                "eIdx": 3,
                "st": 32
            },
            {
                "ancestor": "",
                "keyword": "[치즈]",
                "ne_type": "",
                "e_type": "WIKILINK",
                "en": 43,
                "eIdx": 4,
                "st": 39
            },
            {
                "ancestor": "",
                "keyword": "[빵]",
                "ne_type": "",
                "e_type": "WIKILINK",
                "en": 67,
                "eIdx": 5,
                "st": 64
            },
            {
                "ancestor": "",
                "keyword": "[문화]",
                "ne_type": "",
                "e_type": "WIKILINK",
                "en": 75,
                "eIdx": 6,
                "st": 71
            },
            {
                "ancestor": "",
                "keyword": "[고기]",
                "ne_type": "",
                "e_type": "WIKILINK",
                "en": 89,
                "eIdx": 7,
                "st": 85
            },
            {
                "ancestor": "",
                "keyword": "[살라미]",
                "ne_type": "",
                "e_type": "WIKILINK",
                "en": 96,
                "eIdx": 8,
                "st": 91
            },
            {
                "ancestor": "",
                "keyword": "[해산물]",
                "ne_type": "",
                "e_type": "WIKILINK",
                "en": 103,
                "eIdx": 9,
                "st": 98
            },
            {
                "ancestor": "",
                "keyword": "[치즈]",
                "ne_type": "",
                "e_type": "WIKILINK",
                "en": 109,
                "eIdx": 10,
                "st": 105
            },
            {
                "ancestor": "",
                "keyword": "[야채]",
                "ne_type": "",
                "e_type": "WIKILINK",
                "en": 115,
                "eIdx": 11,
                "st": 111
            }
        ],
        "text": "피자(, )는 [밀가루] [반죽] 위에 [토마토_소스], [모차렐라] [치즈]를 얹어서 둥글고 납작한 형태로 구운 [빵]으로, [문화]와 기호에 따라서 [고기], [살라미], [해산물], [치즈], [야채]를 비롯한 다양한 종류의 토핑을 선택하여 얹을 수 있다.",
        "pIdx": 1
    },
    {
        "globalSId": [
            587938
        ],
        "pronouns": [
            {
                "proIdx": 0,
                "ancestor": "",
                "en": 7,
                "st": 0,
                "keyword": "여러 나라에서"
            },
            {
                "proIdx": 1,
                "ancestor": "",
                "en": 23,
                "st": 0,
                "keyword": "여러 나라에서 즐겨먹는 세계적인 [음식]이"
            },
            {
                "proIdx": 2,
                "ancestor": "",
                "en": 29,
                "st": 0,
                "keyword": "여러 나라에서 즐겨먹는 세계적인 [음식]이 된 피자는"
            }
        ],
        "wikiPageId": 72061,
        "entities": [
            {
                "ne_type": "",
                "keyword": "[음식]",
                "ancestor": "",
                "e_type": "WIKILINK",
                "en": 22,
                "eIdx": 0,
                "st": 18
            },
            {
                "ne_type": "",
                "keyword": "[나폴리]",
                "ancestor": "",
                "e_type": "WIKILINK",
                "en": 35,
                "eIdx": 1,
                "st": 30
            },
            {
                "ne_type": "",
                "keyword": "[이탈리아_요리]",
                "ancestor": "",
                "e_type": "WIKILINK",
                "en": 54,
                "eIdx": 2,
                "st": 45
            },
            {
                "ne_type": "",
                "keyword": "[이탈리아]",
                "ancestor": "",
                "e_type": "WIKILINK",
                "en": 63,
                "eIdx": 3,
                "st": 57
            },
            {
                "ne_type": "",
                "keyword": "[지역]",
                "ancestor": "",
                "e_type": "WIKILINK",
                "en": 71,
                "eIdx": 4,
                "st": 67
            },
            {
                "ne_type": "",
                "keyword": "[요리]",
                "ancestor": "",
                "e_type": "WIKILINK",
                "en": 92,
                "eIdx": 5,
                "st": 88
            }
        ],
        "text": "여러 나라에서 즐겨먹는 세계적인 [음식]이 된 피자는 [나폴리] 지역에서 유래한 [이탈리아_요리]로, [이탈리아]에서는 [지역]에 따라서 다양한 형태의 피자 [요리]를 만들어 먹는다.",
        "pIdx": 2
    },
    {
        "pronouns": [],
        "globalSId": [
            587939,
            587940,
            587941,
            587942
        ],
        "wikiPageId": 72061,
        "entities": [
            {
                "ancestor": "",
                "keyword": "[그리스]",
                "ne_type": "",
                "e_type": "WIKILINK",
                "en": 24,
                "eIdx": 0,
                "st": 19
            },
            {
                "ancestor": "",
                "keyword": "[피타]",
                "ne_type": "",
                "e_type": "WIKILINK",
                "en": 30,
                "eIdx": 1,
                "st": 26
            },
            {
                "ancestor": "",
                "keyword": "[고대_그리스]",
                "ne_type": "",
                "e_type": "WIKILINK",
                "en": 55,
                "eIdx": 2,
                "st": 47
            },
            {
                "ancestor": "",
                "keyword": "[빵]",
                "ne_type": "",
                "e_type": "WIKILINK",
                "en": 62,
                "eIdx": 3,
                "st": 59
            },
            {
                "ancestor": "",
                "keyword": "[기름]",
                "ne_type": "",
                "e_type": "WIKILINK",
                "en": 68,
                "eIdx": 4,
                "st": 64
            },
            {
                "ancestor": "",
                "keyword": "[허브]",
                "ne_type": "",
                "e_type": "WIKILINK",
                "en": 74,
                "eIdx": 5,
                "st": 70
            },
            {
                "ancestor": "",
                "keyword": "[치즈]",
                "ne_type": "",
                "e_type": "WIKILINK",
                "en": 80,
                "eIdx": 6,
                "st": 76
            },
            {
                "ancestor": "",
                "keyword": "[고대_로마]",
                "ne_type": "",
                "e_type": "WIKILINK",
                "en": 107,
                "eIdx": 7,
                "st": 100
            },
            {
                "ancestor": "",
                "keyword": "[밀가루]",
                "ne_type": "",
                "e_type": "WIKILINK",
                "en": 119,
                "eIdx": 8,
                "st": 114
            },
            {
                "ancestor": "",
                "keyword": "[반죽]",
                "ne_type": "",
                "e_type": "WIKILINK",
                "en": 124,
                "eIdx": 9,
                "st": 120
            },
            {
                "ancestor": "",
                "keyword": "[치즈]",
                "ne_type": "",
                "e_type": "WIKILINK",
                "en": 130,
                "eIdx": 10,
                "st": 126
            },
            {
                "ancestor": "",
                "keyword": "[꿀]",
                "ne_type": "",
                "e_type": "WIKILINK",
                "en": 135,
                "eIdx": 11,
                "st": 132
            },
            {
                "ancestor": "",
                "keyword": "[월계수]",
                "ne_type": "",
                "e_type": "WIKILINK",
                "en": 147,
                "eIdx": 12,
                "st": 142
            },
            {
                "ancestor": "",
                "keyword": "[향신료]",
                "ne_type": "",
                "e_type": "WIKILINK",
                "en": 156,
                "eIdx": 13,
                "st": 151
            },
            {
                "ancestor": "",
                "keyword": "[플라센타_(음식)]",
                "ne_type": "",
                "e_type": "WIKILINK",
                "en": 171,
                "eIdx": 14,
                "st": 160
            },
            {
                "ancestor": "",
                "keyword": "[음식]",
                "ne_type": "",
                "e_type": "WIKILINK",
                "en": 178,
                "eIdx": 15,
                "st": 174
            },
            {
                "ancestor": "",
                "keyword": "<현대자동차>",
                "ne_type": "",
                "e_type": "ELU",
                "en": 204,
                "eIdx": 16,
                "st": 197
            },
            {
                "ancestor": "",
                "keyword": "[이탈리아]",
                "ne_type": "",
                "e_type": "WIKILINK",
                "en": 222,
                "eIdx": 17,
                "st": 216
            },
            {
                "ancestor": "",
                "keyword": "[토마토]",
                "ne_type": "",
                "e_type": "WIKILINK",
                "en": 229,
                "eIdx": 18,
                "st": 224
            },
            {
                "ancestor": "",
                "keyword": "[파이]",
                "ne_type": "",
                "e_type": "WIKILINK",
                "en": 244,
                "eIdx": 19,
                "st": 240
            },
            {
                "ancestor": "",
                "keyword": "[치즈]",
                "ne_type": "",
                "e_type": "WIKILINK",
                "en": 266,
                "eIdx": 20,
                "st": 262
            }
        ],
        "text": "역사 피자의 기원은 확실치 않으나 [그리스]의 [피타]에서 비롯되었다는 설이 있다. [고대_그리스]에서는 [빵]에 [기름]과 [허브], [치즈]를 얹어서 먹었다는 기록이 있으며, [고대_로마]에서는 얇은 [밀가루] [반죽]에 [치즈]와 [꿀]을 토핑하고 [월계수] 잎을 [향신료]로 쓴 [플라센타_(음식)]라는 [음식]을 만들어 먹었다는 기록이 있다. <현대자동차>의 피자는 중세 초기 [이탈리아]의 [토마토]가 들어간 나폴리탄 [파이]가 그 기원으로, 1889년부터 [치즈]가 들어가기 시작했다.",
        "pIdx": 3
    },
    {
        "pronouns": [],
        "globalSId": [
            587943
        ],
        "wikiPageId": 72061,
        "entities": [
            {
                "ancestor": "",
                "keyword": "<나폴리>",
                "ne_type": "",
                "e_type": "ELU",
                "en": 13,
                "eIdx": 0,
                "st": 8
            },
            {
                "ancestor": "",
                "keyword": "[페르디난도_1세]",
                "ne_type": "",
                "e_type": "WIKILINK",
                "en": 31,
                "eIdx": 1,
                "st": 21
            },
            {
                "ancestor": "",
                "keyword": "<평민>",
                "ne_type": "",
                "e_type": "ELU",
                "en": 40,
                "eIdx": 2,
                "st": 36
            },
            {
                "ancestor": "",
                "keyword": "[나폴리]",
                "ne_type": "",
                "e_type": "WIKILINK",
                "en": 57,
                "eIdx": 3,
                "st": 52
            },
            {
                "ancestor": "",
                "keyword": "[음식]",
                "ne_type": "",
                "e_type": "WIKILINK",
                "en": 98,
                "eIdx": 4,
                "st": 94
            }
        ],
        "text": "15세기 중반 <나폴리>의 국왕이었던 [페르디난도_1세]는 종종 <평민>으로 은밀히 변장하여 [나폴리]의 빈민가를 찾아갔다고 전해지는데, 이것은 왕비가 궁전에서 금지한 [음식]인 피자를 맛보고 싶어서였다고 한다.",
        "pIdx": 4
    }
]