[
    {
        "pronouns": [],
        "globalSId": [
            1149218,
            1149219
        ],
        "wikiPageId": 175254,
        "entities": [
            {
                "ancestor": "",
                "keyword": "[코트디부아르]",
                "ne_type": "",
                "e_type": "WIKILINK",
                "en": 36,
                "eIdx": 0,
                "st": 28
            },
            {
                "ancestor": "",
                "keyword": "[프랑스]",
                "ne_type": "",
                "e_type": "WIKILINK",
                "en": 43,
                "eIdx": 1,
                "st": 38
            },
            {
                "ancestor": "",
                "keyword": "[스트라이커]",
                "ne_type": "",
                "e_type": "WIKILINK",
                "en": 69,
                "eIdx": 2,
                "st": 62
            }
        ],
        "text": "지브릴 시세 (, 1981년 8월 12일 ~ )는 [코트디부아르]계 [프랑스]인인 전 축구 선수이다. 포지션은 [스트라이커]이다.",
        "pIdx": 1
    },
    {
        "pronouns": [],
        "globalSId": [
            1149220,
            1149221,
            1149222,
            1149223
        ],
        "wikiPageId": 175254,
        "entities": [
            {
                "ancestor": "",
                "keyword": "[르샹피오나]",
                "ne_type": "",
                "e_type": "WIKILINK",
                "en": 33,
                "eIdx": 0,
                "st": 26
            },
            {
                "ancestor": "",
                "keyword": "[AJ_오세르]",
                "ne_type": "",
                "e_type": "WIKILINK",
                "en": 45,
                "eIdx": 1,
                "st": 37
            },
            {
                "ancestor": "",
                "keyword": "[2002년]",
                "ne_type": "",
                "e_type": "WIKILINK",
                "en": 73,
                "eIdx": 2,
                "st": 66
            },
            {
                "ancestor": "",
                "keyword": "[벨기에_축구_국가대표팀]",
                "ne_type": "",
                "e_type": "WIKILINK",
                "en": 88,
                "eIdx": 3,
                "st": 74
            },
            {
                "ancestor": "",
                "keyword": "[2003년]",
                "ne_type": "",
                "e_type": "WIKILINK",
                "en": 118,
                "eIdx": 4,
                "st": 111
            },
            {
                "ancestor": "",
                "keyword": "[AJ_오세르]",
                "ne_type": "",
                "e_type": "WIKILINK",
                "en": 128,
                "eIdx": 5,
                "st": 120
            },
            {
                "ancestor": "",
                "keyword": "[쿠프_드_프랑스]",
                "ne_type": "",
                "e_type": "WIKILINK",
                "en": 140,
                "eIdx": 6,
                "st": 130
            },
            {
                "ancestor": "",
                "keyword": "[프랑스_축구_국가대표팀]",
                "ne_type": "",
                "e_type": "WIKILINK",
                "en": 188,
                "eIdx": 7,
                "st": 174
            },
            {
                "ancestor": "",
                "keyword": "[컨페더레이션스컵]",
                "ne_type": "",
                "e_type": "WIKILINK",
                "en": 200,
                "eIdx": 8,
                "st": 190
            },
            {
                "ancestor": "",
                "keyword": "<우승>",
                "ne_type": "",
                "e_type": "ELU",
                "en": 207,
                "eIdx": 9,
                "st": 203
            }
        ],
        "text": "선수 경력 지브릴 시세는 15세가 되었을 때, [르샹피오나] 팀인 [AJ_오세르]와 계약을 맺었으며, 21살의 나이로 [2002년] [벨기에_축구_국가대표팀] 전에 국제경기 첫 출전을 하였다. 그는 [2003년]에 [AJ_오세르]를 [쿠프_드_프랑스] 정상으로 올리는 데 도움을 기여하였다. 그리고 한 달 뒤, [프랑스_축구_국가대표팀]가 [컨페더레이션스컵]에서 <우승>하는 데 기여하였다.",
        "pIdx": 2
    },
    {
        "pronouns": [],
        "globalSId": [
            1149224,
            1149225,
            1149226
        ],
        "wikiPageId": 175254,
        "entities": [
            {
                "ancestor": "",
                "keyword": "[르샹피오나]",
                "ne_type": "",
                "e_type": "WIKILINK",
                "en": 37,
                "eIdx": 0,
                "st": 30
            },
            {
                "ancestor": "",
                "keyword": "<유로>",
                "ne_type": "",
                "e_type": "ELU",
                "en": 64,
                "eIdx": 1,
                "st": 60
            },
            {
                "ancestor": "",
                "keyword": "[리버풀_FC]",
                "ne_type": "",
                "e_type": "WIKILINK",
                "en": 74,
                "eIdx": 2,
                "st": 66
            },
            {
                "ancestor": "",
                "keyword": "[리버풀_FC]",
                "ne_type": "",
                "e_type": "WIKILINK",
                "en": 115,
                "eIdx": 3,
                "st": 107
            },
            {
                "ancestor": "",
                "keyword": "<유로>",
                "ne_type": "",
                "e_type": "ELU",
                "en": 159,
                "eIdx": 4,
                "st": 155
            },
            {
                "ancestor": "",
                "keyword": "[리버풀_FC]",
                "ne_type": "",
                "e_type": "WIKILINK",
                "en": 169,
                "eIdx": 5,
                "st": 161
            },
            {
                "ancestor": "",
                "keyword": "<이적_(가수)>",
                "ne_type": "",
                "e_type": "ELU",
                "en": 180,
                "eIdx": 6,
                "st": 171
            }
        ],
        "text": "시세는 2001-02 시즌과 2003-04 시즌 때에 [르샹피오나] 득점왕을 차지하였다. 그는 1,400만 <유로>에 [리버풀_FC]로 가기 전까지 128경기를 뛰었고, 70골을 득점하였다. [리버풀_FC]은 시세를 영입하려고 많은 시간을 투자하였고, 결국 시세는 1,400만 <유로>에 [리버풀_FC]로 <이적_(가수)>하였다.",
        "pIdx": 3
    }
]