[
    {
        "pronouns": [],
        "globalSId": [
            564439,
            564440
        ],
        "wikiPageId": 68556,
        "entities": [
            {
                "ancestor": "",
                "keyword": "<맵더소울>",
                "ne_type": "",
                "e_type": "ELU",
                "en": 21,
                "eIdx": 0,
                "st": 15
            },
            {
                "ancestor": "",
                "keyword": "<타블로>",
                "ne_type": "",
                "e_type": "ELU",
                "en": 43,
                "eIdx": 1,
                "st": 38
            },
            {
                "ancestor": "",
                "keyword": "[일산신도시]",
                "ne_type": "",
                "e_type": "WIKILINK",
                "en": 82,
                "eIdx": 2,
                "st": 75
            },
            {
                "ancestor": "",
                "keyword": "[킨텍스]",
                "ne_type": "",
                "e_type": "WIKILINK",
                "en": 88,
                "eIdx": 3,
                "st": 83
            },
            {
                "ancestor": "",
                "keyword": "<잔치>",
                "ne_type": "",
                "e_type": "ELU",
                "en": 107,
                "eIdx": 4,
                "st": 103
            },
            {
                "ancestor": "",
                "keyword": "[맵더소울]",
                "ne_type": "",
                "e_type": "WIKILINK",
                "en": 115,
                "eIdx": 5,
                "st": 109
            }
        ],
        "text": "2009년 12월 29일, <맵더소울>의 C.E.O가 최알렌진욱에서 <타블로>로 바뀌었다. 2009년의 마지막 날인 12월 31일에는 [일산신도시] [킨텍스] 4홀에서 열리는 화이트홀 <잔치>에 [맵더소울] 식구들과 참가하여 무대위에 섰다.",
        "pIdx": 43
    },
    {
        "pronouns": [],
        "globalSId": [
            564441
        ],
        "wikiPageId": 68556,
        "entities": [],
        "text": "6집 \"\"의 총 판매량은 2만 7천 장이다",
        "pIdx": 44
    },
    {
        "pronouns": [],
        "globalSId": [
            564442,
            564443,
            564444,
            564445,
            564446,
            564447
        ],
        "wikiPageId": 68556,
        "entities": [
            {
                "ancestor": "",
                "keyword": "[Epilogue_(에픽하이의_음반)]",
                "ne_type": "",
                "e_type": "WIKILINK",
                "en": 36,
                "eIdx": 0,
                "st": 15
            },
            {
                "ancestor": "",
                "keyword": "[MYK]",
                "ne_type": "",
                "e_type": "WIKILINK",
                "en": 63,
                "eIdx": 1,
                "st": 58
            },
            {
                "ancestor": "",
                "keyword": "[도끼_(가수)]",
                "ne_type": "",
                "e_type": "WIKILINK",
                "en": 74,
                "eIdx": 2,
                "st": 65
            },
            {
                "ancestor": "",
                "keyword": "[김정은의_초콜릿]",
                "ne_type": "",
                "e_type": "WIKILINK",
                "en": 90,
                "eIdx": 3,
                "st": 80
            },
            {
                "ancestor": "",
                "keyword": "[프랑스]",
                "ne_type": "",
                "e_type": "WIKILINK",
                "en": 113,
                "eIdx": 4,
                "st": 108
            },
            {
                "ancestor": "",
                "keyword": "<축제>",
                "ne_type": "",
                "e_type": "ELU",
                "en": 127,
                "eIdx": 5,
                "st": 123
            },
            {
                "ancestor": "",
                "keyword": "[f(x)]",
                "ne_type": "",
                "e_type": "WIKILINK",
                "en": 146,
                "eIdx": 6,
                "st": 140
            },
            {
                "ancestor": "",
                "keyword": "[프랑스]",
                "ne_type": "",
                "e_type": "WIKILINK",
                "en": 180,
                "eIdx": 7,
                "st": 175
            },
            {
                "ancestor": "",
                "keyword": "[MYK]",
                "ne_type": "",
                "e_type": "WIKILINK",
                "en": 192,
                "eIdx": 8,
                "st": 187
            },
            {
                "ancestor": "",
                "keyword": "[DJ_프리즈]",
                "ne_type": "",
                "e_type": "WIKILINK",
                "en": 202,
                "eIdx": 9,
                "st": 194
            },
            {
                "ancestor": "",
                "keyword": "[맵더소울]",
                "ne_type": "",
                "e_type": "WIKILINK",
                "en": 228,
                "eIdx": 10,
                "st": 222
            },
            {
                "ancestor": "",
                "keyword": "[울림_엔터테인먼트]",
                "ne_type": "",
                "e_type": "WIKILINK",
                "en": 249,
                "eIdx": 11,
                "st": 238
            },
            {
                "ancestor": "",
                "keyword": "<에픽하이>",
                "ne_type": "",
                "e_type": "ELU",
                "en": 266,
                "eIdx": 12,
                "st": 260
            },
            {
                "ancestor": "",
                "keyword": "[프랑스]",
                "ne_type": "",
                "e_type": "WIKILINK",
                "en": 302,
                "eIdx": 13,
                "st": 297
            },
            {
                "ancestor": "",
                "keyword": "[f(x)]",
                "ne_type": "",
                "e_type": "WIKILINK",
                "en": 326,
                "eIdx": 14,
                "st": 320
            },
            {
                "ancestor": "",
                "keyword": "<타임리스>",
                "ne_type": "",
                "e_type": "ELU",
                "en": 377,
                "eIdx": 15,
                "st": 371
            }
        ],
        "text": "2010년: 스페셜 앨범 \"[Epilogue_(에픽하이의_음반)] 2010년의 첫 활동으로 1월 2일에 [MYK], [도끼_(가수)]와 함께 《[김정은의_초콜릿]》에 출연하였다. 1월 12일, [프랑스]에서 열리는 음악 <축제>인 《미뎀 2010》에 [f(x)]와 함께 쇼케이스에 참여한다고 밝혔고 1월 23일, [프랑스]로 출국하여 [MYK], [DJ_프리즈]와 함께 참여하였다. 1월 25일, [맵더소울]이 전 소속사였던 [울림_엔터테인먼트]와 합병되며 3월에 <에픽하이>의 스페셜 음반이 준비 중이라고 알렸다. 1월 26일, [프랑스]에서 열린 《미뎀 2010》에서 [f(x)]와 성황리에 공연을 마쳤다. 이후 핏불 소속 에이전트로부터 곡 작업 제의, 호주 <타임리스>로부터 온, 오프라인 유통 제의를 받았다.",
        "pIdx": 45
    },
    {
        "pronouns": [],
        "globalSId": [
            564448,
            564449,
            564450
        ],
        "wikiPageId": 68556,
        "entities": [
            {
                "ancestor": "",
                "keyword": "[DJ_투컷]",
                "ne_type": "",
                "e_type": "WIKILINK",
                "en": 7,
                "eIdx": 0,
                "st": 0
            },
            {
                "ancestor": "",
                "keyword": "<에픽하이>",
                "ne_type": "",
                "e_type": "ELU",
                "en": 24,
                "eIdx": 1,
                "st": 18
            },
            {
                "ancestor": "",
                "keyword": "[타블로]",
                "ne_type": "",
                "e_type": "WIKILINK",
                "en": 45,
                "eIdx": 2,
                "st": 40
            },
            {
                "ancestor": "",
                "keyword": "[미쓰라_진]",
                "ne_type": "",
                "e_type": "WIKILINK",
                "en": 54,
                "eIdx": 3,
                "st": 47
            },
            {
                "ancestor": "",
                "keyword": "[프랑스]",
                "ne_type": "",
                "e_type": "WIKILINK",
                "en": 85,
                "eIdx": 4,
                "st": 80
            },
            {
                "ancestor": "",
                "keyword": "<에픽하이>",
                "ne_type": "",
                "e_type": "ELU",
                "en": 109,
                "eIdx": 5,
                "st": 103
            },
            {
                "ancestor": "",
                "keyword": "<DJ_투컷>",
                "ne_type": "",
                "e_type": "ELU",
                "en": 152,
                "eIdx": 6,
                "st": 145
            },
            {
                "ancestor": "",
                "keyword": "[울림_엔터테인먼트]",
                "ne_type": "",
                "e_type": "WIKILINK",
                "en": 192,
                "eIdx": 7,
                "st": 181
            },
            {
                "ancestor": "",
                "keyword": "<에픽하이>",
                "ne_type": "",
                "e_type": "ELU",
                "en": 246,
                "eIdx": 8,
                "st": 240
            }
        ],
        "text": "[DJ_투컷]이 입대함에 따라, <에픽하이>는 2년 공백을 가지게 되어 [타블로]와 [미쓰라_진]은 개인적인 활동을 전개하였으나 1월 31일, [프랑스]에서 미뎀 공연을 마치고 돌아온 <에픽하이>는 2010년 3월에 스페셜 음반을 발매한다고 발표하였다. DJ <DJ_투컷>이 빠진 2인조로 활동하게 되며, 또한 전 소속사인 [울림_엔터테인먼트]가 많은 부분을 맡아 마케팅에도 적극 임하게 되었다. 이 음반을 마지막으로 몇 년동안 <에픽하이>의 활동은 중단되었다.",
        "pIdx": 46
    },
    {
        "pronouns": [],
        "globalSId": [
            564451
        ],
        "wikiPageId": 68556,
        "entities": [
            {
                "ancestor": "",
                "keyword": "<에픽하이>",
                "ne_type": "",
                "e_type": "ELU",
                "en": 6,
                "eIdx": 0,
                "st": 0
            },
            {
                "ancestor": "",
                "keyword": "[트위터]",
                "ne_type": "",
                "e_type": "WIKILINK",
                "en": 13,
                "eIdx": 1,
                "st": 8
            },
            {
                "ancestor": "",
                "keyword": "<중임>",
                "ne_type": "",
                "e_type": "ELU",
                "en": 55,
                "eIdx": 2,
                "st": 51
            },
            {
                "ancestor": "",
                "keyword": "[Epilogue_(에픽하이의_음반)]",
                "ne_type": "",
                "e_type": "WIKILINK",
                "en": 91,
                "eIdx": 3,
                "st": 70
            }
        ],
        "text": "<에픽하이>는 [트위터]를 통해 작업하는 모습을 올렸으며 2월 11일, 음반의 마무리 작업 <중임>을 알리며 음반의 제목은 \"[Epilogue_(에픽하이의_음반)]\"이며 변동없이 2010년 3월에 발매될 것이라고 밝혔다.",
        "pIdx": 47
    },
    {
        "pronouns": [],
        "globalSId": [
            564452,
            564453,
            564454,
            564455
        ],
        "wikiPageId": 68556,
        "entities": [
            {
                "ancestor": "",
                "keyword": "<에픽하이>",
                "ne_type": "",
                "e_type": "ELU",
                "en": 6,
                "eIdx": 0,
                "st": 0
            },
            {
                "ancestor": "",
                "keyword": "<인피니트>",
                "ne_type": "",
                "e_type": "ELU",
                "en": 38,
                "eIdx": 1,
                "st": 32
            },
            {
                "ancestor": "",
                "keyword": "[2010년_동계_올림픽]",
                "ne_type": "",
                "e_type": "WIKILINK",
                "en": 57,
                "eIdx": 2,
                "st": 43
            },
            {
                "ancestor": "",
                "keyword": "[2010년_동계_올림픽_대한민국_선수단]",
                "ne_type": "",
                "e_type": "WIKILINK",
                "en": 82,
                "eIdx": 3,
                "st": 59
            },
            {
                "ancestor": "",
                "keyword": "<응원>",
                "ne_type": "",
                "e_type": "ELU",
                "en": 88,
                "eIdx": 4,
                "st": 84
            },
            {
                "ancestor": "",
                "keyword": "<맵더소울>",
                "ne_type": "",
                "e_type": "ELU",
                "en": 173,
                "eIdx": 5,
                "st": 167
            }
        ],
        "text": "<에픽하이>는 그들이 프로듀싱하고 있던 소속사 후배 그룹 <인피니트>와 함께 [2010년_동계_올림픽]에 [2010년_동계_올림픽_대한민국_선수단]을 <응원>하는 동영상을 만들기도 했다. 2월 18일, 녹음 작업을 마무리하였으며 믹싱 작업을 앞두고 현재 음반의 자켓을 디자인 중이라고 밝혔다. 또한 <맵더소울>도 리뉴얼 중이라고 알렸다. 2월 21일에는 녹음을 끝마쳤다.",
        "pIdx": 48
    },
    {
        "pronouns": [],
        "globalSId": [
            564456,
            564457,
            564458,
            564459
        ],
        "wikiPageId": 68556,
        "entities": [
            {
                "ancestor": "",
                "keyword": "<에픽하이>",
                "ne_type": "",
                "e_type": "ELU",
                "en": 6,
                "eIdx": 0,
                "st": 0
            },
            {
                "ancestor": "",
                "keyword": "[미국]",
                "ne_type": "",
                "e_type": "WIKILINK",
                "en": 12,
                "eIdx": 1,
                "st": 8
            },
            {
                "ancestor": "",
                "keyword": "[CNN]",
                "ne_type": "",
                "e_type": "WIKILINK",
                "en": 28,
                "eIdx": 2,
                "st": 23
            },
            {
                "ancestor": "",
                "keyword": "<아시아>",
                "ne_type": "",
                "e_type": "ELU",
                "en": 39,
                "eIdx": 3,
                "st": 34
            },
            {
                "ancestor": "",
                "keyword": "[타블로]",
                "ne_type": "",
                "e_type": "WIKILINK",
                "en": 65,
                "eIdx": 4,
                "st": 60
            },
            {
                "ancestor": "",
                "keyword": "<한국음악>",
                "ne_type": "",
                "e_type": "ELU",
                "en": 79,
                "eIdx": 5,
                "st": 73
            },
            {
                "ancestor": "",
                "keyword": "[타블로]",
                "ne_type": "",
                "e_type": "WIKILINK",
                "en": 125,
                "eIdx": 6,
                "st": 120
            },
            {
                "ancestor": "",
                "keyword": "<트위터>",
                "ne_type": "",
                "e_type": "ELU",
                "en": 132,
                "eIdx": 7,
                "st": 127
            },
            {
                "ancestor": "",
                "keyword": "[Epilogue_(에픽하이의_음반)]",
                "ne_type": "",
                "e_type": "WIKILINK",
                "en": 159,
                "eIdx": 8,
                "st": 138
            },
            {
                "ancestor": "",
                "keyword": "<정해>",
                "ne_type": "",
                "e_type": "ELU",
                "en": 178,
                "eIdx": 9,
                "st": 174
            },
            {
                "ancestor": "",
                "keyword": "<유튜브>",
                "ne_type": "",
                "e_type": "ELU",
                "en": 218,
                "eIdx": 10,
                "st": 213
            },
            {
                "ancestor": "",
                "keyword": "[Epilogue_(에픽하이의_음반)]",
                "ne_type": "",
                "e_type": "WIKILINK",
                "en": 320,
                "eIdx": 11,
                "st": 299
            }
        ],
        "text": "<에픽하이>는 [미국]의 세계적인 언론인 [CNN]의 \"토크 <아시아>(Talk Asia)\"를 촬영하였다. [타블로]는 “CNN이 <한국음악>의 깊이와 다양성을 알고 큰 관심을 보여줘서 기뻤다.”라고 하였다. 이어 [타블로]는 <트위터>를 통해 \"[Epilogue_(에픽하이의_음반)]\"의 발매일이 3월 9일로 <정해>졌다고 밝혔고 2월 25일에는 음반 작업 영상 및 티저 영상을 <유튜브>를 통해 공개하였다. 영상에서 기존에 밝힌 바와 같이 “기존 음반에 넣으려 했던 곡들 중 컨셉이 겹치는 몇 몇 곡들을 미완성인 채로 배제하였다가 [Epilogue_(에픽하이의_음반)]을 통해 완성하여 공개한다”라고 밝혔다.",
        "pIdx": 49
    },
    {
        "pronouns": [],
        "globalSId": [
            564460,
            564461
        ],
        "wikiPageId": 68556,
        "entities": [
            {
                "ancestor": "",
                "keyword": "[미쓰라_진]",
                "ne_type": "",
                "e_type": "WIKILINK",
                "en": 33,
                "eIdx": 0,
                "st": 26
            },
            {
                "ancestor": "",
                "keyword": "[김진표_(가수)]",
                "ne_type": "",
                "e_type": "WIKILINK",
                "en": 45,
                "eIdx": 1,
                "st": 35
            },
            {
                "ancestor": "",
                "keyword": "[M.net]",
                "ne_type": "",
                "e_type": "WIKILINK",
                "en": 57,
                "eIdx": 2,
                "st": 50
            }
        ],
        "text": "2월 26일에는 트랙리스트를 공개했다. 그리고 [미쓰라_진]은 [김진표_(가수)]와 함께 [M.net]의 새로운 프로그램을 맡게되었다.",
        "pIdx": 50
    },
    {
        "pronouns": [],
        "globalSId": [
            564462,
            564463,
            564464,
            564465
        ],
        "wikiPageId": 68556,
        "entities": [
            {
                "ancestor": "",
                "keyword": "<새벽>",
                "ne_type": "",
                "e_type": "ELU",
                "en": 10,
                "eIdx": 0,
                "st": 6
            },
            {
                "ancestor": "",
                "keyword": "<타블로>",
                "ne_type": "",
                "e_type": "ELU",
                "en": 17,
                "eIdx": 1,
                "st": 12
            },
            {
                "ancestor": "",
                "keyword": "<오전>",
                "ne_type": "",
                "e_type": "ELU",
                "en": 78,
                "eIdx": 2,
                "st": 74
            },
            {
                "ancestor": "",
                "keyword": "<트위터>",
                "ne_type": "",
                "e_type": "ELU",
                "en": 86,
                "eIdx": 3,
                "st": 81
            },
            {
                "ancestor": "",
                "keyword": "<노트_(속력)>",
                "ne_type": "",
                "e_type": "ELU",
                "en": 135,
                "eIdx": 4,
                "st": 126
            },
            {
                "ancestor": "",
                "keyword": "<작가>",
                "ne_type": "",
                "e_type": "ELU",
                "en": 206,
                "eIdx": 5,
                "st": 202
            }
        ],
        "text": "3월 3일 <새벽>에 <타블로>가 타이틀 곡은 \"Run\"이라고 밝혔다. 그리고 타이틀 곡의 뮤직비디오 티져 영상을 공개하였다. 당일 <오전>부터 <트위터>를 통해 음반이 마스터링 작업에 돌입했음을 알렸고 음반 발매 후부터 송 <노트_(속력)>를 게시하겠다고 밝혔다. 이어 국내 최초로 음반 티저 만화가 공개가 되었는데 \"Epilogue\"의 티저만화는 국내 웹툰 <작가>인 임인스가 그렸다.",
        "pIdx": 51
    },
    {
        "pronouns": [],
        "globalSId": [
            564466,
            564467,
            564468
        ],
        "wikiPageId": 68556,
        "entities": [
            {
                "ancestor": "",
                "keyword": "<파장>",
                "ne_type": "",
                "e_type": "ELU",
                "en": 40,
                "eIdx": 0,
                "st": 36
            },
            {
                "ancestor": "",
                "keyword": "[미국]",
                "ne_type": "",
                "e_type": "WIKILINK",
                "en": 69,
                "eIdx": 1,
                "st": 65
            },
            {
                "ancestor": "",
                "keyword": "[아이튠즈]",
                "ne_type": "",
                "e_type": "WIKILINK",
                "en": 76,
                "eIdx": 2,
                "st": 70
            }
        ],
        "text": "3월 9일 발매 당일 타이틀곡 \"Run\"의 뮤직비디오가 유출되어 <파장>을 일으켰다. 발매 다음 날 3월 10일에는 [미국] [아이튠즈] \"힙합/랩 음반 차트\"에서 1위를 하기도 하였다. 공중파 3개의 음악 방송에서 컴백하면서 본격적인 활동을 시작하였다.",
        "pIdx": 52
    }
]