[
    {
        "pronouns": [],
        "globalSId": [
            436294,
            436295,
            436296,
            436297,
            436298
        ],
        "wikiPageId": 45937,
        "entities": [
            {
                "ancestor": "",
                "keyword": "<동천왕>",
                "ne_type": "",
                "e_type": "ELU",
                "en": 5,
                "eIdx": 0,
                "st": 0
            },
            {
                "ancestor": "",
                "keyword": "[209년]",
                "ne_type": "",
                "e_type": "WIKILINK",
                "en": 17,
                "eIdx": 1,
                "st": 11
            },
            {
                "ancestor": "",
                "keyword": "[248년]",
                "ne_type": "",
                "e_type": "WIKILINK",
                "en": 26,
                "eIdx": 2,
                "st": 20
            },
            {
                "ancestor": "",
                "keyword": "[227년]",
                "ne_type": "",
                "e_type": "WIKILINK",
                "en": 38,
                "eIdx": 3,
                "st": 32
            },
            {
                "ancestor": "",
                "keyword": "[248년]",
                "ne_type": "",
                "e_type": "WIKILINK",
                "en": 47,
                "eIdx": 4,
                "st": 41
            },
            {
                "ancestor": "",
                "keyword": "[고구려]",
                "ne_type": "",
                "e_type": "WIKILINK",
                "en": 55,
                "eIdx": 5,
                "st": 50
            },
            {
                "ancestor": "",
                "keyword": "[군주]",
                "ne_type": "",
                "e_type": "WIKILINK",
                "en": 66,
                "eIdx": 6,
                "st": 62
            },
            {
                "ancestor": "",
                "keyword": "[산상왕]",
                "ne_type": "",
                "e_type": "WIKILINK",
                "en": 90,
                "eIdx": 7,
                "st": 85
            },
            {
                "ancestor": "",
                "keyword": "[이름]",
                "ne_type": "",
                "e_type": "WIKILINK",
                "en": 105,
                "eIdx": 8,
                "st": 101
            }
        ],
        "text": "<동천왕>(東川王, [209년] ~ [248년], 재위: [227년] ~ [248년])은 [고구려]의 제11대 [군주]이다. 일명 동양왕(東襄王)이다. [산상왕](山上王)의 아들로 [이름]는 우위거(憂位居)이다. 일설에는 위궁(位宮)도 그의 이름이라 한다. 아명은 교체(郊彘)이며 어머니는 관노부(灌奴部) 주통촌(酒桶村) 출신의 소후(小后)이다.",
        "pIdx": 1
    },
    {
        "pronouns": [],
        "globalSId": [
            436299,
            436300,
            436301,
            436302,
            436303
        ],
        "wikiPageId": 45937,
        "entities": [
            {
                "ancestor": "",
                "keyword": "<산상왕>",
                "ne_type": "",
                "e_type": "ELU",
                "en": 8,
                "eIdx": 0,
                "st": 3
            },
            {
                "ancestor": "",
                "keyword": "[태조대왕]",
                "ne_type": "",
                "e_type": "WIKILINK",
                "en": 113,
                "eIdx": 1,
                "st": 107
            },
            {
                "ancestor": "",
                "keyword": "<삼국사기>",
                "ne_type": "",
                "e_type": "ELU",
                "en": 157,
                "eIdx": 2,
                "st": 151
            },
            {
                "ancestor": "",
                "keyword": "<중국>",
                "ne_type": "",
                "e_type": "ELU",
                "en": 163,
                "eIdx": 3,
                "st": 159
            },
            {
                "ancestor": "",
                "keyword": "<북사>",
                "ne_type": "",
                "e_type": "ELU",
                "en": 169,
                "eIdx": 4,
                "st": 165
            },
            {
                "ancestor": "",
                "keyword": "[산상왕]",
                "ne_type": "",
                "e_type": "WIKILINK",
                "en": 197,
                "eIdx": 5,
                "st": 192
            }
        ],
        "text": "생애 <산상왕>과 소후의 사이에서 태어나 아명은 ‘교체’라고 하였다. 교제(郊祭)에 쓸 돼지와 관련된 사건으로 태어났다는 의미이다. 위궁이라는 이름은 태어나면서부터 눈을 뜨고 사물을 본 것이 [태조대왕](太祖王) 궁(宮)과 닮았다고 하여 붙였다고 한다. 그러나 삼국사기 <삼국사기>, <중국>의 <북사> 등에는 위궁을 그의 이름이 아닌 아버지 [산상왕]의 이름으로 기록하고 있다.",
        "pIdx": 2
    },
    {
        "pronouns": [],
        "globalSId": [
            436304,
            436305,
            436306,
            436307
        ],
        "wikiPageId": 45937,
        "entities": [
            {
                "ancestor": "",
                "keyword": "<중국>",
                "ne_type": "",
                "e_type": "ELU",
                "en": 42,
                "eIdx": 0,
                "st": 38
            },
            {
                "ancestor": "",
                "keyword": "[북사]",
                "ne_type": "",
                "e_type": "WIKILINK",
                "en": 49,
                "eIdx": 1,
                "st": 45
            },
            {
                "ancestor": "",
                "keyword": "[산상왕]",
                "ne_type": "",
                "e_type": "WIKILINK",
                "en": 62,
                "eIdx": 2,
                "st": 57
            },
            {
                "ancestor": "",
                "keyword": "<태조대왕>",
                "ne_type": "",
                "e_type": "ELU",
                "en": 91,
                "eIdx": 3,
                "st": 85
            },
            {
                "ancestor": "",
                "keyword": "<삼국사기>",
                "ne_type": "",
                "e_type": "ELU",
                "en": 117,
                "eIdx": 4,
                "st": 111
            },
            {
                "ancestor": "",
                "keyword": "<삼국유사>",
                "ne_type": "",
                "e_type": "ELU",
                "en": 133,
                "eIdx": 5,
                "st": 127
            },
            {
                "ancestor": "",
                "keyword": "[산상왕]",
                "ne_type": "",
                "e_type": "WIKILINK",
                "en": 148,
                "eIdx": 6,
                "st": 143
            },
            {
                "ancestor": "",
                "keyword": "[신대왕]",
                "ne_type": "",
                "e_type": "WIKILINK",
                "en": 160,
                "eIdx": 7,
                "st": 155
            },
            {
                "ancestor": "",
                "keyword": "<태조대왕>",
                "ne_type": "",
                "e_type": "ELU",
                "en": 168,
                "eIdx": 8,
                "st": 162
            },
            {
                "ancestor": "",
                "keyword": "[산상왕]",
                "ne_type": "",
                "e_type": "WIKILINK",
                "en": 186,
                "eIdx": 9,
                "st": 181
            },
            {
                "ancestor": "",
                "keyword": "<산상왕>",
                "ne_type": "",
                "e_type": "ELU",
                "en": 197,
                "eIdx": 10,
                "st": 192
            },
            {
                "ancestor": "",
                "keyword": "<동천왕>",
                "ne_type": "",
                "e_type": "ELU",
                "en": 230,
                "eIdx": 11,
                "st": 225
            },
            {
                "ancestor": "",
                "keyword": "[태조왕]",
                "ne_type": "",
                "e_type": "WIKILINK",
                "en": 237,
                "eIdx": 12,
                "st": 232
            },
            {
                "ancestor": "",
                "keyword": "<신대왕>",
                "ne_type": "",
                "e_type": "ELU",
                "en": 253,
                "eIdx": 13,
                "st": 248
            },
            {
                "ancestor": "",
                "keyword": "<태조대왕>",
                "ne_type": "",
                "e_type": "ELU",
                "en": 261,
                "eIdx": 14,
                "st": 255
            },
            {
                "ancestor": "",
                "keyword": "<신대왕>",
                "ne_type": "",
                "e_type": "ELU",
                "en": 303,
                "eIdx": 15,
                "st": 298
            },
            {
                "ancestor": "",
                "keyword": "<태조대왕>",
                "ne_type": "",
                "e_type": "ELU",
                "en": 311,
                "eIdx": 16,
                "st": 305
            },
            {
                "ancestor": "",
                "keyword": "<동천왕>",
                "ne_type": "",
                "e_type": "ELU",
                "en": 327,
                "eIdx": 17,
                "st": 322
            },
            {
                "ancestor": "",
                "keyword": "[태조왕]",
                "ne_type": "",
                "e_type": "WIKILINK",
                "en": 334,
                "eIdx": 18,
                "st": 329
            }
        ],
        "text": "《삼국사기(三國史記)》고구려본기의 일부와 《삼국유사 (三國遺史)》, <중국>의 《[북사]》(北史)에는 [산상왕]의 다른 이름으로 위궁(位宮)이라 하면서 <태조대왕>의 증손자라 한다. 그러나 삼국사기 <삼국사기>의 다른 기사 및 <삼국유사>의 다른 기록에는 [산상왕]의 아버지인 [신대왕]은 <태조대왕>의 동생이라 지목한다. [산상왕]의 기록을 <산상왕>의 장남인 동천왕 기록을 잘못 기록한 것으로 보아 <동천왕>을 [태조왕]의 증손자라 해도, <신대왕>이 <태조대왕>의 동생이라는 삼국사기 내 다른 기사와 서로 앞뒤가 맞지 않는다. <신대왕>을 <태조대왕>의 동생으로 본다면 <동천왕>은 [태조왕]의 조카손자뻘이 된다.",
        "pIdx": 3
    },
    {
        "pronouns": [],
        "globalSId": [
            436308,
            436309,
            436310
        ],
        "wikiPageId": 45937,
        "entities": [
            {
                "ancestor": "",
                "keyword": "[형사취수]",
                "ne_type": "",
                "e_type": "WIKILINK",
                "en": 6,
                "eIdx": 0,
                "st": 0
            },
            {
                "ancestor": "",
                "keyword": "[산상왕]",
                "ne_type": "",
                "e_type": "WIKILINK",
                "en": 17,
                "eIdx": 1,
                "st": 12
            },
            {
                "ancestor": "",
                "keyword": "<우_(성씨)>",
                "ne_type": "",
                "e_type": "ELU",
                "en": 27,
                "eIdx": 2,
                "st": 19
            },
            {
                "ancestor": "",
                "keyword": "<아이_(파라오)>",
                "ne_type": "",
                "e_type": "ELU",
                "en": 40,
                "eIdx": 3,
                "st": 30
            },
            {
                "ancestor": "",
                "keyword": "<원창왕후>",
                "ne_type": "",
                "e_type": "ELU",
                "en": 60,
                "eIdx": 4,
                "st": 54
            },
            {
                "ancestor": "",
                "keyword": "<동천왕>",
                "ne_type": "",
                "e_type": "ELU",
                "en": 69,
                "eIdx": 5,
                "st": 64
            },
            {
                "ancestor": "",
                "keyword": "<원창왕후>",
                "ne_type": "",
                "e_type": "ELU",
                "en": 91,
                "eIdx": 6,
                "st": 85
            }
        ],
        "text": "[형사취수]로 결혼한 [산상왕]은 <우_(성씨)>에게 <아이_(파라오)>가 없고, 주통촌 출신의 <원창왕후>에게서 <동천왕>을 얻었다 한다. 모후 주촌 <원창왕후>가 왕후로 추존되었는지 여부와 사망일은 전하지 않아 미상이다. 그는 성품이 너그럽고 어질어서, 화를 내지 않았다고 한다.",
        "pIdx": 4
    }
]