[
    {
        "entities": [
            {
                "keyword": "<이호_(1914년)>",
                "ancestor": "",
                "st": 0,
                "eIdx": 0,
                "ne_type": "",
                "en": 12,
                "e_type": "ELU"
            },
            {
                "keyword": "[1984년]",
                "ancestor": "",
                "st": 18,
                "eIdx": 1,
                "ne_type": "",
                "en": 25,
                "e_type": "WIKILINK"
            },
            {
                "keyword": "[10월_22일]",
                "ancestor": "",
                "st": 26,
                "eIdx": 2,
                "ne_type": "",
                "en": 35,
                "e_type": "WIKILINK"
            },
            {
                "keyword": "[대한민국]",
                "ancestor": "",
                "st": 41,
                "eIdx": 3,
                "ne_type": "",
                "en": 47,
                "e_type": "WIKILINK"
            },
            {
                "keyword": "[축구]",
                "ancestor": "",
                "st": 49,
                "eIdx": 4,
                "ne_type": "",
                "en": 53,
                "e_type": "WIKILINK"
            },
            {
                "keyword": "[수비형_미드필더]",
                "ancestor": "",
                "st": 64,
                "eIdx": 5,
                "ne_type": "",
                "en": 74,
                "e_type": "WIKILINK"
            },
            {
                "keyword": "[타이_프리미어리그]",
                "ancestor": "",
                "st": 80,
                "eIdx": 6,
                "ne_type": "",
                "en": 91,
                "e_type": "WIKILINK"
            },
            {
                "keyword": "[무앙통_유나이티드]",
                "ancestor": "",
                "st": 92,
                "eIdx": 7,
                "ne_type": "",
                "en": 103,
                "e_type": "WIKILINK"
            }
        ],
        "text": "<이호_(1914년)> (李浩, [1984년] [10월_22일] ~ )는 [대한민국]의 [축구] 선수로서 포지션은 [수비형_미드필더]다. 현재 [타이_프리미어리그] [무앙통_유나이티드]의 선수이다.",
        "globalSId": [
            568396,
            568397
        ],
        "pIdx": 1,
        "pronouns": [],
        "wikiPageId": 69165
    },
    {
        "entities": [
            {
                "keyword": "[서울특별시]",
                "ancestor": "",
                "st": 3,
                "eIdx": 0,
                "ne_type": "",
                "en": 10,
                "e_type": "WIKILINK"
            },
            {
                "keyword": "[성내초등학교]",
                "ancestor": "",
                "st": 16,
                "eIdx": 1,
                "ne_type": "",
                "en": 24,
                "e_type": "WIKILINK"
            },
            {
                "keyword": "[중동중학교]",
                "ancestor": "",
                "st": 26,
                "eIdx": 2,
                "ne_type": "",
                "en": 33,
                "e_type": "WIKILINK"
            },
            {
                "keyword": "[중동고등학교]",
                "ancestor": "",
                "st": 38,
                "eIdx": 3,
                "ne_type": "",
                "en": 46,
                "e_type": "WIKILINK"
            },
            {
                "keyword": "[울산과학대학]",
                "ancestor": "",
                "st": 53,
                "eIdx": 4,
                "ne_type": "",
                "en": 61,
                "e_type": "WIKILINK"
            },
            {
                "keyword": "<졸업>",
                "ancestor": "",
                "st": 63,
                "eIdx": 5,
                "ne_type": "",
                "en": 67,
                "e_type": "ELU"
            },
            {
                "keyword": "[김남일]",
                "ancestor": "",
                "st": 89,
                "eIdx": 6,
                "ne_type": "",
                "en": 94,
                "e_type": "WIKILINK"
            }
        ],
        "text": "개요 [서울특별시] 출생으로 [성내초등학교], [중동중학교]를 거쳐 [중동고등학교]를 중퇴하고 [울산과학대학]을 <졸업>하였다. 강한 수비력과 터프한 플레이가 [김남일]을 닮았다고 하여 '신형 진공청소기'라는 별명을 얻었다.",
        "globalSId": [
            568398,
            568399,
            568400
        ],
        "pIdx": 2,
        "pronouns": [],
        "wikiPageId": 69165
    },
    {
        "entities": [],
        "text": "축구인 생활",
        "globalSId": [
            568401
        ],
        "pIdx": 3,
        "pronouns": [],
        "wikiPageId": 69165
    },
    {
        "entities": [
            {
                "keyword": "[2000년]",
                "ancestor": "",
                "st": 29,
                "eIdx": 0,
                "ne_type": "",
                "en": 36,
                "e_type": "WIKILINK"
            },
            {
                "keyword": "[크루제이루_EC]",
                "ancestor": "",
                "st": 37,
                "eIdx": 1,
                "ne_type": "",
                "en": 47,
                "e_type": "WIKILINK"
            },
            {
                "keyword": "[2002년]",
                "ancestor": "",
                "st": 62,
                "eIdx": 2,
                "ne_type": "",
                "en": 69,
                "e_type": "WIKILINK"
            },
            {
                "keyword": "[AC_키에보_베로나]",
                "ancestor": "",
                "st": 70,
                "eIdx": 3,
                "ne_type": "",
                "en": 82,
                "e_type": "WIKILINK"
            }
        ],
        "text": "선수 생활 중동고등학교 중퇴 후 대학교에 가지 않고 [2000년] [크루제이루_EC] 유소년 팀에 입단하였고, [2002년] [AC_키에보_베로나] 입단테스트에 합격하여 2군에서 뛰며 좋은 평가를 받았으나, '비유럽권(Non-EU) 선수 보유 제한 규정'으로 인하여 국내로 돌아오게 되었다.",
        "globalSId": [
            568402,
            568403
        ],
        "pIdx": 4,
        "pronouns": [],
        "wikiPageId": 69165
    }
]