[
    {
        "pronouns": [],
        "globalSId": [
            3846058,
            3846059
        ],
        "wikiPageId": 1623985,
        "entities": [
            {
                "ancestor": "",
                "keyword": "<던전_(게임_용어)>",
                "ne_type": "",
                "e_type": "ELU",
                "en": 35,
                "eIdx": 0,
                "st": 23
            },
            {
                "ancestor": "",
                "keyword": "[MUD]",
                "ne_type": "",
                "e_type": "WIKILINK",
                "en": 41,
                "eIdx": 1,
                "st": 36
            },
            {
                "ancestor": "",
                "keyword": "[DikuMUD]",
                "ne_type": "",
                "e_type": "WIKILINK",
                "en": 58,
                "eIdx": 2,
                "st": 49
            },
            {
                "ancestor": "",
                "keyword": "[LPMud]",
                "ne_type": "",
                "e_type": "WIKILINK",
                "en": 67,
                "eIdx": 3,
                "st": 60
            },
            {
                "ancestor": "",
                "keyword": "[그래픽_MUD]",
                "ne_type": "",
                "e_type": "WIKILINK",
                "en": 127,
                "eIdx": 4,
                "st": 118
            },
            {
                "ancestor": "",
                "keyword": "[대규모_다중_사용자_온라인_롤플레잉_게임]",
                "ne_type": "",
                "e_type": "WIKILINK",
                "en": 160,
                "eIdx": 5,
                "st": 136
            },
            {
                "ancestor": "",
                "keyword": "<미디어_플레이어>",
                "ne_type": "",
                "e_type": "ELU",
                "en": 213,
                "eIdx": 6,
                "st": 203
            },
            {
                "ancestor": "",
                "keyword": "[퍼시스턴트_월드]",
                "ne_type": "",
                "e_type": "WIKILINK",
                "en": 248,
                "eIdx": 7,
                "st": 238
            }
        ],
        "text": "1989년, 1990년대 초에 멀티 유저 <던전_(게임_용어)>([MUD]) 코드 기반 [DikuMUD]와 [LPMud]이 출시, 확산되면서 MUD의 확산과 대중화의 증가로 이어졌다. 1989년이 끝나기 전까지 [그래픽_MUD]를 통해 최초의 [대규모_다중_사용자_온라인_롤플레잉_게임](MMORPG)로의 장르의 진화가 계속되었으며 다른 게임의 제한된 수의 동시 <미디어_플레이어>로부터 사용자들을 해방시켜주었고 대중 시장에 [퍼시스턴트_월드]를 가져왔다.",
        "pIdx": 83
    },
    {
        "pronouns": [],
        "globalSId": [
            3846060,
            3846061,
            3846062,
            3846063,
            3846064
        ],
        "wikiPageId": 1623985,
        "entities": [
            {
                "ancestor": "",
                "keyword": "[셰어웨어]",
                "ne_type": "",
                "e_type": "WIKILINK",
                "en": 17,
                "eIdx": 0,
                "st": 11
            },
            {
                "ancestor": "",
                "keyword": "[3d_Realms]",
                "ne_type": "",
                "e_type": "WIKILINK",
                "en": 84,
                "eIdx": 1,
                "st": 73
            },
            {
                "ancestor": "",
                "keyword": "<에픽_게임스>",
                "ne_type": "",
                "e_type": "ELU",
                "en": 95,
                "eIdx": 2,
                "st": 87
            },
            {
                "ancestor": "",
                "keyword": "[에픽_게임스]",
                "ne_type": "",
                "e_type": "WIKILINK",
                "en": 108,
                "eIdx": 3,
                "st": 100
            },
            {
                "ancestor": "",
                "keyword": "[이드_소프트웨어]",
                "ne_type": "",
                "e_type": "WIKILINK",
                "en": 121,
                "eIdx": 4,
                "st": 111
            },
            {
                "ancestor": "",
                "keyword": "[플로피_디스크]",
                "ne_type": "",
                "e_type": "WIKILINK",
                "en": 242,
                "eIdx": 5,
                "st": 233
            },
            {
                "ancestor": "",
                "keyword": "<정탁_(후한)>",
                "ne_type": "",
                "e_type": "ELU",
                "en": 284,
                "eIdx": 6,
                "st": 275
            },
            {
                "ancestor": "",
                "keyword": "<모방>",
                "ne_type": "",
                "e_type": "ELU",
                "en": 417,
                "eIdx": 7,
                "st": 413
            },
            {
                "ancestor": "",
                "keyword": "[게임_데모]",
                "ne_type": "",
                "e_type": "WIKILINK",
                "en": 448,
                "eIdx": 8,
                "st": 441
            }
        ],
        "text": "1990년대 초에, [셰어웨어] 배급은 규모가 작은 개발사들이 게임을 출시하는 대중적인 방식이었으며, 여기에는 Apogee(현재의 [3d_Realms]), <에픽_게임스>(현재의 [에픽_게임스]), [이드_소프트웨어]와 같은 당시 신생 회사들을 포함한다. 소비자들에게 게임의 일부를 체험할 기회를 주었는데, 일반적으로 게임의 최초 부분(에피소드)로 제한되었으며 나중에 완전체를 구매하면 되었다. 싱글 5\", 3.5\" [플로피_디스크] 게임 랙들이 컴퓨터 상점에서 일반화되었으며 각각 수 달러 <정탁_(후한)>의 가격이었다. 셰어웨어 버전이 필연적으로 무료였기 때문에 디스크 커버 및 최소한의 포장에만 비용이 필요했다. 1990년대 중반에 게임의 크기가 커지면서 플로피에 맞추는 것이 불가능해지자 소매 배급사들과 개발사들은 진지하게 관습을 <모방>하기 시작했는데 셰어웨어 게임들은 더 짧은 [게임_데모](단지 1~2개의 레벨만 있음)로 대체되었고 게임 잡지의 CD에 무료 배포하거나 인터넷을 통해 배포되었다.",
        "pIdx": 84
    },
    {
        "pronouns": [],
        "globalSId": [
            3846065,
            3846066,
            3846067
        ],
        "wikiPageId": 1623985,
        "entities": [
            {
                "ancestor": "",
                "keyword": "[실시간_전략_게임]",
                "ne_type": "",
                "e_type": "WIKILINK",
                "en": 11,
                "eIdx": 0,
                "st": 0
            },
            {
                "ancestor": "",
                "keyword": "[듄_II]",
                "ne_type": "",
                "e_type": "WIKILINK",
                "en": 83,
                "eIdx": 1,
                "st": 77
            },
            {
                "ancestor": "",
                "keyword": "[어둠_속에_나홀로]",
                "ne_type": "",
                "e_type": "WIKILINK",
                "en": 108,
                "eIdx": 2,
                "st": 97
            },
            {
                "ancestor": "",
                "keyword": "[액션_어드벤처_게임]",
                "ne_type": "",
                "e_type": "WIKILINK",
                "en": 123,
                "eIdx": 3,
                "st": 111
            },
            {
                "ancestor": "",
                "keyword": "[서바이벌_호러]",
                "ne_type": "",
                "e_type": "WIKILINK",
                "en": 141,
                "eIdx": 4,
                "st": 132
            },
            {
                "ancestor": "",
                "keyword": "<인기>",
                "ne_type": "",
                "e_type": "ELU",
                "en": 185,
                "eIdx": 5,
                "st": 181
            },
            {
                "ancestor": "",
                "keyword": "[레지던트_이블]",
                "ne_type": "",
                "e_type": "WIKILINK",
                "en": 198,
                "eIdx": 6,
                "st": 189
            },
            {
                "ancestor": "",
                "keyword": "[사일런트_힐]",
                "ne_type": "",
                "e_type": "WIKILINK",
                "en": 214,
                "eIdx": 7,
                "st": 206
            }
        ],
        "text": "[실시간_전략_게임]이 1990년대 초에 인기있는 컴퓨터 게임 장르로 되었으며, 이후로 수많은 게임들의 표준 게임 메커닉의 기초를 세운 《[듄_II]》와 함께한다. 한편, 《[어둠_속에_나홀로]》는 [액션_어드벤처_게임] 요소들과 함께 [서바이벌_호러] 장르에 영향을 주었다. \"서바이벌 호러\"라는 이름을 만들어 이 장르를 <인기>시킨 《[레지던트_이블]》, 그리고 《[사일런트_힐]》과 같은 게임과 함께 나중에 CD-ROM 기반 콘솔을 번창하게 만든 공식을 세웠다.",
        "pIdx": 85
    },
    {
        "globalSId": [
            3846068,
            3846069,
            3846070
        ],
        "pronouns": [
            {
                "proIdx": 0,
                "ancestor": "",
                "en": 4,
                "st": 0,
                "keyword": "이 기간"
            },
            {
                "proIdx": 1,
                "ancestor": "",
                "en": 7,
                "st": 0,
                "keyword": "이 기간 동안"
            },
            {
                "proIdx": 2,
                "ancestor": "",
                "en": 57,
                "st": 52,
                "keyword": "이 장르의"
            },
            {
                "proIdx": 3,
                "ancestor": "",
                "en": 61,
                "st": 52,
                "keyword": "이 장르의 다작들"
            },
            {
                "proIdx": 4,
                "ancestor": "",
                "en": 65,
                "st": 52,
                "keyword": "이 장르의 다작들 가운데"
            },
            {
                "proIdx": 5,
                "ancestor": "",
                "en": 69,
                "st": 52,
                "keyword": "이 장르의 다작들 가운데 일부는"
            }
        ],
        "wikiPageId": 1623985,
        "entities": [
            {
                "ne_type": "TIME",
                "keyword": "[1990년대]",
                "ancestor": "",
                "e_type": "NEW",
                "en": 78,
                "eIdx": 0,
                "st": 70
            },
            {
                "ne_type": "",
                "keyword": "[시에라_엔터테인먼트]",
                "ancestor": "",
                "e_type": "WIKILINK",
                "en": 94,
                "eIdx": 1,
                "st": 82
            },
            {
                "ne_type": "",
                "keyword": "[루카스아츠]",
                "ancestor": "",
                "e_type": "WIKILINK",
                "en": 103,
                "eIdx": 2,
                "st": 96
            },
            {
                "ne_type": "TIME",
                "keyword": "[1990년대]",
                "ancestor": "",
                "e_type": "NEW",
                "en": 161,
                "eIdx": 3,
                "st": 153
            },
            {
                "ne_type": "",
                "keyword": "[맥시스]",
                "ancestor": "",
                "e_type": "WIKILINK",
                "en": 169,
                "eIdx": 4,
                "st": 164
            },
            {
                "ne_type": "",
                "keyword": "[심_비디오_게임의_목록]",
                "ancestor": "",
                "e_type": "WIKILINK",
                "en": 190,
                "eIdx": 5,
                "st": 176
            },
            {
                "ne_type": "",
                "keyword": "[심시티]",
                "ancestor": "",
                "e_type": "WIKILINK",
                "en": 211,
                "eIdx": 6,
                "st": 206
            },
            {
                "ne_type": "",
                "keyword": "[심어스]",
                "ancestor": "",
                "e_type": "WIKILINK",
                "en": 229,
                "eIdx": 7,
                "st": 224
            },
            {
                "ne_type": "",
                "keyword": "[심시티_2000]",
                "ancestor": "",
                "e_type": "WIKILINK",
                "en": 243,
                "eIdx": 8,
                "st": 233
            },
            {
                "ne_type": "",
                "keyword": "[심즈]",
                "ancestor": "",
                "e_type": "WIKILINK",
                "en": 251,
                "eIdx": 9,
                "st": 247
            },
            {
                "ne_type": "TIME",
                "keyword": "[2000년]",
                "ancestor": "",
                "e_type": "NEW",
                "en": 260,
                "eIdx": 10,
                "st": 253
            }
        ],
        "text": "이 기간 동안 포인트 앤드 클릭 장르가 만들어짐과 동시에 그래픽 어드벤처 게임이 발전하였다. 이 장르의 다작들 가운데 일부는 [1990년대] 동안 [시에라_엔터테인먼트], [루카스아츠]에 의해 생산되었고, 속편은 새로운 스타일의 퍼즐 기반 어드벤처 게임들에 영감을 주었다. [1990년대]에는 [맥시스]가 성공적인 [심_비디오_게임의_목록]을 배급하였는데, 처음에는 《[심시티]》로 시작하여, 이후 《[심어스]》, 《[심시티_2000]》, 《[심즈]》([2000년]에 처음 출시)와 같은 다양한 타이틀이 계속 출시되었다.",
        "pIdx": 86
    },
    {
        "pronouns": [],
        "globalSId": [
            3846071,
            3846072,
            3846073,
            3846074
        ],
        "wikiPageId": 1623985,
        "entities": [
            {
                "ancestor": "",
                "keyword": "[3dfx_인터랙티브]",
                "ne_type": "",
                "e_type": "WIKILINK",
                "en": 19,
                "eIdx": 0,
                "st": 7
            },
            {
                "ancestor": "",
                "keyword": "<칩셋>",
                "ne_type": "",
                "e_type": "ELU",
                "en": 28,
                "eIdx": 1,
                "st": 24
            },
            {
                "ancestor": "",
                "keyword": "[그래픽_처리_장치]",
                "ne_type": "",
                "e_type": "WIKILINK",
                "en": 64,
                "eIdx": 2,
                "st": 53
            },
            {
                "ancestor": "",
                "keyword": "<주도>",
                "ne_type": "",
                "e_type": "ELU",
                "en": 70,
                "eIdx": 3,
                "st": 66
            },
            {
                "ancestor": "",
                "keyword": "[도터보드]",
                "ne_type": "",
                "e_type": "WIKILINK",
                "en": 98,
                "eIdx": 4,
                "st": 92
            },
            {
                "ancestor": "",
                "keyword": "<시러스_로직>",
                "ne_type": "",
                "e_type": "ELU",
                "en": 166,
                "eIdx": 5,
                "st": 158
            },
            {
                "ancestor": "",
                "keyword": "<이상_(작가)>",
                "ne_type": "",
                "e_type": "ELU",
                "en": 200,
                "eIdx": 6,
                "st": 191
            },
            {
                "ancestor": "",
                "keyword": "[1인칭_슈팅_게임]",
                "ne_type": "",
                "e_type": "WIKILINK",
                "en": 233,
                "eIdx": 7,
                "st": 222
            },
            {
                "ancestor": "",
                "keyword": "<이하나>",
                "ne_type": "",
                "e_type": "ELU",
                "en": 277,
                "eIdx": 8,
                "st": 272
            }
        ],
        "text": "1996년, [3dfx_인터랙티브]는 부두 <칩셋>을 출시하여, 개인용 컴퓨터에 쓸만한 최초의 [그래픽_처리_장치]를 <주도>하였다. 이렇게 활용적인 3차원 렌더링 [도터보드]들은 더 세세한 3차원 그래픽(주로 텍스처 필터링)에 필요한 연산 및 메모리 관리의 일부를 수행하였고 게임 <시러스_로직>과 모든 그래픽 작업을 CPU에게 맡겼던 것 <이상_(작가)>으로 더 세밀한 그래픽을 가능케 했다. [1인칭_슈팅_게임](FPS)은 이러한 새로운 기술의 장점을 활용한 최초의 장르들 가운데 <이하나>였다. 다른 게임들도 이를 사용하긴 했지만, FPS는 새로운 3차원 하드웨어의 개발의 원동력이 되었고 게임 화면에 초당 얼마나 많은 프레임이 표시되는지를 가늠하는 성능 측정의 척도가 되었다.",
        "pIdx": 87
    },
    {
        "pronouns": [],
        "globalSId": [
            3846075,
            3846076
        ],
        "wikiPageId": 1623985,
        "entities": [
            {
                "ancestor": "",
                "keyword": "[루킹_글래스_스튜디오]",
                "ne_type": "",
                "e_type": "WIKILINK",
                "en": 45,
                "eIdx": 0,
                "st": 32
            },
            {
                "ancestor": "",
                "keyword": "<인기>",
                "ne_type": "",
                "e_type": "ELU",
                "en": 116,
                "eIdx": 1,
                "st": 112
            },
            {
                "ancestor": "",
                "keyword": "[히어로즈_오브_마이트_앤_매직]",
                "ne_type": "",
                "e_type": "WIKILINK",
                "en": 138,
                "eIdx": 2,
                "st": 120
            }
        ],
        "text": "1990년대에는 주류에서 조금 벗어난 장르가 만들어졌다. [루킹_글래스_스튜디오]의 《》 및 차기작들은 \"first person sneaker\"라는 용어를 최초로 만들었으며 이러한 틈새의 복합 장르를 <인기>시킨 《[히어로즈_오브_마이트_앤_매직]》 시리즈와 함께 턴 기반의 전략 게임이 더 진전을 보였다.",
        "pIdx": 88
    },
    {
        "pronouns": [],
        "globalSId": [
            3846077,
            3846078,
            3846079,
            3846080
        ],
        "wikiPageId": 1623985,
        "entities": [
            {
                "ancestor": "",
                "keyword": "[이드_소프트웨어]",
                "ne_type": "",
                "e_type": "WIKILINK",
                "en": 10,
                "eIdx": 0,
                "st": 0
            },
            {
                "ancestor": "",
                "keyword": "[퀘이크]",
                "ne_type": "",
                "e_type": "WIKILINK",
                "en": 27,
                "eIdx": 1,
                "st": 22
            },
            {
                "ancestor": "",
                "keyword": "[1인칭_슈팅_게임]",
                "ne_type": "",
                "e_type": "WIKILINK",
                "en": 41,
                "eIdx": 2,
                "st": 30
            },
            {
                "ancestor": "",
                "keyword": "[데_팍토]",
                "ne_type": "",
                "e_type": "WIKILINK",
                "en": 104,
                "eIdx": 3,
                "st": 98
            },
            {
                "ancestor": "",
                "keyword": "[에이지_오브_엠파이어]",
                "ne_type": "",
                "e_type": "WIKILINK",
                "en": 185,
                "eIdx": 4,
                "st": 172
            },
            {
                "ancestor": "",
                "keyword": "[워크래프트]",
                "ne_type": "",
                "e_type": "WIKILINK",
                "en": 196,
                "eIdx": 5,
                "st": 189
            },
            {
                "ancestor": "",
                "keyword": "[스타크래프트]",
                "ne_type": "",
                "e_type": "WIKILINK",
                "en": 208,
                "eIdx": 6,
                "st": 200
            },
            {
                "ancestor": "",
                "keyword": "[턴_기반]",
                "ne_type": "",
                "e_type": "WIKILINK",
                "en": 221,
                "eIdx": 7,
                "st": 215
            },
            {
                "ancestor": "",
                "keyword": "<히어로즈_오브_마이트_앤_매직>",
                "ne_type": "",
                "e_type": "ELU",
                "en": 245,
                "eIdx": 8,
                "st": 227
            },
            {
                "ancestor": "",
                "keyword": "[자바_(프로그래밍_언어)]",
                "ne_type": "",
                "e_type": "WIKILINK",
                "en": 269,
                "eIdx": 9,
                "st": 254
            },
            {
                "ancestor": "",
                "keyword": "[어도비_플래시]",
                "ne_type": "",
                "e_type": "WIKILINK",
                "en": 280,
                "eIdx": 10,
                "st": 271
            },
            {
                "ancestor": "",
                "keyword": "[웹_브라우저]",
                "ne_type": "",
                "e_type": "WIKILINK",
                "en": 293,
                "eIdx": 11,
                "st": 285
            },
            {
                "ancestor": "",
                "keyword": "[플러그인]",
                "ne_type": "",
                "e_type": "WIKILINK",
                "en": 300,
                "eIdx": 12,
                "st": 294
            },
            {
                "ancestor": "",
                "keyword": "[브라우저_게임]",
                "ne_type": "",
                "e_type": "WIKILINK",
                "en": 320,
                "eIdx": 13,
                "st": 311
            }
        ],
        "text": "[이드_소프트웨어]의 1996년 게임 《[퀘이크]》는 [1인칭_슈팅_게임]을 인터넷에서 즐길 수 있도록 개척하였다. 인터넷 멀티플레이어 기능은 이후로 대부분의 FPS 게임에서 [데_팍토] 요건이 되었다. 다른 장르들 또한 1990년대 말에 온라인 플레이를 제공하기 시작했으며, 여기에는 실시간 전략 게임인 《[에이지_오브_엠파이어]》, 《[워크래프트]》, 《[스타크래프트]》 시리즈와 [턴_기반] 게임인 《<히어로즈_오브_마이트_앤_매직>》을 포함한다. [자바_(프로그래밍_언어)], [어도비_플래시]와 같은 [웹_브라우저] [플러그인]이 개발되어 단순한 [브라우저_게임]을 가능케 했다.",
        "pIdx": 89
    },
    {
        "pronouns": [],
        "globalSId": [
            3846081,
            3846082,
            3846083,
            3846084,
            3846085,
            3846086,
            3846087
        ],
        "wikiPageId": 1623985,
        "entities": [
            {
                "ancestor": "",
                "keyword": "<아타리>",
                "ne_type": "",
                "e_type": "ELU",
                "en": 42,
                "eIdx": 0,
                "st": 37
            },
            {
                "ancestor": "",
                "keyword": "[아타리_재규어]",
                "ne_type": "",
                "e_type": "WIKILINK",
                "en": 75,
                "eIdx": 1,
                "st": 66
            },
            {
                "ancestor": "",
                "keyword": "[3DO_컴퍼니]",
                "ne_type": "",
                "e_type": "WIKILINK",
                "en": 102,
                "eIdx": 2,
                "st": 93
            },
            {
                "ancestor": "",
                "keyword": "[3DO_인터랙티브_멀티플레이어]",
                "ne_type": "",
                "e_type": "WIKILINK",
                "en": 122,
                "eIdx": 3,
                "st": 104
            },
            {
                "ancestor": "",
                "keyword": "<재규어>",
                "ne_type": "",
                "e_type": "ELU",
                "en": 167,
                "eIdx": 4,
                "st": 162
            },
            {
                "ancestor": "",
                "keyword": "<일본>",
                "ne_type": "",
                "e_type": "ELU",
                "en": 260,
                "eIdx": 5,
                "st": 256
            },
            {
                "ancestor": "",
                "keyword": "[세가_새턴]",
                "ne_type": "",
                "e_type": "WIKILINK",
                "en": 277,
                "eIdx": 6,
                "st": 270
            },
            {
                "ancestor": "",
                "keyword": "[플레이스테이션]",
                "ne_type": "",
                "e_type": "WIKILINK",
                "en": 288,
                "eIdx": 7,
                "st": 279
            },
            {
                "ancestor": "",
                "keyword": "[PC-FX]",
                "ne_type": "",
                "e_type": "WIKILINK",
                "en": 297,
                "eIdx": 8,
                "st": 290
            },
            {
                "ancestor": "",
                "keyword": "<세가_새턴>",
                "ne_type": "",
                "e_type": "ELU",
                "en": 306,
                "eIdx": 9,
                "st": 299
            },
            {
                "ancestor": "",
                "keyword": "<북아메리카>",
                "ne_type": "",
                "e_type": "ELU",
                "en": 334,
                "eIdx": 10,
                "st": 327
            },
            {
                "ancestor": "",
                "keyword": "<회사>",
                "ne_type": "",
                "e_type": "ELU",
                "en": 387,
                "eIdx": 11,
                "st": 383
            },
            {
                "ancestor": "",
                "keyword": "<지방법원>",
                "ne_type": "",
                "e_type": "ELU",
                "en": 395,
                "eIdx": 12,
                "st": 389
            },
            {
                "ancestor": "",
                "keyword": "[슈퍼_닌텐도_엔터테인먼트_시스템]",
                "ne_type": "",
                "e_type": "WIKILINK",
                "en": 417,
                "eIdx": 13,
                "st": 398
            }
        ],
        "text": "5세대 콘솔 (1993~2005년) (32, 64비트) 1993년 <아타리>는 가정용 게임 콘솔 시장에 다시 진입하여 [아타리_재규어]를 선보였다. 또, 1993년에 [3DO_컴퍼니]는 [3DO_인터랙티브_멀티플레이어]를 출시하기도 했는데, 광고와 프로모션은 대단했지만 높은 가격으로 인해 <재규어>의 판매량을 따라잡지 못했다. 두 콘솔 모두 판매량이 매우 저조했고 품질이 좋은 게임도 소수였기 때문에 조속히 단종되었다. 1994년, 세 개의 새로운 콘솔이 <일본>에서 출시되었다: [세가_새턴], [플레이스테이션], [PC-FX]. <세가_새턴>과 플레이스테이션은 나중에 1995년 <북아메리카>에 출시된다. 플레이스테이션은 이용할 수 있는 타이틀에 힘입어 꾸준히 수많은 주요 게임 <회사>을 <지방법원>했던 [슈퍼_닌텐도_엔터테인먼트_시스템]을 제외하고 경쟁사들 보다 빠른 속도로 더 많이 판매되었다.",
        "pIdx": 90
    },
    {
        "pronouns": [],
        "globalSId": [
            3846088,
            3846089
        ],
        "wikiPageId": 1623985,
        "entities": [
            {
                "ancestor": "",
                "keyword": "<닌텐도>",
                "ne_type": "",
                "e_type": "ELU",
                "en": 5,
                "eIdx": 0,
                "st": 0
            },
            {
                "ancestor": "",
                "keyword": "[버추얼_보이]",
                "ne_type": "",
                "e_type": "WIKILINK",
                "en": 15,
                "eIdx": 1,
                "st": 7
            },
            {
                "ancestor": "",
                "keyword": "<달성군>",
                "ne_type": "",
                "e_type": "ELU",
                "en": 79,
                "eIdx": 2,
                "st": 74
            }
        ],
        "text": "<닌텐도>의 [버추얼_보이]가 1995년 3차원 깊이 지각을 제공하는 최초의 소비자용 콘솔 가운데 하나로 출시되었으나 높은 판매율을 <달성군>하지 못했는데 이는 모노크롬 디스플레이를 채택하고 서드파티 지원이 부족했기 때문이다. 1996년에 버추얼 보이는 시장에서 퇴출되었다.",
        "pIdx": 91
    },
    {
        "pronouns": [],
        "globalSId": [
            3846090,
            3846091
        ],
        "wikiPageId": 1623985,
        "entities": [
            {
                "ancestor": "",
                "keyword": "<소니>",
                "ne_type": "",
                "e_type": "ELU",
                "en": 4,
                "eIdx": 0,
                "st": 0
            },
            {
                "ancestor": "",
                "keyword": "<산업>",
                "ne_type": "",
                "e_type": "ELU",
                "en": 19,
                "eIdx": 1,
                "st": 15
            },
            {
                "ancestor": "",
                "keyword": "<명성>",
                "ne_type": "",
                "e_type": "ELU",
                "en": 26,
                "eIdx": 2,
                "st": 22
            },
            {
                "ancestor": "",
                "keyword": "<닌텐도>",
                "ne_type": "",
                "e_type": "ELU",
                "en": 36,
                "eIdx": 3,
                "st": 31
            },
            {
                "ancestor": "",
                "keyword": "<연기군>",
                "ne_type": "",
                "e_type": "ELU",
                "en": 51,
                "eIdx": 4,
                "st": 46
            },
            {
                "ancestor": "",
                "keyword": "[64비트_컴퓨팅]",
                "ne_type": "",
                "e_type": "WIKILINK",
                "en": 65,
                "eIdx": 5,
                "st": 55
            },
            {
                "ancestor": "",
                "keyword": "[닌텐도_64]",
                "ne_type": "",
                "e_type": "WIKILINK",
                "en": 78,
                "eIdx": 6,
                "st": 70
            },
            {
                "ancestor": "",
                "keyword": "[슈퍼_마리오_64]",
                "ne_type": "",
                "e_type": "WIKILINK",
                "en": 116,
                "eIdx": 7,
                "st": 105
            },
            {
                "ancestor": "",
                "keyword": "<정의>",
                "ne_type": "",
                "e_type": "ELU",
                "en": 135,
                "eIdx": 8,
                "st": 131
            }
        ],
        "text": "<소니>의 플레이스테이션이 <산업>에서 <명성>을 얻자 <닌텐도>는 수차례 제품을 <연기군>하다가 [64비트_컴퓨팅] 콘솔인 [닌텐도_64]를 1996년에 출시하였다. 이 콘솔의 대표작 《[슈퍼_마리오_64]》는 3차원 플랫폼 게임을 <정의>하는 타이틀이 되었다.",
        "pIdx": 92
    }
]