[
    {
        "pronouns": [],
        "globalSId": [
            3269299,
            3269300,
            3269301,
            3269302,
            3269303,
            3269304,
            3269305,
            3269306
        ],
        "wikiPageId": 1063092,
        "entities": [
            {
                "ancestor": "",
                "keyword": "[노트북_컴퓨터]",
                "ne_type": "",
                "e_type": "WIKILINK",
                "en": 42,
                "eIdx": 0,
                "st": 33
            },
            {
                "ancestor": "",
                "keyword": "<설계>",
                "ne_type": "",
                "e_type": "ELU",
                "en": 96,
                "eIdx": 1,
                "st": 92
            },
            {
                "ancestor": "",
                "keyword": "<사용성>",
                "ne_type": "",
                "e_type": "ELU",
                "en": 114,
                "eIdx": 2,
                "st": 109
            },
            {
                "ancestor": "",
                "keyword": "<강조>",
                "ne_type": "",
                "e_type": "ELU",
                "en": 129,
                "eIdx": 3,
                "st": 125
            },
            {
                "ancestor": "",
                "keyword": "[인텔_코어]",
                "ne_type": "",
                "e_type": "WIKILINK",
                "en": 147,
                "eIdx": 4,
                "st": 140
            },
            {
                "ancestor": "",
                "keyword": "[중앙_처리_장치]",
                "ne_type": "",
                "e_type": "WIKILINK",
                "en": 158,
                "eIdx": 5,
                "st": 148
            },
            {
                "ancestor": "",
                "keyword": "[솔리드_스테이트_드라이브]",
                "ne_type": "",
                "e_type": "WIKILINK",
                "en": 188,
                "eIdx": 6,
                "st": 173
            },
            {
                "ancestor": "",
                "keyword": "[기억장치]",
                "ne_type": "",
                "e_type": "WIKILINK",
                "en": 196,
                "eIdx": 7,
                "st": 190
            },
            {
                "ancestor": "",
                "keyword": "[노트북_컴퓨터]",
                "ne_type": "",
                "e_type": "WIKILINK",
                "en": 254,
                "eIdx": 8,
                "st": 245
            },
            {
                "ancestor": "",
                "keyword": "<구성>",
                "ne_type": "",
                "e_type": "ELU",
                "en": 344,
                "eIdx": 9,
                "st": 340
            },
            {
                "ancestor": "",
                "keyword": "<지방법원>",
                "ne_type": "",
                "e_type": "ELU",
                "en": 378,
                "eIdx": 10,
                "st": 372
            },
            {
                "ancestor": "",
                "keyword": "[해상도]",
                "ne_type": "",
                "e_type": "WIKILINK",
                "en": 399,
                "eIdx": 11,
                "st": 394
            },
            {
                "ancestor": "",
                "keyword": "[알루미늄]",
                "ne_type": "",
                "e_type": "WIKILINK",
                "en": 420,
                "eIdx": 12,
                "st": 414
            },
            {
                "ancestor": "",
                "keyword": "<블록_(컴퓨팅)>",
                "ne_type": "",
                "e_type": "ELU",
                "en": 431,
                "eIdx": 13,
                "st": 421
            },
            {
                "ancestor": "",
                "keyword": "<강성>",
                "ne_type": "",
                "e_type": "ELU",
                "en": 478,
                "eIdx": 14,
                "st": 474
            },
            {
                "ancestor": "",
                "keyword": "[해상도]",
                "ne_type": "",
                "e_type": "WIKILINK",
                "en": 509,
                "eIdx": 15,
                "st": 504
            },
            {
                "ancestor": "",
                "keyword": "<구성>",
                "ne_type": "",
                "e_type": "ELU",
                "en": 540,
                "eIdx": 16,
                "st": 536
            },
            {
                "ancestor": "",
                "keyword": "[해상도]",
                "ne_type": "",
                "e_type": "WIKILINK",
                "en": 566,
                "eIdx": 17,
                "st": 561
            },
            {
                "ancestor": "",
                "keyword": "[플라스틱]",
                "ne_type": "",
                "e_type": "WIKILINK",
                "en": 614,
                "eIdx": 18,
                "st": 608
            },
            {
                "ancestor": "",
                "keyword": "[해상도]",
                "ne_type": "",
                "e_type": "WIKILINK",
                "en": 640,
                "eIdx": 19,
                "st": 635
            },
            {
                "ancestor": "",
                "keyword": "[플라스틱]",
                "ne_type": "",
                "e_type": "WIKILINK",
                "en": 669,
                "eIdx": 20,
                "st": 663
            },
            {
                "ancestor": "",
                "keyword": "[해상도]",
                "ne_type": "",
                "e_type": "WIKILINK",
                "en": 696,
                "eIdx": 21,
                "st": 691
            }
        ],
        "text": "아티브 북9(ATIV Book 9)은 삼성전자 최상위 기종 [노트북_컴퓨터]군의 마케팅 상표명이다. 북9은 기획 당시부터 최고의 성능과 최고의 휴대성을 염두에 두고 <설계>되어 사용자에게 최고의 <사용성>을 제공한다는 점을 <강조>하고 있다. 북9은 [인텔_코어] [중앙_처리_장치]를 채용했으며 모든 기종은 [솔리드_스테이트_드라이브]를 [기억장치]로 탑재하였다. 북9 제품들 중 가장 얇은 제품은 의 두께로서 이는 세계에서 가장 얇은 [노트북_컴퓨터] 중 하나이다. 북9 제품군은 각기 다른 사양으로 출시되었는데, 2014년 2월 현재 세개의 13인치대 화면크기 모델과 두개의 15인치대 화면크게 모델로 <구성>되어 있다. 이 중 북8플러스는 터치스크린 기능이 <지방법원>되는 13.3인치 화면크기에 [해상도] 해상도의 화면을 가지며, [알루미늄] <블록_(컴퓨팅)>을 깎아내어 만든 싱글쉘(Single-Shell) 본체를 채용하여 얇으면서도 <강성>을 높였다. 북9 13.3인치 화면크기 제품은 [해상도] 해상도의 화면을 가지며 마그네슘 재질의 본체로 <구성>되어 있고, 15.6인치 제품은 역시 [해상도] 해상도의 화면과 북9플러스와 유사한 싱글쉘 본체를 채용하였다. 이 외에도 [플라스틱] 외관을 가진 13.3인치 화면크기에 [해상도] 해상도를 가진 북9라이트가 있으며 역시 [플라스틱] 외관을 가지며 15.6인치 화면크기에 [해상도] 해상도를 가진 북9스타일이 소개되었다.",
        "pIdx": 1
    },
    {
        "pronouns": [],
        "globalSId": [
            3269307
        ],
        "wikiPageId": 1063092,
        "entities": [],
        "text": "역사",
        "pIdx": 2
    },
    {
        "pronouns": [],
        "globalSId": [
            3269308,
            3269309,
            3269310,
            3269311
        ],
        "wikiPageId": 1063092,
        "entities": [
            {
                "ancestor": "",
                "keyword": "<미국>",
                "ne_type": "",
                "e_type": "ELU",
                "en": 35,
                "eIdx": 0,
                "st": 31
            },
            {
                "ancestor": "",
                "keyword": "<라스베이거스>",
                "ne_type": "",
                "e_type": "ELU",
                "en": 44,
                "eIdx": 1,
                "st": 36
            },
            {
                "ancestor": "",
                "keyword": "[소비자_가전_전시회]",
                "ne_type": "",
                "e_type": "WIKILINK",
                "en": 63,
                "eIdx": 2,
                "st": 51
            },
            {
                "ancestor": "",
                "keyword": "<박람회>",
                "ne_type": "",
                "e_type": "ELU",
                "en": 100,
                "eIdx": 3,
                "st": 95
            },
            {
                "ancestor": "",
                "keyword": "[노트북_컴퓨터]",
                "ne_type": "",
                "e_type": "WIKILINK",
                "en": 112,
                "eIdx": 4,
                "st": 103
            },
            {
                "ancestor": "",
                "keyword": "[두랄루민]",
                "ne_type": "",
                "e_type": "WIKILINK",
                "en": 171,
                "eIdx": 5,
                "st": 165
            },
            {
                "ancestor": "",
                "keyword": "<강성>",
                "ne_type": "",
                "e_type": "ELU",
                "en": 182,
                "eIdx": 6,
                "st": 178
            },
            {
                "ancestor": "",
                "keyword": "[인텔_코어]",
                "ne_type": "",
                "e_type": "WIKILINK",
                "en": 229,
                "eIdx": 7,
                "st": 222
            },
            {
                "ancestor": "",
                "keyword": "[중앙_처리_장치]",
                "ne_type": "",
                "e_type": "WIKILINK",
                "en": 240,
                "eIdx": 8,
                "st": 230
            },
            {
                "ancestor": "",
                "keyword": "[기가바이트]",
                "ne_type": "",
                "e_type": "WIKILINK",
                "en": 252,
                "eIdx": 9,
                "st": 245
            },
            {
                "ancestor": "",
                "keyword": "[솔리드_스테이트_드라이브]",
                "ne_type": "",
                "e_type": "WIKILINK",
                "en": 270,
                "eIdx": 10,
                "st": 255
            },
            {
                "ancestor": "",
                "keyword": "[해상도]",
                "ne_type": "",
                "e_type": "WIKILINK",
                "en": 294,
                "eIdx": 11,
                "st": 289
            },
            {
                "ancestor": "",
                "keyword": "[칸델라_매_제곱미터]",
                "ne_type": "",
                "e_type": "WIKILINK",
                "en": 314,
                "eIdx": 12,
                "st": 302
            }
        ],
        "text": "제 1세대 북9의 첫번째 모델은 2011년 1월 6일, <미국> <라스베이거스>에서 개최된 [소비자_가전_전시회]에서 시리즈9 이라는 마케팅명으로 처음으로 공개되어, 당 <박람회>에서 [노트북_컴퓨터] 부문의 최우수상을 받는 영예를 누렸다. 시리즈9는 세계 최초로 항공기의 동체 재질로 사용되는 [두랄루민]을 사용하여 <강성>을 높이고 무게를 줄였고, 의 두께와 의 무게로 소개되었다. 이 제품은 [인텔_코어] [중앙_처리_장치]와 128[기가바이트] 의 [솔리드_스테이트_드라이브], 그리고 13.3”의 화면크기와 [해상도] 해상도 300[칸델라_매_제곱미터]의 밝기를 가지는 디스플레이가 탑재되었다.",
        "pIdx": 3
    },
    {
        "globalSId": [
            3269312,
            3269313,
            3269314,
            3269315,
            3269316,
            3269317
        ],
        "pronouns": [
            {
                "proIdx": 0,
                "ancestor": "",
                "en": 377,
                "st": 373,
                "keyword": "그 후에"
            }
        ],
        "wikiPageId": 1063092,
        "entities": [
            {
                "ne_type": "",
                "keyword": "[삼성전자]",
                "ancestor": "",
                "e_type": "WIKILINK",
                "en": 6,
                "eIdx": 0,
                "st": 0
            },
            {
                "ne_type": "TIME",
                "keyword": "[2011년]",
                "ancestor": "",
                "e_type": "NEW",
                "en": 15,
                "eIdx": 1,
                "st": 8
            },
            {
                "ne_type": "TIME",
                "keyword": "[5월]",
                "ancestor": "",
                "e_type": "NEW",
                "en": 20,
                "eIdx": 2,
                "st": 16
            },
            {
                "ne_type": "TIME",
                "keyword": "[4일]",
                "ancestor": "",
                "e_type": "NEW",
                "en": 25,
                "eIdx": 3,
                "st": 21
            },
            {
                "ne_type": "",
                "keyword": "[한국]",
                "ancestor": "",
                "e_type": "WIKILINK",
                "en": 51,
                "eIdx": 4,
                "st": 47
            },
            {
                "ne_type": "",
                "keyword": "[중앙_처리_장치]",
                "ancestor": "",
                "e_type": "WIKILINK",
                "en": 94,
                "eIdx": 5,
                "st": 84
            },
            {
                "ne_type": "",
                "keyword": "[인텔_코어]",
                "ancestor": "",
                "e_type": "WIKILINK",
                "en": 103,
                "eIdx": 6,
                "st": 96
            },
            {
                "ne_type": "",
                "keyword": "[중앙_처리_장치]",
                "ancestor": "",
                "e_type": "WIKILINK",
                "en": 211,
                "eIdx": 7,
                "st": 201
            },
            {
                "ne_type": "",
                "keyword": "[인텔_코어]",
                "ancestor": "",
                "e_type": "WIKILINK",
                "en": 220,
                "eIdx": 8,
                "st": 213
            },
            {
                "ne_type": "",
                "keyword": "[한국]",
                "ancestor": "",
                "e_type": "WIKILINK",
                "en": 239,
                "eIdx": 9,
                "st": 235
            },
            {
                "ne_type": "",
                "keyword": "[애플_(기업)]",
                "ancestor": "",
                "e_type": "WIKILINK",
                "en": 271,
                "eIdx": 10,
                "st": 262
            },
            {
                "ne_type": "",
                "keyword": "[맥북_에어]",
                "ancestor": "",
                "e_type": "WIKILINK",
                "en": 280,
                "eIdx": 11,
                "st": 273
            },
            {
                "ne_type": "",
                "keyword": "[한국]",
                "ancestor": "",
                "e_type": "WIKILINK",
                "en": 403,
                "eIdx": 12,
                "st": 399
            }
        ],
        "text": "[삼성전자]는 [2011년] [5월] [4일]에 11.6인치 화면을 가진 시리즈9을 [한국] 시장에 이어서 출시하였다. 11.6인치 버전은 화면크기와 [중앙_처리_장치]가 [인텔_코어]인 점만을 제외하면 13.3인치 버전과 동일한 사양으로 출시되었다. 크기가 작아지면서 무게는 으로 줄었으나 두께는 13.3인치 버전과 동일하였다. 두달 뒤 11.6인치 버전의 [중앙_처리_장치]는 [인텔_코어]으로 업그레이드 되어 다시 [한국] 시장에 출시되었다. 초기의 제품 전략은 [애플_(기업)]의 [맥북_에어]에 대항할 수 있는 제품군을 만들어 경쟁을 하려고 했으나 작은 화면 모델의 판매 저조로 인하여 그해 말에 단정되었고 해외 출시 계획도 중단되었다. 11인치 모델 대신 그 후에 15인치급 모델이 도입되어 순차적으로 [한국] 시장과 해외 시장으로 출시되게 된다.",
        "pIdx": 4
    },
    {
        "pronouns": [],
        "globalSId": [
            3269318,
            3269319,
            3269320,
            3269321,
            3269322,
            3269323,
            3269324,
            3269325,
            3269326
        ],
        "wikiPageId": 1063092,
        "entities": [
            {
                "ancestor": "",
                "keyword": "<라스베이거스>",
                "ne_type": "",
                "e_type": "ELU",
                "en": 37,
                "eIdx": 0,
                "st": 29
            },
            {
                "ancestor": "",
                "keyword": "[소비자_가전_전시회]",
                "ne_type": "",
                "e_type": "WIKILINK",
                "en": 56,
                "eIdx": 1,
                "st": 44
            },
            {
                "ancestor": "",
                "keyword": "[해상도]",
                "ne_type": "",
                "e_type": "WIKILINK",
                "en": 101,
                "eIdx": 2,
                "st": 96
            },
            {
                "ancestor": "",
                "keyword": "[해상도]",
                "ne_type": "",
                "e_type": "WIKILINK",
                "en": 109,
                "eIdx": 3,
                "st": 104
            },
            {
                "ancestor": "",
                "keyword": "[칸델라_매_제곱미터]",
                "ne_type": "",
                "e_type": "WIKILINK",
                "en": 141,
                "eIdx": 4,
                "st": 129
            },
            {
                "ancestor": "",
                "keyword": "[칸델라_매_제곱미터]",
                "ne_type": "",
                "e_type": "WIKILINK",
                "en": 159,
                "eIdx": 5,
                "st": 147
            },
            {
                "ancestor": "",
                "keyword": "<카이펑_시>",
                "ne_type": "",
                "e_type": "ELU",
                "en": 183,
                "eIdx": 6,
                "st": 176
            },
            {
                "ancestor": "",
                "keyword": "[두랄루민]",
                "ne_type": "",
                "e_type": "WIKILINK",
                "en": 219,
                "eIdx": 7,
                "st": 213
            },
            {
                "ancestor": "",
                "keyword": "[알루미늄]",
                "ne_type": "",
                "e_type": "WIKILINK",
                "en": 228,
                "eIdx": 8,
                "st": 222
            },
            {
                "ancestor": "",
                "keyword": "<강성>",
                "ne_type": "",
                "e_type": "ELU",
                "en": 248,
                "eIdx": 9,
                "st": 244
            },
            {
                "ancestor": "",
                "keyword": "<이하나>",
                "ne_type": "",
                "e_type": "ELU",
                "en": 263,
                "eIdx": 10,
                "st": 258
            },
            {
                "ancestor": "",
                "keyword": "[알루미늄]",
                "ne_type": "",
                "e_type": "WIKILINK",
                "en": 271,
                "eIdx": 11,
                "st": 265
            },
            {
                "ancestor": "",
                "keyword": "<블록_(컴퓨팅)>",
                "ne_type": "",
                "e_type": "ELU",
                "en": 282,
                "eIdx": 12,
                "st": 272
            },
            {
                "ancestor": "",
                "keyword": "<카이펑_시>",
                "ne_type": "",
                "e_type": "ELU",
                "en": 317,
                "eIdx": 13,
                "st": 310
            },
            {
                "ancestor": "",
                "keyword": "[기가바이트]",
                "ne_type": "",
                "e_type": "WIKILINK",
                "en": 383,
                "eIdx": 14,
                "st": 376
            },
            {
                "ancestor": "",
                "keyword": "[솔리드_스테이트_드라이브]",
                "ne_type": "",
                "e_type": "WIKILINK",
                "en": 399,
                "eIdx": 15,
                "st": 384
            },
            {
                "ancestor": "",
                "keyword": "[기가바이트]",
                "ne_type": "",
                "e_type": "WIKILINK",
                "en": 415,
                "eIdx": 16,
                "st": 408
            },
            {
                "ancestor": "",
                "keyword": "[솔리드_스테이트_드라이브]",
                "ne_type": "",
                "e_type": "WIKILINK",
                "en": 431,
                "eIdx": 17,
                "st": 416
            },
            {
                "ancestor": "",
                "keyword": "<전시>",
                "ne_type": "",
                "e_type": "ELU",
                "en": 454,
                "eIdx": 18,
                "st": 450
            },
            {
                "ancestor": "",
                "keyword": "[인텔_코어]",
                "ne_type": "",
                "e_type": "WIKILINK",
                "en": 464,
                "eIdx": 19,
                "st": 457
            },
            {
                "ancestor": "",
                "keyword": "[인텔_코어]",
                "ne_type": "",
                "e_type": "WIKILINK",
                "en": 505,
                "eIdx": 20,
                "st": 498
            },
            {
                "ancestor": "",
                "keyword": "[마그네슘]",
                "ne_type": "",
                "e_type": "WIKILINK",
                "en": 559,
                "eIdx": 21,
                "st": 553
            },
            {
                "ancestor": "",
                "keyword": "<설계>",
                "ne_type": "",
                "e_type": "ELU",
                "en": 566,
                "eIdx": 22,
                "st": 562
            },
            {
                "ancestor": "",
                "keyword": "[소비자_가전_전시회]",
                "ne_type": "",
                "e_type": "WIKILINK",
                "en": 609,
                "eIdx": 23,
                "st": 597
            }
        ],
        "text": "제 2세대 2세대 시리즈9역시 2012년 1월 8일 <라스베이거스>에서 개최된 [소비자_가전_전시회]에서 소개되었다. 이 제품 역시 13.3인치의 화면을 가졌으나 해상도가 [해상도]에서 [해상도]으로 향상되었고 화면밝기 역시 300[칸델라_매_제곱미터]에서 400[칸델라_매_제곱미터]로 더 밝아졌다. 디자인 역시 <카이펑_시>되었는데, 생산성과 세부 디자인 향상을 위하여 재질을 [두랄루민]에서 [알루미늄]으로 바꾸면서 두께를 줄이고 <강성>을 높이기 위하여 <이하나>의 [알루미늄] <블록_(컴퓨팅)>을 가공한 싱글쉘(Single-shell) 구조로 <카이펑_시>되었다. 이에 따라 무게는 에서 으로 줄었고 두께 역시 에서 로 줄어들게 되었다. 이번 기종서부터는 128[기가바이트] [솔리드_스테이트_드라이브]와 더불어 256[기가바이트] [솔리드_스테이트_드라이브]를 선택할 수 있게 되었다. 초기 <전시>에는 [인텔_코어] CPU를 탑재하고 출품되었으나 약 3달 후 시장 출시시에는 [인텔_코어] CPU로 업그레이드 되어 출시되었다. 같은 해 8월에는 동일한 디자인에 외관 재질은 [마그네슘]으로 <설계>된 제품이 출시되었다. 13인치 화면크기의 북9은 비록 [소비자_가전_전시회]에서 최우수 노트북 컴퓨터 상은 수상하지 못하였으나 그래도 최종 심사단계까지는 진출하였다.",
        "pIdx": 5
    },
    {
        "pronouns": [],
        "globalSId": [
            3269327,
            3269328
        ],
        "wikiPageId": 1063092,
        "entities": [
            {
                "ancestor": "",
                "keyword": "[해상도]",
                "ne_type": "",
                "e_type": "WIKILINK",
                "en": 29,
                "eIdx": 0,
                "st": 24
            },
            {
                "ancestor": "",
                "keyword": "[마그네슘]",
                "ne_type": "",
                "e_type": "WIKILINK",
                "en": 127,
                "eIdx": 1,
                "st": 121
            }
        ],
        "text": "2012년 3월에는 15.0인치 화면크기와 [해상도]의 해상도를 갖는 2세대 시리즈9이 시장에 출시되었다. 화면크기를 제외한 디자인과 사양은 13.3”와 동일하였고, 13.3인치 버전과 마찬가지로 2012년 7월에는 [마그네슘] 외관을 갖는 15.0” 버전의 시리즈9이 출시되었다.",
        "pIdx": 6
    },
    {
        "pronouns": [],
        "globalSId": [
            3269329,
            3269330,
            3269331
        ],
        "wikiPageId": 1063092,
        "entities": [
            {
                "ancestor": "",
                "keyword": "[삼성전자]",
                "ne_type": "",
                "e_type": "WIKILINK",
                "en": 21,
                "eIdx": 0,
                "st": 15
            },
            {
                "ancestor": "",
                "keyword": "[삼성전자]",
                "ne_type": "",
                "e_type": "WIKILINK",
                "en": 29,
                "eIdx": 1,
                "st": 23
            },
            {
                "ancestor": "",
                "keyword": "[삼성_아티브]",
                "ne_type": "",
                "e_type": "WIKILINK",
                "en": 55,
                "eIdx": 2,
                "st": 47
            },
            {
                "ancestor": "",
                "keyword": "<카이펑_시>",
                "ne_type": "",
                "e_type": "ELU",
                "en": 64,
                "eIdx": 3,
                "st": 57
            },
            {
                "ancestor": "",
                "keyword": "[삼성_아티브]",
                "ne_type": "",
                "e_type": "WIKILINK",
                "en": 110,
                "eIdx": 4,
                "st": 102
            },
            {
                "ancestor": "",
                "keyword": "<카이펑_시>",
                "ne_type": "",
                "e_type": "ELU",
                "en": 123,
                "eIdx": 5,
                "st": 116
            },
            {
                "ancestor": "",
                "keyword": "[해상도]",
                "ne_type": "",
                "e_type": "WIKILINK",
                "en": 150,
                "eIdx": 6,
                "st": 145
            },
            {
                "ancestor": "",
                "keyword": "[해상도]",
                "ne_type": "",
                "e_type": "WIKILINK",
                "en": 187,
                "eIdx": 7,
                "st": 182
            }
        ],
        "text": "제 3세대 2013년 초에 [삼성전자]는 [삼성전자]의 모든 컴퓨터의 마케팅 이름을 [삼성_아티브]로 <카이펑_시>, 통일하였고 이에 따라 그 전까지 시리즈9으로 불리던 제품들 역시 [삼성_아티브] 북9으로 <카이펑_시>되게 된다. 그 후 2013년 4월경에 [해상도] 해상도를 갖는 모든 13.3인치 모델 제품들의 해상도가 [해상도]으로 업그레이드 되게 된다.",
        "pIdx": 7
    }
]