[
    {
        "pronouns": [],
        "globalSId": [
            2486794
        ],
        "wikiPageId": 641856,
        "entities": [
            {
                "ancestor": "",
                "keyword": "<크리스마스_캐럴>",
                "ne_type": "",
                "e_type": "ELU",
                "en": 13,
                "eIdx": 0,
                "st": 3
            },
            {
                "ancestor": "",
                "keyword": "[경상북도]",
                "ne_type": "",
                "e_type": "WIKILINK",
                "en": 23,
                "eIdx": 1,
                "st": 17
            },
            {
                "ancestor": "",
                "keyword": "[칠곡군]",
                "ne_type": "",
                "e_type": "WIKILINK",
                "en": 29,
                "eIdx": 2,
                "st": 24
            },
            {
                "ancestor": "",
                "keyword": "[왜관읍]",
                "ne_type": "",
                "e_type": "WIKILINK",
                "en": 35,
                "eIdx": 3,
                "st": 30
            },
            {
                "ancestor": "",
                "keyword": "[주한_미군]",
                "ne_type": "",
                "e_type": "WIKILINK",
                "en": 47,
                "eIdx": 4,
                "st": 40
            },
            {
                "ancestor": "",
                "keyword": "[미국_육군]",
                "ne_type": "",
                "e_type": "WIKILINK",
                "en": 55,
                "eIdx": 5,
                "st": 48
            },
            {
                "ancestor": "",
                "keyword": "[군영]",
                "ne_type": "",
                "e_type": "WIKILINK",
                "en": 61,
                "eIdx": 6,
                "st": 57
            },
            {
                "ancestor": "",
                "keyword": "[창고]",
                "ne_type": "",
                "e_type": "WIKILINK",
                "en": 68,
                "eIdx": 7,
                "st": 64
            }
        ],
        "text": "캠프 <크리스마스_캐럴>()은 [경상북도] [칠곡군] [왜관읍]에 있는 [주한_미군] [미국_육군]의 [군영]이자 [창고]이다.",
        "pIdx": 1
    }
]