[
    {
        "globalSId": [
            1657936,
            1657937
        ],
        "pronouns": [
            {
                "proIdx": 0,
                "ancestor": "",
                "en": 110,
                "st": 105,
                "keyword": "이 공항은"
            }
        ],
        "wikiPageId": 304026,
        "entities": [
            {
                "ne_type": "",
                "keyword": "<상파울루_구아룰류스_국제공항>",
                "ancestor": "",
                "e_type": "ELU",
                "en": 17,
                "eIdx": 0,
                "st": 0
            },
            {
                "ne_type": "",
                "keyword": "[IATA]",
                "ancestor": "",
                "e_type": "WIKILINK",
                "en": 26,
                "eIdx": 1,
                "st": 20
            },
            {
                "ne_type": "",
                "keyword": "[ICAO]",
                "ancestor": "",
                "e_type": "WIKILINK",
                "en": 39,
                "eIdx": 2,
                "st": 33
            },
            {
                "ne_type": "",
                "keyword": "[브라질]",
                "ancestor": "",
                "e_type": "WIKILINK",
                "en": 53,
                "eIdx": 3,
                "st": 48
            },
            {
                "ne_type": "",
                "keyword": "[상파울루_주]",
                "ancestor": "",
                "e_type": "WIKILINK",
                "en": 62,
                "eIdx": 4,
                "st": 54
            },
            {
                "ne_type": "",
                "keyword": "[구아룰류스]",
                "ancestor": "",
                "e_type": "WIKILINK",
                "en": 70,
                "eIdx": 5,
                "st": 63
            },
            {
                "ne_type": "",
                "keyword": "[국제공항]",
                "ancestor": "",
                "e_type": "WIKILINK",
                "en": 82,
                "eIdx": 6,
                "st": 76
            },
            {
                "ne_type": "",
                "keyword": "[브라질]",
                "ancestor": "",
                "e_type": "WIKILINK",
                "en": 91,
                "eIdx": 7,
                "st": 86
            },
            {
                "ne_type": "",
                "keyword": "[브라질]",
                "ancestor": "",
                "e_type": "WIKILINK",
                "en": 116,
                "eIdx": 8,
                "st": 111
            },
            {
                "ne_type": "",
                "keyword": "[상파울루]",
                "ancestor": "",
                "e_type": "WIKILINK",
                "en": 129,
                "eIdx": 9,
                "st": 123
            }
        ],
        "text": "<상파울루_구아룰류스_국제공항>(, [IATA]: GRU, [ICAO]: SBGR)은 [브라질] [상파울루_주] [구아룰류스]에 위치한 [국제공항]이다. [브라질]에서 가장 이용객이 많은 이 공항은 [브라질] 최대 도시 [상파울루] 도심에서 약 25km 떨어져 있다.",
        "pIdx": 1
    }
]