[
    {
        "pronouns": [],
        "globalSId": [
            407524,
            407525,
            407526
        ],
        "wikiPageId": 43203,
        "entities": [
            {
                "ancestor": "",
                "keyword": "<이유>",
                "ne_type": "",
                "e_type": "ELU",
                "en": 38,
                "eIdx": 0,
                "st": 34
            },
            {
                "ancestor": "",
                "keyword": "<물이>",
                "ne_type": "",
                "e_type": "ELU",
                "en": 66,
                "eIdx": 1,
                "st": 62
            },
            {
                "ancestor": "",
                "keyword": "[송갑조]",
                "ne_type": "",
                "e_type": "WIKILINK",
                "en": 105,
                "eIdx": 2,
                "st": 100
            },
            {
                "ancestor": "",
                "keyword": "[공자]",
                "ne_type": "",
                "e_type": "WIKILINK",
                "en": 119,
                "eIdx": 3,
                "st": 115
            },
            {
                "ancestor": "",
                "keyword": "[공자]",
                "ne_type": "",
                "e_type": "WIKILINK",
                "en": 204,
                "eIdx": 4,
                "st": 200
            },
            {
                "ancestor": "",
                "keyword": "<송시열>",
                "ne_type": "",
                "e_type": "ELU",
                "en": 237,
                "eIdx": 5,
                "st": 232
            }
        ],
        "text": "유년기와 소년기 그가 태어나기 며칠 전에는 마을 앞의 강물이 <이유> 없이 바싹 말랐다가, 그가 태어나자 다시 <물이> 불었다고 하며, 또한 그가 태어나기 며칠 전에 그의 아버지 [송갑조](宋甲祚)의 꿈에 [공자]가 제자들을 거느리고 나타나서 그 중의 한 제자를 가리키며 “이 아이를 그대에게 보내니 잘 가르치시오.”라고 말한 뒤 사라졌다고 전해진다. 꿈에 [공자]와 그의 제자들을 보았다 하여 성인이 왔다는 뜻의 <송시열>(聖賚), 성래(聖來)를 그의 아명으로 하고 뒤에 시열로 이름을 고쳤다.",
        "pIdx": 9
    },
    {
        "pronouns": [],
        "globalSId": [
            407527,
            407528,
            407529,
            407530,
            407531,
            407532,
            407533
        ],
        "wikiPageId": 43203,
        "entities": [
            {
                "ancestor": "",
                "keyword": "<송시열>",
                "ne_type": "",
                "e_type": "ELU",
                "en": 5,
                "eIdx": 0,
                "st": 0
            },
            {
                "ancestor": "",
                "keyword": "[송이창]",
                "ne_type": "",
                "e_type": "WIKILINK",
                "en": 154,
                "eIdx": 1,
                "st": 149
            },
            {
                "ancestor": "",
                "keyword": "[송이창]",
                "ne_type": "",
                "e_type": "WIKILINK",
                "en": 178,
                "eIdx": 2,
                "st": 173
            },
            {
                "ancestor": "",
                "keyword": "[송준길]",
                "ne_type": "",
                "e_type": "WIKILINK",
                "en": 189,
                "eIdx": 3,
                "st": 184
            },
            {
                "ancestor": "",
                "keyword": "<학습>",
                "ne_type": "",
                "e_type": "ELU",
                "en": 202,
                "eIdx": 4,
                "st": 198
            },
            {
                "ancestor": "",
                "keyword": "<양송>",
                "ne_type": "",
                "e_type": "ELU",
                "en": 215,
                "eIdx": 5,
                "st": 211
            },
            {
                "ancestor": "",
                "keyword": "<옥천군>",
                "ne_type": "",
                "e_type": "ELU",
                "en": 247,
                "eIdx": 6,
                "st": 242
            },
            {
                "ancestor": "",
                "keyword": "<무당>",
                "ne_type": "",
                "e_type": "ELU",
                "en": 277,
                "eIdx": 7,
                "st": 273
            },
            {
                "ancestor": "",
                "keyword": "<무당>",
                "ne_type": "",
                "e_type": "ELU",
                "en": 324,
                "eIdx": 8,
                "st": 320
            }
        ],
        "text": "<송시열>은 3세 때에 혼자서 이미 글자를 깨우쳤으며, 기억력이 좋고 암기가 능하였으며 5세 무렵에는 스스로 글을 쓰기 시작하였다. 7세 때에는 그의 두 형이 읽은 글을 받아 적을 줄 알았다고 한다. 기억력이 비상하였으며 어려서부터 독서를 좋아하였다. 8세에 친척인 [송이창]의 제자가 되어 친척이자 첫 스승 [송이창]의 아들인 [송준길]의 집에서 함께 <학습>하게 되어 훗날 <양송>(兩宋)으로 불리는 특별한 교분을 맺게 되었다. <옥천군>에는 신령스럽고 괴이한 무당이 있었는데, 그가 <무당>이 살던 곳을 지날때면 떠들어대는 일을 하지 못하고 그를 피하였다. 그러면서 <무당>이 하는 말이 \"이 도련님이 오시면 귀신이 바로 내리지 않는다\" 라고 했다 한다. 이후 사람들은 그를 더욱 신통하게 보게 되었다.",
        "pIdx": 10
    },
    {
        "pronouns": [],
        "globalSId": [
            407534,
            407535,
            407536
        ],
        "wikiPageId": 43203,
        "entities": [
            {
                "ancestor": "",
                "keyword": "<한산_이씨>",
                "ne_type": "",
                "e_type": "ELU",
                "en": 7,
                "eIdx": 0,
                "st": 0
            },
            {
                "ancestor": "",
                "keyword": "[이덕사]",
                "ne_type": "",
                "e_type": "WIKILINK",
                "en": 14,
                "eIdx": 1,
                "st": 9
            },
            {
                "ancestor": "",
                "keyword": "[곽자방]",
                "ne_type": "",
                "e_type": "WIKILINK",
                "en": 55,
                "eIdx": 2,
                "st": 50
            },
            {
                "ancestor": "",
                "keyword": "<송시열>",
                "ne_type": "",
                "e_type": "ELU",
                "en": 67,
                "eIdx": 3,
                "st": 62
            },
            {
                "ancestor": "",
                "keyword": "[이덕렴]",
                "ne_type": "",
                "e_type": "WIKILINK",
                "en": 82,
                "eIdx": 4,
                "st": 77
            },
            {
                "ancestor": "",
                "keyword": "<아버지>",
                "ne_type": "",
                "e_type": "ELU",
                "en": 112,
                "eIdx": 5,
                "st": 107
            },
            {
                "ancestor": "",
                "keyword": "[송갑조]",
                "ne_type": "",
                "e_type": "WIKILINK",
                "en": 118,
                "eIdx": 6,
                "st": 113
            },
            {
                "ancestor": "",
                "keyword": "[이이]",
                "ne_type": "",
                "e_type": "WIKILINK",
                "en": 126,
                "eIdx": 7,
                "st": 122
            },
            {
                "ancestor": "",
                "keyword": "[격몽요결]",
                "ne_type": "",
                "e_type": "WIKILINK",
                "en": 134,
                "eIdx": 8,
                "st": 128
            }
        ],
        "text": "<한산_이씨>인 [이덕사](李德泗)의 딸과 혼인했다. 이덕사는 이덕렴의 동생이고 이덕렴은 [곽자방]의 사위이니 <송시열>은 자신의 이모부 [이덕렴]에게 질여서(조카사위)도 된다. 12세 때에 <아버지> [송갑조]로부터 [이이]의 [격몽요결](擊蒙要訣)을 배웠다.",
        "pIdx": 11
    },
    {
        "pronouns": [],
        "globalSId": [
            407537
        ],
        "wikiPageId": 43203,
        "entities": [],
        "text": "수학과 학문 연구",
        "pIdx": 12
    },
    {
        "pronouns": [],
        "globalSId": [
            407538,
            407539,
            407540
        ],
        "wikiPageId": 43203,
        "entities": [
            {
                "ancestor": "",
                "keyword": "<송갑조>",
                "ne_type": "",
                "e_type": "ELU",
                "en": 14,
                "eIdx": 0,
                "st": 9
            },
            {
                "ancestor": "",
                "keyword": "[광해군]",
                "ne_type": "",
                "e_type": "WIKILINK",
                "en": 21,
                "eIdx": 1,
                "st": 16
            },
            {
                "ancestor": "",
                "keyword": "[인목대피_폐모론]",
                "ne_type": "",
                "e_type": "WIKILINK",
                "en": 38,
                "eIdx": 2,
                "st": 28
            },
            {
                "ancestor": "",
                "keyword": "[1618년]",
                "ne_type": "",
                "e_type": "WIKILINK",
                "en": 77,
                "eIdx": 3,
                "st": 70
            },
            {
                "ancestor": "",
                "keyword": "<서궁>",
                "ne_type": "",
                "e_type": "ELU",
                "en": 82,
                "eIdx": 4,
                "st": 78
            },
            {
                "ancestor": "",
                "keyword": "<인목왕후>",
                "ne_type": "",
                "e_type": "ELU",
                "en": 98,
                "eIdx": 5,
                "st": 92
            },
            {
                "ancestor": "",
                "keyword": "[이이첨]",
                "ne_type": "",
                "e_type": "WIKILINK",
                "en": 132,
                "eIdx": 6,
                "st": 127
            },
            {
                "ancestor": "",
                "keyword": "[정인홍]",
                "ne_type": "",
                "e_type": "WIKILINK",
                "en": 139,
                "eIdx": 7,
                "st": 134
            },
            {
                "ancestor": "",
                "keyword": "<인목왕후>",
                "ne_type": "",
                "e_type": "ELU",
                "en": 170,
                "eIdx": 8,
                "st": 164
            },
            {
                "ancestor": "",
                "keyword": "<서궁>",
                "ne_type": "",
                "e_type": "ELU",
                "en": 180,
                "eIdx": 9,
                "st": 176
            },
            {
                "ancestor": "",
                "keyword": "<금고형>",
                "ne_type": "",
                "e_type": "ELU",
                "en": 198,
                "eIdx": 10,
                "st": 193
            }
        ],
        "text": "청소년기 아버지 <송갑조>는 [광해군] 집권 이후 [인목대피_폐모론]이 나왔으나 그는 관직에 있지 않음에도 홀로 의리를 지켜 [1618년] <서궁>(西宮)에 유폐된 <인목왕후>(仁穆大妃)를 찾아가 사은숙배한 후 안부를 묻는 등 [이이첨], [정인홍]의 폐모론에 항거하였다. 그러나 1618년말 <인목왕후>가 유폐된 <서궁>을 출입하다가 발각되어 <금고형>(禁錮)되어 낙향한다.",
        "pIdx": 13
    },
    {
        "pronouns": [],
        "globalSId": [
            407541,
            407542
        ],
        "wikiPageId": 43203,
        "entities": [
            {
                "ancestor": "",
                "keyword": "[1618년]",
                "ne_type": "",
                "e_type": "WIKILINK",
                "en": 7,
                "eIdx": 0,
                "st": 0
            },
            {
                "ancestor": "",
                "keyword": "<송갑조>",
                "ne_type": "",
                "e_type": "ELU",
                "en": 27,
                "eIdx": 1,
                "st": 22
            },
            {
                "ancestor": "",
                "keyword": "<격몽요결>",
                "ne_type": "",
                "e_type": "ELU",
                "en": 38,
                "eIdx": 2,
                "st": 32
            },
            {
                "ancestor": "",
                "keyword": "<송시열>",
                "ne_type": "",
                "e_type": "ELU",
                "en": 77,
                "eIdx": 3,
                "st": 72
            },
            {
                "ancestor": "",
                "keyword": "<주루>",
                "ne_type": "",
                "e_type": "ELU",
                "en": 85,
                "eIdx": 4,
                "st": 81
            },
            {
                "ancestor": "",
                "keyword": "<공자>",
                "ne_type": "",
                "e_type": "ELU",
                "en": 99,
                "eIdx": 5,
                "st": 95
            },
            {
                "ancestor": "",
                "keyword": "<이이>",
                "ne_type": "",
                "e_type": "ELU",
                "en": 106,
                "eIdx": 6,
                "st": 102
            },
            {
                "ancestor": "",
                "keyword": "<공자>",
                "ne_type": "",
                "e_type": "ELU",
                "en": 126,
                "eIdx": 7,
                "st": 122
            },
            {
                "ancestor": "",
                "keyword": "<이이>",
                "ne_type": "",
                "e_type": "ELU",
                "en": 141,
                "eIdx": 8,
                "st": 137
            },
            {
                "ancestor": "",
                "keyword": "[주자]",
                "ne_type": "",
                "e_type": "WIKILINK",
                "en": 168,
                "eIdx": 9,
                "st": 164
            },
            {
                "ancestor": "",
                "keyword": "[이이]",
                "ne_type": "",
                "e_type": "WIKILINK",
                "en": 174,
                "eIdx": 10,
                "st": 170
            },
            {
                "ancestor": "",
                "keyword": "[조광조]",
                "ne_type": "",
                "e_type": "WIKILINK",
                "en": 185,
                "eIdx": 11,
                "st": 180
            },
            {
                "ancestor": "",
                "keyword": "[김시습]",
                "ne_type": "",
                "e_type": "WIKILINK",
                "en": 197,
                "eIdx": 12,
                "st": 192
            }
        ],
        "text": "[1618년] 삭직되고 금고당한 아버지 <송갑조>로부터 《<격몽요결>(擊蒙要訣)》·《기묘록(己卯錄)》 등을 배웠다. 이때 부친은 <송시열>에게 “<주루>(朱子)는 후세의 <공자>이고 <이이>(栗谷)은 후세의 주자이니, <공자>를 배우려면 마땅히 <이이>으로부터 시작해야 한다.”고 격려하면서, [주자], [이이](李珥), [조광조](趙光祖), [김시습](金時習) 등의 절의를 교훈삼아 본받도록 가르쳤다.",
        "pIdx": 14
    },
    {
        "pronouns": [],
        "globalSId": [
            407543
        ],
        "wikiPageId": 43203,
        "entities": [
            {
                "ancestor": "",
                "keyword": "<송시열>",
                "ne_type": "",
                "e_type": "ELU",
                "en": 9,
                "eIdx": 0,
                "st": 4
            },
            {
                "ancestor": "",
                "keyword": "[주자]",
                "ne_type": "",
                "e_type": "WIKILINK",
                "en": 15,
                "eIdx": 1,
                "st": 11
            },
            {
                "ancestor": "",
                "keyword": "[주자]",
                "ne_type": "",
                "e_type": "WIKILINK",
                "en": 42,
                "eIdx": 2,
                "st": 38
            }
        ],
        "text": "그 중 <송시열>은 [주자]의 예론에 깊이 공감하였는데, 이후 그는 [주자]를 평생 사표로 받들고 신념을 지켜나갔다.",
        "pIdx": 15
    },
    {
        "pronouns": [],
        "globalSId": [
            407544,
            407545,
            407546
        ],
        "wikiPageId": 43203,
        "entities": [
            {
                "ancestor": "",
                "keyword": "<김장생>",
                "ne_type": "",
                "e_type": "ELU",
                "en": 5,
                "eIdx": 0,
                "st": 0
            },
            {
                "ancestor": "",
                "keyword": "<김집_(1574년)>",
                "ne_type": "",
                "e_type": "ELU",
                "en": 19,
                "eIdx": 1,
                "st": 7
            },
            {
                "ancestor": "",
                "keyword": "[송갑조]",
                "ne_type": "",
                "e_type": "WIKILINK",
                "en": 30,
                "eIdx": 2,
                "st": 25
            },
            {
                "ancestor": "",
                "keyword": "[김장생]",
                "ne_type": "",
                "e_type": "WIKILINK",
                "en": 37,
                "eIdx": 3,
                "st": 32
            },
            {
                "ancestor": "",
                "keyword": "<송시열>",
                "ne_type": "",
                "e_type": "ELU",
                "en": 54,
                "eIdx": 4,
                "st": 49
            },
            {
                "ancestor": "",
                "keyword": "<송갑조>",
                "ne_type": "",
                "e_type": "ELU",
                "en": 65,
                "eIdx": 5,
                "st": 60
            },
            {
                "ancestor": "",
                "keyword": "[김장생]",
                "ne_type": "",
                "e_type": "WIKILINK",
                "en": 75,
                "eIdx": 6,
                "st": 70
            },
            {
                "ancestor": "",
                "keyword": "<김장생>",
                "ne_type": "",
                "e_type": "ELU",
                "en": 82,
                "eIdx": 7,
                "st": 77
            },
            {
                "ancestor": "",
                "keyword": "[김집_(1574년)]",
                "ne_type": "",
                "e_type": "WIKILINK",
                "en": 108,
                "eIdx": 8,
                "st": 96
            },
            {
                "ancestor": "",
                "keyword": "[송준길]",
                "ne_type": "",
                "e_type": "WIKILINK",
                "en": 160,
                "eIdx": 9,
                "st": 155
            }
        ],
        "text": "<김장생>, <김집_(1574년)>의 문하생 [송갑조], [김장생]의 문인으로 그 뒤로 <송시열>은 아버지 <송갑조>, 사계 [김장생], <김장생>의 아들 신독재(愼獨齋) [김집_(1574년)](金集) 등을 비롯하여 당시의 유명한 학자들에게서 학문을 배웠다. 13촌 숙질 간인 [송준길](宋浚吉)과 함께 동문수학하였으며, 뛰어난 학문으로 노론(老論)의 쌍벽을 이루었다.",
        "pIdx": 16
    },
    {
        "pronouns": [],
        "globalSId": [
            407547,
            407548
        ],
        "wikiPageId": 43203,
        "entities": [
            {
                "ancestor": "",
                "keyword": "[1625년]",
                "ne_type": "",
                "e_type": "WIKILINK",
                "en": 7,
                "eIdx": 0,
                "st": 0
            },
            {
                "ancestor": "",
                "keyword": "[김장생]",
                "ne_type": "",
                "e_type": "WIKILINK",
                "en": 20,
                "eIdx": 1,
                "st": 15
            },
            {
                "ancestor": "",
                "keyword": "[송준길]",
                "ne_type": "",
                "e_type": "WIKILINK",
                "en": 41,
                "eIdx": 2,
                "st": 36
            },
            {
                "ancestor": "",
                "keyword": "[윤선거]",
                "ne_type": "",
                "e_type": "WIKILINK",
                "en": 48,
                "eIdx": 3,
                "st": 43
            },
            {
                "ancestor": "",
                "keyword": "[유계]",
                "ne_type": "",
                "e_type": "WIKILINK",
                "en": 59,
                "eIdx": 4,
                "st": 55
            },
            {
                "ancestor": "",
                "keyword": "[윤휴]",
                "ne_type": "",
                "e_type": "WIKILINK",
                "en": 69,
                "eIdx": 5,
                "st": 65
            },
            {
                "ancestor": "",
                "keyword": "<이유태_(1607년)>",
                "ne_type": "",
                "e_type": "ELU",
                "en": 84,
                "eIdx": 6,
                "st": 71
            },
            {
                "ancestor": "",
                "keyword": "[1625년]",
                "ne_type": "",
                "e_type": "WIKILINK",
                "en": 105,
                "eIdx": 7,
                "st": 98
            },
            {
                "ancestor": "",
                "keyword": "<송시열>",
                "ne_type": "",
                "e_type": "ELU",
                "en": 118,
                "eIdx": 8,
                "st": 113
            },
            {
                "ancestor": "",
                "keyword": "<한산_이씨>",
                "ne_type": "",
                "e_type": "ELU",
                "en": 146,
                "eIdx": 9,
                "st": 139
            },
            {
                "ancestor": "",
                "keyword": "<한산_이씨>",
                "ne_type": "",
                "e_type": "ELU",
                "en": 165,
                "eIdx": 10,
                "st": 158
            },
            {
                "ancestor": "",
                "keyword": "[고려]",
                "ne_type": "",
                "e_type": "WIKILINK",
                "en": 171,
                "eIdx": 11,
                "st": 167
            },
            {
                "ancestor": "",
                "keyword": "[목은_이색]",
                "ne_type": "",
                "e_type": "WIKILINK",
                "en": 183,
                "eIdx": 12,
                "st": 176
            }
        ],
        "text": "[1625년](인조 3년) [김장생]의 문하생이 되었으며, 이때 [송준길], [윤선거](尹宣擧), [유계](兪棨), [윤휴], <이유태_(1607년)>(李惟泰) 등을 만난다. [1625년](인조 3년) <송시열>은 19세의 나이로 도사 이덕사의 딸 <한산_이씨>와 결혼했는데, 부인 <한산_이씨>는 [고려] 문정공 [목은_이색]의 후손이다.",
        "pIdx": 17
    },
    {
        "pronouns": [],
        "globalSId": [
            407549,
            407550,
            407551
        ],
        "wikiPageId": 43203,
        "entities": [
            {
                "ancestor": "",
                "keyword": "[윤선거]",
                "ne_type": "",
                "e_type": "WIKILINK",
                "en": 11,
                "eIdx": 0,
                "st": 6
            },
            {
                "ancestor": "",
                "keyword": "[병자호란]",
                "ne_type": "",
                "e_type": "WIKILINK",
                "en": 28,
                "eIdx": 1,
                "st": 22
            },
            {
                "ancestor": "",
                "keyword": "[윤휴]",
                "ne_type": "",
                "e_type": "WIKILINK",
                "en": 48,
                "eIdx": 2,
                "st": 44
            },
            {
                "ancestor": "",
                "keyword": "<초월>",
                "ne_type": "",
                "e_type": "ELU",
                "en": 58,
                "eIdx": 3,
                "st": 54
            },
            {
                "ancestor": "",
                "keyword": "[윤휴]",
                "ne_type": "",
                "e_type": "WIKILINK",
                "en": 98,
                "eIdx": 4,
                "st": 94
            },
            {
                "ancestor": "",
                "keyword": "<사형>",
                "ne_type": "",
                "e_type": "ELU",
                "en": 107,
                "eIdx": 5,
                "st": 103
            },
            {
                "ancestor": "",
                "keyword": "[윤선도]",
                "ne_type": "",
                "e_type": "WIKILINK",
                "en": 121,
                "eIdx": 6,
                "st": 116
            },
            {
                "ancestor": "",
                "keyword": "[허목]",
                "ne_type": "",
                "e_type": "WIKILINK",
                "en": 127,
                "eIdx": 7,
                "st": 123
            }
        ],
        "text": "이때 만난 [윤선거]는 그의 친구였으나 [병자호란]을 계기로 관계가 악화된다. [윤휴]는 당색을 <초월>한 절친한 친구였으나 이후 예송논쟁으로 정적으로 돌변한다. 이후 [윤휴]가 그를 <사형>에 처하려 하는 [윤선도], [허목]을 편들면서 감정이 더해져 원수가 된다.",
        "pIdx": 18
    }
]