[
    {
        "pronouns": [],
        "globalSId": [
            2895964,
            2895965
        ],
        "wikiPageId": 845321,
        "entities": [
            {
                "ancestor": "",
                "keyword": "<라르스_온사게르>",
                "ne_type": "",
                "e_type": "ELU",
                "en": 10,
                "eIdx": 0,
                "st": 0
            },
            {
                "ancestor": "",
                "keyword": "[노르웨이]",
                "ne_type": "",
                "e_type": "WIKILINK",
                "en": 50,
                "eIdx": 1,
                "st": 44
            },
            {
                "ancestor": "",
                "keyword": "[미국]",
                "ne_type": "",
                "e_type": "WIKILINK",
                "en": 58,
                "eIdx": 2,
                "st": 54
            },
            {
                "ancestor": "",
                "keyword": "<물리학자>",
                "ne_type": "",
                "e_type": "ELU",
                "en": 72,
                "eIdx": 3,
                "st": 66
            },
            {
                "ancestor": "",
                "keyword": "[노벨_화학상]",
                "ne_type": "",
                "e_type": "WIKILINK",
                "en": 89,
                "eIdx": 4,
                "st": 81
            }
        ],
        "text": "<라르스_온사게르>(, 1903년 11월 27일 – 1976년 10월 5일)는 [노르웨이] 태생 [미국]인 화학자 및 <물리학자>다. 1968년 [노벨_화학상]을 수상하였다.",
        "pIdx": 1
    },
    {
        "pronouns": [],
        "globalSId": [
            2895966,
            2895967,
            2895968
        ],
        "wikiPageId": 845321,
        "entities": [
            {
                "ancestor": "",
                "keyword": "[노르웨이]",
                "ne_type": "",
                "e_type": "WIKILINK",
                "en": 30,
                "eIdx": 0,
                "st": 24
            },
            {
                "ancestor": "",
                "keyword": "[오슬로]",
                "ne_type": "",
                "e_type": "WIKILINK",
                "en": 36,
                "eIdx": 1,
                "st": 31
            },
            {
                "ancestor": "",
                "keyword": "<오슬로>",
                "ne_type": "",
                "e_type": "ELU",
                "en": 50,
                "eIdx": 2,
                "st": 45
            },
            {
                "ancestor": "",
                "keyword": "[변호사]",
                "ne_type": "",
                "e_type": "WIKILINK",
                "en": 61,
                "eIdx": 3,
                "st": 56
            },
            {
                "ancestor": "",
                "keyword": "<오슬로>",
                "ne_type": "",
                "e_type": "ELU",
                "en": 78,
                "eIdx": 4,
                "st": 73
            },
            {
                "ancestor": "",
                "keyword": "[트론헤임]",
                "ne_type": "",
                "e_type": "WIKILINK",
                "en": 98,
                "eIdx": 5,
                "st": 92
            },
            {
                "ancestor": "",
                "keyword": "[화학공학]",
                "ne_type": "",
                "e_type": "WIKILINK",
                "en": 124,
                "eIdx": 6,
                "st": 118
            },
            {
                "ancestor": "",
                "keyword": "<졸업>",
                "ne_type": "",
                "e_type": "ELU",
                "en": 142,
                "eIdx": 7,
                "st": 138
            }
        ],
        "text": "생애 온사게르는 1903년 11월 27일에 [노르웨이] [오슬로] (당시 이름은 <오슬로>())에서 [변호사]의 아들로 태어났다. <오슬로>에서 고등학교를 마치고, [트론헤임]에 있는 노르웨이 공과대학교()에서 [화학공학]을 전공하여 1925년에 <졸업>하였다.",
        "pIdx": 2
    },
    {
        "pronouns": [],
        "globalSId": [
            2895969,
            2895970
        ],
        "wikiPageId": 845321,
        "entities": [
            {
                "ancestor": "",
                "keyword": "[피터_디바이]",
                "ne_type": "",
                "e_type": "WIKILINK",
                "en": 15,
                "eIdx": 0,
                "st": 7
            },
            {
                "ancestor": "",
                "keyword": "<오류동역>",
                "ne_type": "",
                "e_type": "ELU",
                "en": 31,
                "eIdx": 1,
                "st": 25
            },
            {
                "ancestor": "",
                "keyword": "[취리히]",
                "ne_type": "",
                "e_type": "WIKILINK",
                "en": 52,
                "eIdx": 2,
                "st": 47
            },
            {
                "ancestor": "",
                "keyword": "<디바이>",
                "ne_type": "",
                "e_type": "ELU",
                "en": 69,
                "eIdx": 3,
                "st": 64
            },
            {
                "ancestor": "",
                "keyword": "<디바이>",
                "ne_type": "",
                "e_type": "ELU",
                "en": 87,
                "eIdx": 4,
                "st": 82
            },
            {
                "ancestor": "",
                "keyword": "<소>",
                "ne_type": "",
                "e_type": "ELU",
                "en": 100,
                "eIdx": 5,
                "st": 97
            },
            {
                "ancestor": "",
                "keyword": "[취리히_연방_공과대학교]",
                "ne_type": "",
                "e_type": "WIKILINK",
                "en": 119,
                "eIdx": 6,
                "st": 105
            },
            {
                "ancestor": "",
                "keyword": "<ㅈ>",
                "ne_type": "",
                "e_type": "ELU",
                "en": 124,
                "eIdx": 7,
                "st": 121
            }
        ],
        "text": "1925년에 [피터_디바이]의 전해질 이론에 <오류동역>가 있음을 발견하고, 이듬해 [취리히]로 건너가 이 사실을 <디바이>에게 직접 얘기하였다. <디바이>는 이를 높게 사 <소>이 있는 [취리히_연방_공과대학교]에 <ㅈ>를 마련해 주었다.",
        "pIdx": 3
    },
    {
        "pronouns": [],
        "globalSId": [
            2895971,
            2895972,
            2895973,
            2895974
        ],
        "wikiPageId": 845321,
        "entities": [
            {
                "ancestor": "",
                "keyword": "<취리히>",
                "ne_type": "",
                "e_type": "ELU",
                "en": 12,
                "eIdx": 0,
                "st": 7
            },
            {
                "ancestor": "",
                "keyword": "[존스_홉킨스_대학교]",
                "ne_type": "",
                "e_type": "WIKILINK",
                "en": 29,
                "eIdx": 1,
                "st": 17
            },
            {
                "ancestor": "",
                "keyword": "[브라운_대학교]",
                "ne_type": "",
                "e_type": "WIKILINK",
                "en": 125,
                "eIdx": 2,
                "st": 116
            },
            {
                "ancestor": "",
                "keyword": "[통계역학]",
                "ne_type": "",
                "e_type": "WIKILINK",
                "en": 168,
                "eIdx": 3,
                "st": 162
            },
            {
                "ancestor": "",
                "keyword": "<라르스_온사게르>",
                "ne_type": "",
                "e_type": "ELU",
                "en": 204,
                "eIdx": 4,
                "st": 194
            },
            {
                "ancestor": "",
                "keyword": "[브라운_대학교]",
                "ne_type": "",
                "e_type": "WIKILINK",
                "en": 215,
                "eIdx": 5,
                "st": 206
            }
        ],
        "text": "1928년에 <취리히>를 떠나 [존스_홉킨스_대학교]에서 교수직을 얻었다. 여기서 온사게르는 1학년 화학 개론을 가르쳤는데, 강의가 너무 엉망이어서 학기가 끝나고 바로 해고되었다. 존스 홉킨스 대학교를 떠나 [브라운_대학교]에서 대학원 화학 과목을 가르쳤는데, 여기서도 강의는 엉망이었지만 [통계역학]에서 빛나는 연구 업적을 남겼다. 1933년에 <라르스_온사게르>는 [브라운_대학교]에서도 역시 해고되었다.",
        "pIdx": 4
    },
    {
        "pronouns": [],
        "globalSId": [
            2895975,
            2895976,
            2895977,
            2895978,
            2895979
        ],
        "wikiPageId": 845321,
        "entities": [
            {
                "ancestor": "",
                "keyword": "<라르스_온사게르>",
                "ne_type": "",
                "e_type": "ELU",
                "en": 26,
                "eIdx": 0,
                "st": 16
            },
            {
                "ancestor": "",
                "keyword": "[예일_대학교]",
                "ne_type": "",
                "e_type": "WIKILINK",
                "en": 36,
                "eIdx": 1,
                "st": 28
            },
            {
                "ancestor": "",
                "keyword": "<라르스_온사게르>",
                "ne_type": "",
                "e_type": "ELU",
                "en": 72,
                "eIdx": 2,
                "st": 62
            },
            {
                "ancestor": "",
                "keyword": "<예일_대학교>",
                "ne_type": "",
                "e_type": "ELU",
                "en": 106,
                "eIdx": 3,
                "st": 98
            },
            {
                "ancestor": "",
                "keyword": "[특수_함수]",
                "ne_type": "",
                "e_type": "WIKILINK",
                "en": 116,
                "eIdx": 4,
                "st": 109
            },
            {
                "ancestor": "",
                "keyword": "<예일_대학교>",
                "ne_type": "",
                "e_type": "ELU",
                "en": 295,
                "eIdx": 5,
                "st": 287
            }
        ],
        "text": "브라운 대학교에서 해고되자, <라르스_온사게르>는 [예일_대학교]에서 박사후 연구원으로 임용되었다. 그러나 곧 <라르스_온사게르>가 박사 학위를 취득하지 않은 사실이 밝혀져, <예일_대학교>에서 [특수_함수]에 대한 박사 논문을 집필하였다. 그러나 화학과에서는 아무도 이 논문을 이해할 수 없었고, 예일 수학과에서 논문이 매우 뛰어나다는 사실을 인증하자 겨우 1935년에 박사 학위를 받을 수 있었다. 박사 학위를 채 끝내기 전인 1934년에 예일 대학교 조교수로 임명되었고, 1940년에는 정교수로 승진하였다. <예일_대학교>에서도 역시 매우 뛰어난 연구 활동을 펼쳤지만, 그 강의는 아무도 이해할 수 없었다고 한다.",
        "pIdx": 5
    }
]