[
    {
        "globalSId": [
            4007576
        ],
        "pronouns": [],
        "wikiPageId": 1775878,
        "entities": [
            {
                "ne_type": "PERSON",
                "keyword": "[베르나르도_실바]",
                "ancestor": "",
                "e_type": "NEW",
                "en": 10,
                "eIdx": 0,
                "st": 0
            },
            {
                "ne_type": "",
                "keyword": "[포르투갈어]",
                "ancestor": "",
                "e_type": "WIKILINK",
                "en": 19,
                "eIdx": 1,
                "st": 12
            },
            {
                "ne_type": "",
                "keyword": "[포르투갈]",
                "ancestor": "",
                "e_type": "WIKILINK",
                "en": 87,
                "eIdx": 2,
                "st": 81
            },
            {
                "ne_type": "",
                "keyword": "[축구_선수]",
                "ancestor": "",
                "e_type": "WIKILINK",
                "en": 96,
                "eIdx": 3,
                "st": 89
            },
            {
                "ne_type": "",
                "keyword": "[프리미어리그]",
                "ancestor": "",
                "e_type": "WIKILINK",
                "en": 110,
                "eIdx": 4,
                "st": 102
            },
            {
                "ne_type": "",
                "keyword": "[맨체스터_시티_FC]",
                "ancestor": "",
                "e_type": "WIKILINK",
                "en": 124,
                "eIdx": 5,
                "st": 112
            }
        ],
        "text": "[베르나르도_실바] ([포르투갈어]: Bernardo Mota Veiga de Carvalho e Silva, 1994년 8월 10일 ~ ) 는 [포르투갈]의 [축구_선수]로, 현재 [프리미어리그]의 [맨체스터_시티_FC] 소속이다.",
        "pIdx": 1
    }
]