[
    {
        "pronouns": [],
        "globalSId": [
            1832516
        ],
        "wikiPageId": 357310,
        "entities": [],
        "text": "인물",
        "pIdx": 2
    },
    {
        "pronouns": [],
        "globalSId": [
            1832517,
            1832518
        ],
        "wikiPageId": 357310,
        "entities": [
            {
                "ancestor": "",
                "keyword": "[사이토_다카유키]",
                "ne_type": "",
                "e_type": "WIKILINK",
                "en": 33,
                "eIdx": 0,
                "st": 23
            },
            {
                "ancestor": "",
                "keyword": "[기다_쇼이치]",
                "ne_type": "",
                "e_type": "WIKILINK",
                "en": 43,
                "eIdx": 1,
                "st": 35
            },
            {
                "ancestor": "",
                "keyword": "[아카호시_노리히로]",
                "ne_type": "",
                "e_type": "WIKILINK",
                "en": 133,
                "eIdx": 2,
                "st": 122
            }
        ],
        "text": "프로 입단 전 요코하마 고등학교 시절에는 [사이토_다카유키], [기다_쇼이치]와 함께 클린업 타선을 형성하여 3학년 때 춘계·하계 연속(1994년)으로 고시엔 대회에 출전, 제66회 선발 고등학교 야구 대회 1차전에서 [아카호시_노리히로]가 소속된 오부 고등학교와 상대했다.",
        "pIdx": 3
    },
    {
        "pronouns": [],
        "globalSId": [
            1832519
        ],
        "wikiPageId": 357310,
        "entities": [
            {
                "ancestor": "",
                "keyword": "[요코하마_DeNA_베이스타스]",
                "ne_type": "",
                "e_type": "WIKILINK",
                "en": 39,
                "eIdx": 0,
                "st": 22
            }
        ],
        "text": "1994년 프로 야구 드래프트 4순위로 [요코하마_DeNA_베이스타스]에 입단, 당시의 등록명이자 본명은 ‘’(동음)였다.",
        "pIdx": 4
    },
    {
        "pronouns": [],
        "globalSId": [
            1832520
        ],
        "wikiPageId": 357310,
        "entities": [],
        "text": "요코하마 시절",
        "pIdx": 5
    },
    {
        "pronouns": [],
        "globalSId": [
            1832521,
            1832522,
            1832523,
            1832524
        ],
        "wikiPageId": 357310,
        "entities": [
            {
                "ancestor": "",
                "keyword": "<무대>",
                "ne_type": "",
                "e_type": "ELU",
                "en": 65,
                "eIdx": 0,
                "st": 61
            },
            {
                "ancestor": "",
                "keyword": "[주니치_드래건스]",
                "ne_type": "",
                "e_type": "WIKILINK",
                "en": 86,
                "eIdx": 1,
                "st": 76
            },
            {
                "ancestor": "",
                "keyword": "[나고야_돔]",
                "ne_type": "",
                "e_type": "WIKILINK",
                "en": 109,
                "eIdx": 2,
                "st": 102
            },
            {
                "ancestor": "",
                "keyword": "<요코하마_시>",
                "ne_type": "",
                "e_type": "ELU",
                "en": 143,
                "eIdx": 3,
                "st": 135
            },
            {
                "ancestor": "",
                "keyword": "[모리타_고키]",
                "ne_type": "",
                "e_type": "WIKILINK",
                "en": 164,
                "eIdx": 4,
                "st": 156
            },
            {
                "ancestor": "",
                "keyword": "[야마모토_마사]",
                "ne_type": "",
                "e_type": "WIKILINK",
                "en": 199,
                "eIdx": 5,
                "st": 190
            },
            {
                "ancestor": "",
                "keyword": "<플라이>",
                "ne_type": "",
                "e_type": "ELU",
                "en": 221,
                "eIdx": 6,
                "st": 216
            },
            {
                "ancestor": "",
                "keyword": "[한신_타이거스]",
                "ne_type": "",
                "e_type": "WIKILINK",
                "en": 244,
                "eIdx": 7,
                "st": 235
            },
            {
                "ancestor": "",
                "keyword": "[다무라_쓰토무]",
                "ne_type": "",
                "e_type": "WIKILINK",
                "en": 258,
                "eIdx": 8,
                "st": 249
            }
        ],
        "text": "1995년 ~ 2003년 이듬해 1995년부터 2년 간 2군에서 활약하다가 1997년 4월 4일에 1군 데뷔 <무대>이자 시즌 개막전인 [주니치_드래건스]전에서 출전했다. 이 경기는 [나고야_돔]에서의 최초로 치른 경기여서 다무라는 7회초에 <요코하마_시>의 개막전 선발 투수인 [모리타_고키]의 대타로 출전해 주니치의 개막전 선발 투수인 [야마모토_마사]와 상대한 첫 타석에서는 외야 <플라이>로 끝났다. 4월 8일, [한신_타이거스]전에서는 [다무라_쓰토무]로부터 첫 안타를 때려냈고 시즌 종료 후 입단 1년째부터 극심한 통증에 시달리고 있던 오른쪽 어깨 수술을 받았다.",
        "pIdx": 6
    },
    {
        "pronouns": [],
        "globalSId": [
            1832525,
            1832526
        ],
        "wikiPageId": 357310,
        "entities": [
            {
                "ancestor": "",
                "keyword": "<경기도>",
                "ne_type": "",
                "e_type": "ELU",
                "en": 116,
                "eIdx": 0,
                "st": 111
            }
        ],
        "text": "1998년에는 오른쪽 어깨 수술을 받은 것을 계기로 재활훈련에만 전념해 그 해에는 1군과 2군 모든 경기에 출전할 수는 없었지만 이듬해 1999년에는 2군에만 출전했다. 2000년에는 주로 대타로서 <경기도>에 출전하는 등 1군에서의 성적은 84경기에 출전해 타율 2할 5푼 7리, 홈런 7개를 기록했고 2003년에는 91경기에 출전하여 타율 2할 9푼 3리, 18홈런, 46타점 기록하는 등 회복의 조짐을 보이기 시작했다.",
        "pIdx": 7
    },
    {
        "pronouns": [],
        "globalSId": [
            1832527,
            1832528,
            1832529
        ],
        "wikiPageId": 357310,
        "entities": [
            {
                "ancestor": "",
                "keyword": "<네트워크_개선>",
                "ne_type": "",
                "e_type": "ELU",
                "en": 52,
                "eIdx": 0,
                "st": 43
            },
            {
                "ancestor": "",
                "keyword": "<기대>",
                "ne_type": "",
                "e_type": "ELU",
                "en": 59,
                "eIdx": 1,
                "st": 55
            },
            {
                "ancestor": "",
                "keyword": "<우산과_양산>",
                "ne_type": "",
                "e_type": "ELU",
                "en": 84,
                "eIdx": 2,
                "st": 76
            },
            {
                "ancestor": "",
                "keyword": "<요코하마_시>",
                "ne_type": "",
                "e_type": "ELU",
                "en": 105,
                "eIdx": 3,
                "st": 97
            },
            {
                "ancestor": "",
                "keyword": "<일본>",
                "ne_type": "",
                "e_type": "ELU",
                "en": 123,
                "eIdx": 4,
                "st": 119
            },
            {
                "ancestor": "",
                "keyword": "[다시로_도미오]",
                "ne_type": "",
                "e_type": "WIKILINK",
                "en": 139,
                "eIdx": 5,
                "st": 130
            },
            {
                "ancestor": "",
                "keyword": "<달성군>",
                "ne_type": "",
                "e_type": "ELU",
                "en": 164,
                "eIdx": 6,
                "st": 159
            },
            {
                "ancestor": "",
                "keyword": "<일본>",
                "ne_type": "",
                "e_type": "ELU",
                "en": 180,
                "eIdx": 7,
                "st": 176
            },
            {
                "ancestor": "",
                "keyword": "<달성군>",
                "ne_type": "",
                "e_type": "ELU",
                "en": 210,
                "eIdx": 8,
                "st": 205
            }
        ],
        "text": "2004년 그 해에는 처음으로 개막전 엔트리에 합류하면서 타격면에서는 단번에 <네트워크_개선>되어 <기대> 이상의 타격 플레이로 홈런을 <우산과_양산>하는 등 8월 15일에 <요코하마_시>와 전신인 다이요를 통해 <일본>인 타자로서 [다시로_도미오] 이래 23년 만이 되는 30홈런을 <달성군>했다. 10월 6일에 <일본>인 타자로서는 구단 역사상 최초로 40홈런을 <달성군>했고 3할 대의 타율, 40홈런, 100타점은 구단 최초 기록이다.",
        "pIdx": 8
    },
    {
        "pronouns": [],
        "globalSId": [
            1832530,
            1832531,
            1832532,
            1832533,
            1832534
        ],
        "wikiPageId": 357310,
        "entities": [
            {
                "ancestor": "",
                "keyword": "[인플루엔자]",
                "ne_type": "",
                "e_type": "WIKILINK",
                "en": 22,
                "eIdx": 0,
                "st": 15
            },
            {
                "ancestor": "",
                "keyword": "[요미우리_자이언츠]",
                "ne_type": "",
                "e_type": "WIKILINK",
                "en": 62,
                "eIdx": 1,
                "st": 51
            },
            {
                "ancestor": "",
                "keyword": "[댄_미셀리]",
                "ne_type": "",
                "e_type": "WIKILINK",
                "en": 77,
                "eIdx": 2,
                "st": 70
            },
            {
                "ancestor": "",
                "keyword": "<안타>",
                "ne_type": "",
                "e_type": "ELU",
                "en": 102,
                "eIdx": 3,
                "st": 98
            },
            {
                "ancestor": "",
                "keyword": "<ㅈ>",
                "ne_type": "",
                "e_type": "ELU",
                "en": 185,
                "eIdx": 4,
                "st": 182
            },
            {
                "ancestor": "",
                "keyword": "<소>",
                "ne_type": "",
                "e_type": "ELU",
                "en": 300,
                "eIdx": 5,
                "st": 297
            },
            {
                "ancestor": "",
                "keyword": "[포르쉐]",
                "ne_type": "",
                "e_type": "WIKILINK",
                "en": 311,
                "eIdx": 6,
                "st": 306
            },
            {
                "ancestor": "",
                "keyword": "<도로>",
                "ne_type": "",
                "e_type": "ELU",
                "en": 352,
                "eIdx": 7,
                "st": 348
            }
        ],
        "text": "2005년 시즌 개막 직전 [인플루엔자]에 감염되어 개막전에 출전하지는 못했지만 4월 5일 [요미우리_자이언츠]전부터 복귀해 [댄_미셀리]로부터 프로 데뷔 후 처음으로 끝내기 <안타>를 때려냈다. 여기서부터 불방망이가 폭발하여 6월 18일의 경기 종료시점에서 타율 3할 4푼 4리, 21홈런을 기록하여 잠정적으로 타격 2관왕 <ㅈ>를 차지했다. 6월 22일 허리 통증으로 인해 등록이 말소되면서 그다지 증상은 심각하지 않았지만 등록 말소 기간의 열흘 간격으로 1군에 복귀할 예정이었다. 그러나 6월 29일, 2군에서 연습하기 위해 <소>의 차량인 [포르쉐]를 몰고 베이스타스 종합 연습장으로 향하던 도중 요코하마 요코스카 <도로>인 아사히나 인터체인지 부근에서 방음벽과 충돌하는 사고를 일으켜 차량은 크게 파손되었고 다무라도 병원에 입원하였다.",
        "pIdx": 9
    },
    {
        "pronouns": [],
        "globalSId": [
            1832535,
            1832536,
            1832537
        ],
        "wikiPageId": 357310,
        "entities": [
            {
                "ancestor": "",
                "keyword": "[히로시마_도요_카프]",
                "ne_type": "",
                "e_type": "WIKILINK",
                "en": 123,
                "eIdx": 0,
                "st": 111
            },
            {
                "ancestor": "",
                "keyword": "<달성군>",
                "ne_type": "",
                "e_type": "ELU",
                "en": 212,
                "eIdx": 1,
                "st": 207
            }
        ],
        "text": "정밀 검사에서 뇌에는 아무 이상이 없었지만 전치 2주의 큰 부상을 당하면서 1군에 복귀하기까지는 상당한 시간이 걸릴 정도의 심각한 상태였고 이 때문인지 전반기의 결장은 피할 수 없었다. 7월 29일 [히로시마_도요_카프]전에서는 복귀했지만 교통사고가 일어나기 전에 보였던 타격은 제대로 발휘할 수 없었다. 시즌을 통해서는 2년 연속으로 3할 대의 타율과 30개의 홈런을 <달성군>했지만 교통사고에 의한 결장에의 징벌성 조치로서 작년과 동일한 수준의 계약 갱신을 피할 수 없게 되었다.",
        "pIdx": 10
    },
    {
        "pronouns": [],
        "globalSId": [
            1832538,
            1832539,
            1832540
        ],
        "wikiPageId": 357310,
        "entities": [
            {
                "ancestor": "",
                "keyword": "[2006년_월드_베이스볼_클래식]",
                "ne_type": "",
                "e_type": "WIKILINK",
                "en": 25,
                "eIdx": 0,
                "st": 6
            },
            {
                "ancestor": "",
                "keyword": "<일본>",
                "ne_type": "",
                "e_type": "ELU",
                "en": 30,
                "eIdx": 1,
                "st": 26
            },
            {
                "ancestor": "",
                "keyword": "[요코하마_스타디움]",
                "ne_type": "",
                "e_type": "WIKILINK",
                "en": 140,
                "eIdx": 2,
                "st": 129
            },
            {
                "ancestor": "",
                "keyword": "[이와세_히토키]",
                "ne_type": "",
                "e_type": "WIKILINK",
                "en": 158,
                "eIdx": 3,
                "st": 149
            },
            {
                "ancestor": "",
                "keyword": "<정탁_(후한)>",
                "ne_type": "",
                "e_type": "ELU",
                "en": 232,
                "eIdx": 4,
                "st": 223
            }
        ],
        "text": "2006년 [2006년_월드_베이스볼_클래식] <일본>가대표팀 선수로 발탁되어 호수비나 대형 홈런을 때려내는 등 팀의 우승에 큰 기여를 했고 홈런 3개와 9타점은 팀내에서 각각 1위를 기록했다. 정규 시즌에서는 4월 4일 주니치전([요코하마_스타디움])에서 9회말에 [이와세_히토키]로부터 기사회생의 동점 홈런(2점)을 때려내는 등의 활약을 하고 있었지만 4월 20일부터 갑작스런 부상때문에 한 달 <정탁_(후한)>의 전력에서 이탈되었다.",
        "pIdx": 11
    }
]