[
    {
        "globalSId": [
            2212481,
            2212482,
            2212483
        ],
        "pronouns": [],
        "wikiPageId": 511908,
        "entities": [
            {
                "ne_type": "",
                "keyword": "<이한영>",
                "ancestor": "",
                "e_type": "ELU",
                "en": 5,
                "eIdx": 0,
                "st": 0
            },
            {
                "ne_type": "",
                "keyword": "[1960년]",
                "ancestor": "",
                "e_type": "WIKILINK",
                "en": 18,
                "eIdx": 1,
                "st": 11
            },
            {
                "ne_type": "",
                "keyword": "[4월_2일]",
                "ancestor": "",
                "e_type": "WIKILINK",
                "en": 26,
                "eIdx": 2,
                "st": 19
            },
            {
                "ne_type": "",
                "keyword": "[1997년]",
                "ancestor": "",
                "e_type": "WIKILINK",
                "en": 36,
                "eIdx": 3,
                "st": 29
            },
            {
                "ne_type": "",
                "keyword": "[2월_25일]",
                "ancestor": "",
                "e_type": "WIKILINK",
                "en": 45,
                "eIdx": 4,
                "st": 37
            },
            {
                "ne_type": "",
                "keyword": "[조선민주주의인민공화국]",
                "ancestor": "",
                "e_type": "WIKILINK",
                "en": 61,
                "eIdx": 5,
                "st": 48
            },
            {
                "ne_type": "",
                "keyword": "[대한민국]",
                "ancestor": "",
                "e_type": "WIKILINK",
                "en": 74,
                "eIdx": 6,
                "st": 68
            },
            {
                "ne_type": "",
                "keyword": "<조선민주주의인민공화국>",
                "ancestor": "",
                "e_type": "ELU",
                "en": 97,
                "eIdx": 7,
                "st": 84
            },
            {
                "ne_type": "",
                "keyword": "[김정일]",
                "ancestor": "",
                "e_type": "WIKILINK",
                "en": 109,
                "eIdx": 8,
                "st": 104
            },
            {
                "ne_type": "",
                "keyword": "[성혜림]",
                "ancestor": "",
                "e_type": "WIKILINK",
                "en": 119,
                "eIdx": 9,
                "st": 114
            },
            {
                "ne_type": "TIME",
                "keyword": "[1982년]",
                "ancestor": "",
                "e_type": "NEW",
                "en": 135,
                "eIdx": 10,
                "st": 128
            },
            {
                "ne_type": "",
                "keyword": "<모스크바>",
                "ancestor": "",
                "e_type": "ELU",
                "en": 142,
                "eIdx": 11,
                "st": 136
            },
            {
                "ne_type": "",
                "keyword": "<대한민국>",
                "ancestor": "",
                "e_type": "ELU",
                "en": 153,
                "eIdx": 12,
                "st": 147
            },
            {
                "ne_type": "",
                "keyword": "<조선민주주의인민공화국>",
                "ancestor": "",
                "e_type": "ELU",
                "en": 176,
                "eIdx": 13,
                "st": 163
            },
            {
                "ne_type": "",
                "keyword": "<리일남_(정치인)>",
                "ancestor": "",
                "e_type": "ELU",
                "en": 208,
                "eIdx": 14,
                "st": 197
            },
            {
                "ne_type": "",
                "keyword": "<이한영>",
                "ancestor": "",
                "e_type": "ELU",
                "en": 229,
                "eIdx": 15,
                "st": 224
            }
        ],
        "text": "<이한영>(李韓永, [1960년] [4월_2일] - [1997년] [2월_25일])은 [조선민주주의인민공화국]에서 탈북한 [대한민국]의 언론인이었다. <조선민주주의인민공화국> 국방위원장 [김정일]의 전처 [성혜림]의 조카였으며, [1982년] <모스크바>를 거쳐 <대한민국>으로 망명하였으나 <조선민주주의인민공화국>의 공작원에 의해 사살되었다. 본명은 <리일남_(정치인)>(李一男, )으로 귀순 이후 <이한영>으로 개명하였다.",
        "pIdx": 1
    }
]