[
    {
        "pronouns": [],
        "globalSId": [
            811864
        ],
        "wikiPageId": 109544,
        "entities": [
            {
                "ancestor": "",
                "keyword": "[고려]",
                "ne_type": "",
                "e_type": "WIKILINK",
                "en": 21,
                "eIdx": 0,
                "st": 17
            },
            {
                "ancestor": "",
                "keyword": "[대장경]",
                "ne_type": "",
                "e_type": "WIKILINK",
                "en": 33,
                "eIdx": 1,
                "st": 28
            },
            {
                "ancestor": "",
                "keyword": "<다음>",
                "ne_type": "",
                "e_type": "ELU",
                "en": 43,
                "eIdx": 2,
                "st": 39
            }
        ],
        "text": "《고려 대장경(高麗大藏經)》은 [고려]에서 간행한 [대장경]을 이르며 <다음>과 같다.",
        "pIdx": 1
    },
    {
        "pronouns": [],
        "globalSId": [
            811865
        ],
        "wikiPageId": 109544,
        "entities": [
            {
                "ancestor": "",
                "keyword": "[대장경]",
                "ne_type": "",
                "e_type": "WIKILINK",
                "en": 19,
                "eIdx": 0,
                "st": 14
            },
            {
                "ancestor": "",
                "keyword": "[문화재]",
                "ne_type": "",
                "e_type": "WIKILINK",
                "en": 44,
                "eIdx": 1,
                "st": 39
            }
        ],
        "text": "이때 주의할 점은 각각의 [대장경]과 대장경판이 다른 물건, 곧 다른 [문화재]라는 점이다.",
        "pIdx": 2
    },
    {
        "pronouns": [],
        "globalSId": [
            811866,
            811867,
            811868
        ],
        "wikiPageId": 109544,
        "entities": [
            {
                "ancestor": "",
                "keyword": "<고려대장경>",
                "ne_type": "",
                "e_type": "ELU",
                "en": 10,
                "eIdx": 0,
                "st": 3
            },
            {
                "ancestor": "",
                "keyword": "[고려]",
                "ne_type": "",
                "e_type": "WIKILINK",
                "en": 16,
                "eIdx": 1,
                "st": 12
            },
            {
                "ancestor": "",
                "keyword": "[불경]",
                "ne_type": "",
                "e_type": "WIKILINK",
                "en": 35,
                "eIdx": 2,
                "st": 31
            }
        ],
        "text": "배경 <고려대장경>은 [고려] 때 외침을 막고자 간행한 [불경]이다. 간행 횟수는 대장경 2회와 속대장경 1회까지 합하여 총 3회이다.",
        "pIdx": 3
    },
    {
        "pronouns": [],
        "globalSId": [
            811869,
            811870,
            811871
        ],
        "wikiPageId": 109544,
        "entities": [
            {
                "ancestor": "",
                "keyword": "<고구려>",
                "ne_type": "",
                "e_type": "ELU",
                "en": 5,
                "eIdx": 0,
                "st": 0
            },
            {
                "ancestor": "",
                "keyword": "<고려>",
                "ne_type": "",
                "e_type": "ELU",
                "en": 30,
                "eIdx": 1,
                "st": 26
            },
            {
                "ancestor": "",
                "keyword": "<남조_(왕국)>",
                "ne_type": "",
                "e_type": "ELU",
                "en": 41,
                "eIdx": 2,
                "st": 32
            },
            {
                "ancestor": "",
                "keyword": "<신라>",
                "ne_type": "",
                "e_type": "ELU",
                "en": 49,
                "eIdx": 3,
                "st": 45
            },
            {
                "ancestor": "",
                "keyword": "<문화>",
                "ne_type": "",
                "e_type": "ELU",
                "en": 73,
                "eIdx": 4,
                "st": 69
            },
            {
                "ancestor": "",
                "keyword": "<통일>",
                "ne_type": "",
                "e_type": "ELU",
                "en": 124,
                "eIdx": 5,
                "st": 120
            },
            {
                "ancestor": "",
                "keyword": "<문화>",
                "ne_type": "",
                "e_type": "ELU",
                "en": 149,
                "eIdx": 6,
                "st": 145
            },
            {
                "ancestor": "",
                "keyword": "<거란>",
                "ne_type": "",
                "e_type": "ELU",
                "en": 234,
                "eIdx": 7,
                "st": 230
            },
            {
                "ancestor": "",
                "keyword": "<몽골>",
                "ne_type": "",
                "e_type": "ELU",
                "en": 240,
                "eIdx": 8,
                "st": 236
            },
            {
                "ancestor": "",
                "keyword": "[부처]",
                "ne_type": "",
                "e_type": "WIKILINK",
                "en": 288,
                "eIdx": 9,
                "st": 284
            },
            {
                "ancestor": "",
                "keyword": "<국가>",
                "ne_type": "",
                "e_type": "ELU",
                "en": 302,
                "eIdx": 10,
                "st": 298
            },
            {
                "ancestor": "",
                "keyword": "[대장경]",
                "ne_type": "",
                "e_type": "WIKILINK",
                "en": 330,
                "eIdx": 11,
                "st": 325
            }
        ],
        "text": "<고구려>를 기억하려는 의미로 정하여진 국호, <고려>는 <남조_(왕국)>(통일 <신라>)의 전통을 거의 그대로 이은 귀족 <문화>를 가졌으며, 북방의 북조(발해)의 성립과 별도로, 후삼국을 군사적 대립과 복속으로 <통일>하였기 때문에, 문반과 무반의 차이를 <문화>의 특징으로 규정하지 않았다는 것이 맞다고 보아야 할 것이다. 불교에 바탕한 각 호족들과 그 사병 집단들의 느슨한 연합 구조가 유지되던 가운데, <거란>과 <몽골>에서 시작된 북방의 유목 부족 국가들 간의 통일 전쟁으로 침입을 받게 되면서, [부처]에 대한 믿음으로 <국가>의 안전을 꾀하려 하였다. 이것이 방대한 [대장경]의 간행 사업으로 나타났는데, 이는 제1차 대장경 간행, 제2차 대장경 간행으로 크게 둘로 나눌 수 있다.",
        "pIdx": 4
    },
    {
        "pronouns": [],
        "globalSId": [
            811872,
            811873
        ],
        "wikiPageId": 109544,
        "entities": [
            {
                "ancestor": "",
                "keyword": "<고려대장경>",
                "ne_type": "",
                "e_type": "ELU",
                "en": 37,
                "eIdx": 0,
                "st": 30
            },
            {
                "ancestor": "",
                "keyword": "[초판고본대장경]",
                "ne_type": "",
                "e_type": "WIKILINK",
                "en": 63,
                "eIdx": 1,
                "st": 54
            },
            {
                "ancestor": "",
                "keyword": "[속대장경]",
                "ne_type": "",
                "e_type": "WIKILINK",
                "en": 82,
                "eIdx": 2,
                "st": 76
            }
        ],
        "text": "제1차 대장경 간행 제1차 때 간행한 대장경은 흔히 《<고려대장경>(初雕大藏經)》이라고 불리는 《[초판고본대장경](初版古本大藏經)》과 《[속대장경](續大藏經)》으로 나눈다.",
        "pIdx": 5
    },
    {
        "pronouns": [],
        "globalSId": [
            811874,
            811875
        ],
        "wikiPageId": 109544,
        "entities": [
            {
                "ancestor": "",
                "keyword": "[요나라]",
                "ne_type": "",
                "e_type": "WIKILINK",
                "en": 11,
                "eIdx": 0,
                "st": 6
            },
            {
                "ancestor": "",
                "keyword": "[거란]",
                "ne_type": "",
                "e_type": "WIKILINK",
                "en": 16,
                "eIdx": 1,
                "st": 12
            }
        ],
        "text": "초조대장경 [요나라]([거란])의 침입을 받아 곤경에 있을 때 불심(佛心)으로 그것을 물리치기 위하여 간행에 착수하였다.",
        "pIdx": 6
    },
    {
        "pronouns": [],
        "globalSId": [
            811876,
            811877
        ],
        "wikiPageId": 109544,
        "entities": [
            {
                "ancestor": "",
                "keyword": "[고려_현종]",
                "ne_type": "",
                "e_type": "WIKILINK",
                "en": 7,
                "eIdx": 0,
                "st": 0
            },
            {
                "ancestor": "",
                "keyword": "[고려_문종]",
                "ne_type": "",
                "e_type": "WIKILINK",
                "en": 19,
                "eIdx": 1,
                "st": 12
            },
            {
                "ancestor": "",
                "keyword": "<대구광역시>",
                "ne_type": "",
                "e_type": "ELU",
                "en": 40,
                "eIdx": 2,
                "st": 33
            },
            {
                "ancestor": "",
                "keyword": "[대반야경]",
                "ne_type": "",
                "e_type": "WIKILINK",
                "en": 80,
                "eIdx": 3,
                "st": 74
            },
            {
                "ancestor": "",
                "keyword": "[화엄경]",
                "ne_type": "",
                "e_type": "WIKILINK",
                "en": 94,
                "eIdx": 4,
                "st": 89
            },
            {
                "ancestor": "",
                "keyword": "[금광명경]",
                "ne_type": "",
                "e_type": "WIKILINK",
                "en": 104,
                "eIdx": 5,
                "st": 98
            },
            {
                "ancestor": "",
                "keyword": "[묘법연화경]",
                "ne_type": "",
                "e_type": "WIKILINK",
                "en": 115,
                "eIdx": 6,
                "st": 108
            }
        ],
        "text": "[고려_현종] 때부터 [고려_문종] 때에 걸쳐 완성되었다. <대구광역시>의 부인사(符仁寺 : 지금은 없음)에 도감(都監)을 두고, 《[대반야경]》 6백 권, 《[화엄경]》, 《[금광명경]》, 《[묘법연화경]》 등 6천여 권을 목판에 새겨 만들었다.",
        "pIdx": 7
    }
]