[
    {
        "entities": [
            {
                "keyword": "<동명성왕>",
                "ancestor": "",
                "st": 0,
                "eIdx": 0,
                "ne_type": "",
                "en": 6,
                "e_type": "ELU"
            },
            {
                "keyword": "[기원전_58년]",
                "ancestor": "",
                "st": 25,
                "eIdx": 1,
                "ne_type": "",
                "en": 34,
                "e_type": "WIKILINK"
            },
            {
                "keyword": "[기원전_19년]",
                "ancestor": "",
                "st": 37,
                "eIdx": 2,
                "ne_type": "",
                "en": 46,
                "e_type": "WIKILINK"
            },
            {
                "keyword": "[음력_9월]",
                "ancestor": "",
                "st": 47,
                "eIdx": 3,
                "ne_type": "",
                "en": 54,
                "e_type": "WIKILINK"
            },
            {
                "keyword": "[고구려]",
                "ancestor": "",
                "st": 57,
                "eIdx": 4,
                "ne_type": "",
                "en": 62,
                "e_type": "WIKILINK"
            },
            {
                "keyword": "[기원전_37년]",
                "ancestor": "",
                "st": 77,
                "eIdx": 5,
                "ne_type": "",
                "en": 86,
                "e_type": "WIKILINK"
            },
            {
                "keyword": "[기원전_19년]",
                "ancestor": "",
                "st": 89,
                "eIdx": 6,
                "ne_type": "",
                "en": 98,
                "e_type": "WIKILINK"
            },
            {
                "keyword": "<한국의_역사>",
                "ancestor": "",
                "st": 104,
                "eIdx": 7,
                "ne_type": "",
                "en": 112,
                "e_type": "ELU"
            },
            {
                "keyword": "<삼국사기>",
                "ancestor": "",
                "st": 118,
                "eIdx": 8,
                "ne_type": "",
                "en": 124,
                "e_type": "ELU"
            },
            {
                "keyword": "[삼국유사]",
                "ancestor": "",
                "st": 131,
                "eIdx": 9,
                "ne_type": "",
                "en": 137,
                "e_type": "WIKILINK"
            },
            {
                "keyword": "[삼국사기]",
                "ancestor": "",
                "st": 142,
                "eIdx": 10,
                "ne_type": "",
                "en": 148,
                "e_type": "WIKILINK"
            },
            {
                "keyword": "[해씨]",
                "ancestor": "",
                "st": 159,
                "eIdx": 11,
                "ne_type": "",
                "en": 163,
                "e_type": "WIKILINK"
            },
            {
                "keyword": "[고씨]",
                "ancestor": "",
                "st": 174,
                "eIdx": 12,
                "ne_type": "",
                "en": 178,
                "e_type": "WIKILINK"
            },
            {
                "keyword": "[휘]",
                "ancestor": "",
                "st": 188,
                "eIdx": 13,
                "ne_type": "",
                "en": 191,
                "e_type": "WIKILINK"
            },
            {
                "keyword": "<동명성왕>",
                "ancestor": "",
                "st": 193,
                "eIdx": 14,
                "ne_type": "",
                "en": 199,
                "e_type": "ELU"
            },
            {
                "keyword": "<삼국사기>",
                "ancestor": "",
                "st": 216,
                "eIdx": 15,
                "ne_type": "",
                "en": 222,
                "e_type": "ELU"
            },
            {
                "keyword": "[부여]",
                "ancestor": "",
                "st": 284,
                "eIdx": 16,
                "ne_type": "",
                "en": 288,
                "e_type": "WIKILINK"
            },
            {
                "keyword": "[동명왕]",
                "ancestor": "",
                "st": 295,
                "eIdx": 17,
                "ne_type": "",
                "en": 300,
                "e_type": "WIKILINK"
            },
            {
                "keyword": "<동명성왕>",
                "ancestor": "",
                "st": 302,
                "eIdx": 18,
                "ne_type": "",
                "en": 308,
                "e_type": "ELU"
            },
            {
                "keyword": "<사람>",
                "ancestor": "",
                "st": 313,
                "eIdx": 19,
                "ne_type": "",
                "en": 317,
                "e_type": "ELU"
            },
            {
                "keyword": "<부여>",
                "ancestor": "",
                "st": 332,
                "eIdx": 20,
                "ne_type": "",
                "en": 336,
                "e_type": "ELU"
            },
            {
                "keyword": "[금와왕]",
                "ancestor": "",
                "st": 338,
                "eIdx": 21,
                "ne_type": "",
                "en": 343,
                "e_type": "WIKILINK"
            },
            {
                "keyword": "<금와왕>",
                "ancestor": "",
                "st": 349,
                "eIdx": 22,
                "ne_type": "",
                "en": 354,
                "e_type": "ELU"
            },
            {
                "keyword": "[대소]",
                "ancestor": "",
                "st": 359,
                "eIdx": 23,
                "ne_type": "",
                "en": 363,
                "e_type": "WIKILINK"
            },
            {
                "keyword": "<동명성왕>",
                "ancestor": "",
                "st": 373,
                "eIdx": 24,
                "ne_type": "",
                "en": 379,
                "e_type": "ELU"
            },
            {
                "keyword": "[고구려]",
                "ancestor": "",
                "st": 396,
                "eIdx": 25,
                "ne_type": "",
                "en": 401,
                "e_type": "WIKILINK"
            }
        ],
        "text": "<동명성왕>(東明聖王) 또는 추모왕(鄒牟王, [기원전_58년] ~ [기원전_19년] [음력_9월])은 [고구려]의 개국 시조이다. 재위: [기원전_37년] ~ [기원전_19년])이다. 《<한국의_역사>》(國史) <삼국사기>를 인용한 《[삼국유사]》 및 《[삼국사기]》에는 본래이 성은 [해씨](解)였다가 건국후 [고씨](高)로 고쳤다, [휘]가 <동명성왕>(朱蒙)이라 하였다. 또한, 《<삼국사기>》 등에는 추모(鄒牟)·중모(中牟)·중해(衆解)·상해(象解)·도모(都牟)·도모(都慕)라는 이름도 전하고 있다. [부여]의 건국자인 [동명왕]과 <동명성왕>은 별개 <사람>로 보는 것이 일반적이다. <부여>의 [금와왕] 재위 시 <금와왕>의 아들 [대소]에 의해 핍박받던 <동명성왕>은 박해를 피해 남으로 내려와 [고구려]를 건국하였다.",
        "globalSId": [
            144473,
            144474,
            144475,
            144476,
            144477,
            144478
        ],
        "pIdx": 1,
        "pronouns": [],
        "wikiPageId": 9323
    },
    {
        "entities": [
            {
                "keyword": "<설화>",
                "ancestor": "",
                "st": 3,
                "eIdx": 0,
                "ne_type": "",
                "en": 7,
                "e_type": "ELU"
            },
            {
                "keyword": "[삼국사기]",
                "ancestor": "",
                "st": 9,
                "eIdx": 1,
                "ne_type": "",
                "en": 15,
                "e_type": "WIKILINK"
            },
            {
                "keyword": "[삼국유사]",
                "ancestor": "",
                "st": 19,
                "eIdx": 2,
                "ne_type": "",
                "en": 25,
                "e_type": "WIKILINK"
            },
            {
                "keyword": "[동명왕편]",
                "ancestor": "",
                "st": 30,
                "eIdx": 3,
                "ne_type": "",
                "en": 36,
                "e_type": "WIKILINK"
            },
            {
                "keyword": "<동명성왕>",
                "ancestor": "",
                "st": 39,
                "eIdx": 4,
                "ne_type": "",
                "en": 45,
                "e_type": "ELU"
            },
            {
                "keyword": "<설화>",
                "ancestor": "",
                "st": 50,
                "eIdx": 5,
                "ne_type": "",
                "en": 54,
                "e_type": "ELU"
            },
            {
                "keyword": "<다음>",
                "ancestor": "",
                "st": 56,
                "eIdx": 6,
                "ne_type": "",
                "en": 60,
                "e_type": "ELU"
            },
            {
                "keyword": "[주몽]",
                "ancestor": "",
                "st": 82,
                "eIdx": 7,
                "ne_type": "",
                "en": 86,
                "e_type": "WIKILINK"
            },
            {
                "keyword": "<설화>",
                "ancestor": "",
                "st": 87,
                "eIdx": 8,
                "ne_type": "",
                "en": 91,
                "e_type": "ELU"
            },
            {
                "keyword": "[고구려]",
                "ancestor": "",
                "st": 93,
                "eIdx": 9,
                "ne_type": "",
                "en": 98,
                "e_type": "WIKILINK"
            },
            {
                "keyword": "[부여]",
                "ancestor": "",
                "st": 100,
                "eIdx": 10,
                "ne_type": "",
                "en": 104,
                "e_type": "WIKILINK"
            },
            {
                "keyword": "[부여]",
                "ancestor": "",
                "st": 112,
                "eIdx": 11,
                "ne_type": "",
                "en": 116,
                "e_type": "WIKILINK"
            },
            {
                "keyword": "<동명왕>",
                "ancestor": "",
                "st": 122,
                "eIdx": 12,
                "ne_type": "",
                "en": 127,
                "e_type": "ELU"
            },
            {
                "keyword": "<고구려>",
                "ancestor": "",
                "st": 133,
                "eIdx": 13,
                "ne_type": "",
                "en": 138,
                "e_type": "ELU"
            },
            {
                "keyword": "<부여>",
                "ancestor": "",
                "st": 163,
                "eIdx": 14,
                "ne_type": "",
                "en": 167,
                "e_type": "ELU"
            },
            {
                "keyword": "[동명왕]",
                "ancestor": "",
                "st": 169,
                "eIdx": 15,
                "ne_type": "",
                "en": 174,
                "e_type": "WIKILINK"
            },
            {
                "keyword": "<고구려>",
                "ancestor": "",
                "st": 176,
                "eIdx": 16,
                "ne_type": "",
                "en": 181,
                "e_type": "ELU"
            },
            {
                "keyword": "[주몽]",
                "ancestor": "",
                "st": 183,
                "eIdx": 17,
                "ne_type": "",
                "en": 187,
                "e_type": "WIKILINK"
            }
        ],
        "text": "탄생 <설화> 《[삼국사기]》와 《[삼국유사]》 및 《[동명왕편]》은 <동명성왕>의 탄생 <설화>를 <다음>과 같이 기록하고 있다. 현재 전해지는 [주몽] <설화>는 [고구려]가 [부여]를 병합하여, [부여]의 시조인 <동명왕>의 설화와 <고구려>의 건국설화를 짜맞춘 것이다. 역사학계에서는 <부여>의 [동명왕]과 <고구려>의 [주몽]을 다른 인물로 여긴다.",
        "globalSId": [
            144479,
            144480,
            144481,
            144482
        ],
        "pIdx": 2,
        "pronouns": [],
        "wikiPageId": 9323
    }
]