[
    {
        "pronouns": [],
        "globalSId": [
            3544263
        ],
        "wikiPageId": 1293134,
        "entities": [
            {
                "ancestor": "",
                "keyword": "[1761년]",
                "ne_type": "",
                "e_type": "WIKILINK",
                "en": 28,
                "eIdx": 0,
                "st": 21
            },
            {
                "ancestor": "",
                "keyword": "[1월_9일]",
                "ne_type": "",
                "e_type": "WIKILINK",
                "en": 36,
                "eIdx": 1,
                "st": 29
            },
            {
                "ancestor": "",
                "keyword": "[1834년]",
                "ne_type": "",
                "e_type": "WIKILINK",
                "en": 46,
                "eIdx": 2,
                "st": 39
            },
            {
                "ancestor": "",
                "keyword": "[4월_27일]",
                "ne_type": "",
                "e_type": "WIKILINK",
                "en": 55,
                "eIdx": 3,
                "st": 47
            },
            {
                "ancestor": "",
                "keyword": "[청나라]",
                "ne_type": "",
                "e_type": "WIKILINK",
                "en": 63,
                "eIdx": 4,
                "st": 58
            },
            {
                "ancestor": "",
                "keyword": "<황제>",
                "ne_type": "",
                "e_type": "ELU",
                "en": 73,
                "eIdx": 5,
                "st": 69
            },
            {
                "ancestor": "",
                "keyword": "[가경제]",
                "ne_type": "",
                "e_type": "WIKILINK",
                "en": 80,
                "eIdx": 6,
                "st": 75
            },
            {
                "ancestor": "",
                "keyword": "[후궁]",
                "ne_type": "",
                "e_type": "WIKILINK",
                "en": 91,
                "eIdx": 7,
                "st": 87
            }
        ],
        "text": "화유황귀비 유가씨(和裕皇貴妃 劉佳氏, [1761년] [1월_9일] ~ [1834년] [4월_27일])는 [청나라]의 제7대 <황제>인 [가경제](嘉慶帝)의 [후궁]이다.",
        "pIdx": 1
    },
    {
        "pronouns": [],
        "globalSId": [
            3544264,
            3544265
        ],
        "wikiPageId": 1293134,
        "entities": [
            {
                "ancestor": "",
                "keyword": "[1776년]",
                "ne_type": "",
                "e_type": "WIKILINK",
                "en": 10,
                "eIdx": 0,
                "st": 3
            },
            {
                "ancestor": "",
                "keyword": "[가경제]",
                "ne_type": "",
                "e_type": "WIKILINK",
                "en": 28,
                "eIdx": 1,
                "st": 23
            },
            {
                "ancestor": "",
                "keyword": "[첩]",
                "ne_type": "",
                "e_type": "WIKILINK",
                "en": 33,
                "eIdx": 2,
                "st": 30
            },
            {
                "ancestor": "",
                "keyword": "[1796년]",
                "ne_type": "",
                "e_type": "WIKILINK",
                "en": 49,
                "eIdx": 3,
                "st": 42
            },
            {
                "ancestor": "",
                "keyword": "<가경제>",
                "ne_type": "",
                "e_type": "ELU",
                "en": 58,
                "eIdx": 4,
                "st": 53
            },
            {
                "ancestor": "",
                "keyword": "<보위>",
                "ne_type": "",
                "e_type": "ELU",
                "en": 64,
                "eIdx": 5,
                "st": 60
            },
            {
                "ancestor": "",
                "keyword": "[후궁]",
                "ne_type": "",
                "e_type": "WIKILINK",
                "en": 74,
                "eIdx": 6,
                "st": 70
            }
        ],
        "text": "생애 [1776년] 당시 황자 신분이었던 [가경제]의 [첩]로 간택되었고, [1796년] 남편 <가경제>가 <보위>에 오르자 [후궁]으로 올랐다.",
        "pIdx": 2
    }
]