[
    {
        "pronouns": [],
        "globalSId": [
            942309,
            942310,
            942311
        ],
        "wikiPageId": 130280,
        "entities": [
            {
                "ancestor": "",
                "keyword": "<마테야_케주만>",
                "ne_type": "",
                "e_type": "ELU",
                "en": 9,
                "eIdx": 0,
                "st": 0
            },
            {
                "ancestor": "",
                "keyword": "[1979년]",
                "ne_type": "",
                "e_type": "WIKILINK",
                "en": 19,
                "eIdx": 1,
                "st": 12
            },
            {
                "ancestor": "",
                "keyword": "[4월_12일]",
                "ne_type": "",
                "e_type": "WIKILINK",
                "en": 28,
                "eIdx": 2,
                "st": 20
            },
            {
                "ancestor": "",
                "keyword": "[유고슬라비아_사회주의_연방공화국]",
                "ne_type": "",
                "e_type": "WIKILINK",
                "en": 49,
                "eIdx": 3,
                "st": 30
            },
            {
                "ancestor": "",
                "keyword": "[제문_(베오그라드)]",
                "ne_type": "",
                "e_type": "WIKILINK",
                "en": 62,
                "eIdx": 4,
                "st": 50
            },
            {
                "ancestor": "",
                "keyword": "[세르비아]",
                "ne_type": "",
                "e_type": "WIKILINK",
                "en": 78,
                "eIdx": 5,
                "st": 72
            },
            {
                "ancestor": "",
                "keyword": "[공격수]",
                "ne_type": "",
                "e_type": "WIKILINK",
                "en": 99,
                "eIdx": 6,
                "st": 94
            },
            {
                "ancestor": "",
                "keyword": "<현재>",
                "ne_type": "",
                "e_type": "ELU",
                "en": 137,
                "eIdx": 7,
                "st": 133
            },
            {
                "ancestor": "",
                "keyword": "[스포츠_에이전트]",
                "ne_type": "",
                "e_type": "WIKILINK",
                "en": 149,
                "eIdx": 8,
                "st": 139
            }
        ],
        "text": "<마테야_케주만>(, [1979년] [4월_12일], [유고슬라비아_사회주의_연방공화국] [제문_(베오그라드)] ~ )은 은퇴한 [세르비아]의 축구 선수이다. 포지션은 [공격수]였으며, 최전방에서 골을 넣는 스트라이커의 역할을 수행했다. <현재>는 [스포츠_에이전트]로 활동 중이다.",
        "pIdx": 1
    },
    {
        "pronouns": [],
        "globalSId": [
            942312
        ],
        "wikiPageId": 130280,
        "entities": [],
        "text": "선수 경력",
        "pIdx": 2
    },
    {
        "pronouns": [],
        "globalSId": [
            942313,
            942314,
            942315,
            942316
        ],
        "wikiPageId": 130280,
        "entities": [
            {
                "ancestor": "",
                "keyword": "<마테야_케주만>",
                "ne_type": "",
                "e_type": "ELU",
                "en": 15,
                "eIdx": 0,
                "st": 6
            },
            {
                "ancestor": "",
                "keyword": "[1998년]",
                "ne_type": "",
                "e_type": "WIKILINK",
                "en": 24,
                "eIdx": 1,
                "st": 17
            },
            {
                "ancestor": "",
                "keyword": "[FK_파르티잔]",
                "ne_type": "",
                "e_type": "WIKILINK",
                "en": 34,
                "eIdx": 2,
                "st": 25
            },
            {
                "ancestor": "",
                "keyword": "<이적_(가수)>",
                "ne_type": "",
                "e_type": "ELU",
                "en": 46,
                "eIdx": 3,
                "st": 37
            },
            {
                "ancestor": "",
                "keyword": "[2000년]",
                "ne_type": "",
                "e_type": "WIKILINK",
                "en": 69,
                "eIdx": 4,
                "st": 62
            },
            {
                "ancestor": "",
                "keyword": "<유로>",
                "ne_type": "",
                "e_type": "ELU",
                "en": 80,
                "eIdx": 5,
                "st": 76
            },
            {
                "ancestor": "",
                "keyword": "[네덜란드_에레디비시]",
                "ne_type": "",
                "e_type": "WIKILINK",
                "en": 99,
                "eIdx": 6,
                "st": 87
            },
            {
                "ancestor": "",
                "keyword": "[PSV_에인트호번]",
                "ne_type": "",
                "e_type": "WIKILINK",
                "en": 112,
                "eIdx": 7,
                "st": 101
            },
            {
                "ancestor": "",
                "keyword": "<이적_(가수)>",
                "ne_type": "",
                "e_type": "ELU",
                "en": 124,
                "eIdx": 8,
                "st": 115
            },
            {
                "ancestor": "",
                "keyword": "[2001년]",
                "ne_type": "",
                "e_type": "WIKILINK",
                "en": 139,
                "eIdx": 9,
                "st": 132
            },
            {
                "ancestor": "",
                "keyword": "[2003년]",
                "ne_type": "",
                "e_type": "WIKILINK",
                "en": 148,
                "eIdx": 10,
                "st": 141
            },
            {
                "ancestor": "",
                "keyword": "[2004년]",
                "ne_type": "",
                "e_type": "WIKILINK",
                "en": 157,
                "eIdx": 11,
                "st": 150
            },
            {
                "ancestor": "",
                "keyword": "<우승>",
                "ne_type": "",
                "e_type": "ELU",
                "en": 217,
                "eIdx": 12,
                "st": 213
            },
            {
                "ancestor": "",
                "keyword": "[프리미어리그]",
                "ne_type": "",
                "e_type": "WIKILINK",
                "en": 291,
                "eIdx": 13,
                "st": 283
            },
            {
                "ancestor": "",
                "keyword": "[세리에_A]",
                "ne_type": "",
                "e_type": "WIKILINK",
                "en": 300,
                "eIdx": 14,
                "st": 293
            }
        ],
        "text": "클럽 경력 <마테야_케주만>은 [1998년] [FK_파르티잔]으로 <이적_(가수)>하여 좋은 모습을 보인 뒤, [2000년] 1050만 <유로>의 이적료로 [네덜란드_에레디비시]의 [PSV_에인트호번]으로 <이적_(가수)>하였다. 그는 [2001년]과 [2003년], [2004년]에 걸쳐서 세 번의 리그 득점왕을 차지하였고, 2000-01 시즌과 2002-03 시즌 2번의 리그 <우승>에 공헌하였다. 그는 자신의 최고 전성기라고 불러도 손색이 없을 정도로 대단한 활약을 펼쳤고, 이러한 활약으로 인하여 [프리미어리그], [세리에_A] 등의 거대 클럽의 관심을 받게 되었다.",
        "pIdx": 3
    },
    {
        "pronouns": [],
        "globalSId": [
            942317,
            942318,
            942319,
            942320
        ],
        "wikiPageId": 130280,
        "entities": [
            {
                "ancestor": "",
                "keyword": "[2004년]",
                "ne_type": "",
                "e_type": "WIKILINK",
                "en": 10,
                "eIdx": 0,
                "st": 3
            },
            {
                "ancestor": "",
                "keyword": "<파운드_스털링>",
                "ne_type": "",
                "e_type": "ELU",
                "en": 35,
                "eIdx": 1,
                "st": 26
            },
            {
                "ancestor": "",
                "keyword": "[잉글랜드_프리미어리그]",
                "ne_type": "",
                "e_type": "WIKILINK",
                "en": 55,
                "eIdx": 2,
                "st": 42
            },
            {
                "ancestor": "",
                "keyword": "[첼시_FC]",
                "ne_type": "",
                "e_type": "WIKILINK",
                "en": 63,
                "eIdx": 3,
                "st": 56
            },
            {
                "ancestor": "",
                "keyword": "<이적_(가수)>",
                "ne_type": "",
                "e_type": "ELU",
                "en": 74,
                "eIdx": 4,
                "st": 65
            },
            {
                "ancestor": "",
                "keyword": "[리버풀_FC]",
                "ne_type": "",
                "e_type": "WIKILINK",
                "en": 101,
                "eIdx": 5,
                "st": 93
            },
            {
                "ancestor": "",
                "keyword": "[풋볼_리그_컵]",
                "ne_type": "",
                "e_type": "WIKILINK",
                "en": 113,
                "eIdx": 6,
                "st": 104
            },
            {
                "ancestor": "",
                "keyword": "[2005년]",
                "ne_type": "",
                "e_type": "WIKILINK",
                "en": 170,
                "eIdx": 7,
                "st": 163
            },
            {
                "ancestor": "",
                "keyword": "[스페인_프리메라리가]",
                "ne_type": "",
                "e_type": "WIKILINK",
                "en": 186,
                "eIdx": 8,
                "st": 174
            },
            {
                "ancestor": "",
                "keyword": "[아틀레티코_마드리드]",
                "ne_type": "",
                "e_type": "WIKILINK",
                "en": 200,
                "eIdx": 9,
                "st": 188
            },
            {
                "ancestor": "",
                "keyword": "<이적_(가수)>",
                "ne_type": "",
                "e_type": "ELU",
                "en": 211,
                "eIdx": 10,
                "st": 202
            },
            {
                "ancestor": "",
                "keyword": "[페르난도_토레스]",
                "ne_type": "",
                "e_type": "WIKILINK",
                "en": 229,
                "eIdx": 11,
                "st": 219
            },
            {
                "ancestor": "",
                "keyword": "<경기도>",
                "ne_type": "",
                "e_type": "ELU",
                "en": 244,
                "eIdx": 12,
                "st": 239
            },
            {
                "ancestor": "",
                "keyword": "[터키_수페르리그]",
                "ne_type": "",
                "e_type": "WIKILINK",
                "en": 312,
                "eIdx": 13,
                "st": 302
            },
            {
                "ancestor": "",
                "keyword": "[페네르바체_SK]",
                "ne_type": "",
                "e_type": "WIKILINK",
                "en": 324,
                "eIdx": 14,
                "st": 314
            },
            {
                "ancestor": "",
                "keyword": "<이적_(가수)>",
                "ne_type": "",
                "e_type": "ELU",
                "en": 335,
                "eIdx": 15,
                "st": 326
            },
            {
                "ancestor": "",
                "keyword": "<동안_(현)>",
                "ne_type": "",
                "e_type": "ELU",
                "en": 359,
                "eIdx": 16,
                "st": 351
            },
            {
                "ancestor": "",
                "keyword": "<소>",
                "ne_type": "",
                "e_type": "ELU",
                "en": 375,
                "eIdx": 17,
                "st": 372
            }
        ],
        "text": "그는 [2004년] 여름 이적시장에서 530만 <파운드_스털링>의 이적료로 [잉글랜드_프리미어리그] [첼시_FC]로 <이적_(가수)>하였다. 그는 2004-05 시즌 [리버풀_FC]과의 [풋볼_리그_컵] 결승전에서 결승골을 기록하기도 하였지만, 큰 인상을 심어주지 못하며 결국 한 시즌 뒤인 [2005년] 여름 [스페인_프리메라리가]의 [아틀레티코_마드리드]로 <이적_(가수)>하였다. 그는 [페르난도_토레스]와 투톱을 이루며 <경기도>에 출장하였지만, 이곳에서도 많은 골을 넣지는 못하며 실망스러운 모습을 보였다. 다시 한 시즌 뒤 그는 [터키_수페르리그]의 [페네르바체_SK]로 <이적_(가수)>하였고, 그 곳에서 두 시즌 <동안_(현)> 준수한 활약을 펼치며 <소>의 기량을 재회복하는 발판으로 삼았다.",
        "pIdx": 4
    }
]