[
    {
        "pronouns": [],
        "globalSId": [
            844948,
            844949
        ],
        "wikiPageId": 115081,
        "entities": [
            {
                "ancestor": "",
                "keyword": "<김대의>",
                "ne_type": "",
                "e_type": "ELU",
                "en": 5,
                "eIdx": 0,
                "st": 0
            },
            {
                "ancestor": "",
                "keyword": "[1974년]",
                "ne_type": "",
                "e_type": "WIKILINK",
                "en": 18,
                "eIdx": 1,
                "st": 11
            },
            {
                "ancestor": "",
                "keyword": "[5월_30일]",
                "ne_type": "",
                "e_type": "WIKILINK",
                "en": 27,
                "eIdx": 2,
                "st": 19
            },
            {
                "ancestor": "",
                "keyword": "[대한민국]",
                "ne_type": "",
                "e_type": "WIKILINK",
                "en": 39,
                "eIdx": 3,
                "st": 33
            },
            {
                "ancestor": "",
                "keyword": "[축구]",
                "ne_type": "",
                "e_type": "WIKILINK",
                "en": 47,
                "eIdx": 4,
                "st": 43
            },
            {
                "ancestor": "",
                "keyword": "[공격수]",
                "ne_type": "",
                "e_type": "WIKILINK",
                "en": 63,
                "eIdx": 5,
                "st": 58
            },
            {
                "ancestor": "",
                "keyword": "[K리그]",
                "ne_type": "",
                "e_type": "WIKILINK",
                "en": 75,
                "eIdx": 6,
                "st": 70
            },
            {
                "ancestor": "",
                "keyword": "[수원_삼성_블루윙즈_U-18]",
                "ne_type": "",
                "e_type": "WIKILINK",
                "en": 93,
                "eIdx": 7,
                "st": 76
            }
        ],
        "text": "<김대의>(金大儀, [1974년] [5월_30일] ~ )는 [대한민국]의 전 [축구] 선수로서 포지션은 [공격수]이다. 현재 [K리그] [수원_삼성_블루윙즈_U-18]에서 감독으로 활동하고 있다.",
        "pIdx": 1
    },
    {
        "pronouns": [],
        "globalSId": [
            844950,
            844951,
            844952,
            844953
        ],
        "wikiPageId": 115081,
        "entities": [
            {
                "ancestor": "",
                "keyword": "[경기도]",
                "ne_type": "",
                "e_type": "WIKILINK",
                "en": 8,
                "eIdx": 0,
                "st": 3
            },
            {
                "ancestor": "",
                "keyword": "[화성시]",
                "ne_type": "",
                "e_type": "WIKILINK",
                "en": 14,
                "eIdx": 1,
                "st": 9
            },
            {
                "ancestor": "",
                "keyword": "[안용중학교]",
                "ne_type": "",
                "e_type": "WIKILINK",
                "en": 28,
                "eIdx": 2,
                "st": 21
            },
            {
                "ancestor": "",
                "keyword": "[정명고등학교]",
                "ne_type": "",
                "e_type": "WIKILINK",
                "en": 38,
                "eIdx": 3,
                "st": 30
            },
            {
                "ancestor": "",
                "keyword": "[고려대학교]",
                "ne_type": "",
                "e_type": "WIKILINK",
                "en": 47,
                "eIdx": 4,
                "st": 40
            },
            {
                "ancestor": "",
                "keyword": "<졸업>",
                "ne_type": "",
                "e_type": "ELU",
                "en": 53,
                "eIdx": 5,
                "st": 49
            },
            {
                "ancestor": "",
                "keyword": "[홍콩]",
                "ne_type": "",
                "e_type": "WIKILINK",
                "en": 128,
                "eIdx": 6,
                "st": 124
            },
            {
                "ancestor": "",
                "keyword": "<영화배우>",
                "ne_type": "",
                "e_type": "ELU",
                "en": 139,
                "eIdx": 7,
                "st": 133
            },
            {
                "ancestor": "",
                "keyword": "[저우싱츠]",
                "ne_type": "",
                "e_type": "WIKILINK",
                "en": 147,
                "eIdx": 8,
                "st": 141
            }
        ],
        "text": "개요 [경기도] [화성시]에서 태어나 [안용중학교], [정명고등학교], [고려대학교]를 <졸업>하였다. 지치지 않는 부지런한 움직임과 빠른 돌파를 통한 저돌적인 전방 침투를 주무기로 하여 '폭주기관차'라는 별명을 얻었다. [홍콩]의 코믹 <영화배우>인 [저우싱츠](주성치)를 닮아 '김성치'라는 별명이 붙기도 하였다.",
        "pIdx": 2
    },
    {
        "pronouns": [],
        "globalSId": [
            844954
        ],
        "wikiPageId": 115081,
        "entities": [],
        "text": "축구인 생활",
        "pIdx": 3
    },
    {
        "pronouns": [],
        "globalSId": [
            844955,
            844956,
            844957,
            844958
        ],
        "wikiPageId": 115081,
        "entities": [
            {
                "ancestor": "",
                "keyword": "[고려대학교]",
                "ne_type": "",
                "e_type": "WIKILINK",
                "en": 13,
                "eIdx": 0,
                "st": 6
            },
            {
                "ancestor": "",
                "keyword": "<졸업>",
                "ne_type": "",
                "e_type": "ELU",
                "en": 19,
                "eIdx": 1,
                "st": 15
            },
            {
                "ancestor": "",
                "keyword": "[1997년]",
                "ne_type": "",
                "e_type": "WIKILINK",
                "en": 31,
                "eIdx": 2,
                "st": 24
            },
            {
                "ancestor": "",
                "keyword": "[K-리그]",
                "ne_type": "",
                "e_type": "WIKILINK",
                "en": 38,
                "eIdx": 3,
                "st": 32
            },
            {
                "ancestor": "",
                "keyword": "[한일은행_축구단]",
                "ne_type": "",
                "e_type": "WIKILINK",
                "en": 72,
                "eIdx": 4,
                "st": 62
            },
            {
                "ancestor": "",
                "keyword": "<소>",
                "ne_type": "",
                "e_type": "ELU",
                "en": 78,
                "eIdx": 5,
                "st": 75
            },
            {
                "ancestor": "",
                "keyword": "[IMF_구제금융사건]",
                "ne_type": "",
                "e_type": "WIKILINK",
                "en": 125,
                "eIdx": 6,
                "st": 113
            },
            {
                "ancestor": "",
                "keyword": "[J리그]",
                "ne_type": "",
                "e_type": "WIKILINK",
                "en": 148,
                "eIdx": 7,
                "st": 143
            },
            {
                "ancestor": "",
                "keyword": "[제프_유나이티드_이치하라_지바]",
                "ne_type": "",
                "e_type": "WIKILINK",
                "en": 168,
                "eIdx": 8,
                "st": 150
            },
            {
                "ancestor": "",
                "keyword": "[1999년]",
                "ne_type": "",
                "e_type": "WIKILINK",
                "en": 211,
                "eIdx": 9,
                "st": 204
            },
            {
                "ancestor": "",
                "keyword": "[울산_현대미포조선_돌고래]",
                "ne_type": "",
                "e_type": "WIKILINK",
                "en": 235,
                "eIdx": 10,
                "st": 220
            },
            {
                "ancestor": "",
                "keyword": "<이적_(가수)>",
                "ne_type": "",
                "e_type": "ELU",
                "en": 247,
                "eIdx": 11,
                "st": 238
            }
        ],
        "text": "선수 생활 [고려대학교]를 <졸업>한 뒤, [1997년] [K-리그]의 그는 드래프트를 거부하고 실업 축구단인 [한일은행_축구단]에서 <소>의 성인 축구 경력을 시작하였다. 하지만 입단 초기에 불어닥친 [IMF_구제금융사건]으로 인해 축구단이 해체되면서, [J리그]의 [제프_유나이티드_이치하라_지바]로 옮겨 활약하였다. 하지만 4경기에 출전하는 것으로 그쳤으며, [1999년] 실업 축구단인 [울산_현대미포조선_돌고래]으로 <이적_(가수)>하였다.",
        "pIdx": 4
    },
    {
        "pronouns": [],
        "globalSId": [
            844959,
            844960,
            844961
        ],
        "wikiPageId": 115081,
        "entities": [
            {
                "ancestor": "",
                "keyword": "[2000년]",
                "ne_type": "",
                "e_type": "WIKILINK",
                "en": 7,
                "eIdx": 0,
                "st": 0
            },
            {
                "ancestor": "",
                "keyword": "[성남_일화_천마]",
                "ne_type": "",
                "e_type": "WIKILINK",
                "en": 18,
                "eIdx": 1,
                "st": 8
            },
            {
                "ancestor": "",
                "keyword": "[K-리그]",
                "ne_type": "",
                "e_type": "WIKILINK",
                "en": 27,
                "eIdx": 2,
                "st": 21
            },
            {
                "ancestor": "",
                "keyword": "<무대>",
                "ne_type": "",
                "e_type": "ELU",
                "en": 32,
                "eIdx": 3,
                "st": 28
            },
            {
                "ancestor": "",
                "keyword": "[2001년]",
                "ne_type": "",
                "e_type": "WIKILINK",
                "en": 47,
                "eIdx": 4,
                "st": 40
            },
            {
                "ancestor": "",
                "keyword": "[2003년]",
                "ne_type": "",
                "e_type": "WIKILINK",
                "en": 57,
                "eIdx": 5,
                "st": 50
            },
            {
                "ancestor": "",
                "keyword": "[성남_일화_천마]",
                "ne_type": "",
                "e_type": "WIKILINK",
                "en": 70,
                "eIdx": 6,
                "st": 60
            },
            {
                "ancestor": "",
                "keyword": "[K-리그]",
                "ne_type": "",
                "e_type": "WIKILINK",
                "en": 78,
                "eIdx": 7,
                "st": 72
            },
            {
                "ancestor": "",
                "keyword": "[2002년]",
                "ne_type": "",
                "e_type": "WIKILINK",
                "en": 105,
                "eIdx": 8,
                "st": 98
            },
            {
                "ancestor": "",
                "keyword": "[2002년]",
                "ne_type": "",
                "e_type": "WIKILINK",
                "en": 132,
                "eIdx": 9,
                "st": 125
            },
            {
                "ancestor": "",
                "keyword": "[K-리그]",
                "ne_type": "",
                "e_type": "WIKILINK",
                "en": 141,
                "eIdx": 10,
                "st": 135
            },
            {
                "ancestor": "",
                "keyword": "[K리그_득점-도움_기록]",
                "ne_type": "",
                "e_type": "WIKILINK",
                "en": 171,
                "eIdx": 11,
                "st": 157
            },
            {
                "ancestor": "",
                "keyword": "[2003년]",
                "ne_type": "",
                "e_type": "WIKILINK",
                "en": 187,
                "eIdx": 12,
                "st": 180
            },
            {
                "ancestor": "",
                "keyword": "[6월_25일]",
                "ne_type": "",
                "e_type": "WIKILINK",
                "en": 196,
                "eIdx": 13,
                "st": 188
            },
            {
                "ancestor": "",
                "keyword": "[전북_현대_모터스]",
                "ne_type": "",
                "e_type": "WIKILINK",
                "en": 208,
                "eIdx": 14,
                "st": 197
            },
            {
                "ancestor": "",
                "keyword": "<경기도>",
                "ne_type": "",
                "e_type": "ELU",
                "en": 218,
                "eIdx": 15,
                "st": 213
            },
            {
                "ancestor": "",
                "keyword": "[K-리그]",
                "ne_type": "",
                "e_type": "WIKILINK",
                "en": 227,
                "eIdx": 16,
                "st": 221
            },
            {
                "ancestor": "",
                "keyword": "[K리그_득점-도움_기록]",
                "ne_type": "",
                "e_type": "WIKILINK",
                "en": 251,
                "eIdx": 17,
                "st": 237
            }
        ],
        "text": "[2000년] [성남_일화_천마]에서 [K-리그] <무대>에 데뷔하여, [2001년]부터 [2003년]까지 [성남_일화_천마]의 [K-리그] 3연패에 크게 기여하였다. 특히, [2002년]에는 K-리그 MVP를 차지하였다. [2002년]에는 [K-리그] 통산 4번째로 한 시즌내에 [K리그_득점-도움_기록]에 가입하였고, [2003년] [6월_25일] [전북_현대_모터스]와의 홈 <경기도>에서 [K-리그] 통산 37번째로 [K리그_득점-도움_기록]에 가입하였다.",
        "pIdx": 5
    },
    {
        "pronouns": [],
        "globalSId": [
            844962,
            844963
        ],
        "wikiPageId": 115081,
        "entities": [
            {
                "ancestor": "",
                "keyword": "[2004년]",
                "ne_type": "",
                "e_type": "WIKILINK",
                "en": 7,
                "eIdx": 0,
                "st": 0
            },
            {
                "ancestor": "",
                "keyword": "[수원_삼성_블루윙즈]",
                "ne_type": "",
                "e_type": "WIKILINK",
                "en": 20,
                "eIdx": 1,
                "st": 8
            },
            {
                "ancestor": "",
                "keyword": "<이적_(가수)>",
                "ne_type": "",
                "e_type": "ELU",
                "en": 31,
                "eIdx": 2,
                "st": 22
            },
            {
                "ancestor": "",
                "keyword": "[K-리그]",
                "ne_type": "",
                "e_type": "WIKILINK",
                "en": 44,
                "eIdx": 3,
                "st": 38
            },
            {
                "ancestor": "",
                "keyword": "<우승>",
                "ne_type": "",
                "e_type": "ELU",
                "en": 52,
                "eIdx": 4,
                "st": 48
            },
            {
                "ancestor": "",
                "keyword": "[2004년]",
                "ne_type": "",
                "e_type": "WIKILINK",
                "en": 61,
                "eIdx": 5,
                "st": 54
            },
            {
                "ancestor": "",
                "keyword": "[2008년]",
                "ne_type": "",
                "e_type": "WIKILINK",
                "en": 70,
                "eIdx": 6,
                "st": 63
            },
            {
                "ancestor": "",
                "keyword": "[2006년]",
                "ne_type": "",
                "e_type": "WIKILINK",
                "en": 88,
                "eIdx": 7,
                "st": 81
            },
            {
                "ancestor": "",
                "keyword": "[2007년]",
                "ne_type": "",
                "e_type": "WIKILINK",
                "en": 107,
                "eIdx": 8,
                "st": 100
            },
            {
                "ancestor": "",
                "keyword": "[6월_16일]",
                "ne_type": "",
                "e_type": "WIKILINK",
                "en": 116,
                "eIdx": 9,
                "st": 108
            },
            {
                "ancestor": "",
                "keyword": "[경남_FC]",
                "ne_type": "",
                "e_type": "WIKILINK",
                "en": 124,
                "eIdx": 10,
                "st": 117
            },
            {
                "ancestor": "",
                "keyword": "<경기도>",
                "ne_type": "",
                "e_type": "ELU",
                "en": 134,
                "eIdx": 11,
                "st": 129
            },
            {
                "ancestor": "",
                "keyword": "[K리그_득점-도움_기록#30-30_클럽]",
                "ne_type": "",
                "e_type": "WIKILINK",
                "en": 174,
                "eIdx": 12,
                "st": 151
            }
        ],
        "text": "[2004년] [수원_삼성_블루윙즈]로 <이적_(가수)>하여, 팀의 [K-리그] 2회 <우승> ([2004년], [2008년])과 1회 준우승 ([2006년]) 등에 기여하였다. [2007년] [6월_16일] [경남_FC]와의 홈 <경기도>에서 K-리그 통산 20번째로 [K리그_득점-도움_기록#30-30_클럽]에 가입하였다.",
        "pIdx": 6
    },
    {
        "pronouns": [],
        "globalSId": [
            844964
        ],
        "wikiPageId": 115081,
        "entities": [
            {
                "ancestor": "",
                "keyword": "[2002년]",
                "ne_type": "",
                "e_type": "WIKILINK",
                "en": 7,
                "eIdx": 0,
                "st": 0
            },
            {
                "ancestor": "",
                "keyword": "[2004년]",
                "ne_type": "",
                "e_type": "WIKILINK",
                "en": 17,
                "eIdx": 1,
                "st": 10
            },
            {
                "ancestor": "",
                "keyword": "[K리그_베스트_11]",
                "ne_type": "",
                "e_type": "WIKILINK",
                "en": 37,
                "eIdx": 2,
                "st": 25
            },
            {
                "ancestor": "",
                "keyword": "<삼>",
                "ne_type": "",
                "e_type": "ELU",
                "en": 42,
                "eIdx": 3,
                "st": 39
            },
            {
                "ancestor": "",
                "keyword": "[2001년]",
                "ne_type": "",
                "e_type": "WIKILINK",
                "en": 54,
                "eIdx": 4,
                "st": 47
            },
            {
                "ancestor": "",
                "keyword": "[2004년]",
                "ne_type": "",
                "e_type": "WIKILINK",
                "en": 64,
                "eIdx": 5,
                "st": 57
            },
            {
                "ancestor": "",
                "keyword": "<우승>",
                "ne_type": "",
                "e_type": "ELU",
                "en": 76,
                "eIdx": 6,
                "st": 72
            },
            {
                "ancestor": "",
                "keyword": "<우승>",
                "ne_type": "",
                "e_type": "ELU",
                "en": 108,
                "eIdx": 7,
                "st": 104
            }
        ],
        "text": "[2002년]부터 [2004년]까지 연속으로 [K리그_베스트_11]에 <삼>되었고, [2001년]부터 [2004년]까지 K-리그 <우승>을 차지하여 K-리그 역대 최초로 4년 연속 리그 <우승>을 차지한 선수가 되었다.",
        "pIdx": 7
    }
]