[
    {
        "pronouns": [],
        "globalSId": [
            396867
        ],
        "wikiPageId": 41947,
        "entities": [],
        "text": "3공, 4공 시절",
        "pIdx": 73
    },
    {
        "pronouns": [],
        "globalSId": [
            396868,
            396869,
            396870,
            396871,
            396872,
            396873
        ],
        "wikiPageId": 41947,
        "entities": [
            {
                "ancestor": "",
                "keyword": "[1964년]",
                "ne_type": "",
                "e_type": "WIKILINK",
                "en": 82,
                "eIdx": 0,
                "st": 75
            },
            {
                "ancestor": "",
                "keyword": "[고려대학교]",
                "ne_type": "",
                "e_type": "WIKILINK",
                "en": 90,
                "eIdx": 1,
                "st": 83
            },
            {
                "ancestor": "",
                "keyword": "[1964년]",
                "ne_type": "",
                "e_type": "WIKILINK",
                "en": 119,
                "eIdx": 2,
                "st": 112
            },
            {
                "ancestor": "",
                "keyword": "<대한민국_중앙정보부>",
                "ne_type": "",
                "e_type": "ELU",
                "en": 163,
                "eIdx": 3,
                "st": 151
            },
            {
                "ancestor": "",
                "keyword": "[김형욱]",
                "ne_type": "",
                "e_type": "WIKILINK",
                "en": 189,
                "eIdx": 4,
                "st": 184
            },
            {
                "ancestor": "",
                "keyword": "<소>",
                "ne_type": "",
                "e_type": "ELU",
                "en": 194,
                "eIdx": 5,
                "st": 191
            }
        ],
        "text": "제3공화국 기간 5.16 이후 정치규제에 묶여 강제로 정계은퇴당하면서 정계에 떠나있었으나 여러 강연, 계몽 활동에 참여하여 활동했다. [1964년] [고려대학교] 교우회(동문회) 부회장에 선출되었다. [1964년] 귀국, 그러나 귀국 직후 의문의 방화 사건이 발생한다. <대한민국_중앙정보부>와 닿아있는 선배로부터 '중앙정보부장 [김형욱]이 <소>을 없애라고 명하는 것을 들었다'는 정보를 입수했다. 목숨의 위협을 느낀 그는 다시 망명길에 올랐다.",
        "pIdx": 74
    },
    {
        "pronouns": [],
        "globalSId": [
            396874,
            396875
        ],
        "wikiPageId": 41947,
        "entities": [
            {
                "ancestor": "",
                "keyword": "[민주당_(1963년)]",
                "ne_type": "",
                "e_type": "WIKILINK",
                "en": 28,
                "eIdx": 0,
                "st": 15
            },
            {
                "ancestor": "",
                "keyword": "[5.16_군사_정변]",
                "ne_type": "",
                "e_type": "WIKILINK",
                "en": 68,
                "eIdx": 1,
                "st": 56
            },
            {
                "ancestor": "",
                "keyword": "[장면]",
                "ne_type": "",
                "e_type": "WIKILINK",
                "en": 74,
                "eIdx": 2,
                "st": 70
            },
            {
                "ancestor": "",
                "keyword": "<신파극>",
                "ne_type": "",
                "e_type": "ELU",
                "en": 131,
                "eIdx": 3,
                "st": 126
            },
            {
                "ancestor": "",
                "keyword": "[1967년]",
                "ne_type": "",
                "e_type": "WIKILINK",
                "en": 150,
                "eIdx": 4,
                "st": 143
            },
            {
                "ancestor": "",
                "keyword": "[신민당_(1967년)]",
                "ne_type": "",
                "e_type": "WIKILINK",
                "en": 172,
                "eIdx": 5,
                "st": 159
            },
            {
                "ancestor": "",
                "keyword": "[신민당_(1967년)]",
                "ne_type": "",
                "e_type": "WIKILINK",
                "en": 195,
                "eIdx": 6,
                "st": 182
            }
        ],
        "text": "그 뒤 다시 정계에 복귀, [민주당_(1963년)] 내에서 민주당 신파 계열의 지도자로 활동하였다. [5.16_군사_정변]과 [장면]의 와병으로 거의 소멸, 와해상태에 있던 민주당 신파 인사들을 찾아다니며 다시 설득, 민주당 <신파극>를 다시 재건하였으며 [1967년] 통합 야당으로 [신민당_(1967년)]이 창당되자 그는 [신민당_(1967년)]내 민주당 신파 계열의 지도자로 추대되었다.",
        "pIdx": 75
    },
    {
        "pronouns": [],
        "globalSId": [
            396876,
            396877,
            396878,
            396879,
            396880
        ],
        "wikiPageId": 41947,
        "entities": [
            {
                "ancestor": "",
                "keyword": "[1965년]",
                "ne_type": "",
                "e_type": "WIKILINK",
                "en": 7,
                "eIdx": 0,
                "st": 0
            },
            {
                "ancestor": "",
                "keyword": "[2월_8일]",
                "ne_type": "",
                "e_type": "WIKILINK",
                "en": 15,
                "eIdx": 1,
                "st": 8
            },
            {
                "ancestor": "",
                "keyword": "[대한역도연맹]",
                "ne_type": "",
                "e_type": "WIKILINK",
                "en": 27,
                "eIdx": 2,
                "st": 19
            },
            {
                "ancestor": "",
                "keyword": "<회장>",
                "ne_type": "",
                "e_type": "ELU",
                "en": 32,
                "eIdx": 3,
                "st": 28
            },
            {
                "ancestor": "",
                "keyword": "[1965년]",
                "ne_type": "",
                "e_type": "WIKILINK",
                "en": 46,
                "eIdx": 4,
                "st": 39
            },
            {
                "ancestor": "",
                "keyword": "[박정희]",
                "ne_type": "",
                "e_type": "WIKILINK",
                "en": 52,
                "eIdx": 5,
                "st": 47
            },
            {
                "ancestor": "",
                "keyword": "[김종필]",
                "ne_type": "",
                "e_type": "WIKILINK",
                "en": 59,
                "eIdx": 6,
                "st": 54
            },
            {
                "ancestor": "",
                "keyword": "<한일회담>",
                "ne_type": "",
                "e_type": "ELU",
                "en": 69,
                "eIdx": 7,
                "st": 63
            },
            {
                "ancestor": "",
                "keyword": "[4월_26일]",
                "ne_type": "",
                "e_type": "WIKILINK",
                "en": 122,
                "eIdx": 8,
                "st": 114
            },
            {
                "ancestor": "",
                "keyword": "[1966년]",
                "ne_type": "",
                "e_type": "WIKILINK",
                "en": 171,
                "eIdx": 9,
                "st": 164
            },
            {
                "ancestor": "",
                "keyword": "<회장>",
                "ne_type": "",
                "e_type": "ELU",
                "en": 185,
                "eIdx": 10,
                "st": 181
            },
            {
                "ancestor": "",
                "keyword": "[7월_5일]",
                "ne_type": "",
                "e_type": "WIKILINK",
                "en": 204,
                "eIdx": 11,
                "st": 197
            }
        ],
        "text": "[1965년] [2월_8일] 다시 [대한역도연맹] <회장>이 되었다. [1965년] [박정희], [김종필] 등의 <한일회담>에 반대, 이를 굴욕외교로 규정하고 대일굴욕외교반대투쟁위원회에 참여하였다. 그해 [4월_26일] 대일굴욕외교를 비판하던 중 그의 집에 의문의 방화사건이 발생하기도 했다. [1966년] 아시아 역도연맹 <회장>에 추대되었다. 그해 [7월_5일]에는 대한역도연맹 임시이사회를열고 선수강화위를 개편할 때 역도선수강화위원장이 되었다.",
        "pIdx": 76
    },
    {
        "pronouns": [],
        "globalSId": [
            396881,
            396882,
            396883,
            396884,
            396885
        ],
        "wikiPageId": 41947,
        "entities": [
            {
                "ancestor": "",
                "keyword": "[삼선개헌반대범국민투쟁위원회]",
                "ne_type": "",
                "e_type": "WIKILINK",
                "en": 43,
                "eIdx": 0,
                "st": 27
            },
            {
                "ancestor": "",
                "keyword": "[1965년]",
                "ne_type": "",
                "e_type": "WIKILINK",
                "en": 108,
                "eIdx": 1,
                "st": 101
            },
            {
                "ancestor": "",
                "keyword": "[2월]",
                "ne_type": "",
                "e_type": "WIKILINK",
                "en": 113,
                "eIdx": 2,
                "st": 109
            },
            {
                "ancestor": "",
                "keyword": "[대한역도연맹]",
                "ne_type": "",
                "e_type": "WIKILINK",
                "en": 124,
                "eIdx": 3,
                "st": 116
            },
            {
                "ancestor": "",
                "keyword": "<회장>",
                "ne_type": "",
                "e_type": "ELU",
                "en": 129,
                "eIdx": 4,
                "st": 125
            },
            {
                "ancestor": "",
                "keyword": "[1968년]",
                "ne_type": "",
                "e_type": "WIKILINK",
                "en": 145,
                "eIdx": 5,
                "st": 138
            },
            {
                "ancestor": "",
                "keyword": "[박정희]",
                "ne_type": "",
                "e_type": "WIKILINK",
                "en": 153,
                "eIdx": 6,
                "st": 148
            },
            {
                "ancestor": "",
                "keyword": "<삼선_개헌>",
                "ne_type": "",
                "e_type": "ELU",
                "en": 174,
                "eIdx": 7,
                "st": 167
            },
            {
                "ancestor": "",
                "keyword": "[1969년]",
                "ne_type": "",
                "e_type": "WIKILINK",
                "en": 209,
                "eIdx": 8,
                "st": 202
            },
            {
                "ancestor": "",
                "keyword": "[4월_19일]",
                "ne_type": "",
                "e_type": "WIKILINK",
                "en": 218,
                "eIdx": 9,
                "st": 210
            },
            {
                "ancestor": "",
                "keyword": "<지도력>",
                "ne_type": "",
                "e_type": "ELU",
                "en": 268,
                "eIdx": 10,
                "st": 263
            },
            {
                "ancestor": "",
                "keyword": "[윤보선]",
                "ne_type": "",
                "e_type": "WIKILINK",
                "en": 284,
                "eIdx": 11,
                "st": 279
            },
            {
                "ancestor": "",
                "keyword": "[장면]",
                "ne_type": "",
                "e_type": "WIKILINK",
                "en": 290,
                "eIdx": 12,
                "st": 286
            },
            {
                "ancestor": "",
                "keyword": "[유진산]",
                "ne_type": "",
                "e_type": "WIKILINK",
                "en": 297,
                "eIdx": 13,
                "st": 292
            },
            {
                "ancestor": "",
                "keyword": "[유진오]",
                "ne_type": "",
                "e_type": "WIKILINK",
                "en": 304,
                "eIdx": 14,
                "st": 299
            },
            {
                "ancestor": "",
                "keyword": "[장준하]",
                "ne_type": "",
                "e_type": "WIKILINK",
                "en": 311,
                "eIdx": 15,
                "st": 306
            },
            {
                "ancestor": "",
                "keyword": "[김영삼]",
                "ne_type": "",
                "e_type": "WIKILINK",
                "en": 318,
                "eIdx": 16,
                "st": 313
            },
            {
                "ancestor": "",
                "keyword": "[김대중]",
                "ne_type": "",
                "e_type": "WIKILINK",
                "en": 325,
                "eIdx": 17,
                "st": 320
            },
            {
                "ancestor": "",
                "keyword": "[김종필]",
                "ne_type": "",
                "e_type": "WIKILINK",
                "en": 332,
                "eIdx": 18,
                "st": 327
            },
            {
                "ancestor": "",
                "keyword": "[박정희]",
                "ne_type": "",
                "e_type": "WIKILINK",
                "en": 344,
                "eIdx": 19,
                "st": 339
            },
            {
                "ancestor": "",
                "keyword": "<주목>",
                "ne_type": "",
                "e_type": "ELU",
                "en": 371,
                "eIdx": 20,
                "st": 367
            }
        ],
        "text": "그 뒤 야당에서 8,9,10대 국회의원을 하면서 [삼선개헌반대범국민투쟁위원회] 조직위원장을 맡았고 제9대 국회부의장, 신민당 대표최고위원을 역임하는 등 야당 중진의 반열에 올랐다. [1965년] [2월]에는 [대한역도연맹] <회장>에 위촉되었다. [1968년]부터 [박정희]측의 삼선개헌안이 나오자 <삼선_개헌>의 비민주성을 지적, 원내외에서 적극 반대하였다. [1969년] [4월_19일]에는 4.19 10주년 기념 강연을 마친 뒤 침묵 시위에 들어가기도 했다. 야당 <지도력>의 한사람이던 그는 [윤보선], [장면], [유진산], [유진오], [장준하], [김영삼], [김대중], [김종필] 등과 함께 [박정희]의 정적이자 잠재적 대안자의 한 사람으로 <주목>되기도 했다.",
        "pIdx": 77
    },
    {
        "pronouns": [],
        "globalSId": [
            396886,
            396887,
            396888
        ],
        "wikiPageId": 41947,
        "entities": [
            {
                "ancestor": "",
                "keyword": "<무한도전>",
                "ne_type": "",
                "e_type": "ELU",
                "en": 19,
                "eIdx": 0,
                "st": 13
            },
            {
                "ancestor": "",
                "keyword": "[대한역도연맹]",
                "ne_type": "",
                "e_type": "WIKILINK",
                "en": 44,
                "eIdx": 1,
                "st": 36
            },
            {
                "ancestor": "",
                "keyword": "[1955년]",
                "ne_type": "",
                "e_type": "WIKILINK",
                "en": 60,
                "eIdx": 2,
                "st": 53
            },
            {
                "ancestor": "",
                "keyword": "[대한역도연맹]",
                "ne_type": "",
                "e_type": "WIKILINK",
                "en": 72,
                "eIdx": 3,
                "st": 64
            },
            {
                "ancestor": "",
                "keyword": "[1961년]",
                "ne_type": "",
                "e_type": "WIKILINK",
                "en": 92,
                "eIdx": 4,
                "st": 85
            },
            {
                "ancestor": "",
                "keyword": "<회장>",
                "ne_type": "",
                "e_type": "ELU",
                "en": 105,
                "eIdx": 5,
                "st": 101
            },
            {
                "ancestor": "",
                "keyword": "[1966년]",
                "ne_type": "",
                "e_type": "WIKILINK",
                "en": 123,
                "eIdx": 6,
                "st": 116
            },
            {
                "ancestor": "",
                "keyword": "[9월]",
                "ne_type": "",
                "e_type": "WIKILINK",
                "en": 128,
                "eIdx": 7,
                "st": 124
            },
            {
                "ancestor": "",
                "keyword": "[동독]",
                "ne_type": "",
                "e_type": "WIKILINK",
                "en": 158,
                "eIdx": 8,
                "st": 154
            },
            {
                "ancestor": "",
                "keyword": "[동베를린]",
                "ne_type": "",
                "e_type": "WIKILINK",
                "en": 165,
                "eIdx": 9,
                "st": 159
            },
            {
                "ancestor": "",
                "keyword": "[대한민국_외무부]",
                "ne_type": "",
                "e_type": "WIKILINK",
                "en": 203,
                "eIdx": 10,
                "st": 193
            }
        ],
        "text": "역도연맹내 갈등과 대권 <무한도전> 그는 1949년부터 오랫동안 [대한역도연맹]의 일을 보았고 [1955년]부터는 [대한역도연맹]의 부회장에 연임됐으며 [1961년]부터는 역도연맹 <회장>이 되었다. 그런데 [1966년] [9월]에는 그해 10월 13일부터 10월 15일까지 [동독] [동베를린]에서 열리는 세계역도연맹총회에 참가신청을 하였으나 [대한민국_외무부]가 허락하지 않아 참석하지 못했다.",
        "pIdx": 78
    },
    {
        "pronouns": [],
        "globalSId": [
            396889,
            396890
        ],
        "wikiPageId": 41947,
        "entities": [
            {
                "ancestor": "",
                "keyword": "[1967년]",
                "ne_type": "",
                "e_type": "WIKILINK",
                "en": 7,
                "eIdx": 0,
                "st": 0
            },
            {
                "ancestor": "",
                "keyword": "[1월_22일]",
                "ne_type": "",
                "e_type": "WIKILINK",
                "en": 16,
                "eIdx": 1,
                "st": 8
            },
            {
                "ancestor": "",
                "keyword": "<대한역도연맹>",
                "ne_type": "",
                "e_type": "ELU",
                "en": 25,
                "eIdx": 2,
                "st": 17
            },
            {
                "ancestor": "",
                "keyword": "<회의>",
                "ne_type": "",
                "e_type": "ELU",
                "en": 34,
                "eIdx": 3,
                "st": 30
            },
            {
                "ancestor": "",
                "keyword": "<인사>",
                "ne_type": "",
                "e_type": "ELU",
                "en": 94,
                "eIdx": 4,
                "st": 90
            },
            {
                "ancestor": "",
                "keyword": "<주도>",
                "ne_type": "",
                "e_type": "ELU",
                "en": 170,
                "eIdx": 5,
                "st": 166
            }
        ],
        "text": "[1967년] [1월_22일] <대한역도연맹>의 비상 <회의>로 갑자기 대한역도연맹 회장직에서 해임되었다. 연맹 간부이던 이모는 그가 \"정정법에 묶여있는 야당계 <인사>이기 때문에 활발한 움직임을 할 수 없고 재정적으로 가난하기 때문에 재력이 풍부한 모당의 실력자로 바꿔야 한다.\"며 그의 해임을 <주도>했다는 것이다.",
        "pIdx": 79
    },
    {
        "pronouns": [],
        "globalSId": [
            396891,
            396892,
            396893,
            396894
        ],
        "wikiPageId": 41947,
        "entities": [
            {
                "ancestor": "",
                "keyword": "[1970년]",
                "ne_type": "",
                "e_type": "WIKILINK",
                "en": 33,
                "eIdx": 0,
                "st": 26
            },
            {
                "ancestor": "",
                "keyword": "[신민당_(1967년)]",
                "ne_type": "",
                "e_type": "WIKILINK",
                "en": 47,
                "eIdx": 1,
                "st": 34
            },
            {
                "ancestor": "",
                "keyword": "[6월]",
                "ne_type": "",
                "e_type": "WIKILINK",
                "en": 79,
                "eIdx": 2,
                "st": 75
            },
            {
                "ancestor": "",
                "keyword": "[1971년]",
                "ne_type": "",
                "e_type": "WIKILINK",
                "en": 102,
                "eIdx": 3,
                "st": 95
            },
            {
                "ancestor": "",
                "keyword": "<이사_(법인)>",
                "ne_type": "",
                "e_type": "ELU",
                "en": 129,
                "eIdx": 4,
                "st": 120
            },
            {
                "ancestor": "",
                "keyword": "[12월_2일]",
                "ne_type": "",
                "e_type": "WIKILINK",
                "en": 149,
                "eIdx": 5,
                "st": 141
            },
            {
                "ancestor": "",
                "keyword": "[대한역도연맹]",
                "ne_type": "",
                "e_type": "WIKILINK",
                "en": 162,
                "eIdx": 6,
                "st": 154
            },
            {
                "ancestor": "",
                "keyword": "[1973년]",
                "ne_type": "",
                "e_type": "WIKILINK",
                "en": 180,
                "eIdx": 7,
                "st": 173
            },
            {
                "ancestor": "",
                "keyword": "[대한역도연맹]",
                "ne_type": "",
                "e_type": "WIKILINK",
                "en": 194,
                "eIdx": 8,
                "st": 186
            }
        ],
        "text": "1969년 한국민권투쟁위원회 위원장이 되었다. [1970년] [신민당_(1967년)] 정무위원(政務委員)의 한사람으로 선발되고, 그해 [6월]에 대권도전 의사를 밝혔다. [1971년] 한국정책연구회(韓國政策硏究會) <이사_(법인)>에 선임되었다. 그해 [12월_2일]에 다시 [대한역도연맹]의 이사로 복직하고 [1973년]에는 다시 [대한역도연맹] 부회장에 위촉되었다.",
        "pIdx": 80
    },
    {
        "pronouns": [],
        "globalSId": [
            396895
        ],
        "wikiPageId": 41947,
        "entities": [
            {
                "ancestor": "",
                "keyword": "[1973년]",
                "ne_type": "",
                "e_type": "WIKILINK",
                "en": 11,
                "eIdx": 0,
                "st": 4
            },
            {
                "ancestor": "",
                "keyword": "[9월]",
                "ne_type": "",
                "e_type": "WIKILINK",
                "en": 16,
                "eIdx": 1,
                "st": 12
            }
        ],
        "text": "그러나 [1973년] [9월] 역도연맹 부회장직을 그만두게 된다.",
        "pIdx": 81
    },
    {
        "pronouns": [],
        "globalSId": [
            396896,
            396897,
            396898,
            396899,
            396900
        ],
        "wikiPageId": 41947,
        "entities": [
            {
                "ancestor": "",
                "keyword": "[1971년]",
                "ne_type": "",
                "e_type": "WIKILINK",
                "en": 17,
                "eIdx": 0,
                "st": 10
            },
            {
                "ancestor": "",
                "keyword": "[대한민국_제7대_대통령_선거]",
                "ne_type": "",
                "e_type": "WIKILINK",
                "en": 39,
                "eIdx": 1,
                "st": 22
            },
            {
                "ancestor": "",
                "keyword": "[김영삼]",
                "ne_type": "",
                "e_type": "WIKILINK",
                "en": 50,
                "eIdx": 2,
                "st": 45
            },
            {
                "ancestor": "",
                "keyword": "[김대중]",
                "ne_type": "",
                "e_type": "WIKILINK",
                "en": 57,
                "eIdx": 3,
                "st": 52
            },
            {
                "ancestor": "",
                "keyword": "<경선>",
                "ne_type": "",
                "e_type": "ELU",
                "en": 88,
                "eIdx": 4,
                "st": 84
            },
            {
                "ancestor": "",
                "keyword": "<신민당_(1967년)>",
                "ne_type": "",
                "e_type": "ELU",
                "en": 114,
                "eIdx": 5,
                "st": 101
            },
            {
                "ancestor": "",
                "keyword": "[곽상훈]",
                "ne_type": "",
                "e_type": "WIKILINK",
                "en": 179,
                "eIdx": 6,
                "st": 174
            },
            {
                "ancestor": "",
                "keyword": "[박순천]",
                "ne_type": "",
                "e_type": "WIKILINK",
                "en": 187,
                "eIdx": 7,
                "st": 182
            },
            {
                "ancestor": "",
                "keyword": "[박정희_정권]",
                "ne_type": "",
                "e_type": "WIKILINK",
                "en": 199,
                "eIdx": 8,
                "st": 191
            },
            {
                "ancestor": "",
                "keyword": "<여당>",
                "ne_type": "",
                "e_type": "ELU",
                "en": 221,
                "eIdx": 9,
                "st": 217
            },
            {
                "ancestor": "",
                "keyword": "[장면]",
                "ne_type": "",
                "e_type": "WIKILINK",
                "en": 238,
                "eIdx": 10,
                "st": 234
            }
        ],
        "text": "유신 시절 그 뒤 [1971년]에 있을 [대한민국_제7대_대통령_선거]를 앞두고 [김영삼], [김대중] 등과 함께 40대 기수론을 내세우고 대선후보자 <경선>에 참여하였다. 그러자 <신민당_(1967년)>내 원로들은 구상유취론, 젖비린내론을 내세워 젊은 소장파들의 활동을 방해하였다. 민주당 신파 출신 원로였던 [곽상훈]이나 [박순천] 등은 [박정희_정권]으로부터 국가원로로 대접받으면서 <여당>에 호의적으로 변했다. [장면]의 사후 정치적 후견인이 없던 그에게는 여야 내부에서 견제와 불이익이 가해졌다.",
        "pIdx": 82
    }
]