[
    {
        "pronouns": [],
        "globalSId": [
            84748,
            84749
        ],
        "wikiPageId": 6092,
        "entities": [
            {
                "ancestor": "",
                "keyword": "[SK그룹]",
                "ne_type": "",
                "e_type": "WIKILINK",
                "en": 6,
                "eIdx": 0,
                "st": 0
            },
            {
                "ancestor": "",
                "keyword": "<정보통신기술>",
                "ne_type": "",
                "e_type": "ELU",
                "en": 28,
                "eIdx": 1,
                "st": 20
            },
            {
                "ancestor": "",
                "keyword": "<실리콘밸리>",
                "ne_type": "",
                "e_type": "ELU",
                "en": 115,
                "eIdx": 2,
                "st": 108
            }
        ],
        "text": "[SK그룹]은 대전 창조경제 조성에 <정보통신기술>(ICT)과 에너지 사업 등 800억여원, 중소기업과 공동으로 벤처육성 펀드 450억원을 투자할 계획이다. SK는 대전창조경제혁신센터를 한국형 <실리콘밸리>로 육성하겠다는 계획이다.",
        "pIdx": 101
    },
    {
        "pronouns": [],
        "globalSId": [
            84750,
            84751,
            84752
        ],
        "wikiPageId": 6092,
        "entities": [
            {
                "ancestor": "",
                "keyword": "[국제과학비즈니스벨트]",
                "ne_type": "",
                "e_type": "WIKILINK",
                "en": 12,
                "eIdx": 0,
                "st": 0
            },
            {
                "ancestor": "",
                "keyword": "<도시>",
                "ne_type": "",
                "e_type": "ELU",
                "en": 20,
                "eIdx": 1,
                "st": 16
            },
            {
                "ancestor": "",
                "keyword": "[사이언스콤플렉스]",
                "ne_type": "",
                "e_type": "WIKILINK",
                "en": 50,
                "eIdx": 2,
                "st": 40
            },
            {
                "ancestor": "",
                "keyword": "[신세계_(백화점)]",
                "ne_type": "",
                "e_type": "WIKILINK",
                "en": 166,
                "eIdx": 3,
                "st": 155
            },
            {
                "ancestor": "",
                "keyword": "[대전신세계]",
                "ne_type": "",
                "e_type": "WIKILINK",
                "en": 181,
                "eIdx": 4,
                "st": 174
            },
            {
                "ancestor": "",
                "keyword": "<랜드마크>",
                "ne_type": "",
                "e_type": "ELU",
                "en": 200,
                "eIdx": 5,
                "st": 194
            }
        ],
        "text": "[국제과학비즈니스벨트] 거점 <도시>로 지정됨에 따라 과학공원 일원에는 [사이언스콤플렉스]가 건립될 예정이다. 엑스포 과학공원 내 5만1614㎡ 부지에 지하 4층, 지상 43층 규모의 초고층 건축물로, 과학과 문화, 쇼핑과 여가 콘텐츠가 융합된 복합엔터테인먼트시설로 조성된다. [신세계_(백화점)]는 지역법인 ㈜[대전신세계]를 설립하였고, 대전의 <랜드마크>로 조성할 계획이다.",
        "pIdx": 102
    },
    {
        "pronouns": [],
        "globalSId": [
            84753,
            84754,
            84755,
            84756,
            84757,
            84758,
            84759,
            84760
        ],
        "wikiPageId": 6092,
        "entities": [
            {
                "ancestor": "",
                "keyword": "<대전광역시>",
                "ne_type": "",
                "e_type": "ELU",
                "en": 10,
                "eIdx": 0,
                "st": 3
            },
            {
                "ancestor": "",
                "keyword": "[동구_(대전광역시)]",
                "ne_type": "",
                "e_type": "WIKILINK",
                "en": 52,
                "eIdx": 1,
                "st": 40
            },
            {
                "ancestor": "",
                "keyword": "[유성구]",
                "ne_type": "",
                "e_type": "WIKILINK",
                "en": 59,
                "eIdx": 2,
                "st": 54
            },
            {
                "ancestor": "",
                "keyword": "[동구_(대전광역시)]",
                "ne_type": "",
                "e_type": "WIKILINK",
                "en": 101,
                "eIdx": 3,
                "st": 89
            },
            {
                "ancestor": "",
                "keyword": "<산내동>",
                "ne_type": "",
                "e_type": "ELU",
                "en": 107,
                "eIdx": 4,
                "st": 102
            },
            {
                "ancestor": "",
                "keyword": "<판암동>",
                "ne_type": "",
                "e_type": "ELU",
                "en": 114,
                "eIdx": 5,
                "st": 109
            },
            {
                "ancestor": "",
                "keyword": "[포도]",
                "ne_type": "",
                "e_type": "WIKILINK",
                "en": 129,
                "eIdx": 6,
                "st": 125
            },
            {
                "ancestor": "",
                "keyword": "<대전광역시>",
                "ne_type": "",
                "e_type": "ELU",
                "en": 170,
                "eIdx": 7,
                "st": 163
            },
            {
                "ancestor": "",
                "keyword": "<대한민국>",
                "ne_type": "",
                "e_type": "ELU",
                "en": 184,
                "eIdx": 8,
                "st": 178
            },
            {
                "ancestor": "",
                "keyword": "[유성구]",
                "ne_type": "",
                "e_type": "WIKILINK",
                "en": 210,
                "eIdx": 9,
                "st": 205
            },
            {
                "ancestor": "",
                "keyword": "[배_(과일)]",
                "ne_type": "",
                "e_type": "WIKILINK",
                "en": 222,
                "eIdx": 10,
                "st": 214
            },
            {
                "ancestor": "",
                "keyword": "<대전광역시>",
                "ne_type": "",
                "e_type": "ELU",
                "en": 313,
                "eIdx": 11,
                "st": 306
            }
        ],
        "text": "농업 <대전광역시>은 농업인구와 경지면적이 줄어들고 있는 추세다. 주로 [동구_(대전광역시)]와 [유성구]에서 농업이 이루어지고 있고, 배와 포도가 유명하다. [동구_(대전광역시)] <산내동>, <판암동>, 산성동 일대에서 [포도]가 재배되고 있고, 전국 포도 생산량의 8.4%를 차지한다. <대전광역시>은 1969년 <대한민국>에서 와인이 최초로 생산된 지역이다. [유성구]에서는 [배_(과일)]가 생산되고 있고 맛과 향이 우수하다. 그 외에 고구마, 상추, 수박, 오이, 버섯, 앵두, 딸기, 방울토마토, 쌀, 들깨 등이 생산된다. 2011년 <대전광역시>의 경지면적은 4,732ha이고, 농가 수는 9,130호이다.",
        "pIdx": 103
    },
    {
        "pronouns": [],
        "globalSId": [
            84761,
            84762,
            84763,
            84764,
            84765,
            84766,
            84767
        ],
        "wikiPageId": 6092,
        "entities": [
            {
                "ancestor": "",
                "keyword": "<대전광역시>",
                "ne_type": "",
                "e_type": "ELU",
                "en": 11,
                "eIdx": 0,
                "st": 4
            },
            {
                "ancestor": "",
                "keyword": "<대한민국>",
                "ne_type": "",
                "e_type": "ELU",
                "en": 19,
                "eIdx": 1,
                "st": 13
            },
            {
                "ancestor": "",
                "keyword": "<도시>",
                "ne_type": "",
                "e_type": "ELU",
                "en": 32,
                "eIdx": 2,
                "st": 28
            },
            {
                "ancestor": "",
                "keyword": "<대전광역시>",
                "ne_type": "",
                "e_type": "ELU",
                "en": 50,
                "eIdx": 3,
                "st": 43
            },
            {
                "ancestor": "",
                "keyword": "[대덕구]",
                "ne_type": "",
                "e_type": "WIKILINK",
                "en": 141,
                "eIdx": 4,
                "st": 136
            },
            {
                "ancestor": "",
                "keyword": "[갑천]",
                "ne_type": "",
                "e_type": "WIKILINK",
                "en": 146,
                "eIdx": 5,
                "st": 142
            },
            {
                "ancestor": "",
                "keyword": "[유성구]",
                "ne_type": "",
                "e_type": "WIKILINK",
                "en": 171,
                "eIdx": 6,
                "st": 166
            },
            {
                "ancestor": "",
                "keyword": "[탑립동]",
                "ne_type": "",
                "e_type": "WIKILINK",
                "en": 177,
                "eIdx": 7,
                "st": 172
            },
            {
                "ancestor": "",
                "keyword": "<대화동_(고양시)>",
                "ne_type": "",
                "e_type": "ELU",
                "en": 237,
                "eIdx": 8,
                "st": 226
            },
            {
                "ancestor": "",
                "keyword": "<목상동_(대전)>",
                "ne_type": "",
                "e_type": "ELU",
                "en": 318,
                "eIdx": 9,
                "st": 308
            },
            {
                "ancestor": "",
                "keyword": "<칠식주>",
                "ne_type": "",
                "e_type": "ELU",
                "en": 385,
                "eIdx": 10,
                "st": 380
            }
        ],
        "text": "제조업 <대전광역시>은 <대한민국>의 주요 제조업 <도시>이다. 2012년초 <대전광역시>의 제조업체 수는 2085개로 대기업(300인 이상) 16개, 중기업(50인 이상 300인 미만) 149개, 소기업(50인 미만) 1920개로 집계됐다. [대덕구] [갑천]변에 있는 제1·2·3·4공업단지와 [유성구] [탑립동]의 대덕테크노밸리 등에 380여개의 기업이 입주해 있다. 대전 제1·2공업단지는 대덕구 <대화동_(고양시)>과 읍내동 일대에 입지하며, 금속·석유화학·섬유·식품·제지 업종 등의 137개 업체가 입주해 있다. 대전 제3공업단지는 대덕구 <목상동_(대전)>·신대동 일대에 입지하며, 기계금속·섬유·화학·제지 업종 등의 66개 업체가 있다. 대전 제4공업단지는 대덕구 <칠식주>·목상·문평동 일대에 입지하며, 기계·전자·자동차 업종을 중심으로 177개 업체가 입주해 있다.",
        "pIdx": 104
    },
    {
        "pronouns": [],
        "globalSId": [
            84768,
            84769
        ],
        "wikiPageId": 6092,
        "entities": [
            {
                "ancestor": "",
                "keyword": "<지방법원>",
                "ne_type": "",
                "e_type": "ELU",
                "en": 43,
                "eIdx": 0,
                "st": 37
            },
            {
                "ancestor": "",
                "keyword": "<이용_(가수)>",
                "ne_type": "",
                "e_type": "ELU",
                "en": 80,
                "eIdx": 1,
                "st": 71
            },
            {
                "ancestor": "",
                "keyword": "<이용_(가수)>",
                "ne_type": "",
                "e_type": "ELU",
                "en": 139,
                "eIdx": 2,
                "st": 130
            },
            {
                "ancestor": "",
                "keyword": "<장비>",
                "ne_type": "",
                "e_type": "ELU",
                "en": 146,
                "eIdx": 3,
                "st": 142
            },
            {
                "ancestor": "",
                "keyword": "<이용_(가수)>",
                "ne_type": "",
                "e_type": "ELU",
                "en": 200,
                "eIdx": 4,
                "st": 191
            }
        ],
        "text": "대전테크노파크는 특허분쟁 대응과, 수입국시험 및 제품인증절차 등을 <지방법원>하고 이다. 또한 고가의 장비와 실험시설을 마련해 <이용_(가수)>할 수 있도록 하고 있는데, 합성반응기라는 장비의 경우 다양한 분야에 걸쳐 연구·생산에서 <이용_(가수)>되는 <장비>인데, 60~100060~1000ℓ 등 다양한 규격을 갖춰 많은 기업들이 동시에 <이용_(가수)>할 수 있도록 했다.",
        "pIdx": 105
    },
    {
        "pronouns": [],
        "globalSId": [
            84770,
            84771,
            84772
        ],
        "wikiPageId": 6092,
        "entities": [
            {
                "ancestor": "",
                "keyword": "[국제과학비즈니스벨트]",
                "ne_type": "",
                "e_type": "WIKILINK",
                "en": 18,
                "eIdx": 0,
                "st": 6
            },
            {
                "ancestor": "",
                "keyword": "[웅진에너지]",
                "ne_type": "",
                "e_type": "WIKILINK",
                "en": 56,
                "eIdx": 1,
                "st": 49
            },
            {
                "ancestor": "",
                "keyword": "[한화국방연구소]",
                "ne_type": "",
                "e_type": "WIKILINK",
                "en": 67,
                "eIdx": 2,
                "st": 58
            },
            {
                "ancestor": "",
                "keyword": "<회사>",
                "ne_type": "",
                "e_type": "ELU",
                "en": 87,
                "eIdx": 3,
                "st": 83
            },
            {
                "ancestor": "",
                "keyword": "<회사>",
                "ne_type": "",
                "e_type": "ELU",
                "en": 99,
                "eIdx": 4,
                "st": 95
            },
            {
                "ancestor": "",
                "keyword": "<유치>",
                "ne_type": "",
                "e_type": "ELU",
                "en": 105,
                "eIdx": 5,
                "st": 101
            }
        ],
        "text": "산업 동향 [국제과학비즈니스벨트] 거점지구 확정이라는 호재와 맞물리면서 민선 5기 들어 [웅진에너지], [한화국방연구소] 등 당초 세종시 이전 예정 <회사>과 344여개 <회사>을 <유치>하고 그 동안 투자를 망설였던 외국계 기업들이 잇따라 투자의향을 밝히고 있어 투자규모가 늘어날 전망이다. 투자 유치 금액은 총 5억3200만달러, 일자리 창출 효과가 1만5300여 개에 달한다.",
        "pIdx": 106
    },
    {
        "pronouns": [],
        "globalSId": [
            84773,
            84774,
            84775,
            84776,
            84777,
            84778,
            84779
        ],
        "wikiPageId": 6092,
        "entities": [
            {
                "ancestor": "",
                "keyword": "<독일>",
                "ne_type": "",
                "e_type": "ELU",
                "en": 4,
                "eIdx": 0,
                "st": 0
            },
            {
                "ancestor": "",
                "keyword": "[보쉬]",
                "ne_type": "",
                "e_type": "WIKILINK",
                "en": 10,
                "eIdx": 1,
                "st": 6
            },
            {
                "ancestor": "",
                "keyword": "<대전광역시>",
                "ne_type": "",
                "e_type": "ELU",
                "en": 44,
                "eIdx": 2,
                "st": 37
            },
            {
                "ancestor": "",
                "keyword": "<영국>",
                "ne_type": "",
                "e_type": "ELU",
                "en": 73,
                "eIdx": 3,
                "st": 69
            },
            {
                "ancestor": "",
                "keyword": "<이온>",
                "ne_type": "",
                "e_type": "ELU",
                "en": 84,
                "eIdx": 4,
                "st": 80
            },
            {
                "ancestor": "",
                "keyword": "<일본>",
                "ne_type": "",
                "e_type": "ELU",
                "en": 133,
                "eIdx": 5,
                "st": 129
            },
            {
                "ancestor": "",
                "keyword": "<회사>",
                "ne_type": "",
                "e_type": "ELU",
                "en": 139,
                "eIdx": 6,
                "st": 135
            },
            {
                "ancestor": "",
                "keyword": "<일본>",
                "ne_type": "",
                "e_type": "ELU",
                "en": 170,
                "eIdx": 7,
                "st": 166
            },
            {
                "ancestor": "",
                "keyword": "<일본>",
                "ne_type": "",
                "e_type": "ELU",
                "en": 271,
                "eIdx": 8,
                "st": 267
            },
            {
                "ancestor": "",
                "keyword": "<일본>",
                "ne_type": "",
                "e_type": "ELU",
                "en": 282,
                "eIdx": 9,
                "st": 278
            },
            {
                "ancestor": "",
                "keyword": "<중국>",
                "ne_type": "",
                "e_type": "ELU",
                "en": 343,
                "eIdx": 10,
                "st": 339
            },
            {
                "ancestor": "",
                "keyword": "<기성동>",
                "ne_type": "",
                "e_type": "ELU",
                "en": 447,
                "eIdx": 11,
                "st": 442
            }
        ],
        "text": "<독일>의 [보쉬]코리아는 향후 3년간 1억 달러 규모를 투자하여 <대전광역시>에 디젤자동차 부품제조 생산시설을 증축한다. <영국>의 블루앤도 <이온>, LED 성능개선 사업을 위해 약 3천만불 규모의 생산공장 설립 협의 중이다. <일본>계 <회사>과 중국계 기업들도 많은 관심을 나타내고 있다. <일본>의 SMC 한국법인인 한국SMC공압은 대전지역에 제3공장(16,000㎡, 260억원)과 아시아기술센터(1,000억원, 연구인력 300~400명) 설립을 긍정적 검토 중이고, <일본>의 NDK는 <일본>의 나고야전기와 국내기업이 합작회사 태양광 발전 관련 부품제조를 위해 양해각서체결 협의 중이다. 또한 <중국>의 이메텍은 휴대폰 반도체 제조시설 건립을 위해 투자협의 진행 중에 있다. 외국인투자지역의 기능을 대체하게 될 빌딩형 외국인 전용 인큐베이터센터 건립이 구체화된다. 또한, 서구 <기성동>과 동구 하소동 등 2곳에 친환경 일반산업단지 조성이 추진된다.",
        "pIdx": 107
    },
    {
        "pronouns": [],
        "globalSId": [
            84780,
            84781
        ],
        "wikiPageId": 6092,
        "entities": [
            {
                "ancestor": "",
                "keyword": "[아랍에미리트]",
                "ne_type": "",
                "e_type": "WIKILINK",
                "en": 8,
                "eIdx": 0,
                "st": 0
            },
            {
                "ancestor": "",
                "keyword": "<기업가>",
                "ne_type": "",
                "e_type": "ELU",
                "en": 65,
                "eIdx": 1,
                "st": 60
            },
            {
                "ancestor": "",
                "keyword": "[대정화금]",
                "ne_type": "",
                "e_type": "WIKILINK",
                "en": 143,
                "eIdx": 2,
                "st": 137
            },
            {
                "ancestor": "",
                "keyword": "[루맥스에어로스페이스]",
                "ne_type": "",
                "e_type": "WIKILINK",
                "en": 162,
                "eIdx": 3,
                "st": 150
            },
            {
                "ancestor": "",
                "keyword": "[엠쏘텍]",
                "ne_type": "",
                "e_type": "WIKILINK",
                "en": 169,
                "eIdx": 4,
                "st": 164
            },
            {
                "ancestor": "",
                "keyword": "[HMG]",
                "ne_type": "",
                "e_type": "WIKILINK",
                "en": 176,
                "eIdx": 5,
                "st": 171
            },
            {
                "ancestor": "",
                "keyword": "[코노바코리아]",
                "ne_type": "",
                "e_type": "WIKILINK",
                "en": 186,
                "eIdx": 6,
                "st": 178
            },
            {
                "ancestor": "",
                "keyword": "<대전광역시>",
                "ne_type": "",
                "e_type": "ELU",
                "en": 197,
                "eIdx": 7,
                "st": 190
            },
            {
                "ancestor": "",
                "keyword": "<이전_(후한)>",
                "ne_type": "",
                "e_type": "ELU",
                "en": 224,
                "eIdx": 8,
                "st": 215
            }
        ],
        "text": "[아랍에미리트](UAE)의 '알 만할 그룹(AI Manhal International LLC)'은 대전지역 <기업가> ㈜에코그린과 공동으로 남대전에 연구개발센터와 생산 공장 건립을 위해 1억5000만 달러를 투자한다. 국내 3대 시약 제조업체인 [대정화금]을 비롯하여 [루맥스에어로스페이스], [엠쏘텍], [HMG], [코노바코리아] 등도 <대전광역시>으로 본사와 연구소, 생산기지를 <이전_(후한)>할 계획이다.",
        "pIdx": 108
    },
    {
        "pronouns": [],
        "globalSId": [
            84782,
            84783,
            84784,
            84785
        ],
        "wikiPageId": 6092,
        "entities": [
            {
                "ancestor": "",
                "keyword": "<전국_시대>",
                "ne_type": "",
                "e_type": "ELU",
                "en": 100,
                "eIdx": 0,
                "st": 93
            },
            {
                "ancestor": "",
                "keyword": "<강화군>",
                "ne_type": "",
                "e_type": "ELU",
                "en": 293,
                "eIdx": 1,
                "st": 288
            },
            {
                "ancestor": "",
                "keyword": "<조사_(품사)>",
                "ne_type": "",
                "e_type": "ELU",
                "en": 346,
                "eIdx": 2,
                "st": 337
            }
        ],
        "text": "2012년 통계청이 발표한 1~3분기 지역경제동향 보고서에 따르면 전년 동기 대비 광공업생산지수는 전자부품, 담배, 화학제품 등에서 생산이 활발한 대전이 17.5%로 <전국_시대>에서 가장 높은 증가율을 보였다. 한국무역협회 대전충남지역본부가 발표한 '2014년 2월 대전충남지역 수출입 동향' 보고서에 따르면 대전시 수출은 전년 동기대비 16.1% 증가하였다. 특히 냉방기, 펌프류, 무선통신기기 등 수출이 크게 늘어남에 따라 두 자릿수 수출증가세를 이어갔다. 무선통신기기 수출의 경우 국내기업의 세계 시장지배력 <강화군> 및 거래물량 확대 등에 따라 무선통신기기 부품수출이 비약적으로 증가한 것으로 <조사_(품사)>됐다.",
        "pIdx": 109
    },
    {
        "pronouns": [],
        "globalSId": [
            84786,
            84787,
            84788,
            84789,
            84790
        ],
        "wikiPageId": 6092,
        "entities": [
            {
                "ancestor": "",
                "keyword": "<산업>",
                "ne_type": "",
                "e_type": "ELU",
                "en": 7,
                "eIdx": 0,
                "st": 3
            },
            {
                "ancestor": "",
                "keyword": "<대한민국>",
                "ne_type": "",
                "e_type": "ELU",
                "en": 14,
                "eIdx": 1,
                "st": 8
            },
            {
                "ancestor": "",
                "keyword": "<산업>",
                "ne_type": "",
                "e_type": "ELU",
                "en": 35,
                "eIdx": 2,
                "st": 31
            },
            {
                "ancestor": "",
                "keyword": "<주도>",
                "ne_type": "",
                "e_type": "ELU",
                "en": 41,
                "eIdx": 3,
                "st": 37
            },
            {
                "ancestor": "",
                "keyword": "<대전광역시>",
                "ne_type": "",
                "e_type": "ELU",
                "en": 95,
                "eIdx": 4,
                "st": 88
            },
            {
                "ancestor": "",
                "keyword": "<삼>",
                "ne_type": "",
                "e_type": "ELU",
                "en": 145,
                "eIdx": 5,
                "st": 142
            },
            {
                "ancestor": "",
                "keyword": "<지방법원>",
                "ne_type": "",
                "e_type": "ELU",
                "en": 159,
                "eIdx": 6,
                "st": 153
            },
            {
                "ancestor": "",
                "keyword": "<삼>",
                "ne_type": "",
                "e_type": "ELU",
                "en": 346,
                "eIdx": 7,
                "st": 343
            }
        ],
        "text": "로봇 <산업> <대한민국> 과학기술의 중심도시로서 로봇 <산업>을 <주도>하고 있다. 대전소재의 367개 로봇자동화 기업체에 1300여 명이 근무하고 있다. <대전광역시>의 로봇산업 관련 9개 기업들이 신기술 및 제품 개발을 위한 정부 공모사업에 잇따라 <삼>되어 사업비를 <지방법원>받게 됐다. 자율비행로봇 시범사업, 4D 스노보드 시뮬레이터 개발, 고가반하중 모듈형 로봇개발, 수직 이착륙 비행로봇 시스템 개발, 로봇지능 모듈기술 개발, 동력기계용 초음파센서 모듈개발, 자동·무인화 실내 자동항법 기술개발, 골프장 캐디로봇 상용화사업, 호텔 서비스용 지능형로봇 통합솔루션 상용화사업 등이 지식경제부 공모사업에 <삼>되었다.",
        "pIdx": 110
    }
]