[
    {
        "pronouns": [],
        "globalSId": [
            3884826,
            3884827
        ],
        "wikiPageId": 1657105,
        "entities": [
            {
                "ancestor": "",
                "keyword": "[아르헨티나]",
                "ne_type": "",
                "e_type": "WIKILINK",
                "en": 89,
                "eIdx": 0,
                "st": 82
            },
            {
                "ancestor": "",
                "keyword": "[라틴아메리카_붐]",
                "ne_type": "",
                "e_type": "WIKILINK",
                "en": 121,
                "eIdx": 1,
                "st": 111
            },
            {
                "ancestor": "",
                "keyword": "<아메리카>",
                "ne_type": "",
                "e_type": "ELU",
                "en": 148,
                "eIdx": 2,
                "st": 142
            },
            {
                "ancestor": "",
                "keyword": "<유럽>",
                "ne_type": "",
                "e_type": "ELU",
                "en": 154,
                "eIdx": 3,
                "st": 150
            }
        ],
        "text": "훌리오 코르타사르(Julio Cortázar, Jules Florencio Cortázar, 1914년 8월 26일 ~ 1984년 2월 12일)는 [아르헨티나]의 소설가, 단편 소설가, 수필가이다. [라틴아메리카_붐]을 일으킨 사람들 가운데 한 명으로, <아메리카>와 <유럽> 내 모든 세대의 스페인어 독자 및 작가에 영향을 미쳤다.",
        "pIdx": 1
    }
]