[
    {
        "globalSId": [
            2663006,
            2663007,
            2663008
        ],
        "pronouns": [
            {
                "proIdx": 0,
                "ancestor": "",
                "en": 98,
                "st": 95,
                "keyword": "그녀는"
            }
        ],
        "wikiPageId": 725877,
        "entities": [
            {
                "ne_type": "",
                "keyword": "<아리아나_그란데>",
                "ancestor": "",
                "e_type": "ELU",
                "en": 10,
                "eIdx": 0,
                "st": 0
            },
            {
                "ne_type": "PERSON",
                "keyword": "[아리아나_그란데부테라]",
                "ancestor": "",
                "e_type": "NEW",
                "en": 38,
                "eIdx": 1,
                "st": 25
            },
            {
                "ne_type": "",
                "keyword": "[1993년]",
                "ancestor": "",
                "e_type": "WIKILINK",
                "en": 48,
                "eIdx": 2,
                "st": 41
            },
            {
                "ne_type": "",
                "keyword": "[6월_26일]",
                "ancestor": "",
                "e_type": "WIKILINK",
                "en": 57,
                "eIdx": 3,
                "st": 49
            },
            {
                "ne_type": "",
                "keyword": "[미국]",
                "ancestor": "",
                "e_type": "WIKILINK",
                "en": 67,
                "eIdx": 4,
                "st": 63
            },
            {
                "ne_type": "",
                "keyword": "[여자]",
                "ancestor": "",
                "e_type": "WIKILINK",
                "en": 73,
                "eIdx": 5,
                "st": 69
            },
            {
                "ne_type": "",
                "keyword": "[가수]",
                "ancestor": "",
                "e_type": "WIKILINK",
                "en": 78,
                "eIdx": 6,
                "st": 74
            },
            {
                "ne_type": "",
                "keyword": "[작사가]",
                "ancestor": "",
                "e_type": "WIKILINK",
                "en": 85,
                "eIdx": 7,
                "st": 80
            },
            {
                "ne_type": "",
                "keyword": "[배우]",
                "ancestor": "",
                "e_type": "WIKILINK",
                "en": 91,
                "eIdx": 8,
                "st": 87
            },
            {
                "ne_type": "TIME",
                "keyword": "[2008년]",
                "ancestor": "",
                "e_type": "NEW",
                "en": 106,
                "eIdx": 9,
                "st": 99
            },
            {
                "ne_type": "",
                "keyword": "[브로드웨이]",
                "ancestor": "",
                "e_type": "WIKILINK",
                "en": 114,
                "eIdx": 10,
                "st": 107
            },
            {
                "ne_type": "ETC",
                "keyword": "[13]",
                "ancestor": "",
                "e_type": "NEW",
                "en": 124,
                "eIdx": 11,
                "st": 120
            },
            {
                "ne_type": "TIME",
                "keyword": "[2009년]",
                "ancestor": "",
                "e_type": "NEW",
                "en": 134,
                "eIdx": 12,
                "st": 127
            },
            {
                "ne_type": "",
                "keyword": "[니켈로디언]",
                "ancestor": "",
                "e_type": "WIKILINK",
                "en": 142,
                "eIdx": 13,
                "st": 135
            },
            {
                "ne_type": "",
                "keyword": "[빅토리어스]",
                "ancestor": "",
                "e_type": "WIKILINK",
                "en": 161,
                "eIdx": 14,
                "st": 154
            },
            {
                "ne_type": "PERSON",
                "keyword": "[캣_발렌타인]",
                "ancestor": "",
                "e_type": "NEW",
                "en": 173,
                "eIdx": 15,
                "st": 165
            },
            {
                "ne_type": "PERSON",
                "keyword": "[그란데]",
                "ancestor": "",
                "e_type": "NEW",
                "en": 192,
                "eIdx": 16,
                "st": 187
            },
            {
                "ne_type": "",
                "keyword": "<아이돌>",
                "ancestor": "",
                "e_type": "ELU",
                "en": 203,
                "eIdx": 17,
                "st": 198
            },
            {
                "ne_type": "ETC",
                "keyword": "[스핀오프_드라마]",
                "ancestor": "",
                "e_type": "NEW",
                "en": 232,
                "eIdx": 18,
                "st": 222
            },
            {
                "ne_type": "",
                "keyword": "[샘_&_캣]",
                "ancestor": "",
                "e_type": "WIKILINK",
                "en": 241,
                "eIdx": 19,
                "st": 234
            },
            {
                "ne_type": "TIME",
                "keyword": "[2014년]",
                "ancestor": "",
                "e_type": "NEW",
                "en": 258,
                "eIdx": 20,
                "st": 251
            }
        ],
        "text": "<아리아나_그란데>()라는 이름으로 활동중인 [아리아나_그란데부테라](, [1993년] [6월_26일] ~ )는 [미국]의 [여자] [가수], [작사가], [배우]이다. 그녀는 [2008년] [브로드웨이] 뮤지컬 《[13]》, [2009년] [니켈로디언]의 텔레비전 시리즈 《[빅토리어스]》에서 [캣_발렌타인] 역할로 출연했다. 이후 [그란데]는 10대 <아이돌>로 입지가 상승해, 쇼가 끝난 후 [스핀오프_드라마] 《[샘_&_캣]》가 방송 되었고 [2014년]에 종료되었다.",
        "pIdx": 1
    }
]