[
    {
        "globalSId": [
            2364485,
            2364486
        ],
        "pronouns": [
            {
                "proIdx": 0,
                "ancestor": "",
                "en": 129,
                "st": 127,
                "keyword": "그의"
            },
            {
                "proIdx": 1,
                "ancestor": "",
                "en": 132,
                "st": 127,
                "keyword": "그의 아내"
            },
            {
                "proIdx": 2,
                "ancestor": "",
                "en": 146,
                "st": 127,
                "keyword": "그의 아내 [이사벨_디_파르네시오]"
            },
            {
                "proIdx": 3,
                "ancestor": "",
                "en": 151,
                "st": 127,
                "keyword": "그의 아내 [이사벨_디_파르네시오] 사이에서"
            }
        ],
        "wikiPageId": 585033,
        "entities": [
            {
                "ne_type": "PERSON",
                "keyword": "[필리포_1세]",
                "ancestor": "",
                "e_type": "NEW",
                "en": 8,
                "eIdx": 0,
                "st": 0
            },
            {
                "ne_type": "",
                "keyword": "[1720년]",
                "ancestor": "",
                "e_type": "WIKILINK",
                "en": 35,
                "eIdx": 1,
                "st": 28
            },
            {
                "ne_type": "",
                "keyword": "[3월_15일]",
                "ancestor": "",
                "e_type": "WIKILINK",
                "en": 44,
                "eIdx": 2,
                "st": 36
            },
            {
                "ne_type": "",
                "keyword": "[1765년]",
                "ancestor": "",
                "e_type": "WIKILINK",
                "en": 54,
                "eIdx": 3,
                "st": 47
            },
            {
                "ne_type": "",
                "keyword": "[7월_18일]",
                "ancestor": "",
                "e_type": "WIKILINK",
                "en": 63,
                "eIdx": 4,
                "st": 55
            },
            {
                "ne_type": "",
                "keyword": "<이탈리아>",
                "ancestor": "",
                "e_type": "ELU",
                "en": 72,
                "eIdx": 5,
                "st": 66
            },
            {
                "ne_type": "ETC",
                "keyword": "[부르봉파르마]",
                "ancestor": "",
                "e_type": "NEW",
                "en": 87,
                "eIdx": 6,
                "st": 79
            },
            {
                "ne_type": "",
                "keyword": "[스페인]",
                "ancestor": "",
                "e_type": "WIKILINK",
                "en": 103,
                "eIdx": 7,
                "st": 98
            },
            {
                "ne_type": "",
                "keyword": "[펠리페_5세]",
                "ancestor": "",
                "e_type": "WIKILINK",
                "en": 125,
                "eIdx": 8,
                "st": 117
            },
            {
                "ne_type": "",
                "keyword": "[이사벨_디_파르네시오]",
                "ancestor": "",
                "e_type": "WIKILINK",
                "en": 146,
                "eIdx": 9,
                "st": 133
            },
            {
                "ne_type": "",
                "keyword": "[파르마의_군주]",
                "ancestor": "",
                "e_type": "WIKILINK",
                "en": 171,
                "eIdx": 10,
                "st": 162
            }
        ],
        "text": "[필리포_1세](Felipe I de Parma, [1720년] [3월_15일] ~ [1765년] [7월_18일])는 <이탈리아>의 귀족으로 [부르봉파르마] 가문의 시조였다. [스페인]의 부르봉왕가 초대 국왕 [펠리페_5세]와 그의 아내 [이사벨_디_파르네시오] 사이에서 태어났으며, 후에 [파르마의_군주]이 되었다.",
        "pIdx": 1
    }
]