[
    {
        "pronouns": [],
        "globalSId": [
            658,
            659,
            660
        ],
        "wikiPageId": 38,
        "entities": [
            {
                "ancestor": "",
                "keyword": "<백남준>",
                "ne_type": "",
                "e_type": "ELU",
                "en": 5,
                "eIdx": 0,
                "st": 0
            },
            {
                "ancestor": "",
                "keyword": "[1932년]",
                "ne_type": "",
                "e_type": "WIKILINK",
                "en": 20,
                "eIdx": 1,
                "st": 13
            },
            {
                "ancestor": "",
                "keyword": "[7월_20일]",
                "ne_type": "",
                "e_type": "WIKILINK",
                "en": 29,
                "eIdx": 2,
                "st": 21
            },
            {
                "ancestor": "",
                "keyword": "[2006년]",
                "ne_type": "",
                "e_type": "WIKILINK",
                "en": 39,
                "eIdx": 3,
                "st": 32
            },
            {
                "ancestor": "",
                "keyword": "[1월_29일]",
                "ne_type": "",
                "e_type": "WIKILINK",
                "en": 48,
                "eIdx": 4,
                "st": 40
            },
            {
                "ancestor": "",
                "keyword": "[한국]",
                "ne_type": "",
                "e_type": "WIKILINK",
                "en": 55,
                "eIdx": 5,
                "st": 51
            },
            {
                "ancestor": "",
                "keyword": "[미국]",
                "ne_type": "",
                "e_type": "WIKILINK",
                "en": 64,
                "eIdx": 6,
                "st": 60
            },
            {
                "ancestor": "",
                "keyword": "[수원_백씨]",
                "ne_type": "",
                "e_type": "WIKILINK",
                "en": 96,
                "eIdx": 7,
                "st": 89
            },
            {
                "ancestor": "",
                "keyword": "[비디오_아트]",
                "ne_type": "",
                "e_type": "WIKILINK",
                "en": 131,
                "eIdx": 8,
                "st": 123
            }
        ],
        "text": "<백남준>(白南準, , [1932년] [7월_20일] ~ [2006년] [1월_29일])은 [한국] 태생의 [미국] 미술작가, 작곡가, 전위예술가이다. 본관은 [수원_백씨]이다. 여러가지 매체로 예술 활동을 하였고 특히 [비디오_아트]라는 새로운 예술을 창안하여 발전시켰다는 평가를 받는 예술가로서 '비디오 아트의 창시자'로 알려져 있다.",
        "pIdx": 1
    },
    {
        "pronouns": [],
        "globalSId": [
            661,
            662,
            663,
            664,
            665,
            666,
            667,
            668,
            669,
            670
        ],
        "wikiPageId": 38,
        "entities": [
            {
                "ancestor": "",
                "keyword": "[경기도]",
                "ne_type": "",
                "e_type": "WIKILINK",
                "en": 15,
                "eIdx": 0,
                "st": 10
            },
            {
                "ancestor": "",
                "keyword": "[경성부]",
                "ne_type": "",
                "e_type": "WIKILINK",
                "en": 21,
                "eIdx": 1,
                "st": 16
            },
            {
                "ancestor": "",
                "keyword": "<종로동_(서울)>",
                "ne_type": "",
                "e_type": "ELU",
                "en": 46,
                "eIdx": 2,
                "st": 36
            },
            {
                "ancestor": "",
                "keyword": "[백낙승_(1886년)]",
                "ne_type": "",
                "e_type": "WIKILINK",
                "en": 76,
                "eIdx": 3,
                "st": 63
            },
            {
                "ancestor": "",
                "keyword": "<사이>",
                "ne_type": "",
                "e_type": "ELU",
                "en": 90,
                "eIdx": 4,
                "st": 86
            },
            {
                "ancestor": "",
                "keyword": "[신재덕]",
                "ne_type": "",
                "e_type": "WIKILINK",
                "en": 186,
                "eIdx": 5,
                "st": 181
            },
            {
                "ancestor": "",
                "keyword": "<연주회>",
                "ne_type": "",
                "e_type": "ELU",
                "en": 198,
                "eIdx": 6,
                "st": 193
            },
            {
                "ancestor": "",
                "keyword": "[이건우]",
                "ne_type": "",
                "e_type": "WIKILINK",
                "en": 210,
                "eIdx": 7,
                "st": 205
            },
            {
                "ancestor": "",
                "keyword": "<한국>",
                "ne_type": "",
                "e_type": "ELU",
                "en": 232,
                "eIdx": 8,
                "st": 228
            },
            {
                "ancestor": "",
                "keyword": "[김순남]",
                "ne_type": "",
                "e_type": "WIKILINK",
                "en": 246,
                "eIdx": 9,
                "st": 241
            },
            {
                "ancestor": "",
                "keyword": "<팔사>",
                "ne_type": "",
                "e_type": "ELU",
                "en": 252,
                "eIdx": 10,
                "st": 248
            },
            {
                "ancestor": "",
                "keyword": "[한국_전쟁]",
                "ne_type": "",
                "e_type": "WIKILINK",
                "en": 290,
                "eIdx": 11,
                "st": 283
            },
            {
                "ancestor": "",
                "keyword": "[일본]",
                "ne_type": "",
                "e_type": "WIKILINK",
                "en": 308,
                "eIdx": 12,
                "st": 304
            },
            {
                "ancestor": "",
                "keyword": "<이주_(황족)>",
                "ne_type": "",
                "e_type": "ELU",
                "en": 320,
                "eIdx": 13,
                "st": 311
            },
            {
                "ancestor": "",
                "keyword": "<일본>",
                "ne_type": "",
                "e_type": "ELU",
                "en": 332,
                "eIdx": 14,
                "st": 328
            },
            {
                "ancestor": "",
                "keyword": "[도쿄_대학교]",
                "ne_type": "",
                "e_type": "WIKILINK",
                "en": 353,
                "eIdx": 15,
                "st": 345
            },
            {
                "ancestor": "",
                "keyword": "<야쓰데_사부로>",
                "ne_type": "",
                "e_type": "ELU",
                "en": 410,
                "eIdx": 16,
                "st": 401
            },
            {
                "ancestor": "",
                "keyword": "[작곡]",
                "ne_type": "",
                "e_type": "WIKILINK",
                "en": 429,
                "eIdx": 17,
                "st": 425
            },
            {
                "ancestor": "",
                "keyword": "[음악사학]",
                "ne_type": "",
                "e_type": "WIKILINK",
                "en": 437,
                "eIdx": 18,
                "st": 431
            },
            {
                "ancestor": "",
                "keyword": "<학습>",
                "ne_type": "",
                "e_type": "ELU",
                "en": 443,
                "eIdx": 19,
                "st": 439
            }
        ],
        "text": "생애 일제 강점기 [경기도] [경성부] 서린정(서울특별시 종로구 <종로동_(서울)>) 출신이다. 친일파인 아버지 [백낙승_(1886년)]과 어머니 조종희 <사이>의 3남 2녀 중 막내로 태어났다. 그후 종로구 창신동 197번지 소위 \"큰대문집\"에서 18세까지 살았다. 수송국민학교와 경기제1고등보통학교를 다니면서 피아니스트 [신재덕]에게 피아노 <연주회>를, 작곡가 [이건우]에게 작곡을 각각 배웠다. 이때 <한국>이 낳은 작곡가 [김순남]을 <팔사>했다. 1949년 그는 홍콩 로이덴 스쿨로 전학했으며, [한국_전쟁]이 발발하기 이전 가족이 [일본]으로 <이주_(황족)>했다. 그 후 <일본>으로 건너가 1952년 [도쿄_대학교] 문과부에 입학했다. 2년 후 미술사학 및 미학으로 전공을 정했지만, 실제로는 모로이 <야쓰데_사부로>, 노무라 요시오 등에게서 [작곡]과 [음악사학]을 <학습>했다. 졸업 논문은 ‘아르놀트 쇤베르크 연구’이다.",
        "pIdx": 2
    }
]