[
    {
        "pronouns": [],
        "globalSId": [
            2275420
        ],
        "wikiPageId": 544174,
        "entities": [
            {
                "ancestor": "",
                "keyword": "[2007년]",
                "ne_type": "",
                "e_type": "WIKILINK",
                "en": 16,
                "eIdx": 0,
                "st": 9
            },
            {
                "ancestor": "",
                "keyword": "[11월_1일]",
                "ne_type": "",
                "e_type": "WIKILINK",
                "en": 25,
                "eIdx": 1,
                "st": 17
            },
            {
                "ancestor": "",
                "keyword": "<영화>",
                "ne_type": "",
                "e_type": "ELU",
                "en": 41,
                "eIdx": 2,
                "st": 37
            }
        ],
        "text": "《첫눈》()은, [2007년] [11월_1일]에 개봉한 한일 합작 <영화>이다.",
        "pIdx": 1
    },
    {
        "pronouns": [],
        "globalSId": [
            2275421
        ],
        "wikiPageId": 544174,
        "entities": [
            {
                "ancestor": "",
                "keyword": "[이준기]",
                "ne_type": "",
                "e_type": "WIKILINK",
                "en": 5,
                "eIdx": 0,
                "st": 0
            },
            {
                "ancestor": "",
                "keyword": "<연기군>",
                "ne_type": "",
                "e_type": "ELU",
                "en": 12,
                "eIdx": 1,
                "st": 7
            },
            {
                "ancestor": "",
                "keyword": "[대한민국]",
                "ne_type": "",
                "e_type": "WIKILINK",
                "en": 21,
                "eIdx": 2,
                "st": 15
            },
            {
                "ancestor": "",
                "keyword": "[미야자키_아오이]",
                "ne_type": "",
                "e_type": "WIKILINK",
                "en": 40,
                "eIdx": 3,
                "st": 30
            },
            {
                "ancestor": "",
                "keyword": "<연기군>",
                "ne_type": "",
                "e_type": "ELU",
                "en": 47,
                "eIdx": 4,
                "st": 42
            },
            {
                "ancestor": "",
                "keyword": "[일본]",
                "ne_type": "",
                "e_type": "WIKILINK",
                "en": 54,
                "eIdx": 5,
                "st": 50
            },
            {
                "ancestor": "",
                "keyword": "<미즈키_나나>",
                "ne_type": "",
                "e_type": "ELU",
                "en": 66,
                "eIdx": 6,
                "st": 58
            }
        ],
        "text": "[이준기]가 <연기군>하는 [대한민국] 전학생 민과, [미야자키_아오이]가 <연기군>하는 [일본] 소녀 <미즈키_나나>에의 러브스토리를 다루고 있다.",
        "pIdx": 2
    }
]