[
    {
        "pronouns": [],
        "globalSId": [
            1269009
        ],
        "wikiPageId": 207719,
        "entities": [
            {
                "ancestor": "",
                "keyword": "[서울특별시]",
                "ne_type": "",
                "e_type": "WIKILINK",
                "en": 43,
                "eIdx": 0,
                "st": 36
            },
            {
                "ancestor": "",
                "keyword": "[종로구]",
                "ne_type": "",
                "e_type": "WIKILINK",
                "en": 49,
                "eIdx": 1,
                "st": 44
            }
        ],
        "text": "4·19혁명기념도서관(四一九革命記念圖書館) 또는 4·19도서관은 [서울특별시] [종로구] 새문안로 17에 있는 도서관이다.",
        "pIdx": 1
    }
]