[
    {
        "pronouns": [],
        "globalSId": [
            430725,
            430726
        ],
        "wikiPageId": 45198,
        "entities": [
            {
                "ancestor": "",
                "keyword": "<필리페_센데로스>",
                "ne_type": "",
                "e_type": "ELU",
                "en": 10,
                "eIdx": 0,
                "st": 0
            },
            {
                "ancestor": "",
                "keyword": "[1985년]",
                "ne_type": "",
                "e_type": "WIKILINK",
                "en": 20,
                "eIdx": 1,
                "st": 13
            },
            {
                "ancestor": "",
                "keyword": "[2월_14일]",
                "ne_type": "",
                "e_type": "WIKILINK",
                "en": 29,
                "eIdx": 2,
                "st": 21
            },
            {
                "ancestor": "",
                "keyword": "[스위스]",
                "ne_type": "",
                "e_type": "WIKILINK",
                "en": 40,
                "eIdx": 3,
                "st": 35
            },
            {
                "ancestor": "",
                "keyword": "[축구_선수]",
                "ne_type": "",
                "e_type": "WIKILINK",
                "en": 49,
                "eIdx": 4,
                "st": 42
            },
            {
                "ancestor": "",
                "keyword": "[수비수#센터백]",
                "ne_type": "",
                "e_type": "WIKILINK",
                "en": 65,
                "eIdx": 5,
                "st": 56
            },
            {
                "ancestor": "",
                "keyword": "[스코틀랜드_프리미어십]",
                "ne_type": "",
                "e_type": "WIKILINK",
                "en": 85,
                "eIdx": 6,
                "st": 72
            },
            {
                "ancestor": "",
                "keyword": "[레인저스_FC]",
                "ne_type": "",
                "e_type": "WIKILINK",
                "en": 96,
                "eIdx": 7,
                "st": 87
            }
        ],
        "text": "<필리페_센데로스>(, [1985년] [2월_14일] ~ )는 [스위스]의 [축구_선수]로 포지션은 [수비수#센터백]이다. 현재 [스코틀랜드_프리미어십]의 [레인저스_FC] 소속이다.",
        "pIdx": 1
    },
    {
        "pronouns": [],
        "globalSId": [
            430727,
            430728,
            430729,
            430730
        ],
        "wikiPageId": 45198,
        "entities": [
            {
                "ancestor": "",
                "keyword": "<필리페_센데로스>",
                "ne_type": "",
                "e_type": "ELU",
                "en": 10,
                "eIdx": 0,
                "st": 0
            },
            {
                "ancestor": "",
                "keyword": "[스페인]",
                "ne_type": "",
                "e_type": "WIKILINK",
                "en": 22,
                "eIdx": 1,
                "st": 17
            },
            {
                "ancestor": "",
                "keyword": "[세르비아]",
                "ne_type": "",
                "e_type": "WIKILINK",
                "en": 37,
                "eIdx": 2,
                "st": 31
            },
            {
                "ancestor": "",
                "keyword": "[스위스_축구_국가대표팀]",
                "ne_type": "",
                "e_type": "WIKILINK",
                "en": 60,
                "eIdx": 3,
                "st": 46
            },
            {
                "ancestor": "",
                "keyword": "[2002년]",
                "ne_type": "",
                "e_type": "WIKILINK",
                "en": 77,
                "eIdx": 4,
                "st": 70
            },
            {
                "ancestor": "",
                "keyword": "[유럽_17세_이하_축구선수권]",
                "ne_type": "",
                "e_type": "WIKILINK",
                "en": 95,
                "eIdx": 5,
                "st": 78
            },
            {
                "ancestor": "",
                "keyword": "<주장_(축구)>",
                "ne_type": "",
                "e_type": "ELU",
                "en": 110,
                "eIdx": 6,
                "st": 101
            },
            {
                "ancestor": "",
                "keyword": "<스위스>",
                "ne_type": "",
                "e_type": "ELU",
                "en": 120,
                "eIdx": 7,
                "st": 115
            },
            {
                "ancestor": "",
                "keyword": "<우승>",
                "ne_type": "",
                "e_type": "ELU",
                "en": 129,
                "eIdx": 8,
                "st": 125
            },
            {
                "ancestor": "",
                "keyword": "[맨체스터_유나이티드_FC]",
                "ne_type": "",
                "e_type": "WIKILINK",
                "en": 152,
                "eIdx": 9,
                "st": 137
            },
            {
                "ancestor": "",
                "keyword": "[리버풀_FC]",
                "ne_type": "",
                "e_type": "WIKILINK",
                "en": 162,
                "eIdx": 10,
                "st": 154
            },
            {
                "ancestor": "",
                "keyword": "[유벤투스_FC]",
                "ne_type": "",
                "e_type": "WIKILINK",
                "en": 173,
                "eIdx": 11,
                "st": 164
            },
            {
                "ancestor": "",
                "keyword": "[FC_인테르나치오날레_밀라노]",
                "ne_type": "",
                "e_type": "WIKILINK",
                "en": 192,
                "eIdx": 12,
                "st": 175
            },
            {
                "ancestor": "",
                "keyword": "[AC_밀란]",
                "ne_type": "",
                "e_type": "WIKILINK",
                "en": 201,
                "eIdx": 13,
                "st": 194
            },
            {
                "ancestor": "",
                "keyword": "[아스널_FC]",
                "ne_type": "",
                "e_type": "WIKILINK",
                "en": 222,
                "eIdx": 14,
                "st": 214
            },
            {
                "ancestor": "",
                "keyword": "<아스널_FC>",
                "ne_type": "",
                "e_type": "ELU",
                "en": 250,
                "eIdx": 15,
                "st": 242
            },
            {
                "ancestor": "",
                "keyword": "[2008년]",
                "ne_type": "",
                "e_type": "WIKILINK",
                "en": 315,
                "eIdx": 16,
                "st": 308
            },
            {
                "ancestor": "",
                "keyword": "[AC_밀란]",
                "ne_type": "",
                "e_type": "WIKILINK",
                "en": 323,
                "eIdx": 17,
                "st": 316
            },
            {
                "ancestor": "",
                "keyword": "[2010년]",
                "ne_type": "",
                "e_type": "WIKILINK",
                "en": 350,
                "eIdx": 18,
                "st": 343
            },
            {
                "ancestor": "",
                "keyword": "[에버턴_FC]",
                "ne_type": "",
                "e_type": "WIKILINK",
                "en": 359,
                "eIdx": 19,
                "st": 351
            },
            {
                "ancestor": "",
                "keyword": "[풀럼_FC]",
                "ne_type": "",
                "e_type": "WIKILINK",
                "en": 395,
                "eIdx": 20,
                "st": 388
            },
            {
                "ancestor": "",
                "keyword": "<이적_(가수)>",
                "ne_type": "",
                "e_type": "ELU",
                "en": 407,
                "eIdx": 21,
                "st": 398
            }
        ],
        "text": "<필리페_센데로스>의 아버지는 [스페인]인이고 어머니는 [세르비아]인이지만 본인은 [스위스_축구_국가대표팀]을 택했다. 그는 [2002년] [유럽_17세_이하_축구선수권] 대회에서 <주장_(축구)>을 맡아 <스위스>의 깜짝 <우승>을 이끌었고, [맨체스터_유나이티드_FC], [리버풀_FC], [유벤투스_FC], [FC_인테르나치오날레_밀라노], [AC_밀란] 등의 관심을 받았지만 [아스널_FC]에 입단하였다. 그는 어린 나이에도 <아스널_FC>의 주전 중앙 수비수로 활약할 정도로 뛰어난 능력을 갖추었으나, 기대만큼 성장하지 못한 모습을 보이면서 [2008년] [AC_밀란]으로 임대를 떠나기도 하였다. 그는 [2010년] [에버턴_FC]에서 다시 임대생활을 한 뒤, 결국 시즌이 끝난 뒤 [풀럼_FC]으로 <이적_(가수)>하게 되었다.",
        "pIdx": 2
    },
    {
        "pronouns": [],
        "globalSId": [
            430731
        ],
        "wikiPageId": 45198,
        "entities": [
            {
                "ancestor": "",
                "keyword": "[프랑스어]",
                "ne_type": "",
                "e_type": "WIKILINK",
                "en": 9,
                "eIdx": 0,
                "st": 3
            },
            {
                "ancestor": "",
                "keyword": "[스페인어]",
                "ne_type": "",
                "e_type": "WIKILINK",
                "en": 17,
                "eIdx": 1,
                "st": 11
            },
            {
                "ancestor": "",
                "keyword": "[영어]",
                "ne_type": "",
                "e_type": "WIKILINK",
                "en": 23,
                "eIdx": 2,
                "st": 19
            },
            {
                "ancestor": "",
                "keyword": "[이탈리아어]",
                "ne_type": "",
                "e_type": "WIKILINK",
                "en": 32,
                "eIdx": 3,
                "st": 25
            },
            {
                "ancestor": "",
                "keyword": "[독일어]",
                "ne_type": "",
                "e_type": "WIKILINK",
                "en": 39,
                "eIdx": 4,
                "st": 34
            },
            {
                "ancestor": "",
                "keyword": "[포르투갈어]",
                "ne_type": "",
                "e_type": "WIKILINK",
                "en": 48,
                "eIdx": 5,
                "st": 41
            }
        ],
        "text": "그는 [프랑스어], [스페인어], [영어], [이탈리아어], [독일어], [포르투갈어] 등 6개 언어를 구사한다.",
        "pIdx": 3
    }
]