[
    {
        "pronouns": [],
        "globalSId": [
            3227833,
            3227834
        ],
        "wikiPageId": 1031653,
        "entities": [
            {
                "ancestor": "",
                "keyword": "<러시아>",
                "ne_type": "",
                "e_type": "ELU",
                "en": 5,
                "eIdx": 0,
                "st": 0
            },
            {
                "ancestor": "",
                "keyword": "<현재>",
                "ne_type": "",
                "e_type": "ELU",
                "en": 26,
                "eIdx": 1,
                "st": 22
            },
            {
                "ancestor": "",
                "keyword": "[러시아]",
                "ne_type": "",
                "e_type": "WIKILINK",
                "en": 33,
                "eIdx": 2,
                "st": 28
            },
            {
                "ancestor": "",
                "keyword": "[소련]",
                "ne_type": "",
                "e_type": "WIKILINK",
                "en": 38,
                "eIdx": 3,
                "st": 34
            },
            {
                "ancestor": "",
                "keyword": "[조선민주주의인민공화국]",
                "ne_type": "",
                "e_type": "WIKILINK",
                "en": 60,
                "eIdx": 4,
                "st": 47
            },
            {
                "ancestor": "",
                "keyword": "<러시아>",
                "ne_type": "",
                "e_type": "ELU",
                "en": 96,
                "eIdx": 5,
                "st": 91
            },
            {
                "ancestor": "",
                "keyword": "[한러_관계]",
                "ne_type": "",
                "e_type": "WIKILINK",
                "en": 116,
                "eIdx": 6,
                "st": 109
            }
        ],
        "text": "<러시아>-조선민주주의인민공화국 관계는 <현재>의 [러시아]([소련] 시절 포함)와 [조선민주주의인민공화국] 간의 상호 외교, 군사 관계를 말한다. 한반도 전체와 <러시아> 간의 관계에 관하여는 [한러_관계]를 참조.",
        "pIdx": 1
    }
]