[
    {
        "pronouns": [],
        "globalSId": [
            1719391,
            1719392,
            1719393
        ],
        "wikiPageId": 323554,
        "entities": [
            {
                "ancestor": "",
                "keyword": "<오리노코_강>",
                "ne_type": "",
                "e_type": "ELU",
                "en": 8,
                "eIdx": 0,
                "st": 0
            },
            {
                "ancestor": "",
                "keyword": "[파리마_산맥]",
                "ne_type": "",
                "e_type": "WIKILINK",
                "en": 20,
                "eIdx": 1,
                "st": 12
            },
            {
                "ancestor": "",
                "keyword": "[콜롬비아]",
                "ne_type": "",
                "e_type": "WIKILINK",
                "en": 41,
                "eIdx": 2,
                "st": 35
            },
            {
                "ancestor": "",
                "keyword": "[베네수엘라]",
                "ne_type": "",
                "e_type": "WIKILINK",
                "en": 50,
                "eIdx": 3,
                "st": 43
            },
            {
                "ancestor": "",
                "keyword": "[아푸레_강]",
                "ne_type": "",
                "e_type": "WIKILINK",
                "en": 75,
                "eIdx": 4,
                "st": 68
            },
            {
                "ancestor": "",
                "keyword": "[대서양]",
                "ne_type": "",
                "e_type": "WIKILINK",
                "en": 95,
                "eIdx": 5,
                "st": 90
            },
            {
                "ancestor": "",
                "keyword": "[열대_우림]",
                "ne_type": "",
                "e_type": "WIKILINK",
                "en": 126,
                "eIdx": 6,
                "st": 119
            },
            {
                "ancestor": "",
                "keyword": "[야노스]",
                "ne_type": "",
                "e_type": "WIKILINK",
                "en": 139,
                "eIdx": 7,
                "st": 134
            },
            {
                "ancestor": "",
                "keyword": "<초원>",
                "ne_type": "",
                "e_type": "ELU",
                "en": 144,
                "eIdx": 8,
                "st": 140
            },
            {
                "ancestor": "",
                "keyword": "<전하_(호칭)>",
                "ne_type": "",
                "e_type": "ELU",
                "en": 155,
                "eIdx": 9,
                "st": 146
            }
        ],
        "text": "<오리노코_강>()은 [파리마_산맥]의 남쪽 끝에서 발원하며, [콜롬비아]와 [베네수엘라]와의 국경을 북쪽으로 흐르다가, [아푸레_강]과 합류, 동쪽으로 흘러서 [대서양]으로 들어간다. 전장 2,200㎞. 상류의 [열대_우림]지역, 하류의 [야노스] <초원>을 <전하_(호칭)>여 94만㎢의 유역 면적을 갖고 있다.",
        "pIdx": 1
    }
]