[
    {
        "entities": [
            {
                "keyword": "<포르투갈>",
                "ancestor": "",
                "st": 0,
                "eIdx": 0,
                "ne_type": "",
                "en": 6,
                "e_type": "ELU"
            },
            {
                "keyword": "[배타적_경제_수역]",
                "ancestor": "",
                "st": 8,
                "eIdx": 1,
                "ne_type": "",
                "en": 19,
                "e_type": "WIKILINK"
            },
            {
                "keyword": "[유럽_연합]",
                "ancestor": "",
                "st": 40,
                "eIdx": 2,
                "ne_type": "",
                "en": 47,
                "e_type": "WIKILINK"
            },
            {
                "keyword": "<수산업>",
                "ancestor": "",
                "st": 68,
                "eIdx": 3,
                "ne_type": "",
                "en": 73,
                "e_type": "ELU"
            }
        ],
        "text": "<포르투갈>의 [배타적_경제_수역]은 172만 7408제곱 킬로미터로, [유럽_연합]에서 3위, 세계에서 11번째로 넓어 <수산업>의 발달에 유리하다.",
        "globalSId": [
            3333025
        ],
        "pIdx": 3,
        "pronouns": [],
        "wikiPageId": 1103507
    },
    {
        "entities": [
            {
                "keyword": "<포르투갈>",
                "ancestor": "",
                "st": 3,
                "eIdx": 0,
                "ne_type": "",
                "en": 9,
                "e_type": "ELU"
            },
            {
                "keyword": "[유럽_경제_공동체]",
                "ancestor": "",
                "st": 24,
                "eIdx": 1,
                "ne_type": "",
                "en": 35,
                "e_type": "WIKILINK"
            },
            {
                "keyword": "<통합_개발_환경>",
                "ancestor": "",
                "st": 59,
                "eIdx": 2,
                "ne_type": "",
                "en": 69,
                "e_type": "ELU"
            }
        ],
        "text": "개괄 <포르투갈>의 어업 분야는 1986년 [유럽_경제_공동체]에 들어가면서부터 어업 종사자의 수와 어업 <통합_개발_환경>에 많은 구조적 변화가 왔다. 어선단 수는 1994년 12,299대에서 1999년 10,933대로 하락했고, 공식 등록된 어부도 1994년 31,721명에서 27,191명으로 감소하였다. 물고기 수입은 1990년에서 1999년까지 31% 증가하였지만, 수출은 0.4% 감소하였다.",
        "globalSId": [
            3333026,
            3333027,
            3333028,
            3333029
        ],
        "pIdx": 4,
        "pronouns": [],
        "wikiPageId": 1103507
    },
    {
        "entities": [
            {
                "keyword": "[와트]",
                "ancestor": "",
                "st": 115,
                "eIdx": 0,
                "ne_type": "",
                "en": 119,
                "e_type": "WIKILINK"
            },
            {
                "keyword": "[톤]",
                "ancestor": "",
                "st": 202,
                "eIdx": 1,
                "ne_type": "",
                "en": 205,
                "e_type": "WIKILINK"
            }
        ],
        "text": "1997년에 4,932명의 사람들이 어업 분야에 종사하는 것으로 밝혀졌다. 2004년에 10,089척의 배가 등록되었으며 배의 총 무게가 총 11만 2978톤이고, 배가 사용하는 전력량은 총 391만 6킬로[와트]이다. 1998년부터 2004년까지 어부의 9.9%, 선단 총무게의 1.5%, 전력량의 0.8%가 감소하였다. 총 어획량도 1998년 22만 4000[톤]에서 2004년 14만 톤으로 38%나 감소하였다.",
        "globalSId": [
            3333030,
            3333031,
            3333032,
            3333033
        ],
        "pIdx": 5,
        "pronouns": [],
        "wikiPageId": 1103507
    },
    {
        "entities": [
            {
                "keyword": "[공동어업정책]",
                "ancestor": "",
                "st": 0,
                "eIdx": 0,
                "ne_type": "",
                "en": 8,
                "e_type": "WIKILINK"
            },
            {
                "keyword": "[유럽_연합]",
                "ancestor": "",
                "st": 16,
                "eIdx": 1,
                "ne_type": "",
                "en": 23,
                "e_type": "WIKILINK"
            },
            {
                "keyword": "<유럽_연합>",
                "ancestor": "",
                "st": 107,
                "eIdx": 2,
                "ne_type": "",
                "en": 114,
                "e_type": "ELU"
            },
            {
                "keyword": "<포르투갈>",
                "ancestor": "",
                "st": 116,
                "eIdx": 3,
                "ne_type": "",
                "en": 122,
                "e_type": "ELU"
            },
            {
                "keyword": "<포르투갈>",
                "ancestor": "",
                "st": 170,
                "eIdx": 4,
                "ne_type": "",
                "en": 176,
                "e_type": "ELU"
            },
            {
                "keyword": "[공해_(바다)]",
                "ancestor": "",
                "st": 206,
                "eIdx": 5,
                "ne_type": "",
                "en": 215,
                "e_type": "WIKILINK"
            }
        ],
        "text": "[공동어업정책]의 일환으로, [유럽_연합]은 어업 자원과 개발의 균형을 맞춰 지속 가능한 어업 정책을 수립하고, 어업 정책과 조직들의 경쟁력을 향상시키고, 잠재적으로 가능한 시장을 개발한다. <유럽_연합>은 <포르투갈>의 어업에 특히 주의를 주었는데, 포르투갈 해안가의 특성과 배의 사용 여부 때문이다. <포르투갈>의 어업은 국내의, 유럽연합의, 비 유럽연합국가들과의 [공해_(바다)]조절로 인해서 규모와 특성에서 상당한 변화를 보였다.",
        "globalSId": [
            3333034,
            3333035,
            3333036
        ],
        "pIdx": 6,
        "pronouns": [],
        "wikiPageId": 1103507
    },
    {
        "entities": [
            {
                "keyword": "<영해>",
                "ancestor": "",
                "st": 8,
                "eIdx": 0,
                "ne_type": "",
                "en": 12,
                "e_type": "ELU"
            },
            {
                "keyword": "<근대화>",
                "ancestor": "",
                "st": 57,
                "eIdx": 1,
                "ne_type": "",
                "en": 62,
                "e_type": "ELU"
            },
            {
                "keyword": "<차량_자동_항법_장치>",
                "ancestor": "",
                "st": 121,
                "eIdx": 2,
                "ne_type": "",
                "en": 134,
                "e_type": "ELU"
            },
            {
                "keyword": "<이전_(후한)>",
                "ancestor": "",
                "st": 165,
                "eIdx": 3,
                "ne_type": "",
                "en": 174,
                "e_type": "ELU"
            }
        ],
        "text": "현재 포르투갈 <영해>의 자원과 타국의 어획 제한으로 인해서, 선단의 규모와 질을 조절하는 것이 어업 <근대화>와 개혁에서 중요하다. 1990년에서 2000년까지, 선내 물고기 보존 방법과, 자동 작업 시스템, 전자 <차량_자동_항법_장치>과 물고기 탐지 시스템이 탑재된 신형 배들이 1980년 <이전_(후한)>에 썼던 구식의 배를 점차 대체할 것이다.",
        "globalSId": [
            3333037,
            3333038
        ],
        "pIdx": 7,
        "pronouns": [],
        "wikiPageId": 1103507
    },
    {
        "entities": [
            {
                "keyword": "[로마_공화정]",
                "ancestor": "",
                "st": 3,
                "eIdx": 0,
                "ne_type": "",
                "en": 11,
                "e_type": "WIKILINK"
            },
            {
                "keyword": "<포르투갈>",
                "ancestor": "",
                "st": 28,
                "eIdx": 1,
                "ne_type": "",
                "en": 34,
                "e_type": "ELU"
            },
            {
                "keyword": "[루시타니아]",
                "ancestor": "",
                "st": 52,
                "eIdx": 2,
                "ne_type": "",
                "en": 59,
                "e_type": "WIKILINK"
            },
            {
                "keyword": "<포르투갈>",
                "ancestor": "",
                "st": 62,
                "eIdx": 3,
                "ne_type": "",
                "en": 68,
                "e_type": "ELU"
            },
            {
                "keyword": "<가름_(노르드_신화)>",
                "ancestor": "",
                "st": 72,
                "eIdx": 4,
                "ne_type": "",
                "en": 85,
                "e_type": "ELU"
            },
            {
                "keyword": "<로마>",
                "ancestor": "",
                "st": 104,
                "eIdx": 5,
                "ne_type": "",
                "en": 108,
                "e_type": "ELU"
            },
            {
                "keyword": "[라고스(포르투갈)]",
                "ancestor": "",
                "st": 131,
                "eIdx": 6,
                "ne_type": "",
                "en": 142,
                "e_type": "WIKILINK"
            },
            {
                "keyword": "<로마>",
                "ancestor": "",
                "st": 145,
                "eIdx": 7,
                "ne_type": "",
                "en": 149,
                "e_type": "ELU"
            },
            {
                "keyword": "<가름_(노르드_신화)>",
                "ancestor": "",
                "st": 151,
                "eIdx": 8,
                "ne_type": "",
                "en": 164,
                "e_type": "ELU"
            },
            {
                "keyword": "[리스본]",
                "ancestor": "",
                "st": 208,
                "eIdx": 9,
                "ne_type": "",
                "en": 213,
                "e_type": "WIKILINK"
            },
            {
                "keyword": "<가름_(노르드_신화)>",
                "ancestor": "",
                "st": 227,
                "eIdx": 10,
                "ne_type": "",
                "en": 240,
                "e_type": "ELU"
            },
            {
                "keyword": "<폐허>",
                "ancestor": "",
                "st": 250,
                "eIdx": 11,
                "ne_type": "",
                "en": 254,
                "e_type": "ELU"
            }
        ],
        "text": "역사 [로마_공화정]시대에 수산물 제조 시설이 현 <포르투갈>의 해안에서 발견되었다. 당시에 [루시타니아](현 <포르투갈>)에서 <가름_(노르드_신화)>이라고 하는 발효된 물고기 소스는 <로마>에서 높은 가치를 받았다. 라코브리가(현 [라고스(포르투갈)]에서 <로마>로 <가름_(노르드_신화)>을 운송하는 직항선이 개통되었다. 당시에 수산물 가공 시장이 성했던 증거로는, [리스본]의 옛 구역의 시가지에서 <가름_(노르드_신화)>을 가공하는 부지 <폐허>를 볼 수 있다.",
        "globalSId": [
            3333039,
            3333040,
            3333041,
            3333042,
            3333043
        ],
        "pIdx": 8,
        "pronouns": [],
        "wikiPageId": 1103507
    },
    {
        "entities": [
            {
                "keyword": "<포르투갈>",
                "ancestor": "",
                "st": 4,
                "eIdx": 0,
                "ne_type": "",
                "en": 10,
                "e_type": "ELU"
            },
            {
                "keyword": "<포르투갈>",
                "ancestor": "",
                "st": 30,
                "eIdx": 1,
                "ne_type": "",
                "en": 36,
                "e_type": "ELU"
            },
            {
                "keyword": "[대항해시대]",
                "ancestor": "",
                "st": 38,
                "eIdx": 2,
                "ne_type": "",
                "en": 45,
                "e_type": "WIKILINK"
            },
            {
                "keyword": "[포르투갈_요리]",
                "ancestor": "",
                "st": 94,
                "eIdx": 3,
                "ne_type": "",
                "en": 103,
                "e_type": "WIKILINK"
            },
            {
                "keyword": "<명성>",
                "ancestor": "",
                "st": 147,
                "eIdx": 4,
                "ne_type": "",
                "en": 151,
                "e_type": "ELU"
            }
        ],
        "text": "생선이 <포르투갈>의 사람들의 주식이 되게 된 계기는 <포르투갈>에 [대항해시대]가 오고 난 후였다. 포르투갈인들은 1인당 생선 소비량이 가장 많은 국민들 중 하나로, [포르투갈_요리]중에서 생선이나 수산물이 들어있는 경우가 많고, 이 음식들 중에서는 국제적으로 <명성>이 있는 것들도 있다.",
        "globalSId": [
            3333044,
            3333045
        ],
        "pIdx": 9,
        "pronouns": [],
        "wikiPageId": 1103507
    },
    {
        "entities": [
            {
                "keyword": "<수산업>",
                "ancestor": "",
                "st": 3,
                "eIdx": 0,
                "ne_type": "",
                "en": 8,
                "e_type": "ELU"
            },
            {
                "keyword": "<포르투갈>",
                "ancestor": "",
                "st": 9,
                "eIdx": 1,
                "ne_type": "",
                "en": 15,
                "e_type": "ELU"
            },
            {
                "keyword": "<어선>",
                "ancestor": "",
                "st": 57,
                "eIdx": 2,
                "ne_type": "",
                "en": 61,
                "e_type": "ELU"
            },
            {
                "keyword": "<어선>",
                "ancestor": "",
                "st": 66,
                "eIdx": 3,
                "ne_type": "",
                "en": 70,
                "e_type": "ELU"
            },
            {
                "keyword": "<어선>",
                "ancestor": "",
                "st": 79,
                "eIdx": 4,
                "ne_type": "",
                "en": 83,
                "e_type": "ELU"
            }
        ],
        "text": "해양 <수산업> <포르투갈>의 수산업은 넓고 다양한데, 어선들은 그들의 활동 지역에 따라서 지역 활동 <어선>, 연안 <어선>, 장거리 활동 <어선>으로 분류된다.",
        "globalSId": [
            3333046,
            3333047
        ],
        "pIdx": 10,
        "pronouns": [],
        "wikiPageId": 1103507
    },
    {
        "entities": [
            {
                "keyword": "<이하_(영화_감독)>",
                "ancestor": "",
                "st": 17,
                "eIdx": 0,
                "ne_type": "",
                "en": 29,
                "e_type": "ELU"
            },
            {
                "keyword": "<구성>",
                "ancestor": "",
                "st": 39,
                "eIdx": 1,
                "ne_type": "",
                "en": 43,
                "e_type": "ELU"
            },
            {
                "keyword": "<구성>",
                "ancestor": "",
                "st": 150,
                "eIdx": 2,
                "ne_type": "",
                "en": 154,
                "e_type": "ELU"
            },
            {
                "keyword": "<물고기>",
                "ancestor": "",
                "st": 187,
                "eIdx": 3,
                "ne_type": "",
                "en": 192,
                "e_type": "ELU"
            },
            {
                "keyword": "[갈치]",
                "ancestor": "",
                "st": 215,
                "eIdx": 4,
                "ne_type": "",
                "en": 219,
                "e_type": "WIKILINK"
            },
            {
                "keyword": "[붕장어]",
                "ancestor": "",
                "st": 221,
                "eIdx": 5,
                "ne_type": "",
                "en": 226,
                "e_type": "WIKILINK"
            },
            {
                "keyword": "[대구_(어류)]",
                "ancestor": "",
                "st": 228,
                "eIdx": 6,
                "ne_type": "",
                "en": 237,
                "e_type": "WIKILINK"
            },
            {
                "keyword": "[헤이크]",
                "ancestor": "",
                "st": 239,
                "eIdx": 7,
                "ne_type": "",
                "en": 244,
                "e_type": "WIKILINK"
            },
            {
                "keyword": "[아귀]",
                "ancestor": "",
                "st": 246,
                "eIdx": 8,
                "ne_type": "",
                "en": 250,
                "e_type": "WIKILINK"
            },
            {
                "keyword": "[정어리]",
                "ancestor": "",
                "st": 294,
                "eIdx": 9,
                "ne_type": "",
                "en": 299,
                "e_type": "WIKILINK"
            }
        ],
        "text": "지역 활동 선단들은 총량 5톤 <이하_(영화_감독)>의 작은 어선들로 <구성>되어있으며, 2004년에 지역 선단들은 전체 선단들의 87%, 전체 어획량의 7%를 차지했다. 보통 지역 활동 어선들은 두 가지 이상의 어획 방식을 쓰는데, 갈고리, 자망(刺網), 덫 등으로 <구성>되어 있다. 겉보기 상으로 어획량은 적어보이지만, 고수익성 <물고기>를 포획하기 때문에 수익성이 좋다. 주로 [갈치], [붕장어], [대구_(어류)], [헤이크], [아귀]를 포획한다. 후릿그물 낚시도 지역 선단이나 본토에서 사용되는 어획 방법인데, [정어리]만을 잡는데 사용된다. 후릿그물 낚시는 총 내륙낚시에서 37%의 비중을 차지한다.",
        "globalSId": [
            3333048,
            3333049,
            3333050,
            3333051,
            3333052,
            3333053
        ],
        "pIdx": 11,
        "pronouns": [],
        "wikiPageId": 1103507
    },
    {
        "entities": [
            {
                "keyword": "<어선>",
                "ancestor": "",
                "st": 3,
                "eIdx": 0,
                "ne_type": "",
                "en": 7,
                "e_type": "ELU"
            },
            {
                "keyword": "<연안>",
                "ancestor": "",
                "st": 68,
                "eIdx": 1,
                "ne_type": "",
                "en": 72,
                "e_type": "ELU"
            },
            {
                "keyword": "<물고기>",
                "ancestor": "",
                "st": 82,
                "eIdx": 2,
                "ne_type": "",
                "en": 87,
                "e_type": "ELU"
            },
            {
                "keyword": "<포르투갈>",
                "ancestor": "",
                "st": 94,
                "eIdx": 3,
                "ne_type": "",
                "en": 100,
                "e_type": "ELU"
            },
            {
                "keyword": "[배타적_경제_수역]",
                "ancestor": "",
                "st": 102,
                "eIdx": 4,
                "ne_type": "",
                "en": 113,
                "e_type": "WIKILINK"
            },
            {
                "keyword": "<어선>",
                "ancestor": "",
                "st": 133,
                "eIdx": 5,
                "ne_type": "",
                "en": 137,
                "e_type": "ELU"
            },
            {
                "keyword": "[다랑어]",
                "ancestor": "",
                "st": 182,
                "eIdx": 6,
                "ne_type": "",
                "en": 187,
                "e_type": "WIKILINK"
            },
            {
                "keyword": "[문어]",
                "ancestor": "",
                "st": 189,
                "eIdx": 7,
                "ne_type": "",
                "en": 193,
                "e_type": "WIKILINK"
            },
            {
                "keyword": "[게]",
                "ancestor": "",
                "st": 195,
                "eIdx": 8,
                "ne_type": "",
                "en": 198,
                "e_type": "WIKILINK"
            },
            {
                "keyword": "[가재]",
                "ancestor": "",
                "st": 200,
                "eIdx": 9,
                "ne_type": "",
                "en": 204,
                "e_type": "WIKILINK"
            },
            {
                "keyword": "[새우]",
                "ancestor": "",
                "st": 206,
                "eIdx": 10,
                "ne_type": "",
                "en": 210,
                "e_type": "WIKILINK"
            }
        ],
        "text": "연안 <어선>은 뱃머리 숫자로는 13%밖에 차지하지 못하지만, 선체중량으로는 전체의 93%로, 가장 많이 차지한다. 보통 <연안>으로부터 떨어져서 <물고기>를 잡지만, <포르투갈>의 [배타적_경제_수역] 외에서 잡기도 한다. 보통 다기능 <어선>, 대형 건착망, 트롤선을 사용한다. 트롤선은 포르투갈 본토 해안에서만 활동하며 [다랑어], [문어], [게], [가재], [새우]와 같은 해저에서 사는 물고기를 잡는다.",
        "globalSId": [
            3333054,
            3333055,
            3333056,
            3333057
        ],
        "pIdx": 12,
        "pronouns": [],
        "wikiPageId": 1103507
    }
]