[
    {
        "pronouns": [],
        "globalSId": [
            1523325,
            1523326,
            1523327,
            1523328
        ],
        "wikiPageId": 269393,
        "entities": [
            {
                "ancestor": "",
                "keyword": "<이유필>",
                "ne_type": "",
                "e_type": "ELU",
                "en": 5,
                "eIdx": 0,
                "st": 0
            },
            {
                "ancestor": "",
                "keyword": "[1885년]",
                "ne_type": "",
                "e_type": "WIKILINK",
                "en": 18,
                "eIdx": 1,
                "st": 11
            },
            {
                "ancestor": "",
                "keyword": "[11월_28일]",
                "ne_type": "",
                "e_type": "WIKILINK",
                "en": 28,
                "eIdx": 2,
                "st": 19
            },
            {
                "ancestor": "",
                "keyword": "[1945년]",
                "ne_type": "",
                "e_type": "WIKILINK",
                "en": 36,
                "eIdx": 3,
                "st": 29
            },
            {
                "ancestor": "",
                "keyword": "[11월_29일]",
                "ne_type": "",
                "e_type": "WIKILINK",
                "en": 46,
                "eIdx": 4,
                "st": 37
            },
            {
                "ancestor": "",
                "keyword": "<한국>",
                "ne_type": "",
                "e_type": "ELU",
                "en": 53,
                "eIdx": 5,
                "st": 49
            }
        ],
        "text": "<이유필>(李裕弼, [1885년] [11월_28일]~[1945년] [11월_29일])은 <한국>의 독립운동가이자 정치가이다. 호는 춘산(春山). 본관은 경주. 아버지는 이계초(李啓初)이다.",
        "pIdx": 1
    },
    {
        "pronouns": [],
        "globalSId": [
            1523329
        ],
        "wikiPageId": 269393,
        "entities": [],
        "text": "생애",
        "pIdx": 2
    },
    {
        "pronouns": [],
        "globalSId": [
            1523330,
            1523331,
            1523332
        ],
        "wikiPageId": 269393,
        "entities": [
            {
                "ancestor": "",
                "keyword": "[안창호]",
                "ne_type": "",
                "e_type": "WIKILINK",
                "en": 19,
                "eIdx": 0,
                "st": 14
            },
            {
                "ancestor": "",
                "keyword": "[전덕기]",
                "ne_type": "",
                "e_type": "WIKILINK",
                "en": 25,
                "eIdx": 1,
                "st": 20
            },
            {
                "ancestor": "",
                "keyword": "[양기탁]",
                "ne_type": "",
                "e_type": "WIKILINK",
                "en": 31,
                "eIdx": 2,
                "st": 26
            },
            {
                "ancestor": "",
                "keyword": "<조직_(사회과학)>",
                "ne_type": "",
                "e_type": "ELU",
                "en": 46,
                "eIdx": 3,
                "st": 35
            },
            {
                "ancestor": "",
                "keyword": "<신민회>",
                "ne_type": "",
                "e_type": "ELU",
                "en": 58,
                "eIdx": 4,
                "st": 53
            },
            {
                "ancestor": "",
                "keyword": "<일본국_정부>",
                "ne_type": "",
                "e_type": "ELU",
                "en": 90,
                "eIdx": 5,
                "st": 82
            },
            {
                "ancestor": "",
                "keyword": "<진도군>",
                "ne_type": "",
                "e_type": "ELU",
                "en": 155,
                "eIdx": 6,
                "st": 150
            }
        ],
        "text": "독립운동 1900년대 초 [안창호]·[전덕기]·[양기탁] 등이 <조직_(사회과학)>한 비밀결사 <신민회>(新民會)에 가입해 활동하였다. 1912년 <일본국_정부>가 한인 독립운동가들을 탄압할 목적으로 날조한 105인사건으로 체포되어 재판을 받고 유배형에 처해져 1년간 <진도군>에 유배되었다.",
        "pIdx": 3
    },
    {
        "pronouns": [],
        "globalSId": [
            1523333
        ],
        "wikiPageId": 269393,
        "entities": [
            {
                "ancestor": "",
                "keyword": "<의주군>",
                "ne_type": "",
                "e_type": "ELU",
                "en": 32,
                "eIdx": 0,
                "st": 27
            },
            {
                "ancestor": "",
                "keyword": "<주도>",
                "ne_type": "",
                "e_type": "ELU",
                "en": 50,
                "eIdx": 1,
                "st": 46
            },
            {
                "ancestor": "",
                "keyword": "<상하이_시>",
                "ne_type": "",
                "e_type": "ELU",
                "en": 60,
                "eIdx": 2,
                "st": 53
            }
        ],
        "text": "1919년 3·1 만세 운동이 발생하자 평안북도 <의주군> 등지에서 독립만세시위를 <주도>하고 <상하이_시>(上海)로 망명했다.",
        "pIdx": 4
    },
    {
        "pronouns": [],
        "globalSId": [
            1523334,
            1523335,
            1523336,
            1523337
        ],
        "wikiPageId": 269393,
        "entities": [
            {
                "ancestor": "",
                "keyword": "[1919년]",
                "ne_type": "",
                "e_type": "WIKILINK",
                "en": 16,
                "eIdx": 0,
                "st": 9
            },
            {
                "ancestor": "",
                "keyword": "[4월]",
                "ne_type": "",
                "e_type": "WIKILINK",
                "en": 37,
                "eIdx": 1,
                "st": 33
            },
            {
                "ancestor": "",
                "keyword": "[상해_임시정부]",
                "ne_type": "",
                "e_type": "WIKILINK",
                "en": 47,
                "eIdx": 2,
                "st": 38
            },
            {
                "ancestor": "",
                "keyword": "[내무부]",
                "ne_type": "",
                "e_type": "WIKILINK",
                "en": 53,
                "eIdx": 3,
                "st": 48
            },
            {
                "ancestor": "",
                "keyword": "[비서국장]",
                "ne_type": "",
                "e_type": "WIKILINK",
                "en": 60,
                "eIdx": 4,
                "st": 54
            },
            {
                "ancestor": "",
                "keyword": "[이광수]",
                "ne_type": "",
                "e_type": "WIKILINK",
                "en": 74,
                "eIdx": 5,
                "st": 69
            },
            {
                "ancestor": "",
                "keyword": "[독립신문]",
                "ne_type": "",
                "e_type": "WIKILINK",
                "en": 97,
                "eIdx": 6,
                "st": 91
            },
            {
                "ancestor": "",
                "keyword": "<주도>",
                "ne_type": "",
                "e_type": "ELU",
                "en": 106,
                "eIdx": 7,
                "st": 102
            },
            {
                "ancestor": "",
                "keyword": "[1920년]",
                "ne_type": "",
                "e_type": "WIKILINK",
                "en": 117,
                "eIdx": 8,
                "st": 110
            },
            {
                "ancestor": "",
                "keyword": "[안창호]",
                "ne_type": "",
                "e_type": "WIKILINK",
                "en": 123,
                "eIdx": 9,
                "st": 118
            },
            {
                "ancestor": "",
                "keyword": "<인스톨레이션>",
                "ne_type": "",
                "e_type": "ELU",
                "en": 145,
                "eIdx": 10,
                "st": 137
            },
            {
                "ancestor": "",
                "keyword": "[8월]",
                "ne_type": "",
                "e_type": "WIKILINK",
                "en": 156,
                "eIdx": 11,
                "st": 152
            },
            {
                "ancestor": "",
                "keyword": "<미국>",
                "ne_type": "",
                "e_type": "ELU",
                "en": 163,
                "eIdx": 12,
                "st": 159
            },
            {
                "ancestor": "",
                "keyword": "<한국>",
                "ne_type": "",
                "e_type": "ELU",
                "en": 181,
                "eIdx": 13,
                "st": 177
            },
            {
                "ancestor": "",
                "keyword": "[1921년]",
                "ne_type": "",
                "e_type": "WIKILINK",
                "en": 200,
                "eIdx": 14,
                "st": 193
            },
            {
                "ancestor": "",
                "keyword": "[4월]",
                "ne_type": "",
                "e_type": "WIKILINK",
                "en": 205,
                "eIdx": 15,
                "st": 201
            },
            {
                "ancestor": "",
                "keyword": "<마거릿_대처>",
                "ne_type": "",
                "e_type": "ELU",
                "en": 237,
                "eIdx": 16,
                "st": 229
            },
            {
                "ancestor": "",
                "keyword": "<우산과_양산>",
                "ne_type": "",
                "e_type": "ELU",
                "en": 257,
                "eIdx": 17,
                "st": 249
            },
            {
                "ancestor": "",
                "keyword": "<한중호조사>",
                "ne_type": "",
                "e_type": "ELU",
                "en": 275,
                "eIdx": 18,
                "st": 268
            }
        ],
        "text": "임시 정부 활동 [1919년] 임시의정원 창설에 참여하였고 [4월] [상해_임시정부] [내무부] [비서국장]을 역임했으며, [이광수] 등과 함께 임시정부의 기관지 [독립신문] 창간을 <주도>했다. [1920년] [안창호]와 임시정부 선전위원회를 <인스톨레이션>하였고 그해 [8월]에는 <미국> 상하원의 의원단을 찾아 <한국>의 독립을 호소했다. [1921년] [4월] 한·중 양국이 서로 도와 대일항쟁에 공동 <마거릿_대처>하자는 취지로 중국인 <우산과_양산>(吳山) 등과 함께 <한중호조사>(韓中互助社) 설립에 참가했다.",
        "pIdx": 5
    },
    {
        "pronouns": [],
        "globalSId": [
            1523338,
            1523339,
            1523340
        ],
        "wikiPageId": 269393,
        "entities": [
            {
                "ancestor": "",
                "keyword": "[1922년]",
                "ne_type": "",
                "e_type": "WIKILINK",
                "en": 7,
                "eIdx": 0,
                "st": 0
            },
            {
                "ancestor": "",
                "keyword": "<김구>",
                "ne_type": "",
                "e_type": "ELU",
                "en": 12,
                "eIdx": 1,
                "st": 8
            },
            {
                "ancestor": "",
                "keyword": "<손정도>",
                "ne_type": "",
                "e_type": "ELU",
                "en": 19,
                "eIdx": 2,
                "st": 14
            },
            {
                "ancestor": "",
                "keyword": "<여운형>",
                "ne_type": "",
                "e_type": "ELU",
                "en": 26,
                "eIdx": 3,
                "st": 21
            },
            {
                "ancestor": "",
                "keyword": "<조동호>",
                "ne_type": "",
                "e_type": "ELU",
                "en": 33,
                "eIdx": 4,
                "st": 28
            },
            {
                "ancestor": "",
                "keyword": "<한국노병회>",
                "ne_type": "",
                "e_type": "ELU",
                "en": 47,
                "eIdx": 5,
                "st": 40
            },
            {
                "ancestor": "",
                "keyword": "<조직_(사회과학)>",
                "ne_type": "",
                "e_type": "ELU",
                "en": 67,
                "eIdx": 6,
                "st": 56
            },
            {
                "ancestor": "",
                "keyword": "<김구>",
                "ne_type": "",
                "e_type": "ELU",
                "en": 91,
                "eIdx": 7,
                "st": 87
            },
            {
                "ancestor": "",
                "keyword": "<이사_(법인)>",
                "ne_type": "",
                "e_type": "ELU",
                "en": 121,
                "eIdx": 8,
                "st": 112
            },
            {
                "ancestor": "",
                "keyword": "[1923년]",
                "ne_type": "",
                "e_type": "WIKILINK",
                "en": 136,
                "eIdx": 9,
                "st": 129
            },
            {
                "ancestor": "",
                "keyword": "[8월]",
                "ne_type": "",
                "e_type": "WIKILINK",
                "en": 141,
                "eIdx": 10,
                "st": 137
            },
            {
                "ancestor": "",
                "keyword": "<재일본대한민국민단>",
                "ne_type": "",
                "e_type": "ELU",
                "en": 170,
                "eIdx": 11,
                "st": 159
            },
            {
                "ancestor": "",
                "keyword": "[인성학교]",
                "ne_type": "",
                "e_type": "WIKILINK",
                "en": 184,
                "eIdx": 12,
                "st": 178
            }
        ],
        "text": "[1922년] <김구>, <손정도>, <여운형>, <조동호> 등과 함께 <한국노병회>(韓國勞兵會)를 <조직_(사회과학)>하고 경리부장이 되었으며 1926년 <김구>가 노병회 이사장직에서 사퇴하자 후임 <이사_(법인)>에 취임했다. [1923년] [8월] 한인거류민단 민단장에 선출되어 <재일본대한민국민단>에서 경영하는 [인성학교](仁成學校)의 교장도 겸임하였다. 이어 잡지 〈민성 民聲〉 등을 창간, 발행하였다.",
        "pIdx": 6
    }
]