[
    {
        "pronouns": [],
        "globalSId": [
            316132,
            316133,
            316134,
            316135
        ],
        "wikiPageId": 32771,
        "entities": [
            {
                "ancestor": "",
                "keyword": "<로욜라의_이냐시오>",
                "ne_type": "",
                "e_type": "ELU",
                "en": 18,
                "eIdx": 0,
                "st": 7
            },
            {
                "ancestor": "",
                "keyword": "[1491년]",
                "ne_type": "",
                "e_type": "WIKILINK",
                "en": 28,
                "eIdx": 1,
                "st": 21
            },
            {
                "ancestor": "",
                "keyword": "[10월_23일]",
                "ne_type": "",
                "e_type": "WIKILINK",
                "en": 38,
                "eIdx": 2,
                "st": 29
            },
            {
                "ancestor": "",
                "keyword": "[1556년]",
                "ne_type": "",
                "e_type": "WIKILINK",
                "en": 48,
                "eIdx": 3,
                "st": 41
            },
            {
                "ancestor": "",
                "keyword": "[7월_31일]",
                "ne_type": "",
                "e_type": "WIKILINK",
                "en": 57,
                "eIdx": 4,
                "st": 49
            },
            {
                "ancestor": "",
                "keyword": "<로욜라의_이냐시오>",
                "ne_type": "",
                "e_type": "ELU",
                "en": 73,
                "eIdx": 5,
                "st": 62
            },
            {
                "ancestor": "",
                "keyword": "[스페인]",
                "ne_type": "",
                "e_type": "WIKILINK",
                "en": 82,
                "eIdx": 6,
                "st": 77
            },
            {
                "ancestor": "",
                "keyword": "[바스크]",
                "ne_type": "",
                "e_type": "WIKILINK",
                "en": 88,
                "eIdx": 7,
                "st": 83
            },
            {
                "ancestor": "",
                "keyword": "[귀족]",
                "ne_type": "",
                "e_type": "WIKILINK",
                "en": 93,
                "eIdx": 8,
                "st": 89
            },
            {
                "ancestor": "",
                "keyword": "[기사_(군사)]",
                "ne_type": "",
                "e_type": "WIKILINK",
                "en": 107,
                "eIdx": 9,
                "st": 98
            },
            {
                "ancestor": "",
                "keyword": "<이후_(소설가)>",
                "ne_type": "",
                "e_type": "ELU",
                "en": 127,
                "eIdx": 10,
                "st": 117
            },
            {
                "ancestor": "",
                "keyword": "[로마_가톨릭교회]",
                "ne_type": "",
                "e_type": "WIKILINK",
                "en": 139,
                "eIdx": 11,
                "st": 129
            },
            {
                "ancestor": "",
                "keyword": "[은수자]",
                "ne_type": "",
                "e_type": "WIKILINK",
                "en": 146,
                "eIdx": 12,
                "st": 141
            },
            {
                "ancestor": "",
                "keyword": "[사제]",
                "ne_type": "",
                "e_type": "WIKILINK",
                "en": 153,
                "eIdx": 13,
                "st": 149
            },
            {
                "ancestor": "",
                "keyword": "[신학자]",
                "ne_type": "",
                "e_type": "WIKILINK",
                "en": 160,
                "eIdx": 14,
                "st": 155
            },
            {
                "ancestor": "",
                "keyword": "[예수회]",
                "ne_type": "",
                "e_type": "WIKILINK",
                "en": 175,
                "eIdx": 15,
                "st": 170
            },
            {
                "ancestor": "",
                "keyword": "[예수회의_총장]",
                "ne_type": "",
                "e_type": "WIKILINK",
                "en": 195,
                "eIdx": 16,
                "st": 186
            },
            {
                "ancestor": "",
                "keyword": "<로욜라의_이냐시오>",
                "ne_type": "",
                "e_type": "ELU",
                "en": 214,
                "eIdx": 17,
                "st": 203
            },
            {
                "ancestor": "",
                "keyword": "[가톨릭_개혁]",
                "ne_type": "",
                "e_type": "WIKILINK",
                "en": 224,
                "eIdx": 18,
                "st": 216
            },
            {
                "ancestor": "",
                "keyword": "<지도력>",
                "ne_type": "",
                "e_type": "ELU",
                "en": 241,
                "eIdx": 19,
                "st": 236
            }
        ],
        "text": "로욜라의 성 <로욜라의_이냐시오>(, [1491년] [10월_23일] ~ [1556년] [7월_31일]) 또는 <로욜라의_이냐시오>()는 [스페인] [바스크] [귀족] 가문의 [기사_(군사)]이자 (1537년 <이후_(소설가)>) [로마_가톨릭교회]의 [은수자]이자 [사제], [신학자]이다. 또한 그는 [예수회]의 창립자이자 초대 [예수회의_총장]이기도 하다. <로욜라의_이냐시오>는 [가톨릭_개혁] 시기에 특출난 영적 <지도력>로 급부상하였다. 가톨릭교회에 대한 그의 충성은 가톨릭교회의 권위와 교계제도에 대한 절대적인 순명으로 특징지을 수 있다.",
        "pIdx": 1
    },
    {
        "pronouns": [],
        "globalSId": [
            316136,
            316137,
            316138,
            316139,
            316140,
            316141,
            316142
        ],
        "wikiPageId": 32771,
        "entities": [
            {
                "ancestor": "",
                "keyword": "[팜플로나_전투]",
                "ne_type": "",
                "e_type": "WIKILINK",
                "en": 15,
                "eIdx": 0,
                "st": 6
            },
            {
                "ancestor": "",
                "keyword": "<명예훼손>",
                "ne_type": "",
                "e_type": "ELU",
                "en": 24,
                "eIdx": 1,
                "st": 18
            },
            {
                "ancestor": "",
                "keyword": "[작센의_루돌프]",
                "ne_type": "",
                "e_type": "WIKILINK",
                "en": 100,
                "eIdx": 2,
                "st": 91
            },
            {
                "ancestor": "",
                "keyword": "<그리스도>",
                "ne_type": "",
                "e_type": "ELU",
                "en": 111,
                "eIdx": 3,
                "st": 105
            },
            {
                "ancestor": "",
                "keyword": "<현재>",
                "ne_type": "",
                "e_type": "ELU",
                "en": 128,
                "eIdx": 4,
                "st": 124
            },
            {
                "ancestor": "",
                "keyword": "<청산>",
                "ne_type": "",
                "e_type": "ELU",
                "en": 143,
                "eIdx": 5,
                "st": 139
            },
            {
                "ancestor": "",
                "keyword": "[아시시의_성_프란치스코]",
                "ne_type": "",
                "e_type": "WIKILINK",
                "en": 160,
                "eIdx": 6,
                "st": 146
            },
            {
                "ancestor": "",
                "keyword": "<지도력>",
                "ne_type": "",
                "e_type": "ELU",
                "en": 177,
                "eIdx": 7,
                "st": 172
            },
            {
                "ancestor": "",
                "keyword": "<로욜라의_이냐시오>",
                "ne_type": "",
                "e_type": "ELU",
                "en": 235,
                "eIdx": 8,
                "st": 224
            },
            {
                "ancestor": "",
                "keyword": "[몬세라트의_성모]",
                "ne_type": "",
                "e_type": "WIKILINK",
                "en": 257,
                "eIdx": 9,
                "st": 247
            },
            {
                "ancestor": "",
                "keyword": "<성당>",
                "ne_type": "",
                "e_type": "ELU",
                "en": 262,
                "eIdx": 10,
                "st": 258
            },
            {
                "ancestor": "",
                "keyword": "[성모_마리아]",
                "ne_type": "",
                "e_type": "WIKILINK",
                "en": 281,
                "eIdx": 11,
                "st": 273
            },
            {
                "ancestor": "",
                "keyword": "[아기_예수]",
                "ne_type": "",
                "e_type": "WIKILINK",
                "en": 290,
                "eIdx": 12,
                "st": 283
            },
            {
                "ancestor": "",
                "keyword": "[만레사]",
                "ne_type": "",
                "e_type": "WIKILINK",
                "en": 325,
                "eIdx": 13,
                "st": 320
            },
            {
                "ancestor": "",
                "keyword": "<기도>",
                "ne_type": "",
                "e_type": "ELU",
                "en": 352,
                "eIdx": 14,
                "st": 348
            },
            {
                "ancestor": "",
                "keyword": "<단식>",
                "ne_type": "",
                "e_type": "ELU",
                "en": 413,
                "eIdx": 15,
                "st": 409
            },
            {
                "ancestor": "",
                "keyword": "[영신수련]",
                "ne_type": "",
                "e_type": "WIKILINK",
                "en": 455,
                "eIdx": 16,
                "st": 449
            },
            {
                "ancestor": "",
                "keyword": "<로욜라의_이냐시오>",
                "ne_type": "",
                "e_type": "ELU",
                "en": 481,
                "eIdx": 17,
                "st": 470
            },
            {
                "ancestor": "",
                "keyword": "[성지]",
                "ne_type": "",
                "e_type": "WIKILINK",
                "en": 487,
                "eIdx": 18,
                "st": 483
            },
            {
                "ancestor": "",
                "keyword": "[예루살렘]",
                "ne_type": "",
                "e_type": "WIKILINK",
                "en": 494,
                "eIdx": 19,
                "st": 488
            },
            {
                "ancestor": "",
                "keyword": "[프란치스코회]",
                "ne_type": "",
                "e_type": "WIKILINK",
                "en": 544,
                "eIdx": 20,
                "st": 536
            },
            {
                "ancestor": "",
                "keyword": "[유럽]",
                "ne_type": "",
                "e_type": "WIKILINK",
                "en": 568,
                "eIdx": 21,
                "st": 564
            }
        ],
        "text": "1521년 [팜플로나_전투]에서 <명예훼손>을 입은 그는 회복을 위해 병상에 누워서 치료하는 동안 여러 가지 교회서적을 탐독하면서 깊은 회심을 하게 되었다. 특히 [작센의_루돌프]가 쓴 《<그리스도>의 생애》를 읽고 그는 <현재>까지의 군인 생활을 <청산>하고 [아시시의_성_프란치스코]와 같은 위대한 영적 <지도력>의 본보기를 따라 여생을 하느님을 위한 일에 헌신하기로 다짐하였다. 1522년 3월 <로욜라의_이냐시오>가 몸을 추스르고나서 [몬세라트의_성모] <성당>을 방문하였을 때, [성모_마리아]와 [아기_예수]의 환시를 체험하였다. 이후 그는 고행의 복장을 하고 [만레사]에 있는 깊은 동굴 안에 들어가 머물면서 <기도>와 극기로 1년간의 세월을 보냈다. 또한 그는 고행과 문전걸식을 하며 가시 돋친 허리띠를 두르고 연일 <단식>을 하였다. 이와 같은 명상 생활을 하면서 만들어진 것이 바로 《[영신수련]》이다. 1523년 9월, <로욜라의_이냐시오>는 [성지] [예루살렘]을 방문하여 그곳에 머무르고자 하였으나, 당시 예루살렘 성소들을 관리하였던 [프란치스코회]이 받아들여주지 않아 하는 수 없이 [유럽]으로 돌아왔다.",
        "pIdx": 2
    }
]