[
    {
        "pronouns": [],
        "globalSId": [
            84405,
            84406,
            84407
        ],
        "wikiPageId": 6086,
        "entities": [
            {
                "ancestor": "",
                "keyword": "<동구_(대구광역시)>",
                "ne_type": "",
                "e_type": "ELU",
                "en": 12,
                "eIdx": 0,
                "st": 0
            },
            {
                "ancestor": "",
                "keyword": "[광주광역시]",
                "ne_type": "",
                "e_type": "WIKILINK",
                "en": 25,
                "eIdx": 1,
                "st": 18
            },
            {
                "ancestor": "",
                "keyword": "[구_(행정_구역)]",
                "ne_type": "",
                "e_type": "WIKILINK",
                "en": 38,
                "eIdx": 2,
                "st": 27
            },
            {
                "ancestor": "",
                "keyword": "<전라남도청>",
                "ne_type": "",
                "e_type": "ELU",
                "en": 52,
                "eIdx": 3,
                "st": 45
            },
            {
                "ancestor": "",
                "keyword": "<광주광역시>",
                "ne_type": "",
                "e_type": "ELU",
                "en": 112,
                "eIdx": 4,
                "st": 105
            },
            {
                "ancestor": "",
                "keyword": "<위치_(잡지)>",
                "ne_type": "",
                "e_type": "ELU",
                "en": 153,
                "eIdx": 5,
                "st": 144
            },
            {
                "ancestor": "",
                "keyword": "[북구_(광주광역시)]",
                "ne_type": "",
                "e_type": "WIKILINK",
                "en": 179,
                "eIdx": 6,
                "st": 167
            },
            {
                "ancestor": "",
                "keyword": "[전라남도]",
                "ne_type": "",
                "e_type": "WIKILINK",
                "en": 199,
                "eIdx": 7,
                "st": 193
            },
            {
                "ancestor": "",
                "keyword": "[화순군]",
                "ne_type": "",
                "e_type": "WIKILINK",
                "en": 205,
                "eIdx": 8,
                "st": 200
            },
            {
                "ancestor": "",
                "keyword": "<광주천>",
                "ne_type": "",
                "e_type": "ELU",
                "en": 220,
                "eIdx": 9,
                "st": 215
            },
            {
                "ancestor": "",
                "keyword": "[무등산]",
                "ne_type": "",
                "e_type": "WIKILINK",
                "en": 235,
                "eIdx": 10,
                "st": 230
            },
            {
                "ancestor": "",
                "keyword": "<ㅈ>",
                "ne_type": "",
                "e_type": "ELU",
                "en": 248,
                "eIdx": 11,
                "st": 245
            }
        ],
        "text": "<동구_(대구광역시)>(東區)는 [광주광역시]의 [구_(행정_구역)]이다. 과거 <전라남도청>의 소재지였다. 서남권 개발의 중핵으로 전통 깊은 민주도시이며, 세계속의 문화도시로 발돋움하는 <광주광역시>의 중심부 역할을 해온 동구는 동경 127°북위 35°에 <위치_(잡지)>, 북쪽으로는 광주광역시 [북구_(광주광역시)]와 연접하고, 남쪽으로는 [전라남도] [화순군]과 경계를 이루며 <광주천>을 서남쪽에 끼고 [무등산] 너른 자락 밑에 <ㅈ>잡고 있다.",
        "pIdx": 1
    },
    {
        "pronouns": [],
        "globalSId": [
            84408,
            84409,
            84410
        ],
        "wikiPageId": 6086,
        "entities": [
            {
                "ancestor": "",
                "keyword": "<광주광역시>",
                "ne_type": "",
                "e_type": "ELU",
                "en": 10,
                "eIdx": 0,
                "st": 3
            },
            {
                "ancestor": "",
                "keyword": "[삼한시대]",
                "ne_type": "",
                "e_type": "WIKILINK",
                "en": 18,
                "eIdx": 1,
                "st": 12
            },
            {
                "ancestor": "",
                "keyword": "[마한]",
                "ne_type": "",
                "e_type": "WIKILINK",
                "en": 25,
                "eIdx": 2,
                "st": 21
            },
            {
                "ancestor": "",
                "keyword": "[삼국시대]",
                "ne_type": "",
                "e_type": "WIKILINK",
                "en": 33,
                "eIdx": 3,
                "st": 27
            },
            {
                "ancestor": "",
                "keyword": "[백제]",
                "ne_type": "",
                "e_type": "WIKILINK",
                "en": 40,
                "eIdx": 4,
                "st": 36
            },
            {
                "ancestor": "",
                "keyword": "[무진주]",
                "ne_type": "",
                "e_type": "WIKILINK",
                "en": 51,
                "eIdx": 5,
                "st": 46
            },
            {
                "ancestor": "",
                "keyword": "[통일신라시대]",
                "ne_type": "",
                "e_type": "WIKILINK",
                "en": 64,
                "eIdx": 6,
                "st": 56
            },
            {
                "ancestor": "",
                "keyword": "[무주]",
                "ne_type": "",
                "e_type": "WIKILINK",
                "en": 71,
                "eIdx": 7,
                "st": 67
            },
            {
                "ancestor": "",
                "keyword": "<광주광역시>",
                "ne_type": "",
                "e_type": "ELU",
                "en": 86,
                "eIdx": 8,
                "st": 79
            },
            {
                "ancestor": "",
                "keyword": "[940년]",
                "ne_type": "",
                "e_type": "WIKILINK",
                "en": 99,
                "eIdx": 9,
                "st": 93
            },
            {
                "ancestor": "",
                "keyword": "[고려_태조]",
                "ne_type": "",
                "e_type": "WIKILINK",
                "en": 107,
                "eIdx": 10,
                "st": 100
            },
            {
                "ancestor": "",
                "keyword": "[1373년]",
                "ne_type": "",
                "e_type": "WIKILINK",
                "en": 135,
                "eIdx": 11,
                "st": 128
            },
            {
                "ancestor": "",
                "keyword": "[공민왕]",
                "ne_type": "",
                "e_type": "WIKILINK",
                "en": 141,
                "eIdx": 12,
                "st": 136
            },
            {
                "ancestor": "",
                "keyword": "[광주군_(전라남도)]",
                "ne_type": "",
                "e_type": "WIKILINK",
                "en": 159,
                "eIdx": 13,
                "st": 147
            },
            {
                "ancestor": "",
                "keyword": "[1430년]",
                "ne_type": "",
                "e_type": "WIKILINK",
                "en": 175,
                "eIdx": 14,
                "st": 168
            },
            {
                "ancestor": "",
                "keyword": "[조선_세종]",
                "ne_type": "",
                "e_type": "WIKILINK",
                "en": 183,
                "eIdx": 15,
                "st": 176
            },
            {
                "ancestor": "",
                "keyword": "[무진군]",
                "ne_type": "",
                "e_type": "WIKILINK",
                "en": 194,
                "eIdx": 16,
                "st": 189
            },
            {
                "ancestor": "",
                "keyword": "[1910년]",
                "ne_type": "",
                "e_type": "WIKILINK",
                "en": 203,
                "eIdx": 17,
                "st": 196
            },
            {
                "ancestor": "",
                "keyword": "[1931년]",
                "ne_type": "",
                "e_type": "WIKILINK",
                "en": 216,
                "eIdx": 18,
                "st": 209
            },
            {
                "ancestor": "",
                "keyword": "[1935년]",
                "ne_type": "",
                "e_type": "WIKILINK",
                "en": 229,
                "eIdx": 19,
                "st": 222
            }
        ],
        "text": "역사 <광주광역시>는 [삼한시대]에는 [마한], [삼국시대]에는 [백제]에 속하여 [무진주]라 했고 [통일신라시대]에는 [무주]라 불렸으며, <광주광역시>라는 명칭은 [940년] [고려_태조] 23년에 처음 쓰게 되었다. 그 후 [1373년] [공민왕] 22년에 [광주군_(전라남도)]으로 개칭되고, [1430년] [조선_세종] 12년에 [무진군], [1910년] 광주면, [1931년] 광주읍, [1935년] 광주부 등으로 불렸다.",
        "pIdx": 2
    },
    {
        "pronouns": [],
        "globalSId": [
            84411,
            84412
        ],
        "wikiPageId": 6086,
        "entities": [
            {
                "ancestor": "",
                "keyword": "[1949년]",
                "ne_type": "",
                "e_type": "WIKILINK",
                "en": 12,
                "eIdx": 0,
                "st": 5
            },
            {
                "ancestor": "",
                "keyword": "[8월_15일]",
                "ne_type": "",
                "e_type": "WIKILINK",
                "en": 21,
                "eIdx": 1,
                "st": 13
            },
            {
                "ancestor": "",
                "keyword": "<광주광역시>",
                "ne_type": "",
                "e_type": "ELU",
                "en": 29,
                "eIdx": 2,
                "st": 22
            },
            {
                "ancestor": "",
                "keyword": "<동구_(대구광역시)>",
                "ne_type": "",
                "e_type": "ELU",
                "en": 50,
                "eIdx": 3,
                "st": 38
            },
            {
                "ancestor": "",
                "keyword": "[1973년]",
                "ne_type": "",
                "e_type": "WIKILINK",
                "en": 59,
                "eIdx": 4,
                "st": 52
            },
            {
                "ancestor": "",
                "keyword": "[7월_1일]",
                "ne_type": "",
                "e_type": "WIKILINK",
                "en": 67,
                "eIdx": 5,
                "st": 60
            },
            {
                "ancestor": "",
                "keyword": "<한국_중부>",
                "ne_type": "",
                "e_type": "ELU",
                "en": 79,
                "eIdx": 6,
                "st": 72
            },
            {
                "ancestor": "",
                "keyword": "<동부그룹>",
                "ne_type": "",
                "e_type": "ELU",
                "en": 87,
                "eIdx": 7,
                "st": 81
            },
            {
                "ancestor": "",
                "keyword": "[1988년]",
                "ne_type": "",
                "e_type": "WIKILINK",
                "en": 115,
                "eIdx": 8,
                "st": 108
            },
            {
                "ancestor": "",
                "keyword": "[5월_1일]",
                "ne_type": "",
                "e_type": "WIKILINK",
                "en": 123,
                "eIdx": 9,
                "st": 116
            }
        ],
        "text": "해방 후 [1949년] [8월_15일] <광주광역시>로 개칭되었다. <동구_(대구광역시)>는 [1973년] [7월_1일] 광주시 <한국_중부>, <동부그룹>, 북부출장소를 통합 개청 하였으며, [1988년] [5월_1일] 자치구로 승격되었다.",
        "pIdx": 3
    },
    {
        "pronouns": [],
        "globalSId": [
            84413
        ],
        "wikiPageId": 6086,
        "entities": [],
        "text": "지리",
        "pIdx": 4
    }
]