[
    {
        "pronouns": [],
        "globalSId": [
            2228345,
            2228346,
            2228347,
            2228348
        ],
        "wikiPageId": 520457,
        "entities": [
            {
                "ancestor": "",
                "keyword": "<사이카슈>",
                "ne_type": "",
                "e_type": "ELU",
                "en": 6,
                "eIdx": 0,
                "st": 0
            },
            {
                "ancestor": "",
                "keyword": "[센고쿠_시대]",
                "ne_type": "",
                "e_type": "WIKILINK",
                "en": 18,
                "eIdx": 1,
                "st": 10
            },
            {
                "ancestor": "",
                "keyword": "[기이_국]",
                "ne_type": "",
                "e_type": "WIKILINK",
                "en": 26,
                "eIdx": 2,
                "st": 20
            },
            {
                "ancestor": "",
                "keyword": "[와카야마_시]",
                "ne_type": "",
                "e_type": "WIKILINK",
                "en": 55,
                "eIdx": 3,
                "st": 47
            },
            {
                "ancestor": "",
                "keyword": "[고쿠진]",
                "ne_type": "",
                "e_type": "WIKILINK",
                "en": 82,
                "eIdx": 4,
                "st": 77
            },
            {
                "ancestor": "",
                "keyword": "[지토]",
                "ne_type": "",
                "e_type": "WIKILINK",
                "en": 90,
                "eIdx": 5,
                "st": 86
            },
            {
                "ancestor": "",
                "keyword": "[잇키]",
                "ne_type": "",
                "e_type": "WIKILINK",
                "en": 102,
                "eIdx": 6,
                "st": 98
            },
            {
                "ancestor": "",
                "keyword": "[16세기]",
                "ne_type": "",
                "e_type": "WIKILINK",
                "en": 132,
                "eIdx": 7,
                "st": 126
            },
            {
                "ancestor": "",
                "keyword": "<수인>",
                "ne_type": "",
                "e_type": "ELU",
                "en": 149,
                "eIdx": 8,
                "st": 145
            },
            {
                "ancestor": "",
                "keyword": "[철포]",
                "ne_type": "",
                "e_type": "WIKILINK",
                "en": 160,
                "eIdx": 9,
                "st": 156
            }
        ],
        "text": "<사이카슈>()는 [센고쿠_시대]에 [기이_국] 북서부 사이카장원[雑賀荘] 일대(현 [와카야마_시] 사이카자키[雑賀崎])를 근거지로 하는 [고쿠진]·토호·[지토] 들이 결합한 [잇키] 집단이다. 사이카토[雑賀党]라고도 한다. [16세기] 당시로서는 아주 많은 <수인> 수천 정의 [철포]로 무장하여 매우 강력한 군사력을 가지고 용병집단으로서 활약하였다. 또한 해운업과 무역에도 손댔으므로 정확히는 상인집단이라고 보는 쪽이 적합할 수도 있다.",
        "pIdx": 1
    },
    {
        "pronouns": [],
        "globalSId": [
            2228349
        ],
        "wikiPageId": 520457,
        "entities": [
            {
                "ancestor": "",
                "keyword": "<사이카슈>",
                "ne_type": "",
                "e_type": "ELU",
                "en": 6,
                "eIdx": 0,
                "st": 0
            },
            {
                "ancestor": "",
                "keyword": "<구성>",
                "ne_type": "",
                "e_type": "ELU",
                "en": 12,
                "eIdx": 1,
                "st": 8
            },
            {
                "ancestor": "",
                "keyword": "<스즈키>",
                "ne_type": "",
                "e_type": "ELU",
                "en": 41,
                "eIdx": 2,
                "st": 36
            }
        ],
        "text": "<사이카슈>를 <구성>한 주요한 일족으로는 쓰치바시씨[土橋氏]와 <스즈키>씨[鈴木氏] 등이 알려져 있다.",
        "pIdx": 2
    },
    {
        "pronouns": [],
        "globalSId": [
            2228350,
            2228351,
            2228352
        ],
        "wikiPageId": 520457,
        "entities": [
            {
                "ancestor": "",
                "keyword": "<사이카슈>",
                "ne_type": "",
                "e_type": "ELU",
                "en": 6,
                "eIdx": 0,
                "st": 0
            },
            {
                "ancestor": "",
                "keyword": "[15세기]",
                "ne_type": "",
                "e_type": "WIKILINK",
                "en": 14,
                "eIdx": 1,
                "st": 8
            },
            {
                "ancestor": "",
                "keyword": "[오닌의_난]",
                "ne_type": "",
                "e_type": "WIKILINK",
                "en": 33,
                "eIdx": 2,
                "st": 26
            },
            {
                "ancestor": "",
                "keyword": "[기이_국]",
                "ne_type": "",
                "e_type": "WIKILINK",
                "en": 43,
                "eIdx": 3,
                "st": 37
            },
            {
                "ancestor": "",
                "keyword": "[가와치_국]",
                "ne_type": "",
                "e_type": "WIKILINK",
                "en": 52,
                "eIdx": 4,
                "st": 45
            },
            {
                "ancestor": "",
                "keyword": "[슈고_다이묘]",
                "ne_type": "",
                "e_type": "WIKILINK",
                "en": 62,
                "eIdx": 5,
                "st": 54
            },
            {
                "ancestor": "",
                "keyword": "[하타케야마_씨]",
                "ne_type": "",
                "e_type": "WIKILINK",
                "en": 73,
                "eIdx": 6,
                "st": 64
            },
            {
                "ancestor": "",
                "keyword": "[긴키_지방]",
                "ne_type": "",
                "e_type": "WIKILINK",
                "en": 90,
                "eIdx": 7,
                "st": 83
            },
            {
                "ancestor": "",
                "keyword": "<ㅈ>",
                "ne_type": "",
                "e_type": "ELU",
                "en": 99,
                "eIdx": 8,
                "st": 96
            },
            {
                "ancestor": "",
                "keyword": "[기노_강]",
                "ne_type": "",
                "e_type": "WIKILINK",
                "en": 127,
                "eIdx": 9,
                "st": 121
            },
            {
                "ancestor": "",
                "keyword": "<하구>",
                "ne_type": "",
                "e_type": "ELU",
                "en": 132,
                "eIdx": 10,
                "st": 128
            },
            {
                "ancestor": "",
                "keyword": "<해운>",
                "ne_type": "",
                "e_type": "ELU",
                "en": 143,
                "eIdx": 11,
                "st": 139
            },
            {
                "ancestor": "",
                "keyword": "[다네가_섬]",
                "ne_type": "",
                "e_type": "WIKILINK",
                "en": 188,
                "eIdx": 12,
                "st": 181
            },
            {
                "ancestor": "",
                "keyword": "[네고로슈]",
                "ne_type": "",
                "e_type": "WIKILINK",
                "en": 210,
                "eIdx": 13,
                "st": 204
            },
            {
                "ancestor": "",
                "keyword": "<사이카슈>",
                "ne_type": "",
                "e_type": "ELU",
                "en": 221,
                "eIdx": 14,
                "st": 215
            }
        ],
        "text": "<사이카슈>는 [15세기]부터 역사에 나타나, [오닌의_난] 이후 [기이_국]과 [가와치_국]의 [슈고_다이묘]인 [하타케야마_씨]의 요청에 응하여 [긴키_지방]의 각지를 <ㅈ>하면서 용병집단으로서 점차 성장하였다. [기노_강] <하구>를 장악하여 <해운>·무역에도 종사하면서 독자성을 띤 수군도 보유했던 것으로 여겨진다. [다네가_섬]에 철포의 제조법이 전래되자 [네고로슈]에 이어 <사이카슈>도 철포를 재빨리 입수하여 뛰어난 사수를 양성하면서 철포를 유효하게 사용하는 전술을 고안하여 뛰어난 군사집단으로 성장하였다.",
        "pIdx": 3
    },
    {
        "pronouns": [],
        "globalSId": [
            2228353,
            2228354,
            2228355,
            2228356
        ],
        "wikiPageId": 520457,
        "entities": [
            {
                "ancestor": "",
                "keyword": "[겐키]",
                "ne_type": "",
                "e_type": "WIKILINK",
                "en": 4,
                "eIdx": 0,
                "st": 0
            },
            {
                "ancestor": "",
                "keyword": "[1570년]",
                "ne_type": "",
                "e_type": "WIKILINK",
                "en": 15,
                "eIdx": 1,
                "st": 8
            },
            {
                "ancestor": "",
                "keyword": "[오다_노부나가]",
                "ne_type": "",
                "e_type": "WIKILINK",
                "en": 27,
                "eIdx": 2,
                "st": 18
            },
            {
                "ancestor": "",
                "keyword": "[미요시_산닌슈]",
                "ne_type": "",
                "e_type": "WIKILINK",
                "en": 38,
                "eIdx": 3,
                "st": 29
            },
            {
                "ancestor": "",
                "keyword": "<사이>",
                "ne_type": "",
                "e_type": "ELU",
                "en": 43,
                "eIdx": 4,
                "st": 39
            },
            {
                "ancestor": "",
                "keyword": "[노다_성·후쿠시마_성_전투]",
                "ne_type": "",
                "e_type": "WIKILINK",
                "en": 61,
                "eIdx": 5,
                "st": 45
            },
            {
                "ancestor": "",
                "keyword": "[스즈키_마고이치]",
                "ne_type": "",
                "e_type": "WIKILINK",
                "en": 78,
                "eIdx": 6,
                "st": 68
            },
            {
                "ancestor": "",
                "keyword": "<지도력>",
                "ne_type": "",
                "e_type": "ELU",
                "en": 87,
                "eIdx": 7,
                "st": 82
            },
            {
                "ancestor": "",
                "keyword": "<부대>",
                "ne_type": "",
                "e_type": "ELU",
                "en": 105,
                "eIdx": 8,
                "st": 101
            },
            {
                "ancestor": "",
                "keyword": "<미요시_산닌슈>",
                "ne_type": "",
                "e_type": "ELU",
                "en": 117,
                "eIdx": 9,
                "st": 108
            },
            {
                "ancestor": "",
                "keyword": "[아시카가_막부]",
                "ne_type": "",
                "e_type": "WIKILINK",
                "en": 137,
                "eIdx": 10,
                "st": 128
            },
            {
                "ancestor": "",
                "keyword": "[쇼군]",
                "ne_type": "",
                "e_type": "WIKILINK",
                "en": 143,
                "eIdx": 11,
                "st": 139
            },
            {
                "ancestor": "",
                "keyword": "[아시카가_요시아키]",
                "ne_type": "",
                "e_type": "WIKILINK",
                "en": 155,
                "eIdx": 12,
                "st": 144
            },
            {
                "ancestor": "",
                "keyword": "[하타케야마_아키타카]",
                "ne_type": "",
                "e_type": "WIKILINK",
                "en": 176,
                "eIdx": 13,
                "st": 164
            },
            {
                "ancestor": "",
                "keyword": "<사이카슈>",
                "ne_type": "",
                "e_type": "ELU",
                "en": 184,
                "eIdx": 14,
                "st": 178
            },
            {
                "ancestor": "",
                "keyword": "<사이카슈>",
                "ne_type": "",
                "e_type": "ELU",
                "en": 257,
                "eIdx": 15,
                "st": 251
            },
            {
                "ancestor": "",
                "keyword": "[이시야마_혼간지]",
                "ne_type": "",
                "e_type": "WIKILINK",
                "en": 287,
                "eIdx": 16,
                "st": 277
            },
            {
                "ancestor": "",
                "keyword": "<사이카슈>",
                "ne_type": "",
                "e_type": "ELU",
                "en": 300,
                "eIdx": 17,
                "st": 294
            },
            {
                "ancestor": "",
                "keyword": "<이시야마_혼간지>",
                "ne_type": "",
                "e_type": "ELU",
                "en": 319,
                "eIdx": 18,
                "st": 309
            },
            {
                "ancestor": "",
                "keyword": "<사이카슈>",
                "ne_type": "",
                "e_type": "ELU",
                "en": 373,
                "eIdx": 19,
                "st": 367
            },
            {
                "ancestor": "",
                "keyword": "<소>",
                "ne_type": "",
                "e_type": "ELU",
                "en": 404,
                "eIdx": 20,
                "st": 401
            },
            {
                "ancestor": "",
                "keyword": "[이시야마_전투]",
                "ne_type": "",
                "e_type": "WIKILINK",
                "en": 429,
                "eIdx": 21,
                "st": 420
            }
        ],
        "text": "[겐키] 원년([1570년])에 [오다_노부나가]와 [미요시_산닌슈] <사이>에 [노다_성·후쿠시마_성_전투]가 일어나자 [스즈키_마고이치] 등을 <지도력>로 하는 사이카슈는 용병 <부대>로서 <미요시_산닌슈>軍에 가담한 일변, [아시카가_막부]의 [쇼군] [아시카가_요시아키]의 요청에 응한 [하타케야마_아키타카]가 <사이카슈>·네고로슈 등을 원군으로 보내 오다 노부나가軍에 가세하였다. 그 뒤, 대규모 총격전·공성전이 반복되면서 전투가 확대되자 <사이카슈>끼리 싸웠을 가능성도 있다. 그러나 [이시야마_혼간지]가 참전하자 <사이카슈>는 일치단결하여 <이시야마_혼간지>에 가세하여 오다軍과 싸웠다. 철포를 꽤나 유효하게 활용하였다는 소리를 듣는 오다軍도 <사이카슈>의 철포 기술과 양에는 고전하여 한 번은 노부나가 <소>도 부상한 대패하기도 하였다([이시야마_전투].",
        "pIdx": 4
    },
    {
        "pronouns": [],
        "globalSId": [
            2228357,
            2228358
        ],
        "wikiPageId": 520457,
        "entities": [
            {
                "ancestor": "",
                "keyword": "<사이카슈>",
                "ne_type": "",
                "e_type": "ELU",
                "en": 24,
                "eIdx": 0,
                "st": 18
            },
            {
                "ancestor": "",
                "keyword": "[덴쇼]",
                "ne_type": "",
                "e_type": "WIKILINK",
                "en": 44,
                "eIdx": 1,
                "st": 40
            },
            {
                "ancestor": "",
                "keyword": "[1577년]",
                "ne_type": "",
                "e_type": "WIKILINK",
                "en": 55,
                "eIdx": 2,
                "st": 48
            },
            {
                "ancestor": "",
                "keyword": "<소>",
                "ne_type": "",
                "e_type": "ELU",
                "en": 66,
                "eIdx": 3,
                "st": 63
            },
            {
                "ancestor": "",
                "keyword": "<대군>",
                "ne_type": "",
                "e_type": "ELU",
                "en": 72,
                "eIdx": 4,
                "st": 68
            },
            {
                "ancestor": "",
                "keyword": "[이즈미_국]",
                "ne_type": "",
                "e_type": "WIKILINK",
                "en": 85,
                "eIdx": 5,
                "st": 78
            },
            {
                "ancestor": "",
                "keyword": "[가와치_국]",
                "ne_type": "",
                "e_type": "WIKILINK",
                "en": 93,
                "eIdx": 6,
                "st": 86
            },
            {
                "ancestor": "",
                "keyword": "[기슈_정벌]",
                "ne_type": "",
                "e_type": "WIKILINK",
                "en": 116,
                "eIdx": 7,
                "st": 109
            },
            {
                "ancestor": "",
                "keyword": "<사이카슈>",
                "ne_type": "",
                "e_type": "ELU",
                "en": 192,
                "eIdx": 8,
                "st": 186
            }
        ],
        "text": "노부나가는 혼간지를 쓰러트리고자 <사이카슈>를 먼저 제압하려고 생각하여 [덴쇼] 5년([1577년])에 노부나가 <소>이 <대군>을 이끌고 [이즈미_국]·[가와치_국]에서 기이로 침공하여(제1차 [기슈_정벌], 사이카슈에게 종속의 맹세를 받아냈다. 그러나 이 전투에서 오다軍은 전력을 막대히 끽휴했을 뿐만 아니라 복속하게 했을 터인 <사이카슈>도 금방 자유로운 활동을 재개하여 혼간지 측에 가담했다.",
        "pIdx": 5
    },
    {
        "pronouns": [],
        "globalSId": [
            2228359,
            2228360,
            2228361
        ],
        "wikiPageId": 520457,
        "entities": [
            {
                "ancestor": "",
                "keyword": "[1580년]",
                "ne_type": "",
                "e_type": "WIKILINK",
                "en": 13,
                "eIdx": 0,
                "st": 6
            },
            {
                "ancestor": "",
                "keyword": "[겐뇨]",
                "ne_type": "",
                "e_type": "WIKILINK",
                "en": 28,
                "eIdx": 1,
                "st": 24
            },
            {
                "ancestor": "",
                "keyword": "<이시야마_혼간지>",
                "ne_type": "",
                "e_type": "ELU",
                "en": 40,
                "eIdx": 2,
                "st": 30
            },
            {
                "ancestor": "",
                "keyword": "<사이카슈>",
                "ne_type": "",
                "e_type": "ELU",
                "en": 68,
                "eIdx": 3,
                "st": 62
            },
            {
                "ancestor": "",
                "keyword": "<싸이카>",
                "ne_type": "",
                "e_type": "ELU",
                "en": 79,
                "eIdx": 4,
                "st": 74
            },
            {
                "ancestor": "",
                "keyword": "<겐뇨>",
                "ne_type": "",
                "e_type": "ELU",
                "en": 96,
                "eIdx": 5,
                "st": 92
            },
            {
                "ancestor": "",
                "keyword": "[하타케야마_마사나오]",
                "ne_type": "",
                "e_type": "WIKILINK",
                "en": 116,
                "eIdx": 6,
                "st": 104
            },
            {
                "ancestor": "",
                "keyword": "[1582년]",
                "ne_type": "",
                "e_type": "WIKILINK",
                "en": 194,
                "eIdx": 7,
                "st": 187
            },
            {
                "ancestor": "",
                "keyword": "<스즈키_마고이치>",
                "ne_type": "",
                "e_type": "ELU",
                "en": 214,
                "eIdx": 8,
                "st": 204
            },
            {
                "ancestor": "",
                "keyword": "[혼노지의_변]",
                "ne_type": "",
                "e_type": "WIKILINK",
                "en": 248,
                "eIdx": 9,
                "st": 240
            },
            {
                "ancestor": "",
                "keyword": "[하시바_히데요시]",
                "ne_type": "",
                "e_type": "WIKILINK",
                "en": 280,
                "eIdx": 10,
                "st": 270
            }
        ],
        "text": "덴쇼 8년([1580년])에 혼간지의 문주 [겐뇨]가 <이시야마_혼간지>에서 철수하여 이시야마 전투가 종결되자 <사이카슈>의 문도는 <싸이카>의 사기노모리[鷺森]에 <겐뇨>를 맞아들이고 [하타케야마_마사나오]를 받들고 노부나가에 대항하는 자세를 보였다. 그러나 그 후 親오다파와 反오다파로 양분되어 내분이 일어나게 된다. 덴쇼 10년([1582년])에는 親오다파의 <스즈키_마고이치>가 반대파인 쓰치바시씨를 쓰러트렸으나 같은 해 [혼노지의_변]으로 노부나가가 비명횡사하자 마고이치는 [하시바_히데요시]에게로 도망하고 쓰치바시파가 주도권을 장악하였다.",
        "pIdx": 6
    }
]