[
    {
        "pronouns": [],
        "globalSId": [
            3212929
        ],
        "wikiPageId": 1023228,
        "entities": [
            {
                "ancestor": "",
                "keyword": "<여신학>",
                "ne_type": "",
                "e_type": "ELU",
                "en": 5,
                "eIdx": 0,
                "st": 0
            }
        ],
        "text": "<여신학>(女神學, )은 여성의 신성(神性)을 연구하는 학문이다.",
        "pIdx": 1
    },
    {
        "pronouns": [],
        "globalSId": [
            3212930,
            3212931,
            3212932
        ],
        "wikiPageId": 1023228,
        "entities": [
            {
                "ancestor": "",
                "keyword": "[여성주의]",
                "ne_type": "",
                "e_type": "WIKILINK",
                "en": 34,
                "eIdx": 0,
                "st": 28
            },
            {
                "ancestor": "",
                "keyword": "<주목>",
                "ne_type": "",
                "e_type": "ELU",
                "en": 76,
                "eIdx": 1,
                "st": 72
            },
            {
                "ancestor": "",
                "keyword": "<영성>",
                "ne_type": "",
                "e_type": "ELU",
                "en": 165,
                "eIdx": 2,
                "st": 161
            },
            {
                "ancestor": "",
                "keyword": "[1960년대]",
                "ne_type": "",
                "e_type": "WIKILINK",
                "en": 187,
                "eIdx": 3,
                "st": 179
            },
            {
                "ancestor": "",
                "keyword": "[미국]",
                "ne_type": "",
                "e_type": "WIKILINK",
                "en": 192,
                "eIdx": 4,
                "st": 188
            },
            {
                "ancestor": "",
                "keyword": "[가부장제]",
                "ne_type": "",
                "e_type": "WIKILINK",
                "en": 218,
                "eIdx": 5,
                "st": 212
            },
            {
                "ancestor": "",
                "keyword": "<주장_(축구)>",
                "ne_type": "",
                "e_type": "ELU",
                "en": 260,
                "eIdx": 6,
                "st": 251
            },
            {
                "ancestor": "",
                "keyword": "<여신학>",
                "ne_type": "",
                "e_type": "ELU",
                "en": 278,
                "eIdx": 7,
                "st": 273
            }
        ],
        "text": "여성에 대해 억압적인 제도를 개혁하고 생활 속에서 [여성주의]를 실천하는 일에 중점을 두었던 여성운동계는 '여성주의 영성운동'에 <주목>하게 되었다. 이는 단순히 남성 중심의 종교문화에 대한 비판에서 그치는 것이 아니라 제도권 종교 밖에서 여신 상징과 의례들을 발굴·창출하면서 '여성주의 <영성>'을 형성하고자 하였다. [1960년대] [미국]에서 시작된 '여성주의 영성운동'은 [가부장제]가 시작되기 이전 역사 시기의 여신숭배 시대와 여신 전통을 <주장_(축구)>했고, 이러한 흐름은 '<여신학>'을 탄생시켰다.",
        "pIdx": 2
    },
    {
        "pronouns": [],
        "globalSId": [
            3212933,
            3212934
        ],
        "wikiPageId": 1023228,
        "entities": [
            {
                "ancestor": "",
                "keyword": "[고고학]",
                "ne_type": "",
                "e_type": "WIKILINK",
                "en": 5,
                "eIdx": 0,
                "st": 0
            },
            {
                "ancestor": "",
                "keyword": "[캘리포니아_대학교_로스앤젤레스]",
                "ne_type": "",
                "e_type": "WIKILINK",
                "en": 43,
                "eIdx": 1,
                "st": 25
            },
            {
                "ancestor": "",
                "keyword": "[지중해]",
                "ne_type": "",
                "e_type": "WIKILINK",
                "en": 62,
                "eIdx": 2,
                "st": 57
            },
            {
                "ancestor": "",
                "keyword": "[유고슬라비아]",
                "ne_type": "",
                "e_type": "WIKILINK",
                "en": 74,
                "eIdx": 3,
                "st": 66
            },
            {
                "ancestor": "",
                "keyword": "[마케도니아]",
                "ne_type": "",
                "e_type": "WIKILINK",
                "en": 84,
                "eIdx": 4,
                "st": 77
            },
            {
                "ancestor": "",
                "keyword": "[신석기_시대]",
                "ne_type": "",
                "e_type": "WIKILINK",
                "en": 96,
                "eIdx": 5,
                "st": 88
            },
            {
                "ancestor": "",
                "keyword": "[패러다임]",
                "ne_type": "",
                "e_type": "WIKILINK",
                "en": 135,
                "eIdx": 6,
                "st": 129
            },
            {
                "ancestor": "",
                "keyword": "[선사_시대]",
                "ne_type": "",
                "e_type": "WIKILINK",
                "en": 164,
                "eIdx": 7,
                "st": 157
            },
            {
                "ancestor": "",
                "keyword": "[청동기_시대]",
                "ne_type": "",
                "e_type": "WIKILINK",
                "en": 188,
                "eIdx": 8,
                "st": 180
            },
            {
                "ancestor": "",
                "keyword": "<사회>",
                "ne_type": "",
                "e_type": "ELU",
                "en": 223,
                "eIdx": 9,
                "st": 219
            },
            {
                "ancestor": "",
                "keyword": "<평화로_(국도_제3호선)>",
                "ne_type": "",
                "e_type": "ELU",
                "en": 301,
                "eIdx": 10,
                "st": 286
            },
            {
                "ancestor": "",
                "keyword": "<사회>",
                "ne_type": "",
                "e_type": "ELU",
                "en": 311,
                "eIdx": 11,
                "st": 307
            }
        ],
        "text": "[고고학]자 마리야 김부타스는 1960년대에 [캘리포니아_대학교_로스앤젤레스]에 소속되어 15년 가량 [지중해] 주변 [유고슬라비아] 및 [마케도니아] 지역 [신석기_시대] 문화 발굴단장으로 활동하였는데, 이 때 인류문명의 새로운 [패러다임]을 발견하였다. 그의 발굴 활동을 통해 [선사_시대] 여신문명의 존재가 밝혀지고 [청동기_시대] 문명권의 침입과 함께 남성 중심의 폭력적이고 가부장적 <사회>가 건설되는 과정의 유물들이 확인되면서, 최소 2만 5천년 동안 지속된 정치적·사회적·종교적으로 양성이 평등하고 <평화로_(국도_제3호선)>웠던 모계 <사회>의 면모들이 드러났다.",
        "pIdx": 3
    }
]