[
    {
        "pronouns": [],
        "globalSId": [
            3010306,
            3010307
        ],
        "wikiPageId": 911042,
        "entities": [
            {
                "ancestor": "",
                "keyword": "<C._S._루이스>",
                "ne_type": "",
                "e_type": "ELU",
                "en": 15,
                "eIdx": 0,
                "st": 4
            },
            {
                "ancestor": "",
                "keyword": "[1985년]",
                "ne_type": "",
                "e_type": "WIKILINK",
                "en": 26,
                "eIdx": 1,
                "st": 19
            },
            {
                "ancestor": "",
                "keyword": "[8월_9일]",
                "ne_type": "",
                "e_type": "WIKILINK",
                "en": 34,
                "eIdx": 2,
                "st": 27
            },
            {
                "ancestor": "",
                "keyword": "[브라질]",
                "ne_type": "",
                "e_type": "WIKILINK",
                "en": 46,
                "eIdx": 3,
                "st": 41
            },
            {
                "ancestor": "",
                "keyword": "[축구_선수]",
                "ne_type": "",
                "e_type": "WIKILINK",
                "en": 55,
                "eIdx": 4,
                "st": 48
            },
            {
                "ancestor": "",
                "keyword": "[프리메라리가]",
                "ne_type": "",
                "e_type": "WIKILINK",
                "en": 69,
                "eIdx": 5,
                "st": 61
            },
            {
                "ancestor": "",
                "keyword": "[아틀레티코_마드리드]",
                "ne_type": "",
                "e_type": "WIKILINK",
                "en": 83,
                "eIdx": 6,
                "st": 71
            },
            {
                "ancestor": "",
                "keyword": "[수비수]",
                "ne_type": "",
                "e_type": "WIKILINK",
                "en": 94,
                "eIdx": 7,
                "st": 89
            },
            {
                "ancestor": "",
                "keyword": "<소>",
                "ne_type": "",
                "e_type": "ELU",
                "en": 122,
                "eIdx": 8,
                "st": 119
            },
            {
                "ancestor": "",
                "keyword": "<스페인>",
                "ne_type": "",
                "e_type": "ELU",
                "en": 148,
                "eIdx": 9,
                "st": 143
            },
            {
                "ancestor": "",
                "keyword": "[데포르티보_라코루냐]",
                "ne_type": "",
                "e_type": "WIKILINK",
                "en": 181,
                "eIdx": 10,
                "st": 169
            },
            {
                "ancestor": "",
                "keyword": "[아틀레티코_마드리드]",
                "ne_type": "",
                "e_type": "WIKILINK",
                "en": 195,
                "eIdx": 11,
                "st": 183
            }
        ],
        "text": "필리피 <C._S._루이스> (, [1985년] [8월_9일] ~ ) 는 [브라질]의 [축구_선수]로, 현재 [프리메라리가]의 [아틀레티코_마드리드]에서 왼쪽 [수비수]으로 활약하고 있다. 지칠 줄 모르는 체력을 <소>한 선수로, 그는 현역 기간 대부분을 <스페인>에서 보냈으며, 4시즌간 몸을 담았던 [데포르티보_라코루냐]와 [아틀레티코_마드리드]에서 활약한 것으로 알려져 있다.",
        "pIdx": 1
    },
    {
        "pronouns": [],
        "globalSId": [
            3010308
        ],
        "wikiPageId": 911042,
        "entities": [],
        "text": "클럽 경력",
        "pIdx": 2
    },
    {
        "pronouns": [],
        "globalSId": [
            3010309,
            3010310,
            3010311,
            3010312
        ],
        "wikiPageId": 911042,
        "entities": [
            {
                "ancestor": "",
                "keyword": "<C._S._루이스>",
                "ne_type": "",
                "e_type": "ELU",
                "en": 21,
                "eIdx": 0,
                "st": 10
            },
            {
                "ancestor": "",
                "keyword": "[산타카타리나_주]",
                "ne_type": "",
                "e_type": "WIKILINK",
                "en": 33,
                "eIdx": 1,
                "st": 23
            },
            {
                "ancestor": "",
                "keyword": "[피게이렌시_FC]",
                "ne_type": "",
                "e_type": "WIKILINK",
                "en": 59,
                "eIdx": 2,
                "st": 49
            },
            {
                "ancestor": "",
                "keyword": "[AFC_아약스]",
                "ne_type": "",
                "e_type": "WIKILINK",
                "en": 85,
                "eIdx": 3,
                "st": 76
            },
            {
                "ancestor": "",
                "keyword": "[우루과이]",
                "ne_type": "",
                "e_type": "WIKILINK",
                "en": 140,
                "eIdx": 4,
                "st": 134
            },
            {
                "ancestor": "",
                "keyword": "<이적_(가수)>",
                "ne_type": "",
                "e_type": "ELU",
                "en": 161,
                "eIdx": 5,
                "st": 152
            },
            {
                "ancestor": "",
                "keyword": "[레알_마드리드_CF]",
                "ne_type": "",
                "e_type": "WIKILINK",
                "en": 188,
                "eIdx": 6,
                "st": 176
            }
        ],
        "text": "초기 경력 필리피 <C._S._루이스>는 [산타카타리나_주]의 자라과 두 술 출신이다. [피게이렌시_FC]에서 데뷔한 그는 2004년에 [AFC_아약스]에서 한 시즌을 머물며 유럽 축구를 처음으로 경험하였다. 2005년 8월 18일, 그는 [우루과이]의 CA 렌티스타스로 <이적_(가수)>하였으나, 얼마 가지 않아 [레알_마드리드_CF]에 임대로 합류하였다.",
        "pIdx": 3
    },
    {
        "pronouns": [],
        "globalSId": [
            3010313
        ],
        "wikiPageId": 911042,
        "entities": [
            {
                "ancestor": "",
                "keyword": "<C._S._루이스>",
                "ne_type": "",
                "e_type": "ELU",
                "en": 20,
                "eIdx": 0,
                "st": 9
            },
            {
                "ancestor": "",
                "keyword": "[2005년]",
                "ne_type": "",
                "e_type": "WIKILINK",
                "en": 29,
                "eIdx": 1,
                "st": 22
            },
            {
                "ancestor": "",
                "keyword": "[세군다_디비시온]",
                "ne_type": "",
                "e_type": "WIKILINK",
                "en": 41,
                "eIdx": 2,
                "st": 31
            },
            {
                "ancestor": "",
                "keyword": "[레알_마드리드_카스티야]",
                "ne_type": "",
                "e_type": "WIKILINK",
                "en": 65,
                "eIdx": 3,
                "st": 51
            }
        ],
        "text": "그러나, 필리피 <C._S._루이스>는 [2005년]에 [세군다_디비시온]에 소속되어 있는 [레알_마드리드_카스티야]에서 보냈다.",
        "pIdx": 4
    },
    {
        "pronouns": [],
        "globalSId": [
            3010314,
            3010315,
            3010316,
            3010317,
            3010318
        ],
        "wikiPageId": 911042,
        "entities": [
            {
                "ancestor": "",
                "keyword": "<데포르티보_라코루냐>",
                "ne_type": "",
                "e_type": "ELU",
                "en": 12,
                "eIdx": 0,
                "st": 0
            },
            {
                "ancestor": "",
                "keyword": "<C._S._루이스>",
                "ne_type": "",
                "e_type": "ELU",
                "en": 35,
                "eIdx": 1,
                "st": 24
            },
            {
                "ancestor": "",
                "keyword": "[스페인]",
                "ne_type": "",
                "e_type": "WIKILINK",
                "en": 50,
                "eIdx": 2,
                "st": 45
            },
            {
                "ancestor": "",
                "keyword": "[유로]",
                "ne_type": "",
                "e_type": "WIKILINK",
                "en": 75,
                "eIdx": 3,
                "st": 71
            },
            {
                "ancestor": "",
                "keyword": "[데포르티보_라코루냐]",
                "ne_type": "",
                "e_type": "WIKILINK",
                "en": 105,
                "eIdx": 4,
                "st": 93
            },
            {
                "ancestor": "",
                "keyword": "<이적_(가수)>",
                "ne_type": "",
                "e_type": "ELU",
                "en": 116,
                "eIdx": 5,
                "st": 107
            },
            {
                "ancestor": "",
                "keyword": "[프리메라리가_2006-07]",
                "ne_type": "",
                "e_type": "WIKILINK",
                "en": 140,
                "eIdx": 6,
                "st": 124
            },
            {
                "ancestor": "",
                "keyword": "[프리메라리가_2007-08]",
                "ne_type": "",
                "e_type": "WIKILINK",
                "en": 206,
                "eIdx": 7,
                "st": 190
            },
            {
                "ancestor": "",
                "keyword": "[호안_캅데빌라]",
                "ne_type": "",
                "e_type": "WIKILINK",
                "en": 217,
                "eIdx": 8,
                "st": 208
            },
            {
                "ancestor": "",
                "keyword": "[비야레알_CF]",
                "ne_type": "",
                "e_type": "WIKILINK",
                "en": 228,
                "eIdx": 9,
                "st": 219
            },
            {
                "ancestor": "",
                "keyword": "<데포르티보_라코루냐>",
                "ne_type": "",
                "e_type": "ELU",
                "en": 301,
                "eIdx": 10,
                "st": 289
            },
            {
                "ancestor": "",
                "keyword": "<C._S._루이스>",
                "ne_type": "",
                "e_type": "ELU",
                "en": 327,
                "eIdx": 11,
                "st": 316
            },
            {
                "ancestor": "",
                "keyword": "[프리메라리가_2008-09]",
                "ne_type": "",
                "e_type": "WIKILINK",
                "en": 378,
                "eIdx": 12,
                "st": 362
            },
            {
                "ancestor": "",
                "keyword": "[프리메라리가]",
                "ne_type": "",
                "e_type": "WIKILINK",
                "en": 392,
                "eIdx": 13,
                "st": 384
            },
            {
                "ancestor": "",
                "keyword": "<미디어_플레이어>",
                "ne_type": "",
                "e_type": "ELU",
                "en": 429,
                "eIdx": 14,
                "st": 419
            }
        ],
        "text": "<데포르티보_라코루냐> 2006년, 필리피 <C._S._루이스>는 렌티스타스에서 [스페인]으로 다시 임대되었는데, 그는 이번에 [유로].2M의 바이아웃 조항을 가지고 [데포르티보_라코루냐]로 <이적_(가수)>하였다. 그는 [프리메라리가_2006-07]에 많은 기회를 잡지 못하였으나, 임대 계약이 같은 바이아웃 조항에 1년 더 연장되었고, [프리메라리가_2007-08]에 [호안_캅데빌라]가 [비야레알_CF]로 떠나게 되면서 그는 주전 레프트 백의 입지를 굳혔고, 팀의 핵심 선수가 되었다. 2008년 6월 10일, <데포르티보_라코루냐>는 바이아웃을 통해 필리피 <C._S._루이스>와 5년 계약을 체결하였다. \"데포르\" (Depor) 선수로의 [프리메라리가_2008-09]에, 그는 [프리메라리가]에서 38경기에 모든 경기를 출장한 유일한 필드 <미디어_플레이어>였고, 2골을 득점하였다.",
        "pIdx": 5
    }
]