[
    {
        "pronouns": [],
        "globalSId": [
            379344
        ],
        "wikiPageId": 40154,
        "entities": [
            {
                "ancestor": "",
                "keyword": "[러시아_제국]",
                "ne_type": "",
                "e_type": "WIKILINK",
                "en": 11,
                "eIdx": 0,
                "st": 3
            },
            {
                "ancestor": "",
                "keyword": "[1917년]",
                "ne_type": "",
                "e_type": "WIKILINK",
                "en": 41,
                "eIdx": 1,
                "st": 34
            },
            {
                "ancestor": "",
                "keyword": "[공산주의]",
                "ne_type": "",
                "e_type": "WIKILINK",
                "en": 60,
                "eIdx": 2,
                "st": 54
            }
        ],
        "text": "이는 [러시아_제국]이 얼마나 무능한가를 말해주는 증거였으며 [1917년] 러시아 민중들에 의해 [공산주의] 혁명이 일어나는 원인이 되었다.",
        "pIdx": 16
    },
    {
        "pronouns": [],
        "globalSId": [
            379345
        ],
        "wikiPageId": 40154,
        "entities": [
            {
                "ancestor": "",
                "keyword": "[니콜라이_2세]",
                "ne_type": "",
                "e_type": "WIKILINK",
                "en": 14,
                "eIdx": 0,
                "st": 5
            },
            {
                "ancestor": "",
                "keyword": "[1915년]",
                "ne_type": "",
                "e_type": "WIKILINK",
                "en": 26,
                "eIdx": 1,
                "st": 19
            },
            {
                "ancestor": "",
                "keyword": "[라스푸틴]",
                "ne_type": "",
                "e_type": "WIKILINK",
                "en": 71,
                "eIdx": 2,
                "st": 65
            }
        ],
        "text": "그럼에도 [니콜라이_2세] 황제는 [1915년]부터 직접 전투지휘에 나서며 국정은 황후에 맡기고, 황후를 등에 업은 [라스푸틴]을 중심으로 국정도 파탄지경에 이르렀다.",
        "pIdx": 17
    },
    {
        "pronouns": [],
        "globalSId": [],
        "wikiPageId": 40154,
        "entities": [],
        "text": "",
        "pIdx": 18
    },
    {
        "pronouns": [],
        "globalSId": [
            379346
        ],
        "wikiPageId": 40154,
        "entities": [],
        "text": "2월 혁명(3월 혁명)",
        "pIdx": 19
    },
    {
        "pronouns": [],
        "globalSId": [
            379347,
            379348,
            379349
        ],
        "wikiPageId": 40154,
        "entities": [
            {
                "ancestor": "",
                "keyword": "[제1차_세계대전]",
                "ne_type": "",
                "e_type": "WIKILINK",
                "en": 20,
                "eIdx": 0,
                "st": 10
            },
            {
                "ancestor": "",
                "keyword": "<장기>",
                "ne_type": "",
                "e_type": "ELU",
                "en": 26,
                "eIdx": 1,
                "st": 22
            },
            {
                "ancestor": "",
                "keyword": "[러시아_제국]",
                "ne_type": "",
                "e_type": "WIKILINK",
                "en": 42,
                "eIdx": 2,
                "st": 34
            },
            {
                "ancestor": "",
                "keyword": "[민중]",
                "ne_type": "",
                "e_type": "WIKILINK",
                "en": 47,
                "eIdx": 3,
                "st": 43
            },
            {
                "ancestor": "",
                "keyword": "[민중운동]",
                "ne_type": "",
                "e_type": "WIKILINK",
                "en": 83,
                "eIdx": 4,
                "st": 77
            },
            {
                "ancestor": "",
                "keyword": "[생존권]",
                "ne_type": "",
                "e_type": "WIKILINK",
                "en": 95,
                "eIdx": 5,
                "st": 90
            },
            {
                "ancestor": "",
                "keyword": "[1917년]",
                "ne_type": "",
                "e_type": "WIKILINK",
                "en": 116,
                "eIdx": 6,
                "st": 109
            },
            {
                "ancestor": "",
                "keyword": "[3월_8일]",
                "ne_type": "",
                "e_type": "WIKILINK",
                "en": 124,
                "eIdx": 7,
                "st": 117
            }
        ],
        "text": "페트로그라드 시위 [제1차_세계대전]이 <장기>화 됨에 따라 [러시아_제국] [민중]들의 생활이 더욱 어려워졌다. 당연히 러시아 민중들은 [민중운동]으로 그들의 [생존권]을 쟁취하고자 하였는데, [1917년] [3월_8일] 페트로그라드 시위가 그것이었다.",
        "pIdx": 20
    },
    {
        "pronouns": [],
        "globalSId": [
            379350,
            379351
        ],
        "wikiPageId": 40154,
        "entities": [
            {
                "ancestor": "",
                "keyword": "<상트페테르부르크>",
                "ne_type": "",
                "e_type": "ELU",
                "en": 13,
                "eIdx": 0,
                "st": 3
            },
            {
                "ancestor": "",
                "keyword": "[밀가루]",
                "ne_type": "",
                "e_type": "WIKILINK",
                "en": 25,
                "eIdx": 1,
                "st": 20
            },
            {
                "ancestor": "",
                "keyword": "[빵]",
                "ne_type": "",
                "e_type": "WIKILINK",
                "en": 47,
                "eIdx": 2,
                "st": 44
            },
            {
                "ancestor": "",
                "keyword": "[어린이]",
                "ne_type": "",
                "e_type": "WIKILINK",
                "en": 63,
                "eIdx": 3,
                "st": 58
            },
            {
                "ancestor": "",
                "keyword": "[우유]",
                "ne_type": "",
                "e_type": "WIKILINK",
                "en": 74,
                "eIdx": 4,
                "st": 70
            }
        ],
        "text": "당시 <상트페테르부르크>의 민중들은 [밀가루] 반입량이 절반으로 줄어듦에 따라 [빵]을 살 수 없었고, [어린이]들에게 먹일 [우유]도 절반으로 줄어들었다. 빵과 우유를 배급받고자 시민들은 새벽부터 밤까지 줄을 서야 했다.",
        "pIdx": 21
    },
    {
        "pronouns": [],
        "globalSId": [
            379352,
            379353
        ],
        "wikiPageId": 40154,
        "entities": [
            {
                "ancestor": "",
                "keyword": "[3월_8일]",
                "ne_type": "",
                "e_type": "WIKILINK",
                "en": 13,
                "eIdx": 0,
                "st": 6
            },
            {
                "ancestor": "",
                "keyword": "[국제_여성의_날]",
                "ne_type": "",
                "e_type": "WIKILINK",
                "en": 25,
                "eIdx": 1,
                "st": 15
            },
            {
                "ancestor": "",
                "keyword": "[빵]",
                "ne_type": "",
                "e_type": "WIKILINK",
                "en": 49,
                "eIdx": 2,
                "st": 46
            },
            {
                "ancestor": "",
                "keyword": "[우유]",
                "ne_type": "",
                "e_type": "WIKILINK",
                "en": 55,
                "eIdx": 3,
                "st": 51
            },
            {
                "ancestor": "",
                "keyword": "[노동자]",
                "ne_type": "",
                "e_type": "WIKILINK",
                "en": 87,
                "eIdx": 4,
                "st": 82
            }
        ],
        "text": "우연하게도 [3월_8일]은 [국제_여성의_날]이었는데, 페트로그라드 여성들은 이날 [빵]과 [우유]를 요구하는 시위를 벌였으며 그들과 같은 처지의 [노동자]들이 8만명이나 시위에 가담하였다. 시위는 노동자들의 노동쟁의로 이어졌다.",
        "pIdx": 22
    },
    {
        "pronouns": [],
        "globalSId": [
            379354
        ],
        "wikiPageId": 40154,
        "entities": [
            {
                "ancestor": "",
                "keyword": "[일본]",
                "ne_type": "",
                "e_type": "WIKILINK",
                "en": 7,
                "eIdx": 0,
                "st": 3
            },
            {
                "ancestor": "",
                "keyword": "[대사관]",
                "ne_type": "",
                "e_type": "WIKILINK",
                "en": 13,
                "eIdx": 1,
                "st": 8
            }
        ],
        "text": "당시 [일본] [대사관]의 직원은 시위의 모습을 이렇게 기억했다.",
        "pIdx": 23
    },
    {
        "pronouns": [],
        "globalSId": [
            379355,
            379356
        ],
        "wikiPageId": 40154,
        "entities": [
            {
                "ancestor": "",
                "keyword": "<소비에트>",
                "ne_type": "",
                "e_type": "ELU",
                "en": 83,
                "eIdx": 0,
                "st": 77
            },
            {
                "ancestor": "",
                "keyword": "[혁명]",
                "ne_type": "",
                "e_type": "WIKILINK",
                "en": 95,
                "eIdx": 1,
                "st": 91
            }
        ],
        "text": "시위에서 혁명으로 러시아 민중들의 시위는 전쟁에서 돌아오거나 민중시위 진압을 거부한 일부 사병들이 참여하면서 ‘페트로그라드 노동자, 병사 <소비에트>’로 단결하는 [혁명]로 발전하였다.",
        "pIdx": 24
    },
    {
        "pronouns": [],
        "globalSId": [
            379357
        ],
        "wikiPageId": 40154,
        "entities": [
            {
                "ancestor": "",
                "keyword": "[1917년]",
                "ne_type": "",
                "e_type": "WIKILINK",
                "en": 7,
                "eIdx": 0,
                "st": 0
            },
            {
                "ancestor": "",
                "keyword": "[2월_22일]",
                "ne_type": "",
                "e_type": "WIKILINK",
                "en": 16,
                "eIdx": 1,
                "st": 8
            },
            {
                "ancestor": "",
                "keyword": "<니콜라이_2세>",
                "ne_type": "",
                "e_type": "ELU",
                "en": 51,
                "eIdx": 2,
                "st": 42
            },
            {
                "ancestor": "",
                "keyword": "[2월_27일]",
                "ne_type": "",
                "e_type": "WIKILINK",
                "en": 94,
                "eIdx": 3,
                "st": 86
            }
        ],
        "text": "[1917년] [2월_22일] 푸틸로프 공장에서 노동자들이 파업을 일으켰고 <니콜라이_2세>는 수도방위사령관 하발로프에게 군대를 보내 진압하도록 하였으나 [2월_27일] 군대까지 노동자들의 편에 섰다.",
        "pIdx": 25
    }
]