[
    {
        "pronouns": [],
        "globalSId": [
            784582,
            784583,
            784584,
            784585
        ],
        "wikiPageId": 104255,
        "entities": [
            {
                "ancestor": "",
                "keyword": "<아이티어>",
                "ne_type": "",
                "e_type": "ELU",
                "en": 6,
                "eIdx": 0,
                "st": 0
            },
            {
                "ancestor": "",
                "keyword": "<크리올>",
                "ne_type": "",
                "e_type": "ELU",
                "en": 19,
                "eIdx": 1,
                "st": 14
            },
            {
                "ancestor": "",
                "keyword": "[아이티]",
                "ne_type": "",
                "e_type": "WIKILINK",
                "en": 28,
                "eIdx": 2,
                "st": 23
            },
            {
                "ancestor": "",
                "keyword": "[공용어]",
                "ne_type": "",
                "e_type": "WIKILINK",
                "en": 38,
                "eIdx": 3,
                "st": 33
            },
            {
                "ancestor": "",
                "keyword": "<아이티>",
                "ne_type": "",
                "e_type": "ELU",
                "en": 47,
                "eIdx": 4,
                "st": 42
            },
            {
                "ancestor": "",
                "keyword": "[프랑스]",
                "ne_type": "",
                "e_type": "WIKILINK",
                "en": 86,
                "eIdx": 5,
                "st": 81
            },
            {
                "ancestor": "",
                "keyword": "[캐나다]",
                "ne_type": "",
                "e_type": "WIKILINK",
                "en": 93,
                "eIdx": 6,
                "st": 88
            },
            {
                "ancestor": "",
                "keyword": "[미국]",
                "ne_type": "",
                "e_type": "WIKILINK",
                "en": 99,
                "eIdx": 7,
                "st": 95
            },
            {
                "ancestor": "",
                "keyword": "[도미니카_공화국]",
                "ne_type": "",
                "e_type": "WIKILINK",
                "en": 111,
                "eIdx": 8,
                "st": 101
            },
            {
                "ancestor": "",
                "keyword": "[카리브해]",
                "ne_type": "",
                "e_type": "WIKILINK",
                "en": 119,
                "eIdx": 9,
                "st": 113
            },
            {
                "ancestor": "",
                "keyword": "<국가>",
                "ne_type": "",
                "e_type": "ELU",
                "en": 127,
                "eIdx": 10,
                "st": 123
            },
            {
                "ancestor": "",
                "keyword": "<아이티>",
                "ne_type": "",
                "e_type": "ELU",
                "en": 135,
                "eIdx": 11,
                "st": 130
            },
            {
                "ancestor": "",
                "keyword": "<이주_(황족)>",
                "ne_type": "",
                "e_type": "ELU",
                "en": 147,
                "eIdx": 12,
                "st": 138
            }
        ],
        "text": "<아이티어> 또는 아이티 <크리올>()은 [아이티]의 주요 [공용어]이다. <아이티>의 거의 모든 인구가 일상언어로 널리 쓴다. 아이티 밖에서는 [프랑스], [캐나다], [미국], [도미니카_공화국], [카리브해] 인근 <국가> 등 <아이티>에서 <이주_(황족)>한 사람들이 이 언어를 쓴다. 크리올 가운데 가장 널리 쓰이는 말이다.",
        "pIdx": 1
    }
]