[
    {
        "pronouns": [],
        "globalSId": [
            413129,
            413130,
            413131,
            413132
        ],
        "wikiPageId": 43793,
        "entities": [
            {
                "ancestor": "",
                "keyword": "<배우>",
                "ne_type": "",
                "e_type": "ELU",
                "en": 7,
                "eIdx": 0,
                "st": 3
            },
            {
                "ancestor": "",
                "keyword": "[부모님_전상서]",
                "ne_type": "",
                "e_type": "WIKILINK",
                "en": 24,
                "eIdx": 1,
                "st": 15
            },
            {
                "ancestor": "",
                "keyword": "[사랑과_야망_(1987년_드라마)]",
                "ne_type": "",
                "e_type": "WIKILINK",
                "en": 48,
                "eIdx": 2,
                "st": 28
            },
            {
                "ancestor": "",
                "keyword": "[엄마가_뿔났다]",
                "ne_type": "",
                "e_type": "WIKILINK",
                "en": 61,
                "eIdx": 3,
                "st": 52
            },
            {
                "ancestor": "",
                "keyword": "[이유리]",
                "ne_type": "",
                "e_type": "WIKILINK",
                "en": 69,
                "eIdx": 4,
                "st": 64
            },
            {
                "ancestor": "",
                "keyword": "[부모님_전상서]",
                "ne_type": "",
                "e_type": "WIKILINK",
                "en": 81,
                "eIdx": 5,
                "st": 72
            },
            {
                "ancestor": "",
                "keyword": "[엄마가_뿔났다]",
                "ne_type": "",
                "e_type": "WIKILINK",
                "en": 94,
                "eIdx": 6,
                "st": 85
            },
            {
                "ancestor": "",
                "keyword": "[무자식_상팔자]",
                "ne_type": "",
                "e_type": "WIKILINK",
                "en": 107,
                "eIdx": 7,
                "st": 98
            },
            {
                "ancestor": "",
                "keyword": "[김민경_(1981년_8월)]",
                "ne_type": "",
                "e_type": "WIKILINK",
                "en": 126,
                "eIdx": 8,
                "st": 110
            },
            {
                "ancestor": "",
                "keyword": "[엄지원]",
                "ne_type": "",
                "e_type": "WIKILINK",
                "en": 179,
                "eIdx": 9,
                "st": 174
            },
            {
                "ancestor": "",
                "keyword": "[하석진]",
                "ne_type": "",
                "e_type": "WIKILINK",
                "en": 186,
                "eIdx": 10,
                "st": 181
            },
            {
                "ancestor": "",
                "keyword": "[송창의]",
                "ne_type": "",
                "e_type": "WIKILINK",
                "en": 193,
                "eIdx": 11,
                "st": 188
            },
            {
                "ancestor": "",
                "keyword": "[이상우_(배우)]",
                "ne_type": "",
                "e_type": "WIKILINK",
                "en": 205,
                "eIdx": 12,
                "st": 195
            },
            {
                "ancestor": "",
                "keyword": "<김수현_(작가)>",
                "ne_type": "",
                "e_type": "ELU",
                "en": 217,
                "eIdx": 13,
                "st": 207
            },
            {
                "ancestor": "",
                "keyword": "<작가>",
                "ne_type": "",
                "e_type": "ELU",
                "en": 235,
                "eIdx": 14,
                "st": 231
            },
            {
                "ancestor": "",
                "keyword": "<배우>",
                "ne_type": "",
                "e_type": "ELU",
                "en": 363,
                "eIdx": 15,
                "st": 359
            },
            {
                "ancestor": "",
                "keyword": "<스타크래프트>",
                "ne_type": "",
                "e_type": "ELU",
                "en": 393,
                "eIdx": 16,
                "st": 385
            }
        ],
        "text": "젊은 <배우>들 중에서는 《[부모님_전상서]》, 《[사랑과_야망_(1987년_드라마)]》, 《[엄마가_뿔났다]》의 [이유리], 《[부모님_전상서]》, 《[엄마가_뿔났다]》, 《[무자식_상팔자]》의 [김민경_(1981년_8월)]이 20대부터 일찍이 사단에 합류하여 김수현 작품들로 필모를 메워가고 있다. 최근에는 [엄지원], [하석진], [송창의], [이상우_(배우)]가 <김수현_(작가)>의 돈독한 신뢰를 받으며 <작가>와의 인연을 이어가고 있다. 김수현 사단의 강점은 기본적으로 안정감과 편안함을 보장한다는 것인데, '그 얼굴이 그 얼굴'이라 너무 익숙한 나머지 식상함과 지겨움을 동반한다는 것이 약점이다. 일각에서는 김수현 사단을 두고 \"<배우>가 되려면 김수현 사단에 들어가야겠지만 <스타크래프트>가 되려면 김수현 드라마에 들어갈 필요가 없다\"는 평을 하기도 했다.",
        "pIdx": 9
    },
    {
        "pronouns": [],
        "globalSId": [
            413133,
            413134,
            413135
        ],
        "wikiPageId": 43793,
        "entities": [
            {
                "ancestor": "",
                "keyword": "[1975년]",
                "ne_type": "",
                "e_type": "WIKILINK",
                "en": 18,
                "eIdx": 0,
                "st": 11
            },
            {
                "ancestor": "",
                "keyword": "[MBC]",
                "ne_type": "",
                "e_type": "WIKILINK",
                "en": 28,
                "eIdx": 1,
                "st": 23
            },
            {
                "ancestor": "",
                "keyword": "[신부일기_(드라마)]",
                "ne_type": "",
                "e_type": "WIKILINK",
                "en": 48,
                "eIdx": 2,
                "st": 36
            },
            {
                "ancestor": "",
                "keyword": "[박은수]",
                "ne_type": "",
                "e_type": "WIKILINK",
                "en": 167,
                "eIdx": 3,
                "st": 162
            },
            {
                "ancestor": "",
                "keyword": "[오미연]",
                "ne_type": "",
                "e_type": "WIKILINK",
                "en": 174,
                "eIdx": 4,
                "st": 169
            },
            {
                "ancestor": "",
                "keyword": "[김윤경_(1949년)]",
                "ne_type": "",
                "e_type": "WIKILINK",
                "en": 189,
                "eIdx": 5,
                "st": 176
            },
            {
                "ancestor": "",
                "keyword": "[박은수]",
                "ne_type": "",
                "e_type": "WIKILINK",
                "en": 225,
                "eIdx": 6,
                "st": 220
            },
            {
                "ancestor": "",
                "keyword": "[오미연]",
                "ne_type": "",
                "e_type": "WIKILINK",
                "en": 232,
                "eIdx": 7,
                "st": 227
            },
            {
                "ancestor": "",
                "keyword": "<중도주의>",
                "ne_type": "",
                "e_type": "ELU",
                "en": 266,
                "eIdx": 8,
                "st": 260
            }
        ],
        "text": "TV 연속극의 제왕 [1975년] 집필한 [MBC] 일일드라마 《[신부일기_(드라마)]》는 방송을 시작하고 2백회 넘게 방영되는 동안 한번도 시청률이 톱의 자리에서 물러서 본 적이 없는 'TV 연속극의 제왕으로 군림했다'는 평을 받을 정도로 공전의 히트를 쳤다. 이 드라마의 인기로 탤런트 [박은수], [오미연], [김윤경_(1949년)] 등이 스타덤에 올랐는데, 특히 부부 운전사로 출연했던 [박은수]와 [오미연]은 출발 캐스트에 포함되어 있지도 않고 후발주자로 <중도주의>에 합류했는데도 불구하고 큰 인기를 끌어 무명의 단역에서 단숨에 A급 탤런트로 급성장하였다.",
        "pIdx": 10
    },
    {
        "pronouns": [],
        "globalSId": [
            413136,
            413137
        ],
        "wikiPageId": 43793,
        "entities": [
            {
                "ancestor": "",
                "keyword": "[1976년]",
                "ne_type": "",
                "e_type": "WIKILINK",
                "en": 7,
                "eIdx": 0,
                "st": 0
            },
            {
                "ancestor": "",
                "keyword": "[MBC]",
                "ne_type": "",
                "e_type": "WIKILINK",
                "en": 15,
                "eIdx": 1,
                "st": 10
            },
            {
                "ancestor": "",
                "keyword": "<형식>",
                "ne_type": "",
                "e_type": "ELU",
                "en": 27,
                "eIdx": 2,
                "st": 23
            },
            {
                "ancestor": "",
                "keyword": "[여고_동창생_(MBC_드라마)]",
                "ne_type": "",
                "e_type": "WIKILINK",
                "en": 55,
                "eIdx": 3,
                "st": 37
            },
            {
                "ancestor": "",
                "keyword": "<졸업>",
                "ne_type": "",
                "e_type": "ELU",
                "en": 73,
                "eIdx": 4,
                "st": 69
            },
            {
                "ancestor": "",
                "keyword": "[남정임]",
                "ne_type": "",
                "e_type": "WIKILINK",
                "en": 146,
                "eIdx": 5,
                "st": 141
            },
            {
                "ancestor": "",
                "keyword": "[윤여정]",
                "ne_type": "",
                "e_type": "WIKILINK",
                "en": 153,
                "eIdx": 6,
                "st": 148
            },
            {
                "ancestor": "",
                "keyword": "[김혜자]",
                "ne_type": "",
                "e_type": "WIKILINK",
                "en": 160,
                "eIdx": 7,
                "st": 155
            },
            {
                "ancestor": "",
                "keyword": "[김윤경_(1949년)]",
                "ne_type": "",
                "e_type": "WIKILINK",
                "en": 175,
                "eIdx": 8,
                "st": 162
            },
            {
                "ancestor": "",
                "keyword": "[나문희]",
                "ne_type": "",
                "e_type": "WIKILINK",
                "en": 182,
                "eIdx": 9,
                "st": 177
            }
        ],
        "text": "[1976년]에는 [MBC]에서 옴니버스 <형식>의 일일연속극인 《[여고_동창생_(MBC_드라마)]》을 집필하였다. 학교를 <졸업>하고 각기 다른 상황 속에서 각자의 생활을 살아가고 있는 5명의 여고 동창생들의 얘기를 그린 작품으로 주역급 탤런트 5명([남정임], [윤여정], [김혜자], [김윤경_(1949년)], [나문희])이 처음부터 함께 출연하고 60회를 단위로 돌아가면서 줄거리와 주인공이 바뀐다는 새로운 형식의 드라마이다.",
        "pIdx": 11
    },
    {
        "pronouns": [],
        "globalSId": [
            413138,
            413139,
            413140
        ],
        "wikiPageId": 43793,
        "entities": [
            {
                "ancestor": "",
                "keyword": "[1984년]",
                "ne_type": "",
                "e_type": "WIKILINK",
                "en": 7,
                "eIdx": 0,
                "st": 0
            },
            {
                "ancestor": "",
                "keyword": "<이하나>",
                "ne_type": "",
                "e_type": "ELU",
                "en": 39,
                "eIdx": 1,
                "st": 34
            },
            {
                "ancestor": "",
                "keyword": "[MBC_주말연속극]",
                "ne_type": "",
                "e_type": "WIKILINK",
                "en": 79,
                "eIdx": 2,
                "st": 68
            },
            {
                "ancestor": "",
                "keyword": "[사랑과_진실]",
                "ne_type": "",
                "e_type": "WIKILINK",
                "en": 89,
                "eIdx": 3,
                "st": 81
            },
            {
                "ancestor": "",
                "keyword": "[정애리]",
                "ne_type": "",
                "e_type": "WIKILINK",
                "en": 116,
                "eIdx": 4,
                "st": 111
            },
            {
                "ancestor": "",
                "keyword": "[원미경]",
                "ne_type": "",
                "e_type": "WIKILINK",
                "en": 129,
                "eIdx": 5,
                "st": 124
            },
            {
                "ancestor": "",
                "keyword": "<문제>",
                "ne_type": "",
                "e_type": "ELU",
                "en": 213,
                "eIdx": 6,
                "st": 209
            },
            {
                "ancestor": "",
                "keyword": "<가출>",
                "ne_type": "",
                "e_type": "ELU",
                "en": 242,
                "eIdx": 7,
                "st": 238
            }
        ],
        "text": "[1984년]에는 20년간을 친자매로 알고 자란 두 여인 중 <이하나>가 상대편의 행복을 가로채면서 벌어지는 얘기를 그린 [MBC_주말연속극] 《[사랑과_진실]》을 집필하였다. 투톱 여주인공을 맡은 [정애리](효선 역), [원미경](미선 역) 두 인기 여배우의 연기대결과 함께 통속적이지만 흥미로운 전개로 시청률 50%를 훌쩍 넘으며 큰 인기를 모았다. 하지만 작가의 건강 <문제>로 효선의 인생을 훔친 미선이 자살소동 끝에 <가출>을 하는 것으로 시청자의 기대와 달리 싱거운 결말을 내며 당초 계획보다 2달 앞당겨 막을 내리게 되었다.",
        "pIdx": 12
    },
    {
        "pronouns": [],
        "globalSId": [
            413141
        ],
        "wikiPageId": 43793,
        "entities": [
            {
                "ancestor": "",
                "keyword": "[1987년]",
                "ne_type": "",
                "e_type": "WIKILINK",
                "en": 7,
                "eIdx": 0,
                "st": 0
            },
            {
                "ancestor": "",
                "keyword": "<박태수>",
                "ne_type": "",
                "e_type": "ELU",
                "en": 41,
                "eIdx": 1,
                "st": 36
            },
            {
                "ancestor": "",
                "keyword": "<형제자매>",
                "ne_type": "",
                "e_type": "ELU",
                "en": 53,
                "eIdx": 2,
                "st": 47
            },
            {
                "ancestor": "",
                "keyword": "[사랑과_야망_(1987년_드라마)]",
                "ne_type": "",
                "e_type": "WIKILINK",
                "en": 100,
                "eIdx": 3,
                "st": 80
            }
        ],
        "text": "[1987년]에는 1958년을 기점으로 지방소도시 방앗간집 아들 <박태수>, 박태준 <형제자매>의 각기 다른 삶과 사랑을 그리는 대하 멜로물 《[사랑과_야망_(1987년_드라마)]》을 집필하였다.",
        "pIdx": 13
    },
    {
        "globalSId": [
            413142,
            413143,
            413144
        ],
        "pronouns": [
            {
                "proIdx": 0,
                "ancestor": "",
                "en": 183,
                "st": 178,
                "keyword": "그 사실을"
            },
            {
                "proIdx": 1,
                "ancestor": "",
                "en": 237,
                "st": 232,
                "keyword": "여주인공의"
            },
            {
                "proIdx": 2,
                "ancestor": "",
                "en": 250,
                "st": 221,
                "keyword": "배신감에 치를 떠는 여주인공의 격렬하고 생생한 대사와"
            },
            {
                "proIdx": 3,
                "ancestor": "",
                "en": 336,
                "st": 331,
                "keyword": "한 여자의"
            },
            {
                "proIdx": 4,
                "ancestor": "",
                "en": 342,
                "st": 331,
                "keyword": "한 여자의 지아비이자"
            },
            {
                "proIdx": 5,
                "ancestor": "",
                "en": 348,
                "st": 343,
                "keyword": "한 가정의"
            },
            {
                "proIdx": 6,
                "ancestor": "",
                "en": 352,
                "st": 343,
                "keyword": "한 가정의 가장을"
            }
        ],
        "wikiPageId": 43793,
        "entities": [
            {
                "ne_type": "",
                "keyword": "[1988년]",
                "ancestor": "",
                "e_type": "WIKILINK",
                "en": 7,
                "eIdx": 0,
                "st": 0
            },
            {
                "ne_type": "",
                "keyword": "[삼각관계]",
                "ancestor": "",
                "e_type": "WIKILINK",
                "en": 39,
                "eIdx": 1,
                "st": 33
            },
            {
                "ne_type": "",
                "keyword": "[외도]",
                "ancestor": "",
                "e_type": "WIKILINK",
                "en": 49,
                "eIdx": 2,
                "st": 45
            },
            {
                "ne_type": "",
                "keyword": "[이혼]",
                "ancestor": "",
                "e_type": "WIKILINK",
                "en": 55,
                "eIdx": 3,
                "st": 51
            },
            {
                "ne_type": "",
                "keyword": "[MBC]",
                "ancestor": "",
                "e_type": "WIKILINK",
                "en": 70,
                "eIdx": 4,
                "st": 65
            },
            {
                "ne_type": "",
                "keyword": "[모래성_(드라마)]",
                "ancestor": "",
                "e_type": "WIKILINK",
                "en": 87,
                "eIdx": 5,
                "st": 76
            },
            {
                "ne_type": "",
                "keyword": "[모래성_(드라마)]",
                "ancestor": "",
                "e_type": "WIKILINK",
                "en": 117,
                "eIdx": 6,
                "st": 106
            },
            {
                "ne_type": "",
                "keyword": "[박근형]",
                "ancestor": "",
                "e_type": "WIKILINK",
                "en": 144,
                "eIdx": 7,
                "st": 139
            },
            {
                "ne_type": "PERSON",
                "keyword": "[세희]",
                "ancestor": "",
                "e_type": "NEW",
                "en": 156,
                "eIdx": 8,
                "st": 152
            },
            {
                "ne_type": "",
                "keyword": "[김청]",
                "ancestor": "",
                "e_type": "WIKILINK",
                "en": 161,
                "eIdx": 9,
                "st": 157
            },
            {
                "ne_type": "",
                "keyword": "[김혜자]",
                "ancestor": "",
                "e_type": "WIKILINK",
                "en": 194,
                "eIdx": 10,
                "st": 189
            },
            {
                "ne_type": "",
                "keyword": "<남성혐오>",
                "ancestor": "",
                "e_type": "ELU",
                "en": 364,
                "eIdx": 11,
                "st": 358
            }
        ],
        "text": "[1988년]에는 신성한 가정을 모래로 쌓은 집에 비유하며 [삼각관계], 남편의 [외도], [이혼]을 정면으로 다룬 [MBC] 드라마 《[모래성_(드라마)]》를 집필하여 화제를 일으켰다. 《[모래성_(드라마)]》은 부유한 40대 후반의 변호사 남편([박근형] 역)이 처녀 [세희]([김청] 역)와 불륜의 사랑을 하고, 그 사실을 안 아내([김혜자] 역)가 이혼을 감행한다는 줄거리의 드라마이다. 배신감에 치를 떠는 여주인공의 격렬하고 생생한 대사와 처절한 복수심 표출 묘사로, 여성 시청자들로부터는 '여자들이 못하는 말을 대신 해줘 쾌감을 느꼈다'는 열렬한 지지를 얻었으나, 남자들로부터는 \"한 여자의 지아비이자 한 가정의 가장을 비하해서 <남성혐오>에 걸리게 하는 불건강한 드라마\"라는 악평을 들었다.",
        "pIdx": 14
    },
    {
        "pronouns": [],
        "globalSId": [
            413145
        ],
        "wikiPageId": 43793,
        "entities": [
            {
                "ancestor": "",
                "keyword": "<각성>",
                "ne_type": "",
                "e_type": "ELU",
                "en": 23,
                "eIdx": 0,
                "st": 19
            },
            {
                "ancestor": "",
                "keyword": "[여성주의]",
                "ne_type": "",
                "e_type": "WIKILINK",
                "en": 60,
                "eIdx": 1,
                "st": 54
            },
            {
                "ancestor": "",
                "keyword": "<대한제국_순종>",
                "ne_type": "",
                "e_type": "ELU",
                "en": 138,
                "eIdx": 2,
                "st": 129
            },
            {
                "ancestor": "",
                "keyword": "<묘사>",
                "ne_type": "",
                "e_type": "ELU",
                "en": 160,
                "eIdx": 3,
                "st": 156
            },
            {
                "ancestor": "",
                "keyword": "[남존여비]",
                "ne_type": "",
                "e_type": "WIKILINK",
                "en": 179,
                "eIdx": 4,
                "st": 173
            },
            {
                "ancestor": "",
                "keyword": "<사상구>",
                "ne_type": "",
                "e_type": "ELU",
                "en": 185,
                "eIdx": 5,
                "st": 180
            }
        ],
        "text": "남자에게 상처받고 버림받은 여자가 <각성>하여 남자를 파멸로 몰아간다는 극단적으로 윤리파괴적이고 [여성주의]적인 이야기를 많이 쓴 것 같으면서도, 아이러니하게도 한편으론 철저히 보수적이고 윤리적인 색채가 강한 중산층 집안상 속에서 <대한제국_순종>하고 길들여져 살아가는 여자들을 <묘사>하여 \"여성작가이면서도 [남존여비] <사상구>이 강한 작품만 쓴다\"는 비난을 받기도 했다.",
        "pIdx": 15
    },
    {
        "pronouns": [],
        "globalSId": [
            413146
        ],
        "wikiPageId": 43793,
        "entities": [
            {
                "ancestor": "",
                "keyword": "<이후_(소설가)>",
                "ne_type": "",
                "e_type": "ELU",
                "en": 17,
                "eIdx": 0,
                "st": 7
            }
        ],
        "text": "1990년대 <이후_(소설가)>",
        "pIdx": 16
    },
    {
        "globalSId": [
            413147,
            413148,
            413149,
            413150,
            413151,
            413152,
            413153
        ],
        "pronouns": [
            {
                "proIdx": 0,
                "ancestor": "",
                "en": 8,
                "st": 4,
                "keyword": "뭐길래."
            },
            {
                "proIdx": 1,
                "ancestor": "",
                "en": 380,
                "st": 350,
                "keyword": "15년간 무명가수로 밤무대를 전전하던 가수 [김국환]은"
            },
            {
                "proIdx": 2,
                "ancestor": "",
                "en": 401,
                "st": 399,
                "keyword": "네가"
            },
            {
                "proIdx": 3,
                "ancestor": "",
                "en": 404,
                "st": 402,
                "keyword": "나를"
            },
            {
                "proIdx": 4,
                "ancestor": "",
                "en": 412,
                "st": 410,
                "keyword": "난들"
            },
            {
                "proIdx": 5,
                "ancestor": "",
                "en": 415,
                "st": 413,
                "keyword": "너를"
            },
            {
                "proIdx": 6,
                "ancestor": "",
                "en": 524,
                "st": 519,
                "keyword": "이 노래는"
            }
        ],
        "wikiPageId": 43793,
        "entities": [
            {
                "ne_type": "",
                "keyword": "[1991년]",
                "ancestor": "",
                "e_type": "WIKILINK",
                "en": 16,
                "eIdx": 0,
                "st": 9
            },
            {
                "ne_type": "",
                "keyword": "<김수현_(작가)>",
                "ancestor": "",
                "e_type": "ELU",
                "en": 33,
                "eIdx": 1,
                "st": 23
            },
            {
                "ne_type": "",
                "keyword": "[MBC_주말연속극]",
                "ancestor": "",
                "e_type": "WIKILINK",
                "en": 65,
                "eIdx": 2,
                "st": 54
            },
            {
                "ne_type": "",
                "keyword": "[사랑이_뭐길래]",
                "ancestor": "",
                "e_type": "WIKILINK",
                "en": 76,
                "eIdx": 3,
                "st": 67
            },
            {
                "ne_type": "",
                "keyword": "<김수현_(작가)>",
                "ancestor": "",
                "e_type": "ELU",
                "en": 89,
                "eIdx": 4,
                "st": 79
            },
            {
                "ne_type": "ORGANIZATION",
                "keyword": "[SBS]",
                "ancestor": "",
                "e_type": "NEW",
                "en": 107,
                "eIdx": 5,
                "st": 102
            },
            {
                "ne_type": "ETC",
                "keyword": "[소설극장]",
                "ancestor": "",
                "e_type": "NEW",
                "en": 114,
                "eIdx": 6,
                "st": 108
            },
            {
                "ne_type": "",
                "keyword": "[여자_마흔다섯]",
                "ancestor": "",
                "e_type": "WIKILINK",
                "en": 125,
                "eIdx": 7,
                "st": 116
            },
            {
                "ne_type": "",
                "keyword": "<김수현_(작가)>",
                "ancestor": "",
                "e_type": "ELU",
                "en": 138,
                "eIdx": 8,
                "st": 128
            },
            {
                "ne_type": "ETC",
                "keyword": "[여자_나이_마흔다섯]",
                "ancestor": "",
                "e_type": "NEW",
                "en": 156,
                "eIdx": 9,
                "st": 144
            },
            {
                "ne_type": "PERSON",
                "keyword": "[김금자]",
                "ancestor": "",
                "e_type": "NEW",
                "en": 168,
                "eIdx": 10,
                "st": 163
            },
            {
                "ne_type": "",
                "keyword": "[1991년]",
                "ancestor": "",
                "e_type": "WIKILINK",
                "en": 191,
                "eIdx": 11,
                "st": 184
            },
            {
                "ne_type": "LOCATION",
                "keyword": "[서울]",
                "ancestor": "",
                "e_type": "NEW",
                "en": 202,
                "eIdx": 12,
                "st": 198
            },
            {
                "ne_type": "",
                "keyword": "[사랑이_뭐길래]",
                "ancestor": "",
                "e_type": "WIKILINK",
                "en": 245,
                "eIdx": 13,
                "st": 236
            },
            {
                "ne_type": "",
                "keyword": "[김국환]",
                "ancestor": "",
                "e_type": "WIKILINK",
                "en": 262,
                "eIdx": 14,
                "st": 257
            },
            {
                "ne_type": "",
                "keyword": "[타타타_(노래)]",
                "ancestor": "",
                "e_type": "WIKILINK",
                "en": 278,
                "eIdx": 15,
                "st": 268
            },
            {
                "ne_type": "",
                "keyword": "[김국환]",
                "ancestor": "",
                "e_type": "WIKILINK",
                "en": 379,
                "eIdx": 16,
                "st": 374
            },
            {
                "ne_type": "",
                "keyword": "[사랑이_뭐길래]",
                "ancestor": "",
                "e_type": "WIKILINK",
                "en": 468,
                "eIdx": 17,
                "st": 459
            },
            {
                "ne_type": "",
                "keyword": "[김혜자]",
                "ancestor": "",
                "e_type": "WIKILINK",
                "en": 477,
                "eIdx": 18,
                "st": 472
            },
            {
                "ne_type": "",
                "keyword": "<김수현_(작가)>",
                "ancestor": "",
                "e_type": "ELU",
                "en": 535,
                "eIdx": 19,
                "st": 525
            }
        ],
        "text": "인기가 뭐길래. [1991년]에는 안방에 <김수현_(작가)>의 작품 두 개가 나란히 방영되었다. [MBC_주말연속극] 《[사랑이_뭐길래]》는 <김수현_(작가)>의 오리지널 각본이고, [SBS] [소설극장] 《[여자_마흔다섯]》은 <김수현_(작가)>의 소설 《[여자_나이_마흔다섯]》을 각본가 [김금자]가 각색하여 집필한 것이다. [1991년] 방영 당시 [서울] 시내 수돗물 사용량이 줄어들 정도로 공전의 히트를 기록한 《[사랑이_뭐길래]》에 잠깐 삽입되었던 [김국환]의 노래 《[타타타_(노래)]》는 한참 전에 발표되었으나 주목받지 못하다가 드라마의 인기에 힘입어 레코드 품귀현상까지 빚으며 화제의 돌풍을 일으켰다. 또한, 15년간 무명가수로 밤무대를 전전하던 가수 [김국환]은 하루아침에 스타덤에 올랐다. \\\"네가 나를 모르는데 난들 너를 알겠느냐\\/ 한치 앞도 몰라 다 안다면 재미없지...\\\"로 시작되는 노래가 《[사랑이_뭐길래]》에서 [김혜자]의 극중 심리상태와 절묘하게 맞아떨어졌다는 것이 인기 요인이라는 분석이다. 이 노래는 <김수현_(작가)>이 우연히 차안에서 라디오를 듣다가 가사 내용이 재미있어 소개한 것이라고 한다.",
        "pIdx": 17
    },
    {
        "pronouns": [],
        "globalSId": [
            413154
        ],
        "wikiPageId": 43793,
        "entities": [
            {
                "ancestor": "",
                "keyword": "<이후_(소설가)>",
                "ne_type": "",
                "e_type": "ELU",
                "en": 13,
                "eIdx": 0,
                "st": 3
            },
            {
                "ancestor": "",
                "keyword": "[TBC]",
                "ne_type": "",
                "e_type": "WIKILINK",
                "en": 22,
                "eIdx": 1,
                "st": 17
            },
            {
                "ancestor": "",
                "keyword": "[문화방송]",
                "ne_type": "",
                "e_type": "WIKILINK",
                "en": 44,
                "eIdx": 2,
                "st": 38
            },
            {
                "ancestor": "",
                "keyword": "[1992년]",
                "ne_type": "",
                "e_type": "WIKILINK",
                "en": 67,
                "eIdx": 3,
                "st": 60
            },
            {
                "ancestor": "",
                "keyword": "<단막극>",
                "ne_type": "",
                "e_type": "ELU",
                "en": 76,
                "eIdx": 4,
                "st": 71
            },
            {
                "ancestor": "",
                "keyword": "[두_여자_(드라마)]",
                "ne_type": "",
                "e_type": "WIKILINK",
                "en": 90,
                "eIdx": 5,
                "st": 78
            },
            {
                "ancestor": "",
                "keyword": "[SBS]",
                "ne_type": "",
                "e_type": "WIKILINK",
                "en": 103,
                "eIdx": 6,
                "st": 98
            },
            {
                "ancestor": "",
                "keyword": "<이적_(가수)>",
                "ne_type": "",
                "e_type": "ELU",
                "en": 138,
                "eIdx": 7,
                "st": 129
            },
            {
                "ancestor": "",
                "keyword": "<현재>",
                "ne_type": "",
                "e_type": "ELU",
                "en": 161,
                "eIdx": 8,
                "st": 157
            },
            {
                "ancestor": "",
                "keyword": "[MBC]",
                "ne_type": "",
                "e_type": "WIKILINK",
                "en": 168,
                "eIdx": 9,
                "st": 163
            },
            {
                "ancestor": "",
                "keyword": "[KBS]",
                "ne_type": "",
                "e_type": "WIKILINK",
                "en": 180,
                "eIdx": 10,
                "st": 175
            },
            {
                "ancestor": "",
                "keyword": "[SBS]",
                "ne_type": "",
                "e_type": "WIKILINK",
                "en": 187,
                "eIdx": 11,
                "st": 182
            },
            {
                "ancestor": "",
                "keyword": "[JTBC]",
                "ne_type": "",
                "e_type": "WIKILINK",
                "en": 195,
                "eIdx": 12,
                "st": 189
            }
        ],
        "text": "데뷔 <이후_(소설가)> 잠깐 [TBC]에서 활동한 것만 빼면 줄곧 [문화방송]에서 드라마를 집필하였으나, [1992년] 월화 <단막극> 《[두_여자_(드라마)]》의 실패 후 [SBS] 방송국 출범과 동시에 수억원의 전속료를 받고 <이적_(가수)>하여 주로 집필 활동을 하였으며, <현재>는 [MBC]를 제외하고 [KBS], [SBS], [JTBC]에서 작업하고 있다.",
        "pIdx": 18
    }
]