[
    {
        "pronouns": [],
        "globalSId": [
            3845965,
            3845966,
            3845967,
            3845968
        ],
        "wikiPageId": 1623985,
        "entities": [
            {
                "ancestor": "",
                "keyword": "<패밀리_컴퓨터>",
                "ne_type": "",
                "e_type": "ELU",
                "en": 9,
                "eIdx": 0,
                "st": 0
            },
            {
                "ancestor": "",
                "keyword": "<미국>",
                "ne_type": "",
                "e_type": "ELU",
                "en": 15,
                "eIdx": 1,
                "st": 11
            },
            {
                "ancestor": "",
                "keyword": "<미국>",
                "ne_type": "",
                "e_type": "ELU",
                "en": 54,
                "eIdx": 2,
                "st": 50
            },
            {
                "ancestor": "",
                "keyword": "<닌텐도>",
                "ne_type": "",
                "e_type": "ELU",
                "en": 71,
                "eIdx": 3,
                "st": 66
            },
            {
                "ancestor": "",
                "keyword": "<설계>",
                "ne_type": "",
                "e_type": "ELU",
                "en": 107,
                "eIdx": 4,
                "st": 103
            },
            {
                "ancestor": "",
                "keyword": "[R.O.B]",
                "ne_type": "",
                "e_type": "WIKILINK",
                "en": 146,
                "eIdx": 5,
                "st": 139
            },
            {
                "ancestor": "",
                "keyword": "<미국>",
                "ne_type": "",
                "e_type": "ELU",
                "en": 198,
                "eIdx": 6,
                "st": 194
            },
            {
                "ancestor": "",
                "keyword": "<미국>",
                "ne_type": "",
                "e_type": "ELU",
                "en": 224,
                "eIdx": 7,
                "st": 220
            },
            {
                "ancestor": "",
                "keyword": "<부활_(음악_그룹)>",
                "ne_type": "",
                "e_type": "ELU",
                "en": 251,
                "eIdx": 8,
                "st": 239
            },
            {
                "ancestor": "",
                "keyword": "<미국>",
                "ne_type": "",
                "e_type": "ELU",
                "en": 259,
                "eIdx": 9,
                "st": 255
            },
            {
                "ancestor": "",
                "keyword": "[ZX_스펙트럼]",
                "ne_type": "",
                "e_type": "WIKILINK",
                "en": 348,
                "eIdx": 10,
                "st": 339
            },
            {
                "ancestor": "",
                "keyword": "[앰스트래드_CPC]",
                "ne_type": "",
                "e_type": "WIKILINK",
                "en": 361,
                "eIdx": 11,
                "st": 350
            },
            {
                "ancestor": "",
                "keyword": "[코모도어_64]",
                "ne_type": "",
                "e_type": "WIKILINK",
                "en": 372,
                "eIdx": 12,
                "st": 363
            },
            {
                "ancestor": "",
                "keyword": "<유럽>",
                "ne_type": "",
                "e_type": "ELU",
                "en": 414,
                "eIdx": 13,
                "st": 410
            }
        ],
        "text": "<패밀리_컴퓨터>을 <미국>에서 잘 팔리게 할 목적으로 비디오 게이밍과 무관한 무언가로서 <미국>에 판매될 수 있도록 <닌텐도>는 닌텐도 엔터테인먼트 시스템(NES)이라는 완전히 다시 <설계>된 버전을 만든다. 이와 동일한 이유로, 이 회사는 또한 [R.O.B]라는 장난감 로봇 액세서리를 개발하여 일부 버전으로 나눠 판매하였다. 그 뒤 NES가 <미국>에서 1985년 10월 18일 출시되어 <미국>에서의 비디오 게임 시장을 <부활_(음악_그룹)>시키고 <미국>의 관중들에게 성공을 입증하였으며 1987년부터 1990년대 초까지 인기는 최고조에 달했다. 나중에 이 콘솔은 다른 서양 국가들에 출시되었지만 [ZX_스펙트럼], [앰스트래드_CPC], [코모도어_64]와 같은 가정용 컴퓨터와의 치열한 경쟁과 마케팅의 부족으로 NES는 <유럽>에서는 크게 성공하지 못했다.",
        "pIdx": 59
    },
    {
        "pronouns": [],
        "globalSId": [
            3845969,
            3845970,
            3845971,
            3845972
        ],
        "wikiPageId": 1623985,
        "entities": [
            {
                "ancestor": "",
                "keyword": "<세가>",
                "ne_type": "",
                "e_type": "ELU",
                "en": 33,
                "eIdx": 0,
                "st": 29
            },
            {
                "ancestor": "",
                "keyword": "<유럽>",
                "ne_type": "",
                "e_type": "ELU",
                "en": 46,
                "eIdx": 1,
                "st": 42
            },
            {
                "ancestor": "",
                "keyword": "<오세아니아>",
                "ne_type": "",
                "e_type": "ELU",
                "en": 55,
                "eIdx": 2,
                "st": 48
            },
            {
                "ancestor": "",
                "keyword": "<패밀리_컴퓨터>",
                "ne_type": "",
                "e_type": "ELU",
                "en": 110,
                "eIdx": 3,
                "st": 101
            },
            {
                "ancestor": "",
                "keyword": "<선글라스>",
                "ne_type": "",
                "e_type": "ELU",
                "en": 217,
                "eIdx": 4,
                "st": 211
            },
            {
                "ancestor": "",
                "keyword": "<닌텐도>",
                "ne_type": "",
                "e_type": "ELU",
                "en": 242,
                "eIdx": 5,
                "st": 237
            },
            {
                "ancestor": "",
                "keyword": "<패밀리_컴퓨터>",
                "ne_type": "",
                "e_type": "ELU",
                "en": 310,
                "eIdx": 6,
                "st": 301
            }
        ],
        "text": "서양 고객들에게 마스터 시스템이라는 이름으로 출시된 <세가> 마크 III는 <유럽>, <오세아니아>, 브라질 시장을 지배하였고, 이 지역들에서는 NES 보다 더 많이 팔렸다. 곧, <패밀리_컴퓨터>/NES와 마스터 시스템이 대단한 3세대 콘솔이 되었다. 세가가 고유의 게임플레이 체험과 혁신 기술에 집중한 반면(마스터 시스템의 출중한 기술 특성에는 더 나은 그래픽스 및 LCD <선글라스>와 같은 액세서리를 가능캐 했다), <닌텐도>는 같은 기능들을 종종 되풀이한 기나긴 대중적인 게임 프랜차이즈에 집중하였다. 지역마다 우위가 갈렸지만, <패밀리_컴퓨터>/NES는 총 61,910,000개의 사본을 판매하였고 이는 마스터 시스템의 14,800,000개 보다 많은 것이다.",
        "pIdx": 60
    },
    {
        "pronouns": [],
        "globalSId": [
            3845973,
            3845974,
            3845975
        ],
        "wikiPageId": 1623985,
        "entities": [
            {
                "ancestor": "",
                "keyword": "[게임_컨트롤러]",
                "ne_type": "",
                "e_type": "WIKILINK",
                "en": 20,
                "eIdx": 0,
                "st": 11
            },
            {
                "ancestor": "",
                "keyword": "[게임패드]",
                "ne_type": "",
                "e_type": "WIKILINK",
                "en": 29,
                "eIdx": 1,
                "st": 23
            },
            {
                "ancestor": "",
                "keyword": "<게임패드>",
                "ne_type": "",
                "e_type": "ELU",
                "en": 37,
                "eIdx": 2,
                "st": 31
            },
            {
                "ancestor": "",
                "keyword": "[조이스틱]",
                "ne_type": "",
                "e_type": "WIKILINK",
                "en": 45,
                "eIdx": 3,
                "st": 39
            },
            {
                "ancestor": "",
                "keyword": "[패들]",
                "ne_type": "",
                "e_type": "WIKILINK",
                "en": 51,
                "eIdx": 4,
                "st": 47
            },
            {
                "ancestor": "",
                "keyword": "[키패드]",
                "ne_type": "",
                "e_type": "WIKILINK",
                "en": 58,
                "eIdx": 5,
                "st": 53
            },
            {
                "ancestor": "",
                "keyword": "<버튼>",
                "ne_type": "",
                "e_type": "ELU",
                "en": 81,
                "eIdx": 6,
                "st": 77
            },
            {
                "ancestor": "",
                "keyword": "[D-pad]",
                "ne_type": "",
                "e_type": "WIKILINK",
                "en": 97,
                "eIdx": 7,
                "st": 90
            },
            {
                "ancestor": "",
                "keyword": "[콘솔_게임]",
                "ne_type": "",
                "e_type": "WIKILINK",
                "en": 154,
                "eIdx": 8,
                "st": 147
            },
            {
                "ancestor": "",
                "keyword": "<미국>",
                "ne_type": "",
                "e_type": "ELU",
                "en": 167,
                "eIdx": 9,
                "st": 163
            },
            {
                "ancestor": "",
                "keyword": "<일본>",
                "ne_type": "",
                "e_type": "ELU",
                "en": 174,
                "eIdx": 10,
                "st": 170
            },
            {
                "ancestor": "",
                "keyword": "<지능형_로봇>",
                "ne_type": "",
                "e_type": "ELU",
                "en": 185,
                "eIdx": 11,
                "st": 177
            }
        ],
        "text": "이 세대에서, 기본 [게임_컨트롤러]로서 [게임패드]나 <게임패드>가 [조이스틱], [패들], [키패드]를 대체하였다. 2개 이상의 액션 <버튼>이 달린 8방향 [D-pad]의 게임패드 디자인은 표준이 되었다. 이 세대는 또한 가정용 비디오 게임 콘솔 하드웨어와 [콘솔_게임] 제작의 우위가 <미국>에서 <일본>으로 <지능형_로봇>된 것이 특징이다.",
        "pIdx": 61
    },
    {
        "pronouns": [],
        "globalSId": [
            3845976,
            3845977,
            3845978
        ],
        "wikiPageId": 1623985,
        "entities": [
            {
                "ancestor": "",
                "keyword": "[젤다의_전설]",
                "ne_type": "",
                "e_type": "WIKILINK",
                "en": 17,
                "eIdx": 0,
                "st": 9
            },
            {
                "ancestor": "",
                "keyword": "[드래곤_퀘스트]",
                "ne_type": "",
                "e_type": "WIKILINK",
                "en": 30,
                "eIdx": 1,
                "st": 21
            },
            {
                "ancestor": "",
                "keyword": "[판타지_스타]",
                "ne_type": "",
                "e_type": "WIKILINK",
                "en": 42,
                "eIdx": 2,
                "st": 34
            },
            {
                "ancestor": "",
                "keyword": "[파이널_판타지]",
                "ne_type": "",
                "e_type": "WIKILINK",
                "en": 55,
                "eIdx": 3,
                "st": 46
            },
            {
                "ancestor": "",
                "keyword": "[스퀘어]",
                "ne_type": "",
                "e_type": "WIKILINK",
                "en": 133,
                "eIdx": 4,
                "st": 128
            },
            {
                "ancestor": "",
                "keyword": "[MSX]",
                "ne_type": "",
                "e_type": "WIKILINK",
                "en": 158,
                "eIdx": 5,
                "st": 153
            },
            {
                "ancestor": "",
                "keyword": "[코지마_히데오]",
                "ne_type": "",
                "e_type": "WIKILINK",
                "en": 174,
                "eIdx": 6,
                "st": 165
            },
            {
                "ancestor": "",
                "keyword": "[메탈_기어]",
                "ne_type": "",
                "e_type": "WIKILINK",
                "en": 183,
                "eIdx": 7,
                "st": 176
            },
            {
                "ancestor": "",
                "keyword": "[메탈_기어]",
                "ne_type": "",
                "e_type": "WIKILINK",
                "en": 196,
                "eIdx": 8,
                "st": 189
            },
            {
                "ancestor": "",
                "keyword": "[스텔스_게임]",
                "ne_type": "",
                "e_type": "WIKILINK",
                "en": 209,
                "eIdx": 9,
                "st": 201
            },
            {
                "ancestor": "",
                "keyword": "[캡콤]",
                "ne_type": "",
                "e_type": "WIKILINK",
                "en": 229,
                "eIdx": 10,
                "st": 225
            },
            {
                "ancestor": "",
                "keyword": "[스위트_홈]",
                "ne_type": "",
                "e_type": "WIKILINK",
                "en": 245,
                "eIdx": 11,
                "st": 238
            },
            {
                "ancestor": "",
                "keyword": "[서바이벌_호러]",
                "ne_type": "",
                "e_type": "WIKILINK",
                "en": 267,
                "eIdx": 12,
                "st": 258
            }
        ],
        "text": "3세대 콘솔은 《[젤다의_전설]》, 《[드래곤_퀘스트]》, 《[판타지_스타]》, 《[파이널_판타지]》와 같은 다양한 하이 프로파일 롤플레잉 프랜차이즈가 첫 선을 보인 것이 특징이며, 파이널 판타지의 경우 재정적으로 일본의 개발사 [스퀘어]를 구원시켜 주었다. 1987년에는 [MSX] 컴퓨터에서 [코지마_히데오]의 [메탈_기어] 시리즈의 [메탈_기어]과 함께 [스텔스_게임]가 탄생하였다. 1987년, [캡콤]은 NES에서 《[스위트_홈]》을 출시하였는데 이는 [서바이벌_호러] 장르의 선구자 역할을 했다.",
        "pIdx": 62
    },
    {
        "pronouns": [],
        "globalSId": [
            3845979
        ],
        "wikiPageId": 1623985,
        "entities": [
            {
                "ancestor": "",
                "keyword": "<닌텐도>",
                "ne_type": "",
                "e_type": "ELU",
                "en": 12,
                "eIdx": 0,
                "st": 7
            },
            {
                "ancestor": "",
                "keyword": "[닌텐도_파워]",
                "ne_type": "",
                "e_type": "WIKILINK",
                "en": 22,
                "eIdx": 1,
                "st": 14
            }
        ],
        "text": "1988년, <닌텐도>는 [닌텐도_파워]라는 잡지를 처음 출판하였다.",
        "pIdx": 63
    },
    {
        "pronouns": [],
        "globalSId": [
            3845980,
            3845981,
            3845982,
            3845983,
            3845984,
            3845985,
            3845986
        ],
        "wikiPageId": 1623985,
        "entities": [
            {
                "ancestor": "",
                "keyword": "[Epyx]",
                "ne_type": "",
                "e_type": "WIKILINK",
                "en": 86,
                "eIdx": 0,
                "st": 80
            },
            {
                "ancestor": "",
                "keyword": "[일렉트로닉_아츠]",
                "ne_type": "",
                "e_type": "WIKILINK",
                "en": 98,
                "eIdx": 1,
                "st": 88
            },
            {
                "ancestor": "",
                "keyword": "[루카스아츠]",
                "ne_type": "",
                "e_type": "WIKILINK",
                "en": 107,
                "eIdx": 2,
                "st": 100
            },
            {
                "ancestor": "",
                "keyword": "<코모도어_64>",
                "ne_type": "",
                "e_type": "ELU",
                "en": 243,
                "eIdx": 3,
                "st": 234
            },
            {
                "ancestor": "",
                "keyword": "[코모도어_64_게임_시스템]",
                "ne_type": "",
                "e_type": "WIKILINK",
                "en": 271,
                "eIdx": 4,
                "st": 255
            },
            {
                "ancestor": "",
                "keyword": "[앰스트래드_GX4000]",
                "ne_type": "",
                "e_type": "WIKILINK",
                "en": 287,
                "eIdx": 5,
                "st": 273
            }
        ],
        "text": "1989년까지 카트리지 기반 콘솔 게임 시장은 20억 달러 이상인 반면 디스크 기반 컴퓨터 게임의 경우 300,000,000 달러 미만이었다. [Epyx], [일렉트로닉_아츠], [루카스아츠]와 같은 대형 컴퓨터 게임 회사들은 대부분의 집중을 콘솔 게임에 쏟기 시작했다. 컴퓨터 게이밍 월드는 컴퓨터 게이밍이 8비트 컴퓨터의 초기 몇 년 발생했던 것과 비슷한 문화적 침체를 겪을 수 있을 것이라 경고했다. 1990년, <코모도어_64>와 앰스트래드는 각각 [코모도어_64_게임_시스템]와 [앰스트래드_GX4000] 게임 머신으로 콘솔 시장에 진입하였다. 이들은 둘 다 그들의 제조업체들의 8비트 컴퓨터에 기반을 두었으며 소프트웨어 지원 부족과 16비트 머신의 도래로 인해 성공이 제한적이었다. 앰스트래드의 GX4000은 겨우 15,000대 이상 판매되었고, 공식 출시된 게임 카트리지는 25개에 불과했다. 기술적으로 마스터 시스템과 닌텐도 엔터테인먼트 시스템에 비해 우위에 있었음에도 불구하고, 6개월 뒤 단종되었다.",
        "pIdx": 64
    },
    {
        "pronouns": [],
        "globalSId": [
            3845987
        ],
        "wikiPageId": 1623985,
        "entities": [
            {
                "ancestor": "",
                "keyword": "<조선_단종>",
                "ne_type": "",
                "e_type": "ELU",
                "en": 24,
                "eIdx": 0,
                "st": 17
            }
        ],
        "text": "이 세대는 1995년 NES의 <조선_단종>과 함께 끝을 맺었다.",
        "pIdx": 65
    },
    {
        "pronouns": [],
        "globalSId": [
            3845988,
            3845989,
            3845990,
            3845991,
            3845992,
            3845993
        ],
        "wikiPageId": 1623985,
        "entities": [
            {
                "ancestor": "",
                "keyword": "[16비트]",
                "ne_type": "",
                "e_type": "WIKILINK",
                "en": 33,
                "eIdx": 0,
                "st": 27
            },
            {
                "ancestor": "",
                "keyword": "<세대>",
                "ne_type": "",
                "e_type": "ELU",
                "en": 38,
                "eIdx": 1,
                "st": 34
            },
            {
                "ancestor": "",
                "keyword": "<유럽>",
                "ne_type": "",
                "e_type": "ELU",
                "en": 71,
                "eIdx": 2,
                "st": 67
            },
            {
                "ancestor": "",
                "keyword": "<일본>",
                "ne_type": "",
                "e_type": "ELU",
                "en": 77,
                "eIdx": 3,
                "st": 73
            },
            {
                "ancestor": "",
                "keyword": "[TurboGrafx-16]",
                "ne_type": "",
                "e_type": "WIKILINK",
                "en": 100,
                "eIdx": 4,
                "st": 85
            },
            {
                "ancestor": "",
                "keyword": "<일본>",
                "ne_type": "",
                "e_type": "ELU",
                "en": 140,
                "eIdx": 5,
                "st": 136
            },
            {
                "ancestor": "",
                "keyword": "<북아메리카>",
                "ne_type": "",
                "e_type": "ELU",
                "en": 164,
                "eIdx": 6,
                "st": 157
            },
            {
                "ancestor": "",
                "keyword": "<유럽>",
                "ne_type": "",
                "e_type": "ELU",
                "en": 170,
                "eIdx": 7,
                "st": 166
            },
            {
                "ancestor": "",
                "keyword": "[허드슨_소프트]",
                "ne_type": "",
                "e_type": "WIKILINK",
                "en": 197,
                "eIdx": 8,
                "st": 188
            },
            {
                "ancestor": "",
                "keyword": "[세가_제네시스]",
                "ne_type": "",
                "e_type": "WIKILINK",
                "en": 242,
                "eIdx": 9,
                "st": 233
            },
            {
                "ancestor": "",
                "keyword": "<호조>",
                "ne_type": "",
                "e_type": "ELU",
                "en": 277,
                "eIdx": 10,
                "st": 273
            },
            {
                "ancestor": "",
                "keyword": "<닌텐도>",
                "ne_type": "",
                "e_type": "ELU",
                "en": 286,
                "eIdx": 11,
                "st": 281
            },
            {
                "ancestor": "",
                "keyword": "[슈퍼_닌텐도_엔터테인먼트_시스템]",
                "ne_type": "",
                "e_type": "WIKILINK",
                "en": 314,
                "eIdx": 12,
                "st": 295
            }
        ],
        "text": "4세대 콘솔 (1987~2003년) (16비트) [16비트] <세대>의 비디오 게임 콘솔은 1980년대 말에 시작한다. <유럽>과 <일본>의 PC 엔진 [TurboGrafx-16]은 1987년에 최초의 상용 16비트 게임 시스템으로 데뷔했다. <일본>에는 많은 신봉자들이 있었지만 <북아메리카>와 <유럽>에서는 제한된 게임 라이브러리와 [허드슨_소프트]가 부과한 과도한 배급 제한으로 인해 기를 펴지 못했다. 세가의 [세가_제네시스]는 1988년 데뷔 이후 초창기에 전 세계적으로 판매가 <호조>였다. <닌텐도>는 1990년에 [슈퍼_닌텐도_엔터테인먼트_시스템](SNES)라는 이름의 자체적인 차세대 시스템으로 대응하였다.",
        "pIdx": 66
    },
    {
        "pronouns": [],
        "globalSId": [
            3845994,
            3845995,
            3845996,
            3845997,
            3845998
        ],
        "wikiPageId": 1623985,
        "entities": [
            {
                "ancestor": "",
                "keyword": "[허드슨_소프트_HuC6280]",
                "ne_type": "",
                "e_type": "WIKILINK",
                "en": 109,
                "eIdx": 0,
                "st": 92
            },
            {
                "ancestor": "",
                "keyword": "[허드슨_소프트_HuC6270]",
                "ne_type": "",
                "e_type": "WIKILINK",
                "en": 143,
                "eIdx": 1,
                "st": 126
            },
            {
                "ancestor": "",
                "keyword": "[인텔레비전]",
                "ne_type": "",
                "e_type": "WIKILINK",
                "en": 186,
                "eIdx": 2,
                "st": 179
            },
            {
                "ancestor": "",
                "keyword": "[클럭_속도]",
                "ne_type": "",
                "e_type": "WIKILINK",
                "en": 246,
                "eIdx": 3,
                "st": 239
            },
            {
                "ancestor": "",
                "keyword": "<동작구>",
                "ne_type": "",
                "e_type": "ELU",
                "en": 253,
                "eIdx": 4,
                "st": 248
            },
            {
                "ancestor": "",
                "keyword": "<가공>",
                "ne_type": "",
                "e_type": "ELU",
                "en": 291,
                "eIdx": 5,
                "st": 287
            },
            {
                "ancestor": "",
                "keyword": "[헤르츠]",
                "ne_type": "",
                "e_type": "WIKILINK",
                "en": 318,
                "eIdx": 6,
                "st": 313
            }
        ],
        "text": "이 때는 경쟁은 치열했지만 온전히 정직한 마케팅이 이루어진 것은 아니었다. TurboGrafx-16은 최초의 16비트 시스템으로 묘사되었지만 중앙 프로세서는 8비트 [허드슨_소프트_HuC6280]에 진정한 16비트 칩이 되는 [허드슨_소프트_HuC6270] 그래픽스 프로세서가 장착되었다. 게다가, 훨씬 더 초기의 마텔 [인텔레비전]은 16비트 프로세서를 포함하기도 했었다. 세가는 콘솔의 CPU가 SNES의 것 보다 더 높은 [클럭_속도]로 <동작구>한다는 단순한 사실을 설명하기 위해 마케팅을 통해 \"블라스트 <가공>\"이라는 용어를 사용하였다. (7.67 [헤르츠] 대 3.58 MHz).",
        "pIdx": 67
    },
    {
        "pronouns": [],
        "globalSId": [
            3845999,
            3846000
        ],
        "wikiPageId": 1623985,
        "entities": [
            {
                "ancestor": "",
                "keyword": "<일본>",
                "ne_type": "",
                "e_type": "ELU",
                "en": 4,
                "eIdx": 0,
                "st": 0
            },
            {
                "ancestor": "",
                "keyword": "[닌텐도_엔터테인먼트_시스템]",
                "ne_type": "",
                "e_type": "WIKILINK",
                "en": 31,
                "eIdx": 1,
                "st": 15
            },
            {
                "ancestor": "",
                "keyword": "<일본>",
                "ne_type": "",
                "e_type": "ELU",
                "en": 103,
                "eIdx": 2,
                "st": 99
            },
            {
                "ancestor": "",
                "keyword": "[슈퍼_닌텐도_엔터테인먼트_시스템]",
                "ne_type": "",
                "e_type": "WIKILINK",
                "en": 165,
                "eIdx": 3,
                "st": 146
            },
            {
                "ancestor": "",
                "keyword": "<플러그인>",
                "ne_type": "",
                "e_type": "ELU",
                "en": 183,
                "eIdx": 4,
                "st": 177
            },
            {
                "ancestor": "",
                "keyword": "<인기>",
                "ne_type": "",
                "e_type": "ELU",
                "en": 189,
                "eIdx": 5,
                "st": 185
            },
            {
                "ancestor": "",
                "keyword": "<지방법원>",
                "ne_type": "",
                "e_type": "ELU",
                "en": 227,
                "eIdx": 6,
                "st": 221
            }
        ],
        "text": "<일본>에서는 PC 엔진은 [닌텐도_엔터테인먼트_시스템]에 대항하는 매우 성공적인 경쟁작이었고 CD 드라이브 주변 기기는 1988년에 메가 드라이브의 공격을 받아낼 수 있었지만 <일본> 밖에서는 실제로 이와 동일한 수준으로 인식되지는 못했다. 끝내 PC 엔진은 [슈퍼_닌텐도_엔터테인먼트_시스템]에게 밀려났지만 CD <플러그인>이 <인기>되면서 1990년대 말에 접어들면서 더 나은 새로운 게임 <지방법원>을 위해 사용자 층을 충분히 확보하였다.",
        "pIdx": 68
    }
]