[
    {
        "pronouns": [],
        "globalSId": [
            3166788,
            3166789,
            3166790,
            3166791,
            3166792
        ],
        "wikiPageId": 995937,
        "entities": [
            {
                "ancestor": "",
                "keyword": "<윈필드_스콧>",
                "ne_type": "",
                "e_type": "ELU",
                "en": 8,
                "eIdx": 0,
                "st": 0
            },
            {
                "ancestor": "",
                "keyword": "[1786년]",
                "ne_type": "",
                "e_type": "WIKILINK",
                "en": 32,
                "eIdx": 1,
                "st": 25
            },
            {
                "ancestor": "",
                "keyword": "[6월_13일]",
                "ne_type": "",
                "e_type": "WIKILINK",
                "en": 41,
                "eIdx": 2,
                "st": 33
            },
            {
                "ancestor": "",
                "keyword": "[1866년]",
                "ne_type": "",
                "e_type": "WIKILINK",
                "en": 51,
                "eIdx": 3,
                "st": 44
            },
            {
                "ancestor": "",
                "keyword": "[5월_29일]",
                "ne_type": "",
                "e_type": "WIKILINK",
                "en": 60,
                "eIdx": 4,
                "st": 52
            },
            {
                "ancestor": "",
                "keyword": "[미국_육군]",
                "ne_type": "",
                "e_type": "WIKILINK",
                "en": 70,
                "eIdx": 5,
                "st": 63
            },
            {
                "ancestor": "",
                "keyword": "[미국_대통령_선거]",
                "ne_type": "",
                "e_type": "WIKILINK",
                "en": 94,
                "eIdx": 6,
                "st": 83
            },
            {
                "ancestor": "",
                "keyword": "<지명학>",
                "ne_type": "",
                "e_type": "ELU",
                "en": 105,
                "eIdx": 7,
                "st": 100
            },
            {
                "ancestor": "",
                "keyword": "<미국>",
                "ne_type": "",
                "e_type": "ELU",
                "en": 199,
                "eIdx": 8,
                "st": 195
            },
            {
                "ancestor": "",
                "keyword": "<역함수>",
                "ne_type": "",
                "e_type": "ELU",
                "en": 205,
                "eIdx": 9,
                "st": 200
            },
            {
                "ancestor": "",
                "keyword": "[미영_전쟁]",
                "ne_type": "",
                "e_type": "WIKILINK",
                "en": 292,
                "eIdx": 10,
                "st": 285
            },
            {
                "ancestor": "",
                "keyword": "[미국_멕시코_전쟁]",
                "ne_type": "",
                "e_type": "WIKILINK",
                "en": 305,
                "eIdx": 11,
                "st": 294
            },
            {
                "ancestor": "",
                "keyword": "[블랙호크_전쟁]",
                "ne_type": "",
                "e_type": "WIKILINK",
                "en": 316,
                "eIdx": 12,
                "st": 307
            },
            {
                "ancestor": "",
                "keyword": "[세미놀_전쟁]",
                "ne_type": "",
                "e_type": "WIKILINK",
                "en": 326,
                "eIdx": 13,
                "st": 318
            },
            {
                "ancestor": "",
                "keyword": "[남북_전쟁]",
                "ne_type": "",
                "e_type": "WIKILINK",
                "en": 347,
                "eIdx": 14,
                "st": 340
            },
            {
                "ancestor": "",
                "keyword": "[아나콘다_계획]",
                "ne_type": "",
                "e_type": "WIKILINK",
                "en": 392,
                "eIdx": 15,
                "st": 383
            }
        ],
        "text": "<윈필드_스콧>(Winfield Scott, [1786년] [6월_13일] - [1866년] [5월_29일])는 [미국_육군]의 장군, 외교관이며, [미국_대통령_선거] 후보자로 <지명학>되었다. ‘오랜 소란과 깃털’(Old Fuss and Feathers), ‘위대한 노병’(Grand Old Man of the Army)이라는 별명으로도 알려진 <미국> <역함수> 가장 오랫동안 현역을 맡은 장군이다. 또한 많은 역사가들은 당시의 가장 유능한 지휘관으로 평가하고 있다. 그 50년에 이르는 군 경력 속에서 [미영_전쟁], [미국_멕시코_전쟁], [블랙호크_전쟁], [세미놀_전쟁] 그리고 짧은 기간이지만 [남북_전쟁]에서 지휘를 맡은 적이 있다. 남북 전쟁에서 남부 동맹을 깨뜨릴 [아나콘다_계획]으로 알려진 북군의 전략을 수립했다.",
        "pIdx": 1
    }
]