{"entityTagged":"[ICQ]는 [이스라엘] 회사 [미라빌리스]가 처음으로 개발한 [인스턴트_메신저] [컴퓨터_프로그램]이며 나중에 [타임_워너]의 [AOL]의 자사 소유가 되었다. 이 프로그램의 첫 버전은 [1996년] [11월]에 출시되었으며 [ICQ]는 [인터넷]을 통한 최초의 [인스턴트_메신저] 서비스가 되었다. \"[ICQ]\"라는 이름은 \"I seek you\"(\"난 널 찾는다\"의 뜻)의 구문을 딴 것이다. [AOL]은 [미라빌리스]를 [1998년] [6월_8일]에 407,000,000 달러에 인수하였다.","globalSId":[1416862,1416863,1416864,1416865],"entities":[{"kbox_types":["Software","Work"],"st":0,"en_mention":3,"ancestor":"-2","eIdx":0,"st_mention":0,"en":5,"ne_type":"ETC","keyword":"[ICQ]","e_type":"NEW"},{"kbox_types":["Country","PopulatedPlace","Settlement","PopulatedPlace","Place"],"st":7,"en_mention":9,"ancestor":"","eIdx":1,"st_mention":5,"en":13,"ne_type":"LOCATION","keyword":"[이스라엘]","e_type":"WIKILINK"},{"kbox_types":["NULL"],"st":17,"en_mention":18,"ancestor":"","eIdx":2,"st_mention":13,"en":24,"ne_type":"ETC","keyword":"[미라빌리스]","e_type":"WIKILINK"},{"kbox_types":["MusicGenre","TopicalConcept","Genre"],"st":35,"en_mention":37,"ancestor":"","eIdx":3,"st_mention":29,"en":45,"ne_type":"ETC","keyword":"[인스턴트_메신저]","e_type":"WIKILINK"},{"kbox_types":["NULL"],"st":46,"en_mention":42,"ancestor":"","eIdx":4,"st_mention":38,"en":56,"ne_type":"ETC","keyword":"[컴퓨터_프로그램]","e_type":"WIKILINK"},{"kbox_types":["Company","Agent","Organisation"],"st":63,"en_mention":54,"ancestor":"","eIdx":5,"st_mention":49,"en":70,"ne_type":"ORGANIZATION","keyword":"[타임_워너]","e_type":"WIKILINK"},{"kbox_types":["Company","Agent","Organisation"],"st":72,"en_mention":59,"ancestor":"","eIdx":6,"st_mention":56,"en":77,"ne_type":"ORGANIZATION","keyword":"[AOL]","e_type":"WIKILINK"},{"kbox_types":["Year","TimePeriod"],"st":105,"en_mention":92,"ancestor":"","eIdx":7,"st_mention":87,"en":112,"ne_type":"TIME","keyword":"[1996년]","e_type":"WIKILINK"},{"kbox_types":["NULL"],"st":113,"en_mention":96,"ancestor":"-2","eIdx":8,"st_mention":93,"en":118,"ne_type":"TIME","keyword":"[11월]","e_type":"NEW"},{"kbox_types":["Software","Work"],"st":127,"en_mention":108,"ancestor":"1-0","eIdx":9,"st_mention":105,"en":132,"ne_type":"ETC","keyword":"[ICQ]","e_type":"NEW"},{"kbox_types":["NULL"],"st":134,"en_mention":113,"ancestor":"","eIdx":10,"st_mention":110,"en":139,"ne_type":"ETC","keyword":"[인터넷]","e_type":"WIKILINK"},{"kbox_types":["MusicGenre","TopicalConcept","Genre"],"st":148,"en_mention":130,"ancestor":"","eIdx":11,"st_mention":122,"en":158,"ne_type":"ETC","keyword":"[인스턴트_메신저]","e_type":"WIKILINK"},{"kbox_types":["Software","Work"],"st":170,"en_mention":145,"ancestor":"1-9","eIdx":12,"st_mention":142,"en":175,"ne_type":"ETC","keyword":"[ICQ]","e_type":"NEW"},{"kbox_types":["Company","Agent","Organisation"],"st":222,"en_mention":195,"ancestor":"","eIdx":13,"st_mention":192,"en":227,"ne_type":"ORGANIZATION","keyword":"[AOL]","e_type":"WIKILINK"},{"kbox_types":["NULL"],"st":229,"en_mention":202,"ancestor":"1-2","eIdx":14,"st_mention":197,"en":236,"ne_type":"ORGANIZATION","keyword":"[미라빌리스]","e_type":"NEW"},{"kbox_types":["Year","MusicalWork","TimePeriod","Work","Album"],"st":238,"en_mention":209,"ancestor":"","eIdx":15,"st_mention":204,"en":245,"ne_type":"TIME","keyword":"[1998년]","e_type":"WIKILINK"},{"kbox_types":["NULL"],"st":246,"en_mention":215,"ancestor":"","eIdx":16,"st_mention":210,"en":253,"ne_type":"TIME","keyword":"[6월_8일]","e_type":"WIKILINK"}],"wikiPageId":246264,"pIdx":1,"plainText":"ICQ는 이스라엘 회사 미라빌리스가 처음으로 개발한 인스턴트 메신저 프로그램이며 나중에 타임 워너의 AOL의 자사 소유가 되었다. 이 프로그램의 첫 버전은 1996년 11월에 출시되었으며 ICQ는 인터넷을 통한 최초의 인스턴트 메시징 서비스가 되었다. \"ICQ\"라는 이름은 \"I seek you\"(\"난 널 찾는다\"의 뜻)의 구문을 딴 것이다. AOL은 미라빌리스를 1998년 6월 8일에 407,000,000 달러에 인수하였다.","pronouns":[{"st":91,"ancestor":"-2","proIdx":0,"en":97,"cwStateCd":"FIXED","cwSelIdx":6,"type":"PRONOUN","keyword":"이 프로그램의"},{"st":91,"ancestor":"-2","proIdx":1,"en":103,"cwStateCd":"FIXED","cwSelIdx":[],"type":"PRONOUN","keyword":"이 프로그램의 첫 버전은"},{"st":197,"ancestor":"-2","proIdx":2,"en":191,"cwStateCd":"FIXED","cwSelIdx":[],"type":"PRONOUN","keyword":"난"},{"st":199,"ancestor":"-2","proIdx":3,"en":199,"cwStateCd":"FIXED","cwSelIdx":[],"type":"PRONOUN","keyword":"널"},{"st":197,"ancestor":"-2","proIdx":4,"en":203,"cwStateCd":"FIXED","cwSelIdx":[],"type":"PRONOUN","keyword":"난 널 찾는다\"의 뜻)의"},{"st":197,"ancestor":"-2","proIdx":5,"en":207,"cwStateCd":"FIXED","cwSelIdx":[],"type":"PRONOUN","keyword":"난 널 찾는다\"의 뜻)의 구문을"}],"mentionTagged":"[ICQ]는 [이스라엘] 회사 [미라빌리스]가 처음으로 개발한 [인스턴트 메신저] [프로그램]이며 나중에 [타임 워너]의 [AOL]의 자사 소유가 되었다. 이 프로그램의 첫 버전은 [1996년] [11월]에 출시되었으며 [ICQ]는 [인터넷]을 통한 최초의 [인스턴트 메시징] 서비스가 되었다. \"[ICQ]\"라는 이름은 \"I seek you\"(\"난 널 찾는다\"의 뜻)의 구문을 딴 것이다. [AOL]은 [미라빌리스]를 [1998년] [6월 8일]에 407,000,000 달러에 인수하였다."}