{"entityTagged":"[구도]는 [대한민국] [전라남도] [신안군] [장산면]에 있는 [섬]이다. [특정도서]로 지정하여 관리되고 있다.","globalSId":[3004064,3004065],"entities":[{"kbox_types":["NULL"],"st":0,"en_mention":2,"ancestor":"-2","eIdx":0,"st_mention":0,"en":4,"ne_type":"LOCATION","keyword":"[구도]","e_type":"NEW"},{"kbox_types":["Country","PopulatedPlace","PopulatedPlace","Place"],"st":6,"en_mention":8,"ancestor":"","eIdx":1,"st_mention":4,"en":12,"ne_type":"LOCATION","keyword":"[대한민국]","e_type":"WIKILINK"},{"kbox_types":["PopulatedPlace","Settlement","PopulatedPlace","Place"],"st":13,"en_mention":13,"ancestor":"","eIdx":2,"st_mention":9,"en":19,"ne_type":"LOCATION","keyword":"[전라남도]","e_type":"WIKILINK"},{"kbox_types":["PopulatedPlace","Settlement","PopulatedPlace","Place"],"st":20,"en_mention":17,"ancestor":"","eIdx":3,"st_mention":14,"en":25,"ne_type":"LOCATION","keyword":"[신안군]","e_type":"WIKILINK"},{"kbox_types":["NULL"],"st":26,"en_mention":21,"ancestor":"","eIdx":4,"st_mention":18,"en":31,"ne_type":"ETC","keyword":"[장산면]","e_type":"WIKILINK"},{"kbox_types":["NULL"],"st":36,"en_mention":27,"ancestor":"","eIdx":5,"st_mention":26,"en":39,"ne_type":"ETC","keyword":"[섬]","e_type":"WIKILINK"},{"kbox_types":["NULL"],"st":43,"en_mention":35,"ancestor":"","eIdx":6,"st_mention":31,"en":49,"ne_type":"ETC","keyword":"[특정도서]","e_type":"WIKILINK"}],"wikiPageId":908636,"pIdx":1,"plainText":"구도는 대한민국 전라남도 신안군 장산면에 있는 섬이다. 특정도서로 지정하여 관리되고 있다.","pronouns":[],"mentionTagged":"[구도]는 [대한민국] [전라남도] [신안군] [장산면]에 있는 [섬]이다. [특정도서]로 지정하여 관리되고 있다."}