{"entityTagged":"<마르타_비에이라_다_시우바>()는 [이탈리아] [라치오_주] [비테르보_현]에 위치한 <코무네>다. [로마]로부터 북서쪽 80km, [비테르보]로부터 북서쪽 20km 거리에 있다. 인구는 [2016년] [1월] 기준 3,499명이다.","globalSId":[3248881,3248882,3248883],"entities":[{"kbox_types":["SoccerPlayer","Athlete","Agent","Person"],"st":0,"en_mention":3,"ancestor":"","eIdx":0,"st_mention":0,"en":16,"ne_type":"PERSON","keyword":"<마르타_비에이라_다_시우바>","e_type":"ELU"},{"kbox_types":["Country","PopulatedPlace","Settlement","PopulatedPlace","Place"],"st":20,"en_mention":11,"ancestor":"","eIdx":1,"st_mention":7,"en":26,"ne_type":"LOCATION","keyword":"[이탈리아]","e_type":"WIKILINK"},{"kbox_types":["Region","PopulatedPlace","AdministrativeRegion","Place","Settlement","AdministrativeRegion"],"st":27,"en_mention":17,"ancestor":"","eIdx":2,"st_mention":12,"en":34,"ne_type":"LOCATION","keyword":"[라치오_주]","e_type":"WIKILINK"},{"kbox_types":["PopulatedPlace","Settlement","PopulatedPlace","Place"],"st":35,"en_mention":24,"ancestor":"","eIdx":3,"st_mention":18,"en":43,"ne_type":"LOCATION","keyword":"[비테르보_현]","e_type":"WIKILINK"},{"kbox_types":["NULL"],"st":49,"en_mention":33,"ancestor":"","eIdx":4,"st_mention":30,"en":54,"ne_type":"ETC","keyword":"<코무네>","e_type":"ELU"},{"kbox_types":["PopulatedPlace","Place","Settlement","PopulatedPlace"],"st":57,"en_mention":38,"ancestor":"","eIdx":5,"st_mention":36,"en":61,"ne_type":"LOCATION","keyword":"[로마]","e_type":"WIKILINK"},{"kbox_types":["PopulatedPlace","Place","Settlement","PopulatedPlace"],"st":75,"en_mention":56,"ancestor":"","eIdx":6,"st_mention":52,"en":81,"ne_type":"LOCATION","keyword":"[비테르보]","e_type":"WIKILINK"},{"kbox_types":["Year","Agent","Organisation","TimePeriod","Company"],"st":106,"en_mention":86,"ancestor":"-2","eIdx":7,"st_mention":81,"en":113,"ne_type":"TIME","keyword":"[2016년]","e_type":"NEW"},{"kbox_types":["NULL"],"st":114,"en_mention":89,"ancestor":"-2","eIdx":8,"st_mention":87,"en":118,"ne_type":"TIME","keyword":"[1월]","e_type":"NEW"}],"wikiPageId":1049832,"pIdx":1,"plainText":"마르타()는 이탈리아 라치오 주 비테르보 현에 위치한 코무네다. 로마로부터 북서쪽 80km, 비테르보로부터 북서쪽 20km 거리에 있다. 인구는 2016년 1월 기준 3,499명이다.","pronouns":[],"mentionTagged":"[마르타]()는 [이탈리아] [라치오 주] [비테르보 현]에 위치한 [코무네]다. [로마]로부터 북서쪽 80km, [비테르보]로부터 북서쪽 20km 거리에 있다. 인구는 [2016년] [1월] 기준 3,499명이다."}