{"entityTagged":"《<오디션>》은 [천계영]이 [1997년]부터 [2003년]까지 《[윙크_(잡지)]》에 연재한 [한국_만화]이며, 단행본도 있다. 연재당시 높은 인기를 얻었으며, [2008년]에는 이를 원작으로 한 [애니메이션]이 개봉 예정이다.","globalSId":[1195465,1195466],"entities":[{"kbox_types":["MusicGenre","TopicalConcept","Genre"],"st":1,"en_mention":4,"ancestor":"","eIdx":0,"st_mention":1,"en":6,"ne_type":"ETC","keyword":"<오디션>","e_type":"ELU"},{"kbox_types":["Writer","Agent","Person"],"st":9,"en_mention":10,"ancestor":"","eIdx":1,"st_mention":7,"en":14,"ne_type":"PERSON","keyword":"[천계영]","e_type":"WIKILINK"},{"kbox_types":["Year","MusicalWork","TimePeriod","Work","Album"],"st":16,"en_mention":17,"ancestor":"","eIdx":2,"st_mention":12,"en":23,"ne_type":"TIME","keyword":"[1997년]","e_type":"WIKILINK"},{"kbox_types":["Year","MusicalWork","TimePeriod","Work","Album"],"st":26,"en_mention":25,"ancestor":"","eIdx":3,"st_mention":20,"en":33,"ne_type":"TIME","keyword":"[2003년]","e_type":"WIKILINK"},{"kbox_types":["WrittenWork","Magazine","PeriodicalLiterature","Work"],"st":37,"en_mention":31,"ancestor":"","eIdx":4,"st_mention":29,"en":46,"ne_type":"ETC","keyword":"[윙크_(잡지)]","e_type":"WIKILINK"},{"kbox_types":["NULL"],"st":53,"en_mention":40,"ancestor":"","eIdx":5,"st_mention":38,"en":60,"ne_type":"ETC","keyword":"[한국_만화]","e_type":"WIKILINK"},{"kbox_types":["Year","MusicalWork","TimePeriod","Work","Album"],"st":91,"en_mention":76,"ancestor":"","eIdx":6,"st_mention":71,"en":98,"ne_type":"TIME","keyword":"[2008년]","e_type":"WIKILINK"},{"kbox_types":["MusicGenre","TopicalConcept","Genre"],"st":111,"en_mention":98,"ancestor":"","eIdx":7,"st_mention":89,"en":118,"ne_type":"ETC","keyword":"[애니메이션]","e_type":"WIKILINK"}],"wikiPageId":187794,"pIdx":1,"plainText":"《오디션》은 천계영이 1997년부터 2003년까지 《윙크》에 연재한 만화이며, 단행본도 있다. 연재당시 높은 인기를 얻었으며, 2008년에는 이를 원작으로 한 극장판 애니메이션이 개봉 예정이다.","pronouns":[{"st":101,"ancestor":"1-0","proIdx":0,"en":102,"cwStateCd":"FIXED","cwSelIdx":0,"type":"PRONOUN","keyword":"이를"},{"st":101,"ancestor":"-2","proIdx":1,"en":118,"cwStateCd":"FIXED","cwSelIdx":[],"type":"PRONOUN","keyword":"이를 원작으로 한 [애니메이션]이"}],"mentionTagged":"《[오디션]》은 [천계영]이 [1997년]부터 [2003년]까지 《[윙크]》에 연재한 [만화]이며, 단행본도 있다. 연재당시 높은 인기를 얻었으며, [2008년]에는 이를 원작으로 한 [극장판 애니메이션]이 개봉 예정이다."}