{"entityTagged":"[프리드리히 2세 폰 브란덴부르크-안스바흐-콜룸바흐](Friedrich II. von Brandenburg-Ansbach-Kulmbach, [1460년] [5월_8일] - [1536년] [4월_4일]) 또는 [프리드리히 노인공](Friedrich der Ältere)은 [호엔촐레른_왕조] 출신 [독일]의 군주로, [브란덴부르크-안스바흐] [후작]이자 [브란덴부르크-콜룸바흐]의 [후작]이었다. [1486년] 아버지 [알브레히트_3세_아킬레스]가 죽을 때 [안스바흐]만을 물려받았으나, 동생 [지기스문트] 사후 [콜룸바흐]와 <바이로이트>의 백작직위를 차지했으므로 [프리드리히 2세 폰 브란덴부르크-안스바흐-바이로이트](Frederich II von Ansbach-Bayreuth)라고도 부른다. [폴란드]의 공주인 [카지미에시_4세]의 딸 [폴란드의_소피아]와 결혼했던 그는 폴란드식 이름도 사용했다 한다. [브란덴부르크_선제후] 가문에서 갈라진 몇몇 분가의 시조였다.","globalSId":[3535175,3535176,3535177,3535178,3535179],"entities":[{"kbox_types":["NULL"],"st":0,"en_mention":27,"ancestor":"-2","eIdx":0,"st_mention":0,"en":29,"ne_type":"PERSON","keyword":"[프리드리히 2세 폰 브란덴부르크-안스바흐-콜룸바흐]","e_type":"NEW"},{"kbox_types":["Year","TimePeriod"],"st":78,"en_mention":81,"ancestor":"","eIdx":1,"st_mention":76,"en":85,"ne_type":"TIME","keyword":"[1460년]","e_type":"WIKILINK"},{"kbox_types":["NULL"],"st":86,"en_mention":87,"ancestor":"","eIdx":2,"st_mention":82,"en":93,"ne_type":"TIME","keyword":"[5월_8일]","e_type":"WIKILINK"},{"kbox_types":["Year","TimePeriod"],"st":96,"en_mention":95,"ancestor":"","eIdx":3,"st_mention":90,"en":103,"ne_type":"TIME","keyword":"[1536년]","e_type":"WIKILINK"},{"kbox_types":["NULL"],"st":104,"en_mention":101,"ancestor":"","eIdx":4,"st_mention":96,"en":111,"ne_type":"TIME","keyword":"[4월_4일]","e_type":"WIKILINK"},{"kbox_types":["NULL"],"st":116,"en_mention":115,"ancestor":"1-0","eIdx":5,"st_mention":106,"en":127,"ne_type":"PERSON","keyword":"[프리드리히 노인공]","e_type":"NEW"},{"kbox_types":["NULL"],"st":151,"en_mention":147,"ancestor":"","eIdx":6,"st_mention":139,"en":161,"ne_type":"ETC","keyword":"[호엔촐레른_왕조]","e_type":"WIKILINK"},{"kbox_types":["Country","PopulatedPlace","Settlement","PopulatedPlace","Place"],"st":165,"en_mention":153,"ancestor":"","eIdx":7,"st_mention":151,"en":169,"ne_type":"LOCATION","keyword":"[독일]","e_type":"WIKILINK"},{"kbox_types":["NULL"],"st":176,"en_mention":171,"ancestor":"","eIdx":8,"st_mention":160,"en":189,"ne_type":"ETC","keyword":"[브란덴부르크-안스바흐]","e_type":"WIKILINK"},{"kbox_types":["NULL"],"st":190,"en_mention":174,"ancestor":"","eIdx":9,"st_mention":172,"en":194,"ne_type":"ETC","keyword":"[후작]","e_type":"WIKILINK"},{"kbox_types":["NULL"],"st":197,"en_mention":188,"ancestor":"","eIdx":10,"st_mention":177,"en":210,"ne_type":"ETC","keyword":"[브란덴부르크-콜룸바흐]","e_type":"WIKILINK"},{"kbox_types":["NULL"],"st":212,"en_mention":192,"ancestor":"","eIdx":11,"st_mention":190,"en":216,"ne_type":"ETC","keyword":"[후작]","e_type":"WIKILINK"},{"kbox_types":["Year","TimePeriod"],"st":221,"en_mention":202,"ancestor":"","eIdx":12,"st_mention":197,"en":228,"ne_type":"TIME","keyword":"[1486년]","e_type":"WIKILINK"},{"kbox_types":["NULL"],"st":233,"en_mention":220,"ancestor":"","eIdx":13,"st_mention":207,"en":248,"ne_type":"ETC","keyword":"[알브레히트_3세_아킬레스]","e_type":"WIKILINK"},{"kbox_types":["Town","PopulatedPlace","Settlement","Town","Place"],"st":255,"en_mention":231,"ancestor":"","eIdx":14,"st_mention":227,"en":261,"ne_type":"LOCATION","keyword":"[안스바흐]","e_type":"WIKILINK"},{"kbox_types":["NULL"],"st":275,"en_mention":250,"ancestor":"-1","eIdx":15,"st_mention":245,"en":282,"ne_type":"PERSON","keyword":"[지기스문트]","e_type":"NEW"},{"kbox_types":["NULL"],"st":286,"en_mention":258,"ancestor":"1-10","eIdx":16,"st_mention":254,"en":292,"ne_type":"PERSON","keyword":"[콜룸바흐]","e_type":"NEW"},{"kbox_types":["Town","PopulatedPlace","Settlement","Town","Place"],"st":294,"en_mention":265,"ancestor":"","eIdx":17,"st_mention":260,"en":301,"ne_type":"LOCATION","keyword":"<바이로이트>","e_type":"ELU"},{"kbox_types":["NULL"],"st":316,"en_mention":308,"ancestor":"1-5","eIdx":18,"st_mention":280,"en":346,"ne_type":"PERSON","keyword":"[프리드리히 2세 폰 브란덴부르크-안스바흐-바이로이트]","e_type":"NEW"},{"kbox_types":["Country","PopulatedPlace","PopulatedPlace","Place"],"st":390,"en_mention":355,"ancestor":"","eIdx":19,"st_mention":352,"en":395,"ne_type":"LOCATION","keyword":"[폴란드]","e_type":"WIKILINK"},{"kbox_types":["Royalty","BritishRoyalty","Agent","Person"],"st":401,"en_mention":369,"ancestor":"","eIdx":20,"st_mention":361,"en":411,"ne_type":"PERSON","keyword":"[카지미에시_4세]","e_type":"WIKILINK"},{"kbox_types":["NULL"],"st":415,"en_mention":381,"ancestor":"","eIdx":21,"st_mention":373,"en":425,"ne_type":"ETC","keyword":"[폴란드의_소피아]","e_type":"WIKILINK"},{"kbox_types":["NULL"],"st":453,"en_mention":419,"ancestor":"","eIdx":22,"st_mention":409,"en":465,"ne_type":"ETC","keyword":"[브란덴부르크_선제후]","e_type":"WIKILINK"}],"wikiPageId":1286851,"pIdx":1,"plainText":"프리드리히 2세 폰 브란덴부르크-안스바흐-콜룸바흐(Friedrich II. von Brandenburg-Ansbach-Kulmbach, 1460년 5월 8일 - 1536년 4월 4일) 또는 프리드리히 노인공(Friedrich der Ältere)은 호엔촐레른 왕조 출신 독일의 군주로, 브란덴부르크-안스바흐 후작이자 브란덴부르크-콜룸바흐의 후작이었다. 1486년 아버지 알브레히트 3세 아킬레스가 죽을 때 안스바흐만을 물려받았으나, 동생 지기스문트 사후 콜룸바흐와 바이로이트의 백작직위를 차지했으므로 프리드리히 2세 폰 브란덴부르크-안스바흐-바이로이트(Frederich II von Ansbach-Bayreuth)라고도 부른다. 폴란드의 공주인 카지미에시 4세의 딸 폴란드의 소피아와 결혼했던 그는 폴란드식 이름도 사용했다 한다. 브란덴부르크 선제후 가문에서 갈라진 몇몇 분가의 시조였다.","mentionTagged":"[프리드리히 2세 폰 브란덴부르크-안스바흐-콜룸바흐](Friedrich II. von Brandenburg-Ansbach-Kulmbach, [1460년] [5월 8일] - [1536년] [4월 4일]) 또는 [프리드리히 노인공](Friedrich der Ältere)은 [호엔촐레른 왕조] 출신 [독일]의 군주로, [브란덴부르크-안스바흐] [후작]이자 [브란덴부르크-콜룸바흐]의 [후작]이었다. [1486년] 아버지 [알브레히트 3세 아킬레스]가 죽을 때 [안스바흐]만을 물려받았으나, 동생 [지기스문트] 사후 [콜룸바흐]와 [바이로이트]의 백작직위를 차지했으므로 [프리드리히 2세 폰 브란덴부르크-안스바흐-바이로이트](Frederich II von Ansbach-Bayreuth)라고도 부른다. [폴란드]의 공주인 [카지미에시 4세]의 딸 [폴란드의 소피아]와 결혼했던 그는 폴란드식 이름도 사용했다 한다. [브란덴부르크 선제후] 가문에서 갈라진 몇몇 분가의 시조였다."}