{"entityTagged":"[라이프치히 대학교](Universität Leipzig)는 [독일]의 [라이프치히]에 있는 대학교이다. [동독 시대]는 [카를 마르크스 대학]으로 불렸다.","globalSId":[2341399,2341400],"entities":[{"kbox_types":["University","Agent","EducationalInstitution","Organisation"],"st":0,"en_mention":9,"ancestor":"-1","eIdx":0,"st_mention":0,"en":11,"ne_type":"ORGANIZATION","keyword":"[라이프치히 대학교]","e_type":"NEW"},{"kbox_types":["Country","PopulatedPlace","Settlement","PopulatedPlace","Place"],"st":34,"en_mention":34,"ancestor":"","eIdx":1,"st_mention":32,"en":38,"ne_type":"LOCATION","keyword":"[독일]","e_type":"WIKILINK"},{"kbox_types":["Town","PopulatedPlace","Settlement","City","Town","Place"],"st":40,"en_mention":41,"ancestor":"","eIdx":2,"st_mention":36,"en":47,"ne_type":"LOCATION","keyword":"[라이프치히]","e_type":"WIKILINK"},{"kbox_types":["NULL"],"st":59,"en_mention":58,"ancestor":"-1","eIdx":3,"st_mention":53,"en":66,"ne_type":"ETC","keyword":"[동독 시대]","e_type":"NEW"},{"kbox_types":["NULL"],"st":68,"en_mention":70,"ancestor":"1-0","eIdx":4,"st_mention":60,"en":80,"ne_type":"ORGANIZATION","keyword":"[카를 마르크스 대학]","e_type":"NEW"}],"wikiPageId":574300,"pIdx":1,"plainText":"라이프치히 대학교(Universität Leipzig)는 독일의 라이프치히에 있는 대학교이다. 동독 시대는 카를 마르크스 대학으로 불렸다.","pronouns":[],"mentionTagged":"[라이프치히 대학교](Universität Leipzig)는 [독일]의 [라이프치히]에 있는 대학교이다. [동독 시대]는 [카를 마르크스 대학]으로 불렸다."}