{"entityTagged":"<포스타피브레노>()는 [이탈리아] [라치오_주] [프로시노네_현]에 위치한 <코무네>다. [로마]로부터 동쪽 100km, [프로시노네]로부터 동쪽 30km 거리에 있다.","globalSId":[3258576,3258577],"entities":[{"kbox_types":["PopulatedPlace","Place","Settlement","PopulatedPlace"],"st":0,"en_mention":7,"ancestor":"","eIdx":0,"st_mention":0,"en":9,"ne_type":"LOCATION","keyword":"<포스타피브레노>","e_type":"ELU"},{"kbox_types":["Country","PopulatedPlace","Settlement","PopulatedPlace","Place"],"st":13,"en_mention":15,"ancestor":"","eIdx":1,"st_mention":11,"en":19,"ne_type":"LOCATION","keyword":"[이탈리아]","e_type":"WIKILINK"},{"kbox_types":["Region","PopulatedPlace","AdministrativeRegion","Place","Settlement","AdministrativeRegion"],"st":20,"en_mention":21,"ancestor":"","eIdx":2,"st_mention":16,"en":27,"ne_type":"LOCATION","keyword":"[라치오_주]","e_type":"WIKILINK"},{"kbox_types":["PopulatedPlace","Settlement","PopulatedPlace","Place"],"st":28,"en_mention":29,"ancestor":"","eIdx":3,"st_mention":22,"en":37,"ne_type":"LOCATION","keyword":"[프로시노네_현]","e_type":"WIKILINK"},{"kbox_types":["NULL"],"st":43,"en_mention":38,"ancestor":"","eIdx":4,"st_mention":35,"en":48,"ne_type":"ETC","keyword":"<코무네>","e_type":"ELU"},{"kbox_types":["PopulatedPlace","Place","Settlement","PopulatedPlace"],"st":51,"en_mention":43,"ancestor":"","eIdx":5,"st_mention":41,"en":55,"ne_type":"LOCATION","keyword":"[로마]","e_type":"WIKILINK"},{"kbox_types":["PopulatedPlace","Place","Settlement","PopulatedPlace"],"st":69,"en_mention":62,"ancestor":"","eIdx":6,"st_mention":57,"en":76,"ne_type":"LOCATION","keyword":"[프로시노네]","e_type":"WIKILINK"}],"wikiPageId":1055980,"pIdx":1,"plainText":"포스타피브레노()는 이탈리아 라치오 주 프로시노네 현에 위치한 코무네다. 로마로부터 동쪽 100km, 프로시노네로부터 동쪽 30km 거리에 있다.","mentionTagged":"[포스타피브레노]()는 [이탈리아] [라치오 주] [프로시노네 현]에 위치한 [코무네]다. [로마]로부터 동쪽 100km, [프로시노네]로부터 동쪽 30km 거리에 있다."}