{"entityTagged":"<평촌신도시>(坪村新都市)는 [대한민국] [경기도] [안양시] [동안구] 일대에 조성된 [신도시]이다.","globalSId":[2554125],"entities":[{"kbox_types":["NULL"],"st":0,"en_mention":5,"ancestor":"","eIdx":0,"st_mention":0,"en":7,"ne_type":"ETC","keyword":"<평촌신도시>","e_type":"ELU"},{"kbox_types":["Country","PopulatedPlace","PopulatedPlace","Place"],"st":16,"en_mention":18,"ancestor":"","eIdx":1,"st_mention":14,"en":22,"ne_type":"LOCATION","keyword":"[대한민국]","e_type":"WIKILINK"},{"kbox_types":["PopulatedPlace","Settlement","PopulatedPlace","Place"],"st":23,"en_mention":22,"ancestor":"","eIdx":2,"st_mention":19,"en":28,"ne_type":"LOCATION","keyword":"[경기도]","e_type":"WIKILINK"},{"kbox_types":["PopulatedPlace","Place","Settlement","PopulatedPlace","City"],"st":29,"en_mention":26,"ancestor":"","eIdx":3,"st_mention":23,"en":34,"ne_type":"LOCATION","keyword":"[안양시]","e_type":"WIKILINK"},{"kbox_types":["PopulatedPlace","Settlement","PopulatedPlace","Place"],"st":35,"en_mention":30,"ancestor":"","eIdx":4,"st_mention":27,"en":40,"ne_type":"LOCATION","keyword":"[동안구]","e_type":"WIKILINK"},{"kbox_types":["NULL"],"st":49,"en_mention":42,"ancestor":"","eIdx":5,"st_mention":39,"en":54,"ne_type":"ETC","keyword":"[신도시]","e_type":"WIKILINK"}],"wikiPageId":675608,"pIdx":1,"plainText":"평촌신도시(坪村新都市)는 대한민국 경기도 안양시 동안구 일대에 조성된 신도시이다.","mentionTagged":"[평촌신도시](坪村新都市)는 [대한민국] [경기도] [안양시] [동안구] 일대에 조성된 [신도시]이다."}