{"entityTagged":"[이르지 슈타이네르] (Jiří Štajner, 1976년 5월 27일, [프라하] ~) 는 [체코]의 축구 선수로, 현재 [체코]의 [FC_슬로반_리베레츠] 소속이다. 포지션은 [공격수]이며, [2002년부터 현재]까지 [체코_축구_국가대표팀]로 뛰고 있다.","globalSId":[2669545,2669546],"entities":[{"kbox_types":["SoccerPlayer","Athlete","Agent","Person"],"st":0,"en_mention":9,"ancestor":"-2","eIdx":0,"st_mention":0,"en":11,"ne_type":"PERSON","keyword":"[이르지 슈타이네르]","e_type":"NEW"},{"kbox_types":["PopulatedPlace","Settlement","PopulatedPlace","City","Place"],"st":41,"en_mention":42,"ancestor":"","eIdx":1,"st_mention":39,"en":46,"ne_type":"LOCATION","keyword":"[프라하]","e_type":"WIKILINK"},{"kbox_types":["Country","PopulatedPlace","Settlement","PopulatedPlace","Place"],"st":52,"en_mention":50,"ancestor":"","eIdx":2,"st_mention":48,"en":56,"ne_type":"LOCATION","keyword":"[체코]","e_type":"WIKILINK"},{"kbox_types":["Country","PopulatedPlace","Settlement","PopulatedPlace","Place"],"st":69,"en_mention":65,"ancestor":"1-2","eIdx":3,"st_mention":63,"en":73,"ne_type":"LOCATION","keyword":"[체코]","e_type":"NEW"},{"kbox_types":["SoccerClub","Agent","SportsTeam","Organisation"],"st":75,"en_mention":78,"ancestor":"","eIdx":4,"st_mention":67,"en":88,"ne_type":"ORGANIZATION","keyword":"[FC_슬로반_리베레츠]","e_type":"WIKILINK"},{"kbox_types":["NULL"],"st":100,"en_mention":93,"ancestor":"","eIdx":5,"st_mention":90,"en":105,"ne_type":"ETC","keyword":"[공격수]","e_type":"WIKILINK"},{"kbox_types":["NULL"],"st":109,"en_mention":107,"ancestor":"-2","eIdx":6,"st_mention":97,"en":121,"ne_type":"TIME","keyword":"[2002년부터 현재]","e_type":"NEW"},{"kbox_types":["SoccerClub","Agent","SportsTeam","Organisation"],"st":124,"en_mention":117,"ancestor":"","eIdx":7,"st_mention":110,"en":137,"ne_type":"ORGANIZATION","keyword":"[체코_축구_국가대표팀]","e_type":"WIKILINK"}],"wikiPageId":728863,"pIdx":1,"plainText":"이르지 슈타이네르 (Jiří Štajner, 1976년 5월 27일, 프라하 ~) 는 체코의 축구 선수로, 현재 체코의 FC 슬로반 리베레츠 소속이다. 포지션은 공격수이며, 2002년부터 현재까지 체코 국가대표로 뛰고 있다.","mentionTagged":"[이르지 슈타이네르] (Jiří Štajner, 1976년 5월 27일, [프라하] ~) 는 [체코]의 축구 선수로, 현재 [체코]의 [FC 슬로반 리베레츠] 소속이다. 포지션은 [공격수]이며, [2002년부터 현재]까지 [체코 국가대표]로 뛰고 있다."}