{"entityTagged":"고추장(-醬)은 고춧가루를 주원료로 하여 찹쌀과 메주등을 섞어 만드는 [한국]의 [전통음식]이다. [된장], [간장]과 함께 [한국]의 대표적인 전통 [양념] 중 하나로, [한국_요리]에서 고추장의 쓰임새는 매우 다양하다. 담글 때 마늘, 무, 더덕, 도라지, 매실 등을 박아 넣어 [장아찌]를 만들기도 한다. 고추장은 [섬진강]에 인접한 [전라북도] [순창군]이 유명하다. 이밖에 [원주시] [정지뜰] 지역 등에 토속적인 고추장이 있다.","globalSId":[1269213,1269214,1269215,1269216,1269217],"entities":[{"kbox_types":["Agent","EducationalInstitution","Organisation","University"],"st":39,"en_mention":41,"ancestor":"","eIdx":0,"st_mention":39,"en":43,"ne_type":"ORGANIZATION","keyword":"[한국]","e_type":"WIKILINK"},{"kbox_types":["NULL"],"st":45,"en_mention":47,"ancestor":"","eIdx":1,"st_mention":43,"en":51,"ne_type":"ETC","keyword":"[전통음식]","e_type":"WIKILINK"},{"kbox_types":["Food"],"st":55,"en_mention":53,"ancestor":"","eIdx":2,"st_mention":51,"en":59,"ne_type":"ETC","keyword":"[된장]","e_type":"WIKILINK"},{"kbox_types":["NULL"],"st":61,"en_mention":57,"ancestor":"","eIdx":3,"st_mention":55,"en":65,"ne_type":"ETC","keyword":"[간장]","e_type":"WIKILINK"},{"kbox_types":["Agent","EducationalInstitution","Organisation","University"],"st":70,"en_mention":64,"ancestor":"1-0","eIdx":4,"st_mention":62,"en":74,"ne_type":"LOCATION","keyword":"[한국]","e_type":"NEW"},{"kbox_types":["NULL"],"st":84,"en_mention":76,"ancestor":"","eIdx":5,"st_mention":74,"en":88,"ne_type":"ETC","keyword":"[양념]","e_type":"WIKILINK"},{"kbox_types":["Food"],"st":96,"en_mention":89,"ancestor":"","eIdx":6,"st_mention":84,"en":103,"ne_type":"ETC","keyword":"[한국_요리]","e_type":"WIKILINK"},{"kbox_types":["Food"],"st":158,"en_mention":147,"ancestor":"","eIdx":7,"st_mention":144,"en":163,"ne_type":"ETC","keyword":"[장아찌]","e_type":"WIKILINK"},{"kbox_types":["River","Place","BodyOfWater","Stream","NaturalPlace"],"st":179,"en_mention":166,"ancestor":"","eIdx":8,"st_mention":163,"en":184,"ne_type":"LOCATION","keyword":"[섬진강]","e_type":"WIKILINK"},{"kbox_types":["PopulatedPlace","Settlement","PopulatedPlace","Place"],"st":190,"en_mention":176,"ancestor":"","eIdx":9,"st_mention":172,"en":196,"ne_type":"LOCATION","keyword":"[전라북도]","e_type":"WIKILINK"},{"kbox_types":["PopulatedPlace","Settlement","PopulatedPlace","Place"],"st":197,"en_mention":180,"ancestor":"","eIdx":10,"st_mention":177,"en":202,"ne_type":"LOCATION","keyword":"[순창군]","e_type":"WIKILINK"},{"kbox_types":["PopulatedPlace","Settlement","PopulatedPlace","City","Place"],"st":214,"en_mention":195,"ancestor":"-1","eIdx":11,"st_mention":192,"en":219,"ne_type":"LOCATION","keyword":"[원주시]","e_type":"NEW"},{"kbox_types":["NULL"],"st":220,"en_mention":199,"ancestor":"","eIdx":12,"st_mention":196,"en":225,"ne_type":"ETC","keyword":"[정지뜰]","e_type":"WIKILINK"}],"wikiPageId":207813,"pIdx":1,"plainText":"고추장(-醬)은 고춧가루를 주원료로 하여 찹쌀과 메주등을 섞어 만드는 한국의 전통음식이다. 된장, 간장과 함께 한국의 대표적인 전통 양념 중 하나로, 한국 요리에서 고추장의 쓰임새는 매우 다양하다. 담글 때 마늘, 무, 더덕, 도라지, 매실 등을 박아 넣어 장아찌를 만들기도 한다. 고추장은 섬진강에 인접한 전라북도 순창군이 유명하다. 이밖에 원주시 정지뜰 지역 등에 토속적인 고추장이 있다.","mentionTagged":"고추장(-醬)은 고춧가루를 주원료로 하여 찹쌀과 메주등을 섞어 만드는 [한국]의 [전통음식]이다. [된장], [간장]과 함께 [한국]의 대표적인 전통 [양념] 중 하나로, [한국 요리]에서 고추장의 쓰임새는 매우 다양하다. 담글 때 마늘, 무, 더덕, 도라지, 매실 등을 박아 넣어 [장아찌]를 만들기도 한다. 고추장은 [섬진강]에 인접한 [전라북도] [순창군]이 유명하다. 이밖에 [원주시] [정지뜰] 지역 등에 토속적인 고추장이 있다."}