{"entityTagged":"종전 후동 동안 [쿠바]에서는 [미국] 군대의 군정(軍政)이 실시되었다. [미국]은 [존 R 브룩](John R Brooke)을 [쿠바] 총독으로 세웠고 그와 그의 후임들은 공공 사업을 연이어 추진하여 학교를 세우고 공중 보건을 개선시키는 등 모든 것들이 [쿠바]가 [미국]에 종속되도록 계획하였다. [미국-스페인_전쟁]에 참전하였고 [쿠바]의 독립운동에 동정심을 가진 [시어도어_루스벨트]는 [1901년]에 [윌리엄_매킨리]에 이어서 [미국]의 대통령을 승계하였고, 20년 조약 안을 폐기하였다. 대신에 [쿠바]는 [1902년 5월 20일] 형식상 독립하여 [공화국]을 선포하고 초대 대통령으로 독립운동가인 [토마스 에스트라다 팔마](Tomás Estrada Palma)를 선출하였다. 그러나, [쿠바]의 새 헌법 하에서, [미국]은 [쿠바]에 관한 사항에 간섭하고 재정·외교문제를 감독할 권리를 보유하였다. 그리고, [플랫 수정안](Platt Amendment)은 [미국]이 [쿠바] 국내의 문제에 대해 [미국]의 자유 재량으로 개입할 권리를 주는 것으로 [플랫 수정안]을 승인하거나 아니면 무기한 [미국]의 군사 지배하에 남거나 둘 중에 하나를 선택하도록 요구받은 [쿠바]는 울며 겨자먹기로 덜 나쁜 것을 선택하였다. [플랫 수정안] 하에서, [쿠바]는 [미국]의 해군기지로 사용할 <관타나모>를 임차하는 데 동의하였다. 이로써, [미국]은 [1903년]에 [관타나모]만(灣)를 강점([1999년] 예정)하고 해군기지를 만들었으며, [쿠바]에서 [미국]의 이익을 지키도록 했다. 오늘날 [미국] <제국주의>의 상징으로 남아있는 이 기지는 [쿠바]에게는 모욕이며 [미국]에게는 말만으로 [쿠바]의 자율적인 결정권을 존중한다는 비웃음거리가 되고 있다. [1906년]에서 [1909년]까지 총독 통치를 하였다. [미국]의 군정 종결과 함께 [1902년 5월] [E.팔마]를 수반으로 하는 공화제 정부가 수립되었으나 양질의 토지, 사탕산업, 교통수단 등 [쿠바] 경제의 중추적 기능은 미국자본이 장악하였다.","globalSId":[1686737,1686738,1686739,1686740,1686741,1686742,1686743,1686744,1686745,1686746,1686747],"entities":[{"kbox_types":["Country","PopulatedPlace","Settlement","PopulatedPlace","Place"],"st":9,"en_mention":13,"ancestor":"16-25","eIdx":0,"st_mention":11,"en":13,"ne_type":"LOCATION","keyword":"[쿠바]","e_type":"NEW"},{"kbox_types":["Country","PopulatedPlace","PopulatedPlace","Place"],"st":17,"en_mention":19,"ancestor":"16-29","eIdx":1,"st_mention":17,"en":21,"ne_type":"LOCATION","keyword":"[미국]","e_type":"NEW"},{"kbox_types":["Country","PopulatedPlace","PopulatedPlace","Place"],"st":41,"en_mention":41,"ancestor":"17-1","eIdx":2,"st_mention":39,"en":45,"ne_type":"LOCATION","keyword":"[미국]","e_type":"NEW"},{"kbox_types":["NULL"],"st":47,"en_mention":49,"ancestor":"-2","eIdx":3,"st_mention":43,"en":55,"ne_type":"PERSON","keyword":"[존 R 브룩]","e_type":"NEW"},{"kbox_types":["Country","PopulatedPlace","Settlement","PopulatedPlace","Place"],"st":72,"en_mention":68,"ancestor":"17-0","eIdx":4,"st_mention":66,"en":76,"ne_type":"LOCATION","keyword":"[쿠바]","e_type":"NEW"},{"kbox_types":["Country","PopulatedPlace","Settlement","PopulatedPlace","Place"],"st":143,"en_mention":137,"ancestor":"17-4","eIdx":5,"st_mention":135,"en":147,"ne_type":"LOCATION","keyword":"[쿠바]","e_type":"NEW"},{"kbox_types":["Country","PopulatedPlace","PopulatedPlace","Place"],"st":149,"en_mention":141,"ancestor":"17-2","eIdx":6,"st_mention":139,"en":153,"ne_type":"LOCATION","keyword":"[미국]","e_type":"NEW"},{"kbox_types":["MilitaryConflict","Event","SocietalEvent"],"st":168,"en_mention":165,"ancestor":"","eIdx":7,"st_mention":156,"en":179,"ne_type":"ETC","keyword":"[미국-스페인_전쟁]","e_type":"WIKILINK"},{"kbox_types":["Country","PopulatedPlace","Settlement","PopulatedPlace","Place"],"st":187,"en_mention":175,"ancestor":"17-5","eIdx":8,"st_mention":173,"en":191,"ne_type":"LOCATION","keyword":"[쿠바]","e_type":"NEW"},{"kbox_types":["Politician","Agent","Person","OfficeHolder","President"],"st":207,"en_mention":200,"ancestor":"","eIdx":9,"st_mention":191,"en":218,"ne_type":"PERSON","keyword":"[시어도어_루스벨트]","e_type":"WIKILINK"},{"kbox_types":["Year","TimePeriod"],"st":220,"en_mention":207,"ancestor":"-2","eIdx":10,"st_mention":202,"en":227,"ne_type":"TIME","keyword":"[1901년]","e_type":"NEW"},{"kbox_types":["Politician","Agent","Person","OfficeHolder","President"],"st":229,"en_mention":216,"ancestor":"","eIdx":11,"st_mention":209,"en":238,"ne_type":"PERSON","keyword":"[윌리엄_매킨리]","e_type":"WIKILINK"},{"kbox_types":["Country","PopulatedPlace","PopulatedPlace","Place"],"st":244,"en_mention":224,"ancestor":"17-6","eIdx":12,"st_mention":222,"en":248,"ne_type":"LOCATION","keyword":"[미국]","e_type":"NEW"},{"kbox_types":["Country","PopulatedPlace","Settlement","PopulatedPlace","Place"],"st":283,"en_mention":261,"ancestor":"17-8","eIdx":13,"st_mention":259,"en":287,"ne_type":"LOCATION","keyword":"[쿠바]","e_type":"NEW"},{"kbox_types":["NULL"],"st":289,"en_mention":275,"ancestor":"-2","eIdx":14,"st_mention":263,"en":303,"ne_type":"TIME","keyword":"[1902년 5월 20일]","e_type":"NEW"},{"kbox_types":["NULL"],"st":313,"en_mention":288,"ancestor":"","eIdx":15,"st_mention":285,"en":318,"ne_type":"ETC","keyword":"[공화국]","e_type":"WIKILINK"},{"kbox_types":["NULL"],"st":341,"en_mention":323,"ancestor":"-2","eIdx":16,"st_mention":311,"en":355,"ne_type":"PERSON","keyword":"[토마스 에스트라다 팔마]","e_type":"NEW"},{"kbox_types":["Country","PopulatedPlace","Settlement","PopulatedPlace","Place"],"st":390,"en_mention":360,"ancestor":"17-13","eIdx":17,"st_mention":358,"en":394,"ne_type":"LOCATION","keyword":"[쿠바]","e_type":"NEW"},{"kbox_types":["Country","PopulatedPlace","PopulatedPlace","Place"],"st":406,"en_mention":374,"ancestor":"17-12","eIdx":18,"st_mention":372,"en":410,"ne_type":"LOCATION","keyword":"[미국]","e_type":"NEW"},{"kbox_types":["Country","PopulatedPlace","Settlement","PopulatedPlace","Place"],"st":412,"en_mention":378,"ancestor":"17-17","eIdx":19,"st_mention":376,"en":416,"ne_type":"LOCATION","keyword":"[쿠바]","e_type":"NEW"},{"kbox_types":["NULL"],"st":459,"en_mention":427,"ancestor":"-2","eIdx":20,"st_mention":421,"en":467,"ne_type":"ETC","keyword":"[플랫 수정안]","e_type":"NEW"},{"kbox_types":["Country","PopulatedPlace","PopulatedPlace","Place"],"st":486,"en_mention":448,"ancestor":"17-18","eIdx":21,"st_mention":446,"en":490,"ne_type":"LOCATION","keyword":"[미국]","e_type":"NEW"},{"kbox_types":["Country","PopulatedPlace","Settlement","PopulatedPlace","Place"],"st":492,"en_mention":452,"ancestor":"17-19","eIdx":22,"st_mention":450,"en":496,"ne_type":"LOCATION","keyword":"[쿠바]","e_type":"NEW"},{"kbox_types":["Country","PopulatedPlace","PopulatedPlace","Place"],"st":508,"en_mention":466,"ancestor":"17-21","eIdx":23,"st_mention":464,"en":512,"ne_type":"LOCATION","keyword":"[미국]","e_type":"NEW"},{"kbox_types":["NULL"],"st":537,"en_mention":497,"ancestor":"17-20","eIdx":24,"st_mention":491,"en":545,"ne_type":"ETC","keyword":"[플랫 수정안]","e_type":"NEW"},{"kbox_types":["Country","PopulatedPlace","PopulatedPlace","Place"],"st":561,"en_mention":515,"ancestor":"17-23","eIdx":25,"st_mention":513,"en":565,"ne_type":"LOCATION","keyword":"[미국]","e_type":"NEW"},{"kbox_types":["Country","PopulatedPlace","Settlement","PopulatedPlace","Place"],"st":599,"en_mention":551,"ancestor":"17-22","eIdx":26,"st_mention":549,"en":603,"ne_type":"LOCATION","keyword":"[쿠바]","e_type":"NEW"},{"kbox_types":["NULL"],"st":629,"en_mention":583,"ancestor":"17-20","eIdx":27,"st_mention":577,"en":637,"ne_type":"ETC","keyword":"[플랫 수정안]","e_type":"NEW"},{"kbox_types":["Country","PopulatedPlace","Settlement","PopulatedPlace","Place"],"st":643,"en_mention":591,"ancestor":"17-26","eIdx":28,"st_mention":589,"en":647,"ne_type":"LOCATION","keyword":"[쿠바]","e_type":"NEW"},{"kbox_types":["Country","PopulatedPlace","PopulatedPlace","Place"],"st":649,"en_mention":595,"ancestor":"17-25","eIdx":29,"st_mention":593,"en":653,"ne_type":"LOCATION","keyword":"[미국]","e_type":"NEW"},{"kbox_types":["PopulatedPlace","Settlement","PopulatedPlace","City","Place"],"st":665,"en_mention":611,"ancestor":"","eIdx":30,"st_mention":607,"en":671,"ne_type":"LOCATION","keyword":"<관타나모>","e_type":"ELU"},{"kbox_types":["Country","PopulatedPlace","PopulatedPlace","Place"],"st":692,"en_mention":634,"ancestor":"17-29","eIdx":31,"st_mention":632,"en":696,"ne_type":"LOCATION","keyword":"[미국]","e_type":"NEW"},{"kbox_types":["Year","Company","Agent","TimePeriod","Organisation"],"st":698,"en_mention":641,"ancestor":"","eIdx":32,"st_mention":636,"en":705,"ne_type":"TIME","keyword":"[1903년]","e_type":"WIKILINK"},{"kbox_types":["PopulatedPlace","Settlement","PopulatedPlace","City","Place"],"st":707,"en_mention":647,"ancestor":"","eIdx":33,"st_mention":643,"en":713,"ne_type":"LOCATION","keyword":"[관타나모]","e_type":"WIKILINK"},{"kbox_types":["Year","MusicalWork","TimePeriod","Work","Album"],"st":722,"en_mention":661,"ancestor":"-2","eIdx":34,"st_mention":656,"en":729,"ne_type":"TIME","keyword":"[1999년]","e_type":"NEW"},{"kbox_types":["Country","PopulatedPlace","Settlement","PopulatedPlace","Place"],"st":749,"en_mention":683,"ancestor":"17-28","eIdx":35,"st_mention":681,"en":753,"ne_type":"LOCATION","keyword":"[쿠바]","e_type":"NEW"},{"kbox_types":["Country","PopulatedPlace","PopulatedPlace","Place"],"st":756,"en_mention":688,"ancestor":"17-31","eIdx":36,"st_mention":686,"en":760,"ne_type":"LOCATION","keyword":"[미국]","e_type":"NEW"},{"kbox_types":["Country","PopulatedPlace","PopulatedPlace","Place"],"st":779,"en_mention":709,"ancestor":"17-36","eIdx":37,"st_mention":707,"en":783,"ne_type":"LOCATION","keyword":"[미국]","e_type":"NEW"},{"kbox_types":["NULL"],"st":784,"en_mention":714,"ancestor":"","eIdx":38,"st_mention":710,"en":790,"ne_type":"ETC","keyword":"<제국주의>","e_type":"ELU"},{"kbox_types":["Country","PopulatedPlace","Settlement","PopulatedPlace","Place"],"st":808,"en_mention":734,"ancestor":"17-35","eIdx":39,"st_mention":732,"en":812,"ne_type":"LOCATION","keyword":"[쿠바]","e_type":"NEW"},{"kbox_types":["Country","PopulatedPlace","PopulatedPlace","Place"],"st":821,"en_mention":745,"ancestor":"17-37","eIdx":40,"st_mention":743,"en":825,"ne_type":"LOCATION","keyword":"[미국]","e_type":"NEW"},{"kbox_types":["Country","PopulatedPlace","Settlement","PopulatedPlace","Place"],"st":834,"en_mention":756,"ancestor":"17-39","eIdx":41,"st_mention":754,"en":838,"ne_type":"LOCATION","keyword":"[쿠바]","e_type":"NEW"},{"kbox_types":["Year","TimePeriod"],"st":870,"en_mention":793,"ancestor":"","eIdx":42,"st_mention":788,"en":877,"ne_type":"TIME","keyword":"[1906년]","e_type":"WIKILINK"},{"kbox_types":["Year","TimePeriod"],"st":880,"en_mention":801,"ancestor":"","eIdx":43,"st_mention":796,"en":887,"ne_type":"TIME","keyword":"[1909년]","e_type":"WIKILINK"},{"kbox_types":["Country","PopulatedPlace","PopulatedPlace","Place"],"st":902,"en_mention":818,"ancestor":"17-40","eIdx":44,"st_mention":816,"en":906,"ne_type":"LOCATION","keyword":"[미국]","e_type":"NEW"},{"kbox_types":["NULL"],"st":918,"en_mention":838,"ancestor":"-2","eIdx":45,"st_mention":830,"en":928,"ne_type":"TIME","keyword":"[1902년 5월]","e_type":"NEW"},{"kbox_types":["NULL"],"st":929,"en_mention":843,"ancestor":"17-16","eIdx":46,"st_mention":839,"en":935,"ne_type":"PERSON","keyword":"[E.팔마]","e_type":"NEW"},{"kbox_types":["Country","PopulatedPlace","Settlement","PopulatedPlace","Place"],"st":981,"en_mention":891,"ancestor":"17-41","eIdx":47,"st_mention":889,"en":985,"ne_type":"LOCATION","keyword":"[쿠바]","e_type":"NEW"}],"wikiPageId":313655,"pIdx":17,"plainText":"종전 후 3년 동안 쿠바에서는 미국 군대의 군정(軍政)이 실시되었다. 미국은 존 R 브룩(John R Brooke)을 쿠바 총독으로 세웠고 그와 그의 후임들은 공공 사업을 연이어 추진하여 학교를 세우고 공중 보건을 개선시키는 등 모든 것들이 쿠바가 미국에 종속되도록 계획하였다. 미국-스페인 전쟁에 참전하였고 쿠바의 독립운동에 동정심을 가진 시어도어 루스벨트는 1901년에 윌리엄 매킨리에 이어서 미국의 대통령을 승계하였고, 20년 조약 안을 폐기하였다. 대신에 쿠바는 1902년 5월 20일 형식상 독립하여 공화국을 선포하고 초대 대통령으로 독립운동가인 토마스 에스트라다 팔마(Tomás Estrada Palma)를 선출하였다. 그러나, 쿠바의 새 헌법 하에서, 미국은 쿠바에 관한 사항에 간섭하고 재정·외교문제를 감독할 권리를 보유하였다. 그리고, 플랫 수정안(Platt Amendment)은 미국이 쿠바 국내의 문제에 대해 미국의 자유 재량으로 개입할 권리를 주는 것으로 플랫 수정안을 승인하거나 아니면 무기한 미국의 군사 지배하에 남거나 둘 중에 하나를 선택하도록 요구받은 쿠바는 울며 겨자먹기로 덜 나쁜 것을 선택하였다. 플랫 수정안 하에서, 쿠바는 미국의 해군기지로 사용할 관타나모를 임차하는 데 동의하였다. 이로써, 미국은 1903년에 관타나모만(灣)를 강점(1999년 예정)하고 해군기지를 만들었으며, 쿠바에서 미국의 이익을 지키도록 했다. 오늘날 미국 제국주의의 상징으로 남아있는 이 기지는 쿠바에게는 모욕이며 미국에게는 말만으로 쿠바의 자율적인 결정권을 존중한다는 비웃음거리가 되고 있다. 1906년에서 1909년까지 총독 통치를 하였다. 미국의 군정 종결과 함께 1902년 5월 E.팔마를 수반으로 하는 공화제 정부가 수립되었으나 양질의 토지, 사탕산업, 교통수단 등 쿠바 경제의 중추적 기능은 미국자본이 장악하였다.","pronouns":[{"st":86,"ancestor":"17-3","proIdx":0,"en":87,"cwStateCd":"FIXED","cwSelIdx":9,"type":"PRONOUN","keyword":"그와"},{"st":89,"ancestor":"17-3","proIdx":1,"en":90,"cwStateCd":"FIXED","cwSelIdx":9,"type":"PRONOUN","keyword":"그의"},{"st":89,"ancestor":"-2","proIdx":2,"en":95,"cwStateCd":"FIXED","cwSelIdx":[],"type":"PRONOUN","keyword":"그의 후임들은"},{"st":136,"ancestor":"-2","proIdx":3,"en":141,"cwStateCd":"FIXED","cwSelIdx":[],"type":"PRONOUN","keyword":"모든 것들이"},{"st":687,"ancestor":"-2","proIdx":4,"en":690,"cwStateCd":"FIXED","cwSelIdx":[],"type":"PRONOUN","keyword":"이로써,"},{"st":802,"ancestor":"-2","proIdx":5,"en":806,"cwStateCd":"FIXED","cwSelIdx":[],"type":"PRONOUN","keyword":"이 기지는"}],"mentionTagged":"종전 후 3년 동안 [쿠바]에서는 [미국] 군대의 군정(軍政)이 실시되었다. [미국]은 [존 R 브룩](John R Brooke)을 [쿠바] 총독으로 세웠고 그와 그의 후임들은 공공 사업을 연이어 추진하여 학교를 세우고 공중 보건을 개선시키는 등 모든 것들이 [쿠바]가 [미국]에 종속되도록 계획하였다. [미국-스페인 전쟁]에 참전하였고 [쿠바]의 독립운동에 동정심을 가진 [시어도어 루스벨트]는 [1901년]에 [윌리엄 매킨리]에 이어서 [미국]의 대통령을 승계하였고, 20년 조약 안을 폐기하였다. 대신에 [쿠바]는 [1902년 5월 20일] 형식상 독립하여 [공화국]을 선포하고 초대 대통령으로 독립운동가인 [토마스 에스트라다 팔마](Tomás Estrada Palma)를 선출하였다. 그러나, [쿠바]의 새 헌법 하에서, [미국]은 [쿠바]에 관한 사항에 간섭하고 재정·외교문제를 감독할 권리를 보유하였다. 그리고, [플랫 수정안](Platt Amendment)은 [미국]이 [쿠바] 국내의 문제에 대해 [미국]의 자유 재량으로 개입할 권리를 주는 것으로 [플랫 수정안]을 승인하거나 아니면 무기한 [미국]의 군사 지배하에 남거나 둘 중에 하나를 선택하도록 요구받은 [쿠바]는 울며 겨자먹기로 덜 나쁜 것을 선택하였다. [플랫 수정안] 하에서, [쿠바]는 [미국]의 해군기지로 사용할 [관타나모]를 임차하는 데 동의하였다. 이로써, [미국]은 [1903년]에 [관타나모]만(灣)를 강점([1999년] 예정)하고 해군기지를 만들었으며, [쿠바]에서 [미국]의 이익을 지키도록 했다. 오늘날 [미국] [제국주의]의 상징으로 남아있는 이 기지는 [쿠바]에게는 모욕이며 [미국]에게는 말만으로 [쿠바]의 자율적인 결정권을 존중한다는 비웃음거리가 되고 있다. [1906년]에서 [1909년]까지 총독 통치를 하였다. [미국]의 군정 종결과 함께 [1902년 5월] [E.팔마]를 수반으로 하는 공화제 정부가 수립되었으나 양질의 토지, 사탕산업, 교통수단 등 [쿠바] 경제의 중추적 기능은 미국자본이 장악하였다."}