{"entityTagged":"<플렌스부르크>(. )는 [독일] 북부 [슐레스비히홀슈타인_주]에 있는 도시이다. 인구 88,511([2010]).","globalSId":[2297117,2297118,2297119],"entities":[{"kbox_types":["Town","PopulatedPlace","Settlement","Town","Place"],"st":0,"en_mention":6,"ancestor":"","eIdx":0,"st_mention":0,"en":8,"ne_type":"LOCATION","keyword":"<플렌스부르크>","e_type":"ELU"},{"kbox_types":["Country","PopulatedPlace","Settlement","PopulatedPlace","Place"],"st":14,"en_mention":14,"ancestor":"","eIdx":1,"st_mention":12,"en":18,"ne_type":"LOCATION","keyword":"[독일]","e_type":"WIKILINK"},{"kbox_types":["Region","PopulatedPlace","AdministrativeRegion","Place","Settlement","AdministrativeRegion"],"st":22,"en_mention":29,"ancestor":"","eIdx":2,"st_mention":18,"en":35,"ne_type":"LOCATION","keyword":"[슐레스비히홀슈타인_주]","e_type":"WIKILINK"},{"kbox_types":["NULL"],"st":56,"en_mention":54,"ancestor":"-2","eIdx":3,"st_mention":50,"en":62,"ne_type":"TIME","keyword":"[2010]","e_type":"NEW"}],"wikiPageId":555252,"pIdx":1,"plainText":"플렌스부르크(. )는 독일 북부 슐레스비히홀슈타인 주에 있는 도시이다. 인구 88,511(2010).","pronouns":[],"mentionTagged":"[플렌스부르크](. )는 [독일] 북부 [슐레스비히홀슈타인 주]에 있는 도시이다. 인구 88,511([2010])."}