{"entityTagged":"[산성동](山城洞)은 [대한민국] [성남시] [수정구]의 [법정동]이다.","globalSId":[2816598],"entities":[{"kbox_types":["NULL"],"st":0,"en_mention":3,"ancestor":"-2","eIdx":0,"st_mention":0,"en":5,"ne_type":"LOCATION","keyword":"[산성동]","e_type":"NEW"},{"kbox_types":["Country","PopulatedPlace","PopulatedPlace","Place"],"st":12,"en_mention":14,"ancestor":"","eIdx":1,"st_mention":10,"en":18,"ne_type":"LOCATION","keyword":"[대한민국]","e_type":"WIKILINK"},{"kbox_types":["PopulatedPlace","Place","Settlement","PopulatedPlace","City"],"st":19,"en_mention":18,"ancestor":"","eIdx":2,"st_mention":15,"en":24,"ne_type":"LOCATION","keyword":"[성남시]","e_type":"WIKILINK"},{"kbox_types":["PopulatedPlace","Settlement","PopulatedPlace","Place"],"st":25,"en_mention":22,"ancestor":"","eIdx":3,"st_mention":19,"en":30,"ne_type":"LOCATION","keyword":"[수정구]","e_type":"WIKILINK"},{"kbox_types":["NULL"],"st":32,"en_mention":27,"ancestor":"","eIdx":4,"st_mention":24,"en":37,"ne_type":"ETC","keyword":"[법정동]","e_type":"WIKILINK"}],"wikiPageId":800982,"pIdx":1,"plainText":"산성동(山城洞)은 대한민국 성남시 수정구의 법정동이다.","mentionTagged":"[산성동](山城洞)은 [대한민국] [성남시] [수정구]의 [법정동]이다."}