{"entityTagged":"생애. 그는 [1697년] [바이에른의_군주] [바이에른_선제후_막시밀리안_2세_에마누엘]와 [폴란드-리투아니아]의 왕 [얀_3세_소비에스키]의 딸 [테레사_쿠네군다_소비에스카]의 아들로 태어났다. 자라서 [스페인_왕위계승전쟁]에 참여하였으며, [1726년] 아버지가 죽자 [선제후]의 자리를 물려받았다. [1713년의_국본조칙]에 이의를 표하지 않았으나 [1740년] [신성로마제국의_카를_6세]이 죽자 장녀 [오스트리아의_마리아_테레지아]의 제위 계승에 반대하여 [프랑스] 편에 섰으며 [1742년] [신성_로마_제국_황제]가 되었다.","globalSId":[1662132,1662133,1662134,1662135],"entities":[{"kbox_types":["Year","TimePeriod"],"st":7,"en_mention":11,"ancestor":"","eIdx":0,"st_mention":6,"en":14,"ne_type":"TIME","keyword":"[1697년]","e_type":"WIKILINK"},{"kbox_types":["NULL"],"st":15,"en_mention":20,"ancestor":"","eIdx":1,"st_mention":12,"en":25,"ne_type":"ETC","keyword":"[바이에른의_군주]","e_type":"WIKILINK"},{"kbox_types":["NULL"],"st":26,"en_mention":29,"ancestor":"","eIdx":2,"st_mention":21,"en":50,"ne_type":"ETC","keyword":"[바이에른_선제후_막시밀리안_2세_에마누엘]","e_type":"WIKILINK"},{"kbox_types":["NULL"],"st":52,"en_mention":40,"ancestor":"","eIdx":3,"st_mention":31,"en":63,"ne_type":"ETC","keyword":"[폴란드-리투아니아]","e_type":"WIKILINK"},{"kbox_types":["Royalty","Monarch","BritishRoyalty","Agent","Person"],"st":67,"en_mention":54,"ancestor":"","eIdx":4,"st_mention":44,"en":79,"ne_type":"PERSON","keyword":"[얀_3세_소비에스키]","e_type":"WIKILINK"},{"kbox_types":["Royalty","BritishRoyalty","Agent","Person"],"st":83,"en_mention":72,"ancestor":"","eIdx":5,"st_mention":58,"en":99,"ne_type":"PERSON","keyword":"[테레사_쿠네군다_소비에스카]","e_type":"WIKILINK"},{"kbox_types":["NULL"],"st":115,"en_mention":98,"ancestor":"","eIdx":6,"st_mention":88,"en":127,"ne_type":"ETC","keyword":"[스페인_왕위계승전쟁]","e_type":"WIKILINK"},{"kbox_types":["Year","TimePeriod"],"st":137,"en_mention":113,"ancestor":"","eIdx":7,"st_mention":108,"en":144,"ne_type":"TIME","keyword":"[1726년]","e_type":"WIKILINK"},{"kbox_types":["NULL"],"st":153,"en_mention":125,"ancestor":"","eIdx":8,"st_mention":122,"en":158,"ne_type":"ETC","keyword":"[선제후]","e_type":"WIKILINK"},{"kbox_types":["NULL"],"st":171,"en_mention":149,"ancestor":"","eIdx":9,"st_mention":138,"en":184,"ne_type":"ETC","keyword":"[1713년의_국본조칙]","e_type":"WIKILINK"},{"kbox_types":["Year","TimePeriod"],"st":199,"en_mention":169,"ancestor":"","eIdx":10,"st_mention":164,"en":206,"ne_type":"TIME","keyword":"[1740년]","e_type":"WIKILINK"},{"kbox_types":["NULL"],"st":207,"en_mention":175,"ancestor":"","eIdx":11,"st_mention":170,"en":222,"ne_type":"ETC","keyword":"[신성로마제국의_카를_6세]","e_type":"WIKILINK"},{"kbox_types":["NULL"],"st":230,"en_mention":191,"ancestor":"","eIdx":12,"st_mention":183,"en":247,"ne_type":"ETC","keyword":"[오스트리아의_마리아_테레지아]","e_type":"WIKILINK"},{"kbox_types":["Country","PopulatedPlace","Settlement","PopulatedPlace","Place"],"st":261,"en_mention":208,"ancestor":"","eIdx":13,"st_mention":205,"en":266,"ne_type":"LOCATION","keyword":"[프랑스]","e_type":"WIKILINK"},{"kbox_types":["Instrument","Year","Device","TimePeriod"],"st":274,"en_mention":221,"ancestor":"","eIdx":14,"st_mention":216,"en":281,"ne_type":"TIME","keyword":"[1742년]","e_type":"WIKILINK"},{"kbox_types":["NULL"],"st":282,"en_mention":224,"ancestor":"","eIdx":15,"st_mention":222,"en":295,"ne_type":"ETC","keyword":"[신성_로마_제국_황제]","e_type":"WIKILINK"}],"wikiPageId":305104,"pIdx":2,"plainText":"생애 그는 1697년 바이에른 선제후 막시밀리안 2세와 폴란드-리투아니아의 왕 얀 3세 소비에스키의 딸 테레사 쿠네군다 소비에스카의 아들로 태어났다. 자라서 스페인 왕위계승전쟁에 참여하였으며, 1726년 아버지가 죽자 선제후의 자리를 물려받았다. 1713년의 국본조칙에 이의를 표하지 않았으나 1740년 황제 카를이 죽자 장녀 마리아 테레지아의 제위 계승에 반대하여 프랑스 편에 섰으며 1742년 황제가 되었다.","pronouns":[{"st":4,"ancestor":"-2","proIdx":0,"en":5,"cwStateCd":"FIXED","cwSelIdx":[],"type":"PRONOUN","keyword":"그는"}],"mentionTagged":"생애 그는 [1697년] [바이에른 선제후] [막시밀리안 2세]와 [폴란드-리투아니아]의 왕 [얀 3세 소비에스키]의 딸 [테레사 쿠네군다 소비에스카]의 아들로 태어났다. 자라서 [스페인 왕위계승전쟁]에 참여하였으며, [1726년] 아버지가 죽자 [선제후]의 자리를 물려받았다. [1713년의 국본조칙]에 이의를 표하지 않았으나 [1740년] [황제 카를]이 죽자 장녀 [마리아 테레지아]의 제위 계승에 반대하여 [프랑스] 편에 섰으며 [1742년] [황제]가 되었다."}