{"entityTagged":"클럽 경력. [2010_K리그_드래프트]를 통해 [수원_삼성_블루윙즈]에 입단했다. 그후 [2011년] [내셔널리그_(대한민국)] [김해시청_축구단]과 [부산교통공사_축구단]에서 활약하였다.","globalSId":[2222743,2222744,2222745],"entities":[{"kbox_types":["NULL"],"st":7,"en_mention":19,"ancestor":"","eIdx":0,"st_mention":6,"en":22,"ne_type":"ETC","keyword":"[2010_K리그_드래프트]","e_type":"WIKILINK"},{"kbox_types":["SoccerClub","Agent","SportsTeam","Organisation"],"st":27,"en_mention":34,"ancestor":"","eIdx":1,"st_mention":24,"en":39,"ne_type":"ORGANIZATION","keyword":"[수원_삼성_블루윙즈]","e_type":"WIKILINK"},{"kbox_types":["Year","MusicalWork","TimePeriod","Work","Album"],"st":50,"en_mention":50,"ancestor":"-2","eIdx":2,"st_mention":45,"en":57,"ne_type":"TIME","keyword":"[2011년]","e_type":"NEW"},{"kbox_types":["Agent","SportsLeague","Organisation","SoccerLeague"],"st":58,"en_mention":56,"ancestor":"","eIdx":3,"st_mention":51,"en":72,"ne_type":"ORGANIZATION","keyword":"[내셔널리그_(대한민국)]","e_type":"WIKILINK"},{"kbox_types":["SoccerClub","Agent","SportsTeam","Organisation"],"st":73,"en_mention":61,"ancestor":"","eIdx":4,"st_mention":57,"en":83,"ne_type":"ORGANIZATION","keyword":"[김해시청_축구단]","e_type":"WIKILINK"},{"kbox_types":["SoccerClub","Agent","SportsTeam","Organisation"],"st":85,"en_mention":69,"ancestor":"","eIdx":5,"st_mention":63,"en":97,"ne_type":"ORGANIZATION","keyword":"[부산교통공사_축구단]","e_type":"WIKILINK"}],"wikiPageId":517415,"pIdx":2,"plainText":"클럽 경력 2010 K리그 드래프트를 통해 수원 삼성 블루윙즈에 입단했다. 그후 2011년 내셔널리그 김해시청과 부산교통공사에서 활약하였다.","pronouns":[{"st":47,"ancestor":"-2","proIdx":0,"en":48,"cwStateCd":"FIXED","cwSelIdx":[],"type":"PRONOUN","keyword":"그후"}],"mentionTagged":"클럽 경력 [2010 K리그 드래프트]를 통해 [수원 삼성 블루윙즈]에 입단했다. 그후 [2011년] [내셔널리그] [김해시청]과 [부산교통공사]에서 활약하였다."}