{"entityTagged":"[셈족](Semites 또는 Semitic)이라는 낱말은 [성경]의 [창세기]에 나오는 인물로 [노아]의 세 아들 중의 장남인 [셈_(성경)](, , \"이름\"을 의미한다, )에서 만들어진 말이다. 이 낱말이 [언어학]과 [민족학]에서 처음 사용되었을 때 그 용도는 대체로 [중동] 지역에서 발원한 한 [어족](語族)을 가리키기 위한 것이었다. 이 어족을 [셈어족], [셈어파], 또는 단순히 [셈어](Semitic languages)라고 부른다.","globalSId":[1614666,1614667,1614668],"entities":[{"kbox_types":["EthnicGroup"],"st":0,"en_mention":2,"ancestor":"-2","eIdx":0,"st_mention":0,"en":4,"ne_type":"PERSON","keyword":"[셈족]","e_type":"NEW"},{"kbox_types":["WrittenWork","Work","Book"],"st":32,"en_mention":32,"ancestor":"","eIdx":1,"st_mention":30,"en":36,"ne_type":"ETC","keyword":"[성경]","e_type":"WIKILINK"},{"kbox_types":["NULL"],"st":38,"en_mention":37,"ancestor":"","eIdx":2,"st_mention":34,"en":43,"ne_type":"ETC","keyword":"[창세기]","e_type":"WIKILINK"},{"kbox_types":["Saint","Agent","Person","Cleric"],"st":53,"en_mention":49,"ancestor":"","eIdx":3,"st_mention":47,"en":57,"ne_type":"PERSON","keyword":"[노아]","e_type":"WIKILINK"},{"kbox_types":["Agent","Person"],"st":71,"en_mention":64,"ancestor":"","eIdx":4,"st_mention":63,"en":79,"ne_type":"PERSON","keyword":"[셈_(성경)]","e_type":"WIKILINK"},{"kbox_types":["NULL"],"st":116,"en_mention":104,"ancestor":"","eIdx":5,"st_mention":101,"en":121,"ne_type":"ETC","keyword":"[언어학]","e_type":"WIKILINK"},{"kbox_types":["NULL"],"st":123,"en_mention":109,"ancestor":"","eIdx":6,"st_mention":106,"en":128,"ne_type":"ETC","keyword":"[민족학]","e_type":"WIKILINK"},{"kbox_types":["Place","Airport","Infrastructure","ArchitecturalStructure"],"st":152,"en_mention":135,"ancestor":"","eIdx":7,"st_mention":133,"en":156,"ne_type":"LOCATION","keyword":"[중동]","e_type":"WIKILINK"},{"kbox_types":["NULL"],"st":168,"en_mention":149,"ancestor":"","eIdx":8,"st_mention":147,"en":172,"ne_type":"ETC","keyword":"[어족]","e_type":"WIKILINK"},{"kbox_types":["NULL"],"st":198,"en_mention":178,"ancestor":"","eIdx":9,"st_mention":175,"en":203,"ne_type":"ETC","keyword":"[셈어족]","e_type":"WIKILINK"},{"kbox_types":["NULL"],"st":205,"en_mention":183,"ancestor":"","eIdx":10,"st_mention":180,"en":210,"ne_type":"ETC","keyword":"[셈어파]","e_type":"WIKILINK"},{"kbox_types":["NULL"],"st":219,"en_mention":194,"ancestor":"","eIdx":11,"st_mention":192,"en":223,"ne_type":"ETC","keyword":"[셈어]","e_type":"WIKILINK"}],"wikiPageId":292958,"pIdx":1,"plainText":"셈족(Semites 또는 Semitic)이라는 낱말은 성경의 창세기에 나오는 인물로 노아의 세 아들 중의 장남인 셈(, , \"이름\"을 의미한다, )에서 만들어진 말이다. 이 낱말이 언어학과 민족학에서 처음 사용되었을 때 그 용도는 대체로 중동 지역에서 발원한 한 어족(語族)을 가리키기 위한 것이었다. 이 어족을 셈어족, 셈어파, 또는 단순히 셈어(Semitic languages)라고 부른다.","pronouns":[{"st":110,"ancestor":"1-0","proIdx":0,"en":113,"cwStateCd":"FIXED","cwSelIdx":0,"type":"PRONOUN","keyword":"이 낱말"},{"st":142,"ancestor":"-2","proIdx":1,"en":145,"cwStateCd":"FIXED","cwSelIdx":[],"type":"PRONOUN","keyword":"그 용도"},{"st":166,"ancestor":"-2","proIdx":2,"en":176,"cwStateCd":"FIXED","cwSelIdx":[],"type":"PRONOUN","keyword":"한 [어족](語族)을"},{"st":192,"ancestor":"-2","proIdx":3,"en":196,"cwStateCd":"FIXED","cwSelIdx":[],"type":"PRONOUN","keyword":"이 어족을"}],"mentionTagged":"[셈족](Semites 또는 Semitic)이라는 낱말은 [성경]의 [창세기]에 나오는 인물로 [노아]의 세 아들 중의 장남인 [셈](, , \"이름\"을 의미한다, )에서 만들어진 말이다. 이 낱말이 [언어학]과 [민족학]에서 처음 사용되었을 때 그 용도는 대체로 [중동] 지역에서 발원한 한 [어족](語族)을 가리키기 위한 것이었다. 이 어족을 [셈어족], [셈어파], 또는 단순히 [셈어](Semitic languages)라고 부른다."}