{"entityTagged":"[1963년] 제30회 중의원 의원 총선거에 [자유민주당_(일본)] 공인으로 입후보해 처음으로 당선된 후, 11선이라는 기록을 세우고 일생 동안 의원 직에 있었다. [1976년]부터 [1977년]까지 [후쿠다_다케오] 내각의 후생장관, [1978년]부터 [1979년]까지 제1차 [오히라_마사요시] 내각의 농림수산대신, [1980년]부터 [1982년]까지 [스즈키_젠코] 내각 및 개조 내각의 재무대신, [1985년]부터 [1986년]까지 제2차 [나카소네_야스히로] 내각 제2차 개조 내각의 통산대신을 지냈다.","globalSId":[2053580,2053581],"entities":[{"kbox_types":["Year","TimePeriod"],"st":0,"en_mention":5,"ancestor":"","eIdx":0,"st_mention":0,"en":7,"ne_type":"TIME","keyword":"[1963년]","e_type":"WIKILINK"},{"kbox_types":["Agent","PoliticalParty","Organisation"],"st":25,"en_mention":28,"ancestor":"","eIdx":1,"st_mention":23,"en":37,"ne_type":"ORGANIZATION","keyword":"[자유민주당_(일본)]","e_type":"WIKILINK"},{"kbox_types":["Year","Agent","EducationalInstitution","TimePeriod","Organisation","University"],"st":92,"en_mention":88,"ancestor":"","eIdx":2,"st_mention":83,"en":99,"ne_type":"TIME","keyword":"[1976년]","e_type":"WIKILINK"},{"kbox_types":["Year","TimePeriod"],"st":102,"en_mention":96,"ancestor":"","eIdx":3,"st_mention":91,"en":109,"ne_type":"TIME","keyword":"[1977년]","e_type":"WIKILINK"},{"kbox_types":["Politician","PrimeMinister","Agent","Person","President"],"st":112,"en_mention":106,"ancestor":"","eIdx":4,"st_mention":99,"en":121,"ne_type":"PERSON","keyword":"[후쿠다_다케오]","e_type":"WIKILINK"},{"kbox_types":["Year","TimePeriod"],"st":132,"en_mention":122,"ancestor":"","eIdx":5,"st_mention":117,"en":139,"ne_type":"TIME","keyword":"[1978년]","e_type":"WIKILINK"},{"kbox_types":["Year","Agent","EducationalInstitution","TimePeriod","Organisation","University"],"st":142,"en_mention":130,"ancestor":"","eIdx":6,"st_mention":125,"en":149,"ne_type":"TIME","keyword":"[1979년]","e_type":"WIKILINK"},{"kbox_types":["Politician","PrimeMinister","Agent","Person","President"],"st":156,"en_mention":145,"ancestor":"","eIdx":7,"st_mention":137,"en":166,"ne_type":"PERSON","keyword":"[오히라_마사요시]","e_type":"WIKILINK"},{"kbox_types":["Year","TimePeriod"],"st":179,"en_mention":163,"ancestor":"","eIdx":8,"st_mention":158,"en":186,"ne_type":"TIME","keyword":"[1980년]","e_type":"WIKILINK"},{"kbox_types":["Year","TimePeriod"],"st":189,"en_mention":171,"ancestor":"","eIdx":9,"st_mention":166,"en":196,"ne_type":"TIME","keyword":"[1982년]","e_type":"WIKILINK"},{"kbox_types":["Politician","PrimeMinister","Agent","Person","President"],"st":199,"en_mention":180,"ancestor":"","eIdx":10,"st_mention":174,"en":207,"ne_type":"PERSON","keyword":"[스즈키_젠코]","e_type":"WIKILINK"},{"kbox_types":["Year","TimePeriod"],"st":226,"en_mention":204,"ancestor":"","eIdx":11,"st_mention":199,"en":233,"ne_type":"TIME","keyword":"[1985년]","e_type":"WIKILINK"},{"kbox_types":["Animal","Year","Species","TimePeriod","Eukaryote"],"st":236,"en_mention":212,"ancestor":"","eIdx":12,"st_mention":207,"en":243,"ne_type":"TIME","keyword":"[1986년]","e_type":"WIKILINK"},{"kbox_types":["Politician","PrimeMinister","Agent","Person","President"],"st":250,"en_mention":228,"ancestor":"","eIdx":13,"st_mention":219,"en":261,"ne_type":"PERSON","keyword":"[나카소네_야스히로]","e_type":"WIKILINK"}],"wikiPageId":446884,"pIdx":3,"plainText":"1963년 제30회 중의원 의원 총선거에 자유민주당 공인으로 입후보해 처음으로 당선된 후, 11선이라는 기록을 세우고 일생 동안 의원 직에 있었다. 1976년부터 1977년까지 후쿠다 다케오 내각의 후생장관, 1978년부터 1979년까지 제1차 오히라 마사요시 내각의 농림수산대신, 1980년부터 1982년까지 스즈키 젠코 내각 및 개조 내각의 재무대신, 1985년부터 1986년까지 제2차 나카소네 야스히로 내각 제2차 개조 내각의 통산대신을 지냈다.","mentionTagged":"[1963년] 제30회 중의원 의원 총선거에 [자유민주당] 공인으로 입후보해 처음으로 당선된 후, 11선이라는 기록을 세우고 일생 동안 의원 직에 있었다. [1976년]부터 [1977년]까지 [후쿠다 다케오] 내각의 후생장관, [1978년]부터 [1979년]까지 제1차 [오히라 마사요시] 내각의 농림수산대신, [1980년]부터 [1982년]까지 [스즈키 젠코] 내각 및 개조 내각의 재무대신, [1985년]부터 [1986년]까지 제2차 [나카소네 야스히로] 내각 제2차 개조 내각의 통산대신을 지냈다."}