{"entityTagged":"[큰귀집박쥐](\"Hypsugo macrotis\")는 [애기박쥐과]에 속하는 [박쥐]의 일종이다. [브루나이]와 [인도네시아], [말레이시아]에서 발견된다. <말레이_반도>의 개펄에서 먹이를 찾지만, 둥지 생활에 대해서는 알려져 있지 않다. 농경지와 농장을 위한 산림파괴와 벌목, 화재로 서식지가 위협받고 있지만 어떤 영향을 미치는 지, 환경에 적응하고 있는지는 알려져 있지 않다.","globalSId":[4004745,4004746,4004747,4004748],"entities":[{"kbox_types":["NULL"],"st":0,"en_mention":5,"ancestor":"-2","eIdx":0,"st_mention":0,"en":7,"ne_type":"ETC","keyword":"[큰귀집박쥐]","e_type":"NEW"},{"kbox_types":["Animal","Species","TopicalConcept","Taxon","Eukaryote","Mammal"],"st":29,"en_mention":32,"ancestor":"","eIdx":1,"st_mention":27,"en":36,"ne_type":"ETC","keyword":"[애기박쥐과]","e_type":"WIKILINK"},{"kbox_types":["Animal","Species","TopicalConcept","Taxon","Eukaryote","Mammal"],"st":42,"en_mention":40,"ancestor":"","eIdx":2,"st_mention":38,"en":46,"ne_type":"ETC","keyword":"[박쥐]","e_type":"WIKILINK"},{"kbox_types":["Country","Company","Agent","PopulatedPlace","Place","Company","Organisation"],"st":54,"en_mention":52,"ancestor":"","eIdx":3,"st_mention":48,"en":60,"ne_type":"ORGANIZATION","keyword":"[브루나이]","e_type":"WIKILINK"},{"kbox_types":["Country","PopulatedPlace","PopulatedPlace","Place"],"st":62,"en_mention":59,"ancestor":"","eIdx":4,"st_mention":54,"en":69,"ne_type":"LOCATION","keyword":"[인도네시아]","e_type":"WIKILINK"},{"kbox_types":["Country","PopulatedPlace","Settlement","PopulatedPlace","Place"],"st":71,"en_mention":66,"ancestor":"","eIdx":5,"st_mention":61,"en":78,"ne_type":"LOCATION","keyword":"[말레이시아]","e_type":"WIKILINK"},{"kbox_types":["NULL"],"st":87,"en_mention":83,"ancestor":"","eIdx":6,"st_mention":75,"en":95,"ne_type":"ETC","keyword":"<말레이_반도>","e_type":"ELU"}],"wikiPageId":1772507,"pIdx":1,"plainText":"큰귀집박쥐(\"Hypsugo macrotis\")는 애기박쥐과에 속하는 박쥐의 일종이다. 브루나이와 인도네시아, 말레이시아에서 발견된다. 말레이시아 반도의 개펄에서 먹이를 찾지만, 둥지 생활에 대해서는 알려져 있지 않다. 농경지와 농장을 위한 산림파괴와 벌목, 화재로 서식지가 위협받고 있지만 어떤 영향을 미치는 지, 환경에 적응하고 있는지는 알려져 있지 않다.","mentionTagged":"[큰귀집박쥐](\"Hypsugo macrotis\")는 [애기박쥐과]에 속하는 [박쥐]의 일종이다. [브루나이]와 [인도네시아], [말레이시아]에서 발견된다. [말레이시아 반도]의 개펄에서 먹이를 찾지만, 둥지 생활에 대해서는 알려져 있지 않다. 농경지와 농장을 위한 산림파괴와 벌목, 화재로 서식지가 위협받고 있지만 어떤 영향을 미치는 지, 환경에 적응하고 있는지는 알려져 있지 않다."}