{"entityTagged":"[히스파니올라큰깔때기귀박쥐](\"Natalus major\")는 [깔때기귀박쥐과] [깔때기귀박쥐속](\"Natalus\")에 속하는 [박쥐]의 일종이다. [히스파니올라_섬]에서 발견된다. [1902년] 처음 기술되었으며, 일부 저자는 여러 아종을 기술하는 등 다양한 분류 역사를 갖고 있다. 현재는 [쿠바큰깔때기귀박쥐](\"Natalus primus\")와 [자메이카큰깔때기귀박쥐](\"Natalus jamaicensis\")를 별도의 종으로 분류하며, 일부는 [히스파니올라큰깔때기귀박쥐]를 [멕시코깔때기귀박쥐](\"Natalus stramineus\")의 아종으로 간주하기도 한다. 주로 동굴에서 생활하며, 먹이는 [곤충]이다.","globalSId":[3864153,3864154,3864155,3864156,3864157],"entities":[{"kbox_types":["Animal","Species","TopicalConcept","Taxon","Eukaryote","Mammal"],"st":0,"en_mention":13,"ancestor":"-2","eIdx":0,"st_mention":0,"en":15,"ne_type":"ETC","keyword":"[히스파니올라큰깔때기귀박쥐]","e_type":"NEW"},{"kbox_types":["Animal","Species","Eukaryote","Mammal"],"st":34,"en_mention":39,"ancestor":"","eIdx":1,"st_mention":32,"en":43,"ne_type":"ETC","keyword":"[깔때기귀박쥐과]","e_type":"WIKILINK"},{"kbox_types":["Animal","Species","TopicalConcept","Taxon","Eukaryote","Mammal"],"st":44,"en_mention":47,"ancestor":"","eIdx":2,"st_mention":40,"en":53,"ne_type":"ETC","keyword":"[깔때기귀박쥐속]","e_type":"WIKILINK"},{"kbox_types":["Animal","Species","TopicalConcept","Taxon","Eukaryote","Mammal"],"st":70,"en_mention":66,"ancestor":"","eIdx":3,"st_mention":64,"en":74,"ne_type":"ETC","keyword":"[박쥐]","e_type":"WIKILINK"},{"kbox_types":["PopulatedPlace","Island","PopulatedPlace","Place"],"st":82,"en_mention":82,"ancestor":"","eIdx":4,"st_mention":74,"en":92,"ne_type":"LOCATION","keyword":"[히스파니올라_섬]","e_type":"WIKILINK"},{"kbox_types":["Year","TimePeriod"],"st":101,"en_mention":96,"ancestor":"-2","eIdx":5,"st_mention":91,"en":108,"ne_type":"TIME","keyword":"[1902년]","e_type":"NEW"},{"kbox_types":["Animal","Species","TopicalConcept","Taxon","Eukaryote","Mammal"],"st":163,"en_mention":160,"ancestor":"","eIdx":6,"st_mention":151,"en":174,"ne_type":"ETC","keyword":"[쿠바큰깔때기귀박쥐]","e_type":"WIKILINK"},{"kbox_types":["Animal","Species","Eukaryote","Mammal"],"st":194,"en_mention":191,"ancestor":"","eIdx":7,"st_mention":180,"en":207,"ne_type":"ETC","keyword":"[자메이카큰깔때기귀박쥐]","e_type":"WIKILINK"},{"kbox_types":["Animal","Species","TopicalConcept","Taxon","Eukaryote","Mammal"],"st":250,"en_mention":247,"ancestor":"1-0","eIdx":8,"st_mention":234,"en":265,"ne_type":"ETC","keyword":"[히스파니올라큰깔때기귀박쥐]","e_type":"NEW"},{"kbox_types":["Animal","Species","TopicalConcept","Taxon","Eukaryote","Mammal"],"st":267,"en_mention":258,"ancestor":"","eIdx":9,"st_mention":249,"en":278,"ne_type":"ETC","keyword":"[멕시코깔때기귀박쥐]","e_type":"WIKILINK"},{"kbox_types":["Animal","Species","TopicalConcept","Taxon","Eukaryote"],"st":335,"en_mention":317,"ancestor":"","eIdx":10,"st_mention":315,"en":339,"ne_type":"ETC","keyword":"[곤충]","e_type":"WIKILINK"}],"wikiPageId":1639985,"pIdx":1,"plainText":"히스파니올라큰깔때기귀박쥐(\"Natalus major\")는 깔때기귀박쥐과 깔때기귀박쥐속(\"Natalus\")에 속하는 박쥐의 일종이다. 히스파니올라 섬에서 발견된다. 1902년 처음 기술되었으며, 일부 저자는 여러 아종을 기술하는 등 다양한 분류 역사를 갖고 있다. 현재는 쿠바큰깔때기귀박쥐(\"Natalus primus\")와 자메이카큰깔때기귀박쥐(\"Natalus jamaicensis\")를 별도의 종으로 분류하며, 일부는 히스파니올라큰깔때기귀박쥐를 멕시코깔때기귀박쥐(\"Natalus stramineus\")의 아종으로 간주하기도 한다. 주로 동굴에서 생활하며, 먹이는 곤충이다.","pronouns":[{"st":120,"ancestor":"-2","proIdx":0,"en":125,"cwStateCd":"FIXED","cwSelIdx":[],"type":"PRONOUN","keyword":"일부 저자는"},{"st":127,"ancestor":"-2","proIdx":1,"en":132,"cwStateCd":"FIXED","cwSelIdx":[],"type":"PRONOUN","keyword":"여러 아종을"},{"st":127,"ancestor":"-2","proIdx":2,"en":139,"cwStateCd":"FIXED","cwSelIdx":[],"type":"PRONOUN","keyword":"여러 아종을 기술하는 등"}],"mentionTagged":"[히스파니올라큰깔때기귀박쥐](\"Natalus major\")는 [깔때기귀박쥐과] [깔때기귀박쥐속](\"Natalus\")에 속하는 [박쥐]의 일종이다. [히스파니올라 섬]에서 발견된다. [1902년] 처음 기술되었으며, 일부 저자는 여러 아종을 기술하는 등 다양한 분류 역사를 갖고 있다. 현재는 [쿠바큰깔때기귀박쥐](\"Natalus primus\")와 [자메이카큰깔때기귀박쥐](\"Natalus jamaicensis\")를 별도의 종으로 분류하며, 일부는 [히스파니올라큰깔때기귀박쥐]를 [멕시코깔때기귀박쥐](\"Natalus stramineus\")의 아종으로 간주하기도 한다. 주로 동굴에서 생활하며, 먹이는 [곤충]이다."}