{"entityTagged":"[존스턴제넷](\"Genetta johnstoni\")은 [사향고양이과]에 속하는 [제넷속]의 일종이다. [나이저 강] 상부 산림에서 발견되는 작은 [식육목] 동물이다. 농경지 또는 산업용을 사용하기 위한 산림 벌채로 우림 서식지가 파괴됨에 따라서 [IUCN_적색_목록]에서 취약종(VU, Vulnerable species)으로 지정, 분류하고 있다.","globalSId":[3776025,3776026,3776027],"entities":[{"kbox_types":["Animal","Species","TopicalConcept","Taxon","Eukaryote","Mammal"],"st":0,"en_mention":5,"ancestor":"-2","eIdx":0,"st_mention":0,"en":7,"ne_type":"ETC","keyword":"[존스턴제넷]","e_type":"NEW"},{"kbox_types":["Animal","Species","TopicalConcept","Taxon","Eukaryote","Mammal"],"st":30,"en_mention":34,"ancestor":"","eIdx":1,"st_mention":28,"en":38,"ne_type":"ETC","keyword":"[사향고양이과]","e_type":"WIKILINK"},{"kbox_types":["Animal","Species","TopicalConcept","Taxon","Eukaryote","Mammal"],"st":44,"en_mention":45,"ancestor":"","eIdx":2,"st_mention":40,"en":49,"ne_type":"ETC","keyword":"[제넷속]","e_type":"WIKILINK"},{"kbox_types":["River","Place","River","BodyOfWater","Stream","NaturalPlace"],"st":57,"en_mention":58,"ancestor":"-2","eIdx":3,"st_mention":53,"en":64,"ne_type":"LOCATION","keyword":"[나이저 강]","e_type":"NEW"},{"kbox_types":["Animal","Species","TopicalConcept","Taxon","Eukaryote"],"st":81,"en_mention":78,"ancestor":"","eIdx":4,"st_mention":75,"en":86,"ne_type":"ETC","keyword":"[식육목]","e_type":"WIKILINK"},{"kbox_types":["Agent","Organisation"],"st":137,"en_mention":139,"ancestor":"","eIdx":5,"st_mention":129,"en":149,"ne_type":"ORGANIZATION","keyword":"[IUCN_적색_목록]","e_type":"WIKILINK"}],"wikiPageId":1493023,"pIdx":1,"plainText":"존스턴제넷(\"Genetta johnstoni\")은 사향고양이과에 속하는 제넷고양이의 일종이다. 나이저 강 상부 산림에서 발견되는 작은 식육목 동물이다. 농경지 또는 산업용을 사용하기 위한 산림 벌채로 우림 서식지가 파괴됨에 따라서 IUCN 적색 목록에서 취약종(VU, Vulnerable species)으로 지정, 분류하고 있다.","mentionTagged":"[존스턴제넷](\"Genetta johnstoni\")은 [사향고양이과]에 속하는 [제넷고양이]의 일종이다. [나이저 강] 상부 산림에서 발견되는 작은 [식육목] 동물이다. 농경지 또는 산업용을 사용하기 위한 산림 벌채로 우림 서식지가 파괴됨에 따라서 [IUCN 적색 목록]에서 취약종(VU, Vulnerable species)으로 지정, 분류하고 있다."}