{"entityTagged":"후에 속편으로 집필된 《[나나세_다시_한_번]》, 《[오이디푸스의_연인]》과 함께 〈나나세 시리즈〉, 〈나나세 3부작〉의 하나이다.","globalSId":[2700612],"entities":[{"kbox_types":["WrittenWork","Book","Work"],"st":13,"en_mention":23,"ancestor":"","eIdx":0,"st_mention":13,"en":25,"ne_type":"ETC","keyword":"[나나세_다시_한_번]","e_type":"WIKILINK"},{"kbox_types":["NULL"],"st":29,"en_mention":36,"ancestor":"","eIdx":1,"st_mention":27,"en":40,"ne_type":"ETC","keyword":"[오이디푸스의_연인]","e_type":"WIKILINK"}],"wikiPageId":743966,"pIdx":4,"plainText":"후에 속편으로 집필된 《나나세 다시 한 번》, 《오이디푸스의 연인》과 함께 〈나나세 시리즈〉, 〈나나세 3부작〉의 하나이다.","mentionTagged":"후에 속편으로 집필된 《[나나세 다시 한 번]》, 《[오이디푸스의 연인]》과 함께 〈나나세 시리즈〉, 〈나나세 3부작〉의 하나이다."}