{"entityTagged":"[엔도집박쥐](\"Pipistrellus endoi\")는 [애기박쥐과]에 속하는 [박쥐]의 일종이다. [일본]에서 발견되는 것으로 추정된다. 온대 기후 숲에서 서식한다.","globalSId":[3913276,3913277,3913278],"entities":[{"kbox_types":["NULL"],"st":0,"en_mention":5,"ancestor":"-1","eIdx":0,"st_mention":0,"en":7,"ne_type":"ETC","keyword":"[엔도집박쥐]","e_type":"NEW"},{"kbox_types":["Animal","Species","TopicalConcept","Taxon","Eukaryote","Mammal"],"st":31,"en_mention":34,"ancestor":"","eIdx":1,"st_mention":29,"en":38,"ne_type":"ETC","keyword":"[애기박쥐과]","e_type":"WIKILINK"},{"kbox_types":["Animal","Species","TopicalConcept","Taxon","Eukaryote","Mammal"],"st":44,"en_mention":42,"ancestor":"","eIdx":2,"st_mention":40,"en":48,"ne_type":"ETC","keyword":"[박쥐]","e_type":"WIKILINK"},{"kbox_types":["Country","PopulatedPlace","PopulatedPlace","Place"],"st":56,"en_mention":52,"ancestor":"","eIdx":3,"st_mention":50,"en":60,"ne_type":"LOCATION","keyword":"[일본]","e_type":"WIKILINK"}],"wikiPageId":1702945,"pIdx":1,"plainText":"엔도집박쥐(\"Pipistrellus endoi\")는 애기박쥐과에 속하는 박쥐의 일종이다. 일본에서 발견되는 것으로 추정된다. 온대 기후 숲에서 서식한다.","mentionTagged":"[엔도집박쥐](\"Pipistrellus endoi\")는 [애기박쥐과]에 속하는 [박쥐]의 일종이다. [일본]에서 발견되는 것으로 추정된다. 온대 기후 숲에서 서식한다."}