{"entityTagged":"<구비오>()는 [이탈리아] [움브리아_주] [페루자_현]에 위치한 <코무네>다. [아펜니노_산맥] 산맥에 위치한 작은 산인 [인지노](Ingino) 산의 비탈면에 위치해있다.","globalSId":[3356367,3356368],"entities":[{"kbox_types":["PopulatedPlace","Place","Settlement","PopulatedPlace"],"st":0,"en_mention":3,"ancestor":"","eIdx":0,"st_mention":0,"en":5,"ne_type":"LOCATION","keyword":"<구비오>","e_type":"ELU"},{"kbox_types":["Country","PopulatedPlace","Settlement","PopulatedPlace","Place"],"st":9,"en_mention":11,"ancestor":"","eIdx":1,"st_mention":7,"en":15,"ne_type":"LOCATION","keyword":"[이탈리아]","e_type":"WIKILINK"},{"kbox_types":["Region","PopulatedPlace","AdministrativeRegion","Place","Settlement","AdministrativeRegion"],"st":16,"en_mention":18,"ancestor":"","eIdx":2,"st_mention":12,"en":24,"ne_type":"LOCATION","keyword":"[움브리아_주]","e_type":"WIKILINK"},{"kbox_types":["PopulatedPlace","Settlement","PopulatedPlace","Place"],"st":25,"en_mention":24,"ancestor":"","eIdx":3,"st_mention":19,"en":32,"ne_type":"LOCATION","keyword":"[페루자_현]","e_type":"WIKILINK"},{"kbox_types":["NULL"],"st":38,"en_mention":33,"ancestor":"","eIdx":4,"st_mention":30,"en":43,"ne_type":"ETC","keyword":"<코무네>","e_type":"ELU"},{"kbox_types":["Place","Place","MountainRange","NaturalPlace"],"st":46,"en_mention":43,"ancestor":"","eIdx":5,"st_mention":36,"en":55,"ne_type":"LOCATION","keyword":"[아펜니노_산맥]","e_type":"WIKILINK"},{"kbox_types":["NULL"],"st":70,"en_mention":61,"ancestor":"-2","eIdx":6,"st_mention":58,"en":75,"ne_type":"LOCATION","keyword":"[인지노]","e_type":"NEW"}],"wikiPageId":1116049,"pIdx":1,"plainText":"구비오()는 이탈리아 움브리아 주 페루자 현에 위치한 코무네다. 아펜니노 산맥 산맥에 위치한 작은 산인 인지노(Ingino) 산의 비탈면에 위치해있다.","pronouns":[],"mentionTagged":"[구비오]()는 [이탈리아] [움브리아 주] [페루자 현]에 위치한 [코무네]다. [아펜니노 산맥] 산맥에 위치한 작은 산인 [인지노](Ingino) 산의 비탈면에 위치해있다."}