{"entityTagged":"[노스다코타 대학교](University of North Dakota)는 [미국] [노스다코타_주] [그랜드포크스]에 위치한 [공립_대학교]이다. [노스다코타_주]가 주로써 인정받기도 전인 [1883년] [그랜드 폭스] 출신 언론인 [조지 월시]가 개교하였으며, [1884년] [9월]에 첫 수업을 시작했다. 현재 [노스다코타_주]에서 가장 역사가 길고 규모가 제일 큰 학교이다. [노스다코타 대학]은 [미국]의 잡지 [U.S. News & World Report]의 [미국]의 100대 공립 대학교에 <노스다코타_주>, <사우스다코타_주>, [몬태나 주]의 공립대학 중에서 유일무이하게 선정되었다. [노스다코타 대학]에는 220여 학과가 개설되어 있는데, 특히 항공학과인 [John D. Odegard School of Aerospace Sciences] 는 가장 많이 알려져 있다. [노스다코타 대학교]의 항공학과는 무인항공학시스템 학과를 최초로 개설하였다. 또한 [노스다코타_주]에서 유일하게 의과대학이 있는 학교이다. 현재 15,250명의 학생이 재학 중이다.","globalSId":[2914376,2914377,2914378,2914379,2914380,2914381,2914382,2914383,2914384,2914385],"entities":[{"kbox_types":["University","Agent","EducationalInstitution","Organisation"],"st":0,"en_mention":9,"ancestor":"-2","eIdx":0,"st_mention":0,"en":11,"ne_type":"ORGANIZATION","keyword":"[노스다코타 대학교]","e_type":"NEW"},{"kbox_types":["Country","PopulatedPlace","PopulatedPlace","Place"],"st":41,"en_mention":41,"ancestor":"","eIdx":1,"st_mention":39,"en":45,"ne_type":"LOCATION","keyword":"[미국]","e_type":"WIKILINK"},{"kbox_types":["Region","PopulatedPlace","AdministrativeRegion","Place","AdministrativeRegion"],"st":46,"en_mention":49,"ancestor":"","eIdx":2,"st_mention":42,"en":55,"ne_type":"LOCATION","keyword":"[노스다코타_주]","e_type":"WIKILINK"},{"kbox_types":["PopulatedPlace","Place","Settlement","PopulatedPlace","City"],"st":56,"en_mention":56,"ancestor":"","eIdx":3,"st_mention":50,"en":64,"ne_type":"LOCATION","keyword":"[그랜드포크스]","e_type":"WIKILINK"},{"kbox_types":["NULL"],"st":70,"en_mention":68,"ancestor":"","eIdx":4,"st_mention":62,"en":78,"ne_type":"ETC","keyword":"[공립_대학교]","e_type":"WIKILINK"},{"kbox_types":["Region","PopulatedPlace","AdministrativeRegion","Place","AdministrativeRegion"],"st":82,"en_mention":79,"ancestor":"","eIdx":5,"st_mention":72,"en":91,"ne_type":"LOCATION","keyword":"[노스다코타_주]","e_type":"WIKILINK"},{"kbox_types":["Year","TimePeriod"],"st":106,"en_mention":99,"ancestor":"-2","eIdx":6,"st_mention":94,"en":113,"ne_type":"TIME","keyword":"[1883년]","e_type":"NEW"},{"kbox_types":["NULL"],"st":114,"en_mention":106,"ancestor":"-2","eIdx":7,"st_mention":100,"en":122,"ne_type":"LOCATION","keyword":"[그랜드 폭스]","e_type":"NEW"},{"kbox_types":["NULL"],"st":130,"en_mention":119,"ancestor":"-2","eIdx":8,"st_mention":114,"en":137,"ne_type":"PERSON","keyword":"[조지 월시]","e_type":"NEW"},{"kbox_types":["Year","TimePeriod"],"st":147,"en_mention":134,"ancestor":"-2","eIdx":9,"st_mention":129,"en":154,"ne_type":"TIME","keyword":"[1884년]","e_type":"NEW"},{"kbox_types":["NULL"],"st":155,"en_mention":137,"ancestor":"-2","eIdx":10,"st_mention":135,"en":159,"ne_type":"TIME","keyword":"[9월]","e_type":"NEW"},{"kbox_types":["Region","PopulatedPlace","AdministrativeRegion","Place","AdministrativeRegion"],"st":176,"en_mention":161,"ancestor":"","eIdx":11,"st_mention":154,"en":185,"ne_type":"LOCATION","keyword":"[노스다코타_주]","e_type":"WIKILINK"},{"kbox_types":["NULL"],"st":213,"en_mention":197,"ancestor":"1-0","eIdx":12,"st_mention":189,"en":223,"ne_type":"ORGANIZATION","keyword":"[노스다코타 대학]","e_type":"NEW"},{"kbox_types":["Country","PopulatedPlace","PopulatedPlace","Place"],"st":225,"en_mention":201,"ancestor":"1-1","eIdx":13,"st_mention":199,"en":229,"ne_type":"ORGANIZATION","keyword":"[미국]","e_type":"NEW"},{"kbox_types":["NULL"],"st":234,"en_mention":230,"ancestor":"-2","eIdx":14,"st_mention":206,"en":260,"ne_type":"ORGANIZATION","keyword":"[U.S. News & World Report]","e_type":"NEW"},{"kbox_types":["Country","PopulatedPlace","PopulatedPlace","Place"],"st":262,"en_mention":234,"ancestor":"1-1","eIdx":15,"st_mention":232,"en":266,"ne_type":"ORGANIZATION","keyword":"[미국]","e_type":"NEW"},{"kbox_types":["Region","PopulatedPlace","AdministrativeRegion","Place","AdministrativeRegion"],"st":281,"en_mention":256,"ancestor":"","eIdx":16,"st_mention":249,"en":290,"ne_type":"LOCATION","keyword":"<노스다코타_주>","e_type":"ELU"},{"kbox_types":["Region","PopulatedPlace","AdministrativeRegion","Place","AdministrativeRegion"],"st":292,"en_mention":266,"ancestor":"","eIdx":17,"st_mention":258,"en":302,"ne_type":"LOCATION","keyword":"<사우스다코타_주>","e_type":"ELU"},{"kbox_types":["Region","PopulatedPlace","AdministrativeRegion","Place","AdministrativeRegion"],"st":304,"en_mention":273,"ancestor":"-2","eIdx":18,"st_mention":268,"en":311,"ne_type":"LOCATION","keyword":"[몬태나 주]","e_type":"NEW"},{"kbox_types":["NULL"],"st":336,"en_mention":306,"ancestor":"1-0","eIdx":19,"st_mention":298,"en":346,"ne_type":"ORGANIZATION","keyword":"[노스다코타 대학]","e_type":"NEW"},{"kbox_types":["NULL"],"st":377,"en_mention":381,"ancestor":"-2","eIdx":20,"st_mention":337,"en":423,"ne_type":"ORGANIZATION","keyword":"[John D. Odegard School of Aerospace Sciences]","e_type":"NEW"},{"kbox_types":["University","Agent","EducationalInstitution","Organisation"],"st":440,"en_mention":407,"ancestor":"1-0","eIdx":21,"st_mention":398,"en":451,"ne_type":"ORGANIZATION","keyword":"[노스다코타 대학교]","e_type":"NEW"},{"kbox_types":["Region","PopulatedPlace","AdministrativeRegion","Place","AdministrativeRegion"],"st":486,"en_mention":449,"ancestor":"","eIdx":22,"st_mention":442,"en":495,"ne_type":"LOCATION","keyword":"[노스다코타_주]","e_type":"WIKILINK"}],"wikiPageId":857493,"pIdx":1,"plainText":"노스다코타 대학교(University of North Dakota)는 미국 노스다코타 주 그랜드포크스에 위치한 공립 대학교이다. 노스다코타 주가 주로써 인정받기도 전인 1883년 그랜드 폭스 출신 언론인 조지 월시가 개교하였으며, 1884년 9월에 첫 수업을 시작했다. 현재 노스다코타 주에서 가장 역사가 길고 규모가 제일 큰 학교이다. 노스다코타 대학은 미국의 잡지 U.S. News & World Report의 미국의 100대 공립 대학교에 노스다코타 주, 사우스다코타 주, 몬태나 주의 공립대학 중에서 유일무이하게 선정되었다. 노스다코타 대학에는 220여 학과가 개설되어 있는데, 특히 항공학과인 John D. Odegard School of Aerospace Sciences 는 가장 많이 알려져 있다. 노스다코타 대학교의 항공학과는 무인항공학시스템 학과를 최초로 개설하였다. 또한 노스다코타 주에서 유일하게 의과대학이 있는 학교이다. 현재 15,250명의 학생이 재학 중이다.","mentionTagged":"[노스다코타 대학교](University of North Dakota)는 [미국] [노스다코타 주] [그랜드포크스]에 위치한 [공립 대학교]이다. [노스다코타 주]가 주로써 인정받기도 전인 [1883년] [그랜드 폭스] 출신 언론인 [조지 월시]가 개교하였으며, [1884년] [9월]에 첫 수업을 시작했다. 현재 [노스다코타 주]에서 가장 역사가 길고 규모가 제일 큰 학교이다. [노스다코타 대학]은 [미국]의 잡지 [U.S. News & World Report]의 [미국]의 100대 공립 대학교에 [노스다코타 주], [사우스다코타 주], [몬태나 주]의 공립대학 중에서 유일무이하게 선정되었다. [노스다코타 대학]에는 220여 학과가 개설되어 있는데, 특히 항공학과인 [John D. Odegard School of Aerospace Sciences] 는 가장 많이 알려져 있다. [노스다코타 대학교]의 항공학과는 무인항공학시스템 학과를 최초로 개설하였다. 또한 [노스다코타 주]에서 유일하게 의과대학이 있는 학교이다. 현재 15,250명의 학생이 재학 중이다."}