{"entityTagged":"[753년] 아버지 [피핀_3세]에 의해 [교황_스테파노_2세]로부터 축성을 받았고, [768년] [9월] [피핀_3세]가 사망하자, 왕국의 서부인 [부르군드]와 [네우스트리아], [아키텐], [알레만니아]를 상속받고 그해 [10월_9일] [수아송]에서 즉위하였다. <카를로만_(궁재)>은 자신의 형 [카롤루스_대제]와 서로 갈등했고, 어머니 [랑의_베르트라다]가 나서서 중재했지만 실패했다. [771년] [12월] [엔_주]의 [사모우시]에 있는 자신의 별궁에서 갑자기 사망하였다. 시신은 [랭스]의 [성_레미_수도원]에 안치되었다가 [13세기] 경 [생드니_수도원] 바실리카로 이장되었다. 그러나 [1793년] [프랑스_대혁명] 당시 혁명군이 그의 석관을 파괴하려 했을 때는 이미 빈 관이었다.","globalSId":[2155180,2155181,2155182,2155183,2155184],"entities":[{"kbox_types":["Year","TimePeriod"],"st":0,"en_mention":4,"ancestor":"","eIdx":0,"st_mention":0,"en":6,"ne_type":"TIME","keyword":"[753년]","e_type":"WIKILINK"},{"kbox_types":["Royalty","BritishRoyalty","Agent","Person"],"st":11,"en_mention":14,"ancestor":"","eIdx":1,"st_mention":9,"en":18,"ne_type":"PERSON","keyword":"[피핀_3세]","e_type":"WIKILINK"},{"kbox_types":["Cleric","Agent","Person","ChristianBishop","Pope"],"st":23,"en_mention":29,"ancestor":"","eIdx":2,"st_mention":19,"en":35,"ne_type":"PERSON","keyword":"[교황_스테파노_2세]","e_type":"WIKILINK"},{"kbox_types":["Year","TimePeriod"],"st":48,"en_mention":46,"ancestor":"","eIdx":3,"st_mention":42,"en":54,"ne_type":"TIME","keyword":"[768년]","e_type":"WIKILINK"},{"kbox_types":["NULL"],"st":55,"en_mention":49,"ancestor":"","eIdx":4,"st_mention":47,"en":59,"ne_type":"TIME","keyword":"[9월]","e_type":"WIKILINK"},{"kbox_types":["Royalty","BritishRoyalty","Agent","Person"],"st":60,"en_mention":55,"ancestor":"","eIdx":5,"st_mention":50,"en":67,"ne_type":"PERSON","keyword":"[피핀_3세]","e_type":"WIKILINK"},{"kbox_types":["NULL"],"st":83,"en_mention":75,"ancestor":"","eIdx":6,"st_mention":71,"en":89,"ne_type":"ETC","keyword":"[부르군드]","e_type":"WIKILINK"},{"kbox_types":["NULL"],"st":91,"en_mention":83,"ancestor":"","eIdx":7,"st_mention":77,"en":99,"ne_type":"ETC","keyword":"[네우스트리아]","e_type":"WIKILINK"},{"kbox_types":["Region","PopulatedPlace","AdministrativeRegion","Place","Settlement","AdministrativeRegion"],"st":101,"en_mention":88,"ancestor":"","eIdx":8,"st_mention":85,"en":106,"ne_type":"LOCATION","keyword":"[아키텐]","e_type":"WIKILINK"},{"kbox_types":["NULL"],"st":108,"en_mention":95,"ancestor":"","eIdx":9,"st_mention":90,"en":115,"ne_type":"ETC","keyword":"[알레만니아]","e_type":"WIKILINK"},{"kbox_types":["NULL"],"st":125,"en_mention":111,"ancestor":"","eIdx":10,"st_mention":105,"en":133,"ne_type":"TIME","keyword":"[10월_9일]","e_type":"WIKILINK"},{"kbox_types":["PopulatedPlace","Settlement","PopulatedPlace","Place"],"st":134,"en_mention":115,"ancestor":"","eIdx":11,"st_mention":112,"en":139,"ne_type":"LOCATION","keyword":"[수아송]","e_type":"WIKILINK"},{"kbox_types":["Agent","Person"],"st":149,"en_mention":129,"ancestor":"","eIdx":12,"st_mention":125,"en":160,"ne_type":"PERSON","keyword":"<카를로만_(궁재)>","e_type":"ELU"},{"kbox_types":["Royalty","Monarch","BritishRoyalty","Agent","Person"],"st":168,"en_mention":144,"ancestor":"","eIdx":13,"st_mention":137,"en":177,"ne_type":"PERSON","keyword":"[카롤루스_대제]","e_type":"WIKILINK"},{"kbox_types":["Agent","Person","Noble"],"st":192,"en_mention":167,"ancestor":"","eIdx":14,"st_mention":159,"en":202,"ne_type":"PERSON","keyword":"[랑의_베르트라다]","e_type":"WIKILINK"},{"kbox_types":["Year","TimePeriod"],"st":220,"en_mention":189,"ancestor":"","eIdx":15,"st_mention":185,"en":226,"ne_type":"TIME","keyword":"[771년]","e_type":"WIKILINK"},{"kbox_types":["NULL"],"st":227,"en_mention":193,"ancestor":"","eIdx":16,"st_mention":190,"en":232,"ne_type":"TIME","keyword":"[12월]","e_type":"WIKILINK"},{"kbox_types":["PopulatedPlace","Settlement","PopulatedPlace","Place"],"st":233,"en_mention":195,"ancestor":"","eIdx":17,"st_mention":194,"en":238,"ne_type":"LOCATION","keyword":"[엔_주]","e_type":"WIKILINK"},{"kbox_types":["NULL"],"st":240,"en_mention":201,"ancestor":"","eIdx":18,"st_mention":197,"en":246,"ne_type":"ETC","keyword":"[사모우시]","e_type":"WIKILINK"},{"kbox_types":["PopulatedPlace","Settlement","PopulatedPlace","Place"],"st":275,"en_mention":232,"ancestor":"","eIdx":19,"st_mention":230,"en":279,"ne_type":"LOCATION","keyword":"[랭스]","e_type":"WIKILINK"},{"kbox_types":["NULL"],"st":281,"en_mention":242,"ancestor":"","eIdx":20,"st_mention":234,"en":291,"ne_type":"ETC","keyword":"[성_레미_수도원]","e_type":"WIKILINK"},{"kbox_types":["NULL"],"st":300,"en_mention":255,"ancestor":"-2","eIdx":21,"st_mention":251,"en":306,"ne_type":"TIME","keyword":"[13세기]","e_type":"NEW"},{"kbox_types":["NULL"],"st":309,"en_mention":265,"ancestor":"","eIdx":22,"st_mention":258,"en":318,"ne_type":"ETC","keyword":"[생드니_수도원]","e_type":"WIKILINK"},{"kbox_types":["Year","TimePeriod"],"st":336,"en_mention":288,"ancestor":"","eIdx":23,"st_mention":283,"en":343,"ne_type":"TIME","keyword":"[1793년]","e_type":"WIKILINK"},{"kbox_types":["NULL"],"st":344,"en_mention":296,"ancestor":"","eIdx":24,"st_mention":289,"en":353,"ne_type":"ETC","keyword":"[프랑스_대혁명]","e_type":"WIKILINK"}],"wikiPageId":489160,"pIdx":2,"plainText":"753년 아버지 피핀 3세에 의해 교황 스테파노 2세로부터 축성을 받았고, 768년 9월 피핀 3세가 사망하자, 왕국의 서부인 부르군드와 네우스트리아, 아키텐, 알레만니아를 상속받고 그해 10월 9일 수아송에서 즉위하였다. 카를로만은 자신의 형 카롤루스 대제와 서로 갈등했고, 어머니 랑의 베르트라다가 나서서 중재했지만 실패했다. 771년 12월 엔의 사모우시에 있는 자신의 별궁에서 갑자기 사망하였다. 시신은 랭스의 성 레미 수도원에 안치되었다가 13세기 경 생드니 수도원 바실리카로 이장되었다. 그러나 1793년 프랑스 대혁명 당시 혁명군이 그의 석관을 파괴하려 했을 때는 이미 빈 관이었다.","mentionTagged":"[753년] 아버지 [피핀 3세]에 의해 [교황 스테파노 2세]로부터 축성을 받았고, [768년] [9월] [피핀 3세]가 사망하자, 왕국의 서부인 [부르군드]와 [네우스트리아], [아키텐], [알레만니아]를 상속받고 그해 [10월 9일] [수아송]에서 즉위하였다. [카를로만]은 자신의 형 [카롤루스 대제]와 서로 갈등했고, 어머니 [랑의 베르트라다]가 나서서 중재했지만 실패했다. [771년] [12월] [엔]의 [사모우시]에 있는 자신의 별궁에서 갑자기 사망하였다. 시신은 [랭스]의 [성 레미 수도원]에 안치되었다가 [13세기] 경 [생드니 수도원] 바실리카로 이장되었다. 그러나 [1793년] [프랑스 대혁명] 당시 혁명군이 그의 석관을 파괴하려 했을 때는 이미 빈 관이었다."}