{"entityTagged":"태풍의 진행. [2008년] [9월_23일] [야프_섬] 북동쪽 해상에서 열대저기압이 발생하여 다음날인 [9월 24일] 오후 9시에 [필리핀] [마닐라] 동쪽 약 1690 km 부근 해상에서 <태풍_장미_(2008년)>가 되었고, [9월 25일] 오전 9시에 [일본 기상청(JMA)]은 [태풍 장미]의 등급을 강한 열대폭풍(STS)으로 상향 조정하였다. [9월 26일] 오전 3시에 태풍(TY)으로 상향 조정하였고, [미국_합동태풍경보센터](JTWC)도 [태풍 장미]의 1분 최대풍속이 90 [노트_(속력)] (165 km\/h)에 도달하여 2등급 태풍으로 상향 조정하였다. 그리고 같은날 ([9월 26일]) 오후에 [일본 기상청]은 [태풍 장미]의 강도를 맹렬한 태풍으로 상향 조정하였다. [9월 27일] [합동태풍경보센터]는 [태풍 장미]의 1분 최대풍속이 135 kt (250 km\/h)에 도달하여 등급을 4등급 [슈퍼태풍]으로 상향 조정하였고, 같은날 오후에 1분 최대풍속이 140 kt (260 km\/h)에 도달하여 5등급 [슈퍼태풍]이 되었으며, 이때가 바로 <태풍_장미_(2008년)>가 최대로 발달했을 때였다. 당초 [일본 기상청]의 속보해석에서 <태풍_장미_(2008년)>의 최성기 때의 중심기압은 910 hPa로 해석되었으나, 사후해석으로 <태풍_장미_(2008년)>의 최성기는 중심기압 905 hPa, 최대풍속 115 kt (약 60 m\/s)로 발달한 [9월 27일] 오후 9시부터 [9월 28일] 오전 3시로 해석되었다. 그 후 [타이완_섬]에 점차 가까워 지면서 약화되기 시작하였고, [9월 28일] <태풍_장미_(2008년)>는 4등급 태풍으로 약화된채 [타이완] 동부 해안에 위치한 [이란_현_(타이완_성)]에 상륙하였다. <타이완>을 통과한 후 [타이완 섬] 북쪽 해안으로 빠져나온 [태풍 장미]는 [9월 29일] 오전 9시에 소형의 강한 열대폭풍(STS)으로 약화되었고, <편서풍>의 영향으로 진로가 북동쪽으로 바뀌기 시작하였고, 오후 9시에 소형의 열대폭풍(TS)로 더욱 약화되었다. [태풍 장미]는 열대폭풍 상태로 [일본] 남해상을 향하여 동쪽으로 진행하였고, [10월_1일] [오후 12시]에 일본 [가고시마_현] 남동쪽 약 200 km 부근 해상에서 온대저기압으로 변질되었다.([일본_기상청] [RSMC]에서는 [10월_1일] 오전 9시에 온대저기압으로 변질.).","globalSId":[1449481,1449482,1449483,1449484,1449485,1449486,1449487,1449488,1449489],"entities":[{"kbox_types":["Year","MusicalWork","TimePeriod","Work","Album"],"st":8,"en_mention":12,"ancestor":"-2","eIdx":0,"st_mention":7,"en":15,"ne_type":"TIME","keyword":"[2008년]","e_type":"NEW"},{"kbox_types":["NULL"],"st":16,"en_mention":19,"ancestor":"","eIdx":1,"st_mention":13,"en":24,"ne_type":"TIME","keyword":"[9월_23일]","e_type":"WIKILINK"},{"kbox_types":["PopulatedPlace","Settlement","Island","PopulatedPlace","Place"],"st":25,"en_mention":24,"ancestor":"","eIdx":2,"st_mention":20,"en":31,"ne_type":"LOCATION","keyword":"[야프_섬]","e_type":"WIKILINK"},{"kbox_types":["NULL"],"st":58,"en_mention":57,"ancestor":"-2","eIdx":3,"st_mention":51,"en":66,"ne_type":"TIME","keyword":"[9월 24일]","e_type":"NEW"},{"kbox_types":["Country","PopulatedPlace","Settlement","PopulatedPlace","Place"],"st":74,"en_mention":68,"ancestor":"-2","eIdx":4,"st_mention":65,"en":79,"ne_type":"LOCATION","keyword":"[필리핀]","e_type":"NEW"},{"kbox_types":["PopulatedPlace","Place","Settlement","PopulatedPlace","City"],"st":80,"en_mention":72,"ancestor":"-2","eIdx":5,"st_mention":69,"en":85,"ne_type":"LOCATION","keyword":"[마닐라]","e_type":"NEW"},{"kbox_types":["NULL"],"st":107,"en_mention":99,"ancestor":"","eIdx":6,"st_mention":94,"en":122,"ne_type":"ETC","keyword":"<태풍_장미_(2008년)>","e_type":"ELU"},{"kbox_types":["NULL"],"st":129,"en_mention":112,"ancestor":"-2","eIdx":7,"st_mention":106,"en":137,"ne_type":"TIME","keyword":"[9월 25일]","e_type":"NEW"},{"kbox_types":["NULL"],"st":145,"en_mention":131,"ancestor":"-2","eIdx":8,"st_mention":120,"en":158,"ne_type":"ORGANIZATION","keyword":"[일본 기상청(JMA)]","e_type":"NEW"},{"kbox_types":["NULL"],"st":160,"en_mention":138,"ancestor":"2-6","eIdx":9,"st_mention":133,"en":167,"ne_type":"ETC","keyword":"[태풍 장미]","e_type":"NEW"},{"kbox_types":["NULL"],"st":198,"en_mention":175,"ancestor":"-2","eIdx":10,"st_mention":169,"en":206,"ne_type":"TIME","keyword":"[9월 26일]","e_type":"NEW"},{"kbox_types":["Agent","GovernmentAgency","Organisation"],"st":233,"en_mention":213,"ancestor":"","eIdx":11,"st_mention":202,"en":246,"ne_type":"ORGANIZATION","keyword":"[미국_합동태풍경보센터]","e_type":"WIKILINK"},{"kbox_types":["NULL"],"st":254,"en_mention":226,"ancestor":"2-9","eIdx":12,"st_mention":221,"en":261,"ne_type":"ETC","keyword":"[태풍 장미]","e_type":"NEW"},{"kbox_types":["NULL"],"st":275,"en_mention":242,"ancestor":"","eIdx":13,"st_mention":240,"en":284,"ne_type":"ETC","keyword":"[노트_(속력)]","e_type":"WIKILINK"},{"kbox_types":["NULL"],"st":330,"en_mention":294,"ancestor":"2-10","eIdx":14,"st_mention":288,"en":338,"ne_type":"TIME","keyword":"[9월 26일]","e_type":"NEW"},{"kbox_types":["Agent","GovernmentAgency","Organisation"],"st":344,"en_mention":306,"ancestor":"2-8","eIdx":15,"st_mention":300,"en":352,"ne_type":"ORGANIZATION","keyword":"[일본 기상청]","e_type":"NEW"},{"kbox_types":["NULL"],"st":354,"en_mention":313,"ancestor":"2-12","eIdx":16,"st_mention":308,"en":361,"ne_type":"ETC","keyword":"[태풍 장미]","e_type":"NEW"},{"kbox_types":["NULL"],"st":386,"en_mention":344,"ancestor":"-2","eIdx":17,"st_mention":338,"en":394,"ne_type":"TIME","keyword":"[9월 27일]","e_type":"NEW"},{"kbox_types":["NULL"],"st":395,"en_mention":353,"ancestor":"2-11","eIdx":18,"st_mention":345,"en":405,"ne_type":"ORGANIZATION","keyword":"[합동태풍경보센터]","e_type":"NEW"},{"kbox_types":["NULL"],"st":407,"en_mention":360,"ancestor":"2-16","eIdx":19,"st_mention":355,"en":414,"ne_type":"ETC","keyword":"[태풍 장미]","e_type":"NEW"},{"kbox_types":["NULL"],"st":457,"en_mention":407,"ancestor":"-2","eIdx":20,"st_mention":403,"en":463,"ne_type":"ETC","keyword":"[슈퍼태풍]","e_type":"NEW"},{"kbox_types":["NULL"],"st":521,"en_mention":469,"ancestor":"2-20","eIdx":21,"st_mention":465,"en":527,"ne_type":"ETC","keyword":"[슈퍼태풍]","e_type":"NEW"},{"kbox_types":["NULL"],"st":542,"en_mention":489,"ancestor":"","eIdx":22,"st_mention":484,"en":557,"ne_type":"ETC","keyword":"<태풍_장미_(2008년)>","e_type":"ELU"},{"kbox_types":["Agent","GovernmentAgency","Organisation"],"st":576,"en_mention":514,"ancestor":"2-15","eIdx":23,"st_mention":508,"en":584,"ne_type":"LOCATION","keyword":"[일본 기상청]","e_type":"NEW"},{"kbox_types":["NULL"],"st":593,"en_mention":528,"ancestor":"","eIdx":24,"st_mention":523,"en":608,"ne_type":"ETC","keyword":"<태풍_장미_(2008년)>","e_type":"ELU"},{"kbox_types":["NULL"],"st":647,"en_mention":572,"ancestor":"","eIdx":25,"st_mention":567,"en":662,"ne_type":"ETC","keyword":"<태풍_장미_(2008년)>","e_type":"ELU"},{"kbox_types":["NULL"],"st":711,"en_mention":627,"ancestor":"2-17","eIdx":26,"st_mention":621,"en":719,"ne_type":"TIME","keyword":"[9월 27일]","e_type":"NEW"},{"kbox_types":["NULL"],"st":728,"en_mention":642,"ancestor":"-2","eIdx":27,"st_mention":636,"en":736,"ne_type":"TIME","keyword":"[9월 28일]","e_type":"NEW"},{"kbox_types":["NULL"],"st":755,"en_mention":666,"ancestor":"","eIdx":28,"st_mention":661,"en":762,"ne_type":"ETC","keyword":"[타이완_섬]","e_type":"WIKILINK"},{"kbox_types":["NULL"],"st":787,"en_mention":697,"ancestor":"2-27","eIdx":29,"st_mention":691,"en":795,"ne_type":"TIME","keyword":"[9월 28일]","e_type":"NEW"},{"kbox_types":["NULL"],"st":796,"en_mention":703,"ancestor":"","eIdx":30,"st_mention":698,"en":811,"ne_type":"ETC","keyword":"<태풍_장미_(2008년)>","e_type":"ELU"},{"kbox_types":["PopulatedPlace","Island","Settlement","PopulatedPlace","Place"],"st":827,"en_mention":722,"ancestor":"","eIdx":31,"st_mention":719,"en":832,"ne_type":"LOCATION","keyword":"[타이완]","e_type":"WIKILINK"},{"kbox_types":["PopulatedPlace","Settlement","PopulatedPlace","Place"],"st":844,"en_mention":738,"ancestor":"","eIdx":32,"st_mention":734,"en":858,"ne_type":"LOCATION","keyword":"[이란_현_(타이완_성)]","e_type":"WIKILINK"},{"kbox_types":["PopulatedPlace","Island","Settlement","PopulatedPlace","Place"],"st":867,"en_mention":752,"ancestor":"","eIdx":33,"st_mention":747,"en":872,"ne_type":"LOCATION","keyword":"<타이완>","e_type":"ELU"},{"kbox_types":["NULL"],"st":880,"en_mention":765,"ancestor":"2-28","eIdx":34,"st_mention":760,"en":887,"ne_type":"LOCATION","keyword":"[타이완 섬]","e_type":"NEW"},{"kbox_types":["NULL"],"st":901,"en_mention":784,"ancestor":"2-25","eIdx":35,"st_mention":779,"en":908,"ne_type":"ETC","keyword":"[태풍 장미]","e_type":"NEW"},{"kbox_types":["NULL"],"st":910,"en_mention":792,"ancestor":"-2","eIdx":36,"st_mention":786,"en":918,"ne_type":"TIME","keyword":"[9월 29일]","e_type":"NEW"},{"kbox_types":["NULL"],"st":952,"en_mention":829,"ancestor":"","eIdx":37,"st_mention":826,"en":957,"ne_type":"ETC","keyword":"<편서풍>","e_type":"ELU"},{"kbox_types":["NULL"],"st":1016,"en_mention":893,"ancestor":"2-35","eIdx":38,"st_mention":888,"en":1023,"ne_type":"ETC","keyword":"[태풍 장미]","e_type":"NEW"},{"kbox_types":["Country","PopulatedPlace","PopulatedPlace","Place"],"st":1034,"en_mention":906,"ancestor":"","eIdx":39,"st_mention":904,"en":1038,"ne_type":"LOCATION","keyword":"[일본]","e_type":"WIKILINK"},{"kbox_types":["NULL"],"st":1060,"en_mention":934,"ancestor":"","eIdx":40,"st_mention":928,"en":1068,"ne_type":"TIME","keyword":"[10월_1일]","e_type":"WIKILINK"},{"kbox_types":["NULL"],"st":1069,"en_mention":941,"ancestor":"-2","eIdx":41,"st_mention":935,"en":1077,"ne_type":"TIME","keyword":"[오후 12시]","e_type":"NEW"},{"kbox_types":["Region","PopulatedPlace","AdministrativeRegion","Place","AdministrativeRegion"],"st":1082,"en_mention":950,"ancestor":"","eIdx":42,"st_mention":946,"en":1090,"ne_type":"LOCATION","keyword":"[가고시마_현]","e_type":"WIKILINK"},{"kbox_types":["Agent","GovernmentAgency","Organisation"],"st":1127,"en_mention":993,"ancestor":"","eIdx":43,"st_mention":987,"en":1135,"ne_type":"ORGANIZATION","keyword":"[일본_기상청]","e_type":"WIKILINK"},{"kbox_types":["NULL"],"st":1136,"en_mention":998,"ancestor":"","eIdx":44,"st_mention":994,"en":1142,"ne_type":"ETC","keyword":"[RSMC]","e_type":"WIKILINK"},{"kbox_types":["NULL"],"st":1146,"en_mention":1008,"ancestor":"","eIdx":45,"st_mention":1002,"en":1154,"ne_type":"TIME","keyword":"[10월_1일]","e_type":"WIKILINK"}],"wikiPageId":256168,"pIdx":2,"plainText":"태풍의 진행 2008년 9월 23일 야프 섬 북동쪽 해상에서 열대저기압이 발생하여 다음날인 9월 24일 오후 9시에 필리핀 마닐라 동쪽 약 1690 km 부근 해상에서 태풍 장미가 되었고, 9월 25일 오전 9시에 일본 기상청(JMA)은 태풍 장미의 등급을 강한 열대폭풍(STS)으로 상향 조정하였다. 9월 26일 오전 3시에 태풍(TY)으로 상향 조정하였고, 미국 합동태풍경보센터(JTWC)도 태풍 장미의 1분 최대풍속이 90 kt (165 km\/h)에 도달하여 2등급 태풍으로 상향 조정하였다. 그리고 같은날 (9월 26일) 오후에 일본 기상청은 태풍 장미의 강도를 맹렬한 태풍으로 상향 조정하였다. 9월 27일 합동태풍경보센터는 태풍 장미의 1분 최대풍속이 135 kt (250 km\/h)에 도달하여 등급을 4등급 슈퍼태풍으로 상향 조정하였고, 같은날 오후에 1분 최대풍속이 140 kt (260 km\/h)에 도달하여 5등급 슈퍼태풍이 되었으며, 이때가 바로 태풍 장미가 최대로 발달했을 때였다. 당초 일본 기상청의 속보해석에서 태풍 장미의 최성기 때의 중심기압은 910 hPa로 해석되었으나, 사후해석으로 태풍 장미의 최성기는 중심기압 905 hPa, 최대풍속 115 kt (약 60 m\/s)로 발달한 9월 27일 오후 9시부터 9월 28일 오전 3시로 해석되었다. 그 후 타이완 섬에 점차 가까워 지면서 약화되기 시작하였고, 9월 28일 태풍 장미는 4등급 태풍으로 약화된채 타이완 동부 해안에 위치한 이란 현에 상륙하였다. 타이완 섬을 통과한 후 타이완 섬 북쪽 해안으로 빠져나온 태풍 장미는 9월 29일 오전 9시에 소형의 강한 열대폭풍(STS)으로 약화되었고, 편서풍의 영향으로 진로가 북동쪽으로 바뀌기 시작하였고, 오후 9시에 소형의 열대폭풍(TS)로 더욱 약화되었다. 태풍 장미는 열대폭풍 상태로 일본 남해상을 향하여 동쪽으로 진행하였고, 10월 1일 오후 12시에 일본 가고시마 남동쪽 약 200 km 부근 해상에서 온대저기압으로 변질되었다.(일본 기상청 RSMC에서는 10월 1일 오전 9시에 온대저기압으로 변질.).","mentionTagged":"태풍의 진행 [2008년] [9월 23일] [야프 섬] 북동쪽 해상에서 열대저기압이 발생하여 다음날인 [9월 24일] 오후 9시에 [필리핀] [마닐라] 동쪽 약 1690 km 부근 해상에서 [태풍 장미]가 되었고, [9월 25일] 오전 9시에 [일본 기상청(JMA)]은 [태풍 장미]의 등급을 강한 열대폭풍(STS)으로 상향 조정하였다. [9월 26일] 오전 3시에 태풍(TY)으로 상향 조정하였고, [미국 합동태풍경보센터](JTWC)도 [태풍 장미]의 1분 최대풍속이 90 [kt] (165 km\/h)에 도달하여 2등급 태풍으로 상향 조정하였다. 그리고 같은날 ([9월 26일]) 오후에 [일본 기상청]은 [태풍 장미]의 강도를 맹렬한 태풍으로 상향 조정하였다. [9월 27일] [합동태풍경보센터]는 [태풍 장미]의 1분 최대풍속이 135 kt (250 km\/h)에 도달하여 등급을 4등급 [슈퍼태풍]으로 상향 조정하였고, 같은날 오후에 1분 최대풍속이 140 kt (260 km\/h)에 도달하여 5등급 [슈퍼태풍]이 되었으며, 이때가 바로 [태풍 장미]가 최대로 발달했을 때였다. 당초 [일본 기상청]의 속보해석에서 [태풍 장미]의 최성기 때의 중심기압은 910 hPa로 해석되었으나, 사후해석으로 [태풍 장미]의 최성기는 중심기압 905 hPa, 최대풍속 115 kt (약 60 m\/s)로 발달한 [9월 27일] 오후 9시부터 [9월 28일] 오전 3시로 해석되었다. 그 후 [타이완 섬]에 점차 가까워 지면서 약화되기 시작하였고, [9월 28일] [태풍 장미]는 4등급 태풍으로 약화된채 [타이완] 동부 해안에 위치한 [이란 현]에 상륙하였다. [타이완 섬]을 통과한 후 [타이완 섬] 북쪽 해안으로 빠져나온 [태풍 장미]는 [9월 29일] 오전 9시에 소형의 강한 열대폭풍(STS)으로 약화되었고, [편서풍]의 영향으로 진로가 북동쪽으로 바뀌기 시작하였고, 오후 9시에 소형의 열대폭풍(TS)로 더욱 약화되었다. [태풍 장미]는 열대폭풍 상태로 [일본] 남해상을 향하여 동쪽으로 진행하였고, [10월 1일] [오후 12시]에 일본 [가고시마] 남동쪽 약 200 km 부근 해상에서 온대저기압으로 변질되었다.([일본 기상청] [RSMC]에서는 [10월 1일] 오전 9시에 온대저기압으로 변질.)."}