{"entityTagged":"[이고리 페트로비치 셈쇼프](, [1978년] [4월_6일], [모스크바] ~ )는 [러시아]의 전 축구 선수로, 현재 [러시아_프리미어리그]의 [FC_아르세날_툴라]의 코치이다.","globalSId":[2061693],"entities":[{"kbox_types":["NULL"],"st":0,"en_mention":13,"ancestor":"-2","eIdx":0,"st_mention":0,"en":15,"ne_type":"PERSON","keyword":"[이고리 페트로비치 셈쇼프]","e_type":"NEW"},{"kbox_types":["Year","TimePeriod"],"st":18,"en_mention":21,"ancestor":"","eIdx":1,"st_mention":16,"en":25,"ne_type":"TIME","keyword":"[1978년]","e_type":"WIKILINK"},{"kbox_types":["NULL"],"st":26,"en_mention":27,"ancestor":"","eIdx":2,"st_mention":22,"en":33,"ne_type":"TIME","keyword":"[4월_6일]","e_type":"WIKILINK"},{"kbox_types":["Region","PopulatedPlace","AdministrativeRegion","Place","Settlement","City","AdministrativeRegion"],"st":35,"en_mention":33,"ancestor":"","eIdx":3,"st_mention":29,"en":41,"ne_type":"LOCATION","keyword":"[모스크바]","e_type":"WIKILINK"},{"kbox_types":["Country","PopulatedPlace","PopulatedPlace","Place"],"st":47,"en_mention":42,"ancestor":"","eIdx":4,"st_mention":39,"en":52,"ne_type":"LOCATION","keyword":"[러시아]","e_type":"WIKILINK"},{"kbox_types":["NULL"],"st":67,"en_mention":67,"ancestor":"","eIdx":5,"st_mention":57,"en":79,"ne_type":"ETC","keyword":"[러시아_프리미어리그]","e_type":"WIKILINK"},{"kbox_types":["SoccerClub","Agent","SportsTeam","Organisation"],"st":81,"en_mention":76,"ancestor":"","eIdx":6,"st_mention":69,"en":93,"ne_type":"ORGANIZATION","keyword":"[FC_아르세날_툴라]","e_type":"WIKILINK"}],"wikiPageId":450037,"pIdx":1,"plainText":"이고리 페트로비치 셈쇼프(, 1978년 4월 6일, 모스크바 ~ )는 러시아의 전 축구 선수로, 현재 러시아 프리미어리그의 아르세날 툴라의 코치이다.","pronouns":[],"mentionTagged":"[이고리 페트로비치 셈쇼프](, [1978년] [4월 6일], [모스크바] ~ )는 [러시아]의 전 축구 선수로, 현재 [러시아 프리미어리그]의 [아르세날 툴라]의 코치이다."}