{"entityTagged":"제목인 [헬싱]은 [브램_스토커]의 공포 소설 《[드라큘라]》의 등장인물 [에이브러햄 반 헬싱] 교수로부터 유래한 것으로, [헬싱] 교수의 자손이 주인공 가운데 한 명인 [인테그라]로 설정되어 있다. 덧붙여 <드라큘라>의 [헬싱] 교수의 이름 철자는 \u2018Helsing\u2019로, 작품명 [\u2018HELLSING\u2019]와는 철자가 다르다.","globalSId":[822223,822224],"entities":[{"kbox_types":["WrittenWork","Manga","Work","Comic"],"st":4,"en_mention":6,"ancestor":"1-0","eIdx":0,"st_mention":4,"en":8,"ne_type":"ETC","keyword":"[헬싱]","e_type":"NEW"},{"kbox_types":["Writer","Agent","Person","Artist"],"st":10,"en_mention":14,"ancestor":"","eIdx":1,"st_mention":8,"en":18,"ne_type":"PERSON","keyword":"[브램_스토커]","e_type":"WIKILINK"},{"kbox_types":["WrittenWork","Book","Work"],"st":27,"en_mention":27,"ancestor":"","eIdx":2,"st_mention":23,"en":33,"ne_type":"ETC","keyword":"[드라큘라]","e_type":"WIKILINK"},{"kbox_types":["Agent","Person","FictionalCharacter"],"st":41,"en_mention":45,"ancestor":"3-0","eIdx":3,"st_mention":35,"en":53,"ne_type":"PERSON","keyword":"[에이브러햄 반 헬싱]","e_type":"NEW"},{"kbox_types":["WrittenWork","Manga","Work","Comic"],"st":69,"en_mention":63,"ancestor":"3-3","eIdx":4,"st_mention":61,"en":73,"ne_type":"PERSON","keyword":"[헬싱]","e_type":"NEW"},{"kbox_types":["NULL"],"st":95,"en_mention":89,"ancestor":"-2","eIdx":5,"st_mention":85,"en":101,"ne_type":"PERSON","keyword":"[인테그라]","e_type":"NEW"},{"kbox_types":["WrittenWork","Book","Work"],"st":116,"en_mention":108,"ancestor":"","eIdx":6,"st_mention":104,"en":122,"ne_type":"ETC","keyword":"<드라큘라>","e_type":"ELU"},{"kbox_types":["WrittenWork","Manga","Work","Comic"],"st":124,"en_mention":112,"ancestor":"3-3","eIdx":7,"st_mention":110,"en":128,"ne_type":"PERSON","keyword":"[헬싱]","e_type":"NEW"},{"kbox_types":["NULL"],"st":156,"en_mention":150,"ancestor":"-2","eIdx":8,"st_mention":140,"en":168,"ne_type":"ETC","keyword":"[\u2018HELLSING\u2019]","e_type":"NEW"}],"wikiPageId":111361,"pIdx":3,"plainText":"제목인 헬싱은 브램 스토커의 공포 소설 《드라큘라》의 등장인물 에이브러햄 반 헬싱 교수로부터 유래한 것으로, 헬싱 교수의 자손이 주인공 가운데 한 명인 인테그라로 설정되어 있다. 덧붙여 드라큘라의 헬싱 교수의 이름 철자는 \u2018Helsing\u2019로, 작품명 \u2018HELLSING\u2019와는 철자가 다르다.","mentionTagged":"제목인 [헬싱]은 [브램 스토커]의 공포 소설 《[드라큘라]》의 등장인물 [에이브러햄 반 헬싱] 교수로부터 유래한 것으로, [헬싱] 교수의 자손이 주인공 가운데 한 명인 [인테그라]로 설정되어 있다. 덧붙여 [드라큘라]의 [헬싱] 교수의 이름 철자는 \u2018Helsing\u2019로, 작품명 [\u2018HELLSING\u2019]와는 철자가 다르다."}