{"entityTagged":"[전송림사출토 청동불구 일괄](傳松林寺出土 靑銅佛具 一括)은 [서울특별시] [종로구] [서울역사박물관]에 있는 [통일신라]의 [불교] 공예품이다. [2003년] [9월] [5일] [서울특별시의_유형문화재] 제167호로 지정되었다.","globalSId":[3866458,3866459],"entities":[{"kbox_types":["NULL"],"st":0,"en_mention":14,"ancestor":"-2","eIdx":0,"st_mention":0,"en":16,"ne_type":"ETC","keyword":"[전송림사출토 청동불구 일괄]","e_type":"NEW"},{"kbox_types":["PopulatedPlace","Place","Settlement","PopulatedPlace","City"],"st":34,"en_mention":37,"ancestor":"","eIdx":1,"st_mention":32,"en":41,"ne_type":"LOCATION","keyword":"[서울특별시]","e_type":"WIKILINK"},{"kbox_types":["Agent","PopulatedPlace","Place","Settlement","PopulatedPlace","GovernmentAgency","Organisation"],"st":42,"en_mention":41,"ancestor":"","eIdx":2,"st_mention":38,"en":47,"ne_type":"ORGANIZATION","keyword":"[종로구]","e_type":"WIKILINK"},{"kbox_types":["ArchitecturalStructure","Museum","Place","Building","Place"],"st":48,"en_mention":49,"ancestor":"","eIdx":3,"st_mention":42,"en":57,"ne_type":"LOCATION","keyword":"[서울역사박물관]","e_type":"WIKILINK"},{"kbox_types":["Country","PopulatedPlace","Place"],"st":62,"en_mention":58,"ancestor":"","eIdx":4,"st_mention":54,"en":68,"ne_type":"LOCATION","keyword":"[통일신라]","e_type":"WIKILINK"},{"kbox_types":["NULL"],"st":70,"en_mention":62,"ancestor":"-2","eIdx":5,"st_mention":60,"en":74,"ne_type":"ETC","keyword":"[불교]","e_type":"NEW"},{"kbox_types":["Year","MusicalWork","TimePeriod","Work","Album"],"st":82,"en_mention":75,"ancestor":"-2","eIdx":6,"st_mention":70,"en":89,"ne_type":"TIME","keyword":"[2003년]","e_type":"NEW"},{"kbox_types":["NULL"],"st":90,"en_mention":78,"ancestor":"-2","eIdx":7,"st_mention":76,"en":94,"ne_type":"TIME","keyword":"[9월]","e_type":"NEW"},{"kbox_types":["NULL"],"st":95,"en_mention":81,"ancestor":"-2","eIdx":8,"st_mention":79,"en":99,"ne_type":"TIME","keyword":"[5일]","e_type":"NEW"},{"kbox_types":["NULL"],"st":100,"en_mention":94,"ancestor":"","eIdx":9,"st_mention":82,"en":114,"ne_type":"ETC","keyword":"[서울특별시의_유형문화재]","e_type":"WIKILINK"}],"wikiPageId":1641719,"pIdx":1,"plainText":"전송림사출토 청동불구 일괄(傳松林寺出土 靑銅佛具 一括)은 서울특별시 종로구 서울역사박물관에 있는 통일신라의 불교 공예품이다. 2003년 9월 5일 서울특별시의 유형문화재 제167호로 지정되었다.","mentionTagged":"[전송림사출토 청동불구 일괄](傳松林寺出土 靑銅佛具 一括)은 [서울특별시] [종로구] [서울역사박물관]에 있는 [통일신라]의 [불교] 공예품이다. [2003년] [9월] [5일] [서울특별시의 유형문화재] 제167호로 지정되었다."}