{"entityTagged":"《[삼국사기]》와 《[삼국유사]》에는 [해모수]가 [주몽]의 아버지로 등장하지만, [해모수]는 《[삼국사기]》와 《[삼국유사]》에만 등장하는 인물로써, 정작 [고구려] [광개토왕릉비]에는 [고구려] 건국 이야기 중에 [주몽]은 하늘의 아들(천제지자)이자, [하백]의 외손이라고만 서술되어 있을뿐, [해모수]는 등장하지 않는다. [광개토왕릉비]의 기록이 당대 [고구려]인들에 의해 새겨진 일차사료인 점을 감안하면, <해모수왕>가 실존인물이었는지 사실여부를 명확하게 알 수 없다. [해모수]의 '해'는 태양을 뜻한다. 즉, 천손을 의미한다. 따라서 <해모수왕>는 [고구려]의 천손의식이 <의인화> 된 결과물로 해석해야 한다. 일반적인 견해는 [부여]가 [기원전_2세기]경에 건국 되었으며, 건국자는 [해모수]가 아닌 [동명왕]이라는 것이 정설이다.","globalSId":[144483,144484,144485,144486,144487,144488],"entities":[{"kbox_types":["WrittenWork","Book","Work"],"st":1,"en_mention":5,"ancestor":"","eIdx":0,"st_mention":1,"en":7,"ne_type":"ETC","keyword":"[삼국사기]","e_type":"WIKILINK"},{"kbox_types":["NULL"],"st":11,"en_mention":13,"ancestor":"","eIdx":1,"st_mention":9,"en":17,"ne_type":"ETC","keyword":"[삼국유사]","e_type":"WIKILINK"},{"kbox_types":["NULL"],"st":21,"en_mention":20,"ancestor":"","eIdx":2,"st_mention":17,"en":26,"ne_type":"ETC","keyword":"[해모수]","e_type":"WIKILINK"},{"kbox_types":["NULL"],"st":28,"en_mention":24,"ancestor":"","eIdx":3,"st_mention":22,"en":32,"ne_type":"ETC","keyword":"[주몽]","e_type":"WIKILINK"},{"kbox_types":["NULL"],"st":46,"en_mention":41,"ancestor":"","eIdx":4,"st_mention":38,"en":51,"ne_type":"ETC","keyword":"[해모수]","e_type":"WIKILINK"},{"kbox_types":["WrittenWork","Book","Work"],"st":54,"en_mention":48,"ancestor":"","eIdx":5,"st_mention":44,"en":60,"ne_type":"ETC","keyword":"[삼국사기]","e_type":"WIKILINK"},{"kbox_types":["NULL"],"st":64,"en_mention":56,"ancestor":"","eIdx":6,"st_mention":52,"en":70,"ne_type":"ETC","keyword":"[삼국유사]","e_type":"WIKILINK"},{"kbox_types":["Country","PopulatedPlace","PopulatedPlace","Place"],"st":88,"en_mention":77,"ancestor":"","eIdx":7,"st_mention":74,"en":93,"ne_type":"LOCATION","keyword":"[고구려]","e_type":"WIKILINK"},{"kbox_types":["NULL"],"st":94,"en_mention":84,"ancestor":"","eIdx":8,"st_mention":78,"en":102,"ne_type":"ETC","keyword":"[광개토왕릉비]","e_type":"WIKILINK"},{"kbox_types":["Country","PopulatedPlace","PopulatedPlace","Place"],"st":105,"en_mention":90,"ancestor":"","eIdx":9,"st_mention":87,"en":110,"ne_type":"LOCATION","keyword":"[고구려]","e_type":"WIKILINK"},{"kbox_types":["NULL"],"st":121,"en_mention":103,"ancestor":"","eIdx":10,"st_mention":101,"en":125,"ne_type":"ETC","keyword":"[주몽]","e_type":"WIKILINK"},{"kbox_types":["NULL"],"st":143,"en_mention":123,"ancestor":"","eIdx":11,"st_mention":121,"en":147,"ne_type":"ETC","keyword":"[하백]","e_type":"WIKILINK"},{"kbox_types":["NULL"],"st":166,"en_mention":145,"ancestor":"","eIdx":12,"st_mention":142,"en":171,"ne_type":"ETC","keyword":"[해모수]","e_type":"WIKILINK"},{"kbox_types":["NULL"],"st":183,"en_mention":163,"ancestor":"","eIdx":13,"st_mention":157,"en":191,"ne_type":"ETC","keyword":"[광개토왕릉비]","e_type":"WIKILINK"},{"kbox_types":["Country","PopulatedPlace","PopulatedPlace","Place"],"st":200,"en_mention":175,"ancestor":"","eIdx":14,"st_mention":172,"en":205,"ne_type":"LOCATION","keyword":"[고구려]","e_type":"WIKILINK"},{"kbox_types":["Monarch","Agent","Person"],"st":231,"en_mention":204,"ancestor":"","eIdx":15,"st_mention":201,"en":237,"ne_type":"PERSON","keyword":"<해모수왕>","e_type":"ELU"},{"kbox_types":["NULL"],"st":267,"en_mention":237,"ancestor":"","eIdx":16,"st_mention":234,"en":272,"ne_type":"ETC","keyword":"[해모수]","e_type":"WIKILINK"},{"kbox_types":["Monarch","Agent","Person"],"st":305,"en_mention":273,"ancestor":"","eIdx":17,"st_mention":270,"en":311,"ne_type":"PERSON","keyword":"<해모수왕>","e_type":"ELU"},{"kbox_types":["Country","PopulatedPlace","PopulatedPlace","Place"],"st":313,"en_mention":278,"ancestor":"","eIdx":18,"st_mention":275,"en":318,"ne_type":"LOCATION","keyword":"[고구려]","e_type":"WIKILINK"},{"kbox_types":["NULL"],"st":326,"en_mention":289,"ancestor":"","eIdx":19,"st_mention":286,"en":331,"ne_type":"ETC","keyword":"<의인화>","e_type":"ELU"},{"kbox_types":["Country","PopulatedPlace","Place"],"st":357,"en_mention":317,"ancestor":"","eIdx":20,"st_mention":315,"en":361,"ne_type":"LOCATION","keyword":"[부여]","e_type":"WIKILINK"},{"kbox_types":["NULL"],"st":363,"en_mention":326,"ancestor":"","eIdx":21,"st_mention":319,"en":372,"ne_type":"ETC","keyword":"[기원전_2세기]","e_type":"WIKILINK"},{"kbox_types":["NULL"],"st":389,"en_mention":346,"ancestor":"","eIdx":22,"st_mention":343,"en":394,"ne_type":"ETC","keyword":"[해모수]","e_type":"WIKILINK"},{"kbox_types":["Agent","Person"],"st":399,"en_mention":353,"ancestor":"","eIdx":23,"st_mention":351,"en":404,"ne_type":"PERSON","keyword":"[동명왕]","e_type":"WIKILINK"}],"wikiPageId":9323,"pIdx":3,"plainText":"《삼국사기》와 《삼국유사》에는 해모수가 주몽의 아버지로 등장하지만, 해모수는 《삼국사기》와 《삼국유사》에만 등장하는 인물로써, 정작 고구려 광개토왕릉비에는 고구려 건국 이야기 중에 주몽은 하늘의 아들(천제지자)이자, 하백의 외손이라고만 서술되어 있을뿐, 해모수는 등장하지 않는다. 광개토왕릉비의 기록이 당대 고구려인들에 의해 새겨진 일차사료인 점을 감안하면, 해모수가 실존인물이었는지 사실여부를 명확하게 알 수 없다. 해모수의 '해'는 태양을 뜻한다. 즉, 천손을 의미한다. 따라서 해모수는 고구려의 천손의식이 의인화 된 결과물로 해석해야 한다. 일반적인 견해는 부여가 기원전 2세기경에 건국 되었으며, 건국자는 해모수가 아닌 동명이라는 것이 정설이다.","pronouns":[],"mentionTagged":"《[삼국사기]》와 《[삼국유사]》에는 [해모수]가 [주몽]의 아버지로 등장하지만, [해모수]는 《[삼국사기]》와 《[삼국유사]》에만 등장하는 인물로써, 정작 [고구려] [광개토왕릉비]에는 [고구려] 건국 이야기 중에 [주몽]은 하늘의 아들(천제지자)이자, [하백]의 외손이라고만 서술되어 있을뿐, [해모수]는 등장하지 않는다. [광개토왕릉비]의 기록이 당대 [고구려]인들에 의해 새겨진 일차사료인 점을 감안하면, [해모수]가 실존인물이었는지 사실여부를 명확하게 알 수 없다. [해모수]의 '해'는 태양을 뜻한다. 즉, 천손을 의미한다. 따라서 [해모수]는 [고구려]의 천손의식이 [의인화] 된 결과물로 해석해야 한다. 일반적인 견해는 [부여]가 [기원전 2세기]경에 건국 되었으며, 건국자는 [해모수]가 아닌 [동명]이라는 것이 정설이다."}