{"entityTagged":"[얼어붙은 송곳니]()는 [노나미_아사]의 [1996년] 소설로, 제115회 ([1996년] 상반기) [나오키상] 수상작이다. [2001년]에는 [아마미_유키] 주연으로, [2010년]에는 [기무라_요시노] 주연으로 각각 드라마화되었으며, [2012년]에는 <대한민국>에서 [송강호], [이나영] 주연으로 《[하울링_(2012년_영화)]》이라는 제목으로 영화화되었다.","globalSId":[3122783,3122784],"entities":[{"kbox_types":["NULL"],"st":0,"en_mention":8,"ancestor":"-2","eIdx":0,"st_mention":0,"en":10,"ne_type":"ETC","keyword":"[얼어붙은 송곳니]","e_type":"NEW"},{"kbox_types":["Writer","Agent","Person","Artist"],"st":14,"en_mention":18,"ancestor":"","eIdx":1,"st_mention":12,"en":22,"ne_type":"PERSON","keyword":"[노나미_아사]","e_type":"WIKILINK"},{"kbox_types":["Year","TimePeriod"],"st":24,"en_mention":25,"ancestor":"-2","eIdx":2,"st_mention":20,"en":31,"ne_type":"TIME","keyword":"[1996년]","e_type":"NEW"},{"kbox_types":["Year","TimePeriod"],"st":44,"en_mention":43,"ancestor":"1-2","eIdx":3,"st_mention":38,"en":51,"ne_type":"TIME","keyword":"[1996년]","e_type":"NEW"},{"kbox_types":["Award"],"st":57,"en_mention":53,"ancestor":"","eIdx":4,"st_mention":49,"en":63,"ne_type":"ETC","keyword":"[나오키상]","e_type":"WIKILINK"},{"kbox_types":["Year","MusicalWork","TimePeriod","Work","Album"],"st":71,"en_mention":66,"ancestor":"-2","eIdx":5,"st_mention":61,"en":78,"ne_type":"TIME","keyword":"[2001년]","e_type":"NEW"},{"kbox_types":["Actor","Agent","Person","Artist"],"st":81,"en_mention":75,"ancestor":"","eIdx":6,"st_mention":69,"en":89,"ne_type":"PERSON","keyword":"[아마미_유키]","e_type":"WIKILINK"},{"kbox_types":["Year","MusicalWork","TimePeriod","Work","Album"],"st":96,"en_mention":87,"ancestor":"-2","eIdx":7,"st_mention":82,"en":103,"ne_type":"TIME","keyword":"[2010년]","e_type":"NEW"},{"kbox_types":["Actor","Agent","Person","Artist"],"st":106,"en_mention":97,"ancestor":"","eIdx":8,"st_mention":90,"en":115,"ne_type":"PERSON","keyword":"[기무라_요시노]","e_type":"WIKILINK"},{"kbox_types":["Year","MusicalWork","TimePeriod","Work","Album"],"st":134,"en_mention":121,"ancestor":"-2","eIdx":9,"st_mention":116,"en":141,"ne_type":"TIME","keyword":"[2012년]","e_type":"NEW"},{"kbox_types":["Country","PopulatedPlace","PopulatedPlace","Place"],"st":144,"en_mention":128,"ancestor":"","eIdx":10,"st_mention":124,"en":150,"ne_type":"LOCATION","keyword":"<대한민국>","e_type":"ELU"},{"kbox_types":["Actor","Agent","Person","Artist"],"st":153,"en_mention":134,"ancestor":"","eIdx":11,"st_mention":131,"en":158,"ne_type":"PERSON","keyword":"[송강호]","e_type":"WIKILINK"},{"kbox_types":["Actor","Agent","Person","Artist"],"st":160,"en_mention":139,"ancestor":"","eIdx":12,"st_mention":136,"en":165,"ne_type":"PERSON","keyword":"[이나영]","e_type":"WIKILINK"},{"kbox_types":["Work","Film","Work"],"st":172,"en_mention":149,"ancestor":"","eIdx":13,"st_mention":146,"en":188,"ne_type":"ETC","keyword":"[하울링_(2012년_영화)]","e_type":"WIKILINK"}],"wikiPageId":968559,"pIdx":1,"plainText":"얼어붙은 송곳니()는 노나미 아사의 1996년 소설로, 제115회 (1996년 상반기) 나오키상 수상작이다. 2001년에는 아마미 유키 주연으로, 2010년에는 기무라 요시노 주연으로 각각 드라마화되었으며, 2012년에는 대한민국에서 송강호, 이나영 주연으로 《하울링》이라는 제목으로 영화화되었다.","pronouns":[],"mentionTagged":"[얼어붙은 송곳니]()는 [노나미 아사]의 [1996년] 소설로, 제115회 ([1996년] 상반기) [나오키상] 수상작이다. [2001년]에는 [아마미 유키] 주연으로, [2010년]에는 [기무라 요시노] 주연으로 각각 드라마화되었으며, [2012년]에는 [대한민국]에서 [송강호], [이나영] 주연으로 《[하울링]》이라는 제목으로 영화화되었다."}