{"entityTagged":"[2009년] [6월] [8일], [타블로]는 블로그를 통해 [플래닛_쉬버]와 함께 \"[Remixing_the_Human_Soul]\"을 작업한다고 알렸다. 원래 디지털 음반으로 발매할 예정이었으나 결과적으로 완전히 다른 음악이 만들어져 음반으로 발매한다\u201D라고 밝혔다. [2009년] [7월] [4일], [7월] [11일]에 걸쳐 [무한도전] [올림픽대로_듀엣가요제]에서 [정형돈]과 듀엣인 \u2018<무한도전_올림픽대로_듀엣가요제>\u2019을 결성해 〈바베큐〉를 불러 3등에 해당하는 은상을 받았다.","globalSId":[564404,564405,564406],"entities":[{"kbox_types":["Year","MusicalWork","TimePeriod","Work","Album"],"st":0,"en_mention":5,"ancestor":"-2","eIdx":0,"st_mention":0,"en":7,"ne_type":"TIME","keyword":"[2009년]","e_type":"NEW"},{"kbox_types":["NULL"],"st":8,"en_mention":8,"ancestor":"-2","eIdx":1,"st_mention":6,"en":12,"ne_type":"TIME","keyword":"[6월]","e_type":"NEW"},{"kbox_types":["NULL"],"st":13,"en_mention":11,"ancestor":"-2","eIdx":2,"st_mention":9,"en":17,"ne_type":"TIME","keyword":"[8일]","e_type":"NEW"},{"kbox_types":["Agent","Person","MusicalArtist","Artist"],"st":19,"en_mention":16,"ancestor":"","eIdx":3,"st_mention":13,"en":24,"ne_type":"PERSON","keyword":"[타블로]","e_type":"WIKILINK"},{"kbox_types":["Agent","Group","Organisation","Band"],"st":34,"en_mention":32,"ancestor":"","eIdx":4,"st_mention":26,"en":42,"ne_type":"ORGANIZATION","keyword":"[플래닛_쉬버]","e_type":"WIKILINK"},{"kbox_types":["MusicalWork","Work","Album"],"st":48,"en_mention":61,"ancestor":"","eIdx":5,"st_mention":38,"en":73,"ne_type":"ETC","keyword":"[Remixing_the_Human_Soul]","e_type":"WIKILINK"},{"kbox_types":["Year","MusicalWork","TimePeriod","Work","Album"],"st":150,"en_mention":143,"ancestor":"-2","eIdx":6,"st_mention":138,"en":157,"ne_type":"TIME","keyword":"[2009년]","e_type":"NEW"},{"kbox_types":["NULL"],"st":158,"en_mention":146,"ancestor":"-2","eIdx":7,"st_mention":144,"en":162,"ne_type":"TIME","keyword":"[7월]","e_type":"NEW"},{"kbox_types":["NULL"],"st":163,"en_mention":149,"ancestor":"-2","eIdx":8,"st_mention":147,"en":167,"ne_type":"TIME","keyword":"[4일]","e_type":"NEW"},{"kbox_types":["NULL"],"st":169,"en_mention":153,"ancestor":"-2","eIdx":9,"st_mention":151,"en":173,"ne_type":"TIME","keyword":"[7월]","e_type":"NEW"},{"kbox_types":["NULL"],"st":174,"en_mention":157,"ancestor":"-2","eIdx":10,"st_mention":154,"en":179,"ne_type":"TIME","keyword":"[11일]","e_type":"NEW"},{"kbox_types":["Work","TelevisionShow"],"st":184,"en_mention":166,"ancestor":"","eIdx":11,"st_mention":162,"en":190,"ne_type":"ETC","keyword":"[무한도전]","e_type":"WIKILINK"},{"kbox_types":["NULL"],"st":191,"en_mention":178,"ancestor":"","eIdx":12,"st_mention":167,"en":204,"ne_type":"ETC","keyword":"[올림픽대로_듀엣가요제]","e_type":"WIKILINK"},{"kbox_types":["Comedian","Actor","Agent","Person","Artist"],"st":207,"en_mention":184,"ancestor":"","eIdx":13,"st_mention":181,"en":212,"ne_type":"PERSON","keyword":"[정형돈]","e_type":"WIKILINK"},{"kbox_types":["MusicalWork","Work","Album"],"st":219,"en_mention":195,"ancestor":"","eIdx":14,"st_mention":191,"en":237,"ne_type":"ETC","keyword":"<무한도전_올림픽대로_듀엣가요제>","e_type":"ELU"}],"wikiPageId":68556,"pIdx":31,"plainText":"2009년 6월 8일, 타블로는 블로그를 통해 플래닛 쉬버와 함께 \"Remixing the Human Soul\"을 작업한다고 알렸다. 원래 디지털 음반으로 발매할 예정이었으나 결과적으로 완전히 다른 음악이 만들어져 음반으로 발매한다\u201D라고 밝혔다. 2009년 7월 4일, 7월 11일에 걸쳐 무한도전 올림픽대로 듀엣가요제에서 정형돈과 듀엣인 \u2018삼자돼면\u2019을 결성해 〈바베큐〉를 불러 3등에 해당하는 은상을 받았다.","pronouns":[{"st":120,"ancestor":"-1","proIdx":0,"en":125,"cwStateCd":"FIXED","cwSelIdx":[],"type":"PRONOUN","keyword":"다른 음악이"}],"mentionTagged":"[2009년] [6월] [8일], [타블로]는 블로그를 통해 [플래닛 쉬버]와 함께 \"[Remixing the Human Soul]\"을 작업한다고 알렸다. 원래 디지털 음반으로 발매할 예정이었으나 결과적으로 완전히 다른 음악이 만들어져 음반으로 발매한다\u201D라고 밝혔다. [2009년] [7월] [4일], [7월] [11일]에 걸쳐 [무한도전] [올림픽대로 듀엣가요제]에서 [정형돈]과 듀엣인 \u2018[삼자돼면]\u2019을 결성해 〈바베큐〉를 불러 3등에 해당하는 은상을 받았다."}