{"entityTagged":"[마리 당주](, [1404년] [10월] [14일] - [1463년 11월 29일])는 [1422년\u20131461년]까지 [샤를_7세]의 아내로 있었던 [프랑스의_군주_배우자]이다. [마리]는 명목상 <나폴리>의 군주이자 <시칠리아>의 군주인 [루이_2세_당주]와 명목상 <아라곤_왕국>의 여왕인 [욜란다_데_아라곤]의 장녀이다.","globalSId":[3809148,3809149],"entities":[{"kbox_types":["Royalty","BritishRoyalty","Agent","Person"],"st":0,"en_mention":5,"ancestor":"-2","eIdx":0,"st_mention":0,"en":7,"ne_type":"PERSON","keyword":"[마리 당주]","e_type":"NEW"},{"kbox_types":["Year","TimePeriod"],"st":10,"en_mention":13,"ancestor":"-2","eIdx":1,"st_mention":8,"en":17,"ne_type":"TIME","keyword":"[1404년]","e_type":"NEW"},{"kbox_types":["NULL"],"st":18,"en_mention":17,"ancestor":"-2","eIdx":2,"st_mention":14,"en":23,"ne_type":"TIME","keyword":"[10월]","e_type":"NEW"},{"kbox_types":["NULL"],"st":24,"en_mention":21,"ancestor":"-2","eIdx":3,"st_mention":18,"en":29,"ne_type":"TIME","keyword":"[14일]","e_type":"NEW"},{"kbox_types":["NULL"],"st":32,"en_mention":37,"ancestor":"-2","eIdx":4,"st_mention":24,"en":47,"ne_type":"TIME","keyword":"[1463년 11월 29일]","e_type":"NEW"},{"kbox_types":["NULL"],"st":50,"en_mention":51,"ancestor":"-2","eIdx":5,"st_mention":40,"en":63,"ne_type":"TIME","keyword":"[1422년\u20131461년]","e_type":"NEW"},{"kbox_types":["Royalty","Monarch","BritishRoyalty","Agent","Person"],"st":66,"en_mention":59,"ancestor":"","eIdx":6,"st_mention":54,"en":73,"ne_type":"PERSON","keyword":"[샤를_7세]","e_type":"WIKILINK"},{"kbox_types":["NULL"],"st":83,"en_mention":75,"ancestor":"","eIdx":7,"st_mention":69,"en":96,"ne_type":"ETC","keyword":"[프랑스의_군주_배우자]","e_type":"WIKILINK"},{"kbox_types":["NULL"],"st":100,"en_mention":81,"ancestor":"1-0","eIdx":8,"st_mention":79,"en":104,"ne_type":"PERSON","keyword":"[마리]","e_type":"NEW"},{"kbox_types":["PopulatedPlace","Place","Settlement","PopulatedPlace","City"],"st":110,"en_mention":90,"ancestor":"","eIdx":9,"st_mention":87,"en":115,"ne_type":"LOCATION","keyword":"<나폴리>","e_type":"ELU"},{"kbox_types":["Region","PopulatedPlace","AdministrativeRegion","Place","AdministrativeRegion","EthnicGroup"],"st":122,"en_mention":101,"ancestor":"","eIdx":10,"st_mention":97,"en":128,"ne_type":"LOCATION","keyword":"<시칠리아>","e_type":"ELU"},{"kbox_types":["Royalty","BritishRoyalty","Agent","Person"],"st":134,"en_mention":115,"ancestor":"","eIdx":11,"st_mention":107,"en":144,"ne_type":"PERSON","keyword":"[루이_2세_당주]","e_type":"WIKILINK"},{"kbox_types":["Country","PopulatedPlace","Place","PopulatedPlace"],"st":150,"en_mention":124,"ancestor":"","eIdx":12,"st_mention":121,"en":158,"ne_type":"LOCATION","keyword":"<아라곤_왕국>","e_type":"ELU"},{"kbox_types":["Royalty","BritishRoyalty","Agent","Person"],"st":164,"en_mention":139,"ancestor":"","eIdx":13,"st_mention":130,"en":175,"ne_type":"PERSON","keyword":"[욜란다_데_아라곤]","e_type":"WIKILINK"}],"wikiPageId":1588481,"pIdx":1,"plainText":"마리 당주(, 1404년 10월 14일 - 1463년 11월 29일)는 1422년\u20131461년까지 샤를 7세의 아내로 있었던 프랑스 왕비이다. 마리는 명목상 나폴리의 군주이자 시칠리아의 군주인 루이 2세 당주와 명목상 아라곤의 여왕인 욜란다 데 아라곤의 장녀이다.","mentionTagged":"[마리 당주](, [1404년] [10월] [14일] - [1463년 11월 29일])는 [1422년\u20131461년]까지 [샤를 7세]의 아내로 있었던 [프랑스 왕비]이다. [마리]는 명목상 [나폴리]의 군주이자 [시칠리아]의 군주인 [루이 2세 당주]와 명목상 [아라곤]의 여왕인 [욜란다 데 아라곤]의 장녀이다."}