{"entityTagged":"[포키]는 [아타리_800]같은 8비트 컴퓨터와 [가정용_게임기]인 [아타리_5200]에 사용되었으며 [테트리스]와 같은 오락실 게임기에도 널리 사용되었다.","globalSId":[1075735],"entities":[{"kbox_types":["Food"],"st":0,"en_mention":2,"ancestor":"2-0","eIdx":0,"st_mention":0,"en":4,"ne_type":"ETC","keyword":"[포키]","e_type":"NEW"},{"kbox_types":["NULL"],"st":6,"en_mention":11,"ancestor":"","eIdx":1,"st_mention":4,"en":15,"ne_type":"ETC","keyword":"[아타리_800]","e_type":"WIKILINK"},{"kbox_types":["NULL"],"st":27,"en_mention":30,"ancestor":"","eIdx":2,"st_mention":23,"en":36,"ne_type":"ETC","keyword":"[가정용_게임기]","e_type":"WIKILINK"},{"kbox_types":["InformationAppliance","Device"],"st":38,"en_mention":40,"ancestor":"","eIdx":3,"st_mention":32,"en":48,"ne_type":"ETC","keyword":"[아타리_5200]","e_type":"WIKILINK"},{"kbox_types":["Software","VideoGame","Work"],"st":57,"en_mention":53,"ancestor":"","eIdx":4,"st_mention":49,"en":63,"ne_type":"ETC","keyword":"[테트리스]","e_type":"WIKILINK"}],"wikiPageId":159227,"pIdx":4,"plainText":"포키는 아타리 800같은 8비트 컴퓨터와 가정용 게임기인 아타리 5200에 사용되었으며 테트리스와 같은 오락실 게임기에도 널리 사용되었다.","pronouns":[],"mentionTagged":"[포키]는 [아타리 800]같은 8비트 컴퓨터와 [가정용 게임기]인 [아타리 5200]에 사용되었으며 [테트리스]와 같은 오락실 게임기에도 널리 사용되었다."}