{"entityTagged":"개요. 본래 도서관 자리에는 [대한민국_제1공화국]의 실세로 불리던 [이기붕]과 [박마리아] 부부가 살던 집이 있었다. [1960년] <이기붕>이 부정 선거로 부통령에 당선된 [3·15_부정선거]가 [4·19_혁명]을 불러왔고, [이기붕] 부부와 두 아들은 동반 자살했다.","globalSId":[1269010,1269011,1269012],"entities":[{"kbox_types":["MilitaryConflict","Country","PopulatedPlace","PopulatedPlace","Place"],"st":16,"en_mention":20,"ancestor":"","eIdx":0,"st_mention":15,"en":28,"ne_type":"LOCATION","keyword":"[대한민국_제1공화국]","e_type":"WIKILINK"},{"kbox_types":["Actor","Writer","Agent","Person","Artist"],"st":38,"en_mention":33,"ancestor":"","eIdx":1,"st_mention":30,"en":43,"ne_type":"PERSON","keyword":"[이기붕]","e_type":"WIKILINK"},{"kbox_types":["Actor","Writer","Agent","Person","Artist"],"st":45,"en_mention":39,"ancestor":"","eIdx":2,"st_mention":35,"en":51,"ne_type":"PERSON","keyword":"[박마리아]","e_type":"WIKILINK"},{"kbox_types":["Year","TimePeriod"],"st":67,"en_mention":60,"ancestor":"","eIdx":3,"st_mention":55,"en":74,"ne_type":"TIME","keyword":"[1960년]","e_type":"WIKILINK"},{"kbox_types":["Actor","Writer","Agent","Person","Artist"],"st":75,"en_mention":64,"ancestor":"","eIdx":4,"st_mention":61,"en":80,"ne_type":"PERSON","keyword":"<이기붕>","e_type":"ELU"},{"kbox_types":["Election","Event","SocietalEvent"],"st":98,"en_mention":91,"ancestor":"","eIdx":5,"st_mention":82,"en":109,"ne_type":"ETC","keyword":"[3·15_부정선거]","e_type":"WIKILINK"},{"kbox_types":["NULL"],"st":111,"en_mention":100,"ancestor":"","eIdx":6,"st_mention":93,"en":120,"ne_type":"ETC","keyword":"[4·19_혁명]","e_type":"WIKILINK"},{"kbox_types":["Actor","Writer","Agent","Person","Artist"],"st":128,"en_mention":111,"ancestor":"2-4","eIdx":7,"st_mention":108,"en":133,"ne_type":"PERSON","keyword":"[이기붕]","e_type":"NEW"}],"wikiPageId":207719,"pIdx":2,"plainText":"개요 본래 도서관 자리에는 제1공화국의 실세로 불리던 이기붕과 박마리아 부부가 살던 집이 있었다. 1960년 이기붕이 부정 선거로 부통령에 당선된 3·15 부정선거가 4·19 혁명을 불러왔고, 이기붕 부부와 두 아들은 동반 자살했다.","pronouns":[],"mentionTagged":"개요 본래 도서관 자리에는 [제1공화국]의 실세로 불리던 [이기붕]과 [박마리아] 부부가 살던 집이 있었다. [1960년] [이기붕]이 부정 선거로 부통령에 당선된 [3·15 부정선거]가 [4·19 혁명]을 불러왔고, [이기붕] 부부와 두 아들은 동반 자살했다."}