{"entityTagged":"<지금동>(芝錦洞)은 [대한민국] [경기도] [남양주시] 남쪽에 있는 동이다.","globalSId":[2790168],"entities":[{"kbox_types":["NULL"],"st":0,"en_mention":3,"ancestor":"","eIdx":0,"st_mention":0,"en":5,"ne_type":"ETC","keyword":"<지금동>","e_type":"ELU"},{"kbox_types":["Country","PopulatedPlace","PopulatedPlace","Place"],"st":12,"en_mention":14,"ancestor":"","eIdx":1,"st_mention":10,"en":18,"ne_type":"LOCATION","keyword":"[대한민국]","e_type":"WIKILINK"},{"kbox_types":["PopulatedPlace","Settlement","PopulatedPlace","Place"],"st":19,"en_mention":18,"ancestor":"","eIdx":2,"st_mention":15,"en":24,"ne_type":"LOCATION","keyword":"[경기도]","e_type":"WIKILINK"},{"kbox_types":["PopulatedPlace","Place","Settlement","PopulatedPlace","City"],"st":25,"en_mention":23,"ancestor":"","eIdx":3,"st_mention":19,"en":31,"ne_type":"LOCATION","keyword":"[남양주시]","e_type":"WIKILINK"}],"wikiPageId":786971,"pIdx":1,"plainText":"지금동(芝錦洞)은 대한민국 경기도 남양주시 남쪽에 있는 동이다.","pronouns":[{"st":12,"ancestor":"-1","proIdx":0,"en":42,"cwStateCd":"FIXED","cwSelIdx":[],"type":"PRONOUN","keyword":"[대한민국] [경기도] [남양주시] 남쪽에 있는 동이다."}],"mentionTagged":"[지금동](芝錦洞)은 [대한민국] [경기도] [남양주시] 남쪽에 있는 동이다."}