{"entityTagged":"역사. [양-밀스 이론]은 [1954년]에 [중국]의 [양전닝]과 [미국]의 [로버트_밀스](Robert L. Mills)가 도입하였다. 역사적으로, 이는 최초의 비가환 게이지 이론이자 역사으로 ([전자기학] 다음으로) 두 번째의 게이지 이론이었다. <양전닝>과 [밀스]는 [양자전기역학]을 일반화하려고 시도하여, <양자_전기역학>이 바탕을 둔 [유니터리_군] 군을 [특수_유니터리_군]으로 치환하였다. <양전닝>과 [밀스]는 이를 [강한_상호작용]의 [아이소스핀]을 설명하려고 도입하였으나, 이는 실험과 맞지 않았다. [양-밀스 이론]은 이러한 결함 때문에 잊혀지고 있다가, [1960년]에 [자발_대칭_깨짐]의 발견으로, 이러한 문제를 없앨수 있다는 사실이 밝혀졌고, 곧 [강한_상호작용]의 색전하와 [약한_상호작용]의 설명에 도입돼, [표준_모형]의 일부를 이루게 되었다.","globalSId":[2198464,2198465,2198466,2198467,2198468,2198469,2198470],"entities":[{"kbox_types":["NULL"],"st":4,"en_mention":10,"ancestor":"-2","eIdx":0,"st_mention":3,"en":13,"ne_type":"ETC","keyword":"[양-밀스 이론]","e_type":"NEW"},{"kbox_types":["Year","TimePeriod"],"st":15,"en_mention":17,"ancestor":"","eIdx":1,"st_mention":12,"en":22,"ne_type":"TIME","keyword":"[1954년]","e_type":"WIKILINK"},{"kbox_types":["NULL"],"st":24,"en_mention":21,"ancestor":"","eIdx":2,"st_mention":19,"en":28,"ne_type":"ETC","keyword":"[중국]","e_type":"WIKILINK"},{"kbox_types":["Scientist","Agent","Person"],"st":30,"en_mention":26,"ancestor":"","eIdx":3,"st_mention":23,"en":35,"ne_type":"PERSON","keyword":"[양전닝]","e_type":"WIKILINK"},{"kbox_types":["Country","PopulatedPlace","PopulatedPlace","Place"],"st":37,"en_mention":30,"ancestor":"","eIdx":4,"st_mention":28,"en":41,"ne_type":"LOCATION","keyword":"[미국]","e_type":"WIKILINK"},{"kbox_types":["NULL"],"st":43,"en_mention":38,"ancestor":"","eIdx":5,"st_mention":32,"en":51,"ne_type":"ETC","keyword":"[로버트_밀스]","e_type":"WIKILINK"},{"kbox_types":["NULL"],"st":110,"en_mention":102,"ancestor":"","eIdx":6,"st_mention":98,"en":116,"ne_type":"ETC","keyword":"[전자기학]","e_type":"WIKILINK"},{"kbox_types":["Scientist","Agent","Person"],"st":140,"en_mention":129,"ancestor":"","eIdx":7,"st_mention":126,"en":145,"ne_type":"PERSON","keyword":"<양전닝>","e_type":"ELU"},{"kbox_types":["NULL"],"st":147,"en_mention":133,"ancestor":"2-5","eIdx":8,"st_mention":131,"en":151,"ne_type":"PERSON","keyword":"[밀스]","e_type":"NEW"},{"kbox_types":["NULL"],"st":153,"en_mention":141,"ancestor":"","eIdx":9,"st_mention":135,"en":161,"ne_type":"ETC","keyword":"[양자전기역학]","e_type":"WIKILINK"},{"kbox_types":["NULL"],"st":176,"en_mention":162,"ancestor":"","eIdx":10,"st_mention":156,"en":185,"ne_type":"ETC","keyword":"<양자_전기역학>","e_type":"ELU"},{"kbox_types":["NULL"],"st":193,"en_mention":174,"ancestor":"","eIdx":11,"st_mention":170,"en":201,"ne_type":"ETC","keyword":"[유니터리_군]","e_type":"WIKILINK"},{"kbox_types":["NULL"],"st":205,"en_mention":183,"ancestor":"","eIdx":12,"st_mention":178,"en":216,"ne_type":"ETC","keyword":"[특수_유니터리_군]","e_type":"WIKILINK"},{"kbox_types":["Scientist","Agent","Person"],"st":226,"en_mention":196,"ancestor":"","eIdx":13,"st_mention":193,"en":231,"ne_type":"PERSON","keyword":"<양전닝>","e_type":"ELU"},{"kbox_types":["NULL"],"st":233,"en_mention":200,"ancestor":"2-5","eIdx":14,"st_mention":198,"en":237,"ne_type":"PERSON","keyword":"[밀스]","e_type":"NEW"},{"kbox_types":["NULL"],"st":242,"en_mention":212,"ancestor":"","eIdx":15,"st_mention":205,"en":251,"ne_type":"ETC","keyword":"[강한_상호작용]","e_type":"WIKILINK"},{"kbox_types":["NULL"],"st":253,"en_mention":219,"ancestor":"","eIdx":16,"st_mention":214,"en":260,"ne_type":"ETC","keyword":"[아이소스핀]","e_type":"WIKILINK"},{"kbox_types":["NULL"],"st":291,"en_mention":257,"ancestor":"2-0","eIdx":17,"st_mention":250,"en":300,"ne_type":"ETC","keyword":"[양-밀스 이론]","e_type":"NEW"},{"kbox_types":["Year","TimePeriod"],"st":323,"en_mention":285,"ancestor":"","eIdx":18,"st_mention":280,"en":330,"ne_type":"TIME","keyword":"[1960년]","e_type":"WIKILINK"},{"kbox_types":["NULL"],"st":332,"en_mention":295,"ancestor":"","eIdx":19,"st_mention":287,"en":342,"ne_type":"ETC","keyword":"[자발_대칭_깨짐]","e_type":"WIKILINK"},{"kbox_types":["NULL"],"st":378,"en_mention":338,"ancestor":"","eIdx":20,"st_mention":331,"en":387,"ne_type":"ETC","keyword":"[강한_상호작용]","e_type":"WIKILINK"},{"kbox_types":["NULL"],"st":394,"en_mention":352,"ancestor":"","eIdx":21,"st_mention":345,"en":403,"ne_type":"ETC","keyword":"[약한_상호작용]","e_type":"WIKILINK"},{"kbox_types":["NULL"],"st":414,"en_mention":368,"ancestor":"","eIdx":22,"st_mention":363,"en":421,"ne_type":"ETC","keyword":"[표준_모형]","e_type":"WIKILINK"}],"wikiPageId":506709,"pIdx":2,"plainText":"역사 양-밀스 이론은 1954년에 중국의 양전닝과 미국의 로버트 밀스(Robert L. Mills)가 도입하였다. 역사적으로, 이는 최초의 비가환 게이지 이론이자 역사적으로 (전자기학 다음으로) 두 번째의 게이지 이론이었다. 양전닝과 밀스는 양자전기역학을 일반화하려고 시도하여, 양자전기역학이 바탕을 둔 U(1) 군을 SU(n)으로 치환하였다. 양전닝과 밀스는 이를 강한 상호작용의 아이소스핀을 설명하려고 도입하였으나, 이는 실험과 맞지 않았다. 양-밀스 이론은 이러한 결함 때문에 잊혀지고 있다가, 1960년에 자발 대칭 깨짐의 발견으로, 이러한 문제를 없앨수 있다는 사실이 밝혀졌고, 곧 강한 상호작용의 색전하와 약한 상호작용의 설명에 도입돼, 표준 모형의 일부를 이루게 되었다.","pronouns":[{"st":84,"ancestor":"-1","proIdx":0,"en":85,"cwStateCd":"FIXED","cwSelIdx":[],"type":"PRONOUN","keyword":"이는"},{"st":187,"ancestor":"-1","proIdx":1,"en":203,"cwStateCd":"FIXED","cwSelIdx":[],"type":"PRONOUN","keyword":"바탕을 둔 [유니터리_군] 군을"},{"st":239,"ancestor":"-1","proIdx":2,"en":240,"cwStateCd":"FIXED","cwSelIdx":[],"type":"PRONOUN","keyword":"이를"},{"st":239,"ancestor":"-1","proIdx":3,"en":260,"cwStateCd":"FIXED","cwSelIdx":[],"type":"PRONOUN","keyword":"이를 [강한_상호작용]의 [아이소스핀]을"},{"st":276,"ancestor":"-1","proIdx":4,"en":277,"cwStateCd":"FIXED","cwSelIdx":[],"type":"PRONOUN","keyword":"이는"}],"mentionTagged":"역사 [양-밀스 이론]은 [1954년]에 [중국]의 [양전닝]과 [미국]의 [로버트 밀스](Robert L. Mills)가 도입하였다. 역사적으로, 이는 최초의 비가환 게이지 이론이자 역사적으로 ([전자기학] 다음으로) 두 번째의 게이지 이론이었다. [양전닝]과 [밀스]는 [양자전기역학]을 일반화하려고 시도하여, [양자전기역학]이 바탕을 둔 [U(1)] 군을 [SU(n)]으로 치환하였다. [양전닝]과 [밀스]는 이를 [강한 상호작용]의 [아이소스핀]을 설명하려고 도입하였으나, 이는 실험과 맞지 않았다. [양-밀스 이론]은 이러한 결함 때문에 잊혀지고 있다가, [1960년]에 [자발 대칭 깨짐]의 발견으로, 이러한 문제를 없앨수 있다는 사실이 밝혀졌고, 곧 [강한 상호작용]의 색전하와 [약한 상호작용]의 설명에 도입돼, [표준 모형]의 일부를 이루게 되었다."}