{"entityTagged":"[유화]는 그 알을 따뜻하게 덮어주었는데, 얼마 지나지 않아 사내아이 하나가 알을 깨고 나왔다. 그 아이는 날 때부터 보통 <아이들...>과는 달라 일곱 살이 되었을 때 스스로 활과 화살을 만들어 쏘았는데 백발백중이었다. 이에 이 아이의 이름을 [부여] 말로 \u2018활을 잘 쏘는 사람\u2019이라는 뜻인 \u201C[주몽]\u201D이라고 지었다. [주몽]은 [대소왕] 등 [금와왕]의 7명의 아들보다 능력이 출중하여 그들의 시기를 받았고, 호시탐탐 그를 죽이려 하였다.","globalSId":[144504,144505,144506,144507],"entities":[{"kbox_types":["NULL"],"st":0,"en_mention":2,"ancestor":"","eIdx":0,"st_mention":0,"en":4,"ne_type":"ETC","keyword":"[유화]","e_type":"WIKILINK"},{"kbox_types":["Work","Film","Work"],"st":69,"en_mention":70,"ancestor":"","eIdx":1,"st_mention":67,"en":77,"ne_type":"ETC","keyword":"<아이들...>","e_type":"ELU"},{"kbox_types":["Country","PopulatedPlace","Place"],"st":137,"en_mention":132,"ancestor":"","eIdx":2,"st_mention":130,"en":141,"ne_type":"LOCATION","keyword":"[부여]","e_type":"WIKILINK"},{"kbox_types":["NULL"],"st":165,"en_mention":158,"ancestor":"","eIdx":3,"st_mention":156,"en":169,"ne_type":"ETC","keyword":"[주몽]","e_type":"WIKILINK"},{"kbox_types":["NULL"],"st":179,"en_mention":170,"ancestor":"","eIdx":4,"st_mention":168,"en":183,"ne_type":"ETC","keyword":"[주몽]","e_type":"WIKILINK"},{"kbox_types":["Monarch","Agent","Person"],"st":185,"en_mention":177,"ancestor":"","eIdx":5,"st_mention":172,"en":190,"ne_type":"PERSON","keyword":"[대소왕]","e_type":"WIKILINK"},{"kbox_types":["Monarch","Agent","Person"],"st":193,"en_mention":183,"ancestor":"","eIdx":6,"st_mention":180,"en":198,"ne_type":"PERSON","keyword":"[금와왕]","e_type":"WIKILINK"}],"wikiPageId":9323,"pIdx":8,"plainText":"유화는 그 알을 따뜻하게 덮어주었는데, 얼마 지나지 않아 사내아이 하나가 알을 깨고 나왔다. 그 아이는 날 때부터 보통 아이들과는 달라 일곱 살이 되었을 때 스스로 활과 화살을 만들어 쏘았는데 백발백중이었다. 이에 이 아이의 이름을 부여 말로 \u2018활을 잘 쏘는 사람\u2019이라는 뜻인 \u201C주몽\u201D이라고 지었다. 주몽은 대소 왕자 등 금와왕의 7명의 아들보다 능력이 출중하여 그들의 시기를 받았고, 호시탐탐 그를 죽이려 하였다.","pronouns":[{"st":6,"ancestor":"-2","proIdx":0,"en":9,"cwStateCd":"FIXED","cwSelIdx":[],"type":"PRONOUN","keyword":"그 알을"},{"st":24,"ancestor":"-2","proIdx":1,"en":25,"cwStateCd":"FIXED","cwSelIdx":[],"type":"PRONOUN","keyword":"얼마"},{"st":54,"ancestor":"1-14","proIdx":2,"en":58,"cwStateCd":"FIXED","cwSelIdx":27,"type":"PRONOUN","keyword":"그 아이는"},{"st":124,"ancestor":"-2","proIdx":3,"en":125,"cwStateCd":"FIXED","cwSelIdx":[],"type":"PRONOUN","keyword":"이에"},{"st":127,"ancestor":"1-14","proIdx":4,"en":131,"cwStateCd":"FIXED","cwSelIdx":27,"type":"PRONOUN","keyword":"이 아이의"},{"st":127,"ancestor":"1-14","proIdx":5,"en":135,"cwStateCd":"FIXED","cwSelIdx":27,"type":"PRONOUN","keyword":"이 아이의 이름을"},{"st":127,"ancestor":"-2","proIdx":6,"en":143,"cwStateCd":"FIXED","cwSelIdx":[],"type":"PRONOUN","keyword":"이 아이의 이름을 [부여] 말로"},{"st":218,"ancestor":"-2","proIdx":7,"en":220,"cwStateCd":"FIXED","cwSelIdx":[],"type":"PRONOUN","keyword":"그들의"},{"st":218,"ancestor":"-2","proIdx":8,"en":224,"cwStateCd":"FIXED","cwSelIdx":[],"type":"PRONOUN","keyword":"그들의 시기를"},{"st":236,"ancestor":"-2","proIdx":9,"en":237,"cwStateCd":"FIXED","cwSelIdx":[],"type":"PRONOUN","keyword":"그를"}],"mentionTagged":"[유화]는 그 알을 따뜻하게 덮어주었는데, 얼마 지나지 않아 사내아이 하나가 알을 깨고 나왔다. 그 아이는 날 때부터 보통 [아이들]과는 달라 일곱 살이 되었을 때 스스로 활과 화살을 만들어 쏘았는데 백발백중이었다. 이에 이 아이의 이름을 [부여] 말로 \u2018활을 잘 쏘는 사람\u2019이라는 뜻인 \u201C[주몽]\u201D이라고 지었다. [주몽]은 [대소 왕자] 등 [금와왕]의 7명의 아들보다 능력이 출중하여 그들의 시기를 받았고, 호시탐탐 그를 죽이려 하였다."}