{"entityTagged":"[기아 KX3](Kia KX3)는 [기아자동차]의 소형 [스포츠_유틸리티_자동차]이자 [기아_K4]에 이은 [기아자동차]의 두 번째 [중화인민공화국] 전략 차종으로, [2014년_11월]에 개최된 [광저우_모터쇼]에서 <쇼카>가 처음 선보였다. 양산형은 [2015년_3월]에 출시되었다. [현대_ix25]와 플랫폼 및 엔진 등을 공유하는 형제 차종인 [KX3]는 영문명 외에도 자신감 있게 나아간다는 의미의 傲跑([아오파오])라는 [중국어] 차명도 붙었다.","globalSId":[3563866,3563867,3563868],"entities":[{"kbox_types":["MeanOfTransportation","Automobile"],"st":0,"en_mention":6,"ancestor":"-2","eIdx":0,"st_mention":0,"en":8,"ne_type":"ETC","keyword":"[기아 KX3]","e_type":"NEW"},{"kbox_types":["Company","Agent","Organisation"],"st":19,"en_mention":22,"ancestor":"","eIdx":1,"st_mention":17,"en":26,"ne_type":"ORGANIZATION","keyword":"[기아자동차]","e_type":"WIKILINK"},{"kbox_types":["Animal","Species","Eukaryote"],"st":31,"en_mention":30,"ancestor":"","eIdx":2,"st_mention":27,"en":45,"ne_type":"ETC","keyword":"[스포츠_유틸리티_자동차]","e_type":"WIKILINK"},{"kbox_types":["MeanOfTransportation","Automobile"],"st":48,"en_mention":35,"ancestor":"","eIdx":3,"st_mention":33,"en":55,"ne_type":"ETC","keyword":"[기아_K4]","e_type":"WIKILINK"},{"kbox_types":["Company","Agent","Organisation"],"st":60,"en_mention":45,"ancestor":"","eIdx":4,"st_mention":40,"en":67,"ne_type":"ORGANIZATION","keyword":"[기아자동차]","e_type":"WIKILINK"},{"kbox_types":["Country","PopulatedPlace","PopulatedPlace","Place"],"st":74,"en_mention":54,"ancestor":"","eIdx":5,"st_mention":52,"en":83,"ne_type":"LOCATION","keyword":"[중화인민공화국]","e_type":"WIKILINK"},{"kbox_types":["NULL"],"st":93,"en_mention":73,"ancestor":"","eIdx":6,"st_mention":64,"en":104,"ne_type":"ETC","keyword":"[2014년_11월]","e_type":"WIKILINK"},{"kbox_types":["NULL"],"st":110,"en_mention":86,"ancestor":"","eIdx":7,"st_mention":79,"en":119,"ne_type":"ETC","keyword":"[광저우_모터쇼]","e_type":"WIKILINK"},{"kbox_types":["NULL"],"st":122,"en_mention":92,"ancestor":"","eIdx":8,"st_mention":89,"en":126,"ne_type":"ETC","keyword":"<쇼카>","e_type":"ELU"},{"kbox_types":["NULL"],"st":142,"en_mention":116,"ancestor":"","eIdx":9,"st_mention":108,"en":152,"ne_type":"ETC","keyword":"[2015년_3월]","e_type":"WIKILINK"},{"kbox_types":["MeanOfTransportation","Automobile"],"st":161,"en_mention":132,"ancestor":"","eIdx":10,"st_mention":125,"en":170,"ne_type":"ETC","keyword":"[현대_ix25]","e_type":"WIKILINK"},{"kbox_types":["NULL"],"st":196,"en_mention":161,"ancestor":"1-0","eIdx":11,"st_mention":158,"en":201,"ne_type":"ETC","keyword":"[KX3]","e_type":"NEW"},{"kbox_types":["NULL"],"st":231,"en_mention":195,"ancestor":"1-11","eIdx":12,"st_mention":191,"en":237,"ne_type":"ETC","keyword":"[아오파오]","e_type":"NEW"},{"kbox_types":["Language"],"st":241,"en_mention":202,"ancestor":"","eIdx":13,"st_mention":199,"en":246,"ne_type":"ETC","keyword":"[중국어]","e_type":"WIKILINK"}],"wikiPageId":1309021,"pIdx":1,"plainText":"기아 KX3(Kia KX3)는 기아자동차의 소형 SUV이자 K4에 이은 기아자동차의 두 번째 중국 전략 차종으로, 2014년 11월에 개최된 광저우 모터쇼에서 쇼 카가 처음 선보였다. 양산형은 2015년 3월에 출시되었다. 현대 ix25와 플랫폼 및 엔진 등을 공유하는 형제 차종인 KX3는 영문명 외에도 자신감 있게 나아간다는 의미의 傲跑(아오파오)라는 중국어 차명도 붙었다.","pronouns":[{"st":211,"ancestor":"-1","proIdx":0,"en":213,"cwStateCd":"FIXED","cwSelIdx":[],"type":"PRONOUN","keyword":"자신감"}],"mentionTagged":"[기아 KX3](Kia KX3)는 [기아자동차]의 소형 [SUV]이자 [K4]에 이은 [기아자동차]의 두 번째 [중국] 전략 차종으로, [2014년 11월]에 개최된 [광저우 모터쇼]에서 [쇼 카]가 처음 선보였다. 양산형은 [2015년 3월]에 출시되었다. [현대 ix25]와 플랫폼 및 엔진 등을 공유하는 형제 차종인 [KX3]는 영문명 외에도 자신감 있게 나아간다는 의미의 傲跑([아오파오])라는 [중국어] 차명도 붙었다."}