{"entityTagged":"<혼다_택트>(Honda Tact)는 [혼다_기연_공업]가 판매한 [원동기장치자전거] [스쿠터] 형태의 [모터사이클]이다. 몇 번의 페이스리프트를 거친 모델로 종류도 많다.","globalSId":[2739744,2739745],"entities":[{"kbox_types":["NULL"],"st":0,"en_mention":5,"ancestor":"","eIdx":0,"st_mention":0,"en":7,"ne_type":"ETC","keyword":"<혼다_택트>","e_type":"ELU"},{"kbox_types":["Company","Agent","Organisation"],"st":21,"en_mention":21,"ancestor":"","eIdx":1,"st_mention":19,"en":31,"ne_type":"ORGANIZATION","keyword":"[혼다_기연_공업]","e_type":"WIKILINK"},{"kbox_types":["NULL"],"st":37,"en_mention":30,"ancestor":"","eIdx":2,"st_mention":27,"en":47,"ne_type":"ETC","keyword":"[원동기장치자전거]","e_type":"WIKILINK"},{"kbox_types":["NULL"],"st":48,"en_mention":34,"ancestor":"","eIdx":3,"st_mention":31,"en":53,"ne_type":"ETC","keyword":"[스쿠터]","e_type":"WIKILINK"},{"kbox_types":["NULL"],"st":58,"en_mention":44,"ancestor":"","eIdx":4,"st_mention":39,"en":65,"ne_type":"ETC","keyword":"[모터사이클]","e_type":"WIKILINK"}],"wikiPageId":759259,"pIdx":1,"plainText":"혼다 택트(Honda Tact)는 혼다가 판매한 원동기 스쿠터 형태의 모터사이클이다. 몇 번의 페이스리프트를 거친 모델로 종류도 많다.","mentionTagged":"[혼다 택트](Honda Tact)는 [혼다]가 판매한 [원동기] [스쿠터] 형태의 [모터사이클]이다. 몇 번의 페이스리프트를 거친 모델로 종류도 많다."}