{"entityTagged":"<공산동>(松亭洞)은 [대한민국] [경상북도] [구미시] 최중심부에 위치한 [동_(행정_구역)]이다.","globalSId":[2831907],"entities":[{"kbox_types":["NULL"],"st":0,"en_mention":3,"ancestor":"","eIdx":0,"st_mention":0,"en":5,"ne_type":"ETC","keyword":"<공산동>","e_type":"ELU"},{"kbox_types":["Country","PopulatedPlace","PopulatedPlace","Place"],"st":12,"en_mention":14,"ancestor":"","eIdx":1,"st_mention":10,"en":18,"ne_type":"LOCATION","keyword":"[대한민국]","e_type":"WIKILINK"},{"kbox_types":["PopulatedPlace","Settlement","PopulatedPlace","Place"],"st":19,"en_mention":19,"ancestor":"","eIdx":2,"st_mention":15,"en":25,"ne_type":"LOCATION","keyword":"[경상북도]","e_type":"WIKILINK"},{"kbox_types":["PopulatedPlace","Settlement","PopulatedPlace","City","Place"],"st":26,"en_mention":23,"ancestor":"","eIdx":3,"st_mention":20,"en":31,"ne_type":"LOCATION","keyword":"[구미시]","e_type":"WIKILINK"},{"kbox_types":["NULL"],"st":42,"en_mention":35,"ancestor":"","eIdx":4,"st_mention":34,"en":53,"ne_type":"ETC","keyword":"[동_(행정_구역)]","e_type":"WIKILINK"}],"wikiPageId":808949,"pIdx":1,"plainText":"송정동(松亭洞)은 대한민국 경상북도 구미시 최중심부에 위치한 동이다.","mentionTagged":"[송정동](松亭洞)은 [대한민국] [경상북도] [구미시] 최중심부에 위치한 [동]이다."}