{"entityTagged":"<필립스뷔르흐>()는 [카리브_해]의 [세인트마틴_섬]에 있는 [네덜란드]령 [신트마르턴]의 수도이다.","globalSId":[3427919],"entities":[{"kbox_types":["PopulatedPlace","Settlement","PopulatedPlace","Town","Place"],"st":0,"en_mention":6,"ancestor":"","eIdx":0,"st_mention":0,"en":8,"ne_type":"LOCATION","keyword":"<필립스뷔르흐>","e_type":"ELU"},{"kbox_types":["BodyOfWater","Place","Place","NaturalPlace"],"st":12,"en_mention":15,"ancestor":"","eIdx":1,"st_mention":10,"en":19,"ne_type":"LOCATION","keyword":"[카리브_해]","e_type":"WIKILINK"},{"kbox_types":["PopulatedPlace","Island","PopulatedPlace","Place"],"st":21,"en_mention":24,"ancestor":"","eIdx":2,"st_mention":17,"en":30,"ne_type":"LOCATION","keyword":"[세인트마틴_섬]","e_type":"WIKILINK"},{"kbox_types":["Country","PopulatedPlace","Settlement","PopulatedPlace","Place"],"st":35,"en_mention":33,"ancestor":"","eIdx":3,"st_mention":29,"en":41,"ne_type":"LOCATION","keyword":"[네덜란드]","e_type":"WIKILINK"},{"kbox_types":["Country","PopulatedPlace","PopulatedPlace","Place"],"st":43,"en_mention":40,"ancestor":"","eIdx":4,"st_mention":35,"en":50,"ne_type":"LOCATION","keyword":"[신트마르턴]","e_type":"WIKILINK"}],"wikiPageId":1186184,"pIdx":1,"plainText":"필립스뷔르흐()는 카리브 해의 세인트마틴 섬에 있는 네덜란드령 신트마르턴의 수도이다.","pronouns":[],"mentionTagged":"[필립스뷔르흐]()는 [카리브 해]의 [세인트마틴 섬]에 있는 [네덜란드]령 [신트마르턴]의 수도이다."}