{"entityTagged":"예전에는 다른 회사나 만화 등의 캐릭터 게임에 대한 위탁개발도 했지만, [게임보이]용 게임 소프트웨어 \"[포켓몬스터_(게임)](포켓몬)\"의 성공 이후에는 자사 타이틀에 전념하고 있다. 또한, [플레이스테이션]용으로 발매된 \"[클릭메딕]\"을 마지막으로 [가정용_게임기]에 대해서는 [닌텐도]의 게임기 이외에는 자사 타이틀을 발매하지 않고 있지만, 근래에는 스마트폰 대상의 게임을 발매하기도 했다.","globalSId":[2929017,2929018],"entities":[{"kbox_types":["InformationAppliance","Device"],"st":40,"en_mention":44,"ancestor":"","eIdx":0,"st_mention":40,"en":46,"ne_type":"ETC","keyword":"[게임보이]","e_type":"WIKILINK"},{"kbox_types":["Software","VideoGame","Work"],"st":58,"en_mention":61,"ancestor":"","eIdx":1,"st_mention":56,"en":70,"ne_type":"ETC","keyword":"[포켓몬스터_(게임)]","e_type":"WIKILINK"},{"kbox_types":["Company","Device","Agent","InformationAppliance","Organisation"],"st":107,"en_mention":105,"ancestor":"","eIdx":2,"st_mention":98,"en":116,"ne_type":"ORGANIZATION","keyword":"[플레이스테이션]","e_type":"WIKILINK"},{"kbox_types":["NULL"],"st":125,"en_mention":118,"ancestor":"1-1","eIdx":3,"st_mention":114,"en":131,"ne_type":"ETC","keyword":"[클릭메딕]","e_type":"NEW"},{"kbox_types":["NULL"],"st":140,"en_mention":134,"ancestor":"","eIdx":4,"st_mention":127,"en":149,"ne_type":"ETC","keyword":"[가정용_게임기]","e_type":"WIKILINK"},{"kbox_types":["Company","Agent","Organisation"],"st":156,"en_mention":144,"ancestor":"","eIdx":5,"st_mention":141,"en":161,"ne_type":"ORGANIZATION","keyword":"[닌텐도]","e_type":"WIKILINK"}],"wikiPageId":866079,"pIdx":3,"plainText":"예전에는 다른 회사나 만화 등의 캐릭터 게임에 대한 위탁개발도 했지만, 게임보이용 게임 소프트웨어 \"포켓몬스터(포켓몬)\"의 성공 이후에는 자사 타이틀에 전념하고 있다. 또한, 플레이스테이션용으로 발매된 \"클릭메딕\"을 마지막으로 가정용 게임기에 대해서는 닌텐도의 게임기 이외에는 자사 타이틀을 발매하지 않고 있지만, 근래에는 스마트폰 대상의 게임을 발매하기도 했다.","mentionTagged":"예전에는 다른 회사나 만화 등의 캐릭터 게임에 대한 위탁개발도 했지만, [게임보이]용 게임 소프트웨어 \"[포켓몬스터](포켓몬)\"의 성공 이후에는 자사 타이틀에 전념하고 있다. 또한, [플레이스테이션]용으로 발매된 \"[클릭메딕]\"을 마지막으로 [가정용 게임기]에 대해서는 [닌텐도]의 게임기 이외에는 자사 타이틀을 발매하지 않고 있지만, 근래에는 스마트폰 대상의 게임을 발매하기도 했다."}