{"entityTagged":"<웨일스의_메우드> (, [1869년] [11월_26일]~[1938년] [11월_20일])는 [에드워드_7세]와 [덴마크의_알렉산드라] 사이에서 태어난 딸로, [노르웨이의_호콘_7세]와 결혼하였으나, [노르웨이 의회]가 그를 [노르웨이의_군주]으로 선출하면서 그녀 역시 [노르웨이의_군주_배우자]가 되었다. 그녀는 [1380년] 이래로 [덴마크]나 [스웨덴]의 [왕비]를 겸하지 않은 최초의 [노르웨이의_군주_배우자]이다.","globalSId":[2384564,2384565],"entities":[{"kbox_types":["Royalty","BritishRoyalty","Agent","Person"],"st":0,"en_mention":8,"ancestor":"","eIdx":0,"st_mention":0,"en":10,"ne_type":"PERSON","keyword":"<웨일스의_메우드>","e_type":"ELU"},{"kbox_types":["Year","TimePeriod"],"st":14,"en_mention":17,"ancestor":"","eIdx":1,"st_mention":12,"en":21,"ne_type":"TIME","keyword":"[1869년]","e_type":"WIKILINK"},{"kbox_types":["NULL"],"st":22,"en_mention":25,"ancestor":"","eIdx":2,"st_mention":18,"en":31,"ne_type":"TIME","keyword":"[11월_26일]","e_type":"WIKILINK"},{"kbox_types":["Year","TimePeriod"],"st":32,"en_mention":31,"ancestor":"","eIdx":3,"st_mention":26,"en":39,"ne_type":"TIME","keyword":"[1938년]","e_type":"WIKILINK"},{"kbox_types":["NULL"],"st":40,"en_mention":39,"ancestor":"","eIdx":4,"st_mention":32,"en":49,"ne_type":"TIME","keyword":"[11월_20일]","e_type":"WIKILINK"},{"kbox_types":["Royalty","BritishRoyalty","Agent","Person"],"st":52,"en_mention":49,"ancestor":"","eIdx":5,"st_mention":42,"en":61,"ne_type":"PERSON","keyword":"[에드워드_7세]","e_type":"WIKILINK"},{"kbox_types":["Royalty","BritishRoyalty","Agent","Person"],"st":63,"en_mention":61,"ancestor":"","eIdx":6,"st_mention":51,"en":75,"ne_type":"PERSON","keyword":"[덴마크의_알렉산드라]","e_type":"WIKILINK"},{"kbox_types":["NULL"],"st":89,"en_mention":84,"ancestor":"","eIdx":7,"st_mention":75,"en":102,"ne_type":"ETC","keyword":"[노르웨이의_호콘_7세]","e_type":"WIKILINK"},{"kbox_types":["Legislature","Agent","Parliament","Organisation"],"st":112,"en_mention":101,"ancestor":"-2","eIdx":8,"st_mention":94,"en":121,"ne_type":"ORGANIZATION","keyword":"[노르웨이 의회]","e_type":"NEW"},{"kbox_types":["NULL"],"st":126,"en_mention":113,"ancestor":"","eIdx":9,"st_mention":106,"en":136,"ne_type":"ETC","keyword":"[노르웨이의_군주]","e_type":"WIKILINK"},{"kbox_types":["NULL"],"st":151,"en_mention":130,"ancestor":"","eIdx":10,"st_mention":128,"en":165,"ne_type":"ETC","keyword":"[노르웨이의_군주_배우자]","e_type":"WIKILINK"},{"kbox_types":["Year","TimePeriod"],"st":176,"en_mention":146,"ancestor":"","eIdx":11,"st_mention":141,"en":183,"ne_type":"TIME","keyword":"[1380년]","e_type":"WIKILINK"},{"kbox_types":["Country","PopulatedPlace","PopulatedPlace","Place"],"st":188,"en_mention":154,"ancestor":"","eIdx":12,"st_mention":151,"en":193,"ne_type":"LOCATION","keyword":"[덴마크]","e_type":"WIKILINK"},{"kbox_types":["Country","PopulatedPlace","Settlement","PopulatedPlace","Place"],"st":195,"en_mention":159,"ancestor":"","eIdx":13,"st_mention":156,"en":200,"ne_type":"LOCATION","keyword":"[스웨덴]","e_type":"WIKILINK"},{"kbox_types":["NULL"],"st":202,"en_mention":163,"ancestor":"","eIdx":14,"st_mention":161,"en":206,"ne_type":"ETC","keyword":"[왕비]","e_type":"WIKILINK"},{"kbox_types":["NULL"],"st":219,"en_mention":183,"ancestor":"","eIdx":15,"st_mention":176,"en":233,"ne_type":"ETC","keyword":"[노르웨이의_군주_배우자]","e_type":"WIKILINK"}],"wikiPageId":596507,"pIdx":1,"plainText":"웨일스의 메우드 (, 1869년 11월 26일~1938년 11월 20일)는 에드워드 7세와 덴마크의 알렉산드라 사이에서 태어난 딸로, 덴마크의 칼 왕자와 결혼하였으나, 노르웨이 의회가 그를 노르웨이 국왕으로 선출하면서 그녀 역시 왕비가 되었다. 그녀는 1380년 이래로 덴마크나 스웨덴의 왕비를 겸하지 않은 최초의 노르웨이 왕비이다.","mentionTagged":"[웨일스의 메우드] (, [1869년] [11월 26일]~[1938년] [11월 20일])는 [에드워드 7세]와 [덴마크의 알렉산드라] 사이에서 태어난 딸로, [덴마크의 칼 왕자]와 결혼하였으나, [노르웨이 의회]가 그를 [노르웨이 국왕]으로 선출하면서 그녀 역시 [왕비]가 되었다. 그녀는 [1380년] 이래로 [덴마크]나 [스웨덴]의 [왕비]를 겸하지 않은 최초의 [노르웨이 왕비]이다."}