{"entityTagged":"제창. [1956년]에 [마리야_김부타스]는 [고고학]과 [언어학]을 결합하여, [인도유럽조어]를 말하는 사람들의 기원에 관하여 [쿠르간 가설]을 제창하였다. [김부타스]는 [러시아] 남부의 <쿠르간>(Kurgan, )이라는 수반 분묘를 가진 문화를 조사하여 이를 \"쿠르간 문화\"라고 부르고, 쿠르간형의 분구묘가 [유럽·중앙아시아] 전역에 퍼졌다는 사실을 밝혀냈다.","globalSId":[3770013,3770014,3770015],"entities":[{"kbox_types":["Year","TimePeriod"],"st":4,"en_mention":8,"ancestor":"-2","eIdx":0,"st_mention":3,"en":11,"ne_type":"TIME","keyword":"[1956년]","e_type":"NEW"},{"kbox_types":["Agent","Person"],"st":13,"en_mention":18,"ancestor":"","eIdx":1,"st_mention":10,"en":23,"ne_type":"PERSON","keyword":"[마리야_김부타스]","e_type":"WIKILINK"},{"kbox_types":["AcademicSubject","TopicalConcept"],"st":25,"en_mention":23,"ancestor":"","eIdx":2,"st_mention":20,"en":30,"ne_type":"ETC","keyword":"[고고학]","e_type":"WIKILINK"},{"kbox_types":["NULL"],"st":32,"en_mention":28,"ancestor":"","eIdx":3,"st_mention":25,"en":37,"ne_type":"ETC","keyword":"[언어학]","e_type":"WIKILINK"},{"kbox_types":["NULL"],"st":45,"en_mention":42,"ancestor":"","eIdx":4,"st_mention":36,"en":53,"ne_type":"ETC","keyword":"[인도유럽조어]","e_type":"WIKILINK"},{"kbox_types":["NULL"],"st":72,"en_mention":67,"ancestor":"-2","eIdx":5,"st_mention":61,"en":80,"ne_type":"ETC","keyword":"[쿠르간 가설]","e_type":"NEW"},{"kbox_types":["NULL"],"st":89,"en_mention":80,"ancestor":"2-1","eIdx":6,"st_mention":76,"en":95,"ne_type":"PERSON","keyword":"[김부타스]","e_type":"NEW"},{"kbox_types":["Country","PopulatedPlace","PopulatedPlace","Place"],"st":97,"en_mention":85,"ancestor":"-2","eIdx":7,"st_mention":82,"en":102,"ne_type":"LOCATION","keyword":"[러시아]","e_type":"NEW"},{"kbox_types":["PopulatedPlace","Settlement","PopulatedPlace","City","Place"],"st":107,"en_mention":93,"ancestor":"","eIdx":8,"st_mention":90,"en":112,"ne_type":"LOCATION","keyword":"<쿠르간>","e_type":"ELU"},{"kbox_types":["NULL"],"st":175,"en_mention":164,"ancestor":"-2","eIdx":9,"st_mention":156,"en":185,"ne_type":"LOCATION","keyword":"[유럽·중앙아시아]","e_type":"NEW"}],"wikiPageId":1486647,"pIdx":2,"plainText":"제창 1956년에 마리야 김부타스는 고고학과 언어학을 결합하여, 인도유럽조어를 말하는 사람들의 기원에 관하여 쿠르간 가설을 제창하였다. 김부타스는 러시아 남부의 쿠르간(Kurgan, )이라는 수반 분묘를 가진 문화를 조사하여 이를 \"쿠르간 문화\"라고 부르고, 쿠르간형의 분구묘가 유럽·중앙아시아 전역에 퍼졌다는 사실을 밝혀냈다.","mentionTagged":"제창 [1956년]에 [마리야 김부타스]는 [고고학]과 [언어학]을 결합하여, [인도유럽조어]를 말하는 사람들의 기원에 관하여 [쿠르간 가설]을 제창하였다. [김부타스]는 [러시아] 남부의 [쿠르간](Kurgan, )이라는 수반 분묘를 가진 문화를 조사하여 이를 \"쿠르간 문화\"라고 부르고, 쿠르간형의 분구묘가 [유럽·중앙아시아] 전역에 퍼졌다는 사실을 밝혀냈다."}