{"entityTagged":"선수 경력. [2002년] [울산_현대_호랑이]에 입단하며 프로 무대에 데뷔하였다. 데뷔 시즌 리그 15경기에 출전하여 무난한 활약을 펼쳤으나 [K리그_2004]부터 주전 경쟁에서 밀려 [K리그_2005]까지 리그 6경기 출전에 그쳤다. 하지만 [K리그_2006] 제 기량을 회복하여 시즌 35경기에 출전하였고 [AFC_챔피언스리그_2006] 무대에서는 프로 데뷔골을 기록하기도 하였다. 이후 [앤디_에글리] 감독이 지휘하던 [부산_아이파크]로 이적하였고 한 시즌 후 [정해성] 감독의 러브콜을 받고 [제주_유나이티드_FC]로 이적하였다. 하지만 이적 직후 [정해성] 감독의 사임으로 새 팀 [제주]에서의 입지가 위태로워 지는 듯 하였으나 리그 16경기에서 출전하였고 [K리그컵_2008]에선 도움 랭킹 1위에 오르며 좋은 활약을 펼쳤다.","globalSId":[2093652,2093653,2093654,2093655,2093656,2093657],"entities":[{"kbox_types":["Year","MusicalWork","TimePeriod","Work","Album"],"st":7,"en_mention":11,"ancestor":"","eIdx":0,"st_mention":6,"en":14,"ne_type":"TIME","keyword":"[2002년]","e_type":"WIKILINK"},{"kbox_types":["SoccerClub","Agent","Organisation","SportsTeam"],"st":15,"en_mention":21,"ancestor":"","eIdx":1,"st_mention":12,"en":26,"ne_type":"ORGANIZATION","keyword":"[울산_현대_호랑이]","e_type":"WIKILINK"},{"kbox_types":["FootballMatch","Event","SocietalEvent","SportsEvent"],"st":80,"en_mention":82,"ancestor":"","eIdx":2,"st_mention":75,"en":90,"ne_type":"ETC","keyword":"[K리그_2004]","e_type":"WIKILINK"},{"kbox_types":["FootballMatch","Event","SocietalEvent","SportsEvent"],"st":104,"en_mention":103,"ancestor":"","eIdx":3,"st_mention":96,"en":114,"ne_type":"ETC","keyword":"[K리그_2005]","e_type":"WIKILINK"},{"kbox_types":["FootballMatch","Event","SocietalEvent","SportsEvent"],"st":137,"en_mention":133,"ancestor":"","eIdx":4,"st_mention":126,"en":147,"ne_type":"ETC","keyword":"[K리그_2006]","e_type":"WIKILINK"},{"kbox_types":["SoccerTournament","FootballMatch","Tournament","Event","SocietalEvent","SportsEvent"],"st":174,"en_mention":170,"ancestor":"","eIdx":5,"st_mention":160,"en":191,"ne_type":"ETC","keyword":"[AFC_챔피언스리그_2006]","e_type":"WIKILINK"},{"kbox_types":["NULL"],"st":220,"en_mention":205,"ancestor":"","eIdx":6,"st_mention":199,"en":228,"ne_type":"ETC","keyword":"[앤디_에글리]","e_type":"WIKILINK"},{"kbox_types":["SoccerClub","Agent","SportsTeam","Organisation"],"st":238,"en_mention":222,"ancestor":"","eIdx":7,"st_mention":215,"en":247,"ne_type":"ORGANIZATION","keyword":"[부산_아이파크]","e_type":"WIKILINK"},{"kbox_types":["SoccerPlayer","SportsManager","Agent","Person","SoccerManager","Athlete"],"st":262,"en_mention":240,"ancestor":"","eIdx":8,"st_mention":237,"en":267,"ne_type":"PERSON","keyword":"[정해성]","e_type":"WIKILINK"},{"kbox_types":["SoccerClub","Agent","SportsTeam","Organisation"],"st":280,"en_mention":255,"ancestor":"","eIdx":9,"st_mention":253,"en":293,"ne_type":"ORGANIZATION","keyword":"[제주_유나이티드_FC]","e_type":"WIKILINK"},{"kbox_types":["SoccerPlayer","SportsManager","Agent","Person","SoccerManager","Athlete"],"st":312,"en_mention":277,"ancestor":"3-8","eIdx":10,"st_mention":274,"en":317,"ne_type":"PERSON","keyword":"[정해성]","e_type":"NEW"},{"kbox_types":["NULL"],"st":331,"en_mention":293,"ancestor":"3-9","eIdx":11,"st_mention":291,"en":335,"ne_type":"ORGANIZATION","keyword":"[제주]","e_type":"NEW"},{"kbox_types":["NULL"],"st":374,"en_mention":335,"ancestor":"","eIdx":12,"st_mention":332,"en":385,"ne_type":"ETC","keyword":"[K리그컵_2008]","e_type":"WIKILINK"}],"wikiPageId":463416,"pIdx":3,"plainText":"선수 경력 2002년 울산 현대 호랑이에 입단하며 프로 무대에 데뷔하였다. 데뷔 시즌 리그 15경기에 출전하여 무난한 활약을 펼쳤으나 2004 시즌부터 주전 경쟁에서 밀려 2005 시즌까지 리그 6경기 출전에 그쳤다. 하지만 2006 시즌 제 기량을 회복하여 시즌 35경기에 출전하였고 AFC 챔피언스리그 무대에서는 프로 데뷔골을 기록하기도 하였다. 이후 앤디 에글리 감독이 지휘하던 부산 아이파크로 이적하였고 한 시즌 후 정해성 감독의 러브콜을 받고 제주로 이적하였다. 하지만 이적 직후 정해성 감독의 사임으로 새 팀 제주에서의 입지가 위태로워 지는 듯 하였으나 리그 16경기에서 출전하였고 컵대회에선 도움 랭킹 1위에 오르며 좋은 활약을 펼쳤다.","pronouns":[{"st":255,"ancestor":"-2","proIdx":0,"en":260,"cwStateCd":"FIXED","cwSelIdx":[],"type":"PRONOUN","keyword":"한 시즌 후"}],"mentionTagged":"선수 경력 [2002년] [울산 현대 호랑이]에 입단하며 프로 무대에 데뷔하였다. 데뷔 시즌 리그 15경기에 출전하여 무난한 활약을 펼쳤으나 [2004 시즌]부터 주전 경쟁에서 밀려 [2005 시즌]까지 리그 6경기 출전에 그쳤다. 하지만 [2006 시즌] 제 기량을 회복하여 시즌 35경기에 출전하였고 [AFC 챔피언스리그] 무대에서는 프로 데뷔골을 기록하기도 하였다. 이후 [앤디 에글리] 감독이 지휘하던 [부산 아이파크]로 이적하였고 한 시즌 후 [정해성] 감독의 러브콜을 받고 [제주]로 이적하였다. 하지만 이적 직후 [정해성] 감독의 사임으로 새 팀 [제주]에서의 입지가 위태로워 지는 듯 하였으나 리그 16경기에서 출전하였고 [컵대회]에선 도움 랭킹 1위에 오르며 좋은 활약을 펼쳤다."}