{"entityTagged":"어휘. <몰타어>의 어휘는 [아랍어] 어휘를 기초로 하며([이탈리아어] [토스카나_방언]보다 오히려) [시칠리아어]에서 방대한 차용어를 받아들인 <하이브리드_커널>이다. 이 점에 있어 [로망스어]의 영향을 강하게 받은 [게르만어]인 [영어], <아랍어>의 영향을 강하게 받은 [인도이란어파]의 [페르시아어]와 닮아 있다.","globalSId":[468678,468679,468680],"entities":[{"kbox_types":["Language"],"st":4,"en_mention":6,"ancestor":"","eIdx":0,"st_mention":3,"en":9,"ne_type":"ETC","keyword":"<몰타어>","e_type":"ELU"},{"kbox_types":["Language"],"st":15,"en_mention":15,"ancestor":"7-0","eIdx":1,"st_mention":12,"en":20,"ne_type":"ETC","keyword":"[아랍어]","e_type":"NEW"},{"kbox_types":["Language"],"st":32,"en_mention":32,"ancestor":"1-17","eIdx":2,"st_mention":27,"en":39,"ne_type":"ETC","keyword":"[이탈리아어]","e_type":"NEW"},{"kbox_types":["NULL"],"st":40,"en_mention":40,"ancestor":"","eIdx":3,"st_mention":33,"en":49,"ne_type":"ETC","keyword":"[토스카나_방언]","e_type":"WIKILINK"},{"kbox_types":["Language"],"st":57,"en_mention":53,"ancestor":"","eIdx":4,"st_mention":48,"en":64,"ne_type":"ETC","keyword":"[시칠리아어]","e_type":"WIKILINK"},{"kbox_types":["NULL"],"st":81,"en_mention":75,"ancestor":"","eIdx":5,"st_mention":70,"en":91,"ne_type":"ETC","keyword":"<하이브리드_커널>","e_type":"ELU"},{"kbox_types":["NULL"],"st":103,"en_mention":91,"ancestor":"","eIdx":6,"st_mention":87,"en":109,"ne_type":"ETC","keyword":"[로망스어]","e_type":"WIKILINK"},{"kbox_types":["Language"],"st":122,"en_mention":108,"ancestor":"","eIdx":7,"st_mention":104,"en":128,"ne_type":"ETC","keyword":"[게르만어]","e_type":"WIKILINK"},{"kbox_types":["Language"],"st":130,"en_mention":112,"ancestor":"","eIdx":8,"st_mention":110,"en":134,"ne_type":"ETC","keyword":"[영어]","e_type":"WIKILINK"},{"kbox_types":["Language"],"st":136,"en_mention":117,"ancestor":"","eIdx":9,"st_mention":114,"en":141,"ne_type":"ETC","keyword":"<아랍어>","e_type":"ELU"},{"kbox_types":["NULL"],"st":154,"en_mention":136,"ancestor":"","eIdx":10,"st_mention":130,"en":162,"ne_type":"ETC","keyword":"[인도이란어파]","e_type":"WIKILINK"},{"kbox_types":["Language"],"st":164,"en_mention":143,"ancestor":"","eIdx":11,"st_mention":138,"en":171,"ne_type":"ETC","keyword":"[페르시아어]","e_type":"WIKILINK"}],"wikiPageId":50461,"pIdx":10,"plainText":"어휘 몰타어의 어휘는 아랍어 어휘를 기초로 하며(이탈리아어 토스카나 방언보다 오히려) 시칠리아어에서 방대한 차용어를 받아들인 하이브리드이다. 이 점에 있어 로망스어의 영향을 강하게 받은 게르만어인 영어, 아랍어의 영향을 강하게 받은 인도이란어파의 페르시아어와 닮아 있다.","pronouns":[{"st":95,"ancestor":"10-5","proIdx":0,"en":97,"cwStateCd":"FIXED","cwSelIdx":13,"type":"PRONOUN","keyword":"이 점"}],"mentionTagged":"어휘 [몰타어]의 어휘는 [아랍어] 어휘를 기초로 하며([이탈리아어] [토스카나 방언]보다 오히려) [시칠리아어]에서 방대한 차용어를 받아들인 [하이브리드]이다. 이 점에 있어 [로망스어]의 영향을 강하게 받은 [게르만어]인 [영어], [아랍어]의 영향을 강하게 받은 [인도이란어파]의 [페르시아어]와 닮아 있다."}