{"entityTagged":"<우루무치_시>(, [라틴_문자]: [Ürümqi\/Ürümqi Shehri], [중국조선말]: [우룸치]，)는 인구 약 3,112,600명으로 [중화인민공화국]의 북서부에 있는, [신장_위구르_자치구]의 구도이다. <우루무치_시>는 '아름다운 목장'을 의미하며 [중국] 서부의 최대 도시이다. [1990년]대 이래 <우루무치_시>는 경제적으로 점차 개발되고 있고 현재 지역의 교통과 상업의 중심지 역할을 하고 있다. <우루무치_시>는 문화적으로는 대부분 [중국] 동부보다 [우즈베키스탄]의 [수도] [타슈켄트]와 <중앙아시아>와 유사한 점이 많이 있다.","globalSId":[497899,497900,497901,497902],"entities":[{"kbox_types":["PopulatedPlace","Settlement","PopulatedPlace","City","Place"],"st":0,"en_mention":4,"ancestor":"","eIdx":0,"st_mention":0,"en":8,"ne_type":"LOCATION","keyword":"<우루무치_시>","e_type":"ELU"},{"kbox_types":["NULL"],"st":11,"en_mention":12,"ancestor":"","eIdx":1,"st_mention":7,"en":18,"ne_type":"ETC","keyword":"[라틴_문자]","e_type":"WIKILINK"},{"kbox_types":["NULL"],"st":20,"en_mention":34,"ancestor":"1-0","eIdx":2,"st_mention":14,"en":42,"ne_type":"LOCATION","keyword":"[Ürümqi\/Ürümqi Shehri]","e_type":"NEW"},{"kbox_types":["NULL"],"st":44,"en_mention":41,"ancestor":"","eIdx":3,"st_mention":36,"en":51,"ne_type":"ETC","keyword":"[중국조선말]","e_type":"WIKILINK"},{"kbox_types":["NULL"],"st":53,"en_mention":46,"ancestor":"1-0","eIdx":4,"st_mention":43,"en":58,"ne_type":"LOCATION","keyword":"[우룸치]","e_type":"NEW"},{"kbox_types":["Country","PopulatedPlace","PopulatedPlace","Place"],"st":80,"en_mention":75,"ancestor":"","eIdx":5,"st_mention":68,"en":89,"ne_type":"LOCATION","keyword":"[중화인민공화국]","e_type":"WIKILINK"},{"kbox_types":["PopulatedPlace","Settlement","PopulatedPlace","Place"],"st":100,"en_mention":96,"ancestor":"","eIdx":6,"st_mention":86,"en":112,"ne_type":"LOCATION","keyword":"[신장_위구르_자치구]","e_type":"WIKILINK"},{"kbox_types":["PopulatedPlace","Settlement","PopulatedPlace","City","Place"],"st":120,"en_mention":108,"ancestor":"","eIdx":7,"st_mention":104,"en":128,"ne_type":"LOCATION","keyword":"<우루무치_시>","e_type":"ELU"},{"kbox_types":["NULL"],"st":146,"en_mention":128,"ancestor":"1-5","eIdx":8,"st_mention":126,"en":150,"ne_type":"LOCATION","keyword":"[중국]","e_type":"NEW"},{"kbox_types":["Year","TimePeriod"],"st":164,"en_mention":147,"ancestor":"-2","eIdx":9,"st_mention":142,"en":171,"ne_type":"TIME","keyword":"[1990년]","e_type":"NEW"},{"kbox_types":["PopulatedPlace","Settlement","PopulatedPlace","City","Place"],"st":176,"en_mention":156,"ancestor":"","eIdx":10,"st_mention":152,"en":184,"ne_type":"LOCATION","keyword":"<우루무치_시>","e_type":"ELU"},{"kbox_types":["PopulatedPlace","Settlement","PopulatedPlace","City","Place"],"st":233,"en_mention":209,"ancestor":"","eIdx":11,"st_mention":205,"en":241,"ne_type":"LOCATION","keyword":"<우루무치_시>","e_type":"ELU"},{"kbox_types":["NULL"],"st":254,"en_mention":224,"ancestor":"1-8","eIdx":12,"st_mention":222,"en":258,"ne_type":"LOCATION","keyword":"[중국]","e_type":"NEW"},{"kbox_types":["Country","PopulatedPlace","PopulatedPlace","Place"],"st":264,"en_mention":236,"ancestor":"","eIdx":13,"st_mention":230,"en":272,"ne_type":"LOCATION","keyword":"[우즈베키스탄]","e_type":"WIKILINK"},{"kbox_types":["NULL"],"st":274,"en_mention":240,"ancestor":"","eIdx":14,"st_mention":238,"en":278,"ne_type":"ETC","keyword":"[수도]","e_type":"WIKILINK"},{"kbox_types":["PopulatedPlace","Place","Settlement","PopulatedPlace","City"],"st":279,"en_mention":245,"ancestor":"","eIdx":15,"st_mention":241,"en":285,"ne_type":"LOCATION","keyword":"[타슈켄트]","e_type":"WIKILINK"},{"kbox_types":["PopulatedPlace","Place","Settlement","Continent"],"st":287,"en_mention":252,"ancestor":"","eIdx":16,"st_mention":247,"en":294,"ne_type":"LOCATION","keyword":"<중앙아시아>","e_type":"ELU"}],"wikiPageId":55686,"pIdx":1,"plainText":"우루무치(, 라틴 문자: Ürümqi\/Ürümqi Shehri, 중국조선말: 우룸치，)는 인구 약 3,112,600명으로 중화인민공화국의 북서부에 있는, 신장 위구르 자치구의 구도이다. 우루무치는 '아름다운 목장'을 의미하며 중국 서부의 최대 도시이다. 1990년대 이래 우루무치는 경제적으로 점차 개발되고 있고 현재 지역의 교통과 상업의 중심지 역할을 하고 있다. 우루무치는 문화적으로는 대부분 중국 동부보다 우즈베키스탄의 수도 타슈켄트와 중앙아시아와 유사한 점이 많이 있다.","mentionTagged":"[우루무치](, [라틴 문자]: [Ürümqi\/Ürümqi Shehri], [중국조선말]: [우룸치]，)는 인구 약 3,112,600명으로 [중화인민공화국]의 북서부에 있는, [신장 위구르 자치구]의 구도이다. [우루무치]는 '아름다운 목장'을 의미하며 [중국] 서부의 최대 도시이다. [1990년]대 이래 [우루무치]는 경제적으로 점차 개발되고 있고 현재 지역의 교통과 상업의 중심지 역할을 하고 있다. [우루무치]는 문화적으로는 대부분 [중국] 동부보다 [우즈베키스탄]의 [수도] [타슈켄트]와 [중앙아시아]와 유사한 점이 많이 있다."}