{"entityTagged":"<요크_대학교_(캐나다)>(York University 또는 YorkU)는 [캐나다] [온타리오_주] [토론토]에 위치한 유명한 연구 중심 공립대학교이며 <캐나다>에서 3번째로 큰 규모를 자랑한다.","globalSId":[2552002],"entities":[{"kbox_types":["University","Agent","EducationalInstitution","Organisation","School"],"st":0,"en_mention":5,"ancestor":"","eIdx":0,"st_mention":0,"en":14,"ne_type":"ORGANIZATION","keyword":"<요크_대학교_(캐나다)>","e_type":"ELU"},{"kbox_types":["Country","PopulatedPlace","PopulatedPlace","Place"],"st":42,"en_mention":36,"ancestor":"","eIdx":1,"st_mention":33,"en":47,"ne_type":"LOCATION","keyword":"[캐나다]","e_type":"WIKILINK"},{"kbox_types":["Place","PopulatedPlace","Settlement"],"st":48,"en_mention":43,"ancestor":"","eIdx":2,"st_mention":37,"en":56,"ne_type":"LOCATION","keyword":"[온타리오_주]","e_type":"WIKILINK"},{"kbox_types":["PopulatedPlace","Place","Settlement","PopulatedPlace","City"],"st":57,"en_mention":47,"ancestor":"","eIdx":3,"st_mention":44,"en":62,"ne_type":"LOCATION","keyword":"[토론토]","e_type":"WIKILINK"},{"kbox_types":["Country","PopulatedPlace","PopulatedPlace","Place"],"st":86,"en_mention":74,"ancestor":"","eIdx":4,"st_mention":71,"en":91,"ne_type":"LOCATION","keyword":"<캐나다>","e_type":"ELU"}],"wikiPageId":674863,"pIdx":1,"plainText":"요크대학교(York University 또는 YorkU)는 캐나다 온타리오 주 토론토에 위치한 유명한 연구 중심 공립대학교이며 캐나다에서 3번째로 큰 규모를 자랑한다.","pronouns":[],"mentionTagged":"[요크대학교](York University 또는 YorkU)는 [캐나다] [온타리오 주] [토론토]에 위치한 유명한 연구 중심 공립대학교이며 [캐나다]에서 3번째로 큰 규모를 자랑한다."}