{"entityTagged":"[카슈미르사향노루](\"Moschus cupreus\")는 [사향노루속]에 속하는 [소목_(동물)]의 일종이다. [아프가니스탄]과 [인도] 그리고 [파키스탄]에서 발견되는 멸종 위기종의 하나이다. 예전에 [산사향노루]의 아종으로 간주하기도 했지만, 현재는 별도의 종으로 분류한다. 어깨 높이는 60cm 정도이며, 수컷만 [사향]을 갖고 있고 짝짓기 철에 암컷에게 자신의 위치를 알리기 위해 사용하고 있다. [카슈미르사향노루]는 아시아 전역에서 발견되는 7종의 [사향노루] 중의 하나로 서식지 감소와 사향을 얻기 위한 과도한 사냥때문에 멸종 위기에 처해 있다.","globalSId":[3733435,3733436,3733437,3733438,3733439],"entities":[{"kbox_types":["Animal","Species","TopicalConcept","Taxon","Eukaryote","Mammal"],"st":0,"en_mention":8,"ancestor":"-2","eIdx":0,"st_mention":0,"en":10,"ne_type":"ETC","keyword":"[카슈미르사향노루]","e_type":"NEW"},{"kbox_types":["Animal","Species","TopicalConcept","Taxon","Eukaryote","Mammal"],"st":31,"en_mention":34,"ancestor":"","eIdx":1,"st_mention":29,"en":38,"ne_type":"ETC","keyword":"[사향노루속]","e_type":"WIKILINK"},{"kbox_types":["Animal","Species","TopicalConcept","Taxon","Eukaryote","Mammal"],"st":44,"en_mention":43,"ancestor":"","eIdx":2,"st_mention":40,"en":53,"ne_type":"ETC","keyword":"[소목_(동물)]","e_type":"WIKILINK"},{"kbox_types":["Country","PopulatedPlace","Settlement","PopulatedPlace","Place"],"st":61,"en_mention":57,"ancestor":"","eIdx":3,"st_mention":51,"en":69,"ne_type":"LOCATION","keyword":"[아프가니스탄]","e_type":"WIKILINK"},{"kbox_types":["Country","PopulatedPlace","PopulatedPlace","Place"],"st":71,"en_mention":61,"ancestor":"","eIdx":4,"st_mention":59,"en":75,"ne_type":"LOCATION","keyword":"[인도]","e_type":"WIKILINK"},{"kbox_types":["Country","PopulatedPlace","PopulatedPlace","Place"],"st":80,"en_mention":70,"ancestor":"","eIdx":5,"st_mention":66,"en":86,"ne_type":"LOCATION","keyword":"[파키스탄]","e_type":"WIKILINK"},{"kbox_types":["Animal","Species","TopicalConcept","Taxon","Eukaryote","Mammal"],"st":112,"en_mention":101,"ancestor":"","eIdx":6,"st_mention":96,"en":119,"ne_type":"ETC","keyword":"[산사향노루]","e_type":"WIKILINK"},{"kbox_types":["NULL"],"st":177,"en_mention":161,"ancestor":"","eIdx":7,"st_mention":159,"en":181,"ne_type":"ETC","keyword":"[사향]","e_type":"WIKILINK"},{"kbox_types":["Animal","Species","TopicalConcept","Taxon","Eukaryote","Mammal"],"st":225,"en_mention":213,"ancestor":"1-0","eIdx":8,"st_mention":205,"en":235,"ne_type":"ETC","keyword":"[카슈미르사향노루]","e_type":"NEW"},{"kbox_types":["Animal","Species","TopicalConcept","Taxon","Eukaryote","Mammal"],"st":255,"en_mention":237,"ancestor":"-2","eIdx":9,"st_mention":233,"en":261,"ne_type":"ETC","keyword":"[사향노루]","e_type":"NEW"}],"wikiPageId":1450352,"pIdx":1,"plainText":"카슈미르사향노루(\"Moschus cupreus\")는 사향노루과에 속하는 우제류의 일종이다. 아프가니스탄과 인도 그리고 파키스탄에서 발견되는 멸종 위기종의 하나이다. 예전에 산사향노루의 아종으로 간주하기도 했지만, 현재는 별도의 종으로 분류한다. 어깨 높이는 60cm 정도이며, 수컷만 사향을 갖고 있고 짝짓기 철에 암컷에게 자신의 위치를 알리기 위해 사용하고 있다. 카슈미르사향노루는 아시아 전역에서 발견되는 7종의 사향노루 중의 하나로 서식지 감소와 사향을 얻기 위한 과도한 사냥때문에 멸종 위기에 처해 있다.","mentionTagged":"[카슈미르사향노루](\"Moschus cupreus\")는 [사향노루과]에 속하는 [우제류]의 일종이다. [아프가니스탄]과 [인도] 그리고 [파키스탄]에서 발견되는 멸종 위기종의 하나이다. 예전에 [산사향노루]의 아종으로 간주하기도 했지만, 현재는 별도의 종으로 분류한다. 어깨 높이는 60cm 정도이며, 수컷만 [사향]을 갖고 있고 짝짓기 철에 암컷에게 자신의 위치를 알리기 위해 사용하고 있다. [카슈미르사향노루]는 아시아 전역에서 발견되는 7종의 [사향노루] 중의 하나로 서식지 감소와 사향을 얻기 위한 과도한 사냥때문에 멸종 위기에 처해 있다."}