{"entityTagged":"[로렌](, , )은 [프랑스] 북동부에 위치한 [프랑스의_레지옹]으로 중심 도시는 [메스_(프랑스)]이며 면적은 23,547㎢, 인구는 2,939,393명(2012년 기준)이다.","globalSId":[204845],"entities":[{"kbox_types":["Region","PopulatedPlace","AdministrativeRegion","Place","Settlement"],"st":0,"en_mention":2,"ancestor":"-2","eIdx":0,"st_mention":0,"en":4,"ne_type":"LOCATION","keyword":"[로렌]","e_type":"NEW"},{"kbox_types":["Country","PopulatedPlace","Settlement","PopulatedPlace","Place"],"st":12,"en_mention":13,"ancestor":"","eIdx":1,"st_mention":10,"en":17,"ne_type":"LOCATION","keyword":"[프랑스]","e_type":"WIKILINK"},{"kbox_types":["NULL"],"st":27,"en_mention":26,"ancestor":"","eIdx":2,"st_mention":23,"en":37,"ne_type":"ETC","keyword":"[프랑스의_레지옹]","e_type":"WIKILINK"},{"kbox_types":["PopulatedPlace","Settlement","PopulatedPlace","Place"],"st":47,"en_mention":38,"ancestor":"","eIdx":3,"st_mention":36,"en":57,"ne_type":"LOCATION","keyword":"[메스_(프랑스)]","e_type":"WIKILINK"}],"wikiPageId":13759,"pIdx":1,"plainText":"로렌(, , )은 프랑스 북동부에 위치한 레지옹으로 중심 도시는 메스이며 면적은 23,547㎢, 인구는 2,939,393명(2012년 기준)이다.","pronouns":[],"mentionTagged":"[로렌](, , )은 [프랑스] 북동부에 위치한 [레지옹]으로 중심 도시는 [메스]이며 면적은 23,547㎢, 인구는 2,939,393명(2012년 기준)이다."}