{"entityTagged":"<거촌역>(巨村驛)은 [경상북도] [봉화군] [봉성면] 외삼리에 위치한 [영동선]의 철도역이다. 역명은 인근의 [봉화읍] 거촌리에서 유래하였으나, [거촌리]에 위치하지는 않는다.","globalSId":[1048419,1048420],"entities":[{"kbox_types":["ArchitecturalStructure","Place","Station","Infrastructure","RailwayStation"],"st":0,"en_mention":3,"ancestor":"","eIdx":0,"st_mention":0,"en":5,"ne_type":"LOCATION","keyword":"<거촌역>","e_type":"ELU"},{"kbox_types":["PopulatedPlace","Settlement","PopulatedPlace","Place"],"st":12,"en_mention":14,"ancestor":"","eIdx":1,"st_mention":10,"en":18,"ne_type":"LOCATION","keyword":"[경상북도]","e_type":"WIKILINK"},{"kbox_types":["PopulatedPlace","Settlement","PopulatedPlace","Place"],"st":19,"en_mention":18,"ancestor":"","eIdx":2,"st_mention":15,"en":24,"ne_type":"LOCATION","keyword":"[봉화군]","e_type":"WIKILINK"},{"kbox_types":["NULL"],"st":25,"en_mention":22,"ancestor":"","eIdx":3,"st_mention":19,"en":30,"ne_type":"ETC","keyword":"[봉성면]","e_type":"WIKILINK"},{"kbox_types":["ArchitecturalStructure","Place","RailwayLine","RouteOfTransportation","Infrastructure"],"st":40,"en_mention":35,"ancestor":"","eIdx":4,"st_mention":32,"en":45,"ne_type":"LOCATION","keyword":"[영동선]","e_type":"WIKILINK"},{"kbox_types":["NULL"],"st":62,"en_mention":55,"ancestor":"","eIdx":5,"st_mention":52,"en":67,"ne_type":"ETC","keyword":"[봉화읍]","e_type":"WIKILINK"},{"kbox_types":["NULL"],"st":82,"en_mention":59,"ancestor":"-2","eIdx":6,"st_mention":56,"en":87,"ne_type":"LOCATION","keyword":"[거촌리]","e_type":"NEW"}],"wikiPageId":154272,"pIdx":1,"plainText":"거촌역(巨村驛)은 경상북도 봉화군 봉성면 외삼리에 위치한 영동선의 철도역이다. 역명은 인근의 봉화읍 거촌리에서 유래하였으나, 거촌리에 위치하지는 않는다.","pronouns":[],"mentionTagged":"[거촌역](巨村驛)은 [경상북도] [봉화군] [봉성면] 외삼리에 위치한 [영동선]의 철도역이다. 역명은 인근의 [봉화읍] [거촌리]에서 유래하였으나, 거촌리에 위치하지는 않는다."}