{"entityTagged":"[고삐발톱꼬리왈라비](\"Onychogalea fraenata\")은 [캥거루과]에 속하는 멸종위기종 [유대류]의 일종이다. [오스트레일리아] [퀸즐랜드_주]의 군데 고립된 장소에서 발견되는 작은 [왈라비]로 개체수가 감소 추세에 있다. 현재, 야생에서의 전체 성체 개체수를 1,100마리 이하로 추산하고 있다.","globalSId":[3804464,3804465,3804466],"entities":[{"kbox_types":["Animal","Species","TopicalConcept","Taxon","Eukaryote","Mammal"],"st":0,"en_mention":9,"ancestor":"-2","eIdx":0,"st_mention":0,"en":11,"ne_type":"ETC","keyword":"[고삐발톱꼬리왈라비]","e_type":"NEW"},{"kbox_types":["Animal","Species","TopicalConcept","Taxon","Eukaryote","Mammal"],"st":37,"en_mention":39,"ancestor":"","eIdx":1,"st_mention":35,"en":43,"ne_type":"ETC","keyword":"[캥거루과]","e_type":"WIKILINK"},{"kbox_types":["Animal","Species","TopicalConcept","Taxon","Eukaryote"],"st":55,"en_mention":54,"ancestor":"","eIdx":2,"st_mention":51,"en":60,"ne_type":"ETC","keyword":"[유대류]","e_type":"WIKILINK"},{"kbox_types":["Country","PopulatedPlace","Settlement","PopulatedPlace","Place"],"st":68,"en_mention":69,"ancestor":"","eIdx":3,"st_mention":62,"en":77,"ne_type":"LOCATION","keyword":"[오스트레일리아]","e_type":"WIKILINK"},{"kbox_types":["Region","Country","PopulatedPlace","AdministrativeRegion","Place","AdministrativeRegion"],"st":78,"en_mention":76,"ancestor":"","eIdx":4,"st_mention":70,"en":86,"ne_type":"LOCATION","keyword":"[퀸즐랜드_주]","e_type":"WIKILINK"},{"kbox_types":["NULL"],"st":108,"en_mention":101,"ancestor":"","eIdx":5,"st_mention":98,"en":113,"ne_type":"ETC","keyword":"[왈라비]","e_type":"WIKILINK"}],"wikiPageId":1582269,"pIdx":1,"plainText":"고삐발톱꼬리왈라비(\"Onychogalea fraenata\")은 캥거루과에 속하는 멸종위기종 유대류의 일종이다. 오스트레일리아 퀸즐랜드 주의 군데 고립된 장소에서 발견되는 작은 왈라비로 개체수가 감소 추세에 있다. 현재, 야생에서의 전체 성체 개체수를 1,100마리 이하로 추산하고 있다.","mentionTagged":"[고삐발톱꼬리왈라비](\"Onychogalea fraenata\")은 [캥거루과]에 속하는 멸종위기종 [유대류]의 일종이다. [오스트레일리아] [퀸즐랜드 주]의 군데 고립된 장소에서 발견되는 작은 [왈라비]로 개체수가 감소 추세에 있다. 현재, 야생에서의 전체 성체 개체수를 1,100마리 이하로 추산하고 있다."}