{"entityTagged":"[2013년] [6월 20일], [영국] [런던]에서 개최된 \u201C[삼성전자] 프리미어 2013: [삼성_갤럭시_(시리즈)] & [삼성_아티브]\u201D 신제품 발표회장서 [삼성_아티브] [북9플러스]와 [삼성_아티브] [북9라이트]가 새로 발표된다. [북9플러스]는 [인텔_코어] CPU가 탑재되어 있고, 13.3인치 화면크기에 터치스크린 기능과 [해상도]의 고해상도 화면이 탑재되어 소개되었다. 비록 [해상도] 화면이 탑재되었으나 당시 탑재 되어 있던 [윈도_8] 운영 체제의 [해상도] 화면 해상도의 미지원으로 발표시에는 [해상도] 해상도를 갖는 제품으로 홍보되었다. 그 이후 [윈도_8.1]에서 [해상도] 해상도를 지원함에 따라 이 문제는 [윈도_8.1]을 설치하게 되면서 해결되었고 별도의 조치 없이 [해상도] 화면의 해상도를 사용할 수 있게 되면서 다시 [해상도]의 해상도를 갖는 제품으로 홍보의 방향이 변경되었다.","globalSId":[3269332,3269333,3269334,3269335],"entities":[{"kbox_types":["Year","MusicalWork","TimePeriod","Work","Album"],"st":0,"en_mention":5,"ancestor":"-2","eIdx":0,"st_mention":0,"en":7,"ne_type":"TIME","keyword":"[2013년]","e_type":"NEW"},{"kbox_types":["NULL"],"st":8,"en_mention":12,"ancestor":"-2","eIdx":1,"st_mention":6,"en":16,"ne_type":"TIME","keyword":"[6월 20일]","e_type":"NEW"},{"kbox_types":["Country","PopulatedPlace","PopulatedPlace","Place"],"st":18,"en_mention":16,"ancestor":"","eIdx":2,"st_mention":14,"en":22,"ne_type":"LOCATION","keyword":"[영국]","e_type":"WIKILINK"},{"kbox_types":["PopulatedPlace","Place","Settlement","PopulatedPlace","City"],"st":23,"en_mention":19,"ancestor":"","eIdx":3,"st_mention":17,"en":27,"ne_type":"LOCATION","keyword":"[런던]","e_type":"WIKILINK"},{"kbox_types":["Company","Agent","Organisation"],"st":35,"en_mention":29,"ancestor":"","eIdx":4,"st_mention":27,"en":41,"ne_type":"ORGANIZATION","keyword":"[삼성전자]","e_type":"WIKILINK"},{"kbox_types":["InformationAppliance","Device"],"st":53,"en_mention":44,"ancestor":"","eIdx":5,"st_mention":41,"en":67,"ne_type":"ETC","keyword":"[삼성_갤럭시_(시리즈)]","e_type":"WIKILINK"},{"kbox_types":["NULL"],"st":70,"en_mention":50,"ancestor":"","eIdx":6,"st_mention":47,"en":78,"ne_type":"ETC","keyword":"[삼성_아티브]","e_type":"WIKILINK"},{"kbox_types":["NULL"],"st":90,"en_mention":65,"ancestor":"","eIdx":7,"st_mention":62,"en":98,"ne_type":"ETC","keyword":"[삼성_아티브]","e_type":"WIKILINK"},{"kbox_types":["NULL"],"st":99,"en_mention":71,"ancestor":"-2","eIdx":8,"st_mention":66,"en":106,"ne_type":"ETC","keyword":"[북9플러스]","e_type":"NEW"},{"kbox_types":["NULL"],"st":108,"en_mention":76,"ancestor":"","eIdx":9,"st_mention":73,"en":116,"ne_type":"ETC","keyword":"[삼성_아티브]","e_type":"WIKILINK"},{"kbox_types":["NULL"],"st":117,"en_mention":82,"ancestor":"-2","eIdx":10,"st_mention":77,"en":124,"ne_type":"ETC","keyword":"[북9라이트]","e_type":"NEW"},{"kbox_types":["NULL"],"st":135,"en_mention":98,"ancestor":"8-8","eIdx":11,"st_mention":93,"en":142,"ne_type":"ETC","keyword":"[북9플러스]","e_type":"NEW"},{"kbox_types":["NULL"],"st":144,"en_mention":111,"ancestor":"","eIdx":12,"st_mention":100,"en":151,"ne_type":"ETC","keyword":"[인텔_코어]","e_type":"WIKILINK"},{"kbox_types":["NULL"],"st":189,"en_mention":167,"ancestor":"","eIdx":13,"st_mention":149,"en":194,"ne_type":"ETC","keyword":"[해상도]","e_type":"WIKILINK"},{"kbox_types":["NULL"],"st":220,"en_mention":197,"ancestor":"","eIdx":14,"st_mention":193,"en":225,"ne_type":"ETC","keyword":"[해상도]","e_type":"WIKILINK"},{"kbox_types":["NULL"],"st":249,"en_mention":225,"ancestor":"","eIdx":15,"st_mention":221,"en":255,"ne_type":"ETC","keyword":"[윈도_8]","e_type":"WIKILINK"},{"kbox_types":["NULL"],"st":263,"en_mention":237,"ancestor":"","eIdx":16,"st_mention":233,"en":268,"ne_type":"ETC","keyword":"[해상도]","e_type":"WIKILINK"},{"kbox_types":["NULL"],"st":289,"en_mention":261,"ancestor":"","eIdx":17,"st_mention":258,"en":294,"ne_type":"ETC","keyword":"[해상도]","e_type":"WIKILINK"},{"kbox_types":["NULL"],"st":320,"en_mention":293,"ancestor":"","eIdx":18,"st_mention":287,"en":328,"ne_type":"ETC","keyword":"[윈도_8.1]","e_type":"WIKILINK"},{"kbox_types":["NULL"],"st":331,"en_mention":300,"ancestor":"","eIdx":19,"st_mention":296,"en":336,"ne_type":"ETC","keyword":"[해상도]","e_type":"WIKILINK"},{"kbox_types":["NULL"],"st":356,"en_mention":326,"ancestor":"","eIdx":20,"st_mention":320,"en":364,"ne_type":"ETC","keyword":"[윈도_8.1]","e_type":"WIKILINK"},{"kbox_types":["NULL"],"st":391,"en_mention":357,"ancestor":"","eIdx":21,"st_mention":353,"en":396,"ne_type":"ETC","keyword":"[해상도]","e_type":"WIKILINK"},{"kbox_types":["NULL"],"st":422,"en_mention":387,"ancestor":"","eIdx":22,"st_mention":383,"en":427,"ne_type":"ETC","keyword":"[해상도]","e_type":"WIKILINK"}],"wikiPageId":1063092,"pIdx":8,"plainText":"2013년 6월 20일, 영국 런던에서 개최된 \u201C삼성 프리미어 2013: 갤럭시 & 아티브\u201D 신제품 발표회장서 아티브 북9플러스와 아티브 북9라이트가 새로 발표된다. 북9플러스는 인텔 하스웰 코어i5 CPU가 탑재되어 있고, 13.3인치 화면크기에 터치스크린 기능과 qHD+ (3200 x 1800)의 고해상도 화면이 탑재되어 소개되었다. 비록 qHD+ 화면이 탑재되었으나 당시 탑재 되어 있던 윈도 8 운영 체제의 qHD+ 화면 해상도의 미지원으로 발표시에는 FHD 해상도를 갖는 제품으로 홍보되었다. 그 이후 윈도 8.1에서 qHD+ 해상도를 지원함에 따라 이 문제는 윈도 8.1을 설치하게 되면서 해결되었고 별도의 조치 없이 qHD+ 화면의 해상도를 사용할 수 있게 되면서 다시 qHD+의 해상도를 갖는 제품으로 홍보의 방향이 변경되었다.","mentionTagged":"[2013년] [6월 20일], [영국] [런던]에서 개최된 \u201C[삼성] 프리미어 2013: [갤럭시] & [아티브]\u201D 신제품 발표회장서 [아티브] [북9플러스]와 [아티브] [북9라이트]가 새로 발표된다. [북9플러스]는 [인텔 하스웰 코어i5] CPU가 탑재되어 있고, 13.3인치 화면크기에 터치스크린 기능과 [qHD+ (3200 x 1800)]의 고해상도 화면이 탑재되어 소개되었다. 비록 [qHD+] 화면이 탑재되었으나 당시 탑재 되어 있던 [윈도 8] 운영 체제의 [qHD+] 화면 해상도의 미지원으로 발표시에는 [FHD] 해상도를 갖는 제품으로 홍보되었다. 그 이후 [윈도 8.1]에서 [qHD+] 해상도를 지원함에 따라 이 문제는 [윈도 8.1]을 설치하게 되면서 해결되었고 별도의 조치 없이 [qHD+] 화면의 해상도를 사용할 수 있게 되면서 다시 [qHD+]의 해상도를 갖는 제품으로 홍보의 방향이 변경되었다."}