{"entityTagged":"<카우하요키>()는 [핀란드] [서핀란드_주] [남포흐얀마_지역]에 위치한 도시로, 면적은 1,315.56㎢, 인구는 14,189명([2012년] 기준), 인구 밀도는 10.92명\/㎢이다..","globalSId":[2803232],"entities":[{"kbox_types":["Place","City","PopulatedPlace","Town","Settlement"],"st":0,"en_mention":5,"ancestor":"","eIdx":0,"st_mention":0,"en":7,"ne_type":"LOCATION","keyword":"<카우하요키>","e_type":"ELU"},{"kbox_types":["Country","PopulatedPlace","Settlement","PopulatedPlace","Place"],"st":11,"en_mention":12,"ancestor":"","eIdx":1,"st_mention":9,"en":16,"ne_type":"LOCATION","keyword":"[핀란드]","e_type":"WIKILINK"},{"kbox_types":["PopulatedPlace","Settlement","PopulatedPlace","Place"],"st":17,"en_mention":19,"ancestor":"","eIdx":2,"st_mention":13,"en":25,"ne_type":"LOCATION","keyword":"[서핀란드_주]","e_type":"WIKILINK"},{"kbox_types":["PopulatedPlace","Settlement","PopulatedPlace","Place"],"st":26,"en_mention":28,"ancestor":"","eIdx":3,"st_mention":20,"en":36,"ne_type":"LOCATION","keyword":"[남포흐얀마_지역]","e_type":"WIKILINK"},{"kbox_types":["Year","MusicalWork","TimePeriod","Work","Album"],"st":74,"en_mention":71,"ancestor":"-2","eIdx":4,"st_mention":66,"en":81,"ne_type":"TIME","keyword":"[2012년]","e_type":"NEW"}],"wikiPageId":794333,"pIdx":1,"plainText":"카우하요키()는 핀란드 서핀란드 주 남포흐얀마 지역에 위치한 도시로, 면적은 1,315.56㎢, 인구는 14,189명(2012년 기준), 인구 밀도는 10.92명\/㎢이다..","mentionTagged":"[카우하요키]()는 [핀란드] [서핀란드 주] [남포흐얀마 지역]에 위치한 도시로, 면적은 1,315.56㎢, 인구는 14,189명([2012년] 기준), 인구 밀도는 10.92명\/㎢이다.."}