{"entityTagged":"<이토_다케시>(, [1954년] [3월_15일] ~ )는 [일본]의 음악가로, [색소폰], [EWI], [플루트] 등을 연주한다. [일본]의 퓨전[재즈] 밴드 [티스퀘어]의 일원으로 활동하고 있다.","globalSId":[1114770,1114771],"entities":[{"kbox_types":["Agent","Person","MusicalArtist","Artist"],"st":0,"en_mention":6,"ancestor":"","eIdx":0,"st_mention":0,"en":8,"ne_type":"PERSON","keyword":"<이토_다케시>","e_type":"ELU"},{"kbox_types":["Year","TimePeriod"],"st":11,"en_mention":14,"ancestor":"","eIdx":1,"st_mention":9,"en":18,"ne_type":"TIME","keyword":"[1954년]","e_type":"WIKILINK"},{"kbox_types":["NULL"],"st":19,"en_mention":21,"ancestor":"","eIdx":2,"st_mention":15,"en":27,"ne_type":"TIME","keyword":"[3월_15일]","e_type":"WIKILINK"},{"kbox_types":["Country","PopulatedPlace","PopulatedPlace","Place"],"st":33,"en_mention":29,"ancestor":"","eIdx":3,"st_mention":27,"en":37,"ne_type":"LOCATION","keyword":"[일본]","e_type":"WIKILINK"},{"kbox_types":["Instrument","Device"],"st":45,"en_mention":40,"ancestor":"","eIdx":4,"st_mention":37,"en":50,"ne_type":"ETC","keyword":"[색소폰]","e_type":"WIKILINK"},{"kbox_types":["NULL"],"st":52,"en_mention":45,"ancestor":"","eIdx":5,"st_mention":42,"en":57,"ne_type":"ETC","keyword":"[EWI]","e_type":"WIKILINK"},{"kbox_types":["Instrument","Device"],"st":59,"en_mention":50,"ancestor":"","eIdx":6,"st_mention":47,"en":64,"ne_type":"ETC","keyword":"[플루트]","e_type":"WIKILINK"},{"kbox_types":["Country","PopulatedPlace","PopulatedPlace","Place"],"st":74,"en_mention":62,"ancestor":"","eIdx":7,"st_mention":60,"en":78,"ne_type":"LOCATION","keyword":"[일본]","e_type":"WIKILINK"},{"kbox_types":["TopicalConcept","MusicGenre","Genre"],"st":82,"en_mention":68,"ancestor":"","eIdx":8,"st_mention":66,"en":86,"ne_type":"ETC","keyword":"[재즈]","e_type":"WIKILINK"},{"kbox_types":["Agent","Group","Organisation","Band"],"st":90,"en_mention":76,"ancestor":"","eIdx":9,"st_mention":72,"en":96,"ne_type":"ORGANIZATION","keyword":"[티스퀘어]","e_type":"WIKILINK"}],"wikiPageId":168001,"pIdx":1,"plainText":"이토 다케시(, 1954년 3월 15일 ~ )는 일본의 음악가로, 색소폰, EWI, 플루트 등을 연주한다. 일본의 퓨전재즈 밴드 티스퀘어의 일원으로 활동하고 있다.","pronouns":[],"mentionTagged":"[이토 다케시](, [1954년] [3월 15일] ~ )는 [일본]의 음악가로, [색소폰], [EWI], [플루트] 등을 연주한다. [일본]의 퓨전[재즈] 밴드 [티스퀘어]의 일원으로 활동하고 있다."}