{"entityTagged":"[1976년 동계 올림픽] [이탈리아 선수단]은 [오스트리아] [인스브루크]에서 개최된 [1976년_동계_올림픽]에 참가한 [올림픽_이탈리아_선수단]이다.","globalSId":[2125265],"entities":[{"kbox_types":["Olympics","Event","SocietalEvent","SportsEvent"],"st":0,"en_mention":12,"ancestor":"-2","eIdx":0,"st_mention":0,"en":14,"ne_type":"ETC","keyword":"[1976년 동계 올림픽]","e_type":"NEW"},{"kbox_types":["NULL"],"st":15,"en_mention":21,"ancestor":"-2","eIdx":1,"st_mention":13,"en":25,"ne_type":"PERSON","keyword":"[이탈리아 선수단]","e_type":"NEW"},{"kbox_types":["Country","PopulatedPlace","PopulatedPlace","Place"],"st":27,"en_mention":28,"ancestor":"","eIdx":2,"st_mention":23,"en":34,"ne_type":"LOCATION","keyword":"[오스트리아]","e_type":"WIKILINK"},{"kbox_types":["PopulatedPlace","Place","Settlement","PopulatedPlace"],"st":35,"en_mention":34,"ancestor":"","eIdx":3,"st_mention":29,"en":42,"ne_type":"LOCATION","keyword":"[인스브루크]","e_type":"WIKILINK"},{"kbox_types":["Olympics","Event","SocietalEvent","SportsEvent"],"st":49,"en_mention":53,"ancestor":"","eIdx":4,"st_mention":41,"en":63,"ne_type":"ETC","keyword":"[1976년_동계_올림픽]","e_type":"WIKILINK"},{"kbox_types":["NULL"],"st":69,"en_mention":71,"ancestor":"","eIdx":5,"st_mention":59,"en":83,"ne_type":"ETC","keyword":"[올림픽_이탈리아_선수단]","e_type":"WIKILINK"}],"wikiPageId":478849,"pIdx":1,"plainText":"1976년 동계 올림픽 이탈리아 선수단은 오스트리아 인스브루크에서 개최된 1976년 동계 올림픽에 참가한 올림픽 이탈리아 선수단이다.","mentionTagged":"[1976년 동계 올림픽] [이탈리아 선수단]은 [오스트리아] [인스브루크]에서 개최된 [1976년 동계 올림픽]에 참가한 [올림픽 이탈리아 선수단]이다."}