{"entityTagged":"[캠프 캐럴]은 [미국 육군]의 보관 시설로서 [서울특별시]과 [부산광역시]을 잇는 경부 [경부선]과 [경부고속도로]를 이용하기 위한 목적으로 [1959년] [5월]에 [제44공병대대]에 의해 건설되었다. 이듬해 [1960년], [한국_전쟁]에서 [수훈_십자_훈장]을 수여받은 [제5보병연대_(미국)] [72전투공병중대] 소속의 [찰리 F. 캐럴] [중사]를 기리기 위해 군영의 이름으로 짓고 기념관화하였다.","globalSId":[2486795,2486796,2486797],"entities":[{"kbox_types":["NULL"],"st":0,"en_mention":5,"ancestor":"-2","eIdx":0,"st_mention":0,"en":7,"ne_type":"LOCATION","keyword":"[캠프 캐럴]","e_type":"NEW"},{"kbox_types":["Agent","MilitaryUnit","Organisation"],"st":9,"en_mention":12,"ancestor":"-2","eIdx":1,"st_mention":7,"en":16,"ne_type":"ORGANIZATION","keyword":"[미국 육군]","e_type":"NEW"},{"kbox_types":["PopulatedPlace","Place","Settlement","PopulatedPlace","City"],"st":26,"en_mention":24,"ancestor":"","eIdx":2,"st_mention":22,"en":33,"ne_type":"LOCATION","keyword":"[서울특별시]","e_type":"WIKILINK"},{"kbox_types":["PopulatedPlace","Place","Settlement","PopulatedPlace","City"],"st":35,"en_mention":28,"ancestor":"","eIdx":3,"st_mention":26,"en":42,"ne_type":"LOCATION","keyword":"[부산광역시]","e_type":"WIKILINK"},{"kbox_types":["ArchitecturalStructure","RailwayLine","Place","RouteOfTransportation","Infrastructure","Place"],"st":50,"en_mention":39,"ancestor":"","eIdx":4,"st_mention":36,"en":55,"ne_type":"LOCATION","keyword":"[경부선]","e_type":"WIKILINK"},{"kbox_types":["ArchitecturalStructure","Road","Place","Place","RouteOfTransportation","Infrastructure"],"st":57,"en_mention":45,"ancestor":"","eIdx":5,"st_mention":41,"en":65,"ne_type":"LOCATION","keyword":"[경부고속도로]","e_type":"WIKILINK"},{"kbox_types":["Year","TimePeriod"],"st":80,"en_mention":65,"ancestor":"-2","eIdx":6,"st_mention":60,"en":87,"ne_type":"TIME","keyword":"[1959년]","e_type":"NEW"},{"kbox_types":["NULL"],"st":88,"en_mention":68,"ancestor":"-2","eIdx":7,"st_mention":66,"en":92,"ne_type":"TIME","keyword":"[5월]","e_type":"NEW"},{"kbox_types":["NULL"],"st":94,"en_mention":77,"ancestor":"-2","eIdx":8,"st_mention":70,"en":103,"ne_type":"ORGANIZATION","keyword":"[제44공병대대]","e_type":"NEW"},{"kbox_types":["Year","TimePeriod"],"st":119,"en_mention":98,"ancestor":"-2","eIdx":9,"st_mention":93,"en":126,"ne_type":"TIME","keyword":"[1960년]","e_type":"NEW"},{"kbox_types":["MilitaryConflict","Event","SocietalEvent"],"st":128,"en_mention":105,"ancestor":"","eIdx":10,"st_mention":100,"en":135,"ne_type":"ETC","keyword":"[한국_전쟁]","e_type":"WIKILINK"},{"kbox_types":["NULL"],"st":138,"en_mention":116,"ancestor":"","eIdx":11,"st_mention":108,"en":148,"ne_type":"ETC","keyword":"[수훈_십자_훈장]","e_type":"WIKILINK"},{"kbox_types":["NULL"],"st":155,"en_mention":129,"ancestor":"","eIdx":12,"st_mention":123,"en":168,"ne_type":"ETC","keyword":"[제5보병연대_(미국)]","e_type":"WIKILINK"},{"kbox_types":["NULL"],"st":169,"en_mention":138,"ancestor":"-2","eIdx":13,"st_mention":130,"en":179,"ne_type":"ORGANIZATION","keyword":"[72전투공병중대]","e_type":"NEW"},{"kbox_types":["NULL"],"st":184,"en_mention":151,"ancestor":"-2","eIdx":14,"st_mention":143,"en":194,"ne_type":"PERSON","keyword":"[찰리 F. 캐럴]","e_type":"NEW"},{"kbox_types":["NULL"],"st":195,"en_mention":154,"ancestor":"","eIdx":15,"st_mention":152,"en":199,"ne_type":"ETC","keyword":"[중사]","e_type":"WIKILINK"}],"wikiPageId":641856,"pIdx":2,"plainText":"캠프 캐럴은 미국 육군의 보관 시설로서 서울과 부산을 잇는 경부 철도선과 고속도로를 이용하기 위한 목적으로 1959년 5월에 제44공병대대에 의해 건설되었다. 이듬해 1960년, 한국 전쟁에서 수훈 십자 훈장을 수여받은 제5보병연대 72전투공병중대 소속의 찰리 F. 캐럴 중사를 기리기 위해 군영의 이름으로 짓고 기념관화하였다.","pronouns":[],"mentionTagged":"[캠프 캐럴]은 [미국 육군]의 보관 시설로서 [서울]과 [부산]을 잇는 경부 [철도선]과 [고속도로]를 이용하기 위한 목적으로 [1959년] [5월]에 [제44공병대대]에 의해 건설되었다. 이듬해 [1960년], [한국 전쟁]에서 [수훈 십자 훈장]을 수여받은 [제5보병연대] [72전투공병중대] 소속의 [찰리 F. 캐럴] [중사]를 기리기 위해 군영의 이름으로 짓고 기념관화하였다."}