{"entityTagged":"[오다 노부하루](, [생년_미상] ~ [1570년] [10월_19일])는 [센고쿠_시대]의 [무장]이다. [오다_노부히데](織田信秀)의 5남이자, [오다_노부나가](織田信長)의 동생이다.","globalSId":[1910336,1910337],"entities":[{"kbox_types":["Agent","Person"],"st":0,"en_mention":7,"ancestor":"-2","eIdx":0,"st_mention":0,"en":9,"ne_type":"PERSON","keyword":"[오다 노부하루]","e_type":"NEW"},{"kbox_types":["NULL"],"st":12,"en_mention":15,"ancestor":"","eIdx":1,"st_mention":10,"en":19,"ne_type":"ETC","keyword":"[생년_미상]","e_type":"WIKILINK"},{"kbox_types":["Year","Agent","EducationalInstitution","TimePeriod","Organisation","University"],"st":22,"en_mention":23,"ancestor":"","eIdx":2,"st_mention":18,"en":29,"ne_type":"TIME","keyword":"[1570년]","e_type":"WIKILINK"},{"kbox_types":["NULL"],"st":30,"en_mention":31,"ancestor":"","eIdx":3,"st_mention":24,"en":39,"ne_type":"TIME","keyword":"[10월_19일]","e_type":"WIKILINK"},{"kbox_types":["MilitaryConflict","Event","SocietalEvent"],"st":42,"en_mention":40,"ancestor":"","eIdx":4,"st_mention":34,"en":50,"ne_type":"ETC","keyword":"[센고쿠_시대]","e_type":"WIKILINK"},{"kbox_types":["PersonFunction","Profession"],"st":52,"en_mention":44,"ancestor":"","eIdx":5,"st_mention":42,"en":56,"ne_type":"ETC","keyword":"[무장]","e_type":"WIKILINK"},{"kbox_types":["Agent","Person","MilitaryPerson"],"st":60,"en_mention":55,"ancestor":"","eIdx":6,"st_mention":48,"en":69,"ne_type":"PERSON","keyword":"[오다_노부히데]","e_type":"WIKILINK"},{"kbox_types":["Agent","Person","Noble"],"st":83,"en_mention":76,"ancestor":"","eIdx":7,"st_mention":69,"en":92,"ne_type":"PERSON","keyword":"[오다_노부나가]","e_type":"WIKILINK"}],"wikiPageId":387206,"pIdx":1,"plainText":"오다 노부하루(, 생년 미상 ~ 1570년 10월 19일)는 센고쿠 시대의 무장이다. 오다 노부히데(織田信秀)의 5남이자, 오다 노부나가(織田信長)의 동생이다.","mentionTagged":"[오다 노부하루](, [생년 미상] ~ [1570년] [10월 19일])는 [센고쿠 시대]의 [무장]이다. [오다 노부히데](織田信秀)의 5남이자, [오다 노부나가](織田信長)의 동생이다."}