{"entityTagged":"[이집트틈새얼굴박쥐](\"Nycteris thebaica\")는 [틈새얼굴박쥐]에 속하는 [박쥐]의 일종이다. [아프리카] 전역과 [중동]에 널리 분포한다. 6종의 아종이 알려져 있다.","globalSId":[3882140,3882141,3882142],"entities":[{"kbox_types":["NULL"],"st":0,"en_mention":9,"ancestor":"-1","eIdx":0,"st_mention":0,"en":11,"ne_type":"ETC","keyword":"[이집트틈새얼굴박쥐]","e_type":"NEW"},{"kbox_types":["Animal","Species","TopicalConcept","Taxon","Eukaryote","Mammal"],"st":34,"en_mention":39,"ancestor":"","eIdx":1,"st_mention":32,"en":42,"ne_type":"ETC","keyword":"[틈새얼굴박쥐]","e_type":"WIKILINK"},{"kbox_types":["Animal","Species","TopicalConcept","Taxon","Eukaryote","Mammal"],"st":48,"en_mention":47,"ancestor":"","eIdx":2,"st_mention":45,"en":52,"ne_type":"ETC","keyword":"[박쥐]","e_type":"WIKILINK"},{"kbox_types":["PopulatedPlace","Place","Settlement","PopulatedPlace","Continent"],"st":60,"en_mention":59,"ancestor":"","eIdx":3,"st_mention":55,"en":66,"ne_type":"LOCATION","keyword":"[아프리카]","e_type":"WIKILINK"},{"kbox_types":["Place","Airport","Infrastructure","ArchitecturalStructure"],"st":71,"en_mention":66,"ancestor":"","eIdx":4,"st_mention":64,"en":75,"ne_type":"LOCATION","keyword":"[중동]","e_type":"WIKILINK"}],"wikiPageId":1655041,"pIdx":1,"plainText":"이집트틈새얼굴박쥐(\"Nycteris thebaica\")는 틈새얼굴박쥐과에 속하는 박쥐의 일종이다. 아프리카 전역과 중동에 널리 분포한다. 6종의 아종이 알려져 있다.","mentionTagged":"[이집트틈새얼굴박쥐](\"Nycteris thebaica\")는 [틈새얼굴박쥐과]에 속하는 [박쥐]의 일종이다. [아프리카] 전역과 [중동]에 널리 분포한다. 6종의 아종이 알려져 있다."}