{"entityTagged":"[카지미에시 4세]는 [1454년] [라슬로]의 누이 [엘리자베트]와 결혼했고, 그들의 손자 중 한 명인 [러요시_2세]도 [1526년] [모하치_전투]에서 [브와디스와프 3세]와 같은 운명을 맞이하게 되었다.","globalSId":[1590603],"entities":[{"kbox_types":["Royalty","BritishRoyalty","Agent","Person"],"st":0,"en_mention":8,"ancestor":"12-7","eIdx":0,"st_mention":0,"en":10,"ne_type":"PERSON","keyword":"[카지미에시 4세]","e_type":"NEW"},{"kbox_types":["Year","TimePeriod"],"st":12,"en_mention":15,"ancestor":"-2","eIdx":1,"st_mention":10,"en":19,"ne_type":"TIME","keyword":"[1454년]","e_type":"NEW"},{"kbox_types":["NULL"],"st":20,"en_mention":19,"ancestor":"-2","eIdx":2,"st_mention":16,"en":25,"ne_type":"PERSON","keyword":"[라슬로]","e_type":"NEW"},{"kbox_types":["NULL"],"st":30,"en_mention":29,"ancestor":"-2","eIdx":3,"st_mention":24,"en":37,"ne_type":"PERSON","keyword":"[엘리자베트]","e_type":"NEW"},{"kbox_types":["NULL"],"st":59,"en_mention":57,"ancestor":"","eIdx":4,"st_mention":51,"en":67,"ne_type":"ETC","keyword":"[러요시_2세]","e_type":"WIKILINK"},{"kbox_types":["Year","Agent","EducationalInstitution","TimePeriod","Organisation","University"],"st":69,"en_mention":64,"ancestor":"","eIdx":5,"st_mention":59,"en":76,"ne_type":"TIME","keyword":"[1526년]","e_type":"WIKILINK"},{"kbox_types":["MilitaryConflict","Event","SocietalEvent"],"st":77,"en_mention":71,"ancestor":"","eIdx":6,"st_mention":65,"en":85,"ne_type":"ETC","keyword":"[모하치_전투]","e_type":"WIKILINK"},{"kbox_types":["Royalty","Monarch","BritishRoyalty","Agent","Person"],"st":88,"en_mention":83,"ancestor":"10-1","eIdx":7,"st_mention":74,"en":99,"ne_type":"PERSON","keyword":"[브와디스와프 3세]","e_type":"NEW"}],"wikiPageId":286874,"pIdx":13,"plainText":"카지미에시 4세는 1454년 라슬로의 누이 엘리자베트와 결혼했고, 그들의 손자 중 한 명인 러요시 2세도 1526년 모하치 전투에서 브와디스와프 3세와 같은 운명을 맞이하게 되었다.","pronouns":[{"st":45,"ancestor":"-2","proIdx":0,"en":47,"cwStateCd":"FIXED","cwSelIdx":[],"type":"PRONOUN","keyword":"그들의"},{"st":45,"ancestor":"-2","proIdx":1,"en":50,"cwStateCd":"FIXED","cwSelIdx":[],"type":"PRONOUN","keyword":"그들의 손자"},{"st":45,"ancestor":"-2","proIdx":2,"en":52,"cwStateCd":"FIXED","cwSelIdx":[],"type":"PRONOUN","keyword":"그들의 손자 중"},{"st":45,"ancestor":"-2","proIdx":3,"en":57,"cwStateCd":"FIXED","cwSelIdx":[],"type":"PRONOUN","keyword":"그들의 손자 중 한 명인"},{"st":45,"ancestor":"-2","proIdx":4,"en":67,"cwStateCd":"FIXED","cwSelIdx":[],"type":"PRONOUN","keyword":"그들의 손자 중 한 명인 [러요시_2세]도"}],"mentionTagged":"[카지미에시 4세]는 [1454년] [라슬로]의 누이 [엘리자베트]와 결혼했고, 그들의 손자 중 한 명인 [러요시 2세]도 [1526년] [모하치 전투]에서 [브와디스와프 3세]와 같은 운명을 맞이하게 되었다."}