{"entityTagged":"[1984년] 동계 올림픽 [코스타리카] 선수단은 [캐나다] [캘거리]에서 개최된 [1988년_동계_올림픽]에 참가한 [올림픽_코스타리카_선수단]이다.","globalSId":[2152910],"entities":[{"kbox_types":["Year","TimePeriod"],"st":0,"en_mention":5,"ancestor":"-2","eIdx":0,"st_mention":0,"en":7,"ne_type":"TIME","keyword":"[1984년]","e_type":"NEW"},{"kbox_types":["Country","PopulatedPlace","Settlement","PopulatedPlace","Place"],"st":15,"en_mention":18,"ancestor":"-2","eIdx":1,"st_mention":13,"en":22,"ne_type":"ETC","keyword":"[코스타리카]","e_type":"NEW"},{"kbox_types":["Country","PopulatedPlace","PopulatedPlace","Place"],"st":28,"en_mention":27,"ancestor":"","eIdx":2,"st_mention":24,"en":33,"ne_type":"LOCATION","keyword":"[캐나다]","e_type":"WIKILINK"},{"kbox_types":["PopulatedPlace","Place","Settlement","PopulatedPlace","City"],"st":34,"en_mention":31,"ancestor":"","eIdx":3,"st_mention":28,"en":39,"ne_type":"LOCATION","keyword":"[캘거리]","e_type":"WIKILINK"},{"kbox_types":["Olympics","Event","SocietalEvent","SportsEvent"],"st":46,"en_mention":50,"ancestor":"","eIdx":4,"st_mention":38,"en":60,"ne_type":"ETC","keyword":"[1988년_동계_올림픽]","e_type":"WIKILINK"},{"kbox_types":["NULL"],"st":66,"en_mention":69,"ancestor":"","eIdx":5,"st_mention":56,"en":81,"ne_type":"ETC","keyword":"[올림픽_코스타리카_선수단]","e_type":"WIKILINK"}],"wikiPageId":488081,"pIdx":1,"plainText":"1984년 동계 올림픽 코스타리카 선수단은 캐나다 캘거리에서 개최된 1988년 동계 올림픽에 참가한 올림픽 코스타리카 선수단이다.","pronouns":[],"mentionTagged":"[1984년] 동계 올림픽 [코스타리카] 선수단은 [캐나다] [캘거리]에서 개최된 [1988년 동계 올림픽]에 참가한 [올림픽 코스타리카 선수단]이다."}