{"entityTagged":"[오리건 동굴 국립천연기념물](Oregon Caves National Monument)는 [미국], [오리건_주]에 있는 [동굴]이다.","globalSId":[2583390],"entities":[{"kbox_types":["NULL"],"st":0,"en_mention":14,"ancestor":"-2","eIdx":0,"st_mention":0,"en":16,"ne_type":"LOCATION","keyword":"[오리건 동굴 국립천연기념물]","e_type":"NEW"},{"kbox_types":["Country","PopulatedPlace","PopulatedPlace","Place"],"st":50,"en_mention":50,"ancestor":"","eIdx":1,"st_mention":48,"en":54,"ne_type":"LOCATION","keyword":"[미국]","e_type":"WIKILINK"},{"kbox_types":["Region","PopulatedPlace","AdministrativeRegion","Place","Settlement","AdministrativeRegion"],"st":56,"en_mention":57,"ancestor":"","eIdx":2,"st_mention":52,"en":63,"ne_type":"LOCATION","keyword":"[오리건_주]","e_type":"WIKILINK"},{"kbox_types":["NULL"],"st":68,"en_mention":64,"ancestor":"","eIdx":3,"st_mention":62,"en":72,"ne_type":"ETC","keyword":"[동굴]","e_type":"WIKILINK"}],"wikiPageId":687908,"pIdx":1,"plainText":"오리건 동굴 국립천연기념물(Oregon Caves National Monument)는 미국, 오리건 주에 있는 동굴이다.","mentionTagged":"[오리건 동굴 국립천연기념물](Oregon Caves National Monument)는 [미국], [오리건 주]에 있는 [동굴]이다."}