{"entityTagged":"[진먼 포격전]. [1958년] [8월_23일]부터 [10월_5일]까지 [중국인민해방군]이 무려 47만발에 이르는 포탄을 이 섬에 쏟아부었으나, [중화민국_국군]에 패하였다. 이 후에도 <홍군>의 <진먼_현>에 대한 포격은 [1978년]까지 [20년] 간 계속되었다. <진먼_현>은 [분단국가]인 [중화민국] 정부의 최전방 지역으로, [마쭈_열도]와 함께 섬 전체가 군사적으로 요새화되었다.","globalSId":[891672,891673,891674,891675],"entities":[{"kbox_types":["MilitaryConflict","Event","SocietalEvent"],"st":0,"en_mention":6,"ancestor":"-2","eIdx":0,"st_mention":0,"en":8,"ne_type":"ETC","keyword":"[진먼 포격전]","e_type":"NEW"},{"kbox_types":["Year","TimePeriod"],"st":10,"en_mention":12,"ancestor":"","eIdx":1,"st_mention":7,"en":17,"ne_type":"TIME","keyword":"[1958년]","e_type":"WIKILINK"},{"kbox_types":["NULL"],"st":18,"en_mention":19,"ancestor":"","eIdx":2,"st_mention":13,"en":26,"ne_type":"TIME","keyword":"[8월_23일]","e_type":"WIKILINK"},{"kbox_types":["NULL"],"st":29,"en_mention":28,"ancestor":"","eIdx":3,"st_mention":22,"en":37,"ne_type":"TIME","keyword":"[10월_5일]","e_type":"WIKILINK"},{"kbox_types":["NULL"],"st":40,"en_mention":34,"ancestor":"","eIdx":4,"st_mention":31,"en":49,"ne_type":"ETC","keyword":"[중국인민해방군]","e_type":"WIKILINK"},{"kbox_types":["Agent","MilitaryUnit","Organisation"],"st":81,"en_mention":71,"ancestor":"","eIdx":5,"st_mention":66,"en":90,"ne_type":"ORGANIZATION","keyword":"[중화민국_국군]","e_type":"WIKILINK"},{"kbox_types":["NULL"],"st":104,"en_mention":88,"ancestor":"","eIdx":6,"st_mention":85,"en":108,"ne_type":"ETC","keyword":"<홍군>","e_type":"ELU"},{"kbox_types":["Archipelago","PopulatedPlace","Settlement","PopulatedPlace","Place","NaturalPlace"],"st":110,"en_mention":94,"ancestor":"","eIdx":7,"st_mention":90,"en":116,"ne_type":"LOCATION","keyword":"<진먼_현>","e_type":"ELU"},{"kbox_types":["Year","TimePeriod"],"st":125,"en_mention":108,"ancestor":"","eIdx":8,"st_mention":103,"en":132,"ne_type":"TIME","keyword":"[1978년]","e_type":"WIKILINK"},{"kbox_types":["Year","TimePeriod"],"st":135,"en_mention":114,"ancestor":"-2","eIdx":9,"st_mention":111,"en":140,"ne_type":"TIME","keyword":"[20년]","e_type":"NEW"},{"kbox_types":["Archipelago","PopulatedPlace","Settlement","PopulatedPlace","Place","NaturalPlace"],"st":150,"en_mention":128,"ancestor":"","eIdx":10,"st_mention":124,"en":156,"ne_type":"LOCATION","keyword":"<진먼_현>","e_type":"ELU"},{"kbox_types":["NULL"],"st":158,"en_mention":134,"ancestor":"","eIdx":11,"st_mention":130,"en":164,"ne_type":"ETC","keyword":"[분단국가]","e_type":"WIKILINK"},{"kbox_types":["Country","Agent","PopulatedPlace","EducationalInstitution","University","Place","Organisation","University"],"st":166,"en_mention":140,"ancestor":"","eIdx":12,"st_mention":136,"en":172,"ne_type":"ORGANIZATION","keyword":"[중화민국]","e_type":"WIKILINK"},{"kbox_types":["Archipelago","PopulatedPlace","Settlement","PopulatedPlace","Place","NaturalPlace"],"st":187,"en_mention":160,"ancestor":"","eIdx":13,"st_mention":155,"en":194,"ne_type":"LOCATION","keyword":"[마쭈_열도]","e_type":"WIKILINK"}],"wikiPageId":121755,"pIdx":5,"plainText":"진먼 포격전 1958년 8월 23일부터 10월 5일까지 중공군이 무려 47만발에 이르는 포탄을 이 섬에 쏟아부었으나, 중화민국군에 패하였다. 이 후에도 중공군의 진먼 섬에 대한 포격은 1978년까지 20년 간 계속되었다. 진먼 섬은 분단국가인 중화민국 정부의 최전방 지역으로, 마쭈 열도와 함께 섬 전체가 군사적으로 요새화되었다.","pronouns":[{"st":68,"ancestor":"1-0","proIdx":0,"en":71,"cwStateCd":"FIXED","cwSelIdx":0,"type":"PRONOUN","keyword":"이 섬에"},{"st":98,"ancestor":"5-0","proIdx":1,"en":102,"cwStateCd":"FIXED","cwSelIdx":0,"type":"PRONOUN","keyword":"이 후에도"}],"mentionTagged":"[진먼 포격전] [1958년] [8월 23일]부터 [10월 5일]까지 [중공군]이 무려 47만발에 이르는 포탄을 이 섬에 쏟아부었으나, [중화민국군]에 패하였다. 이 후에도 [중공군]의 [진먼 섬]에 대한 포격은 [1978년]까지 [20년] 간 계속되었다. [진먼 섬]은 [분단국가]인 [중화민국] 정부의 최전방 지역으로, [마쭈 열도]와 함께 섬 전체가 군사적으로 요새화되었다."}