{"entityTagged":"<바르샤바>(, , )는 [폴란드]의 수도이자 [폴란드] 최대 도시이고, [마조프셰_주]의 대표 도시이다.","globalSId":[218555],"entities":[{"kbox_types":["PopulatedPlace","Place","Settlement","PopulatedPlace","City"],"st":0,"en_mention":4,"ancestor":"","eIdx":0,"st_mention":0,"en":6,"ne_type":"LOCATION","keyword":"<바르샤바>","e_type":"ELU"},{"kbox_types":["Country","PopulatedPlace","PopulatedPlace","Place"],"st":14,"en_mention":15,"ancestor":"","eIdx":1,"st_mention":12,"en":19,"ne_type":"LOCATION","keyword":"[폴란드]","e_type":"WIKILINK"},{"kbox_types":["Country","PopulatedPlace","PopulatedPlace","Place"],"st":26,"en_mention":25,"ancestor":"","eIdx":2,"st_mention":22,"en":31,"ne_type":"LOCATION","keyword":"[폴란드]","e_type":"WIKILINK"},{"kbox_types":["PopulatedPlace","Settlement","PopulatedPlace","Place"],"st":41,"en_mention":41,"ancestor":"","eIdx":3,"st_mention":35,"en":49,"ne_type":"LOCATION","keyword":"[마조프셰_주]","e_type":"WIKILINK"}],"wikiPageId":14681,"pIdx":1,"plainText":"바르샤바(, , )는 폴란드의 수도이자 폴란드 최대 도시이고, 마조프셰 주의 대표 도시이다.","pronouns":[],"mentionTagged":"[바르샤바](, , )는 [폴란드]의 수도이자 [폴란드] 최대 도시이고, [마조프셰 주]의 대표 도시이다."}