{"entityTagged":"<메솔롱기>()는 [그리스] 서부에 위치한 도시로, [서그리스_주]에 속하는 현인 [에톨로아카르나니아_현]의 현청 소재지이며 면적은 280.2㎢, 높이는 0 ~ 9m, 인구는 17,988명(2001년 기준), 인구 밀도는 64명\/㎢이다. [파트라_만]과 접하고 있고 어류와 포도주, 담배 무역이 주를 이룬다.","globalSId":[2722811,2722812],"entities":[{"kbox_types":["Region","PopulatedPlace","AdministrativeRegion","Settlement","Place","AdministrativeRegion"],"st":0,"en_mention":4,"ancestor":"","eIdx":0,"st_mention":0,"en":6,"ne_type":"LOCATION","keyword":"<메솔롱기>","e_type":"ELU"},{"kbox_types":["Country","PopulatedPlace","Settlement","PopulatedPlace","Place"],"st":10,"en_mention":11,"ancestor":"","eIdx":1,"st_mention":8,"en":15,"ne_type":"LOCATION","keyword":"[그리스]","e_type":"WIKILINK"},{"kbox_types":["NULL"],"st":29,"en_mention":31,"ancestor":"","eIdx":2,"st_mention":25,"en":37,"ne_type":"ETC","keyword":"[서그리스_주]","e_type":"WIKILINK"},{"kbox_types":["PopulatedPlace","Settlement","PopulatedPlace","Place"],"st":46,"en_mention":51,"ancestor":"","eIdx":3,"st_mention":40,"en":59,"ne_type":"LOCATION","keyword":"[에톨로아카르나니아_현]","e_type":"WIKILINK"},{"kbox_types":["NULL"],"st":133,"en_mention":130,"ancestor":"","eIdx":4,"st_mention":125,"en":140,"ne_type":"ETC","keyword":"[파트라_만]","e_type":"WIKILINK"}],"wikiPageId":751328,"pIdx":1,"plainText":"메솔롱기()는 그리스 서부에 위치한 도시로, 서그리스 주에 속하는 현인 에톨로아카르나니아 현의 현청 소재지이며 면적은 280.2㎢, 높이는 0 ~ 9m, 인구는 17,988명(2001년 기준), 인구 밀도는 64명\/㎢이다. 파트라 만과 접하고 있고 어류와 포도주, 담배 무역이 주를 이룬다.","pronouns":[{"st":29,"ancestor":"-2","proIdx":0,"en":36,"cwStateCd":"FIXED","cwSelIdx":[],"type":"PRONOUN","keyword":"[서그리스_주]"},{"st":29,"ancestor":"-2","proIdx":1,"en":59,"cwStateCd":"FIXED","cwSelIdx":[],"type":"PRONOUN","keyword":"[서그리스_주]에 속하는 현인 [에톨로아카르나니아_현]의"}],"mentionTagged":"[메솔롱기]()는 [그리스] 서부에 위치한 도시로, [서그리스 주]에 속하는 현인 [에톨로아카르나니아 현]의 현청 소재지이며 면적은 280.2㎢, 높이는 0 ~ 9m, 인구는 17,988명(2001년 기준), 인구 밀도는 64명\/㎢이다. [파트라 만]과 접하고 있고 어류와 포도주, 담배 무역이 주를 이룬다."}