{"entityTagged":"독립 전쟁 후의 시기. [폴란드인]들의 [미국] 이주는 [20세기] 초반에 절정에 이르렀다. [1870년]에서 [1914년] 사이에 약 360만명이 <폴란드>를 떠났는데, 이 중 [1899년]부터 [1931년] 사이에만 공식적으로 약 150만명 이상의 [폴란드인]들이 [미국]으로 이주했다. 그러나 이는 모국어로 [폴란드어]를 사용하느냐를 기준으로 분류한 것으로, 민족적 기준에서의 \"[폴란드인]\"의 이주 규모는 [18세기] 이래 <폴란드>가 <프로이센>, <오스트리아>, <러시아_제국>에 분할되어 추정하기 어려웠다. 많은 [폴란드인]들이 <프로이센>, <오스트리아>, <러시아>의 탄압에 저항하면서 [미국]으로 이민을 갔는데, 대표적인 인물로 [11월] 독립 운동을 주도한 [펠릭스_비에즈비츠키]가 있었다. [1849년] 그는 [샌프란시스코]에서 〈언제나 그대로 같은 캘리포니아〉라는 첫 영어로 된 책을 발간하였다. [비에즈비츠키]는 책에서 폴란드계 정착자들을 상세히 묘사하였고, [농업]의 측량과 [금광]의 단서에 대하여 기술했다.","globalSId":[2846265,2846266,2846267,2846268,2846269,2846270,2846271],"entities":[{"kbox_types":["EthnicGroup"],"st":13,"en_mention":16,"ancestor":"1-1","eIdx":0,"st_mention":12,"en":19,"ne_type":"ETC","keyword":"[폴란드인]","e_type":"NEW"},{"kbox_types":["Country","PopulatedPlace","PopulatedPlace","Place"],"st":22,"en_mention":21,"ancestor":"5-3","eIdx":1,"st_mention":19,"en":26,"ne_type":"LOCATION","keyword":"[미국]","e_type":"NEW"},{"kbox_types":["NULL"],"st":31,"en_mention":30,"ancestor":"","eIdx":2,"st_mention":26,"en":37,"ne_type":"ETC","keyword":"[20세기]","e_type":"WIKILINK"},{"kbox_types":["Year","TimePeriod"],"st":52,"en_mention":50,"ancestor":"","eIdx":3,"st_mention":45,"en":59,"ne_type":"TIME","keyword":"[1870년]","e_type":"WIKILINK"},{"kbox_types":["Year","TimePeriod"],"st":62,"en_mention":58,"ancestor":"","eIdx":4,"st_mention":53,"en":69,"ne_type":"TIME","keyword":"[1914년]","e_type":"WIKILINK"},{"kbox_types":["Country","PopulatedPlace","PopulatedPlace","Place"],"st":83,"en_mention":75,"ancestor":"","eIdx":5,"st_mention":72,"en":88,"ne_type":"LOCATION","keyword":"<폴란드>","e_type":"ELU"},{"kbox_types":["Year","TimePeriod"],"st":100,"en_mention":92,"ancestor":"","eIdx":6,"st_mention":87,"en":107,"ne_type":"TIME","keyword":"[1899년]","e_type":"WIKILINK"},{"kbox_types":["Year","TimePeriod"],"st":110,"en_mention":100,"ancestor":"","eIdx":7,"st_mention":95,"en":117,"ne_type":"TIME","keyword":"[1931년]","e_type":"WIKILINK"},{"kbox_types":["EthnicGroup"],"st":141,"en_mention":128,"ancestor":"7-0","eIdx":8,"st_mention":124,"en":147,"ne_type":"ETC","keyword":"[폴란드인]","e_type":"NEW"},{"kbox_types":["Country","PopulatedPlace","PopulatedPlace","Place"],"st":150,"en_mention":133,"ancestor":"7-1","eIdx":9,"st_mention":131,"en":154,"ne_type":"LOCATION","keyword":"[미국]","e_type":"NEW"},{"kbox_types":["Language"],"st":175,"en_mention":158,"ancestor":"","eIdx":10,"st_mention":154,"en":181,"ne_type":"ETC","keyword":"[폴란드어]","e_type":"WIKILINK"},{"kbox_types":["EthnicGroup"],"st":215,"en_mention":196,"ancestor":"","eIdx":11,"st_mention":192,"en":221,"ne_type":"ETC","keyword":"[폴란드인]","e_type":"WIKILINK"},{"kbox_types":["NULL"],"st":231,"en_mention":210,"ancestor":"","eIdx":12,"st_mention":206,"en":237,"ne_type":"ETC","keyword":"[18세기]","e_type":"WIKILINK"},{"kbox_types":["Country","PopulatedPlace","PopulatedPlace","Place"],"st":241,"en_mention":217,"ancestor":"","eIdx":13,"st_mention":214,"en":246,"ne_type":"LOCATION","keyword":"<폴란드>","e_type":"ELU"},{"kbox_types":["Country","PopulatedPlace","PopulatedPlace","Place"],"st":248,"en_mention":223,"ancestor":"","eIdx":14,"st_mention":219,"en":254,"ne_type":"LOCATION","keyword":"<프로이센>","e_type":"ELU"},{"kbox_types":["Country","PopulatedPlace","PopulatedPlace","Place"],"st":256,"en_mention":230,"ancestor":"","eIdx":15,"st_mention":225,"en":263,"ne_type":"LOCATION","keyword":"<오스트리아>","e_type":"ELU"},{"kbox_types":["Country","PopulatedPlace","PopulatedPlace","Place"],"st":265,"en_mention":238,"ancestor":"","eIdx":16,"st_mention":232,"en":273,"ne_type":"LOCATION","keyword":"<러시아_제국>","e_type":"ELU"},{"kbox_types":["EthnicGroup"],"st":294,"en_mention":263,"ancestor":"7-11","eIdx":17,"st_mention":259,"en":300,"ne_type":"ETC","keyword":"[폴란드인]","e_type":"NEW"},{"kbox_types":["Country","PopulatedPlace","PopulatedPlace","Place"],"st":303,"en_mention":270,"ancestor":"","eIdx":18,"st_mention":266,"en":309,"ne_type":"LOCATION","keyword":"<프로이센>","e_type":"ELU"},{"kbox_types":["Country","PopulatedPlace","PopulatedPlace","Place"],"st":311,"en_mention":277,"ancestor":"","eIdx":19,"st_mention":272,"en":318,"ne_type":"LOCATION","keyword":"<오스트리아>","e_type":"ELU"},{"kbox_types":["Country","PopulatedPlace","PopulatedPlace","Place"],"st":320,"en_mention":282,"ancestor":"","eIdx":20,"st_mention":279,"en":325,"ne_type":"LOCATION","keyword":"<러시아>","e_type":"ELU"},{"kbox_types":["Country","PopulatedPlace","PopulatedPlace","Place"],"st":337,"en_mention":296,"ancestor":"7-9","eIdx":21,"st_mention":294,"en":341,"ne_type":"LOCATION","keyword":"[미국]","e_type":"NEW"},{"kbox_types":["NULL"],"st":362,"en_mention":320,"ancestor":"","eIdx":22,"st_mention":317,"en":367,"ne_type":"TIME","keyword":"[11월]","e_type":"WIKILINK"},{"kbox_types":["NULL"],"st":379,"en_mention":342,"ancestor":"","eIdx":23,"st_mention":332,"en":391,"ne_type":"ETC","keyword":"[펠릭스_비에즈비츠키]","e_type":"WIKILINK"},{"kbox_types":["Year","TimePeriod"],"st":398,"en_mention":354,"ancestor":"","eIdx":24,"st_mention":349,"en":405,"ne_type":"TIME","keyword":"[1849년]","e_type":"WIKILINK"},{"kbox_types":["PopulatedPlace","Place","Settlement","PopulatedPlace","City"],"st":409,"en_mention":364,"ancestor":"","eIdx":25,"st_mention":358,"en":417,"ne_type":"LOCATION","keyword":"[샌프란시스코]","e_type":"WIKILINK"},{"kbox_types":["NULL"],"st":459,"en_mention":412,"ancestor":"7-23","eIdx":26,"st_mention":406,"en":467,"ne_type":"PERSON","keyword":"[비에즈비츠키]","e_type":"NEW"},{"kbox_types":["NULL"],"st":495,"en_mention":442,"ancestor":"","eIdx":27,"st_mention":440,"en":499,"ne_type":"ETC","keyword":"[농업]","e_type":"WIKILINK"},{"kbox_types":["NULL"],"st":505,"en_mention":450,"ancestor":"","eIdx":28,"st_mention":448,"en":509,"ne_type":"ETC","keyword":"[금광]","e_type":"WIKILINK"}],"wikiPageId":816885,"pIdx":7,"plainText":"독립 전쟁 후의 시기 폴란드인들의 미국 이주는 20세기 초반에 절정에 이르렀다. 1870년에서 1914년 사이에 약 360만명이 폴란드를 떠났는데, 이 중 1899년부터 1931년 사이에만 공식적으로 약 150만명 이상의 폴란드인들이 미국으로 이주했다. 그러나 이는 모국어로 폴란드어를 사용하느냐를 기준으로 분류한 것으로, 민족적 기준에서의 \"폴란드인\"의 이주 규모는 18세기 이래 폴란드가 프로이센, 오스트리아, 러시아 제국에 분할되어 추정하기 어려웠다. 많은 폴란드인들이 프로이센, 오스트리아, 러시아의 탄압에 저항하면서 미국으로 이민을 갔는데, 대표적인 인물로 11월 독립 운동을 주도한 펠릭스 비에즈비츠키가 있었다. 1849년 그는 샌프란시스코에서 〈언제나 그대로 같은 캘리포니아〉라는 첫 영어로 된 책을 발간하였다. 비에즈비츠키는 책에서 폴란드계 정착자들을 상세히 묘사하였고, 농업의 측량과 금광의 단서에 대하여 기술했다.","pronouns":[{"st":96,"ancestor":"7-0","proIdx":0,"en":98,"cwStateCd":"FIXED","cwSelIdx":4,"type":"PRONOUN","keyword":"이 중"},{"st":96,"ancestor":"-1","proIdx":1,"en":116,"cwStateCd":"FIXED","cwSelIdx":[],"type":"PRONOUN","keyword":"이 중 [1899년]부터 [1931년]"},{"st":167,"ancestor":"7-8","proIdx":2,"en":167,"cwStateCd":"FIXED","cwSelIdx":27,"type":"PRONOUN","keyword":"이"},{"st":406,"ancestor":"7-23","proIdx":3,"en":406,"cwStateCd":"FIXED","cwSelIdx":68,"type":"PRONOUN","keyword":"그"}],"mentionTagged":"독립 전쟁 후의 시기 [폴란드인]들의 [미국] 이주는 [20세기] 초반에 절정에 이르렀다. [1870년]에서 [1914년] 사이에 약 360만명이 [폴란드]를 떠났는데, 이 중 [1899년]부터 [1931년] 사이에만 공식적으로 약 150만명 이상의 [폴란드인]들이 [미국]으로 이주했다. 그러나 이는 모국어로 [폴란드어]를 사용하느냐를 기준으로 분류한 것으로, 민족적 기준에서의 \"[폴란드인]\"의 이주 규모는 [18세기] 이래 [폴란드]가 [프로이센], [오스트리아], [러시아 제국]에 분할되어 추정하기 어려웠다. 많은 [폴란드인]들이 [프로이센], [오스트리아], [러시아]의 탄압에 저항하면서 [미국]으로 이민을 갔는데, 대표적인 인물로 [11월] 독립 운동을 주도한 [펠릭스 비에즈비츠키]가 있었다. [1849년] 그는 [샌프란시스코]에서 〈언제나 그대로 같은 캘리포니아〉라는 첫 영어로 된 책을 발간하였다. [비에즈비츠키]는 책에서 폴란드계 정착자들을 상세히 묘사하였고, [농업]의 측량과 [금광]의 단서에 대하여 기술했다."}