{"entityTagged":"<타이탄하늘소>는 [아마존_우림]에 사는 [하늘소과]의 [딱정벌레]이다. 속명과 종소명 모두 거대하다는 뜻을 가진다.","globalSId":[1092503,1092504],"entities":[{"kbox_types":["Animal","Species","Insect","TopicalConcept","Taxon","Eukaryote"],"st":0,"en_mention":6,"ancestor":"","eIdx":0,"st_mention":0,"en":8,"ne_type":"ETC","keyword":"<타이탄하늘소>","e_type":"ELU"},{"kbox_types":["Place"],"st":10,"en_mention":14,"ancestor":"","eIdx":1,"st_mention":8,"en":18,"ne_type":"LOCATION","keyword":"[아마존_우림]","e_type":"WIKILINK"},{"kbox_types":["Animal","Species","Insect","TopicalConcept","Taxon","Eukaryote"],"st":23,"en_mention":23,"ancestor":"","eIdx":2,"st_mention":19,"en":29,"ne_type":"ETC","keyword":"[하늘소과]","e_type":"WIKILINK"},{"kbox_types":["Animal","Species","Eukaryote"],"st":31,"en_mention":29,"ancestor":"","eIdx":3,"st_mention":25,"en":37,"ne_type":"ETC","keyword":"[딱정벌레]","e_type":"WIKILINK"}],"wikiPageId":162519,"pIdx":1,"plainText":"타이탄하늘소는 아마존 우림에 사는 하늘소과의 딱정벌레이다. 속명과 종소명 모두 거대하다는 뜻을 가진다.","mentionTagged":"[타이탄하늘소]는 [아마존 우림]에 사는 [하늘소과]의 [딱정벌레]이다. 속명과 종소명 모두 거대하다는 뜻을 가진다."}