{"entityTagged":"[1930년] [루마니아_왕국]에서는 [카롤_2세]가 자신의 아들 [미하이_1세]를 밀어내고 왕위에 오르는 사건이 발생하였다. [카롤 2세]는 [1925년] [치치 람브리노]와 헤어진 뒤 [마그다_루페스쿠]와 열애에 빠졌고 이로 인해 왕위 계승권을 박탈당한 상태로 외국 생활을 시작하였다. 그러나 [1930년] 귀국한 [카롤 2세]는 자신의 왕위를 주장하였고 미성년자였던 [카롤 2세]의 아들 [미하이 1세]는 퇴위하여 왕세자가 되었다.","globalSId":[572448,572449,572450],"entities":[{"kbox_types":["Year","TimePeriod"],"st":0,"en_mention":5,"ancestor":"-2","eIdx":0,"st_mention":0,"en":7,"ne_type":"TIME","keyword":"[1930년]","e_type":"NEW"},{"kbox_types":["Country","PopulatedPlace","Place","PopulatedPlace"],"st":8,"en_mention":13,"ancestor":"","eIdx":1,"st_mention":6,"en":17,"ne_type":"LOCATION","keyword":"[루마니아_왕국]","e_type":"WIKILINK"},{"kbox_types":["Royalty","BritishRoyalty","Agent","Person"],"st":21,"en_mention":22,"ancestor":"","eIdx":2,"st_mention":17,"en":28,"ne_type":"PERSON","keyword":"[카롤_2세]","e_type":"WIKILINK"},{"kbox_types":["Royalty","BritishRoyalty","Agent","Person"],"st":37,"en_mention":37,"ancestor":"","eIdx":3,"st_mention":31,"en":45,"ne_type":"PERSON","keyword":"[미하이_1세]","e_type":"WIKILINK"},{"kbox_types":["Royalty","BritishRoyalty","Agent","Person"],"st":71,"en_mention":68,"ancestor":"17-2","eIdx":4,"st_mention":63,"en":78,"ne_type":"PERSON","keyword":"[카롤 2세]","e_type":"NEW"},{"kbox_types":["Year","TimePeriod"],"st":80,"en_mention":75,"ancestor":"-2","eIdx":5,"st_mention":70,"en":87,"ne_type":"TIME","keyword":"[1925년]","e_type":"NEW"},{"kbox_types":["NULL"],"st":88,"en_mention":83,"ancestor":"-2","eIdx":6,"st_mention":76,"en":97,"ne_type":"PERSON","keyword":"[치치 람브리노]","e_type":"NEW"},{"kbox_types":["NULL"],"st":105,"en_mention":99,"ancestor":"","eIdx":7,"st_mention":91,"en":115,"ne_type":"ETC","keyword":"[마그다_루페스쿠]","e_type":"WIKILINK"},{"kbox_types":["Year","TimePeriod"],"st":166,"en_mention":155,"ancestor":"17-0","eIdx":8,"st_mention":150,"en":173,"ne_type":"TIME","keyword":"[1930년]","e_type":"NEW"},{"kbox_types":["Royalty","BritishRoyalty","Agent","Person"],"st":178,"en_mention":165,"ancestor":"17-4","eIdx":9,"st_mention":160,"en":185,"ne_type":"PERSON","keyword":"[카롤 2세]","e_type":"NEW"},{"kbox_types":["Royalty","BritishRoyalty","Agent","Person"],"st":208,"en_mention":193,"ancestor":"17-9","eIdx":10,"st_mention":188,"en":215,"ne_type":"PERSON","keyword":"[카롤 2세]","e_type":"NEW"},{"kbox_types":["Royalty","BritishRoyalty","Agent","Person"],"st":220,"en_mention":204,"ancestor":"17-3","eIdx":11,"st_mention":198,"en":228,"ne_type":"PERSON","keyword":"[미하이 1세]","e_type":"NEW"}],"wikiPageId":69833,"pIdx":17,"plainText":"1930년 루마니아 왕국에서는 카롤 2세가 자신의 아들 미하이 1세를 밀어내고 왕위에 오르는 사건이 발생하였다. 카롤 2세는 1925년 치치 람브리노와 헤어진 뒤 마그다 루페스쿠와 열애에 빠졌고 이로 인해 왕위 계승권을 박탈당한 상태로 외국 생활을 시작하였다. 그러나 1930년 귀국한 카롤 2세는 자신의 왕위를 주장하였고 미성년자였던 카롤 2세의 아들 미하이 1세는 퇴위하여 왕세자가 되었다.","mentionTagged":"[1930년] [루마니아 왕국]에서는 [카롤 2세]가 자신의 아들 [미하이 1세]를 밀어내고 왕위에 오르는 사건이 발생하였다. [카롤 2세]는 [1925년] [치치 람브리노]와 헤어진 뒤 [마그다 루페스쿠]와 열애에 빠졌고 이로 인해 왕위 계승권을 박탈당한 상태로 외국 생활을 시작하였다. 그러나 [1930년] 귀국한 [카롤 2세]는 자신의 왕위를 주장하였고 미성년자였던 [카롤 2세]의 아들 [미하이 1세]는 퇴위하여 [왕세자]가 되었다."}