{"entityTagged":"[2008년] [12월_10일]에는 화보 팩키지 앨범인 《[Unlimited]》를 1만장 한정 발매하기도 하였으나, 당초 예상보다 많은 선주문량으로 인해 1만장을 더 추가하였다. [2009년]에는 [2007년]의 콘서트 \u201C월아무적\u201D의 실황을 담은 《[월아무적]》를 발매하였다. [6월_13일]과 [6월_14일]에 거쳐 <연세대학교>에서 전 멤버 군입대 전 마지막 콘서트인 \u201C잠시만 안녕\u201D을 열었고, [6월_18일]에는 군입대 공백기간을 아우를 스페셜 앨범인 《[Rewind_&_Remind]》를 온라인에서, [6월_23일]에는 오프라인에서 발매하였다. [6월_25일]에 [이수]의 훈련소 입대와 공익복무 시작, [7월_27일] <전민혁>의 [대한민국_공군] 군악병 입대가 있었다. [제이 윤]은 <미국의_군사>을 포기하고 군 입대를 지망하였으나, [2008년] 콘서트에서 입은 부상으로 [9월_17일]에 <육군훈련소>로 입소를 한 후 공익근무요원으로 복무하게 되었다. 이로써 <악단>의 전 멤버가 군입대를 하여 [대한민국_국방부]가 최근 연예인들의 병역 기피의 세태 속에서 전원 군 입대를 선택한 [엠씨 더 맥스]를 <대한민국> <악단>의 모범답안이라고 하기도 했다. 멤버들의 군 입대가 있는 와중에 싱글 〈소식 (So Sick)〉을 발매하기도 했다. [2011년] 말, 멤버 전원이 군역 활동이 종료, 그 해 [12월_29일]부터 [12월_31일]까지 [서울] [용산아트홀]에서 단독 콘서트를 열면서 활동을 재개했으며 [TV조선] 드라마 [한반도_(드라마)] OST에도 참여하였다. [2012년] [9월]에는 소속사 [뮤직앤뉴]로 이전하였다.","globalSId":[956051,956052,956053,956054,956055,956056,956057,956058,956059],"entities":[{"kbox_types":["Year","MusicalWork","TimePeriod","Work","Album"],"st":0,"en_mention":5,"ancestor":"","eIdx":0,"st_mention":0,"en":7,"ne_type":"TIME","keyword":"[2008년]","e_type":"WIKILINK"},{"kbox_types":["NULL"],"st":8,"en_mention":13,"ancestor":"","eIdx":1,"st_mention":6,"en":17,"ne_type":"TIME","keyword":"[12월_10일]","e_type":"WIKILINK"},{"kbox_types":["NULL"],"st":32,"en_mention":37,"ancestor":"","eIdx":2,"st_mention":28,"en":43,"ne_type":"ETC","keyword":"[Unlimited]","e_type":"WIKILINK"},{"kbox_types":["Year","MusicalWork","TimePeriod","Work","Album"],"st":100,"en_mention":99,"ancestor":"","eIdx":3,"st_mention":94,"en":107,"ne_type":"TIME","keyword":"[2009년]","e_type":"WIKILINK"},{"kbox_types":["Year","MusicalWork","TimePeriod","Work","Album"],"st":110,"en_mention":107,"ancestor":"7-1","eIdx":4,"st_mention":102,"en":117,"ne_type":"TIME","keyword":"[2007년]","e_type":"NEW"},{"kbox_types":["NULL"],"st":139,"en_mention":139,"ancestor":"","eIdx":5,"st_mention":129,"en":145,"ne_type":"ETC","keyword":"[월아무적]","e_type":"WIKILINK"},{"kbox_types":["NULL"],"st":155,"en_mention":155,"ancestor":"","eIdx":6,"st_mention":149,"en":163,"ne_type":"TIME","keyword":"[6월_13일]","e_type":"WIKILINK"},{"kbox_types":["NULL"],"st":165,"en_mention":163,"ancestor":"","eIdx":7,"st_mention":157,"en":173,"ne_type":"TIME","keyword":"[6월_14일]","e_type":"WIKILINK"},{"kbox_types":["University","Agent","EducationalInstitution","Organisation"],"st":178,"en_mention":173,"ancestor":"","eIdx":8,"st_mention":168,"en":185,"ne_type":"ORGANIZATION","keyword":"<연세대학교>","e_type":"ELU"},{"kbox_types":["NULL"],"st":223,"en_mention":217,"ancestor":"","eIdx":9,"st_mention":211,"en":231,"ne_type":"TIME","keyword":"[6월_18일]","e_type":"WIKILINK"},{"kbox_types":["MusicalWork","Work","Album"],"st":257,"en_mention":258,"ancestor":"","eIdx":10,"st_mention":243,"en":274,"ne_type":"ETC","keyword":"[Rewind_&_Remind]","e_type":"WIKILINK"},{"kbox_types":["NULL"],"st":284,"en_mention":274,"ancestor":"","eIdx":11,"st_mention":268,"en":292,"ne_type":"TIME","keyword":"[6월_23일]","e_type":"WIKILINK"},{"kbox_types":["NULL"],"st":309,"en_mention":297,"ancestor":"","eIdx":12,"st_mention":291,"en":317,"ne_type":"TIME","keyword":"[6월_25일]","e_type":"WIKILINK"},{"kbox_types":["NULL"],"st":319,"en_mention":301,"ancestor":"-2","eIdx":13,"st_mention":299,"en":323,"ne_type":"PERSON","keyword":"[이수]","e_type":"NEW"},{"kbox_types":["NULL"],"st":342,"en_mention":326,"ancestor":"","eIdx":14,"st_mention":320,"en":350,"ne_type":"TIME","keyword":"[7월_27일]","e_type":"WIKILINK"},{"kbox_types":["Agent","Person","MusicalArtist","Artist"],"st":351,"en_mention":330,"ancestor":"","eIdx":15,"st_mention":327,"en":356,"ne_type":"PERSON","keyword":"<전민혁>","e_type":"ELU"},{"kbox_types":["Agent","MilitaryUnit","Organisation"],"st":358,"en_mention":339,"ancestor":"","eIdx":16,"st_mention":332,"en":367,"ne_type":"ORGANIZATION","keyword":"[대한민국_공군]","e_type":"WIKILINK"},{"kbox_types":["Agent","Person","MusicalArtist","Artist"],"st":381,"en_mention":357,"ancestor":"-2","eIdx":17,"st_mention":353,"en":387,"ne_type":"PERSON","keyword":"[제이 윤]","e_type":"NEW"},{"kbox_types":["NULL"],"st":389,"en_mention":365,"ancestor":"","eIdx":18,"st_mention":359,"en":397,"ne_type":"ETC","keyword":"<미국의_군사>","e_type":"ELU"},{"kbox_types":["Year","MusicalWork","TimePeriod","Work","Album"],"st":418,"en_mention":391,"ancestor":"10-0","eIdx":19,"st_mention":386,"en":425,"ne_type":"TIME","keyword":"[2008년]","e_type":"NEW"},{"kbox_types":["NULL"],"st":440,"en_mention":412,"ancestor":"","eIdx":20,"st_mention":406,"en":448,"ne_type":"TIME","keyword":"[9월_17일]","e_type":"WIKILINK"},{"kbox_types":["Agent","MilitaryUnit","Organisation"],"st":450,"en_mention":419,"ancestor":"","eIdx":21,"st_mention":414,"en":457,"ne_type":"ORGANIZATION","keyword":"<육군훈련소>","e_type":"ELU"},{"kbox_types":["NULL"],"st":490,"en_mention":457,"ancestor":"","eIdx":22,"st_mention":452,"en":494,"ne_type":"ETC","keyword":"<악단>","e_type":"ELU"},{"kbox_types":["Agent","MilitaryUnit","GovernmentAgency","Organisation"],"st":510,"en_mention":476,"ancestor":"","eIdx":23,"st_mention":473,"en":520,"ne_type":"ORGANIZATION","keyword":"[대한민국_국방부]","e_type":"WIKILINK"},{"kbox_types":["Agent","Group","Organisation","Band"],"st":558,"en_mention":521,"ancestor":"9-19","eIdx":24,"st_mention":514,"en":567,"ne_type":"PERSON","keyword":"[엠씨 더 맥스]","e_type":"NEW"},{"kbox_types":["Country","PopulatedPlace","PopulatedPlace","Place"],"st":569,"en_mention":527,"ancestor":"","eIdx":25,"st_mention":523,"en":575,"ne_type":"LOCATION","keyword":"<대한민국>","e_type":"ELU"},{"kbox_types":["NULL"],"st":576,"en_mention":533,"ancestor":"","eIdx":26,"st_mention":528,"en":580,"ne_type":"ETC","keyword":"<악단>","e_type":"ELU"},{"kbox_types":["Year","MusicalWork","TimePeriod","Work","Album"],"st":645,"en_mention":603,"ancestor":"-2","eIdx":27,"st_mention":598,"en":652,"ne_type":"TIME","keyword":"[2011년]","e_type":"NEW"},{"kbox_types":["NULL"],"st":678,"en_mention":636,"ancestor":"","eIdx":28,"st_mention":629,"en":687,"ne_type":"TIME","keyword":"[12월_29일]","e_type":"WIKILINK"},{"kbox_types":["NULL"],"st":690,"en_mention":646,"ancestor":"","eIdx":29,"st_mention":639,"en":699,"ne_type":"TIME","keyword":"[12월_31일]","e_type":"WIKILINK"},{"kbox_types":["Place","PopulatedPlace","Settlement"],"st":702,"en_mention":651,"ancestor":"","eIdx":30,"st_mention":649,"en":706,"ne_type":"LOCATION","keyword":"[서울]","e_type":"WIKILINK"},{"kbox_types":["NULL"],"st":707,"en_mention":657,"ancestor":"","eIdx":31,"st_mention":652,"en":714,"ne_type":"ETC","keyword":"[용산아트홀]","e_type":"WIKILINK"},{"kbox_types":["Broadcaster","TelevisionStation","Agent","Organisation"],"st":739,"en_mention":686,"ancestor":"","eIdx":32,"st_mention":682,"en":745,"ne_type":"ORGANIZATION","keyword":"[TV조선]","e_type":"WIKILINK"},{"kbox_types":["Work","TelevisionShow"],"st":750,"en_mention":694,"ancestor":"","eIdx":33,"st_mention":691,"en":761,"ne_type":"ETC","keyword":"[한반도_(드라마)]","e_type":"WIKILINK"},{"kbox_types":["Year","MusicalWork","TimePeriod","Work","Album"],"st":775,"en_mention":713,"ancestor":"","eIdx":34,"st_mention":708,"en":782,"ne_type":"TIME","keyword":"[2012년]","e_type":"WIKILINK"},{"kbox_types":["NULL"],"st":783,"en_mention":716,"ancestor":"","eIdx":35,"st_mention":714,"en":787,"ne_type":"TIME","keyword":"[9월]","e_type":"WIKILINK"},{"kbox_types":["NULL"],"st":794,"en_mention":727,"ancestor":"-2","eIdx":36,"st_mention":723,"en":800,"ne_type":"ORGANIZATION","keyword":"[뮤직앤뉴]","e_type":"NEW"}],"wikiPageId":133291,"pIdx":10,"plainText":"2008년 12월 10일에는 화보 팩키지 앨범인 《Unlimited》를 1만장 한정 발매하기도 하였으나, 당초 예상보다 많은 선주문량으로 인해 1만장을 더 추가하였다. 2009년에는 2007년의 콘서트 \u201C월아무적\u201D의 실황을 담은 《월아무적(月兒無敵)》를 발매하였다. 6월 13일과 6월 14일에 거쳐 연세대학교에서 전 멤버 군입대 전 마지막 콘서트인 \u201C잠시만 안녕\u201D을 열었고, 6월 18일에는 군입대 공백기간을 아우를 스페셜 앨범인 《Rewind & Remind》를 온라인에서, 6월 23일에는 오프라인에서 발매하였다. 6월 25일에 이수의 훈련소 입대와 공익복무 시작, 7월 27일 전민혁의 대한민국 공군 군악병 입대가 있었다. 제이 윤은 미국 시민권을 포기하고 군 입대를 지망하였으나, 2008년 콘서트에서 입은 부상으로 9월 17일에 논산훈련소로 입소를 한 후 공익근무요원으로 복무하게 되었다. 이로써 음악 그룹의 전 멤버가 군입대를 하여 국방부가 최근 연예인들의 병역 기피의 세태 속에서 전원 군 입대를 선택한 엠씨 더 맥스를 대한민국 음악 그룹의 모범답안이라고 하기도 했다. 멤버들의 군 입대가 있는 와중에 싱글 〈소식 (So Sick)〉을 발매하기도 했다. 2011년 말, 멤버 전원이 군역 활동이 종료, 그 해 12월 29일부터 12월 31일까지 서울 용산아트홀에서 단독 콘서트를 열면서 활동을 재개했으며 TV조선 드라마 한반도 OST에도 참여하였다. 2012년 9월에는 소속사 뮤직앤뉴로 이전하였다.","mentionTagged":"[2008년] [12월 10일]에는 화보 팩키지 앨범인 《[Unlimited]》를 1만장 한정 발매하기도 하였으나, 당초 예상보다 많은 선주문량으로 인해 1만장을 더 추가하였다. [2009년]에는 [2007년]의 콘서트 \u201C월아무적\u201D의 실황을 담은 《[월아무적(月兒無敵)]》를 발매하였다. [6월 13일]과 [6월 14일]에 거쳐 [연세대학교]에서 전 멤버 군입대 전 마지막 콘서트인 \u201C잠시만 안녕\u201D을 열었고, [6월 18일]에는 군입대 공백기간을 아우를 스페셜 앨범인 《[Rewind & Remind]》를 온라인에서, [6월 23일]에는 오프라인에서 발매하였다. [6월 25일]에 [이수]의 훈련소 입대와 공익복무 시작, [7월 27일] [전민혁]의 [대한민국 공군] 군악병 입대가 있었다. [제이 윤]은 [미국 시민권]을 포기하고 군 입대를 지망하였으나, [2008년] 콘서트에서 입은 부상으로 [9월 17일]에 [논산훈련소]로 입소를 한 후 공익근무요원으로 복무하게 되었다. 이로써 [음악 그룹]의 전 멤버가 군입대를 하여 [국방부]가 최근 연예인들의 병역 기피의 세태 속에서 전원 군 입대를 선택한 [엠씨 더 맥스]를 [대한민국] [음악 그룹]의 모범답안이라고 하기도 했다. 멤버들의 군 입대가 있는 와중에 싱글 〈소식 (So Sick)〉을 발매하기도 했다. [2011년] 말, 멤버 전원이 군역 활동이 종료, 그 해 [12월 29일]부터 [12월 31일]까지 [서울] [용산아트홀]에서 단독 콘서트를 열면서 활동을 재개했으며 [TV조선] 드라마 [한반도] OST에도 참여하였다. [2012년] [9월]에는 소속사 [뮤직앤뉴]로 이전하였다."}