{"entityTagged":"<경기도박물관>(京畿道博物館)은 [대한민국] [경기도] [용인시]에 위치한 도립 [박물관]이다. [1996년 6월 21일]에 개관하였다.","globalSId":[3233853,3233854],"entities":[{"kbox_types":["ArchitecturalStructure","Museum","Place","Building"],"st":0,"en_mention":6,"ancestor":"","eIdx":0,"st_mention":0,"en":8,"ne_type":"LOCATION","keyword":"<경기도박물관>","e_type":"ELU"},{"kbox_types":["Country","PopulatedPlace","PopulatedPlace","Place"],"st":18,"en_mention":20,"ancestor":"","eIdx":1,"st_mention":16,"en":24,"ne_type":"LOCATION","keyword":"[대한민국]","e_type":"WIKILINK"},{"kbox_types":["PopulatedPlace","Settlement","PopulatedPlace","Place"],"st":25,"en_mention":24,"ancestor":"","eIdx":2,"st_mention":21,"en":30,"ne_type":"LOCATION","keyword":"[경기도]","e_type":"WIKILINK"},{"kbox_types":["PopulatedPlace","Place","Settlement","PopulatedPlace","City"],"st":31,"en_mention":28,"ancestor":"","eIdx":3,"st_mention":25,"en":36,"ne_type":"LOCATION","keyword":"[용인시]","e_type":"WIKILINK"},{"kbox_types":["NULL"],"st":45,"en_mention":40,"ancestor":"","eIdx":4,"st_mention":37,"en":50,"ne_type":"ETC","keyword":"[박물관]","e_type":"WIKILINK"},{"kbox_types":["NULL"],"st":54,"en_mention":56,"ancestor":"-2","eIdx":5,"st_mention":44,"en":68,"ne_type":"TIME","keyword":"[1996년 6월 21일]","e_type":"NEW"}],"wikiPageId":1035134,"pIdx":1,"plainText":"경기도박물관(京畿道博物館)은 대한민국 경기도 용인시에 위치한 도립 박물관이다. 1996년 6월 21일에 개관하였다.","pronouns":[],"mentionTagged":"[경기도박물관](京畿道博物館)은 [대한민국] [경기도] [용인시]에 위치한 도립 [박물관]이다. [1996년 6월 21일]에 개관하였다."}