{"entityTagged":"[작은알락박쥐](\"Chalinolobus picatus\")는 [애기박쥐과]에 속하는 [박쥐]의 일종이다. [오스트레일리아] 동부 지역의 준건조 산림 지역에서만 발견된다.","globalSId":[3893138,3893139],"entities":[{"kbox_types":["NULL"],"st":0,"en_mention":6,"ancestor":"-2","eIdx":0,"st_mention":0,"en":8,"ne_type":"ETC","keyword":"[작은알락박쥐]","e_type":"NEW"},{"kbox_types":["Animal","Species","TopicalConcept","Taxon","Eukaryote","Mammal"],"st":34,"en_mention":37,"ancestor":"","eIdx":1,"st_mention":32,"en":41,"ne_type":"ETC","keyword":"[애기박쥐과]","e_type":"WIKILINK"},{"kbox_types":["Animal","Species","TopicalConcept","Taxon","Eukaryote","Mammal"],"st":47,"en_mention":45,"ancestor":"","eIdx":2,"st_mention":43,"en":51,"ne_type":"ETC","keyword":"[박쥐]","e_type":"WIKILINK"},{"kbox_types":["Country","PopulatedPlace","Settlement","PopulatedPlace","Place"],"st":59,"en_mention":60,"ancestor":"","eIdx":3,"st_mention":53,"en":68,"ne_type":"LOCATION","keyword":"[오스트레일리아]","e_type":"WIKILINK"}],"wikiPageId":1663279,"pIdx":1,"plainText":"작은알락박쥐(\"Chalinolobus picatus\")는 애기박쥐과에 속하는 박쥐의 일종이다. 오스트레일리아 동부 지역의 준건조 산림 지역에서만 발견된다.","pronouns":[],"mentionTagged":"[작은알락박쥐](\"Chalinolobus picatus\")는 [애기박쥐과]에 속하는 [박쥐]의 일종이다. [오스트레일리아] 동부 지역의 준건조 산림 지역에서만 발견된다."}