{"entityTagged":"<마틸다상과>(Mathildoidea)는 바다 [달팽이] 상과의 하나이다. 비공식군 [하이새류]에 속하는 해양 [복족류] [연체동물]이다.","globalSId":[2722054,2722055],"entities":[{"kbox_types":["Animal","Species","TopicalConcept","Taxon","Eukaryote","Mollusca"],"st":0,"en_mention":5,"ancestor":"","eIdx":0,"st_mention":0,"en":7,"ne_type":"ETC","keyword":"<마틸다상과>","e_type":"ELU"},{"kbox_types":["Animal","Species","Eukaryote","Mollusca"],"st":26,"en_mention":27,"ancestor":"","eIdx":1,"st_mention":24,"en":31,"ne_type":"ETC","keyword":"[달팽이]","e_type":"WIKILINK"},{"kbox_types":["Animal","Species","TopicalConcept","Taxon","Eukaryote","Mollusca"],"st":47,"en_mention":47,"ancestor":"","eIdx":2,"st_mention":43,"en":53,"ne_type":"ETC","keyword":"[하이새류]","e_type":"WIKILINK"},{"kbox_types":["Animal","Species","TopicalConcept","Taxon","Eukaryote"],"st":62,"en_mention":59,"ancestor":"","eIdx":3,"st_mention":56,"en":67,"ne_type":"ETC","keyword":"[복족류]","e_type":"WIKILINK"},{"kbox_types":["Animal","Species","TopicalConcept","Taxon","Eukaryote"],"st":68,"en_mention":64,"ancestor":"","eIdx":4,"st_mention":60,"en":74,"ne_type":"ETC","keyword":"[연체동물]","e_type":"WIKILINK"}],"wikiPageId":751078,"pIdx":1,"plainText":"마틸다상과(Mathildoidea)는 바다 달팽이 상과의 하나이다. 비공식군 하이새류에 속하는 해양 복족류 연체동물이다.","pronouns":[],"mentionTagged":"[마틸다상과](Mathildoidea)는 바다 [달팽이] 상과의 하나이다. 비공식군 [하이새류]에 속하는 해양 [복족류] [연체동물]이다."}