{"entityTagged":"<아드레노>(Adreno)는 [퀄컴]의 [그래픽_처리_장치] 반도체 IP의 이름으로써, [스냅드래곤]과 같은 [퀄컴]의 다양한 [단일_칩_시스템]에 채택되어 사용된다. 원래는 [2006년]에 [AMD]의 자회사로 편입된, [ATI_테크놀로지] 소유로 \"[Imageon]\"이라 불렸으나, [2008년]에 [퀄컴]이 사업부를 인수해 지금의 이름인 <아드레노>로 변경했다. <아드레노>(Adreno)는 [ATI]의 PC용 그래픽 처리 장치의 이름인 [라데온](Radeon)의 [어구전철]이다.","globalSId":[3215630,3215631,3215632],"entities":[{"kbox_types":["NULL"],"st":0,"en_mention":4,"ancestor":"","eIdx":0,"st_mention":0,"en":6,"ne_type":"ETC","keyword":"<아드레노>","e_type":"ELU"},{"kbox_types":["Company","Agent","Organisation"],"st":16,"en_mention":16,"ancestor":"","eIdx":1,"st_mention":14,"en":20,"ne_type":"ORGANIZATION","keyword":"[퀄컴]","e_type":"WIKILINK"},{"kbox_types":["NULL"],"st":22,"en_mention":27,"ancestor":"","eIdx":2,"st_mention":18,"en":33,"ne_type":"ETC","keyword":"[그래픽_처리_장치]","e_type":"WIKILINK"},{"kbox_types":["NULL"],"st":49,"en_mention":48,"ancestor":"","eIdx":3,"st_mention":43,"en":56,"ne_type":"ETC","keyword":"[스냅드래곤]","e_type":"WIKILINK"},{"kbox_types":["Company","Agent","Organisation"],"st":61,"en_mention":55,"ancestor":"1-1","eIdx":4,"st_mention":53,"en":65,"ne_type":"ORGANIZATION","keyword":"[퀄컴]","e_type":"NEW"},{"kbox_types":["NULL"],"st":71,"en_mention":64,"ancestor":"","eIdx":5,"st_mention":61,"en":81,"ne_type":"ETC","keyword":"[단일_칩_시스템]","e_type":"WIKILINK"},{"kbox_types":["Year","TimePeriod"],"st":98,"en_mention":86,"ancestor":"","eIdx":6,"st_mention":81,"en":105,"ne_type":"TIME","keyword":"[2006년]","e_type":"WIKILINK"},{"kbox_types":["NULL"],"st":107,"en_mention":91,"ancestor":"","eIdx":7,"st_mention":88,"en":112,"ne_type":"ETC","keyword":"[AMD]","e_type":"WIKILINK"},{"kbox_types":["NULL"],"st":124,"en_mention":112,"ancestor":"","eIdx":8,"st_mention":103,"en":135,"ne_type":"ETC","keyword":"[ATI_테크놀로지]","e_type":"WIKILINK"},{"kbox_types":["NULL"],"st":141,"en_mention":125,"ancestor":"-2","eIdx":9,"st_mention":118,"en":150,"ne_type":"ORGANIZATION","keyword":"[Imageon]","e_type":"NEW"},{"kbox_types":["Year","MusicalWork","TimePeriod","Work","Album"],"st":160,"en_mention":140,"ancestor":"","eIdx":10,"st_mention":135,"en":167,"ne_type":"TIME","keyword":"[2008년]","e_type":"WIKILINK"},{"kbox_types":["Company","Agent","Organisation"],"st":169,"en_mention":144,"ancestor":"1-4","eIdx":11,"st_mention":142,"en":173,"ne_type":"ORGANIZATION","keyword":"[퀄컴]","e_type":"NEW"},{"kbox_types":["NULL"],"st":192,"en_mention":167,"ancestor":"","eIdx":12,"st_mention":163,"en":198,"ne_type":"ETC","keyword":"<아드레노>","e_type":"ELU"},{"kbox_types":["NULL"],"st":206,"en_mention":179,"ancestor":"","eIdx":13,"st_mention":175,"en":212,"ne_type":"ETC","keyword":"<아드레노>","e_type":"ELU"},{"kbox_types":["NULL"],"st":222,"en_mention":192,"ancestor":"1-8","eIdx":14,"st_mention":189,"en":227,"ne_type":"ORGANIZATION","keyword":"[ATI]","e_type":"NEW"},{"kbox_types":["NULL"],"st":248,"en_mention":216,"ancestor":"","eIdx":15,"st_mention":213,"en":253,"ne_type":"ETC","keyword":"[라데온]","e_type":"WIKILINK"},{"kbox_types":["NULL"],"st":263,"en_mention":240,"ancestor":"","eIdx":16,"st_mention":226,"en":269,"ne_type":"ETC","keyword":"[어구전철]","e_type":"WIKILINK"}],"wikiPageId":1024298,"pIdx":1,"plainText":"아드레노(Adreno)는 퀄컴의 그래픽 처리 장치 반도체 IP의 이름으로써, 스냅드래곤과 같은 퀄컴의 다양한 SoC에 채택되어 사용된다. 원래는 2006년에 AMD의 자회사로 편입된, ATI 테크놀로지 소유로 \"Imageon\"이라 불렸으나, 2008년에 퀄컴이 사업부를 인수해 지금의 이름인 아드레노로 변경했다. 아드레노(Adreno)는 ATI의 PC용 그래픽 처리 장치의 이름인 라데온(Radeon)의 철자 배열 순서만 바꾼 말이다.","mentionTagged":"[아드레노](Adreno)는 [퀄컴]의 [그래픽 처리 장치] 반도체 IP의 이름으로써, [스냅드래곤]과 같은 [퀄컴]의 다양한 [SoC]에 채택되어 사용된다. 원래는 [2006년]에 [AMD]의 자회사로 편입된, [ATI 테크놀로지] 소유로 \"[Imageon]\"이라 불렸으나, [2008년]에 [퀄컴]이 사업부를 인수해 지금의 이름인 [아드레노]로 변경했다. [아드레노](Adreno)는 [ATI]의 PC용 그래픽 처리 장치의 이름인 [라데온](Radeon)의 [철자 배열 순서만 바꾼 말]이다."}