{"entityTagged":"[서부 주](, , )는 [르완다] 서부에 위치한 주로, 주도는 [키부예]이며 면적은 5,882㎢, 인구는 2,008,319명([2009년] 기준)이다.","globalSId":[2509123],"entities":[{"kbox_types":["NULL"],"st":0,"en_mention":4,"ancestor":"-2","eIdx":0,"st_mention":0,"en":6,"ne_type":"LOCATION","keyword":"[서부 주]","e_type":"NEW"},{"kbox_types":["Country","PopulatedPlace","Settlement","PopulatedPlace","Place"],"st":14,"en_mention":15,"ancestor":"","eIdx":1,"st_mention":12,"en":19,"ne_type":"LOCATION","keyword":"[르완다]","e_type":"WIKILINK"},{"kbox_types":["PopulatedPlace","Place","Settlement","City"],"st":36,"en_mention":35,"ancestor":"","eIdx":2,"st_mention":32,"en":41,"ne_type":"LOCATION","keyword":"[키부예]","e_type":"WIKILINK"},{"kbox_types":["Year","MusicalWork","TimePeriod","Work","Album"],"st":71,"en_mention":70,"ancestor":"-2","eIdx":3,"st_mention":65,"en":78,"ne_type":"TIME","keyword":"[2009년]","e_type":"NEW"}],"wikiPageId":652323,"pIdx":1,"plainText":"서부 주(, , )는 르완다 서부에 위치한 주로, 주도는 키부예이며 면적은 5,882㎢, 인구는 2,008,319명(2009년 기준)이다.","pronouns":[],"mentionTagged":"[서부 주](, , )는 [르완다] 서부에 위치한 주로, 주도는 [키부예]이며 면적은 5,882㎢, 인구는 2,008,319명([2009년] 기준)이다."}