{"entityTagged":"[4 Intimate Nights with Beyoncé]는 미국 [알앤비] 가수 [비욘세_놀스]의 두 번째 [레지던트_쇼]이다. [2009년] [7월]부터 [8월]까지 밤에 [4_(비욘세_놀스의_음반)]를 홍보하는 목적으로 공연되었다. 콘서트는 [뉴욕_주] [맨해튼] [로즈랜드_무도회장]에서 열렸다.","globalSId":[3781005,3781006,3781007],"entities":[{"kbox_types":["NULL"],"st":0,"en_mention":30,"ancestor":"-2","eIdx":0,"st_mention":0,"en":32,"ne_type":"ETC","keyword":"[4 Intimate Nights with Beyoncé]","e_type":"NEW"},{"kbox_types":["MusicGenre","TopicalConcept","Genre"],"st":37,"en_mention":38,"ancestor":"","eIdx":1,"st_mention":35,"en":42,"ne_type":"ETC","keyword":"[알앤비]","e_type":"WIKILINK"},{"kbox_types":["Agent","Person","MusicalArtist","Artist"],"st":46,"en_mention":48,"ancestor":"","eIdx":2,"st_mention":42,"en":54,"ne_type":"PERSON","keyword":"[비욘세_놀스]","e_type":"WIKILINK"},{"kbox_types":["NULL"],"st":61,"en_mention":61,"ancestor":"","eIdx":3,"st_mention":55,"en":69,"ne_type":"ETC","keyword":"[레지던트_쇼]","e_type":"WIKILINK"},{"kbox_types":["Year","MusicalWork","TimePeriod","Work","Album"],"st":73,"en_mention":70,"ancestor":"-2","eIdx":4,"st_mention":65,"en":80,"ne_type":"TIME","keyword":"[2009년]","e_type":"NEW"},{"kbox_types":["NULL"],"st":81,"en_mention":73,"ancestor":"-2","eIdx":5,"st_mention":71,"en":85,"ne_type":"TIME","keyword":"[7월]","e_type":"NEW"},{"kbox_types":["NULL"],"st":88,"en_mention":78,"ancestor":"-2","eIdx":6,"st_mention":76,"en":92,"ne_type":"TIME","keyword":"[8월]","e_type":"NEW"},{"kbox_types":["MusicalWork","Work","Album"],"st":98,"en_mention":85,"ancestor":"","eIdx":7,"st_mention":84,"en":114,"ne_type":"ETC","keyword":"[4_(비욘세_놀스의_음반)]","e_type":"WIKILINK"},{"kbox_types":["Region","PopulatedPlace","AdministrativeRegion","Place","Settlement","AdministrativeRegion"],"st":138,"en_mention":113,"ancestor":"","eIdx":8,"st_mention":109,"en":144,"ne_type":"LOCATION","keyword":"[뉴욕_주]","e_type":"WIKILINK"},{"kbox_types":["PopulatedPlace","Place","Settlement","PopulatedPlace","City"],"st":145,"en_mention":117,"ancestor":"","eIdx":9,"st_mention":114,"en":150,"ne_type":"LOCATION","keyword":"[맨해튼]","e_type":"WIKILINK"},{"kbox_types":["NULL"],"st":151,"en_mention":127,"ancestor":"","eIdx":10,"st_mention":118,"en":162,"ne_type":"ETC","keyword":"[로즈랜드_무도회장]","e_type":"WIKILINK"}],"wikiPageId":1498949,"pIdx":1,"plainText":"4 Intimate Nights with Beyoncé는 미국 알앤비 가수 비욘세 놀스의 두 번째 레지던트 쇼이다. 2009년 7월부터 8월까지 밤에 4를 홍보하는 목적으로 공연되었다. 콘서트는 뉴욕 주 맨해튼 로즈랜드 무도회장에서 열렸다.","mentionTagged":"[4 Intimate Nights with Beyoncé]는 미국 [알앤비] 가수 [비욘세 놀스]의 두 번째 [레지던트 쇼]이다. [2009년] [7월]부터 [8월]까지 밤에 [4]를 홍보하는 목적으로 공연되었다. 콘서트는 [뉴욕 주] [맨해튼] [로즈랜드 무도회장]에서 열렸다."}