{"entityTagged":"수상 실적. [애로]는 [1959년] [미국_예술_과학_아카데미]의 선임 연구원으로 선출되었다. 그는 [1972년] [존_힉스]와 함께 [노벨_경제학상]을 수상하였다. 또한 그는 리스크와 불완전한 정보에 관한 연구로 [2004년]에 [미국]에서 가장 높은 과학상인 [국가과학상]을 수상하였다.","globalSId":[3607060,3607061,3607062,3607063],"entities":[{"kbox_types":["NULL"],"st":7,"en_mention":8,"ancestor":"-2","eIdx":0,"st_mention":6,"en":11,"ne_type":"PERSON","keyword":"[애로]","e_type":"NEW"},{"kbox_types":["Year","TimePeriod"],"st":13,"en_mention":15,"ancestor":"-2","eIdx":1,"st_mention":10,"en":20,"ne_type":"TIME","keyword":"[1959년]","e_type":"NEW"},{"kbox_types":["Agent","Organisation"],"st":21,"en_mention":29,"ancestor":"","eIdx":2,"st_mention":16,"en":36,"ne_type":"ORGANIZATION","keyword":"[미국_예술_과학_아카데미]","e_type":"WIKILINK"},{"kbox_types":["Year","TimePeriod"],"st":57,"en_mention":55,"ancestor":"-2","eIdx":3,"st_mention":50,"en":64,"ne_type":"TIME","keyword":"[1972년]","e_type":"NEW"},{"kbox_types":["Agent","Person","Economist"],"st":65,"en_mention":60,"ancestor":"","eIdx":4,"st_mention":56,"en":71,"ne_type":"PERSON","keyword":"[존_힉스]","e_type":"WIKILINK"},{"kbox_types":["Award"],"st":76,"en_mention":72,"ancestor":"","eIdx":5,"st_mention":65,"en":85,"ne_type":"ETC","keyword":"[노벨_경제학상]","e_type":"WIKILINK"},{"kbox_types":["Year","TimePeriod"],"st":121,"en_mention":113,"ancestor":"-2","eIdx":6,"st_mention":108,"en":128,"ne_type":"TIME","keyword":"[2004년]","e_type":"NEW"},{"kbox_types":["Country","PopulatedPlace","PopulatedPlace","Place"],"st":130,"en_mention":117,"ancestor":"-2","eIdx":7,"st_mention":115,"en":134,"ne_type":"LOCATION","keyword":"[미국]","e_type":"NEW"},{"kbox_types":["NULL"],"st":148,"en_mention":136,"ancestor":"","eIdx":8,"st_mention":131,"en":155,"ne_type":"ETC","keyword":"[국가과학상]","e_type":"WIKILINK"}],"wikiPageId":1337764,"pIdx":18,"plainText":"수상 실적 애로는 1959년 미국 예술 과학 아카데미의 선임 연구원으로 선출되었다. 그는 1972년 존 힉스와 함께 노벨 경제학상을 수상하였다. 또한 그는 리스크와 불완전한 정보에 관한 연구로 2004년에 미국에서 가장 높은 과학상인 국가과학상을 수상하였다.","mentionTagged":"수상 실적 [애로]는 [1959년] [미국 예술 과학 아카데미]의 선임 연구원으로 선출되었다. 그는 [1972년] [존 힉스]와 함께 [노벨 경제학상]을 수상하였다. 또한 그는 리스크와 불완전한 정보에 관한 연구로 [2004년]에 [미국]에서 가장 높은 과학상인 [국가과학상]을 수상하였다."}