{"entityTagged":"[테이트삼지창코박쥐속](\"Aselliscus\")은 [잎코박쥐과]에 속하는 [박쥐] 속의 하나이다. 3종으로 이루어져 있다.","globalSId":[3841977,3841978],"entities":[{"kbox_types":["Animal","Species","TopicalConcept","Taxon","Eukaryote","Mammal"],"st":0,"en_mention":10,"ancestor":"-2","eIdx":0,"st_mention":0,"en":12,"ne_type":"ETC","keyword":"[테이트삼지창코박쥐속]","e_type":"NEW"},{"kbox_types":["Animal","Species","TopicalConcept","Taxon","Eukaryote","Mammal"],"st":28,"en_mention":31,"ancestor":"","eIdx":1,"st_mention":26,"en":35,"ne_type":"ETC","keyword":"[잎코박쥐과]","e_type":"WIKILINK"},{"kbox_types":["Animal","Species","TopicalConcept","Taxon","Eukaryote","Mammal"],"st":41,"en_mention":39,"ancestor":"","eIdx":2,"st_mention":37,"en":45,"ne_type":"ETC","keyword":"[박쥐]","e_type":"WIKILINK"}],"wikiPageId":1621300,"pIdx":1,"plainText":"테이트삼지창코박쥐속(\"Aselliscus\")은 잎코박쥐과에 속하는 박쥐 속의 하나이다. 3종으로 이루어져 있다.","mentionTagged":"[테이트삼지창코박쥐속](\"Aselliscus\")은 [잎코박쥐과]에 속하는 [박쥐] 속의 하나이다. 3종으로 이루어져 있다."}