{"entityTagged":"생애. [1843년] [코펜하겐]에서 [글뤽스부르크] 공자 [크리스티안_9세]와 [헤센카셀의_루이제]의 장남으로 태어났다. 그가 태어났을 당시 그의 부모는 왕위계승자가 아닌 일개 귀족에 불과했고, 그는 재정적인 이유로 가정교사가 아닌 부모에 의해 교육을 받으며 자라났다. [1863년] [프레데리크_7세]의 서거로 부친은 <덴마크>의 국왕이 되었고 그 또한 왕태자가 되었다. [크리스티안 9세]의 치세가 길었기 때문에 [1906년], 환갑을 넘긴 나이에 비로소 국왕으로 즉위할 수 있었다. [독일]의 [함부르크]에서 산책을 하던 중 정신을 잃고 병원으로 옮겨졌으나 숨졌다. 사인은 심장발작으로 발표되었다. [코펜하겐] 근처의 [로스킬레_대성당]에 묻혔다.","globalSId":[2505397,2505398,2505399,2505400,2505401,2505402,2505403,2505404],"entities":[{"kbox_types":["Year","TimePeriod"],"st":4,"en_mention":8,"ancestor":"","eIdx":0,"st_mention":3,"en":11,"ne_type":"TIME","keyword":"[1843년]","e_type":"WIKILINK"},{"kbox_types":["PopulatedPlace","Place","Settlement","PopulatedPlace","City"],"st":12,"en_mention":13,"ancestor":"","eIdx":1,"st_mention":9,"en":18,"ne_type":"LOCATION","keyword":"[코펜하겐]","e_type":"WIKILINK"},{"kbox_types":["NULL"],"st":21,"en_mention":22,"ancestor":"-2","eIdx":2,"st_mention":16,"en":29,"ne_type":"LOCATION","keyword":"[글뤽스부르크]","e_type":"NEW"},{"kbox_types":["Royalty","Monarch","BritishRoyalty","Agent","Person"],"st":33,"en_mention":34,"ancestor":"","eIdx":3,"st_mention":26,"en":43,"ne_type":"PERSON","keyword":"[크리스티안_9세]","e_type":"WIKILINK"},{"kbox_types":["NULL"],"st":45,"en_mention":45,"ancestor":"","eIdx":4,"st_mention":36,"en":56,"ne_type":"ETC","keyword":"[헤센카셀의_루이제]","e_type":"WIKILINK"},{"kbox_types":["Year","TimePeriod"],"st":152,"en_mention":146,"ancestor":"","eIdx":5,"st_mention":141,"en":159,"ne_type":"TIME","keyword":"[1863년]","e_type":"WIKILINK"},{"kbox_types":["Royalty","BritishRoyalty","Agent","Person"],"st":160,"en_mention":155,"ancestor":"","eIdx":6,"st_mention":147,"en":170,"ne_type":"PERSON","keyword":"[프레데리크_7세]","e_type":"WIKILINK"},{"kbox_types":["Country","PopulatedPlace","PopulatedPlace","Place"],"st":180,"en_mention":168,"ancestor":"","eIdx":7,"st_mention":165,"en":185,"ne_type":"LOCATION","keyword":"<덴마크>","e_type":"ELU"},{"kbox_types":["Royalty","Monarch","BritishRoyalty","Agent","Person"],"st":210,"en_mention":201,"ancestor":"2-3","eIdx":8,"st_mention":193,"en":220,"ne_type":"PERSON","keyword":"[크리스티안 9세]","e_type":"NEW"},{"kbox_types":["Year","TimePeriod"],"st":234,"en_mention":220,"ancestor":"","eIdx":9,"st_mention":215,"en":241,"ne_type":"TIME","keyword":"[1906년]","e_type":"WIKILINK"},{"kbox_types":["Country","PopulatedPlace","Settlement","PopulatedPlace","Place"],"st":274,"en_mention":255,"ancestor":"","eIdx":10,"st_mention":253,"en":278,"ne_type":"LOCATION","keyword":"[독일]","e_type":"WIKILINK"},{"kbox_types":["PopulatedPlace","Place","Settlement","PopulatedPlace","City"],"st":280,"en_mention":261,"ancestor":"","eIdx":11,"st_mention":257,"en":286,"ne_type":"LOCATION","keyword":"[함부르크]","e_type":"WIKILINK"},{"kbox_types":["PopulatedPlace","Place","Settlement","PopulatedPlace","City"],"st":339,"en_mention":318,"ancestor":"","eIdx":12,"st_mention":314,"en":345,"ne_type":"LOCATION","keyword":"[코펜하겐]","e_type":"WIKILINK"},{"kbox_types":["ArchitecturalStructure","Building","ReligiousBuilding","Place","ReligiousBuilding"],"st":350,"en_mention":331,"ancestor":"","eIdx":13,"st_mention":323,"en":360,"ne_type":"LOCATION","keyword":"[로스킬레_대성당]","e_type":"WIKILINK"}],"wikiPageId":650020,"pIdx":2,"plainText":"생애 1843년 코펜하겐에서 글뤽스부르크 공자 크리스티안 9세와 헤센카셀의 루이제의 장남으로 태어났다. 그가 태어났을 당시 그의 부모는 왕위계승자가 아닌 일개 귀족에 불과했고, 그는 재정적인 이유로 가정교사가 아닌 부모에 의해 교육을 받으며 자라났다. 1863년 프레데리크 7세의 서거로 부친은 덴마크의 국왕이 되었고 그 또한 왕태자가 되었다. 크리스티안 9세의 치세가 길었기 때문에 1906년, 환갑을 넘긴 나이에 비로소 국왕으로 즉위할 수 있었다. 독일의 함부르크에서 산책을 하던 중 정신을 잃고 병원으로 옮겨졌으나 숨졌다. 사인은 심장발작으로 발표되었다. 코펜하겐 근처의 로스킬레 대성당에 묻혔다.","mentionTagged":"생애 [1843년] [코펜하겐]에서 [글뤽스부르크] 공자 [크리스티안 9세]와 [헤센카셀의 루이제]의 장남으로 태어났다. 그가 태어났을 당시 그의 부모는 왕위계승자가 아닌 일개 귀족에 불과했고, 그는 재정적인 이유로 가정교사가 아닌 부모에 의해 교육을 받으며 자라났다. [1863년] [프레데리크 7세]의 서거로 부친은 [덴마크]의 국왕이 되었고 그 또한 왕태자가 되었다. [크리스티안 9세]의 치세가 길었기 때문에 [1906년], 환갑을 넘긴 나이에 비로소 국왕으로 즉위할 수 있었다. [독일]의 [함부르크]에서 산책을 하던 중 정신을 잃고 병원으로 옮겨졌으나 숨졌다. 사인은 심장발작으로 발표되었다. [코펜하겐] 근처의 [로스킬레 대성당]에 묻혔다."}