{"entityTagged":"[몬스터 음료 주식회사]는 [블루_스카이_음료]를 <자회사>로 두고 있는 [한센 소]다, [몬스터_에너지]를 포함한 과일 주스, [에너지_음료], [청량_음료] 제조 회사이다.","globalSId":[3146531],"entities":[{"kbox_types":["NULL"],"st":0,"en_mention":11,"ancestor":"-2","eIdx":0,"st_mention":0,"en":13,"ne_type":"ORGANIZATION","keyword":"[몬스터 음료 주식회사]","e_type":"NEW"},{"kbox_types":["NULL"],"st":15,"en_mention":22,"ancestor":"","eIdx":1,"st_mention":13,"en":26,"ne_type":"ETC","keyword":"[블루_스카이_음료]","e_type":"WIKILINK"},{"kbox_types":["NULL"],"st":28,"en_mention":27,"ancestor":"","eIdx":2,"st_mention":24,"en":33,"ne_type":"ETC","keyword":"<자회사>","e_type":"ELU"},{"kbox_types":["NULL"],"st":41,"en_mention":39,"ancestor":"-1","eIdx":3,"st_mention":35,"en":47,"ne_type":"ETC","keyword":"[한센 소]","e_type":"NEW"},{"kbox_types":["Beverage","Food"],"st":50,"en_mention":49,"ancestor":"","eIdx":4,"st_mention":42,"en":59,"ne_type":"ETC","keyword":"[몬스터_에너지]","e_type":"WIKILINK"},{"kbox_types":["NULL"],"st":72,"en_mention":68,"ancestor":"","eIdx":5,"st_mention":62,"en":80,"ne_type":"ETC","keyword":"[에너지_음료]","e_type":"WIKILINK"},{"kbox_types":["NULL"],"st":82,"en_mention":75,"ancestor":"","eIdx":6,"st_mention":70,"en":89,"ne_type":"ETC","keyword":"[청량_음료]","e_type":"WIKILINK"}],"wikiPageId":983147,"pIdx":1,"plainText":"몬스터 음료 주식회사는 블루 스카이 음료를 자회사로 두고 있는 한센 소다, 몬스터 에너지를 포함한 과일 주스, 에너지 음료, 청량 음료 제조 회사이다.","pronouns":[],"mentionTagged":"[몬스터 음료 주식회사]는 [블루 스카이 음료]를 [자회사]로 두고 있는 [한센 소]다, [몬스터 에너지]를 포함한 과일 주스, [에너지 음료], [청량 음료] 제조 회사이다."}