{"entityTagged":"[인디펜던스급 항공모함](Independence class aircraft carrier)은 [제2차_세계대전], [한국전쟁] 등에 사용되었던 [미국_해군]의 [경항공모함]이다. [프랭클린_루즈벨트] 대통령의 해군 계획에 의해 개발되었으며, 표준 배수량 11,000톤, 총 9척이 건조되었다.","globalSId":[2235396,2235397],"entities":[{"kbox_types":["MeanOfTransportation","Ship"],"st":0,"en_mention":11,"ancestor":"-2","eIdx":0,"st_mention":0,"en":13,"ne_type":"ETC","keyword":"[인디펜던스급 항공모함]","e_type":"NEW"},{"kbox_types":["MilitaryConflict","Event","SocietalEvent"],"st":52,"en_mention":58,"ancestor":"","eIdx":1,"st_mention":50,"en":62,"ne_type":"ETC","keyword":"[제2차_세계대전]","e_type":"WIKILINK"},{"kbox_types":["MilitaryConflict","Event","SocietalEvent"],"st":64,"en_mention":64,"ancestor":"","eIdx":2,"st_mention":60,"en":70,"ne_type":"ETC","keyword":"[한국전쟁]","e_type":"WIKILINK"},{"kbox_types":["Agent","MilitaryUnit","Organisation"],"st":80,"en_mention":79,"ancestor":"","eIdx":3,"st_mention":74,"en":87,"ne_type":"ORGANIZATION","keyword":"[미국_해군]","e_type":"WIKILINK"},{"kbox_types":["NULL"],"st":89,"en_mention":86,"ancestor":"","eIdx":4,"st_mention":81,"en":96,"ne_type":"ETC","keyword":"[경항공모함]","e_type":"WIKILINK"},{"kbox_types":["NULL"],"st":100,"en_mention":99,"ancestor":"","eIdx":5,"st_mention":90,"en":111,"ne_type":"ETC","keyword":"[프랭클린_루즈벨트]","e_type":"WIKILINK"}],"wikiPageId":523194,"pIdx":1,"plainText":"인디펜던스급 항공모함(Independence class aircraft carrier)은 제2차 세계대전, 한국전쟁 등에 사용되었던 미국 해군의 경항공모함이다. 프랭클린 루즈벨트 대통령의 해군 계획에 의해 개발되었으며, 표준 배수량 11,000톤, 총 9척이 건조되었다.","pronouns":[],"mentionTagged":"[인디펜던스급 항공모함](Independence class aircraft carrier)은 [제2차 세계대전], [한국전쟁] 등에 사용되었던 [미국 해군]의 [경항공모함]이다. [프랭클린 루즈벨트] 대통령의 해군 계획에 의해 개발되었으며, 표준 배수량 11,000톤, 총 9척이 건조되었다."}