{"entityTagged":"<상당구>(上黨區)는 [대한민국] [충청북도] [청주시] 동남부에 있는 [구_(행정_구역)]이다. <청주시>의 구도심 지역으로, [충청북도]과 <청주시>이 위치한다. 구 명칭은 [백제] 때 [청주]의 옛 이름인 <서원경>(上黨縣)과 [상당산성]에서 따왔다.","globalSId":[791401,791402,791403],"entities":[{"kbox_types":["PopulatedPlace","Settlement","PopulatedPlace","Place"],"st":0,"en_mention":3,"ancestor":"","eIdx":0,"st_mention":0,"en":5,"ne_type":"LOCATION","keyword":"<상당구>","e_type":"ELU"},{"kbox_types":["Country","PopulatedPlace","PopulatedPlace","Place"],"st":12,"en_mention":14,"ancestor":"","eIdx":1,"st_mention":10,"en":18,"ne_type":"LOCATION","keyword":"[대한민국]","e_type":"WIKILINK"},{"kbox_types":["PopulatedPlace","Settlement","PopulatedPlace","Place"],"st":19,"en_mention":19,"ancestor":"","eIdx":2,"st_mention":15,"en":25,"ne_type":"LOCATION","keyword":"[충청북도]","e_type":"WIKILINK"},{"kbox_types":["PopulatedPlace","Place","Settlement","PopulatedPlace","City"],"st":26,"en_mention":23,"ancestor":"","eIdx":3,"st_mention":20,"en":31,"ne_type":"LOCATION","keyword":"[청주시]","e_type":"WIKILINK"},{"kbox_types":["NULL"],"st":40,"en_mention":33,"ancestor":"","eIdx":4,"st_mention":32,"en":51,"ne_type":"ETC","keyword":"[구_(행정_구역)]","e_type":"WIKILINK"},{"kbox_types":["PopulatedPlace","Place","Settlement","PopulatedPlace","City"],"st":55,"en_mention":40,"ancestor":"","eIdx":5,"st_mention":37,"en":60,"ne_type":"LOCATION","keyword":"<청주시>","e_type":"ELU"},{"kbox_types":["PopulatedPlace","Settlement","PopulatedPlace","Place"],"st":72,"en_mention":57,"ancestor":"","eIdx":6,"st_mention":52,"en":78,"ne_type":"LOCATION","keyword":"[충청북도]","e_type":"WIKILINK"},{"kbox_types":["PopulatedPlace","Place","Settlement","PopulatedPlace","City"],"st":80,"en_mention":63,"ancestor":"","eIdx":7,"st_mention":59,"en":85,"ne_type":"LOCATION","keyword":"<청주시>","e_type":"ELU"},{"kbox_types":["Country","PopulatedPlace","PopulatedPlace","Place"],"st":99,"en_mention":79,"ancestor":"","eIdx":8,"st_mention":77,"en":103,"ne_type":"LOCATION","keyword":"[백제]","e_type":"WIKILINK"},{"kbox_types":["NULL"],"st":106,"en_mention":84,"ancestor":"1-5","eIdx":9,"st_mention":82,"en":110,"ne_type":"LOCATION","keyword":"[청주]","e_type":"NEW"},{"kbox_types":["NULL"],"st":118,"en_mention":95,"ancestor":"","eIdx":10,"st_mention":92,"en":123,"ne_type":"ETC","keyword":"<서원경>","e_type":"ELU"},{"kbox_types":["NULL"],"st":130,"en_mention":106,"ancestor":"","eIdx":11,"st_mention":102,"en":136,"ne_type":"ETC","keyword":"[상당산성]","e_type":"WIKILINK"}],"wikiPageId":105573,"pIdx":1,"plainText":"상당구(上黨區)는 대한민국 충청북도 청주시 동남부에 있는 구이다. 청주시의 구도심 지역으로, 충청북도청과 청주시청이 위치한다. 구 명칭은 백제 때 청주의 옛 이름인 상당현(上黨縣)과 상당산성에서 따왔다.","mentionTagged":"[상당구](上黨區)는 [대한민국] [충청북도] [청주시] 동남부에 있는 [구]이다. [청주시]의 구도심 지역으로, [충청북도청]과 [청주시청]이 위치한다. 구 명칭은 [백제] 때 [청주]의 옛 이름인 [상당현](上黨縣)과 [상당산성]에서 따왔다."}