{"entityTagged":"<천하무적_이효리>는 [대한민국] 가수 [이효리]의 첫 번째 단독 [콘서트]이다.","globalSId":[1784255],"entities":[{"kbox_types":["NULL"],"st":0,"en_mention":8,"ancestor":"","eIdx":0,"st_mention":0,"en":10,"ne_type":"ETC","keyword":"<천하무적_이효리>","e_type":"ELU"},{"kbox_types":["Country","PopulatedPlace","PopulatedPlace","Place"],"st":12,"en_mention":14,"ancestor":"","eIdx":1,"st_mention":10,"en":18,"ne_type":"LOCATION","keyword":"[대한민국]","e_type":"WIKILINK"},{"kbox_types":["Actor","Agent","Person","MusicalArtist","Artist"],"st":22,"en_mention":21,"ancestor":"","eIdx":2,"st_mention":18,"en":27,"ne_type":"PERSON","keyword":"[이효리]","e_type":"WIKILINK"},{"kbox_types":["MusicGenre","TopicalConcept","Genre"],"st":37,"en_mention":34,"ancestor":"","eIdx":3,"st_mention":31,"en":42,"ne_type":"ETC","keyword":"[콘서트]","e_type":"WIKILINK"}],"wikiPageId":343060,"pIdx":1,"plainText":"천하무적 이효리는 대한민국 가수 이효리의 첫 번째 단독 콘서트이다.","pronouns":[],"mentionTagged":"[천하무적 이효리]는 [대한민국] 가수 [이효리]의 첫 번째 단독 [콘서트]이다."}