{"entityTagged":"[미스터 에코](Mr. Eko)는 [미국]의 방송국 [ABC_(미국_방송사)]의 텔레비전 드라마 시리즈 [로스트]의 등장인물로 [애디왈레이_애키누에이아그바제이]가 연기하였다. [에코]는 시즌 2 \"[Adrift]\"에피소드에서 비행기 후미 부분의 생존자로 소개되었다. 플래시백에서는 [나이지리아]에서 자신의 동생을 지키기 위해 게릴라병의 리더가 되었다는 사실이 밝혀졌다. 그는 마약을 밀수출하려다 일이 잘못되고 이 바람이 자신의 남동생이 죽은 후 그를 이어받아 신부가 되었다. [에코]는 자신을 지키려다가 게릴라병 두 명을 살해해서 자신이 살던 곳에서 추방당하고 <나이지리아>를 떠나 신부가 되기 위해 호주로 떠난다. [2004년] 호주에서 한 소녀가 죽었다가 살아났다는 거짓된 기적에 대해 조사를 한후 [에코]는 [오세아닉 815편]을 타게 된다. 이 비행기가 한 무인도 추락하고 다른 소수의 생존자들과 더불어 살아남게 된다. 추락 72일째에 [에코]는 그의 남동생으로 보이는 것을 쫓아간 후 검은 연기에 의해 살해당했다.","globalSId":[2109416,2109417,2109418,2109419,2109420,2109421,2109422,2109423,2109424],"entities":[{"kbox_types":["Agent","Person","FictionalCharacter"],"st":0,"en_mention":6,"ancestor":"-2","eIdx":0,"st_mention":0,"en":8,"ne_type":"PERSON","keyword":"[미스터 에코]","e_type":"NEW"},{"kbox_types":["Country","PopulatedPlace","PopulatedPlace","Place"],"st":19,"en_mention":19,"ancestor":"-2","eIdx":1,"st_mention":17,"en":23,"ne_type":"LOCATION","keyword":"[미국]","e_type":"NEW"},{"kbox_types":["NULL"],"st":29,"en_mention":28,"ancestor":"","eIdx":2,"st_mention":25,"en":43,"ne_type":"ETC","keyword":"[ABC_(미국_방송사)]","e_type":"WIKILINK"},{"kbox_types":["Work","TelevisionShow"],"st":58,"en_mention":46,"ancestor":"","eIdx":3,"st_mention":43,"en":63,"ne_type":"ETC","keyword":"[로스트]","e_type":"WIKILINK"},{"kbox_types":["Actor","Agent","Person","Artist"],"st":71,"en_mention":70,"ancestor":"","eIdx":4,"st_mention":54,"en":89,"ne_type":"PERSON","keyword":"[애디왈레이_애키누에이아그바제이]","e_type":"WIKILINK"},{"kbox_types":["NULL"],"st":98,"en_mention":81,"ancestor":"1-0","eIdx":5,"st_mention":79,"en":102,"ne_type":"PERSON","keyword":"[에코]","e_type":"NEW"},{"kbox_types":["NULL"],"st":110,"en_mention":95,"ancestor":"","eIdx":6,"st_mention":89,"en":118,"ne_type":"ETC","keyword":"[Adrift]","e_type":"WIKILINK"},{"kbox_types":["Country","PopulatedPlace","PopulatedPlace","Place"],"st":157,"en_mention":139,"ancestor":"","eIdx":7,"st_mention":134,"en":164,"ne_type":"LOCATION","keyword":"[나이지리아]","e_type":"WIKILINK"},{"kbox_types":["NULL"],"st":266,"en_mention":243,"ancestor":"1-0","eIdx":8,"st_mention":241,"en":270,"ne_type":"PERSON","keyword":"[에코]","e_type":"NEW"},{"kbox_types":["Country","PopulatedPlace","PopulatedPlace","Place"],"st":314,"en_mention":292,"ancestor":"","eIdx":9,"st_mention":287,"en":321,"ne_type":"LOCATION","keyword":"<나이지리아>","e_type":"ELU"},{"kbox_types":["Year","TimePeriod"],"st":345,"en_mention":321,"ancestor":"-2","eIdx":10,"st_mention":316,"en":352,"ne_type":"TIME","keyword":"[2004년]","e_type":"NEW"},{"kbox_types":["NULL"],"st":393,"en_mention":364,"ancestor":"1-0","eIdx":11,"st_mention":362,"en":397,"ne_type":"PERSON","keyword":"[에코]","e_type":"NEW"},{"kbox_types":["NULL"],"st":399,"en_mention":375,"ancestor":"-2","eIdx":12,"st_mention":366,"en":410,"ne_type":"ETC","keyword":"[오세아닉 815편]","e_type":"NEW"},{"kbox_types":["NULL"],"st":472,"en_mention":439,"ancestor":"1-0","eIdx":13,"st_mention":437,"en":476,"ne_type":"PERSON","keyword":"[에코]","e_type":"NEW"}],"wikiPageId":472085,"pIdx":1,"plainText":"미스터 에코(Mr. Eko)는 미국의 방송국 ABC의 텔레비전 드라마 시리즈 로스트의 등장인물로 애디왈레이 애키누에이아그바제이가 연기하였다. 에코는 시즌 2 \"Adrift\"에피소드에서 비행기 후미 부분의 생존자로 소개되었다. 플래시백에서는 나이지리아에서 자신의 동생을 지키기 위해 게릴라병의 리더가 되었다는 사실이 밝혀졌다. 그는 마약을 밀수출하려다 일이 잘못되고 이 바람이 자신의 남동생이 죽은 후 그를 이어받아 신부가 되었다. 에코는 자신을 지키려다가 게릴라병 두 명을 살해해서 자신이 살던 곳에서 추방당하고 나이지리아를 떠나 신부가 되기 위해 호주로 떠난다. 2004년 호주에서 한 소녀가 죽었다가 살아났다는 거짓된 기적에 대해 조사를 한후 에코는 오세아닉 815편을 타게 된다. 이 비행기가 한 무인도 추락하고 다른 소수의 생존자들과 더불어 살아남게 된다. 추락 72일째에 에코는 그의 남동생으로 보이는 것을 쫓아간 후 검은 연기에 의해 살해당했다.","mentionTagged":"[미스터 에코](Mr. Eko)는 [미국]의 방송국 [ABC]의 텔레비전 드라마 시리즈 [로스트]의 등장인물로 [애디왈레이 애키누에이아그바제이]가 연기하였다. [에코]는 시즌 2 \"[Adrift]\"에피소드에서 비행기 후미 부분의 생존자로 소개되었다. 플래시백에서는 [나이지리아]에서 자신의 동생을 지키기 위해 게릴라병의 리더가 되었다는 사실이 밝혀졌다. 그는 마약을 밀수출하려다 일이 잘못되고 이 바람이 자신의 남동생이 죽은 후 그를 이어받아 신부가 되었다. [에코]는 자신을 지키려다가 게릴라병 두 명을 살해해서 자신이 살던 곳에서 추방당하고 [나이지리아]를 떠나 신부가 되기 위해 호주로 떠난다. [2004년] 호주에서 한 소녀가 죽었다가 살아났다는 거짓된 기적에 대해 조사를 한후 [에코]는 [오세아닉 815편]을 타게 된다. 이 비행기가 한 무인도 추락하고 다른 소수의 생존자들과 더불어 살아남게 된다. 추락 72일째에 [에코]는 그의 남동생으로 보이는 것을 쫓아간 후 검은 연기에 의해 살해당했다."}