{"entityTagged":"<하란사>(河蘭史, [1875년] ~ [1919년])는 [대한제국] 여성으로서 [미국]에 있는 [웨슬리언_대학교]에서 학사를 최초로 취득하였고 독립운동을 하였다.","globalSId":[2494715],"entities":[{"kbox_types":["Agent","Person"],"st":0,"en_mention":3,"ancestor":"","eIdx":0,"st_mention":0,"en":5,"ne_type":"PERSON","keyword":"<하란사>","e_type":"ELU"},{"kbox_types":["Year","TimePeriod"],"st":11,"en_mention":14,"ancestor":"","eIdx":1,"st_mention":9,"en":18,"ne_type":"TIME","keyword":"[1875년]","e_type":"WIKILINK"},{"kbox_types":["Year","Agent","EducationalInstitution","TimePeriod","Organisation","University"],"st":21,"en_mention":22,"ancestor":"","eIdx":2,"st_mention":17,"en":28,"ne_type":"TIME","keyword":"[1919년]","e_type":"WIKILINK"},{"kbox_types":["Country","PopulatedPlace","PopulatedPlace","Place"],"st":31,"en_mention":29,"ancestor":"-2","eIdx":3,"st_mention":25,"en":37,"ne_type":"ORGANIZATION","keyword":"[대한제국]","e_type":"NEW"},{"kbox_types":["Country","PopulatedPlace","PopulatedPlace","Place"],"st":44,"en_mention":44,"ancestor":"","eIdx":4,"st_mention":36,"en":48,"ne_type":"LOCATION","keyword":"[미국]","e_type":"WIKILINK"},{"kbox_types":["University","Agent","EducationalInstitution","Organisation"],"st":53,"en_mention":57,"ancestor":"","eIdx":5,"st_mention":49,"en":63,"ne_type":"ORGANIZATION","keyword":"[웨슬리언_대학교]","e_type":"WIKILINK"}],"wikiPageId":645061,"pIdx":1,"plainText":"하란사(河蘭史, 1875년 ~ 1919년)는 대한제국 여성으로서 아메리카 합중국에 있는 웨슬리언 대학교에서 학사를 최초로 취득하였고 독립운동을 하였다.","mentionTagged":"[하란사](河蘭史, [1875년] ~ [1919년])는 [대한제국] 여성으로서 [아메리카 합중국]에 있는 [웨슬리언 대학교]에서 학사를 최초로 취득하였고 독립운동을 하였다."}