{"entityTagged":"[이양녀]. <송상현_(1551년)>의 또 다른 첩인 [이양녀]는 [김섬]보다 젊은데, [동래성 전투]에서 왜적들이 사로잡아 범하려 하자 그들을 달래어 거절하였다. 왜인들이 절부로 칭찬하고, [일본]에 끌려갔는데 [도요토미_히데요시]은 [이양녀]를 [후시미_성]에 살게 하고, 일본인 부녀들의 스승으로 삼아 풍기를 지도하게 했다. 일본인 부녀 중에는 뒷날 [에도_막부]를 세운 [도쿠가와_이에야스]의 처도 있었는데, [임진왜란] 후 <도쿠가와_이에야스>가 [조선]과 화해하는데 그 처가 큰 조력을 하였다 한다. 마침내 살아서 고국으로 돌아왔고, [송상현] 부사의 정 본가인 [청주]에서 만나 손잡고 통곡했다 한다.","globalSId":[1470467,1470468,1470469,1470470,1470471],"entities":[{"kbox_types":["NULL"],"st":0,"en_mention":3,"ancestor":"-2","eIdx":0,"st_mention":0,"en":5,"ne_type":"PERSON","keyword":"[이양녀]","e_type":"NEW"},{"kbox_types":["Agent","Person"],"st":7,"en_mention":7,"ancestor":"","eIdx":1,"st_mention":4,"en":20,"ne_type":"PERSON","keyword":"<송상현_(1551년)>","e_type":"ELU"},{"kbox_types":["NULL"],"st":30,"en_mention":20,"ancestor":"21-0","eIdx":2,"st_mention":17,"en":35,"ne_type":"PERSON","keyword":"[이양녀]","e_type":"NEW"},{"kbox_types":["NULL"],"st":37,"en_mention":24,"ancestor":"-2","eIdx":3,"st_mention":22,"en":41,"ne_type":"PERSON","keyword":"[김섬]","e_type":"NEW"},{"kbox_types":["MilitaryConflict","Event","SocietalEvent"],"st":49,"en_mention":38,"ancestor":"-2","eIdx":4,"st_mention":32,"en":57,"ne_type":"ETC","keyword":"[동래성 전투]","e_type":"NEW"},{"kbox_types":["Country","PopulatedPlace","PopulatedPlace","Place"],"st":107,"en_mention":90,"ancestor":"-2","eIdx":5,"st_mention":88,"en":111,"ne_type":"LOCATION","keyword":"[일본]","e_type":"NEW"},{"kbox_types":["Agent","Person","OfficeHolder"],"st":119,"en_mention":107,"ancestor":"","eIdx":6,"st_mention":98,"en":130,"ne_type":"PERSON","keyword":"[도요토미_히데요시]","e_type":"WIKILINK"},{"kbox_types":["NULL"],"st":132,"en_mention":112,"ancestor":"21-0","eIdx":7,"st_mention":109,"en":137,"ne_type":"PERSON","keyword":"[이양녀]","e_type":"NEW"},{"kbox_types":["Castle","ArchitecturalStructure","Building","Place","Place"],"st":139,"en_mention":119,"ancestor":"","eIdx":8,"st_mention":114,"en":146,"ne_type":"LOCATION","keyword":"[후시미_성]","e_type":"WIKILINK"},{"kbox_types":["Country","PopulatedPlace","Place","PopulatedPlace"],"st":199,"en_mention":177,"ancestor":"","eIdx":9,"st_mention":172,"en":206,"ne_type":"LOCATION","keyword":"[에도_막부]","e_type":"WIKILINK"},{"kbox_types":["Agent","Person","OfficeHolder"],"st":211,"en_mention":191,"ancestor":"","eIdx":10,"st_mention":182,"en":222,"ne_type":"PERSON","keyword":"[도쿠가와_이에야스]","e_type":"WIKILINK"},{"kbox_types":["MilitaryConflict","Event","SocietalEvent"],"st":233,"en_mention":206,"ancestor":"-2","eIdx":11,"st_mention":202,"en":239,"ne_type":"ETC","keyword":"[임진왜란]","e_type":"NEW"},{"kbox_types":["Agent","Person","OfficeHolder"],"st":242,"en_mention":218,"ancestor":"","eIdx":12,"st_mention":209,"en":253,"ne_type":"PERSON","keyword":"<도쿠가와_이에야스>","e_type":"ELU"},{"kbox_types":["Country","NobleFamily","Agent","PopulatedPlace","Settlement","Family","PopulatedPlace","Place"],"st":255,"en_mention":222,"ancestor":"-2","eIdx":13,"st_mention":220,"en":259,"ne_type":"ORGANIZATION","keyword":"[조선]","e_type":"NEW"},{"kbox_types":["NULL"],"st":305,"en_mention":271,"ancestor":"21-1","eIdx":14,"st_mention":268,"en":310,"ne_type":"PERSON","keyword":"[송상현]","e_type":"NEW"},{"kbox_types":["NULL"],"st":321,"en_mention":284,"ancestor":"","eIdx":15,"st_mention":282,"en":325,"ne_type":"ETC","keyword":"[청주]","e_type":"WIKILINK"}],"wikiPageId":261090,"pIdx":21,"plainText":"이양녀 송상현의 또 다른 첩인 이양녀는 김섬보다 젊은데, 동래성 전투에서 왜적들이 사로잡아 범하려 하자 그들을 달래어 거절하였다. 왜인들이 절부로 칭찬하고, 일본에 끌려갔는데 도요토미 히데요시은 이양녀를 후시미 성에 살게 하고, 일본인 부녀들의 스승으로 삼아 풍기를 지도하게 했다. 일본인 부녀 중에는 뒷날 에도 막부를 세운 도쿠가와 이에야스의 처도 있었는데, 임진왜란 후 도쿠가와 이에야스가 조선과 화해하는데 그 처가 큰 조력을 하였다 한다. 마침내 살아서 고국으로 돌아왔고, 송상현 부사의 정 본가인 청주에서 만나 손잡고 통곡했다 한다.","mentionTagged":"[이양녀] [송상현]의 또 다른 첩인 [이양녀]는 [김섬]보다 젊은데, [동래성 전투]에서 왜적들이 사로잡아 범하려 하자 그들을 달래어 거절하였다. 왜인들이 절부로 칭찬하고, [일본]에 끌려갔는데 [도요토미 히데요시]은 [이양녀]를 [후시미 성]에 살게 하고, 일본인 부녀들의 스승으로 삼아 풍기를 지도하게 했다. 일본인 부녀 중에는 뒷날 [에도 막부]를 세운 [도쿠가와 이에야스]의 처도 있었는데, [임진왜란] 후 [도쿠가와 이에야스]가 [조선]과 화해하는데 그 처가 큰 조력을 하였다 한다. 마침내 살아서 고국으로 돌아왔고, [송상현] 부사의 정 본가인 [청주]에서 만나 손잡고 통곡했다 한다."}