{"entityTagged":"[2017년 5월,] [베르나르도_실바]는 공식 발표를 통해 [AS_모나코_FC]에서 [맨체스터_시티_FC]로의 이적을 확정하였는데, 그는 인터뷰에서 \"[주제프_과르디올라] 감독은 세계 최고의 감독 중 하나다. [과르디올라] 감독과 함께 훈련할 기회가 온다면 그 누구도 거절하지 못할 것\" 이라고 밝혔다. <맨체스터_시티_FC>에 새로 합류하게 된 그는 등번호 20번을 부여 받았으며, [7월 1일] 공식 합류한다.","globalSId":[4007577,4007578,4007579],"entities":[{"kbox_types":["NULL"],"st":0,"en_mention":9,"ancestor":"-2","eIdx":0,"st_mention":0,"en":11,"ne_type":"TIME","keyword":"[2017년 5월,]","e_type":"NEW"},{"kbox_types":["NULL"],"st":12,"en_mention":18,"ancestor":"","eIdx":1,"st_mention":10,"en":22,"ne_type":"ETC","keyword":"[베르나르도_실바]","e_type":"WIKILINK"},{"kbox_types":["SoccerClub","Agent","SportsTeam","Organisation"],"st":34,"en_mention":36,"ancestor":"","eIdx":2,"st_mention":30,"en":45,"ne_type":"ORGANIZATION","keyword":"[AS_모나코_FC]","e_type":"WIKILINK"},{"kbox_types":["SoccerClub","Agent","SportsTeam","Organisation"],"st":48,"en_mention":46,"ancestor":"","eIdx":3,"st_mention":39,"en":60,"ne_type":"ORGANIZATION","keyword":"[맨체스터_시티_FC]","e_type":"WIKILINK"},{"kbox_types":["SoccerPlayer","SportsManager","Agent","Person","SoccerManager","Athlete"],"st":85,"en_mention":76,"ancestor":"","eIdx":4,"st_mention":71,"en":96,"ne_type":"PERSON","keyword":"[주제프_과르디올라]","e_type":"WIKILINK"},{"kbox_types":["NULL"],"st":118,"en_mention":103,"ancestor":"2-4","eIdx":5,"st_mention":98,"en":125,"ne_type":"PERSON","keyword":"[과르디올라]","e_type":"NEW"},{"kbox_types":["SoccerClub","Agent","SportsTeam","Organisation"],"st":171,"en_mention":156,"ancestor":"","eIdx":6,"st_mention":149,"en":183,"ne_type":"ORGANIZATION","keyword":"<맨체스터_시티_FC>","e_type":"ELU"},{"kbox_types":["NULL"],"st":216,"en_mention":194,"ancestor":"-2","eIdx":7,"st_mention":189,"en":223,"ne_type":"TIME","keyword":"[7월 1일]","e_type":"NEW"}],"wikiPageId":1775878,"pIdx":2,"plainText":"2017년 5월, 베르나르도 실바는 공식 발표를 통해 AS 모나코에서 맨체스터 시티로의 이적을 확정하였는데, 그는 인터뷰에서 \"과르디올라 감독은 세계 최고의 감독 중 하나다. 과르디올라 감독과 함께 훈련할 기회가 온다면 그 누구도 거절하지 못할 것\" 이라고 밝혔다. 맨체스터 시티에 새로 합류하게 된 그는 등번호 20번을 부여 받았으며, 7월 1일 공식 합류한다.","pronouns":[{"st":75,"ancestor":"2-1","proIdx":0,"en":75,"cwStateCd":"FIXED","cwSelIdx":1,"type":"PRONOUN","keyword":"그"},{"st":145,"ancestor":"-2","proIdx":1,"en":149,"cwStateCd":"FIXED","cwSelIdx":[],"type":"PRONOUN","keyword":"그 누구도"},{"st":195,"ancestor":"2-1","proIdx":2,"en":195,"cwStateCd":"FIXED","cwSelIdx":1,"type":"PRONOUN","keyword":"그"}],"mentionTagged":"[2017년 5월,] [베르나르도 실바]는 공식 발표를 통해 [AS 모나코]에서 [맨체스터 시티]로의 이적을 확정하였는데, 그는 인터뷰에서 \"[과르디올라] 감독은 세계 최고의 감독 중 하나다. [과르디올라] 감독과 함께 훈련할 기회가 온다면 그 누구도 거절하지 못할 것\" 이라고 밝혔다. [맨체스터 시티]에 새로 합류하게 된 그는 등번호 20번을 부여 받았으며, [7월 1일] 공식 합류한다."}