{"entityTagged":"〈Norwegian Wood (This Bird Has Flown)〉은 영국의 록 밴드 [비틀즈]의 노래다. [존_레논]과 [폴_매카트니]의 작곡가 협업으로 쓰였으며 음반 《[Rubber_Soul]》에 실려 [1964년] [12월] [3일] 첫 출시되었다. [밥_딜런]의 자기 성찰적 가사에 음악적으로 영향을 받은 〈Norwegian Wood〉는 <비틀즈>의 복잡한 작곡에서 중대한 시점으로 간주된다. 또한, 영화 《[헬프!_(영화)]》의 촬영 기간에 이뤄진 곡의 녹음에서 초청된 스튜디오 <음악가>와 [라비_샹카르]가 노래에 사용한 [시타르]는 밴드의 리드 기타연주자 [조지_해리슨]에게 영감을 불어넣었다.","globalSId":[4006585,4006586,4006587,4006588],"entities":[{"kbox_types":["Agent","Group","Organisation","Band"],"st":49,"en_mention":52,"ancestor":"","eIdx":0,"st_mention":49,"en":54,"ne_type":"ORGANIZATION","keyword":"[비틀즈]","e_type":"WIKILINK"},{"kbox_types":["Agent","Person","MusicalArtist","Artist"],"st":61,"en_mention":63,"ancestor":"","eIdx":1,"st_mention":59,"en":67,"ne_type":"PERSON","keyword":"[존_레논]","e_type":"WIKILINK"},{"kbox_types":["Agent","Person","MusicalArtist","Artist"],"st":69,"en_mention":71,"ancestor":"","eIdx":2,"st_mention":65,"en":77,"ne_type":"PERSON","keyword":"[폴_매카트니]","e_type":"WIKILINK"},{"kbox_types":["MusicalWork","Work","Album"],"st":97,"en_mention":102,"ancestor":"","eIdx":3,"st_mention":91,"en":110,"ne_type":"ETC","keyword":"[Rubber_Soul]","e_type":"WIKILINK"},{"kbox_types":["Year","TimePeriod"],"st":116,"en_mention":113,"ancestor":"-2","eIdx":4,"st_mention":108,"en":123,"ne_type":"TIME","keyword":"[1964년]","e_type":"NEW"},{"kbox_types":["NULL"],"st":124,"en_mention":117,"ancestor":"-2","eIdx":5,"st_mention":114,"en":129,"ne_type":"TIME","keyword":"[12월]","e_type":"NEW"},{"kbox_types":["NULL"],"st":130,"en_mention":120,"ancestor":"-2","eIdx":6,"st_mention":118,"en":134,"ne_type":"TIME","keyword":"[3일]","e_type":"NEW"},{"kbox_types":["Agent","Person","MusicalArtist","Artist"],"st":144,"en_mention":134,"ancestor":"","eIdx":7,"st_mention":130,"en":150,"ne_type":"PERSON","keyword":"[밥_딜런]","e_type":"WIKILINK"},{"kbox_types":["Agent","Group","Organisation","Band"],"st":194,"en_mention":181,"ancestor":"","eIdx":8,"st_mention":178,"en":199,"ne_type":"ORGANIZATION","keyword":"<비틀즈>","e_type":"ELU"},{"kbox_types":["NULL"],"st":233,"en_mention":218,"ancestor":"","eIdx":9,"st_mention":215,"en":243,"ne_type":"ETC","keyword":"[헬프!_(영화)]","e_type":"WIKILINK"},{"kbox_types":["MusicGenre","TopicalConcept","Genre","Profession","PersonFunction"],"st":274,"en_mention":252,"ancestor":"","eIdx":10,"st_mention":249,"en":279,"ne_type":"ETC","keyword":"<음악가>","e_type":"ELU"},{"kbox_types":["Agent","Person","MusicalArtist","Artist"],"st":281,"en_mention":260,"ancestor":"","eIdx":11,"st_mention":254,"en":289,"ne_type":"PERSON","keyword":"[라비_샹카르]","e_type":"WIKILINK"},{"kbox_types":["Instrument","Device"],"st":299,"en_mention":273,"ancestor":"","eIdx":12,"st_mention":270,"en":304,"ne_type":"ETC","keyword":"[시타르]","e_type":"WIKILINK"},{"kbox_types":["Agent","Person","MusicalArtist","Artist"],"st":319,"en_mention":295,"ancestor":"","eIdx":13,"st_mention":289,"en":327,"ne_type":"PERSON","keyword":"[조지_해리슨]","e_type":"WIKILINK"}],"wikiPageId":1774413,"pIdx":1,"plainText":"〈Norwegian Wood (This Bird Has Flown)〉은 영국의 록 밴드 비틀즈의 노래다. 존 레논과 폴 매카트니의 작곡가 협업으로 쓰였으며 음반 《Rubber Soul》에 실려 1964년 12월 3일 첫 출시되었다. 밥 딜런의 자기 성찰적 가사에 음악적으로 영향을 받은 〈Norwegian Wood〉는 비틀즈의 복잡한 작곡에서 중대한 시점으로 간주된다. 또한, 영화 《헬프!》의 촬영 기간에 이뤄진 곡의 녹음에서 초청된 스튜디오 음악가와 라비 샹카르가 노래에 사용한 시타르는 밴드의 리드 기타 연주자 조지 해리슨에게 영감을 불어넣었다.","mentionTagged":"〈Norwegian Wood (This Bird Has Flown)〉은 영국의 록 밴드 [비틀즈]의 노래다. [존 레논]과 [폴 매카트니]의 작곡가 협업으로 쓰였으며 음반 《[Rubber Soul]》에 실려 [1964년] [12월] [3일] 첫 출시되었다. [밥 딜런]의 자기 성찰적 가사에 음악적으로 영향을 받은 〈Norwegian Wood〉는 [비틀즈]의 복잡한 작곡에서 중대한 시점으로 간주된다. 또한, 영화 《[헬프!]》의 촬영 기간에 이뤄진 곡의 녹음에서 초청된 스튜디오 [음악가]와 [라비 샹카르]가 노래에 사용한 [시타르]는 밴드의 리드 기타 연주자 [조지 해리슨]에게 영감을 불어넣었다."}