{"entityTagged":"<브레게_(시계)>()은 [스위스]의 [스와치_그룹]에 속하는 [손목시계] 브랜드이다.","globalSId":[3124080],"entities":[{"kbox_types":["Company","Agent","Organisation"],"st":0,"en_mention":3,"ancestor":"","eIdx":0,"st_mention":0,"en":10,"ne_type":"ORGANIZATION","keyword":"<브레게_(시계)>","e_type":"ELU"},{"kbox_types":["Country","PopulatedPlace","PopulatedPlace","Place"],"st":14,"en_mention":10,"ancestor":"","eIdx":1,"st_mention":7,"en":19,"ne_type":"LOCATION","keyword":"[스위스]","e_type":"WIKILINK"},{"kbox_types":["Company","Agent","Organisation"],"st":21,"en_mention":18,"ancestor":"","eIdx":2,"st_mention":12,"en":29,"ne_type":"ORGANIZATION","keyword":"[스와치_그룹]","e_type":"WIKILINK"},{"kbox_types":["NULL"],"st":35,"en_mention":28,"ancestor":"","eIdx":3,"st_mention":24,"en":41,"ne_type":"ETC","keyword":"[손목시계]","e_type":"WIKILINK"}],"wikiPageId":969388,"pIdx":1,"plainText":"브레게()은 스위스의 스와치 그룹에 속하는 손목시계 브랜드이다.","mentionTagged":"[브레게]()은 [스위스]의 [스와치 그룹]에 속하는 [손목시계] [브랜드]이다."}