{"entityTagged":"[카본](Carbon)은 [애플_(기업)]의 [매킨토시] [운영_체제]를 위한 절차적 [API]이다. [C_(프로그래밍_언어)]의 접근을 [매킨토시] 시스템 서비스에 제공한다. [카본]은 어느 정도의 하위 호환성을 [컴퓨터_프로그램]에 제공하여 오래된 운영 체제인 [맥_OS_8]와 [맥_OS_9]에서도 동작할 수 있게 만들어 준다. 그러나 이러한 시스템들은 [애플]이 [2001년 12월]에 [OS 9] 업데이트를 출시한 뒤에 활발한 지원은 없는 상태였다.","globalSId":[2634752,2634753,2634754,2634755],"entities":[{"kbox_types":["NULL"],"st":0,"en_mention":2,"ancestor":"-2","eIdx":0,"st_mention":0,"en":4,"ne_type":"ETC","keyword":"[카본]","e_type":"NEW"},{"kbox_types":["Company","Agent","Organisation"],"st":14,"en_mention":14,"ancestor":"","eIdx":1,"st_mention":12,"en":23,"ne_type":"ORGANIZATION","keyword":"[애플_(기업)]","e_type":"WIKILINK"},{"kbox_types":["InformationAppliance","Device"],"st":25,"en_mention":20,"ancestor":"","eIdx":2,"st_mention":16,"en":31,"ne_type":"ETC","keyword":"[매킨토시]","e_type":"WIKILINK"},{"kbox_types":["NULL"],"st":32,"en_mention":26,"ancestor":"","eIdx":3,"st_mention":21,"en":39,"ne_type":"ETC","keyword":"[운영_체제]","e_type":"WIKILINK"},{"kbox_types":["MusicGenre","TopicalConcept","Genre"],"st":48,"en_mention":38,"ancestor":"","eIdx":4,"st_mention":35,"en":53,"ne_type":"ETC","keyword":"[API]","e_type":"WIKILINK"},{"kbox_types":["Software","ProgrammingLanguage","Work","Language"],"st":57,"en_mention":52,"ancestor":"","eIdx":5,"st_mention":42,"en":71,"ne_type":"ETC","keyword":"[C_(프로그래밍_언어)]","e_type":"WIKILINK"},{"kbox_types":["InformationAppliance","Device"],"st":77,"en_mention":62,"ancestor":"1-2","eIdx":6,"st_mention":58,"en":83,"ne_type":"ETC","keyword":"[매킨토시]","e_type":"NEW"},{"kbox_types":["NULL"],"st":99,"en_mention":80,"ancestor":"1-0","eIdx":7,"st_mention":78,"en":103,"ne_type":"ETC","keyword":"[카본]","e_type":"NEW"},{"kbox_types":["NULL"],"st":120,"en_mention":101,"ancestor":"","eIdx":8,"st_mention":97,"en":130,"ne_type":"ETC","keyword":"[컴퓨터_프로그램]","e_type":"WIKILINK"},{"kbox_types":["NULL"],"st":148,"en_mention":125,"ancestor":"","eIdx":9,"st_mention":119,"en":156,"ne_type":"ETC","keyword":"[맥_OS_8]","e_type":"WIKILINK"},{"kbox_types":["NULL"],"st":158,"en_mention":128,"ancestor":"","eIdx":10,"st_mention":127,"en":166,"ne_type":"ETC","keyword":"[맥_OS_9]","e_type":"WIKILINK"},{"kbox_types":["NULL"],"st":201,"en_mention":165,"ancestor":"1-1","eIdx":11,"st_mention":163,"en":205,"ne_type":"ORGANIZATION","keyword":"[애플]","e_type":"NEW"},{"kbox_types":["NULL"],"st":207,"en_mention":176,"ancestor":"-2","eIdx":12,"st_mention":167,"en":218,"ne_type":"TIME","keyword":"[2001년 12월]","e_type":"NEW"},{"kbox_types":["NULL"],"st":220,"en_mention":182,"ancestor":"1-10","eIdx":13,"st_mention":178,"en":226,"ne_type":"ETC","keyword":"[OS 9]","e_type":"NEW"}],"wikiPageId":713705,"pIdx":1,"plainText":"카본(Carbon)은 애플의 매킨토시 운영 체제를 위한 절차적 API이다. C 프로그래밍 언어의 접근을 매킨토시 시스템 서비스에 제공한다. 카본은 어느 정도의 하위 호환성을 프로그램에 제공하여 오래된 운영 체제인 맥 OS 8와 9에서도 동작할 수 있게 만들어 준다. 그러나 이러한 시스템들은 애플이 2001년 12월에 OS 9 업데이트를 출시한 뒤에 활발한 지원은 없는 상태였다.","mentionTagged":"[카본](Carbon)은 [애플]의 [매킨토시] [운영 체제]를 위한 절차적 [API]이다. [C 프로그래밍 언어]의 접근을 [매킨토시] 시스템 서비스에 제공한다. [카본]은 어느 정도의 하위 호환성을 [프로그램]에 제공하여 오래된 운영 체제인 [맥 OS 8]와 [9]에서도 동작할 수 있게 만들어 준다. 그러나 이러한 시스템들은 [애플]이 [2001년 12월]에 [OS 9] [업데이트]를 출시한 뒤에 활발한 지원은 없는 상태였다."}