{"entityTagged":"[1756년]~[1763년] [7년_전쟁] 당시 처남이자 [프로이센] 대왕 [프로이센의_프리드리히_2세]와 함께 서부 [독일] 지역을 지켰다. [프로이센의_프리드리히_2세]가 [오스트리아]와 싸우는 동안 그는 [프랑스]에 맞서 [프로이센] 측면을 방어했는데 [1740년] [프로이센] 군대에 들어가 [오스트리아_왕위_계승_전쟁]에서 [1741년] [슐레지엔] [몰비츠_전투], [1742년] [호투지츠_전투], [1745년] [조르_전투]에 참가해 모두 승리했다. [7년_전쟁] 중에서는 [작센]과 [보헤미아]에서 싸우다가 [1757년] 서부 [독일] 지역에서 [1758년] [크레펠트_전투]와 [1759년] [민덴_전투]에서 승리했다. [1766년]에는 [프로이센의_프리드리히_2세]와의 관계로 [오스트리아] 육군원수 계급을 받아들여 [프로이센] 군대를 떠났고 [영국] 본국과 [북아메리카] 식민지 사이의 [미국_독립_전쟁]이 발발하자 [영국]으로부터 총사령관직을 부탁받았으나 거절했다.","globalSId":[1591554,1591555,1591556,1591557],"entities":[{"kbox_types":["Year","TimePeriod"],"st":0,"en_mention":5,"ancestor":"","eIdx":0,"st_mention":0,"en":7,"ne_type":"TIME","keyword":"[1756년]","e_type":"WIKILINK"},{"kbox_types":["Year","Agent","EducationalInstitution","TimePeriod","Organisation","University"],"st":8,"en_mention":11,"ancestor":"","eIdx":1,"st_mention":6,"en":15,"ne_type":"TIME","keyword":"[1763년]","e_type":"WIKILINK"},{"kbox_types":["MilitaryConflict","Event","SocietalEvent"],"st":16,"en_mention":17,"ancestor":"","eIdx":2,"st_mention":12,"en":23,"ne_type":"ETC","keyword":"[7년_전쟁]","e_type":"WIKILINK"},{"kbox_types":["Country","PopulatedPlace","PopulatedPlace","Place"],"st":32,"en_mention":30,"ancestor":"","eIdx":3,"st_mention":26,"en":38,"ne_type":"LOCATION","keyword":"[프로이센]","e_type":"WIKILINK"},{"kbox_types":["NULL"],"st":42,"en_mention":42,"ancestor":"","eIdx":4,"st_mention":34,"en":58,"ne_type":"ETC","keyword":"[프로이센의_프리드리히_2세]","e_type":"WIKILINK"},{"kbox_types":["Country","PopulatedPlace","Settlement","PopulatedPlace","Place"],"st":66,"en_mention":52,"ancestor":"","eIdx":5,"st_mention":50,"en":70,"ne_type":"LOCATION","keyword":"[독일]","e_type":"WIKILINK"},{"kbox_types":["NULL"],"st":80,"en_mention":70,"ancestor":"","eIdx":6,"st_mention":62,"en":96,"ne_type":"ETC","keyword":"[프로이센의_프리드리히_2세]","e_type":"WIKILINK"},{"kbox_types":["Country","PopulatedPlace","PopulatedPlace","Place"],"st":98,"en_mention":77,"ancestor":"","eIdx":7,"st_mention":72,"en":105,"ne_type":"LOCATION","keyword":"[오스트리아]","e_type":"WIKILINK"},{"kbox_types":["Country","PopulatedPlace","Settlement","PopulatedPlace","Place"],"st":117,"en_mention":92,"ancestor":"","eIdx":8,"st_mention":89,"en":122,"ne_type":"LOCATION","keyword":"[프랑스]","e_type":"WIKILINK"},{"kbox_types":["Country","PopulatedPlace","PopulatedPlace","Place"],"st":127,"en_mention":101,"ancestor":"","eIdx":9,"st_mention":97,"en":133,"ne_type":"LOCATION","keyword":"[프로이센]","e_type":"WIKILINK"},{"kbox_types":["Year","TimePeriod"],"st":144,"en_mention":117,"ancestor":"","eIdx":10,"st_mention":112,"en":151,"ne_type":"TIME","keyword":"[1740년]","e_type":"WIKILINK"},{"kbox_types":["Country","PopulatedPlace","PopulatedPlace","Place"],"st":152,"en_mention":122,"ancestor":"","eIdx":11,"st_mention":118,"en":158,"ne_type":"LOCATION","keyword":"[프로이센]","e_type":"WIKILINK"},{"kbox_types":["MilitaryConflict","Event","SocietalEvent"],"st":167,"en_mention":145,"ancestor":"","eIdx":12,"st_mention":131,"en":183,"ne_type":"ETC","keyword":"[오스트리아_왕위_계승_전쟁]","e_type":"WIKILINK"},{"kbox_types":["Year","TimePeriod"],"st":186,"en_mention":153,"ancestor":"","eIdx":13,"st_mention":148,"en":193,"ne_type":"TIME","keyword":"[1741년]","e_type":"WIKILINK"},{"kbox_types":["NULL"],"st":194,"en_mention":158,"ancestor":"","eIdx":14,"st_mention":154,"en":200,"ne_type":"ETC","keyword":"[슐레지엔]","e_type":"WIKILINK"},{"kbox_types":["MilitaryConflict","Event","SocietalEvent"],"st":201,"en_mention":165,"ancestor":"","eIdx":15,"st_mention":159,"en":209,"ne_type":"ETC","keyword":"[몰비츠_전투]","e_type":"WIKILINK"},{"kbox_types":["Instrument","Year","Device","TimePeriod"],"st":211,"en_mention":172,"ancestor":"","eIdx":16,"st_mention":167,"en":218,"ne_type":"TIME","keyword":"[1742년]","e_type":"WIKILINK"},{"kbox_types":["NULL"],"st":219,"en_mention":180,"ancestor":"","eIdx":17,"st_mention":173,"en":228,"ne_type":"ETC","keyword":"[호투지츠_전투]","e_type":"WIKILINK"},{"kbox_types":["Year","TimePeriod"],"st":230,"en_mention":187,"ancestor":"","eIdx":18,"st_mention":182,"en":237,"ne_type":"TIME","keyword":"[1745년]","e_type":"WIKILINK"},{"kbox_types":["MilitaryConflict","Event","SocietalEvent"],"st":238,"en_mention":193,"ancestor":"","eIdx":19,"st_mention":188,"en":245,"ne_type":"ETC","keyword":"[조르_전투]","e_type":"WIKILINK"},{"kbox_types":["MilitaryConflict","Event","SocietalEvent"],"st":260,"en_mention":213,"ancestor":"","eIdx":20,"st_mention":208,"en":267,"ne_type":"ETC","keyword":"[7년_전쟁]","e_type":"WIKILINK"},{"kbox_types":["NULL"],"st":273,"en_mention":221,"ancestor":"","eIdx":21,"st_mention":219,"en":277,"ne_type":"ETC","keyword":"[작센]","e_type":"WIKILINK"},{"kbox_types":["Region","PopulatedPlace","Settlement","HistoricalRegion","PopulatedPlace","Place"],"st":279,"en_mention":227,"ancestor":"","eIdx":22,"st_mention":223,"en":285,"ne_type":"LOCATION","keyword":"[보헤미아]","e_type":"WIKILINK"},{"kbox_types":["Year","Agent","EducationalInstitution","TimePeriod","Organisation","University"],"st":293,"en_mention":240,"ancestor":"","eIdx":23,"st_mention":235,"en":300,"ne_type":"TIME","keyword":"[1757년]","e_type":"WIKILINK"},{"kbox_types":["Country","PopulatedPlace","Settlement","PopulatedPlace","Place"],"st":304,"en_mention":246,"ancestor":"","eIdx":24,"st_mention":244,"en":308,"ne_type":"LOCATION","keyword":"[독일]","e_type":"WIKILINK"},{"kbox_types":["Year","TimePeriod"],"st":314,"en_mention":257,"ancestor":"","eIdx":25,"st_mention":252,"en":321,"ne_type":"TIME","keyword":"[1758년]","e_type":"WIKILINK"},{"kbox_types":["MilitaryConflict","Event","SocietalEvent"],"st":322,"en_mention":265,"ancestor":"","eIdx":26,"st_mention":258,"en":331,"ne_type":"ETC","keyword":"[크레펠트_전투]","e_type":"WIKILINK"},{"kbox_types":["Year","TimePeriod"],"st":333,"en_mention":272,"ancestor":"","eIdx":27,"st_mention":267,"en":340,"ne_type":"TIME","keyword":"[1759년]","e_type":"WIKILINK"},{"kbox_types":["MilitaryConflict","Event","SocietalEvent"],"st":341,"en_mention":278,"ancestor":"","eIdx":28,"st_mention":273,"en":348,"ne_type":"ETC","keyword":"[민덴_전투]","e_type":"WIKILINK"},{"kbox_types":["Year","Agent","EducationalInstitution","TimePeriod","Organisation","University"],"st":357,"en_mention":292,"ancestor":"","eIdx":29,"st_mention":287,"en":364,"ne_type":"TIME","keyword":"[1766년]","e_type":"WIKILINK"},{"kbox_types":["NULL"],"st":367,"en_mention":303,"ancestor":"","eIdx":30,"st_mention":295,"en":383,"ne_type":"ETC","keyword":"[프로이센의_프리드리히_2세]","e_type":"WIKILINK"},{"kbox_types":["Country","PopulatedPlace","PopulatedPlace","Place"],"st":390,"en_mention":315,"ancestor":"","eIdx":31,"st_mention":310,"en":397,"ne_type":"LOCATION","keyword":"[오스트리아]","e_type":"WIKILINK"},{"kbox_types":["Country","PopulatedPlace","PopulatedPlace","Place"],"st":412,"en_mention":334,"ancestor":"","eIdx":32,"st_mention":330,"en":418,"ne_type":"LOCATION","keyword":"[프로이센]","e_type":"WIKILINK"},{"kbox_types":["Country","PopulatedPlace","PopulatedPlace","Place"],"st":427,"en_mention":345,"ancestor":"","eIdx":33,"st_mention":343,"en":431,"ne_type":"LOCATION","keyword":"[영국]","e_type":"WIKILINK"},{"kbox_types":["PopulatedPlace","Place","Settlement","PopulatedPlace","Continent"],"st":436,"en_mention":355,"ancestor":"","eIdx":34,"st_mention":350,"en":443,"ne_type":"LOCATION","keyword":"[북아메리카]","e_type":"WIKILINK"},{"kbox_types":["MilitaryConflict","Event","SocietalEvent"],"st":452,"en_mention":372,"ancestor":"","eIdx":35,"st_mention":364,"en":462,"ne_type":"ETC","keyword":"[미국_독립_전쟁]","e_type":"WIKILINK"},{"kbox_types":["Country","PopulatedPlace","PopulatedPlace","Place"],"st":469,"en_mention":381,"ancestor":"3-33","eIdx":36,"st_mention":379,"en":473,"ne_type":"ORGANIZATION","keyword":"[영국]","e_type":"NEW"}],"wikiPageId":287363,"pIdx":3,"plainText":"1756년~1763년 7년 전쟁 당시 처남이자 프로이센 대왕 프리드리히 2세와 함께 서부 독일 지역을 지켰다. 프리드리히 2세가 오스트리아와 싸우는 동안 그는 프랑스에 맞서 프로이센 측면을 방어했는데 1740년 프로이센 군대에 들어가 오스트리아 왕위 계승 전쟁에서 1741년 슐레지엔 몰비츠 전투, 1742년 호투지츠 전투, 1745년 조르 전투에 참가해 모두 승리했다. 7년 전쟁 중에서는 작센과 보헤미아에서 싸우다가 1757년 서부 독일 지역에서 1758년 크레펠트 전투와 1759년 민덴 전투에서 승리했다. 1766년에는 프리드리히 2세와의 관계로 오스트리아 육군원수 계급을 받아들여 프로이센 군대를 떠났고 영국 본국과 북아메리카 식민지 사이의 미국 독립 전쟁이 발발하자 영국으로부터 총사령관직을 부탁받았으나 거절했다.","pronouns":[{"st":114,"ancestor":"2-0","proIdx":0,"en":114,"cwStateCd":"FIXED","cwSelIdx":1,"type":"PRONOUN","keyword":"그"}],"mentionTagged":"[1756년]~[1763년] [7년 전쟁] 당시 처남이자 [프로이센] 대왕 [프리드리히 2세]와 함께 서부 [독일] 지역을 지켰다. [프리드리히 2세]가 [오스트리아]와 싸우는 동안 그는 [프랑스]에 맞서 [프로이센] 측면을 방어했는데 [1740년] [프로이센] 군대에 들어가 [오스트리아 왕위 계승 전쟁]에서 [1741년] [슐레지엔] [몰비츠 전투], [1742년] [호투지츠 전투], [1745년] [조르 전투]에 참가해 모두 승리했다. [7년 전쟁] 중에서는 [작센]과 [보헤미아]에서 싸우다가 [1757년] 서부 [독일] 지역에서 [1758년] [크레펠트 전투]와 [1759년] [민덴 전투]에서 승리했다. [1766년]에는 [프리드리히 2세]와의 관계로 [오스트리아] 육군원수 계급을 받아들여 [프로이센] 군대를 떠났고 [영국] 본국과 [북아메리카] 식민지 사이의 [미국 독립 전쟁]이 발발하자 [영국]으로부터 총사령관직을 부탁받았으나 거절했다."}