{"entityTagged":"[스트랫퍼드온에이번 구]()는 [잉글랜드] [워릭셔_주]에 위치한 비도시 자치구로 중심 도시는 [스트랫퍼드어폰에이번]이며 인구는 121,056명([2014년] 기준), 면적은 977.9㎢이다..","globalSId":[3878441],"entities":[{"kbox_types":["NULL"],"st":0,"en_mention":11,"ancestor":"-1","eIdx":0,"st_mention":0,"en":13,"ne_type":"LOCATION","keyword":"[스트랫퍼드온에이번 구]","e_type":"NEW"},{"kbox_types":["Country","PopulatedPlace","Settlement","PopulatedPlace","Place"],"st":17,"en_mention":19,"ancestor":"","eIdx":1,"st_mention":15,"en":23,"ne_type":"LOCATION","keyword":"[잉글랜드]","e_type":"WIKILINK"},{"kbox_types":["Region","PopulatedPlace","AdministrativeRegion","Place","AdministrativeRegion"],"st":24,"en_mention":25,"ancestor":"","eIdx":2,"st_mention":20,"en":31,"ne_type":"LOCATION","keyword":"[워릭셔_주]","e_type":"WIKILINK"},{"kbox_types":["PopulatedPlace","Settlement","PopulatedPlace","Town","Place"],"st":53,"en_mention":57,"ancestor":"","eIdx":3,"st_mention":47,"en":65,"ne_type":"LOCATION","keyword":"[스트랫퍼드어폰에이번]","e_type":"WIKILINK"},{"kbox_types":["Year","MusicalWork","Album","TimePeriod","Work"],"st":81,"en_mention":78,"ancestor":"-1","eIdx":4,"st_mention":73,"en":88,"ne_type":"TIME","keyword":"[2014년]","e_type":"NEW"}],"wikiPageId":1650732,"pIdx":1,"plainText":"스트랫퍼드온에이번 구()는 잉글랜드 워릭셔 주에 위치한 비도시 자치구로 중심 도시는 스트랫퍼드어폰에이번이며 인구는 121,056명(2014년 기준), 면적은 977.9㎢이다..","pronouns":[],"mentionTagged":"[스트랫퍼드온에이번 구]()는 [잉글랜드] [워릭셔 주]에 위치한 비도시 자치구로 중심 도시는 [스트랫퍼드어폰에이번]이며 인구는 121,056명([2014년] 기준), 면적은 977.9㎢이다.."}