{"entityTagged":"[필킹턴]. [필킹턴](Pilkington)은 [조지_오웰]()의 소설 [동물_농장]에 나오는 인간으로, 동물 농장에 인접해 있는 [폭스우드_(동물_농장)] 농장을 소유하고 있다. [필킹턴]은 매우 게으른 사람이어서 그의 [폭스우드] 농장은 제대로 운영되지 않았다. [필킹턴]은 [미국]의 [프랭클린_델러노_루스벨트] 대통령과 [영국]의 [윈스턴_처칠] 수상으로 묘사되며, 그의 농장 [폭스우드_(동물_농장)]는 [자본주의] 국가인 [미국]과 [영국]을 상징한다.","globalSId":[3210050,3210051,3210052,3210053],"entities":[{"kbox_types":["NULL"],"st":0,"en_mention":3,"ancestor":"-2","eIdx":0,"st_mention":0,"en":5,"ne_type":"PERSON","keyword":"[필킹턴]","e_type":"NEW"},{"kbox_types":["NULL"],"st":7,"en_mention":7,"ancestor":"14-0","eIdx":1,"st_mention":4,"en":12,"ne_type":"PERSON","keyword":"[필킹턴]","e_type":"NEW"},{"kbox_types":["Writer","Agent","Person","Artist"],"st":26,"en_mention":26,"ancestor":"","eIdx":2,"st_mention":21,"en":33,"ne_type":"PERSON","keyword":"[조지_오웰]","e_type":"WIKILINK"},{"kbox_types":["WrittenWork","Book","Work"],"st":40,"en_mention":38,"ancestor":"","eIdx":3,"st_mention":33,"en":47,"ne_type":"ETC","keyword":"[동물_농장]","e_type":"WIKILINK"},{"kbox_types":["NULL"],"st":73,"en_mention":68,"ancestor":"","eIdx":4,"st_mention":64,"en":87,"ne_type":"ETC","keyword":"[폭스우드_(동물_농장)]","e_type":"WIKILINK"},{"kbox_types":["NULL"],"st":101,"en_mention":85,"ancestor":"14-0","eIdx":5,"st_mention":82,"en":106,"ne_type":"PERSON","keyword":"[필킹턴]","e_type":"NEW"},{"kbox_types":["NULL"],"st":124,"en_mention":107,"ancestor":"14-4","eIdx":6,"st_mention":103,"en":130,"ne_type":"LOCATION","keyword":"[폭스우드]","e_type":"NEW"},{"kbox_types":["NULL"],"st":149,"en_mention":129,"ancestor":"14-0","eIdx":7,"st_mention":126,"en":154,"ne_type":"PERSON","keyword":"[필킹턴]","e_type":"NEW"},{"kbox_types":["Country","PopulatedPlace","PopulatedPlace","Place"],"st":156,"en_mention":133,"ancestor":"","eIdx":8,"st_mention":131,"en":160,"ne_type":"LOCATION","keyword":"[미국]","e_type":"WIKILINK"},{"kbox_types":["NULL"],"st":162,"en_mention":148,"ancestor":"","eIdx":9,"st_mention":135,"en":177,"ne_type":"ETC","keyword":"[프랭클린_델러노_루스벨트]","e_type":"WIKILINK"},{"kbox_types":["Country","PopulatedPlace","PopulatedPlace","Place"],"st":183,"en_mention":156,"ancestor":"","eIdx":10,"st_mention":154,"en":187,"ne_type":"LOCATION","keyword":"[영국]","e_type":"WIKILINK"},{"kbox_types":["Agent","Person","OfficeHolder"],"st":189,"en_mention":164,"ancestor":"","eIdx":11,"st_mention":158,"en":197,"ne_type":"PERSON","keyword":"[윈스턴_처칠]","e_type":"WIKILINK"},{"kbox_types":["NULL"],"st":215,"en_mention":186,"ancestor":"","eIdx":12,"st_mention":182,"en":229,"ne_type":"ETC","keyword":"[폭스우드_(동물_농장)]","e_type":"WIKILINK"},{"kbox_types":["NULL"],"st":231,"en_mention":192,"ancestor":"","eIdx":13,"st_mention":188,"en":237,"ne_type":"ETC","keyword":"[자본주의]","e_type":"WIKILINK"},{"kbox_types":["Country","PopulatedPlace","PopulatedPlace","Place"],"st":242,"en_mention":199,"ancestor":"14-8","eIdx":14,"st_mention":197,"en":246,"ne_type":"LOCATION","keyword":"[미국]","e_type":"NEW"},{"kbox_types":["Country","PopulatedPlace","PopulatedPlace","Place"],"st":248,"en_mention":203,"ancestor":"14-10","eIdx":15,"st_mention":201,"en":252,"ne_type":"LOCATION","keyword":"[영국]","e_type":"NEW"}],"wikiPageId":1021920,"pIdx":14,"plainText":"필킹턴 필킹턴(Pilkington)은 조지 오웰()의 소설 동물 농장에 나오는 인간으로, 동물 농장에 인접해 있는 폭스우드 농장을 소유하고 있다. 필킹턴은 매우 게으른 사람이어서 그의 폭스우드 농장은 제대로 운영되지 않았다. 필킹턴은 미국의 프랭클린 델러노 루스벨트 대통령과 영국의 윈스턴 처칠 수상으로 묘사되며, 그의 농장 폭스우드는 자본주의 국가인 미국과 영국을 상징한다.","mentionTagged":"[필킹턴] [필킹턴](Pilkington)은 [조지 오웰]()의 소설 [동물 농장]에 나오는 인간으로, 동물 농장에 인접해 있는 [폭스우드] 농장을 소유하고 있다. [필킹턴]은 매우 게으른 사람이어서 그의 [폭스우드] 농장은 제대로 운영되지 않았다. [필킹턴]은 [미국]의 [프랭클린 델러노 루스벨트] 대통령과 [영국]의 [윈스턴 처칠] 수상으로 묘사되며, 그의 농장 [폭스우드]는 [자본주의] 국가인 [미국]과 [영국]을 상징한다."}