{"entityTagged":"<산타르칸젤로트리몬테>()는 [이탈리아] [캄파니아_주] [베네벤토_현]의 코무네다. [나폴리]로부터 북동쪽 70km [베네벤토]로부터 동쪽 13km 거리에 위치해있다.","globalSId":[3066478,3066479],"entities":[{"kbox_types":["PopulatedPlace","Place","Settlement","PopulatedPlace"],"st":0,"en_mention":10,"ancestor":"","eIdx":0,"st_mention":0,"en":12,"ne_type":"LOCATION","keyword":"<산타르칸젤로트리몬테>","e_type":"ELU"},{"kbox_types":["Country","PopulatedPlace","Settlement","PopulatedPlace","Place"],"st":16,"en_mention":18,"ancestor":"","eIdx":1,"st_mention":14,"en":22,"ne_type":"LOCATION","keyword":"[이탈리아]","e_type":"WIKILINK"},{"kbox_types":["Region","PopulatedPlace","AdministrativeRegion","Place","AdministrativeRegion"],"st":23,"en_mention":25,"ancestor":"","eIdx":2,"st_mention":19,"en":31,"ne_type":"LOCATION","keyword":"[캄파니아_주]","e_type":"WIKILINK"},{"kbox_types":["PopulatedPlace","Settlement","PopulatedPlace","Place"],"st":32,"en_mention":32,"ancestor":"","eIdx":3,"st_mention":26,"en":40,"ne_type":"LOCATION","keyword":"[베네벤토_현]","e_type":"WIKILINK"},{"kbox_types":["PopulatedPlace","Place","Settlement","PopulatedPlace","City"],"st":48,"en_mention":43,"ancestor":"","eIdx":4,"st_mention":40,"en":53,"ne_type":"LOCATION","keyword":"[나폴리]","e_type":"WIKILINK"},{"kbox_types":["PopulatedPlace","Place","Settlement","PopulatedPlace"],"st":66,"en_mention":60,"ancestor":"","eIdx":5,"st_mention":56,"en":72,"ne_type":"LOCATION","keyword":"[베네벤토]","e_type":"WIKILINK"}],"wikiPageId":938908,"pIdx":1,"plainText":"산타르칸젤로트리몬테()는 이탈리아 캄파니아 주 베네벤토 현의 코무네다. 나폴리로부터 북동쪽 70km 베네벤토로부터 동쪽 13km 거리에 위치해있다.","pronouns":[],"mentionTagged":"[산타르칸젤로트리몬테]()는 [이탈리아] [캄파니아 주] [베네벤토 현]의 코무네다. [나폴리]로부터 북동쪽 70km [베네벤토]로부터 동쪽 13km 거리에 위치해있다."}