{"entityTagged":"제1군이 다시 부활하게 된 것은 [메이지 37년] [1904년] [2월_5일]에 편성되어 전후인 [1905년] [12월_9일]까지 [구로키_다메모토] 장군의 지휘하에 [러일_전쟁]에서 사용하기 위해서였다.","globalSId":[3648650],"entities":[{"kbox_types":["NULL"],"st":18,"en_mention":25,"ancestor":"-2","eIdx":0,"st_mention":18,"en":27,"ne_type":"TIME","keyword":"[메이지 37년]","e_type":"NEW"},{"kbox_types":["Year","TimePeriod"],"st":28,"en_mention":31,"ancestor":"","eIdx":1,"st_mention":26,"en":35,"ne_type":"TIME","keyword":"[1904년]","e_type":"WIKILINK"},{"kbox_types":["NULL"],"st":36,"en_mention":37,"ancestor":"","eIdx":2,"st_mention":32,"en":43,"ne_type":"TIME","keyword":"[2월_5일]","e_type":"WIKILINK"},{"kbox_types":["Year","TimePeriod"],"st":54,"en_mention":53,"ancestor":"","eIdx":3,"st_mention":48,"en":61,"ne_type":"TIME","keyword":"[1905년]","e_type":"WIKILINK"},{"kbox_types":["NULL"],"st":62,"en_mention":60,"ancestor":"","eIdx":4,"st_mention":54,"en":70,"ne_type":"TIME","keyword":"[12월_9일]","e_type":"WIKILINK"},{"kbox_types":["Agent","Person","MilitaryPerson"],"st":73,"en_mention":71,"ancestor":"","eIdx":5,"st_mention":63,"en":83,"ne_type":"PERSON","keyword":"[구로키_다메모토]","e_type":"WIKILINK"},{"kbox_types":["MilitaryConflict","Event","SocietalEvent"],"st":93,"en_mention":86,"ancestor":"","eIdx":6,"st_mention":81,"en":100,"ne_type":"ETC","keyword":"[러일_전쟁]","e_type":"WIKILINK"}],"wikiPageId":1373314,"pIdx":3,"plainText":"제1군이 다시 부활하게 된 것은 메이지 37년 1904년 2월 5일에 편성되어 전후인 1905년 12월 9일까지 구로키 다메모토 장군의 지휘하에 러일 전쟁에서 사용하기 위해서였다.","pronouns":[],"mentionTagged":"제1군이 다시 부활하게 된 것은 [메이지 37년] [1904년] [2월 5일]에 편성되어 전후인 [1905년] [12월 9일]까지 [구로키 다메모토] 장군의 지휘하에 [러일 전쟁]에서 사용하기 위해서였다."}