{"entityTagged":"<차머리아_알바니아인>( 또는 )은 [차머리아]([그리스] [이피로스_주]) 출신의 [알바니아인]을 말한다.","globalSId":[397463],"entities":[{"kbox_types":["EthnicGroup"],"st":0,"en_mention":10,"ancestor":"","eIdx":0,"st_mention":0,"en":12,"ne_type":"ETC","keyword":"<차머리아_알바니아인>","e_type":"ELU"},{"kbox_types":["NULL"],"st":20,"en_mention":22,"ancestor":"","eIdx":1,"st_mention":18,"en":26,"ne_type":"ETC","keyword":"[차머리아]","e_type":"WIKILINK"},{"kbox_types":["Country","PopulatedPlace","Settlement","PopulatedPlace","Place"],"st":27,"en_mention":26,"ancestor":"","eIdx":2,"st_mention":23,"en":32,"ne_type":"LOCATION","keyword":"[그리스]","e_type":"WIKILINK"},{"kbox_types":["PopulatedPlace","Settlement","PopulatedPlace","Place"],"st":33,"en_mention":33,"ancestor":"","eIdx":3,"st_mention":27,"en":41,"ne_type":"LOCATION","keyword":"[이피로스_주]","e_type":"WIKILINK"},{"kbox_types":["EthnicGroup"],"st":47,"en_mention":44,"ancestor":"","eIdx":4,"st_mention":39,"en":54,"ne_type":"ETC","keyword":"[알바니아인]","e_type":"WIKILINK"}],"wikiPageId":42065,"pIdx":1,"plainText":"차머리아 알바니아인( 또는 )은 차머리아(그리스 이피로스 주) 출신의 알바니아인을 말한다.","pronouns":[],"mentionTagged":"[차머리아 알바니아인]( 또는 )은 [차머리아]([그리스] [이피로스 주]) 출신의 [알바니아인]을 말한다."}