{"entityTagged":"[2021년 세계 육상 선수권 대회]는 [2021년]에 [미국] [오리건_주]에 있는 [유진_(오리건_주)]에 위치한 [헤이워드_필드]에서 개최될 예정이다.","globalSId":[3564016],"entities":[{"kbox_types":["NULL"],"st":0,"en_mention":18,"ancestor":"-2","eIdx":0,"st_mention":0,"en":20,"ne_type":"ETC","keyword":"[2021년 세계 육상 선수권 대회]","e_type":"NEW"},{"kbox_types":["Year","TimePeriod"],"st":22,"en_mention":25,"ancestor":"","eIdx":1,"st_mention":20,"en":29,"ne_type":"TIME","keyword":"[2021년]","e_type":"WIKILINK"},{"kbox_types":["Country","PopulatedPlace","PopulatedPlace","Place"],"st":31,"en_mention":29,"ancestor":"","eIdx":2,"st_mention":27,"en":35,"ne_type":"LOCATION","keyword":"[미국]","e_type":"WIKILINK"},{"kbox_types":["Region","PopulatedPlace","AdministrativeRegion","Place","Settlement","AdministrativeRegion"],"st":36,"en_mention":35,"ancestor":"","eIdx":3,"st_mention":30,"en":43,"ne_type":"LOCATION","keyword":"[오리건_주]","e_type":"WIKILINK"},{"kbox_types":["PopulatedPlace","Settlement","PopulatedPlace","City","Place"],"st":48,"en_mention":42,"ancestor":"","eIdx":4,"st_mention":40,"en":60,"ne_type":"LOCATION","keyword":"[유진_(오리건_주)]","e_type":"WIKILINK"},{"kbox_types":["NULL"],"st":66,"en_mention":55,"ancestor":"","eIdx":5,"st_mention":48,"en":75,"ne_type":"ETC","keyword":"[헤이워드_필드]","e_type":"WIKILINK"}],"wikiPageId":1309168,"pIdx":1,"plainText":"2021년 세계 육상 선수권 대회는 2021년에 미국 오리건 주에 있는 유진에 위치한 헤이워드 필드에서 개최될 예정이다.","mentionTagged":"[2021년 세계 육상 선수권 대회]는 [2021년]에 [미국] [오리건 주]에 있는 [유진]에 위치한 [헤이워드 필드]에서 개최될 예정이다."}