{"entityTagged":"<김효원>은 [심의겸]의 동생 [심충겸]이 [이조][전랑]직에 천거되자 외척이 인사권을 장악해서는 안 된다며 반대하였다. [심의겸]과 [심충겸]은 [조선_명종]비 [인순왕후]의 동생들로, [선조]가 [조선_명종]의 양자 자격으로 임금이 되었으므로 그의 주장이 인정되었다. 사후 [이조][참판]에 [증직]되었다가 다시 [이조판서]로 [추증](追贈)되었다. <허균>[허균]과 [허난설헌]의 인척으로, [허균]은 그의 사위이며 [허균]의 형 [허봉]의 딸이 그의 맏며느리였다. [동인]과 [서인]의 붕당 분열의 원인을 제공한 인물로 평가되고 있지만, 생전에는 청렴한 선비로서 신진 인사들의 존경을 받았다. [이황], [조식_(1501년)]의 문인.","globalSId":[1318914,1318915,1318916,1318917,1318918,1318919],"entities":[{"kbox_types":["Agent","Person"],"st":0,"en_mention":3,"ancestor":"","eIdx":0,"st_mention":0,"en":5,"ne_type":"PERSON","keyword":"<김효원>","e_type":"ELU"},{"kbox_types":["Agent","Person"],"st":7,"en_mention":8,"ancestor":"","eIdx":1,"st_mention":5,"en":12,"ne_type":"PERSON","keyword":"[심의겸]","e_type":"WIKILINK"},{"kbox_types":["Agent","Person"],"st":17,"en_mention":16,"ancestor":"","eIdx":2,"st_mention":13,"en":22,"ne_type":"PERSON","keyword":"[심충겸]","e_type":"WIKILINK"},{"kbox_types":["NULL"],"st":24,"en_mention":20,"ancestor":"","eIdx":3,"st_mention":18,"en":28,"ne_type":"ETC","keyword":"[이조]","e_type":"WIKILINK"},{"kbox_types":["NULL"],"st":28,"en_mention":22,"ancestor":"","eIdx":4,"st_mention":20,"en":32,"ne_type":"ETC","keyword":"[전랑]","e_type":"WIKILINK"},{"kbox_types":["Agent","Person"],"st":68,"en_mention":61,"ancestor":"","eIdx":5,"st_mention":58,"en":73,"ne_type":"PERSON","keyword":"[심의겸]","e_type":"WIKILINK"},{"kbox_types":["Agent","Person"],"st":75,"en_mention":66,"ancestor":"","eIdx":6,"st_mention":63,"en":80,"ne_type":"PERSON","keyword":"[심충겸]","e_type":"WIKILINK"},{"kbox_types":["Monarch","Agent","Person"],"st":82,"en_mention":70,"ancestor":"","eIdx":7,"st_mention":68,"en":89,"ne_type":"PERSON","keyword":"[조선_명종]","e_type":"WIKILINK"},{"kbox_types":["Royalty","BritishRoyalty","Agent","Person"],"st":91,"en_mention":76,"ancestor":"","eIdx":8,"st_mention":72,"en":97,"ne_type":"PERSON","keyword":"[인순왕후]","e_type":"WIKILINK"},{"kbox_types":["NULL"],"st":105,"en_mention":86,"ancestor":"","eIdx":9,"st_mention":84,"en":109,"ne_type":"ETC","keyword":"[선조]","e_type":"WIKILINK"},{"kbox_types":["Monarch","Agent","Person"],"st":111,"en_mention":90,"ancestor":"","eIdx":10,"st_mention":88,"en":118,"ne_type":"PERSON","keyword":"[조선_명종]","e_type":"WIKILINK"},{"kbox_types":["NULL"],"st":155,"en_mention":129,"ancestor":"","eIdx":11,"st_mention":127,"en":159,"ne_type":"ETC","keyword":"[이조]","e_type":"WIKILINK"},{"kbox_types":["NULL"],"st":159,"en_mention":131,"ancestor":"","eIdx":12,"st_mention":129,"en":163,"ne_type":"ETC","keyword":"[참판]","e_type":"WIKILINK"},{"kbox_types":["NULL"],"st":165,"en_mention":135,"ancestor":"","eIdx":13,"st_mention":133,"en":169,"ne_type":"ETC","keyword":"[증직]","e_type":"WIKILINK"},{"kbox_types":["NULL"],"st":177,"en_mention":147,"ancestor":"","eIdx":14,"st_mention":143,"en":183,"ne_type":"ETC","keyword":"[이조판서]","e_type":"WIKILINK"},{"kbox_types":["NULL"],"st":185,"en_mention":151,"ancestor":"","eIdx":15,"st_mention":149,"en":189,"ne_type":"ETC","keyword":"[추증]","e_type":"WIKILINK"},{"kbox_types":["Writer","Agent","Person"],"st":198,"en_mention":165,"ancestor":"","eIdx":16,"st_mention":160,"en":202,"ne_type":"PERSON","keyword":"<허균>","e_type":"ELU"},{"kbox_types":["Writer","Agent","Person"],"st":202,"en_mention":167,"ancestor":"","eIdx":17,"st_mention":165,"en":206,"ne_type":"PERSON","keyword":"[허균]","e_type":"WIKILINK"},{"kbox_types":["Writer","Agent","Person"],"st":208,"en_mention":173,"ancestor":"","eIdx":18,"st_mention":169,"en":214,"ne_type":"PERSON","keyword":"[허난설헌]","e_type":"WIKILINK"},{"kbox_types":["Writer","Agent","Person"],"st":222,"en_mention":183,"ancestor":"","eIdx":19,"st_mention":181,"en":226,"ne_type":"PERSON","keyword":"[허균]","e_type":"WIKILINK"},{"kbox_types":["Writer","Agent","Person"],"st":236,"en_mention":195,"ancestor":"","eIdx":20,"st_mention":193,"en":240,"ne_type":"PERSON","keyword":"[허균]","e_type":"WIKILINK"},{"kbox_types":["Agent","Person"],"st":244,"en_mention":201,"ancestor":"","eIdx":21,"st_mention":199,"en":248,"ne_type":"PERSON","keyword":"[허봉]","e_type":"WIKILINK"},{"kbox_types":["NULL"],"st":264,"en_mention":219,"ancestor":"","eIdx":22,"st_mention":217,"en":268,"ne_type":"ETC","keyword":"[동인]","e_type":"WIKILINK"},{"kbox_types":["Actor","Agent","Person","Artist","PoliticalParty","Organisation"],"st":270,"en_mention":223,"ancestor":"","eIdx":23,"st_mention":221,"en":274,"ne_type":"PERSON","keyword":"[서인]","e_type":"WIKILINK"},{"kbox_types":["Agent","Person"],"st":336,"en_mention":287,"ancestor":"","eIdx":24,"st_mention":285,"en":340,"ne_type":"PERSON","keyword":"[이황]","e_type":"WIKILINK"},{"kbox_types":["Agent","Person"],"st":342,"en_mention":291,"ancestor":"","eIdx":25,"st_mention":289,"en":354,"ne_type":"PERSON","keyword":"[조식_(1501년)]","e_type":"WIKILINK"}],"wikiPageId":222521,"pIdx":3,"plainText":"김효원은 심의겸의 동생 심충겸이 이조전랑직에 천거되자 외척이 인사권을 장악해서는 안 된다며 반대하였다. 심의겸과 심충겸은 명종비 인순왕후의 동생들로, 선조가 명종의 양자 자격으로 임금이 되었으므로 그의 주장이 인정되었다. 사후 이조참판에 증직되었다가 다시 이조판서로 추증(追贈)되었다. 교산 허균허균과 허난설헌의 인척으로, 허균은 그의 사위이며 허균의 형 허봉의 딸이 그의 맏며느리였다. 동인과 서인의 붕당 분열의 원인을 제공한 인물로 평가되고 있지만, 생전에는 청렴한 선비로서 신진 인사들의 존경을 받았다. 이황, 조식의 문인.","pronouns":[{"st":138,"ancestor":"3-0","proIdx":0,"en":138,"cwStateCd":"FIXED","cwSelIdx":0,"type":"PRONOUN","keyword":"그"},{"st":138,"ancestor":"-1","proIdx":1,"en":143,"cwStateCd":"FIXED","cwSelIdx":[],"type":"PRONOUN","keyword":"그의 주장이"},{"st":228,"ancestor":"3-0","proIdx":2,"en":228,"cwStateCd":"FIXED","cwSelIdx":0,"type":"PRONOUN","keyword":"그"},{"st":228,"ancestor":"-1","proIdx":3,"en":234,"cwStateCd":"FIXED","cwSelIdx":[],"type":"PRONOUN","keyword":"그의 사위이며"},{"st":253,"ancestor":"3-0","proIdx":4,"en":253,"cwStateCd":"FIXED","cwSelIdx":0,"type":"PRONOUN","keyword":"그"},{"st":253,"ancestor":"-1","proIdx":5,"en":262,"cwStateCd":"FIXED","cwSelIdx":[],"type":"PRONOUN","keyword":"그의 맏며느리였다."}],"mentionTagged":"[김효원]은 [심의겸]의 동생 [심충겸]이 [이조][전랑]직에 천거되자 외척이 인사권을 장악해서는 안 된다며 반대하였다. [심의겸]과 [심충겸]은 [명종]비 [인순왕후]의 동생들로, [선조]가 [명종]의 양자 자격으로 임금이 되었으므로 그의 주장이 인정되었다. 사후 [이조][참판]에 [증직]되었다가 다시 [이조판서]로 [추증](追贈)되었다. [교산 허균][허균]과 [허난설헌]의 인척으로, [허균]은 그의 사위이며 [허균]의 형 [허봉]의 딸이 그의 맏며느리였다. [동인]과 [서인]의 붕당 분열의 원인을 제공한 인물로 평가되고 있지만, 생전에는 청렴한 선비로서 신진 인사들의 존경을 받았다. [이황], [조식]의 문인."}