{"entityTagged":"<대구_동화사_금당_아미타극락회상도>(大邱 桐華寺 金堂 阿彌陀極樂會上圖)는 [대구광역시] [동구_(대구광역시)], [동화사]에 있는 <조선>의 불화이다. [2012년 1월 30일] [대구광역시의_문화재자료] 제47호로 지정되었다.","globalSId":[3196320,3196321],"entities":[{"kbox_types":["NULL"],"st":0,"en_mention":18,"ancestor":"","eIdx":0,"st_mention":0,"en":20,"ne_type":"ETC","keyword":"<대구_동화사_금당_아미타극락회상도>","e_type":"ELU"},{"kbox_types":["PopulatedPlace","Place","Settlement","PopulatedPlace","City"],"st":42,"en_mention":45,"ancestor":"","eIdx":1,"st_mention":40,"en":49,"ne_type":"LOCATION","keyword":"[대구광역시]","e_type":"WIKILINK"},{"kbox_types":["PopulatedPlace","Settlement","PopulatedPlace","Place"],"st":50,"en_mention":48,"ancestor":"","eIdx":2,"st_mention":46,"en":62,"ne_type":"LOCATION","keyword":"[동구_(대구광역시)]","e_type":"WIKILINK"},{"kbox_types":["HistoricBuilding","ArchitecturalStructure","Building","Place"],"st":64,"en_mention":53,"ancestor":"","eIdx":3,"st_mention":50,"en":69,"ne_type":"LOCATION","keyword":"[동화사]","e_type":"WIKILINK"},{"kbox_types":["Country","NobleFamily","Agent","PopulatedPlace","Settlement","Family","PopulatedPlace","Place"],"st":74,"en_mention":62,"ancestor":"","eIdx":4,"st_mention":58,"en":78,"ne_type":"LOCATION","keyword":"<조선>","e_type":"ELU"},{"kbox_types":["NULL"],"st":86,"en_mention":82,"ancestor":"-2","eIdx":5,"st_mention":70,"en":100,"ne_type":"TIME","keyword":"[2012년 1월 30일]","e_type":"NEW"},{"kbox_types":["NULL"],"st":101,"en_mention":95,"ancestor":"","eIdx":6,"st_mention":83,"en":115,"ne_type":"ETC","keyword":"[대구광역시의_문화재자료]","e_type":"WIKILINK"}],"wikiPageId":1012005,"pIdx":1,"plainText":"대구 동화사 금당 아미타극락회상도(大邱 桐華寺 金堂 阿彌陀極樂會上圖)는 대구광역시 동구, 동화사에 있는 조선시대의 불화이다. 2012년 1월 30일 대구광역시의 문화재자료 제47호로 지정되었다.","pronouns":[],"mentionTagged":"[대구 동화사 금당 아미타극락회상도](大邱 桐華寺 金堂 阿彌陀極樂會上圖)는 [대구광역시] [동구], [동화사]에 있는 [조선시대]의 불화이다. [2012년 1월 30일] [대구광역시의 문화재자료] 제47호로 지정되었다."}