{"entityTagged":"[마다가스카르]의 국기는 [1958년] [10월_14일]에 제정되었다. 빨강, 하양, 초록은 <마다가스카르>의 역사와 전통을 표현하고 있다. 빨강색과 하양은 <마다가스카르>의 대부분을 지배했던 [메리나_왕국]의 마지막 여왕이었던 [라나발로나_3세]의 기에 그려져 있었던 색이었다. 초록색은 <마다가스카르>의 독립에 중요한 역할을 했던 농업을 의미한다.","globalSId":[1876442,1876443,1876444,1876445],"entities":[{"kbox_types":["Country","Company","Agent","PopulatedPlace","Place","Company","Organisation"],"st":0,"en_mention":6,"ancestor":"","eIdx":0,"st_mention":0,"en":8,"ne_type":"ORGANIZATION","keyword":"[마다가스카르]","e_type":"WIKILINK"},{"kbox_types":["Year","TimePeriod"],"st":14,"en_mention":17,"ancestor":"","eIdx":1,"st_mention":12,"en":21,"ne_type":"TIME","keyword":"[1958년]","e_type":"WIKILINK"},{"kbox_types":["NULL"],"st":22,"en_mention":25,"ancestor":"","eIdx":2,"st_mention":18,"en":31,"ne_type":"TIME","keyword":"[10월_14일]","e_type":"WIKILINK"},{"kbox_types":["Country","Company","Agent","PopulatedPlace","Place","Company","Organisation"],"st":52,"en_mention":52,"ancestor":"","eIdx":3,"st_mention":46,"en":60,"ne_type":"ORGANIZATION","keyword":"<마다가스카르>","e_type":"ELU"},{"kbox_types":["Country","Company","Agent","PopulatedPlace","Place","Company","Organisation"],"st":88,"en_mention":87,"ancestor":"","eIdx":4,"st_mention":81,"en":96,"ne_type":"ORGANIZATION","keyword":"<마다가스카르>","e_type":"ELU"},{"kbox_types":["Country","PopulatedPlace","Place","PopulatedPlace"],"st":108,"en_mention":105,"ancestor":"","eIdx":5,"st_mention":99,"en":116,"ne_type":"LOCATION","keyword":"[메리나_왕국]","e_type":"WIKILINK"},{"kbox_types":["Royalty","BritishRoyalty","Agent","Person"],"st":128,"en_mention":125,"ancestor":"","eIdx":6,"st_mention":117,"en":138,"ne_type":"PERSON","keyword":"[라나발로나_3세]","e_type":"WIKILINK"},{"kbox_types":["Country","Company","Agent","PopulatedPlace","Place","Company","Organisation"],"st":162,"en_mention":155,"ancestor":"","eIdx":7,"st_mention":149,"en":170,"ne_type":"ORGANIZATION","keyword":"<마다가스카르>","e_type":"ELU"}],"wikiPageId":372982,"pIdx":1,"plainText":"마다가스카르의 국기는 1958년 10월 14일에 제정되었다. 빨강, 하양, 초록은 마다가스카르의 역사와 전통을 표현하고 있다. 빨강색과 하양색은 마다가스카르의 대부분을 지배했던 메리나 왕국의 마지막 여왕이었던 라나발로나 3세의 기에 그려져 있었던 색이었다. 초록색은 마다가스카르의 독립에 중요한 역할을 했던 농업을 의미한다.","pronouns":[],"mentionTagged":"[마다가스카르]의 국기는 [1958년] [10월 14일]에 제정되었다. 빨강, 하양, 초록은 [마다가스카르]의 역사와 전통을 표현하고 있다. 빨강색과 하양색은 [마다가스카르]의 대부분을 지배했던 [메리나 왕국]의 마지막 여왕이었던 [라나발로나 3세]의 기에 그려져 있었던 색이었다. 초록색은 [마다가스카르]의 독립에 중요한 역할을 했던 농업을 의미한다."}