{"entityTagged":"<파드니에브코>()는 [폴란드] 중북부 [쿠야비포모제_주] [모길노_군]에 위치한 마을로, [모길노](Mogilno)에서 북서쪽으로 4km, [비드고슈치]에서 남쪽으로 51km 정도 떨어진 곳에 위치한다.","globalSId":[2733047],"entities":[{"kbox_types":["Village","PopulatedPlace","Settlement","PopulatedPlace","Place"],"st":0,"en_mention":6,"ancestor":"","eIdx":0,"st_mention":0,"en":8,"ne_type":"LOCATION","keyword":"<파드니에브코>","e_type":"ELU"},{"kbox_types":["Country","PopulatedPlace","PopulatedPlace","Place"],"st":12,"en_mention":13,"ancestor":"","eIdx":1,"st_mention":10,"en":17,"ne_type":"LOCATION","keyword":"[폴란드]","e_type":"WIKILINK"},{"kbox_types":["PopulatedPlace","Settlement","PopulatedPlace","Place"],"st":22,"en_mention":26,"ancestor":"","eIdx":2,"st_mention":18,"en":32,"ne_type":"LOCATION","keyword":"[쿠야비포모제_주]","e_type":"WIKILINK"},{"kbox_types":["NULL"],"st":33,"en_mention":32,"ancestor":"","eIdx":3,"st_mention":27,"en":40,"ne_type":"ETC","keyword":"[모길노_군]","e_type":"WIKILINK"},{"kbox_types":["NULL"],"st":51,"en_mention":46,"ancestor":"-2","eIdx":4,"st_mention":43,"en":56,"ne_type":"LOCATION","keyword":"[모길노]","e_type":"NEW"},{"kbox_types":["PopulatedPlace","Settlement","PopulatedPlace","City","Place"],"st":79,"en_mention":74,"ancestor":"","eIdx":5,"st_mention":69,"en":86,"ne_type":"LOCATION","keyword":"[비드고슈치]","e_type":"WIKILINK"}],"wikiPageId":755873,"pIdx":1,"plainText":"파드니에브코()는 폴란드 중북부 쿠야비포모제 주 모길노 군에 위치한 마을로, 모길노(Mogilno)에서 북서쪽으로 4km, 비드고슈치에서 남쪽으로 51km 정도 떨어진 곳에 위치한다.","pronouns":[],"mentionTagged":"[파드니에브코]()는 [폴란드] 중북부 [쿠야비포모제 주] [모길노 군]에 위치한 마을로, [모길노](Mogilno)에서 북서쪽으로 4km, [비드고슈치]에서 남쪽으로 51km 정도 떨어진 곳에 위치한다."}