{"entityTagged":"분포. 이 종들은 [대서양림] 북동부에 서식하며, [브라질] 북동부 지역인 [파라이바_주], [페르남부쿠_주], [알라고아스_주]에 걸쳐 분포한다.","globalSId":[2222303,2222304],"entities":[{"kbox_types":["WorldHeritageSite","Place","WorldHeritageSite"],"st":10,"en_mention":13,"ancestor":"","eIdx":0,"st_mention":9,"en":16,"ne_type":"LOCATION","keyword":"[대서양림]","e_type":"WIKILINK"},{"kbox_types":["Country","PopulatedPlace","PopulatedPlace","Place"],"st":28,"en_mention":28,"ancestor":"","eIdx":1,"st_mention":25,"en":33,"ne_type":"LOCATION","keyword":"[브라질]","e_type":"WIKILINK"},{"kbox_types":["PopulatedPlace","Settlement","PopulatedPlace","Place"],"st":42,"en_mention":41,"ancestor":"","eIdx":2,"st_mention":37,"en":50,"ne_type":"LOCATION","keyword":"[파라이바_주]","e_type":"WIKILINK"},{"kbox_types":["PopulatedPlace","Settlement","PopulatedPlace","Place"],"st":52,"en_mention":48,"ancestor":"","eIdx":3,"st_mention":43,"en":61,"ne_type":"LOCATION","keyword":"[페르남부쿠_주]","e_type":"WIKILINK"},{"kbox_types":["PopulatedPlace","Settlement","PopulatedPlace","Place"],"st":63,"en_mention":57,"ancestor":"","eIdx":4,"st_mention":50,"en":72,"ne_type":"LOCATION","keyword":"[알라고아스_주]","e_type":"WIKILINK"}],"wikiPageId":516827,"pIdx":4,"plainText":"분포 이 종들은 대서양림 북동부에 서식하며, 브라질 북동부 지역인 파라이바, 페르남부쿠, 알라고아스 주에 걸쳐 분포한다.","pronouns":[{"st":4,"ancestor":"1-0","proIdx":0,"en":7,"cwStateCd":"FIXED","cwSelIdx":0,"type":"PRONOUN","keyword":"이 종들"}],"mentionTagged":"분포 이 종들은 [대서양림] 북동부에 서식하며, [브라질] 북동부 지역인 [파라이바], [페르남부쿠], [알라고아스 주]에 걸쳐 분포한다."}