{"entityTagged":"[2003년] [울산_현대_축구단]에서 데뷔하여, [2005년] [K리그] 우승 등에 공헌하였다. [2006년_FIFA_월드컵] 직후 [김동진_(1982년)]과 함께 [딕_아드보카트]가 감독으로 부임한 [러시아_프리미어리그] 팀 [FC_제니트_상트페테르부르크]로 이적하였다. [FC_제니트_상트페테르부르크]로 이후 초반 선발 및 교체를 오가며 출장 기회를 많이 잡아 좋은 활약을 펼쳤지만, 포지션 문제로 인해 어려움을 겪었고, [2007년] 팀에 영입된 [아나톨리_티모슈크]에게 밀리며 거의 출전하지 못하였다. [UEFA컵_2007-08] [UEFA컵]에서 우승을 차지하여 [김동진_(1982년)]과 함께 [차범근] 이후 20년 만에 [UEFA컵] 우승을 경험한 [대한민국] 선수가 되기도 하였지만, 팀 내에서의 주전 확보에 실패하여 [2009년] [K리그]의 [성남_일화_천마]로 이적하였다.","globalSId":[568404,568405,568406,568407],"entities":[{"kbox_types":["Year","MusicalWork","TimePeriod","Work","Album"],"st":0,"en_mention":5,"ancestor":"","eIdx":0,"st_mention":0,"en":7,"ne_type":"TIME","keyword":"[2003년]","e_type":"WIKILINK"},{"kbox_types":["SoccerClub","Agent","SportsTeam","Organisation"],"st":8,"en_mention":11,"ancestor":"","eIdx":1,"st_mention":6,"en":19,"ne_type":"ORGANIZATION","keyword":"[울산_현대_축구단]","e_type":"WIKILINK"},{"kbox_types":["Year","MusicalWork","TimePeriod","Work","Album"],"st":28,"en_mention":25,"ancestor":"","eIdx":2,"st_mention":20,"en":35,"ne_type":"TIME","keyword":"[2005년]","e_type":"WIKILINK"},{"kbox_types":["Agent","SportsLeague","Organisation","SoccerLeague"],"st":36,"en_mention":29,"ancestor":"","eIdx":3,"st_mention":26,"en":41,"ne_type":"ORGANIZATION","keyword":"[K리그]","e_type":"WIKILINK"},{"kbox_types":["SoccerTournament","FootballMatch","Tournament","Event","SocietalEvent","SportsEvent"],"st":55,"en_mention":49,"ancestor":"","eIdx":4,"st_mention":43,"en":71,"ne_type":"ETC","keyword":"[2006년_FIFA_월드컵]","e_type":"WIKILINK"},{"kbox_types":["SoccerPlayer","Athlete","Agent","Person"],"st":75,"en_mention":56,"ancestor":"","eIdx":5,"st_mention":53,"en":88,"ne_type":"PERSON","keyword":"[김동진_(1982년)]","e_type":"WIKILINK"},{"kbox_types":["SoccerPlayer","SportsManager","Agent","Person","SoccerManager","Athlete"],"st":93,"en_mention":68,"ancestor":"","eIdx":6,"st_mention":61,"en":102,"ne_type":"PERSON","keyword":"[딕_아드보카트]","e_type":"WIKILINK"},{"kbox_types":["NULL"],"st":113,"en_mention":89,"ancestor":"","eIdx":7,"st_mention":79,"en":125,"ne_type":"ETC","keyword":"[러시아_프리미어리그]","e_type":"WIKILINK"},{"kbox_types":["SoccerClub","Agent","SportsTeam","Organisation"],"st":128,"en_mention":107,"ancestor":"","eIdx":8,"st_mention":92,"en":145,"ne_type":"ORGANIZATION","keyword":"[FC_제니트_상트페테르부르크]","e_type":"WIKILINK"},{"kbox_types":["SoccerClub","Agent","SportsTeam","Organisation"],"st":154,"en_mention":131,"ancestor":"","eIdx":9,"st_mention":116,"en":171,"ne_type":"ORGANIZATION","keyword":"[FC_제니트_상트페테르부르크]","e_type":"WIKILINK"},{"kbox_types":["Year","MusicalWork","TimePeriod","Work","Album"],"st":239,"en_mention":204,"ancestor":"","eIdx":10,"st_mention":199,"en":246,"ne_type":"TIME","keyword":"[2007년]","e_type":"WIKILINK"},{"kbox_types":["SoccerPlayer","Athlete","Agent","Person"],"st":254,"en_mention":216,"ancestor":"","eIdx":11,"st_mention":212,"en":265,"ne_type":"PERSON","keyword":"[아나톨리_티모슈크]","e_type":"WIKILINK"},{"kbox_types":["SoccerTournament","FootballMatch","Tournament","Event","SocietalEvent","SportsEvent"],"st":286,"en_mention":246,"ancestor":"","eIdx":12,"st_mention":237,"en":301,"ne_type":"ETC","keyword":"[UEFA컵_2007-08]","e_type":"WIKILINK"},{"kbox_types":["NULL"],"st":302,"en_mention":252,"ancestor":"","eIdx":13,"st_mention":247,"en":309,"ne_type":"ETC","keyword":"[UEFA컵]","e_type":"WIKILINK"},{"kbox_types":["SoccerPlayer","Athlete","Agent","Person"],"st":321,"en_mention":267,"ancestor":"","eIdx":14,"st_mention":264,"en":334,"ne_type":"PERSON","keyword":"[김동진_(1982년)]","e_type":"WIKILINK"},{"kbox_types":["SoccerPlayer","SportsManager","Agent","Person","SoccerManager","Athlete"],"st":339,"en_mention":275,"ancestor":"","eIdx":15,"st_mention":272,"en":344,"ne_type":"PERSON","keyword":"[차범근]","e_type":"WIKILINK"},{"kbox_types":["NULL"],"st":355,"en_mention":291,"ancestor":"","eIdx":16,"st_mention":286,"en":362,"ne_type":"ETC","keyword":"[UEFA컵]","e_type":"WIKILINK"},{"kbox_types":["Country","PopulatedPlace","PopulatedPlace","Place"],"st":371,"en_mention":304,"ancestor":"","eIdx":17,"st_mention":300,"en":377,"ne_type":"LOCATION","keyword":"[대한민국]","e_type":"WIKILINK"},{"kbox_types":["Year","MusicalWork","TimePeriod","Work","Album"],"st":411,"en_mention":343,"ancestor":"","eIdx":18,"st_mention":338,"en":418,"ne_type":"TIME","keyword":"[2009년]","e_type":"WIKILINK"},{"kbox_types":["Agent","SportsLeague","Organisation","SoccerLeague"],"st":419,"en_mention":347,"ancestor":"","eIdx":19,"st_mention":344,"en":424,"ne_type":"ORGANIZATION","keyword":"[K리그]","e_type":"WIKILINK"},{"kbox_types":["SoccerClub","Agent","Organisation","SportsTeam"],"st":426,"en_mention":357,"ancestor":"","eIdx":20,"st_mention":349,"en":436,"ne_type":"ORGANIZATION","keyword":"[성남_일화_천마]","e_type":"WIKILINK"}],"wikiPageId":69165,"pIdx":5,"plainText":"2003년 울산 현대에서 데뷔하여, 2005년 K리그 우승 등에 공헌하였다. 독일 월드컵 직후 김동진과 함께 딕 아드보카트가 감독으로 부임한 러시아 프리미어리그 팀 FC 제니트 상트페테르부르크로 이적하였다. FC 제니트 상트페테르부르크로 이후 초반 선발 및 교체를 오가며 출장 기회를 많이 잡아 좋은 활약을 펼쳤지만, 포지션 문제로 인해 어려움을 겪었고, 2007년 팀에 영입된 티모슈크에게 밀리며 거의 출전하지 못하였다. 2007-08시즌 UEFA컵에서 우승을 차지하여 김동진과 함께 차범근 이후 20년 만에 UEFA컵 우승을 경험한 대한민국 선수가 되기도 하였지만, 팀 내에서의 주전 확보에 실패하여 2009년 K리그의 성남 일화 천마로 이적하였다.","pronouns":[],"mentionTagged":"[2003년] [울산 현대]에서 데뷔하여, [2005년] [K리그] 우승 등에 공헌하였다. [독일 월드컵] 직후 [김동진]과 함께 [딕 아드보카트]가 감독으로 부임한 [러시아 프리미어리그] 팀 [FC 제니트 상트페테르부르크]로 이적하였다. [FC 제니트 상트페테르부르크]로 이후 초반 선발 및 교체를 오가며 출장 기회를 많이 잡아 좋은 활약을 펼쳤지만, 포지션 문제로 인해 어려움을 겪었고, [2007년] 팀에 영입된 [티모슈크]에게 밀리며 거의 출전하지 못하였다. [2007-08시즌] [UEFA컵]에서 우승을 차지하여 [김동진]과 함께 [차범근] 이후 20년 만에 [UEFA컵] 우승을 경험한 [대한민국] 선수가 되기도 하였지만, 팀 내에서의 주전 확보에 실패하여 [2009년] [K리그]의 [성남 일화 천마]로 이적하였다."}