{"entityTagged":"[진천군] <진천군_(왕족)>(晋川君 李喜慶, [1591년] ~ [1664년])은 [조선] 중기의 왕족으로 [덕흥대원군] 증손이며, [조선_선조]의 백형 [하원군]의 손자이다. 본관은 [전주], 휘는 [희경](喜慶)이다.","globalSId":[2037610,2037611],"entities":[{"kbox_types":["PopulatedPlace","Settlement","PopulatedPlace","Place"],"st":0,"en_mention":3,"ancestor":"-2","eIdx":0,"st_mention":0,"en":5,"ne_type":"LOCATION","keyword":"[진천군]","e_type":"NEW"},{"kbox_types":["Agent","Person"],"st":6,"en_mention":7,"ancestor":"","eIdx":1,"st_mention":4,"en":16,"ne_type":"PERSON","keyword":"<진천군_(왕족)>","e_type":"ELU"},{"kbox_types":["Year","TimePeriod"],"st":26,"en_mention":22,"ancestor":"","eIdx":2,"st_mention":17,"en":33,"ne_type":"TIME","keyword":"[1591년]","e_type":"WIKILINK"},{"kbox_types":["Year","TimePeriod"],"st":36,"en_mention":30,"ancestor":"","eIdx":3,"st_mention":25,"en":43,"ne_type":"TIME","keyword":"[1664년]","e_type":"WIKILINK"},{"kbox_types":["Country","NobleFamily","Agent","PopulatedPlace","Settlement","Family","PopulatedPlace","Place"],"st":46,"en_mention":35,"ancestor":"","eIdx":4,"st_mention":33,"en":50,"ne_type":"LOCATION","keyword":"[조선]","e_type":"WIKILINK"},{"kbox_types":["Agent","Person"],"st":60,"en_mention":50,"ancestor":"","eIdx":5,"st_mention":45,"en":67,"ne_type":"PERSON","keyword":"[덕흥대원군]","e_type":"WIKILINK"},{"kbox_types":["Monarch","Agent","Person"],"st":74,"en_mention":59,"ancestor":"","eIdx":6,"st_mention":57,"en":81,"ne_type":"PERSON","keyword":"[조선_선조]","e_type":"WIKILINK"},{"kbox_types":["Agent","Person"],"st":86,"en_mention":67,"ancestor":"","eIdx":7,"st_mention":64,"en":91,"ne_type":"PERSON","keyword":"[하원군]","e_type":"WIKILINK"},{"kbox_types":["Agent","Organisation","EducationalInstitution","University"],"st":103,"en_mention":81,"ancestor":"-2","eIdx":8,"st_mention":79,"en":107,"ne_type":"LOCATION","keyword":"[전주]","e_type":"NEW"},{"kbox_types":["NULL"],"st":112,"en_mention":88,"ancestor":"-2","eIdx":9,"st_mention":86,"en":116,"ne_type":"PERSON","keyword":"[희경]","e_type":"NEW"}],"wikiPageId":438064,"pIdx":1,"plainText":"진천군 이희경(晋川君 李喜慶, 1591년 ~ 1664년)은 조선 중기의 왕족으로 덕흥대원군 증손이며, 선조의 백형 하원군의 손자이다. 본관은 전주, 휘는 희경(喜慶)이다.","pronouns":[{"st":99,"ancestor":"-2","proIdx":0,"en":100,"cwStateCd":"FIXED","cwSelIdx":[],"type":"PRONOUN","keyword":"본관"}],"mentionTagged":"[진천군] [이희경](晋川君 李喜慶, [1591년] ~ [1664년])은 [조선] 중기의 왕족으로 [덕흥대원군] 증손이며, [선조]의 백형 [하원군]의 손자이다. 본관은 [전주], 휘는 [희경](喜慶)이다."}