{"entityTagged":"이 정규 음반의 타이틀 곡은 [Please Stay With Me]이며, 이는 [후지_TV] 드라마 《[여름의_사랑은_무지개색으로_빛난다]》의 주제가로 타이업되었다.","globalSId":[2180137],"entities":[{"kbox_types":["NULL"],"st":16,"en_mention":35,"ancestor":"-2","eIdx":0,"st_mention":16,"en":37,"ne_type":"ETC","keyword":"[Please Stay With Me]","e_type":"NEW"},{"kbox_types":["Company","Agent","Organisation"],"st":44,"en_mention":47,"ancestor":"","eIdx":1,"st_mention":42,"en":51,"ne_type":"ORGANIZATION","keyword":"[후지_TV]","e_type":"WIKILINK"},{"kbox_types":["Work","TelevisionShow"],"st":57,"en_mention":71,"ancestor":"","eIdx":2,"st_mention":53,"en":77,"ne_type":"ETC","keyword":"[여름의_사랑은_무지개색으로_빛난다]","e_type":"WIKILINK"}],"wikiPageId":499794,"pIdx":4,"plainText":"이 정규 음반의 타이틀 곡은 Please Stay With Me이며, 이는 후지 TV 드라마 《여름의 사랑은 무지개색으로 빛난다》의 주제가로 타이업되었다.","mentionTagged":"이 정규 음반의 타이틀 곡은 [Please Stay With Me]이며, 이는 [후지 TV] 드라마 《[여름의 사랑은 무지개색으로 빛난다]》의 주제가로 타이업되었다."}