{"entityTagged":"[금장요집경 권1~2](金藏要集經 卷一~二)은 [부산광역시] [금정구] [범어사]에 있는 고려시대의 목판본 불경이다. [2007년] [9월 18일] [대한민국의_보물] 제1525호로 지정되었다.","globalSId":[3854742,3854743],"entities":[{"kbox_types":["NULL"],"st":0,"en_mention":10,"ancestor":"-1","eIdx":0,"st_mention":0,"en":12,"ne_type":"ETC","keyword":"[금장요집경 권1~2]","e_type":"NEW"},{"kbox_types":["PopulatedPlace","Place","Settlement","PopulatedPlace","City"],"st":26,"en_mention":29,"ancestor":"","eIdx":1,"st_mention":24,"en":33,"ne_type":"LOCATION","keyword":"[부산광역시]","e_type":"WIKILINK"},{"kbox_types":["PopulatedPlace","Settlement","PopulatedPlace","Place"],"st":34,"en_mention":33,"ancestor":"","eIdx":2,"st_mention":30,"en":39,"ne_type":"LOCATION","keyword":"[금정구]","e_type":"WIKILINK"},{"kbox_types":["HistoricBuilding","ArchitecturalStructure","Building","Place"],"st":40,"en_mention":37,"ancestor":"","eIdx":3,"st_mention":34,"en":45,"ne_type":"LOCATION","keyword":"[범어사]","e_type":"WIKILINK"},{"kbox_types":["Year","MusicalWork","TimePeriod","Work","Album"],"st":66,"en_mention":63,"ancestor":"-1","eIdx":4,"st_mention":58,"en":73,"ne_type":"TIME","keyword":"[2007년]","e_type":"NEW"},{"kbox_types":["NULL"],"st":74,"en_mention":70,"ancestor":"-1","eIdx":5,"st_mention":64,"en":82,"ne_type":"TIME","keyword":"[9월 18일]","e_type":"NEW"},{"kbox_types":["NULL"],"st":83,"en_mention":79,"ancestor":"","eIdx":6,"st_mention":71,"en":93,"ne_type":"ETC","keyword":"[대한민국의_보물]","e_type":"WIKILINK"}],"wikiPageId":1631075,"pIdx":1,"plainText":"금장요집경 권1~2(金藏要集經 卷一~二)은 부산광역시 금정구 범어사에 있는 고려시대의 목판본 불경이다. 2007년 9월 18일 대한민국의 보물 제1525호로 지정되었다.","pronouns":[],"mentionTagged":"[금장요집경 권1~2](金藏要集經 卷一~二)은 [부산광역시] [금정구] [범어사]에 있는 고려시대의 목판본 불경이다. [2007년] [9월 18일] [대한민국의 보물] 제1525호로 지정되었다."}