{"entityTagged":"<이구메니차>()는 [그리스] 북서부에 있는 해안 도시로, [테스프로티아_현]의 중심 도시이다. 면적(광역)은 426.6㎢, 인구는 25,814명([2011])이다.","globalSId":[1943768,1943769],"entities":[{"kbox_types":["Region","PopulatedPlace","AdministrativeRegion","Settlement","Place","AdministrativeRegion"],"st":0,"en_mention":5,"ancestor":"","eIdx":0,"st_mention":0,"en":7,"ne_type":"LOCATION","keyword":"<이구메니차>","e_type":"ELU"},{"kbox_types":["Country","PopulatedPlace","Settlement","PopulatedPlace","Place"],"st":11,"en_mention":12,"ancestor":"","eIdx":1,"st_mention":9,"en":16,"ne_type":"LOCATION","keyword":"[그리스]","e_type":"WIKILINK"},{"kbox_types":["PopulatedPlace","Settlement","PopulatedPlace","Place"],"st":33,"en_mention":37,"ancestor":"","eIdx":2,"st_mention":29,"en":43,"ne_type":"LOCATION","keyword":"[테스프로티아_현]","e_type":"WIKILINK"},{"kbox_types":["NULL"],"st":82,"en_mention":80,"ancestor":"-1","eIdx":3,"st_mention":76,"en":88,"ne_type":"TIME","keyword":"[2011]","e_type":"NEW"}],"wikiPageId":399258,"pIdx":1,"plainText":"이구메니차()는 그리스 북서부에 있는 해안 도시로, 테스프로티아 현의 중심 도시이다. 면적(광역)은 426.6㎢, 인구는 25,814명(2011)이다.","mentionTagged":"[이구메니차]()는 [그리스] 북서부에 있는 해안 도시로, [테스프로티아 현]의 중심 도시이다. 면적(광역)은 426.6㎢, 인구는 25,814명([2011])이다."}