{"entityTagged":"[산크리스토발 주]()는 [도미니카_공화국] 남부에 위치한 주로 주도는 [산크리스토발_(도미니카_공화국)]이며 면적은 1,265.77㎢, 인구는 640,066명([2014년] 기준)이다. [1932년]에 설립되었으며 설립 당시에는 <도미니카_공화국>의 독재자였던 [라파엘_트루히요]의 이름을 딴 <트루히요_주>(Trujillo)라고 불렀다. [1961년] <라파엘_트루히요>가 암살당하면서 지금과 같은 이름으로 바뀌었다.","globalSId":[3527973,3527974,3527975],"entities":[{"kbox_types":["Region","PopulatedPlace","AdministrativeRegion","Place","AdministrativeRegion"],"st":0,"en_mention":8,"ancestor":"-2","eIdx":0,"st_mention":0,"en":10,"ne_type":"LOCATION","keyword":"[산크리스토발 주]","e_type":"NEW"},{"kbox_types":["Country","PopulatedPlace","Settlement","PopulatedPlace","Place"],"st":14,"en_mention":20,"ancestor":"","eIdx":1,"st_mention":12,"en":24,"ne_type":"LOCATION","keyword":"[도미니카_공화국]","e_type":"WIKILINK"},{"kbox_types":["PopulatedPlace","Settlement","PopulatedPlace","Place"],"st":40,"en_mention":42,"ancestor":"","eIdx":2,"st_mention":36,"en":59,"ne_type":"LOCATION","keyword":"[산크리스토발_(도미니카_공화국)]","e_type":"WIKILINK"},{"kbox_types":["Year","MusicalWork","Album","TimePeriod","Work"],"st":90,"en_mention":78,"ancestor":"-2","eIdx":3,"st_mention":73,"en":97,"ne_type":"TIME","keyword":"[2014년]","e_type":"NEW"},{"kbox_types":["Year","TimePeriod"],"st":105,"en_mention":91,"ancestor":"-2","eIdx":4,"st_mention":86,"en":112,"ne_type":"TIME","keyword":"[1932년]","e_type":"NEW"},{"kbox_types":["Country","PopulatedPlace","Settlement","PopulatedPlace","Place"],"st":129,"en_mention":116,"ancestor":"","eIdx":5,"st_mention":108,"en":139,"ne_type":"LOCATION","keyword":"<도미니카_공화국>","e_type":"ELU"},{"kbox_types":["Politician","Agent","Person","OfficeHolder","President"],"st":147,"en_mention":132,"ancestor":"","eIdx":6,"st_mention":124,"en":157,"ne_type":"PERSON","keyword":"[라파엘_트루히요]","e_type":"WIKILINK"},{"kbox_types":["NULL"],"st":165,"en_mention":146,"ancestor":"","eIdx":7,"st_mention":140,"en":173,"ne_type":"ETC","keyword":"<트루히요_주>","e_type":"ELU"},{"kbox_types":["Year","TimePeriod"],"st":191,"en_mention":169,"ancestor":"-2","eIdx":8,"st_mention":164,"en":198,"ne_type":"TIME","keyword":"[1961년]","e_type":"NEW"},{"kbox_types":["Politician","Agent","Person","OfficeHolder","President"],"st":199,"en_mention":178,"ancestor":"","eIdx":9,"st_mention":170,"en":209,"ne_type":"PERSON","keyword":"<라파엘_트루히요>","e_type":"ELU"}],"wikiPageId":1280639,"pIdx":1,"plainText":"산크리스토발 주()는 도미니카 공화국 남부에 위치한 주로 주도는 산크리스토발이며 면적은 1,265.77㎢, 인구는 640,066명(2014년 기준)이다. 1932년에 설립되었으며 설립 당시에는 도미니카 공화국의 독재자였던 라파엘 트루히요의 이름을 딴 트루히요 주(Trujillo)라고 불렀다. 1961년 라파엘 트루히요가 암살당하면서 지금과 같은 이름으로 바뀌었다.","pronouns":[],"mentionTagged":"[산크리스토발 주]()는 [도미니카 공화국] 남부에 위치한 주로 주도는 [산크리스토발]이며 면적은 1,265.77㎢, 인구는 640,066명([2014년] 기준)이다. [1932년]에 설립되었으며 설립 당시에는 [도미니카 공화국]의 독재자였던 [라파엘 트루히요]의 이름을 딴 [트루히요 주](Trujillo)라고 불렀다. [1961년] [라파엘 트루히요]가 암살당하면서 지금과 같은 이름으로 바뀌었다."}