{"entityTagged":"[정헌율](鄭憲律, [1958년] [3월_25일] ~ )은 [대한민국]의 제39대 <전라북도> [익산시]장이다. 본관은 [진주_정씨]이며, 출생지는 [전라북도] [익산시]이다.","globalSId":[3767395,3767396],"entities":[{"kbox_types":["Agent","Person"],"st":0,"en_mention":3,"ancestor":"-2","eIdx":0,"st_mention":0,"en":5,"ne_type":"PERSON","keyword":"[정헌율]","e_type":"NEW"},{"kbox_types":["Year","TimePeriod"],"st":11,"en_mention":14,"ancestor":"","eIdx":1,"st_mention":9,"en":18,"ne_type":"TIME","keyword":"[1958년]","e_type":"WIKILINK"},{"kbox_types":["NULL"],"st":19,"en_mention":21,"ancestor":"","eIdx":2,"st_mention":15,"en":27,"ne_type":"TIME","keyword":"[3월_25일]","e_type":"WIKILINK"},{"kbox_types":["Country","PopulatedPlace","PopulatedPlace","Place"],"st":33,"en_mention":31,"ancestor":"","eIdx":3,"st_mention":27,"en":39,"ne_type":"LOCATION","keyword":"[대한민국]","e_type":"WIKILINK"},{"kbox_types":["PopulatedPlace","Settlement","PopulatedPlace","Place"],"st":46,"en_mention":42,"ancestor":"","eIdx":4,"st_mention":38,"en":52,"ne_type":"LOCATION","keyword":"<전라북도>","e_type":"ELU"},{"kbox_types":["PopulatedPlace","Settlement","PopulatedPlace","City","Place"],"st":53,"en_mention":46,"ancestor":"","eIdx":5,"st_mention":43,"en":58,"ne_type":"LOCATION","keyword":"[익산시]","e_type":"WIKILINK"},{"kbox_types":["NULL"],"st":67,"en_mention":57,"ancestor":"","eIdx":6,"st_mention":55,"en":74,"ne_type":"ETC","keyword":"[진주_정씨]","e_type":"WIKILINK"},{"kbox_types":["PopulatedPlace","Settlement","PopulatedPlace","Place"],"st":83,"en_mention":70,"ancestor":"","eIdx":7,"st_mention":66,"en":89,"ne_type":"LOCATION","keyword":"[전라북도]","e_type":"WIKILINK"},{"kbox_types":["PopulatedPlace","Settlement","PopulatedPlace","City","Place"],"st":90,"en_mention":74,"ancestor":"","eIdx":8,"st_mention":71,"en":95,"ne_type":"LOCATION","keyword":"[익산시]","e_type":"WIKILINK"}],"wikiPageId":1484344,"pIdx":1,"plainText":"정헌율(鄭憲律, 1958년 3월 25일 ~ )은 대한민국의 제39대 전라북도 익산시장이다. 본관은 진주이며, 출생지는 전라북도 익산시이다.","mentionTagged":"[정헌율](鄭憲律, [1958년] [3월 25일] ~ )은 [대한민국]의 제39대 [전라북도] [익산시]장이다. 본관은 [진주]이며, 출생지는 [전라북도] [익산시]이다."}