{"entityTagged":"주요 운송임무. [An-124]는 대형 전략수송기로 주로 [북대서양조약기구] ([북대서양조약기구]|NATO) 군 작전에 동원된다. 주로 [북대서양조약기구] 군 수송시에는 [An-124]와 [에어버스]의 [에어버스_A400M]을 사용한다. [안토노프_항공]과 [볼가_드네포르_항공]의 계약에 의하면 [벨기에], [헝가리], [그리스], [덴마크], [캐나다], [룩셈부르크], [네덜란드], [노르웨이], [영국], [폴란드], [포르투갈], [슬로바키아], [슬로베니아], [핀란드], [프랑스], [독일], [체코], [스웨덴]이 이 항공기로 군 수송물자를 수송하겠다는 요청을 했다. 이 뿐만 아니라 [An-124]기는 민간 물자도 수송하는데 특히[에어버스_A380]기의 부품을 주로 수송한다. 세계 최대의 민간여객기인 [A380]은 크기만큼 부품 크기도 큰만큼 [에어버스_벨루가]로는 한계가 있어 동체, 꼬리 날개 [An-124], 엔진은 [보잉_747] 화물기, 기타 주 날개와 수평안정타는 기존의 [에어버스_벨루가]를 이용한다. [An-124]는 100국가 넘게 768번의 수송임무를 맡았다.","globalSId":[3396127,3396128,3396129,3396130,3396131,3396132,3396133],"entities":[{"kbox_types":["NULL"],"st":9,"en_mention":14,"ancestor":"3-14","eIdx":0,"st_mention":8,"en":17,"ne_type":"ETC","keyword":"[An-124]","e_type":"NEW"},{"kbox_types":["NULL"],"st":32,"en_mention":37,"ancestor":"","eIdx":1,"st_mention":29,"en":42,"ne_type":"ETC","keyword":"[북대서양조약기구]","e_type":"WIKILINK"},{"kbox_types":["NULL"],"st":44,"en_mention":47,"ancestor":"","eIdx":2,"st_mention":39,"en":54,"ne_type":"ETC","keyword":"[북대서양조약기구]","e_type":"WIKILINK"},{"kbox_types":["NULL"],"st":76,"en_mention":77,"ancestor":"","eIdx":3,"st_mention":69,"en":86,"ne_type":"ETC","keyword":"[북대서양조약기구]","e_type":"WIKILINK"},{"kbox_types":["NULL"],"st":95,"en_mention":92,"ancestor":"5-0","eIdx":4,"st_mention":86,"en":103,"ne_type":"ETC","keyword":"[An-124]","e_type":"NEW"},{"kbox_types":["Company","Agent","Organisation"],"st":105,"en_mention":98,"ancestor":"","eIdx":5,"st_mention":94,"en":111,"ne_type":"ORGANIZATION","keyword":"[에어버스]","e_type":"WIKILINK"},{"kbox_types":["Aircraft","MeanOfTransportation"],"st":113,"en_mention":110,"ancestor":"","eIdx":6,"st_mention":100,"en":125,"ne_type":"ETC","keyword":"[에어버스_A400M]","e_type":"WIKILINK"},{"kbox_types":["Company","Agent","Airline","Organisation"],"st":133,"en_mention":125,"ancestor":"","eIdx":7,"st_mention":118,"en":142,"ne_type":"ORGANIZATION","keyword":"[안토노프_항공]","e_type":"WIKILINK"},{"kbox_types":["Company","Agent","Airline","Organisation"],"st":144,"en_mention":137,"ancestor":"","eIdx":8,"st_mention":127,"en":156,"ne_type":"ORGANIZATION","keyword":"[볼가_드네포르_항공]","e_type":"WIKILINK"},{"kbox_types":["Country","PopulatedPlace","Settlement","PopulatedPlace","Place"],"st":166,"en_mention":150,"ancestor":"","eIdx":9,"st_mention":147,"en":171,"ne_type":"LOCATION","keyword":"[벨기에]","e_type":"WIKILINK"},{"kbox_types":["Country","PopulatedPlace","PopulatedPlace","Place","Language"],"st":173,"en_mention":155,"ancestor":"","eIdx":10,"st_mention":152,"en":178,"ne_type":"LOCATION","keyword":"[헝가리]","e_type":"WIKILINK"},{"kbox_types":["Country","PopulatedPlace","Settlement","PopulatedPlace","Place"],"st":180,"en_mention":160,"ancestor":"","eIdx":11,"st_mention":157,"en":185,"ne_type":"LOCATION","keyword":"[그리스]","e_type":"WIKILINK"},{"kbox_types":["Country","PopulatedPlace","PopulatedPlace","Place"],"st":187,"en_mention":165,"ancestor":"","eIdx":12,"st_mention":162,"en":192,"ne_type":"LOCATION","keyword":"[덴마크]","e_type":"WIKILINK"},{"kbox_types":["Country","PopulatedPlace","PopulatedPlace","Place"],"st":194,"en_mention":170,"ancestor":"","eIdx":13,"st_mention":167,"en":199,"ne_type":"LOCATION","keyword":"[캐나다]","e_type":"WIKILINK"},{"kbox_types":["Country","PopulatedPlace","Settlement","PopulatedPlace","Place"],"st":201,"en_mention":177,"ancestor":"","eIdx":14,"st_mention":172,"en":208,"ne_type":"LOCATION","keyword":"[룩셈부르크]","e_type":"WIKILINK"},{"kbox_types":["Country","PopulatedPlace","Settlement","PopulatedPlace","Place"],"st":210,"en_mention":183,"ancestor":"","eIdx":15,"st_mention":179,"en":216,"ne_type":"LOCATION","keyword":"[네덜란드]","e_type":"WIKILINK"},{"kbox_types":["Country","PopulatedPlace","Settlement","PopulatedPlace","Place"],"st":218,"en_mention":189,"ancestor":"","eIdx":16,"st_mention":185,"en":224,"ne_type":"LOCATION","keyword":"[노르웨이]","e_type":"WIKILINK"},{"kbox_types":["Country","PopulatedPlace","PopulatedPlace","Place"],"st":226,"en_mention":193,"ancestor":"","eIdx":17,"st_mention":191,"en":230,"ne_type":"LOCATION","keyword":"[영국]","e_type":"WIKILINK"},{"kbox_types":["Country","PopulatedPlace","PopulatedPlace","Place"],"st":232,"en_mention":198,"ancestor":"","eIdx":18,"st_mention":195,"en":237,"ne_type":"LOCATION","keyword":"[폴란드]","e_type":"WIKILINK"},{"kbox_types":["Country","PopulatedPlace","Settlement","PopulatedPlace","Place"],"st":239,"en_mention":204,"ancestor":"","eIdx":19,"st_mention":200,"en":245,"ne_type":"LOCATION","keyword":"[포르투갈]","e_type":"WIKILINK"},{"kbox_types":["Country","PopulatedPlace","PopulatedPlace","Place"],"st":247,"en_mention":211,"ancestor":"","eIdx":20,"st_mention":206,"en":254,"ne_type":"LOCATION","keyword":"[슬로바키아]","e_type":"WIKILINK"},{"kbox_types":["Country","PopulatedPlace","PopulatedPlace","Place"],"st":256,"en_mention":218,"ancestor":"","eIdx":21,"st_mention":213,"en":263,"ne_type":"LOCATION","keyword":"[슬로베니아]","e_type":"WIKILINK"},{"kbox_types":["Country","PopulatedPlace","Settlement","PopulatedPlace","Place"],"st":265,"en_mention":223,"ancestor":"","eIdx":22,"st_mention":220,"en":270,"ne_type":"LOCATION","keyword":"[핀란드]","e_type":"WIKILINK"},{"kbox_types":["Country","PopulatedPlace","Settlement","PopulatedPlace","Place"],"st":272,"en_mention":228,"ancestor":"","eIdx":23,"st_mention":225,"en":277,"ne_type":"LOCATION","keyword":"[프랑스]","e_type":"WIKILINK"},{"kbox_types":["Country","PopulatedPlace","Settlement","PopulatedPlace","Place"],"st":279,"en_mention":232,"ancestor":"","eIdx":24,"st_mention":230,"en":283,"ne_type":"LOCATION","keyword":"[독일]","e_type":"WIKILINK"},{"kbox_types":["Country","PopulatedPlace","Settlement","PopulatedPlace","Place"],"st":285,"en_mention":236,"ancestor":"","eIdx":25,"st_mention":234,"en":289,"ne_type":"LOCATION","keyword":"[체코]","e_type":"WIKILINK"},{"kbox_types":["Country","PopulatedPlace","Settlement","PopulatedPlace","Place"],"st":291,"en_mention":241,"ancestor":"","eIdx":26,"st_mention":238,"en":296,"ne_type":"LOCATION","keyword":"[스웨덴]","e_type":"WIKILINK"},{"kbox_types":["NULL"],"st":337,"en_mention":288,"ancestor":"5-0","eIdx":27,"st_mention":282,"en":345,"ne_type":"ETC","keyword":"[An-124]","e_type":"NEW"},{"kbox_types":["Aircraft","MeanOfTransportation"],"st":363,"en_mention":315,"ancestor":"","eIdx":28,"st_mention":306,"en":374,"ne_type":"ETC","keyword":"[에어버스_A380]","e_type":"WIKILINK"},{"kbox_types":["NULL"],"st":404,"en_mention":349,"ancestor":"5-28","eIdx":29,"st_mention":345,"en":410,"ne_type":"ETC","keyword":"[A380]","e_type":"NEW"},{"kbox_types":["Aircraft","MeanOfTransportation"],"st":428,"en_mention":375,"ancestor":"","eIdx":30,"st_mention":367,"en":438,"ne_type":"ETC","keyword":"[에어버스_벨루가]","e_type":"WIKILINK"},{"kbox_types":["NULL"],"st":458,"en_mention":401,"ancestor":"5-4","eIdx":31,"st_mention":395,"en":466,"ne_type":"ETC","keyword":"[An-124]","e_type":"NEW"},{"kbox_types":["Aircraft","MeanOfTransportation"],"st":472,"en_mention":413,"ancestor":"","eIdx":32,"st_mention":407,"en":480,"ne_type":"ETC","keyword":"[보잉_747]","e_type":"WIKILINK"},{"kbox_types":["Aircraft","MeanOfTransportation"],"st":506,"en_mention":447,"ancestor":"","eIdx":33,"st_mention":439,"en":516,"ne_type":"ETC","keyword":"[에어버스_벨루가]","e_type":"WIKILINK"},{"kbox_types":["NULL"],"st":524,"en_mention":461,"ancestor":"5-31","eIdx":34,"st_mention":455,"en":532,"ne_type":"ETC","keyword":"[An-124]","e_type":"NEW"}],"wikiPageId":1156808,"pIdx":5,"plainText":"주요 운송임무 An-124는 대형 전략수송기로 주로 북대서양조약기구 (북대서양조약기구|NATO) 군 작전에 동원된다. 주로 북대서양조약기구 군 수송시에는 An-124와 에어버스의 에어버스 A400M을 사용한다. 안토노프 항공과 볼가 드네포르 항공의 계약에 의하면 벨기에, 헝가리, 그리스, 덴마크, 캐나다, 룩셈부르크, 네덜란드, 노르웨이, 영국, 폴란드, 포르투갈, 슬로바키아, 슬로베니아, 핀란드, 프랑스, 독일, 체코, 스웨덴이 이 항공기로 군 수송물자를 수송하겠다는 요청을 했다. 이 뿐만 아니라 An-124기는 민간 물자도 수송하는데 특히에어버스 A380기의 부품을 주로 수송한다. 세계 최대의 민간여객기인 A380은 크기만큼 부품 크기도 큰만큼 에어버스 벨루가로는 한계가 있어 동체, 꼬리 날개 An-124, 엔진은 보잉 747 화물기, 기타 주 날개와 수평안정타는 기존의 에어버스 벨루가를 이용한다. An-124는 100국가 넘게 768번의 수송임무를 맡았다.","pronouns":[{"st":61,"ancestor":"-2","proIdx":0,"en":61,"cwStateCd":"FIXED","cwSelIdx":[],"type":"PRONOUN","keyword":"군"},{"st":61,"ancestor":"-2","proIdx":1,"en":64,"cwStateCd":"FIXED","cwSelIdx":[],"type":"PRONOUN","keyword":"군 작전"},{"st":76,"ancestor":"3-2","proIdx":2,"en":87,"cwStateCd":"FIXED","cwSelIdx":7,"type":"PRONOUN","keyword":"[북대서양조약기구] 군"},{"st":76,"ancestor":"-2","proIdx":3,"en":90,"cwStateCd":"FIXED","cwSelIdx":[],"type":"PRONOUN","keyword":"[북대서양조약기구] 군 수송"},{"st":298,"ancestor":"5-0","proIdx":4,"en":302,"cwStateCd":"FIXED","cwSelIdx":2,"type":"PRONOUN","keyword":"이 항공기"},{"st":305,"ancestor":"-2","proIdx":5,"en":305,"cwStateCd":"FIXED","cwSelIdx":[],"type":"PRONOUN","keyword":"군"},{"st":305,"ancestor":"-2","proIdx":6,"en":310,"cwStateCd":"FIXED","cwSelIdx":[],"type":"PRONOUN","keyword":"군 수송물자"},{"st":298,"ancestor":"-1","proIdx":7,"en":321,"cwStateCd":"FIXED","cwSelIdx":[],"type":"PRONOUN","keyword":"이 항공기로 군 수송물자를 수송하겠다는 요청"},{"st":328,"ancestor":"-1","proIdx":8,"en":331,"cwStateCd":"FIXED","cwSelIdx":[],"type":"PRONOUN","keyword":"이 뿐만"}],"mentionTagged":"주요 운송임무 [An-124]는 대형 전략수송기로 주로 [북대서양조약기구] ([북대서양조약기구]|NATO) 군 작전에 동원된다. 주로 [북대서양조약기구] 군 수송시에는 [An-124]와 [에어버스]의 [에어버스 A400M]을 사용한다. [안토노프 항공]과 [볼가 드네포르 항공]의 계약에 의하면 [벨기에], [헝가리], [그리스], [덴마크], [캐나다], [룩셈부르크], [네덜란드], [노르웨이], [영국], [폴란드], [포르투갈], [슬로바키아], [슬로베니아], [핀란드], [프랑스], [독일], [체코], [스웨덴]이 이 항공기로 군 수송물자를 수송하겠다는 요청을 했다. 이 뿐만 아니라 [An-124]기는 민간 물자도 수송하는데 특히[에어버스 A380]기의 부품을 주로 수송한다. 세계 최대의 민간여객기인 [A380]은 크기만큼 부품 크기도 큰만큼 [에어버스 벨루가]로는 한계가 있어 동체, 꼬리 날개 [An-124], 엔진은 [보잉 747] 화물기, 기타 주 날개와 수평안정타는 기존의 [에어버스 벨루가]를 이용한다. [An-124]는 100국가 넘게 768번의 수송임무를 맡았다."}