{"entityTagged":"서쪽에는 [우루과이_강]이 있으며 남서쪽에는 [라플라타_강]의 하류와 맞닿아 있어 강 사이로 [아르헨티나]와 만나며, 남동쪽 해안에는 [대서양]이 있다. <우루과이>는 <남아메리카>에서 [수리남] 다음으로 가장 작은 나라이다.","globalSId":[160865,160866],"entities":[{"kbox_types":["River","River","BodyOfWater","Stream","Place","NaturalPlace"],"st":5,"en_mention":11,"ancestor":"","eIdx":0,"st_mention":5,"en":13,"ne_type":"LOCATION","keyword":"[우루과이_강]","e_type":"WIKILINK"},{"kbox_types":["River","Place","River","BodyOfWater","Stream","NaturalPlace"],"st":25,"en_mention":29,"ancestor":"","eIdx":1,"st_mention":23,"en":33,"ne_type":"LOCATION","keyword":"[라플라타_강]","e_type":"WIKILINK"},{"kbox_types":["Country","PopulatedPlace","PopulatedPlace","Place"],"st":52,"en_mention":53,"ancestor":"","eIdx":2,"st_mention":48,"en":59,"ne_type":"LOCATION","keyword":"[아르헨티나]","e_type":"WIKILINK"},{"kbox_types":["NaturalPlace","Place","Ocean","BodyOfWater"],"st":75,"en_mention":72,"ancestor":"","eIdx":3,"st_mention":69,"en":80,"ne_type":"LOCATION","keyword":"[대서양]","e_type":"WIKILINK"},{"kbox_types":["Country","PopulatedPlace","Settlement","PopulatedPlace","Place"],"st":86,"en_mention":82,"ancestor":"","eIdx":4,"st_mention":78,"en":92,"ne_type":"LOCATION","keyword":"<우루과이>","e_type":"ELU"},{"kbox_types":["PopulatedPlace","Place","Settlement","PopulatedPlace","Continent"],"st":94,"en_mention":89,"ancestor":"","eIdx":5,"st_mention":84,"en":101,"ne_type":"LOCATION","keyword":"<남아메리카>","e_type":"ELU"},{"kbox_types":["Country","PopulatedPlace","PopulatedPlace","Place"],"st":104,"en_mention":95,"ancestor":"","eIdx":6,"st_mention":92,"en":109,"ne_type":"LOCATION","keyword":"[수리남]","e_type":"WIKILINK"}],"wikiPageId":10231,"pIdx":2,"plainText":"서쪽에는 우루과이 강이 있으며 남서쪽에는 라플라타 강의 하류와 맞닿아 있어 강 사이로 아르헨티나와 만나며, 남동쪽 해안에는 대서양이 있다. 우루과이는 남아메리카에서 수리남 다음으로 가장 작은 나라이다.","mentionTagged":"서쪽에는 [우루과이 강]이 있으며 남서쪽에는 [라플라타 강]의 하류와 맞닿아 있어 강 사이로 [아르헨티나]와 만나며, 남동쪽 해안에는 [대서양]이 있다. [우루과이]는 [남아메리카]에서 [수리남] 다음으로 가장 작은 나라이다."}