{"entityTagged":"[판정문제]. [1900년] 수학자 [다비트_힐베르트]가 제안한 [힐베르트의_문제들] 중 열 번째 문제는 그 개념이 정립되기 이전에 거의 30년 가까이 해결되지 않은 채 부유했다. <힐베르트의_문제들> 문제는 다음과 같다.","globalSId":[20858,20859,20860],"entities":[{"kbox_types":["NULL"],"st":0,"en_mention":4,"ancestor":"","eIdx":0,"st_mention":0,"en":6,"ne_type":"ETC","keyword":"[판정문제]","e_type":"WIKILINK"},{"kbox_types":["Year","TimePeriod"],"st":8,"en_mention":10,"ancestor":"-2","eIdx":1,"st_mention":5,"en":15,"ne_type":"TIME","keyword":"[1900년]","e_type":"NEW"},{"kbox_types":["Scientist","Agent","Person"],"st":20,"en_mention":23,"ancestor":"","eIdx":2,"st_mention":15,"en":30,"ne_type":"PERSON","keyword":"[다비트_힐베르트]","e_type":"WIKILINK"},{"kbox_types":["NULL"],"st":36,"en_mention":38,"ancestor":"","eIdx":3,"st_mention":29,"en":47,"ne_type":"ETC","keyword":"[힐베르트의_문제들]","e_type":"WIKILINK"},{"kbox_types":["NULL"],"st":101,"en_mention":102,"ancestor":"","eIdx":4,"st_mention":92,"en":112,"ne_type":"ETC","keyword":"<힐베르트의_문제들>","e_type":"ELU"}],"wikiPageId":786,"pIdx":34,"plainText":"판정문제 1900년 수학자 다비트 힐베르트가 제안한 힐베르트의 문제들 중 열 번째 문제는 그 개념이 정립되기 이전에 거의 30년 가까이 해결되지 않은 채 부유했다. 힐베르트의 열 번째 문제는 다음과 같다.","pronouns":[{"st":59,"ancestor":"-2","proIdx":0,"en":62,"cwStateCd":"FIXED","cwSelIdx":[],"type":"PRONOUN","keyword":"그 개념"}],"mentionTagged":"[판정문제] [1900년] 수학자 [다비트 힐베르트]가 제안한 [힐베르트의 문제들] 중 열 번째 문제는 그 개념이 정립되기 이전에 거의 30년 가까이 해결되지 않은 채 부유했다. [힐베르트의 열 번째] 문제는 다음과 같다."}