{"entityTagged":"[SK] 제2대 회장 [최종현]의 형이고, 현 회장 [최태원_(기업인)]의 큰아버지이다.","globalSId":[1669093],"entities":[{"kbox_types":["NULL"],"st":0,"en_mention":2,"ancestor":"1-6","eIdx":0,"st_mention":0,"en":4,"ne_type":"ORGANIZATION","keyword":"[SK]","e_type":"NEW"},{"kbox_types":["Agent","Person"],"st":12,"en_mention":13,"ancestor":"","eIdx":1,"st_mention":10,"en":17,"ne_type":"PERSON","keyword":"[최종현]","e_type":"WIKILINK"},{"kbox_types":["Agent","Person"],"st":29,"en_mention":28,"ancestor":"","eIdx":2,"st_mention":25,"en":40,"ne_type":"PERSON","keyword":"[최태원_(기업인)]","e_type":"WIKILINK"}],"wikiPageId":306818,"pIdx":3,"plainText":"SK 제2대 회장 최종현의 형이고, 현 회장 최태원의 큰아버지이다.","pronouns":[{"st":24,"ancestor":"-2","proIdx":0,"en":27,"cwStateCd":"FIXED","cwSelIdx":[],"type":"PRONOUN","keyword":"현 회장"},{"st":24,"ancestor":"-2","proIdx":1,"en":39,"cwStateCd":"FIXED","cwSelIdx":[],"type":"PRONOUN","keyword":"현 회장 [최태원_(기업인)]"},{"st":24,"ancestor":"1-0","proIdx":2,"en":45,"cwStateCd":"FIXED","cwSelIdx":0,"type":"PRONOUN","keyword":"현 회장 [최태원_(기업인)]의 큰아버지"}],"mentionTagged":"[SK] 제2대 회장 [최종현]의 형이고, 현 회장 [최태원]의 큰아버지이다."}