{"entityTagged":"<켈로그_(기업)>의 설립과 콘플레이크의 탄생. 시리얼 초기 역사에는 [제칠일안식일예수재림교회]의 영향이 컸으며, 이 곳을 통하여 시리얼 상품 개발에 큰 영향을 준 인물로 [존_하비_켈로그]가 있다. <켈로그_(기업)>는 [제칠일안식일예수재림교회]의 창립자 [앨런 G. 화이트]가 설립한 [배틀크리크] <요양소>에 고용되었는데, <켈로그_(기업)>는 요양소에서 채식 요법을 보완하기 위해 곡물을 가지고 여러가지 실험을 하였다. [1891년] 그는 특허를 취득하였고, [1895년]에 곡물을 이용한 플레이크를 만들어냈으며, 그의 동생 [윌 키스] <켈로그_(기업)>(Will Keith Kellogg)와 [1906년] [켈로그]사를 설립하게 된다.","globalSId":[2624857,2624858,2624859,2624860,2624861],"entities":[{"kbox_types":["Company","Agent","Organisation"],"st":0,"en_mention":3,"ancestor":"","eIdx":0,"st_mention":0,"en":10,"ne_type":"ORGANIZATION","keyword":"<켈로그_(기업)>","e_type":"ELU"},{"kbox_types":["Agent","Organisation"],"st":39,"en_mention":43,"ancestor":"","eIdx":1,"st_mention":31,"en":53,"ne_type":"ORGANIZATION","keyword":"[제칠일안식일예수재림교회]","e_type":"WIKILINK"},{"kbox_types":["Agent","Person"],"st":96,"en_mention":94,"ancestor":"","eIdx":2,"st_mention":86,"en":106,"ne_type":"PERSON","keyword":"[존_하비_켈로그]","e_type":"WIKILINK"},{"kbox_types":["Company","Agent","Organisation"],"st":112,"en_mention":103,"ancestor":"","eIdx":3,"st_mention":100,"en":122,"ne_type":"ORGANIZATION","keyword":"<켈로그_(기업)>","e_type":"ELU"},{"kbox_types":["Agent","Organisation"],"st":124,"en_mention":117,"ancestor":"","eIdx":4,"st_mention":105,"en":138,"ne_type":"ORGANIZATION","keyword":"[제칠일안식일예수재림교회]","e_type":"WIKILINK"},{"kbox_types":["NULL"],"st":144,"en_mention":132,"ancestor":"-2","eIdx":5,"st_mention":123,"en":155,"ne_type":"PERSON","keyword":"[앨런 G. 화이트]","e_type":"NEW"},{"kbox_types":["NULL"],"st":161,"en_mention":143,"ancestor":"-2","eIdx":6,"st_mention":138,"en":168,"ne_type":"LOCATION","keyword":"[배틀크리크]","e_type":"NEW"},{"kbox_types":["NULL"],"st":169,"en_mention":147,"ancestor":"","eIdx":7,"st_mention":144,"en":174,"ne_type":"ETC","keyword":"<요양소>","e_type":"ELU"},{"kbox_types":["Company","Agent","Organisation"],"st":184,"en_mention":160,"ancestor":"","eIdx":8,"st_mention":157,"en":194,"ne_type":"ORGANIZATION","keyword":"<켈로그_(기업)>","e_type":"ELU"},{"kbox_types":["Year","TimePeriod"],"st":239,"en_mention":210,"ancestor":"-2","eIdx":9,"st_mention":205,"en":246,"ne_type":"TIME","keyword":"[1891년]","e_type":"NEW"},{"kbox_types":["Year","TimePeriod"],"st":261,"en_mention":230,"ancestor":"-2","eIdx":10,"st_mention":225,"en":268,"ne_type":"TIME","keyword":"[1895년]","e_type":"NEW"},{"kbox_types":["NULL"],"st":298,"en_mention":264,"ancestor":"-2","eIdx":11,"st_mention":260,"en":304,"ne_type":"PERSON","keyword":"[윌 키스]","e_type":"NEW"},{"kbox_types":["Company","Agent","Organisation"],"st":305,"en_mention":268,"ancestor":"","eIdx":12,"st_mention":265,"en":315,"ne_type":"ORGANIZATION","keyword":"<켈로그_(기업)>","e_type":"ELU"},{"kbox_types":["Year","TimePeriod"],"st":337,"en_mention":295,"ancestor":"-2","eIdx":13,"st_mention":290,"en":344,"ne_type":"TIME","keyword":"[1906년]","e_type":"NEW"},{"kbox_types":["NULL"],"st":345,"en_mention":299,"ancestor":"","eIdx":14,"st_mention":296,"en":350,"ne_type":"ETC","keyword":"[켈로그]","e_type":"WIKILINK"}],"wikiPageId":708986,"pIdx":7,"plainText":"켈로그의 설립과 콘플레이크의 탄생 시리얼 초기 역사에는 제칠일안식일예수재림교회의 영향이 컸으며, 이 곳을 통하여 시리얼 상품 개발에 큰 영향을 준 인물로 존 하비 켈로그가 있다. 켈로그는 제칠일안식일예수재림교회의 창립자 앨런 G. 화이트가 설립한 배틀크리크 요양소에 고용되었는데, 켈로그는 요양소에서 채식 요법을 보완하기 위해 곡물을 가지고 여러가지 실험을 하였다. 1891년 그는 특허를 취득하였고, 1895년에 곡물을 이용한 플레이크를 만들어냈으며, 그의 동생 윌 키스 켈로그(Will Keith Kellogg)와 1906년 켈로그사를 설립하게 된다.","pronouns":[{"st":64,"ancestor":"7-1","proIdx":0,"en":67,"cwStateCd":"FIXED","cwSelIdx":7,"type":"PRONOUN","keyword":"이 곳을"},{"st":225,"ancestor":"-2","proIdx":1,"en":228,"cwStateCd":"FIXED","cwSelIdx":[],"type":"PRONOUN","keyword":"여러가지"},{"st":225,"ancestor":"-2","proIdx":2,"en":232,"cwStateCd":"FIXED","cwSelIdx":[],"type":"PRONOUN","keyword":"여러가지 실험을"},{"st":247,"ancestor":"7-5","proIdx":3,"en":248,"cwStateCd":"FIXED","cwSelIdx":25,"type":"PRONOUN","keyword":"그는"},{"st":292,"ancestor":"7-5","proIdx":4,"en":293,"cwStateCd":"FIXED","cwSelIdx":25,"type":"PRONOUN","keyword":"그의"},{"st":292,"ancestor":"-2","proIdx":5,"en":296,"cwStateCd":"FIXED","cwSelIdx":[],"type":"PRONOUN","keyword":"그의 동생"},{"st":292,"ancestor":"-2","proIdx":6,"en":335,"cwStateCd":"FIXED","cwSelIdx":[],"type":"PRONOUN","keyword":"그의 동생 [윌_키스] <켈로그_(기업)>(Will Keith Kellogg)와"}],"mentionTagged":"[켈로그]의 설립과 콘플레이크의 탄생 시리얼 초기 역사에는 [제칠일안식일예수재림교회]의 영향이 컸으며, 이 곳을 통하여 시리얼 상품 개발에 큰 영향을 준 인물로 [존 하비 켈로그]가 있다. [켈로그]는 [제칠일안식일예수재림교회]의 창립자 [앨런 G. 화이트]가 설립한 [배틀크리크] [요양소]에 고용되었는데, [켈로그]는 요양소에서 채식 요법을 보완하기 위해 곡물을 가지고 여러가지 실험을 하였다. [1891년] 그는 특허를 취득하였고, [1895년]에 곡물을 이용한 플레이크를 만들어냈으며, 그의 동생 [윌 키스] [켈로그](Will Keith Kellogg)와 [1906년] [켈로그]사를 설립하게 된다."}