{"entityTagged":"[1924년] [12월_16일] [임시정부] 내무총장이 되었으며, [1925년] [10월]에는 국무위원 겸 재무부장이 됐다. [1930년] [1월] [독립투쟁전선통일]을 목표로 [김구]·[조완구] 등과 함께 [한국독립당](韓國獨立黨)을 창당, 조직하는데 참여하였고 [한독당] 총무이사로 피선되었다. <이봉창>, [윤봉길] 거사 이후[1933년] [3월] [상하이]에서 일본영사관 경찰에게 체포되어 <한반도>로 송환, [신의주지방법원]에서 징역 3년형을 선고받았다.","globalSId":[1523341,1523342,1523343],"entities":[{"kbox_types":["Year","Agent","EducationalInstitution","TimePeriod","Organisation","University"],"st":0,"en_mention":5,"ancestor":"","eIdx":0,"st_mention":0,"en":7,"ne_type":"TIME","keyword":"[1924년]","e_type":"WIKILINK"},{"kbox_types":["NULL"],"st":8,"en_mention":13,"ancestor":"","eIdx":1,"st_mention":6,"en":17,"ne_type":"TIME","keyword":"[12월_16일]","e_type":"WIKILINK"},{"kbox_types":["NULL"],"st":18,"en_mention":18,"ancestor":"","eIdx":2,"st_mention":14,"en":24,"ne_type":"ETC","keyword":"[임시정부]","e_type":"WIKILINK"},{"kbox_types":["Year","TimePeriod"],"st":37,"en_mention":36,"ancestor":"","eIdx":3,"st_mention":31,"en":44,"ne_type":"TIME","keyword":"[1925년]","e_type":"WIKILINK"},{"kbox_types":["NULL"],"st":45,"en_mention":40,"ancestor":"","eIdx":4,"st_mention":37,"en":50,"ne_type":"TIME","keyword":"[10월]","e_type":"WIKILINK"},{"kbox_types":["Year","TimePeriod"],"st":70,"en_mention":65,"ancestor":"","eIdx":5,"st_mention":60,"en":77,"ne_type":"TIME","keyword":"[1930년]","e_type":"WIKILINK"},{"kbox_types":["NULL"],"st":78,"en_mention":68,"ancestor":"-2","eIdx":6,"st_mention":66,"en":82,"ne_type":"TIME","keyword":"[1월]","e_type":"NEW"},{"kbox_types":["NULL"],"st":83,"en_mention":77,"ancestor":"-2","eIdx":7,"st_mention":69,"en":93,"ne_type":"ETC","keyword":"[독립투쟁전선통일]","e_type":"NEW"},{"kbox_types":["Politician","Agent","Person","President"],"st":99,"en_mention":85,"ancestor":"","eIdx":8,"st_mention":83,"en":103,"ne_type":"PERSON","keyword":"[김구]","e_type":"WIKILINK"},{"kbox_types":["Agent","Person"],"st":104,"en_mention":89,"ancestor":"","eIdx":9,"st_mention":86,"en":109,"ne_type":"PERSON","keyword":"[조완구]","e_type":"WIKILINK"},{"kbox_types":["Agent","PoliticalParty","Organisation"],"st":116,"en_mention":101,"ancestor":"","eIdx":10,"st_mention":96,"en":123,"ne_type":"ORGANIZATION","keyword":"[한국독립당]","e_type":"WIKILINK"},{"kbox_types":["NULL"],"st":148,"en_mention":129,"ancestor":"7-10","eIdx":11,"st_mention":126,"en":153,"ne_type":"ORGANIZATION","keyword":"[한독당]","e_type":"NEW"},{"kbox_types":["Agent","Person"],"st":167,"en_mention":146,"ancestor":"","eIdx":12,"st_mention":143,"en":172,"ne_type":"PERSON","keyword":"<이봉창>","e_type":"ELU"},{"kbox_types":["Writer","Agent","Person"],"st":174,"en_mention":151,"ancestor":"-2","eIdx":13,"st_mention":148,"en":179,"ne_type":"PERSON","keyword":"[윤봉길]","e_type":"NEW"},{"kbox_types":["Year","TimePeriod"],"st":185,"en_mention":162,"ancestor":"","eIdx":14,"st_mention":157,"en":192,"ne_type":"TIME","keyword":"[1933년]","e_type":"WIKILINK"},{"kbox_types":["NULL"],"st":193,"en_mention":165,"ancestor":"","eIdx":15,"st_mention":163,"en":197,"ne_type":"TIME","keyword":"[3월]","e_type":"WIKILINK"},{"kbox_types":["Place","PopulatedPlace","Settlement"],"st":198,"en_mention":169,"ancestor":"","eIdx":16,"st_mention":166,"en":203,"ne_type":"LOCATION","keyword":"[상하이]","e_type":"WIKILINK"},{"kbox_types":["Place"],"st":222,"en_mention":191,"ancestor":"","eIdx":17,"st_mention":188,"en":227,"ne_type":"LOCATION","keyword":"<한반도>","e_type":"ELU"},{"kbox_types":["NULL"],"st":233,"en_mention":204,"ancestor":"-2","eIdx":18,"st_mention":197,"en":242,"ne_type":"ORGANIZATION","keyword":"[신의주지방법원]","e_type":"NEW"}],"wikiPageId":269393,"pIdx":7,"plainText":"1924년 12월 16일 임시정부 내무총장이 되었으며, 1925년 10월에는 국무위원 겸 재무부장이 됐다. 1930년 1월 독립투쟁전선통일을 목표로 김구·조완구 등과 함께 한국독립당(韓國獨立黨)을 창당, 조직하는데 참여하였고 한독당 총무이사로 피선되었다. 이봉창, 윤봉길 거사 이후1933년 3월 상하이에서 일본영사관 경찰에게 체포되어 한반도로 송환, 신의주지방법원에서 징역 3년형을 선고받았다.","mentionTagged":"[1924년] [12월 16일] [임시정부] 내무총장이 되었으며, [1925년] [10월]에는 국무위원 겸 재무부장이 됐다. [1930년] [1월] [독립투쟁전선통일]을 목표로 [김구]·[조완구] 등과 함께 [한국독립당](韓國獨立黨)을 창당, 조직하는데 참여하였고 [한독당] 총무이사로 피선되었다. [이봉창], [윤봉길] 거사 이후[1933년] [3월] [상하이]에서 일본영사관 경찰에게 체포되어 [한반도]로 송환, [신의주지방법원]에서 징역 3년형을 선고받았다."}