{"entityTagged":"<무순류>(無楯類, Aplysiomorpha)는 \"[바다 토끼]\"라고 불리는 군소류([군소속](\"Aplysia\") 종 및 관련 속)로 알려진, 단백질로 만들어진 부드러운 내부 조가비를 갖고 있는 중간 크기부터 아주 큰 [후새류]까지의 [복족류]를 일컫는 용어이다. [군소상과]와 [아케라상과]로 이루어진 [해양] [복족류] [연체동물]이다.","globalSId":[2733608,2733609],"entities":[{"kbox_types":["Animal","Species","TopicalConcept","Taxon","Eukaryote","Mollusca"],"st":0,"en_mention":3,"ancestor":"","eIdx":0,"st_mention":0,"en":5,"ne_type":"ETC","keyword":"<무순류>","e_type":"ELU"},{"kbox_types":["NULL"],"st":28,"en_mention":31,"ancestor":"1-0","eIdx":1,"st_mention":26,"en":35,"ne_type":"ETC","keyword":"[바다 토끼]","e_type":"NEW"},{"kbox_types":["NULL"],"st":47,"en_mention":46,"ancestor":"","eIdx":2,"st_mention":43,"en":52,"ne_type":"ETC","keyword":"[군소속]","e_type":"WIKILINK"},{"kbox_types":["Animal","Species","TopicalConcept","Taxon","Eukaryote","Mollusca"],"st":122,"en_mention":119,"ancestor":"","eIdx":3,"st_mention":116,"en":127,"ne_type":"ETC","keyword":"[후새류]","e_type":"WIKILINK"},{"kbox_types":["Animal","Species","TopicalConcept","Taxon","Eukaryote"],"st":131,"en_mention":126,"ancestor":"","eIdx":4,"st_mention":123,"en":136,"ne_type":"ETC","keyword":"[복족류]","e_type":"WIKILINK"},{"kbox_types":["NULL"],"st":148,"en_mention":142,"ancestor":"","eIdx":5,"st_mention":138,"en":154,"ne_type":"ETC","keyword":"[군소상과]","e_type":"WIKILINK"},{"kbox_types":["NULL"],"st":156,"en_mention":149,"ancestor":"","eIdx":6,"st_mention":144,"en":163,"ne_type":"ETC","keyword":"[아케라상과]","e_type":"WIKILINK"},{"kbox_types":["NULL"],"st":170,"en_mention":158,"ancestor":"","eIdx":7,"st_mention":156,"en":174,"ne_type":"ETC","keyword":"[해양]","e_type":"WIKILINK"},{"kbox_types":["Animal","Species","TopicalConcept","Taxon","Eukaryote"],"st":175,"en_mention":162,"ancestor":"","eIdx":8,"st_mention":159,"en":180,"ne_type":"ETC","keyword":"[복족류]","e_type":"WIKILINK"},{"kbox_types":["Animal","Species","TopicalConcept","Taxon","Eukaryote"],"st":181,"en_mention":167,"ancestor":"","eIdx":9,"st_mention":163,"en":187,"ne_type":"ETC","keyword":"[연체동물]","e_type":"WIKILINK"}],"wikiPageId":756127,"pIdx":1,"plainText":"무순류(無楯類, Aplysiomorpha)는 \"바다 토끼\"라고 불리는 군소류(군소속(\"Aplysia\") 종 및 관련 속)로 알려진, 단백질로 만들어진 부드러운 내부 조가비를 갖고 있는 중간 크기부터 아주 큰 후새류까지의 복족류를 일컫는 용어이다. 군소상과와 아케라상과로 이루어진 해양 복족류 연체동물이다.","mentionTagged":"[무순류](無楯類, Aplysiomorpha)는 \"[바다 토끼]\"라고 불리는 군소류([군소속](\"Aplysia\") 종 및 관련 속)로 알려진, 단백질로 만들어진 부드러운 내부 조가비를 갖고 있는 중간 크기부터 아주 큰 [후새류]까지의 [복족류]를 일컫는 용어이다. [군소상과]와 [아케라상과]로 이루어진 [해양] [복족류] [연체동물]이다."}