{"entityTagged":"[에도_시대]에는 [나가오카_번_(에치고노쿠니)]의 성시였고, 현재에 이르기까지 [니가타 현] 육지부의 중앙부인 [주에쓰](中越) 지방의 중심 도시로서 발전해 왔다. [다나카_가쿠에이] 전 총리와 그 딸인 [다나카_마키코] 전 외무대신의 [선거구]이기도 한다. 불꽃 왕국으로서 유명하고 시의 중심을 흐르는 [시나노_강]에서는 매년 [8월_13일]에 [나가오카 축제]가 열린다.","globalSId":[435109,435110,435111],"entities":[{"kbox_types":["HistoricalPeriod","MilitaryConflict","Event","TimePeriod","SocietalEvent"],"st":0,"en_mention":5,"ancestor":"","eIdx":0,"st_mention":0,"en":7,"ne_type":"ETC","keyword":"[에도_시대]","e_type":"WIKILINK"},{"kbox_types":["NULL"],"st":10,"en_mention":14,"ancestor":"","eIdx":1,"st_mention":8,"en":27,"ne_type":"ETC","keyword":"[나가오카_번_(에치고노쿠니)]","e_type":"WIKILINK"},{"kbox_types":["Region","PopulatedPlace","AdministrativeRegion","Place","AdministrativeRegion"],"st":45,"en_mention":37,"ancestor":"-2","eIdx":2,"st_mention":32,"en":52,"ne_type":"LOCATION","keyword":"[니가타 현]","e_type":"NEW"},{"kbox_types":["NULL"],"st":63,"en_mention":51,"ancestor":"-2","eIdx":3,"st_mention":48,"en":68,"ne_type":"LOCATION","keyword":"[주에쓰]","e_type":"NEW"},{"kbox_types":["Politician","Agent","Person","OfficeHolder","President"],"st":93,"en_mention":84,"ancestor":"","eIdx":4,"st_mention":76,"en":103,"ne_type":"PERSON","keyword":"[다나카_가쿠에이]","e_type":"WIKILINK"},{"kbox_types":["Agent","Person","OfficeHolder"],"st":115,"en_mention":103,"ancestor":"","eIdx":5,"st_mention":96,"en":124,"ne_type":"PERSON","keyword":"[다나카_마키코]","e_type":"WIKILINK"},{"kbox_types":["NULL"],"st":133,"en_mention":115,"ancestor":"","eIdx":6,"st_mention":112,"en":138,"ne_type":"ETC","keyword":"[선거구]","e_type":"WIKILINK"},{"kbox_types":["River","Place","River","BodyOfWater","Stream","NaturalPlace"],"st":171,"en_mention":153,"ancestor":"","eIdx":7,"st_mention":148,"en":178,"ne_type":"LOCATION","keyword":"[시나노_강]","e_type":"WIKILINK"},{"kbox_types":["NULL"],"st":185,"en_mention":166,"ancestor":"","eIdx":8,"st_mention":160,"en":193,"ne_type":"TIME","keyword":"[8월_13일]","e_type":"WIKILINK"},{"kbox_types":["NULL"],"st":195,"en_mention":175,"ancestor":"-2","eIdx":9,"st_mention":168,"en":204,"ne_type":"ETC","keyword":"[나가오카 축제]","e_type":"NEW"}],"wikiPageId":45781,"pIdx":2,"plainText":"에도 시대에는 나가오카 번의 성시였고, 현재에 이르기까지 니가타 현 육지부의 중앙부인 주에쓰(中越) 지방의 중심 도시로서 발전해 왔다. 다나카 가쿠에이 전 총리와 그 딸인 다나카 마키코 전 외무대신의 선거구이기도 한다. 불꽃 왕국으로서 유명하고 시의 중심을 흐르는 시나노 강에서는 매년 8월 13일에 나가오카 축제가 열린다.","pronouns":[{"st":45,"ancestor":"-2","proIdx":0,"en":51,"cwStateCd":"FIXED","cwSelIdx":[],"type":"PRONOUN","keyword":"[니가타_현]"},{"st":45,"ancestor":"-2","proIdx":1,"en":56,"cwStateCd":"FIXED","cwSelIdx":[],"type":"PRONOUN","keyword":"[니가타_현] 육지부의"},{"st":45,"ancestor":"-2","proIdx":2,"en":61,"cwStateCd":"FIXED","cwSelIdx":[],"type":"PRONOUN","keyword":"[니가타_현] 육지부의 중앙부인"},{"st":45,"ancestor":"-2","proIdx":3,"en":75,"cwStateCd":"FIXED","cwSelIdx":[],"type":"PRONOUN","keyword":"[니가타_현] 육지부의 중앙부인 [주에쓰](中越) 지방의"},{"st":45,"ancestor":"-2","proIdx":4,"en":83,"cwStateCd":"FIXED","cwSelIdx":[],"type":"PRONOUN","keyword":"[니가타_현] 육지부의 중앙부인 [주에쓰](中越) 지방의 중심 도시로서"},{"st":110,"ancestor":"-2","proIdx":5,"en":113,"cwStateCd":"FIXED","cwSelIdx":[],"type":"PRONOUN","keyword":"그 딸인"},{"st":110,"ancestor":"-2","proIdx":6,"en":123,"cwStateCd":"FIXED","cwSelIdx":[],"type":"PRONOUN","keyword":"그 딸인 [다나카_마키코]"},{"st":110,"ancestor":"-2","proIdx":7,"en":131,"cwStateCd":"FIXED","cwSelIdx":[],"type":"PRONOUN","keyword":"그 딸인 [다나카_마키코] 전 외무대신의"},{"st":110,"ancestor":"-2","proIdx":8,"en":140,"cwStateCd":"FIXED","cwSelIdx":[],"type":"PRONOUN","keyword":"그 딸인 [다나카_마키코] 전 외무대신의 [선거구]이기도"}],"mentionTagged":"[에도 시대]에는 [나가오카 번]의 성시였고, 현재에 이르기까지 [니가타 현] 육지부의 중앙부인 [주에쓰](中越) 지방의 중심 도시로서 발전해 왔다. [다나카 가쿠에이] 전 총리와 그 딸인 [다나카 마키코] 전 외무대신의 [선거구]이기도 한다. 불꽃 왕국으로서 유명하고 시의 중심을 흐르는 [시나노 강]에서는 매년 [8월 13일]에 [나가오카 축제]가 열린다."}