{"entityTagged":"[이색]도 역시 [창]을 옹립하려고 당연히 전 왕의 아들로 왕을 삼아야 한다고 응답했다. [조선_태조]가 <조민수>에게, 회군 때 했던 말은 어떻게 되었는가하고 힐문하자 <조민수>가 얼굴빛이 변하며, [이색]이 이미 원자를 세우기로 결정했으니 어찌 어길 수 있겠는가라고 변명하며 결국 [창]을 왕으로 옹립했다. 이렇게 [고려_우왕]을 폐하고 [고려_창왕]을 세우는 데 중요구실을 하여 [충근양절선위동덕안사공신](忠勤亮節宣威同德安社功臣)에 [양광전라경상서해교주도도통사](楊廣全羅慶尙西海交州道都統使)가 되었다.","globalSId":[1551958,1551959,1551960],"entities":[{"kbox_types":["Agent","Person"],"st":0,"en_mention":2,"ancestor":"","eIdx":0,"st_mention":0,"en":4,"ne_type":"PERSON","keyword":"[이색]","e_type":"WIKILINK"},{"kbox_types":["NULL"],"st":9,"en_mention":8,"ancestor":"5-13","eIdx":1,"st_mention":7,"en":12,"ne_type":"PERSON","keyword":"[창]","e_type":"NEW"},{"kbox_types":["Monarch","Agent","Person"],"st":50,"en_mention":49,"ancestor":"","eIdx":2,"st_mention":46,"en":57,"ne_type":"PERSON","keyword":"[조선_태조]","e_type":"WIKILINK"},{"kbox_types":["Agent","Person","MilitaryPerson"],"st":59,"en_mention":54,"ancestor":"","eIdx":3,"st_mention":51,"en":64,"ne_type":"PERSON","keyword":"<조민수>","e_type":"ELU"},{"kbox_types":["Agent","Person","MilitaryPerson"],"st":95,"en_mention":88,"ancestor":"","eIdx":4,"st_mention":85,"en":100,"ne_type":"PERSON","keyword":"<조민수>","e_type":"ELU"},{"kbox_types":["Agent","Person"],"st":112,"en_mention":102,"ancestor":"","eIdx":5,"st_mention":100,"en":116,"ne_type":"PERSON","keyword":"[이색]","e_type":"WIKILINK"},{"kbox_types":["NULL"],"st":159,"en_mention":146,"ancestor":"6-1","eIdx":6,"st_mention":145,"en":162,"ne_type":"PERSON","keyword":"[창]","e_type":"NEW"},{"kbox_types":["Monarch","Agent","Person"],"st":178,"en_mention":164,"ancestor":"","eIdx":7,"st_mention":162,"en":185,"ne_type":"PERSON","keyword":"[고려_우왕]","e_type":"WIKILINK"},{"kbox_types":["Monarch","Agent","Person"],"st":191,"en_mention":172,"ancestor":"","eIdx":8,"st_mention":170,"en":198,"ne_type":"PERSON","keyword":"[고려_창왕]","e_type":"WIKILINK"},{"kbox_types":["NULL"],"st":215,"en_mention":201,"ancestor":"-1","eIdx":9,"st_mention":189,"en":229,"ne_type":"ETC","keyword":"[충근양절선위동덕안사공신]","e_type":"NEW"},{"kbox_types":["NULL"],"st":245,"en_mention":231,"ancestor":"-1","eIdx":10,"st_mention":217,"en":261,"ne_type":"ETC","keyword":"[양광전라경상서해교주도도통사]","e_type":"NEW"}],"wikiPageId":276535,"pIdx":6,"plainText":"이색도 역시 창을 옹립하려고 당연히 전 왕의 아들로 왕을 삼아야 한다고 응답했다. 이성계가 조민수에게, 회군 때 했던 말은 어떻게 되었는가하고 힐문하자 조민수가 얼굴빛이 변하며, 이색이 이미 원자를 세우기로 결정했으니 어찌 어길 수 있겠는가라고 변명하며 결국 창을 왕으로 옹립했다. 이렇게 우왕을 폐하고 창왕을 세우는 데 중요구실을 하여 충근양절선위동덕안사공신(忠勤亮節宣威同德安社功臣)에 양광전라경상서해교주도도통사(楊廣全羅慶尙西海交州道都統使)가 되었다.","pronouns":[],"mentionTagged":"[이색]도 역시 [창]을 옹립하려고 당연히 전 왕의 아들로 왕을 삼아야 한다고 응답했다. [이성계]가 [조민수]에게, 회군 때 했던 말은 어떻게 되었는가하고 힐문하자 [조민수]가 얼굴빛이 변하며, [이색]이 이미 원자를 세우기로 결정했으니 어찌 어길 수 있겠는가라고 변명하며 결국 [창]을 왕으로 옹립했다. 이렇게 [우왕]을 폐하고 [창왕]을 세우는 데 중요구실을 하여 [충근양절선위동덕안사공신](忠勤亮節宣威同德安社功臣)에 [양광전라경상서해교주도도통사](楊廣全羅慶尙西海交州道都統使)가 되었다."}