{"entityTagged":"[국립행정학교](, ENA)는 [프랑스]가 고급공무원 양성을 목적으로 세운 [그랑제콜]으로 처음에는 파리에 있었으나 [1991년] <스트라스부르>로 이전, 현재 [스트라스부르]에 위치해있다. [1945년] [샤를_드_골]에 의해 [파리]에 세워졌다.","globalSId":[871805,871806],"entities":[{"kbox_types":["University","Agent","EducationalInstitution","Organisation"],"st":0,"en_mention":6,"ancestor":"-2","eIdx":0,"st_mention":0,"en":8,"ne_type":"ORGANIZATION","keyword":"[국립행정학교]","e_type":"NEW"},{"kbox_types":["Country","PopulatedPlace","Settlement","PopulatedPlace","Place"],"st":17,"en_mention":21,"ancestor":"","eIdx":1,"st_mention":15,"en":22,"ne_type":"LOCATION","keyword":"[프랑스]","e_type":"WIKILINK"},{"kbox_types":["Organisation","Agent","School","EducationalInstitution"],"st":42,"en_mention":45,"ancestor":"","eIdx":2,"st_mention":41,"en":48,"ne_type":"ORGANIZATION","keyword":"[그랑제콜]","e_type":"WIKILINK"},{"kbox_types":["Year","Language","TimePeriod"],"st":65,"en_mention":67,"ancestor":"-2","eIdx":3,"st_mention":62,"en":72,"ne_type":"TIME","keyword":"[1991년]","e_type":"NEW"},{"kbox_types":["PopulatedPlace","Settlement","PopulatedPlace","Place"],"st":73,"en_mention":74,"ancestor":"","eIdx":4,"st_mention":68,"en":81,"ne_type":"LOCATION","keyword":"<스트라스부르>","e_type":"ELU"},{"kbox_types":["PopulatedPlace","Settlement","PopulatedPlace","Place"],"st":90,"en_mention":89,"ancestor":"","eIdx":5,"st_mention":83,"en":98,"ne_type":"LOCATION","keyword":"[스트라스부르]","e_type":"WIKILINK"},{"kbox_types":["Year","TimePeriod"],"st":107,"en_mention":103,"ancestor":"","eIdx":6,"st_mention":98,"en":114,"ne_type":"TIME","keyword":"[1945년]","e_type":"WIKILINK"},{"kbox_types":["Politician","Agent","Person","OfficeHolder","President"],"st":115,"en_mention":110,"ancestor":"","eIdx":7,"st_mention":104,"en":123,"ne_type":"PERSON","keyword":"[샤를_드_골]","e_type":"WIKILINK"},{"kbox_types":["NULL"],"st":128,"en_mention":117,"ancestor":"-2","eIdx":8,"st_mention":115,"en":132,"ne_type":"LOCATION","keyword":"[파리]","e_type":"NEW"}],"wikiPageId":119197,"pIdx":1,"plainText":"국립행정학교(, ENA)는 프랑스 정부가 고급공무원 양성을 목적으로 세운 그랑제콜으로 처음에는 파리에 있었으나 1991년 스트라스부르로 이전, 현재 스트라스부르에 위치해있다. 1945년 샤를 드 골에 의해 파리에 세워졌다.","mentionTagged":"[국립행정학교](, ENA)는 [프랑스 정부]가 고급공무원 양성을 목적으로 세운 [그랑제콜]으로 처음에는 파리에 있었으나 [1991년] [스트라스부르]로 이전, 현재 [스트라스부르]에 위치해있다. [1945년] [샤를 드 골]에 의해 [파리]에 세워졌다."}