{"entityTagged":"그리스인들의 왕 [알렉산드로스 1세]([그리스어]: Αλέξανδρος Α΄, Βασιλεὺς τῶν Ἑλλήνων, [1893년] [8월 1일] ~ [1920년] [10월 25일])은 [1917년]에서 [1920년] 사이에 군림한 [그리스_왕국]의 왕이다. [1917년] [콘스탄티노스_1세]는 국무 총리 [엘레프테리오스_베니젤로스]와 외교 정책 문제로 갈등을 빚었고 왕세자 [요르요스_2세]와 망명했다. 차남인 <알렉산드로스_3세>가 왕위를 물려받았으나 정치적인 실권은 여전히 <엘레프테리오스_베니젤로스>에게 있었다. [1919년] [11월_4일] 그는 [파나리오테스] 출신의 [아스파시아_마노스]와 결혼했고, 자신들의 결혼이 합법적임을 인정받고 나서야 <그리스>로 돌아왔다. 그는 [1920년] 산책 도중에 애완용 <원숭이> 두 마리에 물려 생긴 <패혈증>에 의한 감염으로 [아테네]에서 죽었다. 그의 사후 아버지 [콘스탄티노스_1세]가 다시 국왕으로 즉위했다.","globalSId":[1937392,1937393,1937394,1937395,1937396,1937397],"entities":[{"kbox_types":["NULL"],"st":9,"en_mention":18,"ancestor":"-2","eIdx":0,"st_mention":9,"en":20,"ne_type":"PERSON","keyword":"[알렉산드로스 1세]","e_type":"NEW"},{"kbox_types":["Language"],"st":21,"en_mention":23,"ancestor":"","eIdx":1,"st_mention":19,"en":27,"ne_type":"ETC","keyword":"[그리스어]","e_type":"WIKILINK"},{"kbox_types":["Year","TimePeriod"],"st":66,"en_mention":67,"ancestor":"-2","eIdx":2,"st_mention":62,"en":73,"ne_type":"TIME","keyword":"[1893년]","e_type":"NEW"},{"kbox_types":["NULL"],"st":74,"en_mention":73,"ancestor":"-2","eIdx":3,"st_mention":68,"en":81,"ne_type":"TIME","keyword":"[8월 1일]","e_type":"NEW"},{"kbox_types":["Year","TimePeriod"],"st":84,"en_mention":81,"ancestor":"-2","eIdx":4,"st_mention":76,"en":91,"ne_type":"TIME","keyword":"[1920년]","e_type":"NEW"},{"kbox_types":["NULL"],"st":92,"en_mention":89,"ancestor":"-2","eIdx":5,"st_mention":82,"en":101,"ne_type":"TIME","keyword":"[10월 25일]","e_type":"NEW"},{"kbox_types":["Year","TimePeriod"],"st":104,"en_mention":97,"ancestor":"-2","eIdx":6,"st_mention":92,"en":111,"ne_type":"TIME","keyword":"[1917년]","e_type":"NEW"},{"kbox_types":["Year","TimePeriod"],"st":114,"en_mention":105,"ancestor":"-2","eIdx":7,"st_mention":100,"en":121,"ne_type":"TIME","keyword":"[1920년]","e_type":"NEW"},{"kbox_types":["Country","PopulatedPlace","PopulatedPlace","Place"],"st":130,"en_mention":120,"ancestor":"","eIdx":8,"st_mention":114,"en":138,"ne_type":"LOCATION","keyword":"[그리스_왕국]","e_type":"WIKILINK"},{"kbox_types":["Year","TimePeriod"],"st":145,"en_mention":132,"ancestor":"","eIdx":9,"st_mention":127,"en":152,"ne_type":"TIME","keyword":"[1917년]","e_type":"WIKILINK"},{"kbox_types":["Royalty","BritishRoyalty","Agent","Person"],"st":153,"en_mention":142,"ancestor":"","eIdx":10,"st_mention":133,"en":164,"ne_type":"PERSON","keyword":"[콘스탄티노스_1세]","e_type":"WIKILINK"},{"kbox_types":["Politician","Agent","Person","OfficeHolder","President"],"st":172,"en_mention":155,"ancestor":"","eIdx":11,"st_mention":150,"en":187,"ne_type":"PERSON","keyword":"[엘레프테리오스_베니젤로스]","e_type":"WIKILINK"},{"kbox_types":["Royalty","Monarch","BritishRoyalty","Agent","Person"],"st":211,"en_mention":186,"ancestor":"","eIdx":12,"st_mention":179,"en":220,"ne_type":"PERSON","keyword":"[요르요스_2세]","e_type":"WIKILINK"},{"kbox_types":["NULL"],"st":232,"en_mention":204,"ancestor":"","eIdx":13,"st_mention":198,"en":243,"ne_type":"ETC","keyword":"<알렉산드로스_3세>","e_type":"ELU"},{"kbox_types":["Politician","Agent","Person","OfficeHolder","President"],"st":269,"en_mention":235,"ancestor":"","eIdx":14,"st_mention":230,"en":284,"ne_type":"PERSON","keyword":"<엘레프테리오스_베니젤로스>","e_type":"ELU"},{"kbox_types":["Year","Agent","EducationalInstitution","TimePeriod","Organisation","University"],"st":292,"en_mention":248,"ancestor":"","eIdx":15,"st_mention":243,"en":299,"ne_type":"TIME","keyword":"[1919년]","e_type":"WIKILINK"},{"kbox_types":["NULL"],"st":300,"en_mention":255,"ancestor":"","eIdx":16,"st_mention":249,"en":308,"ne_type":"TIME","keyword":"[11월_4일]","e_type":"WIKILINK"},{"kbox_types":["EthnicGroup"],"st":312,"en_mention":265,"ancestor":"-2","eIdx":17,"st_mention":259,"en":320,"ne_type":"LOCATION","keyword":"[파나리오테스]","e_type":"NEW"},{"kbox_types":["NULL"],"st":325,"en_mention":279,"ancestor":"","eIdx":18,"st_mention":270,"en":336,"ne_type":"ETC","keyword":"[아스파시아_마노스]","e_type":"WIKILINK"},{"kbox_types":["Country","PopulatedPlace","Settlement","PopulatedPlace","Place"],"st":368,"en_mention":314,"ancestor":"","eIdx":19,"st_mention":311,"en":373,"ne_type":"LOCATION","keyword":"<그리스>","e_type":"ELU"},{"kbox_types":["Year","TimePeriod"],"st":384,"en_mention":330,"ancestor":"","eIdx":20,"st_mention":325,"en":391,"ne_type":"TIME","keyword":"[1920년]","e_type":"WIKILINK"},{"kbox_types":["Animal","Species","Eukaryote","Mammal"],"st":403,"en_mention":345,"ancestor":"","eIdx":21,"st_mention":342,"en":408,"ne_type":"ETC","keyword":"<원숭이>","e_type":"ELU"},{"kbox_types":["Disease"],"st":421,"en_mention":361,"ancestor":"","eIdx":22,"st_mention":358,"en":426,"ne_type":"ETC","keyword":"<패혈증>","e_type":"ELU"},{"kbox_types":["Region","PopulatedPlace","AdministrativeRegion","Place","Settlement","City","AdministrativeRegion"],"st":436,"en_mention":374,"ancestor":"","eIdx":23,"st_mention":371,"en":441,"ne_type":"LOCATION","keyword":"[아테네]","e_type":"WIKILINK"},{"kbox_types":["Royalty","BritishRoyalty","Agent","Person"],"st":459,"en_mention":401,"ancestor":"","eIdx":24,"st_mention":392,"en":470,"ne_type":"PERSON","keyword":"[콘스탄티노스_1세]","e_type":"WIKILINK"}],"wikiPageId":396616,"pIdx":1,"plainText":"그리스인들의 왕 알렉산드로스 1세(그리스어: Αλέξανδρος Α΄, Βασιλεὺς τῶν Ἑλλήνων, 1893년 8월 1일 ~ 1920년 10월 25일)은 1917년에서 1920년 사이에 군림한 그리스 왕국의 왕이다. 1917년 콘스탄티노스 1세는 국무 총리 베니젤로스와 외교 정책 문제로 갈등을 빚었고 왕세자 요르요스 2세와 망명했다. 차남인 알렉산드로스가 왕위를 물려받았으나 정치적인 실권은 여전히 베니젤로스에게 있었다. 1919년 11월 4일 그는 파나리오테스 출신의 아스파시아 마노스와 결혼했고, 자신들의 결혼이 합법적임을 인정받고 나서야 그리스로 돌아왔다. 그는 1920년 산책 도중에 애완용 원숭이 두 마리에 물려 생긴 패혈증에 의한 감염으로 아테네에서 죽었다. 그의 사후 아버지 콘스탄티노스 1세가 다시 국왕으로 즉위했다.","pronouns":[{"st":309,"ancestor":"1-1","proIdx":0,"en":309,"cwStateCd":"FIXED","cwSelIdx":2,"type":"PRONOUN","keyword":"그"},{"st":344,"ancestor":"-1","proIdx":1,"en":347,"cwStateCd":"FIXED","cwSelIdx":[],"type":"PRONOUN","keyword":"자신들의"},{"st":344,"ancestor":"-1","proIdx":2,"en":351,"cwStateCd":"FIXED","cwSelIdx":[],"type":"PRONOUN","keyword":"자신들의 결혼이"},{"st":312,"ancestor":"-1","proIdx":3,"en":357,"cwStateCd":"FIXED","cwSelIdx":[],"type":"PRONOUN","keyword":"[파나리오테스] 출신의 [아스파시아_마노스]와 결혼했고, 자신들의 결혼이 합법적임을"},{"st":381,"ancestor":"1-1","proIdx":4,"en":382,"cwStateCd":"FIXED","cwSelIdx":2,"type":"PRONOUN","keyword":"그는"},{"st":449,"ancestor":"1-1","proIdx":5,"en":450,"cwStateCd":"FIXED","cwSelIdx":2,"type":"PRONOUN","keyword":"그의"},{"st":449,"ancestor":"1-10","proIdx":6,"en":457,"cwStateCd":"FIXED","cwSelIdx":20,"type":"PRONOUN","keyword":"그의 사후 아버지"},{"st":449,"ancestor":"1-10","proIdx":7,"en":470,"cwStateCd":"FIXED","cwSelIdx":20,"type":"PRONOUN","keyword":"그의 사후 아버지 [콘스탄티노스_1세]가"}],"mentionTagged":"그리스인들의 왕 [알렉산드로스 1세]([그리스어]: Αλέξανδρος Α΄, Βασιλεὺς τῶν Ἑλλήνων, [1893년] [8월 1일] ~ [1920년] [10월 25일])은 [1917년]에서 [1920년] 사이에 군림한 [그리스 왕국]의 왕이다. [1917년] [콘스탄티노스 1세]는 국무 총리 [베니젤로스]와 외교 정책 문제로 갈등을 빚었고 왕세자 [요르요스 2세]와 망명했다. 차남인 [알렉산드로스]가 왕위를 물려받았으나 정치적인 실권은 여전히 [베니젤로스]에게 있었다. [1919년] [11월 4일] 그는 [파나리오테스] 출신의 [아스파시아 마노스]와 결혼했고, 자신들의 결혼이 합법적임을 인정받고 나서야 [그리스]로 돌아왔다. 그는 [1920년] 산책 도중에 애완용 [원숭이] 두 마리에 물려 생긴 [패혈증]에 의한 감염으로 [아테네]에서 죽었다. 그의 사후 아버지 [콘스탄티노스 1세]가 다시 국왕으로 즉위했다."}