{"entityTagged":"<메이오_세츠나>()(한명: <이사벨_1세>)는, [타케우치_나오코]의 만화작품인 《[미소녀전사_세일러문]》에 등장하는 가공의 인물이다. TV 애니메이션 판에서 목소리를 맡은 성우로는, [일본]에서 [카와시마_치요코], [한국]에서는 [KBS]판에선 [이선]이, [대원방송] 재더빙판에서는 [박고운]이 맡았다.","globalSId":[2428874,2428875],"entities":[{"kbox_types":["AnimangaCharacter","Agent","Person","FictionalCharacter","ComicsCharacter"],"st":0,"en_mention":7,"ancestor":"","eIdx":0,"st_mention":0,"en":9,"ne_type":"PERSON","keyword":"<메이오_세츠나>","e_type":"ELU"},{"kbox_types":["Royalty","Monarch","BritishRoyalty","Agent","Person"],"st":16,"en_mention":17,"ancestor":"","eIdx":1,"st_mention":14,"en":24,"ne_type":"PERSON","keyword":"<이사벨_1세>","e_type":"ELU"},{"kbox_types":["Writer","Agent","Person"],"st":28,"en_mention":29,"ancestor":"","eIdx":2,"st_mention":21,"en":38,"ne_type":"PERSON","keyword":"[타케우치_나오코]","e_type":"WIKILINK"},{"kbox_types":["NULL"],"st":47,"en_mention":48,"ancestor":"","eIdx":3,"st_mention":38,"en":59,"ne_type":"ETC","keyword":"[미소녀전사_세일러문]","e_type":"WIKILINK"},{"kbox_types":["Country","PopulatedPlace","PopulatedPlace","Place"],"st":104,"en_mention":95,"ancestor":"-2","eIdx":4,"st_mention":93,"en":108,"ne_type":"LOCATION","keyword":"[일본]","e_type":"NEW"},{"kbox_types":["NULL"],"st":111,"en_mention":106,"ancestor":"","eIdx":5,"st_mention":98,"en":121,"ne_type":"ETC","keyword":"[카와시마_치요코]","e_type":"WIKILINK"},{"kbox_types":["Agent","EducationalInstitution","Organisation","University"],"st":123,"en_mention":110,"ancestor":"-2","eIdx":6,"st_mention":108,"en":127,"ne_type":"LOCATION","keyword":"[한국]","e_type":"NEW"},{"kbox_types":["NULL"],"st":131,"en_mention":117,"ancestor":"-2","eIdx":7,"st_mention":114,"en":136,"ne_type":"ORGANIZATION","keyword":"[KBS]","e_type":"NEW"},{"kbox_types":["NULL"],"st":140,"en_mention":123,"ancestor":"","eIdx":8,"st_mention":121,"en":144,"ne_type":"ETC","keyword":"[이선]","e_type":"WIKILINK"},{"kbox_types":["Company","Agent","Organisation"],"st":147,"en_mention":130,"ancestor":"-2","eIdx":9,"st_mention":126,"en":153,"ne_type":"ORGANIZATION","keyword":"[대원방송]","e_type":"NEW"},{"kbox_types":["Actor","Agent","Person","VoiceActor","Artist"],"st":162,"en_mention":142,"ancestor":"","eIdx":10,"st_mention":139,"en":167,"ne_type":"PERSON","keyword":"[박고운]","e_type":"WIKILINK"}],"wikiPageId":616755,"pIdx":1,"plainText":"메이오 세츠나()(한명: 이사벨)는, 타케우치 나오코의 만화작품인 《미소녀전사 세일러문》에 등장하는 가공의 인물이다. TV 애니메이션 판에서 목소리를 맡은 성우로는, 일본에서 카와시마 치요코, 한국에서는 KBS판에선 이선이, 대원방송 재더빙판에서는 박고운이 맡았다.","mentionTagged":"[메이오 세츠나]()(한명: [이사벨])는, [타케우치 나오코]의 만화작품인 《[미소녀전사 세일러문]》에 등장하는 가공의 인물이다. TV 애니메이션 판에서 목소리를 맡은 성우로는, [일본]에서 [카와시마 치요코], [한국]에서는 [KBS]판에선 [이선]이, [대원방송] 재더빙판에서는 [박고운]이 맡았다."}