{"entityTagged":"고정 화면형의 [슈팅_게임]으로 [갤럭시안]의 속편으로 등장, 발매 당시 참신한 게임 전개로 많은 팬들을 매료시켜 오랫동안 오락실에 놓이게 되었다. 또, [패밀리_컴퓨터], [플레이스테이션] 등의 [가정용_게임기]나 [개인용_컴퓨터]로 이식이 되었으며, [1987년] [12월]에는 속편, [갤러가_'88]이 발매되었다. 합체 기능이 있어 합체하면 더 빨리 적을 제압할 수 있지만 그만큼 공격당하는 피격 범위가 넓어지므로 위험도 따른다. 레벨이 오를수록 적의 속도와 발사하는 미사일의 양도 많아진다.","globalSId":[524027,524028,524029,524030],"entities":[{"kbox_types":["MusicGenre","TopicalConcept","Genre"],"st":8,"en_mention":13,"ancestor":"","eIdx":0,"st_mention":8,"en":15,"ne_type":"ETC","keyword":"[슈팅_게임]","e_type":"WIKILINK"},{"kbox_types":["VideoGame","Software","Work"],"st":18,"en_mention":20,"ancestor":"","eIdx":1,"st_mention":16,"en":24,"ne_type":"ETC","keyword":"[갤럭시안]","e_type":"WIKILINK"},{"kbox_types":["InformationAppliance","Device"],"st":86,"en_mention":89,"ancestor":"","eIdx":2,"st_mention":82,"en":95,"ne_type":"ETC","keyword":"[패밀리_컴퓨터]","e_type":"WIKILINK"},{"kbox_types":["Company","Device","Agent","InformationAppliance","Organisation"],"st":97,"en_mention":98,"ancestor":"","eIdx":3,"st_mention":91,"en":106,"ne_type":"ORGANIZATION","keyword":"[플레이스테이션]","e_type":"WIKILINK"},{"kbox_types":["NULL"],"st":110,"en_mention":109,"ancestor":"","eIdx":4,"st_mention":102,"en":119,"ne_type":"ETC","keyword":"[가정용_게임기]","e_type":"WIKILINK"},{"kbox_types":["Software","Work"],"st":121,"en_mention":113,"ancestor":"","eIdx":5,"st_mention":111,"en":130,"ne_type":"ETC","keyword":"[개인용_컴퓨터]","e_type":"WIKILINK"},{"kbox_types":["Year","TimePeriod"],"st":142,"en_mention":130,"ancestor":"","eIdx":6,"st_mention":125,"en":149,"ne_type":"TIME","keyword":"[1987년]","e_type":"WIKILINK"},{"kbox_types":["NULL"],"st":150,"en_mention":134,"ancestor":"","eIdx":7,"st_mention":131,"en":155,"ne_type":"TIME","keyword":"[12월]","e_type":"WIKILINK"},{"kbox_types":["NULL"],"st":162,"en_mention":148,"ancestor":"","eIdx":8,"st_mention":141,"en":171,"ne_type":"ETC","keyword":"[갤러가_'88]","e_type":"WIKILINK"}],"wikiPageId":61963,"pIdx":3,"plainText":"고정 화면형의 슈팅 게임으로 갤럭시안의 속편으로 등장, 발매 당시 참신한 게임 전개로 많은 팬들을 매료시켜 오랫동안 오락실에 놓이게 되었다. 또, 패밀리 컴퓨터, 플레이스테이션 등의 가정용 게임기나 PC로 이식이 되었으며, 1987년 12월에는 속편, 갤러가 '88이 발매되었다. 합체 기능이 있어 합체하면 더 빨리 적을 제압할 수 있지만 그만큼 공격당하는 피격 범위가 넓어지므로 위험도 따른다. 레벨이 오를수록 적의 속도와 발사하는 미사일의 양도 많아진다.","pronouns":[{"st":261,"ancestor":"-1","proIdx":0,"en":272,"cwStateCd":"FIXED","cwSelIdx":[],"type":"PRONOUN","keyword":"발사하는 미사일의 양도"}],"mentionTagged":"고정 화면형의 [슈팅 게임]으로 [갤럭시안]의 속편으로 등장, 발매 당시 참신한 게임 전개로 많은 팬들을 매료시켜 오랫동안 오락실에 놓이게 되었다. 또, [패밀리 컴퓨터], [플레이스테이션] 등의 [가정용 게임기]나 [PC]로 이식이 되었으며, [1987년] [12월]에는 속편, [갤러가 '88]이 발매되었다. 합체 기능이 있어 합체하면 더 빨리 적을 제압할 수 있지만 그만큼 공격당하는 피격 범위가 넓어지므로 위험도 따른다. 레벨이 오를수록 적의 속도와 발사하는 미사일의 양도 많아진다."}