{"entityTagged":"[만갈리아]()는 [루마니아] 남동부에 위치한 [콘스탄차_주]의 도시로 면적은 62.26㎢, 높이는 20m, 인구는 33,434명(2011년 기준)이다. [콘스탄차](콘스탄차 주의 주도)에서 남쪽으로 44km 정도 떨어진 곳에 위치하며 [흑해] 연안과 접한다.","globalSId":[3513180,3513181],"entities":[{"kbox_types":["PopulatedPlace","Settlement","PopulatedPlace","Place"],"st":0,"en_mention":4,"ancestor":"-2","eIdx":0,"st_mention":0,"en":6,"ne_type":"LOCATION","keyword":"[만갈리아]","e_type":"NEW"},{"kbox_types":["Country","PopulatedPlace","PopulatedPlace","Place"],"st":10,"en_mention":12,"ancestor":"","eIdx":1,"st_mention":8,"en":16,"ne_type":"LOCATION","keyword":"[루마니아]","e_type":"WIKILINK"},{"kbox_types":["PopulatedPlace","Settlement","PopulatedPlace","Place"],"st":26,"en_mention":28,"ancestor":"","eIdx":2,"st_mention":22,"en":34,"ne_type":"LOCATION","keyword":"[콘스탄차_주]","e_type":"WIKILINK"},{"kbox_types":["PopulatedPlace","Settlement","PopulatedPlace","City","Place"],"st":86,"en_mention":84,"ancestor":"","eIdx":3,"st_mention":80,"en":92,"ne_type":"LOCATION","keyword":"[콘스탄차]","e_type":"WIKILINK"},{"kbox_types":["BodyOfWater","Place","Place","NaturalPlace"],"st":132,"en_mention":126,"ancestor":"","eIdx":4,"st_mention":124,"en":136,"ne_type":"LOCATION","keyword":"[흑해]","e_type":"WIKILINK"}],"wikiPageId":1268427,"pIdx":1,"plainText":"만갈리아()는 루마니아 남동부에 위치한 콘스탄차 주의 도시로 면적은 62.26㎢, 높이는 20m, 인구는 33,434명(2011년 기준)이다. 콘스탄차(콘스탄차 주의 주도)에서 남쪽으로 44km 정도 떨어진 곳에 위치하며 흑해 연안과 접한다.","mentionTagged":"[만갈리아]()는 [루마니아] 남동부에 위치한 [콘스탄차 주]의 도시로 면적은 62.26㎢, 높이는 20m, 인구는 33,434명(2011년 기준)이다. [콘스탄차](콘스탄차 주의 주도)에서 남쪽으로 44km 정도 떨어진 곳에 위치하며 [흑해] 연안과 접한다."}