{"entityTagged":"<하추자도>(下楸子島)는 [추자군도]에서 가장 큰 섬으로, 행정구역상 [제주특별자치도] [제주시] [추자면]에 속한다.","globalSId":[2979689],"entities":[{"kbox_types":["PopulatedPlace","Place","Island"],"st":0,"en_mention":4,"ancestor":"","eIdx":0,"st_mention":0,"en":6,"ne_type":"LOCATION","keyword":"<하추자도>","e_type":"ELU"},{"kbox_types":["PopulatedPlace","Place","Island"],"st":14,"en_mention":16,"ancestor":"","eIdx":1,"st_mention":12,"en":20,"ne_type":"LOCATION","keyword":"[추자군도]","e_type":"WIKILINK"},{"kbox_types":["PopulatedPlace","Settlement","PopulatedPlace","Place"],"st":39,"en_mention":42,"ancestor":"","eIdx":2,"st_mention":35,"en":48,"ne_type":"LOCATION","keyword":"[제주특별자치도]","e_type":"WIKILINK"},{"kbox_types":["PopulatedPlace","Place","Settlement","PopulatedPlace","City"],"st":49,"en_mention":46,"ancestor":"","eIdx":3,"st_mention":43,"en":54,"ne_type":"LOCATION","keyword":"[제주시]","e_type":"WIKILINK"},{"kbox_types":["NULL"],"st":55,"en_mention":50,"ancestor":"","eIdx":4,"st_mention":47,"en":60,"ne_type":"ETC","keyword":"[추자면]","e_type":"WIKILINK"}],"wikiPageId":896073,"pIdx":1,"plainText":"하추자도(下楸子島)는 추자군도에서 가장 큰 섬으로, 행정구역상 제주특별자치도 제주시 추자면에 속한다.","pronouns":[],"mentionTagged":"[하추자도](下楸子島)는 [추자군도]에서 가장 큰 섬으로, 행정구역상 [제주특별자치도] [제주시] [추자면]에 속한다."}