{"entityTagged":"[스위치백스 스타디움](Switchbacks Stadium)은 [미국]의 [축구_전용_경기장]이다. [콜로라도_주] [콜로라도스프링스]에 있으며 [유나이티드_사커_리그] [콜로라도_스프링_스위치백스]의 홈경기장이다.","globalSId":[3566107,3566108],"entities":[{"kbox_types":["ArchitecturalStructure","Stadium","Place","SportFacility"],"st":0,"en_mention":10,"ancestor":"-2","eIdx":0,"st_mention":0,"en":12,"ne_type":"LOCATION","keyword":"[스위치백스 스타디움]","e_type":"NEW"},{"kbox_types":["Country","PopulatedPlace","PopulatedPlace","Place"],"st":35,"en_mention":35,"ancestor":"","eIdx":1,"st_mention":33,"en":39,"ne_type":"LOCATION","keyword":"[미국]","e_type":"WIKILINK"},{"kbox_types":["NULL"],"st":41,"en_mention":46,"ancestor":"","eIdx":2,"st_mention":37,"en":52,"ne_type":"ETC","keyword":"[축구_전용_경기장]","e_type":"WIKILINK"},{"kbox_types":["Region","PopulatedPlace","AdministrativeRegion","Place","Settlement","AdministrativeRegion"],"st":56,"en_mention":56,"ancestor":"","eIdx":3,"st_mention":50,"en":64,"ne_type":"LOCATION","keyword":"[콜로라도_주]","e_type":"WIKILINK"},{"kbox_types":["PopulatedPlace","Settlement","PopulatedPlace","City","Place"],"st":65,"en_mention":65,"ancestor":"","eIdx":4,"st_mention":57,"en":75,"ne_type":"LOCATION","keyword":"[콜로라도스프링스]","e_type":"WIKILINK"},{"kbox_types":["Agent","SportsLeague","Organisation","SoccerLeague"],"st":81,"en_mention":74,"ancestor":"","eIdx":5,"st_mention":71,"en":94,"ne_type":"ORGANIZATION","keyword":"[유나이티드_사커_리그]","e_type":"WIKILINK"},{"kbox_types":["SoccerClub","Agent","SportsTeam","Organisation"],"st":95,"en_mention":89,"ancestor":"","eIdx":6,"st_mention":75,"en":111,"ne_type":"ORGANIZATION","keyword":"[콜로라도_스프링_스위치백스]","e_type":"WIKILINK"}],"wikiPageId":1310886,"pIdx":1,"plainText":"스위치백스 스타디움(Switchbacks Stadium)은 미국의 축구 전용 경기장이다. 콜로라도 주 콜로라도스프링스에 있으며 USL 콜로라도 스프링 스위치백스의 홈경기장이다.","pronouns":[],"mentionTagged":"[스위치백스 스타디움](Switchbacks Stadium)은 [미국]의 [축구 전용 경기장]이다. [콜로라도 주] [콜로라도스프링스]에 있으며 [USL] [콜로라도 스프링 스위치백스]의 홈경기장이다."}