{"entityTagged":"<카를로만_(궁재)>(Carloman, [750년]\/[751년]? [6월_28일] - [771년] [12월_4일])는 [프랑크_왕국]의 서부 지역의 군주로, [카롤링거_왕조] 출신 [부르군드]와 [네우스트리아], [프로방스], [아키텐]의 영주였다. [피핀_3세]의 둘째 아들이자 [카롤루스_대제]의 동생이었다. 같은 이름을 가진 [카를로만_(궁재)]은 그의 동복 큰아버지였다. 다른 별칭은 <네우스트리아>의 <카를로만_(궁재)>(Carloman of Neustria)이기도 하다.","globalSId":[2155176,2155177,2155178,2155179],"entities":[{"kbox_types":["Agent","Person"],"st":0,"en_mention":4,"ancestor":"","eIdx":0,"st_mention":0,"en":11,"ne_type":"PERSON","keyword":"<카를로만_(궁재)>","e_type":"ELU"},{"kbox_types":["Year","TimePeriod"],"st":22,"en_mention":19,"ancestor":"","eIdx":1,"st_mention":15,"en":28,"ne_type":"TIME","keyword":"[750년]","e_type":"WIKILINK"},{"kbox_types":["Year","TimePeriod"],"st":29,"en_mention":24,"ancestor":"","eIdx":2,"st_mention":20,"en":35,"ne_type":"TIME","keyword":"[751년]","e_type":"WIKILINK"},{"kbox_types":["NULL"],"st":37,"en_mention":32,"ancestor":"","eIdx":3,"st_mention":26,"en":45,"ne_type":"TIME","keyword":"[6월_28일]","e_type":"WIKILINK"},{"kbox_types":["Year","TimePeriod"],"st":48,"en_mention":39,"ancestor":"","eIdx":4,"st_mention":35,"en":54,"ne_type":"TIME","keyword":"[771년]","e_type":"WIKILINK"},{"kbox_types":["NULL"],"st":55,"en_mention":46,"ancestor":"","eIdx":5,"st_mention":40,"en":63,"ne_type":"TIME","keyword":"[12월_4일]","e_type":"WIKILINK"},{"kbox_types":["Country","PopulatedPlace","Place","PopulatedPlace"],"st":66,"en_mention":52,"ancestor":"","eIdx":6,"st_mention":49,"en":74,"ne_type":"LOCATION","keyword":"[프랑크_왕국]","e_type":"WIKILINK"},{"kbox_types":["NULL"],"st":88,"en_mention":73,"ancestor":"","eIdx":7,"st_mention":66,"en":97,"ne_type":"ETC","keyword":"[카롤링거_왕조]","e_type":"WIKILINK"},{"kbox_types":["NULL"],"st":101,"en_mention":81,"ancestor":"","eIdx":8,"st_mention":77,"en":107,"ne_type":"ETC","keyword":"[부르군드]","e_type":"WIKILINK"},{"kbox_types":["NULL"],"st":109,"en_mention":89,"ancestor":"","eIdx":9,"st_mention":83,"en":117,"ne_type":"ETC","keyword":"[네우스트리아]","e_type":"WIKILINK"},{"kbox_types":["NULL"],"st":119,"en_mention":95,"ancestor":"","eIdx":10,"st_mention":91,"en":125,"ne_type":"ETC","keyword":"[프로방스]","e_type":"WIKILINK"},{"kbox_types":["Region","PopulatedPlace","AdministrativeRegion","Place","Settlement","AdministrativeRegion"],"st":127,"en_mention":100,"ancestor":"","eIdx":11,"st_mention":97,"en":132,"ne_type":"LOCATION","keyword":"[아키텐]","e_type":"WIKILINK"},{"kbox_types":["Royalty","BritishRoyalty","Agent","Person"],"st":140,"en_mention":113,"ancestor":"","eIdx":12,"st_mention":108,"en":147,"ne_type":"PERSON","keyword":"[피핀_3세]","e_type":"WIKILINK"},{"kbox_types":["Royalty","Monarch","BritishRoyalty","Agent","Person"],"st":157,"en_mention":130,"ancestor":"","eIdx":13,"st_mention":123,"en":166,"ne_type":"PERSON","keyword":"[카롤루스_대제]","e_type":"WIKILINK"},{"kbox_types":["Agent","Person"],"st":185,"en_mention":153,"ancestor":"","eIdx":14,"st_mention":149,"en":196,"ne_type":"PERSON","keyword":"[카를로만_(궁재)]","e_type":"WIKILINK"},{"kbox_types":["NULL"],"st":219,"en_mention":182,"ancestor":"","eIdx":15,"st_mention":176,"en":227,"ne_type":"ETC","keyword":"<네우스트리아>","e_type":"ELU"},{"kbox_types":["Agent","Person"],"st":229,"en_mention":188,"ancestor":"","eIdx":16,"st_mention":184,"en":240,"ne_type":"PERSON","keyword":"<카를로만_(궁재)>","e_type":"ELU"}],"wikiPageId":489160,"pIdx":1,"plainText":"카를로만(Carloman, 750년\/751년? 6월 28일 - 771년 12월 4일)는 프랑크의 서부 지역의 군주로, 카롤링거 왕조 출신 부르군드와 네우스트리아, 프로방스, 아키텐의 영주였다. 피핀 3세의 둘째 아들이자 카롤루스 대제의 동생이었다. 같은 이름을 가진 카를로만은 그의 동복 큰아버지였다. 다른 별칭은 네우스트리아의 카를로만(Carloman of Neustria)이기도 하다.","pronouns":[{"st":198,"ancestor":"1-0","proIdx":0,"en":198,"cwStateCd":"FIXED","cwSelIdx":0,"type":"PRONOUN","keyword":"그"},{"st":198,"ancestor":"-1","proIdx":1,"en":210,"cwStateCd":"FIXED","cwSelIdx":[],"type":"PRONOUN","keyword":"그의 동복 큰아버지였다."},{"st":212,"ancestor":"-2","proIdx":2,"en":217,"cwStateCd":"FIXED","cwSelIdx":[],"type":"PRONOUN","keyword":"다른 별칭은"}],"mentionTagged":"[카를로만](Carloman, [750년]\/[751년]? [6월 28일] - [771년] [12월 4일])는 [프랑크]의 서부 지역의 군주로, [카롤링거 왕조] 출신 [부르군드]와 [네우스트리아], [프로방스], [아키텐]의 영주였다. [피핀 3세]의 둘째 아들이자 [카롤루스 대제]의 동생이었다. 같은 이름을 가진 [카를로만]은 그의 동복 큰아버지였다. 다른 별칭은 [네우스트리아]의 [카를로만](Carloman of Neustria)이기도 하다."}