{"entityTagged":"<에트나_산>()은 [이탈리아] [시칠리아_섬] 동부 [메시나]와 [카타니아] 인근의 화산이다.","globalSId":[136384],"entities":[{"kbox_types":["Volcano","Place","Volcano","Mountain","NaturalPlace"],"st":0,"en_mention":5,"ancestor":"","eIdx":0,"st_mention":0,"en":7,"ne_type":"LOCATION","keyword":"<에트나_산>","e_type":"ELU"},{"kbox_types":["Country","PopulatedPlace","Settlement","PopulatedPlace","Place"],"st":11,"en_mention":13,"ancestor":"","eIdx":1,"st_mention":9,"en":17,"ne_type":"LOCATION","keyword":"[이탈리아]","e_type":"WIKILINK"},{"kbox_types":["Island","Place","PopulatedPlace"],"st":18,"en_mention":20,"ancestor":"","eIdx":2,"st_mention":14,"en":26,"ne_type":"LOCATION","keyword":"[시칠리아_섬]","e_type":"WIKILINK"},{"kbox_types":["PopulatedPlace","Settlement","PopulatedPlace","City","Place"],"st":30,"en_mention":27,"ancestor":"","eIdx":3,"st_mention":24,"en":35,"ne_type":"LOCATION","keyword":"[메시나]","e_type":"WIKILINK"},{"kbox_types":["PopulatedPlace","Settlement","PopulatedPlace","City","Place"],"st":37,"en_mention":33,"ancestor":"","eIdx":4,"st_mention":29,"en":43,"ne_type":"LOCATION","keyword":"[카타니아]","e_type":"WIKILINK"}],"wikiPageId":9073,"pIdx":1,"plainText":"에트나 산()은 이탈리아 시칠리아 섬 동부 메시나와 카타니아 인근의 화산이다.","mentionTagged":"[에트나 산]()은 [이탈리아] [시칠리아 섬] 동부 [메시나]와 [카타니아] 인근의 화산이다."}