{"entityTagged":"<우타나이_역>()은 [일본] [홋카이도] [나카가와_군] [나카가와_정]에 위치한 [홋카이도_여객철도] [소야_본선]의 [철도역]이다. 역 번호는 W65이며, 단선 승강장 1면 1선의 구조를 갖춘 지상역이다.","globalSId":[3271068,3271069],"entities":[{"kbox_types":["ArchitecturalStructure","Place","Station","Place","Infrastructure","RailwayStation"],"st":0,"en_mention":6,"ancestor":"","eIdx":0,"st_mention":0,"en":8,"ne_type":"LOCATION","keyword":"<우타나이_역>","e_type":"ELU"},{"kbox_types":["Country","PopulatedPlace","PopulatedPlace","Place"],"st":12,"en_mention":12,"ancestor":"","eIdx":1,"st_mention":10,"en":16,"ne_type":"LOCATION","keyword":"[일본]","e_type":"WIKILINK"},{"kbox_types":["Region","PopulatedPlace","AdministrativeRegion","Settlement","Island","Place","AdministrativeRegion"],"st":17,"en_mention":17,"ancestor":"","eIdx":2,"st_mention":13,"en":23,"ne_type":"LOCATION","keyword":"[홋카이도]","e_type":"WIKILINK"},{"kbox_types":["NULL"],"st":24,"en_mention":24,"ancestor":"","eIdx":3,"st_mention":18,"en":32,"ne_type":"ETC","keyword":"[나카가와_군]","e_type":"WIKILINK"},{"kbox_types":["NULL"],"st":33,"en_mention":31,"ancestor":"","eIdx":4,"st_mention":25,"en":41,"ne_type":"ETC","keyword":"[나카가와_정]","e_type":"WIKILINK"},{"kbox_types":["Company","Agent","Organisation"],"st":47,"en_mention":46,"ancestor":"","eIdx":5,"st_mention":37,"en":58,"ne_type":"ORGANIZATION","keyword":"[홋카이도_여객철도]","e_type":"WIKILINK"},{"kbox_types":["ArchitecturalStructure","Place","RailwayLine","Place","RouteOfTransportation","Infrastructure"],"st":59,"en_mention":52,"ancestor":"","eIdx":6,"st_mention":47,"en":66,"ne_type":"LOCATION","keyword":"[소야_본선]","e_type":"WIKILINK"},{"kbox_types":["NULL"],"st":68,"en_mention":57,"ancestor":"","eIdx":7,"st_mention":54,"en":73,"ne_type":"ETC","keyword":"[철도역]","e_type":"WIKILINK"}],"wikiPageId":1064170,"pIdx":1,"plainText":"우타나이 역()은 일본 홋카이도 나카가와 군 나카가와 정에 위치한 홋카이도 여객철도 소야 본선의 철도역이다. 역 번호는 W65이며, 단선 승강장 1면 1선의 구조를 갖춘 지상역이다.","pronouns":[],"mentionTagged":"[우타나이 역]()은 [일본] [홋카이도] [나카가와 군] [나카가와 정]에 위치한 [홋카이도 여객철도] [소야 본선]의 [철도역]이다. 역 번호는 W65이며, 단선 승강장 1면 1선의 구조를 갖춘 지상역이다."}