{"entityTagged":"<나카노부_역>()은 [일본] [도쿄_도] [시나가와_구]에 있는 [도쿄_급행_전철]과 [도쿄_도_교통국]의 [철도역]이다.","globalSId":[1814183],"entities":[{"kbox_types":["MetroStation","ArchitecturalStructure","Place","Station","Place","Infrastructure","RailwayStation"],"st":0,"en_mention":6,"ancestor":"","eIdx":0,"st_mention":0,"en":8,"ne_type":"LOCATION","keyword":"<나카노부_역>","e_type":"ELU"},{"kbox_types":["Country","PopulatedPlace","PopulatedPlace","Place"],"st":12,"en_mention":12,"ancestor":"-2","eIdx":1,"st_mention":10,"en":16,"ne_type":"LOCATION","keyword":"[일본]","e_type":"NEW"},{"kbox_types":["PopulatedPlace","Place","Settlement","PopulatedPlace","City"],"st":17,"en_mention":17,"ancestor":"","eIdx":2,"st_mention":13,"en":23,"ne_type":"LOCATION","keyword":"[도쿄_도]","e_type":"WIKILINK"},{"kbox_types":["NULL"],"st":24,"en_mention":24,"ancestor":"","eIdx":3,"st_mention":18,"en":32,"ne_type":"ETC","keyword":"[시나가와_구]","e_type":"WIKILINK"},{"kbox_types":["Company","Agent","Organisation"],"st":37,"en_mention":37,"ancestor":"","eIdx":4,"st_mention":29,"en":47,"ne_type":"ORGANIZATION","keyword":"[도쿄_급행_전철]","e_type":"WIKILINK"},{"kbox_types":["Company","Agent","PublicTransitSystem","Organisation"],"st":49,"en_mention":47,"ancestor":"","eIdx":5,"st_mention":39,"en":59,"ne_type":"ORGANIZATION","keyword":"[도쿄_도_교통국]","e_type":"WIKILINK"},{"kbox_types":["NULL"],"st":61,"en_mention":50,"ancestor":"","eIdx":6,"st_mention":49,"en":66,"ne_type":"ETC","keyword":"[철도역]","e_type":"WIKILINK"}],"wikiPageId":351547,"pIdx":1,"plainText":"나카노부 역()은 일본 도쿄 도 시나가와 구에 있는 도쿄 급행 전철과 도쿄 도 교통국의 역이다.","pronouns":[],"mentionTagged":"[나카노부 역]()은 [일본] [도쿄 도] [시나가와 구]에 있는 [도쿄 급행 전철]과 [도쿄 도 교통국]의 [역]이다."}