{"entityTagged":"<김영삼>과 <이철승>이 당내 대통령 후보자 경선에 나오자 [김상현_(정치인)] 등은 <유진산>이 지지하는 사람(김영삼을 가리킴)에게 당수직을 주었으니 대권은 줄 수 없다며 반발하였고 경선 초기에 잡음이 있었다. [71년] [1월] 당수인 [유진산]을 대신하여 다시 [신민당_(1967년)] 대통령 후보 경선에 나섰으나, 결선 투표에서 [김대중]에게 패하였다. 당수 [유진산]으로부터 [김영삼]에게 양보하라는 권고를 받고 일단 대선후보자에서 물러났다.","globalSId":[396901,396902,396903],"entities":[{"kbox_types":["Politician","Agent","Person","President"],"st":0,"en_mention":3,"ancestor":"","eIdx":0,"st_mention":0,"en":5,"ne_type":"PERSON","keyword":"<김영삼>","e_type":"ELU"},{"kbox_types":["Politician","Governor","Agent","Person"],"st":7,"en_mention":8,"ancestor":"","eIdx":1,"st_mention":5,"en":12,"ne_type":"PERSON","keyword":"<이철승>","e_type":"ELU"},{"kbox_types":["NULL"],"st":33,"en_mention":32,"ancestor":"","eIdx":2,"st_mention":29,"en":44,"ne_type":"ETC","keyword":"[김상현_(정치인)]","e_type":"WIKILINK"},{"kbox_types":["Agent","Person"],"st":48,"en_mention":39,"ancestor":"","eIdx":3,"st_mention":36,"en":53,"ne_type":"PERSON","keyword":"<유진산>","e_type":"ELU"},{"kbox_types":["Year","TimePeriod"],"st":119,"en_mention":108,"ancestor":"82-0","eIdx":4,"st_mention":105,"en":124,"ne_type":"TIME","keyword":"[71년]","e_type":"NEW"},{"kbox_types":["NULL"],"st":125,"en_mention":111,"ancestor":"","eIdx":5,"st_mention":109,"en":129,"ne_type":"TIME","keyword":"[1월]","e_type":"WIKILINK"},{"kbox_types":["Agent","Person"],"st":134,"en_mention":119,"ancestor":"","eIdx":6,"st_mention":116,"en":139,"ne_type":"PERSON","keyword":"[유진산]","e_type":"WIKILINK"},{"kbox_types":["Agent","PoliticalParty","Organisation"],"st":149,"en_mention":132,"ancestor":"","eIdx":7,"st_mention":129,"en":162,"ne_type":"ORGANIZATION","keyword":"[신민당_(1967년)]","e_type":"WIKILINK"},{"kbox_types":["Politician","Agent","Person","President"],"st":188,"en_mention":161,"ancestor":"","eIdx":8,"st_mention":158,"en":193,"ne_type":"PERSON","keyword":"[김대중]","e_type":"WIKILINK"},{"kbox_types":["Agent","Person"],"st":205,"en_mention":176,"ancestor":"","eIdx":9,"st_mention":173,"en":210,"ne_type":"PERSON","keyword":"[유진산]","e_type":"WIKILINK"},{"kbox_types":["Politician","Agent","Person","President"],"st":215,"en_mention":184,"ancestor":"","eIdx":10,"st_mention":181,"en":220,"ne_type":"PERSON","keyword":"[김영삼]","e_type":"WIKILINK"}],"wikiPageId":41947,"pIdx":83,"plainText":"김영삼과 이철승이 당내 대통령 후보자 경선에 나오자 김상현 등은 유진산이 지지하는 사람(김영삼을 가리킴)에게 당수직을 주었으니 대권은 줄 수 없다며 반발하였고 경선 초기에 잡음이 있었다. 71년 1월 당수인 유진산을 대신하여 다시 신민당 대통령 후보 경선에 나섰으나, 결선 투표에서 김대중에게 패하였다. 당수 유진산으로부터 김영삼에게 양보하라는 권고를 받고 일단 대선후보자에서 물러났다.","pronouns":[],"mentionTagged":"[김영삼]과 [이철승]이 당내 대통령 후보자 경선에 나오자 [김상현] 등은 [유진산]이 지지하는 사람(김영삼을 가리킴)에게 당수직을 주었으니 대권은 줄 수 없다며 반발하였고 경선 초기에 잡음이 있었다. [71년] [1월] 당수인 [유진산]을 대신하여 다시 [신민당] 대통령 후보 경선에 나섰으나, 결선 투표에서 [김대중]에게 패하였다. 당수 [유진산]으로부터 [김영삼]에게 양보하라는 권고를 받고 일단 대선후보자에서 물러났다."}