{"entityTagged":"[4.19 혁명]으로 [자유당] 정권이 붕괴되자 일부 야당 인사들은 자신의 공로로 [자유당_(대한민국)] 독재가 붕괴되었다고 자랑하였고, 일부는 <자유당_(대한민국)>과 [이승만]을 조롱하였으나 그는 자랑이나 [자유당] 비난을 삼가하였다. [1960년] [7월] [민의원]에서 열린 대통령 선거에서 대통령 후보자로 지명되었으나 1표를 얻었다. [1960년]에는 다시 [민주당_(1955년)] 신파가 [노장파]와 [소장파]로 나뉘자 그는 [민주당_(1955년)] [신파]의 [소장파]의 [리더]로 활약했다.","globalSId":[396845,396846,396847],"entities":[{"kbox_types":["NULL"],"st":0,"en_mention":7,"ancestor":"-2","eIdx":0,"st_mention":0,"en":9,"ne_type":"ETC","keyword":"[4.19 혁명]","e_type":"NEW"},{"kbox_types":["NULL"],"st":12,"en_mention":13,"ancestor":"65-3","eIdx":1,"st_mention":10,"en":17,"ne_type":"ORGANIZATION","keyword":"[자유당]","e_type":"NEW"},{"kbox_types":["Agent","PoliticalParty","Organisation"],"st":46,"en_mention":45,"ancestor":"","eIdx":2,"st_mention":42,"en":58,"ne_type":"ORGANIZATION","keyword":"[자유당_(대한민국)]","e_type":"WIKILINK"},{"kbox_types":["Agent","PoliticalParty","Organisation"],"st":81,"en_mention":71,"ancestor":"","eIdx":3,"st_mention":68,"en":93,"ne_type":"ORGANIZATION","keyword":"<자유당_(대한민국)>","e_type":"ELU"},{"kbox_types":["Politician","Agent","Person","President"],"st":95,"en_mention":76,"ancestor":"","eIdx":4,"st_mention":73,"en":100,"ne_type":"PERSON","keyword":"[이승만]","e_type":"WIKILINK"},{"kbox_types":["NULL"],"st":117,"en_mention":96,"ancestor":"67-1","eIdx":5,"st_mention":93,"en":122,"ne_type":"ORGANIZATION","keyword":"[자유당]","e_type":"NEW"},{"kbox_types":["Year","TimePeriod"],"st":134,"en_mention":113,"ancestor":"","eIdx":6,"st_mention":108,"en":141,"ne_type":"TIME","keyword":"[1960년]","e_type":"WIKILINK"},{"kbox_types":["NULL"],"st":142,"en_mention":116,"ancestor":"","eIdx":7,"st_mention":114,"en":146,"ne_type":"TIME","keyword":"[7월]","e_type":"WIKILINK"},{"kbox_types":["Legislature","Agent","Organisation"],"st":147,"en_mention":120,"ancestor":"","eIdx":8,"st_mention":117,"en":152,"ne_type":"ORGANIZATION","keyword":"[민의원]","e_type":"WIKILINK"},{"kbox_types":["Year","TimePeriod"],"st":192,"en_mention":165,"ancestor":"","eIdx":9,"st_mention":160,"en":199,"ne_type":"TIME","keyword":"[1960년]","e_type":"WIKILINK"},{"kbox_types":["NULL"],"st":205,"en_mention":174,"ancestor":"","eIdx":10,"st_mention":171,"en":218,"ne_type":"ETC","keyword":"[민주당_(1955년)]","e_type":"WIKILINK"},{"kbox_types":["NULL"],"st":223,"en_mention":182,"ancestor":"-2","eIdx":11,"st_mention":179,"en":228,"ne_type":"ETC","keyword":"[노장파]","e_type":"NEW"},{"kbox_types":["NULL"],"st":230,"en_mention":187,"ancestor":"-2","eIdx":12,"st_mention":184,"en":235,"ne_type":"ETC","keyword":"[소장파]","e_type":"NEW"},{"kbox_types":["NULL"],"st":244,"en_mention":199,"ancestor":"","eIdx":13,"st_mention":196,"en":257,"ne_type":"ETC","keyword":"[민주당_(1955년)]","e_type":"WIKILINK"},{"kbox_types":["NULL"],"st":258,"en_mention":202,"ancestor":"-2","eIdx":14,"st_mention":200,"en":262,"ne_type":"ETC","keyword":"[신파]","e_type":"NEW"},{"kbox_types":["NULL"],"st":264,"en_mention":207,"ancestor":"67-12","eIdx":15,"st_mention":204,"en":269,"ne_type":"ETC","keyword":"[소장파]","e_type":"NEW"},{"kbox_types":["Instrument","Device"],"st":271,"en_mention":211,"ancestor":"67-4","eIdx":16,"st_mention":209,"en":275,"ne_type":"ETC","keyword":"[리더]","e_type":"NEW"}],"wikiPageId":41947,"pIdx":67,"plainText":"4.19 혁명으로 자유당 정권이 붕괴되자 일부 야당 인사들은 자신의 공로로 자유당 독재가 붕괴되었다고 자랑하였고, 일부는 자유당과 이승만을 조롱하였으나 그는 자랑이나 자유당 비난을 삼가하였다. 1960년 7월 민의원에서 열린 대통령 선거에서 대통령 후보자로 지명되었으나 1표를 얻었다. 1960년에는 다시 민주당 신파가 노장파와 소장파로 나뉘자 그는 민주당 신파의 소장파의 리더로 활약했다.","pronouns":[{"st":38,"ancestor":"-2","proIdx":0,"en":40,"cwStateCd":"FIXED","cwSelIdx":[],"type":"PRONOUN","keyword":"자신의"},{"st":38,"ancestor":"-2","proIdx":1,"en":44,"cwStateCd":"FIXED","cwSelIdx":[],"type":"PRONOUN","keyword":"자신의 공로로"},{"st":109,"ancestor":"-2","proIdx":2,"en":110,"cwStateCd":"FIXED","cwSelIdx":[],"type":"PRONOUN","keyword":"그는"},{"st":241,"ancestor":"-2","proIdx":3,"en":242,"cwStateCd":"FIXED","cwSelIdx":[],"type":"PRONOUN","keyword":"그는"}],"mentionTagged":"[4.19 혁명]으로 [자유당] 정권이 붕괴되자 일부 야당 인사들은 자신의 공로로 [자유당] 독재가 붕괴되었다고 자랑하였고, 일부는 [자유당]과 [이승만]을 조롱하였으나 그는 자랑이나 [자유당] 비난을 삼가하였다. [1960년] [7월] [민의원]에서 열린 대통령 선거에서 대통령 후보자로 지명되었으나 1표를 얻었다. [1960년]에는 다시 [민주당] 신파가 [노장파]와 [소장파]로 나뉘자 그는 [민주당] [신파]의 [소장파]의 [리더]로 활약했다."}