{"entityTagged":"[1820년] [가경제]가 붕어하고 그의 서자 [도광제](道光帝)가 즉위한 이후로는 [황실]의 원로로서 예우받았으며, [1834년] [4월_27일] 향년 73세로 훙서하였다.","globalSId":[3544266],"entities":[{"kbox_types":["Year","TimePeriod"],"st":0,"en_mention":5,"ancestor":"-2","eIdx":0,"st_mention":0,"en":7,"ne_type":"TIME","keyword":"[1820년]","e_type":"NEW"},{"kbox_types":["Royalty","Monarch","BritishRoyalty","Agent","Person"],"st":8,"en_mention":9,"ancestor":"","eIdx":1,"st_mention":6,"en":13,"ne_type":"PERSON","keyword":"[가경제]","e_type":"WIKILINK"},{"kbox_types":["Royalty","Monarch","BritishRoyalty","Agent","Person"],"st":26,"en_mention":25,"ancestor":"","eIdx":2,"st_mention":22,"en":31,"ne_type":"PERSON","keyword":"[도광제]","e_type":"WIKILINK"},{"kbox_types":["NULL"],"st":47,"en_mention":43,"ancestor":"","eIdx":3,"st_mention":41,"en":51,"ne_type":"ETC","keyword":"[황실]","e_type":"WIKILINK"},{"kbox_types":["Year","TimePeriod"],"st":66,"en_mention":63,"ancestor":"","eIdx":4,"st_mention":58,"en":73,"ne_type":"TIME","keyword":"[1834년]","e_type":"WIKILINK"},{"kbox_types":["NULL"],"st":74,"en_mention":70,"ancestor":"","eIdx":5,"st_mention":64,"en":82,"ne_type":"TIME","keyword":"[4월_27일]","e_type":"WIKILINK"}],"wikiPageId":1293134,"pIdx":3,"plainText":"1820년 가경제가 붕어하고 그의 서자 도광제(道光帝)가 즉위한 이후로는 황실의 원로로서 예우받았으며, 1834년 4월 27일 향년 73세로 훙서하였다.","mentionTagged":"[1820년] [가경제]가 붕어하고 그의 서자 [도광제](道光帝)가 즉위한 이후로는 [황실]의 원로로서 예우받았으며, [1834년] [4월 27일] 향년 73세로 훙서하였다."}