{"entityTagged":"생애. 현재의 [루마니아]의 영토인 [티미쇼아라]에서 태어났으며, [영국]에서 망명 생활을 했다. [1978년]에 [부다페스트]에서 사망했다.","globalSId":[1432723,1432724,1432725],"entities":[{"kbox_types":["Country","PopulatedPlace","PopulatedPlace","Place"],"st":8,"en_mention":11,"ancestor":"","eIdx":0,"st_mention":7,"en":14,"ne_type":"LOCATION","keyword":"[루마니아]","e_type":"WIKILINK"},{"kbox_types":["PopulatedPlace","Settlement","PopulatedPlace","City","Place"],"st":20,"en_mention":22,"ancestor":"","eIdx":1,"st_mention":17,"en":27,"ne_type":"LOCATION","keyword":"[티미쇼아라]","e_type":"WIKILINK"},{"kbox_types":["Country","PopulatedPlace","PopulatedPlace","Place"],"st":37,"en_mention":34,"ancestor":"","eIdx":2,"st_mention":32,"en":41,"ne_type":"LOCATION","keyword":"[영국]","e_type":"WIKILINK"},{"kbox_types":["Year","TimePeriod"],"st":55,"en_mention":53,"ancestor":"-2","eIdx":3,"st_mention":48,"en":62,"ne_type":"TIME","keyword":"[1978년]","e_type":"NEW"},{"kbox_types":["PopulatedPlace","Place","Settlement","PopulatedPlace","City"],"st":64,"en_mention":60,"ancestor":"","eIdx":4,"st_mention":55,"en":71,"ne_type":"LOCATION","keyword":"[부다페스트]","e_type":"WIKILINK"}],"wikiPageId":251224,"pIdx":3,"plainText":"생애 현재의 루마니아의 영토인 티미쇼아라에서 태어났으며, 영국에서 망명 생활을 했다. 1978년에 부다페스트에서 사망했다.","mentionTagged":"생애 현재의 [루마니아]의 영토인 [티미쇼아라]에서 태어났으며, [영국]에서 망명 생활을 했다. [1978년]에 [부다페스트]에서 사망했다."}