{"entityTagged":"[사이타마 스타디움 2002]()는 [일본] [사이타마_현] [사이타마_시] [미도리_구_(사이타마_시)]에 위치해 있는 축구 전용 경기장으로, 63,700명을 수용할 수 있다. [2001년]에 개장했으며 [2002년_FIFA_월드컵] 대회가 열린 경기장이다. [우라와_레드_다이아몬즈]의 홈구장으로 사용되고 있다.","globalSId":[2411842,2411843,2411844],"entities":[{"kbox_types":["ArchitecturalStructure","Stadium","Place","Place","SportFacility"],"st":0,"en_mention":14,"ancestor":"-2","eIdx":0,"st_mention":0,"en":16,"ne_type":"LOCATION","keyword":"[사이타마 스타디움 2002]","e_type":"NEW"},{"kbox_types":["Country","PopulatedPlace","PopulatedPlace","Place"],"st":20,"en_mention":20,"ancestor":"","eIdx":1,"st_mention":18,"en":24,"ne_type":"LOCATION","keyword":"[일본]","e_type":"WIKILINK"},{"kbox_types":["Region","PopulatedPlace","AdministrativeRegion","Settlement","Place","AdministrativeRegion"],"st":25,"en_mention":27,"ancestor":"","eIdx":2,"st_mention":21,"en":33,"ne_type":"LOCATION","keyword":"[사이타마_현]","e_type":"WIKILINK"},{"kbox_types":["PopulatedPlace","Settlement","PopulatedPlace","City","Place"],"st":34,"en_mention":34,"ancestor":"","eIdx":3,"st_mention":28,"en":42,"ne_type":"LOCATION","keyword":"[사이타마_시]","e_type":"WIKILINK"},{"kbox_types":["PopulatedPlace","Settlement","PopulatedPlace","City","Place"],"st":43,"en_mention":40,"ancestor":"","eIdx":4,"st_mention":35,"en":59,"ne_type":"LOCATION","keyword":"[미도리_구_(사이타마_시)]","e_type":"WIKILINK"},{"kbox_types":["Year","MusicalWork","TimePeriod","Work","Album"],"st":100,"en_mention":86,"ancestor":"","eIdx":5,"st_mention":81,"en":107,"ne_type":"TIME","keyword":"[2001년]","e_type":"WIKILINK"},{"kbox_types":["SoccerTournament","FootballMatch","Tournament","Event","SocietalEvent","SportsEvent"],"st":115,"en_mention":108,"ancestor":"","eIdx":6,"st_mention":94,"en":131,"ne_type":"ETC","keyword":"[2002년_FIFA_월드컵]","e_type":"WIKILINK"},{"kbox_types":["SoccerClub","Agent","SportsTeam","Organisation"],"st":146,"en_mention":135,"ancestor":"","eIdx":7,"st_mention":123,"en":160,"ne_type":"ORGANIZATION","keyword":"[우라와_레드_다이아몬즈]","e_type":"WIKILINK"}],"wikiPageId":609742,"pIdx":1,"plainText":"사이타마 스타디움 2002()는 일본 사이타마 현 사이타마 시 미도리 구에 위치해 있는 축구 전용 경기장으로, 63,700명을 수용할 수 있다. 2001년에 개장했으며 2002년 FIFA 월드컵 대회가 열린 경기장이다. 우라와 레드 다이아몬즈의 홈구장으로 사용되고 있다.","mentionTagged":"[사이타마 스타디움 2002]()는 [일본] [사이타마 현] [사이타마 시] [미도리 구]에 위치해 있는 축구 전용 경기장으로, 63,700명을 수용할 수 있다. [2001년]에 개장했으며 [2002년 FIFA 월드컵] 대회가 열린 경기장이다. [우라와 레드 다이아몬즈]의 홈구장으로 사용되고 있다."}