{"entityTagged":"[타이탄 사커 콤플렉스](Titan Soccer Complex)은 [미국]의 [축구_전용_경기장]이다. [플로리다_주] [멜번_(플로리다_주)]에 위치하고 있으며 [유나이티드_사커_리그] [올랜도_시티_B]의 홈경기장이다.","globalSId":[3668447,3668448],"entities":[{"kbox_types":["ArchitecturalStructure","Stadium","Place","SportFacility"],"st":0,"en_mention":11,"ancestor":"-2","eIdx":0,"st_mention":0,"en":13,"ne_type":"LOCATION","keyword":"[타이탄 사커 콤플렉스]","e_type":"NEW"},{"kbox_types":["Country","PopulatedPlace","PopulatedPlace","Place"],"st":37,"en_mention":37,"ancestor":"","eIdx":1,"st_mention":35,"en":41,"ne_type":"LOCATION","keyword":"[미국]","e_type":"WIKILINK"},{"kbox_types":["NULL"],"st":43,"en_mention":48,"ancestor":"","eIdx":2,"st_mention":39,"en":54,"ne_type":"ETC","keyword":"[축구_전용_경기장]","e_type":"WIKILINK"},{"kbox_types":["Region","PopulatedPlace","AdministrativeRegion","Place","Settlement","AdministrativeRegion"],"st":58,"en_mention":58,"ancestor":"","eIdx":3,"st_mention":52,"en":66,"ne_type":"LOCATION","keyword":"[플로리다_주]","e_type":"WIKILINK"},{"kbox_types":["NULL"],"st":67,"en_mention":61,"ancestor":"","eIdx":4,"st_mention":59,"en":80,"ne_type":"ETC","keyword":"[멜번_(플로리다_주)]","e_type":"WIKILINK"},{"kbox_types":["Agent","SportsLeague","Organisation","SoccerLeague"],"st":91,"en_mention":75,"ancestor":"","eIdx":5,"st_mention":72,"en":104,"ne_type":"ORGANIZATION","keyword":"[유나이티드_사커_리그]","e_type":"WIKILINK"},{"kbox_types":["SoccerClub","Agent","SportsTeam","Organisation"],"st":105,"en_mention":84,"ancestor":"","eIdx":6,"st_mention":76,"en":115,"ne_type":"ORGANIZATION","keyword":"[올랜도_시티_B]","e_type":"WIKILINK"}],"wikiPageId":1391919,"pIdx":1,"plainText":"타이탄 사커 콤플렉스(Titan Soccer Complex)은 미국의 축구 전용 경기장이다. 플로리다 주 멜번에 위치하고 있으며 USL 올랜도 시티 B의 홈경기장이다.","pronouns":[],"mentionTagged":"[타이탄 사커 콤플렉스](Titan Soccer Complex)은 [미국]의 [축구 전용 경기장]이다. [플로리다 주] [멜번]에 위치하고 있으며 [USL] [올랜도 시티 B]의 홈경기장이다."}