{"entityTagged":"<한국로봇융합연구원>(Korea Institute of Robot and Convergence ; KIRO)은 [산업기술혁신촉진법] 제42조에 의거 설립된 전문생산기술연구소로서 산 · 학 · 연 · 관의 유기적인 협조 체제를 구축하여 로봇융합산업에 관한 연구개발을 촉진하고 연구인력 양성 및 기술력 향상에 이바지하여 국가경제 발전에 기여함을 목적으로 한다. [경상북도] [포항시] [남구_(포항시)] 지곡로 39 (효자동 산31) [포항공과대학교] 내에 위치하고 있다.","globalSId":[3112309,3112310],"entities":[{"kbox_types":["NULL"],"st":0,"en_mention":9,"ancestor":"","eIdx":0,"st_mention":0,"en":11,"ne_type":"ETC","keyword":"<한국로봇융합연구원>","e_type":"ELU"},{"kbox_types":["NULL"],"st":62,"en_mention":69,"ancestor":"-2","eIdx":1,"st_mention":60,"en":73,"ne_type":"ETC","keyword":"[산업기술혁신촉진법]","e_type":"NEW"},{"kbox_types":["PopulatedPlace","Settlement","PopulatedPlace","Place"],"st":200,"en_mention":200,"ancestor":"","eIdx":2,"st_mention":196,"en":206,"ne_type":"LOCATION","keyword":"[경상북도]","e_type":"WIKILINK"},{"kbox_types":["PopulatedPlace","Place","Settlement","PopulatedPlace","City"],"st":207,"en_mention":204,"ancestor":"","eIdx":3,"st_mention":201,"en":212,"ne_type":"LOCATION","keyword":"[포항시]","e_type":"WIKILINK"},{"kbox_types":["PopulatedPlace","Settlement","PopulatedPlace","Place"],"st":213,"en_mention":207,"ancestor":"","eIdx":4,"st_mention":205,"en":223,"ne_type":"LOCATION","keyword":"[남구_(포항시)]","e_type":"WIKILINK"},{"kbox_types":["University","Agent","EducationalInstitution","Organisation"],"st":241,"en_mention":232,"ancestor":"","eIdx":5,"st_mention":225,"en":250,"ne_type":"ORGANIZATION","keyword":"[포항공과대학교]","e_type":"WIKILINK"}],"wikiPageId":963125,"pIdx":1,"plainText":"한국로봇융합연구원(Korea Institute of Robot and Convergence ; KIRO)은 산업기술혁신촉진법 제42조에 의거 설립된 전문생산기술연구소로서 산 · 학 · 연 · 관의 유기적인 협조 체제를 구축하여 로봇융합산업에 관한 연구개발을 촉진하고 연구인력 양성 및 기술력 향상에 이바지하여 국가경제 발전에 기여함을 목적으로 한다. 경상북도 포항시 남구 지곡로 39 (효자동 산31) 포항공과대학교 내에 위치하고 있다.","pronouns":[],"mentionTagged":"[한국로봇융합연구원](Korea Institute of Robot and Convergence ; KIRO)은 [산업기술혁신촉진법] 제42조에 의거 설립된 전문생산기술연구소로서 산 · 학 · 연 · 관의 유기적인 협조 체제를 구축하여 로봇융합산업에 관한 연구개발을 촉진하고 연구인력 양성 및 기술력 향상에 이바지하여 국가경제 발전에 기여함을 목적으로 한다. [경상북도] [포항시] [남구] 지곡로 39 (효자동 산31) [포항공과대학교] 내에 위치하고 있다."}