{"entityTagged":"[중산신도시]는 [대한민국] [경상북도] [경산시]에 위치한 도시다.","globalSId":[3979118],"entities":[{"kbox_types":["NULL"],"st":0,"en_mention":5,"ancestor":"-2","eIdx":0,"st_mention":0,"en":7,"ne_type":"LOCATION","keyword":"[중산신도시]","e_type":"NEW"},{"kbox_types":["Country","PopulatedPlace","PopulatedPlace","Place"],"st":9,"en_mention":11,"ancestor":"","eIdx":1,"st_mention":7,"en":15,"ne_type":"LOCATION","keyword":"[대한민국]","e_type":"WIKILINK"},{"kbox_types":["PopulatedPlace","Settlement","PopulatedPlace","Place"],"st":16,"en_mention":16,"ancestor":"","eIdx":2,"st_mention":12,"en":22,"ne_type":"LOCATION","keyword":"[경상북도]","e_type":"WIKILINK"},{"kbox_types":["PopulatedPlace","Settlement","PopulatedPlace","City","Place"],"st":23,"en_mention":20,"ancestor":"","eIdx":3,"st_mention":17,"en":28,"ne_type":"LOCATION","keyword":"[경산시]","e_type":"WIKILINK"}],"wikiPageId":1755974,"pIdx":1,"plainText":"중산신도시는 대한민국 경상북도 경산시에 위치한 도시다.","pronouns":[],"mentionTagged":"[중산신도시]는 [대한민국] [경상북도] [경산시]에 위치한 도시다."}