{"entityTagged":"[칼레라데탕고]()는 [칠레] [산티아고_수도주] [마이포_현]의 [코무나]이다.","globalSId":[3692300],"entities":[{"kbox_types":["PopulatedPlace","Place","Settlement","PopulatedPlace"],"st":0,"en_mention":6,"ancestor":"-2","eIdx":0,"st_mention":0,"en":8,"ne_type":"LOCATION","keyword":"[칼레라데탕고]","e_type":"NEW"},{"kbox_types":["Country","PopulatedPlace","Settlement","PopulatedPlace","Place"],"st":12,"en_mention":12,"ancestor":"","eIdx":1,"st_mention":10,"en":16,"ne_type":"LOCATION","keyword":"[칠레]","e_type":"WIKILINK"},{"kbox_types":["NULL"],"st":17,"en_mention":21,"ancestor":"","eIdx":2,"st_mention":13,"en":27,"ne_type":"ETC","keyword":"[산티아고_수도주]","e_type":"WIKILINK"},{"kbox_types":["PopulatedPlace","Place","Settlement","PopulatedPlace"],"st":28,"en_mention":27,"ancestor":"","eIdx":3,"st_mention":22,"en":35,"ne_type":"LOCATION","keyword":"[마이포_현]","e_type":"WIKILINK"},{"kbox_types":["NULL"],"st":37,"en_mention":32,"ancestor":"","eIdx":4,"st_mention":29,"en":42,"ne_type":"ETC","keyword":"[코무나]","e_type":"WIKILINK"}],"wikiPageId":1411162,"pIdx":1,"plainText":"칼레라데탕고()는 칠레 산티아고 수도주 마이포 현의 코무나이다.","mentionTagged":"[칼레라데탕고]()는 [칠레] [산티아고 수도주] [마이포 현]의 [코무나]이다."}