{"entityTagged":"[샤르키야] 지방()은 [오만] 북서부에 있던 지방으로 행정 중심지는 [수르_(오만)]이며 인구는 313,761명(2003년 기준), 면적은 36,800㎢이다. [샤르키야]는 [아랍어]로 \"동부\"를 뜻한다.","globalSId":[2462950,2462951],"entities":[{"kbox_types":["NULL"],"st":0,"en_mention":4,"ancestor":"-2","eIdx":0,"st_mention":0,"en":6,"ne_type":"LOCATION","keyword":"[샤르키야]","e_type":"NEW"},{"kbox_types":["Country","Company","Agent","PopulatedPlace","Place","Company","Organisation"],"st":13,"en_mention":13,"ancestor":"","eIdx":1,"st_mention":11,"en":17,"ne_type":"ORGANIZATION","keyword":"[오만]","e_type":"WIKILINK"},{"kbox_types":["PopulatedPlace","Place","Settlement","PopulatedPlace","City"],"st":39,"en_mention":37,"ancestor":"","eIdx":2,"st_mention":35,"en":48,"ne_type":"LOCATION","keyword":"[수르_(오만)]","e_type":"WIKILINK"},{"kbox_types":["NULL"],"st":90,"en_mention":83,"ancestor":"1-0","eIdx":3,"st_mention":79,"en":96,"ne_type":"LOCATION","keyword":"[샤르키야]","e_type":"NEW"},{"kbox_types":["Language"],"st":98,"en_mention":88,"ancestor":"","eIdx":4,"st_mention":85,"en":103,"ne_type":"ETC","keyword":"[아랍어]","e_type":"WIKILINK"}],"wikiPageId":632780,"pIdx":1,"plainText":"샤르키야 지방()은 오만 북서부에 있던 지방으로 행정 중심지는 수르이며 인구는 313,761명(2003년 기준), 면적은 36,800㎢이다. 샤르키야는 아랍어로 \"동부\"를 뜻한다.","mentionTagged":"[샤르키야] 지방()은 [오만] 북서부에 있던 지방으로 행정 중심지는 [수르]이며 인구는 313,761명(2003년 기준), 면적은 36,800㎢이다. [샤르키야]는 [아랍어]로 \"동부\"를 뜻한다."}