{"entityTagged":"<차성교통>(車成交通)은 [부산광역시] [기장군]의 위치하는 [마을버스] 운송 업체이고, 본사는 <부산광역시> [기장군] [기장읍] [대청로13번길 65]에 위치해 있다. 계열사로는 [경상남도] [양산시]에 위치한 [웅상교통]이 있다.","globalSId":[2493747,2493748],"entities":[{"kbox_types":["Company","Agent","Organisation"],"st":0,"en_mention":4,"ancestor":"","eIdx":0,"st_mention":0,"en":6,"ne_type":"ORGANIZATION","keyword":"<차성교통>","e_type":"ELU"},{"kbox_types":["PopulatedPlace","Place","Settlement","PopulatedPlace","City"],"st":14,"en_mention":17,"ancestor":"","eIdx":1,"st_mention":12,"en":21,"ne_type":"LOCATION","keyword":"[부산광역시]","e_type":"WIKILINK"},{"kbox_types":["PopulatedPlace","Settlement","PopulatedPlace","Place"],"st":22,"en_mention":21,"ancestor":"","eIdx":2,"st_mention":18,"en":27,"ne_type":"LOCATION","keyword":"[기장군]","e_type":"WIKILINK"},{"kbox_types":["NULL"],"st":34,"en_mention":32,"ancestor":"","eIdx":3,"st_mention":28,"en":40,"ne_type":"ETC","keyword":"[마을버스]","e_type":"WIKILINK"},{"kbox_types":["PopulatedPlace","Place","Settlement","PopulatedPlace","City"],"st":54,"en_mention":51,"ancestor":"","eIdx":4,"st_mention":46,"en":61,"ne_type":"LOCATION","keyword":"<부산광역시>","e_type":"ELU"},{"kbox_types":["PopulatedPlace","Settlement","PopulatedPlace","Place"],"st":62,"en_mention":55,"ancestor":"1-2","eIdx":5,"st_mention":52,"en":67,"ne_type":"LOCATION","keyword":"[기장군]","e_type":"NEW"},{"kbox_types":["NULL"],"st":68,"en_mention":59,"ancestor":"","eIdx":6,"st_mention":56,"en":73,"ne_type":"ETC","keyword":"[기장읍]","e_type":"WIKILINK"},{"kbox_types":["NULL"],"st":74,"en_mention":70,"ancestor":"-2","eIdx":7,"st_mention":60,"en":86,"ne_type":"LOCATION","keyword":"[대청로13번길 65]","e_type":"NEW"},{"kbox_types":["PopulatedPlace","Settlement","PopulatedPlace","Place"],"st":102,"en_mention":90,"ancestor":"","eIdx":8,"st_mention":86,"en":108,"ne_type":"LOCATION","keyword":"[경상남도]","e_type":"WIKILINK"},{"kbox_types":["PopulatedPlace","Place","Settlement","PopulatedPlace","City"],"st":109,"en_mention":94,"ancestor":"","eIdx":9,"st_mention":91,"en":114,"ne_type":"LOCATION","keyword":"[양산시]","e_type":"WIKILINK"},{"kbox_types":["Company","Agent","Organisation"],"st":120,"en_mention":104,"ancestor":"","eIdx":10,"st_mention":100,"en":126,"ne_type":"ORGANIZATION","keyword":"[웅상교통]","e_type":"WIKILINK"}],"wikiPageId":644629,"pIdx":1,"plainText":"차성교통(車成交通)은 부산광역시 기장군의 위치하는 마을버스 운송 업체이고, 본사는 부산광역시 기장군 기장읍 대청로13번길 65에 위치해 있다. 계열사로는 경상남도 양산시에 위치한 웅상교통이 있다.","pronouns":[],"mentionTagged":"[차성교통](車成交通)은 [부산광역시] [기장군]의 위치하는 [마을버스] 운송 업체이고, 본사는 [부산광역시] [기장군] [기장읍] [대청로13번길 65]에 위치해 있다. 계열사로는 [경상남도] [양산시]에 위치한 [웅상교통]이 있다."}