{"entityTagged":"이후 보안관 총리와 [아프가니스탄_인민_민주당]의 사무총장을 역임했으며 여러 유럽 대사들을 추방하고 <아프가니스탄> 내의 정치 권력을 확보했다. 하지만 대통령에 오른 [타라키]와 정치적 갈등을 일으키다가 [소련]의 지도자 [레오니트_브레즈네프]와 비밀리에 모의해 [1979년] [9월_16일] 쿠데타를 일으켜 [타라키]를 살해하고 병사로 위장해 발표했다.","globalSId":[2233937,2233938],"entities":[{"kbox_types":["NULL"],"st":11,"en_mention":24,"ancestor":"","eIdx":0,"st_mention":11,"en":26,"ne_type":"ETC","keyword":"[아프가니스탄_인민_민주당]","e_type":"WIKILINK"},{"kbox_types":["Country","PopulatedPlace","Settlement","PopulatedPlace","Place"],"st":56,"en_mention":60,"ancestor":"","eIdx":1,"st_mention":54,"en":64,"ne_type":"LOCATION","keyword":"<아프가니스탄>","e_type":"ELU"},{"kbox_types":["NULL"],"st":93,"en_mention":92,"ancestor":"-2","eIdx":2,"st_mention":89,"en":98,"ne_type":"PERSON","keyword":"[타라키]","e_type":"NEW"},{"kbox_types":["Country","PopulatedPlace","PopulatedPlace","Place"],"st":114,"en_mention":110,"ancestor":"","eIdx":3,"st_mention":108,"en":118,"ne_type":"LOCATION","keyword":"[소련]","e_type":"WIKILINK"},{"kbox_types":["Agent","Person","OfficeHolder"],"st":124,"en_mention":126,"ancestor":"","eIdx":4,"st_mention":116,"en":136,"ne_type":"PERSON","keyword":"[레오니트_브레즈네프]","e_type":"WIKILINK"},{"kbox_types":["Year","Agent","EducationalInstitution","TimePeriod","Organisation","University"],"st":147,"en_mention":142,"ancestor":"","eIdx":5,"st_mention":137,"en":154,"ne_type":"TIME","keyword":"[1979년]","e_type":"WIKILINK"},{"kbox_types":["NULL"],"st":155,"en_mention":149,"ancestor":"","eIdx":6,"st_mention":143,"en":163,"ne_type":"TIME","keyword":"[9월_16일]","e_type":"WIKILINK"},{"kbox_types":["NULL"],"st":173,"en_mention":162,"ancestor":"3-2","eIdx":7,"st_mention":159,"en":178,"ne_type":"PERSON","keyword":"[타라키]","e_type":"NEW"}],"wikiPageId":522615,"pIdx":3,"plainText":"이후 보안관 총리와 아프가니스탄 인민 민주당의 사무총장을 역임했으며 여러 유럽 대사들을 추방하고 아프가니스탄 내의 정치 권력을 확보했다. 하지만 대통령에 오른 타라키와 정치적 갈등을 일으키다가 소련의 지도자 레오니트 브레즈네프와 비밀리에 모의해 1979년 9월 16일 쿠데타를 일으켜 타라키를 살해하고 병사로 위장해 발표했다.","pronouns":[{"st":40,"ancestor":"-2","proIdx":0,"en":49,"cwStateCd":"FIXED","cwSelIdx":[],"type":"PRONOUN","keyword":"여러 유럽 대사들을"}],"mentionTagged":"이후 보안관 총리와 [아프가니스탄 인민 민주당]의 사무총장을 역임했으며 여러 유럽 대사들을 추방하고 [아프가니스탄] 내의 정치 권력을 확보했다. 하지만 대통령에 오른 [타라키]와 정치적 갈등을 일으키다가 [소련]의 지도자 [레오니트 브레즈네프]와 비밀리에 모의해 [1979년] [9월 16일] 쿠데타를 일으켜 [타라키]를 살해하고 병사로 위장해 발표했다."}