{"entityTagged":"생애. [1980년] 연극배우 첫 데뷔하였으며 이듬해 [1981년] 뮤지컬배우 데뷔한 그는 1년 후 [국민대학교] 3학년에 재학 중이던 [1982년] [문화방송] 16기 공채 탤런트로 정식 데뷔하였다. [1986년] [MBC] 드라마 《[첫사랑_(1986년_드라마)]》에서 4,5회 쯤에 사라지기로 되어 있었던 단역이었으나, 점점 시청자들의 호응을 얻어 주인공 [황신혜]의 상대역으로 승격되어 종반까지 출연하였다. 이 드라마에서의 인기를 발판으로 청춘스타로 자리매김한 그는 [1987년] 이후 《[순심이]》, 《[야망의_세월]》, 《[달빛_가족]》, 《[연인_(1993년_드라마)]》등 많은 멜로드라마의 주인공으로 활약했다.","globalSId":[1147696,1147697,1147698,1147699],"entities":[{"kbox_types":["Year","TimePeriod"],"st":4,"en_mention":8,"ancestor":"-2","eIdx":0,"st_mention":3,"en":11,"ne_type":"TIME","keyword":"[1980년]","e_type":"NEW"},{"kbox_types":["Year","Agent","EducationalInstitution","TimePeriod","Organisation","University"],"st":30,"en_mention":32,"ancestor":"-2","eIdx":1,"st_mention":27,"en":37,"ne_type":"TIME","keyword":"[1981년]","e_type":"NEW"},{"kbox_types":["University","Agent","EducationalInstitution","Organisation"],"st":56,"en_mention":56,"ancestor":"","eIdx":2,"st_mention":51,"en":63,"ne_type":"ORGANIZATION","keyword":"[국민대학교]","e_type":"WIKILINK"},{"kbox_types":["Year","TimePeriod"],"st":76,"en_mention":74,"ancestor":"","eIdx":3,"st_mention":69,"en":83,"ne_type":"TIME","keyword":"[1982년]","e_type":"WIKILINK"},{"kbox_types":["Broadcaster","Company","Agent","BroadcastNetwork","Organisation"],"st":84,"en_mention":78,"ancestor":"","eIdx":4,"st_mention":75,"en":90,"ne_type":"ORGANIZATION","keyword":"[문화방송]","e_type":"WIKILINK"},{"kbox_types":["Animal","Year","Species","TimePeriod","Eukaryote"],"st":113,"en_mention":106,"ancestor":"","eIdx":5,"st_mention":101,"en":120,"ne_type":"TIME","keyword":"[1986년]","e_type":"WIKILINK"},{"kbox_types":["Actor","Agent","Person","Artist"],"st":121,"en_mention":110,"ancestor":"","eIdx":6,"st_mention":107,"en":126,"ne_type":"PERSON","keyword":"[MBC]","e_type":"WIKILINK"},{"kbox_types":["Work","TelevisionShow"],"st":132,"en_mention":119,"ancestor":"","eIdx":7,"st_mention":116,"en":149,"ne_type":"ETC","keyword":"[첫사랑_(1986년_드라마)]","e_type":"WIKILINK"},{"kbox_types":["Actor","Agent","Person","Artist"],"st":202,"en_mention":175,"ancestor":"","eIdx":8,"st_mention":172,"en":207,"ne_type":"PERSON","keyword":"[황신혜]","e_type":"WIKILINK"},{"kbox_types":["Year","TimePeriod"],"st":265,"en_mention":238,"ancestor":"","eIdx":9,"st_mention":233,"en":272,"ne_type":"TIME","keyword":"[1987년]","e_type":"WIKILINK"},{"kbox_types":["Work","TelevisionShow"],"st":277,"en_mention":246,"ancestor":"","eIdx":10,"st_mention":243,"en":282,"ne_type":"ETC","keyword":"[순심이]","e_type":"WIKILINK"},{"kbox_types":["Work","TelevisionShow"],"st":286,"en_mention":256,"ancestor":"","eIdx":11,"st_mention":250,"en":294,"ne_type":"ETC","keyword":"[야망의_세월]","e_type":"WIKILINK"},{"kbox_types":["NULL"],"st":298,"en_mention":265,"ancestor":"","eIdx":12,"st_mention":260,"en":305,"ne_type":"ETC","keyword":"[달빛_가족]","e_type":"WIKILINK"},{"kbox_types":["Work","TelevisionShow"],"st":309,"en_mention":271,"ancestor":"","eIdx":13,"st_mention":269,"en":325,"ne_type":"ETC","keyword":"[연인_(1993년_드라마)]","e_type":"WIKILINK"}],"wikiPageId":175014,"pIdx":2,"plainText":"생애 1980년 연극배우 첫 데뷔하였으며 이듬해 1981년 뮤지컬배우 데뷔한 그는 1년 후 국민대학교 3학년에 재학 중이던 1982년 MBC 16기 공채 탤런트로 정식 데뷔하였다. 1986년 MBC 드라마 《첫사랑》에서 4,5회 쯤에 사라지기로 되어 있었던 단역이었으나, 점점 시청자들의 호응을 얻어 주인공 황신혜의 상대역으로 승격되어 종반까지 출연하였다. 이 드라마에서의 인기를 발판으로 청춘스타로 자리매김한 그는 1987년 이후 《순심이》, 《야망의 세월》, 《달빛 가족》, 《연인》등 많은 멜로드라마의 주인공으로 활약했다.","mentionTagged":"생애 [1980년] 연극배우 첫 데뷔하였으며 이듬해 [1981년] 뮤지컬배우 데뷔한 그는 1년 후 [국민대학교] 3학년에 재학 중이던 [1982년] [MBC] 16기 공채 탤런트로 정식 데뷔하였다. [1986년] [MBC] 드라마 《[첫사랑]》에서 4,5회 쯤에 사라지기로 되어 있었던 단역이었으나, 점점 시청자들의 호응을 얻어 주인공 [황신혜]의 상대역으로 승격되어 종반까지 출연하였다. 이 드라마에서의 인기를 발판으로 청춘스타로 자리매김한 그는 [1987년] 이후 《[순심이]》, 《[야망의 세월]》, 《[달빛 가족]》, 《[연인]》등 많은 멜로드라마의 주인공으로 활약했다."}