{"entityTagged":"<파라인사비나>()는 [이탈리아] [라치오_주] [리에티_현]에 위치한 <코무네>다. [로마]로부터 북동쪽 40km, [리에티]로부터 남서쪽 25km 거리에 있다.","globalSId":[3247604,3247605],"entities":[{"kbox_types":["PopulatedPlace","Place","Settlement","PopulatedPlace"],"st":0,"en_mention":6,"ancestor":"","eIdx":0,"st_mention":0,"en":8,"ne_type":"LOCATION","keyword":"<파라인사비나>","e_type":"ELU"},{"kbox_types":["Country","PopulatedPlace","Settlement","PopulatedPlace","Place"],"st":12,"en_mention":14,"ancestor":"","eIdx":1,"st_mention":10,"en":18,"ne_type":"LOCATION","keyword":"[이탈리아]","e_type":"WIKILINK"},{"kbox_types":["Region","PopulatedPlace","AdministrativeRegion","Place","Settlement","AdministrativeRegion"],"st":19,"en_mention":20,"ancestor":"","eIdx":2,"st_mention":15,"en":26,"ne_type":"LOCATION","keyword":"[라치오_주]","e_type":"WIKILINK"},{"kbox_types":["PopulatedPlace","Settlement","PopulatedPlace","Place"],"st":27,"en_mention":26,"ancestor":"","eIdx":3,"st_mention":21,"en":34,"ne_type":"LOCATION","keyword":"[리에티_현]","e_type":"WIKILINK"},{"kbox_types":["NULL"],"st":40,"en_mention":35,"ancestor":"","eIdx":4,"st_mention":32,"en":45,"ne_type":"ETC","keyword":"<코무네>","e_type":"ELU"},{"kbox_types":["PopulatedPlace","Place","Settlement","PopulatedPlace"],"st":48,"en_mention":40,"ancestor":"","eIdx":5,"st_mention":38,"en":52,"ne_type":"LOCATION","keyword":"[로마]","e_type":"WIKILINK"},{"kbox_types":["PopulatedPlace","Place","Settlement","PopulatedPlace"],"st":66,"en_mention":57,"ancestor":"","eIdx":6,"st_mention":54,"en":71,"ne_type":"LOCATION","keyword":"[리에티]","e_type":"WIKILINK"}],"wikiPageId":1049093,"pIdx":1,"plainText":"파라인사비나()는 이탈리아 라치오 주 리에티 현에 위치한 코무네다. 로마로부터 북동쪽 40km, 리에티로부터 남서쪽 25km 거리에 있다.","pronouns":[],"mentionTagged":"[파라인사비나]()는 [이탈리아] [라치오 주] [리에티 현]에 위치한 [코무네]다. [로마]로부터 북동쪽 40km, [리에티]로부터 남서쪽 25km 거리에 있다."}