{"entityTagged":"[1990년]에는 [1980년대] \u2018장안의 큰손\u2019으로 [대한민국_제5공화국] 권력형 금융비리사건의 중심인물이기도 한 [장영자]의 큰 딸 <김예원_(1987년)>와 결혼 하면서 세간의 화제를 모았다. 그때부터 연기 외 다양한 사업에 손대기 시작했으며 [1994년]에는 [장영자]씨 부도사건의 여파로 미국으로 도피하는 등 시련을 맞았다. 잘나가던 사업이 부도가 나고, 40여억원이라는 거액의 사기혐의로 수배를 받은 채 미국으로 기약 없이 도피생활을 떠났던 그는 [1996년] 2년간의 미국생활을 끝내고 [서울방송] 드라마 《[형제의_강]》으로 성공적으로 재기했다.","globalSId":[1147700,1147701,1147702],"entities":[{"kbox_types":["Year","TimePeriod"],"st":0,"en_mention":5,"ancestor":"","eIdx":0,"st_mention":0,"en":7,"ne_type":"TIME","keyword":"[1990년]","e_type":"WIKILINK"},{"kbox_types":["NULL"],"st":10,"en_mention":14,"ancestor":"-2","eIdx":1,"st_mention":8,"en":18,"ne_type":"TIME","keyword":"[1980년대]","e_type":"NEW"},{"kbox_types":["Country","PopulatedPlace","PopulatedPlace","Place"],"st":30,"en_mention":31,"ancestor":"","eIdx":2,"st_mention":26,"en":42,"ne_type":"LOCATION","keyword":"[대한민국_제5공화국]","e_type":"WIKILINK"},{"kbox_types":["Agent","Person"],"st":65,"en_mention":57,"ancestor":"","eIdx":3,"st_mention":54,"en":70,"ne_type":"PERSON","keyword":"[장영자]","e_type":"WIKILINK"},{"kbox_types":["Actor","Agent","Person","Artist"],"st":76,"en_mention":66,"ancestor":"","eIdx":4,"st_mention":63,"en":89,"ne_type":"PERSON","keyword":"<김예원_(1987년)>","e_type":"ELU"},{"kbox_types":["Year","MusicalWork","TimePeriod","Work","Album"],"st":139,"en_mention":121,"ancestor":"","eIdx":5,"st_mention":116,"en":146,"ne_type":"TIME","keyword":"[1994년]","e_type":"WIKILINK"},{"kbox_types":["Agent","Person"],"st":149,"en_mention":127,"ancestor":"","eIdx":6,"st_mention":124,"en":154,"ne_type":"PERSON","keyword":"[장영자]","e_type":"WIKILINK"},{"kbox_types":["Year","TimePeriod"],"st":256,"en_mention":234,"ancestor":"","eIdx":7,"st_mention":229,"en":263,"ne_type":"TIME","keyword":"[1996년]","e_type":"WIKILINK"},{"kbox_types":["NULL"],"st":279,"en_mention":253,"ancestor":"","eIdx":8,"st_mention":250,"en":285,"ne_type":"ETC","keyword":"[서울방송]","e_type":"WIKILINK"},{"kbox_types":["Work","TelevisionShow"],"st":291,"en_mention":264,"ancestor":"","eIdx":9,"st_mention":259,"en":298,"ne_type":"ETC","keyword":"[형제의_강]","e_type":"WIKILINK"}],"wikiPageId":175014,"pIdx":3,"plainText":"1990년에는 1980년대 \u2018장안의 큰손\u2019으로 제5공화국 권력형 금융비리사건의 중심인물이기도 한 장영자의 큰 딸 김신아와 결혼 하면서 세간의 화제를 모았다. 그때부터 연기 외 다양한 사업에 손대기 시작했으며 1994년에는 장영자씨 부도사건의 여파로 미국으로 도피하는 등 시련을 맞았다. 잘나가던 사업이 부도가 나고, 40여억원이라는 거액의 사기혐의로 수배를 받은 채 미국으로 기약 없이 도피생활을 떠났던 그는 1996년 2년간의 미국생활을 끝내고 SBS 드라마 《형제의 강》으로 성공적으로 재기했다.","pronouns":[{"st":111,"ancestor":"3-0","proIdx":0,"en":112,"cwStateCd":"FIXED","cwSelIdx":0,"type":"PRONOUN","keyword":"그때"},{"st":253,"ancestor":"1-0","proIdx":1,"en":253,"cwStateCd":"FIXED","cwSelIdx":0,"type":"PRONOUN","keyword":"그"}],"mentionTagged":"[1990년]에는 [1980년대] \u2018장안의 큰손\u2019으로 [제5공화국] 권력형 금융비리사건의 중심인물이기도 한 [장영자]의 큰 딸 [김신아]와 결혼 하면서 세간의 화제를 모았다. 그때부터 연기 외 다양한 사업에 손대기 시작했으며 [1994년]에는 [장영자]씨 부도사건의 여파로 미국으로 도피하는 등 시련을 맞았다. 잘나가던 사업이 부도가 나고, 40여억원이라는 거액의 사기혐의로 수배를 받은 채 미국으로 기약 없이 도피생활을 떠났던 그는 [1996년] 2년간의 미국생활을 끝내고 [SBS] 드라마 《[형제의 강]》으로 성공적으로 재기했다."}