{"entityTagged":"[아마 구](, )는 [북아일랜드]의 구로 행정 중심지는 [아마_(아마_주)]이며 면적은 671㎢, 인구는 58,800명([2010년] 기준), 인구 밀도는 88명\/㎢이다.","globalSId":[2890909],"entities":[{"kbox_types":["NULL"],"st":0,"en_mention":4,"ancestor":"-2","eIdx":0,"st_mention":0,"en":6,"ne_type":"LOCATION","keyword":"[아마 구]","e_type":"NEW"},{"kbox_types":["Country","PopulatedPlace","Settlement","PopulatedPlace","Place"],"st":12,"en_mention":15,"ancestor":"","eIdx":1,"st_mention":10,"en":19,"ne_type":"LOCATION","keyword":"[북아일랜드]","e_type":"WIKILINK"},{"kbox_types":["PopulatedPlace","Settlement","PopulatedPlace","City","Place"],"st":32,"en_mention":30,"ancestor":"","eIdx":2,"st_mention":28,"en":43,"ne_type":"LOCATION","keyword":"[아마_(아마_주)]","e_type":"WIKILINK"},{"kbox_types":["Year","MusicalWork","TimePeriod","Work","Album"],"st":68,"en_mention":60,"ancestor":"-1","eIdx":3,"st_mention":55,"en":75,"ne_type":"TIME","keyword":"[2010년]","e_type":"NEW"}],"wikiPageId":842430,"pIdx":1,"plainText":"아마 구(, )는 북아일랜드의 구로 행정 중심지는 아마이며 면적은 671㎢, 인구는 58,800명(2010년 기준), 인구 밀도는 88명\/㎢이다.","pronouns":[],"mentionTagged":"[아마 구](, )는 [북아일랜드]의 구로 행정 중심지는 [아마]이며 면적은 671㎢, 인구는 58,800명([2010년] 기준), 인구 밀도는 88명\/㎢이다."}