{"entityTagged":"시조 [두교림](杜橋林)은 [명나라]에서 [기주자사](冀州刺史)를 지냈다. 그의 아들 [두사충](杜師忠)이 [임진왜란] 때 [이여송] 장군을 따라 구원군으로 [조선]에 들어와 [수륙지주주사](水陸指晝主事)로 활약한 뒤 [조선]에 정착하였다.","globalSId":[3384331,3384332],"entities":[{"kbox_types":["NULL"],"st":3,"en_mention":6,"ancestor":"-2","eIdx":0,"st_mention":3,"en":8,"ne_type":"PERSON","keyword":"[두교림]","e_type":"NEW"},{"kbox_types":["Country","PopulatedPlace","Place","PopulatedPlace"],"st":15,"en_mention":19,"ancestor":"","eIdx":1,"st_mention":13,"en":20,"ne_type":"LOCATION","keyword":"[명나라]","e_type":"WIKILINK"},{"kbox_types":["NULL"],"st":23,"en_mention":26,"ancestor":"-2","eIdx":2,"st_mention":22,"en":29,"ne_type":"ETC","keyword":"[기주자사]","e_type":"NEW"},{"kbox_types":["NULL"],"st":48,"en_mention":48,"ancestor":"-2","eIdx":3,"st_mention":45,"en":53,"ne_type":"PERSON","keyword":"[두사충]","e_type":"NEW"},{"kbox_types":["MilitaryConflict","Event","SocietalEvent"],"st":60,"en_mention":59,"ancestor":"","eIdx":4,"st_mention":55,"en":66,"ne_type":"ETC","keyword":"[임진왜란]","e_type":"WIKILINK"},{"kbox_types":["Agent","Person"],"st":69,"en_mention":65,"ancestor":"","eIdx":5,"st_mention":62,"en":74,"ne_type":"PERSON","keyword":"[이여송]","e_type":"WIKILINK"},{"kbox_types":["Country","NobleFamily","Agent","PopulatedPlace","Settlement","Family","PopulatedPlace","Place"],"st":88,"en_mention":81,"ancestor":"","eIdx":6,"st_mention":79,"en":92,"ne_type":"LOCATION","keyword":"[조선]","e_type":"WIKILINK"},{"kbox_types":["NULL"],"st":98,"en_mention":93,"ancestor":"-2","eIdx":7,"st_mention":87,"en":106,"ne_type":"ETC","keyword":"[수륙지주주사]","e_type":"NEW"},{"kbox_types":["Country","NobleFamily","Agent","PopulatedPlace","Settlement","Family","PopulatedPlace","Place"],"st":122,"en_mention":111,"ancestor":"","eIdx":8,"st_mention":109,"en":126,"ne_type":"LOCATION","keyword":"[조선]","e_type":"WIKILINK"}],"wikiPageId":1144987,"pIdx":3,"plainText":"시조 두교림(杜橋林)은 명(明)나라에서 기주자사(冀州刺史)를 지냈다. 그의 아들 두사충(杜師忠)이 임진왜란 때 이여송 장군을 따라 구원군으로 조선에 들어와 수륙지주주사(水陸指晝主事)로 활약한 뒤 조선에 정착하였다.","mentionTagged":"시조 [두교림](杜橋林)은 [명(明)나라]에서 [기주자사](冀州刺史)를 지냈다. 그의 아들 [두사충](杜師忠)이 [임진왜란] 때 [이여송] 장군을 따라 구원군으로 [조선]에 들어와 [수륙지주주사](水陸指晝主事)로 활약한 뒤 [조선]에 정착하였다."}