{"entityTagged":"<효성인황후>(孝誠仁皇后, ), [순치](順治) 10년 [음력_10월_7일] ([1653년] [11월_26일]) ~ [강희](康熙) 13년 [음력_5월_3일] ([1674년] [6월_16일]))은 [청나라]의 제4대 황제인 [강희제](康熙帝)의 첫 번째 황후이자 정실부인이며 [시호]는 [효성공숙정혜안화숙의각민여천양성인황후](孝誠恭肅正惠安和淑懿恪敏儷天襄聖仁皇后)이다. [팔기군] [헤세리_할라] 출신으로 [강희제]의 보정대신 [색니](索尼)의 손녀이자 [갈포라](褐布剌)의 딸이며 숙부는 [색액도](索額圖)이다.","globalSId":[1455937,1455938],"entities":[{"kbox_types":["Royalty","BritishRoyalty","Agent","Person"],"st":0,"en_mention":5,"ancestor":"","eIdx":0,"st_mention":0,"en":7,"ne_type":"PERSON","keyword":"<효성인황후>","e_type":"ELU"},{"kbox_types":["NULL"],"st":18,"en_mention":18,"ancestor":"-2","eIdx":1,"st_mention":16,"en":22,"ne_type":"TIME","keyword":"[순치]","e_type":"NEW"},{"kbox_types":["NULL"],"st":31,"en_mention":36,"ancestor":"","eIdx":2,"st_mention":27,"en":42,"ne_type":"ETC","keyword":"[음력_10월_7일]","e_type":"WIKILINK"},{"kbox_types":["Year","TimePeriod"],"st":44,"en_mention":43,"ancestor":"","eIdx":3,"st_mention":38,"en":51,"ne_type":"TIME","keyword":"[1653년]","e_type":"WIKILINK"},{"kbox_types":["NULL"],"st":52,"en_mention":51,"ancestor":"","eIdx":4,"st_mention":44,"en":61,"ne_type":"TIME","keyword":"[11월_26일]","e_type":"WIKILINK"},{"kbox_types":["NULL"],"st":65,"en_mention":57,"ancestor":"-2","eIdx":5,"st_mention":55,"en":69,"ne_type":"TIME","keyword":"[강희]","e_type":"NEW"},{"kbox_types":["NULL"],"st":78,"en_mention":74,"ancestor":"","eIdx":6,"st_mention":66,"en":88,"ne_type":"ETC","keyword":"[음력_5월_3일]","e_type":"WIKILINK"},{"kbox_types":["Year","TimePeriod"],"st":90,"en_mention":81,"ancestor":"","eIdx":7,"st_mention":76,"en":97,"ne_type":"TIME","keyword":"[1674년]","e_type":"WIKILINK"},{"kbox_types":["NULL"],"st":98,"en_mention":88,"ancestor":"","eIdx":8,"st_mention":82,"en":106,"ne_type":"TIME","keyword":"[6월_16일]","e_type":"WIKILINK"},{"kbox_types":["Country","PopulatedPlace","Place","PopulatedPlace"],"st":110,"en_mention":95,"ancestor":"","eIdx":9,"st_mention":92,"en":115,"ne_type":"LOCATION","keyword":"[청나라]","e_type":"WIKILINK"},{"kbox_types":["Royalty","Monarch","BritishRoyalty","Agent","Person"],"st":125,"en_mention":108,"ancestor":"","eIdx":10,"st_mention":105,"en":130,"ne_type":"PERSON","keyword":"[강희제]","e_type":"WIKILINK"},{"kbox_types":["NULL"],"st":154,"en_mention":134,"ancestor":"","eIdx":11,"st_mention":132,"en":158,"ne_type":"ETC","keyword":"[시호]","e_type":"WIKILINK"},{"kbox_types":["NULL"],"st":160,"en_mention":155,"ancestor":"-2","eIdx":12,"st_mention":136,"en":181,"ne_type":"PERSON","keyword":"[효성공숙정혜안화숙의각민여천양성인황후]","e_type":"NEW"},{"kbox_types":["NULL"],"st":206,"en_mention":185,"ancestor":"","eIdx":13,"st_mention":180,"en":211,"ne_type":"ETC","keyword":"[팔기군]","e_type":"WIKILINK"},{"kbox_types":["NULL"],"st":212,"en_mention":192,"ancestor":"","eIdx":14,"st_mention":186,"en":220,"ne_type":"ETC","keyword":"[헤세리_할라]","e_type":"WIKILINK"},{"kbox_types":["Royalty","Monarch","BritishRoyalty","Agent","Person"],"st":226,"en_mention":201,"ancestor":"","eIdx":15,"st_mention":198,"en":231,"ne_type":"PERSON","keyword":"[강희제]","e_type":"WIKILINK"},{"kbox_types":["NULL"],"st":238,"en_mention":210,"ancestor":"","eIdx":16,"st_mention":208,"en":242,"ne_type":"ETC","keyword":"[색니]","e_type":"WIKILINK"},{"kbox_types":["NULL"],"st":253,"en_mention":224,"ancestor":"-2","eIdx":17,"st_mention":221,"en":258,"ne_type":"PERSON","keyword":"[갈포라]","e_type":"NEW"},{"kbox_types":["NULL"],"st":273,"en_mention":242,"ancestor":"","eIdx":18,"st_mention":239,"en":278,"ne_type":"ETC","keyword":"[색액도]","e_type":"WIKILINK"}],"wikiPageId":258171,"pIdx":1,"plainText":"효성인황후(孝誠仁皇后, ), 순치(順治) 10년 음력 10월 7일 (1653년 11월 26일) ~ 강희(康熙) 13년 음력 5월 3일 (1674년 6월 16일))은 청나라의 제4대 황제인 강희제(康熙帝)의 첫 번째 황후이자 정실부인이며 시호는 효성공숙정혜안화숙의각민여천양성인황후(孝誠恭肅正惠安和淑懿恪敏儷天襄聖仁皇后)이다. 만주정황기 헤세리 할라 출신으로 강희제의 보정대신 색니(索尼)의 손녀이자 갈포라(褐布剌)의 딸이며 숙부는 색액도(索額圖)이다.","pronouns":[],"mentionTagged":"[효성인황후](孝誠仁皇后, ), [순치](順治) 10년 [음력 10월 7일] ([1653년] [11월 26일]) ~ [강희](康熙) 13년 [음력 5월 3일] ([1674년] [6월 16일]))은 [청나라]의 제4대 황제인 [강희제](康熙帝)의 첫 번째 황후이자 정실부인이며 [시호]는 [효성공숙정혜안화숙의각민여천양성인황후](孝誠恭肅正惠安和淑懿恪敏儷天襄聖仁皇后)이다. [만주정황기] [헤세리 할라] 출신으로 [강희제]의 보정대신 [색니](索尼)의 손녀이자 [갈포라](褐布剌)의 딸이며 숙부는 [색액도](索額圖)이다."}