{"entityTagged":"[넌]의 첫 아내 [재닛_수즈먼](Janet Suzman)은 [1974년] 〈[:en:Antony_and_Cleopatra_(1974_TV_drama)]〉 등 그의 여러 무대에 올랐다. [넌]은 연극계의 주목할만한 인물이 되었으며, [존_케어드](John Caird)와 공동 제작한 [찰스_디킨스]의 〈[니콜라스_니클비]〉와 같은 여러 실험작들을 담당했다. [1976년]에는 [윌리엄_세익스피어] 희곡을 개작한 〈코미디 오브 에러스〉(\"The Comedy of Errors\") 등의 작품을 내놓았다.","globalSId":[3020718,3020719,3020720],"entities":[{"kbox_types":["NULL"],"st":0,"en_mention":1,"ancestor":"5-0","eIdx":0,"st_mention":0,"en":3,"ne_type":"PERSON","keyword":"[넌]","e_type":"NEW"},{"kbox_types":["NULL"],"st":10,"en_mention":14,"ancestor":"","eIdx":1,"st_mention":8,"en":18,"ne_type":"ETC","keyword":"[재닛_수즈먼]","e_type":"WIKILINK"},{"kbox_types":["Year","TimePeriod"],"st":34,"en_mention":35,"ancestor":"","eIdx":2,"st_mention":30,"en":41,"ne_type":"TIME","keyword":"[1974년]","e_type":"WIKILINK"},{"kbox_types":["NULL"],"st":43,"en_mention":48,"ancestor":"","eIdx":3,"st_mention":37,"en":85,"ne_type":"ETC","keyword":"[:en:Antony_and_Cleopatra_(1974_TV_drama)]","e_type":"WIKILINK"},{"kbox_types":["NULL"],"st":104,"en_mention":68,"ancestor":"5-0","eIdx":4,"st_mention":67,"en":107,"ne_type":"PERSON","keyword":"[넌]","e_type":"NEW"},{"kbox_types":["NULL"],"st":130,"en_mention":96,"ancestor":"","eIdx":5,"st_mention":91,"en":137,"ne_type":"ETC","keyword":"[존_케어드]","e_type":"WIKILINK"},{"kbox_types":["Writer","Agent","Person","Artist"],"st":158,"en_mention":123,"ancestor":"","eIdx":6,"st_mention":117,"en":166,"ne_type":"PERSON","keyword":"[찰스_디킨스]","e_type":"WIKILINK"},{"kbox_types":["WrittenWork","Book","Work"],"st":169,"en_mention":134,"ancestor":"","eIdx":7,"st_mention":126,"en":179,"ne_type":"ETC","keyword":"[니콜라스_니클비]","e_type":"WIKILINK"},{"kbox_types":["Year","Agent","EducationalInstitution","TimePeriod","Organisation","University"],"st":200,"en_mention":160,"ancestor":"","eIdx":8,"st_mention":155,"en":207,"ne_type":"TIME","keyword":"[1976년]","e_type":"WIKILINK"},{"kbox_types":["NULL"],"st":210,"en_mention":168,"ancestor":"","eIdx":9,"st_mention":163,"en":221,"ne_type":"ETC","keyword":"[윌리엄_세익스피어]","e_type":"WIKILINK"}],"wikiPageId":916238,"pIdx":6,"plainText":"넌의 첫 아내 재닛 수즈먼(Janet Suzman)은 1974년 〈안토니와 클레오파트라〉 등 그의 여러 무대에 올랐다. 넌은 연극계의 주목할만한 인물이 되었으며, 존 케어드(John Caird)와 공동 제작한 찰스 디킨스의 〈니콜라스 니클비〉와 같은 여러 실험작들을 담당했다. 1976년에는 셰익스피어 희곡을 개작한 〈코미디 오브 에러스〉(\"The Comedy of Errors\") 등의 작품을 내놓았다.","mentionTagged":"[넌]의 첫 아내 [재닛 수즈먼](Janet Suzman)은 [1974년] 〈[안토니와 클레오파트라]〉 등 그의 여러 무대에 올랐다. [넌]은 연극계의 주목할만한 인물이 되었으며, [존 케어드](John Caird)와 공동 제작한 [찰스 디킨스]의 〈[니콜라스 니클비]〉와 같은 여러 실험작들을 담당했다. [1976년]에는 [셰익스피어] 희곡을 개작한 〈코미디 오브 에러스〉(\"The Comedy of Errors\") 등의 작품을 내놓았다."}