{"entityTagged":"친족 관계. [역사언어학]에 따르면 현재 쓰이는 거의 모든 언어는 공통된 몇몇 [조어](祖語)에서 갈라져나왔으므로 그 [조어]에 따라 몇 개의 [어족]으로 나눌 수 있다. 예를 들어 [영어]는 다른 [인도유럽어족]의 언어들과 공통의 조어([인도유럽조어])로부터 갈라져 나왔으므로 친족 관계이며 [중국어]는 다른 [시노티베트어족]의 언어들과 친족 관계이다. 이 기준에 따르면 고립어는 저마다 홀로 한 어족을 구성하는 것으로 볼 수 있다. 이러한 특징때문에 고립어는 언어학자들에게 매우 중요한 연구 대상이다.","globalSId":[79572,79573,79574,79575,79576],"entities":[{"kbox_types":["NULL"],"st":7,"en_mention":11,"ancestor":"","eIdx":0,"st_mention":6,"en":14,"ne_type":"ETC","keyword":"[역사언어학]","e_type":"WIKILINK"},{"kbox_types":["NULL"],"st":44,"en_mention":43,"ancestor":"","eIdx":1,"st_mention":41,"en":48,"ne_type":"ETC","keyword":"[조어]","e_type":"WIKILINK"},{"kbox_types":["NULL"],"st":66,"en_mention":63,"ancestor":"3-1","eIdx":2,"st_mention":61,"en":70,"ne_type":"ETC","keyword":"[조어]","e_type":"NEW"},{"kbox_types":["NULL"],"st":80,"en_mention":75,"ancestor":"","eIdx":3,"st_mention":73,"en":84,"ne_type":"ETC","keyword":"[어족]","e_type":"WIKILINK"},{"kbox_types":["Language"],"st":102,"en_mention":95,"ancestor":"","eIdx":4,"st_mention":93,"en":106,"ne_type":"ETC","keyword":"[영어]","e_type":"WIKILINK"},{"kbox_types":["NULL"],"st":111,"en_mention":106,"ancestor":"","eIdx":5,"st_mention":100,"en":119,"ne_type":"ETC","keyword":"[인도유럽어족]","e_type":"WIKILINK"},{"kbox_types":["NULL"],"st":133,"en_mention":126,"ancestor":"","eIdx":6,"st_mention":120,"en":141,"ne_type":"ETC","keyword":"[인도유럽조어]","e_type":"WIKILINK"},{"kbox_types":["Language"],"st":164,"en_mention":152,"ancestor":"","eIdx":7,"st_mention":149,"en":169,"ne_type":"ETC","keyword":"[중국어]","e_type":"WIKILINK"},{"kbox_types":["NULL"],"st":174,"en_mention":164,"ancestor":"","eIdx":8,"st_mention":157,"en":183,"ne_type":"ETC","keyword":"[시노티베트어족]","e_type":"WIKILINK"}],"wikiPageId":5748,"pIdx":3,"plainText":"친족 관계 역사언어학에 따르면 현재 쓰이는 거의 모든 언어는 공통된 몇몇 조어(祖語)에서 갈라져나왔으므로 그 조어에 따라 몇 개의 어족으로 나눌 수 있다. 예를 들어 영어는 다른 인도유럽어족의 언어들과 공통의 조어(인도유럽조어)로부터 갈라져 나왔으므로 친족 관계이며 중국어는 다른 시노티베트어족의 언어들과 친족 관계이다. 이 기준에 따르면 고립어는 저마다 홀로 한 어족을 구성하는 것으로 볼 수 있다. 이러한 특징때문에 고립어는 언어학자들에게 매우 중요한 연구 대상이다.","mentionTagged":"친족 관계 [역사언어학]에 따르면 현재 쓰이는 거의 모든 언어는 공통된 몇몇 [조어](祖語)에서 갈라져나왔으므로 그 [조어]에 따라 몇 개의 [어족]으로 나눌 수 있다. 예를 들어 [영어]는 다른 [인도유럽어족]의 언어들과 공통의 조어([인도유럽조어])로부터 갈라져 나왔으므로 친족 관계이며 [중국어]는 다른 [시노티베트어족]의 언어들과 친족 관계이다. 이 기준에 따르면 고립어는 저마다 홀로 한 어족을 구성하는 것으로 볼 수 있다. 이러한 특징때문에 고립어는 언어학자들에게 매우 중요한 연구 대상이다."}