{"entityTagged":"자녀. <필리포_인차기>는 [1739년] [10월_25일] [루이_15세]의 딸 [프랑스의_엘리사베타]와 결혼했다.","globalSId":[2364492,2364493],"entities":[{"kbox_types":["SoccerPlayer","SportsManager","Agent","Person","SoccerManager","Athlete"],"st":4,"en_mention":6,"ancestor":"","eIdx":0,"st_mention":3,"en":13,"ne_type":"PERSON","keyword":"<필리포_인차기>","e_type":"ELU"},{"kbox_types":["Year","TimePeriod"],"st":15,"en_mention":13,"ancestor":"","eIdx":1,"st_mention":8,"en":22,"ne_type":"TIME","keyword":"[1739년]","e_type":"WIKILINK"},{"kbox_types":["NULL"],"st":23,"en_mention":21,"ancestor":"","eIdx":2,"st_mention":14,"en":32,"ne_type":"TIME","keyword":"[10월_25일]","e_type":"WIKILINK"},{"kbox_types":["Royalty","Monarch","BritishRoyalty","Agent","Person"],"st":33,"en_mention":28,"ancestor":"","eIdx":3,"st_mention":22,"en":41,"ne_type":"PERSON","keyword":"[루이_15세]","e_type":"WIKILINK"},{"kbox_types":["Royalty","BritishRoyalty","Agent","Person"],"st":45,"en_mention":37,"ancestor":"","eIdx":4,"st_mention":32,"en":57,"ne_type":"PERSON","keyword":"[프랑스의_엘리사베타]","e_type":"WIKILINK"}],"wikiPageId":585033,"pIdx":3,"plainText":"자녀 필리포는 1739년 10월 25일 루이 15세의 딸 엘리사베타와 결혼했다.","pronouns":[],"mentionTagged":"자녀 [필리포]는 [1739년] [10월 25일] [루이 15세]의 딸 [엘리사베타]와 결혼했다."}