{"entityTagged":"《[토우대장차차]》는 [대한민국]의 [아주대학교] [정보통신연구소] [게임애니메이션센터]에 의해 만들어진 [3차원] 입체 [애니메이션]으로 [2007년] [경주세계문화엑스포]에서 상영되었다.","globalSId":[974928],"entities":[{"kbox_types":["NULL"],"st":1,"en_mention":7,"ancestor":"-2","eIdx":0,"st_mention":1,"en":9,"ne_type":"ETC","keyword":"[토우대장차차]","e_type":"NEW"},{"kbox_types":["Country","PopulatedPlace","PopulatedPlace","Place"],"st":12,"en_mention":14,"ancestor":"","eIdx":1,"st_mention":10,"en":18,"ne_type":"LOCATION","keyword":"[대한민국]","e_type":"WIKILINK"},{"kbox_types":["University","SoccerClub","Agent","EducationalInstitution","SportsTeam","Organisation"],"st":20,"en_mention":21,"ancestor":"","eIdx":2,"st_mention":16,"en":27,"ne_type":"ORGANIZATION","keyword":"[아주대학교]","e_type":"WIKILINK"},{"kbox_types":["NULL"],"st":28,"en_mention":29,"ancestor":"-2","eIdx":3,"st_mention":22,"en":37,"ne_type":"ORGANIZATION","keyword":"[정보통신연구소]","e_type":"NEW"},{"kbox_types":["NULL"],"st":38,"en_mention":39,"ancestor":"-2","eIdx":4,"st_mention":30,"en":49,"ne_type":"ORGANIZATION","keyword":"[게임애니메이션센터]","e_type":"NEW"},{"kbox_types":["NULL"],"st":59,"en_mention":52,"ancestor":"","eIdx":5,"st_mention":49,"en":64,"ne_type":"ETC","keyword":"[3차원]","e_type":"WIKILINK"},{"kbox_types":["MusicGenre","TopicalConcept","Genre"],"st":68,"en_mention":61,"ancestor":"","eIdx":6,"st_mention":56,"en":75,"ne_type":"ETC","keyword":"[애니메이션]","e_type":"WIKILINK"},{"kbox_types":["Year","MusicalWork","TimePeriod","Work","Album"],"st":78,"en_mention":69,"ancestor":"","eIdx":7,"st_mention":64,"en":85,"ne_type":"TIME","keyword":"[2007년]","e_type":"WIKILINK"},{"kbox_types":["NULL"],"st":86,"en_mention":79,"ancestor":"","eIdx":8,"st_mention":70,"en":97,"ne_type":"ETC","keyword":"[경주세계문화엑스포]","e_type":"WIKILINK"}],"wikiPageId":137632,"pIdx":1,"plainText":"《토우대장차차》는 대한민국의 아주대학교 정보통신연구소 게임애니메이션센터에 의해 만들어진 3차원 입체 애니메이션으로 2007년 경주세계문화엑스포에서 상영되었다.","mentionTagged":"《[토우대장차차]》는 [대한민국]의 [아주대학교] [정보통신연구소] [게임애니메이션센터]에 의해 만들어진 [3차원] 입체 [애니메이션]으로 [2007년] [경주세계문화엑스포]에서 상영되었다."}