{"entityTagged":"<마산면_(서천군)>(馬山面)은 [대한민국] [충청남도] [서천군]의 [면_(행정_구역)]이다.","globalSId":[2561654],"entities":[{"kbox_types":["NULL"],"st":0,"en_mention":3,"ancestor":"","eIdx":0,"st_mention":0,"en":11,"ne_type":"ETC","keyword":"<마산면_(서천군)>","e_type":"ELU"},{"kbox_types":["Country","PopulatedPlace","PopulatedPlace","Place"],"st":18,"en_mention":14,"ancestor":"","eIdx":1,"st_mention":10,"en":24,"ne_type":"LOCATION","keyword":"[대한민국]","e_type":"WIKILINK"},{"kbox_types":["PopulatedPlace","Settlement","PopulatedPlace","Place"],"st":25,"en_mention":19,"ancestor":"","eIdx":2,"st_mention":15,"en":31,"ne_type":"LOCATION","keyword":"[충청남도]","e_type":"WIKILINK"},{"kbox_types":["PopulatedPlace","Settlement","PopulatedPlace","Place"],"st":32,"en_mention":23,"ancestor":"","eIdx":3,"st_mention":20,"en":37,"ne_type":"LOCATION","keyword":"[서천군]","e_type":"WIKILINK"},{"kbox_types":["NULL"],"st":39,"en_mention":26,"ancestor":"","eIdx":4,"st_mention":25,"en":50,"ne_type":"ETC","keyword":"[면_(행정_구역)]","e_type":"WIKILINK"}],"wikiPageId":678583,"pIdx":1,"plainText":"마산면(馬山面)은 대한민국 충청남도 서천군의 면이다.","pronouns":[],"mentionTagged":"[마산면](馬山面)은 [대한민국] [충청남도] [서천군]의 [면]이다."}