{"entityTagged":"[도조 역]()은 [일본] [히로시마_현] [쇼바라_시]에 위치한 [서일본_여객철도] [게이비_선]의 [철도역]이다. [단선_승강장] 1면 1선의 구조를 갖춘 지상역이다.","globalSId":[3664042,3664043],"entities":[{"kbox_types":["NULL"],"st":0,"en_mention":4,"ancestor":"-2","eIdx":0,"st_mention":0,"en":6,"ne_type":"LOCATION","keyword":"[도조 역]","e_type":"NEW"},{"kbox_types":["Country","PopulatedPlace","PopulatedPlace","Place"],"st":10,"en_mention":10,"ancestor":"","eIdx":1,"st_mention":8,"en":14,"ne_type":"LOCATION","keyword":"[일본]","e_type":"WIKILINK"},{"kbox_types":["Region","PopulatedPlace","AdministrativeRegion","Settlement","Place","AdministrativeRegion"],"st":15,"en_mention":17,"ancestor":"","eIdx":2,"st_mention":11,"en":23,"ne_type":"LOCATION","keyword":"[히로시마_현]","e_type":"WIKILINK"},{"kbox_types":["PopulatedPlace","Settlement","PopulatedPlace","City","Place"],"st":24,"en_mention":23,"ancestor":"","eIdx":3,"st_mention":18,"en":31,"ne_type":"LOCATION","keyword":"[쇼바라_시]","e_type":"WIKILINK"},{"kbox_types":["Agent","Organisation","Company"],"st":37,"en_mention":37,"ancestor":"","eIdx":4,"st_mention":29,"en":47,"ne_type":"ORGANIZATION","keyword":"[서일본_여객철도]","e_type":"WIKILINK"},{"kbox_types":["ArchitecturalStructure","Place","RailwayLine","Place","RouteOfTransportation","Infrastructure"],"st":48,"en_mention":43,"ancestor":"","eIdx":5,"st_mention":38,"en":55,"ne_type":"LOCATION","keyword":"[게이비_선]","e_type":"WIKILINK"},{"kbox_types":["NULL"],"st":57,"en_mention":48,"ancestor":"","eIdx":6,"st_mention":45,"en":62,"ne_type":"ETC","keyword":"[철도역]","e_type":"WIKILINK"},{"kbox_types":["NULL"],"st":66,"en_mention":58,"ancestor":"","eIdx":7,"st_mention":52,"en":74,"ne_type":"ETC","keyword":"[단선_승강장]","e_type":"WIKILINK"}],"wikiPageId":1388721,"pIdx":1,"plainText":"도조 역()은 일본 히로시마 현 쇼바라 시에 위치한 서일본 여객철도 게이비 선의 철도역이다. 단선 승강장 1면 1선의 구조를 갖춘 지상역이다.","mentionTagged":"[도조 역]()은 [일본] [히로시마 현] [쇼바라 시]에 위치한 [서일본 여객철도] [게이비 선]의 [철도역]이다. [단선 승강장] 1면 1선의 구조를 갖춘 지상역이다."}