{"entityTagged":"<키르기스어>( )는 [투르크어족]에 속한 언어로 [키르기스스탄]에서 [러시아어]와 함께 [공용어]로 지정되어 있다.","globalSId":[536189],"entities":[{"kbox_types":["Language"],"st":0,"en_mention":5,"ancestor":"","eIdx":0,"st_mention":0,"en":7,"ne_type":"ETC","keyword":"<키르기스어>","e_type":"ELU"},{"kbox_types":["NULL"],"st":12,"en_mention":15,"ancestor":"","eIdx":1,"st_mention":10,"en":19,"ne_type":"ETC","keyword":"[투르크어족]","e_type":"WIKILINK"},{"kbox_types":["Country","PopulatedPlace","Settlement","PopulatedPlace","Place"],"st":28,"en_mention":30,"ancestor":"","eIdx":2,"st_mention":24,"en":36,"ne_type":"LOCATION","keyword":"[키르기스스탄]","e_type":"WIKILINK"},{"kbox_types":["Language"],"st":39,"en_mention":37,"ancestor":"","eIdx":3,"st_mention":33,"en":45,"ne_type":"ETC","keyword":"[러시아어]","e_type":"WIKILINK"},{"kbox_types":["NULL"],"st":50,"en_mention":45,"ancestor":"","eIdx":4,"st_mention":42,"en":55,"ne_type":"ETC","keyword":"[공용어]","e_type":"WIKILINK"}],"wikiPageId":64616,"pIdx":1,"plainText":"키르기스어( )는 투르크어족에 속한 언어로 키르기스스탄에서 러시아어와 함께 공용어로 지정되어 있다.","pronouns":[],"mentionTagged":"[키르기스어]( )는 [투르크어족]에 속한 언어로 [키르기스스탄]에서 [러시아어]와 함께 [공용어]로 지정되어 있다."}