{"entityTagged":"이렇게 수차례의 실패 후 [1936년] 중반, [이탈리아]의 [에밀리오_세그레]는 [미국] [뉴욕]에 있는 [컬럼비아_대학]과 [캘리포니아_주]에 있는 [로렌스 버클리 국립 연구소]를 방문하여 [사이클로트론]을 발명한 [어니스트_로렌스]를 만났다. [세그레]는 <로런스>를 설득하여 [사이클로트론] 실험으로 [방사성]이 된 [몰리브데넘] 시료를 얻었다. 마침내 [1936년 12월,] [이탈리아] [시칠리아_섬]에 있는 [팔메로 대학]의 <에밀리오_지노_세그레>와 카를로 <요한_페리르>는 이 [몰리브데넘] 시료를 분석하여 95mTc와 97Tc를 발견하였다. [팔메로 대학] 측에서는 새로 발견된 원소에 자신들의 대학 이름을 <라틴어>로 옮긴 \u2018[파노르무스](panormus)\u2019에서 이름을 따 [파노르뮴](panormium)이라는 이름을 붙이길 원했으나 결국 [제2차_세계대전]이 끝난 후인 [1947년]에 [그리스어] 테크네토스(←, \"인공적인\"이라는 뜻)에서 이름을 따 \u2018[테크네튬]\u2019이라는 이름을 붙였다.","globalSId":[487764,487765,487766,487767],"entities":[{"kbox_types":["Year","TimePeriod"],"st":14,"en_mention":19,"ancestor":"-2","eIdx":0,"st_mention":14,"en":21,"ne_type":"TIME","keyword":"[1936년]","e_type":"NEW"},{"kbox_types":["Country","PopulatedPlace","Settlement","PopulatedPlace","Place"],"st":26,"en_mention":28,"ancestor":"","eIdx":1,"st_mention":24,"en":32,"ne_type":"LOCATION","keyword":"[이탈리아]","e_type":"WIKILINK"},{"kbox_types":["NULL"],"st":34,"en_mention":38,"ancestor":"","eIdx":2,"st_mention":30,"en":44,"ne_type":"ETC","keyword":"[에밀리오_세그레]","e_type":"WIKILINK"},{"kbox_types":["Country","PopulatedPlace","PopulatedPlace","Place"],"st":46,"en_mention":42,"ancestor":"","eIdx":3,"st_mention":40,"en":50,"ne_type":"LOCATION","keyword":"[미국]","e_type":"WIKILINK"},{"kbox_types":["PopulatedPlace","Place","Settlement","PopulatedPlace","City"],"st":51,"en_mention":45,"ancestor":"","eIdx":4,"st_mention":43,"en":55,"ne_type":"LOCATION","keyword":"[뉴욕]","e_type":"WIKILINK"},{"kbox_types":["NULL"],"st":60,"en_mention":57,"ancestor":"","eIdx":5,"st_mention":50,"en":69,"ne_type":"ETC","keyword":"[컬럼비아_대학]","e_type":"WIKILINK"},{"kbox_types":["Region","PopulatedPlace","AdministrativeRegion","Place","Settlement","AdministrativeRegion"],"st":71,"en_mention":66,"ancestor":"","eIdx":6,"st_mention":59,"en":80,"ne_type":"LOCATION","keyword":"[캘리포니아_주]","e_type":"WIKILINK"},{"kbox_types":["NULL"],"st":85,"en_mention":85,"ancestor":"-2","eIdx":7,"st_mention":71,"en":101,"ne_type":"LOCATION","keyword":"[로렌스 버클리 국립 연구소]","e_type":"NEW"},{"kbox_types":["NULL"],"st":108,"en_mention":98,"ancestor":"","eIdx":8,"st_mention":92,"en":116,"ne_type":"ETC","keyword":"[사이클로트론]","e_type":"WIKILINK"},{"kbox_types":["NULL"],"st":122,"en_mention":112,"ancestor":"","eIdx":9,"st_mention":104,"en":132,"ne_type":"ETC","keyword":"[어니스트_로렌스]","e_type":"WIKILINK"},{"kbox_types":["NULL"],"st":139,"en_mention":122,"ancestor":"-2","eIdx":10,"st_mention":119,"en":144,"ne_type":"PERSON","keyword":"[세그레]","e_type":"NEW"},{"kbox_types":["NULL"],"st":146,"en_mention":127,"ancestor":"","eIdx":11,"st_mention":124,"en":151,"ne_type":"ETC","keyword":"<로런스>","e_type":"ELU"},{"kbox_types":["NULL"],"st":158,"en_mention":140,"ancestor":"6-8","eIdx":12,"st_mention":134,"en":166,"ne_type":"ETC","keyword":"[사이클로트론]","e_type":"NEW"},{"kbox_types":["NULL"],"st":172,"en_mention":149,"ancestor":"","eIdx":13,"st_mention":146,"en":177,"ne_type":"ETC","keyword":"[방사성]","e_type":"WIKILINK"},{"kbox_types":["NULL"],"st":181,"en_mention":158,"ancestor":"","eIdx":14,"st_mention":153,"en":188,"ne_type":"ETC","keyword":"[몰리브데넘]","e_type":"WIKILINK"},{"kbox_types":["NULL"],"st":202,"en_mention":182,"ancestor":"-2","eIdx":15,"st_mention":172,"en":214,"ne_type":"TIME","keyword":"[1936년 12월,]","e_type":"NEW"},{"kbox_types":["Country","PopulatedPlace","Settlement","PopulatedPlace","Place"],"st":215,"en_mention":187,"ancestor":"6-1","eIdx":16,"st_mention":183,"en":221,"ne_type":"LOCATION","keyword":"[이탈리아]","e_type":"NEW"},{"kbox_types":["Island","Place","PopulatedPlace"],"st":222,"en_mention":194,"ancestor":"","eIdx":17,"st_mention":188,"en":230,"ne_type":"LOCATION","keyword":"[시칠리아_섬]","e_type":"WIKILINK"},{"kbox_types":["NULL"],"st":235,"en_mention":205,"ancestor":"-2","eIdx":18,"st_mention":199,"en":243,"ne_type":"LOCATION","keyword":"[팔메로 대학]","e_type":"NEW"},{"kbox_types":["Scientist","Agent","Person"],"st":245,"en_mention":215,"ancestor":"","eIdx":19,"st_mention":207,"en":258,"ne_type":"PERSON","keyword":"<에밀리오_지노_세그레>","e_type":"ELU"},{"kbox_types":["Politician","Agent","Person"],"st":264,"en_mention":225,"ancestor":"","eIdx":20,"st_mention":221,"en":272,"ne_type":"PERSON","keyword":"<요한_페리르>","e_type":"ELU"},{"kbox_types":["NULL"],"st":276,"en_mention":234,"ancestor":"6-14","eIdx":21,"st_mention":229,"en":283,"ne_type":"ETC","keyword":"[몰리브데넘]","e_type":"NEW"},{"kbox_types":["NULL"],"st":313,"en_mention":270,"ancestor":"6-18","eIdx":22,"st_mention":264,"en":321,"ne_type":"LOCATION","keyword":"[팔메로 대학]","e_type":"NEW"},{"kbox_types":["Language"],"st":350,"en_mention":302,"ancestor":"","eIdx":23,"st_mention":299,"en":355,"ne_type":"ETC","keyword":"<라틴어>","e_type":"ELU"},{"kbox_types":["NULL"],"st":361,"en_mention":313,"ancestor":"-2","eIdx":24,"st_mention":308,"en":368,"ne_type":"ETC","keyword":"[파노르무스]","e_type":"NEW"},{"kbox_types":["NULL"],"st":388,"en_mention":337,"ancestor":"-2","eIdx":25,"st_mention":333,"en":394,"ne_type":"ETC","keyword":"[파노르뮴]","e_type":"NEW"},{"kbox_types":["MilitaryConflict","Event","SocietalEvent"],"st":425,"en_mention":376,"ancestor":"","eIdx":26,"st_mention":368,"en":435,"ne_type":"ETC","keyword":"[제2차_세계대전]","e_type":"WIKILINK"},{"kbox_types":["Year","TimePeriod"],"st":443,"en_mention":389,"ancestor":"-2","eIdx":27,"st_mention":384,"en":450,"ne_type":"TIME","keyword":"[1947년]","e_type":"NEW"},{"kbox_types":["Language"],"st":452,"en_mention":395,"ancestor":"","eIdx":28,"st_mention":391,"en":458,"ne_type":"ETC","keyword":"[그리스어]","e_type":"WIKILINK"},{"kbox_types":["NULL"],"st":490,"en_mention":431,"ancestor":"-2","eIdx":29,"st_mention":427,"en":496,"ne_type":"ETC","keyword":"[테크네튬]","e_type":"NEW"}],"wikiPageId":54127,"pIdx":6,"plainText":"이렇게 수차례의 실패 후 1936년 중반, 이탈리아의 에밀리오 세그레는 미국 뉴욕에 있는 컬럼비아 대학과 캘리포니아 주에 있는 로렌스 버클리 국립 연구소를 방문하여 사이클로트론을 발명한 어니스트 로렌스를 만났다. 세그레는 로렌스를 설득하여 사이클로트론 실험으로 방사성이 된 몰리브데넘 시료를 얻었다. 마침내 1936년 12월, 이탈리아 시칠리아 섬에 있는 팔메로 대학의 에밀리오 세그레와 카를로 페리에르는 이 몰리브데넘 시료를 분석하여 95mTc와 97Tc를 발견하였다. 팔메로 대학 측에서는 새로 발견된 원소에 자신들의 대학 이름을 라틴어로 옮긴 \u2018파노르무스(panormus)\u2019에서 이름을 따 파노르뮴(panormium)이라는 이름을 붙이길 원했으나 결국 제2차 세계대전이 끝난 후인 1947년에 그리스어 테크네토스(←, \"인공적인\"이라는 뜻)에서 이름을 따 \u2018테크네튬\u2019이라는 이름을 붙였다.","pronouns":[{"st":274,"ancestor":"6-14","proIdx":0,"en":285,"cwStateCd":"FIXED","cwSelIdx":27,"type":"PRONOUN","keyword":"이 [몰리브데넘] 시료"},{"st":338,"ancestor":"-2","proIdx":1,"en":340,"cwStateCd":"FIXED","cwSelIdx":[],"type":"PRONOUN","keyword":"자신들"},{"st":338,"ancestor":"6-18","proIdx":2,"en":347,"cwStateCd":"FIXED","cwSelIdx":35,"type":"PRONOUN","keyword":"자신들의 대학 이름"},{"st":338,"ancestor":"-2","proIdx":3,"en":378,"cwStateCd":"FIXED","cwSelIdx":[],"type":"PRONOUN","keyword":"자신들의 대학 이름을 <라틴어>로 옮긴 \u2018[파노르무스](panormus)\u2019"}],"mentionTagged":"이렇게 수차례의 실패 후 [1936년] 중반, [이탈리아]의 [에밀리오 세그레]는 [미국] [뉴욕]에 있는 [컬럼비아 대학]과 [캘리포니아 주]에 있는 [로렌스 버클리 국립 연구소]를 방문하여 [사이클로트론]을 발명한 [어니스트 로렌스]를 만났다. [세그레]는 [로렌스]를 설득하여 [사이클로트론] 실험으로 [방사성]이 된 [몰리브데넘] 시료를 얻었다. 마침내 [1936년 12월,] [이탈리아] [시칠리아 섬]에 있는 [팔메로 대학]의 [에밀리오 세그레]와 카를로 [페리에르]는 이 [몰리브데넘] 시료를 분석하여 95mTc와 97Tc를 발견하였다. [팔메로 대학] 측에서는 새로 발견된 원소에 자신들의 대학 이름을 [라틴어]로 옮긴 \u2018[파노르무스](panormus)\u2019에서 이름을 따 [파노르뮴](panormium)이라는 이름을 붙이길 원했으나 결국 [제2차 세계대전]이 끝난 후인 [1947년]에 [그리스어] 테크네토스(←, \"인공적인\"이라는 뜻)에서 이름을 따 \u2018[테크네튬]\u2019이라는 이름을 붙였다."}