{"entityTagged":"<카를_노이키르슈>(, [1864년] [11월] [3일] ~ [1941년] [6월] [26일])는 [독일]의 [체조]이다. 그는 [아테네]에서 열린 [1896년_하계_올림픽]에 참가했다.","globalSId":[2152215,2152216],"entities":[{"kbox_types":["Agent","Person"],"st":0,"en_mention":8,"ancestor":"","eIdx":0,"st_mention":0,"en":10,"ne_type":"PERSON","keyword":"<카를_노이키르슈>","e_type":"ELU"},{"kbox_types":["Year","TimePeriod"],"st":13,"en_mention":16,"ancestor":"-2","eIdx":1,"st_mention":11,"en":20,"ne_type":"TIME","keyword":"[1864년]","e_type":"NEW"},{"kbox_types":["NULL"],"st":21,"en_mention":20,"ancestor":"-2","eIdx":2,"st_mention":17,"en":26,"ne_type":"TIME","keyword":"[11월]","e_type":"NEW"},{"kbox_types":["NULL"],"st":27,"en_mention":23,"ancestor":"-2","eIdx":3,"st_mention":21,"en":31,"ne_type":"TIME","keyword":"[3일]","e_type":"NEW"},{"kbox_types":["Year","TimePeriod"],"st":34,"en_mention":31,"ancestor":"-2","eIdx":4,"st_mention":26,"en":41,"ne_type":"TIME","keyword":"[1941년]","e_type":"NEW"},{"kbox_types":["NULL"],"st":42,"en_mention":34,"ancestor":"-2","eIdx":5,"st_mention":32,"en":46,"ne_type":"TIME","keyword":"[6월]","e_type":"NEW"},{"kbox_types":["NULL"],"st":47,"en_mention":38,"ancestor":"-2","eIdx":6,"st_mention":35,"en":52,"ne_type":"TIME","keyword":"[26일]","e_type":"NEW"},{"kbox_types":["Country","PopulatedPlace","Settlement","PopulatedPlace","Place"],"st":55,"en_mention":43,"ancestor":"","eIdx":7,"st_mention":41,"en":59,"ne_type":"LOCATION","keyword":"[독일]","e_type":"WIKILINK"},{"kbox_types":["NULL"],"st":61,"en_mention":50,"ancestor":"","eIdx":8,"st_mention":45,"en":65,"ne_type":"ETC","keyword":"[체조]","e_type":"WIKILINK"},{"kbox_types":["Region","PopulatedPlace","AdministrativeRegion","Place","Settlement","City","AdministrativeRegion"],"st":72,"en_mention":60,"ancestor":"","eIdx":9,"st_mention":57,"en":77,"ne_type":"LOCATION","keyword":"[아테네]","e_type":"WIKILINK"},{"kbox_types":["Olympics","Event","SocietalEvent","SportsEvent"],"st":83,"en_mention":78,"ancestor":"","eIdx":10,"st_mention":66,"en":97,"ne_type":"ETC","keyword":"[1896년_하계_올림픽]","e_type":"WIKILINK"}],"wikiPageId":487743,"pIdx":1,"plainText":"카를 노이키르슈(, 1864년 11월 3일 ~ 1941년 6월 26일)는 독일의 체조 선수이다. 그는 아테네에서 열린 1896년 하계 올림픽에 참가했다.","pronouns":[{"st":69,"ancestor":"1-0","proIdx":0,"en":70,"cwStateCd":"FIXED","cwSelIdx":0,"type":"PRONOUN","keyword":"그는"}],"mentionTagged":"[카를 노이키르슈](, [1864년] [11월] [3일] ~ [1941년] [6월] [26일])는 [독일]의 [체조 선수]이다. 그는 [아테네]에서 열린 [1896년 하계 올림픽]에 참가했다."}