{"entityTagged":"<지우르지우_주>()는 [루마니아] 남부 [문테니아] 지방에 위치한 주로, 주도는 [지우르지우]이며 면적은 3,526㎢, 인구는 297,859명([2002년] 기준), 인구 밀도는 84명\/㎢, [ISO_3166-2] 코드는 [RO-GR]이다. 동쪽으로는 [컬러라시_주], 서쪽으로는 [텔레오르만_주], 북쪽으로는 [일포브_주]와 [듬보비차_주], 남쪽으로는 [불가리아] [루세_주], [실리스트라_주]와 접하며 1개 시와 2개 마을, 51개 지방 자치체를 관할한다.","globalSId":[2711070,2711071],"entities":[{"kbox_types":["PopulatedPlace","Settlement","PopulatedPlace","Place"],"st":0,"en_mention":7,"ancestor":"","eIdx":0,"st_mention":0,"en":9,"ne_type":"LOCATION","keyword":"<지우르지우_주>","e_type":"ELU"},{"kbox_types":["Country","PopulatedPlace","PopulatedPlace","Place"],"st":13,"en_mention":15,"ancestor":"","eIdx":1,"st_mention":11,"en":19,"ne_type":"LOCATION","keyword":"[루마니아]","e_type":"WIKILINK"},{"kbox_types":["Place","PopulatedPlace","Region","HistoricalRegion"],"st":23,"en_mention":23,"ancestor":"","eIdx":2,"st_mention":19,"en":29,"ne_type":"LOCATION","keyword":"[문테니아]","e_type":"WIKILINK"},{"kbox_types":["PopulatedPlace","Place","Settlement","PopulatedPlace"],"st":46,"en_mention":45,"ancestor":"","eIdx":3,"st_mention":40,"en":53,"ne_type":"LOCATION","keyword":"[지우르지우]","e_type":"WIKILINK"},{"kbox_types":["Year","MusicalWork","TimePeriod","Work","Album"],"st":81,"en_mention":78,"ancestor":"-1","eIdx":4,"st_mention":73,"en":88,"ne_type":"TIME","keyword":"[2002년]","e_type":"NEW"},{"kbox_types":["NULL"],"st":108,"en_mention":108,"ancestor":"","eIdx":5,"st_mention":98,"en":120,"ne_type":"ETC","keyword":"[ISO_3166-2]","e_type":"WIKILINK"},{"kbox_types":["NULL"],"st":125,"en_mention":118,"ancestor":"1-5","eIdx":6,"st_mention":113,"en":132,"ne_type":"ETC","keyword":"[RO-GR]","e_type":"NEW"},{"kbox_types":["PopulatedPlace","Settlement","PopulatedPlace","Place"],"st":142,"en_mention":134,"ancestor":"","eIdx":7,"st_mention":128,"en":150,"ne_type":"LOCATION","keyword":"[컬러라시_주]","e_type":"WIKILINK"},{"kbox_types":["NULL"],"st":158,"en_mention":149,"ancestor":"","eIdx":8,"st_mention":142,"en":167,"ne_type":"ETC","keyword":"[텔레오르만_주]","e_type":"WIKILINK"},{"kbox_types":["NULL"],"st":175,"en_mention":162,"ancestor":"","eIdx":9,"st_mention":157,"en":182,"ne_type":"ETC","keyword":"[일포브_주]","e_type":"WIKILINK"},{"kbox_types":["PopulatedPlace","Settlement","PopulatedPlace","Place"],"st":184,"en_mention":170,"ancestor":"","eIdx":10,"st_mention":164,"en":192,"ne_type":"LOCATION","keyword":"[듬보비차_주]","e_type":"WIKILINK"},{"kbox_types":["Country","PopulatedPlace","Settlement","PopulatedPlace","Place"],"st":200,"en_mention":182,"ancestor":"","eIdx":11,"st_mention":178,"en":206,"ne_type":"LOCATION","keyword":"[불가리아]","e_type":"WIKILINK"},{"kbox_types":["NULL"],"st":207,"en_mention":187,"ancestor":"","eIdx":12,"st_mention":183,"en":213,"ne_type":"ETC","keyword":"[루세_주]","e_type":"WIKILINK"},{"kbox_types":["NULL"],"st":215,"en_mention":196,"ancestor":"","eIdx":13,"st_mention":189,"en":224,"ne_type":"ETC","keyword":"[실리스트라_주]","e_type":"WIKILINK"}],"wikiPageId":749603,"pIdx":1,"plainText":"지우르지우 주()는 루마니아 남부 문테니아 지방에 위치한 주로, 주도는 지우르지우이며 면적은 3,526㎢, 인구는 297,859명(2002년 기준), 인구 밀도는 84명\/㎢, ISO 3166-2 코드는 RO-GR이다. 동쪽으로는 컬러라시 주, 서쪽으로는 텔레오르만 주, 북쪽으로는 일포브 주와 듬보비차 주, 남쪽으로는 불가리아 루세 주, 실리스트라 주와 접하며 1개 시와 2개 마을, 51개 지방 자치체를 관할한다.","mentionTagged":"[지우르지우 주]()는 [루마니아] 남부 [문테니아] 지방에 위치한 주로, 주도는 [지우르지우]이며 면적은 3,526㎢, 인구는 297,859명([2002년] 기준), 인구 밀도는 84명\/㎢, [ISO 3166-2] 코드는 [RO-GR]이다. 동쪽으로는 [컬러라시 주], 서쪽으로는 [텔레오르만 주], 북쪽으로는 [일포브 주]와 [듬보비차 주], 남쪽으로는 [불가리아] [루세 주], [실리스트라 주]와 접하며 1개 시와 2개 마을, 51개 지방 자치체를 관할한다."}