{"entityTagged":"[회의주의]. 과학자의 학설이나 주장은 받아들여지기 전에 논리적이고 경험적인 기준에 기반한 검증을 거쳐야한다. 이러한 태도는 [보편주의]와 [공유주의]· [이해중립성]의 규범을 실현하는 방법론이다. 특히 <회의주의>는 과학이 다른 사회체계와 충돌을 일으키는 원인을 제공하는데, 이는 과학의 검증 대상에 특정 사회나 종교에서 진리로서 받아들이는 명제들이 포함되기 때문이다. 만약 과학이 철저한 검증을 통하여 명제들이 틀렸음을 보인다면, 자신의 영역을 침해받은 사회나 종교집단은 극렬하게 저항할 것이다. 예를 들어 [16세기] 유럽에서 [니콜라스_코페르니쿠스]와 [갈릴레오_갈릴레이]를 비롯한 천문학자들이 [태양중심설]을 주장했을 때, 기독교는 교리에 어긋난다는 이유로 [태양중심설]을 탄압하였다. 그리고 생물학자들이 [진화론]을 제창하자, 신(神)이 생명체를 창조했다고 믿는 일부 기독교인들은 크게 반발하였다.","globalSId":[2642697,2642698,2642699,2642700,2642701,2642702,2642703],"entities":[{"kbox_types":["NULL"],"st":0,"en_mention":4,"ancestor":"-2","eIdx":0,"st_mention":0,"en":6,"ne_type":"ETC","keyword":"[회의주의]","e_type":"NEW"},{"kbox_types":["NULL"],"st":70,"en_mention":71,"ancestor":"-2","eIdx":1,"st_mention":67,"en":76,"ne_type":"ETC","keyword":"[보편주의]","e_type":"NEW"},{"kbox_types":["NULL"],"st":78,"en_mention":77,"ancestor":"-2","eIdx":2,"st_mention":73,"en":84,"ne_type":"ETC","keyword":"[공유주의]","e_type":"NEW"},{"kbox_types":["NULL"],"st":86,"en_mention":84,"ancestor":"-2","eIdx":3,"st_mention":79,"en":93,"ne_type":"ETC","keyword":"[이해중립성]","e_type":"NEW"},{"kbox_types":["NULL"],"st":114,"en_mention":109,"ancestor":"","eIdx":4,"st_mention":105,"en":120,"ne_type":"ETC","keyword":"<회의주의>","e_type":"ELU"},{"kbox_types":["NULL"],"st":286,"en_mention":279,"ancestor":"-2","eIdx":5,"st_mention":275,"en":292,"ne_type":"TIME","keyword":"[16세기]","e_type":"NEW"},{"kbox_types":["NULL"],"st":298,"en_mention":291,"ancestor":"","eIdx":6,"st_mention":285,"en":311,"ne_type":"ETC","keyword":"[니콜라스_코페르니쿠스]","e_type":"WIKILINK"},{"kbox_types":["Scientist","Agent","Person"],"st":313,"en_mention":297,"ancestor":"","eIdx":7,"st_mention":293,"en":324,"ne_type":"PERSON","keyword":"[갈릴레오_갈릴레이]","e_type":"WIKILINK"},{"kbox_types":["NULL"],"st":337,"en_mention":315,"ancestor":"","eIdx":8,"st_mention":310,"en":344,"ne_type":"ETC","keyword":"[태양중심설]","e_type":"WIKILINK"},{"kbox_types":["NULL"],"st":373,"en_mention":349,"ancestor":"","eIdx":9,"st_mention":344,"en":380,"ne_type":"ETC","keyword":"[태양중심설]","e_type":"WIKILINK"},{"kbox_types":["NULL"],"st":400,"en_mention":372,"ancestor":"","eIdx":10,"st_mention":369,"en":405,"ne_type":"ETC","keyword":"[진화론]","e_type":"WIKILINK"}],"wikiPageId":717487,"pIdx":23,"plainText":"회의주의 과학자의 학설이나 주장은 받아들여지기 전에 논리적이고 경험적인 기준에 기반한 검증을 거쳐야한다. 이러한 태도는 보편주의와 공유주의· 이해중립성의 규범을 실현하는 방법론이다. 특히 회의주의는 과학이 다른 사회체계와 충돌을 일으키는 원인을 제공하는데, 이는 과학의 검증 대상에 특정 사회나 종교에서 진리로서 받아들이는 명제들이 포함되기 때문이다. 만약 과학이 철저한 검증을 통하여 명제들이 틀렸음을 보인다면, 자신의 영역을 침해받은 사회나 종교집단은 극렬하게 저항할 것이다. 예를 들어 16세기 유럽에서 코페르니쿠스와 갈릴레이를 비롯한 천문학자들이 태양중심설을 주장했을 때, 기독교는 교리에 어긋난다는 이유로 태양중심설을 탄압하였다. 그리고 생물학자들이 진화론을 제창하자, 신(神)이 생명체를 창조했다고 믿는 일부 기독교인들은 크게 반발하였다.","pronouns":[{"st":155,"ancestor":"23-4","proIdx":0,"en":156,"cwStateCd":"FIXED","cwSelIdx":21,"type":"PRONOUN","keyword":"이는"},{"st":243,"ancestor":"-2","proIdx":1,"en":245,"cwStateCd":"FIXED","cwSelIdx":[],"type":"PRONOUN","keyword":"자신의"},{"st":243,"ancestor":"-2","proIdx":2,"en":249,"cwStateCd":"FIXED","cwSelIdx":[],"type":"PRONOUN","keyword":"자신의 영역을"},{"st":243,"ancestor":"-2","proIdx":3,"en":264,"cwStateCd":"FIXED","cwSelIdx":[],"type":"PRONOUN","keyword":"자신의 영역을 침해받은 사회나 종교집단은"},{"st":280,"ancestor":"-2","proIdx":4,"en":281,"cwStateCd":"FIXED","cwSelIdx":[],"type":"PRONOUN","keyword":"예를"},{"st":413,"ancestor":"-2","proIdx":5,"en":417,"cwStateCd":"FIXED","cwSelIdx":[],"type":"PRONOUN","keyword":"신(神)이"}],"mentionTagged":"[회의주의] 과학자의 학설이나 주장은 받아들여지기 전에 논리적이고 경험적인 기준에 기반한 검증을 거쳐야한다. 이러한 태도는 [보편주의]와 [공유주의]· [이해중립성]의 규범을 실현하는 방법론이다. 특히 [회의주의]는 과학이 다른 사회체계와 충돌을 일으키는 원인을 제공하는데, 이는 과학의 검증 대상에 특정 사회나 종교에서 진리로서 받아들이는 명제들이 포함되기 때문이다. 만약 과학이 철저한 검증을 통하여 명제들이 틀렸음을 보인다면, 자신의 영역을 침해받은 사회나 종교집단은 극렬하게 저항할 것이다. 예를 들어 [16세기] 유럽에서 [코페르니쿠스]와 [갈릴레이]를 비롯한 천문학자들이 [태양중심설]을 주장했을 때, 기독교는 교리에 어긋난다는 이유로 [태양중심설]을 탄압하였다. 그리고 생물학자들이 [진화론]을 제창하자, 신(神)이 생명체를 창조했다고 믿는 일부 기독교인들은 크게 반발하였다."}