{"entityTagged":"<쓰다주쿠_대학>()은 [일본] [도쿄_도] [고다이라_시]에 있는 4년제 사립대학이다. 예전부터 \"여대의 [도쿄_대학]\"이라는 이름으로 불리며, 입학하기 가장 어려운 여자대학이라는 평판을 받고 있다. [오차노미즈_여자_대학]과 더불어 일본의 여자 대학으로 손꼽힌다.","globalSId":[434516,434517,434518],"entities":[{"kbox_types":["University","Agent","EducationalInstitution","Organisation"],"st":0,"en_mention":7,"ancestor":"","eIdx":0,"st_mention":0,"en":9,"ne_type":"ORGANIZATION","keyword":"<쓰다주쿠_대학>","e_type":"ELU"},{"kbox_types":["Country","PopulatedPlace","PopulatedPlace","Place"],"st":13,"en_mention":13,"ancestor":"","eIdx":1,"st_mention":11,"en":17,"ne_type":"LOCATION","keyword":"[일본]","e_type":"WIKILINK"},{"kbox_types":["PopulatedPlace","Place","Settlement","PopulatedPlace","City"],"st":18,"en_mention":18,"ancestor":"","eIdx":2,"st_mention":14,"en":24,"ne_type":"LOCATION","keyword":"[도쿄_도]","e_type":"WIKILINK"},{"kbox_types":["PopulatedPlace","Settlement","PopulatedPlace","City","Place"],"st":25,"en_mention":25,"ancestor":"","eIdx":3,"st_mention":19,"en":33,"ne_type":"LOCATION","keyword":"[고다이라_시]","e_type":"WIKILINK"},{"kbox_types":["University","Agent","EducationalInstitution","Organisation"],"st":60,"en_mention":58,"ancestor":"","eIdx":4,"st_mention":53,"en":67,"ne_type":"ORGANIZATION","keyword":"[도쿄_대학]","e_type":"WIKILINK"},{"kbox_types":["University","Agent","EducationalInstitution","Organisation"],"st":113,"en_mention":115,"ancestor":"","eIdx":5,"st_mention":104,"en":126,"ne_type":"ORGANIZATION","keyword":"[오차노미즈_여자_대학]","e_type":"WIKILINK"}],"wikiPageId":45686,"pIdx":1,"plainText":"쓰다주쿠 대학()은 일본 도쿄 도 고다이라 시에 있는 4년제 사립 대학이다. 예전부터 \"여대의 도쿄 대학\"이라는 이름으로 불리며, 입학하기 가장 어려운 여자대학이라는 평판을 받고 있다. 오차노미즈 여자 대학과 더불어 일본의 여자 대학으로 손꼽힌다.","mentionTagged":"[쓰다주쿠 대학]()은 [일본] [도쿄 도] [고다이라 시]에 있는 4년제 사립 대학이다. 예전부터 \"여대의 [도쿄 대학]\"이라는 이름으로 불리며, 입학하기 가장 어려운 여자대학이라는 평판을 받고 있다. [오차노미즈 여자 대학]과 더불어 일본의 여자 대학으로 손꼽힌다."}