{"entityTagged":"<용산선>(龍山線)은 [대한민국]의 [서울특별시] [용산구]의 [용산역]과 [서울특별시] [서대문구]의 [가좌역]을 잇는 철도 노선이다. 현재는 일부 지하화되어 전 구간 [수도권_전철]이 운행되고 있다.","globalSId":[757602,757603],"entities":[{"kbox_types":["ArchitecturalStructure","Place","RailwayLine","RouteOfTransportation","Infrastructure"],"st":0,"en_mention":3,"ancestor":"","eIdx":0,"st_mention":0,"en":5,"ne_type":"LOCATION","keyword":"<용산선>","e_type":"ELU"},{"kbox_types":["Country","PopulatedPlace","PopulatedPlace","Place"],"st":12,"en_mention":14,"ancestor":"","eIdx":1,"st_mention":10,"en":18,"ne_type":"LOCATION","keyword":"[대한민국]","e_type":"WIKILINK"},{"kbox_types":["PopulatedPlace","Place","Settlement","PopulatedPlace","City"],"st":20,"en_mention":21,"ancestor":"","eIdx":2,"st_mention":16,"en":27,"ne_type":"LOCATION","keyword":"[서울특별시]","e_type":"WIKILINK"},{"kbox_types":["PopulatedPlace","Settlement","PopulatedPlace","Place"],"st":28,"en_mention":25,"ancestor":"","eIdx":3,"st_mention":22,"en":33,"ne_type":"LOCATION","keyword":"[용산구]","e_type":"WIKILINK"},{"kbox_types":["MetroStation","ArchitecturalStructure","Place","Station","Infrastructure"],"st":35,"en_mention":30,"ancestor":"","eIdx":4,"st_mention":27,"en":40,"ne_type":"LOCATION","keyword":"[용산역]","e_type":"WIKILINK"},{"kbox_types":["PopulatedPlace","Place","Settlement","PopulatedPlace","City"],"st":42,"en_mention":37,"ancestor":"","eIdx":5,"st_mention":32,"en":49,"ne_type":"LOCATION","keyword":"[서울특별시]","e_type":"WIKILINK"},{"kbox_types":["PopulatedPlace","Settlement","PopulatedPlace","Place"],"st":50,"en_mention":42,"ancestor":"","eIdx":6,"st_mention":38,"en":56,"ne_type":"LOCATION","keyword":"[서대문구]","e_type":"WIKILINK"},{"kbox_types":["ArchitecturalStructure","Place","Station","Place","Infrastructure","RailwayStation"],"st":58,"en_mention":47,"ancestor":"","eIdx":7,"st_mention":44,"en":63,"ne_type":"LOCATION","keyword":"[가좌역]","e_type":"WIKILINK"},{"kbox_types":["Agent","PublicTransitSystem","Organisation"],"st":95,"en_mention":85,"ancestor":"","eIdx":8,"st_mention":79,"en":103,"ne_type":"ORGANIZATION","keyword":"[수도권_전철]","e_type":"WIKILINK"}],"wikiPageId":100044,"pIdx":1,"plainText":"용산선(龍山線)은 대한민국의 서울특별시 용산구의 용산역과 서울특별시 서대문구의 가좌역을 잇는 철도 노선이다. 현재는 일부 지하화되어 전 구간 수도권 전철이 운행되고 있다.","pronouns":[],"mentionTagged":"[용산선](龍山線)은 [대한민국]의 [서울특별시] [용산구]의 [용산역]과 [서울특별시] [서대문구]의 [가좌역]을 잇는 철도 노선이다. 현재는 일부 지하화되어 전 구간 [수도권 전철]이 운행되고 있다."}