{"entityTagged":"<리오네그로>()는 [칠레] [로스라고스_주] [오소르노_현]의 [코무나]이다.","globalSId":[3692540],"entities":[{"kbox_types":["NULL"],"st":0,"en_mention":5,"ancestor":"","eIdx":0,"st_mention":0,"en":7,"ne_type":"ETC","keyword":"<리오네그로>","e_type":"ELU"},{"kbox_types":["Country","PopulatedPlace","Settlement","PopulatedPlace","Place"],"st":11,"en_mention":11,"ancestor":"","eIdx":1,"st_mention":9,"en":15,"ne_type":"LOCATION","keyword":"[칠레]","e_type":"WIKILINK"},{"kbox_types":["NULL"],"st":16,"en_mention":19,"ancestor":"","eIdx":2,"st_mention":12,"en":25,"ne_type":"ETC","keyword":"[로스라고스_주]","e_type":"WIKILINK"},{"kbox_types":["PopulatedPlace","Place","Settlement","PopulatedPlace"],"st":26,"en_mention":26,"ancestor":"","eIdx":3,"st_mention":20,"en":34,"ne_type":"LOCATION","keyword":"[오소르노_현]","e_type":"WIKILINK"},{"kbox_types":["NULL"],"st":36,"en_mention":31,"ancestor":"","eIdx":4,"st_mention":28,"en":41,"ne_type":"ETC","keyword":"[코무나]","e_type":"WIKILINK"}],"wikiPageId":1411412,"pIdx":1,"plainText":"리오네그로()는 칠레 로스라고스 주 오소르노 현의 코무나이다.","pronouns":[],"mentionTagged":"[리오네그로]()는 [칠레] [로스라고스 주] [오소르노 현]의 [코무나]이다."}