{"entityTagged":"디자인. [An-124]기는 원래 제작 계획에 없었으나, [미국]의 [록히드_마틴]이 [록히드_C-5_갤럭시]를 개발, 생산하자 이에 대해 [소련]은 자극을 받아 25% 탑재중량을 더 늘린 [An-124]를 개발하였다. 이 디자인은 미 [보잉]의 [보잉_747]과 [록히드_C-5_갤럭시]의 디자인을 결합시킨 것이다. 최초의 [An-124]가 서방에 사용된 것은 요트와 항공기 부품을 싣고 [캐나다]에서 [아일랜드]로 비행한 것이 시초다. [An-124]기는 미국의 [록히드_C-5_갤럭시]와 같이 2개의 층으로 구성되어 있어 밑에는 화물, 위에는 승객을 수송할 수 있게 설계되었다. [An-124]의 화물칸의 크기는 36×6.4×4.4 m로 기존 [C-5]의 20%이상 확장시켰다. ([C-5]는 36.91×5.79×4.09 m다).","globalSId":[3396118,3396119,3396120,3396121,3396122,3396123,3396124],"entities":[{"kbox_types":["NULL"],"st":5,"en_mention":10,"ancestor":"-2","eIdx":0,"st_mention":4,"en":13,"ne_type":"ETC","keyword":"[An-124]","e_type":"NEW"},{"kbox_types":["Country","PopulatedPlace","PopulatedPlace","Place"],"st":32,"en_mention":31,"ancestor":"","eIdx":1,"st_mention":29,"en":36,"ne_type":"LOCATION","keyword":"[미국]","e_type":"WIKILINK"},{"kbox_types":["Company","Agent","Organisation"],"st":38,"en_mention":39,"ancestor":"","eIdx":2,"st_mention":33,"en":46,"ne_type":"ORGANIZATION","keyword":"[록히드_마틴]","e_type":"WIKILINK"},{"kbox_types":["Aircraft","MeanOfTransportation"],"st":48,"en_mention":52,"ancestor":"","eIdx":3,"st_mention":41,"en":61,"ne_type":"ETC","keyword":"[록히드_C-5_갤럭시]","e_type":"WIKILINK"},{"kbox_types":["Country","PopulatedPlace","PopulatedPlace","Place"],"st":78,"en_mention":71,"ancestor":"","eIdx":4,"st_mention":69,"en":82,"ne_type":"LOCATION","keyword":"[소련]","e_type":"WIKILINK"},{"kbox_types":["NULL"],"st":106,"en_mention":101,"ancestor":"3-0","eIdx":5,"st_mention":95,"en":114,"ne_type":"ETC","keyword":"[An-124]","e_type":"NEW"},{"kbox_types":["Company","Agent","Organisation"],"st":132,"en_mention":121,"ancestor":"","eIdx":6,"st_mention":119,"en":136,"ne_type":"ORGANIZATION","keyword":"[보잉]","e_type":"WIKILINK"},{"kbox_types":["Aircraft","MeanOfTransportation"],"st":138,"en_mention":129,"ancestor":"","eIdx":7,"st_mention":123,"en":146,"ne_type":"ETC","keyword":"[보잉_747]","e_type":"WIKILINK"},{"kbox_types":["Aircraft","MeanOfTransportation"],"st":148,"en_mention":142,"ancestor":"","eIdx":8,"st_mention":131,"en":161,"ne_type":"ETC","keyword":"[록히드_C-5_갤럭시]","e_type":"WIKILINK"},{"kbox_types":["NULL"],"st":182,"en_mention":169,"ancestor":"3-0","eIdx":9,"st_mention":163,"en":190,"ne_type":"ETC","keyword":"[An-124]","e_type":"NEW"},{"kbox_types":["Country","PopulatedPlace","PopulatedPlace","Place"],"st":218,"en_mention":200,"ancestor":"","eIdx":10,"st_mention":197,"en":223,"ne_type":"LOCATION","keyword":"[캐나다]","e_type":"WIKILINK"},{"kbox_types":["Country","PopulatedPlace","Settlement","PopulatedPlace","Place"],"st":226,"en_mention":207,"ancestor":"","eIdx":11,"st_mention":203,"en":232,"ne_type":"LOCATION","keyword":"[아일랜드]","e_type":"WIKILINK"},{"kbox_types":["NULL"],"st":246,"en_mention":227,"ancestor":"3-0","eIdx":12,"st_mention":221,"en":254,"ne_type":"ETC","keyword":"[An-124]","e_type":"NEW"},{"kbox_types":["Aircraft","MeanOfTransportation"],"st":261,"en_mention":245,"ancestor":"","eIdx":13,"st_mention":234,"en":274,"ne_type":"ETC","keyword":"[록히드_C-5_갤럭시]","e_type":"WIKILINK"},{"kbox_types":["NULL"],"st":327,"en_mention":304,"ancestor":"3-0","eIdx":14,"st_mention":298,"en":335,"ne_type":"ETC","keyword":"[An-124]","e_type":"NEW"},{"kbox_types":["NULL"],"st":363,"en_mention":335,"ancestor":"3-13","eIdx":15,"st_mention":332,"en":368,"ne_type":"ETC","keyword":"[C-5]","e_type":"NEW"},{"kbox_types":["NULL"],"st":384,"en_mention":354,"ancestor":"3-15","eIdx":16,"st_mention":351,"en":389,"ne_type":"ETC","keyword":"[C-5]","e_type":"NEW"}],"wikiPageId":1156808,"pIdx":3,"plainText":"디자인 An-124기는 원래 제작 계획에 없었으나, 미국의 록히드 마틴이 록히드 C-5 갤럭시를 개발, 생산하자 이에 대해 소련은 자극을 받아 25% 탑재중량을 더 늘린 An-124를 개발하였다. 이 디자인은 미 보잉의 보잉 747과 록히드 C-5 갤럭시의 디자인을 결합시킨 것이다. 최초의 An-124가 서방에 사용된 것은 요트와 항공기 부품을 싣고 캐나다에서 아일랜드로 비행한 것이 시초다. An-124기는 미국의 록히드 C-5 갤럭시와 같이 2개의 층으로 구성되어 있어 밑에는 화물, 위에는 승객을 수송할 수 있게 설계되었다. An-124의 화물칸의 크기는 36×6.4×4.4 m로 기존 C-5의 20%이상 확장시켰다. (C-5는 36.91×5.79×4.09 m다).","pronouns":[{"st":72,"ancestor":"-1","proIdx":0,"en":73,"cwStateCd":"FIXED","cwSelIdx":[],"type":"PRONOUN","keyword":"이에"},{"st":123,"ancestor":"-1","proIdx":1,"en":128,"cwStateCd":"FIXED","cwSelIdx":[],"type":"PRONOUN","keyword":"이 디자인은"}],"mentionTagged":"디자인 [An-124]기는 원래 제작 계획에 없었으나, [미국]의 [록히드 마틴]이 [록히드 C-5 갤럭시]를 개발, 생산하자 이에 대해 [소련]은 자극을 받아 25% 탑재중량을 더 늘린 [An-124]를 개발하였다. 이 디자인은 미 [보잉]의 [보잉 747]과 [록히드 C-5 갤럭시]의 디자인을 결합시킨 것이다. 최초의 [An-124]가 서방에 사용된 것은 요트와 항공기 부품을 싣고 [캐나다]에서 [아일랜드]로 비행한 것이 시초다. [An-124]기는 미국의 [록히드 C-5 갤럭시]와 같이 2개의 층으로 구성되어 있어 밑에는 화물, 위에는 승객을 수송할 수 있게 설계되었다. [An-124]의 화물칸의 크기는 36×6.4×4.4 m로 기존 [C-5]의 20%이상 확장시켰다. ([C-5]는 36.91×5.79×4.09 m다)."}