{"entityTagged":"<권응수장군유물-권응수초상>(權應銖將軍遺物-權應銖肖像)은 [경상남도] [진주시] [남강로] 626-35, [국립진주박물관] (남성동,진주성)에 있는 [조선시대]의 초상화이다. [1980년] [8월_23일] [대한민국]의 [보물] 제668-1호로 지정되었다.","globalSId":[2995414,2995415],"entities":[{"kbox_types":["NULL"],"st":0,"en_mention":13,"ancestor":"","eIdx":0,"st_mention":0,"en":15,"ne_type":"ETC","keyword":"<권응수장군유물-권응수초상>","e_type":"ELU"},{"kbox_types":["PopulatedPlace","Settlement","PopulatedPlace","Place"],"st":32,"en_mention":34,"ancestor":"","eIdx":1,"st_mention":30,"en":38,"ne_type":"LOCATION","keyword":"[경상남도]","e_type":"WIKILINK"},{"kbox_types":["PopulatedPlace","Place","Settlement","PopulatedPlace","City"],"st":39,"en_mention":38,"ancestor":"","eIdx":2,"st_mention":35,"en":44,"ne_type":"LOCATION","keyword":"[진주시]","e_type":"WIKILINK"},{"kbox_types":["ArchitecturalStructure","Road","Place","RouteOfTransportation","Infrastructure"],"st":45,"en_mention":42,"ancestor":"-2","eIdx":3,"st_mention":39,"en":50,"ne_type":"LOCATION","keyword":"[남강로]","e_type":"NEW"},{"kbox_types":["ArchitecturalStructure","Museum","Place","Building"],"st":59,"en_mention":58,"ancestor":"","eIdx":4,"st_mention":51,"en":68,"ne_type":"LOCATION","keyword":"[국립진주박물관]","e_type":"WIKILINK"},{"kbox_types":["NULL"],"st":83,"en_mention":77,"ancestor":"","eIdx":5,"st_mention":73,"en":89,"ne_type":"ETC","keyword":"[조선시대]","e_type":"WIKILINK"},{"kbox_types":["Year","TimePeriod"],"st":98,"en_mention":91,"ancestor":"","eIdx":6,"st_mention":86,"en":105,"ne_type":"TIME","keyword":"[1980년]","e_type":"WIKILINK"},{"kbox_types":["NULL"],"st":106,"en_mention":98,"ancestor":"","eIdx":7,"st_mention":92,"en":114,"ne_type":"TIME","keyword":"[8월_23일]","e_type":"WIKILINK"},{"kbox_types":["Country","PopulatedPlace","PopulatedPlace","Place"],"st":115,"en_mention":103,"ancestor":"","eIdx":8,"st_mention":99,"en":121,"ne_type":"LOCATION","keyword":"[대한민국]","e_type":"WIKILINK"},{"kbox_types":["NULL"],"st":123,"en_mention":107,"ancestor":"","eIdx":9,"st_mention":105,"en":127,"ne_type":"ETC","keyword":"[보물]","e_type":"WIKILINK"}],"wikiPageId":904426,"pIdx":1,"plainText":"권응수장군유물-권응수초상(權應銖將軍遺物-權應銖肖像)은 경상남도 진주시 남강로 626-35, 국립진주박물관 (남성동,진주성)에 있는 조선시대의 초상화이다. 1980년 8월 23일 대한민국의 보물 제668-1호로 지정되었다.","mentionTagged":"[권응수장군유물-권응수초상](權應銖將軍遺物-權應銖肖像)은 [경상남도] [진주시] [남강로] 626-35, [국립진주박물관] (남성동,진주성)에 있는 [조선시대]의 초상화이다. [1980년] [8월 23일] [대한민국]의 [보물] 제668-1호로 지정되었다."}