{"entityTagged":"<칠곡대로>(Chilgok-daero)는 [대한민국]의 [경상북도] [칠곡군] [북삼읍]에서 [지천면]을 거쳐 연결하는 도로이다.","globalSId":[3215435],"entities":[{"kbox_types":["ArchitecturalStructure","Road","Place","RouteOfTransportation","Infrastructure"],"st":0,"en_mention":4,"ancestor":"","eIdx":0,"st_mention":0,"en":6,"ne_type":"LOCATION","keyword":"<칠곡대로>","e_type":"ELU"},{"kbox_types":["Country","PopulatedPlace","PopulatedPlace","Place"],"st":23,"en_mention":25,"ancestor":"","eIdx":1,"st_mention":21,"en":29,"ne_type":"LOCATION","keyword":"[대한민국]","e_type":"WIKILINK"},{"kbox_types":["PopulatedPlace","Settlement","PopulatedPlace","Place"],"st":31,"en_mention":31,"ancestor":"","eIdx":2,"st_mention":27,"en":37,"ne_type":"LOCATION","keyword":"[경상북도]","e_type":"WIKILINK"},{"kbox_types":["PopulatedPlace","Settlement","PopulatedPlace","Place"],"st":38,"en_mention":35,"ancestor":"","eIdx":3,"st_mention":32,"en":43,"ne_type":"LOCATION","keyword":"[칠곡군]","e_type":"WIKILINK"},{"kbox_types":["NULL"],"st":44,"en_mention":39,"ancestor":"","eIdx":4,"st_mention":36,"en":49,"ne_type":"ETC","keyword":"[북삼읍]","e_type":"WIKILINK"},{"kbox_types":["NULL"],"st":52,"en_mention":45,"ancestor":"","eIdx":5,"st_mention":42,"en":57,"ne_type":"ETC","keyword":"[지천면]","e_type":"WIKILINK"}],"wikiPageId":1024150,"pIdx":1,"plainText":"칠곡대로(Chilgok-daero)는 대한민국의 경상북도 칠곡군 북삼읍에서 지천면을 거쳐 연결하는 도로이다.","pronouns":[],"mentionTagged":"[칠곡대로](Chilgok-daero)는 [대한민국]의 [경상북도] [칠곡군] [북삼읍]에서 [지천면]을 거쳐 연결하는 도로이다."}