{"entityTagged":"[서안산 나들목](W.Ansan IC)은 [경기도] [안산시] [단원구] [선부동]에 설치된 [영동고속도로]의 4번 교차로이다. 나들목 진출입로는 [시흥시] [군자동_(시흥시)]과 접하고 있으며, [안산시] [단원구] <선부동>, <신길동_(서울)> 및 [시흥시] <군자동> 등지로 진출할 수 있다. [영동고속도로] [인천] 방향에서 [평택시흥고속도로] [평택] 방향으로 이용하는 차량과 <평택시흥고속도로> [시흥] 방향에서 [영동고속도로] [강릉] 방향으로 이용하는 차량은 이 나들목으로 이용하여 인근의 [성곡로]로 통하여 <평택시흥고속도로>의 [남안산_나들목]으로 간접 연결이 된다. 이 중 [시흥대로_(안산_시흥)]와 연결되는 진출로는 [하이패스] 전용 차로로 운영 중이다. [1990년] [서해안고속도로]로 계획될 당시에는 [군자 나들목]이었다가 [1994년] [7월] [7일] 개통하면서 [서안산 나들목]이 되었다. 요금소 팻말에 '[서안산]'과 '[남시흥]'이라는 명칭이 병기되어 있다.","globalSId":[1358777,1358778,1358779,1358780,1358781,1358782],"entities":[{"kbox_types":["NULL"],"st":0,"en_mention":7,"ancestor":"-2","eIdx":0,"st_mention":0,"en":9,"ne_type":"LOCATION","keyword":"[서안산 나들목]","e_type":"NEW"},{"kbox_types":["PopulatedPlace","Settlement","PopulatedPlace","Place"],"st":23,"en_mention":24,"ancestor":"","eIdx":1,"st_mention":21,"en":28,"ne_type":"LOCATION","keyword":"[경기도]","e_type":"WIKILINK"},{"kbox_types":["PopulatedPlace","Place","Settlement","PopulatedPlace","City"],"st":29,"en_mention":28,"ancestor":"","eIdx":2,"st_mention":25,"en":34,"ne_type":"LOCATION","keyword":"[안산시]","e_type":"WIKILINK"},{"kbox_types":["PopulatedPlace","Settlement","PopulatedPlace","Place"],"st":35,"en_mention":32,"ancestor":"","eIdx":3,"st_mention":29,"en":40,"ne_type":"LOCATION","keyword":"[단원구]","e_type":"WIKILINK"},{"kbox_types":["NULL"],"st":41,"en_mention":37,"ancestor":"","eIdx":4,"st_mention":33,"en":46,"ne_type":"ETC","keyword":"[선부동]","e_type":"WIKILINK"},{"kbox_types":["ArchitecturalStructure","Road","Place","Place","RouteOfTransportation","Infrastructure"],"st":52,"en_mention":49,"ancestor":"","eIdx":5,"st_mention":43,"en":60,"ne_type":"LOCATION","keyword":"[영동고속도로]","e_type":"WIKILINK"},{"kbox_types":["PopulatedPlace","Settlement","PopulatedPlace","City","Place"],"st":82,"en_mention":74,"ancestor":"","eIdx":6,"st_mention":71,"en":87,"ne_type":"LOCATION","keyword":"[시흥시]","e_type":"WIKILINK"},{"kbox_types":["NULL"],"st":88,"en_mention":78,"ancestor":"","eIdx":7,"st_mention":75,"en":99,"ne_type":"ETC","keyword":"[군자동_(시흥시)]","e_type":"WIKILINK"},{"kbox_types":["PopulatedPlace","Place","Settlement","PopulatedPlace","City"],"st":110,"en_mention":92,"ancestor":"-2","eIdx":8,"st_mention":89,"en":115,"ne_type":"LOCATION","keyword":"[안산시]","e_type":"NEW"},{"kbox_types":["PopulatedPlace","Settlement","PopulatedPlace","Place"],"st":116,"en_mention":96,"ancestor":"-2","eIdx":9,"st_mention":93,"en":121,"ne_type":"LOCATION","keyword":"[단원구]","e_type":"NEW"},{"kbox_types":["NULL"],"st":122,"en_mention":100,"ancestor":"","eIdx":10,"st_mention":97,"en":127,"ne_type":"ETC","keyword":"<선부동>","e_type":"ELU"},{"kbox_types":["Region","PopulatedPlace","AdministrativeRegion","Place","AdministrativeRegion"],"st":129,"en_mention":105,"ancestor":"","eIdx":11,"st_mention":102,"en":139,"ne_type":"LOCATION","keyword":"<신길동_(서울)>","e_type":"ELU"},{"kbox_types":["PopulatedPlace","Settlement","PopulatedPlace","City","Place"],"st":142,"en_mention":111,"ancestor":"1-6","eIdx":12,"st_mention":108,"en":147,"ne_type":"LOCATION","keyword":"[시흥시]","e_type":"NEW"},{"kbox_types":["NULL"],"st":148,"en_mention":115,"ancestor":"","eIdx":13,"st_mention":112,"en":153,"ne_type":"ETC","keyword":"<군자동>","e_type":"ELU"},{"kbox_types":["ArchitecturalStructure","Road","Place","Place","RouteOfTransportation","Infrastructure"],"st":168,"en_mention":136,"ancestor":"1-5","eIdx":14,"st_mention":130,"en":176,"ne_type":"LOCATION","keyword":"[영동고속도로]","e_type":"NEW"},{"kbox_types":["NULL"],"st":177,"en_mention":139,"ancestor":"-2","eIdx":15,"st_mention":137,"en":181,"ne_type":"LOCATION","keyword":"[인천]","e_type":"NEW"},{"kbox_types":["ArchitecturalStructure","Road","Place","Place","RouteOfTransportation","Infrastructure"],"st":187,"en_mention":153,"ancestor":"","eIdx":16,"st_mention":145,"en":197,"ne_type":"LOCATION","keyword":"[평택시흥고속도로]","e_type":"WIKILINK"},{"kbox_types":["NULL"],"st":198,"en_mention":156,"ancestor":"-2","eIdx":17,"st_mention":154,"en":202,"ne_type":"LOCATION","keyword":"[평택]","e_type":"NEW"},{"kbox_types":["ArchitecturalStructure","Road","Place","Place","RouteOfTransportation","Infrastructure"],"st":217,"en_mention":179,"ancestor":"","eIdx":18,"st_mention":171,"en":227,"ne_type":"LOCATION","keyword":"<평택시흥고속도로>","e_type":"ELU"},{"kbox_types":["NULL"],"st":228,"en_mention":182,"ancestor":"1-6","eIdx":19,"st_mention":180,"en":232,"ne_type":"LOCATION","keyword":"[시흥]","e_type":"NEW"},{"kbox_types":["ArchitecturalStructure","Road","Place","Place","RouteOfTransportation","Infrastructure"],"st":238,"en_mention":194,"ancestor":"1-14","eIdx":20,"st_mention":188,"en":246,"ne_type":"LOCATION","keyword":"[영동고속도로]","e_type":"NEW"},{"kbox_types":["Place","PopulatedPlace","Settlement"],"st":247,"en_mention":197,"ancestor":"-2","eIdx":21,"st_mention":195,"en":251,"ne_type":"LOCATION","keyword":"[강릉]","e_type":"NEW"},{"kbox_types":["NULL"],"st":283,"en_mention":232,"ancestor":"-2","eIdx":22,"st_mention":229,"en":288,"ne_type":"LOCATION","keyword":"[성곡로]","e_type":"NEW"},{"kbox_types":["ArchitecturalStructure","Road","Place","Place","RouteOfTransportation","Infrastructure"],"st":294,"en_mention":246,"ancestor":"","eIdx":23,"st_mention":238,"en":304,"ne_type":"LOCATION","keyword":"<평택시흥고속도로>","e_type":"ELU"},{"kbox_types":["NULL"],"st":306,"en_mention":255,"ancestor":"","eIdx":24,"st_mention":248,"en":315,"ne_type":"ETC","keyword":"[남안산_나들목]","e_type":"WIKILINK"},{"kbox_types":["NULL"],"st":333,"en_mention":277,"ancestor":"","eIdx":25,"st_mention":273,"en":347,"ne_type":"ETC","keyword":"[시흥대로_(안산_시흥)]","e_type":"WIKILINK"},{"kbox_types":["NULL"],"st":359,"en_mention":293,"ancestor":"","eIdx":26,"st_mention":289,"en":365,"ne_type":"ETC","keyword":"[하이패스]","e_type":"WIKILINK"},{"kbox_types":["Year","TimePeriod"],"st":381,"en_mention":314,"ancestor":"-2","eIdx":27,"st_mention":309,"en":388,"ne_type":"TIME","keyword":"[1990년]","e_type":"NEW"},{"kbox_types":["ArchitecturalStructure","Road","Place","Place","RouteOfTransportation","Infrastructure"],"st":389,"en_mention":322,"ancestor":"","eIdx":28,"st_mention":315,"en":398,"ne_type":"LOCATION","keyword":"[서해안고속도로]","e_type":"WIKILINK"},{"kbox_types":["NULL"],"st":409,"en_mention":339,"ancestor":"1-0","eIdx":29,"st_mention":333,"en":417,"ne_type":"LOCATION","keyword":"[군자 나들목]","e_type":"NEW"},{"kbox_types":["Year","MusicalWork","TimePeriod","Work","Album"],"st":422,"en_mention":349,"ancestor":"-2","eIdx":30,"st_mention":344,"en":429,"ne_type":"TIME","keyword":"[1994년]","e_type":"NEW"},{"kbox_types":["NULL"],"st":430,"en_mention":352,"ancestor":"-2","eIdx":31,"st_mention":350,"en":434,"ne_type":"TIME","keyword":"[7월]","e_type":"NEW"},{"kbox_types":["NULL"],"st":435,"en_mention":355,"ancestor":"-2","eIdx":32,"st_mention":353,"en":439,"ne_type":"TIME","keyword":"[7일]","e_type":"NEW"},{"kbox_types":["NULL"],"st":446,"en_mention":369,"ancestor":"1-0","eIdx":33,"st_mention":362,"en":455,"ne_type":"LOCATION","keyword":"[서안산 나들목]","e_type":"NEW"},{"kbox_types":["NULL"],"st":471,"en_mention":388,"ancestor":"-2","eIdx":34,"st_mention":385,"en":476,"ne_type":"LOCATION","keyword":"[서안산]","e_type":"NEW"},{"kbox_types":["NULL"],"st":480,"en_mention":395,"ancestor":"-2","eIdx":35,"st_mention":392,"en":485,"ne_type":"LOCATION","keyword":"[남시흥]","e_type":"NEW"}],"wikiPageId":232546,"pIdx":1,"plainText":"서안산 나들목(W.Ansan IC)은 경기도 안산시 단원구 선부2동에 설치된 영동고속도로의 4번 교차로이다. 나들목 진출입로는 시흥시 거모동과 접하고 있으며, 안산시 단원구 선부동, 신길동 및 시흥시 거모동 등지로 진출할 수 있다. 영동고속도로 인천 방향에서 평택시흥고속도로 평택 방향으로 이용하는 차량과 평택시흥고속도로 시흥 방향에서 영동고속도로 강릉 방향으로 이용하는 차량은 이 나들목으로 이용하여 인근의 성곡로로 통하여 평택시흥고속도로의 남안산 나들목으로 간접 연결이 된다. 이 중 시흥대로와 연결되는 진출로는 하이패스 전용 차로로 운영 중이다. 1990년 서해안고속도로로 계획될 당시에는 군자 나들목이었다가 1994년 7월 7일 개통하면서 서안산 나들목이 되었다. 요금소 팻말에 '서안산'과 '남시흥'이라는 명칭이 병기되어 있다.","mentionTagged":"[서안산 나들목](W.Ansan IC)은 [경기도] [안산시] [단원구] [선부2동]에 설치된 [영동고속도로]의 4번 교차로이다. 나들목 진출입로는 [시흥시] [거모동]과 접하고 있으며, [안산시] [단원구] [선부동], [신길동] 및 [시흥시] [거모동] 등지로 진출할 수 있다. [영동고속도로] [인천] 방향에서 [평택시흥고속도로] [평택] 방향으로 이용하는 차량과 [평택시흥고속도로] [시흥] 방향에서 [영동고속도로] [강릉] 방향으로 이용하는 차량은 이 나들목으로 이용하여 인근의 [성곡로]로 통하여 [평택시흥고속도로]의 [남안산 나들목]으로 간접 연결이 된다. 이 중 [시흥대로]와 연결되는 진출로는 [하이패스] 전용 차로로 운영 중이다. [1990년] [서해안고속도로]로 계획될 당시에는 [군자 나들목]이었다가 [1994년] [7월] [7일] 개통하면서 [서안산 나들목]이 되었다. 요금소 팻말에 '[서안산]'과 '[남시흥]'이라는 명칭이 병기되어 있다."}