{"entityTagged":"[큐 왕립식물원]()은 [영국]의 수도 [런던] 남서부의 [큐_(런던)]에 있는 왕립식물원이다. [2003년]에 [유네스코_세계_유산]에 등록되었다.","globalSId":[3136473,3136474],"entities":[{"kbox_types":["NULL"],"st":0,"en_mention":7,"ancestor":"-2","eIdx":0,"st_mention":0,"en":9,"ne_type":"ORGANIZATION","keyword":"[큐 왕립식물원]","e_type":"NEW"},{"kbox_types":["Country","PopulatedPlace","PopulatedPlace","Place"],"st":13,"en_mention":13,"ancestor":"","eIdx":1,"st_mention":11,"en":17,"ne_type":"LOCATION","keyword":"[영국]","e_type":"WIKILINK"},{"kbox_types":["PopulatedPlace","Place","Settlement","PopulatedPlace","City"],"st":22,"en_mention":20,"ancestor":"","eIdx":2,"st_mention":18,"en":26,"ne_type":"LOCATION","keyword":"[런던]","e_type":"WIKILINK"},{"kbox_types":["PopulatedPlace","Settlement","PopulatedPlace","Place"],"st":32,"en_mention":27,"ancestor":"","eIdx":3,"st_mention":26,"en":40,"ne_type":"LOCATION","keyword":"[큐_(런던)]","e_type":"WIKILINK"},{"kbox_types":["Year","MusicalWork","TimePeriod","Work","Album"],"st":54,"en_mention":46,"ancestor":"-2","eIdx":4,"st_mention":41,"en":61,"ne_type":"TIME","keyword":"[2003년]","e_type":"NEW"},{"kbox_types":["NULL"],"st":63,"en_mention":58,"ancestor":"","eIdx":5,"st_mention":48,"en":75,"ne_type":"ETC","keyword":"[유네스코_세계_유산]","e_type":"WIKILINK"}],"wikiPageId":976504,"pIdx":1,"plainText":"큐 왕립식물원()은 영국의 수도 런던 남서부의 큐에 있는 왕립식물원이다. 2003년에 유네스코 세계 유산에 등록되었다.","mentionTagged":"[큐 왕립식물원]()은 [영국]의 수도 [런던] 남서부의 [큐]에 있는 왕립식물원이다. [2003년]에 [유네스코 세계 유산]에 등록되었다."}