{"entityTagged":"[카보베르데형 허리케인](Cape Verde-type hurricane)은 [카보베르데] 주변에서 발생하는 [허리케인]을 가리키는 말이다. 1년에 약 2개의 [카보베르데형 허리케인]이 발생하며, 높은 수온의 영향으로 매우 강력한 허리케인으로 발달하는 편이다. [대서양]에서 발생하는 오랜 기간동안 활동한 허리케인들을 보면, 대다수가 [카보베르데형 허리케인]이다. 대부분의 [카보베르데형 허리케인]은 육지에 상륙하지 않고 북동진하나, 가끔씩 몇몇의 허리케인이 [카리브_해]와 [멕시코_만] 쪽으로 진행하여 [미국], [멕시코], [버뮤다] 등의 [북아메리카] 국가들에 큰 피해를 입히기도 한다.","globalSId":[1941285,1941286,1941287,1941288],"entities":[{"kbox_types":["NULL"],"st":0,"en_mention":11,"ancestor":"-2","eIdx":0,"st_mention":0,"en":13,"ne_type":"ETC","keyword":"[카보베르데형 허리케인]","e_type":"NEW"},{"kbox_types":["Country","Company","Agent","PopulatedPlace","Place","Company","Organisation"],"st":42,"en_mention":47,"ancestor":"","eIdx":1,"st_mention":40,"en":49,"ne_type":"ORGANIZATION","keyword":"[카보베르데]","e_type":"WIKILINK"},{"kbox_types":["NULL"],"st":60,"en_mention":62,"ancestor":"","eIdx":2,"st_mention":58,"en":66,"ne_type":"ETC","keyword":"[허리케인]","e_type":"WIKILINK"},{"kbox_types":["NULL"],"st":88,"en_mention":95,"ancestor":"1-0","eIdx":3,"st_mention":84,"en":101,"ne_type":"ETC","keyword":"[카보베르데형 허리케인]","e_type":"NEW"},{"kbox_types":["NaturalPlace","Place","Ocean","BodyOfWater"],"st":145,"en_mention":142,"ancestor":"","eIdx":4,"st_mention":139,"en":150,"ne_type":"LOCATION","keyword":"[대서양]","e_type":"WIKILINK"},{"kbox_types":["NULL"],"st":186,"en_mention":189,"ancestor":"1-0","eIdx":5,"st_mention":178,"en":199,"ne_type":"ETC","keyword":"[카보베르데형 허리케인]","e_type":"NEW"},{"kbox_types":["NULL"],"st":208,"en_mention":209,"ancestor":"1-5","eIdx":6,"st_mention":198,"en":221,"ne_type":"ETC","keyword":"[카보베르데형 허리케인]","e_type":"NEW"},{"kbox_types":["BodyOfWater","Place","Place","NaturalPlace"],"st":256,"en_mention":249,"ancestor":"","eIdx":7,"st_mention":244,"en":263,"ne_type":"LOCATION","keyword":"[카리브_해]","e_type":"WIKILINK"},{"kbox_types":["NULL"],"st":265,"en_mention":256,"ancestor":"","eIdx":8,"st_mention":251,"en":272,"ne_type":"ETC","keyword":"[멕시코_만]","e_type":"WIKILINK"},{"kbox_types":["Country","PopulatedPlace","PopulatedPlace","Place"],"st":282,"en_mention":268,"ancestor":"","eIdx":9,"st_mention":266,"en":286,"ne_type":"LOCATION","keyword":"[미국]","e_type":"WIKILINK"},{"kbox_types":["Country","PopulatedPlace","Settlement","PopulatedPlace","Place"],"st":288,"en_mention":273,"ancestor":"","eIdx":10,"st_mention":270,"en":293,"ne_type":"LOCATION","keyword":"[멕시코]","e_type":"WIKILINK"},{"kbox_types":["Country","PopulatedPlace","Settlement","PopulatedPlace","Place"],"st":295,"en_mention":278,"ancestor":"","eIdx":11,"st_mention":275,"en":300,"ne_type":"LOCATION","keyword":"[버뮤다]","e_type":"WIKILINK"},{"kbox_types":["PopulatedPlace","Place","Settlement","PopulatedPlace","Continent"],"st":304,"en_mention":287,"ancestor":"","eIdx":12,"st_mention":282,"en":311,"ne_type":"LOCATION","keyword":"[북아메리카]","e_type":"WIKILINK"}],"wikiPageId":398178,"pIdx":1,"plainText":"카보베르데형 허리케인(Cape Verde-type hurricane)은 카보베르데 섬 주변에서 발생하는 허리케인을 가리키는 말이다. 1년에 약 2개의 카보베르데형 허리케인이 발생하며, 높은 수온의 영향으로 매우 강력한 허리케인으로 발달하는 편이다. 대서양에서 발생하는 오랜 기간동안 활동한 허리케인들을 보면, 대다수가 카보베르데형 허리케인이다. 대부분의 카보베르데형 허리케인은 육지에 상륙하지 않고 북동진하나, 가끔씩 몇몇의 허리케인이 카리브 해와 멕시코 만 쪽으로 진행하여 미국, 멕시코, 버뮤다 등의 북아메리카 국가들에 큰 피해를 입히기도 한다.","pronouns":[],"mentionTagged":"[카보베르데형 허리케인](Cape Verde-type hurricane)은 [카보베르데 섬] 주변에서 발생하는 [허리케인]을 가리키는 말이다. 1년에 약 2개의 [카보베르데형 허리케인]이 발생하며, 높은 수온의 영향으로 매우 강력한 허리케인으로 발달하는 편이다. [대서양]에서 발생하는 오랜 기간동안 활동한 허리케인들을 보면, 대다수가 [카보베르데형 허리케인]이다. 대부분의 [카보베르데형 허리케인]은 육지에 상륙하지 않고 북동진하나, 가끔씩 몇몇의 허리케인이 [카리브 해]와 [멕시코 만] 쪽으로 진행하여 [미국], [멕시코], [버뮤다] 등의 [북아메리카] 국가들에 큰 피해를 입히기도 한다."}