{"entityTagged":"<카스테욘_주>(, )는 [스페인] [발렌시아_지방] 북쪽에 위치한 주로, 주도는 [카스테욘데라플라나]이다. [스페인어]와 [발렌시아어]를 쓴다.","globalSId":[2373462,2373463],"entities":[{"kbox_types":["NULL"],"st":0,"en_mention":6,"ancestor":"","eIdx":0,"st_mention":0,"en":8,"ne_type":"ETC","keyword":"<카스테욘_주>","e_type":"ELU"},{"kbox_types":["Country","PopulatedPlace","Settlement","PopulatedPlace","Place"],"st":14,"en_mention":15,"ancestor":"","eIdx":1,"st_mention":12,"en":19,"ne_type":"LOCATION","keyword":"[스페인]","e_type":"WIKILINK"},{"kbox_types":["PopulatedPlace","Settlement","PopulatedPlace","Place"],"st":20,"en_mention":23,"ancestor":"","eIdx":2,"st_mention":16,"en":29,"ne_type":"LOCATION","keyword":"[발렌시아_지방]","e_type":"WIKILINK"},{"kbox_types":["PopulatedPlace","Place","Settlement","PopulatedPlace","City"],"st":46,"en_mention":49,"ancestor":"","eIdx":3,"st_mention":40,"en":57,"ne_type":"LOCATION","keyword":"[카스테욘데라플라나]","e_type":"WIKILINK"},{"kbox_types":["Language"],"st":61,"en_mention":57,"ancestor":"","eIdx":4,"st_mention":53,"en":67,"ne_type":"ETC","keyword":"[스페인어]","e_type":"WIKILINK"},{"kbox_types":["Language"],"st":69,"en_mention":64,"ancestor":"","eIdx":5,"st_mention":59,"en":76,"ne_type":"ETC","keyword":"[발렌시아어]","e_type":"WIKILINK"}],"wikiPageId":589244,"pIdx":1,"plainText":"카스테욘 주(, )는 스페인 발렌시아 지방 북쪽에 위치한 주로, 주도는 카스테욘데라플라나이다. 스페인어와 발렌시아어를 쓴다.","mentionTagged":"[카스테욘 주](, )는 [스페인] [발렌시아 지방] 북쪽에 위치한 주로, 주도는 [카스테욘데라플라나]이다. [스페인어]와 [발렌시아어]를 쓴다."}