{"entityTagged":"국가대표팀. [은둠부]는 [가봉_축구_국가대표팀] 일원으로 [2009년] [11월,] [알랭_지레스] 전 국가대표팀 감독에 의해 처음으로 차출되었다.","globalSId":[3148949,3148950],"entities":[{"kbox_types":["NULL"],"st":7,"en_mention":9,"ancestor":"-2","eIdx":0,"st_mention":6,"en":12,"ne_type":"PERSON","keyword":"[은둠부]","e_type":"NEW"},{"kbox_types":["SoccerClub","Agent","SportsTeam","Organisation"],"st":14,"en_mention":22,"ancestor":"","eIdx":1,"st_mention":11,"en":27,"ne_type":"ORGANIZATION","keyword":"[가봉_축구_국가대표팀]","e_type":"WIKILINK"},{"kbox_types":["Year","MusicalWork","TimePeriod","Work","Album"],"st":33,"en_mention":33,"ancestor":"-2","eIdx":2,"st_mention":28,"en":40,"ne_type":"TIME","keyword":"[2009년]","e_type":"NEW"},{"kbox_types":["NULL"],"st":41,"en_mention":38,"ancestor":"-2","eIdx":3,"st_mention":34,"en":47,"ne_type":"TIME","keyword":"[11월,]","e_type":"NEW"},{"kbox_types":["SoccerPlayer","SportsManager","Agent","Person","SoccerManager","Athlete"],"st":48,"en_mention":45,"ancestor":"","eIdx":4,"st_mention":39,"en":56,"ne_type":"PERSON","keyword":"[알랭_지레스]","e_type":"WIKILINK"}],"wikiPageId":985054,"pIdx":6,"plainText":"국가대표팀 은둠부는 가봉 축구 국가대표팀 일원으로 2009년 11월, 알랭 지레스 전 국가대표팀 감독에 의해 처음으로 차출되었다.","mentionTagged":"국가대표팀 [은둠부]는 [가봉 축구 국가대표팀] 일원으로 [2009년] [11월,] [알랭 지레스] 전 국가대표팀 감독에 의해 처음으로 차출되었다."}