{"entityTagged":"[1956년] <백남준>은 [독일]로 유학을 떠나 [뮌헨_대학교] 및 [쾰른_대학교] 등에서 서양의 건축, 음악사, 철학 등을 공부하였다. [뮌헨 대학교] 입학 1년 후에는 [프라이부르크_고등음악원]으로 옮겨 [볼프강 포르트너] 교수에게 배우지만 곧 [쇤베르크] 이후 [현대음악]의 실험이 활발히 진행되던 [다름슈타트_하기_강좌]에 참여했다. 1958년 그 곳에서 <현대의_서양_고전_음악>가 [존_케이지]를 만나 그의 자유로운 음악적 실행으로부터 많은 영감을 얻었다. 전후 [1950년]대부터 활발해지기 시작한 독일 [라인] 지역의 [실험음악]의 현장에서 <백남준>은 \u2018<아시아>에서 온 문화테러리스트\u2019([앨런_카프로])라고 불릴 정도의 탁월한 퍼포먼스 아티스트로 활약했다. [1959년] \u2018<존_케이지>에게 보내는 경의\u2019에서 음악적 콜라주와 함께 <피아노>를 부수는 퍼포먼스를 선보이는 것을 시작으로, 바이올린을 단숨에 파괴하거나(바이올린 솔로) <존_케이지>가 착용한 넥타이를 잘라버리는 퍼포먼스(피아노 <포르테>를 위한 연습곡)가 특히 유명하다. [1961년] [카를하인츠_슈토크하우젠]의 음악 퍼포먼스 \u2018[오리기날레]\u2019에서 머리와 넥타이로 잉크를 묻혀 두루마리에 흔적을 남기는 독특한 퍼포먼스 [심플] [머리를_위한_선]을 보여주기도 했다. [1960년]대 초반 [조지_마키우나스], [요셉_보이스] 등과 의기투합하여 [플럭서스] 활동을 함께 전개했다. [다다이즘]에 영향을 받은 <플럭서스>는 [헤라클레이투스]가 주장한 \u2018[변화 생성의 흐름]\u2019 이라는 개념을 받아들여 이벤트와 퍼포먼스 그리고 전위음악에 주력했고, 곧 [유럽]과 <아시아> 및 [미국] 등 세계로 퍼져나갔다.","globalSId":[671,672,673,674,675,676,677,678],"entities":[{"kbox_types":["Year","TimePeriod"],"st":0,"en_mention":5,"ancestor":"-2","eIdx":0,"st_mention":0,"en":7,"ne_type":"TIME","keyword":"[1956년]","e_type":"NEW"},{"kbox_types":["Agent","Person","Artist"],"st":8,"en_mention":9,"ancestor":"","eIdx":1,"st_mention":6,"en":13,"ne_type":"PERSON","keyword":"<백남준>","e_type":"ELU"},{"kbox_types":["Country","PopulatedPlace","Settlement","PopulatedPlace","Place"],"st":15,"en_mention":13,"ancestor":"","eIdx":2,"st_mention":11,"en":19,"ne_type":"LOCATION","keyword":"[독일]","e_type":"WIKILINK"},{"kbox_types":["University","Agent","EducationalInstitution","Organisation"],"st":28,"en_mention":28,"ancestor":"","eIdx":3,"st_mention":22,"en":36,"ne_type":"ORGANIZATION","keyword":"[뮌헨_대학교]","e_type":"WIKILINK"},{"kbox_types":["University","Agent","EducationalInstitution","Organisation","School"],"st":39,"en_mention":37,"ancestor":"","eIdx":4,"st_mention":31,"en":47,"ne_type":"ORGANIZATION","keyword":"[쾰른_대학교]","e_type":"WIKILINK"},{"kbox_types":["University","Agent","EducationalInstitution","Organisation"],"st":78,"en_mention":74,"ancestor":"-2","eIdx":5,"st_mention":68,"en":86,"ne_type":"LOCATION","keyword":"[뮌헨 대학교]","e_type":"NEW"},{"kbox_types":["NULL"],"st":97,"en_mention":97,"ancestor":"","eIdx":6,"st_mention":85,"en":111,"ne_type":"ETC","keyword":"[프라이부르크_고등음악원]","e_type":"WIKILINK"},{"kbox_types":["NULL"],"st":117,"en_mention":111,"ancestor":"-2","eIdx":7,"st_mention":103,"en":127,"ne_type":"PERSON","keyword":"[볼프강 포르트너]","e_type":"NEW"},{"kbox_types":["NULL"],"st":140,"en_mention":128,"ancestor":"-2","eIdx":8,"st_mention":124,"en":146,"ne_type":"PERSON","keyword":"[쇤베르크]","e_type":"NEW"},{"kbox_types":["MusicGenre","TopicalConcept","Genre"],"st":150,"en_mention":136,"ancestor":"","eIdx":9,"st_mention":132,"en":156,"ne_type":"ETC","keyword":"[현대음악]","e_type":"WIKILINK"},{"kbox_types":["NULL"],"st":171,"en_mention":162,"ancestor":"","eIdx":10,"st_mention":151,"en":184,"ne_type":"ETC","keyword":"[다름슈타트_하기_강좌]","e_type":"WIKILINK"},{"kbox_types":["MusicGenre","TopicalConcept","Genre"],"st":204,"en_mention":186,"ancestor":"","eIdx":11,"st_mention":182,"en":218,"ne_type":"ETC","keyword":"<현대의_서양_고전_음악>","e_type":"ELU"},{"kbox_types":["Agent","Person"],"st":220,"en_mention":193,"ancestor":"","eIdx":12,"st_mention":188,"en":227,"ne_type":"PERSON","keyword":"[존_케이지]","e_type":"WIKILINK"},{"kbox_types":["Year","TimePeriod"],"st":266,"en_mention":237,"ancestor":"-2","eIdx":13,"st_mention":232,"en":273,"ne_type":"TIME","keyword":"[1950년]","e_type":"NEW"},{"kbox_types":["NULL"],"st":290,"en_mention":256,"ancestor":"-2","eIdx":14,"st_mention":254,"en":294,"ne_type":"LOCATION","keyword":"[라인]","e_type":"NEW"},{"kbox_types":["MusicGenre","TopicalConcept","Genre"],"st":299,"en_mention":265,"ancestor":"","eIdx":15,"st_mention":261,"en":305,"ne_type":"ETC","keyword":"[실험음악]","e_type":"WIKILINK"},{"kbox_types":["Agent","Person","Artist"],"st":312,"en_mention":275,"ancestor":"","eIdx":16,"st_mention":272,"en":317,"ne_type":"PERSON","keyword":"<백남준>","e_type":"ELU"},{"kbox_types":["PopulatedPlace","Place","Settlement","PopulatedPlace","Continent"],"st":320,"en_mention":281,"ancestor":"","eIdx":17,"st_mention":278,"en":325,"ne_type":"LOCATION","keyword":"<아시아>","e_type":"ELU"},{"kbox_types":["NULL"],"st":339,"en_mention":301,"ancestor":"","eIdx":18,"st_mention":295,"en":347,"ne_type":"ETC","keyword":"[앨런_카프로]","e_type":"WIKILINK"},{"kbox_types":["Year","TimePeriod"],"st":379,"en_mention":338,"ancestor":"-2","eIdx":19,"st_mention":333,"en":386,"ne_type":"TIME","keyword":"[1959년]","e_type":"NEW"},{"kbox_types":["Agent","Person"],"st":388,"en_mention":345,"ancestor":"","eIdx":20,"st_mention":340,"en":395,"ne_type":"PERSON","keyword":"<존_케이지>","e_type":"ELU"},{"kbox_types":["NULL"],"st":420,"en_mention":373,"ancestor":"","eIdx":21,"st_mention":370,"en":425,"ne_type":"ETC","keyword":"<피아노>","e_type":"ELU"},{"kbox_types":["Agent","Person"],"st":476,"en_mention":429,"ancestor":"","eIdx":22,"st_mention":424,"en":483,"ne_type":"PERSON","keyword":"<존_케이지>","e_type":"ELU"},{"kbox_types":["NULL"],"st":509,"en_mention":458,"ancestor":"","eIdx":23,"st_mention":455,"en":514,"ne_type":"ETC","keyword":"<포르테>","e_type":"ELU"},{"kbox_types":["Year","TimePeriod"],"st":534,"en_mention":483,"ancestor":"-2","eIdx":24,"st_mention":478,"en":541,"ne_type":"TIME","keyword":"[1961년]","e_type":"NEW"},{"kbox_types":["Agent","Person"],"st":542,"en_mention":496,"ancestor":"","eIdx":25,"st_mention":484,"en":556,"ne_type":"PERSON","keyword":"[카를하인츠_슈토크하우젠]","e_type":"WIKILINK"},{"kbox_types":["NULL"],"st":567,"en_mention":512,"ancestor":"-2","eIdx":26,"st_mention":507,"en":574,"ne_type":"ETC","keyword":"[오리기날레]","e_type":"NEW"},{"kbox_types":["NULL"],"st":617,"en_mention":557,"ancestor":"","eIdx":27,"st_mention":555,"en":621,"ne_type":"ETC","keyword":"[심플]","e_type":"WIKILINK"},{"kbox_types":["NULL"],"st":622,"en_mention":566,"ancestor":"","eIdx":28,"st_mention":558,"en":632,"ne_type":"ETC","keyword":"[머리를_위한_선]","e_type":"WIKILINK"},{"kbox_types":["Year","TimePeriod"],"st":644,"en_mention":583,"ancestor":"-2","eIdx":29,"st_mention":578,"en":651,"ne_type":"TIME","keyword":"[1960년]","e_type":"NEW"},{"kbox_types":["NULL"],"st":656,"en_mention":596,"ancestor":"","eIdx":30,"st_mention":588,"en":666,"ne_type":"ETC","keyword":"[조지_마키우나스]","e_type":"WIKILINK"},{"kbox_types":["NULL"],"st":668,"en_mention":604,"ancestor":"","eIdx":31,"st_mention":598,"en":676,"ne_type":"ETC","keyword":"[요셉_보이스]","e_type":"WIKILINK"},{"kbox_types":["NULL"],"st":687,"en_mention":619,"ancestor":"","eIdx":32,"st_mention":615,"en":693,"ne_type":"ETC","keyword":"[플럭서스]","e_type":"WIKILINK"},{"kbox_types":["NULL"],"st":707,"en_mention":637,"ancestor":"","eIdx":33,"st_mention":633,"en":713,"ne_type":"ETC","keyword":"[다다이즘]","e_type":"WIKILINK"},{"kbox_types":["NULL"],"st":722,"en_mention":650,"ancestor":"","eIdx":34,"st_mention":646,"en":728,"ne_type":"ETC","keyword":"<플럭서스>","e_type":"ELU"},{"kbox_types":["NULL"],"st":730,"en_mention":659,"ancestor":"-2","eIdx":35,"st_mention":652,"en":739,"ne_type":"PERSON","keyword":"[헤라클레이투스]","e_type":"NEW"},{"kbox_types":["NULL"],"st":746,"en_mention":675,"ancestor":"-2","eIdx":36,"st_mention":666,"en":757,"ne_type":"ETC","keyword":"[변화 생성의 흐름]","e_type":"NEW"},{"kbox_types":["PopulatedPlace","Place","Settlement","PopulatedPlace","Continent"],"st":800,"en_mention":720,"ancestor":"-2","eIdx":37,"st_mention":718,"en":804,"ne_type":"LOCATION","keyword":"[유럽]","e_type":"NEW"},{"kbox_types":["PopulatedPlace","Place","Settlement","PopulatedPlace","Continent"],"st":806,"en_mention":725,"ancestor":"","eIdx":38,"st_mention":722,"en":811,"ne_type":"LOCATION","keyword":"<아시아>","e_type":"ELU"},{"kbox_types":["Country","PopulatedPlace","PopulatedPlace","Place"],"st":814,"en_mention":730,"ancestor":"-2","eIdx":39,"st_mention":728,"en":818,"ne_type":"LOCATION","keyword":"[미국]","e_type":"NEW"}],"wikiPageId":38,"pIdx":3,"plainText":"1956년 백남준은 독일로 유학을 떠나 뮌헨 대학교 및 쾰른 대학교 등에서 서양의 건축, 음악사, 철학 등을 공부하였다. 뮌헨 대학교 입학 1년 후에는 프라이부르크 고등음악원으로 옮겨 볼프강 포르트너 교수에게 배우지만 곧 쇤베르크 이후 현대음악의 실험이 활발히 진행되던 다름슈타트 하기 강좌에 참여했다. 1958년 그 곳에서 현대음악가 존 케이지를 만나 그의 자유로운 음악적 실행으로부터 많은 영감을 얻었다. 전후 1950년대부터 활발해지기 시작한 독일 라인 지역의 액션뮤직의 현장에서 백남준은 \u2018아시아에서 온 문화테러리스트\u2019(앨런 카프로)라고 불릴 정도의 탁월한 퍼포먼스 아티스트로 활약했다. 1959년 \u2018존 케이지에게 보내는 경의\u2019에서 음악적 콜라주와 함께 피아노를 부수는 퍼포먼스를 선보이는 것을 시작으로, 바이올린을 단숨에 파괴하거나(바이올린 솔로) 존 케이지가 착용한 넥타이를 잘라버리는 퍼포먼스(피아노 포르테를 위한 연습곡)가 특히 유명하다. 1961년 카를하인츠 슈토크하우젠의 음악 퍼포먼스 \u2018오리기날레\u2019에서 머리와 넥타이로 잉크를 묻혀 두루마리에 흔적을 남기는 독특한 퍼포먼스 심플 머리를 위한 선을 보여주기도 했다. 1960년대 초반 조지 마키우나스, 요셉 보이스 등과 의기투합하여 플럭서스 활동을 함께 전개했다. 다다이즘에 영향을 받은 플럭서스는 헤라클레이투스가 주장한 \u2018변화 생성의 흐름\u2019 이라는 개념을 받아들여 이벤트와 퍼포먼스 그리고 전위음악에 주력했고, 곧 유럽과 아시아 및 미국 등 세계로 퍼져나갔다.","mentionTagged":"[1956년] [백남준]은 [독일]로 유학을 떠나 [뮌헨 대학교] 및 [쾰른 대학교] 등에서 서양의 건축, 음악사, 철학 등을 공부하였다. [뮌헨 대학교] 입학 1년 후에는 [프라이부르크 고등음악원]으로 옮겨 [볼프강 포르트너] 교수에게 배우지만 곧 [쇤베르크] 이후 [현대음악]의 실험이 활발히 진행되던 [다름슈타트 하기 강좌]에 참여했다. 1958년 그 곳에서 [현대음악]가 [존 케이지]를 만나 그의 자유로운 음악적 실행으로부터 많은 영감을 얻었다. 전후 [1950년]대부터 활발해지기 시작한 독일 [라인] 지역의 [액션뮤직]의 현장에서 [백남준]은 \u2018[아시아]에서 온 문화테러리스트\u2019([앨런 카프로])라고 불릴 정도의 탁월한 퍼포먼스 아티스트로 활약했다. [1959년] \u2018[존 케이지]에게 보내는 경의\u2019에서 음악적 콜라주와 함께 [피아노]를 부수는 퍼포먼스를 선보이는 것을 시작으로, 바이올린을 단숨에 파괴하거나(바이올린 솔로) [존 케이지]가 착용한 넥타이를 잘라버리는 퍼포먼스(피아노 [포르테]를 위한 연습곡)가 특히 유명하다. [1961년] [카를하인츠 슈토크하우젠]의 음악 퍼포먼스 \u2018[오리기날레]\u2019에서 머리와 넥타이로 잉크를 묻혀 두루마리에 흔적을 남기는 독특한 퍼포먼스 [심플] [머리를 위한 선]을 보여주기도 했다. [1960년]대 초반 [조지 마키우나스], [요셉 보이스] 등과 의기투합하여 [플럭서스] 활동을 함께 전개했다. [다다이즘]에 영향을 받은 [플럭서스]는 [헤라클레이투스]가 주장한 \u2018[변화 생성의 흐름]\u2019 이라는 개념을 받아들여 이벤트와 퍼포먼스 그리고 전위음악에 주력했고, 곧 [유럽]과 [아시아] 및 [미국] 등 세계로 퍼져나갔다."}