{"entityTagged":"[청성면](靑城面)은 [대한민국] [충청북도] [옥천군]에 있는 [면_(행정_구역)]이다.","globalSId":[2567327],"entities":[{"kbox_types":["NULL"],"st":0,"en_mention":3,"ancestor":"-2","eIdx":0,"st_mention":0,"en":5,"ne_type":"LOCATION","keyword":"[청성면]","e_type":"NEW"},{"kbox_types":["Country","PopulatedPlace","PopulatedPlace","Place"],"st":12,"en_mention":14,"ancestor":"","eIdx":1,"st_mention":10,"en":18,"ne_type":"LOCATION","keyword":"[대한민국]","e_type":"WIKILINK"},{"kbox_types":["PopulatedPlace","Settlement","PopulatedPlace","Place"],"st":19,"en_mention":19,"ancestor":"","eIdx":2,"st_mention":15,"en":25,"ne_type":"LOCATION","keyword":"[충청북도]","e_type":"WIKILINK"},{"kbox_types":["PopulatedPlace","Settlement","PopulatedPlace","Place"],"st":26,"en_mention":23,"ancestor":"","eIdx":3,"st_mention":20,"en":31,"ne_type":"LOCATION","keyword":"[옥천군]","e_type":"WIKILINK"},{"kbox_types":["NULL"],"st":36,"en_mention":29,"ancestor":"","eIdx":4,"st_mention":28,"en":47,"ne_type":"ETC","keyword":"[면_(행정_구역)]","e_type":"WIKILINK"}],"wikiPageId":681147,"pIdx":1,"plainText":"청성면(靑城面)은 대한민국 충청북도 옥천군에 있는 면이다.","mentionTagged":"[청성면](靑城面)은 [대한민국] [충청북도] [옥천군]에 있는 [면]이다."}