{"entityTagged":"[코로네이아]()는 [그리스] [중앙그리스_주] [보이오티아_현]의 마을이며, 옛 자치체이다. [2011년] 지방 행정 개혁을 통해 [리바데이아] 시(, Livadeia의 일부가 그 행정 구역의 하나가 되었다. 인구는 [2011년]을 기준으로 3,170명이고, 행정구의 중심 마을은 [아기오스 게오르기오스](Άγιος Γεώργιος , Agios Georgios)이다.","globalSId":[3969267,3969268,3969269],"entities":[{"kbox_types":["NULL"],"st":0,"en_mention":5,"ancestor":"-2","eIdx":0,"st_mention":0,"en":7,"ne_type":"LOCATION","keyword":"[코로네이아]","e_type":"NEW"},{"kbox_types":["Country","PopulatedPlace","Settlement","PopulatedPlace","Place"],"st":11,"en_mention":12,"ancestor":"","eIdx":1,"st_mention":9,"en":16,"ne_type":"LOCATION","keyword":"[그리스]","e_type":"WIKILINK"},{"kbox_types":["PopulatedPlace","Settlement","PopulatedPlace","Place"],"st":17,"en_mention":20,"ancestor":"","eIdx":2,"st_mention":13,"en":26,"ne_type":"LOCATION","keyword":"[중앙그리스_주]","e_type":"WIKILINK"},{"kbox_types":["PopulatedPlace","Settlement","PopulatedPlace","Place"],"st":27,"en_mention":28,"ancestor":"","eIdx":3,"st_mention":21,"en":36,"ne_type":"LOCATION","keyword":"[보이오티아_현]","e_type":"WIKILINK"},{"kbox_types":["Year","MusicalWork","TimePeriod","Work","Album"],"st":53,"en_mention":50,"ancestor":"-2","eIdx":4,"st_mention":45,"en":60,"ne_type":"TIME","keyword":"[2011년]","e_type":"NEW"},{"kbox_types":["NULL"],"st":74,"en_mention":69,"ancestor":"-2","eIdx":5,"st_mention":64,"en":81,"ne_type":"LOCATION","keyword":"[리바데이아]","e_type":"NEW"},{"kbox_types":["Year","MusicalWork","TimePeriod","Work","Album"],"st":122,"en_mention":115,"ancestor":"1-4","eIdx":6,"st_mention":110,"en":129,"ne_type":"TIME","keyword":"[2011년]","e_type":"NEW"},{"kbox_types":["NULL"],"st":158,"en_mention":155,"ancestor":"-2","eIdx":7,"st_mention":144,"en":171,"ne_type":"LOCATION","keyword":"[아기오스 게오르기오스]","e_type":"NEW"}],"wikiPageId":1750816,"pIdx":1,"plainText":"코로네이아()는 그리스 중앙그리스 주 보이오티아 현의 마을이며, 옛 자치체이다. 2011년 지방 행정 개혁을 통해 리바데이아 시(, Livadeia의 일부가 그 행정 구역의 하나가 되었다. 인구는 2011년을 기준으로 3,170명이고, 행정구의 중심 마을은 아기오스 게오르기오스(Άγιος Γεώργιος , Agios Georgios)이다.","mentionTagged":"[코로네이아]()는 [그리스] [중앙그리스 주] [보이오티아 현]의 마을이며, 옛 자치체이다. [2011년] 지방 행정 개혁을 통해 [리바데이아] 시(, Livadeia의 일부가 그 행정 구역의 하나가 되었다. 인구는 [2011년]을 기준으로 3,170명이고, 행정구의 중심 마을은 [아기오스 게오르기오스](Άγιος Γεώργιος , Agios Georgios)이다."}