{"entityTagged":"독립된 어족. 다른 언어와 연관이 없는 것으로 보더라도, 그 언어에서 분파된 언어가 있다면 독립된 어족이 될 수 있다. [일본어]는 분파된 언어로 [류큐어]가 있기에 [일본어족]으로 분류된다. [한국어]에서는, [상호의사소통성]이 없는 방언으로 [제주어]가 있기에 <한국어족>으로 분류하기도 한다.","globalSId":[79585,79586,79587,79588],"entities":[{"kbox_types":["Language"],"st":67,"en_mention":69,"ancestor":"","eIdx":0,"st_mention":66,"en":72,"ne_type":"ETC","keyword":"[일본어]","e_type":"WIKILINK"},{"kbox_types":["Language"],"st":82,"en_mention":82,"ancestor":"","eIdx":1,"st_mention":79,"en":87,"ne_type":"ETC","keyword":"[류큐어]","e_type":"WIKILINK"},{"kbox_types":["NULL"],"st":93,"en_mention":92,"ancestor":"","eIdx":2,"st_mention":88,"en":99,"ne_type":"ETC","keyword":"[일본어족]","e_type":"WIKILINK"},{"kbox_types":["Language"],"st":108,"en_mention":104,"ancestor":"","eIdx":3,"st_mention":101,"en":113,"ne_type":"ETC","keyword":"[한국어]","e_type":"WIKILINK"},{"kbox_types":["NULL"],"st":118,"en_mention":116,"ancestor":"","eIdx":4,"st_mention":109,"en":127,"ne_type":"ETC","keyword":"[상호의사소통성]","e_type":"WIKILINK"},{"kbox_types":["Language"],"st":137,"en_mention":129,"ancestor":"","eIdx":5,"st_mention":126,"en":142,"ne_type":"ETC","keyword":"[제주어]","e_type":"WIKILINK"},{"kbox_types":["NULL"],"st":148,"en_mention":139,"ancestor":"","eIdx":6,"st_mention":135,"en":154,"ne_type":"ETC","keyword":"<한국어족>","e_type":"ELU"}],"wikiPageId":5748,"pIdx":6,"plainText":"독립된 어족 다른 언어와 연관이 없는 것으로 보더라도, 그 언어에서 분파된 언어가 있다면 독립된 어족이 될 수 있다. 일본어는 분파된 언어로 류큐어가 있기에 일본어족으로 분류된다. 한국어에서는, 상호의사소통성이 없는 방언으로 제주어가 있기에 한국어족으로 분류하기도 한다.","mentionTagged":"독립된 어족 다른 언어와 연관이 없는 것으로 보더라도, 그 언어에서 분파된 언어가 있다면 독립된 어족이 될 수 있다. [일본어]는 분파된 언어로 [류큐어]가 있기에 [일본어족]으로 분류된다. [한국어]에서는, [상호의사소통성]이 없는 방언으로 [제주어]가 있기에 [한국어족]으로 분류하기도 한다."}