{"entityTagged":"그 후에 중앙집권화를 진전하게 하여 토호의 지역 지배를 해체하려는 [도요토미_정권]의 동향에 <사이카슈>는 일관되게 반발을 지속하였다. [히데요시]와 [오다_노부카쓰]·[도쿠가와_이에야스] 사이에 벌어진 [고마키·나가쿠테_전투]에서는 [네고로슈]와 연합하여 [오사카_성] 주변까지 출병하여 [오와리_국]로 출진한 [히데요시]의 배후를 위협하였다. [덴쇼 13년]([1585년]), [이에야스]와 화해한 [히데요시]가 [기이]로 침습해(제2차 [기슈_정벌]), [네고로슈]의 본거지 [네고로지][根来寺]를 불사르고 <사이카슈>도 괴멸하게 했다.","globalSId":[2228362,2228363,2228364],"entities":[{"kbox_types":["Country","PopulatedPlace","Place"],"st":37,"en_mention":44,"ancestor":"","eIdx":0,"st_mention":37,"en":46,"ne_type":"LOCATION","keyword":"[도요토미_정권]","e_type":"WIKILINK"},{"kbox_types":["NULL"],"st":52,"en_mention":54,"ancestor":"","eIdx":1,"st_mention":50,"en":58,"ne_type":"ETC","keyword":"<사이카슈>","e_type":"ELU"},{"kbox_types":["NULL"],"st":76,"en_mention":76,"ancestor":"7-0","eIdx":2,"st_mention":72,"en":82,"ne_type":"PERSON","keyword":"[히데요시]","e_type":"NEW"},{"kbox_types":["Agent","Person"],"st":84,"en_mention":85,"ancestor":"","eIdx":3,"st_mention":78,"en":93,"ne_type":"PERSON","keyword":"[오다_노부카쓰]","e_type":"WIKILINK"},{"kbox_types":["Agent","Person","OfficeHolder"],"st":94,"en_mention":95,"ancestor":"","eIdx":4,"st_mention":86,"en":105,"ne_type":"PERSON","keyword":"[도쿠가와_이에야스]","e_type":"WIKILINK"},{"kbox_types":["MilitaryConflict","Event","SocietalEvent"],"st":114,"en_mention":115,"ancestor":"","eIdx":5,"st_mention":104,"en":127,"ne_type":"ETC","keyword":"[고마키·나가쿠테_전투]","e_type":"WIKILINK"},{"kbox_types":["NULL"],"st":131,"en_mention":123,"ancestor":"3-13","eIdx":6,"st_mention":119,"en":137,"ne_type":"ETC","keyword":"[네고로슈]","e_type":"NEW"},{"kbox_types":["Castle","ArchitecturalStructure","Building","Place","Place"],"st":144,"en_mention":135,"ancestor":"","eIdx":7,"st_mention":130,"en":151,"ne_type":"LOCATION","keyword":"[오사카_성]","e_type":"WIKILINK"},{"kbox_types":["NULL"],"st":162,"en_mention":149,"ancestor":"","eIdx":8,"st_mention":146,"en":169,"ne_type":"ETC","keyword":"[오와리_국]","e_type":"WIKILINK"},{"kbox_types":["NULL"],"st":175,"en_mention":159,"ancestor":"7-2","eIdx":9,"st_mention":155,"en":181,"ne_type":"PERSON","keyword":"[히데요시]","e_type":"NEW"},{"kbox_types":["NULL"],"st":194,"en_mention":178,"ancestor":"-2","eIdx":10,"st_mention":172,"en":202,"ne_type":"TIME","keyword":"[덴쇼 13년]","e_type":"NEW"},{"kbox_types":["Year","TimePeriod"],"st":203,"en_mention":184,"ancestor":"","eIdx":11,"st_mention":179,"en":210,"ne_type":"TIME","keyword":"[1585년]","e_type":"WIKILINK"},{"kbox_types":["NULL"],"st":213,"en_mention":191,"ancestor":"-2","eIdx":12,"st_mention":187,"en":219,"ne_type":"PERSON","keyword":"[이에야스]","e_type":"NEW"},{"kbox_types":["NULL"],"st":225,"en_mention":201,"ancestor":"7-9","eIdx":13,"st_mention":197,"en":231,"ne_type":"PERSON","keyword":"[히데요시]","e_type":"NEW"},{"kbox_types":["NULL"],"st":233,"en_mention":205,"ancestor":"3-3","eIdx":14,"st_mention":203,"en":237,"ne_type":"LOCATION","keyword":"[기이]","e_type":"NEW"},{"kbox_types":["NULL"],"st":247,"en_mention":220,"ancestor":"","eIdx":15,"st_mention":215,"en":254,"ne_type":"ETC","keyword":"[기슈_정벌]","e_type":"WIKILINK"},{"kbox_types":["NULL"],"st":257,"en_mention":227,"ancestor":"7-6","eIdx":16,"st_mention":223,"en":263,"ne_type":"ETC","keyword":"[네고로슈]","e_type":"NEW"},{"kbox_types":["NULL"],"st":269,"en_mention":237,"ancestor":"-2","eIdx":17,"st_mention":233,"en":275,"ne_type":"LOCATION","keyword":"[네고로지]","e_type":"NEW"},{"kbox_types":["NULL"],"st":275,"en_mention":240,"ancestor":"","eIdx":18,"st_mention":237,"en":280,"ne_type":"ETC","keyword":"[根来寺]","e_type":"WIKILINK"},{"kbox_types":["NULL"],"st":287,"en_mention":251,"ancestor":"","eIdx":19,"st_mention":247,"en":293,"ne_type":"ETC","keyword":"<사이카슈>","e_type":"ELU"}],"wikiPageId":520457,"pIdx":7,"plainText":"그 후에 중앙집권화를 진전하게 하여 토호의 지역 지배를 해체하려는 도요토미 정권의 동향에 사이카슈는 일관되게 반발을 지속하였다. 히데요시와 오다 노부카쓰·도쿠가와 이에야스 사이에 벌어진 고마키·나가쿠테 전투에서는 네고로슈와 연합하여 오사카 성 주변까지 출병하여 오와리로 출진한 히데요시의 배후를 위협하였다. 덴쇼 13년(1585년), 이에야스와 화해한 히데요시가 기이로 침습해(제2차 기슈 정벌), 네고로슈의 본거지 네고로지根来寺를 불사르고 사이카슈도 괴멸하게 했다.","mentionTagged":"그 후에 중앙집권화를 진전하게 하여 토호의 지역 지배를 해체하려는 [도요토미 정권]의 동향에 [사이카슈]는 일관되게 반발을 지속하였다. [히데요시]와 [오다 노부카쓰]·[도쿠가와 이에야스] 사이에 벌어진 [고마키·나가쿠테 전투]에서는 [네고로슈]와 연합하여 [오사카 성] 주변까지 출병하여 [오와리]로 출진한 [히데요시]의 배후를 위협하였다. [덴쇼 13년]([1585년]), [이에야스]와 화해한 [히데요시]가 [기이]로 침습해(제2차 [기슈 정벌]), [네고로슈]의 본거지 [네고로지][根来寺]를 불사르고 [사이카슈]도 괴멸하게 했다."}