{"entityTagged":"CD-ROM 드라이브는 [1988년]의 PC 엔진, [1999년]의 <메가_드라이브>의 애드온으로서 이 세대에 도입되었다. <닌텐도>는 [소니]와의 합작 사업으로 SNES의 광 미디어 포맷을 실험하였는데, [소니]는 이 개념을 [플레이스테이션]에 적용하여 <닌텐도>와 세가의 주 경쟁 제품으로 유명해지려는 참이었다. [플랫_셰이딩] <다각형>과 더불어 《[버추어_레이싱]》, 《[스타_폭스]》 등의 게임 카트리지에 추가된 프로세서가 가능케 한 기본적인 [3차원_컴퓨터_그래픽스]가 주류에 진입하였지만, 메가 드라이브는 매우 단순화된 폴리곤 모델, 느린 프레임 레이트 (<4 fps), 낮은 해상도를 사용하여 특수 프로세서 없이 ~8 MHz 68000 칩에서 이러한 그래픽을 가까스로 구현할 수 있었다.","globalSId":[3846001,3846002,3846003],"entities":[{"kbox_types":["Year","TimePeriod"],"st":13,"en_mention":18,"ancestor":"-2","eIdx":0,"st_mention":13,"en":20,"ne_type":"TIME","keyword":"[1988년]","e_type":"NEW"},{"kbox_types":["Year","MusicalWork","TimePeriod","Work","Album"],"st":29,"en_mention":32,"ancestor":"-2","eIdx":1,"st_mention":27,"en":36,"ne_type":"TIME","keyword":"[1999년]","e_type":"NEW"},{"kbox_types":["InformationAppliance","Device"],"st":38,"en_mention":40,"ancestor":"","eIdx":2,"st_mention":34,"en":47,"ne_type":"ETC","keyword":"<메가_드라이브>","e_type":"ELU"},{"kbox_types":["Company","Agent","Organisation"],"st":69,"en_mention":65,"ancestor":"","eIdx":3,"st_mention":62,"en":74,"ne_type":"ORGANIZATION","keyword":"<닌텐도>","e_type":"ELU"},{"kbox_types":["Company","Agent","Organisation"],"st":76,"en_mention":69,"ancestor":"","eIdx":4,"st_mention":67,"en":80,"ne_type":"ORGANIZATION","keyword":"[소니]","e_type":"WIKILINK"},{"kbox_types":["Company","Agent","Organisation"],"st":115,"en_mention":106,"ancestor":"-2","eIdx":5,"st_mention":104,"en":119,"ne_type":"ORGANIZATION","keyword":"[소니]","e_type":"NEW"},{"kbox_types":["Company","Device","Agent","InformationAppliance","Organisation"],"st":127,"en_mention":121,"ancestor":"","eIdx":6,"st_mention":114,"en":136,"ne_type":"ORGANIZATION","keyword":"[플레이스테이션]","e_type":"WIKILINK"},{"kbox_types":["Company","Agent","Organisation"],"st":143,"en_mention":131,"ancestor":"","eIdx":7,"st_mention":128,"en":148,"ne_type":"ORGANIZATION","keyword":"<닌텐도>","e_type":"ELU"},{"kbox_types":["NULL"],"st":177,"en_mention":166,"ancestor":"","eIdx":8,"st_mention":160,"en":185,"ne_type":"ETC","keyword":"[플랫_셰이딩]","e_type":"WIKILINK"},{"kbox_types":["NULL"],"st":186,"en_mention":170,"ancestor":"","eIdx":9,"st_mention":167,"en":191,"ne_type":"ETC","keyword":"<다각형>","e_type":"ELU"},{"kbox_types":["Software","VideoGame","Work"],"st":198,"en_mention":184,"ancestor":"","eIdx":10,"st_mention":177,"en":207,"ne_type":"ETC","keyword":"[버추어_레이싱]","e_type":"WIKILINK"},{"kbox_types":["NULL"],"st":211,"en_mention":193,"ancestor":"","eIdx":11,"st_mention":188,"en":218,"ne_type":"ETC","keyword":"[스타_폭스]","e_type":"WIKILINK"},{"kbox_types":["MusicGenre","TopicalConcept","Genre"],"st":253,"en_mention":236,"ancestor":"","eIdx":12,"st_mention":228,"en":267,"ne_type":"ETC","keyword":"[3차원_컴퓨터_그래픽스]","e_type":"WIKILINK"}],"wikiPageId":1623985,"pIdx":69,"plainText":"CD-ROM 드라이브는 1988년의 PC 엔진, 1999년의 메가드라이브의 애드온으로서 이 세대에 도입되었다. 닌텐도는 소니와의 합작 사업으로 SNES의 광 미디어 포맷을 실험하였는데, 소니는 이 개념을 플레이스테이션에 적용하여 닌텐도와 세가의 주 경쟁 제품으로 유명해지려는 참이었다. 플랫 셰이딩 폴리곤과 더불어 《버추어 레이싱》, 《스타 폭스》 등의 게임 카트리지에 추가된 프로세서가 가능케 한 기본적인 3차원 그래픽스가 주류에 진입하였지만, 메가 드라이브는 매우 단순화된 폴리곤 모델, 느린 프레임 레이트 (<4 fps), 낮은 해상도를 사용하여 특수 프로세서 없이 ~8 MHz 68000 칩에서 이러한 그래픽을 가까스로 구현할 수 있었다.","mentionTagged":"CD-ROM 드라이브는 [1988년]의 PC 엔진, [1999년]의 [메가드라이브]의 애드온으로서 이 세대에 도입되었다. [닌텐도]는 [소니]와의 합작 사업으로 SNES의 광 미디어 포맷을 실험하였는데, [소니]는 이 개념을 [플레이스테이션]에 적용하여 [닌텐도]와 세가의 주 경쟁 제품으로 유명해지려는 참이었다. [플랫 셰이딩] [폴리곤]과 더불어 《[버추어 레이싱]》, 《[스타 폭스]》 등의 게임 카트리지에 추가된 프로세서가 가능케 한 기본적인 [3차원 그래픽스]가 주류에 진입하였지만, 메가 드라이브는 매우 단순화된 폴리곤 모델, 느린 프레임 레이트 (<4 fps), 낮은 해상도를 사용하여 특수 프로세서 없이 ~8 MHz 68000 칩에서 이러한 그래픽을 가까스로 구현할 수 있었다."}