{"entityTagged":"<범패스_산>([영어]:Bumpass Mountain)은 [미국] [캘리포니아_주]의 [샤스타]에 있는 [산]으로, [화산_활동]이 활발하다. 이 [산]은 [범패스_지옥]이라고 하는 [지열 지역](Geothermal Area)이 있으며, 그곳에서는 [호수], [진흙_화산], [간헐천], 그리고 [유황]까지 있다. [분화구] 내의 [유황호]에는 [증기]가 나온다. 이곳은 [분화]할 가능성은 희박하지만, 주봉이 [래슨피크_산]에서는 [분화] 조짐이 일어나고 있다.","globalSId":[2858335,2858336,2858337,2858338],"entities":[{"kbox_types":["Mountain","Place","Place","NaturalPlace"],"st":0,"en_mention":5,"ancestor":"","eIdx":0,"st_mention":0,"en":7,"ne_type":"LOCATION","keyword":"<범패스_산>","e_type":"ELU"},{"kbox_types":["Language"],"st":8,"en_mention":8,"ancestor":"","eIdx":1,"st_mention":6,"en":12,"ne_type":"ETC","keyword":"[영어]","e_type":"WIKILINK"},{"kbox_types":["Country","PopulatedPlace","PopulatedPlace","Place"],"st":32,"en_mention":30,"ancestor":"","eIdx":2,"st_mention":28,"en":36,"ne_type":"LOCATION","keyword":"[미국]","e_type":"WIKILINK"},{"kbox_types":["Region","PopulatedPlace","AdministrativeRegion","Place","Settlement","AdministrativeRegion"],"st":37,"en_mention":38,"ancestor":"","eIdx":3,"st_mention":31,"en":46,"ne_type":"LOCATION","keyword":"[캘리포니아_주]","e_type":"WIKILINK"},{"kbox_types":["NULL"],"st":48,"en_mention":43,"ancestor":"","eIdx":4,"st_mention":40,"en":53,"ne_type":"ETC","keyword":"[샤스타]","e_type":"WIKILINK"},{"kbox_types":["NULL"],"st":58,"en_mention":49,"ancestor":"","eIdx":5,"st_mention":48,"en":61,"ne_type":"ETC","keyword":"[산]","e_type":"WIKILINK"},{"kbox_types":["NULL"],"st":65,"en_mention":58,"ancestor":"","eIdx":6,"st_mention":53,"en":72,"ne_type":"ETC","keyword":"[화산_활동]","e_type":"WIKILINK"},{"kbox_types":["NULL"],"st":82,"en_mention":69,"ancestor":"","eIdx":7,"st_mention":68,"en":85,"ne_type":"ETC","keyword":"[산]","e_type":"WIKILINK"},{"kbox_types":["NULL"],"st":87,"en_mention":77,"ancestor":"","eIdx":8,"st_mention":71,"en":95,"ne_type":"ETC","keyword":"[범패스_지옥]","e_type":"WIKILINK"},{"kbox_types":["NULL"],"st":102,"en_mention":89,"ancestor":"-2","eIdx":9,"st_mention":84,"en":109,"ne_type":"LOCATION","keyword":"[지열 지역]","e_type":"NEW"},{"kbox_types":["NULL"],"st":139,"en_mention":121,"ancestor":"","eIdx":10,"st_mention":119,"en":143,"ne_type":"ETC","keyword":"[호수]","e_type":"WIKILINK"},{"kbox_types":["NULL"],"st":145,"en_mention":128,"ancestor":"","eIdx":11,"st_mention":123,"en":152,"ne_type":"ETC","keyword":"[진흙_화산]","e_type":"WIKILINK"},{"kbox_types":["NULL"],"st":154,"en_mention":133,"ancestor":"","eIdx":12,"st_mention":130,"en":159,"ne_type":"ETC","keyword":"[간헐천]","e_type":"WIKILINK"},{"kbox_types":["NULL"],"st":165,"en_mention":141,"ancestor":"","eIdx":13,"st_mention":139,"en":169,"ne_type":"ETC","keyword":"[유황]","e_type":"WIKILINK"},{"kbox_types":["NULL"],"st":176,"en_mention":151,"ancestor":"","eIdx":14,"st_mention":148,"en":181,"ne_type":"ETC","keyword":"[분화구]","e_type":"WIKILINK"},{"kbox_types":["NULL"],"st":185,"en_mention":158,"ancestor":"","eIdx":15,"st_mention":155,"en":190,"ne_type":"ETC","keyword":"[유황호]","e_type":"WIKILINK"},{"kbox_types":["NULL"],"st":193,"en_mention":163,"ancestor":"","eIdx":16,"st_mention":161,"en":197,"ne_type":"ETC","keyword":"[증기]","e_type":"WIKILINK"},{"kbox_types":["NULL"],"st":208,"en_mention":176,"ancestor":"","eIdx":17,"st_mention":174,"en":212,"ne_type":"ETC","keyword":"[분화]","e_type":"WIKILINK"},{"kbox_types":["NULL"],"st":230,"en_mention":200,"ancestor":"","eIdx":18,"st_mention":194,"en":238,"ne_type":"ETC","keyword":"[래슨피크_산]","e_type":"WIKILINK"},{"kbox_types":["NULL"],"st":242,"en_mention":206,"ancestor":"","eIdx":19,"st_mention":204,"en":246,"ne_type":"ETC","keyword":"[분화]","e_type":"WIKILINK"}],"wikiPageId":823658,"pIdx":1,"plainText":"범패스 산(영어:Bumpass Mountain)은 미국 캘리포니아 주의 샤스타에 있는 산으로, 화산 활동이 활발하다. 이 산은 범패스 지옥이라고 하는 지열 지역(Geothermal Area)이 있으며, 그곳에서는 호수, 진흙 화산, 간헐천, 그리고 유황까지 있다. 분화구 내의 유황호에는 증기가 나온다. 이곳은 분화할 가능성은 희박하지만, 주봉이 래슨피크 산에서는 분화 조짐이 일어나고 있다.","mentionTagged":"[범패스 산]([영어]:Bumpass Mountain)은 [미국] [캘리포니아 주]의 [샤스타]에 있는 [산]으로, [화산 활동]이 활발하다. 이 [산]은 [범패스 지옥]이라고 하는 [지열 지역](Geothermal Area)이 있으며, 그곳에서는 [호수], [진흙 화산], [간헐천], 그리고 [유황]까지 있다. [분화구] 내의 [유황호]에는 [증기]가 나온다. 이곳은 [분화]할 가능성은 희박하지만, 주봉이 [래슨피크 산]에서는 [분화] 조짐이 일어나고 있다."}