{"entityTagged":"<관코박쥐속>(\"Murina\")은 [애기박쥐과]에 속한 [박쥐] 속이다. 37종으로 이루어져 있다.","globalSId":[3242167,3242168],"entities":[{"kbox_types":["Animal","Species","TopicalConcept","Taxon","Eukaryote","Mammal"],"st":0,"en_mention":5,"ancestor":"","eIdx":0,"st_mention":0,"en":7,"ne_type":"ETC","keyword":"<관코박쥐속>","e_type":"ELU"},{"kbox_types":["Animal","Species","TopicalConcept","Taxon","Eukaryote","Mammal"],"st":19,"en_mention":22,"ancestor":"","eIdx":1,"st_mention":17,"en":26,"ne_type":"ETC","keyword":"[애기박쥐과]","e_type":"WIKILINK"},{"kbox_types":["Animal","Species","TopicalConcept","Taxon","Eukaryote","Mammal"],"st":31,"en_mention":29,"ancestor":"","eIdx":2,"st_mention":27,"en":35,"ne_type":"ETC","keyword":"[박쥐]","e_type":"WIKILINK"}],"wikiPageId":1042146,"pIdx":1,"plainText":"관코박쥐속(\"Murina\")은 애기박쥐과에 속한 박쥐 속이다. 37종으로 이루어져 있다.","pronouns":[],"mentionTagged":"[관코박쥐속](\"Murina\")은 [애기박쥐과]에 속한 [박쥐] 속이다. 37종으로 이루어져 있다."}