{"entityTagged":"[성남]에서 [K리그]와 FA컵 준우승에 기여한 후 [아랍에미리트]의 [알아인_FC]로 이적하였으나 반 시즌만에 [J1리그] [오미야_아르디자]로 이적했다.","globalSId":[568408],"entities":[{"kbox_types":["NULL"],"st":0,"en_mention":2,"ancestor":"-1","eIdx":0,"st_mention":0,"en":4,"ne_type":"ORGANIZATION","keyword":"[성남]","e_type":"NEW"},{"kbox_types":["Agent","SportsLeague","Organisation","SoccerLeague"],"st":7,"en_mention":8,"ancestor":"5-3","eIdx":1,"st_mention":5,"en":12,"ne_type":"ETC","keyword":"[K리그]","e_type":"NEW"},{"kbox_types":["Country","PopulatedPlace","Settlement","PopulatedPlace","Place"],"st":29,"en_mention":31,"ancestor":"","eIdx":2,"st_mention":25,"en":37,"ne_type":"LOCATION","keyword":"[아랍에미리트]","e_type":"WIKILINK"},{"kbox_types":["SoccerClub","Agent","SportsTeam","Organisation"],"st":39,"en_mention":39,"ancestor":"","eIdx":3,"st_mention":33,"en":47,"ne_type":"ORGANIZATION","keyword":"[알아인_FC]","e_type":"WIKILINK"},{"kbox_types":["NULL"],"st":63,"en_mention":59,"ancestor":"","eIdx":4,"st_mention":55,"en":69,"ne_type":"ETC","keyword":"[J1리그]","e_type":"WIKILINK"},{"kbox_types":["SoccerClub","Agent","SportsTeam","Organisation"],"st":70,"en_mention":68,"ancestor":"","eIdx":5,"st_mention":60,"en":80,"ne_type":"ORGANIZATION","keyword":"[오미야_아르디자]","e_type":"WIKILINK"}],"wikiPageId":69165,"pIdx":6,"plainText":"성남에서 K리그와 FA컵 준우승에 기여한 후 아랍에미리트의 알아인 FC로 이적하였으나 반 시즌만에 J1리그 오미야 아르디자로 이적했다.","mentionTagged":"[성남]에서 [K리그]와 FA컵 준우승에 기여한 후 [아랍에미리트]의 [알아인 FC]로 이적하였으나 반 시즌만에 [J1리그] [오미야 아르디자]로 이적했다."}