{"entityTagged":"<티라노사우루스>() 또는 <티라노사우루스>는 [백악기] 후기([6800~6600만 년] 전)에 살았던, [용반목] [수각아목] [티라노사우루스과]의 [속_(생물학)]이다. 종명인 <티라노사우루스>()의 일반적인 약자인 <티렉스_(밴드)>(T.rex)가 대중문화에 정착되었으며, [한국]에서는 ~사우루스를 빼고 <티라노사우루스>라고 줄여 부르기도 한다. [북아메리카_대륙]의 서쪽에서 주로 서식했으며, 다른 [티라노사우루스과]의 공룡에 비해 그 서식 범위가 넓었다(수십 평방 km에 달하는 넓은 영토를 가졌을 것으로 추측된다).","globalSId":[973325,973326,973327],"entities":[{"kbox_types":["Animal","Species","Eukaryote"],"st":0,"en_mention":7,"ancestor":"","eIdx":0,"st_mention":0,"en":9,"ne_type":"ETC","keyword":"<티라노사우루스>","e_type":"ELU"},{"kbox_types":["Animal","Species","Eukaryote"],"st":15,"en_mention":20,"ancestor":"","eIdx":1,"st_mention":13,"en":24,"ne_type":"ETC","keyword":"<티라노사우루스>","e_type":"ELU"},{"kbox_types":["GeologicalPeriod","TimePeriod"],"st":26,"en_mention":25,"ancestor":"","eIdx":2,"st_mention":22,"en":31,"ne_type":"ETC","keyword":"[백악기]","e_type":"WIKILINK"},{"kbox_types":["NULL"],"st":35,"en_mention":41,"ancestor":"-2","eIdx":3,"st_mention":29,"en":49,"ne_type":"TIME","keyword":"[6800~6600만 년]","e_type":"NEW"},{"kbox_types":["Animal","Species","Eukaryote"],"st":59,"en_mention":54,"ancestor":"","eIdx":4,"st_mention":51,"en":64,"ne_type":"ETC","keyword":"[용반목]","e_type":"WIKILINK"},{"kbox_types":["Animal","Species","Eukaryote"],"st":65,"en_mention":59,"ancestor":"","eIdx":5,"st_mention":55,"en":71,"ne_type":"ETC","keyword":"[수각아목]","e_type":"WIKILINK"},{"kbox_types":["Animal","Species","Eukaryote"],"st":72,"en_mention":68,"ancestor":"","eIdx":6,"st_mention":60,"en":82,"ne_type":"ETC","keyword":"[티라노사우루스과]","e_type":"WIKILINK"},{"kbox_types":["NULL"],"st":84,"en_mention":71,"ancestor":"","eIdx":7,"st_mention":70,"en":93,"ne_type":"ETC","keyword":"[속_(생물학)]","e_type":"WIKILINK"},{"kbox_types":["Animal","Species","Eukaryote"],"st":101,"en_mention":89,"ancestor":"","eIdx":8,"st_mention":79,"en":110,"ne_type":"ETC","keyword":"<티라노사우루스>","e_type":"ELU"},{"kbox_types":["Agent","Group","Organisation","Band"],"st":123,"en_mention":105,"ancestor":"","eIdx":9,"st_mention":102,"en":133,"ne_type":"ORGANIZATION","keyword":"<티렉스_(밴드)>","e_type":"ELU"},{"kbox_types":["Agent","EducationalInstitution","Organisation","University"],"st":156,"en_mention":130,"ancestor":"-2","eIdx":10,"st_mention":128,"en":160,"ne_type":"LOCATION","keyword":"[한국]","e_type":"NEW"},{"kbox_types":["Animal","Species","Eukaryote"],"st":174,"en_mention":147,"ancestor":"","eIdx":11,"st_mention":144,"en":183,"ne_type":"ETC","keyword":"<티라노사우루스>","e_type":"ELU"},{"kbox_types":["NULL"],"st":198,"en_mention":170,"ancestor":"","eIdx":12,"st_mention":162,"en":208,"ne_type":"ETC","keyword":"[북아메리카_대륙]","e_type":"WIKILINK"},{"kbox_types":["Animal","Species","Eukaryote"],"st":228,"en_mention":198,"ancestor":"","eIdx":13,"st_mention":190,"en":238,"ne_type":"ETC","keyword":"[티라노사우루스과]","e_type":"WIKILINK"}],"wikiPageId":137382,"pIdx":1,"plainText":"티라노사우루스() 또는 티란노사우루스는 백악기 후기(6800~6600만 년 전)에 살았던, 용반목 수각아목 티라노사우루스과의 속이다. 종명인 티라노사우루스 렉스()의 일반적인 약자인 티렉스(T.rex)가 대중문화에 정착되었으며, 한국에서는 ~사우루스를 빼고 티라노라고 줄여 부르기도 한다. 북아메리카 대륙의 서쪽에서 주로 서식했으며, 다른 티라노사우루스과의 공룡에 비해 그 서식 범위가 넓었다(수십 평방 km에 달하는 넓은 영토를 가졌을 것으로 추측된다).","mentionTagged":"[티라노사우루스]() 또는 [티란노사우루스]는 [백악기] 후기([6800~6600만 년] 전)에 살았던, [용반목] [수각아목] [티라노사우루스과]의 [속]이다. 종명인 [티라노사우루스 렉스]()의 일반적인 약자인 [티렉스](T.rex)가 대중문화에 정착되었으며, [한국]에서는 ~사우루스를 빼고 [티라노]라고 줄여 부르기도 한다. [북아메리카 대륙]의 서쪽에서 주로 서식했으며, 다른 [티라노사우루스과]의 공룡에 비해 그 서식 범위가 넓었다(수십 평방 km에 달하는 넓은 영토를 가졌을 것으로 추측된다)."}