{"entityTagged":"생애. [훌리오 코르타사르]는 [1914년] [8월] [26일], [벨기에] [브뤼셀]의 [익셀]에서 태어났다. 전기작가 [Miguel Herráez]에 따르면 그의 부모 [Julio José Cortázar]와 [María Herminia Descotte]는 <아르헨티나>의 시민이었으며 그의 아버지는 <벨기에>에서 <아르헨티나>의 외교부에서 복무했다.","globalSId":[3884828,3884829,3884830],"entities":[{"kbox_types":["NULL"],"st":4,"en_mention":12,"ancestor":"-2","eIdx":0,"st_mention":3,"en":15,"ne_type":"PERSON","keyword":"[훌리오 코르타사르]","e_type":"NEW"},{"kbox_types":["Year","TimePeriod"],"st":17,"en_mention":19,"ancestor":"-2","eIdx":1,"st_mention":14,"en":24,"ne_type":"TIME","keyword":"[1914년]","e_type":"NEW"},{"kbox_types":["NULL"],"st":25,"en_mention":22,"ancestor":"-2","eIdx":2,"st_mention":20,"en":29,"ne_type":"TIME","keyword":"[8월]","e_type":"NEW"},{"kbox_types":["NULL"],"st":30,"en_mention":26,"ancestor":"-2","eIdx":3,"st_mention":23,"en":35,"ne_type":"TIME","keyword":"[26일]","e_type":"NEW"},{"kbox_types":["Country","PopulatedPlace","Settlement","PopulatedPlace","Place"],"st":37,"en_mention":31,"ancestor":"","eIdx":4,"st_mention":28,"en":42,"ne_type":"LOCATION","keyword":"[벨기에]","e_type":"WIKILINK"},{"kbox_types":["PopulatedPlace","Place","Settlement","PopulatedPlace"],"st":43,"en_mention":35,"ancestor":"","eIdx":5,"st_mention":32,"en":48,"ne_type":"LOCATION","keyword":"[브뤼셀]","e_type":"WIKILINK"},{"kbox_types":["PopulatedPlace","Settlement","PopulatedPlace","Place"],"st":50,"en_mention":39,"ancestor":"","eIdx":6,"st_mention":37,"en":54,"ne_type":"LOCATION","keyword":"[익셀]","e_type":"WIKILINK"},{"kbox_types":["NULL"],"st":68,"en_mention":67,"ancestor":"-2","eIdx":7,"st_mention":53,"en":84,"ne_type":"PERSON","keyword":"[Miguel Herráez]","e_type":"NEW"},{"kbox_types":["NULL"],"st":96,"en_mention":98,"ancestor":"-2","eIdx":8,"st_mention":79,"en":117,"ne_type":"PERSON","keyword":"[Julio José Cortázar]","e_type":"NEW"},{"kbox_types":["NULL"],"st":119,"en_mention":123,"ancestor":"-2","eIdx":9,"st_mention":100,"en":144,"ne_type":"PERSON","keyword":"[María Herminia Descotte]","e_type":"NEW"},{"kbox_types":["Country","PopulatedPlace","PopulatedPlace","Place"],"st":146,"en_mention":130,"ancestor":"","eIdx":10,"st_mention":125,"en":153,"ne_type":"LOCATION","keyword":"<아르헨티나>","e_type":"ELU"},{"kbox_types":["Country","PopulatedPlace","Settlement","PopulatedPlace","Place"],"st":170,"en_mention":150,"ancestor":"","eIdx":11,"st_mention":147,"en":175,"ne_type":"LOCATION","keyword":"<벨기에>","e_type":"ELU"},{"kbox_types":["Country","PopulatedPlace","PopulatedPlace","Place"],"st":178,"en_mention":158,"ancestor":"","eIdx":12,"st_mention":153,"en":185,"ne_type":"LOCATION","keyword":"<아르헨티나>","e_type":"ELU"}],"wikiPageId":1657105,"pIdx":2,"plainText":"생애 훌리오 코르타사르는 1914년 8월 26일, 벨기에 브뤼셀의 익셀에서 태어났다. 전기작가 Miguel Herráez에 따르면 그의 부모 Julio José Cortázar와 María Herminia Descotte는 아르헨티나의 시민이었으며 그의 아버지는 벨기에에서 아르헨티나의 외교부에서 복무했다.","mentionTagged":"생애 [훌리오 코르타사르]는 [1914년] [8월] [26일], [벨기에] [브뤼셀]의 [익셀]에서 태어났다. 전기작가 [Miguel Herráez]에 따르면 그의 부모 [Julio José Cortázar]와 [María Herminia Descotte]는 [아르헨티나]의 시민이었으며 그의 아버지는 [벨기에]에서 [아르헨티나]의 외교부에서 복무했다."}