{"entityTagged":"<포르투갈>에서 출하된 주된 물고기들로는 [정어리], [고등어], [다랑어]이며, 각각 총 무게의 37%, 9%, 8%를 차지하고, 13%, 1%, 8%의 수익을 보인다. [문어]와 같은 [연체동물]과는 전체 무게의 12%를 차지하지만 22%의 수익을, [새우]나 [게]와 같은 [갑각류]의 경우 전체 무게의 0.5%를 차지하지만 6%의 수익을 낸다.","globalSId":[3333058,3333059],"entities":[{"kbox_types":["Country","PopulatedPlace","Settlement","PopulatedPlace","Place"],"st":0,"en_mention":4,"ancestor":"","eIdx":0,"st_mention":0,"en":6,"ne_type":"LOCATION","keyword":"<포르투갈>","e_type":"ELU"},{"kbox_types":["Animal","Species","Eukaryote"],"st":23,"en_mention":24,"ancestor":"","eIdx":1,"st_mention":21,"en":28,"ne_type":"ETC","keyword":"[정어리]","e_type":"WIKILINK"},{"kbox_types":["NULL"],"st":30,"en_mention":29,"ancestor":"","eIdx":2,"st_mention":26,"en":35,"ne_type":"ETC","keyword":"[고등어]","e_type":"WIKILINK"},{"kbox_types":["TopicalConcept","Taxon"],"st":37,"en_mention":34,"ancestor":"","eIdx":3,"st_mention":31,"en":42,"ne_type":"ETC","keyword":"[다랑어]","e_type":"WIKILINK"},{"kbox_types":["Animal","Species","TopicalConcept","Taxon","Eukaryote","Mollusca"],"st":96,"en_mention":90,"ancestor":"","eIdx":4,"st_mention":88,"en":100,"ne_type":"ETC","keyword":"[문어]","e_type":"WIKILINK"},{"kbox_types":["Animal","Species","TopicalConcept","Taxon","Eukaryote"],"st":105,"en_mention":99,"ancestor":"","eIdx":5,"st_mention":95,"en":111,"ne_type":"ETC","keyword":"[연체동물]","e_type":"WIKILINK"},{"kbox_types":["Animal","Species","TopicalConcept","Crustacean","Taxon","Eukaryote"],"st":142,"en_mention":132,"ancestor":"","eIdx":6,"st_mention":130,"en":146,"ne_type":"ETC","keyword":"[새우]","e_type":"WIKILINK"},{"kbox_types":["Animal","Species","TopicalConcept","Crustacean","Taxon","Eukaryote"],"st":148,"en_mention":135,"ancestor":"","eIdx":7,"st_mention":134,"en":151,"ne_type":"ETC","keyword":"[게]","e_type":"WIKILINK"},{"kbox_types":["Animal","Species","TopicalConcept","Crustacean","Taxon","Eukaryote"],"st":156,"en_mention":143,"ancestor":"","eIdx":8,"st_mention":140,"en":161,"ne_type":"ETC","keyword":"[갑각류]","e_type":"WIKILINK"}],"wikiPageId":1103507,"pIdx":13,"plainText":"포르투갈에서 출하된 주된 물고기들로는 정어리, 고등어, 다랑어이며, 각각 총 무게의 37%, 9%, 8%를 차지하고, 13%, 1%, 8%의 수익을 보인다. 문어와 같은 연체동물과는 전체 무게의 12%를 차지하지만 22%의 수익을, 새우나 게와 같은 갑각류의 경우 전체 무게의 0.5%를 차지하지만 6%의 수익을 낸다.","pronouns":[],"mentionTagged":"[포르투갈]에서 출하된 주된 물고기들로는 [정어리], [고등어], [다랑어]이며, 각각 총 무게의 37%, 9%, 8%를 차지하고, 13%, 1%, 8%의 수익을 보인다. [문어]와 같은 [연체동물]과는 전체 무게의 12%를 차지하지만 22%의 수익을, [새우]나 [게]와 같은 [갑각류]의 경우 전체 무게의 0.5%를 차지하지만 6%의 수익을 낸다."}