{"entityTagged":"이 《<고려대장경>》은 [1232년](고종 19) [몽골_제국]의 침입을 받아 병화(兵火)로 없어졌고, 약간 남아 있는 것은 [일본] [교토_시] [난젠지](南禪寺. 南禅寺. <난젠지>)에 1,715권이 전하고 있을 뿐이다,.","globalSId":[811878,811879,811880],"entities":[{"kbox_types":["NULL"],"st":3,"en_mention":8,"ancestor":"","eIdx":0,"st_mention":3,"en":10,"ne_type":"ETC","keyword":"<고려대장경>","e_type":"ELU"},{"kbox_types":["Year","TimePeriod"],"st":13,"en_mention":16,"ancestor":"","eIdx":1,"st_mention":11,"en":20,"ne_type":"TIME","keyword":"[1232년]","e_type":"WIKILINK"},{"kbox_types":["Country","PopulatedPlace","Place","PopulatedPlace"],"st":28,"en_mention":26,"ancestor":"","eIdx":2,"st_mention":24,"en":35,"ne_type":"LOCATION","keyword":"[몽골_제국]","e_type":"WIKILINK"},{"kbox_types":["Country","PopulatedPlace","PopulatedPlace","Place"],"st":70,"en_mention":63,"ancestor":"","eIdx":3,"st_mention":61,"en":74,"ne_type":"LOCATION","keyword":"[일본]","e_type":"WIKILINK"},{"kbox_types":["PopulatedPlace","Place","Settlement","PopulatedPlace","City"],"st":75,"en_mention":66,"ancestor":"","eIdx":4,"st_mention":64,"en":81,"ne_type":"LOCATION","keyword":"[교토_시]","e_type":"WIKILINK"},{"kbox_types":["NULL"],"st":82,"en_mention":70,"ancestor":"","eIdx":5,"st_mention":67,"en":87,"ne_type":"ETC","keyword":"[난젠지]","e_type":"WIKILINK"},{"kbox_types":["NULL"],"st":98,"en_mention":84,"ancestor":"","eIdx":6,"st_mention":81,"en":103,"ne_type":"ETC","keyword":"<난젠지>","e_type":"ELU"}],"wikiPageId":109544,"pIdx":8,"plainText":"이 《초조대장경》은 1232년(고종 19) 몽골의 침입을 받아 병화(兵火)로 없어졌고, 약간 남아 있는 것은 일본 교토 난젠지(南禪寺. 南禅寺. 남선사)에 1,715권이 전하고 있을 뿐이다,.","pronouns":[{"st":2,"ancestor":"3-0","proIdx":0,"en":8,"cwStateCd":"FIXED","cwSelIdx":1,"type":"PRONOUN","keyword":"《<고려대장경>》"}],"mentionTagged":"이 《[초조대장경]》은 [1232년](고종 19) [몽골]의 침입을 받아 병화(兵火)로 없어졌고, 약간 남아 있는 것은 [일본] [교토] [난젠지](南禪寺. 南禅寺. [남선사])에 1,715권이 전하고 있을 뿐이다,."}