{"entityTagged":"<고군면>(古郡面)은 [대한민국] [전라남도] [진도군]에 위치한 면이다. \u2018한국판 모세의 기적\u2019으로 알려진 \u2018[진도] 신비의 바닷길\u2019로 유명한 지역이다.","globalSId":[2558083,2558084],"entities":[{"kbox_types":["NULL"],"st":0,"en_mention":3,"ancestor":"","eIdx":0,"st_mention":0,"en":5,"ne_type":"ETC","keyword":"<고군면>","e_type":"ELU"},{"kbox_types":["Country","PopulatedPlace","PopulatedPlace","Place"],"st":12,"en_mention":14,"ancestor":"","eIdx":1,"st_mention":10,"en":18,"ne_type":"LOCATION","keyword":"[대한민국]","e_type":"WIKILINK"},{"kbox_types":["PopulatedPlace","Settlement","PopulatedPlace","Place"],"st":19,"en_mention":19,"ancestor":"","eIdx":2,"st_mention":15,"en":25,"ne_type":"LOCATION","keyword":"[전라남도]","e_type":"WIKILINK"},{"kbox_types":["PopulatedPlace","Settlement","PopulatedPlace","Place"],"st":26,"en_mention":23,"ancestor":"","eIdx":3,"st_mention":20,"en":31,"ne_type":"LOCATION","keyword":"[진도군]","e_type":"WIKILINK"},{"kbox_types":["NULL"],"st":62,"en_mention":56,"ancestor":"-2","eIdx":4,"st_mention":54,"en":66,"ne_type":"LOCATION","keyword":"[진도]","e_type":"NEW"}],"wikiPageId":677264,"pIdx":1,"plainText":"고군면(古郡面)은 대한민국 전라남도 진도군에 위치한 면이다. \u2018한국판 모세의 기적\u2019으로 알려진 \u2018진도 신비의 바닷길\u2019로 유명한 지역이다.","mentionTagged":"[고군면](古郡面)은 [대한민국] [전라남도] [진도군]에 위치한 면이다. \u2018한국판 모세의 기적\u2019으로 알려진 \u2018[진도] 신비의 바닷길\u2019로 유명한 지역이다."}