{"entityTagged":"[아오하라 역]()은 [일본] [시마네_현] [가노아시_군] [쓰와노_정]에 위치한 [서일본_여객철도] [야마구치_선]의 [철도역]이다. [상대식_승강장] 2면 2선의 구조를 갖춘 지상역이다.","globalSId":[3881761,3881762],"entities":[{"kbox_types":["NULL"],"st":0,"en_mention":6,"ancestor":"-2","eIdx":0,"st_mention":0,"en":8,"ne_type":"LOCATION","keyword":"[아오하라 역]","e_type":"NEW"},{"kbox_types":["Country","PopulatedPlace","PopulatedPlace","Place"],"st":12,"en_mention":12,"ancestor":"","eIdx":1,"st_mention":10,"en":16,"ne_type":"LOCATION","keyword":"[일본]","e_type":"WIKILINK"},{"kbox_types":["Region","PopulatedPlace","AdministrativeRegion","Settlement","Place","AdministrativeRegion"],"st":17,"en_mention":18,"ancestor":"","eIdx":2,"st_mention":13,"en":24,"ne_type":"LOCATION","keyword":"[시마네_현]","e_type":"WIKILINK"},{"kbox_types":["NULL"],"st":25,"en_mention":25,"ancestor":"","eIdx":3,"st_mention":19,"en":33,"ne_type":"ETC","keyword":"[가노아시_군]","e_type":"WIKILINK"},{"kbox_types":["PopulatedPlace","Settlement","PopulatedPlace","City","Place"],"st":34,"en_mention":31,"ancestor":"","eIdx":4,"st_mention":26,"en":41,"ne_type":"LOCATION","keyword":"[쓰와노_정]","e_type":"WIKILINK"},{"kbox_types":["Agent","Organisation","Company"],"st":47,"en_mention":45,"ancestor":"","eIdx":5,"st_mention":37,"en":57,"ne_type":"ORGANIZATION","keyword":"[서일본_여객철도]","e_type":"WIKILINK"},{"kbox_types":["ArchitecturalStructure","Place","RailwayLine","Place","RouteOfTransportation","Infrastructure"],"st":58,"en_mention":52,"ancestor":"","eIdx":6,"st_mention":46,"en":66,"ne_type":"LOCATION","keyword":"[야마구치_선]","e_type":"WIKILINK"},{"kbox_types":["NULL"],"st":68,"en_mention":57,"ancestor":"","eIdx":7,"st_mention":54,"en":73,"ne_type":"ETC","keyword":"[철도역]","e_type":"WIKILINK"},{"kbox_types":["NULL"],"st":77,"en_mention":68,"ancestor":"","eIdx":8,"st_mention":61,"en":86,"ne_type":"ETC","keyword":"[상대식_승강장]","e_type":"WIKILINK"}],"wikiPageId":1654703,"pIdx":1,"plainText":"아오하라 역()은 일본 시마네 현 가노아시 군 쓰와노 정에 위치한 서일본 여객철도 야마구치 선의 철도역이다. 상대식 승강장 2면 2선의 구조를 갖춘 지상역이다.","mentionTagged":"[아오하라 역]()은 [일본] [시마네 현] [가노아시 군] [쓰와노 정]에 위치한 [서일본 여객철도] [야마구치 선]의 [철도역]이다. [상대식 승강장] 2면 2선의 구조를 갖춘 지상역이다."}