{"entityTagged":"[기타시코쿠]()는 [시코쿠] 4개 현 중에서 [가가와_현]과 [에히메_현]을 아울러 일컫는 명칭이다.","globalSId":[2224038],"entities":[{"kbox_types":["NULL"],"st":0,"en_mention":5,"ancestor":"-2","eIdx":0,"st_mention":0,"en":7,"ne_type":"LOCATION","keyword":"[기타시코쿠]","e_type":"NEW"},{"kbox_types":["PopulatedPlace","Place","Island","PopulatedPlace"],"st":11,"en_mention":12,"ancestor":"","eIdx":1,"st_mention":9,"en":16,"ne_type":"LOCATION","keyword":"[시코쿠]","e_type":"WIKILINK"},{"kbox_types":["Region","PopulatedPlace","AdministrativeRegion","Place","AdministrativeRegion"],"st":26,"en_mention":27,"ancestor":"","eIdx":2,"st_mention":22,"en":33,"ne_type":"LOCATION","keyword":"[가가와_현]","e_type":"WIKILINK"},{"kbox_types":["Region","PopulatedPlace","AdministrativeRegion","Place","AdministrativeRegion"],"st":35,"en_mention":34,"ancestor":"","eIdx":3,"st_mention":29,"en":42,"ne_type":"LOCATION","keyword":"[에히메_현]","e_type":"WIKILINK"}],"wikiPageId":518245,"pIdx":1,"plainText":"기타시코쿠()는 시코쿠 4개 현 중에서 가가와 현과 에히메 현을 아울러 일컫는 명칭이다.","pronouns":[{"st":20,"ancestor":"1-1","proIdx":0,"en":24,"cwStateCd":"FIXED","cwSelIdx":1,"type":"PRONOUN","keyword":"현 중에서"}],"mentionTagged":"[기타시코쿠]()는 [시코쿠] 4개 현 중에서 [가가와 현]과 [에히메 현]을 아울러 일컫는 명칭이다."}