{"entityTagged":"[그란데]의 음악 경력으로는 《[빅토리어스]》(2011)의 사운드 트랙의 참여를 계기로 음반사 [리퍼블릭_레코드]와 계약을 체결했고, [2013년 3월]에는 그녀의 첫 정규 앨범 《[Yours_Truly]》를 발매하며 [빌보드_200] 1위로 데뷔했다. 그녀의 폭넓은 음역대는 [머라이어_캐리]를 연상시키며 비평가들의 호평을 받았고 <리드_싱글> 〈[The_Way]〉는 [빌보드_핫_100] 10위권과 더블 플래티넘 인증을 받으며 성공을 거뒀다.","globalSId":[2663009,2663010],"entities":[{"kbox_types":["NULL"],"st":0,"en_mention":3,"ancestor":"-2","eIdx":0,"st_mention":0,"en":5,"ne_type":"PERSON","keyword":"[그란데]","e_type":"NEW"},{"kbox_types":["Work","TelevisionShow"],"st":17,"en_mention":20,"ancestor":"","eIdx":1,"st_mention":15,"en":24,"ne_type":"ETC","keyword":"[빅토리어스]","e_type":"WIKILINK"},{"kbox_types":["Company","Agent","Organisation","RecordLabel"],"st":53,"en_mention":57,"ancestor":"","eIdx":2,"st_mention":49,"en":63,"ne_type":"ORGANIZATION","keyword":"[리퍼블릭_레코드]","e_type":"WIKILINK"},{"kbox_types":["NULL"],"st":75,"en_mention":77,"ancestor":"-2","eIdx":3,"st_mention":69,"en":85,"ne_type":"TIME","keyword":"[2013년 3월]","e_type":"NEW"},{"kbox_types":["MusicalWork","Work","Album"],"st":101,"en_mention":104,"ancestor":"","eIdx":4,"st_mention":93,"en":114,"ne_type":"ETC","keyword":"[Yours_Truly]","e_type":"WIKILINK"},{"kbox_types":["NULL"],"st":122,"en_mention":119,"ancestor":"","eIdx":5,"st_mention":112,"en":131,"ne_type":"ETC","keyword":"[빌보드_200]","e_type":"WIKILINK"},{"kbox_types":["Agent","Person","MusicalArtist","Artist"],"st":155,"en_mention":150,"ancestor":"","eIdx":6,"st_mention":143,"en":164,"ne_type":"PERSON","keyword":"[머라이어_캐리]","e_type":"WIKILINK"},{"kbox_types":["MusicalWork","Work","Single"],"st":186,"en_mention":177,"ancestor":"","eIdx":7,"st_mention":172,"en":193,"ne_type":"ETC","keyword":"<리드_싱글>","e_type":"ELU"},{"kbox_types":["NULL"],"st":195,"en_mention":186,"ancestor":"","eIdx":8,"st_mention":179,"en":204,"ne_type":"ETC","keyword":"[The_Way]","e_type":"WIKILINK"},{"kbox_types":["NULL"],"st":207,"en_mention":198,"ancestor":"","eIdx":9,"st_mention":189,"en":218,"ne_type":"ETC","keyword":"[빌보드_핫_100]","e_type":"WIKILINK"}],"wikiPageId":725877,"pIdx":2,"plainText":"그란데의 음악 경력으로는 《빅토리어스》(2011)의 사운드 트랙의 참여를 계기로 음반사 리퍼블릭 레코드와 계약을 체결했고, 2013년 3월에는 그녀의 첫 정규 앨범 《Yours Truly》를 발매하며 빌보드 200 1위로 데뷔했다. 그녀의 폭넓은 음역대는 머라이어 캐리를 연상시키며 비평가들의 호평을 받았고 리드 싱글 〈The Way〉는 빌보드 핫 100 10위권과 더블 플래티넘 인증을 받으며 성공을 거뒀다.","mentionTagged":"[그란데]의 음악 경력으로는 《[빅토리어스]》(2011)의 사운드 트랙의 참여를 계기로 음반사 [리퍼블릭 레코드]와 계약을 체결했고, [2013년 3월]에는 그녀의 첫 정규 앨범 《[Yours Truly]》를 발매하며 [빌보드 200] 1위로 데뷔했다. 그녀의 폭넓은 음역대는 [머라이어 캐리]를 연상시키며 비평가들의 호평을 받았고 [리드 싱글] 〈[The Way]〉는 [빌보드 핫 100] 10위권과 더블 플래티넘 인증을 받으며 성공을 거뒀다."}