{"entityTagged":"[대구 수성구 갑]은 [대한민국_국회]의 국회의원이 대표하는 지역구로, [대구광역시] [수성구] 일부를 관할한다. 현 지역구 국회의원은 [더불어민주당]의 [김부겸] (4선, [2016년]~)이다.","globalSId":[3981470,3981471],"entities":[{"kbox_types":["NULL"],"st":0,"en_mention":8,"ancestor":"-2","eIdx":0,"st_mention":0,"en":10,"ne_type":"ETC","keyword":"[대구 수성구 갑]","e_type":"NEW"},{"kbox_types":["Legislature","Agent","Organisation"],"st":12,"en_mention":17,"ancestor":"","eIdx":1,"st_mention":10,"en":21,"ne_type":"ORGANIZATION","keyword":"[대한민국_국회]","e_type":"WIKILINK"},{"kbox_types":["PopulatedPlace","Place","Settlement","PopulatedPlace","City"],"st":40,"en_mention":41,"ancestor":"","eIdx":2,"st_mention":36,"en":47,"ne_type":"LOCATION","keyword":"[대구광역시]","e_type":"WIKILINK"},{"kbox_types":["PopulatedPlace","Settlement","PopulatedPlace","Place"],"st":48,"en_mention":45,"ancestor":"","eIdx":3,"st_mention":42,"en":53,"ne_type":"LOCATION","keyword":"[수성구]","e_type":"WIKILINK"},{"kbox_types":["Agent","PoliticalParty","Organisation"],"st":76,"en_mention":74,"ancestor":"","eIdx":4,"st_mention":68,"en":84,"ne_type":"ORGANIZATION","keyword":"[더불어민주당]","e_type":"WIKILINK"},{"kbox_types":["Politician","Governor","Agent","Person"],"st":86,"en_mention":79,"ancestor":"","eIdx":5,"st_mention":76,"en":91,"ne_type":"PERSON","keyword":"[김부겸]","e_type":"WIKILINK"},{"kbox_types":["Year","Agent","Organisation","TimePeriod","Company"],"st":97,"en_mention":90,"ancestor":"-1","eIdx":6,"st_mention":85,"en":104,"ne_type":"TIME","keyword":"[2016년]","e_type":"NEW"}],"wikiPageId":1757308,"pIdx":1,"plainText":"대구 수성구 갑은 대한민국 국회의 국회의원이 대표하는 지역구로, 대구광역시 수성구 일부를 관할한다. 현 지역구 국회의원은 더불어민주당의 김부겸 (4선, 2016년~)이다.","mentionTagged":"[대구 수성구 갑]은 [대한민국 국회]의 국회의원이 대표하는 지역구로, [대구광역시] [수성구] 일부를 관할한다. 현 지역구 국회의원은 [더불어민주당]의 [김부겸] (4선, [2016년]~)이다."}