{"entityTagged":"[금수산태양궁전](錦繡山太陽宮殿)은 [조선민주주의인민공화국]의 수도 [평양직할시]에 있는 [김일성] 주석과 [김정일] 국방위원장의 시신이 안치된 건물이다. 궁전 내부에는 <김일성>의 유품이나 생전에 사용했던 열차의 일부를 전시하고 있다.","globalSId":[464069,464070],"entities":[{"kbox_types":["NULL"],"st":0,"en_mention":7,"ancestor":"-2","eIdx":0,"st_mention":0,"en":9,"ne_type":"LOCATION","keyword":"[금수산태양궁전]","e_type":"NEW"},{"kbox_types":["Country","PopulatedPlace","PopulatedPlace","Place"],"st":20,"en_mention":29,"ancestor":"","eIdx":1,"st_mention":18,"en":33,"ne_type":"LOCATION","keyword":"[조선민주주의인민공화국]","e_type":"WIKILINK"},{"kbox_types":["PopulatedPlace","Place","Settlement","PopulatedPlace","City"],"st":38,"en_mention":39,"ancestor":"","eIdx":2,"st_mention":34,"en":45,"ne_type":"LOCATION","keyword":"[평양직할시]","e_type":"WIKILINK"},{"kbox_types":["Politician","Agent","Person","OfficeHolder","President"],"st":50,"en_mention":47,"ancestor":"","eIdx":3,"st_mention":44,"en":55,"ne_type":"PERSON","keyword":"[김일성]","e_type":"WIKILINK"},{"kbox_types":["Politician","Actor","Agent","Person","OfficeHolder","Artist","President"],"st":60,"en_mention":55,"ancestor":"","eIdx":4,"st_mention":52,"en":65,"ne_type":"PERSON","keyword":"[김정일]","e_type":"WIKILINK"},{"kbox_types":["Politician","Agent","Person","OfficeHolder","President"],"st":95,"en_mention":88,"ancestor":"","eIdx":5,"st_mention":85,"en":100,"ne_type":"PERSON","keyword":"<김일성>","e_type":"ELU"}],"wikiPageId":49657,"pIdx":1,"plainText":"금수산태양궁전(錦繡山太陽宮殿)은 조선민주주의인민공화국의 수도 평양직할시에 있는 김일성 주석과 김정일 국방위원장의 시신이 안치된 건물이다. 궁전 내부에는 김일성의 유품이나 생전에 사용했던 열차의 일부를 전시하고 있다.","pronouns":[],"mentionTagged":"[금수산태양궁전](錦繡山太陽宮殿)은 [조선민주주의인민공화국]의 수도 [평양직할시]에 있는 [김일성] 주석과 [김정일] 국방위원장의 시신이 안치된 건물이다. 궁전 내부에는 [김일성]의 유품이나 생전에 사용했던 열차의 일부를 전시하고 있다."}