{"entityTagged":"<사가아라시야마_역>()은 [일본] [교토_시] [교토_부] [우쿄_구]에 있는 [철도역]이다. [서일본_여객철도]가 운영하는 [사가노_선] 열차가 정차한다.","globalSId":[2067286,2067287],"entities":[{"kbox_types":["ArchitecturalStructure","Place","Station","Place","Infrastructure","RailwayStation"],"st":0,"en_mention":9,"ancestor":"","eIdx":0,"st_mention":0,"en":11,"ne_type":"LOCATION","keyword":"<사가아라시야마_역>","e_type":"ELU"},{"kbox_types":["Country","PopulatedPlace","PopulatedPlace","Place"],"st":15,"en_mention":15,"ancestor":"","eIdx":1,"st_mention":13,"en":19,"ne_type":"LOCATION","keyword":"[일본]","e_type":"WIKILINK"},{"kbox_types":["PopulatedPlace","Place","Settlement","PopulatedPlace","City"],"st":20,"en_mention":20,"ancestor":"","eIdx":2,"st_mention":16,"en":26,"ne_type":"LOCATION","keyword":"[교토_시]","e_type":"WIKILINK"},{"kbox_types":["Region","PopulatedPlace","AdministrativeRegion","Settlement","Place","AdministrativeRegion"],"st":27,"en_mention":25,"ancestor":"","eIdx":3,"st_mention":21,"en":33,"ne_type":"LOCATION","keyword":"[교토_부]","e_type":"WIKILINK"},{"kbox_types":["PopulatedPlace","Settlement","PopulatedPlace","City","Place"],"st":34,"en_mention":30,"ancestor":"","eIdx":4,"st_mention":26,"en":40,"ne_type":"LOCATION","keyword":"[우쿄_구]","e_type":"WIKILINK"},{"kbox_types":["NULL"],"st":45,"en_mention":36,"ancestor":"","eIdx":5,"st_mention":35,"en":50,"ne_type":"ETC","keyword":"[철도역]","e_type":"WIKILINK"},{"kbox_types":["Agent","Organisation","Company"],"st":54,"en_mention":48,"ancestor":"","eIdx":6,"st_mention":40,"en":64,"ne_type":"ORGANIZATION","keyword":"[서일본_여객철도]","e_type":"WIKILINK"},{"kbox_types":["ArchitecturalStructure","Place","RailwayLine","Place","RouteOfTransportation","Infrastructure"],"st":71,"en_mention":60,"ancestor":"","eIdx":7,"st_mention":55,"en":78,"ne_type":"LOCATION","keyword":"[사가노_선]","e_type":"WIKILINK"}],"wikiPageId":452338,"pIdx":1,"plainText":"사가아라시야마 역()은 일본 교토 시 교토 부 우쿄 구에 있는 역이다. 서일본 여객철도가 운영하는 사가노 선 열차가 정차한다.","pronouns":[],"mentionTagged":"[사가아라시야마 역]()은 [일본] [교토 시] [교토 부] [우쿄 구]에 있는 [역]이다. [서일본 여객철도]가 운영하는 [사가노 선] 열차가 정차한다."}