{"entityTagged":"일반적인 특징이 있는 가하면 [폴리네시아 섬]에 정착한 원주민들은 섬의 크기와 자원, 기후에 영향을 받아 다양한 문화를 이루어냈다. 가령 [하와이]와 [통가]에서는 생사여탈권을 가진 절대적인 추장이 다스리는 원시적인 국가체제가 이루어져 수만 명의 인구를 부양했으며, 이들은 추장의 무덤이나 거대한 신전 같은 기념물을 세우기도 하였다. 반면에 [뉴질랜드]의 [마오리족]은 자원은 풍부했지만 부족들이 나뉘어 소규모 부족들이 할거하고 있었으며 [채텀_제도]의 [모리오리족]은 [아남극권]의 한랭한 기후로인해 농사를 짓지 못하고 수렵채집으로 삶을 이어가는 기술적 퇴보현상을 겪어야 했다.","globalSId":[2958057,2958058,2958059],"entities":[{"kbox_types":["NULL"],"st":16,"en_mention":23,"ancestor":"-2","eIdx":0,"st_mention":16,"en":25,"ne_type":"LOCATION","keyword":"[폴리네시아 섬]","e_type":"NEW"},{"kbox_types":["Place","PopulatedPlace","Settlement"],"st":77,"en_mention":78,"ancestor":"","eIdx":1,"st_mention":75,"en":82,"ne_type":"LOCATION","keyword":"[하와이]","e_type":"WIKILINK"},{"kbox_types":["Country","PopulatedPlace","PopulatedPlace","Place"],"st":84,"en_mention":82,"ancestor":"","eIdx":2,"st_mention":80,"en":88,"ne_type":"LOCATION","keyword":"[통가]","e_type":"WIKILINK"},{"kbox_types":["Country","PopulatedPlace","Settlement","PopulatedPlace","Place"],"st":191,"en_mention":189,"ancestor":"","eIdx":3,"st_mention":185,"en":197,"ne_type":"LOCATION","keyword":"[뉴질랜드]","e_type":"WIKILINK"},{"kbox_types":["EthnicGroup"],"st":199,"en_mention":195,"ancestor":"","eIdx":4,"st_mention":191,"en":205,"ne_type":"ETC","keyword":"[마오리족]","e_type":"WIKILINK"},{"kbox_types":["PopulatedPlace","Island","PopulatedPlace","Place"],"st":245,"en_mention":240,"ancestor":"","eIdx":5,"st_mention":235,"en":252,"ne_type":"LOCATION","keyword":"[채텀_제도]","e_type":"WIKILINK"},{"kbox_types":["NULL"],"st":254,"en_mention":247,"ancestor":"-2","eIdx":6,"st_mention":242,"en":261,"ne_type":"ORGANIZATION","keyword":"[모리오리족]","e_type":"NEW"},{"kbox_types":["NULL"],"st":263,"en_mention":253,"ancestor":"-2","eIdx":7,"st_mention":249,"en":269,"ne_type":"LOCATION","keyword":"[아남극권]","e_type":"NEW"}],"wikiPageId":885091,"pIdx":5,"plainText":"일반적인 특징이 있는 가하면 폴리네시아 섬에 정착한 원주민들은 섬의 크기와 자원, 기후에 영향을 받아 다양한 문화를 이루어냈다. 가령 하와이와 통가에서는 생사여탈권을 가진 절대적인 추장이 다스리는 원시적인 국가체제가 이루어져 수만 명의 인구를 부양했으며, 이들은 추장의 무덤이나 거대한 신전 같은 기념물을 세우기도 하였다. 반면에 뉴질랜드의 마오리족은 자원은 풍부했지만 부족들이 나뉘어 소규모 부족들이 할거하고 있었으며 채텀 제도의 모리오리족은 아남극권의 한랭한 기후로인해 농사를 짓지 못하고 수렵채집으로 삶을 이어가는 기술적 퇴보현상을 겪어야 했다.","mentionTagged":"일반적인 특징이 있는 가하면 [폴리네시아 섬]에 정착한 원주민들은 섬의 크기와 자원, 기후에 영향을 받아 다양한 문화를 이루어냈다. 가령 [하와이]와 [통가]에서는 생사여탈권을 가진 절대적인 추장이 다스리는 원시적인 국가체제가 이루어져 수만 명의 인구를 부양했으며, 이들은 추장의 무덤이나 거대한 신전 같은 기념물을 세우기도 하였다. 반면에 [뉴질랜드]의 [마오리족]은 자원은 풍부했지만 부족들이 나뉘어 소규모 부족들이 할거하고 있었으며 [채텀 제도]의 [모리오리족]은 [아남극권]의 한랭한 기후로인해 농사를 짓지 못하고 수렵채집으로 삶을 이어가는 기술적 퇴보현상을 겪어야 했다."}