{"entityTagged":"〈[유성 미라클]〉()는 [이키모노가카리]의 네 번째 [싱글_(음악)]로 [2006년] [12월_6일]에 [에픽_레코드_재팬]에서 발매됐다.","globalSId":[3598277],"entities":[{"kbox_types":["Single","MusicalWork","Work"],"st":1,"en_mention":7,"ancestor":"-2","eIdx":0,"st_mention":1,"en":9,"ne_type":"ETC","keyword":"[유성 미라클]","e_type":"NEW"},{"kbox_types":["Agent","Group","Organisation","Band"],"st":14,"en_mention":19,"ancestor":"","eIdx":1,"st_mention":12,"en":23,"ne_type":"ORGANIZATION","keyword":"[이키모노가카리]","e_type":"WIKILINK"},{"kbox_types":["MusicalWork","Album","Work"],"st":30,"en_mention":28,"ancestor":"","eIdx":2,"st_mention":26,"en":39,"ne_type":"ETC","keyword":"[싱글_(음악)]","e_type":"WIKILINK"},{"kbox_types":["Year","TimePeriod"],"st":41,"en_mention":35,"ancestor":"","eIdx":3,"st_mention":30,"en":48,"ne_type":"TIME","keyword":"[2006년]","e_type":"WIKILINK"},{"kbox_types":["NULL"],"st":49,"en_mention":42,"ancestor":"","eIdx":4,"st_mention":36,"en":57,"ne_type":"TIME","keyword":"[12월_6일]","e_type":"WIKILINK"},{"kbox_types":["Company","Agent","Organisation","RecordLabel"],"st":59,"en_mention":53,"ancestor":"","eIdx":5,"st_mention":44,"en":70,"ne_type":"ORGANIZATION","keyword":"[에픽_레코드_재팬]","e_type":"WIKILINK"}],"wikiPageId":1331232,"pIdx":1,"plainText":"〈유성 미라클〉()는 이키모노가카리의 네 번째 싱글로 2006년 12월 6일에 에픽 레코드 재팬에서 발매됐다.","pronouns":[],"mentionTagged":"〈[유성 미라클]〉()는 [이키모노가카리]의 네 번째 [싱글]로 [2006년] [12월 6일]에 [에픽 레코드 재팬]에서 발매됐다."}