{"entityTagged":"[시티즌시계] 주식회사(, )는 [도쿄_도] [니시토쿄_시]에 본사를 두고 있는 [일본]의 정밀·전자기기 제조 회사이며, [시티즌 그룹]의 핵심을 이루는 기업이다.","globalSId":[3522829],"entities":[{"kbox_types":["NULL"],"st":0,"en_mention":5,"ancestor":"-2","eIdx":0,"st_mention":0,"en":7,"ne_type":"ORGANIZATION","keyword":"[시티즌시계]","e_type":"NEW"},{"kbox_types":["PopulatedPlace","Place","Settlement","PopulatedPlace","City"],"st":18,"en_mention":20,"ancestor":"","eIdx":1,"st_mention":16,"en":24,"ne_type":"LOCATION","keyword":"[도쿄_도]","e_type":"WIKILINK"},{"kbox_types":["PopulatedPlace","Settlement","PopulatedPlace","City","Place"],"st":25,"en_mention":27,"ancestor":"","eIdx":2,"st_mention":21,"en":33,"ne_type":"LOCATION","keyword":"[니시토쿄_시]","e_type":"WIKILINK"},{"kbox_types":["Country","PopulatedPlace","PopulatedPlace","Place"],"st":45,"en_mention":41,"ancestor":"","eIdx":3,"st_mention":39,"en":49,"ne_type":"LOCATION","keyword":"[일본]","e_type":"WIKILINK"},{"kbox_types":["NULL"],"st":68,"en_mention":66,"ancestor":"-2","eIdx":4,"st_mention":60,"en":76,"ne_type":"ORGANIZATION","keyword":"[시티즌 그룹]","e_type":"NEW"}],"wikiPageId":1275929,"pIdx":1,"plainText":"시티즌시계 주식회사(, )는 도쿄 도 니시토쿄 시에 본사를 두고 있는 일본의 정밀·전자기기 제조 회사이며, 시티즌 그룹의 핵심을 이루는 기업이다.","mentionTagged":"[시티즌시계] 주식회사(, )는 [도쿄 도] [니시토쿄 시]에 본사를 두고 있는 [일본]의 정밀·전자기기 제조 회사이며, [시티즌 그룹]의 핵심을 이루는 기업이다."}