{"entityTagged":"<계도항>은 [경상남도] [거제시] [사등면] [창호리], [가조도]에 있는 [어항]이다. [2003년] [2월_3일] [어촌정주어항]으로 지정하여 관리하고 있다. 시설관리자는 [거제시장]이다.","globalSId":[2366293,2366294,2366295],"entities":[{"kbox_types":["NULL"],"st":0,"en_mention":3,"ancestor":"","eIdx":0,"st_mention":0,"en":5,"ne_type":"ETC","keyword":"<계도항>","e_type":"ELU"},{"kbox_types":["PopulatedPlace","Settlement","PopulatedPlace","Place"],"st":7,"en_mention":9,"ancestor":"","eIdx":1,"st_mention":5,"en":13,"ne_type":"LOCATION","keyword":"[경상남도]","e_type":"WIKILINK"},{"kbox_types":["PopulatedPlace","Settlement","PopulatedPlace","City","Place"],"st":14,"en_mention":13,"ancestor":"","eIdx":2,"st_mention":10,"en":19,"ne_type":"LOCATION","keyword":"[거제시]","e_type":"WIKILINK"},{"kbox_types":["NULL"],"st":20,"en_mention":17,"ancestor":"","eIdx":3,"st_mention":14,"en":25,"ne_type":"ETC","keyword":"[사등면]","e_type":"WIKILINK"},{"kbox_types":["NULL"],"st":26,"en_mention":21,"ancestor":"-2","eIdx":4,"st_mention":18,"en":31,"ne_type":"LOCATION","keyword":"[창호리]","e_type":"NEW"},{"kbox_types":["PopulatedPlace","Place","Island"],"st":33,"en_mention":26,"ancestor":"","eIdx":5,"st_mention":23,"en":38,"ne_type":"LOCATION","keyword":"[가조도]","e_type":"WIKILINK"},{"kbox_types":["NULL"],"st":43,"en_mention":33,"ancestor":"","eIdx":6,"st_mention":31,"en":47,"ne_type":"ETC","keyword":"[어항]","e_type":"WIKILINK"},{"kbox_types":["Year","MusicalWork","TimePeriod","Work","Album"],"st":51,"en_mention":42,"ancestor":"","eIdx":7,"st_mention":37,"en":58,"ne_type":"TIME","keyword":"[2003년]","e_type":"WIKILINK"},{"kbox_types":["NULL"],"st":59,"en_mention":48,"ancestor":"","eIdx":8,"st_mention":43,"en":66,"ne_type":"TIME","keyword":"[2월_3일]","e_type":"WIKILINK"},{"kbox_types":["NULL"],"st":67,"en_mention":55,"ancestor":"","eIdx":9,"st_mention":49,"en":75,"ne_type":"ETC","keyword":"[어촌정주어항]","e_type":"WIKILINK"},{"kbox_types":["NULL"],"st":99,"en_mention":83,"ancestor":"-2","eIdx":10,"st_mention":79,"en":105,"ne_type":"ORGANIZATION","keyword":"[거제시장]","e_type":"NEW"}],"wikiPageId":586018,"pIdx":1,"plainText":"계도항은 경상남도 거제시 사등면 창호리, 가조도에 있는 어항이다. 2003년 2월 3일 어촌정주어항으로 지정하여 관리하고 있다. 시설관리자는 거제시장이다.","mentionTagged":"[계도항]은 [경상남도] [거제시] [사등면] [창호리], [가조도]에 있는 [어항]이다. [2003년] [2월 3일] [어촌정주어항]으로 지정하여 관리하고 있다. 시설관리자는 [거제시장]이다."}