{"entityTagged":"[니시시기코사쿠 선]()은 [일본] [오사카_부] [야오_시]의 [시기산구치_역]부터 [다카야스야마_역]을 잇는 [긴키_닛폰_철도]의 강삭 철도 노선이며, [니시시기 케이블]로 불린다.","globalSId":[2830555],"entities":[{"kbox_types":["NULL"],"st":0,"en_mention":9,"ancestor":"-2","eIdx":0,"st_mention":0,"en":11,"ne_type":"ETC","keyword":"[니시시기코사쿠 선]","e_type":"NEW"},{"kbox_types":["Country","PopulatedPlace","PopulatedPlace","Place"],"st":15,"en_mention":15,"ancestor":"","eIdx":1,"st_mention":13,"en":19,"ne_type":"LOCATION","keyword":"[일본]","e_type":"WIKILINK"},{"kbox_types":["Region","PopulatedPlace","AdministrativeRegion","Settlement","Place","AdministrativeRegion"],"st":20,"en_mention":21,"ancestor":"","eIdx":2,"st_mention":16,"en":27,"ne_type":"LOCATION","keyword":"[오사카_부]","e_type":"WIKILINK"},{"kbox_types":["PopulatedPlace","Settlement","PopulatedPlace","City","Place"],"st":28,"en_mention":26,"ancestor":"","eIdx":3,"st_mention":22,"en":34,"ne_type":"LOCATION","keyword":"[야오_시]","e_type":"WIKILINK"},{"kbox_types":["NULL"],"st":36,"en_mention":35,"ancestor":"","eIdx":4,"st_mention":28,"en":45,"ne_type":"ETC","keyword":"[시기산구치_역]","e_type":"WIKILINK"},{"kbox_types":["NULL"],"st":48,"en_mention":46,"ancestor":"","eIdx":5,"st_mention":38,"en":58,"ne_type":"ETC","keyword":"[다카야스야마_역]","e_type":"WIKILINK"},{"kbox_types":["Company","Agent","Organisation"],"st":63,"en_mention":59,"ancestor":"","eIdx":6,"st_mention":51,"en":73,"ne_type":"ORGANIZATION","keyword":"[긴키_닛폰_철도]","e_type":"WIKILINK"},{"kbox_types":["NULL"],"st":87,"en_mention":81,"ancestor":"1-0","eIdx":7,"st_mention":73,"en":97,"ne_type":"ETC","keyword":"[니시시기 케이블]","e_type":"NEW"}],"wikiPageId":807965,"pIdx":1,"plainText":"니시시기코사쿠 선()은 일본 오사카 부 야오 시의 시기산구치 역부터 다카야스야마 역을 잇는 긴키 닛폰 철도의 강삭 철도 노선이며, 니시시기 케이블로 불린다.","mentionTagged":"[니시시기코사쿠 선]()은 [일본] [오사카 부] [야오 시]의 [시기산구치 역]부터 [다카야스야마 역]을 잇는 [긴키 닛폰 철도]의 강삭 철도 노선이며, [니시시기 케이블]로 불린다."}