{"entityTagged":"[아우]는 [런던]에서 열린 [2012년_하계_올림픽]의 [2012년_하계_올림픽_펜싱_여자_사브르_개인전]에 출전하였다. 그러나, 그녀는 32강전에서 두 차례 올림픽에 출전한 <튀니지>의 [아자_베스베스]에게 13-15로 패하며 탈락하였다.","globalSId":[3065675,3065676],"entities":[{"kbox_types":["Actor","Agent","Person","Artist"],"st":0,"en_mention":2,"ancestor":"-2","eIdx":0,"st_mention":0,"en":4,"ne_type":"PERSON","keyword":"[아우]","e_type":"NEW"},{"kbox_types":["PopulatedPlace","Place","Settlement","PopulatedPlace","City"],"st":6,"en_mention":6,"ancestor":"","eIdx":1,"st_mention":4,"en":10,"ne_type":"LOCATION","keyword":"[런던]","e_type":"WIKILINK"},{"kbox_types":["Olympics","Event","SocietalEvent","SportsEvent"],"st":16,"en_mention":24,"ancestor":"","eIdx":2,"st_mention":12,"en":30,"ne_type":"ETC","keyword":"[2012년_하계_올림픽]","e_type":"WIKILINK"},{"kbox_types":["NULL"],"st":32,"en_mention":36,"ancestor":"","eIdx":3,"st_mention":26,"en":60,"ne_type":"ETC","keyword":"[2012년_하계_올림픽_펜싱_여자_사브르_개인전]","e_type":"WIKILINK"},{"kbox_types":["Country","PopulatedPlace","Settlement","PopulatedPlace","Place"],"st":99,"en_mention":78,"ancestor":"","eIdx":4,"st_mention":75,"en":104,"ne_type":"LOCATION","keyword":"<튀니지>","e_type":"ELU"},{"kbox_types":["Athlete","Agent","Person"],"st":106,"en_mention":87,"ancestor":"","eIdx":5,"st_mention":80,"en":115,"ne_type":"PERSON","keyword":"[아자_베스베스]","e_type":"WIKILINK"}],"wikiPageId":938262,"pIdx":2,"plainText":"아우는 런던에서 열린 2012년 하계 올림픽의 여자 사브르 개인전에 출전하였다. 그러나, 그녀는 32강전에서 두 차례 올림픽에 출전한 튀니지의 아자 베스베스에게 13-15로 패하며 탈락하였다.","pronouns":[{"st":74,"ancestor":"2-0","proIdx":0,"en":75,"cwStateCd":"FIXED","cwSelIdx":0,"type":"PRONOUN","keyword":"그녀"}],"mentionTagged":"[아우]는 [런던]에서 열린 [2012년 하계 올림픽]의 [여자 사브르 개인전]에 출전하였다. 그러나, 그녀는 32강전에서 두 차례 올림픽에 출전한 [튀니지]의 [아자 베스베스]에게 13-15로 패하며 탈락하였다."}