{"entityTagged":"영화. <제인_오스틴>의 작품은 우정을 그린 그녀의 작품의 특성 상 여러 번 영화화되었다. [2005년]까지 총 6편의 영화가 제작되었다. 그 중 대표적인 작품으로는 [조 라이트]감독, [키이라_나이틀리] 주연의 영화 [오만과_편견_(2005년_영화)]이 있다.","globalSId":[553039,553040,553041,553042],"entities":[{"kbox_types":["Writer","Agent","Person","Artist"],"st":4,"en_mention":9,"ancestor":"","eIdx":0,"st_mention":3,"en":12,"ne_type":"PERSON","keyword":"<제인_오스틴>","e_type":"ELU"},{"kbox_types":["Year","MusicalWork","TimePeriod","Work","Album"],"st":51,"en_mention":53,"ancestor":"-2","eIdx":1,"st_mention":48,"en":58,"ne_type":"TIME","keyword":"[2005년]","e_type":"NEW"},{"kbox_types":["Actor","Agent","Person","Artist"],"st":93,"en_mention":93,"ancestor":"-2","eIdx":2,"st_mention":88,"en":100,"ne_type":"PERSON","keyword":"[조 라이트]","e_type":"NEW"},{"kbox_types":["Actor","Agent","Person","Artist"],"st":104,"en_mention":105,"ancestor":"","eIdx":3,"st_mention":97,"en":114,"ne_type":"PERSON","keyword":"[키이라_나이틀리]","e_type":"WIKILINK"},{"kbox_types":["Work","Film","Work"],"st":122,"en_mention":119,"ancestor":"","eIdx":4,"st_mention":113,"en":141,"ne_type":"ETC","keyword":"[오만과_편견_(2005년_영화)]","e_type":"WIKILINK"}],"wikiPageId":67218,"pIdx":20,"plainText":"영화 제인 오스틴의 작품은 우정을 그린 그녀의 작품의 특성 상 여러 번 영화화되었다. 2005년까지 총 6편의 영화가 제작되었다. 그 중 대표적인 작품으로는 조 라이트감독, 키이라 나이틀리 주연의 영화 오만과 편견이 있다.","mentionTagged":"영화 [제인 오스틴]의 작품은 우정을 그린 그녀의 작품의 특성 상 여러 번 영화화되었다. [2005년]까지 총 6편의 영화가 제작되었다. 그 중 대표적인 작품으로는 [조 라이트]감독, [키이라 나이틀리] 주연의 영화 [오만과 편견]이 있다."}