{"entityTagged":"[벤째]()는 [베트남] 남부 [벤째_성]의 성도로 면적은 65.75㎢, 인구는 143,639명([2009년] 기준)이다. [메콩_강_삼각주] 지대에 위치하며 [호찌민_시]에서 남동쪽으로 85km 정도 떨어진 곳에 위치한다.","globalSId":[3639945,3639946],"entities":[{"kbox_types":["PopulatedPlace","Settlement","PopulatedPlace","Place"],"st":0,"en_mention":2,"ancestor":"-2","eIdx":0,"st_mention":0,"en":4,"ne_type":"LOCATION","keyword":"[벤째]","e_type":"NEW"},{"kbox_types":["Country","PopulatedPlace","Settlement","PopulatedPlace","Place"],"st":8,"en_mention":9,"ancestor":"","eIdx":1,"st_mention":6,"en":13,"ne_type":"LOCATION","keyword":"[베트남]","e_type":"WIKILINK"},{"kbox_types":["PopulatedPlace","Settlement","PopulatedPlace","Place"],"st":17,"en_mention":17,"ancestor":"","eIdx":2,"st_mention":13,"en":23,"ne_type":"LOCATION","keyword":"[벤째_성]","e_type":"WIKILINK"},{"kbox_types":["Year","MusicalWork","TimePeriod","Work","Album"],"st":54,"en_mention":53,"ancestor":"-2","eIdx":3,"st_mention":48,"en":61,"ne_type":"TIME","keyword":"[2009년]","e_type":"NEW"},{"kbox_types":["NULL"],"st":69,"en_mention":69,"ancestor":"","eIdx":4,"st_mention":61,"en":79,"ne_type":"ETC","keyword":"[메콩_강_삼각주]","e_type":"WIKILINK"},{"kbox_types":["PopulatedPlace","Settlement","PopulatedPlace","Place"],"st":89,"en_mention":84,"ancestor":"","eIdx":5,"st_mention":79,"en":96,"ne_type":"LOCATION","keyword":"[호찌민_시]","e_type":"WIKILINK"}],"wikiPageId":1366542,"pIdx":1,"plainText":"벤째()는 베트남 남부 벤째 성의 성도로 면적은 65.75㎢, 인구는 143,639명(2009년 기준)이다. 메콩 강 삼각주 지대에 위치하며 호찌민 시에서 남동쪽으로 85km 정도 떨어진 곳에 위치한다.","pronouns":[],"mentionTagged":"[벤째]()는 [베트남] 남부 [벤째 성]의 성도로 면적은 65.75㎢, 인구는 143,639명([2009년] 기준)이다. [메콩 강 삼각주] 지대에 위치하며 [호찌민 시]에서 남동쪽으로 85km 정도 떨어진 곳에 위치한다."}