{"entityTagged":"[1998년] [MBC_베스트극장]《설사약 권하는 사회》로 데뷔하였으며, 1년 뒤 [SBS_TV]《[카이스트_(드라마)]》에서 [송지나] 작가의 보조작가로 집필 활동을 본격적으로 시작하였다. [2002년]에는 [KBS_2TV] 시트콤 《[동물원_사람들]》에 참여하였으며, [2006년]에는 [MBC]에서 8부작 드라마《[내_인생의_스페셜]》의 메인작가로 호평받은 바 있다. [2007년]에는 [송지나] 작가와 함께 [MBC]《[태왕사신기]》의 공동 집필에 참여하였다.","globalSId":[3491592,3491593,3491594],"entities":[{"kbox_types":["Year","MusicalWork","TimePeriod","Work","Album"],"st":0,"en_mention":5,"ancestor":"","eIdx":0,"st_mention":0,"en":7,"ne_type":"TIME","keyword":"[1998년]","e_type":"WIKILINK"},{"kbox_types":["Work","TelevisionShow"],"st":8,"en_mention":15,"ancestor":"","eIdx":1,"st_mention":6,"en":19,"ne_type":"ETC","keyword":"[MBC_베스트극장]","e_type":"WIKILINK"},{"kbox_types":["NULL"],"st":46,"en_mention":45,"ancestor":"","eIdx":2,"st_mention":42,"en":54,"ne_type":"ETC","keyword":"[SBS_TV]","e_type":"WIKILINK"},{"kbox_types":["Work","TelevisionShow"],"st":55,"en_mention":50,"ancestor":"","eIdx":3,"st_mention":46,"en":67,"ne_type":"ETC","keyword":"[카이스트_(드라마)]","e_type":"WIKILINK"},{"kbox_types":["Writer","Agent","Person"],"st":71,"en_mention":57,"ancestor":"","eIdx":4,"st_mention":54,"en":76,"ne_type":"PERSON","keyword":"[송지나]","e_type":"WIKILINK"},{"kbox_types":["Year","MusicalWork","TimePeriod","Work","Album"],"st":107,"en_mention":93,"ancestor":"","eIdx":5,"st_mention":88,"en":114,"ne_type":"TIME","keyword":"[2002년]","e_type":"WIKILINK"},{"kbox_types":["Broadcaster","TelevisionStation","Agent","Organisation"],"st":117,"en_mention":103,"ancestor":"","eIdx":6,"st_mention":96,"en":126,"ne_type":"ORGANIZATION","keyword":"[KBS_2TV]","e_type":"WIKILINK"},{"kbox_types":["Work","TelevisionShow"],"st":132,"en_mention":116,"ancestor":"","eIdx":7,"st_mention":109,"en":141,"ne_type":"ETC","keyword":"[동물원_사람들]","e_type":"WIKILINK"},{"kbox_types":["Year","TimePeriod"],"st":152,"en_mention":132,"ancestor":"","eIdx":8,"st_mention":127,"en":159,"ne_type":"TIME","keyword":"[2006년]","e_type":"WIKILINK"},{"kbox_types":["Actor","Agent","Person","Artist"],"st":162,"en_mention":138,"ancestor":"-2","eIdx":9,"st_mention":135,"en":167,"ne_type":"ORGANIZATION","keyword":"[MBC]","e_type":"NEW"},{"kbox_types":["Work","TelevisionShow"],"st":178,"en_mention":158,"ancestor":"","eIdx":10,"st_mention":149,"en":189,"ne_type":"ETC","keyword":"[내_인생의_스페셜]","e_type":"WIKILINK"},{"kbox_types":["Year","MusicalWork","TimePeriod","Work","Album"],"st":209,"en_mention":183,"ancestor":"","eIdx":11,"st_mention":178,"en":216,"ne_type":"TIME","keyword":"[2007년]","e_type":"WIKILINK"},{"kbox_types":["Writer","Agent","Person"],"st":219,"en_mention":189,"ancestor":"2-4","eIdx":12,"st_mention":186,"en":224,"ne_type":"PERSON","keyword":"[송지나]","e_type":"NEW"},{"kbox_types":["Actor","Agent","Person","Artist"],"st":232,"en_mention":200,"ancestor":"2-9","eIdx":13,"st_mention":197,"en":237,"ne_type":"ORGANIZATION","keyword":"[MBC]","e_type":"NEW"},{"kbox_types":["Work","TelevisionShow"],"st":238,"en_mention":206,"ancestor":"","eIdx":14,"st_mention":201,"en":245,"ne_type":"ETC","keyword":"[태왕사신기]","e_type":"WIKILINK"}],"wikiPageId":1246737,"pIdx":2,"plainText":"1998년 MBC 베스트극장《설사약 권하는 사회》로 데뷔하였으며, 1년 뒤 SBS《카이스트》에서 송지나 작가의 보조작가로 집필 활동을 본격적으로 시작하였다. 2002년에는 KBS 2TV 시트콤 《동물원 사람들》에 참여하였으며, 2006년에는 MBC에서 8부작 드라마《내 인생의 스페셜》의 메인작가로 호평받은 바 있다. 2007년에는 송지나 작가와 함께 MBC《태왕사신기》의 공동 집필에 참여하였다.","mentionTagged":"[1998년] [MBC 베스트극장]《설사약 권하는 사회》로 데뷔하였으며, 1년 뒤 [SBS]《[카이스트]》에서 [송지나] 작가의 보조작가로 집필 활동을 본격적으로 시작하였다. [2002년]에는 [KBS 2TV] 시트콤 《[동물원 사람들]》에 참여하였으며, [2006년]에는 [MBC]에서 8부작 드라마《[내 인생의 스페셜]》의 메인작가로 호평받은 바 있다. [2007년]에는 [송지나] 작가와 함께 [MBC]《[태왕사신기]》의 공동 집필에 참여하였다."}