{"entityTagged":"[신전의 계곡]()은 [이탈리아] [시칠리아_주] [아그리젠토]에 있는 유적이다. 여러 개의 [신전]들이 모여 있는 형상이 [계곡]과 같다 하여 붙여진 이름이다. [1997년] <유엔_교육_과학_문화_기구>의 세계 유산 목록에 등록되었다.","globalSId":[2764978,2764979,2764980],"entities":[{"kbox_types":["Place","WorldHeritageSite","WorldHeritageSite"],"st":0,"en_mention":6,"ancestor":"-2","eIdx":0,"st_mention":0,"en":8,"ne_type":"LOCATION","keyword":"[신전의 계곡]","e_type":"NEW"},{"kbox_types":["Country","PopulatedPlace","Settlement","PopulatedPlace","Place"],"st":12,"en_mention":14,"ancestor":"","eIdx":1,"st_mention":10,"en":18,"ne_type":"LOCATION","keyword":"[이탈리아]","e_type":"WIKILINK"},{"kbox_types":["NULL"],"st":19,"en_mention":21,"ancestor":"","eIdx":2,"st_mention":15,"en":27,"ne_type":"ETC","keyword":"[시칠리아_주]","e_type":"WIKILINK"},{"kbox_types":["PopulatedPlace","Place","Settlement","PopulatedPlace","City"],"st":28,"en_mention":27,"ancestor":"","eIdx":3,"st_mention":22,"en":35,"ne_type":"LOCATION","keyword":"[아그리젠토]","e_type":"WIKILINK"},{"kbox_types":["NULL"],"st":52,"en_mention":46,"ancestor":"","eIdx":4,"st_mention":44,"en":56,"ne_type":"ETC","keyword":"[신전]","e_type":"WIKILINK"},{"kbox_types":["NULL"],"st":69,"en_mention":61,"ancestor":"","eIdx":5,"st_mention":59,"en":73,"ne_type":"ETC","keyword":"[계곡]","e_type":"WIKILINK"},{"kbox_types":["Year","MusicalWork","TimePeriod","Work","Album"],"st":91,"en_mention":84,"ancestor":"","eIdx":6,"st_mention":79,"en":98,"ne_type":"TIME","keyword":"[1997년]","e_type":"NEW"},{"kbox_types":["Agent","Organisation"],"st":99,"en_mention":89,"ancestor":"","eIdx":7,"st_mention":85,"en":115,"ne_type":"ORGANIZATION","keyword":"<유엔_교육_과학_문화_기구>","e_type":"ELU"}],"wikiPageId":772669,"pIdx":1,"plainText":"신전의 계곡()은 이탈리아 시칠리아 주 아그리젠토에 있는 유적이다. 여러 개의 신전들이 모여 있는 형상이 계곡과 같다 하여 붙여진 이름이다. 1997년 유네스코의 세계 유산 목록에 등록되었다.","mentionTagged":"[신전의 계곡]()은 [이탈리아] [시칠리아 주] [아그리젠토]에 있는 유적이다. 여러 개의 [신전]들이 모여 있는 형상이 [계곡]과 같다 하여 붙여진 이름이다. [1997년] [유네스코]의 세계 유산 목록에 등록되었다."}