{"entityTagged":"[티쏘] 유한회사()는 [스위스]의 [스와치_그룹]에 속하는 [손목시계] 제조및 판매 회사이다.","globalSId":[3725312],"entities":[{"kbox_types":["Company","Agent","Organisation"],"st":0,"en_mention":2,"ancestor":"-2","eIdx":0,"st_mention":0,"en":4,"ne_type":"ORGANIZATION","keyword":"[티쏘]","e_type":"NEW"},{"kbox_types":["Country","PopulatedPlace","PopulatedPlace","Place"],"st":13,"en_mention":14,"ancestor":"","eIdx":1,"st_mention":11,"en":18,"ne_type":"LOCATION","keyword":"[스위스]","e_type":"WIKILINK"},{"kbox_types":["Company","Agent","Organisation"],"st":20,"en_mention":22,"ancestor":"","eIdx":2,"st_mention":16,"en":28,"ne_type":"ORGANIZATION","keyword":"[스와치_그룹]","e_type":"WIKILINK"},{"kbox_types":["NULL"],"st":34,"en_mention":32,"ancestor":"","eIdx":3,"st_mention":28,"en":40,"ne_type":"ETC","keyword":"[손목시계]","e_type":"WIKILINK"}],"wikiPageId":1442261,"pIdx":1,"plainText":"티쏘 유한회사()는 스위스의 스와치 그룹에 속하는 손목시계 제조및 판매 회사이다.","mentionTagged":"[티쏘] 유한회사()는 [스위스]의 [스와치 그룹]에 속하는 [손목시계] 제조및 판매 회사이다."}