{"entityTagged":"《[성난 군중으로부터 멀리]》()는 [2015년] 공개된 [영국_영화]의 드라마 영화로, [토머스_하디]의 [성난_군중으로부터_멀리]을 원작으로 [데이비드_니컬스]가 각색하고 [토마스_빈터베르그]가 연출하였다.","globalSId":[3559276],"entities":[{"kbox_types":["WrittenWork","Book","Work"],"st":1,"en_mention":13,"ancestor":"-2","eIdx":0,"st_mention":1,"en":15,"ne_type":"ETC","keyword":"[성난 군중으로부터 멀리]","e_type":"NEW"},{"kbox_types":["Year","MusicalWork","Album","TimePeriod","Work"],"st":20,"en_mention":23,"ancestor":"","eIdx":1,"st_mention":18,"en":27,"ne_type":"TIME","keyword":"[2015년]","e_type":"WIKILINK"},{"kbox_types":["NULL"],"st":32,"en_mention":30,"ancestor":"","eIdx":2,"st_mention":28,"en":39,"ne_type":"ETC","keyword":"[영국_영화]","e_type":"WIKILINK"},{"kbox_types":["Writer","Agent","Person","Artist"],"st":50,"en_mention":47,"ancestor":"","eIdx":3,"st_mention":41,"en":58,"ne_type":"PERSON","keyword":"[토머스_하디]","e_type":"WIKILINK"},{"kbox_types":["WrittenWork","Book","Work"],"st":60,"en_mention":54,"ancestor":"","eIdx":4,"st_mention":49,"en":74,"ne_type":"ETC","keyword":"[성난_군중으로부터_멀리]","e_type":"WIKILINK"},{"kbox_types":["Writer","Agent","Person","Artist"],"st":81,"en_mention":69,"ancestor":"","eIdx":5,"st_mention":61,"en":91,"ne_type":"PERSON","keyword":"[데이비드_니컬스]","e_type":"WIKILINK"},{"kbox_types":["NULL"],"st":98,"en_mention":85,"ancestor":"","eIdx":6,"st_mention":76,"en":109,"ne_type":"ETC","keyword":"[토마스_빈터베르그]","e_type":"WIKILINK"}],"wikiPageId":1305780,"pIdx":1,"plainText":"《성난 군중으로부터 멀리》()는 2015년 공개된 영국의 드라마 영화로, 토머스 하디의 동명 소설을 원작으로 데이비드 니컬스가 각색하고 토마스 빈터베르그가 연출하였다.","pronouns":[],"mentionTagged":"《[성난 군중으로부터 멀리]》()는 [2015년] 공개된 [영국]의 드라마 영화로, [토머스 하디]의 [동명 소설]을 원작으로 [데이비드 니컬스]가 각색하고 [토마스 빈터베르그]가 연출하였다."}