{"entityTagged":"생애 초반. <카를로만_(궁재)>은 [751년] 혹은 [750년] [6월_28일]에 [수아송]에서 [네우스트리아], [부르고뉴], [튀링겐] 및 [아우스트라시아]의 궁재 [피핀_3세]와, [레온] [백작] [하리베르트_(레온)]와 [쾰른]의 [베르트라다]의 딸 [랑의_베르트라다]의 아들로 태어났다. 일설에는 [747년]에 태어났다는 설도 있다. <카를로만_(궁재)>은 [피핀_2세]의 후손으로, [카를_마르텔]의 손자이자 같은 이름을 가진 큰아버지 [카를로만_(궁재)]의 조카였다. <카를로만_(궁재)>의 어머니 [랑의_베르트라다]는 [피핀_2세]의 동생 [마르틴_드_헤르스탈]의 손녀였으며, <마르틴>의 부인 [베르트라다]는 [메로빙거_왕조] 출신 [테오도리히_3세]의 딸이었다. [753년] 부왕 [피핀_3세]에 의해 형 [샤를마뉴]와 함께 [로마]의 <파비아>로 가서 [교황_스테파노_2세]로부터 왕의 정당한 후계자로 축성을 받았다. [754년] <카를로만_(궁재)>과 형 [샤를마뉴]는 [랭스_대성당]에서 즉위한 아버지 [피핀_3세]의 대관식에 참석하였다.","globalSId":[2155186,2155187,2155188,2155189,2155190,2155191,2155192],"entities":[{"kbox_types":["Agent","Person"],"st":7,"en_mention":10,"ancestor":"","eIdx":0,"st_mention":6,"en":18,"ne_type":"PERSON","keyword":"<카를로만_(궁재)>","e_type":"ELU"},{"kbox_types":["Year","TimePeriod"],"st":20,"en_mention":16,"ancestor":"","eIdx":1,"st_mention":12,"en":26,"ne_type":"TIME","keyword":"[751년]","e_type":"WIKILINK"},{"kbox_types":["Year","TimePeriod"],"st":30,"en_mention":24,"ancestor":"","eIdx":2,"st_mention":20,"en":36,"ne_type":"TIME","keyword":"[750년]","e_type":"WIKILINK"},{"kbox_types":["NULL"],"st":37,"en_mention":31,"ancestor":"","eIdx":3,"st_mention":25,"en":45,"ne_type":"TIME","keyword":"[6월_28일]","e_type":"WIKILINK"},{"kbox_types":["PopulatedPlace","Settlement","PopulatedPlace","Place"],"st":47,"en_mention":36,"ancestor":"","eIdx":4,"st_mention":33,"en":52,"ne_type":"LOCATION","keyword":"[수아송]","e_type":"WIKILINK"},{"kbox_types":["NULL"],"st":55,"en_mention":45,"ancestor":"","eIdx":5,"st_mention":39,"en":63,"ne_type":"ETC","keyword":"[네우스트리아]","e_type":"WIKILINK"},{"kbox_types":["Region","PopulatedPlace","AdministrativeRegion","Place","Settlement","AdministrativeRegion"],"st":65,"en_mention":51,"ancestor":"","eIdx":6,"st_mention":47,"en":71,"ne_type":"LOCATION","keyword":"[부르고뉴]","e_type":"WIKILINK"},{"kbox_types":["NULL"],"st":73,"en_mention":56,"ancestor":"","eIdx":7,"st_mention":53,"en":78,"ne_type":"ETC","keyword":"[튀링겐]","e_type":"WIKILINK"},{"kbox_types":["NULL"],"st":81,"en_mention":66,"ancestor":"","eIdx":8,"st_mention":59,"en":90,"ne_type":"ETC","keyword":"[아우스트라시아]","e_type":"WIKILINK"},{"kbox_types":["Royalty","BritishRoyalty","Agent","Person"],"st":95,"en_mention":76,"ancestor":"","eIdx":9,"st_mention":71,"en":102,"ne_type":"PERSON","keyword":"[피핀_3세]","e_type":"WIKILINK"},{"kbox_types":["NULL"],"st":105,"en_mention":81,"ancestor":"","eIdx":10,"st_mention":79,"en":109,"ne_type":"ETC","keyword":"[레온]","e_type":"WIKILINK"},{"kbox_types":["PersonFunction","Profession"],"st":110,"en_mention":84,"ancestor":"","eIdx":11,"st_mention":82,"en":114,"ne_type":"ETC","keyword":"[백작]","e_type":"WIKILINK"},{"kbox_types":["NULL"],"st":115,"en_mention":90,"ancestor":"","eIdx":12,"st_mention":85,"en":127,"ne_type":"ETC","keyword":"[하리베르트_(레온)]","e_type":"WIKILINK"},{"kbox_types":["PopulatedPlace","Place","Settlement","PopulatedPlace","City"],"st":129,"en_mention":94,"ancestor":"-2","eIdx":13,"st_mention":92,"en":133,"ne_type":"LOCATION","keyword":"[쾰른]","e_type":"NEW"},{"kbox_types":["NULL"],"st":135,"en_mention":101,"ancestor":"-2","eIdx":14,"st_mention":96,"en":142,"ne_type":"PERSON","keyword":"[베르트라다]","e_type":"NEW"},{"kbox_types":["Agent","Person","Noble"],"st":146,"en_mention":113,"ancestor":"","eIdx":15,"st_mention":105,"en":156,"ne_type":"PERSON","keyword":"[랑의_베르트라다]","e_type":"WIKILINK"},{"kbox_types":["Year","TimePeriod"],"st":173,"en_mention":134,"ancestor":"","eIdx":16,"st_mention":130,"en":179,"ne_type":"TIME","keyword":"[747년]","e_type":"WIKILINK"},{"kbox_types":["Agent","Person"],"st":194,"en_mention":153,"ancestor":"","eIdx":17,"st_mention":149,"en":205,"ne_type":"PERSON","keyword":"<카를로만_(궁재)>","e_type":"ELU"},{"kbox_types":["Royalty","BritishRoyalty","Agent","Person"],"st":207,"en_mention":160,"ancestor":"","eIdx":18,"st_mention":155,"en":214,"ne_type":"PERSON","keyword":"[피핀_2세]","e_type":"WIKILINK"},{"kbox_types":["Royalty","BritishRoyalty","Agent","Person","MilitaryPerson"],"st":222,"en_mention":174,"ancestor":"","eIdx":19,"st_mention":168,"en":230,"ne_type":"PERSON","keyword":"[카를_마르텔]","e_type":"WIKILINK"},{"kbox_types":["Agent","Person"],"st":252,"en_mention":203,"ancestor":"","eIdx":20,"st_mention":196,"en":263,"ne_type":"PERSON","keyword":"[카를로만_(궁재)]","e_type":"WIKILINK"},{"kbox_types":["Agent","Person"],"st":271,"en_mention":215,"ancestor":"","eIdx":21,"st_mention":211,"en":282,"ne_type":"PERSON","keyword":"<카를로만_(궁재)>","e_type":"ELU"},{"kbox_types":["Agent","Person","Noble"],"st":288,"en_mention":229,"ancestor":"","eIdx":22,"st_mention":221,"en":298,"ne_type":"PERSON","keyword":"[랑의_베르트라다]","e_type":"WIKILINK"},{"kbox_types":["Royalty","BritishRoyalty","Agent","Person"],"st":300,"en_mention":236,"ancestor":"","eIdx":23,"st_mention":231,"en":307,"ne_type":"PERSON","keyword":"[피핀_2세]","e_type":"WIKILINK"},{"kbox_types":["NULL"],"st":312,"en_mention":251,"ancestor":"","eIdx":24,"st_mention":241,"en":324,"ne_type":"ETC","keyword":"[마르틴_드_헤르스탈]","e_type":"WIKILINK"},{"kbox_types":["NULL"],"st":333,"en_mention":263,"ancestor":"","eIdx":25,"st_mention":260,"en":338,"ne_type":"ETC","keyword":"<마르틴>","e_type":"ELU"},{"kbox_types":["NULL"],"st":343,"en_mention":273,"ancestor":"-2","eIdx":26,"st_mention":268,"en":350,"ne_type":"PERSON","keyword":"[베르트라다]","e_type":"NEW"},{"kbox_types":["NULL"],"st":352,"en_mention":282,"ancestor":"","eIdx":27,"st_mention":275,"en":361,"ne_type":"ETC","keyword":"[메로빙거_왕조]","e_type":"WIKILINK"},{"kbox_types":["NULL"],"st":365,"en_mention":294,"ancestor":"","eIdx":28,"st_mention":286,"en":375,"ne_type":"ETC","keyword":"[테오도리히_3세]","e_type":"WIKILINK"},{"kbox_types":["Year","TimePeriod"],"st":383,"en_mention":306,"ancestor":"","eIdx":29,"st_mention":302,"en":389,"ne_type":"TIME","keyword":"[753년]","e_type":"WIKILINK"},{"kbox_types":["Royalty","BritishRoyalty","Agent","Person"],"st":393,"en_mention":315,"ancestor":"","eIdx":30,"st_mention":310,"en":400,"ne_type":"PERSON","keyword":"[피핀_3세]","e_type":"WIKILINK"},{"kbox_types":["NULL"],"st":407,"en_mention":326,"ancestor":"","eIdx":31,"st_mention":322,"en":413,"ne_type":"ETC","keyword":"[샤를마뉴]","e_type":"WIKILINK"},{"kbox_types":["PopulatedPlace","Place","Settlement","PopulatedPlace"],"st":418,"en_mention":333,"ancestor":"","eIdx":32,"st_mention":331,"en":422,"ne_type":"LOCATION","keyword":"[로마]","e_type":"WIKILINK"},{"kbox_types":["PopulatedPlace","Settlement","PopulatedPlace","Place"],"st":424,"en_mention":338,"ancestor":"","eIdx":33,"st_mention":335,"en":429,"ne_type":"LOCATION","keyword":"<파비아>","e_type":"ELU"},{"kbox_types":["Cleric","Agent","Person","ChristianBishop","Pope"],"st":434,"en_mention":353,"ancestor":"","eIdx":34,"st_mention":343,"en":446,"ne_type":"PERSON","keyword":"[교황_스테파노_2세]","e_type":"WIKILINK"},{"kbox_types":["Year","TimePeriod"],"st":471,"en_mention":382,"ancestor":"","eIdx":35,"st_mention":378,"en":477,"ne_type":"TIME","keyword":"[754년]","e_type":"WIKILINK"},{"kbox_types":["Agent","Person"],"st":478,"en_mention":387,"ancestor":"","eIdx":36,"st_mention":383,"en":489,"ne_type":"PERSON","keyword":"<카를로만_(궁재)>","e_type":"ELU"},{"kbox_types":["NULL"],"st":493,"en_mention":395,"ancestor":"","eIdx":37,"st_mention":391,"en":499,"ne_type":"ETC","keyword":"[샤를마뉴]","e_type":"WIKILINK"},{"kbox_types":["ArchitecturalStructure","Place","Building","ReligiousBuilding","WorldHeritageSite","ReligiousBuilding"],"st":501,"en_mention":403,"ancestor":"","eIdx":38,"st_mention":397,"en":509,"ne_type":"LOCATION","keyword":"[랭스_대성당]","e_type":"WIKILINK"},{"kbox_types":["Royalty","BritishRoyalty","Agent","Person"],"st":520,"en_mention":419,"ancestor":"","eIdx":39,"st_mention":414,"en":527,"ne_type":"PERSON","keyword":"[피핀_3세]","e_type":"WIKILINK"}],"wikiPageId":489160,"pIdx":4,"plainText":"생애 초반 카를로만은 751년 혹은 750년 6월 28일에 수아송에서 네우스트리아, 부르고뉴, 튀링겐 및 아우스트라시아의 궁재 피핀 3세와, 레온 백작 하리베르트와 쾰른의 베르트라다의 딸 랑의 베르트라다의 아들로 태어났다. 일설에는 747년에 태어났다는 설도 있다. 카를로만은 피핀 2세의 후손으로, 카를 마르텔의 손자이자 같은 이름을 가진 큰아버지 카를로만 1세의 조카였다. 카를로만의 어머니 랑의 베르트라다는 피핀 2세의 동생 마르틴 드 헤르스탈의 손녀였으며, 마르틴의 부인 베르트라다는 메로빙거 왕조 출신 테오도리히 3세의 딸이었다. 753년 부왕 피핀 3세에 의해 형 샤를마뉴와 함께 로마의 파비아로 가서 교황 스테파노 2세로부터 왕의 정당한 후계자로 축성을 받았다. 754년 카를로만과 형 샤를마뉴는 랭스 대성당에서 즉위한 아버지 피핀 3세의 대관식에 참석하였다.","pronouns":[],"mentionTagged":"생애 초반 [카를로만]은 [751년] 혹은 [750년] [6월 28일]에 [수아송]에서 [네우스트리아], [부르고뉴], [튀링겐] 및 [아우스트라시아]의 궁재 [피핀 3세]와, [레온] [백작] [하리베르트]와 [쾰른]의 [베르트라다]의 딸 [랑의 베르트라다]의 아들로 태어났다. 일설에는 [747년]에 태어났다는 설도 있다. [카를로만]은 [피핀 2세]의 후손으로, [카를 마르텔]의 손자이자 같은 이름을 가진 큰아버지 [카를로만 1세]의 조카였다. [카를로만]의 어머니 [랑의 베르트라다]는 [피핀 2세]의 동생 [마르틴 드 헤르스탈]의 손녀였으며, [마르틴]의 부인 [베르트라다]는 [메로빙거 왕조] 출신 [테오도리히 3세]의 딸이었다. [753년] 부왕 [피핀 3세]에 의해 형 [샤를마뉴]와 함께 [로마]의 [파비아]로 가서 [교황 스테파노 2세]로부터 왕의 정당한 후계자로 축성을 받았다. [754년] [카를로만]과 형 [샤를마뉴]는 [랭스 대성당]에서 즉위한 아버지 [피핀 3세]의 대관식에 참석하였다."}