{"entityTagged":"<우제돔_섬>()은 [독일] [메클렌부르크포어포메른_주]의 도시로, [우제돔_섬]에 위치한다.","globalSId":[3409212],"entities":[{"kbox_types":["PopulatedPlace","Place","Island","PopulatedPlace"],"st":0,"en_mention":3,"ancestor":"","eIdx":0,"st_mention":0,"en":7,"ne_type":"LOCATION","keyword":"<우제돔_섬>","e_type":"ELU"},{"kbox_types":["Country","PopulatedPlace","Settlement","PopulatedPlace","Place"],"st":11,"en_mention":9,"ancestor":"","eIdx":1,"st_mention":7,"en":15,"ne_type":"LOCATION","keyword":"[독일]","e_type":"WIKILINK"},{"kbox_types":["Region","PopulatedPlace","AdministrativeRegion","Place","Settlement","AdministrativeRegion"],"st":16,"en_mention":23,"ancestor":"","eIdx":2,"st_mention":10,"en":31,"ne_type":"LOCATION","keyword":"[메클렌부르크포어포메른_주]","e_type":"WIKILINK"},{"kbox_types":["PopulatedPlace","Place","Island","PopulatedPlace"],"st":38,"en_mention":35,"ancestor":"","eIdx":3,"st_mention":30,"en":45,"ne_type":"LOCATION","keyword":"[우제돔_섬]","e_type":"WIKILINK"}],"wikiPageId":1166650,"pIdx":1,"plainText":"우제돔()은 독일 메클렌부르크포어포메른 주의 도시로, 우제돔 섬에 위치한다.","mentionTagged":"[우제돔]()은 [독일] [메클렌부르크포어포메른 주]의 도시로, [우제돔 섬]에 위치한다."}