{"entityTagged":"[1912년] [10월] [에렌페스트]는 [네덜란드] [레이던]으로 이사하였고, [레이던_대학교]에서 교수직을 얻었다. [에렌페스트]는 여기서 여생을 보내게 된다.","globalSId":[3201049,3201050],"entities":[{"kbox_types":["Year","TimePeriod"],"st":0,"en_mention":5,"ancestor":"-2","eIdx":0,"st_mention":0,"en":7,"ne_type":"TIME","keyword":"[1912년]","e_type":"NEW"},{"kbox_types":["NULL"],"st":8,"en_mention":9,"ancestor":"-2","eIdx":1,"st_mention":6,"en":13,"ne_type":"TIME","keyword":"[10월]","e_type":"NEW"},{"kbox_types":["NULL"],"st":14,"en_mention":15,"ancestor":"-2","eIdx":2,"st_mention":10,"en":21,"ne_type":"PERSON","keyword":"[에렌페스트]","e_type":"NEW"},{"kbox_types":["Country","PopulatedPlace","Settlement","PopulatedPlace","Place"],"st":23,"en_mention":21,"ancestor":"","eIdx":3,"st_mention":17,"en":29,"ne_type":"LOCATION","keyword":"[네덜란드]","e_type":"WIKILINK"},{"kbox_types":["PopulatedPlace","Place","Settlement","PopulatedPlace","City"],"st":30,"en_mention":25,"ancestor":"","eIdx":4,"st_mention":22,"en":35,"ne_type":"LOCATION","keyword":"[레이던]","e_type":"WIKILINK"},{"kbox_types":["University","Agent","EducationalInstitution","Organisation"],"st":45,"en_mention":42,"ancestor":"","eIdx":5,"st_mention":35,"en":54,"ne_type":"ORGANIZATION","keyword":"[레이던_대학교]","e_type":"WIKILINK"},{"kbox_types":["NULL"],"st":67,"en_mention":60,"ancestor":"6-2","eIdx":6,"st_mention":55,"en":74,"ne_type":"PERSON","keyword":"[에렌페스트]","e_type":"NEW"}],"wikiPageId":1015231,"pIdx":6,"plainText":"1912년 10월 에렌페스트는 네덜란드 레이던으로 이사하였고, 레이던 대학교에서 교수직을 얻었다. 에렌페스트는 여기서 여생을 보내게 된다.","mentionTagged":"[1912년] [10월] [에렌페스트]는 [네덜란드] [레이던]으로 이사하였고, [레이던 대학교]에서 교수직을 얻었다. [에렌페스트]는 여기서 여생을 보내게 된다."}