{"entityTagged":"<알가로보_(칠레)>()는 [칠레] [발파라이소_주] [산안토니오_현]에 위치한 도시로 면적은 175.6㎢, 높이는 13m, 인구는 10,217명(2012년 기준)이다. [칠레]의 대표적인 여름 휴양 도시 가운데 한 곳으로 여겨진다.","globalSId":[3604791,3604792],"entities":[{"kbox_types":["PopulatedPlace","Place","Settlement","PopulatedPlace"],"st":0,"en_mention":4,"ancestor":"","eIdx":0,"st_mention":0,"en":11,"ne_type":"LOCATION","keyword":"<알가로보_(칠레)>","e_type":"ELU"},{"kbox_types":["Country","PopulatedPlace","Settlement","PopulatedPlace","Place"],"st":15,"en_mention":10,"ancestor":"","eIdx":1,"st_mention":8,"en":19,"ne_type":"LOCATION","keyword":"[칠레]","e_type":"WIKILINK"},{"kbox_types":["NULL"],"st":20,"en_mention":18,"ancestor":"","eIdx":2,"st_mention":11,"en":29,"ne_type":"ETC","keyword":"[발파라이소_주]","e_type":"WIKILINK"},{"kbox_types":["PopulatedPlace","Place","Settlement","PopulatedPlace"],"st":30,"en_mention":26,"ancestor":"","eIdx":3,"st_mention":19,"en":39,"ne_type":"LOCATION","keyword":"[산안토니오_현]","e_type":"WIKILINK"},{"kbox_types":["Country","PopulatedPlace","Settlement","PopulatedPlace","Place"],"st":95,"en_mention":84,"ancestor":"1-1","eIdx":4,"st_mention":82,"en":99,"ne_type":"LOCATION","keyword":"[칠레]","e_type":"NEW"}],"wikiPageId":1336176,"pIdx":1,"plainText":"알가로보()는 칠레 발파라이소 주 산안토니오 현에 위치한 도시로 면적은 175.6㎢, 높이는 13m, 인구는 10,217명(2012년 기준)이다. 칠레의 대표적인 여름 휴양 도시 가운데 한 곳으로 여겨진다.","mentionTagged":"[알가로보]()는 [칠레] [발파라이소 주] [산안토니오 현]에 위치한 도시로 면적은 175.6㎢, 높이는 13m, 인구는 10,217명(2012년 기준)이다. [칠레]의 대표적인 여름 휴양 도시 가운데 한 곳으로 여겨진다."}