{"entityTagged":"기본군사훈련단은 [경상남도] [진주시] 금산면에 본부를 두고 병사, 부사관, [대한민국_공군사관학교] 출신자를 제외한 장교의 기본군사훈련을 담당하는 [대한민국_공군]의 부대로, [대한민국_공군교육사령부] 예하 전단이다. 일반시민 및 청소년을 대상으로 하는 병영체험을 운영하기도 한다.","globalSId":[1310827,1310828],"entities":[{"kbox_types":["PopulatedPlace","Settlement","PopulatedPlace","Place"],"st":9,"en_mention":13,"ancestor":"","eIdx":0,"st_mention":9,"en":15,"ne_type":"LOCATION","keyword":"[경상남도]","e_type":"WIKILINK"},{"kbox_types":["PopulatedPlace","Place","Settlement","PopulatedPlace","City"],"st":16,"en_mention":17,"ancestor":"","eIdx":1,"st_mention":14,"en":21,"ne_type":"LOCATION","keyword":"[진주시]","e_type":"WIKILINK"},{"kbox_types":["University","Agent","EducationalInstitution","Organisation"],"st":43,"en_mention":43,"ancestor":"","eIdx":2,"st_mention":39,"en":56,"ne_type":"ORGANIZATION","keyword":"[대한민국_공군사관학교]","e_type":"WIKILINK"},{"kbox_types":["Agent","MilitaryUnit","Organisation"],"st":83,"en_mention":77,"ancestor":"","eIdx":3,"st_mention":70,"en":92,"ne_type":"ORGANIZATION","keyword":"[대한민국_공군]","e_type":"WIKILINK"},{"kbox_types":["Agent","MilitaryUnit","Organisation"],"st":99,"en_mention":96,"ancestor":"","eIdx":4,"st_mention":84,"en":113,"ne_type":"ORGANIZATION","keyword":"[대한민국_공군교육사령부]","e_type":"WIKILINK"}],"wikiPageId":220124,"pIdx":1,"plainText":"기본군사훈련단은 경상남도 진주시 금산면에 본부를 두고 병사, 부사관, 사관학교 출신자를 제외한 장교의 기본군사훈련을 담당하는 대한민국 공군의 부대로, 대한민국 공군교육사령부 예하 전단이다. 일반시민 및 청소년을 대상으로 하는 병영체험을 운영하기도 한다.","mentionTagged":"기본군사훈련단은 [경상남도] [진주시] 금산면에 본부를 두고 병사, 부사관, [사관학교] 출신자를 제외한 장교의 기본군사훈련을 담당하는 [대한민국 공군]의 부대로, [대한민국 공군교육사령부] 예하 전단이다. 일반시민 및 [청소년]을 대상으로 하는 병영체험을 운영하기도 한다."}