{"entityTagged":"[진관사 산신도](津寬寺 山神圖)는 [서울특별시] [은평구] <진관동>에 위치한 [진관사]의 [독성각]에 봉안된 [산신도]이다. [2002년 3월 15일] [서울특별시의_유형문화재] 제149호로 지정되었다.","globalSId":[1652041,1652042],"entities":[{"kbox_types":["NULL"],"st":0,"en_mention":7,"ancestor":"-2","eIdx":0,"st_mention":0,"en":9,"ne_type":"ETC","keyword":"[진관사 산신도]","e_type":"NEW"},{"kbox_types":["PopulatedPlace","Place","Settlement","PopulatedPlace","City"],"st":20,"en_mention":23,"ancestor":"","eIdx":1,"st_mention":18,"en":27,"ne_type":"LOCATION","keyword":"[서울특별시]","e_type":"WIKILINK"},{"kbox_types":["PopulatedPlace","Settlement","PopulatedPlace","Place"],"st":28,"en_mention":27,"ancestor":"","eIdx":2,"st_mention":24,"en":33,"ne_type":"LOCATION","keyword":"[은평구]","e_type":"WIKILINK"},{"kbox_types":["Region","PopulatedPlace","AdministrativeRegion","Place","AdministrativeRegion"],"st":34,"en_mention":32,"ancestor":"","eIdx":3,"st_mention":28,"en":39,"ne_type":"LOCATION","keyword":"<진관동>","e_type":"ELU"},{"kbox_types":["HistoricBuilding","ArchitecturalStructure","Building","Place"],"st":45,"en_mention":41,"ancestor":"","eIdx":4,"st_mention":38,"en":50,"ne_type":"LOCATION","keyword":"[진관사]","e_type":"WIKILINK"},{"kbox_types":["NULL"],"st":52,"en_mention":46,"ancestor":"","eIdx":5,"st_mention":43,"en":57,"ne_type":"ETC","keyword":"[독성각]","e_type":"WIKILINK"},{"kbox_types":["NULL"],"st":63,"en_mention":55,"ancestor":"","eIdx":6,"st_mention":52,"en":68,"ne_type":"ETC","keyword":"[산신도]","e_type":"WIKILINK"},{"kbox_types":["NULL"],"st":72,"en_mention":71,"ancestor":"-2","eIdx":7,"st_mention":59,"en":86,"ne_type":"TIME","keyword":"[2002년 3월 15일]","e_type":"NEW"},{"kbox_types":["NULL"],"st":87,"en_mention":84,"ancestor":"","eIdx":8,"st_mention":72,"en":101,"ne_type":"ETC","keyword":"[서울특별시의_유형문화재]","e_type":"WIKILINK"}],"wikiPageId":302452,"pIdx":1,"plainText":"진관사 산신도(津寬寺 山神圖)는 서울특별시 은평구 진관외동에 위치한 진관사의 독성각에 봉안된 산신도이다. 2002년 3월 15일 서울특별시의 유형문화재 제149호로 지정되었다.","mentionTagged":"[진관사 산신도](津寬寺 山神圖)는 [서울특별시] [은평구] [진관외동]에 위치한 [진관사]의 [독성각]에 봉안된 [산신도]이다. [2002년 3월 15일] [서울특별시의 유형문화재] 제149호로 지정되었다."}