{"entityTagged":"[메르세데스 벤츠 스프린터]()는 [독일] [메르세데스-벤츠]가 생산하는 <승합차>이자 상용 밴, 초대형 [픽업_트럭], 소형 및 준중형 [트럭], [미니버스]이다. [미국]의 경우 [2001년]부터 [프라이트라이너_트럭]에서 판매하고 있는데, 한때 [닷지] <브랜드>로도 팔렸었다. [대한민국]에서는 연예인 전용 및 [구급차]를 주로 쓰이며, [현대_쏠라티]의 원형 차종으로 알려진 것으로 보인다.","globalSId":[3579471,3579472,3579473],"entities":[{"kbox_types":["NULL"],"st":0,"en_mention":13,"ancestor":"-2","eIdx":0,"st_mention":0,"en":15,"ne_type":"ORGANIZATION","keyword":"[메르세데스 벤츠 스프린터]","e_type":"NEW"},{"kbox_types":["Country","PopulatedPlace","Settlement","PopulatedPlace","Place"],"st":19,"en_mention":19,"ancestor":"","eIdx":1,"st_mention":17,"en":23,"ne_type":"LOCATION","keyword":"[독일]","e_type":"WIKILINK"},{"kbox_types":["Company","Agent","Organisation"],"st":24,"en_mention":28,"ancestor":"","eIdx":2,"st_mention":20,"en":34,"ne_type":"ORGANIZATION","keyword":"[메르세데스-벤츠]","e_type":"WIKILINK"},{"kbox_types":["NULL"],"st":41,"en_mention":38,"ancestor":"","eIdx":3,"st_mention":35,"en":46,"ne_type":"ETC","keyword":"<승합차>","e_type":"ELU"},{"kbox_types":["NULL"],"st":59,"en_mention":56,"ancestor":"","eIdx":4,"st_mention":51,"en":66,"ne_type":"ETC","keyword":"[픽업_트럭]","e_type":"WIKILINK"},{"kbox_types":["NULL"],"st":77,"en_mention":69,"ancestor":"","eIdx":5,"st_mention":67,"en":81,"ne_type":"ETC","keyword":"[트럭]","e_type":"WIKILINK"},{"kbox_types":["NULL"],"st":83,"en_mention":75,"ancestor":"","eIdx":6,"st_mention":71,"en":89,"ne_type":"ETC","keyword":"[미니버스]","e_type":"WIKILINK"},{"kbox_types":["Country","PopulatedPlace","PopulatedPlace","Place"],"st":93,"en_mention":81,"ancestor":"","eIdx":7,"st_mention":79,"en":97,"ne_type":"LOCATION","keyword":"[미국]","e_type":"WIKILINK"},{"kbox_types":["Year","MusicalWork","TimePeriod","Work","Album"],"st":102,"en_mention":91,"ancestor":"","eIdx":8,"st_mention":86,"en":109,"ne_type":"TIME","keyword":"[2001년]","e_type":"WIKILINK"},{"kbox_types":["Company","Agent","Organisation"],"st":112,"en_mention":104,"ancestor":"","eIdx":9,"st_mention":94,"en":124,"ne_type":"ORGANIZATION","keyword":"[프라이트라이너_트럭]","e_type":"WIKILINK"},{"kbox_types":["Company","Agent","Organisation"],"st":140,"en_mention":122,"ancestor":"","eIdx":10,"st_mention":120,"en":144,"ne_type":"ORGANIZATION","keyword":"[닷지]","e_type":"WIKILINK"},{"kbox_types":["NULL"],"st":145,"en_mention":126,"ancestor":"","eIdx":11,"st_mention":123,"en":150,"ne_type":"ETC","keyword":"<브랜드>","e_type":"ELU"},{"kbox_types":["Country","PopulatedPlace","PopulatedPlace","Place"],"st":159,"en_mention":139,"ancestor":"","eIdx":12,"st_mention":135,"en":165,"ne_type":"LOCATION","keyword":"[대한민국]","e_type":"WIKILINK"},{"kbox_types":["NULL"],"st":178,"en_mention":155,"ancestor":"","eIdx":13,"st_mention":152,"en":183,"ne_type":"ETC","keyword":"[구급차]","e_type":"WIKILINK"},{"kbox_types":["MeanOfTransportation","Automobile"],"st":193,"en_mention":171,"ancestor":"","eIdx":14,"st_mention":165,"en":201,"ne_type":"ETC","keyword":"[현대_쏠라티]","e_type":"WIKILINK"}],"wikiPageId":1318670,"pIdx":1,"plainText":"메르세데스 벤츠 스프린터()는 독일 메르세데스-벤츠가 생산하는 승합차이자 상용 밴, 초대형 픽업 트럭, 소형 및 준중형 트럭, 미니버스이다. 미국의 경우 2001년부터 프라이트라이너 트럭에서 판매하고 있는데, 한때 닷지 브랜드로도 팔렸었다. 대한민국에서는 연예인 전용 및 구급차를 주로 쓰이며, 현대 쏠라티의 원형 차종으로 알려진 것으로 보인다.","pronouns":[],"mentionTagged":"[메르세데스 벤츠 스프린터]()는 [독일] [메르세데스-벤츠]가 생산하는 [승합차]이자 상용 밴, 초대형 [픽업 트럭], 소형 및 준중형 [트럭], [미니버스]이다. [미국]의 경우 [2001년]부터 [프라이트라이너 트럭]에서 판매하고 있는데, 한때 [닷지] [브랜드]로도 팔렸었다. [대한민국]에서는 연예인 전용 및 [구급차]를 주로 쓰이며, [현대 쏠라티]의 원형 차종으로 알려진 것으로 보인다."}