{"entityTagged":"[우주론]은 천체의 움직임과 [원동자]에 대한 연구를 포함하고 있다. 인간의 역사의 대부분에서, 이것은 [형이상학]과 [종교]의 일부로 인식되었다. [과학]으로서의 우주론은 천체가 지구에서와 같은 물리 법칙을 따른다는 [코페르니쿠스_원리]와, 처음으로 천체의 움직임을 이해할 수 있게 설명한 [뉴턴_역학]과 함께 시작되었다. 현재에는 이를 [천체역학]이라고 한다. <물리우주론>은, [20세기] 이래 발달되어온 [알베르트_아인슈타인]의 [일반상대성이론]과, 아주 멀리 떨어진 천체에 대한 발달된 [천문학]적 관찰과 함께 시작되었다.","globalSId":[1978946,1978947,1978948,1978949,1978950],"entities":[{"kbox_types":["NULL"],"st":0,"en_mention":3,"ancestor":"-2","eIdx":0,"st_mention":0,"en":5,"ne_type":"ETC","keyword":"[우주론]","e_type":"NEW"},{"kbox_types":["NULL"],"st":16,"en_mention":17,"ancestor":"","eIdx":1,"st_mention":14,"en":21,"ne_type":"ETC","keyword":"[원동자]","e_type":"WIKILINK"},{"kbox_types":["NULL"],"st":58,"en_mention":58,"ancestor":"","eIdx":2,"st_mention":54,"en":64,"ne_type":"ETC","keyword":"[형이상학]","e_type":"WIKILINK"},{"kbox_types":["NULL"],"st":66,"en_mention":62,"ancestor":"","eIdx":3,"st_mention":60,"en":70,"ne_type":"ETC","keyword":"[종교]","e_type":"WIKILINK"},{"kbox_types":["NULL"],"st":83,"en_mention":77,"ancestor":"","eIdx":4,"st_mention":75,"en":87,"ne_type":"ETC","keyword":"[과학]","e_type":"WIKILINK"},{"kbox_types":["NULL"],"st":122,"en_mention":121,"ancestor":"","eIdx":5,"st_mention":112,"en":133,"ne_type":"ETC","keyword":"[코페르니쿠스_원리]","e_type":"WIKILINK"},{"kbox_types":["NULL"],"st":163,"en_mention":156,"ancestor":"","eIdx":6,"st_mention":151,"en":170,"ne_type":"ETC","keyword":"[뉴턴_역학]","e_type":"WIKILINK"},{"kbox_types":["NULL"],"st":190,"en_mention":180,"ancestor":"","eIdx":7,"st_mention":176,"en":196,"ne_type":"ETC","keyword":"[천체역학]","e_type":"WIKILINK"},{"kbox_types":["NULL"],"st":204,"en_mention":193,"ancestor":"","eIdx":8,"st_mention":188,"en":211,"ne_type":"ETC","keyword":"<물리우주론>","e_type":"ELU"},{"kbox_types":["NULL"],"st":214,"en_mention":200,"ancestor":"-2","eIdx":9,"st_mention":196,"en":220,"ne_type":"TIME","keyword":"[20세기]","e_type":"NEW"},{"kbox_types":["Scientist","Agent","Person"],"st":230,"en_mention":220,"ancestor":"","eIdx":10,"st_mention":210,"en":242,"ne_type":"PERSON","keyword":"[알베르트_아인슈타인]","e_type":"WIKILINK"},{"kbox_types":["NULL"],"st":244,"en_mention":229,"ancestor":"","eIdx":11,"st_mention":222,"en":253,"ne_type":"ETC","keyword":"[일반상대성이론]","e_type":"WIKILINK"},{"kbox_types":["NULL"],"st":277,"en_mention":256,"ancestor":"","eIdx":12,"st_mention":253,"en":282,"ne_type":"ETC","keyword":"[천문학]","e_type":"WIKILINK"}],"wikiPageId":413148,"pIdx":2,"plainText":"우주론은 천체의 움직임과 원동자에 대한 연구를 포함하고 있다. 인간의 역사의 대부분에서, 이것은 형이상학과 종교의 일부로 인식되었다. 과학으로서의 우주론은 천체가 지구에서와 같은 물리 법칙을 따른다는 코페르니쿠스 원리와, 처음으로 천체의 움직임을 이해할 수 있게 설명한 뉴턴 역학과 함께 시작되었다. 현재에는 이를 천체역학이라고 한다. 물리우주론은, 20세기 이래 발달되어온 알베르트 아인슈타인의 일반상대성이론과, 아주 멀리 떨어진 천체에 대한 발달된 천문학적 관찰과 함께 시작되었다.","pronouns":[{"st":54,"ancestor":"2-0","proIdx":0,"en":56,"cwStateCd":"FIXED","cwSelIdx":0,"type":"PRONOUN","keyword":"이것은"},{"st":187,"ancestor":"2-0","proIdx":1,"en":188,"cwStateCd":"FIXED","cwSelIdx":0,"type":"PRONOUN","keyword":"이를"},{"st":187,"ancestor":"-1","proIdx":2,"en":198,"cwStateCd":"FIXED","cwSelIdx":[],"type":"PRONOUN","keyword":"이를 [천체역학]이라고"}],"mentionTagged":"[우주론]은 천체의 움직임과 [원동자]에 대한 연구를 포함하고 있다. 인간의 역사의 대부분에서, 이것은 [형이상학]과 [종교]의 일부로 인식되었다. [과학]으로서의 우주론은 천체가 지구에서와 같은 물리 법칙을 따른다는 [코페르니쿠스 원리]와, 처음으로 천체의 움직임을 이해할 수 있게 설명한 [뉴턴 역학]과 함께 시작되었다. 현재에는 이를 [천체역학]이라고 한다. [물리우주론]은, [20세기] 이래 발달되어온 [알베르트 아인슈타인]의 [일반상대성이론]과, 아주 멀리 떨어진 천체에 대한 발달된 [천문학]적 관찰과 함께 시작되었다."}