{"entityTagged":"분교. [하얼빈 공업대학](哈尔滨工业大学)은 현재 [중화인민공화국] [산둥_성] [웨이하이_시]와 [중화인민공화국] [광둥_성] [선전_시]에 분교가 있다.","globalSId":[3858351,3858352],"entities":[{"kbox_types":["University","Agent","EducationalInstitution","Organisation"],"st":4,"en_mention":11,"ancestor":"-2","eIdx":0,"st_mention":3,"en":14,"ne_type":"ORGANIZATION","keyword":"[하얼빈 공업대학]","e_type":"NEW"},{"kbox_types":["Country","PopulatedPlace","PopulatedPlace","Place"],"st":28,"en_mention":32,"ancestor":"","eIdx":1,"st_mention":25,"en":37,"ne_type":"LOCATION","keyword":"[중화인민공화국]","e_type":"WIKILINK"},{"kbox_types":["Place","PopulatedPlace","Settlement"],"st":38,"en_mention":37,"ancestor":"","eIdx":2,"st_mention":33,"en":44,"ne_type":"LOCATION","keyword":"[산둥_성]","e_type":"WIKILINK"},{"kbox_types":["PopulatedPlace","Settlement","PopulatedPlace","City","Place"],"st":45,"en_mention":44,"ancestor":"","eIdx":3,"st_mention":38,"en":53,"ne_type":"LOCATION","keyword":"[웨이하이_시]","e_type":"WIKILINK"},{"kbox_types":["Country","PopulatedPlace","PopulatedPlace","Place"],"st":55,"en_mention":53,"ancestor":"","eIdx":4,"st_mention":46,"en":64,"ne_type":"LOCATION","keyword":"[중화인민공화국]","e_type":"WIKILINK"},{"kbox_types":["Place","PopulatedPlace","Settlement"],"st":65,"en_mention":58,"ancestor":"","eIdx":5,"st_mention":54,"en":71,"ne_type":"LOCATION","keyword":"[광둥_성]","e_type":"WIKILINK"},{"kbox_types":["PopulatedPlace","Settlement","PopulatedPlace","City","Place"],"st":72,"en_mention":63,"ancestor":"","eIdx":6,"st_mention":59,"en":78,"ne_type":"LOCATION","keyword":"[선전_시]","e_type":"WIKILINK"}],"wikiPageId":1633961,"pIdx":2,"plainText":"분교 하얼빈 공업대학(哈尔滨工业大学)은 현재 중화인민공화국 산둥 성 웨이하이 시와 중화인민공화국 광둥 성 선전 시에 분교가 있다.","mentionTagged":"분교 [하얼빈 공업대학](哈尔滨工业大学)은 현재 [중화인민공화국] [산둥 성] [웨이하이 시]와 [중화인민공화국] [광둥 성] [선전 시]에 분교가 있다."}