{"entityTagged":"<진먼_현>(, , 금문현)은 [중화민국] [푸젠_성_(중화민국)](福建省)에 있는 행정구역으로, [성(省) 정부]의 청사가 위치하고 있다. 현의 영역은 <진먼_현>(金門島)과 그 부속도서로 이루어져 있다. [중화민국] 정부 소재지인 [타이완]과는 약 210km에 달하며, 오히려 [중화인민공화국]의 영토인 [중국_대륙]에서 불과 1.8km의 거리로 매우 가깝다. [마쭈_열도](馬祖列島)와 함께 [진마 지구](金馬地區)로도 불린다.","globalSId":[891654,891655,891656,891657],"entities":[{"kbox_types":["Archipelago","PopulatedPlace","Settlement","PopulatedPlace","Place","NaturalPlace"],"st":0,"en_mention":4,"ancestor":"","eIdx":0,"st_mention":0,"en":6,"ne_type":"LOCATION","keyword":"<진먼_현>","e_type":"ELU"},{"kbox_types":["Country","Agent","PopulatedPlace","EducationalInstitution","University","Place","Organisation","University"],"st":17,"en_mention":19,"ancestor":"","eIdx":1,"st_mention":15,"en":23,"ne_type":"ORGANIZATION","keyword":"[중화민국]","e_type":"WIKILINK"},{"kbox_types":["PopulatedPlace","Settlement","PopulatedPlace","Place"],"st":24,"en_mention":24,"ancestor":"","eIdx":2,"st_mention":20,"en":37,"ne_type":"LOCATION","keyword":"[푸젠_성_(중화민국)]","e_type":"WIKILINK"},{"kbox_types":["NULL"],"st":55,"en_mention":49,"ancestor":"-2","eIdx":3,"st_mention":42,"en":64,"ne_type":"ORGANIZATION","keyword":"[성(省) 정부]","e_type":"NEW"},{"kbox_types":["Archipelago","PopulatedPlace","Settlement","PopulatedPlace","Place","NaturalPlace"],"st":86,"en_mention":75,"ancestor":"","eIdx":4,"st_mention":71,"en":92,"ne_type":"LOCATION","keyword":"<진먼_현>","e_type":"ELU"},{"kbox_types":["Country","Agent","PopulatedPlace","EducationalInstitution","University","Place","Organisation","University"],"st":116,"en_mention":103,"ancestor":"","eIdx":5,"st_mention":99,"en":122,"ne_type":"ORGANIZATION","keyword":"[중화민국]","e_type":"WIKILINK"},{"kbox_types":["PopulatedPlace","Island","Settlement","PopulatedPlace","Place"],"st":131,"en_mention":115,"ancestor":"","eIdx":6,"st_mention":112,"en":136,"ne_type":"LOCATION","keyword":"[타이완]","e_type":"WIKILINK"},{"kbox_types":["Country","PopulatedPlace","PopulatedPlace","Place"],"st":157,"en_mention":143,"ancestor":"","eIdx":7,"st_mention":136,"en":166,"ne_type":"LOCATION","keyword":"[중화인민공화국]","e_type":"WIKILINK"},{"kbox_types":["NULL"],"st":172,"en_mention":154,"ancestor":"","eIdx":8,"st_mention":149,"en":179,"ne_type":"ETC","keyword":"[중국_대륙]","e_type":"WIKILINK"},{"kbox_types":["Archipelago","PopulatedPlace","Settlement","PopulatedPlace","Place","NaturalPlace"],"st":204,"en_mention":184,"ancestor":"","eIdx":9,"st_mention":179,"en":211,"ne_type":"LOCATION","keyword":"[마쭈_열도]","e_type":"WIKILINK"},{"kbox_types":["NULL"],"st":222,"en_mention":200,"ancestor":"1-0","eIdx":10,"st_mention":195,"en":229,"ne_type":"LOCATION","keyword":"[진마 지구]","e_type":"NEW"}],"wikiPageId":121755,"pIdx":1,"plainText":"진먼 현(, , 금문현)은 중화민국 푸젠 성(福建省)에 있는 행정구역으로, 성(省) 정부의 청사가 위치하고 있다. 현의 영역은 진먼 섬(金門島)과 그 부속도서로 이루어져 있다. 중화민국 정부 소재지인 타이완과는 약 210km에 달하며, 오히려 중화인민공화국의 영토인 중국 대륙에서 불과 1.8km의 거리로 매우 가깝다. 마쭈 열도(馬祖列島)와 함께 진마 지구(金馬地區)로도 불린다.","mentionTagged":"[진먼 현](, , 금문현)은 [중화민국] [푸젠 성](福建省)에 있는 행정구역으로, [성(省) 정부]의 청사가 위치하고 있다. 현의 영역은 [진먼 섬](金門島)과 그 부속도서로 이루어져 있다. [중화민국] 정부 소재지인 [타이완]과는 약 210km에 달하며, 오히려 [중화인민공화국]의 영토인 [중국 대륙]에서 불과 1.8km의 거리로 매우 가깝다. [마쭈 열도](馬祖列島)와 함께 [진마 지구](金馬地區)로도 불린다."}