{"entityTagged":"인문지리. [동구]는 북쪽으로 [광주광역시] [북구_(광주광역시)]와 연접하고, 남쪽으로는 [전라남도] [화순군]과 경계를 이루며, [광주천]을 서남쪽에 끼고 [무등산] 너른 자락 밑에 자리잡고 있다. 동쪽으로 [광주]의 진산인 [무등산] 정상에서 남으로 [장불재]를 지나 [천제등], [바람재], [향로봉]을 통해 [장원봉]으로 이어지는 <광주광역시>를 향한 [무등산] 주능선과 남쪽으로 [장불재]와 중머리재 사이의 샘골에서 발원한 [영산강] 지류인 <광주천>을 끼고 서쪽으로 완만한 경사를 따라 <중심_업무_지구>를 형성하는 동고서저형의 지형구조를 보이고 있다. 멀리 북쪽으로부터 서남쪽을 향해 흐르는 <영산강>의 본류인 [극락강]을 바라보고 지정학적으로는 호남 내륙의 중심을 점하고 있는 교통의 요충지이다.","globalSId":[84414,84415,84416,84417],"entities":[{"kbox_types":["NULL"],"st":6,"en_mention":7,"ancestor":"-2","eIdx":0,"st_mention":5,"en":10,"ne_type":"LOCATION","keyword":"[동구]","e_type":"NEW"},{"kbox_types":["PopulatedPlace","Place","Settlement","PopulatedPlace","City"],"st":17,"en_mention":156,"ancestor":"3-2","eIdx":1,"st_mention":153,"en":24,"ne_type":"LOCATION","keyword":"[광주광역시]","e_type":"NEW"},{"kbox_types":["PopulatedPlace","Settlement","PopulatedPlace","Place"],"st":25,"en_mention":-2,"ancestor":"","eIdx":2,"st_mention":-4,"en":37,"ne_type":"LOCATION","keyword":"[북구_(광주광역시)]","e_type":"WIKILINK"},{"kbox_types":["PopulatedPlace","Settlement","PopulatedPlace","Place"],"st":51,"en_mention":16,"ancestor":"","eIdx":3,"st_mention":12,"en":57,"ne_type":"LOCATION","keyword":"[전라남도]","e_type":"WIKILINK"},{"kbox_types":["PopulatedPlace","Settlement","PopulatedPlace","Place"],"st":58,"en_mention":20,"ancestor":"","eIdx":4,"st_mention":17,"en":63,"ne_type":"LOCATION","keyword":"[화순군]","e_type":"WIKILINK"},{"kbox_types":["NULL"],"st":74,"en_mention":34,"ancestor":"","eIdx":5,"st_mention":31,"en":79,"ne_type":"ETC","keyword":"[광주천]","e_type":"WIKILINK"},{"kbox_types":["Place","Mountain","NaturalPlace"],"st":89,"en_mention":47,"ancestor":"","eIdx":6,"st_mention":44,"en":94,"ne_type":"LOCATION","keyword":"[무등산]","e_type":"WIKILINK"},{"kbox_types":["NULL"],"st":118,"en_mention":73,"ancestor":"5-1","eIdx":7,"st_mention":71,"en":122,"ne_type":"LOCATION","keyword":"[광주]","e_type":"NEW"},{"kbox_types":["Place","Mountain","NaturalPlace"],"st":128,"en_mention":82,"ancestor":"5-6","eIdx":8,"st_mention":79,"en":133,"ne_type":"LOCATION","keyword":"[무등산]","e_type":"NEW"},{"kbox_types":["NULL"],"st":143,"en_mention":95,"ancestor":"-2","eIdx":9,"st_mention":92,"en":148,"ne_type":"LOCATION","keyword":"[장불재]","e_type":"NEW"},{"kbox_types":["NULL"],"st":153,"en_mention":103,"ancestor":"-2","eIdx":10,"st_mention":100,"en":158,"ne_type":"LOCATION","keyword":"[천제등]","e_type":"NEW"},{"kbox_types":["NULL"],"st":160,"en_mention":108,"ancestor":"-2","eIdx":11,"st_mention":105,"en":165,"ne_type":"LOCATION","keyword":"[바람재]","e_type":"NEW"},{"kbox_types":["Place","Mountain","NaturalPlace"],"st":167,"en_mention":113,"ancestor":"-2","eIdx":12,"st_mention":110,"en":172,"ne_type":"LOCATION","keyword":"[향로봉]","e_type":"NEW"},{"kbox_types":["NULL"],"st":177,"en_mention":121,"ancestor":"-2","eIdx":13,"st_mention":118,"en":182,"ne_type":"LOCATION","keyword":"[장원봉]","e_type":"NEW"},{"kbox_types":["PopulatedPlace","Place","Settlement","PopulatedPlace","City"],"st":190,"en_mention":132,"ancestor":"","eIdx":14,"st_mention":129,"en":197,"ne_type":"LOCATION","keyword":"<광주광역시>","e_type":"ELU"},{"kbox_types":["Place","Mountain","NaturalPlace"],"st":202,"en_mention":140,"ancestor":"1-10","eIdx":15,"st_mention":137,"en":207,"ne_type":"LOCATION","keyword":"[무등산]","e_type":"NEW"},{"kbox_types":["NULL"],"st":218,"en_mention":154,"ancestor":"-2","eIdx":16,"st_mention":151,"en":223,"ne_type":"LOCATION","keyword":"[장불재]","e_type":"NEW"},{"kbox_types":["River","Place","BodyOfWater","Stream","NaturalPlace"],"st":243,"en_mention":177,"ancestor":"","eIdx":17,"st_mention":174,"en":248,"ne_type":"LOCATION","keyword":"[영산강]","e_type":"WIKILINK"},{"kbox_types":["NULL"],"st":253,"en_mention":185,"ancestor":"","eIdx":18,"st_mention":182,"en":258,"ne_type":"ETC","keyword":"<광주천>","e_type":"ELU"},{"kbox_types":["NULL"],"st":279,"en_mention":209,"ancestor":"","eIdx":19,"st_mention":206,"en":289,"ne_type":"ETC","keyword":"<중심_업무_지구>","e_type":"ELU"},{"kbox_types":["River","Place","BodyOfWater","Stream","NaturalPlace"],"st":339,"en_mention":262,"ancestor":"","eIdx":20,"st_mention":259,"en":344,"ne_type":"LOCATION","keyword":"<영산강>","e_type":"ELU"},{"kbox_types":["NULL"],"st":350,"en_mention":271,"ancestor":"","eIdx":21,"st_mention":268,"en":355,"ne_type":"ETC","keyword":"[극락강]","e_type":"WIKILINK"}],"wikiPageId":6086,"pIdx":5,"plainText":"인문지리 동구는 북쪽으로 광주광역시 북구와 연접하고, 남쪽으로는 전라남도 화순군과 경계를 이루며, 광주천을 서남쪽에 끼고 무등산 너른 자락 밑에 자리잡고 있다. 동쪽으로 광주의 진산인 무등산 정상에서 남으로 장불재를 지나 천제등, 바람재, 향로봉을 통해 장원봉으로 이어지는 광주시를 향한 무등산 주능선과 남쪽으로 장불재와 중머리재 사이의 샘골에서 발원한 영산강 지류인 광주천을 끼고 서쪽으로 완만한 경사를 따라 시가지를 형성하는 동고서저형의 지형구조를 보이고 있다. 멀리 북쪽으로부터 서남쪽을 향해 흐르는 영산강의 본류인 극락강을 바라보고 지정학적으로는 호남 내륙의 중심을 점하고 있는 교통의 요충지이다.","mentionTagged":"인문지리 [동구]는 북쪽으로 광주광역시 북구와 연접하고, 남쪽으로는 전라남도 화순군과 경계를 이루며, 광주천을 서남쪽에 끼고 무등산 너른 자락 밑에 자리잡고 있다. 동쪽으로 광주의 진산인 무등산 정상에서 남으로 장불재를 지나 천제등, 바람재, 향로봉을 통해 장원봉으로 이어지는 [광주시]를 향한 무등산 주능선과 남쪽으로 장불재와 중머리재 사이의 샘골에서 발원한 영산강 지류인 광주천을 끼고 서쪽으로 완만한 경사를 따라 시가지를 형성하는 동고서저형의 지형구조를 보이고 있다. 멀리 북쪽으로부터 서남쪽을 향해 흐르는 영산강의 본류인 극락강인문지리 [동구는 북쪽으로 광주광역시 [북구]와 연접하고, 남쪽으로는 [전라남도] [화순군]과 경계를 이루며, [광주천]을 서남쪽에 끼고 [무등산] 너른 자락 밑에 자리잡고 있다. 동쪽으로 [광주]의 진산인 [무등산] 정상에서 남으로 [장불재]를 지나 [천제등], [바람재], [향로봉]을 통해 [장원봉]으로 이어지는 [광주시]를 향한 [무등산] 주능선과 남쪽으로 [장불재]와 중머리재 사이의 샘골에서 발원한 [영산강] 지류인 [광주천]을 끼고 서쪽으로 완만한 경사를 따라 [시가지]를 형성하는 동고서저형의 지형구조를 보이고 있다. 멀리 북쪽으로부터 서남쪽을 향해 흐르는 [영산강]의 본류인 [극락강]을 바라보고 지정학적으로는 호남 내륙의 중심을 점하고 있는 교통의 요충지이다."}