{"entityTagged":"<말휘리역>(末輝里驛)은 지금의 [조선민주주의인민공화국] [강원도_(북)] [금강군]에 위치했던 [금강산선]의 [철도역]이다. 이 역과 [단발령역] 사이는 [스위치백]으로 건설된 구간이었다.","globalSId":[3208730,3208731],"entities":[{"kbox_types":["ArchitecturalStructure","Place","Station","Infrastructure","RailwayStation"],"st":0,"en_mention":4,"ancestor":"","eIdx":0,"st_mention":0,"en":6,"ne_type":"LOCATION","keyword":"<말휘리역>","e_type":"ELU"},{"kbox_types":["Country","PopulatedPlace","PopulatedPlace","Place"],"st":18,"en_mention":27,"ancestor":"","eIdx":1,"st_mention":16,"en":31,"ne_type":"LOCATION","keyword":"[조선민주주의인민공화국]","e_type":"WIKILINK"},{"kbox_types":["PopulatedPlace","Settlement","PopulatedPlace","Place"],"st":32,"en_mention":31,"ancestor":"","eIdx":2,"st_mention":28,"en":41,"ne_type":"LOCATION","keyword":"[강원도_(북)]","e_type":"WIKILINK"},{"kbox_types":["PopulatedPlace","Settlement","PopulatedPlace","Place"],"st":42,"en_mention":35,"ancestor":"","eIdx":3,"st_mention":32,"en":47,"ne_type":"LOCATION","keyword":"[금강군]","e_type":"WIKILINK"},{"kbox_types":["ArchitecturalStructure","Place","RailwayLine","RouteOfTransportation","Infrastructure"],"st":54,"en_mention":46,"ancestor":"","eIdx":4,"st_mention":42,"en":60,"ne_type":"LOCATION","keyword":"[금강산선]","e_type":"WIKILINK"},{"kbox_types":["NULL"],"st":62,"en_mention":51,"ancestor":"","eIdx":5,"st_mention":48,"en":67,"ne_type":"ETC","keyword":"[철도역]","e_type":"WIKILINK"},{"kbox_types":["ArchitecturalStructure","Place","Station","Infrastructure","RailwayStation"],"st":76,"en_mention":64,"ancestor":"","eIdx":6,"st_mention":60,"en":82,"ne_type":"LOCATION","keyword":"[단발령역]","e_type":"WIKILINK"},{"kbox_types":["NULL"],"st":87,"en_mention":73,"ancestor":"","eIdx":7,"st_mention":69,"en":93,"ne_type":"ETC","keyword":"[스위치백]","e_type":"WIKILINK"}],"wikiPageId":1020431,"pIdx":1,"plainText":"말휘리역(末輝里驛)은 지금의 조선민주주의인민공화국 강원도 금강군에 위치했던 금강산선의 철도역이다. 이 역과 단발령역 사이는 스위치백으로 건설된 구간이었다.","pronouns":[{"st":71,"ancestor":"1-0","proIdx":0,"en":74,"cwStateCd":"FIXED","cwSelIdx":0,"type":"PRONOUN","keyword":"이 역과"}],"mentionTagged":"[말휘리역](末輝里驛)은 지금의 [조선민주주의인민공화국] [강원도] [금강군]에 위치했던 [금강산선]의 [철도역]이다. 이 역과 [단발령역] 사이는 [스위치백]으로 건설된 구간이었다."}