{"entityTagged":"[헬하임](Helheim)는 [1992년]에 [노르웨이]의 [베르겐]에서 결성된 [바이킹_메탈] [블랙_메탈] 밴드이다. 이들은 [인슬레이브드] 등과 함께 <노르웨이>의 대표적인 바이킹 메탈 밴드로 꼽힌다. '[헬하임]'이라는 이름은 [북유럽_신화]에 등장하는 [헬헤임]에서 따온 이름이다.","globalSId":[3534213,3534214,3534215],"entities":[{"kbox_types":["Agent","Group","Organisation","Band"],"st":0,"en_mention":3,"ancestor":"-2","eIdx":0,"st_mention":0,"en":5,"ne_type":"ETC","keyword":"[헬하임]","e_type":"NEW"},{"kbox_types":["Year","TimePeriod"],"st":16,"en_mention":19,"ancestor":"","eIdx":1,"st_mention":14,"en":23,"ne_type":"TIME","keyword":"[1992년]","e_type":"WIKILINK"},{"kbox_types":["Country","PopulatedPlace","Settlement","PopulatedPlace","Place"],"st":25,"en_mention":25,"ancestor":"","eIdx":2,"st_mention":21,"en":31,"ne_type":"LOCATION","keyword":"[노르웨이]","e_type":"WIKILINK"},{"kbox_types":["PopulatedPlace","Settlement","PopulatedPlace","City","Place"],"st":33,"en_mention":30,"ancestor":"","eIdx":3,"st_mention":27,"en":38,"ne_type":"LOCATION","keyword":"[베르겐]","e_type":"WIKILINK"},{"kbox_types":["MusicGenre","TopicalConcept","Genre"],"st":45,"en_mention":40,"ancestor":"","eIdx":4,"st_mention":37,"en":53,"ne_type":"ETC","keyword":"[바이킹_메탈]","e_type":"WIKILINK"},{"kbox_types":["TopicalConcept","MusicGenre","Genre"],"st":54,"en_mention":46,"ancestor":"","eIdx":5,"st_mention":41,"en":61,"ne_type":"ETC","keyword":"[블랙_메탈]","e_type":"WIKILINK"},{"kbox_types":["Agent","Group","Organisation","Band"],"st":72,"en_mention":63,"ancestor":"","eIdx":6,"st_mention":57,"en":80,"ne_type":"ORGANIZATION","keyword":"[인슬레이브드]","e_type":"WIKILINK"},{"kbox_types":["Country","PopulatedPlace","Settlement","PopulatedPlace","Place"],"st":87,"en_mention":74,"ancestor":"","eIdx":7,"st_mention":70,"en":93,"ne_type":"LOCATION","keyword":"<노르웨이>","e_type":"ELU"},{"kbox_types":["Agent","Group","Organisation","Band"],"st":117,"en_mention":101,"ancestor":"1-0","eIdx":8,"st_mention":98,"en":122,"ne_type":"ETC","keyword":"[헬하임]","e_type":"NEW"},{"kbox_types":["NULL"],"st":131,"en_mention":116,"ancestor":"","eIdx":9,"st_mention":110,"en":139,"ne_type":"ETC","keyword":"[북유럽_신화]","e_type":"WIKILINK"},{"kbox_types":["NULL"],"st":146,"en_mention":126,"ancestor":"","eIdx":10,"st_mention":123,"en":151,"ne_type":"ETC","keyword":"[헬헤임]","e_type":"WIKILINK"}],"wikiPageId":1285928,"pIdx":1,"plainText":"헬하임(Helheim)는 1992년에 노르웨이의 베르겐에서 결성된 바이킹 블랙 메탈 밴드이다. 이들은 인슬레이브드 등과 함께 노르웨이의 대표적인 바이킹 메탈 밴드로 꼽힌다. '헬하임'이라는 이름은 북유럽 신화에 등장하는 헬헤임에서 따온 이름이다.","pronouns":[{"st":68,"ancestor":"1-0","proIdx":0,"en":70,"cwStateCd":"FIXED","cwSelIdx":0,"type":"PRONOUN","keyword":"이들은"}],"mentionTagged":"[헬하임](Helheim)는 [1992년]에 [노르웨이]의 [베르겐]에서 결성된 [바이킹] [블랙 메탈] 밴드이다. 이들은 [인슬레이브드] 등과 함께 [노르웨이]의 대표적인 바이킹 메탈 밴드로 꼽힌다. '[헬하임]'이라는 이름은 [북유럽 신화]에 등장하는 [헬헤임]에서 따온 이름이다."}