{"entityTagged":"[빅 샌디 슈퍼스토어] <아레나>(Big Sandy Superstore Arena)는 [미국] [웨스트버지니아_주] [헌팅턴_(웨스트버지니아_주)]에 위치한 실내 <경기장>이다. 과거 [ECHL] [텍사스_와일드캐터스]의 홈경기장으로 사용했다.","globalSId":[3721698,3721699],"entities":[{"kbox_types":["NULL"],"st":0,"en_mention":10,"ancestor":"-2","eIdx":0,"st_mention":0,"en":12,"ne_type":"LOCATION","keyword":"[빅 샌디 슈퍼스토어]","e_type":"NEW"},{"kbox_types":["NULL"],"st":13,"en_mention":14,"ancestor":"","eIdx":1,"st_mention":11,"en":18,"ne_type":"ETC","keyword":"<아레나>","e_type":"ELU"},{"kbox_types":["Country","PopulatedPlace","PopulatedPlace","Place"],"st":48,"en_mention":46,"ancestor":"","eIdx":2,"st_mention":44,"en":52,"ne_type":"LOCATION","keyword":"[미국]","e_type":"WIKILINK"},{"kbox_types":["Region","PopulatedPlace","AdministrativeRegion","Place","AdministrativeRegion"],"st":53,"en_mention":56,"ancestor":"","eIdx":3,"st_mention":47,"en":64,"ne_type":"LOCATION","keyword":"[웨스트버지니아_주]","e_type":"WIKILINK"},{"kbox_types":["PopulatedPlace","Settlement","PopulatedPlace","City","Place"],"st":65,"en_mention":60,"ancestor":"","eIdx":4,"st_mention":57,"en":82,"ne_type":"LOCATION","keyword":"[헌팅턴_(웨스트버지니아_주)]","e_type":"WIKILINK"},{"kbox_types":["NULL"],"st":91,"en_mention":72,"ancestor":"","eIdx":5,"st_mention":69,"en":96,"ne_type":"ETC","keyword":"<경기장>","e_type":"ELU"},{"kbox_types":["Agent","SportsLeague","IceHockeyLeague","Organisation"],"st":103,"en_mention":83,"ancestor":"","eIdx":6,"st_mention":79,"en":109,"ne_type":"ORGANIZATION","keyword":"[ECHL]","e_type":"WIKILINK"},{"kbox_types":["Agent","SportsTeam","Organisation","HockeyTeam"],"st":110,"en_mention":92,"ancestor":"","eIdx":7,"st_mention":84,"en":122,"ne_type":"ORGANIZATION","keyword":"[텍사스_와일드캐터스]","e_type":"WIKILINK"}],"wikiPageId":1438380,"pIdx":1,"plainText":"빅 샌디 슈퍼스토어 아레나(Big Sandy Superstore Arena)는 미국 웨스트버지니아 주 헌팅턴에 위치한 실내 경기장이다. 과거 ECHL 헌팅턴 블리자드의 홈경기장으로 사용했다.","pronouns":[],"mentionTagged":"[빅 샌디 슈퍼스토어] [아레나](Big Sandy Superstore Arena)는 [미국] [웨스트버지니아 주] [헌팅턴]에 위치한 실내 [경기장]이다. 과거 [ECHL] [헌팅턴 블리자드]의 홈경기장으로 사용했다."}