{"entityTagged":"<부여_서씨>(扶餘 徐氏)는 [충청남도] [부여군]을 본관으로 하는 [한국의_성씨]이다. 시조는 [백제] [의자왕]의 아들 [부여융](扶餘隆)이다.","globalSId":[2687211,2687212],"entities":[{"kbox_types":["NULL"],"st":0,"en_mention":5,"ancestor":"","eIdx":0,"st_mention":0,"en":7,"ne_type":"ETC","keyword":"<부여_서씨>","e_type":"ELU"},{"kbox_types":["PopulatedPlace","Settlement","PopulatedPlace","Place"],"st":16,"en_mention":18,"ancestor":"","eIdx":1,"st_mention":14,"en":22,"ne_type":"LOCATION","keyword":"[충청남도]","e_type":"WIKILINK"},{"kbox_types":["PopulatedPlace","Settlement","PopulatedPlace","Place"],"st":23,"en_mention":22,"ancestor":"","eIdx":2,"st_mention":19,"en":28,"ne_type":"LOCATION","keyword":"[부여군]","e_type":"WIKILINK"},{"kbox_types":["NULL"],"st":38,"en_mention":38,"ancestor":"","eIdx":3,"st_mention":32,"en":46,"ne_type":"ETC","keyword":"[한국의_성씨]","e_type":"WIKILINK"},{"kbox_types":["Country","PopulatedPlace","PopulatedPlace","Place"],"st":54,"en_mention":48,"ancestor":"","eIdx":4,"st_mention":46,"en":58,"ne_type":"LOCATION","keyword":"[백제]","e_type":"WIKILINK"},{"kbox_types":["Monarch","Agent","Person"],"st":59,"en_mention":52,"ancestor":"","eIdx":5,"st_mention":49,"en":64,"ne_type":"PERSON","keyword":"[의자왕]","e_type":"WIKILINK"},{"kbox_types":["Agent","Person"],"st":69,"en_mention":60,"ancestor":"","eIdx":6,"st_mention":57,"en":74,"ne_type":"PERSON","keyword":"[부여융]","e_type":"WIKILINK"}],"wikiPageId":737052,"pIdx":1,"plainText":"부여 서씨(扶餘 徐氏)는 충청남도 부여군을 본관으로 하는 한국의 성씨이다. 시조는 백제 의자왕의 아들 부여융(扶餘隆)이다.","pronouns":[{"st":30,"ancestor":"-2","proIdx":0,"en":31,"cwStateCd":"FIXED","cwSelIdx":[],"type":"PRONOUN","keyword":"본관"},{"st":16,"ancestor":"-1","proIdx":1,"en":48,"cwStateCd":"FIXED","cwSelIdx":[],"type":"PRONOUN","keyword":"[충청남도] [부여군]을 본관으로 하는 [한국의_성씨]이다."}],"mentionTagged":"[부여 서씨](扶餘 徐氏)는 [충청남도] [부여군]을 본관으로 하는 [한국의 성씨]이다. 시조는 [백제] [의자왕]의 아들 [부여융](扶餘隆)이다."}