{"entityTagged":"[모토로라 모토 X 2014 에디션] (Motorola Moto X 2014) 또는 [모토로라 모토 X 2세대] (Motorola Moto X Second generation)은 [모토로라_모빌리티]에서 제조\/판매하는 [안드로이드_(운영_체제)] [스마트폰]이다.","globalSId":[3393446],"entities":[{"kbox_types":["NULL"],"st":0,"en_mention":18,"ancestor":"-2","eIdx":0,"st_mention":0,"en":20,"ne_type":"ETC","keyword":"[모토로라 모토 X 2014 에디션]","e_type":"NEW"},{"kbox_types":["NULL"],"st":47,"en_mention":58,"ancestor":"1-0","eIdx":1,"st_mention":45,"en":62,"ne_type":"ETC","keyword":"[모토로라 모토 X 2세대]","e_type":"NEW"},{"kbox_types":["Company","Agent","Organisation"],"st":100,"en_mention":105,"ancestor":"","eIdx":2,"st_mention":96,"en":111,"ne_type":"ORGANIZATION","keyword":"[모토로라_모빌리티]","e_type":"WIKILINK"},{"kbox_types":["Software","Company","Agent","Organisation","Work"],"st":122,"en_mention":121,"ancestor":"","eIdx":3,"st_mention":116,"en":137,"ne_type":"ORGANIZATION","keyword":"[안드로이드_(운영_체제)]","e_type":"WIKILINK"},{"kbox_types":["NULL"],"st":138,"en_mention":126,"ancestor":"","eIdx":4,"st_mention":122,"en":144,"ne_type":"ETC","keyword":"[스마트폰]","e_type":"WIKILINK"}],"wikiPageId":1154985,"pIdx":1,"plainText":"모토로라 모토 X 2014 에디션 (Motorola Moto X 2014) 또는 모토로라 모토 X 2세대 (Motorola Moto X Second generation)은 모토로라 모빌리티에서 제조\/판매하는 안드로이드 스마트폰이다.","mentionTagged":"[모토로라 모토 X 2014 에디션] (Motorola Moto X 2014) 또는 [모토로라 모토 X 2세대] (Motorola Moto X Second generation)은 [모토로라 모빌리티]에서 제조\/판매하는 [안드로이드] [스마트폰]이다."}