{"entityTagged":"<라그바_호수>(Lhagba Pool)는 [중화인민공화국] [티베트]에 위치했던 [호수]로, [에베레스트_산]의 [롱북_빙하]에서 약 10km 떨어진 지점에 위치하였다.","globalSId":[3175583],"entities":[{"kbox_types":["Lake","BodyOfWater","Place","Place","NaturalPlace"],"st":0,"en_mention":6,"ancestor":"","eIdx":0,"st_mention":0,"en":8,"ne_type":"LOCATION","keyword":"<라그바_호수>","e_type":"ELU"},{"kbox_types":["Country","PopulatedPlace","PopulatedPlace","Place"],"st":23,"en_mention":28,"ancestor":"","eIdx":1,"st_mention":21,"en":32,"ne_type":"LOCATION","keyword":"[중화인민공화국]","e_type":"WIKILINK"},{"kbox_types":["NULL"],"st":33,"en_mention":32,"ancestor":"","eIdx":2,"st_mention":29,"en":38,"ne_type":"ETC","keyword":"[티베트]","e_type":"WIKILINK"},{"kbox_types":["NULL"],"st":45,"en_mention":41,"ancestor":"","eIdx":3,"st_mention":39,"en":49,"ne_type":"ETC","keyword":"[호수]","e_type":"WIKILINK"},{"kbox_types":["Place","Mountain","Place","NaturalPlace"],"st":52,"en_mention":51,"ancestor":"","eIdx":4,"st_mention":44,"en":61,"ne_type":"LOCATION","keyword":"[에베레스트_산]","e_type":"WIKILINK"},{"kbox_types":["NULL"],"st":63,"en_mention":58,"ancestor":"","eIdx":5,"st_mention":53,"en":70,"ne_type":"ETC","keyword":"[롱북_빙하]","e_type":"WIKILINK"}],"wikiPageId":1002101,"pIdx":1,"plainText":"라그바 호수(Lhagba Pool)는 중화인민공화국 티베트에 위치했던 호수로, 에베레스트 산의 롱북 빙하에서 약 10km 떨어진 지점에 위치하였다.","mentionTagged":"[라그바 호수](Lhagba Pool)는 [중화인민공화국] [티베트]에 위치했던 [호수]로, [에베레스트 산]의 [롱북 빙하]에서 약 10km 떨어진 지점에 위치하였다."}