{"entityTagged":"<강철원>(姜哲元, [1958년] [1월_27일] ~ )은 [대한민국]의 전 [프로_야구] 선수로, [1982년]부터 [1986년]까지 [KBO_리그] 팀 [두산_베어스]와 [현대_유니콘스]에서 뛰었다. 포지션은 [투수]였고, 우투우타였으며 [언더핸드]로 공을 던졌다. [KBO 리그] 통산 기록은 39경기 출전 9승 4패 [평균자책점] 5.02, [삼진] 41개이다.","globalSId":[1607457,1607458,1607459],"entities":[{"kbox_types":["Athlete","Agent","Person","BaseballPlayer"],"st":0,"en_mention":3,"ancestor":"","eIdx":0,"st_mention":0,"en":5,"ne_type":"PERSON","keyword":"<강철원>","e_type":"ELU"},{"kbox_types":["Year","TimePeriod"],"st":11,"en_mention":14,"ancestor":"","eIdx":1,"st_mention":9,"en":18,"ne_type":"TIME","keyword":"[1958년]","e_type":"WIKILINK"},{"kbox_types":["NULL"],"st":19,"en_mention":21,"ancestor":"","eIdx":2,"st_mention":15,"en":27,"ne_type":"TIME","keyword":"[1월_27일]","e_type":"WIKILINK"},{"kbox_types":["Country","PopulatedPlace","PopulatedPlace","Place"],"st":33,"en_mention":31,"ancestor":"","eIdx":3,"st_mention":27,"en":39,"ne_type":"LOCATION","keyword":"[대한민국]","e_type":"WIKILINK"},{"kbox_types":["Activity","Sport"],"st":43,"en_mention":40,"ancestor":"","eIdx":4,"st_mention":35,"en":50,"ne_type":"ETC","keyword":"[프로_야구]","e_type":"WIKILINK"},{"kbox_types":["Year","TimePeriod"],"st":56,"en_mention":51,"ancestor":"-2","eIdx":5,"st_mention":46,"en":63,"ne_type":"TIME","keyword":"[1982년]","e_type":"NEW"},{"kbox_types":["Animal","Year","Species","TimePeriod","Eukaryote"],"st":66,"en_mention":59,"ancestor":"-2","eIdx":6,"st_mention":54,"en":73,"ne_type":"TIME","keyword":"[1986년]","e_type":"NEW"},{"kbox_types":["BaseballLeague","Agent","SportsLeague","Organisation"],"st":76,"en_mention":68,"ancestor":"","eIdx":7,"st_mention":62,"en":84,"ne_type":"ORGANIZATION","keyword":"[KBO_리그]","e_type":"WIKILINK"},{"kbox_types":["SoccerClub","Agent","Organisation","SportsTeam"],"st":87,"en_mention":77,"ancestor":"","eIdx":8,"st_mention":71,"en":95,"ne_type":"ORGANIZATION","keyword":"[두산_베어스]","e_type":"WIKILINK"},{"kbox_types":["SoccerClub","Agent","Organisation","SportsTeam"],"st":97,"en_mention":85,"ancestor":"","eIdx":9,"st_mention":79,"en":106,"ne_type":"ORGANIZATION","keyword":"[현대_유니콘스]","e_type":"WIKILINK"},{"kbox_types":["NULL"],"st":119,"en_mention":100,"ancestor":"","eIdx":10,"st_mention":98,"en":123,"ne_type":"ETC","keyword":"[투수]","e_type":"WIKILINK"},{"kbox_types":["NULL"],"st":135,"en_mention":116,"ancestor":"","eIdx":11,"st_mention":112,"en":141,"ne_type":"ETC","keyword":"[언더핸드]","e_type":"WIKILINK"},{"kbox_types":["BaseballLeague","Agent","SportsLeague","Organisation"],"st":151,"en_mention":132,"ancestor":"1-7","eIdx":12,"st_mention":126,"en":159,"ne_type":"ETC","keyword":"[KBO 리그]","e_type":"NEW"},{"kbox_types":["NULL"],"st":181,"en_mention":159,"ancestor":"","eIdx":13,"st_mention":154,"en":188,"ne_type":"ETC","keyword":"[평균자책점]","e_type":"WIKILINK"},{"kbox_types":["NULL"],"st":195,"en_mention":169,"ancestor":"","eIdx":14,"st_mention":166,"en":199,"ne_type":"ETC","keyword":"[삼진]","e_type":"WIKILINK"}],"wikiPageId":290904,"pIdx":1,"plainText":"강철원(姜哲元, 1958년 1월 27일 ~ )은 대한민국의 전 프로 야구 선수로, 1982년부터 1986년까지 KBO 리그 팀 OB 베어스와 청보 핀토스에서 뛰었다. 포지션은 투수였고, 우투우타였으며 언더핸드로 공을 던졌다. KBO 리그 통산 기록은 39경기 출전 9승 4패 평균자책점 5.02, 탈삼진 41개이다.","mentionTagged":"[강철원](姜哲元, [1958년] [1월 27일] ~ )은 [대한민국]의 전 [프로 야구] 선수로, [1982년]부터 [1986년]까지 [KBO 리그] 팀 [OB 베어스]와 [청보 핀토스]에서 뛰었다. 포지션은 [투수]였고, 우투우타였으며 [언더핸드]로 공을 던졌다. [KBO 리그] 통산 기록은 39경기 출전 9승 4패 [평균자책점] 5.02, [탈삼진] 41개이다."}