{"entityTagged":"<아바르족>(Avars)은 5~9세기에 [중앙_아시아] 및 [중앙_유럽], [동유럽]에서 활약했던 [유목_민족]이다. 중앙 <아시아>에서 이주하여 중앙 및 <동유럽>에 이르는 넓은 제국을 건설했으며, 주변 국가를 위협했으나 [비잔티움_제국]과의 전쟁에서 패해 쇠약해졌으며, 후에 [카롤루스_대제]의 [프랑크_왕국]에게 멸망하였다.","globalSId":[2798343,2798344],"entities":[{"kbox_types":["NULL"],"st":0,"en_mention":4,"ancestor":"","eIdx":0,"st_mention":0,"en":6,"ne_type":"ETC","keyword":"<아바르족>","e_type":"ELU"},{"kbox_types":["NULL"],"st":22,"en_mention":26,"ancestor":"","eIdx":1,"st_mention":20,"en":30,"ne_type":"ETC","keyword":"[중앙_아시아]","e_type":"WIKILINK"},{"kbox_types":["NULL"],"st":33,"en_mention":34,"ancestor":"","eIdx":2,"st_mention":29,"en":40,"ne_type":"ETC","keyword":"[중앙_유럽]","e_type":"WIKILINK"},{"kbox_types":["Place","Airport","Infrastructure","ArchitecturalStructure"],"st":42,"en_mention":39,"ancestor":"","eIdx":3,"st_mention":36,"en":47,"ne_type":"LOCATION","keyword":"[동유럽]","e_type":"WIKILINK"},{"kbox_types":["NULL"],"st":55,"en_mention":52,"ancestor":"","eIdx":4,"st_mention":47,"en":62,"ne_type":"ETC","keyword":"[유목_민족]","e_type":"WIKILINK"},{"kbox_types":["PopulatedPlace","Place","Settlement","PopulatedPlace","Continent"],"st":69,"en_mention":62,"ancestor":"","eIdx":5,"st_mention":59,"en":74,"ne_type":"LOCATION","keyword":"<아시아>","e_type":"ELU"},{"kbox_types":["Place","Airport","Infrastructure","ArchitecturalStructure"],"st":87,"en_mention":78,"ancestor":"","eIdx":6,"st_mention":75,"en":92,"ne_type":"LOCATION","keyword":"<동유럽>","e_type":"ELU"},{"kbox_types":["Country","PopulatedPlace","PopulatedPlace","Place"],"st":125,"en_mention":118,"ancestor":"","eIdx":7,"st_mention":111,"en":134,"ne_type":"LOCATION","keyword":"[비잔티움_제국]","e_type":"WIKILINK"},{"kbox_types":["Royalty","Monarch","BritishRoyalty","Agent","Person"],"st":156,"en_mention":147,"ancestor":"","eIdx":8,"st_mention":140,"en":165,"ne_type":"PERSON","keyword":"[카롤루스_대제]","e_type":"WIKILINK"},{"kbox_types":["Country","PopulatedPlace","Place","PopulatedPlace"],"st":167,"en_mention":155,"ancestor":"","eIdx":9,"st_mention":149,"en":175,"ne_type":"LOCATION","keyword":"[프랑크_왕국]","e_type":"WIKILINK"}],"wikiPageId":791680,"pIdx":1,"plainText":"아바르족(Avars)은 5~9세기에 중앙 아시아 및 중앙 유럽, 동유럽에서 활약했던 유목 민족이다. 중앙 아시아에서 이주하여 중앙 및 동유럽에 이르는 넓은 제국을 건설했으며, 주변 국가를 위협했으나 비잔티움 제국과의 전쟁에서 패해 쇠약해졌으며, 후에 카롤루스 대제의 프랑크 왕국에게 멸망하였다.","mentionTagged":"[아바르족](Avars)은 5~9세기에 [중앙 아시아] 및 [중앙 유럽], [동유럽]에서 활약했던 [유목 민족]이다. 중앙 [아시아]에서 이주하여 중앙 및 [동유럽]에 이르는 넓은 제국을 건설했으며, 주변 국가를 위협했으나 [비잔티움 제국]과의 전쟁에서 패해 쇠약해졌으며, 후에 [카롤루스 대제]의 [프랑크 왕국]에게 멸망하였다."}