{"entityTagged":"[AFC_아약스]가 리그 최다 우승팀으로 33회 우승을 하였고, [PSV_아인트호벤]이 21회, [페예노르트]가 14회 우승을 하였다. 1965-66시즌부터 현재까지 앞에서 언급한 세 팀을 제외하곤 [AZ]가 두 번 (1980-81, 2008-09), [FC_트벤터]가 한 번 (2009-10) 우승을 하였다. [대한민국] 선수로는 [허정무], [노정윤], [석현준], [박지성], [이영표], [이천수], [송종국], [김남일] 등이 에레디비시에서 뛰었다.","globalSId":[847371,847372,847373],"entities":[{"kbox_types":["SoccerClub","Agent","SportsTeam","Organisation"],"st":0,"en_mention":7,"ancestor":"","eIdx":0,"st_mention":0,"en":9,"ne_type":"ORGANIZATION","keyword":"[AFC_아약스]","e_type":"WIKILINK"},{"kbox_types":["SoccerClub","Agent","Organisation","SportsTeam"],"st":36,"en_mention":44,"ancestor":"","eIdx":1,"st_mention":35,"en":47,"ne_type":"ORGANIZATION","keyword":"[PSV_아인트호벤]","e_type":"WIKILINK"},{"kbox_types":["SoccerClub","Agent","SportsTeam","Organisation"],"st":54,"en_mention":56,"ancestor":"","eIdx":2,"st_mention":51,"en":61,"ne_type":"ORGANIZATION","keyword":"[페예노르트]","e_type":"WIKILINK"},{"kbox_types":["NULL"],"st":111,"en_mention":108,"ancestor":"","eIdx":3,"st_mention":106,"en":115,"ne_type":"ETC","keyword":"[AZ]","e_type":"WIKILINK"},{"kbox_types":["SoccerClub","Agent","SportsTeam","Organisation"],"st":141,"en_mention":140,"ancestor":"","eIdx":4,"st_mention":134,"en":149,"ne_type":"ORGANIZATION","keyword":"[FC_트벤터]","e_type":"WIKILINK"},{"kbox_types":["Country","PopulatedPlace","PopulatedPlace","Place"],"st":174,"en_mention":169,"ancestor":"","eIdx":5,"st_mention":165,"en":180,"ne_type":"LOCATION","keyword":"[대한민국]","e_type":"WIKILINK"},{"kbox_types":["SoccerPlayer","SportsManager","Agent","Person","SoccerManager","Athlete"],"st":186,"en_mention":178,"ancestor":"","eIdx":6,"st_mention":175,"en":191,"ne_type":"PERSON","keyword":"[허정무]","e_type":"WIKILINK"},{"kbox_types":["SoccerPlayer","Athlete","Agent","Person"],"st":193,"en_mention":183,"ancestor":"","eIdx":7,"st_mention":180,"en":198,"ne_type":"PERSON","keyword":"[노정윤]","e_type":"WIKILINK"},{"kbox_types":["SoccerPlayer","Athlete","Agent","Person"],"st":200,"en_mention":188,"ancestor":"","eIdx":8,"st_mention":185,"en":205,"ne_type":"PERSON","keyword":"[석현준]","e_type":"WIKILINK"},{"kbox_types":["SoccerPlayer","Athlete","Agent","Person"],"st":207,"en_mention":193,"ancestor":"","eIdx":9,"st_mention":190,"en":212,"ne_type":"PERSON","keyword":"[박지성]","e_type":"WIKILINK"},{"kbox_types":["SoccerPlayer","Athlete","Agent","Person"],"st":214,"en_mention":198,"ancestor":"","eIdx":10,"st_mention":195,"en":219,"ne_type":"PERSON","keyword":"[이영표]","e_type":"WIKILINK"},{"kbox_types":["SoccerPlayer","Athlete","Agent","Person"],"st":221,"en_mention":203,"ancestor":"","eIdx":11,"st_mention":200,"en":226,"ne_type":"PERSON","keyword":"[이천수]","e_type":"WIKILINK"},{"kbox_types":["SoccerPlayer","Athlete","Agent","Person"],"st":228,"en_mention":208,"ancestor":"","eIdx":12,"st_mention":205,"en":233,"ne_type":"PERSON","keyword":"[송종국]","e_type":"WIKILINK"},{"kbox_types":["SoccerPlayer","Athlete","Agent","Person"],"st":235,"en_mention":213,"ancestor":"","eIdx":13,"st_mention":210,"en":240,"ne_type":"PERSON","keyword":"[김남일]","e_type":"WIKILINK"}],"wikiPageId":115477,"pIdx":3,"plainText":"AFC 아약스가 리그 최다 우승 팀으로 33회 우승을 하였고, PSV 아인트호벤이 21회, 페예노르트가 14회 우승을 하였다. 1965-66시즌부터 현재까지 앞에서 언급한 세 팀을 제외하곤 AZ가 두 번 (1980-81, 2008-09), FC 트벤터가 한 번 (2009-10) 우승을 하였다. 대한민국 선수로는 허정무, 노정윤, 석현준, 박지성, 이영표, 이천수, 송종국, 김남일 등이 에레디비시에서 뛰었다.","pronouns":[{"st":151,"ancestor":"-2","proIdx":0,"en":153,"cwStateCd":"FIXED","cwSelIdx":[],"type":"PRONOUN","keyword":"한 번"}],"mentionTagged":"[AFC 아약스]가 리그 최다 우승 팀으로 33회 우승을 하였고, [PSV 아인트호벤]이 21회, [페예노르트]가 14회 우승을 하였다. 1965-66시즌부터 현재까지 앞에서 언급한 세 팀을 제외하곤 [AZ]가 두 번 (1980-81, 2008-09), [FC 트벤터]가 한 번 (2009-10) 우승을 하였다. [대한민국] 선수로는 [허정무], [노정윤], [석현준], [박지성], [이영표], [이천수], [송종국], [김남일] 등이 에레디비시에서 뛰었다."}