{"entityTagged":"<속초_설악동_소나무>(束草 雪嶽洞 ---)는 [대한민국]의 [강원도] [속초시] [대포동_(속초시)]에 있는 [소나무]이다. [대한민국의_천연기념물] 제351호로 지정되어 있다.","globalSId":[274355,274356],"entities":[{"kbox_types":["NULL"],"st":0,"en_mention":10,"ancestor":"","eIdx":0,"st_mention":0,"en":12,"ne_type":"ETC","keyword":"<속초_설악동_소나무>","e_type":"ELU"},{"kbox_types":["Country","PopulatedPlace","PopulatedPlace","Place"],"st":26,"en_mention":28,"ancestor":"","eIdx":1,"st_mention":24,"en":32,"ne_type":"LOCATION","keyword":"[대한민국]","e_type":"WIKILINK"},{"kbox_types":["Place","PopulatedPlace","Settlement"],"st":34,"en_mention":33,"ancestor":"","eIdx":2,"st_mention":30,"en":39,"ne_type":"LOCATION","keyword":"[강원도]","e_type":"WIKILINK"},{"kbox_types":["PopulatedPlace","Settlement","PopulatedPlace","City","Place"],"st":40,"en_mention":37,"ancestor":"","eIdx":3,"st_mention":34,"en":45,"ne_type":"LOCATION","keyword":"[속초시]","e_type":"WIKILINK"},{"kbox_types":["NULL"],"st":46,"en_mention":41,"ancestor":"","eIdx":4,"st_mention":38,"en":57,"ne_type":"ETC","keyword":"[대포동_(속초시)]","e_type":"WIKILINK"},{"kbox_types":["Species","TopicalConcept","Taxon","Eukaryote","Plant","Conifer"],"st":62,"en_mention":49,"ancestor":"","eIdx":5,"st_mention":46,"en":67,"ne_type":"ETC","keyword":"[소나무]","e_type":"WIKILINK"},{"kbox_types":["NULL"],"st":71,"en_mention":58,"ancestor":"","eIdx":6,"st_mention":53,"en":84,"ne_type":"ETC","keyword":"[대한민국의_천연기념물]","e_type":"WIKILINK"}],"wikiPageId":29146,"pIdx":1,"plainText":"속초 설악동 소나무(束草 雪嶽洞 ---)는 대한민국의 강원도 속초시 설악동에 있는 소나무이다. 천연기념물 제351호로 지정되어 있다.","pronouns":[],"mentionTagged":"[속초 설악동 소나무](束草 雪嶽洞 ---)는 [대한민국]의 [강원도] [속초시] [설악동]에 있는 [소나무]이다. [천연기념물] 제351호로 지정되어 있다."}