{"entityTagged":"<북방흰가슴고슴도치>(\"Erinaceus roumanicus\")는 [고슴도치과]에 속하는 [포유류]의 일종이다. 이 종은 서쪽으로 [폴란드]와 [오스트리아], 이전의 [유고슬라비아] 그리고 남쪽으로 [크레타_섬]과 [코르푸_섬], [로도스_섬]의 개체군을 포함하여 [그리스]와 [아드리아_해]에 분포한다. 동쪽으로 [러시아]와 [우크라이나] 그리고 더 멀리 <시베리아>의 [오비_강]에서도 발견된다.","globalSId":[3236792,3236793,3236794],"entities":[{"kbox_types":["Animal","Species","Eukaryote"],"st":0,"en_mention":9,"ancestor":"","eIdx":0,"st_mention":0,"en":11,"ne_type":"ETC","keyword":"<북방흰가슴고슴도치>","e_type":"ELU"},{"kbox_types":["Animal","Species","TopicalConcept","Taxon","Eukaryote","Mammal"],"st":37,"en_mention":40,"ancestor":"","eIdx":1,"st_mention":35,"en":44,"ne_type":"ETC","keyword":"[고슴도치과]","e_type":"WIKILINK"},{"kbox_types":["Animal","Species","TopicalConcept","Taxon","Eukaryote"],"st":50,"en_mention":49,"ancestor":"","eIdx":2,"st_mention":46,"en":55,"ne_type":"ETC","keyword":"[포유류]","e_type":"WIKILINK"},{"kbox_types":["Country","PopulatedPlace","PopulatedPlace","Place"],"st":73,"en_mention":70,"ancestor":"","eIdx":3,"st_mention":67,"en":78,"ne_type":"LOCATION","keyword":"[폴란드]","e_type":"WIKILINK"},{"kbox_types":["Country","PopulatedPlace","PopulatedPlace","Place"],"st":80,"en_mention":77,"ancestor":"","eIdx":4,"st_mention":72,"en":87,"ne_type":"LOCATION","keyword":"[오스트리아]","e_type":"WIKILINK"},{"kbox_types":["Place","PopulatedPlace","Settlement"],"st":93,"en_mention":89,"ancestor":"","eIdx":5,"st_mention":83,"en":101,"ne_type":"LOCATION","keyword":"[유고슬라비아]","e_type":"WIKILINK"},{"kbox_types":["NULL"],"st":111,"en_mention":104,"ancestor":"","eIdx":6,"st_mention":99,"en":118,"ne_type":"ETC","keyword":"[크레타_섬]","e_type":"WIKILINK"},{"kbox_types":["NULL"],"st":120,"en_mention":111,"ancestor":"","eIdx":7,"st_mention":106,"en":127,"ne_type":"ETC","keyword":"[코르푸_섬]","e_type":"WIKILINK"},{"kbox_types":["Region","PopulatedPlace","AdministrativeRegion","Island","Place","AdministrativeRegion"],"st":129,"en_mention":118,"ancestor":"","eIdx":8,"st_mention":113,"en":136,"ne_type":"LOCATION","keyword":"[로도스_섬]","e_type":"WIKILINK"},{"kbox_types":["Country","PopulatedPlace","Settlement","PopulatedPlace","Place"],"st":148,"en_mention":133,"ancestor":"","eIdx":9,"st_mention":130,"en":153,"ne_type":"LOCATION","keyword":"[그리스]","e_type":"WIKILINK"},{"kbox_types":["BodyOfWater","Place","Place","NaturalPlace"],"st":155,"en_mention":142,"ancestor":"","eIdx":10,"st_mention":135,"en":163,"ne_type":"LOCATION","keyword":"[아드리아_해]","e_type":"WIKILINK"},{"kbox_types":["Country","PopulatedPlace","PopulatedPlace","Place"],"st":176,"en_mention":158,"ancestor":"","eIdx":11,"st_mention":155,"en":181,"ne_type":"LOCATION","keyword":"[러시아]","e_type":"WIKILINK"},{"kbox_types":["Country","PopulatedPlace","PopulatedPlace","Place"],"st":183,"en_mention":165,"ancestor":"","eIdx":12,"st_mention":160,"en":190,"ne_type":"LOCATION","keyword":"[우크라이나]","e_type":"WIKILINK"},{"kbox_types":["NULL"],"st":200,"en_mention":179,"ancestor":"","eIdx":13,"st_mention":175,"en":206,"ne_type":"ETC","keyword":"<시베리아>","e_type":"ELU"},{"kbox_types":["River","Place","River","BodyOfWater","Stream","NaturalPlace"],"st":208,"en_mention":185,"ancestor":"","eIdx":14,"st_mention":181,"en":214,"ne_type":"LOCATION","keyword":"[오비_강]","e_type":"WIKILINK"}],"wikiPageId":1036701,"pIdx":1,"plainText":"북방흰가슴고슴도치(\"Erinaceus roumanicus\")는 고슴도치과에 속하는 포유류의 일종이다. 이 종은 서쪽으로 폴란드와 오스트리아, 이전의 유고슬라비아 그리고 남쪽으로 크레타 섬과 코르푸 섬, 로도스 섬의 개체군을 포함하여 그리스와 아드리아 제도에 분포한다. 동쪽으로 러시아와 우크라이나 그리고 더 멀리 시베리아의 오비 강에서도 발견된다.","pronouns":[{"st":63,"ancestor":"1-0","proIdx":0,"en":65,"cwStateCd":"FIXED","cwSelIdx":0,"type":"PRONOUN","keyword":"이 종"}],"mentionTagged":"[북방흰가슴고슴도치](\"Erinaceus roumanicus\")는 [고슴도치과]에 속하는 [포유류]의 일종이다. 이 종은 서쪽으로 [폴란드]와 [오스트리아], 이전의 [유고슬라비아] 그리고 남쪽으로 [크레타 섬]과 [코르푸 섬], [로도스 섬]의 개체군을 포함하여 [그리스]와 [아드리아 제도]에 분포한다. 동쪽으로 [러시아]와 [우크라이나] 그리고 더 멀리 [시베리아]의 [오비 강]에서도 발견된다."}