{"entityTagged":"생애. 그는 [펠리페_5세]와 그의 아내 [이사벨_디_파르네시오] 사이에서 삼남으로 태어났다. [파르마_공국]은 외가인 [파르네세_가문]의 통치를 받았으나, 대가 끊켜 [스페인] 왕실로 넘어가게 되었다. 그러나 [폴란드_왕위_계승_전쟁]으로 인하여, [오스트리아_대공국]에게 [파르마_공국]과 [토스카나_대공국]을 양도하고, [나폴리_왕국]과 [시칠리아_왕국]을 얻게 되었다. 그러나 [7년_전쟁]에서 [오스트리아]가 패하여, [엑스라샤펠_조약]으로 <스페인>은 [파르마]까지 얻게 되었고, 그의 형인 [카를로스_3세]는 이미 많은 작위를 가지고 있었으므로, [펠리페]가 [파르마의_군주]이 되는 것으로 결정되었으며, [파르마_공국]에서는 [부르봉파르마_가문]의 통치가 시작된다.","globalSId":[2364487,2364488,2364489,2364490,2364491],"entities":[{"kbox_types":["Royalty","BritishRoyalty","Agent","Person"],"st":7,"en_mention":12,"ancestor":"","eIdx":0,"st_mention":6,"en":15,"ne_type":"PERSON","keyword":"[펠리페_5세]","e_type":"WIKILINK"},{"kbox_types":["Royalty","BritishRoyalty","Agent","Person"],"st":23,"en_mention":23,"ancestor":"","eIdx":1,"st_mention":20,"en":36,"ne_type":"PERSON","keyword":"[이사벨_디_파르네시오]","e_type":"WIKILINK"},{"kbox_types":["Country","PopulatedPlace","Place","PopulatedPlace"],"st":53,"en_mention":46,"ancestor":"","eIdx":2,"st_mention":40,"en":61,"ne_type":"LOCATION","keyword":"[파르마_공국]","e_type":"WIKILINK"},{"kbox_types":["Family","Agent","NobleFamily"],"st":67,"en_mention":59,"ancestor":"","eIdx":3,"st_mention":52,"en":76,"ne_type":"ETC","keyword":"[파르네세_가문]","e_type":"WIKILINK"},{"kbox_types":["Country","PopulatedPlace","Settlement","PopulatedPlace","Place"],"st":94,"en_mention":80,"ancestor":"-2","eIdx":4,"st_mention":77,"en":99,"ne_type":"ORGANIZATION","keyword":"[스페인]","e_type":"NEW"},{"kbox_types":["MilitaryConflict","Event","SocietalEvent"],"st":118,"en_mention":111,"ancestor":"","eIdx":5,"st_mention":99,"en":132,"ne_type":"ETC","keyword":"[폴란드_왕위_계승_전쟁]","e_type":"WIKILINK"},{"kbox_types":["Country","PopulatedPlace","Place","PopulatedPlace"],"st":140,"en_mention":128,"ancestor":"","eIdx":6,"st_mention":119,"en":151,"ne_type":"LOCATION","keyword":"[오스트리아_대공국]","e_type":"WIKILINK"},{"kbox_types":["Country","PopulatedPlace","Place","PopulatedPlace"],"st":154,"en_mention":137,"ancestor":"","eIdx":7,"st_mention":131,"en":162,"ne_type":"LOCATION","keyword":"[파르마_공국]","e_type":"WIKILINK"},{"kbox_types":["Country","PopulatedPlace","Place","PopulatedPlace"],"st":164,"en_mention":147,"ancestor":"","eIdx":8,"st_mention":139,"en":174,"ne_type":"LOCATION","keyword":"[토스카나_대공국]","e_type":"WIKILINK"},{"kbox_types":["Region","Country","PopulatedPlace","AdministrativeRegion","Place","AdministrativeRegion"],"st":182,"en_mention":161,"ancestor":"","eIdx":9,"st_mention":155,"en":190,"ne_type":"LOCATION","keyword":"[나폴리_왕국]","e_type":"WIKILINK"},{"kbox_types":["Region","Country","PopulatedPlace","AdministrativeRegion","Place","AdministrativeRegion"],"st":192,"en_mention":170,"ancestor":"","eIdx":10,"st_mention":163,"en":201,"ne_type":"LOCATION","keyword":"[시칠리아_왕국]","e_type":"WIKILINK"},{"kbox_types":["MilitaryConflict","Event","SocietalEvent"],"st":215,"en_mention":189,"ancestor":"","eIdx":11,"st_mention":184,"en":222,"ne_type":"ETC","keyword":"[7년_전쟁]","e_type":"WIKILINK"},{"kbox_types":["Country","PopulatedPlace","PopulatedPlace","Place"],"st":225,"en_mention":197,"ancestor":"","eIdx":12,"st_mention":192,"en":232,"ne_type":"LOCATION","keyword":"[오스트리아]","e_type":"WIKILINK"},{"kbox_types":["NULL"],"st":239,"en_mention":212,"ancestor":"","eIdx":13,"st_mention":204,"en":249,"ne_type":"ETC","keyword":"[엑스라샤펠_조약]","e_type":"WIKILINK"},{"kbox_types":["Country","PopulatedPlace","Settlement","PopulatedPlace","Place"],"st":252,"en_mention":218,"ancestor":"","eIdx":14,"st_mention":215,"en":257,"ne_type":"LOCATION","keyword":"<스페인>","e_type":"ELU"},{"kbox_types":["PopulatedPlace","Settlement","PopulatedPlace","City","Place"],"st":259,"en_mention":223,"ancestor":"","eIdx":15,"st_mention":220,"en":264,"ne_type":"LOCATION","keyword":"[파르마]","e_type":"WIKILINK"},{"kbox_types":["NULL"],"st":281,"en_mention":244,"ancestor":"","eIdx":16,"st_mention":240,"en":290,"ne_type":"ETC","keyword":"[카를로스_3세]","e_type":"WIKILINK"},{"kbox_types":["NULL"],"st":313,"en_mention":270,"ancestor":"-2","eIdx":17,"st_mention":267,"en":318,"ne_type":"PERSON","keyword":"[펠리페]","e_type":"NEW"},{"kbox_types":["NULL"],"st":320,"en_mention":278,"ancestor":"","eIdx":18,"st_mention":272,"en":329,"ne_type":"ETC","keyword":"[파르마의_군주]","e_type":"WIKILINK"},{"kbox_types":["Country","PopulatedPlace","Place","PopulatedPlace"],"st":346,"en_mention":301,"ancestor":"","eIdx":19,"st_mention":295,"en":354,"ne_type":"LOCATION","keyword":"[파르마_공국]","e_type":"WIKILINK"},{"kbox_types":["NULL"],"st":358,"en_mention":314,"ancestor":"","eIdx":20,"st_mention":305,"en":369,"ne_type":"ETC","keyword":"[부르봉파르마_가문]","e_type":"WIKILINK"}],"wikiPageId":585033,"pIdx":2,"plainText":"생애 그는 펠리페 5세와 그의 아내 이사벨 사이에서 삼남으로 태어났다. 파르마 공국은 외가인 파르네세 가문의 통치를 받았으나, 대가 끊켜 스페인 왕실로 넘어가게 되었다. 그러나 폴란드 왕위 계승 전쟁으로 인하여, 오스트리아 대공국에게 파르마 공국과 토스카나 대공국을 양도하고, 나폴리 왕국과 시칠리아 왕국을 얻게 되었다. 그러나 7년 전쟁에서 오스트리아가 패하여, 엑스라샤펠 조약으로 스페인은 파르마까지 얻게 되었고, 그의 형인 카를로스는 이미 많은 작위를 가지고 있었으므로, 펠리페가 파르마 공작이 되는 것으로 결정되었으며, 파르마 공국에서는 부르봉파르마 가문의 통치가 시작된다.","pronouns":[{"st":4,"ancestor":"-2","proIdx":0,"en":5,"cwStateCd":"FIXED","cwSelIdx":[],"type":"PRONOUN","keyword":"그는"},{"st":17,"ancestor":"2-0","proIdx":1,"en":18,"cwStateCd":"FIXED","cwSelIdx":2,"type":"PRONOUN","keyword":"그의"},{"st":17,"ancestor":"-2","proIdx":2,"en":21,"cwStateCd":"FIXED","cwSelIdx":[],"type":"PRONOUN","keyword":"그의 아내"},{"st":17,"ancestor":"-2","proIdx":3,"en":35,"cwStateCd":"FIXED","cwSelIdx":[],"type":"PRONOUN","keyword":"그의 아내 [이사벨_디_파르네시오]"},{"st":17,"ancestor":"-2","proIdx":4,"en":40,"cwStateCd":"FIXED","cwSelIdx":[],"type":"PRONOUN","keyword":"그의 아내 [이사벨_디_파르네시오] 사이에서"},{"st":275,"ancestor":"-2","proIdx":5,"en":276,"cwStateCd":"FIXED","cwSelIdx":[],"type":"PRONOUN","keyword":"그의"},{"st":275,"ancestor":"-2","proIdx":6,"en":279,"cwStateCd":"FIXED","cwSelIdx":[],"type":"PRONOUN","keyword":"그의 형인"},{"st":275,"ancestor":"-2","proIdx":7,"en":290,"cwStateCd":"FIXED","cwSelIdx":[],"type":"PRONOUN","keyword":"그의 형인 [카를로스_3세]는"}],"mentionTagged":"생애 그는 [펠리페 5세]와 그의 아내 [이사벨] 사이에서 삼남으로 태어났다. [파르마 공국]은 외가인 [파르네세 가문]의 통치를 받았으나, 대가 끊켜 [스페인] 왕실로 넘어가게 되었다. 그러나 [폴란드 왕위 계승 전쟁]으로 인하여, [오스트리아 대공국]에게 [파르마 공국]과 [토스카나 대공국]을 양도하고, [나폴리 왕국]과 [시칠리아 왕국]을 얻게 되었다. 그러나 [7년 전쟁]에서 [오스트리아]가 패하여, [엑스라샤펠 조약]으로 [스페인]은 [파르마]까지 얻게 되었고, 그의 형인 [카를로스]는 이미 많은 작위를 가지고 있었으므로, [펠리페]가 [파르마 공작]이 되는 것으로 결정되었으며, [파르마 공국]에서는 [부르봉파르마 가문]의 통치가 시작된다."}