{"entityTagged":"<키마과>(Cimidae)는 바다 [달팽이] 과의 하나이다. 비공식군 [하이새류]에 속하는 해양 [복족류] [연체동물]이다.","globalSId":[2723404,2723405],"entities":[{"kbox_types":["Animal","Species","TopicalConcept","Taxon","Eukaryote","Mollusca"],"st":0,"en_mention":3,"ancestor":"","eIdx":0,"st_mention":0,"en":5,"ne_type":"ETC","keyword":"<키마과>","e_type":"ELU"},{"kbox_types":["Animal","Species","Eukaryote","Mollusca"],"st":19,"en_mention":20,"ancestor":"","eIdx":1,"st_mention":17,"en":24,"ne_type":"ETC","keyword":"[달팽이]","e_type":"WIKILINK"},{"kbox_types":["Animal","Species","TopicalConcept","Taxon","Eukaryote","Mollusca"],"st":39,"en_mention":39,"ancestor":"","eIdx":2,"st_mention":35,"en":45,"ne_type":"ETC","keyword":"[하이새류]","e_type":"WIKILINK"},{"kbox_types":["Animal","Species","TopicalConcept","Taxon","Eukaryote"],"st":54,"en_mention":51,"ancestor":"","eIdx":3,"st_mention":48,"en":59,"ne_type":"ETC","keyword":"[복족류]","e_type":"WIKILINK"},{"kbox_types":["Animal","Species","TopicalConcept","Taxon","Eukaryote"],"st":60,"en_mention":56,"ancestor":"","eIdx":4,"st_mention":52,"en":66,"ne_type":"ETC","keyword":"[연체동물]","e_type":"WIKILINK"}],"wikiPageId":751567,"pIdx":1,"plainText":"키마과(Cimidae)는 바다 달팽이 과의 하나이다. 비공식군 하이새류에 속하는 해양 복족류 연체동물이다.","pronouns":[],"mentionTagged":"[키마과](Cimidae)는 바다 [달팽이] 과의 하나이다. 비공식군 [하이새류]에 속하는 해양 [복족류] [연체동물]이다."}