{"entityTagged":"<리카오니아>([그리스어]: Λυκαονία, Lycaonia)는 고대 [아나톨리아](Anatolia = <아나톨리아> = Asia Minor) 내부의 [타우로스_산맥](Taurus Mountains) 북부 지역이다. 동쪽으로는 [카파도키아](Cappadocia), 북쪽으로는 [갈라티아](Galatia), 서쪽으로는 [프리기아](Phrygia)와 [피시디아](Pisidia)와 경계한다. 남쪽으로는 [라카오니아] 남부에 위치한 [타우로스_산맥]이 [킬리키아](Cilicia)와 경계하였다. 한편, [킬리키아]는 [비잔티움_제국]([AD 330-1453]) 시기에는 [이사우리아](Isauria)라 불렸다. 그러나 [라카오니아]의 경계가 항상 이와 같지는 않았고 시대에 따라 크게 달랐다. [라카오니아]라는 이름은 [헤로도토스](Herodotus: [BC c.\u2009484-c.\u2009425])의 《[역사_(헤로도토스)]》에는 언급되지 않았지만, [크세노폰](Xenophon: [BC c.430-354])의 기록에서는 <페르시아어>의 [키루스_2세](Cyrus the Younger: [BC ?-401])가 [라카오니아]를 지나갔다고 말하고 있다.","globalSId":[1255746,1255747,1255748,1255749,1255750,1255751],"entities":[{"kbox_types":["NULL"],"st":0,"en_mention":5,"ancestor":"","eIdx":0,"st_mention":0,"en":7,"ne_type":"ETC","keyword":"<리카오니아>","e_type":"ELU"},{"kbox_types":["Language"],"st":8,"en_mention":10,"ancestor":"","eIdx":1,"st_mention":6,"en":14,"ne_type":"ETC","keyword":"[그리스어]","e_type":"WIKILINK"},{"kbox_types":["NULL"],"st":40,"en_mention":41,"ancestor":"","eIdx":2,"st_mention":36,"en":47,"ne_type":"ETC","keyword":"[아나톨리아]","e_type":"WIKILINK"},{"kbox_types":["NULL"],"st":59,"en_mention":57,"ancestor":"","eIdx":3,"st_mention":53,"en":66,"ne_type":"ETC","keyword":"<아나톨리아>","e_type":"ELU"},{"kbox_types":["NULL"],"st":85,"en_mention":83,"ancestor":"","eIdx":4,"st_mention":76,"en":94,"ne_type":"ETC","keyword":"[타우로스_산맥]","e_type":"WIKILINK"},{"kbox_types":["Place","WorldHeritageSite","WorldHeritageSite"],"st":128,"en_mention":122,"ancestor":"","eIdx":5,"st_mention":117,"en":135,"ne_type":"LOCATION","keyword":"[카파도키아]","e_type":"WIKILINK"},{"kbox_types":["NULL"],"st":155,"en_mention":146,"ancestor":"","eIdx":6,"st_mention":142,"en":161,"ne_type":"ETC","keyword":"[갈라티아]","e_type":"WIKILINK"},{"kbox_types":["NULL"],"st":178,"en_mention":167,"ancestor":"","eIdx":7,"st_mention":163,"en":184,"ne_type":"ETC","keyword":"[프리기아]","e_type":"WIKILINK"},{"kbox_types":["NULL"],"st":195,"en_mention":182,"ancestor":"","eIdx":8,"st_mention":178,"en":201,"ne_type":"ETC","keyword":"[피시디아]","e_type":"WIKILINK"},{"kbox_types":["NULL"],"st":224,"en_mention":210,"ancestor":"-2","eIdx":9,"st_mention":205,"en":231,"ne_type":"LOCATION","keyword":"[라카오니아]","e_type":"NEW"},{"kbox_types":["NULL"],"st":240,"en_mention":226,"ancestor":"","eIdx":10,"st_mention":219,"en":249,"ne_type":"ETC","keyword":"[타우로스_산맥]","e_type":"WIKILINK"},{"kbox_types":["NULL"],"st":251,"en_mention":232,"ancestor":"","eIdx":11,"st_mention":228,"en":257,"ne_type":"ETC","keyword":"[킬리키아]","e_type":"WIKILINK"},{"kbox_types":["NULL"],"st":279,"en_mention":258,"ancestor":"","eIdx":12,"st_mention":254,"en":285,"ne_type":"ETC","keyword":"[킬리키아]","e_type":"WIKILINK"},{"kbox_types":["Country","PopulatedPlace","PopulatedPlace","Place"],"st":287,"en_mention":267,"ancestor":"","eIdx":13,"st_mention":260,"en":296,"ne_type":"LOCATION","keyword":"[비잔티움_제국]","e_type":"WIKILINK"},{"kbox_types":["NULL"],"st":297,"en_mention":279,"ancestor":"-2","eIdx":14,"st_mention":268,"en":310,"ne_type":"TIME","keyword":"[AD 330-1453]","e_type":"NEW"},{"kbox_types":["NULL"],"st":317,"en_mention":291,"ancestor":"","eIdx":15,"st_mention":286,"en":324,"ne_type":"ETC","keyword":"[이사우리아]","e_type":"WIKILINK"},{"kbox_types":["NULL"],"st":344,"en_mention":316,"ancestor":"1-9","eIdx":16,"st_mention":311,"en":351,"ne_type":"LOCATION","keyword":"[라카오니아]","e_type":"NEW"},{"kbox_types":["NULL"],"st":386,"en_mention":356,"ancestor":"1-16","eIdx":17,"st_mention":351,"en":393,"ne_type":"LOCATION","keyword":"[라카오니아]","e_type":"NEW"},{"kbox_types":["Agent","Person"],"st":400,"en_mention":368,"ancestor":"","eIdx":18,"st_mention":363,"en":407,"ne_type":"PERSON","keyword":"[헤로도토스]","e_type":"WIKILINK"},{"kbox_types":["NULL"],"st":419,"en_mention":396,"ancestor":"-2","eIdx":19,"st_mention":380,"en":437,"ne_type":"TIME","keyword":"[BC c.\u2009484-c.\u2009425]","e_type":"NEW"},{"kbox_types":["WrittenWork","Book","Work"],"st":441,"en_mention":402,"ancestor":"","eIdx":20,"st_mention":400,"en":453,"ne_type":"ETC","keyword":"[역사_(헤로도토스)]","e_type":"WIKILINK"},{"kbox_types":["Writer","Agent","Person","Artist"],"st":468,"en_mention":421,"ancestor":"","eIdx":21,"st_mention":417,"en":474,"ne_type":"PERSON","keyword":"[크세노폰]","e_type":"WIKILINK"},{"kbox_types":["NULL"],"st":485,"en_mention":444,"ancestor":"-2","eIdx":22,"st_mention":432,"en":499,"ne_type":"TIME","keyword":"[BC c.430-354]","e_type":"NEW"},{"kbox_types":["Language"],"st":508,"en_mention":457,"ancestor":"","eIdx":23,"st_mention":453,"en":515,"ne_type":"ETC","keyword":"<페르시아어>","e_type":"ELU"},{"kbox_types":["Monarch","Agent","Person"],"st":517,"en_mention":465,"ancestor":"","eIdx":24,"st_mention":459,"en":525,"ne_type":"PERSON","keyword":"[키루스_2세]","e_type":"WIKILINK"},{"kbox_types":["NULL"],"st":545,"en_mention":493,"ancestor":"-2","eIdx":25,"st_mention":485,"en":555,"ne_type":"TIME","keyword":"[BC ?-401]","e_type":"NEW"},{"kbox_types":["NULL"],"st":558,"en_mention":501,"ancestor":"1-17","eIdx":26,"st_mention":496,"en":565,"ne_type":"LOCATION","keyword":"[라카오니아]","e_type":"NEW"}],"wikiPageId":204088,"pIdx":1,"plainText":"리카오니아(그리스어: Λυκαονία, Lycaonia)는 고대 아나톨리아(Anatolia = 소아시아 = Asia Minor) 내부의 타우로스 산맥(Taurus Mountains) 북부 지역이다. 동쪽으로는 카파도키아(Cappadocia), 북쪽으로는 갈라티아(Galatia), 서쪽으로는 프리기아(Phrygia)와 피시디아(Pisidia)와 경계한다. 남쪽으로는 라카오니아 남부에 위치한 타우로스 산맥이 킬리키아(Cilicia)와 경계하였다. 한편, 킬리키아는 비잔티움 제국(AD 330-1453) 시기에는 이사우리아(Isauria)라 불렸다. 그러나 라카오니아의 경계가 항상 이와 같지는 않았고 시대에 따라 크게 달랐다. 라카오니아라는 이름은 헤로도토스(Herodotus: BC c.\u2009484-c.\u2009425)의 《역사》에는 언급되지 않았지만, 크세노폰(Xenophon: BC c.430-354)의 기록에서는 페르시아의 키루스 2세(Cyrus the Younger: BC ?-401)가 라카오니아를 지나갔다고 말하고 있다.","pronouns":[{"st":360,"ancestor":"-2","proIdx":0,"en":360,"cwStateCd":"FIXED","cwSelIdx":[],"type":"PRONOUN","keyword":"이"}],"mentionTagged":"[리카오니아]([그리스어]: Λυκαονία, Lycaonia)는 고대 [아나톨리아](Anatolia = [소아시아] = Asia Minor) 내부의 [타우로스 산맥](Taurus Mountains) 북부 지역이다. 동쪽으로는 [카파도키아](Cappadocia), 북쪽으로는 [갈라티아](Galatia), 서쪽으로는 [프리기아](Phrygia)와 [피시디아](Pisidia)와 경계한다. 남쪽으로는 [라카오니아] 남부에 위치한 [타우로스 산맥]이 [킬리키아](Cilicia)와 경계하였다. 한편, [킬리키아]는 [비잔티움 제국]([AD 330-1453]) 시기에는 [이사우리아](Isauria)라 불렸다. 그러나 [라카오니아]의 경계가 항상 이와 같지는 않았고 시대에 따라 크게 달랐다. [라카오니아]라는 이름은 [헤로도토스](Herodotus: [BC c.\u2009484-c.\u2009425])의 《[역사]》에는 언급되지 않았지만, [크세노폰](Xenophon: [BC c.430-354])의 기록에서는 [페르시아]의 [키루스 2세](Cyrus the Younger: [BC ?-401])가 [라카오니아]를 지나갔다고 말하고 있다."}