{"entityTagged":"줄거리. 도예가 아버지의 사정으로 [일본]의 [고등학교]로 전학을 가게 된 [민]은, 전학 전날 [교토_시]내를 돌아보던 중, [하카마]를 입은 소녀를 보게 되고, 그 소녀에게 첫눈에 반한다.","globalSId":[2275422,2275423],"entities":[{"kbox_types":["Country","PopulatedPlace","PopulatedPlace","Place"],"st":19,"en_mention":20,"ancestor":"","eIdx":0,"st_mention":18,"en":23,"ne_type":"LOCATION","keyword":"[일본]","e_type":"WIKILINK"},{"kbox_types":["Agent","Organisation","EducationalInstitution","University"],"st":25,"en_mention":26,"ancestor":"","eIdx":1,"st_mention":22,"en":31,"ne_type":"ORGANIZATION","keyword":"[고등학교]","e_type":"WIKILINK"},{"kbox_types":["NULL"],"st":42,"en_mention":38,"ancestor":"2-0","eIdx":2,"st_mention":37,"en":45,"ne_type":"PERSON","keyword":"[민]","e_type":"NEW"},{"kbox_types":["PopulatedPlace","Place","Settlement","PopulatedPlace","City"],"st":54,"en_mention":51,"ancestor":"","eIdx":3,"st_mention":47,"en":60,"ne_type":"LOCATION","keyword":"[교토_시]","e_type":"WIKILINK"},{"kbox_types":["NULL"],"st":71,"en_mention":65,"ancestor":"","eIdx":4,"st_mention":62,"en":76,"ne_type":"ETC","keyword":"[하카마]","e_type":"WIKILINK"}],"wikiPageId":544174,"pIdx":3,"plainText":"줄거리 도예가 아버지의 사정으로 일본의 고등학교로 전학을 가게 된 민은, 전학 전날 교토 시내를 돌아보던 중, 하카마를 입은 소녀를 보게 되고, 그 소녀에게 첫눈에 반한다.","mentionTagged":"줄거리 도예가 아버지의 사정으로 [일본]의 [고등학교]로 전학을 가게 된 [민]은, 전학 전날 [교토 시]내를 돌아보던 중, [하카마]를 입은 소녀를 보게 되고, 그 소녀에게 첫눈에 반한다."}