{"entityTagged":"[헤자즈 왕국]()은 [하심가]가 통치했던 나라이다. 이 나라는 [메카의_샤리프]가 아랍인들을 부추겨 [오스만_제국]에게 [아랍_반란], 통일된 <아랍_세계>를 세우게 해주겠다는 조건으로 [영국]과 [후세인-맥마흔_서한]하여 [제1차_세계_대전] 후 <오스만_제국>에서 독립했다. [1916년], [메카의 샤리프]는 자신의 [샤리프_군대]와 <아랍인>, 그리고 대영 제국과 힘을 합쳐 <아라비아_반도>에서 <오스만_제국>을 몰아내고, 자기 자신을 <헤자즈>의 왕으로 선포했다.","globalSId":[3231107,3231108,3231109],"entities":[{"kbox_types":["Country","PopulatedPlace","Place","PopulatedPlace"],"st":0,"en_mention":6,"ancestor":"","eIdx":0,"st_mention":0,"en":8,"ne_type":"ORGANIZATION","keyword":"[헤자즈 왕국]","e_type":"NEW"},{"kbox_types":["NULL"],"st":12,"en_mention":13,"ancestor":"","eIdx":1,"st_mention":10,"en":17,"ne_type":"ETC","keyword":"[하심가]","e_type":"WIKILINK"},{"kbox_types":["NULL"],"st":36,"en_mention":39,"ancestor":"","eIdx":2,"st_mention":32,"en":45,"ne_type":"ETC","keyword":"[메카의_샤리프]","e_type":"WIKILINK"},{"kbox_types":["Country","Agent","PopulatedPlace","EducationalInstitution","University","Place","Organisation","University"],"st":57,"en_mention":57,"ancestor":"","eIdx":3,"st_mention":51,"en":65,"ne_type":"ORGANIZATION","keyword":"[오스만_제국]","e_type":"WIKILINK"},{"kbox_types":["MilitaryConflict","Event","SocietalEvent"],"st":68,"en_mention":71,"ancestor":"","eIdx":4,"st_mention":60,"en":75,"ne_type":"ETC","keyword":"[아랍_반란]","e_type":"WIKILINK"},{"kbox_types":["NULL"],"st":81,"en_mention":82,"ancestor":"","eIdx":5,"st_mention":77,"en":88,"ne_type":"ETC","keyword":"<아랍_세계>","e_type":"ELU"},{"kbox_types":["Country","PopulatedPlace","PopulatedPlace","Place"],"st":105,"en_mention":101,"ancestor":"","eIdx":6,"st_mention":99,"en":109,"ne_type":"ORGANIZATION","keyword":"[영국]","e_type":"NEW"},{"kbox_types":["NULL"],"st":111,"en_mention":105,"ancestor":"","eIdx":7,"st_mention":103,"en":123,"ne_type":"ETC","keyword":"[후세인-맥마흔_서한]","e_type":"WIKILINK"},{"kbox_types":["MilitaryConflict","Event","SocietalEvent"],"st":126,"en_mention":117,"ancestor":"","eIdx":8,"st_mention":108,"en":137,"ne_type":"ETC","keyword":"[제1차_세계_대전]","e_type":"WIKILINK"},{"kbox_types":["Country","Agent","PopulatedPlace","EducationalInstitution","University","Place","Organisation","University"],"st":140,"en_mention":126,"ancestor":"","eIdx":9,"st_mention":120,"en":148,"ne_type":"ORGANIZATION","keyword":"<오스만_제국>","e_type":"ELU"},{"kbox_types":["Year","TimePeriod"],"st":157,"en_mention":140,"ancestor":"","eIdx":10,"st_mention":135,"en":164,"ne_type":"TIME","keyword":"[1916년]","e_type":"NEW"},{"kbox_types":["NULL"],"st":166,"en_mention":149,"ancestor":"","eIdx":11,"st_mention":142,"en":175,"ne_type":"PERSON","keyword":"[메카의 샤리프]","e_type":"NEW"},{"kbox_types":["NULL"],"st":181,"en_mention":161,"ancestor":"","eIdx":12,"st_mention":155,"en":189,"ne_type":"ETC","keyword":"[샤리프_군대]","e_type":"WIKILINK"},{"kbox_types":["EthnicGroup"],"st":191,"en_mention":166,"ancestor":"","eIdx":13,"st_mention":163,"en":196,"ne_type":"ETC","keyword":"<아랍인>","e_type":"ELU"},{"kbox_types":["NULL"],"st":215,"en_mention":192,"ancestor":"","eIdx":14,"st_mention":185,"en":224,"ne_type":"ETC","keyword":"<아라비아_반도>","e_type":"ELU"},{"kbox_types":["Country","Agent","PopulatedPlace","EducationalInstitution","University","Place","Organisation","University"],"st":227,"en_mention":201,"ancestor":"","eIdx":15,"st_mention":195,"en":235,"ne_type":"ORGANIZATION","keyword":"<오스만_제국>","e_type":"ELU"},{"kbox_types":["NULL"],"st":250,"en_mention":219,"ancestor":"","eIdx":16,"st_mention":216,"en":255,"ne_type":"ETC","keyword":"<헤자즈>","e_type":"ELU"}],"wikiPageId":1033560,"pIdx":1,"plainText":"헤자즈 왕국()은 하심가가 통치했던 나라이다. 이 나라는 메카의 샤리프가 아랍인들을 부추겨 오스만 제국에게 반란을 일으키는 대신, 통일된 아랍 국가를 세우게 해주겠다는 조건으로 영국과 거래하여 제1차 세계 대전 후 오스만 제국에서 독립했다. 1916년, 메카의 샤리프는 자신의 샤리프 군대와 아랍인, 그리고 대영 제국과 힘을 합쳐 아라비아 반도에서 오스만 제국을 몰아내고, 자기 자신을 헤자즈의 왕으로 선포했다.","mentionTagged":"[헤자즈 왕국]()은 [하심가]가 통치했던 나라이다. 이 나라는 [메카의 샤리프]가 아랍인들을 부추겨 [오스만 제국]에게 [반란을 일으키는 대신], 통일된 [아랍 국가]를 세우게 해주겠다는 조건으로 [영국]과 [거래]하여 [제1차 세계 대전] 후 [오스만 제국]에서 독립했다. [1916년], [메카의 샤리프]는 자신의 [샤리프 군대]와 [아랍인], 그리고 대영 제국과 힘을 합쳐 [아라비아 반도]에서 [오스만 제국]을 몰아내고, 자기 자신을 [헤자즈]의 왕으로 선포했다."}