{"entityTagged":"생애. [조선민주주의인민공화국] 출신으로 [김정일] 국방위원장의 전처 [성혜림]의 언니 [성혜랑]의 아들이다. 이모 [성혜림] 및 어머니 [성혜랑]과 함께 [조선민주주의인민공화국]을 탈출, [소련]의 [모스크바]로 갔다가 홀로 [1982년 10월], 비행기편으로 귀순의사를 밝히고 [대한민국]에 망명하였다. <이한영>의 망명 이후 [조선민주주의인민공화국] 당국에서는 <이한영>에게 여러 차례 암살 위협을 가하였고 [이한영]은 거처를 옮겨다녔다.","globalSId":[2212484,2212485,2212486,2212487],"entities":[{"kbox_types":["Country","PopulatedPlace","PopulatedPlace","Place"],"st":4,"en_mention":14,"ancestor":"-2","eIdx":0,"st_mention":3,"en":17,"ne_type":"LOCATION","keyword":"[조선민주주의인민공화국]","e_type":"NEW"},{"kbox_types":["Politician","Actor","Agent","Person","OfficeHolder","Artist","President"],"st":23,"en_mention":23,"ancestor":"","eIdx":1,"st_mention":20,"en":28,"ne_type":"PERSON","keyword":"[김정일]","e_type":"WIKILINK"},{"kbox_types":["Agent","Person"],"st":39,"en_mention":37,"ancestor":"","eIdx":2,"st_mention":34,"en":44,"ne_type":"PERSON","keyword":"[성혜림]","e_type":"WIKILINK"},{"kbox_types":["Agent","Person"],"st":49,"en_mention":45,"ancestor":"","eIdx":3,"st_mention":42,"en":54,"ne_type":"PERSON","keyword":"[성혜랑]","e_type":"WIKILINK"},{"kbox_types":["Agent","Person"],"st":65,"en_mention":59,"ancestor":"","eIdx":4,"st_mention":56,"en":70,"ne_type":"PERSON","keyword":"[성혜림]","e_type":"WIKILINK"},{"kbox_types":["Agent","Person"],"st":77,"en_mention":69,"ancestor":"","eIdx":5,"st_mention":66,"en":82,"ne_type":"PERSON","keyword":"[성혜랑]","e_type":"WIKILINK"},{"kbox_types":["Country","PopulatedPlace","PopulatedPlace","Place"],"st":87,"en_mention":85,"ancestor":"","eIdx":6,"st_mention":74,"en":100,"ne_type":"LOCATION","keyword":"[조선민주주의인민공화국]","e_type":"WIKILINK"},{"kbox_types":["Country","PopulatedPlace","PopulatedPlace","Place"],"st":106,"en_mention":93,"ancestor":"-2","eIdx":7,"st_mention":91,"en":110,"ne_type":"LOCATION","keyword":"[소련]","e_type":"NEW"},{"kbox_types":["Region","PopulatedPlace","AdministrativeRegion","Place","Settlement","City","AdministrativeRegion"],"st":112,"en_mention":99,"ancestor":"","eIdx":8,"st_mention":95,"en":118,"ne_type":"LOCATION","keyword":"[모스크바]","e_type":"WIKILINK"},{"kbox_types":["NULL"],"st":127,"en_mention":117,"ancestor":"-2","eIdx":9,"st_mention":108,"en":138,"ne_type":"TIME","keyword":"[1982년 10월]","e_type":"NEW"},{"kbox_types":["Country","PopulatedPlace","PopulatedPlace","Place"],"st":157,"en_mention":140,"ancestor":"","eIdx":10,"st_mention":136,"en":163,"ne_type":"LOCATION","keyword":"[대한민국]","e_type":"WIKILINK"},{"kbox_types":["Agent","Person"],"st":172,"en_mention":152,"ancestor":"","eIdx":11,"st_mention":149,"en":177,"ne_type":"PERSON","keyword":"<이한영>","e_type":"ELU"},{"kbox_types":["Country","PopulatedPlace","PopulatedPlace","Place"],"st":185,"en_mention":171,"ancestor":"2-6","eIdx":12,"st_mention":160,"en":198,"ne_type":"ORGANIZATION","keyword":"[조선민주주의인민공화국]","e_type":"NEW"},{"kbox_types":["Agent","Person"],"st":205,"en_mention":181,"ancestor":"","eIdx":13,"st_mention":178,"en":210,"ne_type":"PERSON","keyword":"<이한영>","e_type":"ELU"},{"kbox_types":["Agent","Person"],"st":231,"en_mention":205,"ancestor":"2-13","eIdx":14,"st_mention":202,"en":236,"ne_type":"PERSON","keyword":"[이한영]","e_type":"NEW"}],"wikiPageId":511908,"pIdx":2,"plainText":"생애 조선민주주의인민공화국 출신으로 김정일 국방위원장의 전처 성혜림의 언니 성혜랑의 아들이다. 이모 성혜림 및 어머니 성혜랑과 함께 조선민주주의인민공화국을 탈출, 소련의 모스크바로 갔다가 홀로 1982년 10월, 비행기편으로 귀순의사를 밝히고 대한민국에 망명하였다. 이한영의 망명 이후 조선민주주의인민공화국 당국에서는 이한영에게 여러 차례 암살 위협을 가하였고 이한영은 거처를 옮겨다녔다.","mentionTagged":"생애 [조선민주주의인민공화국] 출신으로 [김정일] 국방위원장의 전처 [성혜림]의 언니 [성혜랑]의 아들이다. 이모 [성혜림] 및 어머니 [성혜랑]과 함께 [조선민주주의인민공화국]을 탈출, [소련]의 [모스크바]로 갔다가 홀로 [1982년 10월], 비행기편으로 귀순의사를 밝히고 [대한민국]에 망명하였다. [이한영]의 망명 이후 [조선민주주의인민공화국] 당국에서는 [이한영]에게 여러 차례 암살 위협을 가하였고 [이한영]은 거처를 옮겨다녔다."}