{"entityTagged":"문학 작품. [콤테 데 귀셰]에서 근 [에드몽_로스탕]의 [시라노_드_베르주라크_(희곡)]에서 주요 인물로 등장하며, 그곳에서 그는 기회주의적이고 탐욕스러운 인물로 묘사되었다. 그는 [로산]과 갈등을 빚으며 그녀를 [비콤테 데 발베르]외 결혼시키려 노력하기도 한다. <연애조작단;_시라노>가 [발베르]를 죽인 이후 [데귀셰]는 그의 욕망을 알게되어 그와 결혼을 성사시키려 한다. <연애조작단;_시라노>에 의해 오랫동안 좌절한 이후 그는 복수를 위해 [1640년] [아라스] 포위전에 <연애조작단;_시라노>와 [크리스티앙]을 보냈고, [크리스티앙]은 죽는다.","globalSId":[3790479,3790480,3790481,3790482,3790483],"entities":[{"kbox_types":["NULL"],"st":7,"en_mention":13,"ancestor":"-2","eIdx":0,"st_mention":6,"en":16,"ne_type":"ETC","keyword":"[콤테 데 귀셰]","e_type":"NEW"},{"kbox_types":["Agent","Person"],"st":21,"en_mention":25,"ancestor":"","eIdx":1,"st_mention":18,"en":30,"ne_type":"PERSON","keyword":"[에드몽_로스탕]","e_type":"WIKILINK"},{"kbox_types":["WrittenWork","Play","Work"],"st":32,"en_mention":40,"ancestor":"","eIdx":2,"st_mention":27,"en":50,"ne_type":"ETC","keyword":"[시라노_드_베르주라크_(희곡)]","e_type":"WIKILINK"},{"kbox_types":["NULL"],"st":102,"en_mention":94,"ancestor":"-2","eIdx":3,"st_mention":92,"en":106,"ne_type":"PERSON","keyword":"[로산]","e_type":"NEW"},{"kbox_types":["NULL"],"st":120,"en_mention":117,"ancestor":"-2","eIdx":4,"st_mention":108,"en":131,"ne_type":"PERSON","keyword":"[비콤테 데 발베르]","e_type":"NEW"},{"kbox_types":["Work","TelevisionShow"],"st":149,"en_mention":138,"ancestor":"","eIdx":5,"st_mention":135,"en":161,"ne_type":"ETC","keyword":"<연애조작단;_시라노>","e_type":"ELU"},{"kbox_types":["NULL"],"st":163,"en_mention":143,"ancestor":"-2","eIdx":6,"st_mention":140,"en":168,"ne_type":"PERSON","keyword":"[발베르]","e_type":"NEW"},{"kbox_types":["NULL"],"st":176,"en_mention":154,"ancestor":"-2","eIdx":7,"st_mention":151,"en":181,"ne_type":"PERSON","keyword":"[데귀셰]","e_type":"NEW"},{"kbox_types":["Work","TelevisionShow"],"st":212,"en_mention":188,"ancestor":"","eIdx":8,"st_mention":185,"en":224,"ne_type":"ETC","keyword":"<연애조작단;_시라노>","e_type":"ELU"},{"kbox_types":["Year","TimePeriod"],"st":251,"en_mention":220,"ancestor":"-2","eIdx":9,"st_mention":215,"en":258,"ne_type":"TIME","keyword":"[1640년]","e_type":"NEW"},{"kbox_types":["PopulatedPlace","Settlement","PopulatedPlace","Place"],"st":259,"en_mention":224,"ancestor":"-2","eIdx":10,"st_mention":221,"en":264,"ne_type":"LOCATION","keyword":"[아라스]","e_type":"NEW"},{"kbox_types":["Work","TelevisionShow"],"st":270,"en_mention":233,"ancestor":"","eIdx":11,"st_mention":230,"en":282,"ne_type":"ETC","keyword":"<연애조작단;_시라노>","e_type":"ELU"},{"kbox_types":["NULL"],"st":284,"en_mention":240,"ancestor":"-2","eIdx":12,"st_mention":235,"en":291,"ne_type":"PERSON","keyword":"[크리스티앙]","e_type":"NEW"},{"kbox_types":["NULL"],"st":298,"en_mention":252,"ancestor":"-2","eIdx":13,"st_mention":247,"en":305,"ne_type":"PERSON","keyword":"[크리스티앙]","e_type":"NEW"}],"wikiPageId":1505920,"pIdx":3,"plainText":"문학 작품 콤테 데 귀셰에서 근 에드몽 로스탕의 \"시라노 드 베르주라크\"에서 주요 인물로 등장하며, 그곳에서 그는 기회주의적이고 탐욕스러운 인물로 묘사되었다. 그는 로산과 갈등을 빚으며 그녀를 비콤테 데 발베르외 결혼시키려 노력하기도 한다. 시라노가 발베르를 죽인 이후 데귀셰는 그의 욕망을 알게되어 그와 결혼을 성사시키려 한다. 시라노에 의해 오랫동안 좌절한 이후 그는 복수를 위해 1640년 아라스 포위전에 시라노와 크리스티앙을 보냈고, 크리스티앙은 죽는다.","pronouns":[{"st":66,"ancestor":"-2","proIdx":0,"en":69,"cwStateCd":"FIXED","cwSelIdx":[],"type":"PRONOUN","keyword":"그곳에서"},{"st":71,"ancestor":"-2","proIdx":1,"en":72,"cwStateCd":"FIXED","cwSelIdx":[],"type":"PRONOUN","keyword":"그는"},{"st":99,"ancestor":"-2","proIdx":2,"en":100,"cwStateCd":"FIXED","cwSelIdx":[],"type":"PRONOUN","keyword":"그는"},{"st":116,"ancestor":"-2","proIdx":3,"en":118,"cwStateCd":"FIXED","cwSelIdx":[],"type":"PRONOUN","keyword":"그녀를"},{"st":183,"ancestor":"-2","proIdx":4,"en":184,"cwStateCd":"FIXED","cwSelIdx":[],"type":"PRONOUN","keyword":"그의"},{"st":183,"ancestor":"-2","proIdx":5,"en":188,"cwStateCd":"FIXED","cwSelIdx":[],"type":"PRONOUN","keyword":"그의 욕망을"},{"st":195,"ancestor":"-2","proIdx":6,"en":196,"cwStateCd":"FIXED","cwSelIdx":[],"type":"PRONOUN","keyword":"그와"},{"st":241,"ancestor":"-2","proIdx":7,"en":242,"cwStateCd":"FIXED","cwSelIdx":[],"type":"PRONOUN","keyword":"그는"}],"mentionTagged":"문학 작품 [콤테 데 귀셰]에서 근 [에드몽 로스탕]의 [\"시라노 드 베르주라크\"]에서 주요 인물로 등장하며, 그곳에서 그는 기회주의적이고 탐욕스러운 인물로 묘사되었다. 그는 [로산]과 갈등을 빚으며 그녀를 [비콤테 데 발베르]외 결혼시키려 노력하기도 한다. [시라노]가 [발베르]를 죽인 이후 [데귀셰]는 그의 욕망을 알게되어 그와 결혼을 성사시키려 한다. [시라노]에 의해 오랫동안 좌절한 이후 그는 복수를 위해 [1640년] [아라스] 포위전에 [시라노]와 [크리스티앙]을 보냈고, [크리스티앙]은 죽는다."}