{"entityTagged":"[시나노카와카미 역]()은 [일본] [나가노_현] [미나미사쿠_군] [가와카미_촌]에 위치한 [동일본_여객철도] [고우미_선]의 [철도역]이다. [섬식_승강장] 1면 2선의 구조를 갖춘 지상역이다.","globalSId":[3788604,3788605],"entities":[{"kbox_types":["ArchitecturalStructure","Place","Station","Infrastructure","RailwayStation"],"st":0,"en_mention":9,"ancestor":"-2","eIdx":0,"st_mention":0,"en":11,"ne_type":"LOCATION","keyword":"[시나노카와카미 역]","e_type":"NEW"},{"kbox_types":["Country","PopulatedPlace","PopulatedPlace","Place"],"st":15,"en_mention":15,"ancestor":"","eIdx":1,"st_mention":13,"en":19,"ne_type":"LOCATION","keyword":"[일본]","e_type":"WIKILINK"},{"kbox_types":["Region","PopulatedPlace","AdministrativeRegion","Settlement","Place","AdministrativeRegion"],"st":20,"en_mention":21,"ancestor":"","eIdx":2,"st_mention":16,"en":27,"ne_type":"LOCATION","keyword":"[나가노_현]","e_type":"WIKILINK"},{"kbox_types":["NULL"],"st":28,"en_mention":29,"ancestor":"","eIdx":3,"st_mention":22,"en":37,"ne_type":"ETC","keyword":"[미나미사쿠_군]","e_type":"WIKILINK"},{"kbox_types":["NULL"],"st":38,"en_mention":36,"ancestor":"","eIdx":4,"st_mention":30,"en":46,"ne_type":"ETC","keyword":"[가와카미_촌]","e_type":"WIKILINK"},{"kbox_types":["Agent","Organisation","Company"],"st":52,"en_mention":50,"ancestor":"","eIdx":5,"st_mention":42,"en":62,"ne_type":"ORGANIZATION","keyword":"[동일본_여객철도]","e_type":"WIKILINK"},{"kbox_types":["ArchitecturalStructure","Place","RailwayLine","Place","RouteOfTransportation","Infrastructure"],"st":63,"en_mention":56,"ancestor":"","eIdx":6,"st_mention":51,"en":70,"ne_type":"LOCATION","keyword":"[고우미_선]","e_type":"WIKILINK"},{"kbox_types":["NULL"],"st":72,"en_mention":61,"ancestor":"","eIdx":7,"st_mention":58,"en":77,"ne_type":"ETC","keyword":"[철도역]","e_type":"WIKILINK"},{"kbox_types":["NULL"],"st":81,"en_mention":71,"ancestor":"","eIdx":8,"st_mention":65,"en":89,"ne_type":"ETC","keyword":"[섬식_승강장]","e_type":"WIKILINK"}],"wikiPageId":1504508,"pIdx":1,"plainText":"시나노카와카미 역()은 일본 나가노 현 미나미사쿠 군 가와카미 촌에 위치한 동일본 여객철도 고우미 선의 철도역이다. 섬식 승강장 1면 2선의 구조를 갖춘 지상역이다.","mentionTagged":"[시나노카와카미 역]()은 [일본] [나가노 현] [미나미사쿠 군] [가와카미 촌]에 위치한 [동일본 여객철도] [고우미 선]의 [철도역]이다. [섬식 승강장] 1면 2선의 구조를 갖춘 지상역이다."}