{"entityTagged":"[아소시아시옹 스포르티브 드 모나코 풋볼 클뢰브]()는 도시 국가인 [모나코]를 연고지로 하는 축구 클럽이다. 이 팀은 [1924년]에 창단되었으며, 현재 [프랑스]의 1부 리그인 [리그_1]에 참가하고 있다. 홈 경기장은 [퐁비에유]에 있는 [스타드_루이_II] 경기장이다. [레오나르두_자르딩]이 감독, [제레미_툴라랑]이 주장을 맡고 있다.","globalSId":[935154,935155,935156,935157],"entities":[{"kbox_types":["NULL"],"st":0,"en_mention":25,"ancestor":"-2","eIdx":0,"st_mention":0,"en":27,"ne_type":"ORGANIZATION","keyword":"[아소시아시옹 스포르티브 드 모나코 풋볼 클뢰브]","e_type":"NEW"},{"kbox_types":["Country","PopulatedPlace","Settlement","PopulatedPlace","Place"],"st":38,"en_mention":39,"ancestor":"","eIdx":1,"st_mention":36,"en":43,"ne_type":"LOCATION","keyword":"[모나코]","e_type":"WIKILINK"},{"kbox_types":["Year","Agent","EducationalInstitution","TimePeriod","Organisation","University"],"st":67,"en_mention":68,"ancestor":"-2","eIdx":2,"st_mention":63,"en":74,"ne_type":"TIME","keyword":"[1924년]","e_type":"NEW"},{"kbox_types":["Country","PopulatedPlace","Settlement","PopulatedPlace","Place"],"st":87,"en_mention":84,"ancestor":"","eIdx":3,"st_mention":81,"en":92,"ne_type":"LOCATION","keyword":"[프랑스]","e_type":"WIKILINK"},{"kbox_types":["Agent","SportsLeague","Organisation","SoccerLeague"],"st":101,"en_mention":97,"ancestor":"","eIdx":4,"st_mention":93,"en":107,"ne_type":"ORGANIZATION","keyword":"[리그_1]","e_type":"WIKILINK"},{"kbox_types":["PopulatedPlace","Settlement","PopulatedPlace","Place"],"st":125,"en_mention":119,"ancestor":"","eIdx":5,"st_mention":115,"en":131,"ne_type":"LOCATION","keyword":"[퐁비에유]","e_type":"WIKILINK"},{"kbox_types":["ArchitecturalStructure","Stadium","Place","Place","SportFacility"],"st":136,"en_mention":133,"ancestor":"","eIdx":6,"st_mention":124,"en":147,"ne_type":"LOCATION","keyword":"[스타드_루이_II]","e_type":"WIKILINK"},{"kbox_types":["SoccerPlayer","SportsManager","Agent","Person","SoccerManager","Athlete"],"st":155,"en_mention":150,"ancestor":"","eIdx":7,"st_mention":141,"en":166,"ne_type":"PERSON","keyword":"[레오나르두_자르딩]","e_type":"WIKILINK"},{"kbox_types":["NULL"],"st":172,"en_mention":163,"ancestor":"","eIdx":8,"st_mention":156,"en":181,"ne_type":"ETC","keyword":"[제레미_툴라랑]","e_type":"WIKILINK"}],"wikiPageId":129300,"pIdx":1,"plainText":"아소시아시옹 스포르티브 드 모나코 풋볼 클뢰브()는 도시 국가인 모나코를 연고지로 하는 축구 클럽이다. 이 팀은 1924년에 창단되었으며, 현재 프랑스의 1부 리그인 리그 1에 참가하고 있다. 홈 경기장은 퐁비에유에 있는 스타드 루이 II 경기장이다. 레오나르두 자르딩이 감독, 제레미 툴라랑이 주장을 맡고 있다.","mentionTagged":"[아소시아시옹 스포르티브 드 모나코 풋볼 클뢰브]()는 도시 국가인 [모나코]를 연고지로 하는 축구 클럽이다. 이 팀은 [1924년]에 창단되었으며, 현재 [프랑스]의 1부 리그인 [리그 1]에 참가하고 있다. 홈 경기장은 [퐁비에유]에 있는 [스타드 루이 II] 경기장이다. [레오나르두 자르딩]이 감독, [제레미 툴라랑]이 주장을 맡고 있다."}