{"entityTagged":"[1524년]부터 [1537년]까지 <로욜라의_이냐시오>는 <스페인>과 [파리]에서 신학과 라틴어, 인문학 등의 공부에 전념하였다. <로욜라의_이냐시오>와 그를 따르는 추종자들은 청빈과 순결, 순명을 맹세하며 결집하였다. [1539년] 이들은 [예수회]를 조직하였으며, [1540년] [교황_바오로_3세]로부터 인가를 받았다. [1548년]에는 <로욜라의_이냐시오>가 구성한 영신수련이 인가를 받았다. <로욜라의_이냐시오>는 [1556년] [7월]에 선종하였다. [1609년] [교황_바오로_5세]에 의해 [시복]되었으며, [1622년] [교황_그레고리오_15세]에 의해 [시성_(기독교)]되었다. [1922년] [교황_비오_11세]는 그를 영신수련과 피정자들의 [수호성인]으로 지정하였다. <로욜라의_이냐시오>는 또한 군인들과 예수회원, [바스크] 지방, [기푸스코아_주], [비스카야_주]의 <수호_성인>이기도 하다.","globalSId":[316143,316144,316145,316146,316147,316148,316149,316150],"entities":[{"kbox_types":["Year","TimePeriod"],"st":0,"en_mention":5,"ancestor":"-2","eIdx":0,"st_mention":0,"en":7,"ne_type":"TIME","keyword":"[1524년]","e_type":"NEW"},{"kbox_types":["Year","Agent","EducationalInstitution","TimePeriod","Organisation","University"],"st":10,"en_mention":13,"ancestor":"-2","eIdx":1,"st_mention":8,"en":17,"ne_type":"TIME","keyword":"[1537년]","e_type":"NEW"},{"kbox_types":["Saint","Agent","Person","Cleric"],"st":20,"en_mention":20,"ancestor":"","eIdx":2,"st_mention":16,"en":31,"ne_type":"PERSON","keyword":"<로욜라의_이냐시오>","e_type":"ELU"},{"kbox_types":["Country","PopulatedPlace","Settlement","PopulatedPlace","Place"],"st":33,"en_mention":25,"ancestor":"","eIdx":3,"st_mention":22,"en":38,"ne_type":"LOCATION","keyword":"<스페인>","e_type":"ELU"},{"kbox_types":["NULL"],"st":40,"en_mention":29,"ancestor":"-2","eIdx":4,"st_mention":27,"en":44,"ne_type":"LOCATION","keyword":"[파리]","e_type":"NEW"},{"kbox_types":["Saint","Agent","Person","Cleric"],"st":74,"en_mention":63,"ancestor":"","eIdx":5,"st_mention":59,"en":85,"ne_type":"PERSON","keyword":"<로욜라의_이냐시오>","e_type":"ELU"},{"kbox_types":["Year","TimePeriod"],"st":124,"en_mention":107,"ancestor":"-2","eIdx":6,"st_mention":102,"en":131,"ne_type":"TIME","keyword":"[1539년]","e_type":"NEW"},{"kbox_types":["Agent","Organisation"],"st":136,"en_mention":115,"ancestor":"","eIdx":7,"st_mention":112,"en":141,"ne_type":"ORGANIZATION","keyword":"[예수회]","e_type":"WIKILINK"},{"kbox_types":["Year","TimePeriod"],"st":151,"en_mention":130,"ancestor":"-2","eIdx":8,"st_mention":125,"en":158,"ne_type":"TIME","keyword":"[1540년]","e_type":"NEW"},{"kbox_types":["Cleric","Agent","Person","ChristianBishop","Pope"],"st":159,"en_mention":140,"ancestor":"","eIdx":9,"st_mention":131,"en":170,"ne_type":"PERSON","keyword":"[교황_바오로_3세]","e_type":"WIKILINK"},{"kbox_types":["Year","TimePeriod"],"st":183,"en_mention":158,"ancestor":"-2","eIdx":10,"st_mention":153,"en":190,"ne_type":"TIME","keyword":"[1548년]","e_type":"NEW"},{"kbox_types":["Saint","Agent","Person","Cleric"],"st":193,"en_mention":165,"ancestor":"","eIdx":11,"st_mention":161,"en":204,"ne_type":"PERSON","keyword":"<로욜라의_이냐시오>","e_type":"ELU"},{"kbox_types":["Saint","Agent","Person","Cleric"],"st":225,"en_mention":190,"ancestor":"","eIdx":12,"st_mention":186,"en":236,"ne_type":"PERSON","keyword":"<로욜라의_이냐시오>","e_type":"ELU"},{"kbox_types":["Year","TimePeriod"],"st":238,"en_mention":197,"ancestor":"1-3","eIdx":13,"st_mention":192,"en":245,"ne_type":"TIME","keyword":"[1556년]","e_type":"NEW"},{"kbox_types":["NULL"],"st":246,"en_mention":200,"ancestor":"-2","eIdx":14,"st_mention":198,"en":250,"ne_type":"TIME","keyword":"[7월]","e_type":"NEW"},{"kbox_types":["Year","TimePeriod"],"st":259,"en_mention":214,"ancestor":"-2","eIdx":15,"st_mention":209,"en":266,"ne_type":"TIME","keyword":"[1609년]","e_type":"NEW"},{"kbox_types":["Cleric","Agent","Person","ChristianBishop","Pope"],"st":267,"en_mention":224,"ancestor":"","eIdx":16,"st_mention":215,"en":278,"ne_type":"PERSON","keyword":"[교황_바오로_5세]","e_type":"WIKILINK"},{"kbox_types":["NULL"],"st":283,"en_mention":231,"ancestor":"","eIdx":17,"st_mention":229,"en":287,"ne_type":"ETC","keyword":"[시복]","e_type":"WIKILINK"},{"kbox_types":["Year","TimePeriod"],"st":293,"en_mention":242,"ancestor":"-2","eIdx":18,"st_mention":237,"en":300,"ne_type":"TIME","keyword":"[1622년]","e_type":"NEW"},{"kbox_types":["Cleric","Agent","Person","ChristianBishop","Pope"],"st":301,"en_mention":255,"ancestor":"","eIdx":19,"st_mention":243,"en":315,"ne_type":"PERSON","keyword":"[교황_그레고리오_15세]","e_type":"WIKILINK"},{"kbox_types":["NULL"],"st":320,"en_mention":262,"ancestor":"","eIdx":20,"st_mention":260,"en":330,"ne_type":"ETC","keyword":"[시성_(기독교)]","e_type":"WIKILINK"},{"kbox_types":["Year","TimePeriod"],"st":335,"en_mention":272,"ancestor":"-2","eIdx":21,"st_mention":267,"en":342,"ne_type":"TIME","keyword":"[1922년]","e_type":"NEW"},{"kbox_types":["Cleric","Agent","Person","ChristianBishop","Pope"],"st":343,"en_mention":282,"ancestor":"","eIdx":22,"st_mention":273,"en":354,"ne_type":"PERSON","keyword":"[교황_비오_11세]","e_type":"WIKILINK"},{"kbox_types":["NULL"],"st":371,"en_mention":303,"ancestor":"","eIdx":23,"st_mention":299,"en":377,"ne_type":"ETC","keyword":"[수호성인]","e_type":"WIKILINK"},{"kbox_types":["Saint","Agent","Person","Cleric"],"st":387,"en_mention":317,"ancestor":"","eIdx":24,"st_mention":313,"en":398,"ne_type":"PERSON","keyword":"<로욜라의_이냐시오>","e_type":"ELU"},{"kbox_types":["Country","PopulatedPlace","PopulatedPlace","Place"],"st":414,"en_mention":336,"ancestor":"","eIdx":25,"st_mention":333,"en":419,"ne_type":"LOCATION","keyword":"[바스크]","e_type":"WIKILINK"},{"kbox_types":["PopulatedPlace","Settlement","PopulatedPlace","Place"],"st":424,"en_mention":348,"ancestor":"","eIdx":26,"st_mention":341,"en":433,"ne_type":"LOCATION","keyword":"[기푸스코아_주]","e_type":"WIKILINK"},{"kbox_types":["PopulatedPlace","Settlement","PopulatedPlace","Place"],"st":435,"en_mention":356,"ancestor":"","eIdx":27,"st_mention":350,"en":443,"ne_type":"LOCATION","keyword":"[비스카야_주]","e_type":"WIKILINK"},{"kbox_types":["NULL"],"st":445,"en_mention":362,"ancestor":"","eIdx":28,"st_mention":358,"en":452,"ne_type":"ETC","keyword":"<수호_성인>","e_type":"ELU"}],"wikiPageId":32771,"pIdx":3,"plainText":"1524년부터 1537년까지 이냐시오는 스페인과 파리에서 신학과 라틴어, 인문학 등의 공부에 전념하였다. 이냐시오와 그를 따르는 추종자들은 청빈과 순결, 순명을 맹세하며 결집하였다. 1539년 이들은 예수회를 조직하였으며, 1540년 교황 바오로 3세로부터 인가를 받았다. 1548년에는 이냐시오가 구성한 영신수련이 인가를 받았다. 이냐시오는 1556년 7월에 선종하였다. 1609년 교황 바오로 5세에 의해 시복되었으며, 1622년 교황 그레고리오 15세에 의해 시성되었다. 1922년 교황 비오 11세는 그를 영신수련과 피정자들의 수호성인으로 지정하였다. 이냐시오는 또한 군인들과 예수회원, 바스크 지방, 기푸스코아 주, 비스카야 주의 수호성인이기도 하다.","mentionTagged":"[1524년]부터 [1537년]까지 [이냐시오]는 [스페인]과 [파리]에서 신학과 라틴어, 인문학 등의 공부에 전념하였다. [이냐시오]와 그를 따르는 추종자들은 청빈과 순결, 순명을 맹세하며 결집하였다. [1539년] 이들은 [예수회]를 조직하였으며, [1540년] [교황 바오로 3세]로부터 인가를 받았다. [1548년]에는 [이냐시오]가 구성한 영신수련이 인가를 받았다. [이냐시오]는 [1556년] [7월]에 선종하였다. [1609년] [교황 바오로 5세]에 의해 [시복]되었으며, [1622년] [교황 그레고리오 15세]에 의해 [시성]되었다. [1922년] [교황 비오 11세]는 그를 영신수련과 피정자들의 [수호성인]으로 지정하였다. [이냐시오]는 또한 군인들과 예수회원, [바스크] 지방, [기푸스코아 주], [비스카야 주]의 [수호성인]이기도 하다."}