{"entityTagged":"<막심_칼리니첸코> (, [1979년] [1월_26일], [소련] [우크라이나_소비에트_사회주의_공화국] [하르키우] ~ )는 [우크라이나]의 축구 선수로, 현재 [타브리야 심페로폴] 소속으로 활약하고 있다. 그는 [2006_FIFA_월드컵] 당시 [사우디아라비아_축구_국가대표팀]와의 조별 예선 두 번째 경기에서 [우크라이나_축구_국가대표팀]의 [FIFA_월드컵] 본선 4번째 골이자, <우크라이나>의 4-0 완승을 확정짓는 골을 넣었고, 그 경기의 최우수 선수로 선정되었다.","globalSId":[940831,940832],"entities":[{"kbox_types":["SoccerPlayer","Athlete","Agent","Person"],"st":0,"en_mention":15,"ancestor":"","eIdx":0,"st_mention":0,"en":10,"ne_type":"PERSON","keyword":"<막심_칼리니첸코>","e_type":"ELU"},{"kbox_types":["Year","Agent","EducationalInstitution","TimePeriod","Organisation","University"],"st":14,"en_mention":24,"ancestor":"","eIdx":1,"st_mention":19,"en":21,"ne_type":"TIME","keyword":"[1979년]","e_type":"WIKILINK"},{"kbox_types":["NULL"],"st":22,"en_mention":31,"ancestor":"","eIdx":2,"st_mention":25,"en":30,"ne_type":"TIME","keyword":"[1월_26일]","e_type":"WIKILINK"},{"kbox_types":["Country","PopulatedPlace","PopulatedPlace","Place"],"st":32,"en_mention":35,"ancestor":"","eIdx":3,"st_mention":33,"en":36,"ne_type":"LOCATION","keyword":"[소련]","e_type":"WIKILINK"},{"kbox_types":["Country","PopulatedPlace","Place","PopulatedPlace"],"st":37,"en_mention":45,"ancestor":"","eIdx":4,"st_mention":36,"en":58,"ne_type":"LOCATION","keyword":"[우크라이나_소비에트_사회주의_공화국]","e_type":"WIKILINK"},{"kbox_types":["PopulatedPlace","Settlement","PopulatedPlace","City","Place"],"st":59,"en_mention":50,"ancestor":"","eIdx":5,"st_mention":46,"en":65,"ne_type":"LOCATION","keyword":"[하르키우]","e_type":"WIKILINK"},{"kbox_types":["Country","PopulatedPlace","PopulatedPlace","Place"],"st":71,"en_mention":61,"ancestor":"","eIdx":6,"st_mention":56,"en":78,"ne_type":"LOCATION","keyword":"[우크라이나]","e_type":"WIKILINK"},{"kbox_types":["NULL"],"st":91,"en_mention":83,"ancestor":"-2","eIdx":7,"st_mention":74,"en":102,"ne_type":"ORGANIZATION","keyword":"[타브리야 심페로폴]","e_type":"NEW"},{"kbox_types":["NULL"],"st":120,"en_mention":114,"ancestor":"","eIdx":8,"st_mention":101,"en":135,"ne_type":"ETC","keyword":"[2006_FIFA_월드컵]","e_type":"WIKILINK"},{"kbox_types":["SoccerClub","Agent","SportsTeam","Organisation"],"st":139,"en_mention":125,"ancestor":"","eIdx":9,"st_mention":118,"en":157,"ne_type":"ORGANIZATION","keyword":"[사우디아라비아_축구_국가대표팀]","e_type":"WIKILINK"},{"kbox_types":["SoccerClub","Agent","SportsTeam","Organisation"],"st":176,"en_mention":149,"ancestor":"","eIdx":10,"st_mention":144,"en":192,"ne_type":"ORGANIZATION","keyword":"[우크라이나_축구_국가대표팀]","e_type":"WIKILINK"},{"kbox_types":["Agent","SportsLeague","Organisation"],"st":194,"en_mention":159,"ancestor":"","eIdx":11,"st_mention":151,"en":204,"ne_type":"ORGANIZATION","keyword":"[FIFA_월드컵]","e_type":"WIKILINK"},{"kbox_types":["Country","PopulatedPlace","PopulatedPlace","Place"],"st":217,"en_mention":177,"ancestor":"","eIdx":12,"st_mention":172,"en":224,"ne_type":"LOCATION","keyword":"<우크라이나>","e_type":"ELU"}],"wikiPageId":130040,"pIdx":1,"plainText":"막심 세르히요비치 칼리니첸코 (, 1979년 1월 26일, 소련 우크라이나 SSR 하르키우 ~ )는 우크라이나의 축구 선수로, 현재 타브리야 심페로폴 소속으로 활약하고 있다. 그는 2006 FIFA 월드컵 당시 사우디아라비아와의 조별 예선 두 번째 경기에서 우크라이나의 FIFA 월드컵 본선 4번째 골이자, 우크라이나의 4-0 완승을 확정짓는 골을 넣었고, 그 경기의 최우수 선수로 선정되었다.","pronouns":[{"st":117,"ancestor":"1-0","proIdx":0,"en":118,"cwStateCd":"FIXED","cwSelIdx":0,"type":"PRONOUN","keyword":"그는"},{"st":139,"ancestor":"-2","proIdx":1,"en":164,"cwStateCd":"FIXED","cwSelIdx":[],"type":"PRONOUN","keyword":"[사우디아라비아_축구_국가대표팀]와의 조별 예선"},{"st":139,"ancestor":"-2","proIdx":2,"en":174,"cwStateCd":"FIXED","cwSelIdx":[],"type":"PRONOUN","keyword":"[사우디아라비아_축구_국가대표팀]와의 조별 예선 두 번째 경기에서"},{"st":247,"ancestor":"-2","proIdx":3,"en":251,"cwStateCd":"FIXED","cwSelIdx":[],"type":"PRONOUN","keyword":"그 경기의"},{"st":247,"ancestor":"-2","proIdx":4,"en":259,"cwStateCd":"FIXED","cwSelIdx":[],"type":"PRONOUN","keyword":"그 경기의 최우수 선수로"}],"mentionTagged":"[막심 세르히요비치 칼리니첸코] (, [1979년] [1월 26일], [소련] [우크라이나 SSR] [하르키우] ~ )는 [우크라이나]의 축구 선수로, 현재 [타브리야 심페로폴] 소속으로 활약하고 있다. 그는 [2006 FIFA 월드컵] 당시 [사우디아라비아]와의 조별 예선 두 번째 경기에서 [우크라이나]의 [FIFA 월드컵] 본선 4번째 골이자, [우크라이나]의 4-0 완승을 확정짓는 골을 넣었고, 그 경기의 최우수 선수로 선정되었다."}