{"entityTagged":"<치비텔라메세르라이몬도>()는 [이탈리아] [아브루초_주] [키에티_현]에 있는 [코무네]이다. [키에티]로부터 48km 거리에 있다. [1863년]까지 [치비텔라](Civitella)라는 이름으로 알려졌다.","globalSId":[3274711,3274712,3274713],"entities":[{"kbox_types":["PopulatedPlace","Place","Settlement","PopulatedPlace"],"st":0,"en_mention":11,"ancestor":"","eIdx":0,"st_mention":0,"en":13,"ne_type":"LOCATION","keyword":"<치비텔라메세르라이몬도>","e_type":"ELU"},{"kbox_types":["Country","PopulatedPlace","Settlement","PopulatedPlace","Place"],"st":17,"en_mention":19,"ancestor":"","eIdx":1,"st_mention":15,"en":23,"ne_type":"LOCATION","keyword":"[이탈리아]","e_type":"WIKILINK"},{"kbox_types":["Region","PopulatedPlace","AdministrativeRegion","Place","AdministrativeRegion"],"st":24,"en_mention":26,"ancestor":"","eIdx":2,"st_mention":20,"en":32,"ne_type":"LOCATION","keyword":"[아브루초_주]","e_type":"WIKILINK"},{"kbox_types":["PopulatedPlace","Settlement","PopulatedPlace","Place"],"st":33,"en_mention":32,"ancestor":"","eIdx":3,"st_mention":27,"en":40,"ne_type":"LOCATION","keyword":"[키에티_현]","e_type":"WIKILINK"},{"kbox_types":["NULL"],"st":45,"en_mention":40,"ancestor":"","eIdx":4,"st_mention":37,"en":50,"ne_type":"ETC","keyword":"[코무네]","e_type":"WIKILINK"},{"kbox_types":["PopulatedPlace","Place","Settlement","PopulatedPlace"],"st":54,"en_mention":47,"ancestor":"","eIdx":5,"st_mention":44,"en":59,"ne_type":"LOCATION","keyword":"[키에티]","e_type":"WIKILINK"},{"kbox_types":["Year","TimePeriod"],"st":76,"en_mention":69,"ancestor":"-2","eIdx":6,"st_mention":64,"en":83,"ne_type":"TIME","keyword":"[1863년]","e_type":"NEW"},{"kbox_types":["NULL"],"st":86,"en_mention":76,"ancestor":"1-0","eIdx":7,"st_mention":72,"en":92,"ne_type":"LOCATION","keyword":"[치비텔라]","e_type":"NEW"}],"wikiPageId":1066379,"pIdx":1,"plainText":"치비텔라메세르라이몬도()는 이탈리아 아브루초 주 키에티 현에 있는 코무네이다. 키에티로부터 48km 거리에 있다. 1863년까지 치비텔라(Civitella)라는 이름으로 알려졌다.","pronouns":[],"mentionTagged":"[치비텔라메세르라이몬도]()는 [이탈리아] [아브루초 주] [키에티 현]에 있는 [코무네]이다. [키에티]로부터 48km 거리에 있다. [1863년]까지 [치비텔라](Civitella)라는 이름으로 알려졌다."}