{"entityTagged":"[고르노바다흐샨 자치주](, )는 [타지키스탄] 동부에 위치한 자치주로 주도는 [호루그]이며 면적은 64,200㎢, 인구는 218,000명(2008년 기준)이다. [고르노바다흐샨]은 [러시아어]로 \"산이 많은 [바다흐샨]\"을 뜻한다.","globalSId":[2448168,2448169],"entities":[{"kbox_types":["NULL"],"st":0,"en_mention":11,"ancestor":"-2","eIdx":0,"st_mention":0,"en":13,"ne_type":"LOCATION","keyword":"[고르노바다흐샨 자치주]","e_type":"NEW"},{"kbox_types":["Country","Company","Agent","PopulatedPlace","Place","Company","Organisation"],"st":19,"en_mention":22,"ancestor":"","eIdx":1,"st_mention":17,"en":26,"ne_type":"ORGANIZATION","keyword":"[타지키스탄]","e_type":"WIKILINK"},{"kbox_types":["PopulatedPlace","Settlement","PopulatedPlace","City","Place"],"st":44,"en_mention":43,"ancestor":"","eIdx":2,"st_mention":40,"en":49,"ne_type":"LOCATION","keyword":"[호루그]","e_type":"WIKILINK"},{"kbox_types":["NULL"],"st":91,"en_mention":92,"ancestor":"-2","eIdx":3,"st_mention":85,"en":100,"ne_type":"LOCATION","keyword":"[고르노바다흐샨]","e_type":"NEW"},{"kbox_types":["Language"],"st":102,"en_mention":98,"ancestor":"","eIdx":4,"st_mention":94,"en":108,"ne_type":"ETC","keyword":"[러시아어]","e_type":"WIKILINK"},{"kbox_types":["Place","PopulatedPlace","Region","HistoricalRegion"],"st":117,"en_mention":111,"ancestor":"","eIdx":5,"st_mention":107,"en":123,"ne_type":"LOCATION","keyword":"[바다흐샨]","e_type":"WIKILINK"}],"wikiPageId":625673,"pIdx":1,"plainText":"고르노바다흐샨 자치주(, )는 타지키스탄 동부에 위치한 자치주로 주도는 호루그이며 면적은 64,200㎢, 인구는 218,000명(2008년 기준)이다. 고르노바다흐샨은 러시아어로 \"산이 많은 바다흐샨\"을 뜻한다.","pronouns":[],"mentionTagged":"[고르노바다흐샨 자치주](, )는 [타지키스탄] 동부에 위치한 자치주로 주도는 [호루그]이며 면적은 64,200㎢, 인구는 218,000명(2008년 기준)이다. [고르노바다흐샨]은 [러시아어]로 \"산이 많은 [바다흐샨]\"을 뜻한다."}