{"entityTagged":"<경남선>(慶南線)은 [대한민국] [경상남도] [창원시] [마산회원구] [석전동] [마산역]과 [경상남도] [진주시] 강남동 [진주역]을 잇는 [철도_노선]이다. [1925년]에 개통된 이후 [1931년]까지 [남조선철도주식회사]가 운영했지만, [1968년]에 [광주역] - 진주간 [경전선] 노선이 완공됨에 따라 [경전선]에 통합되었다.","globalSId":[2400523,2400524],"entities":[{"kbox_types":["ArchitecturalStructure","Place","RailwayLine","RouteOfTransportation","Infrastructure"],"st":0,"en_mention":3,"ancestor":"","eIdx":0,"st_mention":0,"en":5,"ne_type":"LOCATION","keyword":"<경남선>","e_type":"ELU"},{"kbox_types":["Country","PopulatedPlace","PopulatedPlace","Place"],"st":12,"en_mention":14,"ancestor":"","eIdx":1,"st_mention":10,"en":18,"ne_type":"LOCATION","keyword":"[대한민국]","e_type":"WIKILINK"},{"kbox_types":["PopulatedPlace","Settlement","PopulatedPlace","Place"],"st":19,"en_mention":19,"ancestor":"","eIdx":2,"st_mention":15,"en":25,"ne_type":"LOCATION","keyword":"[경상남도]","e_type":"WIKILINK"},{"kbox_types":["PopulatedPlace","Place","Settlement","PopulatedPlace","City"],"st":26,"en_mention":23,"ancestor":"","eIdx":3,"st_mention":20,"en":31,"ne_type":"LOCATION","keyword":"[창원시]","e_type":"WIKILINK"},{"kbox_types":["PopulatedPlace","Settlement","PopulatedPlace","Place"],"st":32,"en_mention":29,"ancestor":"","eIdx":4,"st_mention":24,"en":39,"ne_type":"LOCATION","keyword":"[마산회원구]","e_type":"WIKILINK"},{"kbox_types":["NULL"],"st":40,"en_mention":33,"ancestor":"","eIdx":5,"st_mention":30,"en":45,"ne_type":"ETC","keyword":"[석전동]","e_type":"WIKILINK"},{"kbox_types":["ArchitecturalStructure","Place","Station","Place","Infrastructure","RailwayStation"],"st":46,"en_mention":37,"ancestor":"","eIdx":6,"st_mention":34,"en":51,"ne_type":"LOCATION","keyword":"[마산역]","e_type":"WIKILINK"},{"kbox_types":["PopulatedPlace","Settlement","PopulatedPlace","Place"],"st":53,"en_mention":43,"ancestor":"","eIdx":7,"st_mention":39,"en":59,"ne_type":"LOCATION","keyword":"[경상남도]","e_type":"WIKILINK"},{"kbox_types":["PopulatedPlace","Place","Settlement","PopulatedPlace","City"],"st":60,"en_mention":47,"ancestor":"","eIdx":8,"st_mention":44,"en":65,"ne_type":"LOCATION","keyword":"[진주시]","e_type":"WIKILINK"},{"kbox_types":["ArchitecturalStructure","Place","Station","Place","Infrastructure","RailwayStation"],"st":70,"en_mention":55,"ancestor":"","eIdx":9,"st_mention":52,"en":75,"ne_type":"LOCATION","keyword":"[진주역]","e_type":"WIKILINK"},{"kbox_types":["NULL"],"st":80,"en_mention":65,"ancestor":"","eIdx":10,"st_mention":60,"en":87,"ne_type":"ETC","keyword":"[철도_노선]","e_type":"WIKILINK"},{"kbox_types":["Year","TimePeriod"],"st":91,"en_mention":74,"ancestor":"","eIdx":11,"st_mention":69,"en":98,"ne_type":"TIME","keyword":"[1925년]","e_type":"WIKILINK"},{"kbox_types":["Year","TimePeriod"],"st":107,"en_mention":88,"ancestor":"","eIdx":12,"st_mention":83,"en":114,"ne_type":"TIME","keyword":"[1931년]","e_type":"WIKILINK"},{"kbox_types":["NULL"],"st":117,"en_mention":100,"ancestor":"","eIdx":13,"st_mention":91,"en":128,"ne_type":"ETC","keyword":"[남조선철도주식회사]","e_type":"WIKILINK"},{"kbox_types":["Year","TimePeriod"],"st":137,"en_mention":114,"ancestor":"","eIdx":14,"st_mention":109,"en":144,"ne_type":"TIME","keyword":"[1968년]","e_type":"WIKILINK"},{"kbox_types":["ArchitecturalStructure","Place","Station","Place","Infrastructure","RailwayStation"],"st":146,"en_mention":118,"ancestor":"","eIdx":15,"st_mention":116,"en":151,"ne_type":"LOCATION","keyword":"[광주역]","e_type":"WIKILINK"},{"kbox_types":["ArchitecturalStructure","Place","RailwayLine","RouteOfTransportation","Infrastructure"],"st":158,"en_mention":128,"ancestor":"","eIdx":16,"st_mention":125,"en":163,"ne_type":"LOCATION","keyword":"[경전선]","e_type":"WIKILINK"},{"kbox_types":["ArchitecturalStructure","Place","RailwayLine","RouteOfTransportation","Infrastructure"],"st":176,"en_mention":144,"ancestor":"","eIdx":17,"st_mention":141,"en":181,"ne_type":"LOCATION","keyword":"[경전선]","e_type":"WIKILINK"}],"wikiPageId":604453,"pIdx":1,"plainText":"경남선(慶南線)은 대한민국 경상남도 창원시 마산회원구 석전동 마산역과 경상남도 진주시 강남동 진주역을 잇는 철도 노선이다. 1925년에 개통된 이후 1931년까지 남조선철도주식회사가 운영했지만, 1968년에 광주 - 진주간 경전선 노선이 완공됨에 따라 경전선에 통합되었다.","mentionTagged":"[경남선](慶南線)은 [대한민국] [경상남도] [창원시] [마산회원구] [석전동] [마산역]과 [경상남도] [진주시] 강남동 [진주역]을 잇는 [철도 노선]이다. [1925년]에 개통된 이후 [1931년]까지 [남조선철도주식회사]가 운영했지만, [1968년]에 [광주] - 진주간 [경전선] 노선이 완공됨에 따라 [경전선]에 통합되었다."}