{"entityTagged":"[오락실](5Rock室)은 [1998년] [황혜영_(가수)]이 리더로서 주도한 [대한민국]의 프로젝트 [록_음악] [보컬] [음악_그룹]이다.","globalSId":[3639253],"entities":[{"kbox_types":["NULL"],"st":0,"en_mention":3,"ancestor":"-2","eIdx":0,"st_mention":0,"en":5,"ne_type":"ORGANIZATION","keyword":"[오락실]","e_type":"NEW"},{"kbox_types":["Year","MusicalWork","TimePeriod","Work","Album"],"st":15,"en_mention":18,"ancestor":"","eIdx":1,"st_mention":13,"en":22,"ne_type":"TIME","keyword":"[1998년]","e_type":"WIKILINK"},{"kbox_types":["Agent","Person","MusicalArtist","Artist"],"st":23,"en_mention":22,"ancestor":"","eIdx":2,"st_mention":19,"en":33,"ne_type":"PERSON","keyword":"[황혜영_(가수)]","e_type":"WIKILINK"},{"kbox_types":["Country","PopulatedPlace","PopulatedPlace","Place"],"st":44,"en_mention":37,"ancestor":"","eIdx":3,"st_mention":33,"en":50,"ne_type":"LOCATION","keyword":"[대한민국]","e_type":"WIKILINK"},{"kbox_types":["MusicGenre","TopicalConcept","Genre"],"st":57,"en_mention":48,"ancestor":"","eIdx":4,"st_mention":44,"en":63,"ne_type":"ETC","keyword":"[록_음악]","e_type":"WIKILINK"},{"kbox_types":["Instrument","Device"],"st":64,"en_mention":51,"ancestor":"","eIdx":5,"st_mention":49,"en":68,"ne_type":"ETC","keyword":"[보컬]","e_type":"WIKILINK"},{"kbox_types":["NULL"],"st":69,"en_mention":54,"ancestor":"","eIdx":6,"st_mention":52,"en":76,"ne_type":"ETC","keyword":"[음악_그룹]","e_type":"WIKILINK"}],"wikiPageId":1365952,"pIdx":1,"plainText":"오락실(5Rock室)은 1998년 황혜영이 리더로서 주도한 대한민국의 프로젝트 록 음악 보컬 듀오이다.","mentionTagged":"[오락실](5Rock室)은 [1998년] [황혜영]이 리더로서 주도한 [대한민국]의 프로젝트 [록 음악] [보컬] [듀오]이다."}