{"entityTagged":"지리. <오리노코_강>은 [남아메리카]에서 [아마존_강]과 [파라나_강]에 이어 세번째로 긴 강으로 그 유역은 [베네수엘라] 국토의 80%와 [콜롬비아] 국토의 25%를 차지한다. 강 상류에는 두 가지 유명한 특징이 있다. 하나는 세계에서 가장 높은 수직 구간으로 직접 물이 떨어지는 폭포인 979m 높이의 [앙헬_폭포]([엔젤_폭포])로 [추룬 강]을 따라 [아우얀테뷔](악마의 산) 산에서 떨어진 후 <오리노코_강>과 합류한다. 두 번째는 [카시콰이아르 수로]인데 355km의 길이로 [오리노코 강]의 물을 남쪽의 [아마존_강]의 한 지류인 [리오네그로_강]으로 흘려보낸다.","globalSId":[1719394,1719395,1719396,1719397,1719398],"entities":[{"kbox_types":["River","Place","River","BodyOfWater","Stream","NaturalPlace"],"st":4,"en_mention":9,"ancestor":"","eIdx":0,"st_mention":3,"en":12,"ne_type":"LOCATION","keyword":"<오리노코_강>","e_type":"ELU"},{"kbox_types":["PopulatedPlace","Place","Settlement","PopulatedPlace","Continent"],"st":14,"en_mention":16,"ancestor":"","eIdx":1,"st_mention":11,"en":21,"ne_type":"LOCATION","keyword":"[남아메리카]","e_type":"WIKILINK"},{"kbox_types":["River","Place","River","BodyOfWater","Stream","NaturalPlace"],"st":24,"en_mention":24,"ancestor":"","eIdx":2,"st_mention":19,"en":31,"ne_type":"LOCATION","keyword":"[아마존_강]","e_type":"WIKILINK"},{"kbox_types":["River","Place","River","BodyOfWater","Stream","NaturalPlace"],"st":33,"en_mention":31,"ancestor":"","eIdx":3,"st_mention":26,"en":40,"ne_type":"LOCATION","keyword":"[파라나_강]","e_type":"WIKILINK"},{"kbox_types":["Country","PopulatedPlace","PopulatedPlace","Place"],"st":62,"en_mention":58,"ancestor":"","eIdx":4,"st_mention":53,"en":69,"ne_type":"LOCATION","keyword":"[베네수엘라]","e_type":"WIKILINK"},{"kbox_types":["Country","PopulatedPlace","Settlement","PopulatedPlace","Place"],"st":79,"en_mention":72,"ancestor":"","eIdx":5,"st_mention":68,"en":85,"ne_type":"LOCATION","keyword":"[콜롬비아]","e_type":"WIKILINK"},{"kbox_types":["NULL"],"st":172,"en_mention":164,"ancestor":"","eIdx":6,"st_mention":159,"en":179,"ne_type":"ETC","keyword":"[앙헬_폭포]","e_type":"WIKILINK"},{"kbox_types":["NULL"],"st":180,"en_mention":170,"ancestor":"","eIdx":7,"st_mention":165,"en":187,"ne_type":"ETC","keyword":"[엔젤_폭포]","e_type":"WIKILINK"},{"kbox_types":["NULL"],"st":190,"en_mention":177,"ancestor":"-2","eIdx":8,"st_mention":173,"en":196,"ne_type":"LOCATION","keyword":"[추룬 강]","e_type":"NEW"},{"kbox_types":["NULL"],"st":201,"en_mention":187,"ancestor":"-2","eIdx":9,"st_mention":182,"en":208,"ne_type":"LOCATION","keyword":"[아우얀테뷔]","e_type":"NEW"},{"kbox_types":["River","Place","River","BodyOfWater","Stream","NaturalPlace"],"st":226,"en_mention":211,"ancestor":"","eIdx":10,"st_mention":205,"en":234,"ne_type":"LOCATION","keyword":"<오리노코_강>","e_type":"ELU"},{"kbox_types":["NULL"],"st":248,"en_mention":234,"ancestor":"-2","eIdx":11,"st_mention":225,"en":259,"ne_type":"LOCATION","keyword":"[카시콰이아르 수로]","e_type":"NEW"},{"kbox_types":["River","Place","River","BodyOfWater","Stream","NaturalPlace"],"st":273,"en_mention":254,"ancestor":"2-0","eIdx":12,"st_mention":248,"en":281,"ne_type":"LOCATION","keyword":"[오리노코 강]","e_type":"NEW"},{"kbox_types":["River","Place","River","BodyOfWater","Stream","NaturalPlace"],"st":290,"en_mention":268,"ancestor":"","eIdx":13,"st_mention":263,"en":297,"ne_type":"LOCATION","keyword":"[아마존_강]","e_type":"WIKILINK"},{"kbox_types":["NULL"],"st":305,"en_mention":283,"ancestor":"","eIdx":14,"st_mention":276,"en":314,"ne_type":"ETC","keyword":"[리오네그로_강]","e_type":"WIKILINK"}],"wikiPageId":323554,"pIdx":2,"plainText":"지리 오리노코 강은 남아메리카에서 아마존 강과 파라나 강에 이어 세번째로 긴 강으로 그 유역은 베네수엘라 국토의 80%와 콜롬비아 국토의 25%를 차지한다. 강 상류에는 두 가지 유명한 특징이 있다. 하나는 세계에서 가장 높은 수직 구간으로 직접 물이 떨어지는 폭포인 979m 높이의 앙헬 폭포(엔젤 폭포)로 추룬 강을 따라 아우얀테뷔(악마의 산) 산에서 떨어진 후 오리노코 강과 합류한다. 두 번째는 카시콰이아르 수로인데 355km의 길이로 오리노코 강의 물을 남쪽의 아마존 강의 한 지류인 리오네그로 강으로 흘려보낸다.","pronouns":[{"st":56,"ancestor":"2-0","proIdx":0,"en":60,"cwStateCd":"FIXED","cwSelIdx":1,"type":"PRONOUN","keyword":"그 유역은"},{"st":299,"ancestor":"-2","proIdx":1,"en":303,"cwStateCd":"FIXED","cwSelIdx":[],"type":"PRONOUN","keyword":"한 지류인"},{"st":305,"ancestor":"-2","proIdx":2,"en":307,"cwStateCd":"FIXED","cwSelIdx":[],"type":"PRONOUN","keyword":"[리오네그로_강]"}],"mentionTagged":"지리 [오리노코 강]은 [남아메리카]에서 [아마존 강]과 [파라나 강]에 이어 세번째로 긴 강으로 그 유역은 [베네수엘라] 국토의 80%와 [콜롬비아] 국토의 25%를 차지한다. 강 상류에는 두 가지 유명한 특징이 있다. 하나는 세계에서 가장 높은 수직 구간으로 직접 물이 떨어지는 폭포인 979m 높이의 [앙헬 폭포]([엔젤 폭포])로 [추룬 강]을 따라 [아우얀테뷔](악마의 산) 산에서 떨어진 후 [오리노코 강]과 합류한다. 두 번째는 [카시콰이아르 수로]인데 355km의 길이로 [오리노코 강]의 물을 남쪽의 [아마존 강]의 한 지류인 [리오네그로 강]으로 흘려보낸다."}