{"entityTagged":"[자가지그 대학교]([아랍어]:جامعة الزقازيق\u200E)는 [이집트] [샤르키야_주] [자가지그]에 있는 [대학교]다. [1974년] 설립됐다.","globalSId":[1955151,1955152],"entities":[{"kbox_types":["University","Agent","EducationalInstitution","Organisation"],"st":0,"en_mention":8,"ancestor":"-2","eIdx":0,"st_mention":0,"en":10,"ne_type":"LOCATION","keyword":"[자가지그 대학교]","e_type":"NEW"},{"kbox_types":["Language"],"st":11,"en_mention":12,"ancestor":"","eIdx":1,"st_mention":9,"en":16,"ne_type":"ETC","keyword":"[아랍어]","e_type":"WIKILINK"},{"kbox_types":["Country","PopulatedPlace","PopulatedPlace","Place"],"st":35,"en_mention":34,"ancestor":"","eIdx":2,"st_mention":31,"en":40,"ne_type":"LOCATION","keyword":"[이집트]","e_type":"WIKILINK"},{"kbox_types":["NULL"],"st":41,"en_mention":41,"ancestor":"","eIdx":3,"st_mention":35,"en":49,"ne_type":"ETC","keyword":"[샤르키야_주]","e_type":"WIKILINK"},{"kbox_types":["PopulatedPlace","Settlement","PopulatedPlace","City","Place"],"st":50,"en_mention":46,"ancestor":"","eIdx":4,"st_mention":42,"en":56,"ne_type":"LOCATION","keyword":"[자가지그]","e_type":"WIKILINK"},{"kbox_types":["NULL"],"st":61,"en_mention":54,"ancestor":"","eIdx":5,"st_mention":51,"en":66,"ne_type":"ETC","keyword":"[대학교]","e_type":"WIKILINK"},{"kbox_types":["Year","TimePeriod"],"st":69,"en_mention":62,"ancestor":"","eIdx":6,"st_mention":57,"en":76,"ne_type":"TIME","keyword":"[1974년]","e_type":"WIKILINK"}],"wikiPageId":403733,"pIdx":1,"plainText":"자가지그 대학교(아랍어:جامعة الزقازيق\u200E)는 이집트 샤르키야 주 자가지그에 있는 대학교다. 1974년 설립됐다.","pronouns":[],"mentionTagged":"[자가지그 대학교]([아랍어]:جامعة الزقازيق\u200E)는 [이집트] [샤르키야 주] [자가지그]에 있는 [대학교]다. [1974년] 설립됐다."}