{"entityTagged":"[아스콜리 피키오 FC 1898](Ascoli Picchio F.C. 1898)는 [1898년]에 창설된 [이탈리아]의 축구 클럽으로, [마르케_주] [아스콜리피체노]를 연고지로 한다. 현재 [세리에_B]에서 활약하고 있다.","globalSId":[2544514,2544515,2544516],"entities":[{"kbox_types":["SoccerClub","Agent","SportsTeam","Organisation"],"st":0,"en_mention":16,"ancestor":"-2","eIdx":0,"st_mention":0,"en":18,"ne_type":"ORGANIZATION","keyword":"[아스콜리 피키오 FC 1898]","e_type":"NEW"},{"kbox_types":["Year","TimePeriod"],"st":46,"en_mention":49,"ancestor":"","eIdx":1,"st_mention":44,"en":53,"ne_type":"TIME","keyword":"[1898년]","e_type":"WIKILINK"},{"kbox_types":["Country","PopulatedPlace","Settlement","PopulatedPlace","Place"],"st":59,"en_mention":59,"ancestor":"","eIdx":2,"st_mention":55,"en":65,"ne_type":"LOCATION","keyword":"[이탈리아]","e_type":"WIKILINK"},{"kbox_types":["Region","PopulatedPlace","AdministrativeRegion","Place","Settlement","AdministrativeRegion"],"st":76,"en_mention":75,"ancestor":"","eIdx":3,"st_mention":70,"en":83,"ne_type":"LOCATION","keyword":"[마르케_주]","e_type":"WIKILINK"},{"kbox_types":["PopulatedPlace","Settlement","PopulatedPlace","Place"],"st":84,"en_mention":83,"ancestor":"","eIdx":4,"st_mention":76,"en":93,"ne_type":"LOCATION","keyword":"[아스콜리피체노]","e_type":"WIKILINK"},{"kbox_types":["Agent","SportsLeague","Organisation","SoccerLeague"],"st":107,"en_mention":102,"ancestor":"","eIdx":5,"st_mention":97,"en":114,"ne_type":"ORGANIZATION","keyword":"[세리에_B]","e_type":"WIKILINK"}],"wikiPageId":671637,"pIdx":1,"plainText":"아스콜리 피키오 FC 1898(Ascoli Picchio F.C. 1898)는 1898년에 창설된 이탈리아의 축구 클럽으로, 마르케 주 아스콜리피체노를 연고지로 한다. 현재 세리에 B에서 활약하고 있다.","mentionTagged":"[아스콜리 피키오 FC 1898](Ascoli Picchio F.C. 1898)는 [1898년]에 창설된 [이탈리아]의 축구 클럽으로, [마르케 주] [아스콜리피체노]를 연고지로 한다. 현재 [세리에 B]에서 활약하고 있다."}