{"entityTagged":"그는 [김장생]으로부터 《근사록(近思錄)》·《심경(心經)》·《가례(家禮)》 등을 배웠고, [1641년] [김장생]이 작고하자 다시 그의 아들인 신독재 [김집_(1574년)]을 스승으로 받들고 수학하였는데, 이때부터 전적으로 주자의 글을 읽으며 주자의 예학대로 생활하였다.","globalSId":[407552],"entities":[{"kbox_types":["Agent","Person"],"st":3,"en_mention":6,"ancestor":"","eIdx":0,"st_mention":3,"en":8,"ne_type":"PERSON","keyword":"[김장생]","e_type":"WIKILINK"},{"kbox_types":["Year","TimePeriod"],"st":50,"en_mention":53,"ancestor":"","eIdx":1,"st_mention":48,"en":57,"ne_type":"TIME","keyword":"[1641년]","e_type":"WIKILINK"},{"kbox_types":["Agent","Person"],"st":58,"en_mention":57,"ancestor":"","eIdx":2,"st_mention":54,"en":63,"ne_type":"PERSON","keyword":"[김장생]","e_type":"WIKILINK"},{"kbox_types":["Agent","Person"],"st":84,"en_mention":80,"ancestor":"","eIdx":3,"st_mention":78,"en":96,"ne_type":"PERSON","keyword":"[김집_(1574년)]","e_type":"WIKILINK"}],"wikiPageId":43203,"pIdx":19,"plainText":"그는 김장생으로부터 《근사록(近思錄)》·《심경(心經)》·《가례(家禮)》 등을 배웠고, 1641년 김장생이 작고하자 다시 그의 아들인 신독재 김집을 스승으로 받들고 수학하였는데, 이때부터 전적으로 주자의 글을 읽으며 주자의 예학대로 생활하였다.","mentionTagged":"그는 [김장생]으로부터 《근사록(近思錄)》·《심경(心經)》·《가례(家禮)》 등을 배웠고, [1641년] [김장생]이 작고하자 다시 그의 아들인 신독재 [김집]을 스승으로 받들고 수학하였는데, 이때부터 전적으로 주자의 글을 읽으며 주자의 예학대로 생활하였다."}