{"entityTagged":"[미국_멕시코_전쟁] 이후 국민적 영웅으로 떠오른 [스콧]은 <멕시코시티>의 주지사를 역임했다. 이 명성으로 인해 [1852년], [휘그당_(미국)]은 현직 미국 대통령 [밀러 드 필모어] 대신에 [스콧]을 대통령 후보로 지명했다. 그러나 본 선거에서는 [민주당_(미국)]의 [프랭클린_피어스]에게 패했다. [스콧]은 가장 인기 있는 국민적 우상으로 [1856년]에 명예 중장이 되었다. 이 계급을 얻은 것은 [조지_워싱턴] 이후가 되었다.","globalSId":[3166793,3166794,3166795,3166796,3166797],"entities":[{"kbox_types":["NULL"],"st":0,"en_mention":9,"ancestor":"","eIdx":0,"st_mention":0,"en":11,"ne_type":"ETC","keyword":"[미국_멕시코_전쟁]","e_type":"WIKILINK"},{"kbox_types":["NULL"],"st":28,"en_mention":28,"ancestor":"-2","eIdx":1,"st_mention":26,"en":32,"ne_type":"PERSON","keyword":"[스콧]","e_type":"NEW"},{"kbox_types":["PopulatedPlace","Place","Settlement","PopulatedPlace"],"st":34,"en_mention":36,"ancestor":"","eIdx":2,"st_mention":30,"en":41,"ne_type":"LOCATION","keyword":"<멕시코시티>","e_type":"ELU"},{"kbox_types":["Year","TimePeriod"],"st":64,"en_mention":64,"ancestor":"","eIdx":3,"st_mention":59,"en":71,"ne_type":"TIME","keyword":"[1852년]","e_type":"WIKILINK"},{"kbox_types":["Agent","PoliticalParty","Organisation"],"st":73,"en_mention":69,"ancestor":"","eIdx":4,"st_mention":66,"en":83,"ne_type":"ORGANIZATION","keyword":"[휘그당_(미국)]","e_type":"WIKILINK"},{"kbox_types":["NULL"],"st":95,"en_mention":89,"ancestor":"-2","eIdx":5,"st_mention":81,"en":105,"ne_type":"PERSON","keyword":"[밀러 드 필모어]","e_type":"NEW"},{"kbox_types":["NULL"],"st":110,"en_mention":96,"ancestor":"2-1","eIdx":6,"st_mention":94,"en":114,"ne_type":"PERSON","keyword":"[스콧]","e_type":"NEW"},{"kbox_types":["Agent","PoliticalParty","Organisation"],"st":142,"en_mention":127,"ancestor":"","eIdx":7,"st_mention":124,"en":152,"ne_type":"ORGANIZATION","keyword":"[민주당_(미국)]","e_type":"WIKILINK"},{"kbox_types":["Politician","Agent","Person","OfficeHolder","President"],"st":154,"en_mention":137,"ancestor":"","eIdx":8,"st_mention":129,"en":164,"ne_type":"PERSON","keyword":"[프랭클린_피어스]","e_type":"WIKILINK"},{"kbox_types":["NULL"],"st":172,"en_mention":147,"ancestor":"2-6","eIdx":9,"st_mention":145,"en":176,"ne_type":"PERSON","keyword":"[스콧]","e_type":"NEW"},{"kbox_types":["Year","TimePeriod"],"st":196,"en_mention":172,"ancestor":"","eIdx":10,"st_mention":167,"en":203,"ne_type":"TIME","keyword":"[1856년]","e_type":"WIKILINK"},{"kbox_types":["Agent","Person","OfficeHolder","MilitaryPerson"],"st":229,"en_mention":204,"ancestor":"","eIdx":11,"st_mention":198,"en":237,"ne_type":"PERSON","keyword":"[조지_워싱턴]","e_type":"WIKILINK"}],"wikiPageId":995937,"pIdx":2,"plainText":"미국 멕시코 전쟁 이후 국민적 영웅으로 떠오른 스콧은 멕시코 시티의 주지사를 역임했다. 이 명성으로 인해 1852년, 휘그당은 현직 미국 대통령 밀러 드 필모어 대신에 스콧을 대통령 후보로 지명했다. 그러나 본 선거에서는 민주당의 프랭클린 피어스에게 패했다. 스콧은 가장 인기 있는 국민적 우상으로 1856년에 명예 중장이 되었다. 이 계급을 얻은 것은 조지 워싱턴 이후가 되었다.","mentionTagged":"[미국 멕시코 전쟁] 이후 국민적 영웅으로 떠오른 [스콧]은 [멕시코 시티]의 주지사를 역임했다. 이 명성으로 인해 [1852년], [휘그당]은 현직 미국 대통령 [밀러 드 필모어] 대신에 [스콧]을 대통령 후보로 지명했다. 그러나 본 선거에서는 [민주당]의 [프랭클린 피어스]에게 패했다. [스콧]은 가장 인기 있는 국민적 우상으로 [1856년]에 명예 중장이 되었다. 이 계급을 얻은 것은 [조지 워싱턴] 이후가 되었다."}