{"entityTagged":"《작별》의 단축 종영. [1994년] [SBS] 50부작 <문화방송_월화드라마> 《[작별_(드라마)]》의 연출가가 [김수동] PD(삼화프로덕션 제작위원)에서 [곽영범] PD(SBS 제작위원)로 전격 교체되는 일이 발생했다. 이미 녹화가 끝난 1, 2회분 가운데 [프랑스] [파리] 로케이션 부분을 제외한 국내 촬영분에 대해 작가의 요구로 재촬영하는 등 PD와 작가 사이에 작품의 완성도를 둘러싸고 마찰을 빚어온 것이 갈등의 불씨가 된 것이다. 결국 방송사 [SBS]는 '드라마의 성공을 위해서라도 일찌감치 작가와 호흡이 맞는 연출가로 교체하는 것이 바람직하다'는 입장을 내어놓아, [MBC] TV 시절부터 오랜기간 <김수현_(작가)>과 명콤비로 호흡을 맞춰온 [곽영범] PD를 투입함으로써 결과적으로 작가 <김수현_(작가)>의 손을 들어주었다. 이에 [한국방송프로듀서연합회]는 \"1회분 방송이 나간 뒤에 작가가 연출자 교체를 요구하는 것은 작가의 영역을 넘어선 월권행위이며, 프로그램 최종 책임자인 [프로듀서]의 전문성과 권한을 무시한 처사\"라는 입장을 밝히고, 해당 작가인 <김수현_(작가)>의 공개사과와 재발방지 약속을 요구했다. 방송가에서는 이 일을 두고 작가의 입김이 너무 거세 연출자의 권한까지 침해하고 작가의 파워로 연출자를 갈아치웠다는 사례로 평했다. 50회로 기획되었으나 60~70회로 늘여 방영할 방침이었던 《[작별_(드라마)]》은 애초 계획대로 종영하기로 작가와 [SBS]가 합의를 보면서 사실상 단축 종영을 하였다.","globalSId":[413155,413156,413157,413158,413159,413160,413161],"entities":[{"kbox_types":["Year","MusicalWork","TimePeriod","Work","Album"],"st":13,"en_mention":17,"ancestor":"","eIdx":0,"st_mention":12,"en":20,"ne_type":"TIME","keyword":"[1994년]","e_type":"WIKILINK"},{"kbox_types":["NULL"],"st":21,"en_mention":21,"ancestor":"","eIdx":1,"st_mention":18,"en":26,"ne_type":"ETC","keyword":"[SBS]","e_type":"WIKILINK"},{"kbox_types":["NULL"],"st":32,"en_mention":32,"ancestor":"","eIdx":2,"st_mention":27,"en":44,"ne_type":"ETC","keyword":"<문화방송_월화드라마>","e_type":"ELU"},{"kbox_types":["Work","TelevisionShow"],"st":46,"en_mention":36,"ancestor":"","eIdx":3,"st_mention":34,"en":56,"ne_type":"ETC","keyword":"[작별_(드라마)]","e_type":"WIKILINK"},{"kbox_types":["Actor","Agent","Person","Artist"],"st":64,"en_mention":47,"ancestor":"-2","eIdx":4,"st_mention":44,"en":69,"ne_type":"PERSON","keyword":"[김수동]","e_type":"NEW"},{"kbox_types":["Actor","Agent","Person","Artist"],"st":88,"en_mention":69,"ancestor":"-2","eIdx":5,"st_mention":66,"en":93,"ne_type":"PERSON","keyword":"[곽영범]","e_type":"NEW"},{"kbox_types":["Country","PopulatedPlace","Settlement","PopulatedPlace","Place"],"st":146,"en_mention":125,"ancestor":"","eIdx":6,"st_mention":122,"en":151,"ne_type":"LOCATION","keyword":"[프랑스]","e_type":"WIKILINK"},{"kbox_types":["NULL"],"st":152,"en_mention":128,"ancestor":"-2","eIdx":7,"st_mention":126,"en":156,"ne_type":"LOCATION","keyword":"[파리]","e_type":"NEW"},{"kbox_types":["NULL"],"st":255,"en_mention":230,"ancestor":"","eIdx":8,"st_mention":227,"en":260,"ne_type":"ETC","keyword":"[SBS]","e_type":"WIKILINK"},{"kbox_types":["Actor","Agent","Person","Artist"],"st":325,"en_mention":298,"ancestor":"","eIdx":9,"st_mention":295,"en":330,"ne_type":"PERSON","keyword":"[MBC]","e_type":"WIKILINK"},{"kbox_types":["Writer","Agent","Person"],"st":344,"en_mention":315,"ancestor":"","eIdx":10,"st_mention":312,"en":354,"ne_type":"PERSON","keyword":"<김수현_(작가)>","e_type":"ELU"},{"kbox_types":["Actor","Agent","Person","Artist"],"st":369,"en_mention":333,"ancestor":"19-5","eIdx":11,"st_mention":330,"en":374,"ne_type":"PERSON","keyword":"[곽영범]","e_type":"NEW"},{"kbox_types":["Writer","Agent","Person"],"st":395,"en_mention":357,"ancestor":"","eIdx":12,"st_mention":354,"en":405,"ne_type":"PERSON","keyword":"<김수현_(작가)>","e_type":"ELU"},{"kbox_types":["NULL"],"st":420,"en_mention":383,"ancestor":"-2","eIdx":13,"st_mention":372,"en":433,"ne_type":"ORGANIZATION","keyword":"[한국방송프로듀서연합회]","e_type":"NEW"},{"kbox_types":["NULL"],"st":503,"en_mention":457,"ancestor":"","eIdx":14,"st_mention":453,"en":509,"ne_type":"ETC","keyword":"[프로듀서]","e_type":"WIKILINK"},{"kbox_types":["Writer","Agent","Person"],"st":546,"en_mention":497,"ancestor":"","eIdx":15,"st_mention":494,"en":556,"ne_type":"PERSON","keyword":"<김수현_(작가)>","e_type":"ELU"},{"kbox_types":["Work","TelevisionShow"],"st":686,"en_mention":629,"ancestor":"","eIdx":16,"st_mention":627,"en":696,"ne_type":"ETC","keyword":"[작별_(드라마)]","e_type":"WIKILINK"},{"kbox_types":["NULL"],"st":717,"en_mention":653,"ancestor":"","eIdx":17,"st_mention":650,"en":722,"ne_type":"ETC","keyword":"[SBS]","e_type":"WIKILINK"}],"wikiPageId":43793,"pIdx":19,"plainText":"《작별》의 단축 종영 1994년 SBS 50부작 월화드라마 《작별》의 연출가가 김수동 PD(삼화프로덕션 제작위원)에서 곽영범 PD(SBS 제작위원)로 전격 교체되는 일이 발생했다. 이미 녹화가 끝난 1, 2회분 가운데 프랑스 파리 로케이션 부분을 제외한 국내 촬영분에 대해 작가의 요구로 재촬영하는 등 PD와 작가 사이에 작품의 완성도를 둘러싸고 마찰을 빚어온 것이 갈등의 불씨가 된 것이다. 결국 방송사 SBS는 '드라마의 성공을 위해서라도 일찌감치 작가와 호흡이 맞는 연출가로 교체하는 것이 바람직하다'는 입장을 내어놓아, MBC TV 시절부터 오랜기간 김수현과 명콤비로 호흡을 맞춰온 곽영범 PD를 투입함으로써 결과적으로 작가 김수현의 손을 들어주었다. 이에 한국방송프로듀서연합회는 \"1회분 방송이 나간 뒤에 작가가 연출자 교체를 요구하는 것은 작가의 영역을 넘어선 월권행위이며, 프로그램 최종 책임자인 프로듀서의 전문성과 권한을 무시한 처사\"라는 입장을 밝히고, 해당 작가인 김수현의 공개사과와 재발방지 약속을 요구했다. 방송가에서는 이 일을 두고 작가의 입김이 너무 거세 연출자의 권한까지 침해하고 작가의 파워로 연출자를 갈아치웠다는 사례로 평했다. 50회로 기획되었으나 60~70회로 늘여 방영할 방침이었던 《작별》은 애초 계획대로 종영하기로 작가와 SBS가 합의를 보면서 사실상 단축 종영을 하였다.","mentionTagged":"《작별》의 단축 종영 [1994년] [SBS] 50부작 [월화드라마] 《[작별]》의 연출가가 [김수동] PD(삼화프로덕션 제작위원)에서 [곽영범] PD(SBS 제작위원)로 전격 교체되는 일이 발생했다. 이미 녹화가 끝난 1, 2회분 가운데 [프랑스] [파리] 로케이션 부분을 제외한 국내 촬영분에 대해 작가의 요구로 재촬영하는 등 PD와 작가 사이에 작품의 완성도를 둘러싸고 마찰을 빚어온 것이 갈등의 불씨가 된 것이다. 결국 방송사 [SBS]는 '드라마의 성공을 위해서라도 일찌감치 작가와 호흡이 맞는 연출가로 교체하는 것이 바람직하다'는 입장을 내어놓아, [MBC] TV 시절부터 오랜기간 [김수현]과 명콤비로 호흡을 맞춰온 [곽영범] PD를 투입함으로써 결과적으로 작가 [김수현]의 손을 들어주었다. 이에 [한국방송프로듀서연합회]는 \"1회분 방송이 나간 뒤에 작가가 연출자 교체를 요구하는 것은 작가의 영역을 넘어선 월권행위이며, 프로그램 최종 책임자인 [프로듀서]의 전문성과 권한을 무시한 처사\"라는 입장을 밝히고, 해당 작가인 [김수현]의 공개사과와 재발방지 약속을 요구했다. 방송가에서는 이 일을 두고 작가의 입김이 너무 거세 연출자의 권한까지 침해하고 작가의 파워로 연출자를 갈아치웠다는 사례로 평했다. 50회로 기획되었으나 60~70회로 늘여 방영할 방침이었던 《[작별]》은 애초 계획대로 종영하기로 작가와 [SBS]가 합의를 보면서 사실상 단축 종영을 하였다."}