{"entityTagged":"[가시돔아목](Cirrhitioidei)은 [검정우럭목]에 속하는 [조기어류] 아목의 하나이다. [농어목] [농어아목]에 속하는 [가시돔상과](Cirrhitoidea)로 분류하기도 한다.","globalSId":[3533375,3533376],"entities":[{"kbox_types":["Animal","Species","TopicalConcept","Taxon","Eukaryote"],"st":0,"en_mention":5,"ancestor":"-2","eIdx":0,"st_mention":0,"en":7,"ne_type":"ETC","keyword":"[가시돔아목]","e_type":"NEW"},{"kbox_types":["Animal","Species","TopicalConcept","Taxon","Eukaryote"],"st":24,"en_mention":27,"ancestor":"","eIdx":1,"st_mention":22,"en":31,"ne_type":"ETC","keyword":"[검정우럭목]","e_type":"WIKILINK"},{"kbox_types":["Animal","Species","TopicalConcept","Taxon","Eukaryote"],"st":37,"en_mention":37,"ancestor":"","eIdx":2,"st_mention":33,"en":43,"ne_type":"ETC","keyword":"[조기어류]","e_type":"WIKILINK"},{"kbox_types":["Animal","Species","TopicalConcept","Fish","Taxon","Eukaryote"],"st":54,"en_mention":51,"ancestor":"","eIdx":3,"st_mention":48,"en":59,"ne_type":"ETC","keyword":"[농어목]","e_type":"WIKILINK"},{"kbox_types":["Animal","Species","TopicalConcept","Fish","Taxon","Eukaryote"],"st":60,"en_mention":56,"ancestor":"","eIdx":4,"st_mention":52,"en":66,"ne_type":"ETC","keyword":"[농어아목]","e_type":"WIKILINK"},{"kbox_types":["NULL"],"st":72,"en_mention":67,"ancestor":"-2","eIdx":5,"st_mention":62,"en":79,"ne_type":"ETC","keyword":"[가시돔상과]","e_type":"NEW"}],"wikiPageId":1285438,"pIdx":1,"plainText":"가시돔아목(Cirrhitioidei)은 검정우럭목에 속하는 조기어류 아목의 하나이다. 농어목 농어아목에 속하는 가시돔상과(Cirrhitoidea)로 분류하기도 한다.","pronouns":[],"mentionTagged":"[가시돔아목](Cirrhitioidei)은 [검정우럭목]에 속하는 [조기어류] 아목의 하나이다. [농어목] [농어아목]에 속하는 [가시돔상과](Cirrhitoidea)로 분류하기도 한다."}