{"entityTagged":"<카스텔베테레인발포르토레>()는 [이탈리아] [캄파니아_주] [베네벤토_현]의 코무네다. [나폴리]로부터 북동쪽으로 90km , [베네벤토] 북동쪽으로 35km 거리에 있다.","globalSId":[3064056,3064057],"entities":[{"kbox_types":["PopulatedPlace","Place","Settlement","PopulatedPlace"],"st":0,"en_mention":12,"ancestor":"","eIdx":0,"st_mention":0,"en":14,"ne_type":"LOCATION","keyword":"<카스텔베테레인발포르토레>","e_type":"ELU"},{"kbox_types":["Country","PopulatedPlace","Settlement","PopulatedPlace","Place"],"st":18,"en_mention":20,"ancestor":"","eIdx":1,"st_mention":16,"en":24,"ne_type":"LOCATION","keyword":"[이탈리아]","e_type":"WIKILINK"},{"kbox_types":["Region","PopulatedPlace","AdministrativeRegion","Place","AdministrativeRegion"],"st":25,"en_mention":27,"ancestor":"","eIdx":2,"st_mention":21,"en":33,"ne_type":"LOCATION","keyword":"[캄파니아_주]","e_type":"WIKILINK"},{"kbox_types":["PopulatedPlace","Settlement","PopulatedPlace","Place"],"st":34,"en_mention":34,"ancestor":"","eIdx":3,"st_mention":28,"en":42,"ne_type":"LOCATION","keyword":"[베네벤토_현]","e_type":"WIKILINK"},{"kbox_types":["PopulatedPlace","Place","Settlement","PopulatedPlace","City"],"st":50,"en_mention":45,"ancestor":"","eIdx":4,"st_mention":42,"en":55,"ne_type":"LOCATION","keyword":"[나폴리]","e_type":"WIKILINK"},{"kbox_types":["PopulatedPlace","Place","Settlement","PopulatedPlace"],"st":72,"en_mention":66,"ancestor":"","eIdx":5,"st_mention":62,"en":78,"ne_type":"LOCATION","keyword":"[베네벤토]","e_type":"WIKILINK"}],"wikiPageId":937339,"pIdx":1,"plainText":"카스텔베테레인발포르토레()는 이탈리아 캄파니아 주 베네벤토 현의 코무네다. 나폴리로부터 북동쪽으로 90km , 베네벤토 북동쪽으로 35km 거리에 있다.","mentionTagged":"[카스텔베테레인발포르토레]()는 [이탈리아] [캄파니아 주] [베네벤토 현]의 코무네다. [나폴리]로부터 북동쪽으로 90km , [베네벤토] 북동쪽으로 35km 거리에 있다."}