{"entityTagged":"<몬텔론고>()는 [이탈리아] [몰리세_주] [캄포바소_현]의 [코무네]다. [캄포바소]로부터 북동쪽 30km 거리에 있다.","globalSId":[3213396,3213397],"entities":[{"kbox_types":["PopulatedPlace","Place","Settlement","PopulatedPlace"],"st":0,"en_mention":4,"ancestor":"","eIdx":0,"st_mention":0,"en":6,"ne_type":"LOCATION","keyword":"<몬텔론고>","e_type":"ELU"},{"kbox_types":["Country","PopulatedPlace","Settlement","PopulatedPlace","Place"],"st":10,"en_mention":12,"ancestor":"","eIdx":1,"st_mention":8,"en":16,"ne_type":"LOCATION","keyword":"[이탈리아]","e_type":"WIKILINK"},{"kbox_types":["Region","PopulatedPlace","AdministrativeRegion","Place","AdministrativeRegion"],"st":17,"en_mention":18,"ancestor":"","eIdx":2,"st_mention":13,"en":24,"ne_type":"LOCATION","keyword":"[몰리세_주]","e_type":"WIKILINK"},{"kbox_types":["PopulatedPlace","Settlement","PopulatedPlace","Place"],"st":25,"en_mention":25,"ancestor":"","eIdx":3,"st_mention":19,"en":33,"ne_type":"LOCATION","keyword":"[캄포바소_현]","e_type":"WIKILINK"},{"kbox_types":["NULL"],"st":35,"en_mention":30,"ancestor":"","eIdx":4,"st_mention":27,"en":40,"ne_type":"ETC","keyword":"[코무네]","e_type":"WIKILINK"},{"kbox_types":["PopulatedPlace","Place","Settlement","PopulatedPlace"],"st":43,"en_mention":37,"ancestor":"","eIdx":5,"st_mention":33,"en":49,"ne_type":"LOCATION","keyword":"[캄포바소]","e_type":"WIKILINK"}],"wikiPageId":1023322,"pIdx":1,"plainText":"몬텔론고()는 이탈리아 몰리세 주 캄포바소 현의 코무네다. 캄포바소로부터 북동쪽 30km 거리에 있다.","pronouns":[],"mentionTagged":"[몬텔론고]()는 [이탈리아] [몰리세 주] [캄포바소 현]의 [코무네]다. [캄포바소]로부터 북동쪽 30km 거리에 있다."}