{"entityTagged":"[장블루](, )는 [벨기에] [왈롱] [나뮈르_주]에 위치한 도시로 면적은 95.86㎢, 인구는 24,153명([2013년] [1월] [1일] 기준), 인구 밀도는 250명\/㎢이다..","globalSId":[3626019],"entities":[{"kbox_types":["PopulatedPlace","Settlement","PopulatedPlace","Place"],"st":0,"en_mention":3,"ancestor":"-1","eIdx":0,"st_mention":0,"en":5,"ne_type":"LOCATION","keyword":"[장블루]","e_type":"NEW"},{"kbox_types":["Country","PopulatedPlace","Settlement","PopulatedPlace","Place"],"st":11,"en_mention":12,"ancestor":"","eIdx":1,"st_mention":9,"en":16,"ne_type":"LOCATION","keyword":"[벨기에]","e_type":"WIKILINK"},{"kbox_types":["PopulatedPlace","Settlement","PopulatedPlace","Place"],"st":17,"en_mention":15,"ancestor":"","eIdx":2,"st_mention":13,"en":21,"ne_type":"LOCATION","keyword":"[왈롱]","e_type":"WIKILINK"},{"kbox_types":["PopulatedPlace","Settlement","PopulatedPlace","Place"],"st":22,"en_mention":21,"ancestor":"","eIdx":3,"st_mention":16,"en":29,"ne_type":"LOCATION","keyword":"[나뮈르_주]","e_type":"WIKILINK"},{"kbox_types":["Year","MusicalWork","TimePeriod","Work","Album"],"st":63,"en_mention":60,"ancestor":"-1","eIdx":4,"st_mention":55,"en":70,"ne_type":"TIME","keyword":"[2013년]","e_type":"NEW"},{"kbox_types":["NULL"],"st":71,"en_mention":63,"ancestor":"-2","eIdx":5,"st_mention":61,"en":75,"ne_type":"TIME","keyword":"[1월]","e_type":"NEW"},{"kbox_types":["NULL"],"st":76,"en_mention":66,"ancestor":"-2","eIdx":6,"st_mention":64,"en":80,"ne_type":"TIME","keyword":"[1일]","e_type":"NEW"}],"wikiPageId":1353901,"pIdx":1,"plainText":"장블루(, )는 벨기에 왈롱 나뮈르 주에 위치한 도시로 면적은 95.86㎢, 인구는 24,153명(2013년 1월 1일 기준), 인구 밀도는 250명\/㎢이다..","mentionTagged":"[장블루](, )는 [벨기에] [왈롱] [나뮈르 주]에 위치한 도시로 면적은 95.86㎢, 인구는 24,153명([2013년] [1월] [1일] 기준), 인구 밀도는 250명\/㎢이다.."}