{"entityTagged":"<산코_선>()은 [일본] [시마네_현] [고쓰_시]의 [고쓰_역]부터 [히로시마_현] [미요시_시_(히로시마_현)]의 [미요시_역_(히로시마_현)]에 이르는 [서일본_여객철도]의 철도 노선(지방 교통선)이다.","globalSId":[2782925],"entities":[{"kbox_types":["ArchitecturalStructure","Place","RailwayLine","Place","RouteOfTransportation","Infrastructure"],"st":0,"en_mention":4,"ancestor":"","eIdx":0,"st_mention":0,"en":6,"ne_type":"LOCATION","keyword":"<산코_선>","e_type":"ELU"},{"kbox_types":["Country","PopulatedPlace","PopulatedPlace","Place"],"st":10,"en_mention":10,"ancestor":"","eIdx":1,"st_mention":8,"en":14,"ne_type":"LOCATION","keyword":"[일본]","e_type":"WIKILINK"},{"kbox_types":["Region","PopulatedPlace","AdministrativeRegion","Settlement","Place","AdministrativeRegion"],"st":15,"en_mention":16,"ancestor":"","eIdx":2,"st_mention":11,"en":22,"ne_type":"LOCATION","keyword":"[시마네_현]","e_type":"WIKILINK"},{"kbox_types":["PopulatedPlace","Settlement","PopulatedPlace","City","Place"],"st":23,"en_mention":21,"ancestor":"","eIdx":3,"st_mention":17,"en":29,"ne_type":"LOCATION","keyword":"[고쓰_시]","e_type":"WIKILINK"},{"kbox_types":["ArchitecturalStructure","Place","Station","Place","Infrastructure","RailwayStation"],"st":31,"en_mention":27,"ancestor":"","eIdx":4,"st_mention":23,"en":37,"ne_type":"LOCATION","keyword":"[고쓰_역]","e_type":"WIKILINK"},{"kbox_types":["Region","PopulatedPlace","AdministrativeRegion","Settlement","Place","AdministrativeRegion"],"st":40,"en_mention":36,"ancestor":"","eIdx":5,"st_mention":30,"en":48,"ne_type":"LOCATION","keyword":"[히로시마_현]","e_type":"WIKILINK"},{"kbox_types":["PopulatedPlace","Settlement","PopulatedPlace","City","Place"],"st":49,"en_mention":42,"ancestor":"","eIdx":6,"st_mention":37,"en":65,"ne_type":"LOCATION","keyword":"[미요시_시_(히로시마_현)]","e_type":"WIKILINK"},{"kbox_types":["ArchitecturalStructure","Place","Station","Place","Infrastructure","RailwayStation"],"st":67,"en_mention":49,"ancestor":"","eIdx":7,"st_mention":44,"en":83,"ne_type":"LOCATION","keyword":"[미요시_역_(히로시마_현)]","e_type":"WIKILINK"},{"kbox_types":["Agent","Organisation","Company"],"st":89,"en_mention":63,"ancestor":"","eIdx":8,"st_mention":55,"en":99,"ne_type":"ORGANIZATION","keyword":"[서일본_여객철도]","e_type":"WIKILINK"}],"wikiPageId":781204,"pIdx":1,"plainText":"산코 선()은 일본 시마네 현 고쓰 시의 고쓰 역부터 히로시마 현 미요시 시의 미요시 역에 이르는 서일본 여객철도의 철도 노선(지방 교통선)이다.","pronouns":[],"mentionTagged":"[산코 선]()은 [일본] [시마네 현] [고쓰 시]의 [고쓰 역]부터 [히로시마 현] [미요시 시]의 [미요시 역]에 이르는 [서일본 여객철도]의 철도 노선(지방 교통선)이다."}