{"entityTagged":"<외황강>(外煌江)은 [울산광역시] [울주군] [청량면] [율리]의 [문수산] [청송사지] 약수터에서 발원하여 [울산광역시] [온산읍] [처용리]와 [남구_(울산광역시)] <선암동_(울산)>에서 [동해]로 흘러드는 하천이다. 흐르는 도중에 [두현저수지]를 거친다.","globalSId":[2475760,2475761],"entities":[{"kbox_types":["River","Place","BodyOfWater","Stream","NaturalPlace"],"st":0,"en_mention":3,"ancestor":"","eIdx":0,"st_mention":0,"en":5,"ne_type":"LOCATION","keyword":"<외황강>","e_type":"ELU"},{"kbox_types":["PopulatedPlace","Place","Settlement","PopulatedPlace","City"],"st":12,"en_mention":15,"ancestor":"","eIdx":1,"st_mention":10,"en":19,"ne_type":"LOCATION","keyword":"[울산광역시]","e_type":"WIKILINK"},{"kbox_types":["PopulatedPlace","Settlement","PopulatedPlace","Place"],"st":20,"en_mention":19,"ancestor":"","eIdx":2,"st_mention":16,"en":25,"ne_type":"LOCATION","keyword":"[울주군]","e_type":"WIKILINK"},{"kbox_types":["NULL"],"st":26,"en_mention":23,"ancestor":"","eIdx":3,"st_mention":20,"en":31,"ne_type":"ETC","keyword":"[청량면]","e_type":"WIKILINK"},{"kbox_types":["NULL"],"st":32,"en_mention":26,"ancestor":"-2","eIdx":4,"st_mention":24,"en":36,"ne_type":"LOCATION","keyword":"[율리]","e_type":"NEW"},{"kbox_types":["Place","Mountain","Place","NaturalPlace"],"st":38,"en_mention":31,"ancestor":"","eIdx":5,"st_mention":28,"en":43,"ne_type":"LOCATION","keyword":"[문수산]","e_type":"WIKILINK"},{"kbox_types":["NULL"],"st":44,"en_mention":36,"ancestor":"","eIdx":6,"st_mention":32,"en":50,"ne_type":"ETC","keyword":"[청송사지]","e_type":"WIKILINK"},{"kbox_types":["PopulatedPlace","Place","Settlement","PopulatedPlace","City"],"st":62,"en_mention":53,"ancestor":"","eIdx":7,"st_mention":48,"en":69,"ne_type":"LOCATION","keyword":"[울산광역시]","e_type":"WIKILINK"},{"kbox_types":["NULL"],"st":70,"en_mention":57,"ancestor":"","eIdx":8,"st_mention":54,"en":75,"ne_type":"ETC","keyword":"[온산읍]","e_type":"WIKILINK"},{"kbox_types":["NULL"],"st":76,"en_mention":61,"ancestor":"-2","eIdx":9,"st_mention":58,"en":81,"ne_type":"LOCATION","keyword":"[처용리]","e_type":"NEW"},{"kbox_types":["PopulatedPlace","Settlement","PopulatedPlace","Place"],"st":83,"en_mention":65,"ancestor":"","eIdx":10,"st_mention":63,"en":95,"ne_type":"LOCATION","keyword":"[남구_(울산광역시)]","e_type":"WIKILINK"},{"kbox_types":["Region","PopulatedPlace","AdministrativeRegion","Place","AdministrativeRegion"],"st":96,"en_mention":69,"ancestor":"","eIdx":11,"st_mention":66,"en":106,"ne_type":"LOCATION","keyword":"<선암동_(울산)>","e_type":"ELU"},{"kbox_types":["Actor","Agent","Person","Artist"],"st":109,"en_mention":74,"ancestor":"","eIdx":12,"st_mention":72,"en":113,"ne_type":"PERSON","keyword":"[동해]","e_type":"WIKILINK"},{"kbox_types":["NULL"],"st":134,"en_mention":100,"ancestor":"","eIdx":13,"st_mention":95,"en":141,"ne_type":"ETC","keyword":"[두현저수지]","e_type":"WIKILINK"}],"wikiPageId":637486,"pIdx":1,"plainText":"외황강(外煌江)은 울산광역시 울주군 청량면 율리의 문수산 청송사지 약수터에서 발원하여 울산광역시 온산읍 처용리와 남구 황성동에서 동해로 흘러드는 하천이다. 흐르는 도중에 두현저수지를 거친다.","pronouns":[],"mentionTagged":"[외황강](外煌江)은 [울산광역시] [울주군] [청량면] [율리]의 [문수산] [청송사지] 약수터에서 발원하여 [울산광역시] [온산읍] [처용리]와 [남구] [황성동]에서 [동해]로 흘러드는 하천이다. 흐르는 도중에 [두현저수지]를 거친다."}