{"entityTagged":"<포라노_(리에티_현)>()는 [이탈리아] [라치오_주] [리에티_현]에 위치한 <코무네>다. [로마]로부터 북쪽 45km, [리에티]로부터 남서쪽 25km 거리에 있다.","globalSId":[3247614,3247615],"entities":[{"kbox_types":["PopulatedPlace","Place","Settlement","PopulatedPlace"],"st":0,"en_mention":3,"ancestor":"","eIdx":0,"st_mention":0,"en":13,"ne_type":"LOCATION","keyword":"<포라노_(리에티_현)>","e_type":"ELU"},{"kbox_types":["Country","PopulatedPlace","Settlement","PopulatedPlace","Place"],"st":17,"en_mention":11,"ancestor":"","eIdx":1,"st_mention":7,"en":23,"ne_type":"LOCATION","keyword":"[이탈리아]","e_type":"WIKILINK"},{"kbox_types":["Region","PopulatedPlace","AdministrativeRegion","Place","Settlement","AdministrativeRegion"],"st":24,"en_mention":17,"ancestor":"","eIdx":2,"st_mention":12,"en":31,"ne_type":"LOCATION","keyword":"[라치오_주]","e_type":"WIKILINK"},{"kbox_types":["PopulatedPlace","Settlement","PopulatedPlace","Place"],"st":32,"en_mention":23,"ancestor":"","eIdx":3,"st_mention":18,"en":39,"ne_type":"LOCATION","keyword":"[리에티_현]","e_type":"WIKILINK"},{"kbox_types":["NULL"],"st":45,"en_mention":32,"ancestor":"","eIdx":4,"st_mention":29,"en":50,"ne_type":"ETC","keyword":"<코무네>","e_type":"ELU"},{"kbox_types":["PopulatedPlace","Place","Settlement","PopulatedPlace"],"st":53,"en_mention":37,"ancestor":"","eIdx":5,"st_mention":35,"en":57,"ne_type":"LOCATION","keyword":"[로마]","e_type":"WIKILINK"},{"kbox_types":["PopulatedPlace","Place","Settlement","PopulatedPlace"],"st":70,"en_mention":53,"ancestor":"","eIdx":6,"st_mention":50,"en":75,"ne_type":"LOCATION","keyword":"[리에티]","e_type":"WIKILINK"}],"wikiPageId":1049103,"pIdx":1,"plainText":"포라노()는 이탈리아 라치오 주 리에티 현에 위치한 코무네다. 로마로부터 북쪽 45km, 리에티로부터 남서쪽 25km 거리에 있다.","pronouns":[],"mentionTagged":"[포라노]()는 [이탈리아] [라치오 주] [리에티 현]에 위치한 [코무네]다. [로마]로부터 북쪽 45km, [리에티]로부터 남서쪽 25km 거리에 있다."}