{"entityTagged":"[1615년] [관무재](觀武才)에 급제하고 [고산리첨사](高山里僉使)를 거쳐 [창성방어사]에 이르렀다. [1624년] [이괄의_난] 중 [도원수] [장만]을 도와 반란을 평정하여 [진무공신]에 책록되고 <학성군>에 봉해졌다.","globalSId":[824027,824028],"entities":[{"kbox_types":["Year","TimePeriod"],"st":0,"en_mention":5,"ancestor":"","eIdx":0,"st_mention":0,"en":7,"ne_type":"TIME","keyword":"[1615년]","e_type":"WIKILINK"},{"kbox_types":["NULL"],"st":8,"en_mention":9,"ancestor":"-2","eIdx":1,"st_mention":6,"en":13,"ne_type":"ETC","keyword":"[관무재]","e_type":"NEW"},{"kbox_types":["NULL"],"st":25,"en_mention":26,"ancestor":"-2","eIdx":2,"st_mention":21,"en":32,"ne_type":"ETC","keyword":"[고산리첨사]","e_type":"NEW"},{"kbox_types":["NULL"],"st":44,"en_mention":43,"ancestor":"-2","eIdx":3,"st_mention":38,"en":51,"ne_type":"ETC","keyword":"[창성방어사]","e_type":"NEW"},{"kbox_types":["Year","Agent","EducationalInstitution","TimePeriod","Organisation","University"],"st":59,"en_mention":56,"ancestor":"","eIdx":4,"st_mention":51,"en":66,"ne_type":"TIME","keyword":"[1624년]","e_type":"WIKILINK"},{"kbox_types":["MilitaryConflict","Event","SocietalEvent"],"st":67,"en_mention":62,"ancestor":"","eIdx":5,"st_mention":57,"en":74,"ne_type":"ETC","keyword":"[이괄의_난]","e_type":"WIKILINK"},{"kbox_types":["Agent","Person"],"st":77,"en_mention":68,"ancestor":"","eIdx":6,"st_mention":65,"en":82,"ne_type":"PERSON","keyword":"[도원수]","e_type":"WIKILINK"},{"kbox_types":["Agent","Person"],"st":83,"en_mention":71,"ancestor":"","eIdx":7,"st_mention":69,"en":87,"ne_type":"PERSON","keyword":"[장만]","e_type":"WIKILINK"},{"kbox_types":["NULL"],"st":101,"en_mention":89,"ancestor":"","eIdx":8,"st_mention":85,"en":107,"ne_type":"ETC","keyword":"[진무공신]","e_type":"WIKILINK"},{"kbox_types":["NULL"],"st":114,"en_mention":99,"ancestor":"","eIdx":9,"st_mention":96,"en":119,"ne_type":"ETC","keyword":"<학성군>","e_type":"ELU"}],"wikiPageId":111611,"pIdx":4,"plainText":"1615년 관무재(觀武才)에 급제하고 고산리첨사(高山里僉使)를 거쳐 창성방어사에 이르렀다. 1624년 이괄의 난 중 도원수 장만을 도와 반란을 평정하여 진무공신에 책록되고 학성군에 봉해졌다.","mentionTagged":"[1615년] [관무재](觀武才)에 급제하고 [고산리첨사](高山里僉使)를 거쳐 [창성방어사]에 이르렀다. [1624년] [이괄의 난] 중 [도원수] [장만]을 도와 반란을 평정하여 [진무공신]에 책록되고 [학성군]에 봉해졌다."}