{"entityTagged":"<도키마타_역>()은 [일본] [나가노_현] [이다_시]에 위치한 [도카이_여객철도] [이다_선]의 [철도역]이다. [상대식_승강장] 2면 2선의 구조를 갖춘 지상역이다.","globalSId":[3417471,3417472],"entities":[{"kbox_types":["ArchitecturalStructure","Place","Station","Infrastructure","RailwayStation"],"st":0,"en_mention":6,"ancestor":"","eIdx":0,"st_mention":0,"en":8,"ne_type":"LOCATION","keyword":"<도키마타_역>","e_type":"ELU"},{"kbox_types":["Country","PopulatedPlace","PopulatedPlace","Place"],"st":12,"en_mention":12,"ancestor":"","eIdx":1,"st_mention":10,"en":16,"ne_type":"LOCATION","keyword":"[일본]","e_type":"WIKILINK"},{"kbox_types":["Region","PopulatedPlace","AdministrativeRegion","Settlement","Place","AdministrativeRegion"],"st":17,"en_mention":18,"ancestor":"","eIdx":2,"st_mention":13,"en":24,"ne_type":"LOCATION","keyword":"[나가노_현]","e_type":"WIKILINK"},{"kbox_types":["PopulatedPlace","Settlement","PopulatedPlace","City","Place"],"st":25,"en_mention":23,"ancestor":"","eIdx":3,"st_mention":19,"en":31,"ne_type":"LOCATION","keyword":"[이다_시]","e_type":"WIKILINK"},{"kbox_types":["Company","Agent","Organisation"],"st":37,"en_mention":37,"ancestor":"","eIdx":4,"st_mention":29,"en":47,"ne_type":"ORGANIZATION","keyword":"[도카이_여객철도]","e_type":"WIKILINK"},{"kbox_types":["ArchitecturalStructure","Place","RailwayLine","Place","RouteOfTransportation","Infrastructure"],"st":48,"en_mention":42,"ancestor":"","eIdx":5,"st_mention":38,"en":54,"ne_type":"LOCATION","keyword":"[이다_선]","e_type":"WIKILINK"},{"kbox_types":["NULL"],"st":56,"en_mention":47,"ancestor":"","eIdx":6,"st_mention":44,"en":61,"ne_type":"ETC","keyword":"[철도역]","e_type":"WIKILINK"},{"kbox_types":["NULL"],"st":65,"en_mention":58,"ancestor":"","eIdx":7,"st_mention":51,"en":74,"ne_type":"ETC","keyword":"[상대식_승강장]","e_type":"WIKILINK"}],"wikiPageId":1174159,"pIdx":1,"plainText":"도키마타 역()은 일본 나가노 현 이다 시에 위치한 도카이 여객철도 이다 선의 철도역이다. 상대식 승강장 2면 2선의 구조를 갖춘 지상역이다.","mentionTagged":"[도키마타 역]()은 [일본] [나가노 현] [이다 시]에 위치한 [도카이 여객철도] [이다 선]의 [철도역]이다. [상대식 승강장] 2면 2선의 구조를 갖춘 지상역이다."}