{"entityTagged":"[히고후타미 역]()은 [일본] [구마모토_현] [야쓰시로_시]에 있는 [히사쓰_오렌지_철도] [히사쓰_오렌지_철도_히사쓰_오렌지_철도선]의 [철도역]이다.","globalSId":[3809283],"entities":[{"kbox_types":["ArchitecturalStructure","Place","Station","Infrastructure","RailwayStation"],"st":0,"en_mention":7,"ancestor":"-2","eIdx":0,"st_mention":0,"en":9,"ne_type":"LOCATION","keyword":"[히고후타미 역]","e_type":"NEW"},{"kbox_types":["Country","PopulatedPlace","PopulatedPlace","Place"],"st":13,"en_mention":13,"ancestor":"","eIdx":1,"st_mention":11,"en":17,"ne_type":"LOCATION","keyword":"[일본]","e_type":"WIKILINK"},{"kbox_types":["Region","PopulatedPlace","AdministrativeRegion","Settlement","Place","AdministrativeRegion"],"st":18,"en_mention":20,"ancestor":"","eIdx":2,"st_mention":14,"en":26,"ne_type":"LOCATION","keyword":"[구마모토_현]","e_type":"WIKILINK"},{"kbox_types":["PopulatedPlace","Settlement","PopulatedPlace","City","Place"],"st":27,"en_mention":27,"ancestor":"","eIdx":3,"st_mention":21,"en":35,"ne_type":"LOCATION","keyword":"[야쓰시로_시]","e_type":"WIKILINK"},{"kbox_types":["Company","Agent","Organisation"],"st":40,"en_mention":42,"ancestor":"","eIdx":4,"st_mention":32,"en":52,"ne_type":"ORGANIZATION","keyword":"[히사쓰_오렌지_철도]","e_type":"WIKILINK"},{"kbox_types":["RouteOfTransportation","Place","RailwayLine","Infrastructure","ArchitecturalStructure"],"st":53,"en_mention":54,"ancestor":"","eIdx":5,"st_mention":43,"en":77,"ne_type":"LOCATION","keyword":"[히사쓰_오렌지_철도_히사쓰_오렌지_철도선]","e_type":"WIKILINK"},{"kbox_types":["NULL"],"st":79,"en_mention":59,"ancestor":"","eIdx":6,"st_mention":56,"en":84,"ne_type":"ETC","keyword":"[철도역]","e_type":"WIKILINK"}],"wikiPageId":1588637,"pIdx":1,"plainText":"히고후타미 역()은 일본 구마모토 현 야쓰시로 시에 있는 히사쓰 오렌지 철도 히사쓰 오렌지 철도선의 철도역이다.","pronouns":[],"mentionTagged":"[히고후타미 역]()은 [일본] [구마모토 현] [야쓰시로 시]에 있는 [히사쓰 오렌지 철도] [히사쓰 오렌지 철도선]의 [철도역]이다."}