{"entityTagged":"<시라카와_시>()는 [일본] [도호쿠_지방]의 남부, [후쿠시마_현] [나카도리]의 남부에 위치한 [시_(행정_구역)]이다.","globalSId":[2061280],"entities":[{"kbox_types":["PopulatedPlace","Settlement","PopulatedPlace","City","Place"],"st":0,"en_mention":6,"ancestor":"","eIdx":0,"st_mention":0,"en":8,"ne_type":"LOCATION","keyword":"<시라카와_시>","e_type":"ELU"},{"kbox_types":["Country","PopulatedPlace","PopulatedPlace","Place"],"st":12,"en_mention":12,"ancestor":"","eIdx":1,"st_mention":10,"en":16,"ne_type":"LOCATION","keyword":"[일본]","e_type":"WIKILINK"},{"kbox_types":["PopulatedPlace","Settlement","PopulatedPlace","Place"],"st":17,"en_mention":19,"ancestor":"","eIdx":2,"st_mention":13,"en":25,"ne_type":"LOCATION","keyword":"[도호쿠_지방]","e_type":"WIKILINK"},{"kbox_types":["Region","PopulatedPlace","AdministrativeRegion","Place","AdministrativeRegion"],"st":31,"en_mention":31,"ancestor":"","eIdx":3,"st_mention":25,"en":39,"ne_type":"LOCATION","keyword":"[후쿠시마_현]","e_type":"WIKILINK"},{"kbox_types":["Region","PopulatedPlace","AdministrativeRegion","Place","AdministrativeRegion"],"st":40,"en_mention":36,"ancestor":"","eIdx":4,"st_mention":32,"en":46,"ne_type":"LOCATION","keyword":"[나카도리]","e_type":"WIKILINK"},{"kbox_types":["NULL"],"st":56,"en_mention":47,"ancestor":"","eIdx":5,"st_mention":46,"en":67,"ne_type":"ETC","keyword":"[시_(행정_구역)]","e_type":"WIKILINK"}],"wikiPageId":449871,"pIdx":1,"plainText":"시라카와 시()는 일본 도호쿠 지방의 남부, 후쿠시마 현 나카도리의 남부에 위치한 시이다.","pronouns":[],"mentionTagged":"[시라카와 시]()는 [일본] [도호쿠 지방]의 남부, [후쿠시마 현] [나카도리]의 남부에 위치한 [시]이다."}