{"entityTagged":"설립 경과. [1978년] [12월] [한국교육개발원]이 한국교육 30년을 기념하여 각계의 여론과 학자들의 연구를 토대로 작성한 《교육발전의 전망과 과제》 보고서에서 \u2018[교육대학]과 [사범대학]을 통합 발전시켜 정예 교원양성과 교육연구의 중심적 역할을 할 수 있는 종합교원교육기관\u2019의 설립 필요성을 제기하였다. [1980년] [12월]에는 대통령 산하 특수자문기관인 [경제과학심의회의]에서 [프랑스]의 [고등사범학교](École normale supérieure)를 모델로 하는 국립사범대학교의 설립이 건의되었다. 이와 관련해 [한국교육개발원]이 [1981년] [6월] 열린 《교원인사제도의 개선방향 탐색을 위한 세미나》에서 \u2018[교원교육종합대학교](가칭)\u2019의 설립을 정식으로 제안하였고, 정부는 이러한 구상을 같은 해 [12월] [대한민국의_경제_개발_5개년_계획#제5차] 교육 부문에 반영하였다.","globalSId":[1086471,1086472,1086473,1086474],"entities":[{"kbox_types":["Year","TimePeriod"],"st":7,"en_mention":11,"ancestor":"-2","eIdx":0,"st_mention":6,"en":14,"ne_type":"TIME","keyword":"[1978년]","e_type":"NEW"},{"kbox_types":["NULL"],"st":15,"en_mention":15,"ancestor":"-2","eIdx":1,"st_mention":12,"en":20,"ne_type":"TIME","keyword":"[12월]","e_type":"NEW"},{"kbox_types":["Organisation","Agent"],"st":21,"en_mention":23,"ancestor":"","eIdx":2,"st_mention":16,"en":30,"ne_type":"ORGANIZATION","keyword":"[한국교육개발원]","e_type":"WIKILINK"},{"kbox_types":["NULL"],"st":94,"en_mention":91,"ancestor":"","eIdx":3,"st_mention":87,"en":100,"ne_type":"ETC","keyword":"[교육대학]","e_type":"WIKILINK"},{"kbox_types":["Organisation","Agent","School","EducationalInstitution"],"st":102,"en_mention":97,"ancestor":"","eIdx":4,"st_mention":93,"en":108,"ne_type":"ORGANIZATION","keyword":"[사범대학]","e_type":"WIKILINK"},{"kbox_types":["Year","TimePeriod"],"st":174,"en_mention":168,"ancestor":"-2","eIdx":5,"st_mention":163,"en":181,"ne_type":"TIME","keyword":"[1980년]","e_type":"NEW"},{"kbox_types":["NULL"],"st":182,"en_mention":172,"ancestor":"6-1","eIdx":6,"st_mention":169,"en":187,"ne_type":"TIME","keyword":"[12월]","e_type":"NEW"},{"kbox_types":["NULL"],"st":205,"en_mention":198,"ancestor":"-2","eIdx":7,"st_mention":190,"en":215,"ne_type":"ORGANIZATION","keyword":"[경제과학심의회의]","e_type":"NEW"},{"kbox_types":["Country","PopulatedPlace","Settlement","PopulatedPlace","Place"],"st":218,"en_mention":204,"ancestor":"","eIdx":8,"st_mention":201,"en":223,"ne_type":"LOCATION","keyword":"[프랑스]","e_type":"WIKILINK"},{"kbox_types":["University","Agent","EducationalInstitution","Organisation"],"st":225,"en_mention":212,"ancestor":"","eIdx":9,"st_mention":206,"en":233,"ne_type":"ORGANIZATION","keyword":"[고등사범학교]","e_type":"WIKILINK"},{"kbox_types":["Organisation","Agent"],"st":295,"en_mention":281,"ancestor":"","eIdx":10,"st_mention":274,"en":304,"ne_type":"ORGANIZATION","keyword":"[한국교육개발원]","e_type":"WIKILINK"},{"kbox_types":["Year","Agent","EducationalInstitution","TimePeriod","Organisation","University"],"st":306,"en_mention":288,"ancestor":"-2","eIdx":11,"st_mention":283,"en":313,"ne_type":"TIME","keyword":"[1981년]","e_type":"NEW"},{"kbox_types":["NULL"],"st":314,"en_mention":291,"ancestor":"-2","eIdx":12,"st_mention":289,"en":318,"ne_type":"TIME","keyword":"[6월]","e_type":"NEW"},{"kbox_types":["NULL"],"st":351,"en_mention":333,"ancestor":"-2","eIdx":13,"st_mention":324,"en":362,"ne_type":"LOCATION","keyword":"[교원교육종합대학교]","e_type":"NEW"},{"kbox_types":["NULL"],"st":402,"en_mention":376,"ancestor":"6-6","eIdx":14,"st_mention":373,"en":407,"ne_type":"TIME","keyword":"[12월]","e_type":"NEW"},{"kbox_types":["NULL"],"st":408,"en_mention":394,"ancestor":"","eIdx":15,"st_mention":377,"en":432,"ne_type":"ETC","keyword":"[대한민국의_경제_개발_5개년_계획#제5차]","e_type":"WIKILINK"}],"wikiPageId":161140,"pIdx":6,"plainText":"설립 경과 1978년 12월 한국교육개발원이 한국교육 30년을 기념하여 각계의 여론과 학자들의 연구를 토대로 작성한 《교육발전의 전망과 과제》 보고서에서 \u2018교육대학과 사범대학을 통합 발전시켜 정예 교원양성과 교육연구의 중심적 역할을 할 수 있는 종합교원교육기관\u2019의 설립 필요성을 제기하였다. 1980년 12월에는 대통령 산하 특수자문기관인 경제과학심의회의에서 프랑스의 고등사범학교(École normale supérieure)를 모델로 하는 국립사범대학교의 설립이 건의되었다. 이와 관련해 한국교육개발원이 1981년 6월 열린 《교원인사제도의 개선방향 탐색을 위한 세미나》에서 \u2018교원교육종합대학교(가칭)\u2019의 설립을 정식으로 제안하였고, 정부는 이러한 구상을 같은 해 12월 제5차 경제사회발전 5개년 계획 교육 부문에 반영하였다.","mentionTagged":"설립 경과 [1978년] [12월] [한국교육개발원]이 한국교육 30년을 기념하여 각계의 여론과 학자들의 연구를 토대로 작성한 《교육발전의 전망과 과제》 보고서에서 \u2018[교육대학]과 [사범대학]을 통합 발전시켜 정예 교원양성과 교육연구의 중심적 역할을 할 수 있는 종합교원교육기관\u2019의 설립 필요성을 제기하였다. [1980년] [12월]에는 대통령 산하 특수자문기관인 [경제과학심의회의]에서 [프랑스]의 [고등사범학교](École normale supérieure)를 모델로 하는 국립사범대학교의 설립이 건의되었다. 이와 관련해 [한국교육개발원]이 [1981년] [6월] 열린 《교원인사제도의 개선방향 탐색을 위한 세미나》에서 \u2018[교원교육종합대학교](가칭)\u2019의 설립을 정식으로 제안하였고, 정부는 이러한 구상을 같은 해 [12월] [제5차 경제사회발전 5개년 계획] 교육 부문에 반영하였다."}