{"entityTagged":"[비리샤티용]()은 [프랑스] [일드프랑스] [에손_주]에 위치한 도시로 면적은 6.07㎢, 인구는 31,600명([2006년] 기준), 인구 밀도는 5,200명\/㎢이다. [파리_(프랑스)]에서 20.9km 정도 떨어진 곳에 위치한다.","globalSId":[3621346,3621347],"entities":[{"kbox_types":["PopulatedPlace","Settlement","PopulatedPlace","Place"],"st":0,"en_mention":5,"ancestor":"-2","eIdx":0,"st_mention":0,"en":7,"ne_type":"LOCATION","keyword":"[비리샤티용]","e_type":"NEW"},{"kbox_types":["Country","PopulatedPlace","Settlement","PopulatedPlace","Place"],"st":11,"en_mention":12,"ancestor":"","eIdx":1,"st_mention":9,"en":16,"ne_type":"LOCATION","keyword":"[프랑스]","e_type":"WIKILINK"},{"kbox_types":["Region","PopulatedPlace","AdministrativeRegion","Place","AdministrativeRegion"],"st":17,"en_mention":18,"ancestor":"","eIdx":2,"st_mention":13,"en":24,"ne_type":"LOCATION","keyword":"[일드프랑스]","e_type":"WIKILINK"},{"kbox_types":["PopulatedPlace","Settlement","PopulatedPlace","Place"],"st":25,"en_mention":23,"ancestor":"","eIdx":3,"st_mention":19,"en":31,"ne_type":"LOCATION","keyword":"[에손_주]","e_type":"WIKILINK"},{"kbox_types":["Year","TimePeriod"],"st":64,"en_mention":61,"ancestor":"-2","eIdx":4,"st_mention":56,"en":71,"ne_type":"TIME","keyword":"[2006년]","e_type":"NEW"},{"kbox_types":["PopulatedPlace","Place","Settlement","PopulatedPlace"],"st":96,"en_mention":88,"ancestor":"","eIdx":5,"st_mention":86,"en":106,"ne_type":"LOCATION","keyword":"[파리_(프랑스)]","e_type":"WIKILINK"}],"wikiPageId":1349436,"pIdx":1,"plainText":"비리샤티용()은 프랑스 일드프랑스 에손 주에 위치한 도시로 면적은 6.07㎢, 인구는 31,600명(2006년 기준), 인구 밀도는 5,200명\/㎢이다. 파리에서 20.9km 정도 떨어진 곳에 위치한다.","pronouns":[],"mentionTagged":"[비리샤티용]()은 [프랑스] [일드프랑스] [에손 주]에 위치한 도시로 면적은 6.07㎢, 인구는 31,600명([2006년] 기준), 인구 밀도는 5,200명\/㎢이다. [파리]에서 20.9km 정도 떨어진 곳에 위치한다."}