{"entityTagged":"<로리콘>(Roricon, [904년] - [976년]) 또는 [로리코](Rorico)는 [카롤링거_왕조] 출신 [서프랑크]의 왕자이자 귀족이다. [샤를_3세_(서프랑크)]의 서자로, [루이_4세] [투르트메르]의 이복 동생이다. 그는 일찍이 가톨릭 성직자가 되었다.","globalSId":[3566857,3566858,3566859],"entities":[{"kbox_types":["NULL"],"st":0,"en_mention":3,"ancestor":"","eIdx":0,"st_mention":0,"en":5,"ne_type":"ETC","keyword":"<로리콘>","e_type":"ELU"},{"kbox_types":["Year","TimePeriod"],"st":15,"en_mention":17,"ancestor":"","eIdx":1,"st_mention":13,"en":21,"ne_type":"TIME","keyword":"[904년]","e_type":"WIKILINK"},{"kbox_types":["Year","TimePeriod"],"st":24,"en_mention":24,"ancestor":"","eIdx":2,"st_mention":20,"en":30,"ne_type":"TIME","keyword":"[976년]","e_type":"WIKILINK"},{"kbox_types":["NULL"],"st":35,"en_mention":32,"ancestor":"1-0","eIdx":3,"st_mention":29,"en":40,"ne_type":"PERSON","keyword":"[로리코]","e_type":"NEW"},{"kbox_types":["NULL"],"st":50,"en_mention":49,"ancestor":"","eIdx":4,"st_mention":42,"en":59,"ne_type":"ETC","keyword":"[카롤링거_왕조]","e_type":"WIKILINK"},{"kbox_types":["NULL"],"st":63,"en_mention":57,"ancestor":"-2","eIdx":5,"st_mention":53,"en":69,"ne_type":"ORGANIZATION","keyword":"[서프랑크]","e_type":"NEW"},{"kbox_types":["Agent","Person","Noble"],"st":82,"en_mention":82,"ancestor":"","eIdx":6,"st_mention":70,"en":96,"ne_type":"PERSON","keyword":"[샤를_3세_(서프랑크)]","e_type":"WIKILINK"},{"kbox_types":["Royalty","BritishRoyalty","Agent","Person"],"st":103,"en_mention":94,"ancestor":"","eIdx":7,"st_mention":89,"en":110,"ne_type":"PERSON","keyword":"[루이_4세]","e_type":"WIKILINK"},{"kbox_types":["NULL"],"st":111,"en_mention":100,"ancestor":"1-7","eIdx":8,"st_mention":95,"en":118,"ne_type":"PERSON","keyword":"[투르트메르]","e_type":"NEW"}],"wikiPageId":1311234,"pIdx":1,"plainText":"로리콘(Roricon, 904년 - 976년) 또는 로리코(Rorico)는 카롤링거 왕조 출신 서프랑크의 왕자이자 귀족이다. 단순왕 샤를 3세 생쁠의 서자로, 루이 4세 투르트메르의 이복 동생이다. 그는 일찍이 가톨릭 성직자가 되었다.","mentionTagged":"[로리콘](Roricon, [904년] - [976년]) 또는 [로리코](Rorico)는 [카롤링거 왕조] 출신 [서프랑크]의 왕자이자 귀족이다. [단순왕 샤를 3세 생쁠]의 서자로, [루이 4세] [투르트메르]의 이복 동생이다. 그는 일찍이 가톨릭 성직자가 되었다."}