{"entityTagged":"<모르메디> (Mormedi)는 [스페인]의 [디자인] 컨설팅 회사로 [하이메 모레노] (Jaime Moreno)가 [스페인]의 [마드리드]에서 [1998년]에 설립하였다. <모르메디>(Mormedi)는 상품 및 서비스 전략 분야에 특화되어있다.","globalSId":[3265561,3265562],"entities":[{"kbox_types":["Company","Agent","Organisation"],"st":0,"en_mention":4,"ancestor":"","eIdx":0,"st_mention":0,"en":6,"ne_type":"ORGANIZATION","keyword":"<모르메디>","e_type":"ELU"},{"kbox_types":["Country","PopulatedPlace","Settlement","PopulatedPlace","Place"],"st":18,"en_mention":19,"ancestor":"","eIdx":1,"st_mention":16,"en":23,"ne_type":"LOCATION","keyword":"[스페인]","e_type":"WIKILINK"},{"kbox_types":["NULL"],"st":25,"en_mention":24,"ancestor":"","eIdx":2,"st_mention":21,"en":30,"ne_type":"ETC","keyword":"[디자인]","e_type":"WIKILINK"},{"kbox_types":["NULL"],"st":39,"en_mention":40,"ancestor":"-2","eIdx":3,"st_mention":33,"en":48,"ne_type":"PERSON","keyword":"[하이메 모레노]","e_type":"NEW"},{"kbox_types":["Country","PopulatedPlace","Settlement","PopulatedPlace","Place"],"st":65,"en_mention":60,"ancestor":"","eIdx":4,"st_mention":57,"en":70,"ne_type":"LOCATION","keyword":"[스페인]","e_type":"WIKILINK"},{"kbox_types":["Agent","PopulatedPlace","Place","Settlement"],"st":72,"en_mention":66,"ancestor":"","eIdx":5,"st_mention":62,"en":78,"ne_type":"LOCATION","keyword":"[마드리드]","e_type":"WIKILINK"},{"kbox_types":["Year","MusicalWork","TimePeriod","Work","Album"],"st":81,"en_mention":74,"ancestor":"-2","eIdx":6,"st_mention":69,"en":88,"ne_type":"TIME","keyword":"[1998년]","e_type":"NEW"},{"kbox_types":["Company","Agent","Organisation"],"st":97,"en_mention":87,"ancestor":"","eIdx":7,"st_mention":83,"en":103,"ne_type":"ORGANIZATION","keyword":"<모르메디>","e_type":"ELU"}],"wikiPageId":1060690,"pIdx":1,"plainText":"모르메디 (Mormedi)는 스페인의 디자인 컨설팅 회사로 하이메 모레노 (Jaime Moreno)가 스페인의 마드리드에서 1998년에 설립하였다. 모르메디(Mormedi)는 상품 및 서비스 전략 분야에 특화되어있다.","mentionTagged":"[모르메디] (Mormedi)는 [스페인]의 [디자인] 컨설팅 회사로 [하이메 모레노] (Jaime Moreno)가 [스페인]의 [마드리드]에서 [1998년]에 설립하였다. [모르메디](Mormedi)는 상품 및 서비스 전략 분야에 특화되어있다."}