{"entityTagged":"[1975년] [팬아메리칸 게임]은 [1975년] [10월_12일]부터 [10월_26일]까지 [멕시코]의 [멕시코시티]에서 열린 대회이다.","globalSId":[2282871],"entities":[{"kbox_types":["Year","TimePeriod"],"st":0,"en_mention":5,"ancestor":"-2","eIdx":0,"st_mention":0,"en":7,"ne_type":"TIME","keyword":"[1975년]","e_type":"NEW"},{"kbox_types":["NULL"],"st":8,"en_mention":14,"ancestor":"-2","eIdx":1,"st_mention":6,"en":18,"ne_type":"ETC","keyword":"[팬아메리칸 게임]","e_type":"NEW"},{"kbox_types":["Year","TimePeriod"],"st":20,"en_mention":21,"ancestor":"","eIdx":2,"st_mention":16,"en":27,"ne_type":"TIME","keyword":"[1975년]","e_type":"WIKILINK"},{"kbox_types":["NULL"],"st":28,"en_mention":29,"ancestor":"","eIdx":3,"st_mention":22,"en":37,"ne_type":"TIME","keyword":"[10월_12일]","e_type":"WIKILINK"},{"kbox_types":["NULL"],"st":40,"en_mention":39,"ancestor":"","eIdx":4,"st_mention":32,"en":49,"ne_type":"TIME","keyword":"[10월_26일]","e_type":"WIKILINK"},{"kbox_types":["Country","PopulatedPlace","Settlement","PopulatedPlace","Place"],"st":52,"en_mention":45,"ancestor":"","eIdx":5,"st_mention":42,"en":57,"ne_type":"LOCATION","keyword":"[멕시코]","e_type":"WIKILINK"},{"kbox_types":["PopulatedPlace","Place","Settlement","PopulatedPlace"],"st":59,"en_mention":52,"ancestor":"","eIdx":6,"st_mention":47,"en":66,"ne_type":"LOCATION","keyword":"[멕시코시티]","e_type":"WIKILINK"}],"wikiPageId":548145,"pIdx":1,"plainText":"1975년 팬아메리칸 게임은 1975년 10월 12일부터 10월 26일까지 멕시코의 멕시코시티에서 열린 대회이다.","pronouns":[],"mentionTagged":"[1975년] [팬아메리칸 게임]은 [1975년] [10월 12일]부터 [10월 26일]까지 [멕시코]의 [멕시코시티]에서 열린 대회이다."}