{"entityTagged":"[마이크로소프트 스튜디오]()은 [마이크로소프트] 자화사로 [2002년]부터 [마이크로소프트_윈도] 기반의 [개인용_컴퓨터]와 [엑스박스], [엑스박스_360]용 [비디오_게임]을 개발하고 발행한다. 주로 <마이크로소프트>가 소유한 [번지_스튜디오]와 [레어]를 비롯한 [퍼스트파티_개발사]들의 게임을 발행하지만, [바이오웨어]나 [비자레_크리에이션] 같은 [서드파티_개발사]들이 만든 윈도나 엑스박스용 게임도 발행한다. 초기에는 [마이크로소프트 게임 스튜디오]()라고 세워졌으나, [2011년] 말에 사명을 개명하였다. 또, [2014년]에 [마이크로소프트]가 [마인크래프트] 개발자 [모장]을 인수하여 여기에 편입된걸로 알려졌다.","globalSId":[951828,951829,951830,951831],"entities":[{"kbox_types":["Company","Agent","Organisation"],"st":0,"en_mention":12,"ancestor":"-2","eIdx":0,"st_mention":0,"en":14,"ne_type":"ORGANIZATION","keyword":"[마이크로소프트 스튜디오]","e_type":"NEW"},{"kbox_types":["Company","Agent","Organisation"],"st":18,"en_mention":23,"ancestor":"","eIdx":1,"st_mention":16,"en":27,"ne_type":"ORGANIZATION","keyword":"[마이크로소프트]","e_type":"WIKILINK"},{"kbox_types":["Year","MusicalWork","TimePeriod","Work","Album"],"st":33,"en_mention":34,"ancestor":"","eIdx":2,"st_mention":29,"en":40,"ne_type":"TIME","keyword":"[2002년]","e_type":"WIKILINK"},{"kbox_types":["Agent","Organisation","Company"],"st":43,"en_mention":39,"ancestor":"","eIdx":3,"st_mention":37,"en":55,"ne_type":"ORGANIZATION","keyword":"[마이크로소프트_윈도]","e_type":"WIKILINK"},{"kbox_types":["Software","Work"],"st":60,"en_mention":46,"ancestor":"","eIdx":4,"st_mention":44,"en":69,"ne_type":"ETC","keyword":"[개인용_컴퓨터]","e_type":"WIKILINK"},{"kbox_types":["Company","Device","Agent","InformationAppliance","Organisation"],"st":71,"en_mention":52,"ancestor":"","eIdx":5,"st_mention":48,"en":77,"ne_type":"ORGANIZATION","keyword":"[엑스박스]","e_type":"WIKILINK"},{"kbox_types":["Company","Device","Agent","InformationAppliance","Organisation"],"st":79,"en_mention":62,"ancestor":"","eIdx":6,"st_mention":54,"en":89,"ne_type":"ORGANIZATION","keyword":"[엑스박스_360]","e_type":"WIKILINK"},{"kbox_types":["MusicGenre","TopicalConcept","Genre"],"st":91,"en_mention":70,"ancestor":"","eIdx":7,"st_mention":64,"en":99,"ne_type":"ETC","keyword":"[비디오_게임]","e_type":"WIKILINK"},{"kbox_types":["Company","Agent","Organisation"],"st":115,"en_mention":93,"ancestor":"","eIdx":8,"st_mention":86,"en":124,"ne_type":"ORGANIZATION","keyword":"<마이크로소프트>","e_type":"ELU"},{"kbox_types":["Agent","Organisation","Company"],"st":130,"en_mention":106,"ancestor":"","eIdx":9,"st_mention":99,"en":139,"ne_type":"ORGANIZATION","keyword":"[번지_스튜디오]","e_type":"WIKILINK"},{"kbox_types":["Company","Agent","Organisation"],"st":141,"en_mention":110,"ancestor":"","eIdx":10,"st_mention":108,"en":145,"ne_type":"ORGANIZATION","keyword":"[레어]","e_type":"WIKILINK"},{"kbox_types":["NULL"],"st":151,"en_mention":125,"ancestor":"","eIdx":11,"st_mention":116,"en":162,"ne_type":"ETC","keyword":"[퍼스트파티_개발사]","e_type":"WIKILINK"},{"kbox_types":["Company","Agent","Organisation"],"st":176,"en_mention":144,"ancestor":"","eIdx":12,"st_mention":139,"en":183,"ne_type":"ORGANIZATION","keyword":"[바이오웨어]","e_type":"WIKILINK"},{"kbox_types":["NULL"],"st":185,"en_mention":155,"ancestor":"","eIdx":13,"st_mention":146,"en":196,"ne_type":"ETC","keyword":"[비자레_크리에이션]","e_type":"WIKILINK"},{"kbox_types":["NULL"],"st":200,"en_mention":167,"ancestor":"","eIdx":14,"st_mention":159,"en":210,"ne_type":"ETC","keyword":"[서드파티_개발사]","e_type":"WIKILINK"},{"kbox_types":["Agent","Organisation","Company"],"st":241,"en_mention":213,"ancestor":"1-0","eIdx":15,"st_mention":198,"en":258,"ne_type":"ORGANIZATION","keyword":"[마이크로소프트 게임 스튜디오]","e_type":"NEW"},{"kbox_types":["Year","MusicalWork","TimePeriod","Work","Album"],"st":270,"en_mention":230,"ancestor":"","eIdx":16,"st_mention":225,"en":277,"ne_type":"TIME","keyword":"[2011년]","e_type":"WIKILINK"},{"kbox_types":["Year","MusicalWork","Album","TimePeriod","Work"],"st":295,"en_mention":253,"ancestor":"","eIdx":17,"st_mention":248,"en":302,"ne_type":"TIME","keyword":"[2014년]","e_type":"WIKILINK"},{"kbox_types":["Company","Agent","Organisation"],"st":304,"en_mention":262,"ancestor":"","eIdx":18,"st_mention":255,"en":313,"ne_type":"ORGANIZATION","keyword":"[마이크로소프트]","e_type":"WIKILINK"},{"kbox_types":["Software","VideoGame","Work"],"st":315,"en_mention":270,"ancestor":"","eIdx":19,"st_mention":264,"en":323,"ne_type":"ETC","keyword":"[마인크래프트]","e_type":"WIKILINK"},{"kbox_types":["Company","Agent","Organisation"],"st":328,"en_mention":277,"ancestor":"","eIdx":20,"st_mention":275,"en":332,"ne_type":"ORGANIZATION","keyword":"[모장]","e_type":"WIKILINK"}],"wikiPageId":132093,"pIdx":1,"plainText":"마이크로소프트 스튜디오()은 마이크로소프트 자화사로 2002년부터 윈도 기반의 PC와 엑스박스, 엑스박스 360용 비디오 게임을 개발하고 발행한다. 주로 마이크로소프트가 소유한 번지 스튜디오와 레어를 비롯한 퍼스트파티 개발사들의 게임을 발행하지만, 바이오웨어나 비자레 크리에이션 같은 서드파티 개발사들이 만든 윈도나 엑스박스용 게임도 발행한다. 초기에는 마이크로소프트 게임 스튜디오()라고 세워졌으나, 2011년 말에 사명을 개명하였다. 또, 2014년에 마이크로소프트가 마인크래프트 개발자 모장을 인수하여 여기에 편입된걸로 알려졌다.","pronouns":[{"st":339,"ancestor":"1-0","proIdx":0,"en":340,"cwStateCd":"FIXED","cwSelIdx":0,"type":"PRONOUN","keyword":"여기"}],"mentionTagged":"[마이크로소프트 스튜디오]()은 [마이크로소프트] 자화사로 [2002년]부터 [윈도] 기반의 [PC]와 [엑스박스], [엑스박스 360]용 [비디오 게임]을 개발하고 발행한다. 주로 [마이크로소프트]가 소유한 [번지 스튜디오]와 [레어]를 비롯한 [퍼스트파티 개발사]들의 게임을 발행하지만, [바이오웨어]나 [비자레 크리에이션] 같은 [서드파티 개발사]들이 만든 윈도나 엑스박스용 게임도 발행한다. 초기에는 [마이크로소프트 게임 스튜디오]()라고 세워졌으나, [2011년] 말에 사명을 개명하였다. 또, [2014년]에 [마이크로소프트]가 [마인크래프트] 개발자 [모장]을 인수하여 여기에 편입된걸로 알려졌다."}