{"entityTagged":"[일본]과 [미국] 간의 상호 협력 및 안전 보장 조약(, )은 [일본]과 [미국] 간의 안전 보장을 목적으로 [일본]에 [주일_미군]이 주재하는 것 등을 정한 양국 간의 [조약]이다. [일본]에서는 [쇼와] [35년 조약 제6호]라고도 하며, [미일(일미)안전보장조약]이라고도 불린다. [1960년] [1월_19일] [워싱턴_D.C.]에서 체결되었으며, 같은 해 [6월_23일]에 발효되었다. [미일 동맹]의 근거 조약이다. [1951년] [9월_8일] [샌프란시스코_평화_조약]과 같은 날에 체결되어 [1952년] [4월_28일] 발효한 [일본과_미국_간의_안전_보장_조약](이하 '구 안보조약')은 이 조약에 따라 형식적으로 효력을 잃었으나 구 안보 조약에서 명시된 내용은 이 조약에서도 그대로 계승되었다. 체결 당시 조약의 기한은 [10년]이었으며, [10년] 이후에는 체결국이 [1년] 전에 예고한 다음 일방적으로 파기할 수 있도록 정해졌으나, 기한이 만료된 [1970년] 이후에도 파기되지 않고 현재까지 유지되고 있다. [미일_지위_협정] ([일본]과 [미국] 간의 상호 협력 및 [안전 보장 조약 제6조]를 바탕으로 한 시설 및 구역 등에서 [일본]에 대한 [합중국 군대]의 지위에 관한 협정)에 의하여 상세한 항목들을 정하고 있다. [미일 지위 협정]은 [일본]이 [미군]에 시설 및 지역을 제공하는 구체적인 방법을 정한 것 이외에 그 시설 내에서의 특권이나 세금의 면제, 병사 등의 재판권 등을 정하고 있다.","globalSId":[2298642,2298643,2298644,2298645,2298646,2298647,2298648,2298649],"entities":[{"kbox_types":["Country","PopulatedPlace","PopulatedPlace","Place"],"st":0,"en_mention":2,"ancestor":"-2","eIdx":0,"st_mention":0,"en":4,"ne_type":"ORGANIZATION","keyword":"[일본]","e_type":"NEW"},{"kbox_types":["Country","PopulatedPlace","PopulatedPlace","Place"],"st":6,"en_mention":6,"ancestor":"-2","eIdx":1,"st_mention":4,"en":10,"ne_type":"ORGANIZATION","keyword":"[미국]","e_type":"NEW"},{"kbox_types":["Country","PopulatedPlace","PopulatedPlace","Place"],"st":36,"en_mention":34,"ancestor":"","eIdx":2,"st_mention":32,"en":40,"ne_type":"LOCATION","keyword":"[일본]","e_type":"WIKILINK"},{"kbox_types":["Country","PopulatedPlace","PopulatedPlace","Place"],"st":42,"en_mention":38,"ancestor":"","eIdx":3,"st_mention":36,"en":46,"ne_type":"LOCATION","keyword":"[미국]","e_type":"WIKILINK"},{"kbox_types":["Country","PopulatedPlace","PopulatedPlace","Place"],"st":62,"en_mention":56,"ancestor":"1-0","eIdx":4,"st_mention":54,"en":66,"ne_type":"ORGANIZATION","keyword":"[일본]","e_type":"NEW"},{"kbox_types":["Agent","MilitaryUnit","Organisation"],"st":68,"en_mention":63,"ancestor":"","eIdx":5,"st_mention":58,"en":75,"ne_type":"ORGANIZATION","keyword":"[주일_미군]","e_type":"WIKILINK"},{"kbox_types":["NULL"],"st":96,"en_mention":86,"ancestor":"","eIdx":6,"st_mention":84,"en":100,"ne_type":"ETC","keyword":"[조약]","e_type":"WIKILINK"},{"kbox_types":["Country","PopulatedPlace","PopulatedPlace","Place"],"st":104,"en_mention":92,"ancestor":"1-4","eIdx":7,"st_mention":90,"en":108,"ne_type":"ORGANIZATION","keyword":"[일본]","e_type":"NEW"},{"kbox_types":["NULL"],"st":112,"en_mention":98,"ancestor":"","eIdx":8,"st_mention":96,"en":116,"ne_type":"ETC","keyword":"[쇼와]","e_type":"WIKILINK"},{"kbox_types":["NULL"],"st":117,"en_mention":109,"ancestor":"-2","eIdx":9,"st_mention":99,"en":129,"ne_type":"ETC","keyword":"[35년 조약 제6호]","e_type":"NEW"},{"kbox_types":["NULL"],"st":137,"en_mention":129,"ancestor":"1-9","eIdx":10,"st_mention":117,"en":151,"ne_type":"ETC","keyword":"[미일(일미)안전보장조약]","e_type":"NEW"},{"kbox_types":["Year","TimePeriod"],"st":161,"en_mention":144,"ancestor":"","eIdx":11,"st_mention":139,"en":168,"ne_type":"TIME","keyword":"[1960년]","e_type":"WIKILINK"},{"kbox_types":["NULL"],"st":169,"en_mention":151,"ancestor":"","eIdx":12,"st_mention":145,"en":177,"ne_type":"TIME","keyword":"[1월_19일]","e_type":"WIKILINK"},{"kbox_types":["PopulatedPlace","Place","Settlement","PopulatedPlace","City"],"st":178,"en_mention":160,"ancestor":"","eIdx":13,"st_mention":152,"en":188,"ne_type":"LOCATION","keyword":"[워싱턴_D.C.]","e_type":"WIKILINK"},{"kbox_types":["NULL"],"st":204,"en_mention":182,"ancestor":"","eIdx":14,"st_mention":176,"en":212,"ne_type":"TIME","keyword":"[6월_23일]","e_type":"WIKILINK"},{"kbox_types":["NULL"],"st":221,"en_mention":196,"ancestor":"-2","eIdx":15,"st_mention":191,"en":228,"ne_type":"ETC","keyword":"[미일 동맹]","e_type":"NEW"},{"kbox_types":["Year","TimePeriod"],"st":239,"en_mention":212,"ancestor":"","eIdx":16,"st_mention":207,"en":246,"ne_type":"TIME","keyword":"[1951년]","e_type":"WIKILINK"},{"kbox_types":["NULL"],"st":247,"en_mention":218,"ancestor":"","eIdx":17,"st_mention":213,"en":254,"ne_type":"TIME","keyword":"[9월_8일]","e_type":"WIKILINK"},{"kbox_types":["NULL"],"st":255,"en_mention":231,"ancestor":"","eIdx":18,"st_mention":219,"en":269,"ne_type":"ETC","keyword":"[샌프란시스코_평화_조약]","e_type":"WIKILINK"},{"kbox_types":["Year","TimePeriod"],"st":282,"en_mention":249,"ancestor":"","eIdx":19,"st_mention":244,"en":289,"ne_type":"TIME","keyword":"[1952년]","e_type":"WIKILINK"},{"kbox_types":["NULL"],"st":290,"en_mention":256,"ancestor":"","eIdx":20,"st_mention":250,"en":298,"ne_type":"TIME","keyword":"[4월_28일]","e_type":"WIKILINK"},{"kbox_types":["NULL"],"st":303,"en_mention":279,"ancestor":"","eIdx":21,"st_mention":261,"en":323,"ne_type":"ETC","keyword":"[일본과_미국_간의_안전_보장_조약]","e_type":"WIKILINK"},{"kbox_types":["Year","TimePeriod"],"st":413,"en_mention":372,"ancestor":"-2","eIdx":22,"st_mention":369,"en":418,"ne_type":"TIME","keyword":"[10년]","e_type":"NEW"},{"kbox_types":["Year","TimePeriod"],"st":424,"en_mention":381,"ancestor":"1-22","eIdx":23,"st_mention":378,"en":429,"ne_type":"TIME","keyword":"[10년]","e_type":"NEW"},{"kbox_types":["Year","TimePeriod"],"st":440,"en_mention":394,"ancestor":"-2","eIdx":24,"st_mention":392,"en":444,"ne_type":"TIME","keyword":"[1년]","e_type":"NEW"},{"kbox_types":["Year","TimePeriod"],"st":486,"en_mention":441,"ancestor":"","eIdx":25,"st_mention":436,"en":493,"ne_type":"TIME","keyword":"[1970년]","e_type":"WIKILINK"},{"kbox_types":["NULL"],"st":521,"en_mention":477,"ancestor":"","eIdx":26,"st_mention":469,"en":531,"ne_type":"ETC","keyword":"[미일_지위_협정]","e_type":"WIKILINK"},{"kbox_types":["Country","PopulatedPlace","PopulatedPlace","Place"],"st":533,"en_mention":481,"ancestor":"1-7","eIdx":27,"st_mention":479,"en":537,"ne_type":"ORGANIZATION","keyword":"[일본]","e_type":"NEW"},{"kbox_types":["Country","PopulatedPlace","PopulatedPlace","Place"],"st":539,"en_mention":485,"ancestor":"1-1","eIdx":28,"st_mention":483,"en":543,"ne_type":"ORGANIZATION","keyword":"[미국]","e_type":"NEW"},{"kbox_types":["NULL"],"st":555,"en_mention":509,"ancestor":"-2","eIdx":29,"st_mention":497,"en":569,"ne_type":"ETC","keyword":"[안전 보장 조약 제6조]","e_type":"NEW"},{"kbox_types":["Country","PopulatedPlace","PopulatedPlace","Place"],"st":590,"en_mention":532,"ancestor":"1-27","eIdx":30,"st_mention":530,"en":594,"ne_type":"ORGANIZATION","keyword":"[일본]","e_type":"NEW"},{"kbox_types":["NULL"],"st":599,"en_mention":543,"ancestor":"-2","eIdx":31,"st_mention":537,"en":607,"ne_type":"ORGANIZATION","keyword":"[합중국 군대]","e_type":"NEW"},{"kbox_types":["NULL"],"st":642,"en_mention":586,"ancestor":"1-26","eIdx":32,"st_mention":578,"en":652,"ne_type":"ETC","keyword":"[미일 지위 협정]","e_type":"NEW"},{"kbox_types":["Country","PopulatedPlace","PopulatedPlace","Place"],"st":654,"en_mention":590,"ancestor":"1-27","eIdx":33,"st_mention":588,"en":658,"ne_type":"ORGANIZATION","keyword":"[일본]","e_type":"NEW"},{"kbox_types":["Agent","MilitaryUnit","Organisation"],"st":660,"en_mention":594,"ancestor":"-2","eIdx":34,"st_mention":592,"en":664,"ne_type":"ORGANIZATION","keyword":"[미군]","e_type":"NEW"}],"wikiPageId":555981,"pIdx":1,"plainText":"일본과 미국 간의 상호 협력 및 안전 보장 조약(, )은 일본과 미국 간의 안전 보장을 목적으로 일본에 주일 미군이 주재하는 것 등을 정한 양국 간의 조약이다. 일본에서는 쇼와 35년 조약 제6호라고도 하며, 미일(일미)안전보장조약이라고도 불린다. 1960년 1월 19일 워싱턴 D.C.에서 체결되었으며, 같은 해 6월 23일에 발효되었다. 미일 동맹의 근거 조약이다. 1951년 9월 8일 샌프란시스코 평화 조약과 같은 날에 체결되어 1952년 4월 28일 발효한 일본과 미국 간의 안전 보장 조약(이하 '구 안보조약')은 이 조약에 따라 형식적으로 효력을 잃었으나 구 안보 조약에서 명시된 내용은 이 조약에서도 그대로 계승되었다. 체결 당시 조약의 기한은 10년이었으며, 10년 이후에는 체결국이 1년 전에 예고한 다음 일방적으로 파기할 수 있도록 정해졌으나, 기한이 만료된 1970년 이후에도 파기되지 않고 현재까지 유지되고 있다. 미일 지위 협정 (일본과 미국 간의 상호 협력 및 안전 보장 조약 제6조를 바탕으로 한 시설 및 구역 등에서 일본에 대한 합중국 군대의 지위에 관한 협정)에 의하여 상세한 항목들을 정하고 있다. 미일 지위 협정은 일본이 미군에 시설 및 지역을 제공하는 구체적인 방법을 정한 것 이외에 그 시설 내에서의 특권이나 세금의 면제, 병사 등의 재판권 등을 정하고 있다.","pronouns":[{"st":199,"ancestor":"1-11","proIdx":0,"en":202,"cwStateCd":"FIXED","cwSelIdx":31,"type":"PRONOUN","keyword":"같은 해"},{"st":199,"ancestor":"-2","proIdx":1,"en":211,"cwStateCd":"FIXED","cwSelIdx":[],"type":"PRONOUN","keyword":"같은 해 [6월_23일]"},{"st":239,"ancestor":"-2","proIdx":2,"en":274,"cwStateCd":"FIXED","cwSelIdx":[],"type":"PRONOUN","keyword":"[1951년] [9월_8일] [샌프란시스코_평화_조약]과 같은 날"},{"st":338,"ancestor":"1-21","proIdx":3,"en":341,"cwStateCd":"FIXED","cwSelIdx":51,"type":"PRONOUN","keyword":"이 조약"},{"st":380,"ancestor":"1-21","proIdx":4,"en":383,"cwStateCd":"FIXED","cwSelIdx":51,"type":"PRONOUN","keyword":"이 조약"},{"st":698,"ancestor":"-2","proIdx":5,"en":701,"cwStateCd":"FIXED","cwSelIdx":[],"type":"PRONOUN","keyword":"그 시설"},{"st":698,"ancestor":"-2","proIdx":6,"en":703,"cwStateCd":"FIXED","cwSelIdx":[],"type":"PRONOUN","keyword":"그 시설 내"},{"st":698,"ancestor":"-2","proIdx":7,"en":709,"cwStateCd":"FIXED","cwSelIdx":[],"type":"PRONOUN","keyword":"그 시설 내에서의 특권"}],"mentionTagged":"[일본]과 [미국] 간의 상호 협력 및 안전 보장 조약(, )은 [일본]과 [미국] 간의 안전 보장을 목적으로 [일본]에 [주일 미군]이 주재하는 것 등을 정한 양국 간의 [조약]이다. [일본]에서는 [쇼와] [35년 조약 제6호]라고도 하며, [미일(일미)안전보장조약]이라고도 불린다. [1960년] [1월 19일] [워싱턴 D.C.]에서 체결되었으며, 같은 해 [6월 23일]에 발효되었다. [미일 동맹]의 근거 조약이다. [1951년] [9월 8일] [샌프란시스코 평화 조약]과 같은 날에 체결되어 [1952년] [4월 28일] 발효한 [일본과 미국 간의 안전 보장 조약](이하 '구 안보조약')은 이 조약에 따라 형식적으로 효력을 잃었으나 구 안보 조약에서 명시된 내용은 이 조약에서도 그대로 계승되었다. 체결 당시 조약의 기한은 [10년]이었으며, [10년] 이후에는 체결국이 [1년] 전에 예고한 다음 일방적으로 파기할 수 있도록 정해졌으나, 기한이 만료된 [1970년] 이후에도 파기되지 않고 현재까지 유지되고 있다. [미일 지위 협정] ([일본]과 [미국] 간의 상호 협력 및 [안전 보장 조약 제6조]를 바탕으로 한 시설 및 구역 등에서 [일본]에 대한 [합중국 군대]의 지위에 관한 협정)에 의하여 상세한 항목들을 정하고 있다. [미일 지위 협정]은 [일본]이 [미군]에 시설 및 지역을 제공하는 구체적인 방법을 정한 것 이외에 그 시설 내에서의 특권이나 세금의 면제, 병사 등의 재판권 등을 정하고 있다."}