{"entityTagged":"[페르난두 프란시스쿠 헤지스 모타] (Fernando Francisco Reges Mouta, [1987년] [7월_25일] [알투_파하이수_지_구이아스] ~)는 줄여서 [페르난두] (Fernando)로 불리는 [브라질]의 [축구_선수]이며, [프리미어리그]의 [맨체스터_시티_FC] 소속의 [수비형_미드필더]이다.","globalSId":[2544710],"entities":[{"kbox_types":["NULL"],"st":0,"en_mention":17,"ancestor":"-2","eIdx":0,"st_mention":0,"en":19,"ne_type":"PERSON","keyword":"[페르난두 프란시스쿠 헤지스 모타]","e_type":"NEW"},{"kbox_types":["Year","TimePeriod"],"st":53,"en_mention":56,"ancestor":"","eIdx":1,"st_mention":51,"en":60,"ne_type":"TIME","keyword":"[1987년]","e_type":"WIKILINK"},{"kbox_types":["NULL"],"st":61,"en_mention":63,"ancestor":"","eIdx":2,"st_mention":57,"en":69,"ne_type":"TIME","keyword":"[7월_25일]","e_type":"WIKILINK"},{"kbox_types":["NULL"],"st":70,"en_mention":71,"ancestor":"","eIdx":3,"st_mention":64,"en":86,"ne_type":"ETC","keyword":"[알투_파하이수_지_구이아스]","e_type":"WIKILINK"},{"kbox_types":["NULL"],"st":95,"en_mention":84,"ancestor":"1-0","eIdx":4,"st_mention":80,"en":101,"ne_type":"PERSON","keyword":"[페르난두]","e_type":"NEW"},{"kbox_types":["Country","PopulatedPlace","PopulatedPlace","Place"],"st":118,"en_mention":104,"ancestor":"","eIdx":5,"st_mention":101,"en":123,"ne_type":"LOCATION","keyword":"[브라질]","e_type":"WIKILINK"},{"kbox_types":["PersonFunction","Profession"],"st":125,"en_mention":111,"ancestor":"","eIdx":6,"st_mention":106,"en":132,"ne_type":"ETC","keyword":"[축구_선수]","e_type":"WIKILINK"},{"kbox_types":["Agent","SportsLeague","Organisation","SoccerLeague"],"st":136,"en_mention":121,"ancestor":"","eIdx":7,"st_mention":115,"en":144,"ne_type":"ORGANIZATION","keyword":"[프리미어리그]","e_type":"WIKILINK"},{"kbox_types":["SoccerClub","Agent","SportsTeam","Organisation"],"st":146,"en_mention":130,"ancestor":"","eIdx":8,"st_mention":123,"en":158,"ne_type":"ORGANIZATION","keyword":"[맨체스터_시티_FC]","e_type":"WIKILINK"},{"kbox_types":["NULL"],"st":163,"en_mention":143,"ancestor":"","eIdx":9,"st_mention":135,"en":173,"ne_type":"ETC","keyword":"[수비형_미드필더]","e_type":"WIKILINK"}],"wikiPageId":671730,"pIdx":1,"plainText":"페르난두 프란시스쿠 헤지스 모타 (Fernando Francisco Reges Mouta, 1987년 7월 25일 알투 파하이수 ~)는 줄여서 페르난두 (Fernando)로 불리는 브라질의 축구 선수이며, 프리미어리그의 맨체스터 시티 소속의 수비형 미드필더이다.","pronouns":[],"mentionTagged":"[페르난두 프란시스쿠 헤지스 모타] (Fernando Francisco Reges Mouta, [1987년] [7월 25일] [알투 파하이수] ~)는 줄여서 [페르난두] (Fernando)로 불리는 [브라질]의 [축구 선수]이며, [프리미어리그]의 [맨체스터 시티] 소속의 [수비형 미드필더]이다."}