{"entityTagged":"[김일성]은 수 차례 [소련]의 지배자인 [스탈린]과 [중화인민공화국]의 통치자인 [마오쩌둥]을 만나 무려 48회나 남침 허락 내지는 전쟁 지원을 요청하였다. 공개된 <구소련_국가>[소련]의 문서에 의하면 애초에 <이오시프_스탈린>은 [조선인민군]이 절대적 우위를 확보하지 못하는 한 공격해서는 안 된다고 했다. [인민군]의 실력이 [미국]과 <대한민국>을 상대로 아직은 단독으로 전쟁을 치를만한 실력이 아니라고 생각했을 뿐더러 [미국]과의 마찰을 두려워하여 무력 행사를 기피하였다. 그럼에도 <김일성>은 수 차례 그를 설득하였고 [스탈린] 자신도 일부 연구자들이 옛 [소련]의 문서들을 근거로 주장하는 이론에 의하면, [미국]을 시험하고 [미국]의 관심을 [유럽]에서 [아시아]로 돌리기 위해 [중화인민공화국]이 [전쟁] 원조를 [조선민주주의인민공화국]에 하는 조건으로 <김일성>의 남침을 승낙하게 된다. 이리하여 <이오시프_스탈린>은 <조선민주주의인민공화국>에 강력한 군사적 원조로서, [소련]의 무기들을 대량으로 <조선민주주의인민공화국>으로 제공하였다. <이오시프_스탈린>은 <김일성>을 <조선민주주의인민공화국>의 통제관으로 옹립한 것을 후회했다.","globalSId":[3227835,3227836,3227837,3227838,3227839,3227840],"entities":[{"kbox_types":["Politician","Agent","Person","OfficeHolder","President"],"st":0,"en_mention":3,"ancestor":"","eIdx":0,"st_mention":0,"en":5,"ne_type":"PERSON","keyword":"[김일성]","e_type":"WIKILINK"},{"kbox_types":["Country","PopulatedPlace","PopulatedPlace","Place"],"st":12,"en_mention":12,"ancestor":"","eIdx":1,"st_mention":10,"en":16,"ne_type":"LOCATION","keyword":"[소련]","e_type":"WIKILINK"},{"kbox_types":["NULL"],"st":23,"en_mention":22,"ancestor":"","eIdx":2,"st_mention":19,"en":28,"ne_type":"ETC","keyword":"[스탈린]","e_type":"WIKILINK"},{"kbox_types":["Country","PopulatedPlace","PopulatedPlace","Place"],"st":30,"en_mention":31,"ancestor":"","eIdx":3,"st_mention":24,"en":39,"ne_type":"LOCATION","keyword":"[중화인민공화국]","e_type":"WIKILINK"},{"kbox_types":["Politician","Actor","Agent","Person","OfficeHolder","Artist","President"],"st":46,"en_mention":42,"ancestor":"","eIdx":4,"st_mention":38,"en":52,"ne_type":"PERSON","keyword":"[마오쩌둥]","e_type":"WIKILINK"},{"kbox_types":["NULL"],"st":93,"en_mention":87,"ancestor":"","eIdx":5,"st_mention":83,"en":101,"ne_type":"ETC","keyword":"<구소련_국가>","e_type":"ELU"},{"kbox_types":["Country","PopulatedPlace","PopulatedPlace","Place"],"st":101,"en_mention":89,"ancestor":"","eIdx":6,"st_mention":87,"en":105,"ne_type":"LOCATION","keyword":"[소련]","e_type":"WIKILINK"},{"kbox_types":["Politician","Agent","Person","OfficeHolder","President"],"st":119,"en_mention":106,"ancestor":"","eIdx":7,"st_mention":103,"en":129,"ne_type":"PERSON","keyword":"<이오시프_스탈린>","e_type":"ELU"},{"kbox_types":["Company","Agent","MilitaryUnit","Organisation"],"st":131,"en_mention":113,"ancestor":"","eIdx":8,"st_mention":108,"en":138,"ne_type":"ORGANIZATION","keyword":"[조선인민군]","e_type":"WIKILINK"},{"kbox_types":["NULL"],"st":175,"en_mention":153,"ancestor":"2-8","eIdx":9,"st_mention":150,"en":180,"ne_type":"PERSON","keyword":"[인민군]","e_type":"NEW"},{"kbox_types":["Country","PopulatedPlace","PopulatedPlace","Place"],"st":186,"en_mention":161,"ancestor":"-2","eIdx":10,"st_mention":159,"en":190,"ne_type":"ORGANIZATION","keyword":"[미국]","e_type":"NEW"},{"kbox_types":["Country","PopulatedPlace","PopulatedPlace","Place"],"st":192,"en_mention":167,"ancestor":"","eIdx":11,"st_mention":163,"en":198,"ne_type":"LOCATION","keyword":"<대한민국>","e_type":"ELU"},{"kbox_types":["Country","PopulatedPlace","PopulatedPlace","Place"],"st":240,"en_mention":211,"ancestor":"","eIdx":12,"st_mention":209,"en":244,"ne_type":"LOCATION","keyword":"[미국]","e_type":"WIKILINK"},{"kbox_types":["Politician","Agent","Person","OfficeHolder","President"],"st":276,"en_mention":246,"ancestor":"","eIdx":13,"st_mention":243,"en":281,"ne_type":"PERSON","keyword":"<김일성>","e_type":"ELU"},{"kbox_types":["NULL"],"st":297,"en_mention":265,"ancestor":"2-2","eIdx":14,"st_mention":262,"en":302,"ne_type":"PERSON","keyword":"[스탈린]","e_type":"NEW"},{"kbox_types":["Country","PopulatedPlace","PopulatedPlace","Place"],"st":318,"en_mention":283,"ancestor":"2-1","eIdx":15,"st_mention":281,"en":322,"ne_type":"ORGANIZATION","keyword":"[소련]","e_type":"NEW"},{"kbox_types":["Country","PopulatedPlace","PopulatedPlace","Place"],"st":347,"en_mention":310,"ancestor":"2-10","eIdx":16,"st_mention":308,"en":351,"ne_type":"ORGANIZATION","keyword":"[미국]","e_type":"NEW"},{"kbox_types":["Country","PopulatedPlace","PopulatedPlace","Place"],"st":358,"en_mention":319,"ancestor":"2-16","eIdx":17,"st_mention":317,"en":362,"ne_type":"ORGANIZATION","keyword":"[미국]","e_type":"NEW"},{"kbox_types":["PopulatedPlace","Place","Settlement","PopulatedPlace","Continent"],"st":368,"en_mention":327,"ancestor":"","eIdx":18,"st_mention":325,"en":372,"ne_type":"LOCATION","keyword":"[유럽]","e_type":"WIKILINK"},{"kbox_types":["PopulatedPlace","Place","Settlement","PopulatedPlace","Continent"],"st":375,"en_mention":333,"ancestor":"","eIdx":19,"st_mention":330,"en":380,"ne_type":"LOCATION","keyword":"[아시아]","e_type":"WIKILINK"},{"kbox_types":["Country","PopulatedPlace","PopulatedPlace","Place"],"st":389,"en_mention":349,"ancestor":"","eIdx":20,"st_mention":342,"en":398,"ne_type":"LOCATION","keyword":"[중화인민공화국]","e_type":"WIKILINK"},{"kbox_types":["MusicGenre","TopicalConcept","Genre"],"st":400,"en_mention":353,"ancestor":"","eIdx":21,"st_mention":351,"en":404,"ne_type":"ETC","keyword":"[전쟁]","e_type":"WIKILINK"},{"kbox_types":["Country","PopulatedPlace","PopulatedPlace","Place"],"st":409,"en_mention":369,"ancestor":"","eIdx":22,"st_mention":358,"en":422,"ne_type":"LOCATION","keyword":"[조선민주주의인민공화국]","e_type":"WIKILINK"},{"kbox_types":["Politician","Agent","Person","OfficeHolder","President"],"st":432,"en_mention":382,"ancestor":"","eIdx":23,"st_mention":379,"en":437,"ne_type":"PERSON","keyword":"<김일성>","e_type":"ELU"},{"kbox_types":["Politician","Agent","Person","OfficeHolder","President"],"st":457,"en_mention":405,"ancestor":"","eIdx":24,"st_mention":402,"en":467,"ne_type":"PERSON","keyword":"<이오시프_스탈린>","e_type":"ELU"},{"kbox_types":["Country","PopulatedPlace","PopulatedPlace","Place"],"st":469,"en_mention":410,"ancestor":"","eIdx":25,"st_mention":407,"en":482,"ne_type":"LOCATION","keyword":"<조선민주주의인민공화국>","e_type":"ELU"},{"kbox_types":["Country","PopulatedPlace","PopulatedPlace","Place"],"st":498,"en_mention":428,"ancestor":"2-1","eIdx":26,"st_mention":426,"en":502,"ne_type":"ORGANIZATION","keyword":"[소련]","e_type":"NEW"},{"kbox_types":["Country","PopulatedPlace","PopulatedPlace","Place"],"st":514,"en_mention":443,"ancestor":"","eIdx":27,"st_mention":440,"en":527,"ne_type":"LOCATION","keyword":"<조선민주주의인민공화국>","e_type":"ELU"},{"kbox_types":["Politician","Agent","Person","OfficeHolder","President"],"st":537,"en_mention":456,"ancestor":"","eIdx":28,"st_mention":453,"en":547,"ne_type":"PERSON","keyword":"<이오시프_스탈린>","e_type":"ELU"},{"kbox_types":["Politician","Agent","Person","OfficeHolder","President"],"st":549,"en_mention":461,"ancestor":"","eIdx":29,"st_mention":458,"en":554,"ne_type":"PERSON","keyword":"<김일성>","e_type":"ELU"},{"kbox_types":["Country","PopulatedPlace","PopulatedPlace","Place"],"st":556,"en_mention":474,"ancestor":"","eIdx":30,"st_mention":463,"en":569,"ne_type":"LOCATION","keyword":"<조선민주주의인민공화국>","e_type":"ELU"}],"wikiPageId":1031653,"pIdx":2,"plainText":"김일성은 수 차례 소련의 지배자인 스탈린과 중화인민공화국의 통치자인 마오쩌둥을 만나 무려 48회나 남침 허락 내지는 전쟁 지원을 요청하였다. 공개된 구 소련소련의 문서에 의하면 애초에 스탈린은 조선인민군이 절대적 우위를 확보하지 못하는 한 공격해서는 안 된다고 했다. 인민군의 실력이 미국과 대한민국을 상대로 아직은 단독으로 전쟁을 치를만한 실력이 아니라고 생각했을 뿐더러 미국과의 마찰을 두려워하여 무력 행사를 기피하였다. 그럼에도 김일성은 수 차례 그를 설득하였고 스탈린 자신도 일부 연구자들이 옛 소련의 문서들을 근거로 주장하는 이론에 의하면, 미국을 시험하고 미국의 관심을 유럽에서 아시아로 돌리기 위해 중화인민공화국이 전쟁 원조를 조선민주주의인민공화국에 하는 조건으로 김일성의 남침을 승낙하게 된다. 이리하여 스탈린은 북조선에 강력한 군사적 원조로서, 소련의 무기들을 대량으로 북조선으로 제공하였다. 스탈린은 김일성을 조선민주주의인민공화국의 통제관으로 옹립한 것을 후회했다.","pronouns":[{"st":288,"ancestor":"2-7","proIdx":0,"en":288,"cwStateCd":"FIXED","cwSelIdx":23,"type":"PRONOUN","keyword":"그"},{"st":297,"ancestor":"2-7","proIdx":1,"en":301,"cwStateCd":"FIXED","cwSelIdx":23,"type":"PRONOUN","keyword":"[스탈린]"}],"mentionTagged":"[김일성]은 수 차례 [소련]의 지배자인 [스탈린]과 [중화인민공화국]의 통치자인 [마오쩌둥]을 만나 무려 48회나 남침 허락 내지는 전쟁 지원을 요청하였다. 공개된 [구 소련][소련]의 문서에 의하면 애초에 [스탈린]은 [조선인민군]이 절대적 우위를 확보하지 못하는 한 공격해서는 안 된다고 했다. [인민군]의 실력이 [미국]과 [대한민국]을 상대로 아직은 단독으로 전쟁을 치를만한 실력이 아니라고 생각했을 뿐더러 [미국]과의 마찰을 두려워하여 무력 행사를 기피하였다. 그럼에도 [김일성]은 수 차례 그를 설득하였고 [스탈린] 자신도 일부 연구자들이 옛 [소련]의 문서들을 근거로 주장하는 이론에 의하면, [미국]을 시험하고 [미국]의 관심을 [유럽]에서 [아시아]로 돌리기 위해 [중화인민공화국]이 [전쟁] 원조를 [조선민주주의인민공화국]에 하는 조건으로 [김일성]의 남침을 승낙하게 된다. 이리하여 [스탈린]은 [북조선]에 강력한 군사적 원조로서, [소련]의 무기들을 대량으로 [북조선]으로 제공하였다. [스탈린]은 [김일성]을 [조선민주주의인민공화국]의 통제관으로 옹립한 것을 후회했다."}