{"entityTagged":"[비브라스 나트초] (, , Bibras Natkho, [1988년] [2월_18일], [이스라엘] [크파_카마] ~ )는 [이스라엘]의 축구 선수이다. 포지션은 [미드필더]이며, 현재 [러시아_프리미어리그]에 소속되어 있는 [PFC_CSKA_모스크바]에서 활약하고 있다.","globalSId":[3467768,3467769],"entities":[{"kbox_types":["SoccerPlayer","Athlete","Agent","Person"],"st":0,"en_mention":8,"ancestor":"-2","eIdx":0,"st_mention":0,"en":10,"ne_type":"PERSON","keyword":"[비브라스 나트초]","e_type":"NEW"},{"kbox_types":["Year","TimePeriod"],"st":31,"en_mention":34,"ancestor":"","eIdx":1,"st_mention":29,"en":38,"ne_type":"TIME","keyword":"[1988년]","e_type":"WIKILINK"},{"kbox_types":["NULL"],"st":39,"en_mention":41,"ancestor":"","eIdx":2,"st_mention":35,"en":47,"ne_type":"TIME","keyword":"[2월_18일]","e_type":"WIKILINK"},{"kbox_types":["Country","PopulatedPlace","Settlement","PopulatedPlace","Place"],"st":49,"en_mention":47,"ancestor":"","eIdx":3,"st_mention":43,"en":55,"ne_type":"LOCATION","keyword":"[이스라엘]","e_type":"WIKILINK"},{"kbox_types":["NULL"],"st":56,"en_mention":53,"ancestor":"","eIdx":4,"st_mention":48,"en":63,"ne_type":"ETC","keyword":"[크파_카마]","e_type":"WIKILINK"},{"kbox_types":["Country","PopulatedPlace","Settlement","PopulatedPlace","Place"],"st":69,"en_mention":63,"ancestor":"","eIdx":5,"st_mention":59,"en":75,"ne_type":"LOCATION","keyword":"[이스라엘]","e_type":"WIKILINK"},{"kbox_types":["NULL"],"st":91,"en_mention":83,"ancestor":"","eIdx":6,"st_mention":79,"en":97,"ne_type":"ETC","keyword":"[미드필더]","e_type":"WIKILINK"},{"kbox_types":["NULL"],"st":104,"en_mention":100,"ancestor":"","eIdx":7,"st_mention":90,"en":116,"ne_type":"ETC","keyword":"[러시아_프리미어리그]","e_type":"WIKILINK"},{"kbox_types":["SoccerClub","Agent","SportsTeam","Organisation"],"st":126,"en_mention":119,"ancestor":"","eIdx":8,"st_mention":110,"en":141,"ne_type":"ORGANIZATION","keyword":"[PFC_CSKA_모스크바]","e_type":"WIKILINK"}],"wikiPageId":1227423,"pIdx":1,"plainText":"비브라스 나트초 (, , Bibras Natkho, 1988년 2월 18일, 이스라엘 크파 카마 ~ )는 이스라엘의 축구 선수이다. 포지션은 미드필더이며, 현재 러시아 프리미어리그에 소속되어 있는 CSKA 모스크바에서 활약하고 있다.","pronouns":[],"mentionTagged":"[비브라스 나트초] (, , Bibras Natkho, [1988년] [2월 18일], [이스라엘] [크파 카마] ~ )는 [이스라엘]의 축구 선수이다. 포지션은 [미드필더]이며, 현재 [러시아 프리미어리그]에 소속되어 있는 [CSKA 모스크바]에서 활약하고 있다."}