{"entityTagged":"생애. [톈진_시]에서 태어난 <자오위안런>은 [1910년]에 [미국]의 [코넬_대학교]와 [하버드_대학교]에 유학해 [수학]과 [물리학], [음악학], [언어학], [철학] 등을 공부하고 가르치다 [1920년]에 [중화민국]으로 돌아가 [칭화_대학]의 물리학 강사, 국학연구원 교수, 국문과 교수 등이 되었다. 이후 다시 [미국]으로 건너가서 [예일_대학교], [하와이_대학교], [하버드_대학교] 등 유수 대학 방문교수로 음운학, 사회언어학, 방언학, 음악학 등을 강의하고 연구했다. 그의 연구 주제들중에서 [중국어]를 [로마자]로 표기하는 방법인 [국어라마자]에 대한 연구는 뒷날 중국어 문자개혁에 영향을 준 것으로 알려진다. [1948년]에 [미국]으로 이주하여 [1954년]에 [미국] 시민권자가 되었으며 사망하기 전까지 [캘리포니아_대학교_버클리] 등에서 언어학 연구를 계속하였다.","globalSId":[2567669,2567670,2567671,2567672,2567673],"entities":[{"kbox_types":["PopulatedPlace","Settlement","PopulatedPlace","Place"],"st":4,"en_mention":5,"ancestor":"","eIdx":0,"st_mention":3,"en":10,"ne_type":"LOCATION","keyword":"[톈진_시]","e_type":"WIKILINK"},{"kbox_types":["Writer","Agent","Person","Artist"],"st":17,"en_mention":17,"ancestor":"","eIdx":1,"st_mention":12,"en":24,"ne_type":"PERSON","keyword":"<자오위안런>","e_type":"ELU"},{"kbox_types":["Year","TimePeriod"],"st":26,"en_mention":24,"ancestor":"","eIdx":2,"st_mention":19,"en":33,"ne_type":"TIME","keyword":"[1910년]","e_type":"WIKILINK"},{"kbox_types":["Country","PopulatedPlace","PopulatedPlace","Place"],"st":35,"en_mention":28,"ancestor":"","eIdx":3,"st_mention":26,"en":39,"ne_type":"LOCATION","keyword":"[미국]","e_type":"WIKILINK"},{"kbox_types":["University","Agent","EducationalInstitution","Organisation"],"st":41,"en_mention":36,"ancestor":"","eIdx":4,"st_mention":30,"en":49,"ne_type":"ORGANIZATION","keyword":"[코넬_대학교]","e_type":"WIKILINK"},{"kbox_types":["University","Agent","EducationalInstitution","Organisation"],"st":51,"en_mention":45,"ancestor":"","eIdx":5,"st_mention":38,"en":60,"ne_type":"ORGANIZATION","keyword":"[하버드_대학교]","e_type":"WIKILINK"},{"kbox_types":["AcademicSubject","TopicalConcept"],"st":66,"en_mention":53,"ancestor":"","eIdx":6,"st_mention":51,"en":70,"ne_type":"ETC","keyword":"[수학]","e_type":"WIKILINK"},{"kbox_types":["NULL"],"st":72,"en_mention":58,"ancestor":"","eIdx":7,"st_mention":55,"en":77,"ne_type":"ETC","keyword":"[물리학]","e_type":"WIKILINK"},{"kbox_types":["TopicalConcept","Agent","EducationalInstitution","Organisation","AcademicSubject","University"],"st":79,"en_mention":63,"ancestor":"","eIdx":8,"st_mention":60,"en":84,"ne_type":"ORGANIZATION","keyword":"[음악학]","e_type":"WIKILINK"},{"kbox_types":["NULL"],"st":86,"en_mention":68,"ancestor":"","eIdx":9,"st_mention":65,"en":91,"ne_type":"ETC","keyword":"[언어학]","e_type":"WIKILINK"},{"kbox_types":["AcademicSubject","TopicalConcept"],"st":93,"en_mention":72,"ancestor":"","eIdx":10,"st_mention":70,"en":97,"ne_type":"ETC","keyword":"[철학]","e_type":"WIKILINK"},{"kbox_types":["Year","TimePeriod"],"st":111,"en_mention":91,"ancestor":"","eIdx":11,"st_mention":86,"en":118,"ne_type":"TIME","keyword":"[1920년]","e_type":"WIKILINK"},{"kbox_types":["Country","Agent","PopulatedPlace","EducationalInstitution","University","Place","Organisation","University"],"st":120,"en_mention":97,"ancestor":"","eIdx":12,"st_mention":93,"en":126,"ne_type":"ORGANIZATION","keyword":"[중화민국]","e_type":"WIKILINK"},{"kbox_types":["University","Agent","EducationalInstitution","Organisation"],"st":133,"en_mention":109,"ancestor":"","eIdx":13,"st_mention":104,"en":140,"ne_type":"ORGANIZATION","keyword":"[칭화_대학]","e_type":"WIKILINK"},{"kbox_types":["Country","PopulatedPlace","PopulatedPlace","Place"],"st":181,"en_mention":152,"ancestor":"","eIdx":14,"st_mention":150,"en":185,"ne_type":"LOCATION","keyword":"[미국]","e_type":"WIKILINK"},{"kbox_types":["University","Agent","EducationalInstitution","Organisation"],"st":193,"en_mention":166,"ancestor":"","eIdx":15,"st_mention":160,"en":201,"ne_type":"ORGANIZATION","keyword":"[예일_대학교]","e_type":"WIKILINK"},{"kbox_types":["University","Agent","EducationalInstitution","Organisation"],"st":203,"en_mention":175,"ancestor":"","eIdx":16,"st_mention":168,"en":212,"ne_type":"ORGANIZATION","keyword":"[하와이_대학교]","e_type":"WIKILINK"},{"kbox_types":["University","Agent","EducationalInstitution","Organisation"],"st":214,"en_mention":184,"ancestor":"","eIdx":17,"st_mention":177,"en":223,"ne_type":"ORGANIZATION","keyword":"[하버드_대학교]","e_type":"WIKILINK"},{"kbox_types":["Language"],"st":286,"en_mention":250,"ancestor":"","eIdx":18,"st_mention":247,"en":291,"ne_type":"ETC","keyword":"[중국어]","e_type":"WIKILINK"},{"kbox_types":["NULL"],"st":293,"en_mention":255,"ancestor":"","eIdx":19,"st_mention":252,"en":298,"ne_type":"ETC","keyword":"[로마자]","e_type":"WIKILINK"},{"kbox_types":["NULL"],"st":309,"en_mention":271,"ancestor":"","eIdx":20,"st_mention":266,"en":316,"ne_type":"ETC","keyword":"[국어라마자]","e_type":"WIKILINK"},{"kbox_types":["Year","TimePeriod"],"st":354,"en_mention":314,"ancestor":"","eIdx":21,"st_mention":309,"en":361,"ne_type":"TIME","keyword":"[1948년]","e_type":"WIKILINK"},{"kbox_types":["Country","PopulatedPlace","PopulatedPlace","Place"],"st":363,"en_mention":318,"ancestor":"","eIdx":22,"st_mention":316,"en":367,"ne_type":"LOCATION","keyword":"[미국]","e_type":"WIKILINK"},{"kbox_types":["Year","TimePeriod"],"st":375,"en_mention":331,"ancestor":"","eIdx":23,"st_mention":326,"en":382,"ne_type":"TIME","keyword":"[1954년]","e_type":"WIKILINK"},{"kbox_types":["Country","PopulatedPlace","PopulatedPlace","Place"],"st":384,"en_mention":335,"ancestor":"","eIdx":24,"st_mention":333,"en":388,"ne_type":"LOCATION","keyword":"[미국]","e_type":"WIKILINK"},{"kbox_types":["University","Agent","EducationalInstitution","Organisation"],"st":409,"en_mention":369,"ancestor":"","eIdx":25,"st_mention":356,"en":424,"ne_type":"ORGANIZATION","keyword":"[캘리포니아_대학교_버클리]","e_type":"WIKILINK"}],"wikiPageId":681240,"pIdx":2,"plainText":"생애 톈진에서 태어난 자오위안런은 1910년에 미국의 코넬 대학교와 하버드 대학교에 유학해 수학과 물리학, 음악학, 언어학, 철학 등을 공부하고 가르치다 1920년에 중화민국으로 돌아가 칭화 대학의 물리학 강사, 국학연구원 교수, 국문과 교수 등이 되었다. 이후 다시 미국으로 건너가서 예일 대학교, 하와이 대학교, 하버드 대학교 등 유수 대학 방문교수로 음운학, 사회언어학, 방언학, 음악학 등을 강의하고 연구했다. 그의 연구 주제들중에서 중국어를 로마자로 표기하는 방법인 국어라마자에 대한 연구는 뒷날 중국어 문자개혁에 영향을 준 것으로 알려진다. 1948년에 미국으로 이주하여 1954년에 미국 시민권자가 되었으며 사망하기 전까지 캘리포니아 대학교 버클리 등에서 언어학 연구를 계속하였다.","pronouns":[{"st":273,"ancestor":"2-1","proIdx":0,"en":274,"cwStateCd":"FIXED","cwSelIdx":3,"type":"PRONOUN","keyword":"그의"},{"st":273,"ancestor":"-2","proIdx":1,"en":284,"cwStateCd":"FIXED","cwSelIdx":[],"type":"PRONOUN","keyword":"그의 연구 주제들중에서"},{"st":273,"ancestor":"-2","proIdx":2,"en":307,"cwStateCd":"FIXED","cwSelIdx":[],"type":"PRONOUN","keyword":"그의 연구 주제들중에서 [중국어]를 [로마자]로 표기하는 방법인"},{"st":273,"ancestor":"-2","proIdx":3,"en":316,"cwStateCd":"FIXED","cwSelIdx":[],"type":"PRONOUN","keyword":"그의 연구 주제들중에서 [중국어]를 [로마자]로 표기하는 방법인 [국어라마자]에"}],"mentionTagged":"생애 [톈진]에서 태어난 [자오위안런]은 [1910년]에 [미국]의 [코넬 대학교]와 [하버드 대학교]에 유학해 [수학]과 [물리학], [음악학], [언어학], [철학] 등을 공부하고 가르치다 [1920년]에 [중화민국]으로 돌아가 [칭화 대학]의 물리학 강사, 국학연구원 교수, 국문과 교수 등이 되었다. 이후 다시 [미국]으로 건너가서 [예일 대학교], [하와이 대학교], [하버드 대학교] 등 유수 대학 방문교수로 음운학, 사회언어학, 방언학, 음악학 등을 강의하고 연구했다. 그의 연구 주제들중에서 [중국어]를 [로마자]로 표기하는 방법인 [국어라마자]에 대한 연구는 뒷날 중국어 문자개혁에 영향을 준 것으로 알려진다. [1948년]에 [미국]으로 이주하여 [1954년]에 [미국] 시민권자가 되었으며 사망하기 전까지 [캘리포니아 대학교 버클리] 등에서 언어학 연구를 계속하였다."}