{"entityTagged":"이러한 보고에도 [루마니아] 정부는 [1922년] <이온_안토네스쿠>를 [파리] 주재 무관으로 유임하고 [슈추] 대령을 본국으로 소환하였다. [프랑스] 정부 역시 [페틴] 장군의 보고에도 불구하고 <이온_안토네스쿠>의 유임에 사의를 표명하였다. 당시 <이온_안토네스쿠>는 [투란슬라비아]의 [시비우] 지역 군사 교육을 맡았다. 지역 사령관들은 그의 교육 방식에 대해 불만이 많았다. <이온_안토네스쿠>는 [1923년]부터 [영국]과 [벨기에]의 무관을 겸임하였다. <이온_안토네스쿠>는 무관 임무를 수행하면서 [루마니아] 외교관 [니콜라에_티툴레스쿠]와 함께 <프랑스>로부터 1억 [프랑스_프랑]의 차관을 도입하여 프랑스제 무기를 구입하였다. 이 과정에서 두 사람은 개인적인 친분을 쌓았다. 한편, <이온_안토네스쿠>는 [루마니아] 출신의 [보수주의] 문필가 [마테_비베스코]로부터 [귀스타브_르_봉]의 [군중심리학]을 소개받았다. <귀스타브_르_봉>의 군중심리학은 여러 [파시즘] 지도자들에게 사상적인 기반을 제공하였다. [비베스코]는 [19세기] <비시_프랑스>이자 국가주의자였던 [조르주_블랑제]()도 소개하였다. [1923년] <이온_안토네스쿠>는 그와 정치적 성향이 비슷한 변호사였던 [미하이_안토네스쿠]와 친분을 쌓았다.","globalSId":[572433,572434,572435,572436,572437,572438,572439,572440,572441,572442,572443],"entities":[{"kbox_types":["Country","PopulatedPlace","PopulatedPlace","Place"],"st":9,"en_mention":13,"ancestor":"14-5","eIdx":0,"st_mention":9,"en":15,"ne_type":"LOCATION","keyword":"[루마니아]","e_type":"NEW"},{"kbox_types":["Year","TimePeriod"],"st":20,"en_mention":23,"ancestor":"-2","eIdx":1,"st_mention":18,"en":27,"ne_type":"TIME","keyword":"[1922년]","e_type":"NEW"},{"kbox_types":["Politician","PrimeMinister","Agent","Person"],"st":28,"en_mention":29,"ancestor":"","eIdx":2,"st_mention":24,"en":38,"ne_type":"PERSON","keyword":"<이온_안토네스쿠>","e_type":"ELU"},{"kbox_types":["NULL"],"st":40,"en_mention":33,"ancestor":"-2","eIdx":3,"st_mention":31,"en":44,"ne_type":"LOCATION","keyword":"[파리]","e_type":"NEW"},{"kbox_types":["NULL"],"st":58,"en_mention":49,"ancestor":"-2","eIdx":4,"st_mention":47,"en":62,"ne_type":"PERSON","keyword":"[슈추]","e_type":"NEW"},{"kbox_types":["Country","PopulatedPlace","Settlement","PopulatedPlace","Place"],"st":79,"en_mention":69,"ancestor":"14-18","eIdx":5,"st_mention":66,"en":84,"ne_type":"ORGANIZATION","keyword":"[프랑스]","e_type":"NEW"},{"kbox_types":["NULL"],"st":91,"en_mention":78,"ancestor":"-2","eIdx":6,"st_mention":76,"en":95,"ne_type":"PERSON","keyword":"[페틴]","e_type":"NEW"},{"kbox_types":["Politician","PrimeMinister","Agent","Person"],"st":110,"en_mention":98,"ancestor":"","eIdx":7,"st_mention":93,"en":120,"ne_type":"PERSON","keyword":"<이온_안토네스쿠>","e_type":"ELU"},{"kbox_types":["Politician","PrimeMinister","Agent","Person"],"st":140,"en_mention":123,"ancestor":"","eIdx":8,"st_mention":118,"en":150,"ne_type":"PERSON","keyword":"<이온_안토네스쿠>","e_type":"ELU"},{"kbox_types":["NULL"],"st":152,"en_mention":131,"ancestor":"-2","eIdx":9,"st_mention":125,"en":160,"ne_type":"LOCATION","keyword":"[투란슬라비아]","e_type":"NEW"},{"kbox_types":["PopulatedPlace","Settlement","PopulatedPlace","City","Place"],"st":162,"en_mention":136,"ancestor":"","eIdx":10,"st_mention":133,"en":167,"ne_type":"LOCATION","keyword":"[시비우]","e_type":"WIKILINK"},{"kbox_types":["Politician","PrimeMinister","Agent","Person"],"st":214,"en_mention":188,"ancestor":"","eIdx":11,"st_mention":183,"en":224,"ne_type":"PERSON","keyword":"<이온_안토네스쿠>","e_type":"ELU"},{"kbox_types":["Year","TimePeriod"],"st":226,"en_mention":195,"ancestor":"-2","eIdx":12,"st_mention":190,"en":233,"ne_type":"TIME","keyword":"[1923년]","e_type":"NEW"},{"kbox_types":["Country","PopulatedPlace","PopulatedPlace","Place"],"st":236,"en_mention":200,"ancestor":"","eIdx":13,"st_mention":198,"en":240,"ne_type":"LOCATION","keyword":"[영국]","e_type":"WIKILINK"},{"kbox_types":["Country","PopulatedPlace","Settlement","PopulatedPlace","Place"],"st":242,"en_mention":205,"ancestor":"","eIdx":14,"st_mention":202,"en":247,"ne_type":"LOCATION","keyword":"[벨기에]","e_type":"WIKILINK"},{"kbox_types":["Politician","PrimeMinister","Agent","Person"],"st":260,"en_mention":223,"ancestor":"","eIdx":15,"st_mention":218,"en":270,"ne_type":"PERSON","keyword":"<이온_안토네스쿠>","e_type":"ELU"},{"kbox_types":["Country","PopulatedPlace","PopulatedPlace","Place"],"st":285,"en_mention":242,"ancestor":"15-0","eIdx":16,"st_mention":238,"en":291,"ne_type":"LOCATION","keyword":"[루마니아]","e_type":"NEW"},{"kbox_types":["NULL"],"st":296,"en_mention":257,"ancestor":"","eIdx":17,"st_mention":247,"en":308,"ne_type":"ETC","keyword":"[니콜라에_티툴레스쿠]","e_type":"WIKILINK"},{"kbox_types":["Country","PopulatedPlace","Settlement","PopulatedPlace","Place"],"st":313,"en_mention":265,"ancestor":"","eIdx":18,"st_mention":262,"en":318,"ne_type":"LOCATION","keyword":"<프랑스>","e_type":"ELU"},{"kbox_types":["Currency"],"st":325,"en_mention":278,"ancestor":"","eIdx":19,"st_mention":272,"en":333,"ne_type":"ETC","keyword":"[프랑스_프랑]","e_type":"WIKILINK"},{"kbox_types":["Politician","PrimeMinister","Agent","Person"],"st":391,"en_mention":341,"ancestor":"","eIdx":20,"st_mention":336,"en":401,"ne_type":"PERSON","keyword":"<이온_안토네스쿠>","e_type":"ELU"},{"kbox_types":["Country","PopulatedPlace","PopulatedPlace","Place"],"st":403,"en_mention":347,"ancestor":"15-16","eIdx":21,"st_mention":343,"en":409,"ne_type":"LOCATION","keyword":"[루마니아]","e_type":"NEW"},{"kbox_types":["NULL"],"st":414,"en_mention":356,"ancestor":"","eIdx":22,"st_mention":352,"en":420,"ne_type":"ETC","keyword":"[보수주의]","e_type":"WIKILINK"},{"kbox_types":["NULL"],"st":425,"en_mention":368,"ancestor":"","eIdx":23,"st_mention":361,"en":434,"ne_type":"ETC","keyword":"[마테_비베스코]","e_type":"WIKILINK"},{"kbox_types":["Scientist","Agent","Person"],"st":438,"en_mention":380,"ancestor":"","eIdx":24,"st_mention":372,"en":448,"ne_type":"PERSON","keyword":"[귀스타브_르_봉]","e_type":"WIKILINK"},{"kbox_types":["NULL"],"st":450,"en_mention":387,"ancestor":"","eIdx":25,"st_mention":382,"en":457,"ne_type":"ETC","keyword":"[군중심리학]","e_type":"WIKILINK"},{"kbox_types":["Scientist","Agent","Person"],"st":466,"en_mention":404,"ancestor":"","eIdx":26,"st_mention":396,"en":476,"ne_type":"PERSON","keyword":"<귀스타브_르_봉>","e_type":"ELU"},{"kbox_types":["NULL"],"st":488,"en_mention":419,"ancestor":"","eIdx":27,"st_mention":416,"en":493,"ne_type":"ETC","keyword":"[파시즘]","e_type":"WIKILINK"},{"kbox_types":["NULL"],"st":517,"en_mention":447,"ancestor":"15-23","eIdx":28,"st_mention":443,"en":523,"ne_type":"PERSON","keyword":"[비베스코]","e_type":"NEW"},{"kbox_types":["NULL"],"st":525,"en_mention":453,"ancestor":"-2","eIdx":29,"st_mention":449,"en":531,"ne_type":"TIME","keyword":"[19세기]","e_type":"NEW"},{"kbox_types":["Country","PopulatedPlace","Place","PopulatedPlace"],"st":532,"en_mention":460,"ancestor":"","eIdx":30,"st_mention":454,"en":540,"ne_type":"LOCATION","keyword":"<비시_프랑스>","e_type":"ELU"},{"kbox_types":["NULL"],"st":551,"en_mention":478,"ancestor":"","eIdx":31,"st_mention":471,"en":560,"ne_type":"ETC","keyword":"[조르주_블랑제]","e_type":"WIKILINK"},{"kbox_types":["Year","TimePeriod"],"st":571,"en_mention":494,"ancestor":"15-12","eIdx":32,"st_mention":489,"en":578,"ne_type":"TIME","keyword":"[1923년]","e_type":"NEW"},{"kbox_types":["Politician","PrimeMinister","Agent","Person"],"st":579,"en_mention":500,"ancestor":"","eIdx":33,"st_mention":495,"en":589,"ne_type":"PERSON","keyword":"<이온_안토네스쿠>","e_type":"ELU"},{"kbox_types":["NULL"],"st":612,"en_mention":532,"ancestor":"","eIdx":34,"st_mention":523,"en":623,"ne_type":"ETC","keyword":"[미하이_안토네스쿠]","e_type":"WIKILINK"}],"wikiPageId":69833,"pIdx":15,"plainText":"이러한 보고에도 루마니아 정부는 1922년 안토네스쿠를 파리 주재 무관으로 유임하고 슈추 대령을 본국으로 소환하였다. 프랑스 정부 역시 페틴 장군의 보고에도 불구하고 안토네스쿠의 유임에 사의를 표명하였다. 당시 안토네스쿠는 투란슬라비아의 시비우 지역 군사 교육을 맡았다. 지역 사령관들은 그의 교육 방식에 대해 불만이 많았다. 안토네스쿠는 1923년부터 영국과 벨기에의 무관을 겸임하였다. 안토네스쿠는 무관 임무를 수행하면서 루마니아 외교관 니콜라에 티툴레스쿠와 함께 프랑스로부터 1억 프랑스 프랑의 차관을 도입하여 프랑스제 무기를 구입하였다. 이 과정에서 두 사람은 개인적인 친분을 쌓았다. 한편, 안토네스쿠는 루마니아 출신의 보수주의 문필가 마테 비베스코로부터 귀스타브 르 봉의 군중심리학을 소개받았다. 귀스타브 르 봉의 군중심리학은 여러 파시즘 지도자들에게 사상적인 기반을 제공하였다. 비베스코는 19세기 프랑스 군인이자 국가주의자였던 조르주 블랑제()도 소개하였다. 1923년 안토네스쿠는 그와 정치적 성향이 비슷한 변호사였던 미하이 안토네스쿠와 친분을 쌓았다.","mentionTagged":"이러한 보고에도 [루마니아] 정부는 [1922년] [안토네스쿠]를 [파리] 주재 무관으로 유임하고 [슈추] 대령을 본국으로 소환하였다. [프랑스] 정부 역시 [페틴] 장군의 보고에도 불구하고 [안토네스쿠]의 유임에 사의를 표명하였다. 당시 [안토네스쿠]는 [투란슬라비아]의 [시비우] 지역 군사 교육을 맡았다. 지역 사령관들은 그의 교육 방식에 대해 불만이 많았다. [안토네스쿠]는 [1923년]부터 [영국]과 [벨기에]의 무관을 겸임하였다. [안토네스쿠]는 무관 임무를 수행하면서 [루마니아] 외교관 [니콜라에 티툴레스쿠]와 함께 [프랑스]로부터 1억 [프랑스 프랑]의 차관을 도입하여 프랑스제 무기를 구입하였다. 이 과정에서 두 사람은 개인적인 친분을 쌓았다. 한편, [안토네스쿠]는 [루마니아] 출신의 [보수주의] 문필가 [마테 비베스코]로부터 [귀스타브 르 봉]의 [군중심리학]을 소개받았다. [귀스타브 르 봉]의 군중심리학은 여러 [파시즘] 지도자들에게 사상적인 기반을 제공하였다. [비베스코]는 [19세기] [프랑스 군인]이자 국가주의자였던 [조르주 블랑제]()도 소개하였다. [1923년] [안토네스쿠]는 그와 정치적 성향이 비슷한 변호사였던 [미하이 안토네스쿠]와 친분을 쌓았다."}