{"entityTagged":"[VfL 보훔](VfL Bochum 1848 e.V.)는 [보훔]에 위치한 [루르슈타디온]을 근거로 하는 [독일]의 [축구] 클럽이다. 현재 감독은 [마르셀_콜러]이다.","globalSId":[930544,930545],"entities":[{"kbox_types":["SoccerClub","Agent","SportsTeam","Organisation"],"st":0,"en_mention":6,"ancestor":"-2","eIdx":0,"st_mention":0,"en":8,"ne_type":"ORGANIZATION","keyword":"[VfL 보훔]","e_type":"NEW"},{"kbox_types":["PopulatedPlace","Settlement","PopulatedPlace","City","Place"],"st":32,"en_mention":32,"ancestor":"","eIdx":1,"st_mention":30,"en":36,"ne_type":"LOCATION","keyword":"[보훔]","e_type":"WIKILINK"},{"kbox_types":["Place","PopulatedPlace","Settlement"],"st":42,"en_mention":44,"ancestor":"","eIdx":2,"st_mention":38,"en":50,"ne_type":"LOCATION","keyword":"[루르슈타디온]","e_type":"WIKILINK"},{"kbox_types":["Country","PopulatedPlace","Settlement","PopulatedPlace","Place"],"st":59,"en_mention":55,"ancestor":"","eIdx":3,"st_mention":53,"en":63,"ne_type":"LOCATION","keyword":"[독일]","e_type":"WIKILINK"},{"kbox_types":["Activity","Sport"],"st":65,"en_mention":59,"ancestor":"","eIdx":4,"st_mention":57,"en":69,"ne_type":"ETC","keyword":"[축구]","e_type":"WIKILINK"},{"kbox_types":["SoccerPlayer","SportsManager","Agent","Person","SoccerManager","Athlete"],"st":83,"en_mention":79,"ancestor":"","eIdx":5,"st_mention":73,"en":91,"ne_type":"PERSON","keyword":"[마르셀_콜러]","e_type":"WIKILINK"}],"wikiPageId":128711,"pIdx":1,"plainText":"VfL 보훔(VfL Bochum 1848 e.V.)는 보훔에 위치한 루르슈타디온을 근거로 하는 독일의 축구 클럽이다. 현재 감독은 마르셀 콜러이다.","pronouns":[],"mentionTagged":"[VfL 보훔](VfL Bochum 1848 e.V.)는 [보훔]에 위치한 [루르슈타디온]을 근거로 하는 [독일]의 [축구] 클럽이다. 현재 감독은 [마르셀 콜러]이다."}