{"entityTagged":"오랫동안 [나폴리]를 중심으로 서민들의 든든한 [식사]로 이용되다가 [19세기] [이탈리아의_통일] 과정에서 구휼 [음식]으로 각광을 받으면서 [이탈리아] 전역으로 퍼져 나갔다. 이후 [세계_대전]에서 [이탈리아]에 주둔한 미군들이 피자를 맛본 후 [미국]에 전해지거나 [이탈리아]의 이민자 및 노동자들이 [미국]으로 건너가면서 피자가 [미국] 전역으로 퍼지면서 세계적인 [음식]으로 발돋움하였다.","globalSId":[587944,587945],"entities":[{"kbox_types":["PopulatedPlace","Place","Settlement","PopulatedPlace","City"],"st":5,"en_mention":8,"ancestor":"","eIdx":0,"st_mention":5,"en":10,"ne_type":"LOCATION","keyword":"[나폴리]","e_type":"WIKILINK"},{"kbox_types":["NULL"],"st":26,"en_mention":26,"ancestor":"","eIdx":1,"st_mention":24,"en":30,"ne_type":"ETC","keyword":"[식사]","e_type":"WIKILINK"},{"kbox_types":["NULL"],"st":38,"en_mention":38,"ancestor":"-2","eIdx":2,"st_mention":34,"en":44,"ne_type":"TIME","keyword":"[19세기]","e_type":"NEW"},{"kbox_types":["Holiday"],"st":45,"en_mention":47,"ancestor":"","eIdx":3,"st_mention":39,"en":55,"ne_type":"ETC","keyword":"[이탈리아의_통일]","e_type":"WIKILINK"},{"kbox_types":["NULL"],"st":64,"en_mention":58,"ancestor":"","eIdx":4,"st_mention":56,"en":68,"ne_type":"ETC","keyword":"[음식]","e_type":"WIKILINK"},{"kbox_types":["Country","PopulatedPlace","Settlement","PopulatedPlace","Place"],"st":80,"en_mention":74,"ancestor":"","eIdx":5,"st_mention":70,"en":86,"ne_type":"LOCATION","keyword":"[이탈리아]","e_type":"WIKILINK"},{"kbox_types":["NULL"],"st":103,"en_mention":96,"ancestor":"","eIdx":6,"st_mention":91,"en":110,"ne_type":"ETC","keyword":"[세계_대전]","e_type":"WIKILINK"},{"kbox_types":["Country","PopulatedPlace","Settlement","PopulatedPlace","Place"],"st":113,"en_mention":103,"ancestor":"","eIdx":7,"st_mention":99,"en":119,"ne_type":"LOCATION","keyword":"[이탈리아]","e_type":"WIKILINK"},{"kbox_types":["Country","PopulatedPlace","PopulatedPlace","Place"],"st":139,"en_mention":125,"ancestor":"","eIdx":8,"st_mention":123,"en":143,"ne_type":"LOCATION","keyword":"[미국]","e_type":"WIKILINK"},{"kbox_types":["Country","PopulatedPlace","Settlement","PopulatedPlace","Place"],"st":151,"en_mention":137,"ancestor":"","eIdx":9,"st_mention":133,"en":157,"ne_type":"LOCATION","keyword":"[이탈리아]","e_type":"WIKILINK"},{"kbox_types":["Country","PopulatedPlace","PopulatedPlace","Place"],"st":171,"en_mention":153,"ancestor":"","eIdx":10,"st_mention":151,"en":175,"ne_type":"LOCATION","keyword":"[미국]","e_type":"WIKILINK"},{"kbox_types":["Country","PopulatedPlace","PopulatedPlace","Place"],"st":188,"en_mention":168,"ancestor":"","eIdx":11,"st_mention":166,"en":192,"ne_type":"LOCATION","keyword":"[미국]","e_type":"WIKILINK"},{"kbox_types":["NULL"],"st":208,"en_mention":186,"ancestor":"","eIdx":12,"st_mention":184,"en":212,"ne_type":"ETC","keyword":"[음식]","e_type":"WIKILINK"}],"wikiPageId":72061,"pIdx":5,"plainText":"오랫동안 나폴리를 중심으로 서민들의 든든한 식사로 이용되다가 19세기 이탈리아의 통일 과정에서 구휼 음식으로 각광을 받으면서 이탈리아 전역으로 퍼져 나갔다. 이후 세계 대전에서 이탈리아에 주둔한 미군들이 피자를 맛본 후 미국에 전해지거나 이탈리아의 이민자 및 노동자들이 미국으로 건너가면서 피자가 미국 전역으로 퍼지면서 세계적인 음식으로 발돋움하였다.","pronouns":[],"mentionTagged":"오랫동안 [나폴리]를 중심으로 서민들의 든든한 [식사]로 이용되다가 [19세기] [이탈리아의 통일] 과정에서 구휼 [음식]으로 각광을 받으면서 [이탈리아] 전역으로 퍼져 나갔다. 이후 [세계 대전]에서 [이탈리아]에 주둔한 미군들이 피자를 맛본 후 [미국]에 전해지거나 [이탈리아]의 이민자 및 노동자들이 [미국]으로 건너가면서 피자가 [미국] 전역으로 퍼지면서 세계적인 [음식]으로 발돋움하였다."}