{"entityTagged":"여러 나라에서 즐겨먹는 세계적인 [음식]이 된 피자는 [나폴리] 지역에서 유래한 [이탈리아_요리]로, [이탈리아]에서는 [지역]에 따라서 다양한 형태의 피자 [요리]를 만들어 먹는다.","globalSId":[587938],"entities":[{"kbox_types":["NULL"],"st":18,"en_mention":20,"ancestor":"","eIdx":0,"st_mention":18,"en":22,"ne_type":"ETC","keyword":"[음식]","e_type":"WIKILINK"},{"kbox_types":["PopulatedPlace","Place","Settlement","PopulatedPlace","City"],"st":30,"en_mention":31,"ancestor":"","eIdx":1,"st_mention":28,"en":35,"ne_type":"LOCATION","keyword":"[나폴리]","e_type":"WIKILINK"},{"kbox_types":["NULL"],"st":45,"en_mention":48,"ancestor":"","eIdx":2,"st_mention":41,"en":54,"ne_type":"ETC","keyword":"[이탈리아_요리]","e_type":"WIKILINK"},{"kbox_types":["Country","PopulatedPlace","Settlement","PopulatedPlace","Place"],"st":57,"en_mention":55,"ancestor":"","eIdx":3,"st_mention":51,"en":63,"ne_type":"LOCATION","keyword":"[이탈리아]","e_type":"WIKILINK"},{"kbox_types":["NULL"],"st":67,"en_mention":61,"ancestor":"","eIdx":4,"st_mention":59,"en":71,"ne_type":"ETC","keyword":"[지역]","e_type":"WIKILINK"},{"kbox_types":["MusicGenre","TopicalConcept","Genre"],"st":88,"en_mention":80,"ancestor":"","eIdx":5,"st_mention":78,"en":92,"ne_type":"ETC","keyword":"[요리]","e_type":"WIKILINK"}],"wikiPageId":72061,"pIdx":2,"plainText":"여러 나라에서 즐겨먹는 세계적인 음식이 된 피자는 나폴리 지역에서 유래한 이탈리아 요리로, 이탈리아에서는 지역에 따라서 다양한 형태의 피자 요리를 만들어 먹는다.","pronouns":[{"st":0,"ancestor":"-1","proIdx":0,"en":6,"cwStateCd":"FIXED","cwSelIdx":[],"type":"PRONOUN","keyword":"여러 나라에서"},{"st":0,"ancestor":"-1","proIdx":1,"en":21,"cwStateCd":"FIXED","cwSelIdx":[],"type":"PRONOUN","keyword":"여러 나라에서 즐겨먹는 세계적인 [음식]"},{"st":0,"ancestor":"-1","proIdx":2,"en":28,"cwStateCd":"FIXED","cwSelIdx":[],"type":"PRONOUN","keyword":"여러 나라에서 즐겨먹는 세계적인 [음식]이 된 피자는"}],"mentionTagged":"여러 나라에서 즐겨먹는 세계적인 [음식]이 된 피자는 [나폴리] 지역에서 유래한 [이탈리아 요리]로, [이탈리아]에서는 [지역]에 따라서 다양한 형태의 피자 [요리]를 만들어 먹는다."}