{"entityTagged":"<동허이>()는 [베트남]의 [꽝빈_성](Quảng Bình)에 위치한 도시로, 해발 고도는 20m, 넓이는 155.54 m²이다. [하노이]에서 약 500km 떨어진 곳에 있으며 버스로 6시간 30분에서 8시간 정도 소요된다. 시내에서 6km 거리에 [동허이_공항]이 위치해 있다. [달랏 시]로부터 남쪽으로 50km 거리에 [퐁나케방_국립공원]이 있다.","globalSId":[1677926,1677927,1677928,1677929],"entities":[{"kbox_types":["PopulatedPlace","Settlement","PopulatedPlace","Place"],"st":0,"en_mention":5,"ancestor":"","eIdx":0,"st_mention":0,"en":5,"ne_type":"LOCATION","keyword":"<동허이>","e_type":"ELU"},{"kbox_types":["Country","PopulatedPlace","Settlement","PopulatedPlace","Place"],"st":9,"en_mention":12,"ancestor":"","eIdx":1,"st_mention":9,"en":14,"ne_type":"LOCATION","keyword":"[베트남]","e_type":"WIKILINK"},{"kbox_types":["PopulatedPlace","Settlement","PopulatedPlace","Place"],"st":16,"en_mention":18,"ancestor":"","eIdx":2,"st_mention":14,"en":22,"ne_type":"LOCATION","keyword":"[꽝빈_성]","e_type":"WIKILINK"},{"kbox_types":["PopulatedPlace","Settlement","PopulatedPlace","Place"],"st":74,"en_mention":73,"ancestor":"","eIdx":3,"st_mention":70,"en":79,"ne_type":"LOCATION","keyword":"[하노이]","e_type":"WIKILINK"},{"kbox_types":["ArchitecturalStructure","Place","Infrastructure","Airport","Airport"],"st":141,"en_mention":141,"ancestor":"","eIdx":4,"st_mention":135,"en":149,"ne_type":"LOCATION","keyword":"[동허이_공항]","e_type":"WIKILINK"},{"kbox_types":["NULL"],"st":159,"en_mention":155,"ancestor":"-2","eIdx":5,"st_mention":151,"en":165,"ne_type":"LOCATION","keyword":"[달랏 시]","e_type":"NEW"},{"kbox_types":["WorldHeritageSite","Place","WorldHeritageSite","ProtectedArea"],"st":183,"en_mention":182,"ancestor":"","eIdx":6,"st_mention":173,"en":194,"ne_type":"LOCATION","keyword":"[퐁나케방_국립공원]","e_type":"WIKILINK"}],"wikiPageId":309924,"pIdx":1,"plainText":"동허이 시()는 베트남의 꽝빈 성(Quảng Bình)에 위치한 도시로, 해발 고도는 20m, 넓이는 155.54 m²이다. 하노이에서 약 500km 떨어진 곳에 있으며 버스로 6시간 30분에서 8시간 정도 소요된다. 시내에서 6km 거리에 동허이 공항이 위치해 있다. 달랏 시로부터 남쪽으로 50km 거리에 퐁나케방 국립공원이 있다.","pronouns":[],"mentionTagged":"[동허이 시]()는 [베트남]의 [꽝빈 성](Quảng Bình)에 위치한 도시로, 해발 고도는 20m, 넓이는 155.54 m²이다. [하노이]에서 약 500km 떨어진 곳에 있으며 버스로 6시간 30분에서 8시간 정도 소요된다. 시내에서 6km 거리에 [동허이 공항]이 위치해 있다. [달랏 시]로부터 남쪽으로 50km 거리에 [퐁나케방 국립공원]이 있다."}