{"entityTagged":"성립. <아이티어>는 언어의 뿌리를 [프랑스어]에 두고 있는 [크리올_(언어학)]이며, 여기에 <서아프리카>의 [월로프어], [그베어] 등의 영향을 받아 이루어졌다. [스페인어]와 여러 [아메리카] 토착어의 영향도 더해졌으며, 다른 언어들과 마찬가지로 현재는 [영어]의 영향이 커지는 추세이다. 흔히 [아이티]식 [프랑스어] 정도로 생각하는 사람도 있지만, <아이티어>는 <프랑스어>와 말소리로 서로 통하지 않으며, 문법틀도 큰 차이가 있다.","globalSId":[784586,784587,784588,784589],"entities":[{"kbox_types":["Language"],"st":4,"en_mention":7,"ancestor":"","eIdx":0,"st_mention":3,"en":10,"ne_type":"ETC","keyword":"<아이티어>","e_type":"ELU"},{"kbox_types":["Language"],"st":20,"en_mention":21,"ancestor":"","eIdx":1,"st_mention":17,"en":26,"ne_type":"ETC","keyword":"[프랑스어]","e_type":"WIKILINK"},{"kbox_types":["NULL"],"st":34,"en_mention":32,"ancestor":"","eIdx":2,"st_mention":29,"en":45,"ne_type":"ETC","keyword":"[크리올_(언어학)]","e_type":"WIKILINK"},{"kbox_types":["MusicGenre","TopicalConcept","Genre"],"st":53,"en_mention":45,"ancestor":"","eIdx":3,"st_mention":40,"en":60,"ne_type":"ETC","keyword":"<서아프리카>","e_type":"ELU"},{"kbox_types":["Language"],"st":62,"en_mention":51,"ancestor":"","eIdx":4,"st_mention":47,"en":68,"ne_type":"ETC","keyword":"[월로프어]","e_type":"WIKILINK"},{"kbox_types":["NULL"],"st":70,"en_mention":56,"ancestor":"","eIdx":5,"st_mention":53,"en":75,"ne_type":"ETC","keyword":"[그베어]","e_type":"WIKILINK"},{"kbox_types":["Language"],"st":93,"en_mention":78,"ancestor":"","eIdx":6,"st_mention":74,"en":99,"ne_type":"ETC","keyword":"[스페인어]","e_type":"WIKILINK"},{"kbox_types":["PopulatedPlace","Place","Settlement","PopulatedPlace","Continent"],"st":104,"en_mention":87,"ancestor":"-2","eIdx":7,"st_mention":83,"en":110,"ne_type":"LOCATION","keyword":"[아메리카]","e_type":"NEW"},{"kbox_types":["Language"],"st":145,"en_mention":124,"ancestor":"-2","eIdx":8,"st_mention":122,"en":149,"ne_type":"ETC","keyword":"[영어]","e_type":"NEW"},{"kbox_types":["Country","PopulatedPlace","Settlement","PopulatedPlace","Place"],"st":168,"en_mention":146,"ancestor":"","eIdx":9,"st_mention":143,"en":173,"ne_type":"LOCATION","keyword":"[아이티]","e_type":"WIKILINK"},{"kbox_types":["Language"],"st":175,"en_mention":152,"ancestor":"","eIdx":10,"st_mention":148,"en":181,"ne_type":"ETC","keyword":"[프랑스어]","e_type":"WIKILINK"},{"kbox_types":["Language"],"st":200,"en_mention":175,"ancestor":"","eIdx":11,"st_mention":171,"en":206,"ne_type":"ETC","keyword":"<아이티어>","e_type":"ELU"},{"kbox_types":["Language"],"st":208,"en_mention":181,"ancestor":"","eIdx":12,"st_mention":177,"en":214,"ne_type":"ETC","keyword":"<프랑스어>","e_type":"ELU"}],"wikiPageId":104255,"pIdx":2,"plainText":"성립 아이티어는 언어의 뿌리를 프랑스어에 두고 있는 크리올이며, 여기에 서아프리카의 월로프어, 그베어 등의 영향을 받아 이루어졌다. 스페인어와 여러 아메리카 토착어의 영향도 더해졌으며, 다른 언어들과 마찬가지로 현재는 영어의 영향이 커지는 추세이다. 흔히 아이티식 프랑스어 정도로 생각하는 사람도 있지만, 아이티어는 프랑스어와 말소리로 서로 통하지 않으며, 문법틀도 큰 차이가 있다.","mentionTagged":"성립 [아이티어]는 언어의 뿌리를 [프랑스어]에 두고 있는 [크리올]이며, 여기에 [서아프리카]의 [월로프어], [그베어] 등의 영향을 받아 이루어졌다. [스페인어]와 여러 [아메리카] 토착어의 영향도 더해졌으며, 다른 언어들과 마찬가지로 현재는 [영어]의 영향이 커지는 추세이다. 흔히 [아이티]식 [프랑스어] 정도로 생각하는 사람도 있지만, [아이티어]는 [프랑스어]와 말소리로 서로 통하지 않으며, 문법틀도 큰 차이가 있다."}