{"entityTagged":"[담양군 이거](潭陽君 李璖, [1439년] ~ [1450년] [8월])는 [조선]의 [왕족]으로, [조선] 제4대 왕 [조선_세종]의 서자이다. [본관]은 [전주_이씨](全州), 시호는 [회간](懷簡)이다.","globalSId":[2756775,2756776],"entities":[{"kbox_types":["NULL"],"st":0,"en_mention":6,"ancestor":"-2","eIdx":0,"st_mention":0,"en":8,"ne_type":"PERSON","keyword":"[담양군 이거]","e_type":"NEW"},{"kbox_types":["Year","Agent","EducationalInstitution","TimePeriod","Organisation","University"],"st":17,"en_mention":20,"ancestor":"","eIdx":1,"st_mention":15,"en":24,"ne_type":"TIME","keyword":"[1439년]","e_type":"WIKILINK"},{"kbox_types":["Year","Agent","EducationalInstitution","TimePeriod","Organisation","University"],"st":27,"en_mention":28,"ancestor":"","eIdx":2,"st_mention":23,"en":34,"ne_type":"TIME","keyword":"[1450년]","e_type":"WIKILINK"},{"kbox_types":["NULL"],"st":35,"en_mention":31,"ancestor":"","eIdx":3,"st_mention":29,"en":39,"ne_type":"TIME","keyword":"[8월]","e_type":"WIKILINK"},{"kbox_types":["Country","NobleFamily","Agent","PopulatedPlace","Settlement","Family","PopulatedPlace","Place"],"st":42,"en_mention":36,"ancestor":"","eIdx":4,"st_mention":34,"en":46,"ne_type":"LOCATION","keyword":"[조선]","e_type":"WIKILINK"},{"kbox_types":["NULL"],"st":48,"en_mention":40,"ancestor":"","eIdx":5,"st_mention":38,"en":52,"ne_type":"ETC","keyword":"[왕족]","e_type":"WIKILINK"},{"kbox_types":["Country","NobleFamily","Agent","PopulatedPlace","Settlement","Family","PopulatedPlace","Place"],"st":56,"en_mention":46,"ancestor":"1-4","eIdx":6,"st_mention":44,"en":60,"ne_type":"ORGANIZATION","keyword":"[조선]","e_type":"NEW"},{"kbox_types":["Royalty","Monarch","BritishRoyalty","Agent","Person"],"st":67,"en_mention":55,"ancestor":"","eIdx":7,"st_mention":53,"en":74,"ne_type":"PERSON","keyword":"[조선_세종]","e_type":"WIKILINK"},{"kbox_types":["NULL"],"st":82,"en_mention":65,"ancestor":"","eIdx":8,"st_mention":63,"en":86,"ne_type":"ETC","keyword":"[본관]","e_type":"WIKILINK"},{"kbox_types":["NULL"],"st":88,"en_mention":69,"ancestor":"","eIdx":9,"st_mention":67,"en":95,"ne_type":"ETC","keyword":"[전주_이씨]","e_type":"WIKILINK"},{"kbox_types":["NULL"],"st":105,"en_mention":81,"ancestor":"1-0","eIdx":10,"st_mention":79,"en":109,"ne_type":"ETC","keyword":"[회간]","e_type":"NEW"}],"wikiPageId":769601,"pIdx":1,"plainText":"담양군 이거(潭陽君 李璖, 1439년 ~ 1450년 8월)는 조선의 왕족으로, 조선 제4대 왕 세종의 서자이다. 본관은 전주(全州), 시호는 회간(懷簡)이다.","pronouns":[{"st":5,"ancestor":"-2","proIdx":0,"en":6,"cwStateCd":"FIXED","cwSelIdx":[],"type":"PRONOUN","keyword":"이거](潭陽君"},{"st":5,"ancestor":"-2","proIdx":1,"en":10,"cwStateCd":"FIXED","cwSelIdx":[],"type":"PRONOUN","keyword":"이거](潭陽君 李?,"}],"mentionTagged":"[담양군 이거](潭陽君 李璖, [1439년] ~ [1450년] [8월])는 [조선]의 [왕족]으로, [조선] 제4대 왕 [세종]의 서자이다. [본관]은 [전주](全州), 시호는 [회간](懷簡)이다."}