{"entityTagged":"<호리에_미츠코>(, [1957년] [3월_8일] ~ )는 [일본]의 [가나가와_현] [야마토_시] 출신의 [가수], [성우]이자 배우로 본명은 [아사미 미츠코]()이다. 애칭은 [밋치](). [에디트](), [아오니_프로덕션](青二プロダクション)소속이다.","globalSId":[913498,913499,913500],"entities":[{"kbox_types":["Agent","Person","MusicalArtist","Artist"],"st":0,"en_mention":7,"ancestor":"","eIdx":0,"st_mention":0,"en":9,"ne_type":"PERSON","keyword":"<호리에_미츠코>","e_type":"ELU"},{"kbox_types":["Animal","Year","Species","TimePeriod","Eukaryote"],"st":12,"en_mention":15,"ancestor":"","eIdx":1,"st_mention":10,"en":19,"ne_type":"TIME","keyword":"[1957년]","e_type":"WIKILINK"},{"kbox_types":["NULL"],"st":20,"en_mention":21,"ancestor":"","eIdx":2,"st_mention":16,"en":27,"ne_type":"TIME","keyword":"[3월_8일]","e_type":"WIKILINK"},{"kbox_types":["Country","PopulatedPlace","PopulatedPlace","Place"],"st":33,"en_mention":29,"ancestor":"","eIdx":3,"st_mention":27,"en":37,"ne_type":"LOCATION","keyword":"[일본]","e_type":"WIKILINK"},{"kbox_types":["Region","PopulatedPlace","AdministrativeRegion","Settlement","Place","AdministrativeRegion"],"st":39,"en_mention":37,"ancestor":"","eIdx":4,"st_mention":31,"en":47,"ne_type":"LOCATION","keyword":"[가나가와_현]","e_type":"WIKILINK"},{"kbox_types":["PopulatedPlace","Settlement","PopulatedPlace","City","Place"],"st":48,"en_mention":43,"ancestor":"","eIdx":5,"st_mention":38,"en":55,"ne_type":"LOCATION","keyword":"[야마토_시]","e_type":"WIKILINK"},{"kbox_types":["PersonFunction","Agent","Person","MusicalArtist","Artist","Profession"],"st":60,"en_mention":50,"ancestor":"","eIdx":6,"st_mention":48,"en":64,"ne_type":"PERSON","keyword":"[가수]","e_type":"WIKILINK"},{"kbox_types":["NULL"],"st":66,"en_mention":54,"ancestor":"","eIdx":7,"st_mention":52,"en":70,"ne_type":"ETC","keyword":"[성우]","e_type":"WIKILINK"},{"kbox_types":["NULL"],"st":81,"en_mention":72,"ancestor":"1-0","eIdx":8,"st_mention":65,"en":90,"ne_type":"PERSON","keyword":"[아사미 미츠코]","e_type":"NEW"},{"kbox_types":["NULL"],"st":100,"en_mention":84,"ancestor":"1-0","eIdx":9,"st_mention":82,"en":104,"ne_type":"PERSON","keyword":"[밋치]","e_type":"NEW"},{"kbox_types":["NULL"],"st":108,"en_mention":91,"ancestor":"","eIdx":10,"st_mention":88,"en":113,"ne_type":"ETC","keyword":"[에디트]","e_type":"WIKILINK"},{"kbox_types":["Company","Agent","Organisation"],"st":117,"en_mention":103,"ancestor":"","eIdx":11,"st_mention":95,"en":127,"ne_type":"ORGANIZATION","keyword":"[아오니_프로덕션]","e_type":"WIKILINK"}],"wikiPageId":125726,"pIdx":1,"plainText":"호리에 미츠코(, 1957년 3월 8일 ~ )는 일본의 가나가와 현 야마토 시 출신의 가수, 성우이자 배우로 본명은 아사미 미츠코()이다. 애칭은 밋치(). 에디트(), 아오니 프로덕션(青二プロダクション)소속이다.","pronouns":[],"mentionTagged":"[호리에 미츠코](, [1957년] [3월 8일] ~ )는 [일본]의 [가나가와 현] [야마토 시] 출신의 [가수], [성우]이자 배우로 본명은 [아사미 미츠코]()이다. 애칭은 [밋치](). [에디트](), [아오니 프로덕션](青二プロダクション)소속이다."}