{"entityTagged":"과거 급제 후 여러 벼슬을 지내고 [임진왜란] 때는 [이순신] 휘하의 장수로 [옥포_해전], [사천_해전], [한산도_대첩], [안골포_해전] 등의 여러 공을 세워 [통정대부]로 승진되었다.","globalSId":[1855450],"entities":[{"kbox_types":["MilitaryConflict","Event","SocietalEvent"],"st":19,"en_mention":23,"ancestor":"","eIdx":0,"st_mention":19,"en":25,"ne_type":"ETC","keyword":"[임진왜란]","e_type":"WIKILINK"},{"kbox_types":["Agent","Person","MilitaryPerson"],"st":29,"en_mention":30,"ancestor":"","eIdx":1,"st_mention":27,"en":34,"ne_type":"PERSON","keyword":"[이순신]","e_type":"WIKILINK"},{"kbox_types":["MilitaryConflict","Event","SocietalEvent"],"st":43,"en_mention":44,"ancestor":"","eIdx":2,"st_mention":39,"en":50,"ne_type":"ETC","keyword":"[옥포_해전]","e_type":"WIKILINK"},{"kbox_types":["MilitaryConflict","Event","SocietalEvent"],"st":52,"en_mention":51,"ancestor":"","eIdx":3,"st_mention":46,"en":59,"ne_type":"ETC","keyword":"[사천_해전]","e_type":"WIKILINK"},{"kbox_types":["MilitaryConflict","Event","SocietalEvent"],"st":61,"en_mention":59,"ancestor":"","eIdx":4,"st_mention":53,"en":69,"ne_type":"ETC","keyword":"[한산도_대첩]","e_type":"WIKILINK"},{"kbox_types":["MilitaryConflict","Event","SocietalEvent"],"st":71,"en_mention":67,"ancestor":"","eIdx":5,"st_mention":61,"en":79,"ne_type":"ETC","keyword":"[안골포_해전]","e_type":"WIKILINK"},{"kbox_types":["NULL"],"st":92,"en_mention":84,"ancestor":"2-1","eIdx":6,"st_mention":80,"en":98,"ne_type":"ETC","keyword":"[통정대부]","e_type":"NEW"}],"wikiPageId":364806,"pIdx":2,"plainText":"과거 급제 후 여러 벼슬을 지내고 임진왜란 때는 이순신 휘하의 장수로 옥포 해전, 사천 해전, 한산도 대첩, 안골포 해전 등의 여러 공을 세워 통정대부로 승진되었다.","pronouns":[{"st":8,"ancestor":"-1","proIdx":0,"en":13,"cwStateCd":"FIXED","cwSelIdx":[],"type":"PRONOUN","keyword":"여러 벼슬을"},{"st":83,"ancestor":"2-4","proIdx":1,"en":87,"cwStateCd":"FIXED","cwSelIdx":13,"type":"PRONOUN","keyword":"여러 공을"}],"mentionTagged":"과거 급제 후 여러 벼슬을 지내고 [임진왜란] 때는 [이순신] 휘하의 장수로 [옥포 해전], [사천 해전], [한산도 대첩], [안골포 해전] 등의 여러 공을 세워 [통정대부]로 승진되었다."}