{"entityTagged":"[이치타로](, )는 [일본]의 [저스트시스템]()사의 [일본어] [워드프로세서] 프로그램이다.","globalSId":[1940239],"entities":[{"kbox_types":["Software","Work"],"st":0,"en_mention":4,"ancestor":"-2","eIdx":0,"st_mention":0,"en":6,"ne_type":"ETC","keyword":"[이치타로]","e_type":"NEW"},{"kbox_types":["Country","PopulatedPlace","PopulatedPlace","Place"],"st":12,"en_mention":12,"ancestor":"","eIdx":1,"st_mention":10,"en":16,"ne_type":"LOCATION","keyword":"[일본]","e_type":"WIKILINK"},{"kbox_types":["NULL"],"st":18,"en_mention":20,"ancestor":"-2","eIdx":2,"st_mention":14,"en":26,"ne_type":"ORGANIZATION","keyword":"[저스트시스템]","e_type":"NEW"},{"kbox_types":["Language"],"st":31,"en_mention":28,"ancestor":"","eIdx":3,"st_mention":25,"en":36,"ne_type":"ETC","keyword":"[일본어]","e_type":"WIKILINK"},{"kbox_types":["MusicGenre","TopicalConcept","Genre"],"st":37,"en_mention":35,"ancestor":"","eIdx":4,"st_mention":29,"en":45,"ne_type":"ETC","keyword":"[워드프로세서]","e_type":"WIKILINK"}],"wikiPageId":397444,"pIdx":1,"plainText":"이치타로(, )는 일본의 저스트시스템()사의 일본어 워드프로세서 프로그램이다.","mentionTagged":"[이치타로](, )는 [일본]의 [저스트시스템]()사의 [일본어] [워드프로세서] 프로그램이다."}