{"entityTagged":"<산카를로스데바릴로체>()는 [니카라과]의 도시로 [리오산후안_주]의 주도이며 면적은 1,462㎢, 인구는 37,461명([2005년] 기준)이다.","globalSId":[3591344],"entities":[{"kbox_types":["PopulatedPlace","Place","Settlement","City"],"st":0,"en_mention":5,"ancestor":"","eIdx":0,"st_mention":0,"en":12,"ne_type":"LOCATION","keyword":"<산카를로스데바릴로체>","e_type":"ELU"},{"kbox_types":["Country","PopulatedPlace","Settlement","PopulatedPlace","Place"],"st":16,"en_mention":13,"ancestor":"","eIdx":1,"st_mention":9,"en":22,"ne_type":"LOCATION","keyword":"[니카라과]","e_type":"WIKILINK"},{"kbox_types":["Region","PopulatedPlace","AdministrativeRegion","Place","AdministrativeRegion"],"st":28,"en_mention":26,"ancestor":"","eIdx":2,"st_mention":19,"en":37,"ne_type":"LOCATION","keyword":"[리오산후안_주]","e_type":"WIKILINK"},{"kbox_types":["Year","MusicalWork","TimePeriod","Work","Album"],"st":68,"en_mention":62,"ancestor":"-2","eIdx":3,"st_mention":57,"en":75,"ne_type":"TIME","keyword":"[2005년]","e_type":"NEW"}],"wikiPageId":1326271,"pIdx":1,"plainText":"산카를로스()는 니카라과의 도시로 리오산후안 주의 주도이며 면적은 1,462㎢, 인구는 37,461명(2005년 기준)이다.","pronouns":[],"mentionTagged":"[산카를로스]()는 [니카라과]의 도시로 [리오산후안 주]의 주도이며 면적은 1,462㎢, 인구는 37,461명([2005년] 기준)이다."}