{"entityTagged":"[폴리]()는 [이탈리아] [라치오_주] [로마_현]에 위치한 <코무네>이다. [교황_인노첸시오_13세]가 태어난 곳이기도 하다.","globalSId":[3242970,3242971],"entities":[{"kbox_types":["NULL"],"st":0,"en_mention":2,"ancestor":"-2","eIdx":0,"st_mention":0,"en":4,"ne_type":"LOCATION","keyword":"[폴리]","e_type":"NEW"},{"kbox_types":["Country","PopulatedPlace","Settlement","PopulatedPlace","Place"],"st":8,"en_mention":10,"ancestor":"","eIdx":1,"st_mention":6,"en":14,"ne_type":"LOCATION","keyword":"[이탈리아]","e_type":"WIKILINK"},{"kbox_types":["Region","PopulatedPlace","AdministrativeRegion","Place","Settlement","AdministrativeRegion"],"st":15,"en_mention":16,"ancestor":"","eIdx":2,"st_mention":11,"en":22,"ne_type":"LOCATION","keyword":"[라치오_주]","e_type":"WIKILINK"},{"kbox_types":["PopulatedPlace","Settlement","PopulatedPlace","Place"],"st":23,"en_mention":21,"ancestor":"","eIdx":3,"st_mention":17,"en":29,"ne_type":"LOCATION","keyword":"[로마_현]","e_type":"WIKILINK"},{"kbox_types":["NULL"],"st":35,"en_mention":30,"ancestor":"","eIdx":4,"st_mention":27,"en":40,"ne_type":"ETC","keyword":"<코무네>","e_type":"ELU"},{"kbox_types":["Cleric","Agent","Person","ChristianBishop","Pope"],"st":44,"en_mention":46,"ancestor":"","eIdx":5,"st_mention":34,"en":58,"ne_type":"PERSON","keyword":"[교황_인노첸시오_13세]","e_type":"WIKILINK"}],"wikiPageId":1042970,"pIdx":1,"plainText":"폴리()는 이탈리아 라치오 주 로마 현에 위치한 코무네이다. 교황 인노첸시오 13세가 태어난 곳이기도 하다.","pronouns":[],"mentionTagged":"[폴리]()는 [이탈리아] [라치오 주] [로마 현]에 위치한 [코무네]이다. [교황 인노첸시오 13세]가 태어난 곳이기도 하다."}