{"entityTagged":"《[상상 속 친구들의 모험]》()은 [카툰_네트워크_스튜디오]에서 기획 및 제작된 [미국]의 텔레비전 [애니메이션]이다. 《[파워퍼프걸]》을 제작하기도 한 [애니메이터] [크레이그_맥크라켄]이 제작하였다. [2004년] [8월_13일] [미국]에서 [카툰_네트워크]를 통해 첫 방영되었으며, 다른 국가들에서도 [카툰 네트워크]를 통해 방영되고 있다.","globalSId":[721329,721330,721331],"entities":[{"kbox_types":["Work","TelevisionShow"],"st":1,"en_mention":13,"ancestor":"-2","eIdx":0,"st_mention":1,"en":15,"ne_type":"ETC","keyword":"[상상 속 친구들의 모험]","e_type":"NEW"},{"kbox_types":["Company","Agent","Organisation"],"st":20,"en_mention":30,"ancestor":"","eIdx":1,"st_mention":18,"en":34,"ne_type":"ORGANIZATION","keyword":"[카툰_네트워크_스튜디오]","e_type":"WIKILINK"},{"kbox_types":["Country","PopulatedPlace","PopulatedPlace","Place"],"st":46,"en_mention":44,"ancestor":"-2","eIdx":2,"st_mention":42,"en":50,"ne_type":"LOCATION","keyword":"[미국]","e_type":"NEW"},{"kbox_types":["MusicGenre","TopicalConcept","Genre"],"st":57,"en_mention":56,"ancestor":"","eIdx":3,"st_mention":51,"en":64,"ne_type":"ETC","keyword":"[애니메이션]","e_type":"WIKILINK"},{"kbox_types":["Work","TelevisionShow"],"st":69,"en_mention":66,"ancestor":"","eIdx":4,"st_mention":61,"en":76,"ne_type":"ETC","keyword":"[파워퍼프걸]","e_type":"WIKILINK"},{"kbox_types":["NULL"],"st":87,"en_mention":82,"ancestor":"","eIdx":5,"st_mention":77,"en":94,"ne_type":"ETC","keyword":"[애니메이터]","e_type":"WIKILINK"},{"kbox_types":["NULL"],"st":95,"en_mention":92,"ancestor":"","eIdx":6,"st_mention":83,"en":106,"ne_type":"ETC","keyword":"[크레이그_맥크라켄]","e_type":"WIKILINK"},{"kbox_types":["Year","TimePeriod"],"st":115,"en_mention":106,"ancestor":"","eIdx":7,"st_mention":101,"en":122,"ne_type":"TIME","keyword":"[2004년]","e_type":"WIKILINK"},{"kbox_types":["NULL"],"st":123,"en_mention":113,"ancestor":"","eIdx":8,"st_mention":107,"en":131,"ne_type":"TIME","keyword":"[8월_13일]","e_type":"WIKILINK"},{"kbox_types":["Country","PopulatedPlace","PopulatedPlace","Place"],"st":132,"en_mention":116,"ancestor":"1-2","eIdx":9,"st_mention":114,"en":136,"ne_type":"LOCATION","keyword":"[미국]","e_type":"NEW"},{"kbox_types":["Broadcaster","TelevisionStation","Company","Agent","Organisation"],"st":139,"en_mention":126,"ancestor":"","eIdx":10,"st_mention":119,"en":148,"ne_type":"ORGANIZATION","keyword":"[카툰_네트워크]","e_type":"WIKILINK"},{"kbox_types":["Broadcaster","TelevisionStation","Company","Agent","Organisation"],"st":173,"en_mention":158,"ancestor":"1-10","eIdx":11,"st_mention":151,"en":182,"ne_type":"ORGANIZATION","keyword":"[카툰 네트워크]","e_type":"NEW"}],"wikiPageId":93892,"pIdx":1,"plainText":"《상상 속 친구들의 모험》()은 카툰 네트워크 스튜디오에서 기획 및 제작된 미국의 텔레비전 애니메이션이다. 《파워퍼프걸》을 제작하기도 한 애니메이터 크레이그 맥크라켄이 제작하였다. 2004년 8월 13일 미국에서 카툰 네트워크를 통해 첫 방영되었으며, 다른 국가들에서도 카툰 네트워크를 통해 방영되고 있다.","mentionTagged":"《[상상 속 친구들의 모험]》()은 [카툰 네트워크 스튜디오]에서 기획 및 제작된 [미국]의 텔레비전 [애니메이션]이다. 《[파워퍼프걸]》을 제작하기도 한 [애니메이터] [크레이그 맥크라켄]이 제작하였다. [2004년] [8월 13일] [미국]에서 [카툰 네트워크]를 통해 첫 방영되었으며, 다른 국가들에서도 [카툰 네트워크]를 통해 방영되고 있다."}