{"entityTagged":"[1980년]대 이전까지는 철저하게 [반중화인민공화국], [반공주의]를 외쳤으나, 민주화 이후부터는 [민주진보당]을 비롯한 [타이완] 내 [진보주의]자들에 의해 [타이완] 독립 문제가 대두되면서 [중화인민공화국]과 마찰을 빚자, [국민당]은 이전과 달리 친중적인 성향으로 크게 바뀌었다.","globalSId":[212057],"entities":[{"kbox_types":["Year","TimePeriod"],"st":0,"en_mention":5,"ancestor":"-2","eIdx":0,"st_mention":0,"en":7,"ne_type":"TIME","keyword":"[1980년]","e_type":"NEW"},{"kbox_types":["NULL"],"st":20,"en_mention":26,"ancestor":"-2","eIdx":1,"st_mention":18,"en":30,"ne_type":"ORGANIZATION","keyword":"[반중화인민공화국]","e_type":"NEW"},{"kbox_types":["NULL"],"st":32,"en_mention":32,"ancestor":"-2","eIdx":2,"st_mention":28,"en":38,"ne_type":"ETC","keyword":"[반공주의]","e_type":"NEW"},{"kbox_types":["Agent","PoliticalParty","Organisation"],"st":56,"en_mention":55,"ancestor":"","eIdx":3,"st_mention":50,"en":63,"ne_type":"ORGANIZATION","keyword":"[민주진보당]","e_type":"WIKILINK"},{"kbox_types":["PopulatedPlace","Island","Settlement","PopulatedPlace","Place"],"st":69,"en_mention":64,"ancestor":"-2","eIdx":4,"st_mention":61,"en":74,"ne_type":"LOCATION","keyword":"[타이완]","e_type":"NEW"},{"kbox_types":["NULL"],"st":77,"en_mention":71,"ancestor":"","eIdx":5,"st_mention":67,"en":83,"ne_type":"ETC","keyword":"[진보주의]","e_type":"WIKILINK"},{"kbox_types":["PopulatedPlace","Island","Settlement","PopulatedPlace","Place"],"st":90,"en_mention":81,"ancestor":"6-4","eIdx":6,"st_mention":78,"en":95,"ne_type":"LOCATION","keyword":"[타이완]","e_type":"NEW"},{"kbox_types":["Country","PopulatedPlace","PopulatedPlace","Place"],"st":109,"en_mention":102,"ancestor":"","eIdx":7,"st_mention":95,"en":118,"ne_type":"LOCATION","keyword":"[중화인민공화국]","e_type":"WIKILINK"},{"kbox_types":["NULL"],"st":128,"en_mention":115,"ancestor":"5-8","eIdx":8,"st_mention":112,"en":133,"ne_type":"ORGANIZATION","keyword":"[국민당]","e_type":"NEW"}],"wikiPageId":14097,"pIdx":6,"plainText":"1980년대 이전까지는 철저하게 반중화인민공화국, 반공주의를 외쳤으나, 민주화 이후부터는 민주진보당을 비롯한 타이완 내 진보주의자들에 의해 타이완 독립 문제가 대두되면서 중화인민공화국과 마찰을 빚자, 국민당은 이전과 달리 친중적인 성향으로 크게 바뀌었다.","mentionTagged":"[1980년]대 이전까지는 철저하게 [반중화인민공화국], [반공주의]를 외쳤으나, 민주화 이후부터는 [민주진보당]을 비롯한 [타이완] 내 [진보주의]자들에 의해 [타이완] 독립 문제가 대두되면서 [중화인민공화국]과 마찰을 빚자, [국민당]은 이전과 달리 친중적인 성향으로 크게 바뀌었다."}