{"entityTagged":"[루이스 구스타부 지아스] (, [1987년] [7월_23일], [브라질] [핑다몽항가바] ~ )는 [브라질]의 [축구_선수]로, 현재 [독일] [푸스발-분데스리가]의 [VfL_볼프스부르크]에서 뛰고 있으며, 포지션은 [미드필더#수비형_미드필더]이다.","globalSId":[2537317],"entities":[{"kbox_types":["NULL"],"st":0,"en_mention":12,"ancestor":"-2","eIdx":0,"st_mention":0,"en":14,"ne_type":"PERSON","keyword":"[루이스 구스타부 지아스]","e_type":"NEW"},{"kbox_types":["Year","TimePeriod"],"st":18,"en_mention":21,"ancestor":"","eIdx":1,"st_mention":16,"en":25,"ne_type":"TIME","keyword":"[1987년]","e_type":"WIKILINK"},{"kbox_types":["NULL"],"st":26,"en_mention":28,"ancestor":"","eIdx":2,"st_mention":22,"en":34,"ne_type":"TIME","keyword":"[7월_23일]","e_type":"WIKILINK"},{"kbox_types":["Country","PopulatedPlace","PopulatedPlace","Place"],"st":36,"en_mention":33,"ancestor":"","eIdx":3,"st_mention":30,"en":41,"ne_type":"LOCATION","keyword":"[브라질]","e_type":"WIKILINK"},{"kbox_types":["NULL"],"st":42,"en_mention":40,"ancestor":"-2","eIdx":4,"st_mention":34,"en":50,"ne_type":"LOCATION","keyword":"[핑다몽항가바]","e_type":"NEW"},{"kbox_types":["Country","PopulatedPlace","PopulatedPlace","Place"],"st":56,"en_mention":49,"ancestor":"","eIdx":5,"st_mention":46,"en":61,"ne_type":"LOCATION","keyword":"[브라질]","e_type":"WIKILINK"},{"kbox_types":["PersonFunction","Profession"],"st":63,"en_mention":56,"ancestor":"","eIdx":6,"st_mention":51,"en":70,"ne_type":"ETC","keyword":"[축구_선수]","e_type":"WIKILINK"},{"kbox_types":["Country","PopulatedPlace","Settlement","PopulatedPlace","Place"],"st":76,"en_mention":64,"ancestor":"","eIdx":7,"st_mention":62,"en":80,"ne_type":"LOCATION","keyword":"[독일]","e_type":"WIKILINK"},{"kbox_types":["Agent","SportsLeague","Organisation","SoccerLeague"],"st":81,"en_mention":70,"ancestor":"","eIdx":8,"st_mention":65,"en":92,"ne_type":"ORGANIZATION","keyword":"[푸스발-분데스리가]","e_type":"WIKILINK"},{"kbox_types":["SoccerClub","Agent","SportsTeam","Organisation"],"st":94,"en_mention":78,"ancestor":"","eIdx":9,"st_mention":72,"en":106,"ne_type":"ORGANIZATION","keyword":"[VfL_볼프스부르크]","e_type":"WIKILINK"},{"kbox_types":["NULL"],"st":122,"en_mention":102,"ancestor":"","eIdx":10,"st_mention":94,"en":137,"ne_type":"ETC","keyword":"[미드필더#수비형_미드필더]","e_type":"WIKILINK"}],"wikiPageId":668190,"pIdx":1,"plainText":"루이스 구스타부 지아스 (, 1987년 7월 23일, 브라질 핑다몽항가바 ~ )는 브라질의 축구 선수로, 현재 독일 분데스리가의 볼프스부르크에서 뛰고 있으며, 포지션은 수비형 미드필더이다.","mentionTagged":"[루이스 구스타부 지아스] (, [1987년] [7월 23일], [브라질] [핑다몽항가바] ~ )는 [브라질]의 [축구 선수]로, 현재 [독일] [분데스리가]의 [볼프스부르크]에서 뛰고 있으며, 포지션은 [수비형 미드필더]이다."}