{"entityTagged":"[세라발레피스토이에세]()는 [이탈리아] [토스카나_주] [피스토이아_현]에 있는 [코무네]다. [피렌체]에서 북서쪽으로 35km, [피스토이아]에서 남서쪽 8km 거리에 있다.","globalSId":[3852783,3852784],"entities":[{"kbox_types":["PopulatedPlace","Place","Settlement","PopulatedPlace"],"st":0,"en_mention":10,"ancestor":"-2","eIdx":0,"st_mention":0,"en":12,"ne_type":"LOCATION","keyword":"[세라발레피스토이에세]","e_type":"NEW"},{"kbox_types":["Country","PopulatedPlace","Settlement","PopulatedPlace","Place"],"st":16,"en_mention":18,"ancestor":"","eIdx":1,"st_mention":14,"en":22,"ne_type":"LOCATION","keyword":"[이탈리아]","e_type":"WIKILINK"},{"kbox_types":["Region","PopulatedPlace","AdministrativeRegion","Place","AdministrativeRegion"],"st":23,"en_mention":25,"ancestor":"","eIdx":2,"st_mention":19,"en":31,"ne_type":"LOCATION","keyword":"[토스카나_주]","e_type":"WIKILINK"},{"kbox_types":["PopulatedPlace","Settlement","PopulatedPlace","Place"],"st":32,"en_mention":33,"ancestor":"","eIdx":3,"st_mention":26,"en":41,"ne_type":"LOCATION","keyword":"[피스토이아_현]","e_type":"WIKILINK"},{"kbox_types":["NULL"],"st":46,"en_mention":41,"ancestor":"","eIdx":4,"st_mention":38,"en":51,"ne_type":"ETC","keyword":"[코무네]","e_type":"WIKILINK"},{"kbox_types":["PopulatedPlace","Place","Settlement","PopulatedPlace","City"],"st":54,"en_mention":47,"ancestor":"","eIdx":5,"st_mention":44,"en":59,"ne_type":"LOCATION","keyword":"[피렌체]","e_type":"WIKILINK"},{"kbox_types":["PopulatedPlace","Place","Settlement","PopulatedPlace"],"st":74,"en_mention":67,"ancestor":"","eIdx":6,"st_mention":62,"en":81,"ne_type":"LOCATION","keyword":"[피스토이아]","e_type":"WIKILINK"}],"wikiPageId":1629841,"pIdx":1,"plainText":"세라발레피스토이에세()는 이탈리아 토스카나 주 피스토이아 현에 있는 코무네다. 피렌체에서 북서쪽으로 35km, 피스토이아에서 남서쪽 8km 거리에 있다.","mentionTagged":"[세라발레피스토이에세]()는 [이탈리아] [토스카나 주] [피스토이아 현]에 있는 [코무네]다. [피렌체]에서 북서쪽으로 35km, [피스토이아]에서 남서쪽 8km 거리에 있다."}