{"entityTagged":"생애. [1413년]에 [마리]는 [샤를_6세]와 [바이에른의_이자보]의 다섯 번째 아들인 [샤를_7세]과 약혼을 했다. [1422년] [4월]에 그녀는 [부르주]에서 그녀의 사촌이였던 [샤를]과 혼인하였고 이후 <프랑스>의 왕비가 되었다. [백년_전쟁]에서 남편의 승리는 [마리]의 가문에게서 받은 지원을 받은 덕이였으며, 특히 그녀의 어머니인 [욜란다_데_아라곤]이 그랬었다. [마리]와 [샤를]이 14명의 자녀를 두었음에도, 남편의 애정은 하녀인 [아녜스_소렐]에게 있었다.","globalSId":[3809150,3809151,3809152,3809153,3809154],"entities":[{"kbox_types":["Year","TimePeriod"],"st":4,"en_mention":8,"ancestor":"-2","eIdx":0,"st_mention":3,"en":11,"ne_type":"TIME","keyword":"[1413년]","e_type":"NEW"},{"kbox_types":["NULL"],"st":13,"en_mention":12,"ancestor":"-2","eIdx":1,"st_mention":10,"en":17,"ne_type":"PERSON","keyword":"[마리]","e_type":"NEW"},{"kbox_types":["Royalty","Monarch","BritishRoyalty","Agent","Person"],"st":19,"en_mention":19,"ancestor":"","eIdx":2,"st_mention":14,"en":26,"ne_type":"PERSON","keyword":"[샤를_6세]","e_type":"WIKILINK"},{"kbox_types":["Royalty","BritishRoyalty","Agent","Person"],"st":28,"en_mention":30,"ancestor":"","eIdx":3,"st_mention":21,"en":39,"ne_type":"PERSON","keyword":"[바이에른의_이자보]","e_type":"WIKILINK"},{"kbox_types":["Royalty","Monarch","BritishRoyalty","Agent","Person"],"st":51,"en_mention":44,"ancestor":"","eIdx":4,"st_mention":42,"en":58,"ne_type":"PERSON","keyword":"[샤를_7세]","e_type":"WIKILINK"},{"kbox_types":["Year","TimePeriod"],"st":68,"en_mention":59,"ancestor":"-2","eIdx":5,"st_mention":54,"en":75,"ne_type":"TIME","keyword":"[1422년]","e_type":"NEW"},{"kbox_types":["NULL"],"st":76,"en_mention":62,"ancestor":"-2","eIdx":6,"st_mention":60,"en":80,"ne_type":"TIME","keyword":"[4월]","e_type":"NEW"},{"kbox_types":["PopulatedPlace","Settlement","PopulatedPlace","Place"],"st":86,"en_mention":71,"ancestor":"","eIdx":7,"st_mention":68,"en":91,"ne_type":"LOCATION","keyword":"[부르주]","e_type":"WIKILINK"},{"kbox_types":["NULL"],"st":104,"en_mention":86,"ancestor":"2-4","eIdx":8,"st_mention":84,"en":108,"ne_type":"PERSON","keyword":"[샤를]","e_type":"NEW"},{"kbox_types":["Country","PopulatedPlace","Settlement","PopulatedPlace","Place"],"st":119,"en_mention":100,"ancestor":"","eIdx":9,"st_mention":97,"en":124,"ne_type":"LOCATION","keyword":"<프랑스>","e_type":"ELU"},{"kbox_types":["MilitaryConflict","Event","SocietalEvent"],"st":135,"en_mention":116,"ancestor":"","eIdx":10,"st_mention":111,"en":142,"ne_type":"ETC","keyword":"[백년_전쟁]","e_type":"WIKILINK"},{"kbox_types":["NULL"],"st":153,"en_mention":129,"ancestor":"2-1","eIdx":11,"st_mention":127,"en":157,"ne_type":"PERSON","keyword":"[마리]","e_type":"NEW"},{"kbox_types":["Royalty","BritishRoyalty","Agent","Person"],"st":194,"en_mention":175,"ancestor":"","eIdx":12,"st_mention":166,"en":205,"ne_type":"PERSON","keyword":"[욜란다_데_아라곤]","e_type":"WIKILINK"},{"kbox_types":["NULL"],"st":213,"en_mention":185,"ancestor":"2-11","eIdx":13,"st_mention":183,"en":217,"ne_type":"PERSON","keyword":"[마리]","e_type":"NEW"},{"kbox_types":["NULL"],"st":219,"en_mention":189,"ancestor":"2-8","eIdx":14,"st_mention":187,"en":223,"ne_type":"PERSON","keyword":"[샤를]","e_type":"NEW"},{"kbox_types":["NULL"],"st":253,"en_mention":225,"ancestor":"","eIdx":15,"st_mention":219,"en":261,"ne_type":"ETC","keyword":"[아녜스_소렐]","e_type":"WIKILINK"}],"wikiPageId":1588481,"pIdx":2,"plainText":"생애 1413년에 마리는 샤를 6세와 바이에른의 이자보의 다섯 번째 아들인 샤를과 약혼을 했다. 1422년 4월에 그녀는 부르주에서 그녀의 사촌이였던 샤를과 혼인하였고 이후 프랑스의 왕비가 되었다. 백년 전쟁에서 남편의 승리는 마리의 가문에게서 받은 지원을 받은 덕이였으며, 특히 그녀의 어머니인 욜란다 데 아라곤이 그랬었다. 마리와 샤를이 14명의 자녀를 두었음에도, 남편의 애정은 하녀인 아녜스 소렐에게 있었다.","mentionTagged":"생애 [1413년]에 [마리]는 [샤를 6세]와 [바이에른의 이자보]의 다섯 번째 아들인 [샤를]과 약혼을 했다. [1422년] [4월]에 그녀는 [부르주]에서 그녀의 사촌이였던 [샤를]과 혼인하였고 이후 [프랑스]의 왕비가 되었다. [백년 전쟁]에서 남편의 승리는 [마리]의 가문에게서 받은 지원을 받은 덕이였으며, 특히 그녀의 어머니인 [욜란다 데 아라곤]이 그랬었다. [마리]와 [샤를]이 14명의 자녀를 두었음에도, 남편의 애정은 하녀인 [아녜스 소렐]에게 있었다."}