{"entityTagged":"<만지니>(Manzini)는 [스와질란드] 중부에 위치한 도시로, [만지니_구]의 행정 중심지이며 인구는 73,000명([2004년] 기준)이다. <스와질란드>의 대표적인 공업 도시이며 인근 지대에는 공항이 있다.","globalSId":[2533885,2533886],"entities":[{"kbox_types":["PopulatedPlace","Place","Settlement","City"],"st":0,"en_mention":3,"ancestor":"","eIdx":0,"st_mention":0,"en":5,"ne_type":"LOCATION","keyword":"<만지니>","e_type":"ELU"},{"kbox_types":["Country","PopulatedPlace","Settlement","PopulatedPlace","Place"],"st":16,"en_mention":19,"ancestor":"","eIdx":1,"st_mention":14,"en":23,"ne_type":"LOCATION","keyword":"[스와질란드]","e_type":"WIKILINK"},{"kbox_types":["PopulatedPlace","Settlement","PopulatedPlace","Place"],"st":37,"en_mention":38,"ancestor":"","eIdx":2,"st_mention":33,"en":44,"ne_type":"LOCATION","keyword":"[만지니_구]","e_type":"WIKILINK"},{"kbox_types":["Year","TimePeriod"],"st":67,"en_mention":66,"ancestor":"-2","eIdx":3,"st_mention":61,"en":74,"ne_type":"TIME","keyword":"[2004년]","e_type":"NEW"},{"kbox_types":["Country","PopulatedPlace","Settlement","PopulatedPlace","Place"],"st":82,"en_mention":79,"ancestor":"","eIdx":4,"st_mention":74,"en":89,"ne_type":"LOCATION","keyword":"<스와질란드>","e_type":"ELU"}],"wikiPageId":666532,"pIdx":1,"plainText":"만지니(Manzini)는 스와질란드 중부에 위치한 도시로, 만지니 구의 행정 중심지이며 인구는 73,000명(2004년 기준)이다. 스와질란드의 대표적인 공업 도시이며 인근 지대에는 공항이 있다.","pronouns":[],"mentionTagged":"[만지니](Manzini)는 [스와질란드] 중부에 위치한 도시로, [만지니 구]의 행정 중심지이며 인구는 73,000명([2004년] 기준)이다. [스와질란드]의 대표적인 공업 도시이며 인근 지대에는 공항이 있다."}