{"entityTagged":"[퍼스트 항공](, )은 [일본] [오사카_부] [야오_시]의 [야오_공항]을 본거지로 [소형_항공기]를 비롯해 [헬리콥터]를 운항하고 있으며 또한 부정기 항공 노선 사업이나 유람 비행, 조종 훈련, 항공사진 촬영, 광고 선전의 사업을 실시하고 있다.","globalSId":[2215143],"entities":[{"kbox_types":["Company","Agent","Airline","Organisation"],"st":0,"en_mention":6,"ancestor":"-2","eIdx":0,"st_mention":0,"en":8,"ne_type":"ORGANIZATION","keyword":"[퍼스트 항공]","e_type":"NEW"},{"kbox_types":["Country","PopulatedPlace","PopulatedPlace","Place"],"st":14,"en_mention":14,"ancestor":"","eIdx":1,"st_mention":12,"en":18,"ne_type":"LOCATION","keyword":"[일본]","e_type":"WIKILINK"},{"kbox_types":["Region","PopulatedPlace","AdministrativeRegion","Settlement","Place","AdministrativeRegion"],"st":19,"en_mention":20,"ancestor":"","eIdx":2,"st_mention":15,"en":26,"ne_type":"LOCATION","keyword":"[오사카_부]","e_type":"WIKILINK"},{"kbox_types":["PopulatedPlace","Settlement","PopulatedPlace","City","Place"],"st":27,"en_mention":25,"ancestor":"","eIdx":3,"st_mention":21,"en":33,"ne_type":"LOCATION","keyword":"[야오_시]","e_type":"WIKILINK"},{"kbox_types":["ArchitecturalStructure","Place","Infrastructure","Airport","Airport"],"st":35,"en_mention":32,"ancestor":"","eIdx":4,"st_mention":27,"en":42,"ne_type":"LOCATION","keyword":"[야오_공항]","e_type":"WIKILINK"},{"kbox_types":["NULL"],"st":49,"en_mention":45,"ancestor":"","eIdx":5,"st_mention":39,"en":57,"ne_type":"ETC","keyword":"[소형_항공기]","e_type":"WIKILINK"},{"kbox_types":["NULL"],"st":63,"en_mention":55,"ancestor":"","eIdx":6,"st_mention":51,"en":69,"ne_type":"ETC","keyword":"[헬리콥터]","e_type":"WIKILINK"}],"wikiPageId":513075,"pIdx":1,"plainText":"퍼스트 항공(, )은 일본 오사카 부 야오 시의 야오 공항을 본거지로 소형 항공기를 비롯해 헬리콥터를 운항하고 있으며 또한 부정기 항공 노선 사업이나 유람 비행, 조종 훈련, 항공사진 촬영, 광고 선전의 사업을 실시하고 있다.","mentionTagged":"[퍼스트 항공](, )은 [일본] [오사카 부] [야오 시]의 [야오 공항]을 본거지로 [소형 항공기]를 비롯해 [헬리콥터]를 운항하고 있으며 또한 부정기 항공 노선 사업이나 유람 비행, 조종 훈련, 항공사진 촬영, 광고 선전의 사업을 실시하고 있다."}