{"entityTagged":"<오스만_제국>측은 압도적인 군사적 우위에 있었으나, [브와디스와프]는 <오스만_제국>이 [유럽] 전역에 영향을 미칠 힘을 가지고 있다는 것을 인식하지 못했다. 그로 인해 [1444년] [11월_10일] [바르나_전투]가 그의 최후의 전투가 될 것이라는 것은 예상하지 못했고 결국 [브와디스와프]는 [술탄]의 직속 친위대 [예니체리]의 돌격을 받고 전사했다.","globalSId":[1590598,1590599],"entities":[{"kbox_types":["Country","Agent","PopulatedPlace","EducationalInstitution","University","Place","Organisation","University"],"st":0,"en_mention":6,"ancestor":"","eIdx":0,"st_mention":0,"en":8,"ne_type":"ORGANIZATION","keyword":"<오스만_제국>","e_type":"ELU"},{"kbox_types":["NULL"],"st":30,"en_mention":34,"ancestor":"1-12","eIdx":1,"st_mention":28,"en":38,"ne_type":"PERSON","keyword":"[브와디스와프]","e_type":"NEW"},{"kbox_types":["Country","Agent","PopulatedPlace","EducationalInstitution","University","Place","Organisation","University"],"st":40,"en_mention":42,"ancestor":"","eIdx":2,"st_mention":36,"en":48,"ne_type":"ORGANIZATION","keyword":"<오스만_제국>","e_type":"ELU"},{"kbox_types":["PopulatedPlace","Place","Settlement","PopulatedPlace","Continent"],"st":50,"en_mention":46,"ancestor":"-2","eIdx":3,"st_mention":44,"en":54,"ne_type":"LOCATION","keyword":"[유럽]","e_type":"NEW"},{"kbox_types":["Year","Agent","EducationalInstitution","TimePeriod","Organisation","University"],"st":96,"en_mention":93,"ancestor":"","eIdx":4,"st_mention":88,"en":103,"ne_type":"TIME","keyword":"[1444년]","e_type":"WIKILINK"},{"kbox_types":["NULL"],"st":104,"en_mention":101,"ancestor":"","eIdx":5,"st_mention":94,"en":113,"ne_type":"TIME","keyword":"[11월_10일]","e_type":"WIKILINK"},{"kbox_types":["MilitaryConflict","Event","SocietalEvent"],"st":114,"en_mention":108,"ancestor":"","eIdx":6,"st_mention":102,"en":122,"ne_type":"ETC","keyword":"[바르나_전투]","e_type":"WIKILINK"},{"kbox_types":["NULL"],"st":157,"en_mention":149,"ancestor":"10-1","eIdx":7,"st_mention":143,"en":165,"ne_type":"PERSON","keyword":"[브와디스와프]","e_type":"NEW"},{"kbox_types":["NULL"],"st":167,"en_mention":153,"ancestor":"-2","eIdx":8,"st_mention":151,"en":171,"ne_type":"PERSON","keyword":"[술탄]","e_type":"NEW"},{"kbox_types":["NULL"],"st":180,"en_mention":166,"ancestor":"","eIdx":9,"st_mention":162,"en":186,"ne_type":"ETC","keyword":"[예니체리]","e_type":"WIKILINK"}],"wikiPageId":286874,"pIdx":10,"plainText":"오스만 제국측은 압도적인 군사적 우위에 있었으나, 브와디스와프는 오스만 제국이 유럽 전역에 영향을 미칠 힘을 가지고 있다는 것을 인식하지 못했다. 그로 인해 1444년 11월 10일 바르나 전투가 그의 최후의 전투가 될 것이라는 것은 예상하지 못했고 결국 브와디스와프는 술탄의 직속 친위대 예니체리의 돌격을 받고 전사했다.","mentionTagged":"[오스만 제국]측은 압도적인 군사적 우위에 있었으나, [브와디스와프]는 [오스만 제국]이 [유럽] 전역에 영향을 미칠 힘을 가지고 있다는 것을 인식하지 못했다. 그로 인해 [1444년] [11월 10일] [바르나 전투]가 그의 최후의 전투가 될 것이라는 것은 예상하지 못했고 결국 [브와디스와프]는 [술탄]의 직속 친위대 [예니체리]의 돌격을 받고 전사했다."}