{"entityTagged":"<영통구>(靈通區, )는 [대한민국] [경기도] [수원시] 동부에 있는 [구_(행정_구역)]이다.","globalSId":[90033],"entities":[{"kbox_types":["PopulatedPlace","Settlement","PopulatedPlace","Place"],"st":0,"en_mention":3,"ancestor":"","eIdx":0,"st_mention":0,"en":5,"ne_type":"LOCATION","keyword":"<영통구>","e_type":"ELU"},{"kbox_types":["Country","PopulatedPlace","PopulatedPlace","Place"],"st":14,"en_mention":16,"ancestor":"","eIdx":1,"st_mention":12,"en":20,"ne_type":"LOCATION","keyword":"[대한민국]","e_type":"WIKILINK"},{"kbox_types":["PopulatedPlace","Settlement","PopulatedPlace","Place"],"st":21,"en_mention":20,"ancestor":"","eIdx":2,"st_mention":17,"en":26,"ne_type":"LOCATION","keyword":"[경기도]","e_type":"WIKILINK"},{"kbox_types":["PopulatedPlace","Place","Settlement","PopulatedPlace","City"],"st":27,"en_mention":24,"ancestor":"","eIdx":3,"st_mention":21,"en":32,"ne_type":"LOCATION","keyword":"[수원시]","e_type":"WIKILINK"},{"kbox_types":["NULL"],"st":40,"en_mention":33,"ancestor":"","eIdx":4,"st_mention":32,"en":51,"ne_type":"ETC","keyword":"[구_(행정_구역)]","e_type":"WIKILINK"}],"wikiPageId":6337,"pIdx":1,"plainText":"영통구(靈通區, )는 대한민국 경기도 수원시 동부에 있는 구이다.","mentionTagged":"[영통구](靈通區, )는 [대한민국] [경기도] [수원시] 동부에 있는 [구]이다."}