{"entityTagged":"<스코틀랜드>의 제1장관(; ; )은 [스코틀랜드] [스코틀랜드_정부]를 이끄는 수반이다. [스코틀랜드] 정부 각료를 구성하고 의결된 정책을 집행하며 다른 나라로부터 <스코틀랜드>를 대표한다. 제1장관에 오르기 위해서는 [스코틀랜드_의회] 의원으로부터 선출된 후 [영국의_군주]에게 지명받아야 한다. 현재 제1장관은 [스코틀랜드_국민당] 소속의 [니컬라_스터전]이다.","globalSId":[3931368,3931369,3931370,3931371],"entities":[{"kbox_types":["Country","PopulatedPlace","Settlement","PopulatedPlace","Place"],"st":0,"en_mention":5,"ancestor":"","eIdx":0,"st_mention":0,"en":7,"ne_type":"LOCATION","keyword":"<스코틀랜드>","e_type":"ELU"},{"kbox_types":["Country","PopulatedPlace","Settlement","PopulatedPlace","Place"],"st":21,"en_mention":24,"ancestor":"","eIdx":1,"st_mention":19,"en":28,"ne_type":"LOCATION","keyword":"[스코틀랜드]","e_type":"WIKILINK"},{"kbox_types":["NULL"],"st":29,"en_mention":27,"ancestor":"","eIdx":2,"st_mention":25,"en":39,"ne_type":"ETC","keyword":"[스코틀랜드_정부]","e_type":"WIKILINK"},{"kbox_types":["Country","PopulatedPlace","Settlement","PopulatedPlace","Place"],"st":51,"en_mention":44,"ancestor":"1-1","eIdx":3,"st_mention":39,"en":58,"ne_type":"ORGANIZATION","keyword":"[스코틀랜드]","e_type":"NEW"},{"kbox_types":["Country","PopulatedPlace","Settlement","PopulatedPlace","Place"],"st":93,"en_mention":84,"ancestor":"","eIdx":4,"st_mention":79,"en":100,"ne_type":"LOCATION","keyword":"<스코틀랜드>","e_type":"ELU"},{"kbox_types":["Legislature","Agent","Parliament","Organisation"],"st":123,"en_mention":115,"ancestor":"","eIdx":5,"st_mention":107,"en":133,"ne_type":"ORGANIZATION","keyword":"[스코틀랜드_의회]","e_type":"WIKILINK"},{"kbox_types":["NULL"],"st":147,"en_mention":131,"ancestor":"","eIdx":6,"st_mention":129,"en":155,"ne_type":"ETC","keyword":"[영국의_군주]","e_type":"WIKILINK"},{"kbox_types":["Agent","PoliticalParty","Organisation"],"st":177,"en_mention":162,"ancestor":"","eIdx":7,"st_mention":153,"en":188,"ne_type":"ORGANIZATION","keyword":"[스코틀랜드_국민당]","e_type":"WIKILINK"},{"kbox_types":["Agent","Person","OfficeHolder"],"st":193,"en_mention":174,"ancestor":"","eIdx":8,"st_mention":167,"en":202,"ne_type":"PERSON","keyword":"[니컬라_스터전]","e_type":"WIKILINK"}],"wikiPageId":1721014,"pIdx":1,"plainText":"스코틀랜드의 제1장관(; ; )은 스코틀랜드 정부를 이끄는 수반이다. 스코틀랜드 정부 각료를 구성하고 의결된 정책을 집행하며 다른 나라로부터 스코틀랜드를 대표한다. 제1장관에 오르기 위해서는 스코틀랜드 의회 의원으로부터 선출된 후 국왕에게 지명받아야 한다. 현재 제1장관은 스코틀랜드 국민당 소속의 니컬라 스터전이다.","pronouns":[{"st":84,"ancestor":"-2","proIdx":0,"en":88,"cwStateCd":"FIXED","cwSelIdx":[],"type":"PRONOUN","keyword":"다른 나라"}],"mentionTagged":"[스코틀랜드]의 제1장관(; ; )은 [스코틀랜드] [정부]를 이끄는 수반이다. [스코틀랜드] 정부 각료를 구성하고 의결된 정책을 집행하며 다른 나라로부터 [스코틀랜드]를 대표한다. 제1장관에 오르기 위해서는 [스코틀랜드 의회] 의원으로부터 선출된 후 [국왕]에게 지명받아야 한다. 현재 제1장관은 [스코틀랜드 국민당] 소속의 [니컬라 스터전]이다."}