{"entityTagged":"전작 [Misty_Mystery] 발매 이후, 1년 이상의 공백기를 가진 것은 [Smiley_Nation]이래 2번째가 되었다. 또 초회한정반(GZCA - 7168)과 통상반(GZCA - 4136)의 두 가지 형태로의 발매와 자켓과 수록곡이 다른 것은 [ja]이후 5싱글 연속 계속되고 있다. 통상반에만 커플링이 1곡 더 추가로 수록되는 것로 [Misty_Mystery]과 같은 구조다.","globalSId":[2909774,2909775,2909776],"entities":[{"kbox_types":["Single","MusicalWork","Work"],"st":3,"en_mention":16,"ancestor":"","eIdx":0,"st_mention":3,"en":18,"ne_type":"ETC","keyword":"[Misty_Mystery]","e_type":"WIKILINK"},{"kbox_types":["Single","MusicalWork","Work"],"st":44,"en_mention":55,"ancestor":"","eIdx":1,"st_mention":42,"en":59,"ne_type":"ETC","keyword":"[Smiley_Nation]","e_type":"WIKILINK"},{"kbox_types":["NULL"],"st":141,"en_mention":163,"ancestor":"","eIdx":2,"st_mention":137,"en":145,"ne_type":"ETC","keyword":"[ja]","e_type":"WIKILINK"},{"kbox_types":["Single","MusicalWork","Work"],"st":192,"en_mention":223,"ancestor":"","eIdx":3,"st_mention":210,"en":207,"ne_type":"ETC","keyword":"[Misty_Mystery]","e_type":"WIKILINK"}],"wikiPageId":853531,"pIdx":4,"plainText":"전작 Misty Mystery 발매 이후, 1년 이상의 공백기를 가진 것은 Smiley Nation이래 2번째가 되었다. 또 초회한정반(GZCA - 7168)과 통상반(GZCA - 4136)의 두 가지 형태로의 발매와 자켓과 수록곡이 다른 것은 花は咲いて ただ揺れて (꽃은 피고 그저 흔들려)이후 5싱글 연속 계속되고 있다. 통상반에만 커플링이 1곡 더 추가로 수록되는 것로 Misty Mystery과 같은 구조다.","pronouns":[{"st":135,"ancestor":"-1","proIdx":0,"en":139,"cwStateCd":"FIXED","cwSelIdx":[],"type":"PRONOUN","keyword":"다른 것은"}],"mentionTagged":"전작 [Misty Mystery] 발매 이후, 1년 이상의 공백기를 가진 것은 [Smiley Nation]이래 2번째가 되었다. 또 초회한정반(GZCA - 7168)과 통상반(GZCA - 4136)의 두 가지 형태로의 발매와 자켓과 수록곡이 다른 것은 [花は咲いて ただ揺れて (꽃은 피고 그저 흔들려)]이후 5싱글 연속 계속되고 있다. 통상반에만 커플링이 1곡 더 추가로 수록되는 것로 [Misty Mystery]과 같은 구조다."}