{"entityTagged":"[1945년]에 [미국] 국적을 취득하였다. [1958년]에 [로런츠_메달]을, [1968년]에 [노벨_화학상]을 수상하였다. [1972년]에 은퇴하고, [플로리다] [코럴게이블즈]에 있는 [마이애미_대학교_(플로리다_주)]로 이사하였다. [1976년] [10월] [5일]에 <코럴게이블즈>에서 [동맥류]로 사망하였다.","globalSId":[2895980,2895981,2895982,2895983],"entities":[{"kbox_types":["Year","TimePeriod"],"st":0,"en_mention":5,"ancestor":"-2","eIdx":0,"st_mention":0,"en":7,"ne_type":"TIME","keyword":"[1945년]","e_type":"NEW"},{"kbox_types":["Country","PopulatedPlace","PopulatedPlace","Place"],"st":9,"en_mention":9,"ancestor":"1-2","eIdx":1,"st_mention":7,"en":13,"ne_type":"LOCATION","keyword":"[미국]","e_type":"NEW"},{"kbox_types":["Year","TimePeriod"],"st":25,"en_mention":26,"ancestor":"-2","eIdx":2,"st_mention":21,"en":32,"ne_type":"TIME","keyword":"[1958년]","e_type":"NEW"},{"kbox_types":["Award"],"st":34,"en_mention":34,"ancestor":"","eIdx":3,"st_mention":28,"en":42,"ne_type":"ETC","keyword":"[로런츠_메달]","e_type":"WIKILINK"},{"kbox_types":["Year","TimePeriod"],"st":45,"en_mention":42,"ancestor":"-2","eIdx":4,"st_mention":37,"en":52,"ne_type":"TIME","keyword":"[1968년]","e_type":"NEW"},{"kbox_types":["Award","NobelPrize"],"st":54,"en_mention":50,"ancestor":"","eIdx":5,"st_mention":44,"en":62,"ne_type":"ETC","keyword":"[노벨_화학상]","e_type":"WIKILINK"},{"kbox_types":["Year","TimePeriod"],"st":71,"en_mention":64,"ancestor":"-2","eIdx":6,"st_mention":59,"en":78,"ne_type":"TIME","keyword":"[1972년]","e_type":"NEW"},{"kbox_types":["NULL"],"st":86,"en_mention":76,"ancestor":"-2","eIdx":7,"st_mention":72,"en":92,"ne_type":"LOCATION","keyword":"[플로리다]","e_type":"NEW"},{"kbox_types":["PopulatedPlace","Settlement","PopulatedPlace","City","Place"],"st":93,"en_mention":83,"ancestor":"","eIdx":8,"st_mention":77,"en":101,"ne_type":"LOCATION","keyword":"[코럴게이블즈]","e_type":"WIKILINK"},{"kbox_types":["University","Agent","EducationalInstitution","Organisation"],"st":106,"en_mention":96,"ancestor":"","eIdx":9,"st_mention":88,"en":125,"ne_type":"ORGANIZATION","keyword":"[마이애미_대학교_(플로리다_주)]","e_type":"WIKILINK"},{"kbox_types":["Year","Agent","EducationalInstitution","TimePeriod","Organisation","University"],"st":134,"en_mention":110,"ancestor":"-2","eIdx":10,"st_mention":105,"en":141,"ne_type":"TIME","keyword":"[1976년]","e_type":"NEW"},{"kbox_types":["NULL"],"st":142,"en_mention":114,"ancestor":"-2","eIdx":11,"st_mention":111,"en":147,"ne_type":"TIME","keyword":"[10월]","e_type":"NEW"},{"kbox_types":["NULL"],"st":148,"en_mention":117,"ancestor":"-2","eIdx":12,"st_mention":115,"en":152,"ne_type":"TIME","keyword":"[5일]","e_type":"NEW"},{"kbox_types":["PopulatedPlace","Settlement","PopulatedPlace","City","Place"],"st":154,"en_mention":125,"ancestor":"","eIdx":13,"st_mention":119,"en":162,"ne_type":"LOCATION","keyword":"<코럴게이블즈>","e_type":"ELU"},{"kbox_types":["Disease"],"st":165,"en_mention":131,"ancestor":"","eIdx":14,"st_mention":128,"en":170,"ne_type":"ETC","keyword":"[동맥류]","e_type":"WIKILINK"}],"wikiPageId":845321,"pIdx":6,"plainText":"1945년에 미국 국적을 취득하였다. 1958년에 로런츠 메달을, 1968년에 노벨 화학상을 수상하였다. 1972년에 은퇴하고, 플로리다 코럴게이블즈에 있는 마이애미 대학교로 이사하였다. 1976년 10월 5일에 코럴게이블즈에서 동맥류로 사망하였다.","mentionTagged":"[1945년]에 [미국] 국적을 취득하였다. [1958년]에 [로런츠 메달]을, [1968년]에 [노벨 화학상]을 수상하였다. [1972년]에 은퇴하고, [플로리다] [코럴게이블즈]에 있는 [마이애미 대학교]로 이사하였다. [1976년] [10월] [5일]에 [코럴게이블즈]에서 [동맥류]로 사망하였다."}