{"entityTagged":"개요. <바티칸_시국>이 가톨릭 국가인 남미 등 은신처를 제공하고, 마피아가 [나치] 전범들의 탈출을 위한 위조 여권과 신분증을 만들었다. [나치] 전범들은 도주의 대가로 자신의 재산에서 40~50%를 내놓아야 했다. 이 도주로를 타고 [크로아티아_독립국]의 [우스타샤] 지도자 [안테_파벨리치], '리용의 도살자' [클라우스_바르비], <아우슈비츠_강제_수용소>에서 유태인 생체 실험을 진행한 [요제프_멩겔레] 등이 남미로 탈출했다.","globalSId":[3437434,3437435,3437436,3437437],"entities":[{"kbox_types":["Country","PopulatedPlace","Place","Settlement","WorldHeritageSite","PopulatedPlace","City"],"st":4,"en_mention":6,"ancestor":"","eIdx":0,"st_mention":3,"en":12,"ne_type":"LOCATION","keyword":"<바티칸_시국>","e_type":"ELU"},{"kbox_types":["NULL"],"st":43,"en_mention":39,"ancestor":"-2","eIdx":1,"st_mention":37,"en":47,"ne_type":"ETC","keyword":"[나치]","e_type":"NEW"},{"kbox_types":["NULL"],"st":78,"en_mention":72,"ancestor":"2-1","eIdx":2,"st_mention":70,"en":82,"ne_type":"ETC","keyword":"[나치]","e_type":"NEW"},{"kbox_types":["Country","PopulatedPlace","PopulatedPlace","Place"],"st":132,"en_mention":131,"ancestor":"","eIdx":3,"st_mention":122,"en":143,"ne_type":"LOCATION","keyword":"[크로아티아_독립국]","e_type":"WIKILINK"},{"kbox_types":["Agent","PoliticalParty","Organisation"],"st":145,"en_mention":137,"ancestor":"","eIdx":4,"st_mention":133,"en":151,"ne_type":"ORGANIZATION","keyword":"[우스타샤]","e_type":"WIKILINK"},{"kbox_types":["Agent","Person","OfficeHolder"],"st":156,"en_mention":149,"ancestor":"","eIdx":5,"st_mention":142,"en":165,"ne_type":"PERSON","keyword":"[안테_파벨리치]","e_type":"WIKILINK"},{"kbox_types":["Agent","Person","MilitaryPerson"],"st":177,"en_mention":169,"ancestor":"","eIdx":6,"st_mention":161,"en":187,"ne_type":"PERSON","keyword":"[클라우스_바르비]","e_type":"WIKILINK"},{"kbox_types":["Place","ArchitecturalStructure","Building","Museum"],"st":189,"en_mention":176,"ancestor":"","eIdx":7,"st_mention":171,"en":203,"ne_type":"LOCATION","keyword":"<아우슈비츠_강제_수용소>","e_type":"ELU"},{"kbox_types":["Agent","Person","MilitaryPerson"],"st":221,"en_mention":201,"ancestor":"","eIdx":8,"st_mention":194,"en":230,"ne_type":"PERSON","keyword":"[요제프_멩겔레]","e_type":"WIKILINK"}],"wikiPageId":1196089,"pIdx":2,"plainText":"개요 바티칸이 가톨릭 국가인 남미 등 은신처를 제공하고, 마피아가 나치 전범들의 탈출을 위한 위조 여권과 신분증을 만들었다. 나치 전범들은 도주의 대가로 자신의 재산에서 40~50%를 내놓아야 했다. 이 도주로를 타고 크로아티아 독립국의 우스타샤 지도자 안테 파벨리치, '리용의 도살자' 클라우스 바르비, 아우슈비츠에서 유태인 생체 실험을 진행한 요제프 멩겔레 등이 남미로 탈출했다.","pronouns":[{"st":96,"ancestor":"-2","proIdx":0,"en":98,"cwStateCd":"FIXED","cwSelIdx":[],"type":"PRONOUN","keyword":"자신의"},{"st":96,"ancestor":"-2","proIdx":1,"en":103,"cwStateCd":"FIXED","cwSelIdx":[],"type":"PRONOUN","keyword":"자신의 재산에서"},{"st":122,"ancestor":"-2","proIdx":2,"en":126,"cwStateCd":"FIXED","cwSelIdx":[],"type":"PRONOUN","keyword":"이 도주로"}],"mentionTagged":"개요 [바티칸]이 가톨릭 국가인 남미 등 은신처를 제공하고, 마피아가 [나치] 전범들의 탈출을 위한 위조 여권과 신분증을 만들었다. [나치] 전범들은 도주의 대가로 자신의 재산에서 40~50%를 내놓아야 했다. 이 도주로를 타고 [크로아티아 독립국]의 [우스타샤] 지도자 [안테 파벨리치], '리용의 도살자' [클라우스 바르비], [아우슈비츠]에서 유태인 생체 실험을 진행한 [요제프 멩겔레] 등이 남미로 탈출했다."}