{"entityTagged":"<비제르테_주>(, )는 [튀니지]의 북부에 있는 주로, 주도는 [비제르테]이다. 면적은 3,685km²이며, 인구는 524,000명([2004년])이다.","globalSId":[1914513,1914514],"entities":[{"kbox_types":["PopulatedPlace","Settlement","PopulatedPlace","Place"],"st":0,"en_mention":6,"ancestor":"","eIdx":0,"st_mention":0,"en":8,"ne_type":"LOCATION","keyword":"<비제르테_주>","e_type":"ELU"},{"kbox_types":["Country","PopulatedPlace","Settlement","PopulatedPlace","Place"],"st":14,"en_mention":15,"ancestor":"","eIdx":1,"st_mention":12,"en":19,"ne_type":"LOCATION","keyword":"[튀니지]","e_type":"WIKILINK"},{"kbox_types":["PopulatedPlace","Settlement","PopulatedPlace","City","Place"],"st":36,"en_mention":36,"ancestor":"","eIdx":2,"st_mention":32,"en":42,"ne_type":"LOCATION","keyword":"[비제르테]","e_type":"WIKILINK"},{"kbox_types":["Year","TimePeriod"],"st":75,"en_mention":74,"ancestor":"","eIdx":3,"st_mention":69,"en":82,"ne_type":"TIME","keyword":"[2004년]","e_type":"WIKILINK"}],"wikiPageId":389114,"pIdx":1,"plainText":"비제르테 주(, )는 튀니지의 북부에 있는 주로, 주도는 비제르테이다. 면적은 3,685km²이며, 인구는 524,000명(2004년)이다.","pronouns":[],"mentionTagged":"[비제르테 주](, )는 [튀니지]의 북부에 있는 주로, 주도는 [비제르테]이다. 면적은 3,685km²이며, 인구는 524,000명([2004년])이다."}