{"entityTagged":"제1차 [게르하르트 슈뢰더 내각]은 [1998년] [10월_27일]부터 [2002년] [10월_22일]까지 지속하였다. [독일_사회민주당]의 <게르하르트_슈뢰더>가 총리를, [동맹_90\/녹색당]의 [요슈카_피셔]는 부총리 겸 외무장관을 맡았다. [녹색당]은 [위르겐_트리틴], [레나테_퀴나스트] 등 총 4명을 장관으로 배출하였다.","globalSId":[3921405,3921406,3921407],"entities":[{"kbox_types":["NULL"],"st":4,"en_mention":16,"ancestor":"-1","eIdx":0,"st_mention":4,"en":18,"ne_type":"PERSON","keyword":"[게르하르트 슈뢰더 내각]","e_type":"NEW"},{"kbox_types":["Year","MusicalWork","TimePeriod","Work","Album"],"st":20,"en_mention":23,"ancestor":"","eIdx":1,"st_mention":18,"en":27,"ne_type":"TIME","keyword":"[1998년]","e_type":"WIKILINK"},{"kbox_types":["NULL"],"st":28,"en_mention":31,"ancestor":"","eIdx":2,"st_mention":24,"en":37,"ne_type":"TIME","keyword":"[10월_27일]","e_type":"WIKILINK"},{"kbox_types":["Year","MusicalWork","TimePeriod","Work","Album"],"st":40,"en_mention":39,"ancestor":"","eIdx":3,"st_mention":34,"en":47,"ne_type":"TIME","keyword":"[2002년]","e_type":"WIKILINK"},{"kbox_types":["NULL"],"st":48,"en_mention":47,"ancestor":"","eIdx":4,"st_mention":40,"en":57,"ne_type":"TIME","keyword":"[10월_22일]","e_type":"WIKILINK"},{"kbox_types":["Agent","PoliticalParty","Organisation"],"st":67,"en_mention":60,"ancestor":"","eIdx":5,"st_mention":57,"en":77,"ne_type":"ORGANIZATION","keyword":"[독일_사회민주당]","e_type":"WIKILINK"},{"kbox_types":["Agent","Person","OfficeHolder"],"st":79,"en_mention":65,"ancestor":"","eIdx":6,"st_mention":62,"en":90,"ne_type":"PERSON","keyword":"<게르하르트_슈뢰더>","e_type":"ELU"},{"kbox_types":["NULL"],"st":97,"en_mention":75,"ancestor":"","eIdx":7,"st_mention":72,"en":108,"ne_type":"ETC","keyword":"[동맹_90\/녹색당]","e_type":"WIKILINK"},{"kbox_types":["Politician","Agent","Person"],"st":110,"en_mention":83,"ancestor":"","eIdx":8,"st_mention":77,"en":118,"ne_type":"PERSON","keyword":"[요슈카_피셔]","e_type":"WIKILINK"},{"kbox_types":["Agent","PoliticalParty","Organisation"],"st":137,"en_mention":105,"ancestor":"1-7","eIdx":9,"st_mention":102,"en":142,"ne_type":"ORGANIZATION","keyword":"[녹색당]","e_type":"NEW"},{"kbox_types":["Agent","Person","OfficeHolder"],"st":144,"en_mention":114,"ancestor":"","eIdx":10,"st_mention":107,"en":153,"ne_type":"PERSON","keyword":"[위르겐_트리틴]","e_type":"WIKILINK"},{"kbox_types":["Agent","Person","OfficeHolder"],"st":155,"en_mention":124,"ancestor":"","eIdx":11,"st_mention":116,"en":165,"ne_type":"PERSON","keyword":"[레나테_퀴나스트]","e_type":"WIKILINK"}],"wikiPageId":1712084,"pIdx":1,"plainText":"제1차 게르하르트 슈뢰더 내각은 1998년 10월 27일부터 2002년 10월 22일까지 지속하였다. 사민당의 슈뢰더가 총리를, 녹색당의 요슈카 피셔는 부총리 겸 외무장관을 맡았다. 녹색당은 위르겐 트리틴, 레나테 퀴나스트 등 총 4명을 장관으로 배출하였다.","pronouns":[],"mentionTagged":"제1차 [게르하르트 슈뢰더 내각]은 [1998년] [10월 27일]부터 [2002년] [10월 22일]까지 지속하였다. [사민당]의 [슈뢰더]가 총리를, [녹색당]의 [요슈카 피셔]는 부총리 겸 외무장관을 맡았다. [녹색당]은 [위르겐 트리틴], [레나테 퀴나스트] 등 총 4명을 장관으로 배출하였다."}