{"entityTagged":"<뿔도마뱀과>(Phrynosomatidae)는 [뱀목]에 속하는 [도마뱀] 과이다. [파나마]부터 [캐나다] 남단에 이르는 지역에서 발견된다. 이 분류군의 상당수 종은 더운 모래 사막에 적응해 살고 있지만, [가시도마뱀류]는 바위로 이루어진 사막지대 또는 비교적 습기가 많은 숲 외곽지대에서 발견되며, [짧은뿔도마뱀]은 대초원 또는 [세이지 숲] 환경에서 산다. 이 분류군의 종들은 난생과 태생 둘 다를 포함하고 있으며, 태생은 고지대의 종들 중에서 더 흔하게 볼 수 있다.","globalSId":[3398217,3398218,3398219,3398220],"entities":[{"kbox_types":["Animal","Reptile","Species","TopicalConcept","Taxon","Eukaryote"],"st":0,"en_mention":5,"ancestor":"","eIdx":0,"st_mention":0,"en":7,"ne_type":"ETC","keyword":"<뿔도마뱀과>","e_type":"ELU"},{"kbox_types":["Animal","Species","TopicalConcept","Taxon","Eukaryote"],"st":26,"en_mention":26,"ancestor":"","eIdx":1,"st_mention":24,"en":30,"ne_type":"ETC","keyword":"[뱀목]","e_type":"WIKILINK"},{"kbox_types":["Animal","Species","TopicalConcept","Taxon","Eukaryote"],"st":36,"en_mention":35,"ancestor":"","eIdx":2,"st_mention":32,"en":41,"ne_type":"ETC","keyword":"[도마뱀]","e_type":"WIKILINK"},{"kbox_types":["Country","PopulatedPlace","Settlement","PopulatedPlace","Place"],"st":47,"en_mention":44,"ancestor":"","eIdx":3,"st_mention":41,"en":52,"ne_type":"LOCATION","keyword":"[파나마]","e_type":"WIKILINK"},{"kbox_types":["Country","PopulatedPlace","PopulatedPlace","Place"],"st":55,"en_mention":50,"ancestor":"","eIdx":4,"st_mention":47,"en":60,"ne_type":"LOCATION","keyword":"[캐나다]","e_type":"WIKILINK"},{"kbox_types":["NULL"],"st":116,"en_mention":112,"ancestor":"-2","eIdx":5,"st_mention":106,"en":124,"ne_type":"ETC","keyword":"[가시도마뱀류]","e_type":"NEW"},{"kbox_types":["NULL"],"st":169,"en_mention":163,"ancestor":"-2","eIdx":6,"st_mention":157,"en":177,"ne_type":"ETC","keyword":"[짧은뿔도마뱀]","e_type":"NEW"},{"kbox_types":["NULL"],"st":186,"en_mention":177,"ancestor":"-2","eIdx":7,"st_mention":172,"en":193,"ne_type":"LOCATION","keyword":"[세이지 숲]","e_type":"NEW"}],"wikiPageId":1158715,"pIdx":1,"plainText":"뿔도마뱀과(Phrynosomatidae)는 뱀목에 속하는 도마뱀 과이다. 파나마부터 캐나다 남단에 이르는 지역에서 발견된다. 이 분류군의 상당수 종은 더운 모래 사막에 적응해 살고 있지만, 가시도마뱀류는 바위로 이루어진 사막지대 또는 비교적 습기가 많은 숲 외곽지대에서 발견되며, 짧은뿔도마뱀은 대초원 또는 세이지 숲 환경에서 산다. 이 분류군의 종들은 난생과 태생 둘 다를 포함하고 있으며, 태생은 고지대의 종들 중에서 더 흔하게 볼 수 있다.","mentionTagged":"[뿔도마뱀과](Phrynosomatidae)는 [뱀목]에 속하는 [도마뱀] 과이다. [파나마]부터 [캐나다] 남단에 이르는 지역에서 발견된다. 이 분류군의 상당수 종은 더운 모래 사막에 적응해 살고 있지만, [가시도마뱀류]는 바위로 이루어진 사막지대 또는 비교적 습기가 많은 숲 외곽지대에서 발견되며, [짧은뿔도마뱀]은 대초원 또는 [세이지 숲] 환경에서 산다. 이 분류군의 종들은 난생과 태생 둘 다를 포함하고 있으며, 태생은 고지대의 종들 중에서 더 흔하게 볼 수 있다."}