{"entityTagged":"SDRAM에 비해 가장 극명한 변화는 공급 전압이 2.5V에서 1.8V로 낮아진 점이다. 메모리 재충전(DRAM refresh)이 낮은 온도에서 덜 필요한 점을 이용하여 재충전 회수를 온도에 적응시키며, 메모리의 모든 내용을 지우고 \"깊은 절전 모드\"에 빠질 수 있게 해서 추가적인 전력 소모 절감을 얻는다. 또한 메모리 칩은 작아지고 기판 면적 점유가 줄어든다. [삼성전자]와 [마이크론_테크놀로지]은 이 기술의 두 최대 공급자로 [애플_(기업)]의 [아이패드], [삼성전자]의 [갤럭시탭]과 [모토로라]의 [드로이드_X] 등과 같은 다양한 태블릿 기기에 공급하고 있다.","globalSId":[2566059,2566060,2566061,2566062],"entities":[{"kbox_types":["Company","Agent","Organisation"],"st":204,"en_mention":208,"ancestor":"","eIdx":0,"st_mention":204,"en":210,"ne_type":"ORGANIZATION","keyword":"[삼성전자]","e_type":"WIKILINK"},{"kbox_types":["Company","Agent","Organisation"],"st":212,"en_mention":214,"ancestor":"","eIdx":1,"st_mention":210,"en":224,"ne_type":"ORGANIZATION","keyword":"[마이크론_테크놀로지]","e_type":"WIKILINK"},{"kbox_types":["Company","Agent","Organisation"],"st":242,"en_mention":234,"ancestor":"","eIdx":2,"st_mention":232,"en":251,"ne_type":"ORGANIZATION","keyword":"[애플_(기업)]","e_type":"WIKILINK"},{"kbox_types":["InformationAppliance","Device"],"st":253,"en_mention":240,"ancestor":"","eIdx":3,"st_mention":236,"en":259,"ne_type":"ETC","keyword":"[아이패드]","e_type":"WIKILINK"},{"kbox_types":["Company","Agent","Organisation"],"st":261,"en_mention":246,"ancestor":"","eIdx":4,"st_mention":242,"en":267,"ne_type":"ORGANIZATION","keyword":"[삼성전자]","e_type":"WIKILINK"},{"kbox_types":["NULL"],"st":269,"en_mention":252,"ancestor":"","eIdx":5,"st_mention":248,"en":275,"ne_type":"ETC","keyword":"[갤럭시탭]","e_type":"WIKILINK"},{"kbox_types":["NULL"],"st":277,"en_mention":258,"ancestor":"","eIdx":6,"st_mention":254,"en":283,"ne_type":"ETC","keyword":"[모토로라]","e_type":"WIKILINK"},{"kbox_types":["NULL"],"st":285,"en_mention":266,"ancestor":"","eIdx":7,"st_mention":260,"en":293,"ne_type":"ETC","keyword":"[드로이드_X]","e_type":"WIKILINK"}],"wikiPageId":680318,"pIdx":3,"plainText":"SDRAM에 비해 가장 극명한 변화는 공급 전압이 2.5V에서 1.8V로 낮아진 점이다. 메모리 재충전(DRAM refresh)이 낮은 온도에서 덜 필요한 점을 이용하여 재충전 회수를 온도에 적응시키며, 메모리의 모든 내용을 지우고 \"깊은 절전 모드\"에 빠질 수 있게 해서 추가적인 전력 소모 절감을 얻는다. 또한 메모리 칩은 작아지고 기판 면적 점유가 줄어든다. 삼성전자와 마이크론은 이 기술의 두 최대 공급자로 애플의 아이패드, 삼성전자의 갤럭시탭과 모토로라의 드로이드 X 등과 같은 다양한 태블릿 기기에 공급하고 있다.","mentionTagged":"SDRAM에 비해 가장 극명한 변화는 공급 전압이 2.5V에서 1.8V로 낮아진 점이다. 메모리 재충전(DRAM refresh)이 낮은 온도에서 덜 필요한 점을 이용하여 재충전 회수를 온도에 적응시키며, 메모리의 모든 내용을 지우고 \"깊은 절전 모드\"에 빠질 수 있게 해서 추가적인 전력 소모 절감을 얻는다. 또한 메모리 칩은 작아지고 기판 면적 점유가 줄어든다. [삼성전자]와 [마이크론]은 이 기술의 두 최대 공급자로 [애플]의 [아이패드], [삼성전자]의 [갤럭시탭]과 [모토로라]의 [드로이드 X] 등과 같은 다양한 태블릿 기기에 공급하고 있다."}