{"entityTagged":"총리 재임 업적. [1983년] [3월], [제2차_세계대전] 이후 오랜 기간 동안 지속되온 [오스트레일리아_보수연립]정권을 끝내고 취임하였다. '[오일 쇼크]', 초고금리([1982년] [존_하워드] 재무장관 재임당시 사상 최고의 22%)와 더불어 개혁의 지체로 침체되어 있던 <오스트레일리아>에 그의 행정부 출범과 함께 새로운 개혁정책들이 등장했다. [노동당]의 전통적 정책기조와 아울러 주변의 예상을 깨고, 재무장관(이자 그의 총리직 후임자) [폴_키팅]의 주도로 대규모 부실[은행]들을 민간에 팔았고, 전격적 [세금]제 개편을 이끌어내는 등 [경제]정책에서 [신자유주의]적인 요소들을 흡수한, 강력한 개혁정책을 폈다. [빌_클린턴]과 [토니_블레어]보다 앞섰으며, 이는 이웃 [뉴질랜드]의 [데이비드_롱이] [뉴질랜드_노동당] 행정부에도 큰 영향을 미쳤다.","globalSId":[840693,840694,840695,840696,840697],"entities":[{"kbox_types":["Year","TimePeriod"],"st":10,"en_mention":14,"ancestor":"","eIdx":0,"st_mention":9,"en":17,"ne_type":"TIME","keyword":"[1983년]","e_type":"WIKILINK"},{"kbox_types":["NULL"],"st":18,"en_mention":17,"ancestor":"","eIdx":1,"st_mention":15,"en":22,"ne_type":"TIME","keyword":"[3월]","e_type":"WIKILINK"},{"kbox_types":["MilitaryConflict","Event","SocietalEvent"],"st":24,"en_mention":27,"ancestor":"","eIdx":2,"st_mention":19,"en":34,"ne_type":"ETC","keyword":"[제2차_세계대전]","e_type":"WIKILINK"},{"kbox_types":["Agent","PoliticalParty","Organisation"],"st":52,"en_mention":47,"ancestor":"","eIdx":3,"st_mention":45,"en":66,"ne_type":"ORGANIZATION","keyword":"[오스트레일리아_보수연립]","e_type":"WIKILINK"},{"kbox_types":["NULL"],"st":82,"en_mention":68,"ancestor":"-2","eIdx":4,"st_mention":63,"en":89,"ne_type":"ETC","keyword":"[오일 쇼크]","e_type":"NEW"},{"kbox_types":["Year","TimePeriod"],"st":97,"en_mention":81,"ancestor":"-2","eIdx":5,"st_mention":76,"en":104,"ne_type":"TIME","keyword":"[1982년]","e_type":"NEW"},{"kbox_types":["Actor","Agent","Person","OfficeHolder","Artist"],"st":105,"en_mention":87,"ancestor":"","eIdx":6,"st_mention":82,"en":112,"ne_type":"PERSON","keyword":"[존_하워드]","e_type":"WIKILINK"},{"kbox_types":["Country","PopulatedPlace","Settlement","PopulatedPlace","Place"],"st":156,"en_mention":138,"ancestor":"","eIdx":7,"st_mention":131,"en":165,"ne_type":"LOCATION","keyword":"<오스트레일리아>","e_type":"ELU"},{"kbox_types":["NULL"],"st":198,"en_mention":174,"ancestor":"1-4","eIdx":8,"st_mention":171,"en":203,"ne_type":"ORGANIZATION","keyword":"[노동당]","e_type":"NEW"},{"kbox_types":["Agent","Person","OfficeHolder"],"st":251,"en_mention":226,"ancestor":"","eIdx":9,"st_mention":222,"en":257,"ne_type":"PERSON","keyword":"[폴_키팅]","e_type":"WIKILINK"},{"kbox_types":["NULL"],"st":269,"en_mention":240,"ancestor":"","eIdx":10,"st_mention":238,"en":273,"ne_type":"ETC","keyword":"[은행]","e_type":"WIKILINK"},{"kbox_types":["NULL"],"st":289,"en_mention":257,"ancestor":"","eIdx":11,"st_mention":256,"en":293,"ne_type":"ETC","keyword":"[세금]","e_type":"WIKILINK"},{"kbox_types":["MusicGenre","TopicalConcept","Genre"],"st":307,"en_mention":273,"ancestor":"","eIdx":12,"st_mention":271,"en":311,"ne_type":"ETC","keyword":"[경제]","e_type":"WIKILINK"},{"kbox_types":["NULL"],"st":316,"en_mention":283,"ancestor":"","eIdx":13,"st_mention":278,"en":323,"ne_type":"ETC","keyword":"[신자유주의]","e_type":"WIKILINK"},{"kbox_types":["Politician","Agent","Person","President"],"st":350,"en_mention":312,"ancestor":"","eIdx":14,"st_mention":310,"en":357,"ne_type":"PERSON","keyword":"[빌_클린턴]","e_type":"WIKILINK"},{"kbox_types":["Agent","Person","OfficeHolder"],"st":359,"en_mention":316,"ancestor":"","eIdx":15,"st_mention":314,"en":367,"ne_type":"PERSON","keyword":"[토니_블레어]","e_type":"WIKILINK"},{"kbox_types":["Country","PopulatedPlace","Settlement","PopulatedPlace","Place"],"st":382,"en_mention":335,"ancestor":"","eIdx":16,"st_mention":331,"en":388,"ne_type":"LOCATION","keyword":"[뉴질랜드]","e_type":"WIKILINK"},{"kbox_types":["Agent","Person","OfficeHolder"],"st":390,"en_mention":344,"ancestor":"","eIdx":17,"st_mention":337,"en":399,"ne_type":"PERSON","keyword":"[데이비드_롱이]","e_type":"WIKILINK"},{"kbox_types":["Agent","PoliticalParty","Organisation"],"st":400,"en_mention":348,"ancestor":"","eIdx":18,"st_mention":345,"en":410,"ne_type":"ORGANIZATION","keyword":"[뉴질랜드_노동당]","e_type":"WIKILINK"}],"wikiPageId":114159,"pIdx":5,"plainText":"총리 재임 업적 1983년 3월, 제2차 세계대전 이후 오랜 기간 동안 지속되온 보수정권을 끝내고 취임하였다. '오일 쇼크', 초고금리(1982년 존 하워드 재무장관 재임당시 사상 최고의 22%)와 더불어 개혁의 지체로 침체되어 있던 오스트레일리아에 그의 행정부 출범과 함께 새로운 개혁정책들이 등장했다. 노동당의 전통적 정책기조와 아울러 주변의 예상을 깨고, 재무장관(이자 그의 총리직 후임자) 폴 키팅의 주도로 대규모 부실은행들을 민간에 팔았고, 전격적 세제 개편을 이끌어내는 등 경제정책에서 신자유주의적인 요소들을 흡수한, 강력한 개혁정책을 폈다. 미국과 영국보다 앞섰으며, 이는 이웃 뉴질랜드의 데이비드 롱이 노동당 행정부에도 큰 영향을 미쳤다.","mentionTagged":"총리 재임 업적 [1983년] [3월], [제2차 세계대전] 이후 오랜 기간 동안 지속되온 [보수]정권을 끝내고 취임하였다. '[오일 쇼크]', 초고금리([1982년] [존 하워드] 재무장관 재임당시 사상 최고의 22%)와 더불어 개혁의 지체로 침체되어 있던 [오스트레일리아]에 그의 행정부 출범과 함께 새로운 개혁정책들이 등장했다. [노동당]의 전통적 정책기조와 아울러 주변의 예상을 깨고, 재무장관(이자 그의 총리직 후임자) [폴 키팅]의 주도로 대규모 부실[은행]들을 민간에 팔았고, 전격적 [세]제 개편을 이끌어내는 등 [경제]정책에서 [신자유주의]적인 요소들을 흡수한, 강력한 개혁정책을 폈다. [미국]과 [영국]보다 앞섰으며, 이는 이웃 [뉴질랜드]의 [데이비드 롱이] [노동당] 행정부에도 큰 영향을 미쳤다."}