{"entityTagged":"개요. [1985년] 이전에 [콩고냐스_상파울루_공항]과 [비라코푸스_캄피나스_국제공항]이 [상파울루]의 관문 역할을 했다. 하지만 국제선을 담당했던 [비라코푸스_캄피나스_국제공항]이 확장이 어렵고 [상파울루] 도심과 100㎞ 정도로 매우 멀리 떨어진 문제가 있었다. 따라서 [브라질] 정부는 이러한 시설로는 증가하는 항공 교통량을 처리하기 어렵다고 판단해 [상파울루] 북동쪽의 [구아룰류스]에 있던 [상파울루] 공군 기지에 여객 시설을 건설해 [1985년] [1월_20일] <국제공항>으로 개항하였다. 이후 [비라코푸스 공항]의 국제선이 대부분 [상파울루] [구아룰류스]로 이전해 <상파울루_구아룰류스_국제공항>은 [상파울루]의 관문 공항으로 자리잡았다. [2001년] 전 [상파울루_주]지사 <안드레아> [프랑쿠 몬토루]의 이름을 따서 정식 이름을 <안드레아> [프랑쿠 몬투루] <국제공항>으로 개칭했다. [남아메리카]의 대표적인 [허브_공항]의 하나로, [2008년] 이용객수는 2,000만명에 달했고, 약 20만대의 비행기가 이착륙했다. 항공화물운송 실적 [라틴_아메리카]에서 2위, 세계에서 36위에 올랐다. 최근 수요 부족 현상을 겪고 있어 연착이 잦으며, [미국] 경제잡지 [포브스_지]는 이 공항이 세계의 주요 공항 중에서 세 번째로 연착률이 높은 공항이라고 보도할 정도였다. 이에 당국은 대규모 확장 계획을 세우고 있다. 터미널은 2개, 활주로는 3개가 있으며, 세계 각지의 주요 도시로 연결되는 노선이 개설되어 있다. 국내선은 [콩고냐스_상파울루_공항]에 많지만, 이 공항에도 [브라질] 전국 주요 도시와 연결되는 노선이 개설되어 있다.","globalSId":[1657938,1657939,1657940,1657941,1657942,1657943,1657944,1657945,1657946,1657947,1657948,1657949],"entities":[{"kbox_types":["Year","TimePeriod"],"st":4,"en_mention":8,"ancestor":"","eIdx":0,"st_mention":3,"en":11,"ne_type":"TIME","keyword":"[1985년]","e_type":"WIKILINK"},{"kbox_types":["ArchitecturalStructure","Place","Infrastructure","Airport"],"st":16,"en_mention":25,"ancestor":"","eIdx":1,"st_mention":13,"en":30,"ne_type":"LOCATION","keyword":"[콩고냐스_상파울루_공항]","e_type":"WIKILINK"},{"kbox_types":["ArchitecturalStructure","Place","Infrastructure","Airport","Airport"],"st":32,"en_mention":42,"ancestor":"","eIdx":2,"st_mention":27,"en":49,"ne_type":"LOCATION","keyword":"[비라코푸스_캄피나스_국제공항]","e_type":"WIKILINK"},{"kbox_types":["PopulatedPlace","Place","Settlement","PopulatedPlace","City"],"st":51,"en_mention":48,"ancestor":"","eIdx":3,"st_mention":44,"en":57,"ne_type":"LOCATION","keyword":"[상파울루]","e_type":"WIKILINK"},{"kbox_types":["ArchitecturalStructure","Place","Infrastructure","Airport","Airport"],"st":84,"en_mention":90,"ancestor":"","eIdx":4,"st_mention":75,"en":101,"ne_type":"LOCATION","keyword":"[비라코푸스_캄피나스_국제공항]","e_type":"WIKILINK"},{"kbox_types":["PopulatedPlace","Place","Settlement","PopulatedPlace","City"],"st":111,"en_mention":104,"ancestor":"","eIdx":5,"st_mention":100,"en":117,"ne_type":"LOCATION","keyword":"[상파울루]","e_type":"WIKILINK"},{"kbox_types":["Country","PopulatedPlace","PopulatedPlace","Place"],"st":154,"en_mention":144,"ancestor":"","eIdx":6,"st_mention":141,"en":159,"ne_type":"LOCATION","keyword":"[브라질]","e_type":"WIKILINK"},{"kbox_types":["PopulatedPlace","Place","Settlement","PopulatedPlace","City"],"st":200,"en_mention":189,"ancestor":"","eIdx":7,"st_mention":185,"en":206,"ne_type":"LOCATION","keyword":"[상파울루]","e_type":"WIKILINK"},{"kbox_types":["PopulatedPlace","Settlement","PopulatedPlace","City","Place"],"st":212,"en_mention":200,"ancestor":"","eIdx":8,"st_mention":195,"en":219,"ne_type":"LOCATION","keyword":"[구아룰류스]","e_type":"WIKILINK"},{"kbox_types":["PopulatedPlace","Place","Settlement","PopulatedPlace","City"],"st":224,"en_mention":209,"ancestor":"","eIdx":9,"st_mention":205,"en":230,"ne_type":"LOCATION","keyword":"[상파울루]","e_type":"WIKILINK"},{"kbox_types":["Year","TimePeriod"],"st":249,"en_mention":233,"ancestor":"","eIdx":10,"st_mention":228,"en":256,"ne_type":"TIME","keyword":"[1985년]","e_type":"WIKILINK"},{"kbox_types":["NULL"],"st":257,"en_mention":240,"ancestor":"","eIdx":11,"st_mention":234,"en":265,"ne_type":"TIME","keyword":"[1월_20일]","e_type":"WIKILINK"},{"kbox_types":["NULL"],"st":266,"en_mention":245,"ancestor":"","eIdx":12,"st_mention":241,"en":272,"ne_type":"ETC","keyword":"<국제공항>","e_type":"ELU"},{"kbox_types":["NULL"],"st":285,"en_mention":266,"ancestor":"2-2","eIdx":13,"st_mention":258,"en":295,"ne_type":"ORGANIZATION","keyword":"[비라코푸스 공항]","e_type":"NEW"},{"kbox_types":["PopulatedPlace","Place","Settlement","PopulatedPlace","City"],"st":306,"en_mention":281,"ancestor":"-1","eIdx":14,"st_mention":277,"en":312,"ne_type":"LOCATION","keyword":"[상파울루]","e_type":"NEW"},{"kbox_types":["PopulatedPlace","Settlement","PopulatedPlace","City","Place"],"st":313,"en_mention":287,"ancestor":"","eIdx":15,"st_mention":282,"en":320,"ne_type":"LOCATION","keyword":"[구아룰류스]","e_type":"WIKILINK"},{"kbox_types":["ArchitecturalStructure","Place","Infrastructure","Airport","Airport"],"st":326,"en_mention":301,"ancestor":"","eIdx":16,"st_mention":293,"en":343,"ne_type":"LOCATION","keyword":"<상파울루_구아룰류스_국제공항>","e_type":"ELU"},{"kbox_types":["PopulatedPlace","Place","Settlement","PopulatedPlace","City"],"st":345,"en_mention":307,"ancestor":"","eIdx":17,"st_mention":303,"en":351,"ne_type":"LOCATION","keyword":"[상파울루]","e_type":"WIKILINK"},{"kbox_types":["Year","MusicalWork","TimePeriod","Work","Album"],"st":368,"en_mention":329,"ancestor":"","eIdx":18,"st_mention":324,"en":375,"ne_type":"TIME","keyword":"[2001년]","e_type":"WIKILINK"},{"kbox_types":["PopulatedPlace","Settlement","PopulatedPlace","Place"],"st":378,"en_mention":338,"ancestor":"","eIdx":19,"st_mention":332,"en":386,"ne_type":"LOCATION","keyword":"[상파울루_주]","e_type":"WIKILINK"},{"kbox_types":["Saint","Agent","Person","Cleric"],"st":389,"en_mention":344,"ancestor":"","eIdx":20,"st_mention":341,"en":395,"ne_type":"PERSON","keyword":"<안드레아>","e_type":"ELU"},{"kbox_types":["NULL"],"st":396,"en_mention":352,"ancestor":"-1","eIdx":21,"st_mention":345,"en":405,"ne_type":"PERSON","keyword":"[프랑쿠 몬토루]","e_type":"NEW"},{"kbox_types":["Saint","Agent","Person","Cleric"],"st":421,"en_mention":371,"ancestor":"","eIdx":22,"st_mention":368,"en":427,"ne_type":"PERSON","keyword":"<안드레아>","e_type":"ELU"},{"kbox_types":["NULL"],"st":428,"en_mention":379,"ancestor":"2-21","eIdx":23,"st_mention":372,"en":437,"ne_type":"PERSON","keyword":"[프랑쿠 몬투루]","e_type":"NEW"},{"kbox_types":["NULL"],"st":438,"en_mention":384,"ancestor":"","eIdx":24,"st_mention":380,"en":444,"ne_type":"ETC","keyword":"<국제공항>","e_type":"ELU"},{"kbox_types":["PopulatedPlace","Place","Settlement","PopulatedPlace","Continent"],"st":453,"en_mention":398,"ancestor":"","eIdx":25,"st_mention":393,"en":460,"ne_type":"LOCATION","keyword":"[남아메리카]","e_type":"WIKILINK"},{"kbox_types":["NULL"],"st":467,"en_mention":410,"ancestor":"","eIdx":26,"st_mention":405,"en":474,"ne_type":"ETC","keyword":"[허브_공항]","e_type":"WIKILINK"},{"kbox_types":["Year","MusicalWork","TimePeriod","Work","Album"],"st":481,"en_mention":422,"ancestor":"","eIdx":27,"st_mention":417,"en":488,"ne_type":"TIME","keyword":"[2008년]","e_type":"WIKILINK"},{"kbox_types":["PopulatedPlace","Place","Settlement","PopulatedPlace","Continent"],"st":539,"en_mention":480,"ancestor":"","eIdx":28,"st_mention":473,"en":548,"ne_type":"LOCATION","keyword":"[라틴_아메리카]","e_type":"WIKILINK"},{"kbox_types":["Country","PopulatedPlace","PopulatedPlace","Place"],"st":598,"en_mention":532,"ancestor":"","eIdx":29,"st_mention":530,"en":602,"ne_type":"LOCATION","keyword":"[미국]","e_type":"WIKILINK"},{"kbox_types":["NULL"],"st":608,"en_mention":543,"ancestor":"","eIdx":30,"st_mention":538,"en":615,"ne_type":"ETC","keyword":"[포브스_지]","e_type":"WIKILINK"},{"kbox_types":["ArchitecturalStructure","Place","Infrastructure","Airport"],"st":753,"en_mention":693,"ancestor":"","eIdx":31,"st_mention":681,"en":767,"ne_type":"LOCATION","keyword":"[콩고냐스_상파울루_공항]","e_type":"WIKILINK"},{"kbox_types":["Country","PopulatedPlace","PopulatedPlace","Place"],"st":781,"en_mention":710,"ancestor":"2-6","eIdx":32,"st_mention":707,"en":786,"ne_type":"LOCATION","keyword":"[브라질]","e_type":"NEW"}],"wikiPageId":304026,"pIdx":2,"plainText":"개요 1985년 이전에 콩고냐스 상파울루 공항과 비라코푸스 캄피나스 국제공항이 상파울루의 관문 역할을 했다. 하지만 국제선을 담당했던 비라코푸스 캄피나스 국제공항이 확장이 어렵고 상파울루 도심과 100㎞ 정도로 매우 멀리 떨어진 문제가 있었다. 따라서 브라질 정부는 이러한 시설로는 증가하는 항공 교통량을 처리하기 어렵다고 판단해 상파울루 북동쪽의 구아룰류스에 있던 상파울루 공군 기지에 여객 시설을 건설해 1985년 1월 20일 국제공항으로 개항하였다. 이후 비라코푸스 공항의 국제선이 대부분 상파울루 구아룰류스로 이전해 구아룰류스 공항은 상파울루의 관문 공항으로 자리잡았다. 2001년 전 상파울루 주지사 안드레 프랑쿠 몬토루의 이름을 따서 정식 이름을 안드레 프랑쿠 몬투루 국제공항으로 개칭했다. 남아메리카의 대표적인 허브 공항의 하나로, 2008년 이용객수는 2,000만명에 달했고, 약 20만대의 비행기가 이착륙했다. 항공화물운송 실적 라틴 아메리카에서 2위, 세계에서 36위에 올랐다. 최근 수요 부족 현상을 겪고 있어 연착이 잦으며, 미국 경제잡지 포브스 지는 이 공항이 세계의 주요 공항 중에서 세 번째로 연착률이 높은 공항이라고 보도할 정도였다. 이에 당국은 대규모 확장 계획을 세우고 있다. 터미널은 2개, 활주로는 3개가 있으며, 세계 각지의 주요 도시로 연결되는 노선이 개설되어 있다. 국내선은 콩고냐스 상파울루 공항에 많지만, 이 공항에도 브라질 전국 주요 도시와 연결되는 노선이 개설되어 있다.","mentionTagged":"개요 [1985년] 이전에 [콩고냐스 상파울루 공항]과 [비라코푸스 캄피나스 국제공항]이 [상파울루]의 관문 역할을 했다. 하지만 국제선을 담당했던 [비라코푸스 캄피나스 국제공항]이 확장이 어렵고 [상파울루] 도심과 100㎞ 정도로 매우 멀리 떨어진 문제가 있었다. 따라서 [브라질] 정부는 이러한 시설로는 증가하는 항공 교통량을 처리하기 어렵다고 판단해 [상파울루] 북동쪽의 [구아룰류스]에 있던 [상파울루] 공군 기지에 여객 시설을 건설해 [1985년] [1월 20일] [국제공항]으로 개항하였다. 이후 [비라코푸스 공항]의 국제선이 대부분 [상파울루] [구아룰류스]로 이전해 [구아룰류스 공항]은 [상파울루]의 관문 공항으로 자리잡았다. [2001년] 전 [상파울루 주]지사 [안드레] [프랑쿠 몬토루]의 이름을 따서 정식 이름을 [안드레] [프랑쿠 몬투루] [국제공항]으로 개칭했다. [남아메리카]의 대표적인 [허브 공항]의 하나로, [2008년] 이용객수는 2,000만명에 달했고, 약 20만대의 비행기가 이착륙했다. 항공화물운송 실적 [라틴 아메리카]에서 2위, 세계에서 36위에 올랐다. 최근 수요 부족 현상을 겪고 있어 연착이 잦으며, [미국] 경제잡지 [포브스 지]는 이 공항이 세계의 주요 공항 중에서 세 번째로 연착률이 높은 공항이라고 보도할 정도였다. 이에 당국은 대규모 확장 계획을 세우고 있다. 터미널은 2개, 활주로는 3개가 있으며, 세계 각지의 주요 도시로 연결되는 노선이 개설되어 있다. 국내선은 [콩고냐스 상파울루 공항]에 많지만, 이 공항에도 [브라질] 전국 주요 도시와 연결되는 노선이 개설되어 있다."}