{"entityTagged":"[213년]에 태자가 되었고, [227년]에 왕위에 올랐다. 치세 초기에는 [오_(삼국)](吳)와 우호관계를 유지하였는데, [234년]에 [위_(삼국)](魏)와 화친한 이래 [236년]에는 오왕(吳王) [손권](孫權)의 사신 [호위](胡衛)를 처형하고 목을 위에 보내기도 하였다. 또한 [238년]에는 위가 [랴오둥_반도]의 [공손연](公孫淵)을 토벌하자 군사 1,000여 명을 보내 [위]를 도왔다.","globalSId":[436311,436312,436313],"entities":[{"kbox_types":["Year","TimePeriod"],"st":0,"en_mention":4,"ancestor":"","eIdx":0,"st_mention":0,"en":6,"ne_type":"TIME","keyword":"[213년]","e_type":"WIKILINK"},{"kbox_types":["Year","TimePeriod"],"st":17,"en_mention":19,"ancestor":"","eIdx":1,"st_mention":15,"en":23,"ne_type":"TIME","keyword":"[227년]","e_type":"WIKILINK"},{"kbox_types":["Country","PopulatedPlace","Place","PopulatedPlace"],"st":42,"en_mention":39,"ancestor":"","eIdx":2,"st_mention":38,"en":50,"ne_type":"LOCATION","keyword":"[오_(삼국)]","e_type":"WIKILINK"},{"kbox_types":["Year","TimePeriod"],"st":69,"en_mention":62,"ancestor":"","eIdx":3,"st_mention":58,"en":75,"ne_type":"TIME","keyword":"[234년]","e_type":"WIKILINK"},{"kbox_types":["Country","PopulatedPlace","Place","PopulatedPlace"],"st":77,"en_mention":65,"ancestor":"","eIdx":4,"st_mention":64,"en":85,"ne_type":"LOCATION","keyword":"[위_(삼국)]","e_type":"WIKILINK"},{"kbox_types":["Year","TimePeriod"],"st":97,"en_mention":81,"ancestor":"","eIdx":5,"st_mention":77,"en":103,"ne_type":"TIME","keyword":"[236년]","e_type":"WIKILINK"},{"kbox_types":["Actor","Monarch","Agent","Person","Artist"],"st":113,"en_mention":93,"ancestor":"","eIdx":6,"st_mention":91,"en":117,"ne_type":"PERSON","keyword":"[손권]","e_type":"WIKILINK"},{"kbox_types":["NULL"],"st":126,"en_mention":104,"ancestor":"-2","eIdx":7,"st_mention":102,"en":130,"ne_type":"PERSON","keyword":"[호위]","e_type":"NEW"},{"kbox_types":["Year","TimePeriod"],"st":160,"en_mention":138,"ancestor":"","eIdx":8,"st_mention":134,"en":166,"ne_type":"TIME","keyword":"[238년]","e_type":"WIKILINK"},{"kbox_types":["NULL"],"st":172,"en_mention":146,"ancestor":"","eIdx":9,"st_mention":144,"en":180,"ne_type":"ETC","keyword":"[랴오둥_반도]","e_type":"WIKILINK"},{"kbox_types":["Agent","Person"],"st":182,"en_mention":151,"ancestor":"","eIdx":10,"st_mention":148,"en":187,"ne_type":"PERSON","keyword":"[공손연]","e_type":"WIKILINK"},{"kbox_types":["NULL"],"st":215,"en_mention":180,"ancestor":"5-4","eIdx":11,"st_mention":179,"en":218,"ne_type":"ORGANIZATION","keyword":"[위]","e_type":"NEW"}],"wikiPageId":45937,"pIdx":5,"plainText":"213년에 태자가 되었고, 227년에 왕위에 올랐다. 치세 초기에는 오(吳)와 우호관계를 유지하였는데, 234년에 위(魏)와 화친한 이래 236년에는 오왕(吳王) 손권(孫權)의 사신 호위(胡衛)를 처형하고 목을 위에 보내기도 하였다. 또한 238년에는 위가 요동의 공손연(公孫淵)을 토벌하자 군사 1,000여 명을 보내 위를 도왔다.","mentionTagged":"[213년]에 태자가 되었고, [227년]에 왕위에 올랐다. 치세 초기에는 [오](吳)와 우호관계를 유지하였는데, [234년]에 [위](魏)와 화친한 이래 [236년]에는 오왕(吳王) [손권](孫權)의 사신 [호위](胡衛)를 처형하고 목을 위에 보내기도 하였다. 또한 [238년]에는 위가 [요동]의 [공손연](公孫淵)을 토벌하자 군사 1,000여 명을 보내 [위]를 도왔다."}