{"entityTagged":"[2013] 시즌 종료 후 [스벤예란_에릭손] 감독이 이끌던 [광저우_푸리]로 이적하였다. <광저우_시>에서 1시즌 반 동안 리그 34경기에 출전하여 1골을 기록하였다.","globalSId":[2651654,2651655],"entities":[{"kbox_types":["NULL"],"st":0,"en_mention":4,"ancestor":"-2","eIdx":0,"st_mention":0,"en":6,"ne_type":"TIME","keyword":"[2013]","e_type":"NEW"},{"kbox_types":["SoccerPlayer","SportsManager","Agent","Person","SoccerManager","Athlete"],"st":15,"en_mention":21,"ancestor":"","eIdx":1,"st_mention":13,"en":25,"ne_type":"PERSON","keyword":"[스벤예란_에릭손]","e_type":"WIKILINK"},{"kbox_types":["SoccerClub","Agent","SportsTeam","Organisation"],"st":34,"en_mention":36,"ancestor":"","eIdx":2,"st_mention":30,"en":42,"ne_type":"ORGANIZATION","keyword":"[광저우_푸리]","e_type":"WIKILINK"},{"kbox_types":["PopulatedPlace","Settlement","PopulatedPlace","City","Place"],"st":51,"en_mention":48,"ancestor":"","eIdx":3,"st_mention":45,"en":58,"ne_type":"LOCATION","keyword":"<광저우_시>","e_type":"ELU"}],"wikiPageId":721056,"pIdx":4,"plainText":"2013 시즌 종료 후 스벤예란 에릭손 감독이 이끌던 광저우 푸리로 이적하였다. 광저우에서 1시즌 반 동안 리그 34경기에 출전하여 1골을 기록하였다.","pronouns":[],"mentionTagged":"[2013] 시즌 종료 후 [스벤예란 에릭손] 감독이 이끌던 [광저우 푸리]로 이적하였다. [광저우]에서 1시즌 반 동안 리그 34경기에 출전하여 1골을 기록하였다."}