{"entityTagged":"[베스테로스 시]()는 [스웨덴] [베스트만란드_주]에 위치한 지방 자치체로 행정 중심지는 [베스테로스]([베스트만란드 주]의 주도)이며 면적은 1,137.835976㎢, 인구는 147,420명([2016년 12월 31일] 기준), 인구 밀도는 130명\/㎢이다..","globalSId":[3998122],"entities":[{"kbox_types":["NULL"],"st":0,"en_mention":7,"ancestor":"-2","eIdx":0,"st_mention":0,"en":9,"ne_type":"LOCATION","keyword":"[베스테로스 시]","e_type":"NEW"},{"kbox_types":["Country","PopulatedPlace","Settlement","PopulatedPlace","Place"],"st":13,"en_mention":14,"ancestor":"","eIdx":1,"st_mention":11,"en":18,"ne_type":"LOCATION","keyword":"[스웨덴]","e_type":"WIKILINK"},{"kbox_types":["PopulatedPlace","Settlement","PopulatedPlace","Place"],"st":19,"en_mention":23,"ancestor":"","eIdx":2,"st_mention":15,"en":29,"ne_type":"LOCATION","keyword":"[베스트만란드_주]","e_type":"WIKILINK"},{"kbox_types":["PopulatedPlace","Settlement","PopulatedPlace","Place"],"st":51,"en_mention":50,"ancestor":"","eIdx":3,"st_mention":45,"en":58,"ne_type":"LOCATION","keyword":"[베스테로스]","e_type":"WIKILINK"},{"kbox_types":["PopulatedPlace","Settlement","PopulatedPlace","Place"],"st":59,"en_mention":59,"ancestor":"1-2","eIdx":4,"st_mention":51,"en":69,"ne_type":"LOCATION","keyword":"[베스트만란드 주]","e_type":"NEW"},{"kbox_types":["NULL"],"st":109,"en_mention":112,"ancestor":"-2","eIdx":5,"st_mention":99,"en":124,"ne_type":"TIME","keyword":"[2016년 12월 31일]","e_type":"NEW"}],"wikiPageId":1767881,"pIdx":1,"plainText":"베스테로스 시()는 스웨덴 베스트만란드 주에 위치한 지방 자치체로 행정 중심지는 베스테로스(베스트만란드 주의 주도)이며 면적은 1,137.835976㎢, 인구는 147,420명(2016년 12월 31일 기준), 인구 밀도는 130명\/㎢이다..","pronouns":[],"mentionTagged":"[베스테로스 시]()는 [스웨덴] [베스트만란드 주]에 위치한 지방 자치체로 행정 중심지는 [베스테로스]([베스트만란드 주]의 주도)이며 면적은 1,137.835976㎢, 인구는 147,420명([2016년 12월 31일] 기준), 인구 밀도는 130명\/㎢이다.."}