{"entityTagged":"개요. [1988년] [8월_24일]에 시내버스 운송면허를 취득하여 설립했고 [대구광역시]의 시내버스 회사 중 역사가 제일 짧다. 원래 [수성구] [사월동] 400-9번지로 [사월역] 인근에 차고지가 있었고 이 때는 [한일운수_(대구)]와 같이 썼다. 그러나 [사월역] 인근 [사월동] 차고지 자리에 아파트가 들어서게 되면서 차고지를 [세진교통]이 있는 [경상북도] [경산시] 대평동으로 이전했다. [2004년]에 [세진교통]이 [동광버스자동차]를 완전히 합병했을 때 [동광버스자동차]의 일부 차량을 받아 회사 규모를 키웠다. [2006년]부터 노선별 전담제가 실시된 이후 [대구광역시]의 시내버스 회사 중 처음으로 노선 전담을 맞트레이드했다. [2008년] [12월_15일]에 [창성여객_(대구)]과 618번과 649번 노선 배차분을 맞트레이드했는데, 이는 [압량면 금구리]\/대곡지구([남도버스])까지 가는 공차 거리 때문이다.","globalSId":[1505607,1505608,1505609,1505610,1505611,1505612,1505613],"entities":[{"kbox_types":["Year","TimePeriod"],"st":4,"en_mention":8,"ancestor":"","eIdx":0,"st_mention":3,"en":11,"ne_type":"TIME","keyword":"[1988년]","e_type":"WIKILINK"},{"kbox_types":["NULL"],"st":12,"en_mention":15,"ancestor":"","eIdx":1,"st_mention":9,"en":20,"ne_type":"TIME","keyword":"[8월_24일]","e_type":"WIKILINK"},{"kbox_types":["PopulatedPlace","Place","Settlement","PopulatedPlace","City"],"st":43,"en_mention":43,"ancestor":"","eIdx":2,"st_mention":38,"en":50,"ne_type":"LOCATION","keyword":"[대구광역시]","e_type":"WIKILINK"},{"kbox_types":["PopulatedPlace","Settlement","PopulatedPlace","Place"],"st":76,"en_mention":72,"ancestor":"","eIdx":3,"st_mention":69,"en":81,"ne_type":"LOCATION","keyword":"[수성구]","e_type":"WIKILINK"},{"kbox_types":["NULL"],"st":82,"en_mention":76,"ancestor":"-1","eIdx":4,"st_mention":73,"en":87,"ne_type":"LOCATION","keyword":"[사월동]","e_type":"NEW"},{"kbox_types":["MetroStation","ArchitecturalStructure","Place","Station","Place","Infrastructure","RailwayStation"],"st":97,"en_mention":89,"ancestor":"","eIdx":5,"st_mention":86,"en":102,"ne_type":"LOCATION","keyword":"[사월역]","e_type":"WIKILINK"},{"kbox_types":["Company","Agent","Organisation"],"st":121,"en_mention":112,"ancestor":"","eIdx":6,"st_mention":108,"en":132,"ne_type":"ORGANIZATION","keyword":"[한일운수_(대구)]","e_type":"WIKILINK"},{"kbox_types":["MetroStation","ArchitecturalStructure","Place","Station","Place","Infrastructure","RailwayStation"],"st":145,"en_mention":128,"ancestor":"","eIdx":7,"st_mention":125,"en":150,"ne_type":"LOCATION","keyword":"[사월역]","e_type":"WIKILINK"},{"kbox_types":["NULL"],"st":154,"en_mention":135,"ancestor":"2-4","eIdx":8,"st_mention":132,"en":159,"ne_type":"LOCATION","keyword":"[사월동]","e_type":"NEW"},{"kbox_types":["Company","Agent","Organisation"],"st":187,"en_mention":167,"ancestor":"","eIdx":9,"st_mention":163,"en":193,"ne_type":"ORGANIZATION","keyword":"[세진교통]","e_type":"WIKILINK"},{"kbox_types":["PopulatedPlace","Settlement","PopulatedPlace","Place"],"st":198,"en_mention":176,"ancestor":"","eIdx":10,"st_mention":172,"en":204,"ne_type":"LOCATION","keyword":"[경상북도]","e_type":"WIKILINK"},{"kbox_types":["PopulatedPlace","Settlement","PopulatedPlace","City","Place"],"st":205,"en_mention":180,"ancestor":"","eIdx":11,"st_mention":177,"en":210,"ne_type":"LOCATION","keyword":"[경산시]","e_type":"WIKILINK"},{"kbox_types":["Year","TimePeriod"],"st":223,"en_mention":198,"ancestor":"","eIdx":12,"st_mention":193,"en":230,"ne_type":"TIME","keyword":"[2004년]","e_type":"WIKILINK"},{"kbox_types":["Company","Agent","Organisation"],"st":232,"en_mention":204,"ancestor":"","eIdx":13,"st_mention":200,"en":238,"ne_type":"ORGANIZATION","keyword":"[세진교통]","e_type":"WIKILINK"},{"kbox_types":["NULL"],"st":240,"en_mention":213,"ancestor":"","eIdx":14,"st_mention":206,"en":249,"ne_type":"ETC","keyword":"[동광버스자동차]","e_type":"WIKILINK"},{"kbox_types":["NULL"],"st":262,"en_mention":233,"ancestor":"","eIdx":15,"st_mention":226,"en":271,"ne_type":"ETC","keyword":"[동광버스자동차]","e_type":"WIKILINK"},{"kbox_types":["Year","TimePeriod"],"st":295,"en_mention":262,"ancestor":"","eIdx":16,"st_mention":257,"en":302,"ne_type":"TIME","keyword":"[2006년]","e_type":"WIKILINK"},{"kbox_types":["PopulatedPlace","Place","Settlement","PopulatedPlace","City"],"st":321,"en_mention":286,"ancestor":"","eIdx":17,"st_mention":281,"en":328,"ne_type":"LOCATION","keyword":"[대구광역시]","e_type":"WIKILINK"},{"kbox_types":["Year","MusicalWork","TimePeriod","Work","Album"],"st":361,"en_mention":324,"ancestor":"","eIdx":18,"st_mention":319,"en":368,"ne_type":"TIME","keyword":"[2008년]","e_type":"WIKILINK"},{"kbox_types":["NULL"],"st":369,"en_mention":332,"ancestor":"","eIdx":19,"st_mention":325,"en":378,"ne_type":"TIME","keyword":"[12월_15일]","e_type":"WIKILINK"},{"kbox_types":["Company","Agent","Organisation"],"st":380,"en_mention":338,"ancestor":"","eIdx":20,"st_mention":334,"en":391,"ne_type":"ORGANIZATION","keyword":"[창성여객_(대구)]","e_type":"WIKILINK"},{"kbox_types":["NULL"],"st":425,"en_mention":379,"ancestor":"-1","eIdx":21,"st_mention":372,"en":434,"ne_type":"LOCATION","keyword":"[압량면 금구리]","e_type":"NEW"},{"kbox_types":["Company","Agent","Organisation"],"st":440,"en_mention":389,"ancestor":"","eIdx":22,"st_mention":385,"en":446,"ne_type":"ORGANIZATION","keyword":"[남도버스]","e_type":"WIKILINK"}],"wikiPageId":266657,"pIdx":2,"plainText":"개요 1988년 8월 24일에 시내버스 운송면허를 취득하여 설립했고 대구광역시의 시내버스 회사 중 역사가 제일 짧다. 원래 수성구 사월동 400-9번지로 사월역 인근에 차고지가 있었고 이 때는 한일운수와 같이 썼다. 그러나 사월역 인근 사월동 차고지 자리에 아파트가 들어서게 되면서 차고지를 세진교통이 있는 경상북도 경산시 대평동으로 이전했다. 2004년에 세진교통이 동광버스자동차를 완전히 합병했을 때 동광버스자동차의 일부 차량을 받아 회사 규모를 키웠다. 2006년부터 노선별 전담제가 실시된 이후 대구광역시의 시내버스 회사 중 처음으로 노선 전담을 맞트레이드했다. 2008년 12월 15일에 창성여객과 618번과 649번 노선 배차분을 맞트레이드했는데, 이는 압량면 금구리\/대곡지구(남도버스)까지 가는 공차 거리 때문이다.","mentionTagged":"개요 [1988년] [8월 24일]에 시내버스 운송면허를 취득하여 설립했고 [대구광역시]의 시내버스 회사 중 역사가 제일 짧다. 원래 [수성구] [사월동] 400-9번지로 [사월역] 인근에 차고지가 있었고 이 때는 [한일운수]와 같이 썼다. 그러나 [사월역] 인근 [사월동] 차고지 자리에 아파트가 들어서게 되면서 차고지를 [세진교통]이 있는 [경상북도] [경산시] 대평동으로 이전했다. [2004년]에 [세진교통]이 [동광버스자동차]를 완전히 합병했을 때 [동광버스자동차]의 일부 차량을 받아 회사 규모를 키웠다. [2006년]부터 노선별 전담제가 실시된 이후 [대구광역시]의 시내버스 회사 중 처음으로 노선 전담을 맞트레이드했다. [2008년] [12월 15일]에 [창성여객]과 618번과 649번 노선 배차분을 맞트레이드했는데, 이는 [압량면 금구리]\/대곡지구([남도버스])까지 가는 공차 거리 때문이다."}