{"entityTagged":"<섬안큰다리>는 [경상북도] [포항시] [남구_(포항시)] [상도동]에서 [연일읍] [동문리]를 연결하는 총길이 450m, [형산강]의 다리이다. 주변에는 [포항_남구], [포항야구장], [포항시민운동장], [포항제철] 등이 있다.","globalSId":[2987513,2987514],"entities":[{"kbox_types":["NULL"],"st":0,"en_mention":5,"ancestor":"","eIdx":0,"st_mention":0,"en":7,"ne_type":"ETC","keyword":"<섬안큰다리>","e_type":"ELU"},{"kbox_types":["PopulatedPlace","Settlement","PopulatedPlace","Place"],"st":9,"en_mention":11,"ancestor":"","eIdx":1,"st_mention":7,"en":15,"ne_type":"LOCATION","keyword":"[경상북도]","e_type":"WIKILINK"},{"kbox_types":["PopulatedPlace","Place","Settlement","PopulatedPlace","City"],"st":16,"en_mention":15,"ancestor":"","eIdx":2,"st_mention":12,"en":21,"ne_type":"LOCATION","keyword":"[포항시]","e_type":"WIKILINK"},{"kbox_types":["PopulatedPlace","Settlement","PopulatedPlace","Place"],"st":22,"en_mention":18,"ancestor":"","eIdx":3,"st_mention":16,"en":32,"ne_type":"LOCATION","keyword":"[남구_(포항시)]","e_type":"WIKILINK"},{"kbox_types":["NULL"],"st":33,"en_mention":22,"ancestor":"","eIdx":4,"st_mention":19,"en":38,"ne_type":"ETC","keyword":"[상도동]","e_type":"WIKILINK"},{"kbox_types":["NULL"],"st":41,"en_mention":28,"ancestor":"","eIdx":5,"st_mention":25,"en":46,"ne_type":"ETC","keyword":"[연일읍]","e_type":"WIKILINK"},{"kbox_types":["NULL"],"st":47,"en_mention":32,"ancestor":"-2","eIdx":6,"st_mention":29,"en":52,"ne_type":"LOCATION","keyword":"[동문리]","e_type":"NEW"},{"kbox_types":["River","Place","BodyOfWater","Stream","NaturalPlace"],"st":69,"en_mention":52,"ancestor":"","eIdx":7,"st_mention":49,"en":74,"ne_type":"LOCATION","keyword":"[형산강]","e_type":"WIKILINK"},{"kbox_types":["NULL"],"st":87,"en_mention":68,"ancestor":"","eIdx":8,"st_mention":65,"en":94,"ne_type":"ETC","keyword":"[포항_남구]","e_type":"WIKILINK"},{"kbox_types":["ArchitecturalStructure","Stadium","Place","Place","SportFacility"],"st":96,"en_mention":75,"ancestor":"","eIdx":9,"st_mention":70,"en":103,"ne_type":"LOCATION","keyword":"[포항야구장]","e_type":"WIKILINK"},{"kbox_types":["NULL"],"st":105,"en_mention":84,"ancestor":"","eIdx":10,"st_mention":77,"en":114,"ne_type":"ETC","keyword":"[포항시민운동장]","e_type":"WIKILINK"},{"kbox_types":["SoccerClub","Agent","Organisation","SportsTeam"],"st":116,"en_mention":92,"ancestor":"","eIdx":11,"st_mention":86,"en":122,"ne_type":"ORGANIZATION","keyword":"[포항제철]","e_type":"WIKILINK"}],"wikiPageId":900216,"pIdx":1,"plainText":"섬안큰다리는 경상북도 포항시 남구 대도동에서 연일읍 동문리를 연결하는 총길이 450m, 형산강의 다리이다. 주변에는 남구청, 포항야구장, 포항시민운동장, 포항철강단지 등이 있다.","mentionTagged":"[섬안큰다리]는 [경상북도] [포항시] [남구] [대도동]에서 [연일읍] [동문리]를 연결하는 총길이 450m, [형산강]의 다리이다. 주변에는 [남구청], [포항야구장], [포항시민운동장], [포항철강단지] 등이 있다."}