{"entityTagged":"<알리에_주>()는 [프랑스] 중부에 위치한 [프랑스의_주]로, 주도는 [물랭]이며 면적은 7,340㎢, 인구는 343,114명([2007년] 기준), 인구밀도는 46.7명\/㎢이다..","globalSId":[2358457],"entities":[{"kbox_types":["PopulatedPlace","Settlement","PopulatedPlace","Place"],"st":0,"en_mention":5,"ancestor":"","eIdx":0,"st_mention":0,"en":7,"ne_type":"LOCATION","keyword":"<알리에_주>","e_type":"ELU"},{"kbox_types":["Country","PopulatedPlace","Settlement","PopulatedPlace","Place"],"st":11,"en_mention":12,"ancestor":"","eIdx":1,"st_mention":9,"en":16,"ne_type":"LOCATION","keyword":"[프랑스]","e_type":"WIKILINK"},{"kbox_types":["NULL"],"st":25,"en_mention":22,"ancestor":"","eIdx":2,"st_mention":21,"en":33,"ne_type":"ETC","keyword":"[프랑스의_주]","e_type":"WIKILINK"},{"kbox_types":["PopulatedPlace","Settlement","PopulatedPlace","Place"],"st":40,"en_mention":31,"ancestor":"","eIdx":3,"st_mention":29,"en":44,"ne_type":"LOCATION","keyword":"[물랭]","e_type":"WIKILINK"},{"kbox_types":["Year","MusicalWork","TimePeriod","Work","Album"],"st":72,"en_mention":64,"ancestor":"-1","eIdx":4,"st_mention":59,"en":79,"ne_type":"TIME","keyword":"[2007년]","e_type":"NEW"}],"wikiPageId":581698,"pIdx":1,"plainText":"알리에 주()는 프랑스 중부에 위치한 주로, 주도는 물랭이며 면적은 7,340㎢, 인구는 343,114명(2007년 기준), 인구밀도는 46.7명\/㎢이다..","pronouns":[],"mentionTagged":"[알리에 주]()는 [프랑스] 중부에 위치한 [주]로, 주도는 [물랭]이며 면적은 7,340㎢, 인구는 343,114명([2007년] 기준), 인구밀도는 46.7명\/㎢이다.."}