{"entityTagged":"<다카사키톤야마치_역>()은 [일본] [군마_현] [다카사키_시]에 있는, [동일본_여객철도]의 [철도역]이다. [조에쓰_선]이 지나가며, [아가쓰마_선], [료모_선] 열차들도 다닌다.","globalSId":[2966942,2966943],"entities":[{"kbox_types":["ArchitecturalStructure","Place","Station","Place","Infrastructure","RailwayStation"],"st":0,"en_mention":10,"ancestor":"","eIdx":0,"st_mention":0,"en":12,"ne_type":"LOCATION","keyword":"<다카사키톤야마치_역>","e_type":"ELU"},{"kbox_types":["Country","PopulatedPlace","PopulatedPlace","Place"],"st":16,"en_mention":16,"ancestor":"","eIdx":1,"st_mention":14,"en":20,"ne_type":"LOCATION","keyword":"[일본]","e_type":"WIKILINK"},{"kbox_types":["Region","PopulatedPlace","AdministrativeRegion","Place","AdministrativeRegion"],"st":21,"en_mention":21,"ancestor":"","eIdx":2,"st_mention":17,"en":27,"ne_type":"LOCATION","keyword":"[군마_현]","e_type":"WIKILINK"},{"kbox_types":["PopulatedPlace","Settlement","PopulatedPlace","City","Place"],"st":28,"en_mention":28,"ancestor":"","eIdx":3,"st_mention":22,"en":36,"ne_type":"LOCATION","keyword":"[다카사키_시]","e_type":"WIKILINK"},{"kbox_types":["Agent","Organisation","Company"],"st":42,"en_mention":42,"ancestor":"","eIdx":4,"st_mention":34,"en":52,"ne_type":"ORGANIZATION","keyword":"[동일본_여객철도]","e_type":"WIKILINK"},{"kbox_types":["NULL"],"st":54,"en_mention":47,"ancestor":"","eIdx":5,"st_mention":44,"en":59,"ne_type":"ETC","keyword":"[철도역]","e_type":"WIKILINK"},{"kbox_types":["ArchitecturalStructure","Place","RailwayLine","Place","RouteOfTransportation","Infrastructure"],"st":63,"en_mention":56,"ancestor":"","eIdx":6,"st_mention":51,"en":70,"ne_type":"LOCATION","keyword":"[조에쓰_선]","e_type":"WIKILINK"},{"kbox_types":["ArchitecturalStructure","Place","RailwayLine","Place","RouteOfTransportation","Infrastructure"],"st":78,"en_mention":70,"ancestor":"","eIdx":7,"st_mention":64,"en":86,"ne_type":"LOCATION","keyword":"[아가쓰마_선]","e_type":"WIKILINK"},{"kbox_types":["ArchitecturalStructure","Place","RailwayLine","Place","RouteOfTransportation","Infrastructure"],"st":88,"en_mention":76,"ancestor":"","eIdx":8,"st_mention":72,"en":94,"ne_type":"LOCATION","keyword":"[료모_선]","e_type":"WIKILINK"}],"wikiPageId":889217,"pIdx":1,"plainText":"다카사키톤야마치 역()은 일본 군마 현 다카사키 시에 있는, 동일본 여객철도의 철도역이다. 조에쓰 선이 지나가며, 아가쓰마 선, 료모 선 열차들도 다닌다.","mentionTagged":"[다카사키톤야마치 역]()은 [일본] [군마 현] [다카사키 시]에 있는, [동일본 여객철도]의 [철도역]이다. [조에쓰 선]이 지나가며, [아가쓰마 선], [료모 선] 열차들도 다닌다."}