{"entityTagged":"[2008-09 시즌]에는 [올랭피크_드_마르세유]에서 [프리미어리그]의 [선덜랜드_AFC]로 임대되어 있다가, [2009년] [6월_27일] [슈퍼리그_그리스] 최고 몸값인 2,000만 유로(추정치)로 [파나티나이코스_FC]로 이적하게 되었다.","globalSId":[1149227],"entities":[{"kbox_types":["NULL"],"st":0,"en_mention":10,"ancestor":"-2","eIdx":0,"st_mention":0,"en":12,"ne_type":"ETC","keyword":"[2008-09 시즌]","e_type":"NEW"},{"kbox_types":["SoccerClub","Agent","SportsTeam","Organisation"],"st":15,"en_mention":24,"ancestor":"","eIdx":1,"st_mention":13,"en":28,"ne_type":"ORGANIZATION","keyword":"[올랭피크_드_마르세유]","e_type":"WIKILINK"},{"kbox_types":["Agent","SportsLeague","Organisation","SoccerLeague"],"st":31,"en_mention":33,"ancestor":"","eIdx":2,"st_mention":27,"en":39,"ne_type":"ORGANIZATION","keyword":"[프리미어리그]","e_type":"WIKILINK"},{"kbox_types":["SoccerClub","Agent","SportsTeam","Organisation"],"st":41,"en_mention":39,"ancestor":"","eIdx":3,"st_mention":35,"en":51,"ne_type":"ORGANIZATION","keyword":"[선덜랜드_AFC]","e_type":"WIKILINK"},{"kbox_types":["Year","MusicalWork","TimePeriod","Work","Album"],"st":63,"en_mention":56,"ancestor":"","eIdx":4,"st_mention":51,"en":70,"ne_type":"TIME","keyword":"[2009년]","e_type":"WIKILINK"},{"kbox_types":["NULL"],"st":71,"en_mention":63,"ancestor":"","eIdx":5,"st_mention":57,"en":79,"ne_type":"TIME","keyword":"[6월_27일]","e_type":"WIKILINK"},{"kbox_types":["NULL"],"st":80,"en_mention":72,"ancestor":"","eIdx":6,"st_mention":64,"en":90,"ne_type":"ETC","keyword":"[슈퍼리그_그리스]","e_type":"WIKILINK"},{"kbox_types":["SoccerClub","Agent","SportsTeam","Organisation"],"st":114,"en_mention":103,"ancestor":"","eIdx":7,"st_mention":96,"en":126,"ne_type":"ORGANIZATION","keyword":"[파나티나이코스_FC]","e_type":"WIKILINK"}],"wikiPageId":175254,"pIdx":4,"plainText":"2008-09 시즌에는 올랭피크 드 마르세유에서 프리미어리그의 선덜랜드로 임대되어 있다가, 2009년 6월 27일 슈퍼리그 그리스 최고 몸값인 2,000만 유로(추정치)로 파나티나이코스로 이적하게 되었다.","pronouns":[],"mentionTagged":"[2008-09 시즌]에는 [올랭피크 드 마르세유]에서 [프리미어리그]의 [선덜랜드]로 임대되어 있다가, [2009년] [6월 27일] [슈퍼리그 그리스] 최고 몸값인 2,000만 유로(추정치)로 [파나티나이코스]로 이적하게 되었다."}