{"entityTagged":"<머독_대학교>은 [ACICS](Australian Consortium for 'In-Country' Indonesian Studies)라는 프로그램이 시작된 곳이기도 하다. 이 비영리 콘소시엄은 [인도네시아]의 [족자카르타]와 [말랑]에 소재한 파트너 대학들과 함께 [1994년] 설립되었으며, [머독 대학교] 학생들에게 한 학기 혹은 한 학기 이상의 [인도네시아] 지역 스터디 기회를 제공해 주고 있다.","globalSId":[842625,842626],"entities":[{"kbox_types":["University","Agent","EducationalInstitution","Organisation"],"st":0,"en_mention":5,"ancestor":"","eIdx":0,"st_mention":0,"en":8,"ne_type":"ORGANIZATION","keyword":"<머독_대학교>","e_type":"ELU"},{"kbox_types":["NULL"],"st":10,"en_mention":12,"ancestor":"-2","eIdx":1,"st_mention":7,"en":17,"ne_type":"ETC","keyword":"[ACICS]","e_type":"NEW"},{"kbox_types":["Country","PopulatedPlace","PopulatedPlace","Place"],"st":110,"en_mention":110,"ancestor":"","eIdx":2,"st_mention":105,"en":117,"ne_type":"LOCATION","keyword":"[인도네시아]","e_type":"WIKILINK"},{"kbox_types":["NULL"],"st":119,"en_mention":117,"ancestor":"","eIdx":3,"st_mention":112,"en":126,"ne_type":"ETC","keyword":"[족자카르타]","e_type":"WIKILINK"},{"kbox_types":["PopulatedPlace","Settlement","PopulatedPlace","City","Place"],"st":128,"en_mention":121,"ancestor":"","eIdx":4,"st_mention":119,"en":132,"ne_type":"LOCATION","keyword":"[말랑]","e_type":"WIKILINK"},{"kbox_types":["Year","MusicalWork","TimePeriod","Work","Album"],"st":150,"en_mention":144,"ancestor":"-2","eIdx":5,"st_mention":139,"en":157,"ne_type":"TIME","keyword":"[1994년]","e_type":"NEW"},{"kbox_types":["University","Agent","EducationalInstitution","Organisation"],"st":166,"en_mention":159,"ancestor":"8-0","eIdx":6,"st_mention":153,"en":174,"ne_type":"ORGANIZATION","keyword":"[머독 대학교]","e_type":"NEW"},{"kbox_types":["Country","PopulatedPlace","PopulatedPlace","Place"],"st":198,"en_mention":188,"ancestor":"8-2","eIdx":7,"st_mention":183,"en":205,"ne_type":"LOCATION","keyword":"[인도네시아]","e_type":"NEW"}],"wikiPageId":114399,"pIdx":8,"plainText":"머독 대학은 ACICS(Australian Consortium for 'In-Country' Indonesian Studies)라는 프로그램이 시작된 곳이기도 하다. 이 비영리 콘소시엄은 인도네시아의 족자카르타와 말랑에 소재한 파트너 대학들과 함께 1994년 설립되었으며, 머독 대학교 학생들에게 한 학기 혹은 한 학기 이상의 인도네시아 지역 스터디 기회를 제공해 주고 있다.","pronouns":[{"st":98,"ancestor":"-1","proIdx":0,"en":102,"cwStateCd":"FIXED","cwSelIdx":[],"type":"PRONOUN","keyword":"이 비영리"},{"st":98,"ancestor":"8-1","proIdx":1,"en":107,"cwStateCd":"FIXED","cwSelIdx":1,"type":"PRONOUN","keyword":"이 비영리 콘소시엄"},{"st":181,"ancestor":"-2","proIdx":2,"en":184,"cwStateCd":"FIXED","cwSelIdx":[],"type":"PRONOUN","keyword":"한 학기"},{"st":189,"ancestor":"-2","proIdx":3,"en":192,"cwStateCd":"FIXED","cwSelIdx":[],"type":"PRONOUN","keyword":"한 학기"},{"st":189,"ancestor":"-1","proIdx":4,"en":196,"cwStateCd":"FIXED","cwSelIdx":[],"type":"PRONOUN","keyword":"한 학기 이상의"},{"st":189,"ancestor":"-1","proIdx":5,"en":214,"cwStateCd":"FIXED","cwSelIdx":[],"type":"PRONOUN","keyword":"한 학기 이상의 [인도네시아] 지역 스터디 기회"}],"mentionTagged":"[머독 대학]은 [ACICS](Australian Consortium for 'In-Country' Indonesian Studies)라는 프로그램이 시작된 곳이기도 하다. 이 비영리 콘소시엄은 [인도네시아]의 [족자카르타]와 [말랑]에 소재한 파트너 대학들과 함께 [1994년] 설립되었으며, [머독 대학교] 학생들에게 한 학기 혹은 한 학기 이상의 [인도네시아] 지역 스터디 기회를 제공해 주고 있다."}