{"entityTagged":"<이한영>(李韓永, [1960년] [4월_2일] - [1997년] [2월_25일])은 [조선민주주의인민공화국]에서 탈북한 [대한민국]의 언론인이었다. <조선민주주의인민공화국> 국방위원장 [김정일]의 전처 [성혜림]의 조카였으며, [1982년] <모스크바>를 거쳐 <대한민국>으로 망명하였으나 <조선민주주의인민공화국>의 공작원에 의해 사살되었다. 본명은 <리일남_(정치인)>(李一男, )으로 귀순 이후 <이한영>으로 개명하였다.","globalSId":[2212481,2212482,2212483],"entities":[{"kbox_types":["Agent","Person"],"st":0,"en_mention":3,"ancestor":"","eIdx":0,"st_mention":0,"en":5,"ne_type":"PERSON","keyword":"<이한영>","e_type":"ELU"},{"kbox_types":["Year","TimePeriod"],"st":11,"en_mention":14,"ancestor":"","eIdx":1,"st_mention":9,"en":18,"ne_type":"TIME","keyword":"[1960년]","e_type":"WIKILINK"},{"kbox_types":["NULL"],"st":19,"en_mention":20,"ancestor":"","eIdx":2,"st_mention":15,"en":26,"ne_type":"TIME","keyword":"[4월_2일]","e_type":"WIKILINK"},{"kbox_types":["Year","MusicalWork","TimePeriod","Work","Album"],"st":29,"en_mention":28,"ancestor":"","eIdx":3,"st_mention":23,"en":36,"ne_type":"TIME","keyword":"[1997년]","e_type":"WIKILINK"},{"kbox_types":["NULL"],"st":37,"en_mention":35,"ancestor":"","eIdx":4,"st_mention":29,"en":45,"ne_type":"TIME","keyword":"[2월_25일]","e_type":"WIKILINK"},{"kbox_types":["Country","PopulatedPlace","PopulatedPlace","Place"],"st":48,"en_mention":49,"ancestor":"","eIdx":5,"st_mention":38,"en":61,"ne_type":"LOCATION","keyword":"[조선민주주의인민공화국]","e_type":"WIKILINK"},{"kbox_types":["Country","PopulatedPlace","PopulatedPlace","Place"],"st":68,"en_mention":60,"ancestor":"","eIdx":6,"st_mention":56,"en":74,"ne_type":"LOCATION","keyword":"[대한민국]","e_type":"WIKILINK"},{"kbox_types":["Country","PopulatedPlace","PopulatedPlace","Place"],"st":84,"en_mention":81,"ancestor":"","eIdx":7,"st_mention":70,"en":97,"ne_type":"LOCATION","keyword":"<조선민주주의인민공화국>","e_type":"ELU"},{"kbox_types":["Politician","Actor","Agent","Person","OfficeHolder","Artist","President"],"st":104,"en_mention":91,"ancestor":"","eIdx":8,"st_mention":88,"en":109,"ne_type":"PERSON","keyword":"[김정일]","e_type":"WIKILINK"},{"kbox_types":["Agent","Person"],"st":114,"en_mention":99,"ancestor":"","eIdx":9,"st_mention":96,"en":119,"ne_type":"PERSON","keyword":"[성혜림]","e_type":"WIKILINK"},{"kbox_types":["Year","TimePeriod"],"st":128,"en_mention":113,"ancestor":"-2","eIdx":10,"st_mention":108,"en":135,"ne_type":"TIME","keyword":"[1982년]","e_type":"NEW"},{"kbox_types":["Region","PopulatedPlace","AdministrativeRegion","Place","Settlement","City","AdministrativeRegion"],"st":136,"en_mention":118,"ancestor":"","eIdx":11,"st_mention":114,"en":142,"ne_type":"LOCATION","keyword":"<모스크바>","e_type":"ELU"},{"kbox_types":["Country","PopulatedPlace","PopulatedPlace","Place"],"st":147,"en_mention":127,"ancestor":"","eIdx":12,"st_mention":123,"en":153,"ne_type":"LOCATION","keyword":"<대한민국>","e_type":"ELU"},{"kbox_types":["Country","PopulatedPlace","PopulatedPlace","Place"],"st":163,"en_mention":148,"ancestor":"","eIdx":13,"st_mention":137,"en":176,"ne_type":"LOCATION","keyword":"<조선민주주의인민공화국>","e_type":"ELU"},{"kbox_types":["Agent","Person"],"st":197,"en_mention":172,"ancestor":"","eIdx":14,"st_mention":169,"en":208,"ne_type":"PERSON","keyword":"<리일남_(정치인)>","e_type":"ELU"},{"kbox_types":["Agent","Person"],"st":224,"en_mention":191,"ancestor":"","eIdx":15,"st_mention":188,"en":229,"ne_type":"PERSON","keyword":"<이한영>","e_type":"ELU"}],"wikiPageId":511908,"pIdx":1,"plainText":"이한영(李韓永, 1960년 4월 2일 - 1997년 2월 25일)은 조선민주주의인민공화국에서 탈북한 대한민국의 언론인이었다. 조선민주주의인민공화국 국방위원장 김정일의 전처 성혜림의 조카였으며, 1982년 모스크바를 거쳐 대한민국으로 망명하였으나 조선민주주의인민공화국의 공작원에 의해 사살되었다. 본명은 리일남(李一男, )으로 귀순 이후 이한영으로 개명하였다.","mentionTagged":"[이한영](李韓永, [1960년] [4월 2일] - [1997년] [2월 25일])은 [조선민주주의인민공화국]에서 탈북한 [대한민국]의 언론인이었다. [조선민주주의인민공화국] 국방위원장 [김정일]의 전처 [성혜림]의 조카였으며, [1982년] [모스크바]를 거쳐 [대한민국]으로 망명하였으나 [조선민주주의인민공화국]의 공작원에 의해 사살되었다. 본명은 [리일남](李一男, )으로 귀순 이후 [이한영]으로 개명하였다."}