{"entityTagged":"인구. [2004년] 총 인구는 206,528명이었고 이 중 90%인 185,884명이 농업 인구였고 10%인 20,644명이 비농업인구였다. 외지인의 수는 12000명이었다. [한족], [이족], [리수족], [먀오족], [후이족], [다이족] 등 21개 민족이 거주하고 <소수민족>의 비율은 33.6%이다.","globalSId":[1863084,1863085,1863086,1863087],"entities":[{"kbox_types":["Year","TimePeriod"],"st":4,"en_mention":8,"ancestor":"-2","eIdx":0,"st_mention":3,"en":11,"ne_type":"TIME","keyword":"[2004년]","e_type":"NEW"},{"kbox_types":["EthnicGroup"],"st":99,"en_mention":98,"ancestor":"","eIdx":1,"st_mention":96,"en":103,"ne_type":"ETC","keyword":"[한족]","e_type":"WIKILINK"},{"kbox_types":["EthnicGroup"],"st":105,"en_mention":102,"ancestor":"","eIdx":2,"st_mention":100,"en":109,"ne_type":"ETC","keyword":"[이족]","e_type":"WIKILINK"},{"kbox_types":["EthnicGroup"],"st":111,"en_mention":107,"ancestor":"","eIdx":3,"st_mention":104,"en":116,"ne_type":"ETC","keyword":"[리수족]","e_type":"WIKILINK"},{"kbox_types":["EthnicGroup"],"st":118,"en_mention":112,"ancestor":"","eIdx":4,"st_mention":109,"en":123,"ne_type":"ETC","keyword":"[먀오족]","e_type":"WIKILINK"},{"kbox_types":["EthnicGroup"],"st":125,"en_mention":117,"ancestor":"","eIdx":5,"st_mention":114,"en":130,"ne_type":"ETC","keyword":"[후이족]","e_type":"WIKILINK"},{"kbox_types":["EthnicGroup"],"st":132,"en_mention":122,"ancestor":"","eIdx":6,"st_mention":119,"en":137,"ne_type":"ETC","keyword":"[다이족]","e_type":"WIKILINK"},{"kbox_types":["EthnicGroup"],"st":153,"en_mention":142,"ancestor":"","eIdx":7,"st_mention":138,"en":159,"ne_type":"ETC","keyword":"<소수민족>","e_type":"ELU"}],"wikiPageId":367689,"pIdx":4,"plainText":"인구 2004년 총 인구는 206,528명이었고 이 중 90%인 185,884명이 농업 인구였고 10%인 20,644명이 비농업인구였다. 외지인의 수는 12000명이었다. 한족, 이족, 리수족, 먀오족, 후이족, 다이족 등 21개 민족이 거주하고 소수민족의 비율은 33.6%이다.","mentionTagged":"인구 [2004년] 총 인구는 206,528명이었고 이 중 90%인 185,884명이 농업 인구였고 10%인 20,644명이 비농업인구였다. 외지인의 수는 12000명이었다. [한족], [이족], [리수족], [먀오족], [후이족], [다이족] 등 21개 민족이 거주하고 [소수민족]의 비율은 33.6%이다."}