{"entityTagged":"[US 라티나 칼초](Unione Sportiva Latina Calcio)는 [이탈리아]의 축구 클럽으로, [라치오_주] [라티나]를 연고지로 한다.","globalSId":[3182751],"entities":[{"kbox_types":["SoccerClub","Agent","SportsTeam","Organisation"],"st":0,"en_mention":9,"ancestor":"-2","eIdx":0,"st_mention":0,"en":11,"ne_type":"ORGANIZATION","keyword":"[US 라티나 칼초]","e_type":"NEW"},{"kbox_types":["Country","PopulatedPlace","Settlement","PopulatedPlace","Place"],"st":44,"en_mention":46,"ancestor":"","eIdx":1,"st_mention":42,"en":50,"ne_type":"LOCATION","keyword":"[이탈리아]","e_type":"WIKILINK"},{"kbox_types":["Region","PopulatedPlace","AdministrativeRegion","Place","Settlement","AdministrativeRegion"],"st":61,"en_mention":62,"ancestor":"","eIdx":2,"st_mention":57,"en":68,"ne_type":"LOCATION","keyword":"[라치오_주]","e_type":"WIKILINK"},{"kbox_types":["PopulatedPlace","Place","Settlement","PopulatedPlace","City"],"st":69,"en_mention":66,"ancestor":"","eIdx":3,"st_mention":63,"en":74,"ne_type":"LOCATION","keyword":"[라티나]","e_type":"WIKILINK"}],"wikiPageId":1006061,"pIdx":1,"plainText":"US 라티나 칼초(Unione Sportiva Latina Calcio)는 이탈리아의 축구 클럽으로, 라치오 주 라티나를 연고지로 한다.","mentionTagged":"[US 라티나 칼초](Unione Sportiva Latina Calcio)는 [이탈리아]의 축구 클럽으로, [라치오 주] [라티나]를 연고지로 한다."}