{"entityTagged":"[프랑수아 1세]가 <스페인>에 감금되는 사태가 벌어지자 <프랑스>는 왕을 석방하기 위해 일련의 외교적 노력을 기울였다. 특히 [오스만_투르크]의 [쉴레이만_대제]와 전례없는 기독교-[무슬림] 동맹이 맺어지고, [쉴레이만 대제]가 [카를 5세]에게 최후 통첩을 보내게 되자 이는 기독교 세계에 큰 충격을 주었다. [쉴레이만 대제]는 이를 이용하여 1526년 여름, [합스브루크]의 동맹국인 [헝가리]를 침공하였고, 1526년 8월 [모하치_전투](Battle of Mohács)에서 [헝가리] 연합군을 완파하였다. 이러한 모든 노력에도 불구하고, <프랑수아_1세_(프랑스)>는 <이탈리아>, <플랑드르>, [브르고뉴]를 모두 포기한다는 [마드리드_조약]에 동의한 뒤에야 풀려날수 있었다.","globalSId":[883378,883379,883380,883381],"entities":[{"kbox_types":["NULL"],"st":0,"en_mention":7,"ancestor":"18-16","eIdx":0,"st_mention":0,"en":9,"ne_type":"PERSON","keyword":"[프랑수아 1세]","e_type":"NEW"},{"kbox_types":["Country","PopulatedPlace","Settlement","PopulatedPlace","Place"],"st":11,"en_mention":12,"ancestor":"","eIdx":1,"st_mention":9,"en":16,"ne_type":"LOCATION","keyword":"<스페인>","e_type":"ELU"},{"kbox_types":["Country","PopulatedPlace","Settlement","PopulatedPlace","Place"],"st":32,"en_mention":31,"ancestor":"","eIdx":2,"st_mention":28,"en":37,"ne_type":"LOCATION","keyword":"<프랑스>","e_type":"ELU"},{"kbox_types":["NULL"],"st":71,"en_mention":72,"ancestor":"","eIdx":3,"st_mention":65,"en":80,"ne_type":"ETC","keyword":"[오스만_투르크]","e_type":"WIKILINK"},{"kbox_types":["NULL"],"st":82,"en_mention":81,"ancestor":"","eIdx":4,"st_mention":74,"en":91,"ne_type":"ETC","keyword":"[쉴레이만_대제]","e_type":"WIKILINK"},{"kbox_types":["NULL"],"st":102,"en_mention":95,"ancestor":"-2","eIdx":5,"st_mention":92,"en":107,"ne_type":"ETC","keyword":"[무슬림]","e_type":"NEW"},{"kbox_types":["NULL"],"st":118,"en_mention":113,"ancestor":"19-4","eIdx":6,"st_mention":106,"en":127,"ne_type":"PERSON","keyword":"[쉴레이만 대제]","e_type":"NEW"},{"kbox_types":["Royalty","Monarch","BritishRoyalty","Agent","Person"],"st":129,"en_mention":120,"ancestor":"16-1","eIdx":7,"st_mention":115,"en":136,"ne_type":"PERSON","keyword":"[카를 5세]","e_type":"NEW"},{"kbox_types":["NULL"],"st":175,"en_mention":166,"ancestor":"19-4","eIdx":8,"st_mention":159,"en":184,"ne_type":"PERSON","keyword":"[쉴레이만 대제]","e_type":"NEW"},{"kbox_types":["NULL"],"st":204,"en_mention":191,"ancestor":"16-4","eIdx":9,"st_mention":186,"en":211,"ne_type":"LOCATION","keyword":"[합스브루크]","e_type":"NEW"},{"kbox_types":["Country","PopulatedPlace","PopulatedPlace","Place","Language"],"st":218,"en_mention":201,"ancestor":"","eIdx":10,"st_mention":198,"en":223,"ne_type":"LOCATION","keyword":"[헝가리]","e_type":"WIKILINK"},{"kbox_types":["MilitaryConflict","Event","SocietalEvent"],"st":241,"en_mention":225,"ancestor":"","eIdx":11,"st_mention":219,"en":249,"ne_type":"ETC","keyword":"[모하치_전투]","e_type":"WIKILINK"},{"kbox_types":["Country","PopulatedPlace","PopulatedPlace","Place","Language"],"st":270,"en_mention":249,"ancestor":"19-10","eIdx":12,"st_mention":246,"en":275,"ne_type":"LOCATION","keyword":"[헝가리]","e_type":"NEW"},{"kbox_types":["Royalty","Monarch","BritishRoyalty","Agent","Person"],"st":306,"en_mention":284,"ancestor":"","eIdx":13,"st_mention":280,"en":321,"ne_type":"PERSON","keyword":"<프랑수아_1세_(프랑스)>","e_type":"ELU"},{"kbox_types":["Country","PopulatedPlace","Settlement","PopulatedPlace","Place"],"st":323,"en_mention":290,"ancestor":"","eIdx":14,"st_mention":286,"en":329,"ne_type":"LOCATION","keyword":"<이탈리아>","e_type":"ELU"},{"kbox_types":["PopulatedPlace","Settlement","PopulatedPlace","Place"],"st":331,"en_mention":296,"ancestor":"","eIdx":15,"st_mention":292,"en":337,"ne_type":"LOCATION","keyword":"<플랑드르>","e_type":"ELU"},{"kbox_types":["NULL"],"st":339,"en_mention":302,"ancestor":"-2","eIdx":16,"st_mention":298,"en":345,"ne_type":"LOCATION","keyword":"[브르고뉴]","e_type":"NEW"},{"kbox_types":["NULL"],"st":356,"en_mention":320,"ancestor":"","eIdx":17,"st_mention":313,"en":365,"ne_type":"ETC","keyword":"[마드리드_조약]","e_type":"WIKILINK"}],"wikiPageId":120775,"pIdx":19,"plainText":"프랑수아 1세가 스페인에 감금되는 사태가 벌어지자 프랑스는 왕을 석방하기 위해 일련의 외교적 노력을 기울였다. 특히 오스만 투르크의 쉴레이만 대제와 전례없는 기독교-무슬림 동맹이 맺어지고, 쉴레이만 대제가 카를 5세에게 최후 통첩을 보내게 되자 이는 기독교 세계에 큰 충격을 주었다. 쉴레이만 대제는 이를 이용하여 1526년 여름, 합스브루크의 동맹국인 헝가리를 침공하였고, 1526년 8월 모하치 전투(Battle of Mohács)에서 헝가리 연합군을 완파하였다. 이러한 모든 노력에도 불구하고, 프랑수아는 이탈리아, 플랜더스, 브르고뉴를 모두 포기한다는 마드리드 조약에 동의한 뒤에야 풀려날수 있었다.","mentionTagged":"[프랑수아 1세]가 [스페인]에 감금되는 사태가 벌어지자 [프랑스]는 왕을 석방하기 위해 일련의 외교적 노력을 기울였다. 특히 [오스만 투르크]의 [쉴레이만 대제]와 전례없는 기독교-[무슬림] 동맹이 맺어지고, [쉴레이만 대제]가 [카를 5세]에게 최후 통첩을 보내게 되자 이는 기독교 세계에 큰 충격을 주었다. [쉴레이만 대제]는 이를 이용하여 1526년 여름, [합스브루크]의 동맹국인 [헝가리]를 침공하였고, 1526년 8월 [모하치 전투](Battle of Mohács)에서 [헝가리] 연합군을 완파하였다. 이러한 모든 노력에도 불구하고, [프랑수아]는 [이탈리아], [플랜더스], [브르고뉴]를 모두 포기한다는 [마드리드 조약]에 동의한 뒤에야 풀려날수 있었다."}