{"entityTagged":"<스타디오_아르테미오_프란키>(Stadio Artemio Franchi)는 [이탈리아] [토스카나_주]의 주도 [피렌체]에 위치한 축구 경기장이다. 수용인원은 47,290명이며 [ACF_피오렌티나]의 홈 경기장이다. [1990년_FIFA_월드컵]을 개최했던 경기장 중 하나이기도 하다.","globalSId":[1849754,1849755,1849756],"entities":[{"kbox_types":["ArchitecturalStructure","Stadium","Place","Place","SportFacility"],"st":0,"en_mention":14,"ancestor":"","eIdx":0,"st_mention":0,"en":16,"ne_type":"LOCATION","keyword":"<스타디오_아르테미오_프란키>","e_type":"ELU"},{"kbox_types":["Country","PopulatedPlace","Settlement","PopulatedPlace","Place"],"st":42,"en_mention":44,"ancestor":"","eIdx":1,"st_mention":40,"en":48,"ne_type":"LOCATION","keyword":"[이탈리아]","e_type":"WIKILINK"},{"kbox_types":["Region","PopulatedPlace","AdministrativeRegion","Place","AdministrativeRegion"],"st":49,"en_mention":51,"ancestor":"","eIdx":2,"st_mention":45,"en":57,"ne_type":"LOCATION","keyword":"[토스카나_주]","e_type":"WIKILINK"},{"kbox_types":["PopulatedPlace","Place","Settlement","PopulatedPlace","City"],"st":62,"en_mention":59,"ancestor":"","eIdx":3,"st_mention":56,"en":67,"ne_type":"LOCATION","keyword":"[피렌체]","e_type":"WIKILINK"},{"kbox_types":["SoccerClub","Agent","SportsTeam","Organisation"],"st":99,"en_mention":100,"ancestor":"","eIdx":4,"st_mention":91,"en":110,"ne_type":"ORGANIZATION","keyword":"[ACF_피오렌티나]","e_type":"WIKILINK"},{"kbox_types":["SoccerTournament","FootballMatch","Tournament","Event","SocietalEvent","SportsEvent"],"st":121,"en_mention":125,"ancestor":"","eIdx":5,"st_mention":111,"en":137,"ne_type":"ETC","keyword":"[1990년_FIFA_월드컵]","e_type":"WIKILINK"}],"wikiPageId":362254,"pIdx":1,"plainText":"스타디오 아르테미오 프란키(Stadio Artemio Franchi)는 이탈리아 토스카나 주의 주도 피렌체에 위치한 축구 경기장이다. 수용인원은 47,290명이며 ACF 피오렌티나의 홈 경기장이다. 1990년 FIFA 월드컵을 개최했던 경기장 중 하나이기도 하다.","pronouns":[],"mentionTagged":"[스타디오 아르테미오 프란키](Stadio Artemio Franchi)는 [이탈리아] [토스카나 주]의 주도 [피렌체]에 위치한 축구 경기장이다. 수용인원은 47,290명이며 [ACF 피오렌티나]의 홈 경기장이다. [1990년 FIFA 월드컵]을 개최했던 경기장 중 하나이기도 하다."}