{"entityTagged":"[알렉세이 세르게예비치 이오노프] (, Aleksei Sergeyevich Ionov, [1989년] [2월_18일], [킨기세프] ~) 는 [러시아]의 [축구] 선수로, 현재 [PFC_CSKA_모스크바]에서 [미드필더]로 활약하고 있다.","globalSId":[3461143],"entities":[{"kbox_types":["NULL"],"st":0,"en_mention":16,"ancestor":"-2","eIdx":0,"st_mention":0,"en":18,"ne_type":"PERSON","keyword":"[알렉세이 세르게예비치 이오노프]","e_type":"NEW"},{"kbox_types":["Year","TimePeriod"],"st":49,"en_mention":52,"ancestor":"","eIdx":1,"st_mention":47,"en":56,"ne_type":"TIME","keyword":"[1989년]","e_type":"WIKILINK"},{"kbox_types":["NULL"],"st":57,"en_mention":59,"ancestor":"","eIdx":2,"st_mention":53,"en":65,"ne_type":"TIME","keyword":"[2월_18일]","e_type":"WIKILINK"},{"kbox_types":["PopulatedPlace","Settlement","PopulatedPlace","City","Place"],"st":67,"en_mention":65,"ancestor":"","eIdx":3,"st_mention":61,"en":73,"ne_type":"LOCATION","keyword":"[킨기세프]","e_type":"WIKILINK"},{"kbox_types":["Country","PopulatedPlace","PopulatedPlace","Place"],"st":79,"en_mention":74,"ancestor":"","eIdx":4,"st_mention":71,"en":84,"ne_type":"LOCATION","keyword":"[러시아]","e_type":"WIKILINK"},{"kbox_types":["Activity","Sport"],"st":86,"en_mention":78,"ancestor":"","eIdx":5,"st_mention":76,"en":90,"ne_type":"ETC","keyword":"[축구]","e_type":"WIKILINK"},{"kbox_types":["SoccerClub","Agent","SportsTeam","Organisation"],"st":99,"en_mention":96,"ancestor":"","eIdx":6,"st_mention":87,"en":114,"ne_type":"ORGANIZATION","keyword":"[PFC_CSKA_모스크바]","e_type":"WIKILINK"},{"kbox_types":["NULL"],"st":117,"en_mention":103,"ancestor":"","eIdx":7,"st_mention":99,"en":123,"ne_type":"ETC","keyword":"[미드필더]","e_type":"WIKILINK"}],"wikiPageId":1220561,"pIdx":1,"plainText":"알렉세이 세르게예비치 이오노프 (, Aleksei Sergeyevich Ionov, 1989년 2월 18일, 킨기세프 ~) 는 러시아의 축구 선수로, 현재 CSKA 모스크바에서 미드필더로 활약하고 있다.","pronouns":[],"mentionTagged":"[알렉세이 세르게예비치 이오노프] (, Aleksei Sergeyevich Ionov, [1989년] [2월 18일], [킨기세프] ~) 는 [러시아]의 [축구] 선수로, 현재 [CSKA 모스크바]에서 [미드필더]로 활약하고 있다."}