{"entityTagged":"<존_웹스터>(John Webster, [1580년]? - [1634년]?)는 [영국] [엘리자베스_시대]의 극작가로 [윌리엄_셰익스피어]와 동시대에 활약했다.","globalSId":[2172550],"entities":[{"kbox_types":["Agent","Person"],"st":0,"en_mention":5,"ancestor":"","eIdx":0,"st_mention":0,"en":7,"ne_type":"PERSON","keyword":"<존_웹스터>","e_type":"ELU"},{"kbox_types":["Year","TimePeriod"],"st":22,"en_mention":25,"ancestor":"-2","eIdx":1,"st_mention":20,"en":29,"ne_type":"TIME","keyword":"[1580년]","e_type":"NEW"},{"kbox_types":["Year","TimePeriod"],"st":33,"en_mention":34,"ancestor":"-2","eIdx":2,"st_mention":29,"en":40,"ne_type":"TIME","keyword":"[1634년]","e_type":"NEW"},{"kbox_types":["Country","PopulatedPlace","PopulatedPlace","Place"],"st":44,"en_mention":40,"ancestor":"","eIdx":3,"st_mention":38,"en":48,"ne_type":"LOCATION","keyword":"[영국]","e_type":"WIKILINK"},{"kbox_types":["NULL"],"st":49,"en_mention":49,"ancestor":"","eIdx":4,"st_mention":41,"en":59,"ne_type":"ETC","keyword":"[엘리자베스_시대]","e_type":"WIKILINK"},{"kbox_types":["Actor","Writer","Agent","Person","Artist"],"st":66,"en_mention":65,"ancestor":"","eIdx":5,"st_mention":56,"en":77,"ne_type":"PERSON","keyword":"[윌리엄_셰익스피어]","e_type":"WIKILINK"}],"wikiPageId":497158,"pIdx":1,"plainText":"존 웹스터(John Webster, 1580년? - 1634년?)는 영국 엘리자베스 시대의 극작가로 윌리엄 셰익스피어와 동시대에 활약했다.","mentionTagged":"[존 웹스터](John Webster, [1580년]? - [1634년]?)는 [영국] [엘리자베스 시대]의 극작가로 [윌리엄 셰익스피어]와 동시대에 활약했다."}