{"entityTagged":"<발린프레다>()는 [이탈리아] [라치오_주] [로마_현]에 위치한 <코무네>다. [로마]로부터 북동쪽 45km 거리에 있다.","globalSId":[3239108,3239109],"entities":[{"kbox_types":["PopulatedPlace","Place","Settlement","PopulatedPlace"],"st":0,"en_mention":5,"ancestor":"","eIdx":0,"st_mention":0,"en":7,"ne_type":"LOCATION","keyword":"<발린프레다>","e_type":"ELU"},{"kbox_types":["Country","PopulatedPlace","Settlement","PopulatedPlace","Place"],"st":11,"en_mention":13,"ancestor":"","eIdx":1,"st_mention":9,"en":17,"ne_type":"LOCATION","keyword":"[이탈리아]","e_type":"WIKILINK"},{"kbox_types":["Region","PopulatedPlace","AdministrativeRegion","Place","Settlement","AdministrativeRegion"],"st":18,"en_mention":19,"ancestor":"","eIdx":2,"st_mention":14,"en":25,"ne_type":"LOCATION","keyword":"[라치오_주]","e_type":"WIKILINK"},{"kbox_types":["PopulatedPlace","Settlement","PopulatedPlace","Place"],"st":26,"en_mention":24,"ancestor":"","eIdx":3,"st_mention":20,"en":32,"ne_type":"LOCATION","keyword":"[로마_현]","e_type":"WIKILINK"},{"kbox_types":["NULL"],"st":38,"en_mention":33,"ancestor":"","eIdx":4,"st_mention":30,"en":43,"ne_type":"ETC","keyword":"<코무네>","e_type":"ELU"},{"kbox_types":["PopulatedPlace","Place","Settlement","PopulatedPlace"],"st":46,"en_mention":38,"ancestor":"","eIdx":5,"st_mention":36,"en":50,"ne_type":"LOCATION","keyword":"[로마]","e_type":"WIKILINK"}],"wikiPageId":1037927,"pIdx":1,"plainText":"발린프레다()는 이탈리아 라치오 주 로마 현에 위치한 코무네다. 로마로부터 북동쪽 45km 거리에 있다.","pronouns":[],"mentionTagged":"[발린프레다]()는 [이탈리아] [라치오 주] [로마 현]에 위치한 [코무네]다. [로마]로부터 북동쪽 45km 거리에 있다."}