{"entityTagged":"<말라얄람어>는 [인도]의 [케랄라_주]에서 사용되는 [공용어]이다.","globalSId":[548082],"entities":[{"kbox_types":["Language"],"st":0,"en_mention":5,"ancestor":"","eIdx":0,"st_mention":0,"en":7,"ne_type":"ETC","keyword":"<말라얄람어>","e_type":"ELU"},{"kbox_types":["Country","PopulatedPlace","PopulatedPlace","Place"],"st":9,"en_mention":9,"ancestor":"","eIdx":1,"st_mention":7,"en":13,"ne_type":"LOCATION","keyword":"[인도]","e_type":"WIKILINK"},{"kbox_types":["PopulatedPlace","Settlement","PopulatedPlace","Place"],"st":15,"en_mention":16,"ancestor":"","eIdx":2,"st_mention":11,"en":22,"ne_type":"LOCATION","keyword":"[케랄라_주]","e_type":"WIKILINK"},{"kbox_types":["NULL"],"st":30,"en_mention":27,"ancestor":"","eIdx":3,"st_mention":24,"en":35,"ne_type":"ETC","keyword":"[공용어]","e_type":"WIKILINK"}],"wikiPageId":66668,"pIdx":1,"plainText":"말라얄람어는 인도의 케랄라 주에서 사용되는 공용어이다.","pronouns":[],"mentionTagged":"[말라얄람어]는 [인도]의 [케랄라 주]에서 사용되는 [공용어]이다."}