{"entityTagged":"[제44전투단]()은 [제2차_세계_대전] 마지막 몇 개월 동안 활동했던 [루프트바페] 최정예 전투비행단이다. 전쟁을 거치면서 100기 이상의 격추수를 쌓은 에이스 파일럿들만을 모아 만든 본토 방위부대로, 공군 중장 [아돌프_갈란트]가 단장이었다. 결국 세계 공군 역사상 그때까지도 존재하지 않았고, 앞으로도 존재하지 않을 전설적인 슈퍼 에이스 부대가 탄생하게 된다. 이것이 바로 [JV-44]였다.","globalSId":[3765198,3765199,3765200,3765201],"entities":[{"kbox_types":["Agent","MilitaryUnit","Organisation"],"st":0,"en_mention":6,"ancestor":"-2","eIdx":0,"st_mention":0,"en":8,"ne_type":"ORGANIZATION","keyword":"[제44전투단]","e_type":"NEW"},{"kbox_types":["MilitaryConflict","Event","SocietalEvent"],"st":12,"en_mention":19,"ancestor":"","eIdx":1,"st_mention":10,"en":23,"ne_type":"ETC","keyword":"[제2차_세계_대전]","e_type":"WIKILINK"},{"kbox_types":["Agent","MilitaryUnit","Organisation"],"st":41,"en_mention":46,"ancestor":"","eIdx":2,"st_mention":37,"en":48,"ne_type":"ORGANIZATION","keyword":"[루프트바페]","e_type":"WIKILINK"},{"kbox_types":["Agent","Person","MilitaryPerson"],"st":121,"en_mention":126,"ancestor":"","eIdx":3,"st_mention":119,"en":130,"ne_type":"PERSON","keyword":"[아돌프_갈란트]","e_type":"WIKILINK"},{"kbox_types":["NULL"],"st":213,"en_mention":214,"ancestor":"-2","eIdx":4,"st_mention":209,"en":220,"ne_type":"ORGANIZATION","keyword":"[JV-44]","e_type":"NEW"}],"wikiPageId":1482281,"pIdx":1,"plainText":"제44전투단()은 제2차 세계 대전 마지막 몇 개월 동안 활동했던 독일 국방군 공군 최정예 전투비행단이다. 전쟁을 거치면서 100기 이상의 격추수를 쌓은 에이스 파일럿들만을 모아 만든 본토 방위부대로, 공군 중장 아돌프 갈란트가 단장이었다. 결국 세계 공군 역사상 그때까지도 존재하지 않았고, 앞으로도 존재하지 않을 전설적인 슈퍼 에이스 부대가 탄생하게 된다. 이것이 바로 JV-44였다.","mentionTagged":"[제44전투단]()은 [제2차 세계 대전] 마지막 몇 개월 동안 활동했던 [독일 국방군 공군] 최정예 전투비행단이다. 전쟁을 거치면서 100기 이상의 격추수를 쌓은 에이스 파일럿들만을 모아 만든 본토 방위부대로, 공군 중장 [아돌프 갈란트]가 단장이었다. 결국 세계 공군 역사상 그때까지도 존재하지 않았고, 앞으로도 존재하지 않을 전설적인 슈퍼 에이스 부대가 탄생하게 된다. 이것이 바로 [JV-44]였다."}