{"entityTagged":"생애. [앙투안느 데 그레몽]은 [프랑스] 남서부의 귀족집안에서 태어났다. 그의 아버지는 [그레몽] 공작 [앙투안느 2세]였고, 그의 어머니는 [앙투안느 데 로클로르] 장군의 딸 [루이즈 로클로르]였다. [그라몽]은 [리슐리외] 추기경의 전통적인 지지자였다. 그는 <리슐리외_추기경_아르망_장_뒤_플레시>가 왕보다 더 중요하다고 말해 논란을 빚기도 했다. [그라몽]은 [30년_전쟁]의 수많은 전쟁에 참전해 [1641년 9월 22일] [프랑스_육군_원수]로 진급했다. [1643년] 그는 공작 작위를 받았으며 그는 [1653년] 장관이 되어 [1657년] [신성_로마_제국]의 [제국_의회]의 특사로 파견되기도 했다. 그는 [루이_14세]와 [오스트리아의_마리_테레즈]의 혼담을 위해 [1660년] [스페인]에 파견되기도 했다. 이후 그는 [1678년] 사망했다. 그의 추모록은 (\"\"Mémoires du maréchal de Gramont\",\" Paris 1716) 그의 아들 [앙투안느 샤를 4세]에 의해 편찬되었다.","globalSId":[3790469,3790470,3790471,3790472,3790473,3790474,3790475,3790476,3790477,3790478],"entities":[{"kbox_types":["NULL"],"st":4,"en_mention":13,"ancestor":"-2","eIdx":0,"st_mention":3,"en":16,"ne_type":"PERSON","keyword":"[앙투안느 데 그레몽]","e_type":"NEW"},{"kbox_types":["Country","PopulatedPlace","Settlement","PopulatedPlace","Place"],"st":18,"en_mention":18,"ancestor":"-2","eIdx":1,"st_mention":15,"en":23,"ne_type":"LOCATION","keyword":"[프랑스]","e_type":"NEW"},{"kbox_types":["NULL"],"st":50,"en_mention":48,"ancestor":"-2","eIdx":2,"st_mention":45,"en":55,"ne_type":"PERSON","keyword":"[그레몽]","e_type":"NEW"},{"kbox_types":["NULL"],"st":59,"en_mention":59,"ancestor":"-2","eIdx":3,"st_mention":52,"en":68,"ne_type":"PERSON","keyword":"[앙투안느 2세]","e_type":"NEW"},{"kbox_types":["NULL"],"st":80,"en_mention":82,"ancestor":"-2","eIdx":4,"st_mention":71,"en":93,"ne_type":"PERSON","keyword":"[앙투안느 데 로클로르]","e_type":"NEW"},{"kbox_types":["NULL"],"st":100,"en_mention":97,"ancestor":"-2","eIdx":5,"st_mention":89,"en":110,"ne_type":"PERSON","keyword":"[루이즈 로클로르]","e_type":"NEW"},{"kbox_types":["NULL"],"st":114,"en_mention":104,"ancestor":"2-0","eIdx":6,"st_mention":101,"en":119,"ne_type":"PERSON","keyword":"[그라몽]","e_type":"NEW"},{"kbox_types":["NULL"],"st":121,"en_mention":110,"ancestor":"","eIdx":7,"st_mention":106,"en":127,"ne_type":"ETC","keyword":"[리슐리외]","e_type":"WIKILINK"},{"kbox_types":["Agent","Person","Cardinal","Cleric"],"st":148,"en_mention":135,"ancestor":"","eIdx":8,"st_mention":131,"en":170,"ne_type":"PERSON","keyword":"<리슐리외_추기경_아르망_장_뒤_플레시>","e_type":"ELU"},{"kbox_types":["NULL"],"st":199,"en_mention":167,"ancestor":"2-6","eIdx":9,"st_mention":164,"en":204,"ne_type":"PERSON","keyword":"[그라몽]","e_type":"NEW"},{"kbox_types":["MilitaryConflict","Event","SocietalEvent"],"st":206,"en_mention":175,"ancestor":"","eIdx":10,"st_mention":169,"en":214,"ne_type":"ETC","keyword":"[30년_전쟁]","e_type":"WIKILINK"},{"kbox_types":["NULL"],"st":228,"en_mention":201,"ancestor":"-2","eIdx":11,"st_mention":189,"en":242,"ne_type":"TIME","keyword":"[1641년 9월 22일]","e_type":"NEW"},{"kbox_types":["NULL"],"st":243,"en_mention":211,"ancestor":"","eIdx":12,"st_mention":202,"en":254,"ne_type":"ETC","keyword":"[프랑스_육군_원수]","e_type":"WIKILINK"},{"kbox_types":["Year","TimePeriod"],"st":262,"en_mention":224,"ancestor":"-2","eIdx":13,"st_mention":219,"en":269,"ne_type":"TIME","keyword":"[1643년]","e_type":"NEW"},{"kbox_types":["Year","TimePeriod"],"st":288,"en_mention":248,"ancestor":"-2","eIdx":14,"st_mention":243,"en":295,"ne_type":"TIME","keyword":"[1653년]","e_type":"NEW"},{"kbox_types":["Year","TimePeriod"],"st":303,"en_mention":261,"ancestor":"-2","eIdx":15,"st_mention":256,"en":310,"ne_type":"TIME","keyword":"[1657년]","e_type":"NEW"},{"kbox_types":["Country","PopulatedPlace","PopulatedPlace","Place"],"st":311,"en_mention":270,"ancestor":"","eIdx":16,"st_mention":262,"en":321,"ne_type":"LOCATION","keyword":"[신성_로마_제국]","e_type":"WIKILINK"},{"kbox_types":["NULL"],"st":323,"en_mention":277,"ancestor":"","eIdx":17,"st_mention":272,"en":330,"ne_type":"ETC","keyword":"[제국_의회]","e_type":"WIKILINK"},{"kbox_types":["Royalty","Monarch","BritishRoyalty","Agent","Person"],"st":349,"en_mention":302,"ancestor":"","eIdx":18,"st_mention":296,"en":357,"ne_type":"PERSON","keyword":"[루이_14세]","e_type":"WIKILINK"},{"kbox_types":["Royalty","BritishRoyalty","Agent","Person"],"st":359,"en_mention":317,"ancestor":"","eIdx":19,"st_mention":304,"en":374,"ne_type":"PERSON","keyword":"[오스트리아의_마리_테레즈]","e_type":"WIKILINK"},{"kbox_types":["Year","Agent","EducationalInstitution","TimePeriod","Organisation","University"],"st":383,"en_mention":331,"ancestor":"-2","eIdx":20,"st_mention":326,"en":390,"ne_type":"TIME","keyword":"[1660년]","e_type":"NEW"},{"kbox_types":["Country","PopulatedPlace","Settlement","PopulatedPlace","Place"],"st":391,"en_mention":335,"ancestor":"","eIdx":21,"st_mention":332,"en":396,"ne_type":"LOCATION","keyword":"[스페인]","e_type":"WIKILINK"},{"kbox_types":["Year","TimePeriod"],"st":414,"en_mention":358,"ancestor":"-2","eIdx":22,"st_mention":353,"en":421,"ne_type":"TIME","keyword":"[1678년]","e_type":"NEW"},{"kbox_types":["NULL"],"st":492,"en_mention":439,"ancestor":"-2","eIdx":23,"st_mention":429,"en":504,"ne_type":"PERSON","keyword":"[앙투안느 샤를 4세]","e_type":"NEW"}],"wikiPageId":1505920,"pIdx":2,"plainText":"생애 앙투안느 데 그레몽은 프랑스 남서부의 귀족집안에서 태어났다. 그의 아버지는 그레몽 공작 앙투안느 2세였고, 그의 어머니는 앙투안느 데 로클로르 장군의 딸 루이즈 로클로르였다. 그라몽은 리슐리외 추기경의 전통적인 지지자였다. 그는 리슐리외가 왕보다 더 중요하다고 말해 논란을 빚기도 했다. 그라몽은 30년 전쟁의 수많은 전쟁에 참전해 1641년 9월 22일 프랑스 육군 원수로 진급했다. 1643년 그는 공작 작위를 받았으며 그는 1653년 장관이 되어 1657년 신성 로마 제국의 제국 의회의 특사로 파견되기도 했다. 그는 루이 14세와 오스트리아의 마리 테레즈의 혼담을 위해 1660년 스페인에 파견되기도 했다. 이후 그는 1678년 사망했다. 그의 추모록은 (\"\"Mémoires du maréchal de Gramont\",\" Paris 1716) 그의 아들 앙투안느 샤를 4세에 의해 편찬되었다.","pronouns":[{"st":42,"ancestor":"2-0","proIdx":0,"en":42,"cwStateCd":"FIXED","cwSelIdx":1,"type":"PRONOUN","keyword":"그"},{"st":42,"ancestor":"-1","proIdx":1,"en":48,"cwStateCd":"FIXED","cwSelIdx":[],"type":"PRONOUN","keyword":"그의 아버지는"},{"st":72,"ancestor":"2-0","proIdx":2,"en":72,"cwStateCd":"FIXED","cwSelIdx":1,"type":"PRONOUN","keyword":"그"},{"st":72,"ancestor":"-1","proIdx":3,"en":78,"cwStateCd":"FIXED","cwSelIdx":[],"type":"PRONOUN","keyword":"그의 어머니는"},{"st":145,"ancestor":"2-6","proIdx":4,"en":145,"cwStateCd":"FIXED","cwSelIdx":17,"type":"PRONOUN","keyword":"그"},{"st":270,"ancestor":"2-6","proIdx":5,"en":270,"cwStateCd":"FIXED","cwSelIdx":17,"type":"PRONOUN","keyword":"그"},{"st":285,"ancestor":"2-6","proIdx":6,"en":285,"cwStateCd":"FIXED","cwSelIdx":17,"type":"PRONOUN","keyword":"그"},{"st":346,"ancestor":"2-6","proIdx":7,"en":346,"cwStateCd":"FIXED","cwSelIdx":17,"type":"PRONOUN","keyword":"그"},{"st":411,"ancestor":"2-6","proIdx":8,"en":411,"cwStateCd":"FIXED","cwSelIdx":17,"type":"PRONOUN","keyword":"그"},{"st":428,"ancestor":"2-6","proIdx":9,"en":428,"cwStateCd":"FIXED","cwSelIdx":17,"type":"PRONOUN","keyword":"그"},{"st":428,"ancestor":"-1","proIdx":10,"en":434,"cwStateCd":"FIXED","cwSelIdx":[],"type":"PRONOUN","keyword":"그의 추모록은"},{"st":486,"ancestor":"2-6","proIdx":11,"en":486,"cwStateCd":"FIXED","cwSelIdx":17,"type":"PRONOUN","keyword":"그"},{"st":486,"ancestor":"-1","proIdx":12,"en":490,"cwStateCd":"FIXED","cwSelIdx":[],"type":"PRONOUN","keyword":"그의 아들"},{"st":486,"ancestor":"-1","proIdx":13,"en":504,"cwStateCd":"FIXED","cwSelIdx":[],"type":"PRONOUN","keyword":"그의 아들 [앙투안느_샤를_4세]에"}],"mentionTagged":"생애 [앙투안느 데 그레몽]은 [프랑스] 남서부의 귀족집안에서 태어났다. 그의 아버지는 [그레몽] 공작 [앙투안느 2세]였고, 그의 어머니는 [앙투안느 데 로클로르] 장군의 딸 [루이즈 로클로르]였다. [그라몽]은 [리슐리외] 추기경의 전통적인 지지자였다. 그는 [리슐리외]가 왕보다 더 중요하다고 말해 논란을 빚기도 했다. [그라몽]은 [30년 전쟁]의 수많은 전쟁에 참전해 [1641년 9월 22일] [프랑스 육군 원수]로 진급했다. [1643년] 그는 공작 작위를 받았으며 그는 [1653년] 장관이 되어 [1657년] [신성 로마 제국]의 [제국 의회]의 특사로 파견되기도 했다. 그는 [루이 14세]와 [오스트리아의 마리 테레즈]의 혼담을 위해 [1660년] [스페인]에 파견되기도 했다. 이후 그는 [1678년] 사망했다. 그의 추모록은 (\"\"Mémoires du maréchal de Gramont\",\" Paris 1716) 그의 아들 [앙투안느 샤를 4세]에 의해 편찬되었다."}