{"entityTagged":"[아그파포토 홀딩] <유한회사>. [아그파포토 홀딩 회사](AgfaPhoto Holding GmbH)는 [독일] [쾰른]과 [레버쿠젠]에 본사를 두고 있으며, 소비자 이미징 분야에서 국제적 활동을 하고 있다.","globalSId":[2867731,2867732],"entities":[{"kbox_types":["NULL"],"st":0,"en_mention":8,"ancestor":"1-0","eIdx":0,"st_mention":0,"en":10,"ne_type":"ORGANIZATION","keyword":"[아그파포토 홀딩]","e_type":"NEW"},{"kbox_types":["Company","Agent","Organisation"],"st":11,"en_mention":13,"ancestor":"","eIdx":1,"st_mention":9,"en":17,"ne_type":"ORGANIZATION","keyword":"<유한회사>","e_type":"ELU"},{"kbox_types":["NULL"],"st":19,"en_mention":25,"ancestor":"3-0","eIdx":2,"st_mention":14,"en":32,"ne_type":"ORGANIZATION","keyword":"[아그파포토 홀딩 회사]","e_type":"NEW"},{"kbox_types":["Country","PopulatedPlace","Settlement","PopulatedPlace","Place"],"st":58,"en_mention":53,"ancestor":"","eIdx":3,"st_mention":51,"en":62,"ne_type":"LOCATION","keyword":"[독일]","e_type":"WIKILINK"},{"kbox_types":["PopulatedPlace","Place","Settlement","PopulatedPlace","City"],"st":63,"en_mention":56,"ancestor":"","eIdx":4,"st_mention":54,"en":67,"ne_type":"LOCATION","keyword":"[쾰른]","e_type":"WIKILINK"},{"kbox_types":["PopulatedPlace","Settlement","PopulatedPlace","City","Place"],"st":69,"en_mention":62,"ancestor":"","eIdx":5,"st_mention":58,"en":75,"ne_type":"LOCATION","keyword":"[레버쿠젠]","e_type":"WIKILINK"}],"wikiPageId":829286,"pIdx":3,"plainText":"아그파포토 홀딩 유한회사 아그파포토 홀딩 회사(AgfaPhoto Holding GmbH)는 독일 쾰른과 레버쿠젠에 본사를 두고 있으며, 소비자 이미징 분야에서 국제적 활동을 하고 있다.","mentionTagged":"[아그파포토 홀딩] [유한회사] [아그파포토 홀딩 회사](AgfaPhoto Holding GmbH)는 [독일] [쾰른]과 [레버쿠젠]에 본사를 두고 있으며, 소비자 이미징 분야에서 국제적 활동을 하고 있다."}