{"entityTagged":"<폴란드계_미국인>(Polish Americans)은 [폴란드인] 계통의 [미국인]을 말한다. 대략 천만명의 <폴란드계_미국인>이 살고 있으며, [미국] 인구에서 약 3.2%를 차지한다. 그들의 정착은 [미국]의 [식민지] 시절부터 시작되었고 [카지미에시_푸와스키]와 [타데우시_코시치우슈코] 같은 인물들은 [미국_독립_전쟁]에 공을 세웠다. [1795년]과 [1917년] 사이에 <폴란드>가 [러시아], [오스트리아], [프로이센]에 의하여 분할되는 시기부터 자신들의 주권을 얻을 때까지 수많은 [폴란드] 이민들이 [미국]으로 들어왔다.","globalSId":[2846240,2846241,2846242,2846243],"entities":[{"kbox_types":["EthnicGroup"],"st":0,"en_mention":8,"ancestor":"","eIdx":0,"st_mention":0,"en":10,"ne_type":"ETC","keyword":"<폴란드계_미국인>","e_type":"ELU"},{"kbox_types":["EthnicGroup"],"st":30,"en_mention":32,"ancestor":"","eIdx":1,"st_mention":28,"en":36,"ne_type":"ETC","keyword":"[폴란드인]","e_type":"WIKILINK"},{"kbox_types":["Film","Work","EthnicGroup"],"st":41,"en_mention":40,"ancestor":"","eIdx":2,"st_mention":37,"en":46,"ne_type":"ETC","keyword":"[미국인]","e_type":"WIKILINK"},{"kbox_types":["EthnicGroup"],"st":61,"en_mention":63,"ancestor":"","eIdx":3,"st_mention":55,"en":71,"ne_type":"ETC","keyword":"<폴란드계_미국인>","e_type":"ELU"},{"kbox_types":["Country","PopulatedPlace","PopulatedPlace","Place"],"st":81,"en_mention":75,"ancestor":"","eIdx":4,"st_mention":73,"en":85,"ne_type":"LOCATION","keyword":"[미국]","e_type":"WIKILINK"},{"kbox_types":["Country","PopulatedPlace","PopulatedPlace","Place"],"st":113,"en_mention":105,"ancestor":"1-4","eIdx":5,"st_mention":103,"en":117,"ne_type":"ORGANIZATION","keyword":"[미국]","e_type":"NEW"},{"kbox_types":["Place","PopulatedPlace","Settlement"],"st":119,"en_mention":110,"ancestor":"","eIdx":6,"st_mention":107,"en":124,"ne_type":"LOCATION","keyword":"[식민지]","e_type":"WIKILINK"},{"kbox_types":["Agent","Person","MilitaryPerson"],"st":136,"en_mention":132,"ancestor":"","eIdx":7,"st_mention":122,"en":148,"ne_type":"PERSON","keyword":"[카지미에시_푸와스키]","e_type":"WIKILINK"},{"kbox_types":["Agent","Person","MilitaryPerson"],"st":150,"en_mention":145,"ancestor":"","eIdx":8,"st_mention":134,"en":163,"ne_type":"PERSON","keyword":"[타데우시_코시치우슈코]","e_type":"WIKILINK"},{"kbox_types":["MilitaryConflict","Event","SocietalEvent"],"st":172,"en_mention":162,"ancestor":"","eIdx":9,"st_mention":154,"en":182,"ne_type":"ETC","keyword":"[미국_독립_전쟁]","e_type":"WIKILINK"},{"kbox_types":["Year","TimePeriod"],"st":192,"en_mention":177,"ancestor":"","eIdx":10,"st_mention":172,"en":199,"ne_type":"TIME","keyword":"[1795년]","e_type":"WIKILINK"},{"kbox_types":["Year","TimePeriod"],"st":201,"en_mention":184,"ancestor":"","eIdx":11,"st_mention":179,"en":208,"ne_type":"TIME","keyword":"[1917년]","e_type":"WIKILINK"},{"kbox_types":["Country","PopulatedPlace","PopulatedPlace","Place"],"st":213,"en_mention":192,"ancestor":"","eIdx":12,"st_mention":189,"en":218,"ne_type":"LOCATION","keyword":"<폴란드>","e_type":"ELU"},{"kbox_types":["Country","PopulatedPlace","PopulatedPlace","Place"],"st":220,"en_mention":197,"ancestor":"","eIdx":13,"st_mention":194,"en":225,"ne_type":"LOCATION","keyword":"[러시아]","e_type":"WIKILINK"},{"kbox_types":["Country","PopulatedPlace","PopulatedPlace","Place"],"st":227,"en_mention":204,"ancestor":"","eIdx":14,"st_mention":199,"en":234,"ne_type":"LOCATION","keyword":"[오스트리아]","e_type":"WIKILINK"},{"kbox_types":["Country","PopulatedPlace","PopulatedPlace","Place"],"st":236,"en_mention":210,"ancestor":"","eIdx":15,"st_mention":206,"en":242,"ne_type":"LOCATION","keyword":"[프로이센]","e_type":"WIKILINK"},{"kbox_types":["Country","PopulatedPlace","PopulatedPlace","Place"],"st":278,"en_mention":249,"ancestor":"1-12","eIdx":16,"st_mention":246,"en":283,"ne_type":"LOCATION","keyword":"[폴란드]","e_type":"NEW"},{"kbox_types":["Country","PopulatedPlace","PopulatedPlace","Place"],"st":289,"en_mention":257,"ancestor":"1-5","eIdx":17,"st_mention":255,"en":293,"ne_type":"LOCATION","keyword":"[미국]","e_type":"NEW"}],"wikiPageId":816885,"pIdx":1,"plainText":"폴란드계 미국인(Polish Americans)은 폴란드인 계통의 미국인을 말한다. 대략 천만명의 폴란드계 미국인이 살고 있으며, 미국 인구에서 약 3.2%를 차지한다. 그들의 정착은 미국의 식민지 시절부터 시작되었고 카지미에시 푸와스키와 타데우시 코시치우슈코 같은 인물들은 미국 독립 전쟁에 공을 세웠다. 1795년과 1917년 사이에 폴란드가 러시아, 오스트리아, 프로이센에 의하여 분할되는 시기부터 자신들의 주권을 얻을 때까지 수많은 폴란드 이민들이 미국으로 들어왔다.","pronouns":[{"st":105,"ancestor":"-2","proIdx":0,"en":107,"cwStateCd":"FIXED","cwSelIdx":[],"type":"PRONOUN","keyword":"그들의"},{"st":105,"ancestor":"-1","proIdx":1,"en":111,"cwStateCd":"FIXED","cwSelIdx":[],"type":"PRONOUN","keyword":"그들의 정착은"},{"st":184,"ancestor":"-1","proIdx":2,"en":185,"cwStateCd":"FIXED","cwSelIdx":[],"type":"PRONOUN","keyword":"공을"},{"st":258,"ancestor":"-2","proIdx":3,"en":261,"cwStateCd":"FIXED","cwSelIdx":[],"type":"PRONOUN","keyword":"자신들의"},{"st":258,"ancestor":"-1","proIdx":4,"en":265,"cwStateCd":"FIXED","cwSelIdx":[],"type":"PRONOUN","keyword":"자신들의 주권을"},{"st":258,"ancestor":"-1","proIdx":5,"en":272,"cwStateCd":"FIXED","cwSelIdx":[],"type":"PRONOUN","keyword":"자신들의 주권을 얻을 때까지"}],"mentionTagged":"[폴란드계 미국인](Polish Americans)은 [폴란드인] 계통의 [미국인]을 말한다. 대략 천만명의 [폴란드계 미국인]이 살고 있으며, [미국] 인구에서 약 3.2%를 차지한다. 그들의 정착은 [미국]의 [식민지] 시절부터 시작되었고 [카지미에시 푸와스키]와 [타데우시 코시치우슈코] 같은 인물들은 [미국 독립 전쟁]에 공을 세웠다. [1795년]과 [1917년] 사이에 [폴란드]가 [러시아], [오스트리아], [프로이센]에 의하여 분할되는 시기부터 자신들의 주권을 얻을 때까지 수많은 [폴란드] 이민들이 [미국]으로 들어왔다."}