{"entityTagged":"[제라르 르망]([1851년] 출생, [1920년] 사망)은 [벨기에]의 군인으로 [제1차_세계_대전] 중 [리에주_전투]를 지휘하였으며, 이 전투 중에 독일군의 포로가 되었다. [브뤼셀]의 [벨기에_육군사관학교]의 교수이자 [포병] [군인_계급]의 아들로 태어났으며, [1867년]에 사관학교에 입교, [1869년]에 졸업하여 소위로 임관하였다. [1870년] [보불_전쟁]이 발발했을 적에는 <벨기에> 측의 관측 군단에서 근무했으며, [1872년]에 중위로 승진했다. [1882년]에는 부친을 이어 육군사관학교의 교수가 되었고, 얼마 뒤에는 교장으로 승진했다. 교장으로 근무하면서 [알베르_1세_(벨기에)]의 개인 군사 교관으로 지내기도 했다. 그는 수 많은 군사 전략에 영향을 미쳤을 뿐 아니라 수학자로서도 뛰어난 자질을 가지고 있었다. 전쟁이 발발하기 전인 [1914년] [1월]에는 [리에주] 요새의 지휘관으로 임명되어 [독일]과의 전쟁에 대비했다.","globalSId":[2748260,2748261,2748262,2748263,2748264,2748265,2748266],"entities":[{"kbox_types":["Agent","Person","MilitaryPerson"],"st":0,"en_mention":6,"ancestor":"-2","eIdx":0,"st_mention":0,"en":8,"ne_type":"PERSON","keyword":"[제라르 르망]","e_type":"NEW"},{"kbox_types":["Year","TimePeriod"],"st":9,"en_mention":12,"ancestor":"","eIdx":1,"st_mention":7,"en":16,"ne_type":"TIME","keyword":"[1851년]","e_type":"WIKILINK"},{"kbox_types":["Year","TimePeriod"],"st":21,"en_mention":22,"ancestor":"","eIdx":2,"st_mention":17,"en":28,"ne_type":"TIME","keyword":"[1920년]","e_type":"WIKILINK"},{"kbox_types":["Country","PopulatedPlace","Settlement","PopulatedPlace","Place"],"st":34,"en_mention":31,"ancestor":"","eIdx":3,"st_mention":28,"en":39,"ne_type":"LOCATION","keyword":"[벨기에]","e_type":"WIKILINK"},{"kbox_types":["MilitaryConflict","Event","SocietalEvent"],"st":46,"en_mention":47,"ancestor":"","eIdx":4,"st_mention":38,"en":57,"ne_type":"ETC","keyword":"[제1차_세계_대전]","e_type":"WIKILINK"},{"kbox_types":["MilitaryConflict","Event","SocietalEvent"],"st":60,"en_mention":56,"ancestor":"","eIdx":5,"st_mention":50,"en":68,"ne_type":"ETC","keyword":"[리에주_전투]","e_type":"WIKILINK"},{"kbox_types":["PopulatedPlace","Place","Settlement","PopulatedPlace"],"st":100,"en_mention":91,"ancestor":"","eIdx":6,"st_mention":88,"en":105,"ne_type":"LOCATION","keyword":"[브뤼셀]","e_type":"WIKILINK"},{"kbox_types":["NULL"],"st":107,"en_mention":103,"ancestor":"","eIdx":7,"st_mention":93,"en":119,"ne_type":"ETC","keyword":"[벨기에_육군사관학교]","e_type":"WIKILINK"},{"kbox_types":["NULL"],"st":126,"en_mention":112,"ancestor":"","eIdx":8,"st_mention":110,"en":130,"ne_type":"ETC","keyword":"[포병]","e_type":"WIKILINK"},{"kbox_types":["NULL"],"st":131,"en_mention":115,"ancestor":"","eIdx":9,"st_mention":113,"en":138,"ne_type":"ETC","keyword":"[군인_계급]","e_type":"WIKILINK"},{"kbox_types":["Year","TimePeriod"],"st":151,"en_mention":133,"ancestor":"","eIdx":10,"st_mention":128,"en":158,"ne_type":"TIME","keyword":"[1867년]","e_type":"WIKILINK"},{"kbox_types":["Year","TimePeriod"],"st":170,"en_mention":150,"ancestor":"","eIdx":11,"st_mention":145,"en":177,"ne_type":"TIME","keyword":"[1869년]","e_type":"WIKILINK"},{"kbox_types":["Year","TimePeriod"],"st":195,"en_mention":173,"ancestor":"","eIdx":12,"st_mention":168,"en":202,"ne_type":"TIME","keyword":"[1870년]","e_type":"WIKILINK"},{"kbox_types":["NULL"],"st":203,"en_mention":179,"ancestor":"","eIdx":13,"st_mention":174,"en":210,"ne_type":"ETC","keyword":"[보불_전쟁]","e_type":"WIKILINK"},{"kbox_types":["Country","PopulatedPlace","Settlement","PopulatedPlace","Place"],"st":221,"en_mention":193,"ancestor":"","eIdx":14,"st_mention":190,"en":226,"ne_type":"LOCATION","keyword":"<벨기에>","e_type":"ELU"},{"kbox_types":["Year","Agent","EducationalInstitution","TimePeriod","Organisation","University"],"st":245,"en_mention":217,"ancestor":"","eIdx":15,"st_mention":212,"en":252,"ne_type":"TIME","keyword":"[1872년]","e_type":"WIKILINK"},{"kbox_types":["Year","TimePeriod"],"st":264,"en_mention":234,"ancestor":"","eIdx":16,"st_mention":229,"en":271,"ne_type":"TIME","keyword":"[1882년]","e_type":"WIKILINK"},{"kbox_types":["Royalty","BritishRoyalty","Agent","Person"],"st":327,"en_mention":296,"ancestor":"","eIdx":17,"st_mention":290,"en":341,"ne_type":"PERSON","keyword":"[알베르_1세_(벨기에)]","e_type":"WIKILINK"},{"kbox_types":["Year","TimePeriod"],"st":428,"en_mention":388,"ancestor":"","eIdx":18,"st_mention":383,"en":435,"ne_type":"TIME","keyword":"[1914년]","e_type":"WIKILINK"},{"kbox_types":["NULL"],"st":436,"en_mention":391,"ancestor":"","eIdx":19,"st_mention":389,"en":440,"ne_type":"TIME","keyword":"[1월]","e_type":"WIKILINK"},{"kbox_types":["PopulatedPlace","Settlement","PopulatedPlace","City","Place"],"st":443,"en_mention":397,"ancestor":"","eIdx":20,"st_mention":394,"en":448,"ne_type":"LOCATION","keyword":"[리에주]","e_type":"WIKILINK"},{"kbox_types":["Country","PopulatedPlace","Settlement","PopulatedPlace","Place"],"st":464,"en_mention":415,"ancestor":"","eIdx":21,"st_mention":413,"en":468,"ne_type":"LOCATION","keyword":"[독일]","e_type":"WIKILINK"}],"wikiPageId":764218,"pIdx":1,"plainText":"제라르 르망(1851년 출생, 1920년 사망)은 벨기에의 군인으로 제1차 세계 대전 중 리에주 전투를 지휘하였으며, 이 전투 중에 독일군의 포로가 되었다. 브뤼셀의 벨기에 육군사관학교의 교수이자 포병 대위의 아들로 태어났으며, 1867년에 사관학교에 입교, 1869년에 졸업하여 소위로 임관하였다. 1870년 보불 전쟁이 발발했을 적에는 벨기에 측의 관측 군단에서 근무했으며, 1872년에 중위로 승진했다. 1882년에는 부친을 이어 육군사관학교의 교수가 되었고, 얼마 뒤에는 교장으로 승진했다. 교장으로 근무하면서 알베르 1세의 개인 군사 교관으로 지내기도 했다. 그는 수 많은 군사 전략에 영향을 미쳤을 뿐 아니라 수학자로서도 뛰어난 자질을 가지고 있었다. 전쟁이 발발하기 전인 1914년 1월에는 리에주 요새의 지휘관으로 임명되어 독일과의 전쟁에 대비했다.","mentionTagged":"[제라르 르망]([1851년] 출생, [1920년] 사망)은 [벨기에]의 군인으로 [제1차 세계 대전] 중 [리에주 전투]를 지휘하였으며, 이 전투 중에 독일군의 포로가 되었다. [브뤼셀]의 [벨기에 육군사관학교]의 교수이자 [포병] [대위]의 아들로 태어났으며, [1867년]에 사관학교에 입교, [1869년]에 졸업하여 소위로 임관하였다. [1870년] [보불 전쟁]이 발발했을 적에는 [벨기에] 측의 관측 군단에서 근무했으며, [1872년]에 중위로 승진했다. [1882년]에는 부친을 이어 육군사관학교의 교수가 되었고, 얼마 뒤에는 교장으로 승진했다. 교장으로 근무하면서 [알베르 1세]의 개인 군사 교관으로 지내기도 했다. 그는 수 많은 군사 전략에 영향을 미쳤을 뿐 아니라 수학자로서도 뛰어난 자질을 가지고 있었다. 전쟁이 발발하기 전인 [1914년] [1월]에는 [리에주] 요새의 지휘관으로 임명되어 [독일]과의 전쟁에 대비했다."}