{"entityTagged":"[메가 역]()은 [일본] [야마가타_현] [아쿠미_군] [유자_정]에 위치한 [동일본_여객철도] [우에쓰_본선]의 [철도역]이다. [상대식_승강장] 2면 2선의 구조를 갖춘 지상역이다.","globalSId":[3630707,3630708],"entities":[{"kbox_types":["NULL"],"st":0,"en_mention":4,"ancestor":"-2","eIdx":0,"st_mention":0,"en":6,"ne_type":"LOCATION","keyword":"[메가 역]","e_type":"NEW"},{"kbox_types":["Country","PopulatedPlace","PopulatedPlace","Place"],"st":10,"en_mention":10,"ancestor":"","eIdx":1,"st_mention":8,"en":14,"ne_type":"LOCATION","keyword":"[일본]","e_type":"WIKILINK"},{"kbox_types":["Region","PopulatedPlace","AdministrativeRegion","Place","AdministrativeRegion"],"st":15,"en_mention":17,"ancestor":"","eIdx":2,"st_mention":11,"en":23,"ne_type":"LOCATION","keyword":"[야마가타_현]","e_type":"WIKILINK"},{"kbox_types":["NULL"],"st":24,"en_mention":23,"ancestor":"","eIdx":3,"st_mention":18,"en":31,"ne_type":"ETC","keyword":"[아쿠미_군]","e_type":"WIKILINK"},{"kbox_types":["NULL"],"st":32,"en_mention":28,"ancestor":"","eIdx":4,"st_mention":24,"en":38,"ne_type":"ETC","keyword":"[유자_정]","e_type":"WIKILINK"},{"kbox_types":["Agent","Organisation","Company"],"st":44,"en_mention":42,"ancestor":"","eIdx":5,"st_mention":34,"en":54,"ne_type":"ORGANIZATION","keyword":"[동일본_여객철도]","e_type":"WIKILINK"},{"kbox_types":["ArchitecturalStructure","Place","RailwayLine","Place","RouteOfTransportation","Infrastructure"],"st":55,"en_mention":49,"ancestor":"","eIdx":6,"st_mention":43,"en":63,"ne_type":"LOCATION","keyword":"[우에쓰_본선]","e_type":"WIKILINK"},{"kbox_types":["NULL"],"st":65,"en_mention":54,"ancestor":"","eIdx":7,"st_mention":51,"en":70,"ne_type":"ETC","keyword":"[철도역]","e_type":"WIKILINK"},{"kbox_types":["NULL"],"st":74,"en_mention":65,"ancestor":"","eIdx":8,"st_mention":58,"en":83,"ne_type":"ETC","keyword":"[상대식_승강장]","e_type":"WIKILINK"}],"wikiPageId":1358211,"pIdx":1,"plainText":"메가 역()은 일본 야마가타 현 아쿠미 군 유자 정에 위치한 동일본 여객철도 우에쓰 본선의 철도역이다. 상대식 승강장 2면 2선의 구조를 갖춘 지상역이다.","mentionTagged":"[메가 역]()은 [일본] [야마가타 현] [아쿠미 군] [유자 정]에 위치한 [동일본 여객철도] [우에쓰 본선]의 [철도역]이다. [상대식 승강장] 2면 2선의 구조를 갖춘 지상역이다."}