{"entityTagged":"<이즈미르_지하철>()은 [터키] [이즈미르_주] [이즈미르]의 지하철이다.","globalSId":[3395517],"entities":[{"kbox_types":["Agent","PublicTransitSystem","Organisation"],"st":0,"en_mention":8,"ancestor":"","eIdx":0,"st_mention":0,"en":10,"ne_type":"ORGANIZATION","keyword":"<이즈미르_지하철>","e_type":"ELU"},{"kbox_types":["Country","PopulatedPlace","PopulatedPlace","Place"],"st":14,"en_mention":14,"ancestor":"","eIdx":1,"st_mention":12,"en":18,"ne_type":"LOCATION","keyword":"[터키]","e_type":"WIKILINK"},{"kbox_types":["Region","PopulatedPlace","AdministrativeRegion","Place","AdministrativeRegion"],"st":19,"en_mention":21,"ancestor":"","eIdx":2,"st_mention":15,"en":27,"ne_type":"LOCATION","keyword":"[이즈미르_주]","e_type":"WIKILINK"},{"kbox_types":["PopulatedPlace","Place","Settlement","PopulatedPlace"],"st":28,"en_mention":26,"ancestor":"","eIdx":3,"st_mention":22,"en":34,"ne_type":"LOCATION","keyword":"[이즈미르]","e_type":"WIKILINK"}],"wikiPageId":1156412,"pIdx":1,"plainText":"이즈미르 지하철()은 터키 이즈미르 주 이즈미르의 지하철이다.","pronouns":[],"mentionTagged":"[이즈미르 지하철]()은 [터키] [이즈미르 주] [이즈미르]의 지하철이다."}