{"entityTagged":"[1925년] [독일] 대선은 [1925년] [2월_28일], 제헌의회에서 선출된 [바이마르_공화국] 초대 대통령 [프리드리히_에베르트]가 사망하면서 헌법에 따라 새 대통령을 선출하기 위해 독일에서 치러진 대통령 선거로, 무소속 [파울_폰_힌덴부르크] 후보가 당선되었다.","globalSId":[3197991],"entities":[{"kbox_types":["Year","TimePeriod"],"st":0,"en_mention":5,"ancestor":"-2","eIdx":0,"st_mention":0,"en":7,"ne_type":"TIME","keyword":"[1925년]","e_type":"NEW"},{"kbox_types":["Country","PopulatedPlace","Settlement","PopulatedPlace","Place"],"st":8,"en_mention":8,"ancestor":"-2","eIdx":1,"st_mention":6,"en":12,"ne_type":"ORGANIZATION","keyword":"[독일]","e_type":"NEW"},{"kbox_types":["Year","TimePeriod"],"st":17,"en_mention":18,"ancestor":"","eIdx":2,"st_mention":13,"en":24,"ne_type":"TIME","keyword":"[1925년]","e_type":"WIKILINK"},{"kbox_types":["NULL"],"st":25,"en_mention":25,"ancestor":"","eIdx":3,"st_mention":19,"en":33,"ne_type":"TIME","keyword":"[2월_28일]","e_type":"WIKILINK"},{"kbox_types":["Country","PopulatedPlace","Settlement","PopulatedPlace","Place"],"st":46,"en_mention":46,"ancestor":"","eIdx":4,"st_mention":38,"en":56,"ne_type":"LOCATION","keyword":"[바이마르_공화국]","e_type":"WIKILINK"},{"kbox_types":["Politician","Agent","Person","OfficeHolder","President"],"st":64,"en_mention":64,"ancestor":"","eIdx":5,"st_mention":54,"en":76,"ne_type":"PERSON","keyword":"[프리드리히_에베르트]","e_type":"WIKILINK"},{"kbox_types":["Politician","Agent","Person","OfficeHolder","President"],"st":128,"en_mention":126,"ancestor":"","eIdx":6,"st_mention":116,"en":140,"ne_type":"PERSON","keyword":"[파울_폰_힌덴부르크]","e_type":"WIKILINK"}],"wikiPageId":1012976,"pIdx":1,"plainText":"1925년 독일 대선은 1925년 2월 28일, 제헌의회에서 선출된 바이마르 공화국 초대 대통령 프리드리히 에베르트가 사망하면서 헌법에 따라 새 대통령을 선출하기 위해 독일에서 치러진 대통령 선거로, 무소속 파울 폰 힌덴부르크 후보가 당선되었다.","pronouns":[],"mentionTagged":"[1925년] [독일] 대선은 [1925년] [2월 28일], 제헌의회에서 선출된 [바이마르 공화국] 초대 대통령 [프리드리히 에베르트]가 사망하면서 헌법에 따라 새 대통령을 선출하기 위해 독일에서 치러진 대통령 선거로, 무소속 [파울 폰 힌덴부르크] 후보가 당선되었다."}