{"entityTagged":"인기가 뭐길래. [1991년]에는 안방에 <김수현_(작가)>의 작품 두 개가 나란히 방영되었다. [MBC_주말연속극] 《[사랑이_뭐길래]》는 <김수현_(작가)>의 오리지널 각본이고, [SBS] [소설극장] 《[여자_마흔다섯]》은 <김수현_(작가)>의 소설 《[여자 나이 마흔다섯]》을 각본가 [김금자]가 각색하여 집필한 것이다. [1991년] 방영 당시 [서울] 시내 수돗물 사용량이 줄어들 정도로 공전의 히트를 기록한 《[사랑이_뭐길래]》에 잠깐 삽입되었던 [김국환]의 노래 《[타타타_(노래)]》는 한참 전에 발표되었으나 주목받지 못하다가 드라마의 인기에 힘입어 레코드 품귀현상까지 빚으며 화제의 돌풍을 일으켰다. 또한, 15년간 무명가수로 밤무대를 전전하던 가수 [김국환]은 하루아침에 스타덤에 올랐다. \\\"네가 나를 모르는데 난들 너를 알겠느냐\\\/ 한치 앞도 몰라 다 안다면 재미없지...\\\"로 시작되는 노래가 《[사랑이_뭐길래]》에서 [김혜자]의 극중 심리상태와 절묘하게 맞아떨어졌다는 것이 인기 요인이라는 분석이다. 이 노래는 <김수현_(작가)>이 우연히 차안에서 라디오를 듣다가 가사 내용이 재미있어 소개한 것이라고 한다.","globalSId":[413147,413148,413149,413150,413151,413152,413153],"entities":[{"kbox_types":["Year","Language","TimePeriod"],"st":9,"en_mention":13,"eIdx":0,"ancestor":"","st_mention":8,"en":16,"ne_type":"TIME","keyword":"[1991년]","e_type":"WIKILINK"},{"kbox_types":["Writer","Agent","Person"],"st":23,"en_mention":23,"eIdx":1,"ancestor":"","st_mention":20,"en":33,"ne_type":"PERSON","keyword":"<김수현_(작가)>","e_type":"ELU"},{"kbox_types":["NULL"],"st":54,"en_mention":53,"eIdx":2,"ancestor":"","st_mention":44,"en":65,"ne_type":"ETC","keyword":"[MBC_주말연속극]","e_type":"WIKILINK"},{"kbox_types":["Work","TelevisionShow"],"st":67,"en_mention":62,"eIdx":3,"ancestor":"","st_mention":55,"en":76,"ne_type":"ETC","keyword":"[사랑이_뭐길래]","e_type":"WIKILINK"},{"kbox_types":["Writer","Agent","Person"],"st":79,"en_mention":68,"eIdx":4,"ancestor":"","st_mention":65,"en":89,"ne_type":"PERSON","keyword":"<김수현_(작가)>","e_type":"ELU"},{"kbox_types":["NULL"],"st":102,"en_mention":84,"eIdx":5,"ancestor":"-2","st_mention":81,"en":107,"ne_type":"ORGANIZATION","keyword":"[SBS]","e_type":"NEW"},{"kbox_types":["NULL"],"st":108,"en_mention":89,"eIdx":6,"ancestor":"-2","st_mention":85,"en":114,"ne_type":"ETC","keyword":"[소설극장]","e_type":"NEW"},{"kbox_types":["Work","TelevisionShow"],"st":116,"en_mention":98,"eIdx":7,"ancestor":"","st_mention":91,"en":125,"ne_type":"ETC","keyword":"[여자_마흔다섯]","e_type":"WIKILINK"},{"kbox_types":["Writer","Agent","Person"],"st":128,"en_mention":104,"eIdx":8,"ancestor":"","st_mention":101,"en":138,"ne_type":"PERSON","keyword":"<김수현_(작가)>","e_type":"ELU"},{"kbox_types":["NULL"],"st":144,"en_mention":120,"eIdx":9,"ancestor":"-2","st_mention":110,"en":156,"ne_type":"ETC","keyword":"[여자 나이 마흔다섯]","e_type":"NEW"},{"kbox_types":["NULL"],"st":163,"en_mention":130,"eIdx":10,"ancestor":"-2","st_mention":127,"en":168,"ne_type":"PERSON","keyword":"[김금자]","e_type":"NEW"},{"kbox_types":["Year","Language","TimePeriod"],"st":184,"en_mention":151,"eIdx":11,"ancestor":"","st_mention":146,"en":191,"ne_type":"TIME","keyword":"[1991년]","e_type":"WIKILINK"},{"kbox_types":["Place","PopulatedPlace","Settlement"],"st":198,"en_mention":160,"eIdx":12,"ancestor":"-2","st_mention":158,"en":202,"ne_type":"LOCATION","keyword":"[서울]","e_type":"NEW"},{"kbox_types":["Work","TelevisionShow"],"st":236,"en_mention":201,"eIdx":13,"ancestor":"","st_mention":194,"en":245,"ne_type":"ETC","keyword":"[사랑이_뭐길래]","e_type":"WIKILINK"},{"kbox_types":["Agent","Person","MusicalArtist","Artist"],"st":257,"en_mention":216,"eIdx":14,"ancestor":"","st_mention":213,"en":262,"ne_type":"PERSON","keyword":"[김국환]","e_type":"WIKILINK"},{"kbox_types":["NULL"],"st":268,"en_mention":225,"eIdx":15,"ancestor":"","st_mention":222,"en":278,"ne_type":"ETC","keyword":"[타타타_(노래)]","e_type":"WIKILINK"},{"kbox_types":["Agent","Person","MusicalArtist","Artist"],"st":374,"en_mention":324,"eIdx":16,"ancestor":"","st_mention":321,"en":379,"ne_type":"PERSON","keyword":"[김국환]","e_type":"WIKILINK"},{"kbox_types":["Work","TelevisionShow"],"st":459,"en_mention":408,"eIdx":17,"ancestor":"","st_mention":401,"en":468,"ne_type":"ETC","keyword":"[사랑이_뭐길래]","e_type":"WIKILINK"},{"kbox_types":["Actor","Agent","Person","Artist"],"st":472,"en_mention":415,"eIdx":18,"ancestor":"","st_mention":412,"en":477,"ne_type":"PERSON","keyword":"[김혜자]","e_type":"WIKILINK"},{"kbox_types":["Writer","Agent","Person"],"st":525,"en_mention":466,"eIdx":19,"ancestor":"","st_mention":463,"en":535,"ne_type":"PERSON","keyword":"<김수현_(작가)>","e_type":"ELU"}],"wikiPageId":43793,"pIdx":17,"plainText":"인기가 뭐길래 1991년에는 안방에 김수현의 작품 두 개가 나란히 방영되었다. MBC 주말연속극 《사랑이 뭐길래》는 김수현의 오리지널 각본이고, SBS 소설극장 《여자 마흔다섯》은 김수현의 소설 《여자 나이 마흔다섯》을 각본가 김금자가 각색하여 집필한 것이다. 1991년 방영 당시 서울 시내 수돗물 사용량이 줄어들 정도로 공전의 히트를 기록한 《사랑이 뭐길래》에 잠깐 삽입되었던 김국환의 노래 《타타타》는 한참 전에 발표되었으나 주목받지 못하다가 드라마의 인기에 힘입어 레코드 품귀현상까지 빚으며 화제의 돌풍을 일으켰다. 또한, 15년간 무명가수로 밤무대를 전전하던 가수 김국환은 하루아침에 스타덤에 올랐다. \"네가 나를 모르는데 난들 너를 알겠느냐\/ 한치 앞도 몰라 다 안다면 재미없지...\"로 시작되는 노래가 《사랑이 뭐길래》에서 김혜자의 극중 심리상태와 절묘하게 맞아떨어졌다는 것이 인기 요인이라는 분석이다. 이 노래는 김수현이 우연히 차안에서 라디오를 듣다가 가사 내용이 재미있어 소개한 것이라고 한다.","pronouns":[{"st":4,"ancestor":"-2","proIdx":0,"en":7,"cwStateCd":"FIXED","cwSelIdx":[],"type":"PRONOUN","keyword":"뭐길래."},{"st":350,"ancestor":"17-14","proIdx":1,"en":379,"cwStateCd":"FIXED","cwSelIdx":41,"type":"PRONOUN","keyword":"15년간 무명가수로 밤무대를 전전하던 가수 [김국환]은"},{"st":399,"ancestor":"-2","proIdx":2,"en":398,"cwStateCd":"FIXED","cwSelIdx":[],"type":"PRONOUN","keyword":"네가"},{"st":402,"ancestor":"-2","proIdx":3,"en":403,"cwStateCd":"FIXED","cwSelIdx":[],"type":"PRONOUN","keyword":"나를"},{"st":410,"ancestor":"-2","proIdx":4,"en":411,"cwStateCd":"FIXED","cwSelIdx":[],"type":"PRONOUN","keyword":"난들"},{"st":413,"ancestor":"-2","proIdx":5,"en":414,"cwStateCd":"FIXED","cwSelIdx":[],"type":"PRONOUN","keyword":"너를"},{"st":519,"ancestor":"17-15","proIdx":6,"en":522,"cwStateCd":"FIXED","cwSelIdx":43,"type":"PRONOUN","keyword":"이 노래"}],"mentionTagged":"인기가 뭐길래 [1991년]에는 안방에 [김수현]의 작품 두 개가 나란히 방영되었다. [MBC 주말연속극] 《[사랑이 뭐길래]》는 [김수현]의 오리지널 각본이고, [SBS] [소설극장] 《[여자 마흔다섯]》은 [김수현]의 소설 《[여자 나이 마흔다섯]》을 각본가 [김금자]가 각색하여 집필한 것이다. [1991년] 방영 당시 [서울] 시내 수돗물 사용량이 줄어들 정도로 공전의 히트를 기록한 《[사랑이 뭐길래]》에 잠깐 삽입되었던 [김국환]의 노래 《[타타타]》는 한참 전에 발표되었으나 주목받지 못하다가 드라마의 인기에 힘입어 레코드 품귀현상까지 빚으며 화제의 돌풍을 일으켰다. 또한, 15년간 무명가수로 밤무대를 전전하던 가수 [김국환]은 하루아침에 스타덤에 올랐다. \"네가 나를 모르는데 난들 너를 알겠느냐\/ 한치 앞도 몰라 다 안다면 재미없지...\"로 시작되는 노래가 《[사랑이 뭐길래]》에서 [김혜자]의 극중 심리상태와 절묘하게 맞아떨어졌다는 것이 인기 요인이라는 분석이다. 이 노래는 [김수현]이 우연히 차안에서 라디오를 듣다가 가사 내용이 재미있어 소개한 것이라고 한다."}