{"entityTagged":"[SK] 제2대 회장 [최종현]의 형이고, 현 회장 [최태원_(기업인)]의 큰아버지이다.","globalSId":[1669093],"entities":[{"kbox_types":["NULL"],"st":0,"en_mention":2,"ancestor":"1-6","eIdx":0,"st_mention":0,"en":4,"ne_type":"ORGANIZATION","keyword":"[SK]","e_type":"NEW"},{"kbox_types":["Agent","Person"],"st":12,"en_mention":13,"ancestor":"","eIdx":1,"st_mention":10,"en":17,"ne_type":"PERSON","keyword":"[최종현]","e_type":"WIKILINK"},{"kbox_types":["Agent","Person"],"st":29,"en_mention":28,"ancestor":"","eIdx":2,"st_mention":25,"en":40,"ne_type":"PERSON","keyword":"[최태원_(기업인)]","e_type":"WIKILINK"}],"wikiPageId":306818,"pIdx":3,"plainText":"SK 제2대 회장 최종현의 형이고, 현 회장 최태원의 큰아버지이다.","mentionTagged":"[SK] 제2대 회장 [최종현]의 형이고, 현 회장 [최태원]의 큰아버지이다."}