{"entityTagged":"<무한걸스>. 〈[무한걸스]〉는 [MBC_에브리원]에서 방송되었던 오락 프로그램으로, <무한도전>의 유사한 포맷을 가진 리얼 버라이어티 프로그램이다. <무한걸스>라는 이름에서 알 수 있듯이 <무한도전>이 6명의 남자들로 구성된 것과는 달리 6명의 여자들로 출연진이 구성되어 있다. 원래 [MBC_드라마넷]에서 추석 특집으로 편성되었으나, 그 뒤 반응이 좋아 [MBC_에브리원]의 개국과 함께 정규 프로그램으로 편성하여 방송되었다.","globalSId":[752436,752437,752438,752439],"entities":[{"kbox_types":["Work","TelevisionShow"],"st":0,"en_mention":4,"ancestor":"","eIdx":0,"st_mention":0,"en":6,"ne_type":"ETC","keyword":"<무한걸스>","e_type":"ELU"},{"kbox_types":["Work","TelevisionShow"],"st":9,"en_mention":10,"ancestor":"","eIdx":1,"st_mention":6,"en":15,"ne_type":"ETC","keyword":"[무한걸스]","e_type":"WIKILINK"},{"kbox_types":["NULL"],"st":18,"en_mention":21,"ancestor":"","eIdx":2,"st_mention":13,"en":28,"ne_type":"ETC","keyword":"[MBC_에브리원]","e_type":"WIKILINK"},{"kbox_types":["Work","TelevisionShow"],"st":48,"en_mention":45,"ancestor":"","eIdx":3,"st_mention":41,"en":54,"ne_type":"ETC","keyword":"<무한도전>","e_type":"ELU"},{"kbox_types":["Work","TelevisionShow"],"st":84,"en_mention":79,"ancestor":"","eIdx":4,"st_mention":75,"en":90,"ne_type":"ETC","keyword":"<무한걸스>","e_type":"ELU"},{"kbox_types":["Work","TelevisionShow"],"st":106,"en_mention":99,"ancestor":"","eIdx":5,"st_mention":95,"en":112,"ne_type":"ETC","keyword":"<무한도전>","e_type":"ELU"},{"kbox_types":["NULL"],"st":160,"en_mention":155,"ancestor":"","eIdx":6,"st_mention":147,"en":170,"ne_type":"ETC","keyword":"[MBC_드라마넷]","e_type":"WIKILINK"},{"kbox_types":["NULL"],"st":200,"en_mention":193,"ancestor":"","eIdx":7,"st_mention":185,"en":210,"ne_type":"ETC","keyword":"[MBC_에브리원]","e_type":"WIKILINK"}],"wikiPageId":98864,"pIdx":36,"plainText":"무한걸스 〈무한걸스〉는 MBC 에브리원에서 방송되었던 오락 프로그램으로, 무한도전의 유사한 포맷을 가진 리얼 버라이어티 프로그램이다. 무한걸스라는 이름에서 알 수 있듯이 무한도전이 6명의 남자들로 구성된 것과는 달리 6명의 여자들로 출연진이 구성되어 있다. 원래 MBC 드라마넷에서 추석 특집으로 편성되었으나, 그 뒤 반응이 좋아 MBC 에브리원의 개국과 함께 정규 프로그램으로 편성하여 방송되었다.","pronouns":[{"st":189,"ancestor":"-1","proIdx":0,"en":191,"cwStateCd":"FIXED","cwSelIdx":[],"type":"PRONOUN","keyword":"그 뒤"}],"mentionTagged":"[무한걸스] 〈[무한걸스]〉는 [MBC 에브리원]에서 방송되었던 오락 프로그램으로, [무한도전]의 유사한 포맷을 가진 리얼 버라이어티 프로그램이다. [무한걸스]라는 이름에서 알 수 있듯이 [무한도전]이 6명의 남자들로 구성된 것과는 달리 6명의 여자들로 출연진이 구성되어 있다. 원래 [MBC 드라마넷]에서 추석 특집으로 편성되었으나, 그 뒤 반응이 좋아 [MBC 에브리원]의 개국과 함께 정규 프로그램으로 편성하여 방송되었다."}