{"entityTagged":"<상파울루_구아룰류스_국제공항>(, [IATA]: GRU, [ICAO]: SBGR)은 [브라질] [상파울루_주] [구아룰류스]에 위치한 [국제공항]이다. [브라질]에서 가장 이용객이 많은 이 공항은 [브라질] 최대 도시 [상파울루] 도심에서 약 25km 떨어져 있다.","globalSId":[1657936,1657937],"entities":[{"kbox_types":["ArchitecturalStructure","Place","Infrastructure","Airport","Airport"],"st":0,"en_mention":15,"ancestor":"","eIdx":0,"st_mention":0,"en":17,"ne_type":"LOCATION","keyword":"<상파울루_구아룰류스_국제공항>","e_type":"ELU"},{"kbox_types":["NULL"],"st":20,"en_mention":22,"ancestor":"","eIdx":1,"st_mention":18,"en":26,"ne_type":"ETC","keyword":"[IATA]","e_type":"WIKILINK"},{"kbox_types":["NULL"],"st":33,"en_mention":33,"ancestor":"","eIdx":2,"st_mention":29,"en":39,"ne_type":"ETC","keyword":"[ICAO]","e_type":"WIKILINK"},{"kbox_types":["Country","PopulatedPlace","PopulatedPlace","Place"],"st":48,"en_mention":45,"ancestor":"","eIdx":3,"st_mention":42,"en":53,"ne_type":"LOCATION","keyword":"[브라질]","e_type":"WIKILINK"},{"kbox_types":["PopulatedPlace","Settlement","PopulatedPlace","Place"],"st":54,"en_mention":52,"ancestor":"","eIdx":4,"st_mention":46,"en":62,"ne_type":"LOCATION","keyword":"[상파울루_주]","e_type":"WIKILINK"},{"kbox_types":["PopulatedPlace","Settlement","PopulatedPlace","City","Place"],"st":63,"en_mention":58,"ancestor":"","eIdx":5,"st_mention":53,"en":70,"ne_type":"LOCATION","keyword":"[구아룰류스]","e_type":"WIKILINK"},{"kbox_types":["NULL"],"st":76,"en_mention":68,"ancestor":"","eIdx":6,"st_mention":64,"en":82,"ne_type":"ETC","keyword":"[국제공항]","e_type":"WIKILINK"},{"kbox_types":["Country","PopulatedPlace","PopulatedPlace","Place"],"st":86,"en_mention":75,"ancestor":"","eIdx":7,"st_mention":72,"en":91,"ne_type":"LOCATION","keyword":"[브라질]","e_type":"WIKILINK"},{"kbox_types":["Country","PopulatedPlace","PopulatedPlace","Place"],"st":111,"en_mention":98,"ancestor":"","eIdx":8,"st_mention":95,"en":116,"ne_type":"LOCATION","keyword":"[브라질]","e_type":"WIKILINK"},{"kbox_types":["PopulatedPlace","Place","Settlement","PopulatedPlace","City"],"st":123,"en_mention":109,"ancestor":"","eIdx":9,"st_mention":105,"en":129,"ne_type":"LOCATION","keyword":"[상파울루]","e_type":"WIKILINK"}],"wikiPageId":304026,"pIdx":1,"plainText":"상파울루 구아룰류스 국제공항(, IATA: GRU, ICAO: SBGR)은 브라질 상파울루 주 구아룰류스에 위치한 국제공항이다. 브라질에서 가장 이용객이 많은 이 공항은 브라질 최대 도시 상파울루 도심에서 약 25km 떨어져 있다.","pronouns":[{"st":105,"ancestor":"1-0","proIdx":0,"en":108,"cwStateCd":"FIXED","cwSelIdx":0,"type":"PRONOUN","keyword":"이 공항"}],"mentionTagged":"[상파울루 구아룰류스 국제공항](, [IATA]: GRU, [ICAO]: SBGR)은 [브라질] [상파울루 주] [구아룰류스]에 위치한 [국제공항]이다. [브라질]에서 가장 이용객이 많은 이 공항은 [브라질] 최대 도시 [상파울루] 도심에서 약 25km 떨어져 있다."}