{"entityTagged":"[2010년]부터 플레잉 코치가 되어 지도자 과정을 준비하기 시작하였다. [차범근] 감독이 성적 부진으로 사퇴하고 팀에 새롭게 들어온 [윤성효] 감독 체제 하에서 <김대의> 선수의 자리는 점점 없어졌다. 이 때문에 팀과의 계약이 끝나는 [2010년]을 끝으로 [수원]에서의 선수 생활을 마감했다. 그리고 [2011년]부터 [이임생] 감독이 이끄는 [싱가포르]의 [홈_유나이티드_FC]에서 선수 생활을 이어가다가 은퇴하였다.","globalSId":[844965,844966,844967,844968],"entities":[{"kbox_types":["Year","MusicalWork","TimePeriod","Work","Album"],"st":0,"en_mention":5,"ancestor":"","eIdx":0,"st_mention":0,"en":7,"ne_type":"TIME","keyword":"[2010년]","e_type":"WIKILINK"},{"kbox_types":["SoccerPlayer","SportsManager","Agent","Person","SoccerManager","Athlete"],"st":41,"en_mention":42,"ancestor":"","eIdx":1,"st_mention":39,"en":46,"ne_type":"PERSON","keyword":"[차범근]","e_type":"WIKILINK"},{"kbox_types":["SoccerPlayer","SportsManager","Agent","Person","SoccerManager","Athlete"],"st":75,"en_mention":74,"ancestor":"","eIdx":2,"st_mention":71,"en":80,"ne_type":"PERSON","keyword":"[윤성효]","e_type":"WIKILINK"},{"kbox_types":["SoccerPlayer","SportsManager","Agent","Person","SoccerManager","Athlete"],"st":91,"en_mention":88,"ancestor":"","eIdx":3,"st_mention":85,"en":96,"ne_type":"PERSON","keyword":"<김대의>","e_type":"ELU"},{"kbox_types":["Year","MusicalWork","TimePeriod","Work","Album"],"st":132,"en_mention":129,"ancestor":"","eIdx":4,"st_mention":124,"en":139,"ne_type":"TIME","keyword":"[2010년]","e_type":"WIKILINK"},{"kbox_types":["Place","PopulatedPlace","Settlement"],"st":145,"en_mention":137,"ancestor":"-2","eIdx":5,"st_mention":135,"en":149,"ne_type":"LOCATION","keyword":"[수원]","e_type":"NEW"},{"kbox_types":["Year","MusicalWork","TimePeriod","Work","Album"],"st":170,"en_mention":163,"ancestor":"","eIdx":6,"st_mention":158,"en":177,"ne_type":"TIME","keyword":"[2011년]","e_type":"WIKILINK"},{"kbox_types":["SoccerPlayer","SportsManager","Agent","Person","SoccerManager","Athlete"],"st":180,"en_mention":169,"ancestor":"","eIdx":7,"st_mention":166,"en":185,"ne_type":"PERSON","keyword":"[이임생]","e_type":"WIKILINK"},{"kbox_types":["Country","PopulatedPlace","Settlement","PopulatedPlace","City","Place"],"st":194,"en_mention":182,"ancestor":"","eIdx":8,"st_mention":178,"en":200,"ne_type":"LOCATION","keyword":"[싱가포르]","e_type":"WIKILINK"},{"kbox_types":["SoccerClub","Agent","SportsTeam","Organisation"],"st":202,"en_mention":194,"ancestor":"","eIdx":9,"st_mention":184,"en":214,"ne_type":"ORGANIZATION","keyword":"[홈_유나이티드_FC]","e_type":"WIKILINK"}],"wikiPageId":115081,"pIdx":8,"plainText":"2010년부터 플레잉 코치가 되어 지도자 과정을 준비하기 시작하였다. 차범근 감독이 성적 부진으로 사퇴하고 팀에 새롭게 들어온 윤성효 감독 체제 하에서 김대의 선수의 자리는 점점 없어졌다. 이 때문에 팀과의 계약이 끝나는 2010년을 끝으로 수원에서의 선수 생활을 마감했다. 그리고 2011년부터 이임생 감독이 이끄는 싱가포르의 홈 유나이티드 FC에서 선수 생활을 이어가다가 은퇴하였다.","pronouns":[{"st":114,"ancestor":"-2","proIdx":0,"en":118,"cwStateCd":"FIXED","cwSelIdx":[],"type":"PRONOUN","keyword":"이 때문에"}],"mentionTagged":"[2010년]부터 플레잉 코치가 되어 지도자 과정을 준비하기 시작하였다. [차범근] 감독이 성적 부진으로 사퇴하고 팀에 새롭게 들어온 [윤성효] 감독 체제 하에서 [김대의] 선수의 자리는 점점 없어졌다. 이 때문에 팀과의 계약이 끝나는 [2010년]을 끝으로 [수원]에서의 선수 생활을 마감했다. 그리고 [2011년]부터 [이임생] 감독이 이끄는 [싱가포르]의 [홈 유나이티드 FC]에서 선수 생활을 이어가다가 은퇴하였다."}