{"entityTagged":"[2014년 동계 올림픽] <카자흐스탄>의 올림픽 선수단은 [러시아] [소치]에서 개최된 [2014년_동계_올림픽]에 참가한 [올림픽_카자흐스탄_선수단]이다.","globalSId":[3259273],"entities":[{"kbox_types":["Olympics","Event","SocietalEvent","SportsEvent"],"st":0,"en_mention":12,"ancestor":"-2","eIdx":0,"st_mention":0,"en":14,"ne_type":"ETC","keyword":"[2014년 동계 올림픽]","e_type":"NEW"},{"kbox_types":["Country","Company","Agent","PopulatedPlace","Place","Company","Organisation"],"st":15,"en_mention":18,"ancestor":"","eIdx":1,"st_mention":13,"en":22,"ne_type":"ORGANIZATION","keyword":"<카자흐스탄>","e_type":"ELU"},{"kbox_types":["Country","PopulatedPlace","PopulatedPlace","Place"],"st":33,"en_mention":32,"ancestor":"","eIdx":2,"st_mention":29,"en":38,"ne_type":"LOCATION","keyword":"[러시아]","e_type":"WIKILINK"},{"kbox_types":["PopulatedPlace","Place","Settlement","PopulatedPlace","City"],"st":39,"en_mention":35,"ancestor":"","eIdx":3,"st_mention":33,"en":43,"ne_type":"LOCATION","keyword":"[소치]","e_type":"WIKILINK"},{"kbox_types":["Olympics","Event","SocietalEvent","SportsEvent"],"st":50,"en_mention":54,"ancestor":"","eIdx":4,"st_mention":42,"en":64,"ne_type":"ETC","keyword":"[2014년_동계_올림픽]","e_type":"WIKILINK"},{"kbox_types":["NULL"],"st":70,"en_mention":73,"ancestor":"","eIdx":5,"st_mention":60,"en":85,"ne_type":"ETC","keyword":"[올림픽_카자흐스탄_선수단]","e_type":"WIKILINK"}],"wikiPageId":1056474,"pIdx":1,"plainText":"2014년 동계 올림픽 카자흐스탄의 올림픽 선수단은 러시아 소치에서 개최된 2014년 동계 올림픽에 참가한 올림픽 카자흐스탄 선수단이다.","mentionTagged":"[2014년 동계 올림픽] [카자흐스탄]의 올림픽 선수단은 [러시아] [소치]에서 개최된 [2014년 동계 올림픽]에 참가한 [올림픽 카자흐스탄 선수단]이다."}