{"entityTagged":"여당으로 복귀하였고, 재선으로 8년 간 있었으나 [2016년_중화민국_총통_선거]에서 [주리룬] 총통후보가 [민주진보당]의 [차이잉원] 후보에게 패배하여 제1야당이 되었다.","globalSId":[212059],"entities":[{"kbox_types":["NULL"],"st":27,"en_mention":43,"ancestor":"","eIdx":0,"st_mention":27,"en":45,"ne_type":"ETC","keyword":"[2016년_중화민국_총통_선거]","e_type":"WIKILINK"},{"kbox_types":["Agent","Person","OfficeHolder"],"st":48,"en_mention":49,"ancestor":"","eIdx":1,"st_mention":46,"en":53,"ne_type":"PERSON","keyword":"[주리룬]","e_type":"WIKILINK"},{"kbox_types":["Agent","PoliticalParty","Organisation"],"st":60,"en_mention":61,"ancestor":"","eIdx":2,"st_mention":56,"en":67,"ne_type":"ORGANIZATION","keyword":"[민주진보당]","e_type":"WIKILINK"},{"kbox_types":["Politician","Agent","Person","OfficeHolder","President"],"st":69,"en_mention":67,"ancestor":"","eIdx":3,"st_mention":63,"en":75,"ne_type":"PERSON","keyword":"[차이잉원]","e_type":"WIKILINK"}],"wikiPageId":14097,"pIdx":8,"plainText":"여당으로 복귀하였고, 재선으로 8년 간 있었으나 2016년 중화민국 총통 선거에서 주리룬 총통후보가 민주진보당의 차이잉원 후보에게 패배하여 제1야당이 되었다.","pronouns":[],"mentionTagged":"여당으로 복귀하였고, 재선으로 8년 간 있었으나 [2016년 중화민국 총통 선거]에서 [주리룬] 총통후보가 [민주진보당]의 [차이잉원] 후보에게 패배하여 제1야당이 되었다."}