{"entityTagged":"[칼코둥근귀박쥐](\"Lophostoma kalkoae\")는 [주걱박쥐과]([신세계잎코박쥐류])에 속하는 [박쥐]의 일종이다. [파나마]의 토착종이다. 작은 크기의 박쥐로 전완장은 44.6~45.8mm이고, 꼬리 길이는 8.4~8.9mm, 발 길이는 12.5~12.8mm이다.","globalSId":[3894846,3894847,3894848],"entities":[{"kbox_types":["NULL"],"st":0,"en_mention":7,"ancestor":"-2","eIdx":0,"st_mention":0,"en":9,"ne_type":"ETC","keyword":"[칼코둥근귀박쥐]","e_type":"NEW"},{"kbox_types":["Animal","Species","TopicalConcept","Taxon","Eukaryote","Mammal"],"st":33,"en_mention":36,"ancestor":"","eIdx":1,"st_mention":31,"en":40,"ne_type":"ETC","keyword":"[주걱박쥐과]","e_type":"WIKILINK"},{"kbox_types":["NULL"],"st":41,"en_mention":45,"ancestor":"-2","eIdx":2,"st_mention":37,"en":51,"ne_type":"ETC","keyword":"[신세계잎코박쥐류]","e_type":"NEW"},{"kbox_types":["Animal","Species","TopicalConcept","Taxon","Eukaryote","Mammal"],"st":58,"en_mention":54,"ancestor":"","eIdx":3,"st_mention":52,"en":62,"ne_type":"ETC","keyword":"[박쥐]","e_type":"WIKILINK"},{"kbox_types":["Country","PopulatedPlace","Settlement","PopulatedPlace","Place"],"st":70,"en_mention":65,"ancestor":"","eIdx":4,"st_mention":62,"en":75,"ne_type":"LOCATION","keyword":"[파나마]","e_type":"WIKILINK"}],"wikiPageId":1664691,"pIdx":1,"plainText":"칼코둥근귀박쥐(\"Lophostoma kalkoae\")는 주걱박쥐과(신세계잎코박쥐류)에 속하는 박쥐의 일종이다. 파나마의 토착종이다. 작은 크기의 박쥐로 전완장은 44.6~45.8mm이고, 꼬리 길이는 8.4~8.9mm, 발 길이는 12.5~12.8mm이다.","mentionTagged":"[칼코둥근귀박쥐](\"Lophostoma kalkoae\")는 [주걱박쥐과]([신세계잎코박쥐류])에 속하는 [박쥐]의 일종이다. [파나마]의 토착종이다. 작은 크기의 박쥐로 전완장은 44.6~45.8mm이고, 꼬리 길이는 8.4~8.9mm, 발 길이는 12.5~12.8mm이다."}