{"entityTagged":"[2010년] [1월] [23일,] [아틀레틱_빌바오]전 (3-1로 이긴 홈 경기) 에서 골네트를 가른 직후, [필리피] <C._S._루이스>는 상대 [골키퍼]인 [고르카_이라이소스]에 의해 다리가 깔리면서 오른쪽 [종아리뼈]에 큰 부상을 입었다. 또한, 그는 [프리메라리가] 전 경기에 출전하는 와중에 그의 팀 <데포르티보_라코루냐>가 리그 테이블 4위에 랭크되기도 하였다. 놀랍게도 그는 4경기도 결장하지 않은 채 [RCD_마요르카]전에서 부상 복귀를 선언하였고, 이 경기의 [이반_산체스-리코_소토] 득점을 도왔다;[갈리시아_지방] 연고의 클럽은 시즌을 10위로 마감하였다.","globalSId":[3010319,3010320,3010321],"entities":[{"kbox_types":["Year","MusicalWork","TimePeriod","Work","Album"],"st":0,"en_mention":5,"ancestor":"-2","eIdx":0,"st_mention":0,"en":7,"ne_type":"TIME","keyword":"[2010년]","e_type":"NEW"},{"kbox_types":["NULL"],"st":8,"en_mention":8,"ancestor":"-2","eIdx":1,"st_mention":6,"en":12,"ne_type":"TIME","keyword":"[1월]","e_type":"NEW"},{"kbox_types":["NULL"],"st":13,"en_mention":13,"ancestor":"-2","eIdx":2,"st_mention":9,"en":19,"ne_type":"TIME","keyword":"[23일,]","e_type":"NEW"},{"kbox_types":["SoccerClub","Agent","SportsTeam","Organisation"],"st":20,"en_mention":22,"ancestor":"","eIdx":3,"st_mention":14,"en":30,"ne_type":"ORGANIZATION","keyword":"[아틀레틱_빌바오]","e_type":"WIKILINK"},{"kbox_types":["NULL"],"st":62,"en_mention":57,"ancestor":"-2","eIdx":4,"st_mention":54,"en":67,"ne_type":"PERSON","keyword":"[필리피]","e_type":"NEW"},{"kbox_types":["Writer","Agent","Person","Artist"],"st":68,"en_mention":61,"ancestor":"","eIdx":5,"st_mention":58,"en":79,"ne_type":"PERSON","keyword":"<C._S._루이스>","e_type":"ELU"},{"kbox_types":["NULL"],"st":84,"en_mention":69,"ancestor":"","eIdx":6,"st_mention":66,"en":89,"ne_type":"ETC","keyword":"[골키퍼]","e_type":"WIKILINK"},{"kbox_types":["SoccerPlayer","Athlete","Agent","Person"],"st":91,"en_mention":80,"ancestor":"","eIdx":7,"st_mention":71,"en":102,"ne_type":"PERSON","keyword":"[고르카_이라이소스]","e_type":"WIKILINK"},{"kbox_types":["AnatomicalStructure","Bone"],"st":120,"en_mention":102,"ancestor":"","eIdx":8,"st_mention":98,"en":126,"ne_type":"ETC","keyword":"[종아리뼈]","e_type":"WIKILINK"},{"kbox_types":["NULL"],"st":146,"en_mention":124,"ancestor":"","eIdx":9,"st_mention":122,"en":154,"ne_type":"ETC","keyword":"[프리메라리가]","e_type":"WIKILINK"},{"kbox_types":["SoccerClub","Agent","SportsTeam","Organisation"],"st":175,"en_mention":150,"ancestor":"","eIdx":10,"st_mention":145,"en":187,"ne_type":"ORGANIZATION","keyword":"<데포르티보_라코루냐>","e_type":"ELU"},{"kbox_types":["SoccerClub","Agent","SportsTeam","Organisation"],"st":234,"en_mention":201,"ancestor":"","eIdx":11,"st_mention":197,"en":244,"ne_type":"ORGANIZATION","keyword":"[RCD_마요르카]","e_type":"WIKILINK"},{"kbox_types":["NULL"],"st":268,"en_mention":227,"ancestor":"","eIdx":12,"st_mention":225,"en":282,"ne_type":"ETC","keyword":"[이반_산체스-리코_소토]","e_type":"WIKILINK"},{"kbox_types":["PopulatedPlace","Settlement","PopulatedPlace","Place"],"st":291,"en_mention":240,"ancestor":"","eIdx":13,"st_mention":236,"en":300,"ne_type":"LOCATION","keyword":"[갈리시아_지방]","e_type":"WIKILINK"}],"wikiPageId":911042,"pIdx":6,"plainText":"2010년 1월 23일, 아틀레틱 빌바오전 (3-1로 이긴 홈 경기) 에서 골네트를 가른 직후, 필리피 루이스는 상대 골키퍼인 고르카 이라이소스에 의해 다리가 깔리면서 오른쪽 종아리뼈에 큰 부상을 입었다. 또한, 그는 시즌 전 경기에 출전하는 와중에 그의 팀 데포르티보가 리그 테이블 4위에 랭크되기도 하였다. 놀랍게도 그는 4경기도 결장하지 않은 채 마요르카전에서 부상 복귀를 선언하였고, 이 경기의 리키 득점을 도왔다;갈리시아 연고의 클럽은 시즌을 10위로 마감하였다.","mentionTagged":"[2010년] [1월] [23일,] [아틀레틱 빌바오]전 (3-1로 이긴 홈 경기) 에서 골네트를 가른 직후, [필리피] [루이스]는 상대 [골키퍼]인 [고르카 이라이소스]에 의해 다리가 깔리면서 오른쪽 [종아리뼈]에 큰 부상을 입었다. 또한, 그는 [시즌] 전 경기에 출전하는 와중에 그의 팀 [데포르티보]가 리그 테이블 4위에 랭크되기도 하였다. 놀랍게도 그는 4경기도 결장하지 않은 채 [마요르카]전에서 부상 복귀를 선언하였고, 이 경기의 [리키] 득점을 도왔다;[갈리시아] 연고의 클럽은 시즌을 10위로 마감하였다."}