{"entityTagged":"[보은 법주사 주서무일편 병풍](報恩 法住寺 周書無逸篇 屛風)은 [충청북도] [보은군] [속리산면] [법주사]에 있는 병풍이다. [2004년] [7월_9일] [충청북도의_유형문화재] 제239호로 지정되었다.","globalSId":[3504893,3504894],"entities":[{"kbox_types":["NULL"],"st":0,"en_mention":15,"ancestor":"","eIdx":0,"st_mention":0,"en":17,"ne_type":"ETC","keyword":"[보은 법주사 주서무일편 병풍]","e_type":"NEW"},{"kbox_types":["PopulatedPlace","Settlement","PopulatedPlace","Place"],"st":36,"en_mention":38,"ancestor":"","eIdx":1,"st_mention":34,"en":42,"ne_type":"LOCATION","keyword":"[충청북도]","e_type":"WIKILINK"},{"kbox_types":["PopulatedPlace","Settlement","PopulatedPlace","Place"],"st":43,"en_mention":42,"ancestor":"","eIdx":2,"st_mention":39,"en":48,"ne_type":"LOCATION","keyword":"[보은군]","e_type":"WIKILINK"},{"kbox_types":["NULL"],"st":49,"en_mention":47,"ancestor":"","eIdx":3,"st_mention":43,"en":55,"ne_type":"ETC","keyword":"[속리산면]","e_type":"WIKILINK"},{"kbox_types":["HistoricBuilding","ArchitecturalStructure","Building","Place"],"st":56,"en_mention":51,"ancestor":"","eIdx":4,"st_mention":48,"en":61,"ne_type":"LOCATION","keyword":"[법주사]","e_type":"WIKILINK"},{"kbox_types":["Year","TimePeriod"],"st":72,"en_mention":67,"ancestor":"","eIdx":5,"st_mention":62,"en":79,"ne_type":"TIME","keyword":"[2004년]","e_type":"WIKILINK"},{"kbox_types":["NULL"],"st":80,"en_mention":73,"ancestor":"","eIdx":6,"st_mention":68,"en":87,"ne_type":"TIME","keyword":"[7월_9일]","e_type":"WIKILINK"},{"kbox_types":["NULL"],"st":88,"en_mention":85,"ancestor":"","eIdx":7,"st_mention":74,"en":101,"ne_type":"ETC","keyword":"[충청북도의_유형문화재]","e_type":"WIKILINK"}],"wikiPageId":1255167,"pIdx":1,"plainText":"보은 법주사 주서무일편 병풍(報恩 法住寺 周書無逸篇 屛風)은 충청북도 보은군 속리산면 법주사에 있는 병풍이다. 2004년 7월 9일 충청북도의 유형문화재 제239호로 지정되었다.","mentionTagged":"[보은 법주사 주서무일편 병풍](報恩 法住寺 周書無逸篇 屛風)은 [충청북도] [보은군] [속리산면] [법주사]에 있는 병풍이다. [2004년] [7월 9일] [충청북도의 유형문화재] 제239호로 지정되었다."}