{"entityTagged":"<고양체육관>(高陽體育館)은 [대한민국] [경기도] [고양시] [일산서구] [대화동_(고양시)] [고양종합운동장]에 위치한 다목적 실내경기장이다. [2011년] [7월]에 개관하였으며, 실내수영장은 다이빙장과 메인풀, 보조풀 등이 있고, 실내체육관은 [농구], [체조] 등의 경기를 개최할 수 있다. [2011년]부터 [고양_오리온_오리온스]가 [대구광역시]에서 [경기도] [고양시]로 연고지를 이전하여 홈 <경기장>으로 사용하고 있다. [2011년] [전국체육대회] 기간에 [수영], 체조 경기가 개최되었던 곳이기도 하다. [2012년] [11월_28일]부터 [12월_6일]까지 [2012_프로-아마농구_최강전]을 개최했다. [싸이]의 [노래] 《[GENTLEMAN]》 뮤직비디오와 [문화방송]에서 방송하였던 《[스타_다이빙_쇼_스플래시]》의 촬영지였다. [인천]에서 개최된 [2014년_아시안_게임]의 [펜싱] <경기장>으로 사용되기도 했다.","globalSId":[2786378,2786379,2786380,2786381,2786382,2786383,2786384],"entities":[{"kbox_types":["ArchitecturalStructure","Stadium","Place","SportFacility"],"st":0,"en_mention":5,"ancestor":"","eIdx":0,"st_mention":0,"en":7,"ne_type":"LOCATION","keyword":"<고양체육관>","e_type":"ELU"},{"kbox_types":["Country","PopulatedPlace","PopulatedPlace","Place"],"st":16,"en_mention":18,"ancestor":"","eIdx":1,"st_mention":14,"en":22,"ne_type":"LOCATION","keyword":"[대한민국]","e_type":"WIKILINK"},{"kbox_types":["PopulatedPlace","Settlement","PopulatedPlace","Place"],"st":23,"en_mention":22,"ancestor":"","eIdx":2,"st_mention":19,"en":28,"ne_type":"LOCATION","keyword":"[경기도]","e_type":"WIKILINK"},{"kbox_types":["PopulatedPlace","Place","Settlement","PopulatedPlace","City"],"st":29,"en_mention":26,"ancestor":"","eIdx":3,"st_mention":23,"en":34,"ne_type":"LOCATION","keyword":"[고양시]","e_type":"WIKILINK"},{"kbox_types":["PopulatedPlace","Settlement","PopulatedPlace","Place"],"st":35,"en_mention":31,"ancestor":"","eIdx":4,"st_mention":27,"en":41,"ne_type":"LOCATION","keyword":"[일산서구]","e_type":"WIKILINK"},{"kbox_types":["Place","PopulatedPlace","Settlement"],"st":42,"en_mention":35,"ancestor":"","eIdx":5,"st_mention":32,"en":53,"ne_type":"LOCATION","keyword":"[대화동_(고양시)]","e_type":"WIKILINK"},{"kbox_types":["ArchitecturalStructure","Stadium","Place","Place","SportFacility"],"st":54,"en_mention":43,"ancestor":"","eIdx":6,"st_mention":36,"en":63,"ne_type":"LOCATION","keyword":"[고양종합운동장]","e_type":"WIKILINK"},{"kbox_types":["Year","MusicalWork","TimePeriod","Work","Album"],"st":82,"en_mention":67,"ancestor":"","eIdx":7,"st_mention":62,"en":89,"ne_type":"TIME","keyword":"[2011년]","e_type":"WIKILINK"},{"kbox_types":["NULL"],"st":90,"en_mention":70,"ancestor":"","eIdx":8,"st_mention":68,"en":94,"ne_type":"TIME","keyword":"[7월]","e_type":"WIKILINK"},{"kbox_types":["Activity","Sport"],"st":140,"en_mention":118,"ancestor":"","eIdx":9,"st_mention":116,"en":144,"ne_type":"ETC","keyword":"[농구]","e_type":"WIKILINK"},{"kbox_types":["NULL"],"st":146,"en_mention":122,"ancestor":"","eIdx":10,"st_mention":120,"en":150,"ne_type":"ETC","keyword":"[체조]","e_type":"WIKILINK"},{"kbox_types":["Year","MusicalWork","TimePeriod","Work","Album"],"st":168,"en_mention":145,"ancestor":"","eIdx":11,"st_mention":140,"en":175,"ne_type":"TIME","keyword":"[2011년]","e_type":"WIKILINK"},{"kbox_types":["SoccerClub","Agent","Organisation","SportsTeam"],"st":178,"en_mention":159,"ancestor":"","eIdx":12,"st_mention":148,"en":191,"ne_type":"ORGANIZATION","keyword":"[고양_오리온_오리온스]","e_type":"WIKILINK"},{"kbox_types":["PopulatedPlace","Place","Settlement","PopulatedPlace","City"],"st":193,"en_mention":166,"ancestor":"","eIdx":13,"st_mention":161,"en":200,"ne_type":"LOCATION","keyword":"[대구광역시]","e_type":"WIKILINK"},{"kbox_types":["PopulatedPlace","Settlement","PopulatedPlace","Place"],"st":203,"en_mention":172,"ancestor":"","eIdx":14,"st_mention":169,"en":208,"ne_type":"LOCATION","keyword":"[경기도]","e_type":"WIKILINK"},{"kbox_types":["PopulatedPlace","Place","Settlement","PopulatedPlace","City"],"st":209,"en_mention":176,"ancestor":"","eIdx":15,"st_mention":173,"en":214,"ne_type":"LOCATION","keyword":"[고양시]","e_type":"WIKILINK"},{"kbox_types":["NULL"],"st":228,"en_mention":193,"ancestor":"","eIdx":16,"st_mention":190,"en":233,"ne_type":"ETC","keyword":"<경기장>","e_type":"ELU"},{"kbox_types":["Year","MusicalWork","TimePeriod","Work","Album"],"st":245,"en_mention":210,"ancestor":"","eIdx":17,"st_mention":205,"en":252,"ne_type":"TIME","keyword":"[2011년]","e_type":"WIKILINK"},{"kbox_types":["NULL"],"st":253,"en_mention":217,"ancestor":"","eIdx":18,"st_mention":211,"en":261,"ne_type":"ETC","keyword":"[전국체육대회]","e_type":"WIKILINK"},{"kbox_types":["NULL"],"st":266,"en_mention":224,"ancestor":"","eIdx":19,"st_mention":222,"en":270,"ne_type":"ETC","keyword":"[수영]","e_type":"WIKILINK"},{"kbox_types":["Year","MusicalWork","TimePeriod","Work","Album"],"st":294,"en_mention":253,"ancestor":"","eIdx":20,"st_mention":248,"en":301,"ne_type":"TIME","keyword":"[2012년]","e_type":"WIKILINK"},{"kbox_types":["NULL"],"st":302,"en_mention":261,"ancestor":"","eIdx":21,"st_mention":254,"en":311,"ne_type":"TIME","keyword":"[11월_28일]","e_type":"WIKILINK"},{"kbox_types":["NULL"],"st":314,"en_mention":270,"ancestor":"","eIdx":22,"st_mention":264,"en":322,"ne_type":"TIME","keyword":"[12월_6일]","e_type":"WIKILINK"},{"kbox_types":["NULL"],"st":325,"en_mention":289,"ancestor":"","eIdx":23,"st_mention":273,"en":343,"ne_type":"ETC","keyword":"[2012_프로-아마농구_최강전]","e_type":"WIKILINK"},{"kbox_types":["Agent","Person","MusicalArtist","Artist"],"st":351,"en_mention":299,"ancestor":"","eIdx":24,"st_mention":297,"en":355,"ne_type":"PERSON","keyword":"[싸이]","e_type":"WIKILINK"},{"kbox_types":["Instrument","Device"],"st":357,"en_mention":303,"ancestor":"","eIdx":25,"st_mention":301,"en":361,"ne_type":"ETC","keyword":"[노래]","e_type":"WIKILINK"},{"kbox_types":["Single","MusicalWork","Work"],"st":363,"en_mention":314,"ancestor":"","eIdx":26,"st_mention":305,"en":374,"ne_type":"ETC","keyword":"[GENTLEMAN]","e_type":"WIKILINK"},{"kbox_types":["Broadcaster","Company","Agent","BroadcastNetwork","Organisation"],"st":383,"en_mention":326,"ancestor":"","eIdx":27,"st_mention":323,"en":389,"ne_type":"ORGANIZATION","keyword":"[문화방송]","e_type":"WIKILINK"},{"kbox_types":["Work","TelevisionShow"],"st":399,"en_mention":349,"ancestor":"","eIdx":28,"st_mention":336,"en":414,"ne_type":"ETC","keyword":"[스타_다이빙_쇼_스플래시]","e_type":"WIKILINK"},{"kbox_types":["NULL"],"st":424,"en_mention":361,"ancestor":"","eIdx":29,"st_mention":359,"en":428,"ne_type":"LOCATION","keyword":"[인천]","e_type":"NEW"},{"kbox_types":["Event","SocietalEvent","SportsEvent"],"st":435,"en_mention":380,"ancestor":"","eIdx":30,"st_mention":368,"en":449,"ne_type":"ETC","keyword":"[2014년_아시안_게임]","e_type":"WIKILINK"},{"kbox_types":["NULL"],"st":451,"en_mention":384,"ancestor":"","eIdx":31,"st_mention":382,"en":455,"ne_type":"ETC","keyword":"[펜싱]","e_type":"WIKILINK"},{"kbox_types":["NULL"],"st":456,"en_mention":388,"ancestor":"","eIdx":32,"st_mention":385,"en":461,"ne_type":"ETC","keyword":"<경기장>","e_type":"ELU"}],"wikiPageId":783986,"pIdx":1,"plainText":"고양체육관(高陽體育館)은 대한민국 경기도 고양시 일산서구 대화동 고양종합운동장에 위치한 다목적 실내경기장이다. 2011년 7월에 개관하였으며, 실내수영장은 다이빙장과 메인풀, 보조풀 등이 있고, 실내체육관은 농구, 체조 등의 경기를 개최할 수 있다. 2011년부터 고양 오리온 오리온스가 대구광역시에서 경기도 고양시로 연고지를 이전하여 홈 경기장으로 사용하고 있다. 2011년 전국체육대회 기간에 수영, 체조 경기가 개최되었던 곳이기도 하다. 2012년 11월 28일부터 12월 6일까지 2012 프로-아마농구 최강전을 개최했다. 싸이의 노래 《GENTLEMAN》 뮤직비디오와 MBC에서 방송하였던 《스타 다이빙 쇼 스플래시》의 촬영지였다. 인천에서 개최된 2014년 아시안 게임의 펜싱 경기장으로 사용되기도 했다.","mentionTagged":"[고양체육관](高陽體育館)은 [대한민국] [경기도] [고양시] [일산서구] [대화동] [고양종합운동장]에 위치한 다목적 실내경기장이다. [2011년] [7월]에 개관하였으며, 실내수영장은 다이빙장과 메인풀, 보조풀 등이 있고, 실내체육관은 [농구], [체조] 등의 경기를 개최할 수 있다. [2011년]부터 [고양 오리온 오리온스]가 [대구광역시]에서 [경기도] [고양시]로 연고지를 이전하여 홈 [경기장]으로 사용하고 있다. [2011년] [전국체육대회] 기간에 [수영], 체조 경기가 개최되었던 곳이기도 하다. [2012년] [11월 28일]부터 [12월 6일]까지 [2012 프로-아마농구 최강전]을 개최했다. [싸이]의 [노래] 《[GENTLEMAN]》 뮤직비디오와 [MBC]에서 방송하였던 《[스타 다이빙 쇼 스플래시]》의 촬영지였다. [인천]에서 개최된 [2014년 아시안 게임]의 [펜싱] [경기장]으로 사용되기도 했다."}