{"entityTagged":"<대동은행>(大東銀行)은 [1989년]부터 [1998년]까지 퇴출은행 확정 전까지 [대구광역시]와 [경상북도]를 거점으로 영업했던 [대한민국]의 전국 규모 은행이다. 본점은 [대구광역시] [수성구] [중동_(대구)]에 있었으며 [1998년] 퇴출은행으로 확정되어 [국민은행]에 인수되었다.","globalSId":[1855416,1855417],"entities":[{"kbox_types":["NULL"],"st":0,"en_mention":4,"ancestor":"","eIdx":0,"st_mention":0,"en":6,"ne_type":"ETC","keyword":"<대동은행>","e_type":"ELU"},{"kbox_types":["Year","TimePeriod"],"st":14,"en_mention":17,"ancestor":"","eIdx":1,"st_mention":12,"en":21,"ne_type":"TIME","keyword":"[1989년]","e_type":"WIKILINK"},{"kbox_types":["Year","MusicalWork","TimePeriod","Work","Album"],"st":24,"en_mention":25,"ancestor":"","eIdx":2,"st_mention":20,"en":31,"ne_type":"TIME","keyword":"[1998년]","e_type":"WIKILINK"},{"kbox_types":["PopulatedPlace","Place","Settlement","PopulatedPlace","City"],"st":46,"en_mention":45,"ancestor":"","eIdx":3,"st_mention":40,"en":53,"ne_type":"LOCATION","keyword":"[대구광역시]","e_type":"WIKILINK"},{"kbox_types":["PopulatedPlace","Settlement","PopulatedPlace","Place"],"st":55,"en_mention":51,"ancestor":"","eIdx":4,"st_mention":47,"en":61,"ne_type":"LOCATION","keyword":"[경상북도]","e_type":"WIKILINK"},{"kbox_types":["Country","PopulatedPlace","PopulatedPlace","Place"],"st":73,"en_mention":67,"ancestor":"","eIdx":5,"st_mention":63,"en":79,"ne_type":"LOCATION","keyword":"[대한민국]","e_type":"WIKILINK"},{"kbox_types":["PopulatedPlace","Place","Settlement","PopulatedPlace","City"],"st":97,"en_mention":90,"ancestor":"","eIdx":6,"st_mention":85,"en":104,"ne_type":"LOCATION","keyword":"[대구광역시]","e_type":"WIKILINK"},{"kbox_types":["PopulatedPlace","Settlement","PopulatedPlace","Place"],"st":105,"en_mention":94,"ancestor":"","eIdx":7,"st_mention":91,"en":110,"ne_type":"LOCATION","keyword":"[수성구]","e_type":"WIKILINK"},{"kbox_types":["NULL"],"st":111,"en_mention":97,"ancestor":"","eIdx":8,"st_mention":95,"en":120,"ne_type":"ETC","keyword":"[중동_(대구)]","e_type":"WIKILINK"},{"kbox_types":["Year","MusicalWork","TimePeriod","Work","Album"],"st":127,"en_mention":109,"ancestor":"","eIdx":9,"st_mention":104,"en":134,"ne_type":"TIME","keyword":"[1998년]","e_type":"WIKILINK"},{"kbox_types":["Company","Agent","Organisation"],"st":147,"en_mention":126,"ancestor":"","eIdx":10,"st_mention":122,"en":153,"ne_type":"ORGANIZATION","keyword":"[국민은행]","e_type":"WIKILINK"}],"wikiPageId":364796,"pIdx":1,"plainText":"대동은행(大東銀行)은 1989년부터 1998년까지 퇴출은행 확정 전까지 대구광역시와 경상북도를 거점으로 영업했던 대한민국의 전국 규모 은행이다. 본점은 대구광역시 수성구 중동에 있었으며 1998년 퇴출은행으로 확정되어 국민은행에 인수되었다.","mentionTagged":"[대동은행](大東銀行)은 [1989년]부터 [1998년]까지 퇴출은행 확정 전까지 [대구광역시]와 [경상북도]를 거점으로 영업했던 [대한민국]의 전국 규모 은행이다. 본점은 [대구광역시] [수성구] [중동]에 있었으며 [1998년] 퇴출은행으로 확정되어 [국민은행]에 인수되었다."}