{"entityTagged":"[레안드로 호아킨 로드리게스 텔레체아] (Leandro Joaquín Rodríguez Telechea, [1992년] [11월_19일] ~ )는 [우루과이]의 [축구_선수]로, 현재 [벨기에_프로리그]의 [바슬란트-베베런]에서 뛰고 있다. 포지션은 [공격수]이다.","globalSId":[3679518,3679519],"entities":[{"kbox_types":["NULL"],"st":0,"en_mention":19,"ancestor":"","eIdx":0,"st_mention":0,"en":21,"ne_type":"PERSON","keyword":"[레안드로 호아킨 로드리게스 텔레체아]","e_type":"NEW"},{"kbox_types":["Year","TimePeriod"],"st":59,"en_mention":62,"ancestor":"","eIdx":1,"st_mention":57,"en":66,"ne_type":"TIME","keyword":"[1992년]","e_type":"WIKILINK"},{"kbox_types":["NULL"],"st":67,"en_mention":70,"ancestor":"","eIdx":2,"st_mention":63,"en":76,"ne_type":"TIME","keyword":"[11월_19일]","e_type":"WIKILINK"},{"kbox_types":["Country","PopulatedPlace","Settlement","PopulatedPlace","Place"],"st":82,"en_mention":80,"ancestor":"","eIdx":3,"st_mention":76,"en":88,"ne_type":"LOCATION","keyword":"[우루과이]","e_type":"WIKILINK"},{"kbox_types":["PersonFunction","Profession"],"st":90,"en_mention":87,"ancestor":"","eIdx":4,"st_mention":82,"en":97,"ne_type":"ETC","keyword":"[축구_선수]","e_type":"WIKILINK"},{"kbox_types":["NULL"],"st":103,"en_mention":101,"ancestor":"","eIdx":5,"st_mention":93,"en":113,"ne_type":"ETC","keyword":"[벨기에_프로리그]","e_type":"WIKILINK"},{"kbox_types":["SoccerClub","Agent","SportsTeam","Organisation"],"st":115,"en_mention":111,"ancestor":"","eIdx":6,"st_mention":103,"en":125,"ne_type":"ORGANIZATION","keyword":"[바슬란트-베베런]","e_type":"WIKILINK"},{"kbox_types":["NULL"],"st":140,"en_mention":129,"ancestor":"","eIdx":7,"st_mention":126,"en":145,"ne_type":"ETC","keyword":"[공격수]","e_type":"WIKILINK"}],"wikiPageId":1403226,"pIdx":1,"plainText":"레안드로 호아킨 로드리게스 텔레체아 (Leandro Joaquín Rodríguez Telechea, 1992년 11월 19일 ~ )는 우루과이의 축구 선수로, 현재 벨기에 프로리그의 바슬란트-베베런에서 뛰고 있다. 포지션은 공격수이다.","mentionTagged":"[레안드로 호아킨 로드리게스 텔레체아] (Leandro Joaquín Rodríguez Telechea, [1992년] [11월 19일] ~ )는 [우루과이]의 [축구 선수]로, 현재 [벨기에 프로리그]의 [바슬란트-베베런]에서 뛰고 있다. 포지션은 [공격수]이다."}