{"entityTagged":"<금과면>(金果面)은 [대한민국] [전라북도] [순창군]의 [면_(행정_구역)]이다.","globalSId":[2547298],"entities":[{"kbox_types":["NULL"],"st":0,"en_mention":3,"ancestor":"","eIdx":0,"st_mention":0,"en":5,"ne_type":"ETC","keyword":"<금과면>","e_type":"ELU"},{"kbox_types":["Country","PopulatedPlace","PopulatedPlace","Place"],"st":12,"en_mention":14,"ancestor":"","eIdx":1,"st_mention":10,"en":18,"ne_type":"LOCATION","keyword":"[대한민국]","e_type":"WIKILINK"},{"kbox_types":["PopulatedPlace","Settlement","PopulatedPlace","Place"],"st":19,"en_mention":19,"ancestor":"","eIdx":2,"st_mention":15,"en":25,"ne_type":"LOCATION","keyword":"[전라북도]","e_type":"WIKILINK"},{"kbox_types":["PopulatedPlace","Settlement","PopulatedPlace","Place"],"st":26,"en_mention":23,"ancestor":"","eIdx":3,"st_mention":20,"en":31,"ne_type":"LOCATION","keyword":"[순창군]","e_type":"WIKILINK"},{"kbox_types":["NULL"],"st":33,"en_mention":26,"ancestor":"","eIdx":4,"st_mention":25,"en":44,"ne_type":"ETC","keyword":"[면_(행정_구역)]","e_type":"WIKILINK"}],"wikiPageId":672955,"pIdx":1,"plainText":"금과면(金果面)은 대한민국 전라북도 순창군의 면이다.","mentionTagged":"[금과면](金果面)은 [대한민국] [전라북도] [순창군]의 [면]이다."}