{"entityTagged":"[카자흐스탄소경두더지쥐] 또는 [우랄소경두더지쥐](\"Spalax uralensis\")는 [소경쥐과]에 속하는 [설치류]의 일종이다. [카자흐스탄]의 토착종으로 [우랄_강] 분지와 유일 강의 홍수림, 테미르, [엠바_강]을 따라 발견된다. 서식지 범위는 약 100,000 km2<\/sup이다.","globalSId":[3966254,3966255,3966256],"entities":[{"kbox_types":["NULL"],"st":0,"en_mention":11,"ancestor":"","eIdx":0,"st_mention":0,"en":13,"ne_type":"ETC","keyword":"[카자흐스탄소경두더지쥐]","e_type":"NEW"},{"kbox_types":["NULL"],"st":17,"en_mention":23,"ancestor":"","eIdx":1,"st_mention":15,"en":27,"ne_type":"ETC","keyword":"[우랄소경두더지쥐]","e_type":"NEW"},{"kbox_types":["Animal","Species","TopicalConcept","Taxon","Eukaryote","Mammal"],"st":49,"en_mention":49,"ancestor":"","eIdx":2,"st_mention":45,"en":55,"ne_type":"ETC","keyword":"[소경쥐과]","e_type":"WIKILINK"},{"kbox_types":["Animal","Species","TopicalConcept","Taxon","Eukaryote"],"st":61,"en_mention":58,"ancestor":"","eIdx":3,"st_mention":55,"en":66,"ne_type":"ETC","keyword":"[설치류]","e_type":"WIKILINK"},{"kbox_types":["Country","Company","Agent","PopulatedPlace","Place","Company","Organisation"],"st":74,"en_mention":71,"ancestor":"","eIdx":4,"st_mention":66,"en":81,"ne_type":"ORGANIZATION","keyword":"[카자흐스탄]","e_type":"WIKILINK"},{"kbox_types":["River","Place","River","BodyOfWater","Stream","NaturalPlace"],"st":89,"en_mention":83,"ancestor":"","eIdx":5,"st_mention":79,"en":95,"ne_type":"LOCATION","keyword":"[우랄_강]","e_type":"WIKILINK"},{"kbox_types":["Stream","NaturalPlace","Place","River","BodyOfWater"],"st":116,"en_mention":108,"ancestor":"","eIdx":6,"st_mention":104,"en":122,"ne_type":"LOCATION","keyword":"[엠바_강]","e_type":"WIKILINK"}],"wikiPageId":1748748,"pIdx":1,"plainText":"카자흐스탄소경두더지쥐 또는 우랄소경두더지쥐(\"Spalax uralensis\")는 소경쥐과에 속하는 설치류의 일종이다. 카자흐스탄의 토착종으로 우랄 강 분지와 유일 강의 홍수림, 테미르, 엠바 강을 따라 발견된다. 서식지 범위는 약 100,000 km2<\/sup이다.","mentionTagged":"[카자흐스탄소경두더지쥐] 또는 [우랄소경두더지쥐](\"Spalax uralensis\")는 [소경쥐과]에 속하는 [설치류]의 일종이다. [카자흐스탄]의 토착종으로 [우랄 강] 분지와 유일 강의 홍수림, 테미르, [엠바 강]을 따라 발견된다. 서식지 범위는 약 100,000 km2<\/sup이다."}