{"entityTagged":"<모라역>(毛羅驛)은 [대한민국] [부산광역시] [사상구] <모라동>에 있는 [부산_도시철도_2호선]의 [지하철역]이다.","globalSId":[727400],"entities":[{"kbox_types":["MetroStation","ArchitecturalStructure","Place","Station","Infrastructure"],"st":0,"en_mention":3,"ancestor":"","eIdx":0,"st_mention":0,"en":5,"ne_type":"LOCATION","keyword":"<모라역>","e_type":"ELU"},{"kbox_types":["Country","PopulatedPlace","PopulatedPlace","Place"],"st":12,"en_mention":14,"ancestor":"","eIdx":1,"st_mention":10,"en":18,"ne_type":"LOCATION","keyword":"[대한민국]","e_type":"WIKILINK"},{"kbox_types":["PopulatedPlace","Place","Settlement","PopulatedPlace","City"],"st":19,"en_mention":20,"ancestor":"","eIdx":2,"st_mention":15,"en":26,"ne_type":"LOCATION","keyword":"[부산광역시]","e_type":"WIKILINK"},{"kbox_types":["PopulatedPlace","Settlement","PopulatedPlace","Place"],"st":27,"en_mention":24,"ancestor":"","eIdx":3,"st_mention":21,"en":32,"ne_type":"LOCATION","keyword":"[사상구]","e_type":"WIKILINK"},{"kbox_types":["NULL"],"st":33,"en_mention":28,"ancestor":"","eIdx":4,"st_mention":25,"en":38,"ne_type":"ETC","keyword":"<모라동>","e_type":"ELU"},{"kbox_types":["ArchitecturalStructure","Place","RailwayLine","RouteOfTransportation","Infrastructure"],"st":43,"en_mention":44,"ancestor":"","eIdx":5,"st_mention":33,"en":56,"ne_type":"LOCATION","keyword":"[부산_도시철도_2호선]","e_type":"WIKILINK"},{"kbox_types":["NULL"],"st":58,"en_mention":50,"ancestor":"","eIdx":6,"st_mention":46,"en":64,"ne_type":"ETC","keyword":"[지하철역]","e_type":"WIKILINK"}],"wikiPageId":94730,"pIdx":1,"plainText":"모라역(毛羅驛)은 대한민국 부산광역시 사상구 모라동에 있는 부산 도시철도 2호선의 지하철역이다.","mentionTagged":"[모라역](毛羅驛)은 [대한민국] [부산광역시] [사상구] [모라동]에 있는 [부산 도시철도 2호선]의 [지하철역]이다."}