{"entityTagged":"<고자카이_역>()은 [일본] [아이치_현] [도요카와_시]에 위치한 [도카이_여객철도] [이다_선]의 [철도역]이다. [상대식_승강장] 2면 2선의 구조를 갖춘 지상역이다.","globalSId":[3287496,3287497],"entities":[{"kbox_types":["ArchitecturalStructure","Place","Station","Place","Infrastructure","RailwayStation"],"st":0,"en_mention":6,"ancestor":"","eIdx":0,"st_mention":0,"en":8,"ne_type":"LOCATION","keyword":"<고자카이_역>","e_type":"ELU"},{"kbox_types":["Country","PopulatedPlace","PopulatedPlace","Place"],"st":12,"en_mention":12,"ancestor":"","eIdx":1,"st_mention":10,"en":16,"ne_type":"LOCATION","keyword":"[일본]","e_type":"WIKILINK"},{"kbox_types":["Region","PopulatedPlace","AdministrativeRegion","Settlement","Place","AdministrativeRegion"],"st":17,"en_mention":18,"ancestor":"","eIdx":2,"st_mention":13,"en":24,"ne_type":"LOCATION","keyword":"[아이치_현]","e_type":"WIKILINK"},{"kbox_types":["PopulatedPlace","Settlement","PopulatedPlace","City","Place"],"st":25,"en_mention":25,"ancestor":"","eIdx":3,"st_mention":19,"en":33,"ne_type":"LOCATION","keyword":"[도요카와_시]","e_type":"WIKILINK"},{"kbox_types":["Company","Agent","Organisation"],"st":39,"en_mention":39,"ancestor":"","eIdx":4,"st_mention":31,"en":49,"ne_type":"ORGANIZATION","keyword":"[도카이_여객철도]","e_type":"WIKILINK"},{"kbox_types":["ArchitecturalStructure","Place","RailwayLine","Place","RouteOfTransportation","Infrastructure"],"st":50,"en_mention":44,"ancestor":"","eIdx":5,"st_mention":40,"en":56,"ne_type":"LOCATION","keyword":"[이다_선]","e_type":"WIKILINK"},{"kbox_types":["NULL"],"st":58,"en_mention":49,"ancestor":"","eIdx":6,"st_mention":46,"en":63,"ne_type":"ETC","keyword":"[철도역]","e_type":"WIKILINK"},{"kbox_types":["NULL"],"st":67,"en_mention":60,"ancestor":"","eIdx":7,"st_mention":53,"en":76,"ne_type":"ETC","keyword":"[상대식_승강장]","e_type":"WIKILINK"}],"wikiPageId":1076471,"pIdx":1,"plainText":"고자카이 역()은 일본 아이치 현 도요카와 시에 위치한 도카이 여객철도 이다 선의 철도역이다. 상대식 승강장 2면 2선의 구조를 갖춘 지상역이다.","mentionTagged":"[고자카이 역]()은 [일본] [아이치 현] [도요카와 시]에 위치한 [도카이 여객철도] [이다 선]의 [철도역]이다. [상대식 승강장] 2면 2선의 구조를 갖춘 지상역이다."}