{"entityTagged":"[론델레티아속](\"Rondeletia\")은 [금눈돔목]에 속하는 [조기어류] 속의 하나이다. [론델레티아과](Rondeletiidae)의 유일속이다. [바르보우리시아_루파] 및 [기베리크티스과] 물고기와 밀접한 관계에 있다. [바르보우리시아과]는 이전에 [케토미무스목]으로 분류했지만, 현재는 [금눈돔목]으로 분류한다. 2종으로 이루어져 있다.","globalSId":[3469778,3469779,3469780,3469781,3469782],"entities":[{"kbox_types":["Animal","Species","TopicalConcept","Fish","Taxon","Eukaryote"],"st":0,"en_mention":6,"ancestor":"","eIdx":0,"st_mention":0,"en":8,"ne_type":"ETC","keyword":"[론델레티아속]","e_type":"NEW"},{"kbox_types":["Animal","Species","TopicalConcept","Fish","Taxon","Eukaryote"],"st":24,"en_mention":26,"ancestor":"","eIdx":1,"st_mention":22,"en":30,"ne_type":"ETC","keyword":"[금눈돔목]","e_type":"WIKILINK"},{"kbox_types":["Animal","Species","TopicalConcept","Taxon","Eukaryote"],"st":36,"en_mention":36,"ancestor":"","eIdx":2,"st_mention":32,"en":42,"ne_type":"ETC","keyword":"[조기어류]","e_type":"WIKILINK"},{"kbox_types":["NULL"],"st":52,"en_mention":52,"ancestor":"","eIdx":3,"st_mention":46,"en":60,"ne_type":"ETC","keyword":"[론델레티아과]","e_type":"NEW"},{"kbox_types":["Animal","Species","TopicalConcept","Fish","Taxon","Eukaryote"],"st":84,"en_mention":86,"ancestor":"","eIdx":4,"st_mention":76,"en":96,"ne_type":"ETC","keyword":"[바르보우리시아_루파]","e_type":"WIKILINK"},{"kbox_types":["NULL"],"st":99,"en_mention":96,"ancestor":"","eIdx":5,"st_mention":89,"en":108,"ne_type":"ETC","keyword":"[기베리크티스과]","e_type":"WIKILINK"},{"kbox_types":["NULL"],"st":126,"en_mention":122,"ancestor":"","eIdx":6,"st_mention":114,"en":136,"ne_type":"ETC","keyword":"[바르보우리시아과]","e_type":"NEW"},{"kbox_types":["Animal","Species","TopicalConcept","Fish","Taxon","Eukaryote"],"st":142,"en_mention":134,"ancestor":"","eIdx":7,"st_mention":128,"en":150,"ne_type":"ETC","keyword":"[케토미무스목]","e_type":"WIKILINK"},{"kbox_types":["Animal","Species","TopicalConcept","Fish","Taxon","Eukaryote"],"st":164,"en_mention":152,"ancestor":"","eIdx":8,"st_mention":148,"en":170,"ne_type":"ETC","keyword":"[금눈돔목]","e_type":"WIKILINK"}],"wikiPageId":1228887,"pIdx":1,"plainText":"론델레티아속(\"Rondeletia\")은 금눈돔목에 속하는 조기어류 속의 하나이다. 론델레티아과(Rondeletiidae)의 유일속이다. 바르보우리시아 루파 및 기베리크티스과 물고기와 밀접한 관계에 있다. 바르보우리시아과는 이전에 케토미무스목으로 분류했지만, 현재는 금눈돔목으로 분류한다. 2종으로 이루어져 있다.","mentionTagged":"[론델레티아속](\"Rondeletia\")은 [금눈돔목]에 속하는 [조기어류] 속의 하나이다. [론델레티아과](Rondeletiidae)의 유일속이다. [바르보우리시아 루파] 및 [기베리크티스과] 물고기와 밀접한 관계에 있다. [바르보우리시아과]는 이전에 [케토미무스목]으로 분류했지만, 현재는 [금눈돔목]으로 분류한다. 2종으로 이루어져 있다."}