{"entityTagged":"[나미이타카이간 역]()은 [일본] [이와테_현] [가미헤이_군] [오쓰치_정]에 위치한 [동일본_여객철도] [야마다_선]의 [철도역]이다. [단선_승강장] 1면 1선의 구조를 갖춘 지상역이다.","globalSId":[3960980,3960981],"entities":[{"kbox_types":["NULL"],"st":0,"en_mention":9,"ancestor":"","eIdx":0,"st_mention":0,"en":11,"ne_type":"LOCATION","keyword":"[나미이타카이간 역]","e_type":"NEW"},{"kbox_types":["Country","PopulatedPlace","PopulatedPlace","Place"],"st":15,"en_mention":15,"ancestor":"","eIdx":1,"st_mention":13,"en":19,"ne_type":"LOCATION","keyword":"[일본]","e_type":"WIKILINK"},{"kbox_types":["Region","PopulatedPlace","AdministrativeRegion","Place","AdministrativeRegion"],"st":20,"en_mention":21,"ancestor":"","eIdx":2,"st_mention":16,"en":27,"ne_type":"LOCATION","keyword":"[이와테_현]","e_type":"WIKILINK"},{"kbox_types":["NULL"],"st":28,"en_mention":28,"ancestor":"","eIdx":3,"st_mention":22,"en":36,"ne_type":"ETC","keyword":"[가미헤이_군]","e_type":"WIKILINK"},{"kbox_types":["Town","PopulatedPlace","Settlement","Town","Place"],"st":37,"en_mention":34,"ancestor":"","eIdx":4,"st_mention":29,"en":44,"ne_type":"LOCATION","keyword":"[오쓰치_정]","e_type":"WIKILINK"},{"kbox_types":["Agent","Organisation","Company"],"st":50,"en_mention":48,"ancestor":"","eIdx":5,"st_mention":40,"en":60,"ne_type":"ORGANIZATION","keyword":"[동일본_여객철도]","e_type":"WIKILINK"},{"kbox_types":["ArchitecturalStructure","Place","RailwayLine","RouteOfTransportation","Infrastructure"],"st":61,"en_mention":54,"ancestor":"","eIdx":6,"st_mention":49,"en":68,"ne_type":"LOCATION","keyword":"[야마다_선]","e_type":"WIKILINK"},{"kbox_types":["NULL"],"st":70,"en_mention":59,"ancestor":"","eIdx":7,"st_mention":56,"en":75,"ne_type":"ETC","keyword":"[철도역]","e_type":"WIKILINK"},{"kbox_types":["NULL"],"st":79,"en_mention":69,"ancestor":"","eIdx":8,"st_mention":63,"en":87,"ne_type":"ETC","keyword":"[단선_승강장]","e_type":"WIKILINK"}],"wikiPageId":1745460,"pIdx":1,"plainText":"나미이타카이간 역()은 일본 이와테 현 가미헤이 군 오쓰치 정에 위치한 동일본 여객철도 야마다 선의 철도역이다. 단선 승강장 1면 1선의 구조를 갖춘 지상역이다.","mentionTagged":"[나미이타카이간 역]()은 [일본] [이와테 현] [가미헤이 군] [오쓰치 정]에 위치한 [동일본 여객철도] [야마다 선]의 [철도역]이다. [단선 승강장] 1면 1선의 구조를 갖춘 지상역이다."}