{"entityTagged":"또한 자신의 조국인 [스위스_축구_국가대표팀]가 [아르헨티나_축구_국가대표팀]와 평가전을 갖게 된다는 소식을 듣자 평소에 친분이 있는 [세스크_파브레가스]를 통해 [리오넬_메시]의 유니폼을 획득하는 데에 성공했다.","globalSId":[430732],"entities":[{"kbox_types":["SoccerClub","Agent","SportsTeam","Organisation"],"st":11,"en_mention":14,"ancestor":"","eIdx":0,"st_mention":11,"en":25,"ne_type":"ORGANIZATION","keyword":"[스위스_축구_국가대표팀]","e_type":"WIKILINK"},{"kbox_types":["SoccerClub","Agent","SportsTeam","Organisation"],"st":27,"en_mention":21,"ancestor":"","eIdx":1,"st_mention":16,"en":43,"ne_type":"ORGANIZATION","keyword":"[아르헨티나_축구_국가대표팀]","e_type":"WIKILINK"},{"kbox_types":["SoccerPlayer","Athlete","Agent","Person"],"st":75,"en_mention":62,"ancestor":"","eIdx":2,"st_mention":53,"en":86,"ne_type":"PERSON","keyword":"[세스크_파브레가스]","e_type":"WIKILINK"},{"kbox_types":["SoccerPlayer","Athlete","Agent","Person"],"st":91,"en_mention":73,"ancestor":"","eIdx":3,"st_mention":67,"en":99,"ne_type":"PERSON","keyword":"[리오넬_메시]","e_type":"WIKILINK"}],"wikiPageId":45198,"pIdx":4,"plainText":"또한 자신의 조국인 스위스가 아르헨티나와 평가전을 갖게 된다는 소식을 듣자 평소에 친분이 있는 세스크 파브레가스를 통해 리오넬 메시의 유니폼을 획득하는 데에 성공했다.","mentionTagged":"또한 자신의 조국인 [스위스]가 [아르헨티나]와 평가전을 갖게 된다는 소식을 듣자 평소에 친분이 있는 [세스크 파브레가스]를 통해 [리오넬 메시]의 유니폼을 획득하는 데에 성공했다."}