{"entityTagged":"[삼성전자]는 [2011년] [5월] [4일]에 11.6인치 화면을 가진 시리즈9을 [한국] 시장에 이어서 출시하였다. 11.6인치 버전은 화면크기와 [중앙_처리_장치]가 [인텔_코어]인 점만을 제외하면 13.3인치 버전과 동일한 사양으로 출시되었다. 크기가 작아지면서 무게는 으로 줄었으나 두께는 13.3인치 버전과 동일하였다. 두달 뒤 11.6인치 버전의 [중앙_처리_장치]는 [인텔_코어]으로 업그레이드 되어 다시 [한국] 시장에 출시되었다. 초기의 제품 전략은 [애플_(기업)]의 [맥북_에어]에 대항할 수 있는 제품군을 만들어 경쟁을 하려고 했으나 작은 화면 모델의 판매 저조로 인하여 그해 말에 단정되었고 해외 출시 계획도 중단되었다. 11인치 모델 대신 그 후에 15인치급 모델이 도입되어 순차적으로 [한국] 시장과 해외 시장으로 출시되게 된다.","globalSId":[3269312,3269313,3269314,3269315,3269316,3269317],"entities":[{"kbox_types":["Company","Agent","Organisation"],"st":0,"en_mention":4,"ancestor":"","eIdx":0,"st_mention":0,"en":6,"ne_type":"ORGANIZATION","keyword":"[삼성전자]","e_type":"WIKILINK"},{"kbox_types":["Year","MusicalWork","TimePeriod","Work","Album"],"st":8,"en_mention":11,"ancestor":"","eIdx":1,"st_mention":6,"en":15,"ne_type":"TIME","keyword":"[2011년]","e_type":"NEW"},{"kbox_types":["NULL"],"st":16,"en_mention":14,"ancestor":"","eIdx":2,"st_mention":12,"en":20,"ne_type":"TIME","keyword":"[5월]","e_type":"NEW"},{"kbox_types":["NULL"],"st":21,"en_mention":17,"ancestor":"","eIdx":3,"st_mention":15,"en":25,"ne_type":"TIME","keyword":"[4일]","e_type":"NEW"},{"kbox_types":["Agent","EducationalInstitution","Organisation","University"],"st":47,"en_mention":41,"ancestor":"","eIdx":4,"st_mention":39,"en":51,"ne_type":"ORGANIZATION","keyword":"[한국]","e_type":"WIKILINK"},{"kbox_types":["NULL"],"st":84,"en_mention":77,"ancestor":"","eIdx":5,"st_mention":74,"en":94,"ne_type":"ETC","keyword":"[중앙_처리_장치]","e_type":"WIKILINK"},{"kbox_types":["NULL"],"st":96,"en_mention":93,"ancestor":"","eIdx":6,"st_mention":79,"en":103,"ne_type":"ETC","keyword":"[인텔_코어]","e_type":"WIKILINK"},{"kbox_types":["NULL"],"st":201,"en_mention":194,"ancestor":"","eIdx":7,"st_mention":191,"en":211,"ne_type":"ETC","keyword":"[중앙_처리_장치]","e_type":"WIKILINK"},{"kbox_types":["NULL"],"st":213,"en_mention":210,"ancestor":"","eIdx":8,"st_mention":196,"en":220,"ne_type":"ETC","keyword":"[인텔_코어]","e_type":"WIKILINK"},{"kbox_types":["Agent","EducationalInstitution","Organisation","University"],"st":235,"en_mention":227,"ancestor":"","eIdx":9,"st_mention":225,"en":239,"ne_type":"ORGANIZATION","keyword":"[한국]","e_type":"WIKILINK"},{"kbox_types":["Company","Agent","Organisation"],"st":262,"en_mention":252,"ancestor":"","eIdx":10,"st_mention":250,"en":271,"ne_type":"ORGANIZATION","keyword":"[애플_(기업)]","e_type":"WIKILINK"},{"kbox_types":["InformationAppliance","Device"],"st":273,"en_mention":259,"ancestor":"","eIdx":11,"st_mention":254,"en":280,"ne_type":"ETC","keyword":"[맥북_에어]","e_type":"WIKILINK"},{"kbox_types":["Agent","EducationalInstitution","Organisation","University"],"st":399,"en_mention":380,"ancestor":"","eIdx":12,"st_mention":378,"en":403,"ne_type":"ORGANIZATION","keyword":"[한국]","e_type":"WIKILINK"}],"wikiPageId":1063092,"pIdx":4,"plainText":"삼성전자는 2011년 5월 4일에 11.6인치 화면을 가진 시리즈9을 한국 시장에 이어서 출시하였다. 11.6인치 버전은 화면크기와 CPU가 인텔 코어 i5-380UM인 점만을 제외하면 13.3인치 버전과 동일한 사양으로 출시되었다. 크기가 작아지면서 무게는 으로 줄었으나 두께는 13.3인치 버전과 동일하였다. 두달 뒤 11.6인치 버전의 CPU는 인텔 코어 i5-2537M으로 업그레이드 되어 다시 한국 시장에 출시되었다. 초기의 제품 전략은 애플의 맥북 에어에 대항할 수 있는 제품군을 만들어 경쟁을 하려고 했으나 작은 화면 모델의 판매 저조로 인하여 그해 말에 단정되었고 해외 출시 계획도 중단되었다. 11인치 모델 대신 그 후에 15인치급 모델이 도입되어 순차적으로 한국 시장과 해외 시장으로 출시되게 된다.","mentionTagged":"[삼성전자]는 [2011년] [5월] [4일]에 11.6인치 화면을 가진 시리즈9을 [한국] 시장에 이어서 출시하였다. 11.6인치 버전은 화면크기와 [CPU]가 [인텔 코어 i5-380UM]인 점만을 제외하면 13.3인치 버전과 동일한 사양으로 출시되었다. 크기가 작아지면서 무게는 으로 줄었으나 두께는 13.3인치 버전과 동일하였다. 두달 뒤 11.6인치 버전의 [CPU]는 [인텔 코어 i5-2537M]으로 업그레이드 되어 다시 [한국] 시장에 출시되었다. 초기의 제품 전략은 [애플]의 [맥북 에어]에 대항할 수 있는 제품군을 만들어 경쟁을 하려고 했으나 작은 화면 모델의 판매 저조로 인하여 그해 말에 단정되었고 해외 출시 계획도 중단되었다. 11인치 모델 대신 그 후에 15인치급 모델이 도입되어 순차적으로 [한국] 시장과 해외 시장으로 출시되게 된다."}