{"entityTagged":"[스람날여우박쥐](\"Pteropus ocularis\")는 [큰박쥐류]에 속하는 [박쥐]의 일종이다. [스람]의 [마누셀라 국립공원]을 포함하여 [인도네시아]의 2개 섬, [부루_섬]와 [스람_섬]의 산악 지역 숲의 토착종이다. 한때는 [암본_섬] 근처에서도 서식했지만, 이제는 더이상 발견되지 않는다. 서식지 범위는 20,000km2이하이고 벌목때문에 감소하고 있다. 이와 같은 이유와 현지 주민들의 사냥때문에, [1996년] 이래 [국제_자연_보전_연맹](IUCN)이 [스람날여우박쥐]를 \"취약종\"으로 지정하고 있다.","globalSId":[3933449,3933450,3933451,3933452,3933453],"entities":[{"kbox_types":["NULL"],"st":0,"en_mention":7,"ancestor":"","eIdx":0,"st_mention":0,"en":9,"ne_type":"ETC","keyword":"[스람날여우박쥐]","e_type":"NEW"},{"kbox_types":["Animal","Species","TopicalConcept","Taxon","Eukaryote","Mammal"],"st":32,"en_mention":34,"ancestor":"","eIdx":1,"st_mention":30,"en":38,"ne_type":"ETC","keyword":"[큰박쥐류]","e_type":"WIKILINK"},{"kbox_types":["Animal","Species","TopicalConcept","Taxon","Eukaryote","Mammal"],"st":44,"en_mention":42,"ancestor":"","eIdx":2,"st_mention":40,"en":48,"ne_type":"ETC","keyword":"[박쥐]","e_type":"WIKILINK"},{"kbox_types":["NULL"],"st":56,"en_mention":52,"ancestor":"","eIdx":3,"st_mention":50,"en":60,"ne_type":"LOCATION","keyword":"[스람]","e_type":"NEW"},{"kbox_types":["NULL"],"st":62,"en_mention":63,"ancestor":"","eIdx":4,"st_mention":54,"en":73,"ne_type":"LOCATION","keyword":"[마누셀라 국립공원]","e_type":"NEW"},{"kbox_types":["Country","PopulatedPlace","PopulatedPlace","Place"],"st":80,"en_mention":75,"ancestor":"","eIdx":5,"st_mention":70,"en":87,"ne_type":"LOCATION","keyword":"[인도네시아]","e_type":"WIKILINK"},{"kbox_types":["PopulatedPlace","Island","PopulatedPlace","Place"],"st":95,"en_mention":87,"ancestor":"","eIdx":6,"st_mention":83,"en":101,"ne_type":"LOCATION","keyword":"[부루_섬]","e_type":"WIKILINK"},{"kbox_types":["PopulatedPlace","Island","PopulatedPlace","Place"],"st":103,"en_mention":93,"ancestor":"","eIdx":7,"st_mention":89,"en":109,"ne_type":"LOCATION","keyword":"[스람_섬]","e_type":"WIKILINK"},{"kbox_types":["PopulatedPlace","Island","PopulatedPlace","Place"],"st":131,"en_mention":119,"ancestor":"","eIdx":8,"st_mention":115,"en":137,"ne_type":"LOCATION","keyword":"[암본_섬]","e_type":"WIKILINK"},{"kbox_types":["Year","TimePeriod"],"st":231,"en_mention":218,"ancestor":"","eIdx":9,"st_mention":213,"en":238,"ne_type":"TIME","keyword":"[1996년]","e_type":"NEW"},{"kbox_types":["Company","Non-ProfitOrganisation","Agent","Organisation"],"st":242,"en_mention":233,"ancestor":"","eIdx":10,"st_mention":222,"en":255,"ne_type":"ORGANIZATION","keyword":"[국제_자연_보전_연맹]","e_type":"WIKILINK"},{"kbox_types":["NULL"],"st":263,"en_mention":248,"ancestor":"","eIdx":11,"st_mention":241,"en":272,"ne_type":"ETC","keyword":"[스람날여우박쥐]","e_type":"NEW"}],"wikiPageId":1723068,"pIdx":1,"plainText":"스람날여우박쥐(\"Pteropus ocularis\")는 큰박쥐과에 속하는 박쥐의 일종이다. 스람의 마누셀라 국립공원을 포함하여 인도네시아의 2개 섬, 부루 섬와 스람 섬의 산악 지역 숲의 토착종이다. 한때는 암본 섬 근처에서도 서식했지만, 이제는 더이상 발견되지 않는다. 서식지 범위는 20,000km2이하이고 벌목때문에 감소하고 있다. 이와 같은 이유와 현지 주민들의 사냥때문에, 1996년 이래 국제 자연 보전 연맹(IUCN)이 스람날여우박쥐를 \"취약종\"으로 지정하고 있다.","mentionTagged":"[스람날여우박쥐](\"Pteropus ocularis\")는 [큰박쥐과]에 속하는 [박쥐]의 일종이다. [스람]의 [마누셀라 국립공원]을 포함하여 [인도네시아]의 2개 섬, [부루 섬]와 [스람 섬]의 산악 지역 숲의 토착종이다. 한때는 [암본 섬] 근처에서도 서식했지만, 이제는 더이상 발견되지 않는다. 서식지 범위는 20,000km2이하이고 벌목때문에 감소하고 있다. 이와 같은 이유와 현지 주민들의 사냥때문에, [1996년] 이래 [국제 자연 보전 연맹](IUCN)이 [스람날여우박쥐]를 \"취약종\"으로 지정하고 있다."}