{"entityTagged":"[메종알포르]()는 [프랑스] [일드프랑스] [발드마른_주]에 위치한 도시로 면적은 5.38㎢, 인구는 53,607명(2006년 기준), 인구 밀도는 10,000명\/㎢이다. [파리_(프랑스)]에서 8.4km 정도 떨어진 곳에 위치한다.","globalSId":[3622397,3622398],"entities":[{"kbox_types":["PopulatedPlace","Settlement","PopulatedPlace","Place"],"st":0,"en_mention":5,"ancestor":"","eIdx":0,"st_mention":0,"en":7,"ne_type":"LOCATION","keyword":"[메종알포르]","e_type":"NEW"},{"kbox_types":["Country","PopulatedPlace","Settlement","PopulatedPlace","Place"],"st":11,"en_mention":12,"ancestor":"","eIdx":1,"st_mention":9,"en":16,"ne_type":"LOCATION","keyword":"[프랑스]","e_type":"WIKILINK"},{"kbox_types":["Region","PopulatedPlace","AdministrativeRegion","Place","AdministrativeRegion"],"st":17,"en_mention":18,"ancestor":"","eIdx":2,"st_mention":13,"en":24,"ne_type":"LOCATION","keyword":"[일드프랑스]","e_type":"WIKILINK"},{"kbox_types":["PopulatedPlace","Settlement","PopulatedPlace","Place"],"st":25,"en_mention":25,"ancestor":"","eIdx":3,"st_mention":19,"en":33,"ne_type":"LOCATION","keyword":"[발드마른_주]","e_type":"WIKILINK"},{"kbox_types":["PopulatedPlace","Place","Settlement","PopulatedPlace"],"st":97,"en_mention":91,"ancestor":"","eIdx":4,"st_mention":89,"en":107,"ne_type":"LOCATION","keyword":"[파리_(프랑스)]","e_type":"WIKILINK"}],"wikiPageId":1350665,"pIdx":1,"plainText":"메종알포르()는 프랑스 일드프랑스 발드마른 주에 위치한 도시로 면적은 5.38㎢, 인구는 53,607명(2006년 기준), 인구 밀도는 10,000명\/㎢이다. 파리에서 8.4km 정도 떨어진 곳에 위치한다.","mentionTagged":"[메종알포르]()는 [프랑스] [일드프랑스] [발드마른 주]에 위치한 도시로 면적은 5.38㎢, 인구는 53,607명(2006년 기준), 인구 밀도는 10,000명\/㎢이다. [파리]에서 8.4km 정도 떨어진 곳에 위치한다."}