{"entityTagged":"<이치부리_역>()은 [일본] [니가타_현] [이토이가와_시]에 있는 [철도역]이다.","globalSId":[2673317],"entities":[{"kbox_types":["ArchitecturalStructure","Place","Station","Place","Infrastructure","RailwayStation"],"st":0,"en_mention":6,"ancestor":"","eIdx":0,"st_mention":0,"en":8,"ne_type":"LOCATION","keyword":"<이치부리_역>","e_type":"ELU"},{"kbox_types":["Country","PopulatedPlace","PopulatedPlace","Place"],"st":12,"en_mention":12,"ancestor":"","eIdx":1,"st_mention":10,"en":16,"ne_type":"LOCATION","keyword":"[일본]","e_type":"WIKILINK"},{"kbox_types":["Region","PopulatedPlace","AdministrativeRegion","Place","AdministrativeRegion"],"st":17,"en_mention":18,"ancestor":"","eIdx":2,"st_mention":13,"en":24,"ne_type":"LOCATION","keyword":"[니가타_현]","e_type":"WIKILINK"},{"kbox_types":["PopulatedPlace","Settlement","PopulatedPlace","City","Place"],"st":25,"en_mention":26,"ancestor":"","eIdx":3,"st_mention":19,"en":34,"ne_type":"LOCATION","keyword":"[이토이가와_시]","e_type":"WIKILINK"},{"kbox_types":["NULL"],"st":39,"en_mention":34,"ancestor":"","eIdx":4,"st_mention":31,"en":44,"ne_type":"ETC","keyword":"[철도역]","e_type":"WIKILINK"}],"wikiPageId":730681,"pIdx":1,"plainText":"이치부리 역()은 일본 니가타 현 이토이가와 시에 있는 철도역이다.","mentionTagged":"[이치부리 역]()은 [일본] [니가타 현] [이토이가와 시]에 있는 [철도역]이다."}