{"entityTagged":"현의 동부 지역에는 [크로아티아어]의 희귀한 옛 억양을 사용하는 [크로아티아인]들이 산다.","globalSId":[2754819],"entities":[{"kbox_types":["Language"],"st":11,"en_mention":17,"ancestor":"","eIdx":0,"st_mention":11,"en":19,"ne_type":"ETC","keyword":"[크로아티아어]","e_type":"WIKILINK"},{"kbox_types":["EthnicGroup"],"st":36,"en_mention":40,"ancestor":"","eIdx":1,"st_mention":34,"en":44,"ne_type":"ETC","keyword":"[크로아티아인]","e_type":"WIKILINK"}],"wikiPageId":768523,"pIdx":2,"plainText":"현의 동부 지역에는 크로아티아어의 희귀한 옛 억양을 사용하는 크로아티아인들이 산다.","mentionTagged":"현의 동부 지역에는 [크로아티아어]의 희귀한 옛 억양을 사용하는 [크로아티아인]들이 산다."}