{"entityTagged":"개요. [경부고속철도]를 계획하던 [1990년] [6월], 동대구-경주-부산 구간을 확정하고 배후 지역으로 [영천시], [경주시], [포항시], [울산광역시]가 거론되었다. 그 중 \u201C[대한민국]을 대표하는 역사적 도시\u201D, \u201C[대한민국]의 관광 대표 도시\u201D로서 [경주시]의 중요성이 부각되었고 [포항시]에는 [포항공항], [울산광역시]는 [울산공항]이 있는데 반해 [경주시]는 공항이 없었고, 관광 도시 접근 편의성이 중요해 신경주역 신설이 확정되었다. 이후 <신경주역>을 동남권 대표 정차역으로 천명하였으나, [노무현_정부] 시절 [울산광역시]에서 [광역시]의 위상을 들어 [울산역] 신설을 요구하였다. [2004년] [건설교통부]에서 받아들이고, [경부고속철도] 2단계 구간을 수정해서 [오송역], [김천(구미)역], [울산역]을 추가하도록 했다.","globalSId":[1295128,1295129,1295130,1295131,1295132],"entities":[{"kbox_types":["ArchitecturalStructure","Place","RailwayLine","RouteOfTransportation","Infrastructure"],"st":4,"en_mention":9,"ancestor":"","eIdx":0,"st_mention":3,"en":12,"ne_type":"LOCATION","keyword":"[경부고속철도]","e_type":"WIKILINK"},{"kbox_types":["Year","TimePeriod"],"st":19,"en_mention":21,"ancestor":"","eIdx":1,"st_mention":16,"en":26,"ne_type":"TIME","keyword":"[1990년]","e_type":"WIKILINK"},{"kbox_types":["NULL"],"st":27,"en_mention":24,"ancestor":"","eIdx":2,"st_mention":22,"en":31,"ne_type":"TIME","keyword":"[6월]","e_type":"WIKILINK"},{"kbox_types":["PopulatedPlace","Settlement","PopulatedPlace","City","Place"],"st":60,"en_mention":56,"ancestor":"","eIdx":3,"st_mention":53,"en":65,"ne_type":"LOCATION","keyword":"[영천시]","e_type":"WIKILINK"},{"kbox_types":["PopulatedPlace","Settlement","PopulatedPlace","City","Place"],"st":67,"en_mention":61,"ancestor":"","eIdx":4,"st_mention":58,"en":72,"ne_type":"LOCATION","keyword":"[경주시]","e_type":"WIKILINK"},{"kbox_types":["PopulatedPlace","Place","Settlement","PopulatedPlace","City"],"st":74,"en_mention":66,"ancestor":"","eIdx":5,"st_mention":63,"en":79,"ne_type":"LOCATION","keyword":"[포항시]","e_type":"WIKILINK"},{"kbox_types":["PopulatedPlace","Place","Settlement","PopulatedPlace","City"],"st":81,"en_mention":73,"ancestor":"","eIdx":6,"st_mention":68,"en":88,"ne_type":"LOCATION","keyword":"[울산광역시]","e_type":"WIKILINK"},{"kbox_types":["Country","PopulatedPlace","PopulatedPlace","Place"],"st":102,"en_mention":91,"ancestor":"","eIdx":7,"st_mention":87,"en":108,"ne_type":"LOCATION","keyword":"[대한민국]","e_type":"WIKILINK"},{"kbox_types":["Country","PopulatedPlace","PopulatedPlace","Place"],"st":125,"en_mention":112,"ancestor":"","eIdx":8,"st_mention":108,"en":131,"ne_type":"LOCATION","keyword":"[대한민국]","e_type":"WIKILINK"},{"kbox_types":["PopulatedPlace","Settlement","PopulatedPlace","City","Place"],"st":145,"en_mention":129,"ancestor":"","eIdx":9,"st_mention":126,"en":150,"ne_type":"LOCATION","keyword":"[경주시]","e_type":"WIKILINK"},{"kbox_types":["PopulatedPlace","Place","Settlement","PopulatedPlace","City"],"st":163,"en_mention":145,"ancestor":"","eIdx":10,"st_mention":142,"en":168,"ne_type":"LOCATION","keyword":"[포항시]","e_type":"WIKILINK"},{"kbox_types":["ArchitecturalStructure","Place","Infrastructure","Airport","Airport"],"st":171,"en_mention":152,"ancestor":"","eIdx":11,"st_mention":148,"en":177,"ne_type":"LOCATION","keyword":"[포항공항]","e_type":"WIKILINK"},{"kbox_types":["PopulatedPlace","Place","Settlement","PopulatedPlace","City"],"st":179,"en_mention":159,"ancestor":"","eIdx":12,"st_mention":154,"en":186,"ne_type":"LOCATION","keyword":"[울산광역시]","e_type":"WIKILINK"},{"kbox_types":["ArchitecturalStructure","Place","Infrastructure","Airport","Airport"],"st":188,"en_mention":165,"ancestor":"","eIdx":13,"st_mention":161,"en":194,"ne_type":"LOCATION","keyword":"[울산공항]","e_type":"WIKILINK"},{"kbox_types":["PopulatedPlace","Settlement","PopulatedPlace","City","Place"],"st":203,"en_mention":177,"ancestor":"","eIdx":14,"st_mention":174,"en":208,"ne_type":"LOCATION","keyword":"[경주시]","e_type":"WIKILINK"},{"kbox_types":["ArchitecturalStructure","Place","Station","Place","Infrastructure","RailwayStation"],"st":256,"en_mention":229,"ancestor":"","eIdx":15,"st_mention":225,"en":262,"ne_type":"LOCATION","keyword":"<신경주역>","e_type":"ELU"},{"kbox_types":["NULL"],"st":285,"en_mention":258,"ancestor":"","eIdx":16,"st_mention":252,"en":293,"ne_type":"ETC","keyword":"[노무현_정부]","e_type":"WIKILINK"},{"kbox_types":["PopulatedPlace","Place","Settlement","PopulatedPlace","City"],"st":297,"en_mention":267,"ancestor":"","eIdx":17,"st_mention":262,"en":304,"ne_type":"LOCATION","keyword":"[울산광역시]","e_type":"WIKILINK"},{"kbox_types":["NULL"],"st":307,"en_mention":273,"ancestor":"","eIdx":18,"st_mention":270,"en":312,"ne_type":"ETC","keyword":"[광역시]","e_type":"WIKILINK"},{"kbox_types":["ArchitecturalStructure","Place","Station","Place","Infrastructure","RailwayStation"],"st":321,"en_mention":285,"ancestor":"","eIdx":19,"st_mention":282,"en":326,"ne_type":"LOCATION","keyword":"[울산역]","e_type":"WIKILINK"},{"kbox_types":["Year","TimePeriod"],"st":338,"en_mention":302,"ancestor":"","eIdx":20,"st_mention":297,"en":345,"ne_type":"TIME","keyword":"[2004년]","e_type":"WIKILINK"},{"kbox_types":["NULL"],"st":346,"en_mention":308,"ancestor":"","eIdx":21,"st_mention":303,"en":353,"ne_type":"ETC","keyword":"[건설교통부]","e_type":"WIKILINK"},{"kbox_types":["ArchitecturalStructure","Place","RailwayLine","RouteOfTransportation","Infrastructure"],"st":363,"en_mention":324,"ancestor":"","eIdx":22,"st_mention":318,"en":371,"ne_type":"LOCATION","keyword":"[경부고속철도]","e_type":"WIKILINK"},{"kbox_types":["ArchitecturalStructure","Place","Station","Place","Infrastructure","RailwayStation"],"st":385,"en_mention":341,"ancestor":"","eIdx":23,"st_mention":338,"en":390,"ne_type":"LOCATION","keyword":"[오송역]","e_type":"WIKILINK"},{"kbox_types":["ArchitecturalStructure","Place","Station","Place","Infrastructure","RailwayStation"],"st":392,"en_mention":350,"ancestor":"","eIdx":24,"st_mention":343,"en":401,"ne_type":"LOCATION","keyword":"[김천(구미)역]","e_type":"WIKILINK"},{"kbox_types":["ArchitecturalStructure","Place","Station","Place","Infrastructure","RailwayStation"],"st":403,"en_mention":355,"ancestor":"","eIdx":25,"st_mention":352,"en":408,"ne_type":"LOCATION","keyword":"[울산역]","e_type":"WIKILINK"}],"wikiPageId":215904,"pIdx":3,"plainText":"개요 경부고속철도를 계획하던 1990년 6월, 동대구-경주-부산 구간을 확정하고 배후 지역으로 영천시, 경주시, 포항시, 울산광역시가 거론되었다. 그 중 \u201C대한민국을 대표하는 역사적 도시\u201D, \u201C대한민국의 관광 대표 도시\u201D로서 경주시의 중요성이 부각되었고 포항시에는 포항공항, 울산광역시는 울산공항이 있는데 반해 경주시는 공항이 없었고, 관광 도시 접근 편의성이 중요해 신경주역 신설이 확정되었다. 이후 신경주역을 동남권 대표 정차역으로 천명하였으나, 노무현 정부 시절 울산광역시에서 광역시의 위상을 들어 울산역 신설을 요구하였다. 2004년 건설교통부에서 받아들이고, 경부고속철도 2단계 구간을 수정해서 오송역, 김천(구미)역, 울산역을 추가하도록 했다.","mentionTagged":"개요 [경부고속철도]를 계획하던 [1990년] [6월], 동대구-경주-부산 구간을 확정하고 배후 지역으로 [영천시], [경주시], [포항시], [울산광역시]가 거론되었다. 그 중 \u201C[대한민국]을 대표하는 역사적 도시\u201D, \u201C[대한민국]의 관광 대표 도시\u201D로서 [경주시]의 중요성이 부각되었고 [포항시]에는 [포항공항], [울산광역시]는 [울산공항]이 있는데 반해 [경주시]는 공항이 없었고, 관광 도시 접근 편의성이 중요해 신경주역 신설이 확정되었다. 이후 [신경주역]을 동남권 대표 정차역으로 천명하였으나, [노무현 정부] 시절 [울산광역시]에서 [광역시]의 위상을 들어 [울산역] 신설을 요구하였다. [2004년] [건설교통부]에서 받아들이고, [경부고속철도] 2단계 구간을 수정해서 [오송역], [김천(구미)역], [울산역]을 추가하도록 했다."}