{"entityTagged":"<포트먼_로드>()는 [잉글랜드] [서퍽_주] [입스위치]에 위치한 [축구] <경기장>으로, 수용 인원은 30,311명이며 [입스위치_타운_FC]의 홈 구장으로 사용되고 있다. 과거 [잉글랜드 청소년 축구 국가대표팀] 경기가 여러 차례 열렸으며 [2003년] [잉글랜드_축구_국가대표팀]와 [크로아티아_축구_국가대표팀]의 친선 경기가 열리기도 했던 곳이다.","globalSId":[2902937,2902938],"entities":[{"kbox_types":["ArchitecturalStructure","Stadium","Place","Place","SportFacility"],"st":0,"en_mention":6,"ancestor":"","eIdx":0,"st_mention":0,"en":8,"ne_type":"LOCATION","keyword":"<포트먼_로드>","e_type":"ELU"},{"kbox_types":["Country","PopulatedPlace","Settlement","PopulatedPlace","Place"],"st":12,"en_mention":14,"ancestor":"","eIdx":1,"st_mention":10,"en":18,"ne_type":"LOCATION","keyword":"[잉글랜드]","e_type":"WIKILINK"},{"kbox_types":["Place","PopulatedPlace","Settlement"],"st":19,"en_mention":19,"ancestor":"","eIdx":2,"st_mention":15,"en":25,"ne_type":"LOCATION","keyword":"[서퍽_주]","e_type":"WIKILINK"},{"kbox_types":["PopulatedPlace","Settlement","PopulatedPlace","City","Place"],"st":26,"en_mention":24,"ancestor":"","eIdx":3,"st_mention":20,"en":32,"ne_type":"LOCATION","keyword":"[입스위치]","e_type":"WIKILINK"},{"kbox_types":["Activity","Sport"],"st":38,"en_mention":32,"ancestor":"","eIdx":4,"st_mention":30,"en":42,"ne_type":"ETC","keyword":"[축구]","e_type":"WIKILINK"},{"kbox_types":["NULL"],"st":43,"en_mention":36,"ancestor":"","eIdx":5,"st_mention":33,"en":48,"ne_type":"ETC","keyword":"<경기장>","e_type":"ELU"},{"kbox_types":["SoccerClub","Agent","SportsTeam","Organisation"],"st":69,"en_mention":67,"ancestor":"","eIdx":6,"st_mention":57,"en":81,"ne_type":"ORGANIZATION","keyword":"[입스위치_타운_FC]","e_type":"WIKILINK"},{"kbox_types":["NULL"],"st":102,"en_mention":105,"ancestor":"","eIdx":7,"st_mention":88,"en":121,"ne_type":"ORGANIZATION","keyword":"[잉글랜드 청소년 축구 국가대표팀]","e_type":"NEW"},{"kbox_types":["Year","MusicalWork","TimePeriod","Work","Album"],"st":137,"en_mention":126,"ancestor":"","eIdx":8,"st_mention":121,"en":144,"ne_type":"TIME","keyword":"[2003년]","e_type":"WIKILINK"},{"kbox_types":["SoccerClub","Agent","SportsTeam","Organisation"],"st":145,"en_mention":131,"ancestor":"","eIdx":9,"st_mention":127,"en":160,"ne_type":"ORGANIZATION","keyword":"[잉글랜드_축구_국가대표팀]","e_type":"WIKILINK"},{"kbox_types":["SoccerClub","Agent","SportsTeam","Organisation"],"st":162,"en_mention":138,"ancestor":"","eIdx":10,"st_mention":133,"en":178,"ne_type":"ORGANIZATION","keyword":"[크로아티아_축구_국가대표팀]","e_type":"WIKILINK"}],"wikiPageId":848692,"pIdx":1,"plainText":"포트먼 로드()는 잉글랜드 서퍽 주 입스위치에 위치한 축구 경기장으로, 수용 인원은 30,311명이며 입스위치 타운 FC의 홈 구장으로 사용되고 있다. 과거 잉글랜드 청소년 축구 국가대표팀 경기가 여러 차례 열렸으며 2003년 잉글랜드와 크로아티아의 친선 경기가 열리기도 했던 곳이다.","mentionTagged":"[포트먼 로드]()는 [잉글랜드] [서퍽 주] [입스위치]에 위치한 [축구] [경기장]으로, 수용 인원은 30,311명이며 [입스위치 타운 FC]의 홈 구장으로 사용되고 있다. 과거 [잉글랜드 청소년 축구 국가대표팀] 경기가 여러 차례 열렸으며 [2003년] [잉글랜드]와 [크로아티아]의 친선 경기가 열리기도 했던 곳이다."}