{"entityTagged":"[목릉](穆陵)은 [조선] 제14대 왕인 [조선_선조]와 정비 [의인왕후] 박씨, 계비 [인목왕후] 김씨의 능이다. [동구릉]의 하나로 [사적] 제 193호로 지정되어 있으며, [경기도] [구리시] <인창동>에 위치한다.","globalSId":[1747239,1747240],"entities":[{"kbox_types":["NULL"],"st":0,"en_mention":2,"ancestor":"","eIdx":0,"st_mention":0,"en":4,"ne_type":"ETC","keyword":"[목릉]","e_type":"NEW"},{"kbox_types":["Country","NobleFamily","Agent","PopulatedPlace","Settlement","Family","PopulatedPlace","Place"],"st":10,"en_mention":10,"ancestor":"","eIdx":1,"st_mention":8,"en":14,"ne_type":"LOCATION","keyword":"[조선]","e_type":"WIKILINK"},{"kbox_types":["Monarch","Agent","Person"],"st":23,"en_mention":21,"ancestor":"","eIdx":2,"st_mention":19,"en":30,"ne_type":"PERSON","keyword":"[조선_선조]","e_type":"WIKILINK"},{"kbox_types":["Royalty","BritishRoyalty","Agent","Person"],"st":35,"en_mention":30,"ancestor":"","eIdx":3,"st_mention":26,"en":41,"ne_type":"PERSON","keyword":"[의인왕후]","e_type":"WIKILINK"},{"kbox_types":["Royalty","BritishRoyalty","Agent","Person"],"st":49,"en_mention":42,"ancestor":"","eIdx":4,"st_mention":38,"en":55,"ne_type":"PERSON","keyword":"[인목왕후]","e_type":"WIKILINK"},{"kbox_types":["NULL"],"st":65,"en_mention":55,"ancestor":"","eIdx":5,"st_mention":52,"en":70,"ne_type":"ETC","keyword":"[동구릉]","e_type":"WIKILINK"},{"kbox_types":["NULL"],"st":76,"en_mention":63,"ancestor":"","eIdx":6,"st_mention":61,"en":80,"ne_type":"ETC","keyword":"[사적]","e_type":"WIKILINK"},{"kbox_types":["PopulatedPlace","Settlement","PopulatedPlace","Place"],"st":99,"en_mention":85,"ancestor":"","eIdx":7,"st_mention":82,"en":104,"ne_type":"LOCATION","keyword":"[경기도]","e_type":"WIKILINK"},{"kbox_types":["PopulatedPlace","Settlement","PopulatedPlace","City","Place"],"st":105,"en_mention":89,"ancestor":"","eIdx":8,"st_mention":86,"en":110,"ne_type":"LOCATION","keyword":"[구리시]","e_type":"WIKILINK"},{"kbox_types":["NULL"],"st":111,"en_mention":93,"ancestor":"","eIdx":9,"st_mention":90,"en":116,"ne_type":"ETC","keyword":"<인창동>","e_type":"ELU"}],"wikiPageId":331884,"pIdx":1,"plainText":"목릉(穆陵)은 조선 제14대 왕인 선조와 정비 의인왕후 박씨, 계비 인목왕후 김씨의 능이다. 동구릉의 하나로 사적 제 193호로 지정되어 있으며, 경기도 구리시 인창동에 위치한다.","mentionTagged":"[목릉](穆陵)은 [조선] 제14대 왕인 [선조]와 정비 [의인왕후] 박씨, 계비 [인목왕후] 김씨의 능이다. [동구릉]의 하나로 [사적] 제 193호로 지정되어 있으며, [경기도] [구리시] [인창동]에 위치한다."}