{"entityTagged":"《[클라렌스는_엉뚱해!]》는 [카툰_네트워크]의 [스카일러_페이지]가 기획한 [미국]의 텔레비전 애니메이션이다. 《[어드벤처_타임]》의 스토리보드 작가이자 《[Secret Mountain Fort Awesome]》의 스토리보드 편집자로 [카툰 네트워크]에서 근무했던 <스카일러_페이지>는 이 시리즈를 개발하기 위해 [2012년] [카툰_네트워크_스튜디오]에서 단편을 제작하였다. 이 작품은 낙관적인 사고를 지닌 어린 소년 <클래런스>의 이야기를 다루고 있다. [2014년] [2월] [17일] [카툰 네트워크]에서 개최하여 방송된 [홀 오브 게임 시상식](Hall of Game Awards)을 통해 이 작품의 파일럿이 공개되었고, [TV-PG 등급]을 받았다.","globalSId":[3497576,3497577,3497578,3497579],"entities":[{"kbox_types":["Work","TelevisionShow"],"st":1,"en_mention":11,"ancestor":"","eIdx":0,"st_mention":1,"en":13,"ne_type":"ETC","keyword":"[클라렌스는_엉뚱해!]","e_type":"WIKILINK"},{"kbox_types":["Broadcaster","TelevisionStation","Company","Agent","Organisation"],"st":16,"en_mention":21,"ancestor":"","eIdx":1,"st_mention":14,"en":25,"ne_type":"ORGANIZATION","keyword":"[카툰_네트워크]","e_type":"WIKILINK"},{"kbox_types":["Agent","Person"],"st":27,"en_mention":31,"ancestor":"","eIdx":2,"st_mention":23,"en":37,"ne_type":"PERSON","keyword":"[스카일러_페이지]","e_type":"WIKILINK"},{"kbox_types":["Country","PopulatedPlace","PopulatedPlace","Place"],"st":43,"en_mention":39,"ancestor":"","eIdx":3,"st_mention":37,"en":47,"ne_type":"LOCATION","keyword":"[미국]","e_type":"NEW"},{"kbox_types":["Work","TelevisionShow"],"st":64,"en_mention":63,"ancestor":"","eIdx":4,"st_mention":56,"en":73,"ne_type":"ETC","keyword":"[어드벤처_타임]","e_type":"WIKILINK"},{"kbox_types":["NULL"],"st":88,"en_mention":106,"ancestor":"","eIdx":5,"st_mention":78,"en":118,"ne_type":"ETC","keyword":"[Secret Mountain Fort Awesome]","e_type":"NEW"},{"kbox_types":["Broadcaster","TelevisionStation","Company","Agent","Organisation"],"st":132,"en_mention":127,"ancestor":"","eIdx":6,"st_mention":120,"en":141,"ne_type":"ORGANIZATION","keyword":"[카툰 네트워크]","e_type":"NEW"},{"kbox_types":["Agent","Person"],"st":149,"en_mention":143,"ancestor":"","eIdx":7,"st_mention":135,"en":159,"ne_type":"PERSON","keyword":"<스카일러_페이지>","e_type":"ELU"},{"kbox_types":["Year","MusicalWork","TimePeriod","Work","Album"],"st":176,"en_mention":165,"ancestor":"","eIdx":8,"st_mention":160,"en":183,"ne_type":"TIME","keyword":"[2012년]","e_type":"NEW"},{"kbox_types":["Company","Agent","Organisation"],"st":184,"en_mention":178,"ancestor":"","eIdx":9,"st_mention":166,"en":198,"ne_type":"ORGANIZATION","keyword":"[카툰_네트워크_스튜디오]","e_type":"WIKILINK"},{"kbox_types":["NULL"],"st":236,"en_mention":220,"ancestor":"","eIdx":10,"st_mention":216,"en":242,"ne_type":"ETC","keyword":"<클래런스>","e_type":"ELU"},{"kbox_types":["Year","MusicalWork","Album","TimePeriod","Work"],"st":257,"en_mention":240,"ancestor":"","eIdx":11,"st_mention":235,"en":264,"ne_type":"TIME","keyword":"[2014년]","e_type":"NEW"},{"kbox_types":["NULL"],"st":265,"en_mention":243,"ancestor":"","eIdx":12,"st_mention":241,"en":269,"ne_type":"TIME","keyword":"[2월]","e_type":"NEW"},{"kbox_types":["NULL"],"st":270,"en_mention":247,"ancestor":"","eIdx":13,"st_mention":244,"en":275,"ne_type":"TIME","keyword":"[17일]","e_type":"NEW"},{"kbox_types":["Broadcaster","TelevisionStation","Company","Agent","Organisation"],"st":276,"en_mention":255,"ancestor":"","eIdx":14,"st_mention":248,"en":285,"ne_type":"ORGANIZATION","keyword":"[카툰 네트워크]","e_type":"NEW"},{"kbox_types":["NULL"],"st":297,"en_mention":278,"ancestor":"","eIdx":15,"st_mention":267,"en":310,"ne_type":"ETC","keyword":"[홀 오브 게임 시상식]","e_type":"NEW"},{"kbox_types":["NULL"],"st":354,"en_mention":330,"ancestor":"","eIdx":16,"st_mention":322,"en":364,"ne_type":"ETC","keyword":"[TV-PG 등급]","e_type":"NEW"}],"wikiPageId":1251687,"pIdx":2,"plainText":"《클라렌스는 엉뚱해!》는 카툰 네트워크의 스카일러 페이지가 기획한 미국의 텔레비전 애니메이션이다. 《어드벤처 타임》의 스토리보드 작가이자 《Secret Mountain Fort Awesome》의 스토리보드 편집자로 카툰 네트워크에서 근무했던 스카일러 페이지는 이 시리즈를 개발하기 위해 2012년 카툰 네트워크 스튜디오에서 단편을 제작하였다. 이 작품은 낙관적인 사고를 지닌 어린 소년 클라렌스의 이야기를 다루고 있다. 2014년 2월 17일 카툰 네트워크에서 개최하여 방송된 홀 오브 게임 시상식(Hall of Game Awards)을 통해 이 작품의 파일럿이 공개되었고, TV-PG 등급을 받았다.","mentionTagged":"《[클라렌스는 엉뚱해!]》는 [카툰 네트워크]의 [스카일러 페이지]가 기획한 [미국]의 텔레비전 애니메이션이다. 《[어드벤처 타임]》의 스토리보드 작가이자 《[Secret Mountain Fort Awesome]》의 스토리보드 편집자로 [카툰 네트워크]에서 근무했던 [스카일러 페이지]는 이 시리즈를 개발하기 위해 [2012년] [카툰 네트워크 스튜디오]에서 단편을 제작하였다. 이 작품은 낙관적인 사고를 지닌 어린 소년 [클라렌스]의 이야기를 다루고 있다. [2014년] [2월] [17일] [카툰 네트워크]에서 개최하여 방송된 [홀 오브 게임 시상식](Hall of Game Awards)을 통해 이 작품의 파일럿이 공개되었고, [TV-PG 등급]을 받았다."}