{"entityTagged":"[사빠땃쥐](\"Crocidura sapaensis\")는 [땃쥐류]에 속하는 [포유류]의 일종이다.[베트남] 북부 지역에서 발견되는 [흰이땃쥐류]이다. [2013년]에 처음 기재되었고, 학명과 통용명은 이 땃쥐가 발견된 [사빠 현] 지명에서 유래했다.","globalSId":[3769934,3769935],"entities":[{"kbox_types":["Animal","Species","TopicalConcept","Taxon","Eukaryote","Mammal"],"st":0,"en_mention":4,"ancestor":"","eIdx":0,"st_mention":0,"en":6,"ne_type":"ETC","keyword":"[사빠땃쥐]","e_type":"NEW"},{"kbox_types":["Animal","Species","TopicalConcept","Taxon","Eukaryote","Mammal"],"st":31,"en_mention":32,"ancestor":"","eIdx":1,"st_mention":29,"en":36,"ne_type":"ETC","keyword":"[땃쥐류]","e_type":"WIKILINK"},{"kbox_types":["Animal","Species","TopicalConcept","Taxon","Eukaryote"],"st":42,"en_mention":41,"ancestor":"","eIdx":2,"st_mention":38,"en":47,"ne_type":"ETC","keyword":"[포유류]","e_type":"WIKILINK"},{"kbox_types":["Country","PopulatedPlace","Settlement","PopulatedPlace","Place"],"st":54,"en_mention":51,"ancestor":"","eIdx":3,"st_mention":48,"en":59,"ne_type":"LOCATION","keyword":"[베트남]","e_type":"WIKILINK"},{"kbox_types":["Animal","Species","TopicalConcept","Taxon","Eukaryote","Mammal"],"st":73,"en_mention":70,"ancestor":"","eIdx":4,"st_mention":65,"en":80,"ne_type":"ETC","keyword":"[흰이땃쥐류]","e_type":"WIKILINK"},{"kbox_types":["Year","MusicalWork","TimePeriod","Work","Album"],"st":84,"en_mention":79,"ancestor":"","eIdx":5,"st_mention":74,"en":91,"ne_type":"TIME","keyword":"[2013년]","e_type":"NEW"},{"kbox_types":["NULL"],"st":122,"en_mention":114,"ancestor":"","eIdx":6,"st_mention":110,"en":128,"ne_type":"LOCATION","keyword":"[사빠 현]","e_type":"NEW"}],"wikiPageId":1486406,"pIdx":1,"plainText":"사빠땃쥐(\"Crocidura sapaensis\")는 땃쥐과에 속하는 포유류의 일종이다.베트남 북부 지역에서 발견되는 흰이땃쥐류이다. 2013년에 처음 기재되었고, 학명과 통용명은 이 땃쥐가 발견된 사빠 현 지명에서 유래했다.","mentionTagged":"[사빠땃쥐](\"Crocidura sapaensis\")는 [땃쥐과]에 속하는 [포유류]의 일종이다.[베트남] 북부 지역에서 발견되는 [흰이땃쥐류]이다. [2013년]에 처음 기재되었고, 학명과 통용명은 이 땃쥐가 발견된 [사빠 현] 지명에서 유래했다."}