{"entityTagged":"설명. [페루] 동부 [로레토_주]의 주도이다. [페루]의 [아마존_강] 유역 지대의 중심지이다. 연중 무덥고 습한 [열대_우림_기후] 지대에 속하여 [안데스_산맥] 서쪽과는 기후가 완전히 다르다. [아마존 강]의 지류에 위치하며, [아마존 강] 하류의 [브라질]의 [벨렝]에서 3,000km 이상이나 떨어져 있는데도 이 곳까지 대형 선박이 들어올 수 있다. 시는 [19세기] [고무] 농업의 중심지로 건설되었으며, [19세기] 후반 고무 농업이 번창할 때 [아마존 강]을 통하여 [대서양]으로 진출할 수 있는 위치에 있어 [페루]의 <대서양>으로 향한 문호 역할을 하였다. 그러나 [1912년] 이후 <아마존_강>의 고무 경기가 쇠퇴하면서 이 곳도 크게 침체되었다. 최근 [페루] 동부의 개발계획이 진행되면서 다시 관심을 모으고 있다.","globalSId":[1380186,1380187,1380188,1380189,1380190,1380191,1380192,1380193],"entities":[{"kbox_types":["Country","PopulatedPlace","PopulatedPlace","Place"],"st":4,"en_mention":5,"ancestor":"","eIdx":0,"st_mention":3,"en":8,"ne_type":"LOCATION","keyword":"[페루]","e_type":"NEW"},{"kbox_types":["NULL"],"st":12,"en_mention":14,"ancestor":"","eIdx":1,"st_mention":9,"en":19,"ne_type":"ETC","keyword":"[로레토_주]","e_type":"WIKILINK"},{"kbox_types":["Country","PopulatedPlace","PopulatedPlace","Place"],"st":27,"en_mention":24,"ancestor":"","eIdx":2,"st_mention":22,"en":31,"ne_type":"LOCATION","keyword":"[페루]","e_type":"NEW"},{"kbox_types":["River","Place","River","BodyOfWater","Stream","NaturalPlace"],"st":33,"en_mention":31,"ancestor":"","eIdx":3,"st_mention":26,"en":40,"ne_type":"LOCATION","keyword":"[아마존_강]","e_type":"WIKILINK"},{"kbox_types":["NULL"],"st":65,"en_mention":64,"ancestor":"","eIdx":4,"st_mention":56,"en":75,"ne_type":"ETC","keyword":"[열대_우림_기후]","e_type":"WIKILINK"},{"kbox_types":["Place","Place","MountainRange","NaturalPlace"],"st":84,"en_mention":79,"ancestor":"","eIdx":5,"st_mention":73,"en":92,"ne_type":"LOCATION","keyword":"[안데스_산맥]","e_type":"WIKILINK"},{"kbox_types":["River","Place","River","BodyOfWater","Stream","NaturalPlace"],"st":111,"en_mention":103,"ancestor":"","eIdx":6,"st_mention":98,"en":118,"ne_type":"LOCATION","keyword":"[아마존 강]","e_type":"NEW"},{"kbox_types":["River","Place","River","BodyOfWater","Stream","NaturalPlace"],"st":130,"en_mention":120,"ancestor":"","eIdx":7,"st_mention":115,"en":137,"ne_type":"LOCATION","keyword":"[아마존 강]","e_type":"NEW"},{"kbox_types":["Country","PopulatedPlace","PopulatedPlace","Place"],"st":142,"en_mention":128,"ancestor":"","eIdx":8,"st_mention":125,"en":147,"ne_type":"LOCATION","keyword":"[브라질]","e_type":"WIKILINK"},{"kbox_types":["PopulatedPlace","Place","Settlement","PopulatedPlace"],"st":149,"en_mention":132,"ancestor":"","eIdx":9,"st_mention":130,"en":153,"ne_type":"LOCATION","keyword":"[벨렝]","e_type":"WIKILINK"},{"kbox_types":["NULL"],"st":204,"en_mention":187,"ancestor":"","eIdx":10,"st_mention":183,"en":210,"ne_type":"ETC","keyword":"[19세기]","e_type":"WIKILINK"},{"kbox_types":["NULL"],"st":211,"en_mention":190,"ancestor":"","eIdx":11,"st_mention":188,"en":215,"ne_type":"ETC","keyword":"[고무]","e_type":"WIKILINK"},{"kbox_types":["NULL"],"st":233,"en_mention":212,"ancestor":"","eIdx":12,"st_mention":208,"en":239,"ne_type":"TIME","keyword":"[19세기]","e_type":"NEW"},{"kbox_types":["River","Place","River","BodyOfWater","Stream","NaturalPlace"],"st":256,"en_mention":234,"ancestor":"","eIdx":13,"st_mention":229,"en":263,"ne_type":"LOCATION","keyword":"[아마존 강]","e_type":"NEW"},{"kbox_types":["NaturalPlace","Place","Ocean","BodyOfWater"],"st":269,"en_mention":243,"ancestor":"","eIdx":14,"st_mention":240,"en":274,"ne_type":"LOCATION","keyword":"[대서양]","e_type":"WIKILINK"},{"kbox_types":["Country","PopulatedPlace","PopulatedPlace","Place"],"st":293,"en_mention":264,"ancestor":"","eIdx":15,"st_mention":262,"en":297,"ne_type":"LOCATION","keyword":"[페루]","e_type":"NEW"},{"kbox_types":["NaturalPlace","Place","Ocean","BodyOfWater"],"st":299,"en_mention":269,"ancestor":"","eIdx":16,"st_mention":266,"en":304,"ne_type":"LOCATION","keyword":"<대서양>","e_type":"ELU"},{"kbox_types":["Year","TimePeriod"],"st":326,"en_mention":296,"ancestor":"","eIdx":17,"st_mention":291,"en":333,"ne_type":"TIME","keyword":"[1912년]","e_type":"WIKILINK"},{"kbox_types":["River","Place","River","BodyOfWater","Stream","NaturalPlace"],"st":337,"en_mention":303,"ancestor":"","eIdx":18,"st_mention":300,"en":344,"ne_type":"LOCATION","keyword":"<아마존_강>","e_type":"ELU"},{"kbox_types":["Country","PopulatedPlace","PopulatedPlace","Place"],"st":377,"en_mention":338,"ancestor":"","eIdx":19,"st_mention":336,"en":381,"ne_type":"LOCATION","keyword":"[페루]","e_type":"NEW"}],"wikiPageId":237835,"pIdx":2,"plainText":"설명 페루 동부 로레토 주의 주도이다. 페루의 아마존 강 유역 지대의 중심지이다. 연중 무덥고 습한 열대 우림 기후 지대에 속하여 안데스 산맥 서쪽과는 기후가 완전히 다르다. 아마존 강의 지류에 위치하며, 아마존 강 하류의 브라질의 벨렝에서 3,000km 이상이나 떨어져 있는데도 이 곳까지 대형 선박이 들어올 수 있다. 시는 19세기 고무 농업의 중심지로 건설되었으며, 19세기 후반 고무 농업이 번창할 때 아마존 강을 통하여 대서양으로 진출할 수 있는 위치에 있어 페루의 대서양으로 향한 문호 역할을 하였다. 그러나 1912년 이후 아마존의 고무 경기가 쇠퇴하면서 이 곳도 크게 침체되었다. 최근 페루 동부의 개발계획이 진행되면서 다시 관심을 모으고 있다.","mentionTagged":"설명 [페루] 동부 [로레토 주]의 주도이다. [페루]의 [아마존 강] 유역 지대의 중심지이다. 연중 무덥고 습한 [열대 우림 기후] 지대에 속하여 [안데스 산맥] 서쪽과는 기후가 완전히 다르다. [아마존 강]의 지류에 위치하며, [아마존 강] 하류의 [브라질]의 [벨렝]에서 3,000km 이상이나 떨어져 있는데도 이 곳까지 대형 선박이 들어올 수 있다. 시는 [19세기] [고무] 농업의 중심지로 건설되었으며, [19세기] 후반 고무 농업이 번창할 때 [아마존 강]을 통하여 [대서양]으로 진출할 수 있는 위치에 있어 [페루]의 [대서양]으로 향한 문호 역할을 하였다. 그러나 [1912년] 이후 [아마존]의 고무 경기가 쇠퇴하면서 이 곳도 크게 침체되었다. 최근 [페루] 동부의 개발계획이 진행되면서 다시 관심을 모으고 있다."}