{"entityTagged":"<니시히라나이_역>()은 [일본] [아오모리_현] [히가시쓰가루_군] [히라나이_정]에 위치한 [아오이모리 철도] [아오이모리 철도선]의 철도역이다. 이 역은 시점인 <메토키_역>으로부터 98.3km 떨어져 있으며, <도쿄_역>부터는 715.6km 만큼 떨어져 있는 역이다.","globalSId":[3228165,3228166],"entities":[{"kbox_types":["ArchitecturalStructure","Place","Station","Place","Infrastructure","RailwayStation"],"st":0,"en_mention":8,"ancestor":"","eIdx":0,"st_mention":0,"en":10,"ne_type":"LOCATION","keyword":"<니시히라나이_역>","e_type":"ELU"},{"kbox_types":["Country","PopulatedPlace","PopulatedPlace","Place"],"st":14,"en_mention":14,"ancestor":"","eIdx":1,"st_mention":12,"en":18,"ne_type":"LOCATION","keyword":"[일본]","e_type":"WIKILINK"},{"kbox_types":["Region","PopulatedPlace","AdministrativeRegion","Place","AdministrativeRegion"],"st":19,"en_mention":21,"ancestor":"","eIdx":2,"st_mention":15,"en":27,"ne_type":"LOCATION","keyword":"[아오모리_현]","e_type":"WIKILINK"},{"kbox_types":["NULL"],"st":28,"en_mention":30,"ancestor":"","eIdx":3,"st_mention":22,"en":38,"ne_type":"ETC","keyword":"[히가시쓰가루_군]","e_type":"WIKILINK"},{"kbox_types":["Town","PopulatedPlace","Settlement","Town","Place"],"st":39,"en_mention":37,"ancestor":"","eIdx":4,"st_mention":31,"en":47,"ne_type":"LOCATION","keyword":"[히라나이_정]","e_type":"WIKILINK"},{"kbox_types":["Company","Agent","Organisation"],"st":53,"en_mention":51,"ancestor":"","eIdx":5,"st_mention":43,"en":63,"ne_type":"ETC","keyword":"[아오이모리 철도]","e_type":"NEW"},{"kbox_types":["ArchitecturalStructure","Place","RailwayLine","RouteOfTransportation","Infrastructure"],"st":64,"en_mention":61,"ancestor":"","eIdx":6,"st_mention":52,"en":75,"ne_type":"ETC","keyword":"[아오이모리 철도선]","e_type":"NEW"},{"kbox_types":["ArchitecturalStructure","Place","Station","Place","Infrastructure","RailwayStation"],"st":93,"en_mention":84,"ancestor":"","eIdx":7,"st_mention":79,"en":100,"ne_type":"LOCATION","keyword":"<메토키_역>","e_type":"ELU"},{"kbox_types":["MetroStation","ArchitecturalStructure","Place","Station","Place","Infrastructure","RailwayStation"],"st":121,"en_mention":109,"ancestor":"","eIdx":8,"st_mention":105,"en":127,"ne_type":"LOCATION","keyword":"<도쿄_역>","e_type":"ELU"}],"wikiPageId":1031809,"pIdx":1,"plainText":"니시히라나이 역()은 일본 아오모리 현 히가시쓰가루 군 히라나이 정에 위치한 아오이모리 철도 아오이모리 철도선의 철도역이다. 이 역은 시점인 메토키 역으로부터 98.3km 떨어져 있으며, 도쿄 역부터는 715.6km 만큼 떨어져 있는 역이다.","mentionTagged":"[니시히라나이 역]()은 [일본] [아오모리 현] [히가시쓰가루 군] [히라나이 정]에 위치한 [아오이모리 철도] [아오이모리 철도선]의 철도역이다. 이 역은 시점인 [메토키 역]으로부터 98.3km 떨어져 있으며, [도쿄 역]부터는 715.6km 만큼 떨어져 있는 역이다."}