{"entityTagged":"<청학동_마을>(靑鶴洞)은 [대한민국] [인천광역시] [연수구]에 있는 [행정동], <법정동>이다. [연경산]과 [청량산] 사이에 위치한 뛰어난 자연경관을 자랑으로 여기는 지역이다.","globalSId":[2859839,2859840],"entities":[{"kbox_types":["NULL"],"st":0,"en_mention":3,"ancestor":"","eIdx":0,"st_mention":0,"en":8,"ne_type":"ETC","keyword":"<청학동_마을>","e_type":"ELU"},{"kbox_types":["Country","PopulatedPlace","PopulatedPlace","Place"],"st":15,"en_mention":14,"ancestor":"","eIdx":1,"st_mention":10,"en":21,"ne_type":"LOCATION","keyword":"[대한민국]","e_type":"WIKILINK"},{"kbox_types":["PopulatedPlace","Place","Settlement","PopulatedPlace","City"],"st":22,"en_mention":20,"ancestor":"","eIdx":2,"st_mention":15,"en":29,"ne_type":"LOCATION","keyword":"[인천광역시]","e_type":"WIKILINK"},{"kbox_types":["PopulatedPlace","Settlement","PopulatedPlace","Place"],"st":30,"en_mention":24,"ancestor":"","eIdx":3,"st_mention":21,"en":35,"ne_type":"LOCATION","keyword":"[연수구]","e_type":"WIKILINK"},{"kbox_types":["NULL"],"st":40,"en_mention":32,"ancestor":"","eIdx":4,"st_mention":29,"en":45,"ne_type":"LOCATION","keyword":"[행정동]","e_type":"NEW"},{"kbox_types":["NULL"],"st":47,"en_mention":37,"ancestor":"","eIdx":5,"st_mention":34,"en":52,"ne_type":"ETC","keyword":"<법정동>","e_type":"ELU"},{"kbox_types":["NULL"],"st":56,"en_mention":44,"ancestor":"","eIdx":6,"st_mention":41,"en":61,"ne_type":"LOCATION","keyword":"[연경산]","e_type":"NEW"},{"kbox_types":["NULL"],"st":63,"en_mention":49,"ancestor":"","eIdx":7,"st_mention":46,"en":68,"ne_type":"LOCATION","keyword":"[청량산]","e_type":"NEW"}],"wikiPageId":824486,"pIdx":1,"plainText":"청학동(靑鶴洞)은 대한민국 인천광역시 연수구에 있는 행정동, 법정동이다. 연경산과 청량산 사이에 위치한 뛰어난 자연경관을 자랑으로 여기는 지역이다.","mentionTagged":"[청학동](靑鶴洞)은 [대한민국] [인천광역시] [연수구]에 있는 [행정동], [법정동]이다. [연경산]과 [청량산] 사이에 위치한 뛰어난 자연경관을 자랑으로 여기는 지역이다."}