{"entityTagged":"[1939년] <콘클라베>는 제260대 [교황]을 선출하기 위해 진행된 [콘클라베]이다. 제259대 교황 [교황_비오_11세]가 [1939년] [2월_10일]에 선종한 이후에 새 교황을 선출하기 위해 진행된 선거이며 [바티칸_시국]에 있는 [사도_궁전]과 [시스티나_성당]에서 진행되었다.","globalSId":[3200105,3200106],"entities":[{"kbox_types":["Year","TimePeriod"],"st":0,"en_mention":5,"ancestor":"","eIdx":0,"st_mention":0,"en":7,"ne_type":"TIME","keyword":"[1939년]","e_type":"NEW"},{"kbox_types":["NULL"],"st":8,"en_mention":10,"ancestor":"","eIdx":1,"st_mention":6,"en":14,"ne_type":"ETC","keyword":"<콘클라베>","e_type":"ELU"},{"kbox_types":["Agent","Person","ChristianBishop","Cleric"],"st":22,"en_mention":20,"ancestor":"","eIdx":2,"st_mention":18,"en":26,"ne_type":"PERSON","keyword":"[교황]","e_type":"WIKILINK"},{"kbox_types":["NULL"],"st":40,"en_mention":38,"ancestor":"","eIdx":3,"st_mention":34,"en":46,"ne_type":"ETC","keyword":"[콘클라베]","e_type":"WIKILINK"},{"kbox_types":["Cleric","Agent","Person","ChristianBishop","Pope"],"st":59,"en_mention":57,"ancestor":"","eIdx":4,"st_mention":51,"en":70,"ne_type":"PERSON","keyword":"[교황_비오_11세]","e_type":"WIKILINK"},{"kbox_types":["Year","TimePeriod"],"st":72,"en_mention":64,"ancestor":"","eIdx":5,"st_mention":59,"en":79,"ne_type":"TIME","keyword":"[1939년]","e_type":"WIKILINK"},{"kbox_types":["NULL"],"st":80,"en_mention":71,"ancestor":"","eIdx":6,"st_mention":65,"en":88,"ne_type":"TIME","keyword":"[2월_10일]","e_type":"WIKILINK"},{"kbox_types":["Country","PopulatedPlace","Place","Settlement","WorldHeritageSite","PopulatedPlace","City"],"st":121,"en_mention":110,"ancestor":"","eIdx":7,"st_mention":104,"en":129,"ne_type":"LOCATION","keyword":"[바티칸_시국]","e_type":"WIKILINK"},{"kbox_types":["ArchitecturalStructure","Building","Place","Place"],"st":134,"en_mention":120,"ancestor":"","eIdx":8,"st_mention":115,"en":141,"ne_type":"LOCATION","keyword":"[사도_궁전]","e_type":"WIKILINK"},{"kbox_types":["ArchitecturalStructure","Building","ReligiousBuilding","Place","ReligiousBuilding"],"st":143,"en_mention":129,"ancestor":"","eIdx":9,"st_mention":122,"en":152,"ne_type":"LOCATION","keyword":"[시스티나_성당]","e_type":"WIKILINK"}],"wikiPageId":1014402,"pIdx":1,"plainText":"1939년 콘클라베는 제260대 교황을 선출하기 위해 진행된 콘클라베이다. 제259대 교황 비오 11세가 1939년 2월 10일에 선종한 이후에 새 교황을 선출하기 위해 진행된 선거이며 바티칸 시국에 있는 사도 궁전과 시스티나 성당에서 진행되었다.","mentionTagged":"[1939년] [콘클라베]는 제260대 [교황]을 선출하기 위해 진행된 [콘클라베]이다. 제259대 교황 [비오 11세]가 [1939년] [2월 10일]에 선종한 이후에 새 교황을 선출하기 위해 진행된 선거이며 [바티칸 시국]에 있는 [사도 궁전]과 [시스티나 성당]에서 진행되었다."}