{"entityTagged":"[2008년_대한민국_프로_야구]에서 3위를 기록하며 8년 만에 [2008년_대한민국_프로_야구_포스트시즌]에 진출한 [롯데_자이언츠]가 5명의 수상자를 배출하며 팀 최다 수상 구단이 되었다. [1루수] 부문 수상자인 [한화_이글스] [김태균_(1982년)]은 총 346표 중 332표를 얻어 최다 득표 수상자가 되었다.","globalSId":[1543150,1543151],"entities":[{"kbox_types":["NULL"],"st":0,"en_mention":16,"ancestor":"","eIdx":0,"st_mention":0,"en":18,"ne_type":"ETC","keyword":"[2008년_대한민국_프로_야구]","e_type":"WIKILINK"},{"kbox_types":["NULL"],"st":36,"en_mention":39,"ancestor":"","eIdx":1,"st_mention":34,"en":60,"ne_type":"ETC","keyword":"[2008년_대한민국_프로_야구_포스트시즌]","e_type":"WIKILINK"},{"kbox_types":["SoccerClub","Agent","Organisation","SportsTeam"],"st":66,"en_mention":52,"ancestor":"","eIdx":2,"st_mention":45,"en":75,"ne_type":"ORGANIZATION","keyword":"[롯데_자이언츠]","e_type":"WIKILINK"},{"kbox_types":["NULL"],"st":108,"en_mention":88,"ancestor":"","eIdx":3,"st_mention":85,"en":113,"ne_type":"ETC","keyword":"[1루수]","e_type":"WIKILINK"},{"kbox_types":["SoccerClub","Agent","Organisation","SportsTeam"],"st":122,"en_mention":103,"ancestor":"","eIdx":4,"st_mention":97,"en":130,"ne_type":"ORGANIZATION","keyword":"[한화_이글스]","e_type":"WIKILINK"},{"kbox_types":["Athlete","Agent","Person","BaseballPlayer"],"st":131,"en_mention":107,"ancestor":"","eIdx":5,"st_mention":104,"en":144,"ne_type":"PERSON","keyword":"[김태균_(1982년)]","e_type":"WIKILINK"}],"wikiPageId":274232,"pIdx":2,"plainText":"2008년 대한민국 프로 야구에서 3위를 기록하며 8년 만에 포스트시즌에 진출한 롯데 자이언츠가 5명의 수상자를 배출하며 팀 최다 수상 구단이 되었다. 1루수 부문 수상자인 한화 이글스 김태균은 총 346표 중 332표를 얻어 최다 득표 수상자가 되었다.","mentionTagged":"[2008년 대한민국 프로 야구]에서 3위를 기록하며 8년 만에 [포스트시즌]에 진출한 [롯데 자이언츠]가 5명의 수상자를 배출하며 팀 최다 수상 구단이 되었다. [1루수] 부문 수상자인 [한화 이글스] [김태균]은 총 346표 중 332표를 얻어 최다 득표 수상자가 되었다."}