{"entityTagged":"[쓰루누마 역]()은 [일본] [홋카이도] [가바토_군] [우라우스_정]에 위치한 [홋카이도_여객철도] [삿쇼_선]의 [철도역]이다. [단선_승강장] 1면 1선의 구조를 갖춘 지상역이다.","globalSId":[3725685,3725686],"entities":[{"kbox_types":["ArchitecturalStructure","Place","Station","Place","Infrastructure","RailwayStation"],"st":0,"en_mention":6,"ancestor":"","eIdx":0,"st_mention":0,"en":8,"ne_type":"LOCATION","keyword":"[쓰루누마 역]","e_type":"NEW"},{"kbox_types":["Country","PopulatedPlace","PopulatedPlace","Place"],"st":12,"en_mention":12,"ancestor":"","eIdx":1,"st_mention":10,"en":16,"ne_type":"LOCATION","keyword":"[일본]","e_type":"WIKILINK"},{"kbox_types":["Region","PopulatedPlace","AdministrativeRegion","Settlement","Island","Place","AdministrativeRegion"],"st":17,"en_mention":17,"ancestor":"","eIdx":2,"st_mention":13,"en":23,"ne_type":"LOCATION","keyword":"[홋카이도]","e_type":"WIKILINK"},{"kbox_types":["NULL"],"st":24,"en_mention":23,"ancestor":"","eIdx":3,"st_mention":18,"en":31,"ne_type":"ETC","keyword":"[가바토_군]","e_type":"WIKILINK"},{"kbox_types":["PopulatedPlace","Settlement","PopulatedPlace","City","Place"],"st":32,"en_mention":30,"ancestor":"","eIdx":4,"st_mention":24,"en":40,"ne_type":"LOCATION","keyword":"[우라우스_정]","e_type":"WIKILINK"},{"kbox_types":["Company","Agent","Organisation"],"st":46,"en_mention":45,"ancestor":"","eIdx":5,"st_mention":36,"en":57,"ne_type":"ORGANIZATION","keyword":"[홋카이도_여객철도]","e_type":"WIKILINK"},{"kbox_types":["ArchitecturalStructure","Place","RailwayLine","Place","RouteOfTransportation","Infrastructure"],"st":58,"en_mention":50,"ancestor":"","eIdx":6,"st_mention":46,"en":64,"ne_type":"LOCATION","keyword":"[삿쇼_선]","e_type":"WIKILINK"},{"kbox_types":["NULL"],"st":66,"en_mention":55,"ancestor":"","eIdx":7,"st_mention":52,"en":71,"ne_type":"ETC","keyword":"[철도역]","e_type":"WIKILINK"},{"kbox_types":["NULL"],"st":75,"en_mention":65,"ancestor":"","eIdx":8,"st_mention":59,"en":83,"ne_type":"ETC","keyword":"[단선_승강장]","e_type":"WIKILINK"}],"wikiPageId":1442907,"pIdx":1,"plainText":"쓰루누마 역()은 일본 홋카이도 가바토 군 우라우스 정에 위치한 홋카이도 여객철도 삿쇼 선의 철도역이다. 단선 승강장 1면 1선의 구조를 갖춘 지상역이다.","mentionTagged":"[쓰루누마 역]()은 [일본] [홋카이도] [가바토 군] [우라우스 정]에 위치한 [홋카이도 여객철도] [삿쇼 선]의 [철도역]이다. [단선 승강장] 1면 1선의 구조를 갖춘 지상역이다."}