{"entityTagged":"<로트_바이스_알렌>(Rot Weiss Ahlen)은 [1996년]에 창단된 [독일] [노르트라인베스트팔렌_주]의 도시 [알렌_(노르트라인베스트팔렌_주)]의 [축구] 팀으로, 현재 [레기오날리가]에서 활동하고 있다. [2006년] [6월_1일]까지의 팀 명칭은 [LR 알렌](LR Ahlen)이었다.","globalSId":[2392861,2392862],"entities":[{"kbox_types":["SoccerClub","Agent","SportsTeam","Organisation"],"st":0,"en_mention":9,"ancestor":"","eIdx":0,"st_mention":0,"en":11,"ne_type":"ORGANIZATION","keyword":"<로트_바이스_알렌>","e_type":"ELU"},{"kbox_types":["Year","TimePeriod"],"st":30,"en_mention":33,"ancestor":"","eIdx":1,"st_mention":28,"en":37,"ne_type":"TIME","keyword":"[1996년]","e_type":"WIKILINK"},{"kbox_types":["Country","PopulatedPlace","Settlement","PopulatedPlace","Place"],"st":43,"en_mention":41,"ancestor":"","eIdx":2,"st_mention":39,"en":47,"ne_type":"LOCATION","keyword":"[독일]","e_type":"WIKILINK"},{"kbox_types":["Region","PopulatedPlace","AdministrativeRegion","Place","Settlement","AdministrativeRegion"],"st":48,"en_mention":54,"ancestor":"","eIdx":3,"st_mention":42,"en":62,"ne_type":"LOCATION","keyword":"[노르트라인베스트팔렌_주]","e_type":"WIKILINK"},{"kbox_types":["PopulatedPlace","Place","Settlement","PopulatedPlace"],"st":67,"en_mention":61,"ancestor":"","eIdx":4,"st_mention":59,"en":86,"ne_type":"LOCATION","keyword":"[알렌_(노르트라인베스트팔렌_주)]","e_type":"WIKILINK"},{"kbox_types":["Activity","Sport"],"st":88,"en_mention":65,"ancestor":"","eIdx":5,"st_mention":63,"en":92,"ne_type":"ETC","keyword":"[축구]","e_type":"WIKILINK"},{"kbox_types":["Agent","SportsLeague","Organisation","SoccerLeague"],"st":101,"en_mention":80,"ancestor":"","eIdx":6,"st_mention":74,"en":109,"ne_type":"ORGANIZATION","keyword":"[레기오날리가]","e_type":"WIKILINK"},{"kbox_types":["Year","TimePeriod"],"st":121,"en_mention":97,"ancestor":"","eIdx":7,"st_mention":92,"en":128,"ne_type":"TIME","keyword":"[2006년]","e_type":"WIKILINK"},{"kbox_types":["NULL"],"st":129,"en_mention":103,"ancestor":"","eIdx":8,"st_mention":98,"en":136,"ne_type":"TIME","keyword":"[6월_1일]","e_type":"WIKILINK"},{"kbox_types":["SoccerClub","Agent","Organisation","SportsTeam"],"st":146,"en_mention":118,"ancestor":"","eIdx":9,"st_mention":113,"en":153,"ne_type":"ORGANIZATION","keyword":"[LR 알렌]","e_type":"NEW"}],"wikiPageId":600973,"pIdx":1,"plainText":"로트 바이스 알렌(Rot Weiss Ahlen)은 1996년에 창단된 독일 노르트라인베스트팔렌 주의 도시 알렌의 축구 팀으로, 현재 레기오날리가에서 활동하고 있다. 2006년 6월 1일까지의 팀 명칭은 LR 알렌(LR Ahlen)이었다.","mentionTagged":"[로트 바이스 알렌](Rot Weiss Ahlen)은 [1996년]에 창단된 [독일] [노르트라인베스트팔렌 주]의 도시 [알렌]의 [축구] 팀으로, 현재 [레기오날리가]에서 활동하고 있다. [2006년] [6월 1일]까지의 팀 명칭은 [LR 알렌](LR Ahlen)이었다."}