{"entityTagged":"<동두천역>(東豆川驛)은 [경기도] [동두천시] <소요동>에 있는 [경원선]의 [철도역]이다.","globalSId":[688327],"entities":[{"kbox_types":["MetroStation","ArchitecturalStructure","Place","Station","Infrastructure","RailwayStation"],"st":0,"en_mention":4,"ancestor":"","eIdx":0,"st_mention":0,"en":6,"ne_type":"LOCATION","keyword":"<동두천역>","e_type":"ELU"},{"kbox_types":["PopulatedPlace","Settlement","PopulatedPlace","Place"],"st":14,"en_mention":15,"ancestor":"","eIdx":1,"st_mention":12,"en":19,"ne_type":"LOCATION","keyword":"[경기도]","e_type":"WIKILINK"},{"kbox_types":["PopulatedPlace","Settlement","PopulatedPlace","City","Place"],"st":20,"en_mention":20,"ancestor":"","eIdx":2,"st_mention":16,"en":26,"ne_type":"LOCATION","keyword":"[동두천시]","e_type":"WIKILINK"},{"kbox_types":["NULL"],"st":27,"en_mention":25,"ancestor":"","eIdx":3,"st_mention":21,"en":32,"ne_type":"ETC","keyword":"<소요동>","e_type":"ELU"},{"kbox_types":["RouteOfTransportation","Place","RailwayLine","Infrastructure","ArchitecturalStructure"],"st":37,"en_mention":33,"ancestor":"","eIdx":4,"st_mention":30,"en":42,"ne_type":"LOCATION","keyword":"[경원선]","e_type":"WIKILINK"},{"kbox_types":["NULL"],"st":44,"en_mention":38,"ancestor":"","eIdx":5,"st_mention":35,"en":49,"ne_type":"ETC","keyword":"[철도역]","e_type":"WIKILINK"}],"wikiPageId":88572,"pIdx":1,"plainText":"동두천역(東豆川驛)은 경기도 동두천시 동두천동에 있는 경원선의 철도역이다.","mentionTagged":"[동두천역](東豆川驛)은 [경기도] [동두천시] [동두천동]에 있는 [경원선]의 [철도역]이다."}