{"entityTagged":"[사무라이하마 역]()은 [일본] [이와테_현] [구지_시]에 위치한 [동일본_여객철도] [하치노헤_선]의 [철도역]이다. [단선_승강장] 1면 1선의 구조를 갖춘 지상역이다.","globalSId":[4001721,4001722],"entities":[{"kbox_types":["NULL"],"st":0,"en_mention":8,"ancestor":"","eIdx":0,"st_mention":0,"en":10,"ne_type":"LOCATION","keyword":"[사무라이하마 역]","e_type":"NEW"},{"kbox_types":["Country","PopulatedPlace","PopulatedPlace","Place"],"st":14,"en_mention":14,"ancestor":"","eIdx":1,"st_mention":12,"en":18,"ne_type":"LOCATION","keyword":"[일본]","e_type":"WIKILINK"},{"kbox_types":["Region","PopulatedPlace","AdministrativeRegion","Place","AdministrativeRegion"],"st":19,"en_mention":20,"ancestor":"","eIdx":2,"st_mention":15,"en":26,"ne_type":"LOCATION","keyword":"[이와테_현]","e_type":"WIKILINK"},{"kbox_types":["PopulatedPlace","Settlement","PopulatedPlace","City","Place"],"st":27,"en_mention":25,"ancestor":"","eIdx":3,"st_mention":21,"en":33,"ne_type":"LOCATION","keyword":"[구지_시]","e_type":"WIKILINK"},{"kbox_types":["Agent","Organisation","Company"],"st":39,"en_mention":39,"ancestor":"","eIdx":4,"st_mention":31,"en":49,"ne_type":"ORGANIZATION","keyword":"[동일본_여객철도]","e_type":"WIKILINK"},{"kbox_types":["ArchitecturalStructure","Place","RailwayLine","Place","RouteOfTransportation","Infrastructure"],"st":50,"en_mention":46,"ancestor":"","eIdx":5,"st_mention":40,"en":58,"ne_type":"LOCATION","keyword":"[하치노헤_선]","e_type":"WIKILINK"},{"kbox_types":["NULL"],"st":60,"en_mention":51,"ancestor":"","eIdx":6,"st_mention":48,"en":65,"ne_type":"ETC","keyword":"[철도역]","e_type":"WIKILINK"},{"kbox_types":["NULL"],"st":69,"en_mention":61,"ancestor":"","eIdx":7,"st_mention":55,"en":77,"ne_type":"ETC","keyword":"[단선_승강장]","e_type":"WIKILINK"}],"wikiPageId":1770443,"pIdx":1,"plainText":"사무라이하마 역()은 일본 이와테 현 구지 시에 위치한 동일본 여객철도 하치노헤 선의 철도역이다. 단선 승강장 1면 1선의 구조를 갖춘 지상역이다.","mentionTagged":"[사무라이하마 역]()은 [일본] [이와테 현] [구지 시]에 위치한 [동일본 여객철도] [하치노헤 선]의 [철도역]이다. [단선 승강장] 1면 1선의 구조를 갖춘 지상역이다."}