{"entityTagged":"역사. [말라야 대학교]의 전신은 [1905년] 설립된 해협식민지 [말라야 연방 정부 의과대학]이다. [1913년] [11월_18일] 교명을 [에드워드 7세 의과대학]으로 바꾸었다. [1920년]에 해부학과, 의학과, 산과·부인과학과, 외과가 신설되었고, [1921년]에 단과대학으로 승격되었으며, [1922년]에는 임상외과, 구강외과, 세균학과, 생물학과, 생화학과를 신설했다. [1929년] [7월_22일] [말레이인]들의 고등 교육을 증진시키기 위한 [래플스 대학]이 설립되었고, 인문학과 과학을 가르쳤다. [1949년] [10월_8일] [에드워드 7세 의과대학]과 [래플스 대학]이 통합해 [말라야 대학교]가 되었다. [1959년]에 [말라야 대학교]는 [쿠알라룸푸르]와 [싱가포르]의 자치 캠퍼스로 나누어졌으며, [말레이시아]와 [싱가포르]의 정부는 [말라야 대학교]를 그들의 국립 대학교로 만들기 위한 법안을 통과시켰다. 이에 따라 [1962년] [1월_1일] [쿠알라룸푸르]의 캠퍼스는 동일한 이름인 [말라야 대학교]로 남게 되었고, [싱가포르]의 캠퍼스는 [싱가포르 대학교]가 되어 후에 [싱가포르_국립_대학교]가 되었다. [말라야 대학교]의 초대 총장으로는 [1962년] [6월_16일] [말레이시아]의 초대 총리인 [툰쿠_압둘_라만]이 임명되었다.","globalSId":[1911344,1911345,1911346,1911347,1911348,1911349,1911350,1911351,1911352],"entities":[{"kbox_types":["University","Agent","EducationalInstitution","Organisation"],"st":4,"en_mention":10,"ancestor":"","eIdx":0,"st_mention":3,"en":13,"ne_type":"ORGANIZATION","keyword":"[말라야 대학교]","e_type":"NEW"},{"kbox_types":["Year","TimePeriod"],"st":19,"en_mention":21,"ancestor":"","eIdx":1,"st_mention":16,"en":26,"ne_type":"TIME","keyword":"[1905년]","e_type":"WIKILINK"},{"kbox_types":["NULL"],"st":37,"en_mention":46,"ancestor":"","eIdx":2,"st_mention":32,"en":53,"ne_type":"ORGANIZATION","keyword":"[말라야 연방 정부 의과대학]","e_type":"NEW"},{"kbox_types":["Year","Agent","EducationalInstitution","TimePeriod","Organisation","University"],"st":57,"en_mention":55,"ancestor":"","eIdx":3,"st_mention":50,"en":64,"ne_type":"TIME","keyword":"[1913년]","e_type":"WIKILINK"},{"kbox_types":["NULL"],"st":65,"en_mention":63,"ancestor":"","eIdx":4,"st_mention":56,"en":74,"ne_type":"TIME","keyword":"[11월_18일]","e_type":"WIKILINK"},{"kbox_types":["NULL"],"st":79,"en_mention":80,"ancestor":"","eIdx":5,"st_mention":68,"en":93,"ne_type":"ORGANIZATION","keyword":"[에드워드 7세 의과대학]","e_type":"NEW"},{"kbox_types":["Year","TimePeriod"],"st":102,"en_mention":94,"ancestor":"","eIdx":6,"st_mention":89,"en":109,"ne_type":"TIME","keyword":"[1920년]","e_type":"WIKILINK"},{"kbox_types":["Year","TimePeriod"],"st":143,"en_mention":133,"ancestor":"","eIdx":7,"st_mention":128,"en":150,"ne_type":"TIME","keyword":"[1921년]","e_type":"WIKILINK"},{"kbox_types":["Year","TimePeriod"],"st":167,"en_mention":155,"ancestor":"","eIdx":8,"st_mention":150,"en":174,"ne_type":"TIME","keyword":"[1922년]","e_type":"WIKILINK"},{"kbox_types":["Year","TimePeriod"],"st":213,"en_mention":199,"ancestor":"","eIdx":9,"st_mention":194,"en":220,"ne_type":"TIME","keyword":"[1929년]","e_type":"WIKILINK"},{"kbox_types":["NULL"],"st":221,"en_mention":206,"ancestor":"","eIdx":10,"st_mention":200,"en":229,"ne_type":"TIME","keyword":"[7월_22일]","e_type":"WIKILINK"},{"kbox_types":["NULL"],"st":230,"en_mention":211,"ancestor":"","eIdx":11,"st_mention":207,"en":236,"ne_type":"ETC","keyword":"[말레이인]","e_type":"WIKILINK"},{"kbox_types":["NULL"],"st":255,"en_mention":236,"ancestor":"","eIdx":12,"st_mention":230,"en":263,"ne_type":"ORGANIZATION","keyword":"[래플스 대학]","e_type":"NEW"},{"kbox_types":["Year","TimePeriod"],"st":287,"en_mention":265,"ancestor":"","eIdx":13,"st_mention":260,"en":294,"ne_type":"TIME","keyword":"[1949년]","e_type":"WIKILINK"},{"kbox_types":["NULL"],"st":295,"en_mention":272,"ancestor":"","eIdx":14,"st_mention":266,"en":303,"ne_type":"TIME","keyword":"[10월_8일]","e_type":"WIKILINK"},{"kbox_types":["NULL"],"st":304,"en_mention":285,"ancestor":"","eIdx":15,"st_mention":273,"en":318,"ne_type":"ORGANIZATION","keyword":"[에드워드 7세 의과대학]","e_type":"NEW"},{"kbox_types":["NULL"],"st":320,"en_mention":293,"ancestor":"","eIdx":16,"st_mention":287,"en":328,"ne_type":"ORGANIZATION","keyword":"[래플스 대학]","e_type":"NEW"},{"kbox_types":["University","Agent","EducationalInstitution","Organisation"],"st":334,"en_mention":306,"ancestor":"","eIdx":17,"st_mention":299,"en":343,"ne_type":"ORGANIZATION","keyword":"[말라야 대학교]","e_type":"NEW"},{"kbox_types":["Year","TimePeriod"],"st":350,"en_mention":318,"ancestor":"","eIdx":18,"st_mention":313,"en":357,"ne_type":"TIME","keyword":"[1959년]","e_type":"WIKILINK"},{"kbox_types":["University","Agent","EducationalInstitution","Organisation"],"st":359,"en_mention":327,"ancestor":"","eIdx":19,"st_mention":320,"en":368,"ne_type":"ORGANIZATION","keyword":"[말라야 대학교]","e_type":"NEW"},{"kbox_types":["PopulatedPlace","Place","Settlement","PopulatedPlace"],"st":370,"en_mention":335,"ancestor":"","eIdx":20,"st_mention":329,"en":378,"ne_type":"LOCATION","keyword":"[쿠알라룸푸르]","e_type":"WIKILINK"},{"kbox_types":["Country","PopulatedPlace","Settlement","PopulatedPlace","City","Place"],"st":380,"en_mention":341,"ancestor":"","eIdx":21,"st_mention":337,"en":386,"ne_type":"LOCATION","keyword":"[싱가포르]","e_type":"WIKILINK"},{"kbox_types":["Country","PopulatedPlace","Settlement","PopulatedPlace","Place"],"st":404,"en_mention":364,"ancestor":"","eIdx":22,"st_mention":359,"en":411,"ne_type":"LOCATION","keyword":"[말레이시아]","e_type":"WIKILINK"},{"kbox_types":["Country","PopulatedPlace","Settlement","PopulatedPlace","City","Place"],"st":413,"en_mention":370,"ancestor":"","eIdx":23,"st_mention":366,"en":419,"ne_type":"LOCATION","keyword":"[싱가포르]","e_type":"WIKILINK"},{"kbox_types":["University","Agent","EducationalInstitution","Organisation"],"st":425,"en_mention":383,"ancestor":"","eIdx":24,"st_mention":376,"en":434,"ne_type":"ORGANIZATION","keyword":"[말라야 대학교]","e_type":"NEW"},{"kbox_types":["Year","TimePeriod"],"st":472,"en_mention":426,"ancestor":"","eIdx":25,"st_mention":421,"en":479,"ne_type":"TIME","keyword":"[1962년]","e_type":"WIKILINK"},{"kbox_types":["NULL"],"st":480,"en_mention":432,"ancestor":"","eIdx":26,"st_mention":427,"en":487,"ne_type":"TIME","keyword":"[1월_1일]","e_type":"WIKILINK"},{"kbox_types":["PopulatedPlace","Place","Settlement","PopulatedPlace"],"st":488,"en_mention":439,"ancestor":"","eIdx":27,"st_mention":433,"en":496,"ne_type":"LOCATION","keyword":"[쿠알라룸푸르]","e_type":"WIKILINK"},{"kbox_types":["University","Agent","EducationalInstitution","Organisation"],"st":511,"en_mention":461,"ancestor":"","eIdx":28,"st_mention":454,"en":520,"ne_type":"ORGANIZATION","keyword":"[말라야 대학교]","e_type":"NEW"},{"kbox_types":["Country","PopulatedPlace","Settlement","PopulatedPlace","City","Place"],"st":530,"en_mention":475,"ancestor":"","eIdx":29,"st_mention":471,"en":536,"ne_type":"LOCATION","keyword":"[싱가포르]","e_type":"WIKILINK"},{"kbox_types":["NULL"],"st":543,"en_mention":490,"ancestor":"","eIdx":30,"st_mention":482,"en":553,"ne_type":"ORGANIZATION","keyword":"[싱가포르 대학교]","e_type":"NEW"},{"kbox_types":["NULL"],"st":561,"en_mention":509,"ancestor":"","eIdx":31,"st_mention":498,"en":574,"ne_type":"ETC","keyword":"[싱가포르_국립_대학교]","e_type":"WIKILINK"},{"kbox_types":["University","Agent","EducationalInstitution","Organisation"],"st":581,"en_mention":523,"ancestor":"","eIdx":32,"st_mention":516,"en":590,"ne_type":"ORGANIZATION","keyword":"[말라야 대학교]","e_type":"NEW"},{"kbox_types":["Year","TimePeriod"],"st":601,"en_mention":539,"ancestor":"","eIdx":33,"st_mention":534,"en":608,"ne_type":"TIME","keyword":"[1962년]","e_type":"WIKILINK"},{"kbox_types":["NULL"],"st":609,"en_mention":546,"ancestor":"","eIdx":34,"st_mention":540,"en":617,"ne_type":"TIME","keyword":"[6월_16일]","e_type":"WIKILINK"},{"kbox_types":["Country","PopulatedPlace","Settlement","PopulatedPlace","Place"],"st":618,"en_mention":552,"ancestor":"","eIdx":35,"st_mention":547,"en":625,"ne_type":"LOCATION","keyword":"[말레이시아]","e_type":"WIKILINK"},{"kbox_types":["Politician","Agent","Person","OfficeHolder","President"],"st":634,"en_mention":569,"ancestor":"","eIdx":36,"st_mention":561,"en":644,"ne_type":"PERSON","keyword":"[툰쿠_압둘_라만]","e_type":"WIKILINK"}],"wikiPageId":387686,"pIdx":2,"plainText":"역사 말라야 대학교의 전신은 1905년 설립된 해협식민지 말라야 연방 정부 의과대학이다. 1913년 11월 18일 교명을 에드워드 7세 의과대학으로 바꾸었다. 1920년에 해부학과, 의학과, 산과·부인과학과, 외과가 신설되었고, 1921년에 단과대학으로 승격되었으며, 1922년에는 임상외과, 구강외과, 세균학과, 생물학과, 생화학과를 신설했다. 1929년 7월 22일 말레이인들의 고등 교육을 증진시키기 위한 래플스 대학이 설립되었고, 인문학과 과학을 가르쳤다. 1949년 10월 8일 에드워드 7세 의과대학과 래플스 대학이 통합해 말라야 대학교가 되었다. 1959년에 말라야 대학교는 쿠알라룸푸르와 싱가포르의 자치 캠퍼스로 나누어졌으며, 말레이시아와 싱가포르의 정부는 말라야 대학교를 그들의 국립 대학교로 만들기 위한 법안을 통과시켰다. 이에 따라 1962년 1월 1일 쿠알라룸푸르의 캠퍼스는 동일한 이름인 말라야 대학교로 남게 되었고, 싱가포르의 캠퍼스는 싱가포르 대학교가 되어 후에 싱가포르 국립 대학교가 되었다. 말라야 대학교의 초대 총장으로는 1962년 6월 16일 말레이시아의 초대 총리인 툰쿠 압둘 라만이 임명되었다.","mentionTagged":"역사 [말라야 대학교]의 전신은 [1905년] 설립된 해협식민지 [말라야 연방 정부 의과대학]이다. [1913년] [11월 18일] 교명을 [에드워드 7세 의과대학]으로 바꾸었다. [1920년]에 해부학과, 의학과, 산과·부인과학과, 외과가 신설되었고, [1921년]에 단과대학으로 승격되었으며, [1922년]에는 임상외과, 구강외과, 세균학과, 생물학과, 생화학과를 신설했다. [1929년] [7월 22일] [말레이인]들의 고등 교육을 증진시키기 위한 [래플스 대학]이 설립되었고, 인문학과 과학을 가르쳤다. [1949년] [10월 8일] [에드워드 7세 의과대학]과 [래플스 대학]이 통합해 [말라야 대학교]가 되었다. [1959년]에 [말라야 대학교]는 [쿠알라룸푸르]와 [싱가포르]의 자치 캠퍼스로 나누어졌으며, [말레이시아]와 [싱가포르]의 정부는 [말라야 대학교]를 그들의 국립 대학교로 만들기 위한 법안을 통과시켰다. 이에 따라 [1962년] [1월 1일] [쿠알라룸푸르]의 캠퍼스는 동일한 이름인 [말라야 대학교]로 남게 되었고, [싱가포르]의 캠퍼스는 [싱가포르 대학교]가 되어 후에 [싱가포르 국립 대학교]가 되었다. [말라야 대학교]의 초대 총장으로는 [1962년] [6월 16일] [말레이시아]의 초대 총리인 [툰쿠 압둘 라만]이 임명되었다."}