{"entityTagged":"[정신주의] ()는 대체로 유심론과 같은 의미로 사용되어 [심령주의], 심령술, 교령방법을 의미한다. 또는, [프랑스어]의 (스피리티슴, 심령학)의 영역으로, [1857년], [프랑스인] [알란_카르젝크] (본명은 이포리트 레옹 드니자르 리바유)에 의해서 출판된 '[영혼의_책]' ([성령]의 책)에 시작하는 [교의], 신앙을 가리킨다. 심령주의는 [카르젝크]에 의해서 [센티멘탈]와 [합리주의]를 특징으로 하는 일종의 종교가 되었다. 그 교의인 '재수육' ([윤회전생])의 사상은 [앵글로색슨] 제국에서는 그만큼 받아 들여지지 않았지만, 당시의 [평등주의]나 [유토피아] 사상과 친화성이 높았다.","globalSId":[3638436,3638437,3638438,3638439],"entities":[{"kbox_types":["NULL"],"st":0,"en_mention":4,"ancestor":"","eIdx":0,"st_mention":0,"en":6,"ne_type":"ETC","keyword":"[정신주의]","e_type":"NEW"},{"kbox_types":["NULL"],"st":32,"en_mention":34,"ancestor":"","eIdx":1,"st_mention":30,"en":38,"ne_type":"ETC","keyword":"[심령주의]","e_type":"WIKILINK"},{"kbox_types":["Language"],"st":61,"en_mention":61,"ancestor":"","eIdx":2,"st_mention":57,"en":67,"ne_type":"ETC","keyword":"[프랑스어]","e_type":"WIKILINK"},{"kbox_types":["Year","TimePeriod"],"st":89,"en_mention":88,"ancestor":"","eIdx":3,"st_mention":83,"en":96,"ne_type":"TIME","keyword":"[1857년]","e_type":"WIKILINK"},{"kbox_types":["Population","EthnicGroup"],"st":98,"en_mention":94,"ancestor":"","eIdx":4,"st_mention":90,"en":104,"ne_type":"ETC","keyword":"[프랑스인]","e_type":"WIKILINK"},{"kbox_types":["NULL"],"st":105,"en_mention":102,"ancestor":"","eIdx":5,"st_mention":95,"en":114,"ne_type":"ETC","keyword":"[알란_카르젝크]","e_type":"WIKILINK"},{"kbox_types":["NULL"],"st":148,"en_mention":141,"ancestor":"","eIdx":6,"st_mention":136,"en":155,"ne_type":"ETC","keyword":"[영혼의_책]","e_type":"WIKILINK"},{"kbox_types":["NULL"],"st":158,"en_mention":146,"ancestor":"","eIdx":7,"st_mention":144,"en":162,"ne_type":"ETC","keyword":"[성령]","e_type":"WIKILINK"},{"kbox_types":["NULL"],"st":173,"en_mention":159,"ancestor":"","eIdx":8,"st_mention":157,"en":177,"ne_type":"ETC","keyword":"[교의]","e_type":"WIKILINK"},{"kbox_types":["NULL"],"st":195,"en_mention":181,"ancestor":"","eIdx":9,"st_mention":177,"en":201,"ne_type":"PERSON","keyword":"[카르젝크]","e_type":"NEW"},{"kbox_types":["NULL"],"st":207,"en_mention":191,"ancestor":"","eIdx":10,"st_mention":187,"en":213,"ne_type":"ETC","keyword":"[센티멘탈]","e_type":"WIKILINK"},{"kbox_types":["NULL"],"st":215,"en_mention":197,"ancestor":"","eIdx":11,"st_mention":193,"en":221,"ne_type":"ETC","keyword":"[합리주의]","e_type":"WIKILINK"},{"kbox_types":["NULL"],"st":257,"en_mention":237,"ancestor":"","eIdx":12,"st_mention":233,"en":263,"ne_type":"ETC","keyword":"[윤회전생]","e_type":"WIKILINK"},{"kbox_types":["NULL"],"st":270,"en_mention":249,"ancestor":"","eIdx":13,"st_mention":244,"en":277,"ne_type":"ETC","keyword":"[앵글로색슨]","e_type":"WIKILINK"},{"kbox_types":["NULL"],"st":306,"en_mention":282,"ancestor":"","eIdx":14,"st_mention":278,"en":312,"ne_type":"ETC","keyword":"[평등주의]","e_type":"NEW"},{"kbox_types":["NULL"],"st":314,"en_mention":288,"ancestor":"","eIdx":15,"st_mention":284,"en":320,"ne_type":"ETC","keyword":"[유토피아]","e_type":"WIKILINK"}],"wikiPageId":1365223,"pIdx":1,"plainText":"정신주의 ()는 대체로 유심론과 같은 의미로 사용되어 심령주의, 심령술, 교령방법을 의미한다. 또는, 프랑스어의 (스피리티슴, 심령학)의 영역으로, 1857년, 프랑스인 알란 카르젝크 (본명은 이포리트 레옹 드니자르 리바유)에 의해서 출판된 '영혼의 책' (성령의 책)에 시작하는 교의, 신앙을 가리킨다. 심령주의는 카르젝크에 의해서 감상주의와 합리주의를 특징으로 하는 일종의 종교가 되었다. 그 교의인 '재수육' (윤회전생)의 사상은 앵글로색슨 제국에서는 그만큼 받아 들여지지 않았지만, 당시의 평등주의나 유토피아 사상과 친화성이 높았다.","mentionTagged":"[정신주의] ()는 대체로 유심론과 같은 의미로 사용되어 [심령주의], 심령술, 교령방법을 의미한다. 또는, [프랑스어]의 (스피리티슴, 심령학)의 영역으로, [1857년], [프랑스인] [알란 카르젝크] (본명은 이포리트 레옹 드니자르 리바유)에 의해서 출판된 '[영혼의 책]' ([성령]의 책)에 시작하는 [교의], 신앙을 가리킨다. 심령주의는 [카르젝크]에 의해서 [감상주의]와 [합리주의]를 특징으로 하는 일종의 종교가 되었다. 그 교의인 '재수육' ([윤회전생])의 사상은 [앵글로색슨] 제국에서는 그만큼 받아 들여지지 않았지만, 당시의 [평등주의]나 [유토피아] 사상과 친화성이 높았다."}