{"entityTagged":"<경희고등학교>. [경희고등학교]에서 좋은 활약을 펼쳤다. 3학년을 마친 뒤 [마틴_레니] 감독의 선택을 받아, [서울_이랜드_FC]로 입단하였다.","globalSId":[3902516,3902517,3902518],"entities":[{"kbox_types":["SoccerClub","Agent","EducationalInstitution","SportsTeam","Organisation","School"],"st":0,"en_mention":6,"ancestor":"","eIdx":0,"st_mention":0,"en":8,"ne_type":"ORGANIZATION","keyword":"<경희고등학교>","e_type":"ELU"},{"kbox_types":["SoccerClub","Agent","EducationalInstitution","SportsTeam","Organisation","School"],"st":10,"en_mention":13,"ancestor":"","eIdx":1,"st_mention":7,"en":18,"ne_type":"ORGANIZATION","keyword":"[경희고등학교]","e_type":"WIKILINK"},{"kbox_types":["SoccerPlayer","SportsManager","Agent","Person","SoccerManager","Athlete"],"st":43,"en_mention":43,"ancestor":"","eIdx":2,"st_mention":38,"en":50,"ne_type":"PERSON","keyword":"[마틴_레니]","e_type":"WIKILINK"},{"kbox_types":["SoccerClub","Agent","SportsTeam","Organisation"],"st":63,"en_mention":65,"ancestor":"","eIdx":3,"st_mention":56,"en":74,"ne_type":"ORGANIZATION","keyword":"[서울_이랜드_FC]","e_type":"WIKILINK"}],"wikiPageId":1673397,"pIdx":3,"plainText":"경희고등학교 경희고등학교에서 좋은 활약을 펼쳤다. 3학년을 마친 뒤 마틴 레니 감독의 선택을 받아, 서울 이랜드 FC로 입단하였다.","mentionTagged":"[경희고등학교] [경희고등학교]에서 좋은 활약을 펼쳤다. 3학년을 마친 뒤 [마틴 레니] 감독의 선택을 받아, [서울 이랜드 FC]로 입단하였다."}