{"entityTagged":"<에스나>()는 [나일_강] 서안에 위치한 [이집트] [룩소르_주]의 도시로, [룩소르]에서 남쪽으로 55km 정도 떨어진 곳에 위치한다. [고대_이집트]에서는 [이우니트](Iunyt) 또는 [타세네트](Ta-senet), [그리스어]로는 [라토폴리스](Λατόπολις), [폴리스라톤](πόλις Λάτων) 또는 [라톤](Λάττων), [라틴어]로는 [라토](Lato)라는 이름으로 알려지기도 했다.","globalSId":[2541449,2541450],"entities":[{"kbox_types":["PopulatedPlace","Settlement","PopulatedPlace","City","Place"],"st":0,"en_mention":3,"ancestor":"","eIdx":0,"st_mention":0,"en":5,"ne_type":"LOCATION","keyword":"<에스나>","e_type":"ELU"},{"kbox_types":["River","Place","River","BodyOfWater","Stream","NaturalPlace"],"st":9,"en_mention":11,"ancestor":"","eIdx":1,"st_mention":7,"en":15,"ne_type":"LOCATION","keyword":"[나일_강]","e_type":"WIKILINK"},{"kbox_types":["Country","PopulatedPlace","PopulatedPlace","Place"],"st":24,"en_mention":23,"ancestor":"","eIdx":2,"st_mention":20,"en":29,"ne_type":"LOCATION","keyword":"[이집트]","e_type":"WIKILINK"},{"kbox_types":["NULL"],"st":30,"en_mention":29,"ancestor":"","eIdx":3,"st_mention":24,"en":37,"ne_type":"ETC","keyword":"[룩소르_주]","e_type":"WIKILINK"},{"kbox_types":["PopulatedPlace","Place","Settlement","PopulatedPlace","City"],"st":44,"en_mention":39,"ancestor":"","eIdx":4,"st_mention":36,"en":49,"ne_type":"LOCATION","keyword":"[룩소르]","e_type":"WIKILINK"},{"kbox_types":["Place","PopulatedPlace","Region","HistoricalRegion"],"st":78,"en_mention":74,"ancestor":"","eIdx":5,"st_mention":68,"en":86,"ne_type":"LOCATION","keyword":"[고대_이집트]","e_type":"WIKILINK"},{"kbox_types":["NULL"],"st":90,"en_mention":82,"ancestor":"","eIdx":6,"st_mention":78,"en":96,"ne_type":"LOCATION","keyword":"[이우니트]","e_type":"NEW"},{"kbox_types":["NULL"],"st":107,"en_mention":97,"ancestor":"","eIdx":7,"st_mention":93,"en":113,"ne_type":"LOCATION","keyword":"[타세네트]","e_type":"NEW"},{"kbox_types":["Language"],"st":125,"en_mention":113,"ancestor":"","eIdx":8,"st_mention":109,"en":131,"ne_type":"ETC","keyword":"[그리스어]","e_type":"WIKILINK"},{"kbox_types":["NULL"],"st":134,"en_mention":121,"ancestor":"","eIdx":9,"st_mention":116,"en":141,"ne_type":"LOCATION","keyword":"[라토폴리스]","e_type":"NEW"},{"kbox_types":["NULL"],"st":154,"en_mention":139,"ancestor":"","eIdx":10,"st_mention":134,"en":161,"ne_type":"LOCATION","keyword":"[폴리스라톤]","e_type":"NEW"},{"kbox_types":["NULL"],"st":178,"en_mention":158,"ancestor":"","eIdx":11,"st_mention":156,"en":182,"ne_type":"LOCATION","keyword":"[라톤]","e_type":"NEW"},{"kbox_types":["Language"],"st":192,"en_mention":171,"ancestor":"","eIdx":12,"st_mention":168,"en":197,"ne_type":"ETC","keyword":"[라틴어]","e_type":"WIKILINK"},{"kbox_types":["NULL"],"st":200,"en_mention":176,"ancestor":"","eIdx":13,"st_mention":174,"en":204,"ne_type":"LOCATION","keyword":"[라토]","e_type":"NEW"}],"wikiPageId":670412,"pIdx":1,"plainText":"에스나()는 나일 강 서안에 위치한 이집트 룩소르 주의 도시로, 룩소르에서 남쪽으로 55km 정도 떨어진 곳에 위치한다. 고대 이집트에서는 이우니트(Iunyt) 또는 타세네트(Ta-senet), 그리스어로는 라토폴리스(Λατόπολις), 폴리스라톤(πόλις Λάτων) 또는 라톤(Λάττων), 라틴어로는 라토(Lato)라는 이름으로 알려지기도 했다.","mentionTagged":"[에스나]()는 [나일 강] 서안에 위치한 [이집트] [룩소르 주]의 도시로, [룩소르]에서 남쪽으로 55km 정도 떨어진 곳에 위치한다. [고대 이집트]에서는 [이우니트](Iunyt) 또는 [타세네트](Ta-senet), [그리스어]로는 [라토폴리스](Λατόπολις), [폴리스라톤](πόλις Λάτων) 또는 [라톤](Λάττων), [라틴어]로는 [라토](Lato)라는 이름으로 알려지기도 했다."}