{"entityTagged":"[코지마 마코](, [1997년] [5월_30일] ~ )는, [일본]의 [아이돌]이며, [여성] 아이돌 그룹 [AKB48] 팀4 멤버 와 [텐토우무Chu!]의 최연장자이다.","globalSId":[3479232],"entities":[{"kbox_types":["Agent","Person","MusicalArtist","Artist"],"st":0,"en_mention":6,"ancestor":"","eIdx":0,"st_mention":0,"en":8,"ne_type":"PERSON","keyword":"[코지마 마코]","e_type":"NEW"},{"kbox_types":["Year","MusicalWork","TimePeriod","Work","Album"],"st":11,"en_mention":14,"ancestor":"","eIdx":1,"st_mention":9,"en":18,"ne_type":"TIME","keyword":"[1997년]","e_type":"WIKILINK"},{"kbox_types":["NULL"],"st":19,"en_mention":21,"ancestor":"","eIdx":2,"st_mention":15,"en":27,"ne_type":"TIME","keyword":"[5월_30일]","e_type":"WIKILINK"},{"kbox_types":["Country","PopulatedPlace","PopulatedPlace","Place"],"st":34,"en_mention":30,"ancestor":"","eIdx":3,"st_mention":28,"en":38,"ne_type":"LOCATION","keyword":"[일본]","e_type":"WIKILINK"},{"kbox_types":["NULL"],"st":40,"en_mention":35,"ancestor":"","eIdx":4,"st_mention":32,"en":45,"ne_type":"ETC","keyword":"[아이돌]","e_type":"WIKILINK"},{"kbox_types":["NULL"],"st":49,"en_mention":41,"ancestor":"","eIdx":5,"st_mention":39,"en":53,"ne_type":"ETC","keyword":"[여성]","e_type":"WIKILINK"},{"kbox_types":["Agent","Group","Organisation","Band"],"st":61,"en_mention":54,"ancestor":"","eIdx":6,"st_mention":49,"en":68,"ne_type":"ORGANIZATION","keyword":"[AKB48]","e_type":"WIKILINK"},{"kbox_types":["Agent","Group","Organisation","Band"],"st":77,"en_mention":71,"ancestor":"","eIdx":7,"st_mention":63,"en":87,"ne_type":"ORGANIZATION","keyword":"[텐토우무Chu!]","e_type":"WIKILINK"}],"wikiPageId":1236739,"pIdx":1,"plainText":"코지마 마코(, 1997년 5월 30일 ~ )는, 일본의 아이돌이며, 여성 아이돌 그룹 AKB48 팀4 멤버 와 텐토우무Chu!의 최연장자이다.","mentionTagged":"[코지마 마코](, [1997년] [5월 30일] ~ )는, [일본]의 [아이돌]이며, [여성] 아이돌 그룹 [AKB48] 팀4 멤버 와 [텐토우무Chu!]의 최연장자이다."}