{"entityTagged":"[주한 미군 특수작전사령부](駐韓美軍特殊作戰司令部, )는 [대한민국]에 주둔하는 [주한_미군]의 [한반도] 지역 [특수부대] [사령부]로, [한미연합군사령부]에 [특수부대] 전력을 제공한다.","globalSId":[2696941],"entities":[{"kbox_types":["NULL"],"st":0,"en_mention":13,"ancestor":"","eIdx":0,"st_mention":0,"en":15,"ne_type":"ORGANIZATION","keyword":"[주한 미군 특수작전사령부]","e_type":"NEW"},{"kbox_types":["Country","PopulatedPlace","PopulatedPlace","Place"],"st":32,"en_mention":34,"ancestor":"","eIdx":1,"st_mention":30,"en":38,"ne_type":"LOCATION","keyword":"[대한민국]","e_type":"WIKILINK"},{"kbox_types":["Agent","MilitaryUnit","Organisation"],"st":45,"en_mention":46,"ancestor":"","eIdx":2,"st_mention":41,"en":52,"ne_type":"ORGANIZATION","keyword":"[주한_미군]","e_type":"WIKILINK"},{"kbox_types":["Place"],"st":54,"en_mention":51,"ancestor":"","eIdx":3,"st_mention":48,"en":59,"ne_type":"LOCATION","keyword":"[한반도]","e_type":"NEW"},{"kbox_types":["NULL"],"st":63,"en_mention":59,"ancestor":"","eIdx":4,"st_mention":55,"en":69,"ne_type":"ETC","keyword":"[특수부대]","e_type":"WIKILINK"},{"kbox_types":["NULL"],"st":70,"en_mention":63,"ancestor":"","eIdx":5,"st_mention":60,"en":75,"ne_type":"ETC","keyword":"[사령부]","e_type":"WIKILINK"},{"kbox_types":["Agent","MilitaryUnit","Organisation"],"st":78,"en_mention":74,"ancestor":"","eIdx":6,"st_mention":66,"en":88,"ne_type":"ORGANIZATION","keyword":"[한미연합군사령부]","e_type":"WIKILINK"},{"kbox_types":["NULL"],"st":90,"en_mention":80,"ancestor":"","eIdx":7,"st_mention":76,"en":96,"ne_type":"ETC","keyword":"[특수부대]","e_type":"WIKILINK"}],"wikiPageId":742399,"pIdx":1,"plainText":"주한 미군 특수작전사령부(駐韓美軍特殊作戰司令部, )는 대한민국에 주둔하는 주한 미군의 한반도 지역 특수부대 사령부로, 한미연합군사령부에 특수부대 전력을 제공한다.","mentionTagged":"[주한 미군 특수작전사령부](駐韓美軍特殊作戰司令部, )는 [대한민국]에 주둔하는 [주한 미군]의 [한반도] 지역 [특수부대] [사령부]로, [한미연합군사령부]에 [특수부대] 전력을 제공한다."}