{"entityTagged":"<제럴턴>(Geraldton)은 [오스트레일리아] [웨스턴오스트레일리아_주]의 항구도시로, [퍼스_(웨스턴오스트레일리아_주)](웨스턴오스트레일리아 주의 주도)에서 북쪽으로 424km 정도 떨어진 곳에 위치하며 인구는 31,553명(2006년 인구조사 기준)이다. 주요 산업은 광업과 어업, 밀 생산, 양 사육, 관광이며 <웨스턴오스트레일리아_주>에서 네 번째로 인구가 많은 도시이다.","globalSId":[2553664,2553665],"entities":[{"kbox_types":["PopulatedPlace","Settlement","PopulatedPlace","City","Place"],"st":0,"en_mention":3,"ancestor":"","eIdx":0,"st_mention":0,"en":5,"ne_type":"LOCATION","keyword":"<제럴턴>","e_type":"ELU"},{"kbox_types":["Country","PopulatedPlace","Settlement","PopulatedPlace","Place"],"st":18,"en_mention":23,"ancestor":"","eIdx":1,"st_mention":16,"en":27,"ne_type":"LOCATION","keyword":"[오스트레일리아]","e_type":"WIKILINK"},{"kbox_types":["Region","Country","PopulatedPlace","AdministrativeRegion","Place","AdministrativeRegion"],"st":28,"en_mention":36,"ancestor":"","eIdx":2,"st_mention":24,"en":42,"ne_type":"LOCATION","keyword":"[웨스턴오스트레일리아_주]","e_type":"WIKILINK"},{"kbox_types":["PopulatedPlace","Place","Settlement","PopulatedPlace","City"],"st":51,"en_mention":47,"ancestor":"","eIdx":3,"st_mention":45,"en":70,"ne_type":"LOCATION","keyword":"[퍼스_(웨스턴오스트레일리아_주)]","e_type":"WIKILINK"},{"kbox_types":["Region","Country","PopulatedPlace","AdministrativeRegion","Place","AdministrativeRegion"],"st":179,"en_mention":168,"ancestor":"","eIdx":4,"st_mention":156,"en":193,"ne_type":"LOCATION","keyword":"<웨스턴오스트레일리아_주>","e_type":"ELU"}],"wikiPageId":675452,"pIdx":1,"plainText":"제럴턴(Geraldton)은 오스트레일리아 웨스턴오스트레일리아 주의 항구도시로, 퍼스(웨스턴오스트레일리아 주의 주도)에서 북쪽으로 424km 정도 떨어진 곳에 위치하며 인구는 31,553명(2006년 인구조사 기준)이다. 주요 산업은 광업과 어업, 밀 생산, 양 사육, 관광이며 웨스턴오스트레일리아 주에서 네 번째로 인구가 많은 도시이다.","mentionTagged":"[제럴턴](Geraldton)은 [오스트레일리아] [웨스턴오스트레일리아 주]의 항구도시로, [퍼스](웨스턴오스트레일리아 주의 주도)에서 북쪽으로 424km 정도 떨어진 곳에 위치하며 인구는 31,553명(2006년 인구조사 기준)이다. 주요 산업은 광업과 어업, 밀 생산, 양 사육, 관광이며 [웨스턴오스트레일리아 주]에서 네 번째로 인구가 많은 도시이다."}