{"entityTagged":"[소부](蕭敷, [461년] ~ [497년] [양력] [9월_18일]\/[음력] [8월_6일])는 [중국] [남북조_시대] [남제] 때 사람이다. 자는 중달(仲達)이다. [소순지]와 [장상유] 사이에서 태어난 둘째 아들이며 [양_무제]의 형이다.","globalSId":[3597314,3597315,3597316],"entities":[{"kbox_types":["NULL"],"st":0,"en_mention":2,"ancestor":"","eIdx":0,"st_mention":0,"en":4,"ne_type":"PERSON","keyword":"[소부]","e_type":"NEW"},{"kbox_types":["Year","TimePeriod"],"st":9,"en_mention":11,"ancestor":"","eIdx":1,"st_mention":7,"en":15,"ne_type":"TIME","keyword":"[461년]","e_type":"WIKILINK"},{"kbox_types":["Year","TimePeriod"],"st":18,"en_mention":18,"ancestor":"","eIdx":2,"st_mention":14,"en":24,"ne_type":"TIME","keyword":"[497년]","e_type":"WIKILINK"},{"kbox_types":["NULL"],"st":25,"en_mention":21,"ancestor":"","eIdx":3,"st_mention":19,"en":29,"ne_type":"ETC","keyword":"[양력]","e_type":"WIKILINK"},{"kbox_types":["NULL"],"st":30,"en_mention":28,"ancestor":"","eIdx":4,"st_mention":22,"en":38,"ne_type":"TIME","keyword":"[9월_18일]","e_type":"WIKILINK"},{"kbox_types":["NULL"],"st":39,"en_mention":31,"ancestor":"","eIdx":5,"st_mention":29,"en":43,"ne_type":"ETC","keyword":"[음력]","e_type":"WIKILINK"},{"kbox_types":["NULL"],"st":44,"en_mention":37,"ancestor":"","eIdx":6,"st_mention":32,"en":51,"ne_type":"TIME","keyword":"[8월_6일]","e_type":"WIKILINK"},{"kbox_types":["NULL"],"st":54,"en_mention":42,"ancestor":"","eIdx":7,"st_mention":40,"en":58,"ne_type":"ETC","keyword":"[중국]","e_type":"WIKILINK"},{"kbox_types":["NULL"],"st":59,"en_mention":49,"ancestor":"","eIdx":8,"st_mention":43,"en":67,"ne_type":"ETC","keyword":"[남북조_시대]","e_type":"WIKILINK"},{"kbox_types":["NULL"],"st":68,"en_mention":52,"ancestor":"","eIdx":9,"st_mention":50,"en":72,"ne_type":"ETC","keyword":"[남제]","e_type":"WIKILINK"},{"kbox_types":["Agent","Person"],"st":94,"en_mention":77,"ancestor":"","eIdx":10,"st_mention":74,"en":99,"ne_type":"PERSON","keyword":"[소순지]","e_type":"WIKILINK"},{"kbox_types":["NULL"],"st":101,"en_mention":82,"ancestor":"","eIdx":11,"st_mention":79,"en":106,"ne_type":"ETC","keyword":"[장상유]","e_type":"WIKILINK"},{"kbox_types":["Royalty","Monarch","BritishRoyalty","Agent","Person"],"st":124,"en_mention":104,"ancestor":"","eIdx":12,"st_mention":100,"en":130,"ne_type":"PERSON","keyword":"[양_무제]","e_type":"WIKILINK"}],"wikiPageId":1330549,"pIdx":1,"plainText":"소부(蕭敷, 461년 ~ 497년 양력 9월 18일\/음력 8월 6일)는 중국 남북조 시대 남제 때 사람이다. 자는 중달(仲達)이다. 소순지와 장상유 사이에서 태어난 둘째 아들이며 양 무제의 형이다.","mentionTagged":"[소부](蕭敷, [461년] ~ [497년] [양력] [9월 18일]\/[음력] [8월 6일])는 [중국] [남북조 시대] [남제] 때 사람이다. 자는 중달(仲達)이다. [소순지]와 [장상유] 사이에서 태어난 둘째 아들이며 [양 무제]의 형이다."}