{"entityTagged":"휴대용 <앙부일구>(携帶用 仰釜日晷)는 [서울특별시] [용산구] [국립중앙박물관]에 있는 <조선>의 휴대용 <해시계>이다. [1986년] [3월_14일] [대한민국의_보물] 제852호로 지정되었다.","globalSId":[1653231,1653232],"entities":[{"kbox_types":["NULL"],"st":4,"en_mention":8,"ancestor":"","eIdx":0,"st_mention":4,"en":10,"ne_type":"ETC","keyword":"<앙부일구>","e_type":"ELU"},{"kbox_types":["PopulatedPlace","Place","Settlement","PopulatedPlace","City"],"st":22,"en_mention":25,"ancestor":"","eIdx":1,"st_mention":20,"en":29,"ne_type":"LOCATION","keyword":"[서울특별시]","e_type":"WIKILINK"},{"kbox_types":["PopulatedPlace","Settlement","PopulatedPlace","Place"],"st":30,"en_mention":29,"ancestor":"","eIdx":2,"st_mention":26,"en":35,"ne_type":"LOCATION","keyword":"[용산구]","e_type":"WIKILINK"},{"kbox_types":["ArchitecturalStructure","Museum","Place","Building","Place"],"st":36,"en_mention":37,"ancestor":"","eIdx":3,"st_mention":30,"en":45,"ne_type":"LOCATION","keyword":"[국립중앙박물관]","e_type":"WIKILINK"},{"kbox_types":["Country","NobleFamily","Agent","PopulatedPlace","Settlement","Family","PopulatedPlace","Place"],"st":50,"en_mention":46,"ancestor":"","eIdx":4,"st_mention":42,"en":54,"ne_type":"LOCATION","keyword":"<조선>","e_type":"ELU"},{"kbox_types":["NULL"],"st":60,"en_mention":55,"ancestor":"","eIdx":5,"st_mention":52,"en":65,"ne_type":"ETC","keyword":"<해시계>","e_type":"ELU"},{"kbox_types":["Animal","Year","Species","TimePeriod","Eukaryote"],"st":69,"en_mention":64,"ancestor":"","eIdx":6,"st_mention":59,"en":76,"ne_type":"TIME","keyword":"[1986년]","e_type":"WIKILINK"},{"kbox_types":["NULL"],"st":77,"en_mention":71,"ancestor":"","eIdx":7,"st_mention":65,"en":85,"ne_type":"TIME","keyword":"[3월_14일]","e_type":"WIKILINK"},{"kbox_types":["NULL"],"st":86,"en_mention":80,"ancestor":"","eIdx":8,"st_mention":72,"en":96,"ne_type":"ETC","keyword":"[대한민국의_보물]","e_type":"WIKILINK"}],"wikiPageId":302942,"pIdx":1,"plainText":"휴대용 앙부일구(携帶用 仰釜日晷)는 서울특별시 용산구 국립중앙박물관에 있는 조선시대의 휴대용 해시계이다. 1986년 3월 14일 대한민국의 보물 제852호로 지정되었다.","mentionTagged":"휴대용 [앙부일구](携帶用 仰釜日晷)는 [서울특별시] [용산구] [국립중앙박물관]에 있는 [조선시대]의 휴대용 [해시계]이다. [1986년] [3월 14일] [대한민국의 보물] 제852호로 지정되었다."}