{"entityTagged":"[1910년]([융희 4년]) [10월] [한일_합방] 후 관직에서 물러났다가 [그해 11월] [조선총독부]의 특채로 등용되어 [전라남도] 참여관과 [경기도] 참여관을 거쳐 [충청북도][도지사]로 고속승진한 후 [1926년] 중추원 참의가 되었다가 [1945년] [중추원] 고문직에 올랐다. 그의 딸 [윤고려]는 개화파 정치인 [윤치오]의 두 번째 부인으로 결혼 후 남편의 성을 따라 윤씨로 성을 바꾸기도 했다. 본관은 [청도_김씨]이다.","globalSId":[952634,952635,952636],"entities":[{"kbox_types":["Year","TimePeriod"],"st":0,"en_mention":5,"ancestor":"","eIdx":0,"st_mention":0,"en":7,"ne_type":"TIME","keyword":"[1910년]","e_type":"WIKILINK"},{"kbox_types":["NULL"],"st":8,"en_mention":11,"ancestor":"","eIdx":1,"st_mention":6,"en":15,"ne_type":"TIME","keyword":"[융희 4년]","e_type":"NEW"},{"kbox_types":["NULL"],"st":17,"en_mention":16,"ancestor":"","eIdx":2,"st_mention":13,"en":22,"ne_type":"TIME","keyword":"[10월]","e_type":"WIKILINK"},{"kbox_types":["NULL"],"st":23,"en_mention":22,"ancestor":"","eIdx":3,"st_mention":17,"en":30,"ne_type":"ETC","keyword":"[한일_합방]","e_type":"WIKILINK"},{"kbox_types":["NULL"],"st":44,"en_mention":42,"ancestor":"","eIdx":4,"st_mention":36,"en":52,"ne_type":"TIME","keyword":"[그해 11월]","e_type":"NEW"},{"kbox_types":["NULL"],"st":53,"en_mention":48,"ancestor":"","eIdx":5,"st_mention":43,"en":60,"ne_type":"ETC","keyword":"[조선총독부]","e_type":"WIKILINK"},{"kbox_types":["PopulatedPlace","Settlement","PopulatedPlace","Place"],"st":71,"en_mention":63,"ancestor":"","eIdx":6,"st_mention":59,"en":77,"ne_type":"LOCATION","keyword":"[전라남도]","e_type":"WIKILINK"},{"kbox_types":["PopulatedPlace","Settlement","PopulatedPlace","Place"],"st":83,"en_mention":72,"ancestor":"","eIdx":7,"st_mention":69,"en":88,"ne_type":"LOCATION","keyword":"[경기도]","e_type":"WIKILINK"},{"kbox_types":["PopulatedPlace","Settlement","PopulatedPlace","Place"],"st":97,"en_mention":85,"ancestor":"","eIdx":8,"st_mention":81,"en":103,"ne_type":"LOCATION","keyword":"[충청북도]","e_type":"WIKILINK"},{"kbox_types":["PersonFunction","Profession"],"st":103,"en_mention":88,"ancestor":"","eIdx":9,"st_mention":85,"en":108,"ne_type":"ETC","keyword":"[도지사]","e_type":"WIKILINK"},{"kbox_types":["Year","TimePeriod"],"st":118,"en_mention":103,"ancestor":"","eIdx":10,"st_mention":98,"en":125,"ne_type":"TIME","keyword":"[1926년]","e_type":"WIKILINK"},{"kbox_types":["Year","TimePeriod"],"st":139,"en_mention":122,"ancestor":"","eIdx":11,"st_mention":117,"en":146,"ne_type":"TIME","keyword":"[1945년]","e_type":"WIKILINK"},{"kbox_types":["NULL"],"st":147,"en_mention":126,"ancestor":"","eIdx":12,"st_mention":123,"en":152,"ne_type":"ORGANIZATION","keyword":"[중추원]","e_type":"NEW"},{"kbox_types":["Agent","Person"],"st":168,"en_mention":145,"ancestor":"","eIdx":13,"st_mention":142,"en":173,"ne_type":"PERSON","keyword":"[윤고려]","e_type":"WIKILINK"},{"kbox_types":["Agent","Person"],"st":183,"en_mention":158,"ancestor":"","eIdx":14,"st_mention":155,"en":188,"ne_type":"PERSON","keyword":"[윤치오]","e_type":"WIKILINK"},{"kbox_types":["NULL"],"st":235,"en_mention":207,"ancestor":"","eIdx":15,"st_mention":205,"en":242,"ne_type":"ETC","keyword":"[청도_김씨]","e_type":"WIKILINK"}],"wikiPageId":132249,"pIdx":3,"plainText":"1910년(융희 4년) 10월 한일 합방 후 관직에서 물러났다가 그해 11월 조선총독부의 특채로 등용되어 전라남도 참여관과 경기도 참여관을 거쳐 충청북도도지사로 고속승진한 후 1926년 중추원 참의가 되었다가 1945년 중추원 고문직에 올랐다. 그의 딸 윤고려는 개화파 정치인 윤치오의 두 번째 부인으로 결혼 후 남편의 성을 따라 윤씨로 성을 바꾸기도 했다. 본관은 청도이다.","mentionTagged":"[1910년]([융희 4년]) [10월] [한일 합방] 후 관직에서 물러났다가 [그해 11월] [조선총독부]의 특채로 등용되어 [전라남도] 참여관과 [경기도] 참여관을 거쳐 [충청북도][도지사]로 고속승진한 후 [1926년] 중추원 참의가 되었다가 [1945년] [중추원] 고문직에 올랐다. 그의 딸 [윤고려]는 개화파 정치인 [윤치오]의 두 번째 부인으로 결혼 후 남편의 성을 따라 윤씨로 성을 바꾸기도 했다. 본관은 [청도]이다."}