{"entityTagged":"<강남대학교>(江南大學校, )는 [대한민국] [경기도] [용인시] [기흥구] [구갈동]에 위치한 [사립_대학]으로, [1946년] [경천애인]의 창학이념으로 개교하였다. 특성 및 계획 직업 지향 교육 대학으로 나아가기 위하여 각 대학·학부·학과·전공별로 특성화하고 있다. [특성화 추진위원회] 및 [특성화 추진 평가위원회]를 운영하고, 인성교육 및 실무 교육 인증제와 겸임 교수제를 시행하고 있다. 복지사회를 선도하는 대학으로써 자원 복지 센터를 운영하고 21세기의 사회복지 <전문가>를 양성하는 프로그램을 개발·운영하고 있다. 아울러 열린교육 체제의 구현을 위하여 국내·외 대학간 학점교류, 학점 은행제 및 시간제 학생 등록제를 실시하고 평생교육원을 활성화하고 있다. 졸업 소요학점 140점이상이며, 9대학 24학과를 개설하여 전문 직업 교육의 토대를 구축하고 있다. [중국학대학] 대표적 특성화학과. 학과 내 전공 자유선택, 전과제도, 복수전공제도, 연계전공, 교직과정, 조기졸업제, 국내·외 대학간 학점교류제 실시, 사회봉사학점제실시, 강남인증제 실시, 가상대학운영, 국제화 및 정보화 교육강화, 인정학점운영제도, 외국대학과의 복수학위제 실시하고 있다.","globalSId":[2027213,2027214,2027215,2027216,2027217,2027218,2027219,2027220],"entities":[{"kbox_types":["University","Agent","EducationalInstitution","Organisation"],"st":0,"en_mention":5,"ancestor":"","eIdx":0,"st_mention":0,"en":7,"ne_type":"ORGANIZATION","keyword":"<강남대학교>","e_type":"ELU"},{"kbox_types":["Country","PopulatedPlace","PopulatedPlace","Place"],"st":18,"en_mention":20,"ancestor":"","eIdx":1,"st_mention":16,"en":24,"ne_type":"LOCATION","keyword":"[대한민국]","e_type":"WIKILINK"},{"kbox_types":["PopulatedPlace","Settlement","PopulatedPlace","Place"],"st":25,"en_mention":24,"ancestor":"","eIdx":2,"st_mention":21,"en":30,"ne_type":"LOCATION","keyword":"[경기도]","e_type":"WIKILINK"},{"kbox_types":["PopulatedPlace","Place","Settlement","PopulatedPlace","City"],"st":31,"en_mention":28,"ancestor":"","eIdx":3,"st_mention":25,"en":36,"ne_type":"LOCATION","keyword":"[용인시]","e_type":"WIKILINK"},{"kbox_types":["PopulatedPlace","Settlement","PopulatedPlace","Place"],"st":37,"en_mention":32,"ancestor":"","eIdx":4,"st_mention":29,"en":42,"ne_type":"LOCATION","keyword":"[기흥구]","e_type":"WIKILINK"},{"kbox_types":["NULL"],"st":43,"en_mention":36,"ancestor":"","eIdx":5,"st_mention":33,"en":48,"ne_type":"ETC","keyword":"[구갈동]","e_type":"WIKILINK"},{"kbox_types":["NULL"],"st":54,"en_mention":47,"ancestor":"","eIdx":6,"st_mention":42,"en":61,"ne_type":"ETC","keyword":"[사립_대학]","e_type":"WIKILINK"},{"kbox_types":["Year","TimePeriod"],"st":65,"en_mention":56,"ancestor":"","eIdx":7,"st_mention":51,"en":72,"ne_type":"TIME","keyword":"[1946년]","e_type":"WIKILINK"},{"kbox_types":["NULL"],"st":73,"en_mention":61,"ancestor":"","eIdx":8,"st_mention":57,"en":79,"ne_type":"ETC","keyword":"[경천애인]","e_type":"NEW"},{"kbox_types":["NULL"],"st":152,"en_mention":143,"ancestor":"","eIdx":9,"st_mention":134,"en":163,"ne_type":"ORGANIZATION","keyword":"[특성화 추진위원회]","e_type":"NEW"},{"kbox_types":["NULL"],"st":166,"en_mention":158,"ancestor":"","eIdx":10,"st_mention":146,"en":180,"ne_type":"ORGANIZATION","keyword":"[특성화 추진 평가위원회]","e_type":"NEW"},{"kbox_types":["NULL"],"st":266,"en_mention":247,"ancestor":"","eIdx":11,"st_mention":244,"en":271,"ne_type":"ETC","keyword":"<전문가>","e_type":"ELU"},{"kbox_types":["NULL"],"st":431,"en_mention":412,"ancestor":"","eIdx":12,"st_mention":407,"en":438,"ne_type":"ETC","keyword":"[중국학대학]","e_type":"NEW"}],"wikiPageId":431821,"pIdx":1,"plainText":"강남대학교(江南大學校, )는 대한민국 경기도 용인시 기흥구 구갈동에 위치한 사립 대학으로, 1946년 경천애인의 창학이념으로 개교하였다. 특성 및 계획 직업 지향 교육 대학으로 나아가기 위하여 각 대학·학부·학과·전공별로 특성화하고 있다. 특성화 추진위원회 및 특성화 추진 평가위원회를 운영하고, 인성교육 및 실무 교육 인증제와 겸임 교수제를 시행하고 있다. 복지사회를 선도하는 대학으로써 자원 복지 센터를 운영하고 21세기의 사회복지 전문가를 양성하는 프로그램을 개발·운영하고 있다. 아울러 열린교육 체제의 구현을 위하여 국내·외 대학간 학점교류, 학점 은행제 및 시간제 학생 등록제를 실시하고 평생교육원을 활성화하고 있다. 졸업 소요학점 140점이상이며, 9대학 24학과를 개설하여 전문 직업 교육의 토대를 구축하고 있다. 중국학대학 대표적 특성화학과. 학과 내 전공 자유선택, 전과제도, 복수전공제도, 연계전공, 교직과정, 조기졸업제, 국내·외 대학간 학점교류제 실시, 사회봉사학점제실시, 강남인증제 실시, 가상대학운영, 국제화 및 정보화 교육강화, 인정학점운영제도, 외국대학과의 복수학위제 실시하고 있다.","mentionTagged":"[강남대학교](江南大學校, )는 [대한민국] [경기도] [용인시] [기흥구] [구갈동]에 위치한 [사립 대학]으로, [1946년] [경천애인]의 창학이념으로 개교하였다. 특성 및 계획 직업 지향 교육 대학으로 나아가기 위하여 각 대학·학부·학과·전공별로 특성화하고 있다. [특성화 추진위원회] 및 [특성화 추진 평가위원회]를 운영하고, 인성교육 및 실무 교육 인증제와 겸임 교수제를 시행하고 있다. 복지사회를 선도하는 대학으로써 자원 복지 센터를 운영하고 21세기의 사회복지 [전문가]를 양성하는 프로그램을 개발·운영하고 있다. 아울러 열린교육 체제의 구현을 위하여 국내·외 대학간 학점교류, 학점 은행제 및 시간제 학생 등록제를 실시하고 평생교육원을 활성화하고 있다. 졸업 소요학점 140점이상이며, 9대학 24학과를 개설하여 전문 직업 교육의 토대를 구축하고 있다. [중국학대학] 대표적 특성화학과. 학과 내 전공 자유선택, 전과제도, 복수전공제도, 연계전공, 교직과정, 조기졸업제, 국내·외 대학간 학점교류제 실시, 사회봉사학점제실시, 강남인증제 실시, 가상대학운영, 국제화 및 정보화 교육강화, 인정학점운영제도, 외국대학과의 복수학위제 실시하고 있다."}