{"entityTagged":"역사. 당시 [인도네시아]가 [네덜란드]에 대항하여 일으킨 독립 운동을 계기로 항공사를 세웠는데 [가루다]는 [힌두교] 신화에서 [힌두교]의 신 [비슈누]()가 타던 [가마]를 뜻한다. [1949년] [1월_26일]에 [가루다 인도네시아 에어웨이즈]()로 설립했다. 현지어로 황금의 산이란 뜻의 [술라와]()라는 이름의 [더글러스_DC-3] 항공기가 처음 운항했다. 독립 운동 기간에 이 항공기는 [인도네시아] 외교관들에게 항공 서비스를 제공했다. [1956년]에는 [가루다 인도네시아 항공]의 [콘베어_340] 항공기가 [인도네시아]인 40명을 태우고, [사우디아라비아] [메카]로 첫 해외 운항을 시작했다. 승객들은 [이슬람교]의 성지 순례인 [하즈]를 하기 위해 떠나는 여행객에 속했다. [1960년대] 노선 증설과 사업 확장을 통해 성장의 시기를 맞이했다. [홍콩], [암스테르담], [프랑크푸르트], [로마], [파리_(프랑스)], [뭄바이], [카이로], [중화인민공화국], [프놈펜], [콜롬보], [프라하] 노선에 취항했다. [1970년대] 당시 [포커_28] 항공기를 가장 많이 운항하던 항공사였다. [1978년] [보잉_747] 항공기와 [1980년] [보잉_747], [1982년] [에어버스_A300]를 도입했다. [1991년] [일본] [후쿠오카]에서 사고로 추락했다. 같은 해 [수마트라] 북부의 [메단]에서 [에어버스_A300]이 추락했다. [1997년] [아시아]의 금융 위기로 [인도네시아]를 비롯해 항공사도 큰 타격을 주었다. 그로 인해 [암스테르담] 노선을 제외한 [유럽]과 [북아메리카] 노선 운항을 중단했으며, [암스테르담] 노선도 [2004년]에 운항을 중단했다. [2001년] [인도네시아]의 [저가_항공사]인 [시티링크]를 설립했다. [2000년대] 중반 이후 [유럽] 노선의 재취항을 시도했지만 [2007년] 초에 발생한 추락 사고를 문제삼아 [유럽_연합]은 [인도네시아]의 모든 항공사에 대해 [유럽] 취항을 [유럽_연합_내_취항_금지_항공사_목록]했고, [2009년] [7월] <유럽_연합>의 금지안이 해제되었다. [2014년] [3월_5일] [스카이팀]의 20번째 정회원으로 가맹했다.","globalSId":[1453315,1453316,1453317,1453318,1453319,1453320,1453321,1453322,1453323,1453324,1453325,1453326,1453327,1453328,1453329,1453330,1453331,1453332],"entities":[{"kbox_types":["Country","PopulatedPlace","PopulatedPlace","Place"],"st":7,"en_mention":11,"ancestor":"","eIdx":0,"st_mention":6,"en":14,"ne_type":"LOCATION","keyword":"[인도네시아]","e_type":"WIKILINK"},{"kbox_types":["Country","PopulatedPlace","Settlement","PopulatedPlace","Place"],"st":16,"en_mention":17,"ancestor":"","eIdx":1,"st_mention":13,"en":22,"ne_type":"LOCATION","keyword":"[네덜란드]","e_type":"WIKILINK"},{"kbox_types":["NULL"],"st":54,"en_mention":52,"ancestor":"","eIdx":2,"st_mention":49,"en":59,"ne_type":"ETC","keyword":"[가루다]","e_type":"WIKILINK"},{"kbox_types":["NULL"],"st":61,"en_mention":57,"ancestor":"","eIdx":3,"st_mention":54,"en":66,"ne_type":"ETC","keyword":"[힌두교]","e_type":"WIKILINK"},{"kbox_types":["NULL"],"st":72,"en_mention":66,"ancestor":"","eIdx":4,"st_mention":63,"en":77,"ne_type":"ETC","keyword":"[힌두교]","e_type":"WIKILINK"},{"kbox_types":["NULL"],"st":81,"en_mention":73,"ancestor":"","eIdx":5,"st_mention":70,"en":86,"ne_type":"ETC","keyword":"[비슈누]","e_type":"WIKILINK"},{"kbox_types":["NULL"],"st":93,"en_mention":82,"ancestor":"","eIdx":6,"st_mention":80,"en":97,"ne_type":"ETC","keyword":"[가마]","e_type":"WIKILINK"},{"kbox_types":["Year","TimePeriod"],"st":104,"en_mention":94,"ancestor":"","eIdx":7,"st_mention":89,"en":111,"ne_type":"TIME","keyword":"[1949년]","e_type":"WIKILINK"},{"kbox_types":["NULL"],"st":112,"en_mention":101,"ancestor":"","eIdx":8,"st_mention":95,"en":120,"ne_type":"TIME","keyword":"[1월_26일]","e_type":"WIKILINK"},{"kbox_types":["NULL"],"st":122,"en_mention":118,"ancestor":"","eIdx":9,"st_mention":103,"en":139,"ne_type":"ORGANIZATION","keyword":"[가루다 인도네시아 에어웨이즈]","e_type":"NEW"},{"kbox_types":["NULL"],"st":165,"en_mention":147,"ancestor":"","eIdx":10,"st_mention":144,"en":170,"ne_type":"ETC","keyword":"[술라와]","e_type":"NEW"},{"kbox_types":["MeanOfTransportation","Aircraft"],"st":179,"en_mention":165,"ancestor":"","eIdx":11,"st_mention":156,"en":190,"ne_type":"ETC","keyword":"[더글러스_DC-3]","e_type":"WIKILINK"},{"kbox_types":["Country","PopulatedPlace","PopulatedPlace","Place"],"st":222,"en_mention":202,"ancestor":"","eIdx":12,"st_mention":197,"en":229,"ne_type":"LOCATION","keyword":"[인도네시아]","e_type":"WIKILINK"},{"kbox_types":["Year","TimePeriod"],"st":251,"en_mention":229,"ancestor":"","eIdx":13,"st_mention":224,"en":258,"ne_type":"TIME","keyword":"[1956년]","e_type":"WIKILINK"},{"kbox_types":["Company","Agent","Airline","Organisation"],"st":261,"en_mention":244,"ancestor":"","eIdx":14,"st_mention":232,"en":275,"ne_type":"ORGANIZATION","keyword":"[가루다 인도네시아 항공]","e_type":"NEW"},{"kbox_types":["NULL"],"st":277,"en_mention":253,"ancestor":"","eIdx":15,"st_mention":246,"en":286,"ne_type":"ETC","keyword":"[콘베어_340]","e_type":"WIKILINK"},{"kbox_types":["Country","PopulatedPlace","PopulatedPlace","Place"],"st":292,"en_mention":264,"ancestor":"","eIdx":16,"st_mention":259,"en":299,"ne_type":"LOCATION","keyword":"[인도네시아]","e_type":"WIKILINK"},{"kbox_types":["Country","PopulatedPlace","Settlement","PopulatedPlace","Place"],"st":311,"en_mention":283,"ancestor":"","eIdx":17,"st_mention":276,"en":320,"ne_type":"LOCATION","keyword":"[사우디아라비아]","e_type":"WIKILINK"},{"kbox_types":["PopulatedPlace","Place","Settlement","PopulatedPlace","City"],"st":321,"en_mention":286,"ancestor":"","eIdx":18,"st_mention":284,"en":325,"ne_type":"LOCATION","keyword":"[메카]","e_type":"WIKILINK"},{"kbox_types":["NULL"],"st":347,"en_mention":312,"ancestor":"","eIdx":19,"st_mention":308,"en":353,"ne_type":"ETC","keyword":"[이슬람교]","e_type":"WIKILINK"},{"kbox_types":["NULL"],"st":362,"en_mention":323,"ancestor":"","eIdx":20,"st_mention":321,"en":366,"ne_type":"ETC","keyword":"[하즈]","e_type":"WIKILINK"},{"kbox_types":["NULL"],"st":388,"en_mention":351,"ancestor":"","eIdx":21,"st_mention":345,"en":396,"ne_type":"ETC","keyword":"[1960년대]","e_type":"WIKILINK"},{"kbox_types":["Country","PopulatedPlace","Settlement","PopulatedPlace","City","Place"],"st":428,"en_mention":385,"ancestor":"","eIdx":22,"st_mention":383,"en":432,"ne_type":"LOCATION","keyword":"[홍콩]","e_type":"WIKILINK"},{"kbox_types":["PopulatedPlace","Place","Settlement","PopulatedPlace","City"],"st":434,"en_mention":392,"ancestor":"","eIdx":23,"st_mention":387,"en":441,"ne_type":"LOCATION","keyword":"[암스테르담]","e_type":"WIKILINK"},{"kbox_types":["Place","PopulatedPlace","Settlement"],"st":443,"en_mention":400,"ancestor":"","eIdx":24,"st_mention":394,"en":451,"ne_type":"LOCATION","keyword":"[프랑크푸르트]","e_type":"WIKILINK"},{"kbox_types":["PopulatedPlace","Place","Settlement","PopulatedPlace"],"st":453,"en_mention":404,"ancestor":"","eIdx":25,"st_mention":402,"en":457,"ne_type":"LOCATION","keyword":"[로마]","e_type":"WIKILINK"},{"kbox_types":["PopulatedPlace","Place","Settlement","PopulatedPlace"],"st":459,"en_mention":408,"ancestor":"","eIdx":26,"st_mention":406,"en":469,"ne_type":"LOCATION","keyword":"[파리_(프랑스)]","e_type":"WIKILINK"},{"kbox_types":["PopulatedPlace","Place","Settlement","PopulatedPlace","City"],"st":471,"en_mention":413,"ancestor":"","eIdx":27,"st_mention":410,"en":476,"ne_type":"LOCATION","keyword":"[뭄바이]","e_type":"WIKILINK"},{"kbox_types":["PopulatedPlace","Place","Settlement","PopulatedPlace","City"],"st":478,"en_mention":418,"ancestor":"","eIdx":28,"st_mention":415,"en":483,"ne_type":"LOCATION","keyword":"[카이로]","e_type":"WIKILINK"},{"kbox_types":["Country","PopulatedPlace","PopulatedPlace","Place"],"st":485,"en_mention":422,"ancestor":"","eIdx":29,"st_mention":420,"en":494,"ne_type":"LOCATION","keyword":"[중화인민공화국]","e_type":"WIKILINK"},{"kbox_types":["PopulatedPlace","Place","Settlement","PopulatedPlace","City"],"st":496,"en_mention":427,"ancestor":"","eIdx":30,"st_mention":424,"en":501,"ne_type":"LOCATION","keyword":"[프놈펜]","e_type":"WIKILINK"},{"kbox_types":["PopulatedPlace","Settlement","PopulatedPlace","City","Place"],"st":503,"en_mention":432,"ancestor":"","eIdx":31,"st_mention":429,"en":508,"ne_type":"LOCATION","keyword":"[콜롬보]","e_type":"WIKILINK"},{"kbox_types":["PopulatedPlace","Settlement","PopulatedPlace","City","Place"],"st":510,"en_mention":437,"ancestor":"","eIdx":32,"st_mention":434,"en":515,"ne_type":"LOCATION","keyword":"[프라하]","e_type":"WIKILINK"},{"kbox_types":["NULL"],"st":526,"en_mention":454,"ancestor":"","eIdx":33,"st_mention":448,"en":534,"ne_type":"ETC","keyword":"[1970년대]","e_type":"WIKILINK"},{"kbox_types":["NULL"],"st":538,"en_mention":463,"ancestor":"","eIdx":34,"st_mention":458,"en":545,"ne_type":"ETC","keyword":"[포커_28]","e_type":"WIKILINK"},{"kbox_types":["Year","TimePeriod"],"st":569,"en_mention":492,"ancestor":"","eIdx":35,"st_mention":487,"en":576,"ne_type":"TIME","keyword":"[1978년]","e_type":"WIKILINK"},{"kbox_types":["Aircraft","MeanOfTransportation"],"st":577,"en_mention":503,"ancestor":"","eIdx":36,"st_mention":493,"en":585,"ne_type":"ETC","keyword":"[보잉_747]","e_type":"WIKILINK"},{"kbox_types":["Year","TimePeriod"],"st":591,"en_mention":514,"ancestor":"","eIdx":37,"st_mention":509,"en":598,"ne_type":"TIME","keyword":"[1980년]","e_type":"WIKILINK"},{"kbox_types":["Aircraft","MeanOfTransportation"],"st":599,"en_mention":525,"ancestor":"","eIdx":38,"st_mention":515,"en":607,"ne_type":"ETC","keyword":"[보잉_747]","e_type":"WIKILINK"},{"kbox_types":["Year","TimePeriod"],"st":609,"en_mention":532,"ancestor":"","eIdx":39,"st_mention":527,"en":616,"ne_type":"TIME","keyword":"[1982년]","e_type":"WIKILINK"},{"kbox_types":["Aircraft","MeanOfTransportation"],"st":617,"en_mention":545,"ancestor":"","eIdx":40,"st_mention":533,"en":628,"ne_type":"ETC","keyword":"[에어버스_A300]","e_type":"WIKILINK"},{"kbox_types":["Year","Language","TimePeriod"],"st":636,"en_mention":558,"ancestor":"","eIdx":41,"st_mention":553,"en":643,"ne_type":"TIME","keyword":"[1991년]","e_type":"WIKILINK"},{"kbox_types":["Country","PopulatedPlace","PopulatedPlace","Place"],"st":644,"en_mention":561,"ancestor":"","eIdx":42,"st_mention":559,"en":648,"ne_type":"LOCATION","keyword":"[일본]","e_type":"WIKILINK"},{"kbox_types":["NULL"],"st":649,"en_mention":566,"ancestor":"","eIdx":43,"st_mention":562,"en":655,"ne_type":"ETC","keyword":"[후쿠오카]","e_type":"WIKILINK"},{"kbox_types":["NULL"],"st":673,"en_mention":588,"ancestor":"","eIdx":44,"st_mention":584,"en":679,"ne_type":"ETC","keyword":"[수마트라]","e_type":"WIKILINK"},{"kbox_types":["PopulatedPlace","Place","Settlement","PopulatedPlace","City"],"st":684,"en_mention":595,"ancestor":"","eIdx":45,"st_mention":593,"en":688,"ne_type":"LOCATION","keyword":"[메단]","e_type":"WIKILINK"},{"kbox_types":["Aircraft","MeanOfTransportation"],"st":691,"en_mention":607,"ancestor":"","eIdx":46,"st_mention":598,"en":702,"ne_type":"ETC","keyword":"[에어버스_A300]","e_type":"WIKILINK"},{"kbox_types":["Year","MusicalWork","TimePeriod","Work","Album"],"st":710,"en_mention":620,"ancestor":"","eIdx":47,"st_mention":615,"en":717,"ne_type":"TIME","keyword":"[1997년]","e_type":"WIKILINK"},{"kbox_types":["PopulatedPlace","Place","Settlement","PopulatedPlace","Continent"],"st":718,"en_mention":624,"ancestor":"","eIdx":48,"st_mention":621,"en":723,"ne_type":"LOCATION","keyword":"[아시아]","e_type":"WIKILINK"},{"kbox_types":["Country","PopulatedPlace","PopulatedPlace","Place"],"st":732,"en_mention":638,"ancestor":"","eIdx":49,"st_mention":633,"en":739,"ne_type":"LOCATION","keyword":"[인도네시아]","e_type":"WIKILINK"},{"kbox_types":["PopulatedPlace","Place","Settlement","PopulatedPlace","City"],"st":767,"en_mention":671,"ancestor":"","eIdx":50,"st_mention":666,"en":774,"ne_type":"LOCATION","keyword":"[암스테르담]","e_type":"WIKILINK"},{"kbox_types":["PopulatedPlace","Place","Settlement","PopulatedPlace","Continent"],"st":783,"en_mention":682,"ancestor":"","eIdx":51,"st_mention":680,"en":787,"ne_type":"LOCATION","keyword":"[유럽]","e_type":"WIKILINK"},{"kbox_types":["PopulatedPlace","Place","Settlement","PopulatedPlace","Continent"],"st":789,"en_mention":689,"ancestor":"","eIdx":52,"st_mention":684,"en":796,"ne_type":"LOCATION","keyword":"[북아메리카]","e_type":"WIKILINK"},{"kbox_types":["PopulatedPlace","Place","Settlement","PopulatedPlace","City"],"st":811,"en_mention":709,"ancestor":"","eIdx":53,"st_mention":704,"en":818,"ne_type":"LOCATION","keyword":"[암스테르담]","e_type":"WIKILINK"},{"kbox_types":["Year","TimePeriod"],"st":823,"en_mention":719,"ancestor":"","eIdx":54,"st_mention":714,"en":830,"ne_type":"TIME","keyword":"[2004년]","e_type":"WIKILINK"},{"kbox_types":["Year","MusicalWork","TimePeriod","Work","Album"],"st":842,"en_mention":736,"ancestor":"","eIdx":55,"st_mention":731,"en":849,"ne_type":"TIME","keyword":"[2001년]","e_type":"WIKILINK"},{"kbox_types":["Country","PopulatedPlace","PopulatedPlace","Place"],"st":850,"en_mention":742,"ancestor":"","eIdx":56,"st_mention":737,"en":857,"ne_type":"LOCATION","keyword":"[인도네시아]","e_type":"WIKILINK"},{"kbox_types":["NULL"],"st":859,"en_mention":750,"ancestor":"","eIdx":57,"st_mention":744,"en":867,"ne_type":"ETC","keyword":"[저가_항공사]","e_type":"WIKILINK"},{"kbox_types":["Company","Agent","Airline","Organisation"],"st":869,"en_mention":756,"ancestor":"","eIdx":58,"st_mention":752,"en":875,"ne_type":"ORGANIZATION","keyword":"[시티링크]","e_type":"WIKILINK"},{"kbox_types":["NULL"],"st":883,"en_mention":770,"ancestor":"","eIdx":59,"st_mention":764,"en":891,"ne_type":"ETC","keyword":"[2000년대]","e_type":"WIKILINK"},{"kbox_types":["PopulatedPlace","Place","Settlement","PopulatedPlace","Continent"],"st":898,"en_mention":779,"ancestor":"","eIdx":60,"st_mention":777,"en":902,"ne_type":"LOCATION","keyword":"[유럽]","e_type":"WIKILINK"},{"kbox_types":["Year","MusicalWork","TimePeriod","Work","Album"],"st":918,"en_mention":800,"ancestor":"","eIdx":61,"st_mention":795,"en":925,"ne_type":"TIME","keyword":"[2007년]","e_type":"WIKILINK"},{"kbox_types":["Country","PopulatedPlace","PopulatedPlace","Place"],"st":945,"en_mention":825,"ancestor":"","eIdx":62,"st_mention":820,"en":952,"ne_type":"LOCATION","keyword":"[유럽_연합]","e_type":"WIKILINK"},{"kbox_types":["Country","PopulatedPlace","PopulatedPlace","Place"],"st":954,"en_mention":832,"ancestor":"","eIdx":63,"st_mention":827,"en":961,"ne_type":"LOCATION","keyword":"[인도네시아]","e_type":"WIKILINK"},{"kbox_types":["PopulatedPlace","Place","Settlement","PopulatedPlace","Continent"],"st":974,"en_mention":847,"ancestor":"","eIdx":64,"st_mention":845,"en":978,"ne_type":"LOCATION","keyword":"[유럽]","e_type":"WIKILINK"},{"kbox_types":["NULL"],"st":983,"en_mention":854,"ancestor":"","eIdx":65,"st_mention":852,"en":1005,"ne_type":"ETC","keyword":"[유럽_연합_내_취항_금지_항공사_목록]","e_type":"WIKILINK"},{"kbox_types":["Year","MusicalWork","TimePeriod","Work","Album"],"st":1009,"en_mention":863,"ancestor":"","eIdx":66,"st_mention":858,"en":1016,"ne_type":"TIME","keyword":"[2009년]","e_type":"WIKILINK"},{"kbox_types":["NULL"],"st":1017,"en_mention":866,"ancestor":"","eIdx":67,"st_mention":864,"en":1021,"ne_type":"TIME","keyword":"[7월]","e_type":"WIKILINK"},{"kbox_types":["Country","PopulatedPlace","PopulatedPlace","Place"],"st":1022,"en_mention":872,"ancestor":"","eIdx":68,"st_mention":867,"en":1029,"ne_type":"LOCATION","keyword":"<유럽_연합>","e_type":"ELU"},{"kbox_types":["Year","MusicalWork","Album","TimePeriod","Work"],"st":1043,"en_mention":891,"ancestor":"","eIdx":69,"st_mention":886,"en":1050,"ne_type":"TIME","keyword":"[2014년]","e_type":"WIKILINK"},{"kbox_types":["NULL"],"st":1051,"en_mention":897,"ancestor":"","eIdx":70,"st_mention":892,"en":1058,"ne_type":"TIME","keyword":"[3월_5일]","e_type":"WIKILINK"},{"kbox_types":["NULL"],"st":1059,"en_mention":902,"ancestor":"","eIdx":71,"st_mention":898,"en":1065,"ne_type":"ETC","keyword":"[스카이팀]","e_type":"WIKILINK"}],"wikiPageId":257247,"pIdx":2,"plainText":"역사 당시 인도네시아가 네덜란드에 대항하여 일으킨 독립 운동을 계기로 항공사를 세웠는데 가루다는 힌두교 신화에서 힌두교의 신 비슈누()가 타던 가마를 뜻한다. 1949년 1월 26일에 가루다 인도네시아 에어웨이즈()로 설립했다. 현지어로 황금의 산이란 뜻의 술라와()라는 이름의 더글러스 DC-3 항공기가 처음 운항했다. 독립 운동 기간에 이 항공기는 인도네시아 외교관들에게 항공 서비스를 제공했다. 1956년에는 가루다 인도네시아 항공의 콘베어 340 항공기가 인도네시아인 40명을 태우고, 사우디아라비아 메카로 첫 해외 운항을 시작했다. 승객들은 이슬람교의 성지 순례인 하즈를 하기 위해 떠나는 여행객에 속했다. 1960년대 노선 증설과 사업 확장을 통해 성장의 시기를 맞이했다. 홍콩, 암스테르담, 프랑크푸르트, 로마, 파리, 뭄바이, 카이로, 중국, 프놈펜, 콜롬보, 프라하 노선에 취항했다. 1970년대 당시 포커 28 항공기를 가장 많이 운항하던 항공사였다. 1978년 보잉 747-100 항공기와 1980년 보잉 747-200, 1982년 에어버스 A300-B4를 도입했다. 1991년 일본 후쿠오카에서 사고로 추락했다. 같은 해 수마트라 북부의 메단에서 에어버스 A300이 추락했다. 1997년 아시아의 금융 위기로 인도네시아를 비롯해 항공사도 큰 타격을 주었다. 그로 인해 암스테르담 노선을 제외한 유럽과 북아메리카 노선 운항을 중단했으며, 암스테르담 노선도 2004년에 운항을 중단했다. 2001년 인도네시아의 저가 항공사인 시티링크를 설립했다. 2000년대 중반 이후 유럽 노선의 재취항을 시도했지만 2007년 초에 발생한 추락 사고를 문제삼아 유럽 연합은 인도네시아의 모든 항공사에 대해 유럽 취항을 금지했고, 2009년 7월 유럽 연합의 금지안이 해제되었다. 2014년 3월 5일 스카이팀의 20번째 정회원으로 가맹했다.","mentionTagged":"역사 당시 [인도네시아]가 [네덜란드]에 대항하여 일으킨 독립 운동을 계기로 항공사를 세웠는데 [가루다]는 [힌두교] 신화에서 [힌두교]의 신 [비슈누]()가 타던 [가마]를 뜻한다. [1949년] [1월 26일]에 [가루다 인도네시아 에어웨이즈]()로 설립했다. 현지어로 황금의 산이란 뜻의 [술라와]()라는 이름의 [더글러스 DC-3] 항공기가 처음 운항했다. 독립 운동 기간에 이 항공기는 [인도네시아] 외교관들에게 항공 서비스를 제공했다. [1956년]에는 [가루다 인도네시아 항공]의 [콘베어 340] 항공기가 [인도네시아]인 40명을 태우고, [사우디아라비아] [메카]로 첫 해외 운항을 시작했다. 승객들은 [이슬람교]의 성지 순례인 [하즈]를 하기 위해 떠나는 여행객에 속했다. [1960년대] 노선 증설과 사업 확장을 통해 성장의 시기를 맞이했다. [홍콩], [암스테르담], [프랑크푸르트], [로마], [파리], [뭄바이], [카이로], [중국], [프놈펜], [콜롬보], [프라하] 노선에 취항했다. [1970년대] 당시 [포커 28] 항공기를 가장 많이 운항하던 항공사였다. [1978년] [보잉 747-100] 항공기와 [1980년] [보잉 747-200], [1982년] [에어버스 A300-B4]를 도입했다. [1991년] [일본] [후쿠오카]에서 사고로 추락했다. 같은 해 [수마트라] 북부의 [메단]에서 [에어버스 A300]이 추락했다. [1997년] [아시아]의 금융 위기로 [인도네시아]를 비롯해 항공사도 큰 타격을 주었다. 그로 인해 [암스테르담] 노선을 제외한 [유럽]과 [북아메리카] 노선 운항을 중단했으며, [암스테르담] 노선도 [2004년]에 운항을 중단했다. [2001년] [인도네시아]의 [저가 항공사]인 [시티링크]를 설립했다. [2000년대] 중반 이후 [유럽] 노선의 재취항을 시도했지만 [2007년] 초에 발생한 추락 사고를 문제삼아 [유럽 연합]은 [인도네시아]의 모든 항공사에 대해 [유럽] 취항을 [금지]했고, [2009년] [7월] [유럽 연합]의 금지안이 해제되었다. [2014년] [3월 5일] [스카이팀]의 20번째 정회원으로 가맹했다."}