{"entityTagged":"〈KEY OF HEART〉는 〈[DOUBLE]〉, 〈[QUINCY\/고노요노시루시]〉의 편곡을 담당했던 [h-wonder]가 작곡했다. 이 노래는 [2006년] [8월_9일] [일본]에서 발매된 [보아]의 20번째 싱글 [KEY_OF_HEART\/DOTCH]에 수록된 〈KEY OF HEART〉의 번안 곡이다. 이 곡은 보아가 출연하는 [올림푸스_그룹] 카메라의 광고에 배경 음악으로 사용되면서 〈KEY OF HEART-Limited Single-〉라는 이름의 디지털 싱글로 발매되었다. 뮤직 비디오는 [슈퍼주니어]의 [동해]와 [임주환]이 보아와 함께 출연했다. <한국어>로 번안된 〈KEY OF HEART〉는 [2006년] [10월_27일]〈KEY OF HEART\/DOTCH〉가 [한국]에 라이센스반으로 발매될 때 보너스 트랙으로 수록되었다.","globalSId":[2842957,2842958,2842959,2842960,2842961],"entities":[{"kbox_types":["MusicalWork","Album","Work"],"st":17,"en_mention":23,"ancestor":"","eIdx":0,"st_mention":17,"en":25,"ne_type":"ETC","keyword":"[DOUBLE]","e_type":"WIKILINK"},{"kbox_types":["NULL"],"st":29,"en_mention":33,"ancestor":"","eIdx":1,"st_mention":27,"en":45,"ne_type":"ETC","keyword":"[QUINCY\/고노요노시루시]","e_type":"WIKILINK"},{"kbox_types":["NULL"],"st":57,"en_mention":53,"ancestor":"","eIdx":2,"st_mention":45,"en":67,"ne_type":"PERSON","keyword":"[h-wonder]","e_type":"NEW"},{"kbox_types":["Year","TimePeriod"],"st":81,"en_mention":72,"ancestor":"","eIdx":3,"st_mention":67,"en":88,"ne_type":"TIME","keyword":"[2006년]","e_type":"WIKILINK"},{"kbox_types":["NULL"],"st":89,"en_mention":78,"ancestor":"","eIdx":4,"st_mention":73,"en":96,"ne_type":"TIME","keyword":"[8월_9일]","e_type":"WIKILINK"},{"kbox_types":["Country","PopulatedPlace","PopulatedPlace","Place"],"st":97,"en_mention":81,"ancestor":"","eIdx":5,"st_mention":79,"en":101,"ne_type":"LOCATION","keyword":"[일본]","e_type":"NEW"},{"kbox_types":["Agent","Person","MusicalArtist","Group","Artist","Organisation","Band"],"st":108,"en_mention":90,"ancestor":"","eIdx":6,"st_mention":88,"en":112,"ne_type":"PERSON","keyword":"[보아]","e_type":"WIKILINK"},{"kbox_types":["NULL"],"st":122,"en_mention":118,"ancestor":"","eIdx":7,"st_mention":100,"en":142,"ne_type":"ETC","keyword":"[KEY_OF_HEART\/DOTCH]","e_type":"WIKILINK"},{"kbox_types":["NULL"],"st":186,"en_mention":166,"ancestor":"","eIdx":8,"st_mention":162,"en":195,"ne_type":"ETC","keyword":"[올림푸스_그룹]","e_type":"WIKILINK"},{"kbox_types":["Agent","Group","Organisation","Band"],"st":279,"en_mention":255,"ancestor":"","eIdx":9,"st_mention":250,"en":286,"ne_type":"ORGANIZATION","keyword":"[슈퍼주니어]","e_type":"WIKILINK"},{"kbox_types":["Actor","Agent","Person","Artist"],"st":288,"en_mention":259,"ancestor":"","eIdx":10,"st_mention":257,"en":292,"ne_type":"PERSON","keyword":"[동해]","e_type":"NEW"},{"kbox_types":["Actor","Agent","Person","Artist"],"st":294,"en_mention":264,"ancestor":"","eIdx":11,"st_mention":261,"en":299,"ne_type":"PERSON","keyword":"[임주환]","e_type":"WIKILINK"},{"kbox_types":["Language"],"st":314,"en_mention":282,"ancestor":"","eIdx":12,"st_mention":279,"en":319,"ne_type":"ETC","keyword":"<한국어>","e_type":"ELU"},{"kbox_types":["Year","TimePeriod"],"st":341,"en_mention":309,"ancestor":"","eIdx":13,"st_mention":304,"en":348,"ne_type":"TIME","keyword":"[2006년]","e_type":"WIKILINK"},{"kbox_types":["NULL"],"st":349,"en_mention":317,"ancestor":"","eIdx":14,"st_mention":310,"en":358,"ne_type":"TIME","keyword":"[10월_27일]","e_type":"WIKILINK"},{"kbox_types":["Agent","EducationalInstitution","Organisation","University"],"st":380,"en_mention":341,"ancestor":"","eIdx":15,"st_mention":339,"en":384,"ne_type":"LOCATION","keyword":"[한국]","e_type":"NEW"}],"wikiPageId":815566,"pIdx":2,"plainText":"〈KEY OF HEART〉는 〈DOUBLE〉, 〈QUINCY〉의 편곡을 담당했던 h-wonder가 작곡했다. 이 노래는 2006년 8월 9일 일본에서 발매된 보아의 20번째 싱글 KEY OF HEART\/DOTCH에 수록된 〈KEY OF HEART〉의 번안 곡이다. 이 곡은 보아가 출연하는 올림푸스 카메라의 광고에 배경 음악으로 사용되면서 〈KEY OF HEART-Limited Single-〉라는 이름의 디지털 싱글로 발매되었다. 뮤직 비디오는 슈퍼주니어의 동해와 임주환이 보아와 함께 출연했다. 한국어로 번안된 〈KEY OF HEART〉는 2006년 10월 27일〈KEY OF HEART\/DOTCH〉가 한국에 라이센스반으로 발매될 때 보너스 트랙으로 수록되었다.","mentionTagged":"〈KEY OF HEART〉는 〈[DOUBLE]〉, 〈[QUINCY]〉의 편곡을 담당했던 [h-wonder]가 작곡했다. 이 노래는 [2006년] [8월 9일] [일본]에서 발매된 [보아]의 20번째 싱글 [KEY OF HEART\/DOTCH]에 수록된 〈KEY OF HEART〉의 번안 곡이다. 이 곡은 보아가 출연하는 [올림푸스] 카메라의 광고에 배경 음악으로 사용되면서 〈KEY OF HEART-Limited Single-〉라는 이름의 디지털 싱글로 발매되었다. 뮤직 비디오는 [슈퍼주니어]의 [동해]와 [임주환]이 보아와 함께 출연했다. [한국어]로 번안된 〈KEY OF HEART〉는 [2006년] [10월 27일]〈KEY OF HEART\/DOTCH〉가 [한국]에 라이센스반으로 발매될 때 보너스 트랙으로 수록되었다."}