{"entityTagged":"생애. [1970년] [4월] [26일] [유고슬라비아_사회주의_연방공화국](현재의 [슬로베니아]) [노보메스토]에서 태어났다. 아버지 [빅토르 나우스](Victor Knavs)는 국유 생산 자동차·오토바이 <에이전시>을 운영했으며, [슬로베니아] 공산당원이였다. 어머니 [아말리야](Amalija Ulčnik)는 아동 의류 회사의 도안가였다. [멜라니아]에게는 [이네스](Ines)라는 자매가 있다.","globalSId":[3639605,3639606,3639607,3639608,3639609],"entities":[{"kbox_types":["Year","TimePeriod"],"st":4,"en_mention":8,"ancestor":"","eIdx":0,"st_mention":3,"en":11,"ne_type":"TIME","keyword":"[1970년]","e_type":"NEW"},{"kbox_types":["NULL"],"st":12,"en_mention":11,"ancestor":"","eIdx":1,"st_mention":9,"en":16,"ne_type":"TIME","keyword":"[4월]","e_type":"NEW"},{"kbox_types":["NULL"],"st":17,"en_mention":15,"ancestor":"","eIdx":2,"st_mention":12,"en":22,"ne_type":"TIME","keyword":"[26일]","e_type":"NEW"},{"kbox_types":["Country","PopulatedPlace","Place","PopulatedPlace"],"st":23,"en_mention":33,"ancestor":"","eIdx":3,"st_mention":16,"en":42,"ne_type":"LOCATION","keyword":"[유고슬라비아_사회주의_연방공화국]","e_type":"WIKILINK"},{"kbox_types":["Country","PopulatedPlace","PopulatedPlace","Place"],"st":47,"en_mention":43,"ancestor":"","eIdx":4,"st_mention":38,"en":54,"ne_type":"LOCATION","keyword":"[슬로베니아]","e_type":"WIKILINK"},{"kbox_types":["Town","PopulatedPlace","Settlement","City","Town","Place"],"st":56,"en_mention":50,"ancestor":"","eIdx":5,"st_mention":45,"en":63,"ne_type":"LOCATION","keyword":"[노보메스토]","e_type":"WIKILINK"},{"kbox_types":["NULL"],"st":76,"en_mention":70,"ancestor":"","eIdx":6,"st_mention":63,"en":85,"ne_type":"PERSON","keyword":"[빅토르 나우스]","e_type":"NEW"},{"kbox_types":["NULL"],"st":116,"en_mention":104,"ancestor":"","eIdx":7,"st_mention":101,"en":122,"ne_type":"ETC","keyword":"<에이전시>","e_type":"ELU"},{"kbox_types":["Country","PopulatedPlace","PopulatedPlace","Place"],"st":131,"en_mention":118,"ancestor":"","eIdx":8,"st_mention":113,"en":138,"ne_type":"LOCATION","keyword":"[슬로베니아]","e_type":"NEW"},{"kbox_types":["NULL"],"st":152,"en_mention":136,"ancestor":"","eIdx":9,"st_mention":132,"en":158,"ne_type":"PERSON","keyword":"[아말리야]","e_type":"NEW"},{"kbox_types":["NULL"],"st":193,"en_mention":175,"ancestor":"","eIdx":10,"st_mention":171,"en":199,"ne_type":"PERSON","keyword":"[멜라니아]","e_type":"NEW"},{"kbox_types":["NULL"],"st":203,"en_mention":182,"ancestor":"","eIdx":11,"st_mention":179,"en":208,"ne_type":"PERSON","keyword":"[이네스]","e_type":"NEW"}],"wikiPageId":1366301,"pIdx":3,"plainText":"생애 1970년 4월 26일 유고슬라비아 사회주의 연방공화국(현재의 슬로베니아) 노보메스토에서 태어났다. 아버지 빅토르 나우스(Victor Knavs)는 국유 생산 자동차·오토바이 대리점을 운영했으며, 슬로베니아 공산당원이였다. 어머니 아말리야(Amalija Ulčnik)는 아동 의류 회사의 도안가였다. 멜라니아에게는 이네스(Ines)라는 자매가 있다.","mentionTagged":"생애 [1970년] [4월] [26일] [유고슬라비아 사회주의 연방공화국](현재의 [슬로베니아]) [노보메스토]에서 태어났다. 아버지 [빅토르 나우스](Victor Knavs)는 국유 생산 자동차·오토바이 [대리점]을 운영했으며, [슬로베니아] 공산당원이였다. 어머니 [아말리야](Amalija Ulčnik)는 아동 의류 회사의 도안가였다. [멜라니아]에게는 [이네스](Ines)라는 자매가 있다."}