{"entityTagged":"[Destiny]는 [핀란드] [파워_메탈] 밴드 [스트라토바리우스]의 정규 7번째 앨범이다. 밴드의 앨범들 중 가장 프로그레시브한 성격을 띤다.","globalSId":[1889130,1889131],"entities":[{"kbox_types":["MusicalWork","Album","Work"],"st":0,"en_mention":7,"ancestor":"","eIdx":0,"st_mention":0,"en":9,"ne_type":"ETC","keyword":"[Destiny]","e_type":"NEW"},{"kbox_types":["Country","PopulatedPlace","Settlement","PopulatedPlace","Place"],"st":11,"en_mention":12,"ancestor":"","eIdx":1,"st_mention":9,"en":16,"ne_type":"LOCATION","keyword":"[핀란드]","e_type":"WIKILINK"},{"kbox_types":["TopicalConcept","MusicGenre","Genre"],"st":17,"en_mention":18,"ancestor":"","eIdx":2,"st_mention":13,"en":24,"ne_type":"ETC","keyword":"[파워_메탈]","e_type":"WIKILINK"},{"kbox_types":["Agent","Group","Organisation","Band"],"st":28,"en_mention":30,"ancestor":"","eIdx":3,"st_mention":22,"en":38,"ne_type":"ORGANIZATION","keyword":"[스트라토바리우스]","e_type":"WIKILINK"}],"wikiPageId":379604,"pIdx":1,"plainText":"Destiny는 핀란드 파워 메탈 밴드 스트라토바리우스의 정규 7번째 앨범이다. 밴드의 앨범들 중 가장 프로그레시브한 성격을 띤다.","mentionTagged":"[Destiny]는 [핀란드] [파워 메탈] 밴드 [스트라토바리우스]의 정규 7번째 앨범이다. 밴드의 앨범들 중 가장 [프로그레시브]한 성격을 띤다."}