{"entityTagged":"[오타와 레네가데스](Ottawa Renegades)는 [캐나다] [온타리오_주] [오타와]를 연고지로 하는 [2002년]부터 [2008년]까지 [캐나디안_풋볼_리그] 참가했던 팀이다.","globalSId":[3698627],"entities":[{"kbox_types":["Agent","SportsTeam","CanadianFootballTeam","Organisation"],"st":0,"en_mention":9,"ancestor":"","eIdx":0,"st_mention":0,"en":11,"ne_type":"ORGANIZATION","keyword":"[오타와 레네가데스]","e_type":"NEW"},{"kbox_types":["Country","PopulatedPlace","PopulatedPlace","Place"],"st":31,"en_mention":32,"ancestor":"","eIdx":1,"st_mention":29,"en":36,"ne_type":"LOCATION","keyword":"[캐나다]","e_type":"WIKILINK"},{"kbox_types":["Place","PopulatedPlace","Settlement"],"st":37,"en_mention":39,"ancestor":"","eIdx":2,"st_mention":33,"en":45,"ne_type":"LOCATION","keyword":"[온타리오_주]","e_type":"WIKILINK"},{"kbox_types":["PopulatedPlace","Place","Settlement","PopulatedPlace","City"],"st":46,"en_mention":43,"ancestor":"","eIdx":3,"st_mention":40,"en":51,"ne_type":"LOCATION","keyword":"[오타와]","e_type":"WIKILINK"},{"kbox_types":["Year","MusicalWork","TimePeriod","Work","Album"],"st":61,"en_mention":58,"ancestor":"","eIdx":4,"st_mention":53,"en":68,"ne_type":"TIME","keyword":"[2002년]","e_type":"NEW"},{"kbox_types":["Year","MusicalWork","TimePeriod","Work","Album"],"st":71,"en_mention":66,"ancestor":"","eIdx":5,"st_mention":61,"en":78,"ne_type":"TIME","keyword":"[2008년]","e_type":"NEW"},{"kbox_types":["Agent","SportsLeague","CanadianFootballLeague","Organisation"],"st":81,"en_mention":72,"ancestor":"","eIdx":6,"st_mention":69,"en":93,"ne_type":"ORGANIZATION","keyword":"[캐나디안_풋볼_리그]","e_type":"WIKILINK"}],"wikiPageId":1416450,"pIdx":1,"plainText":"오타와 레네가데스(Ottawa Renegades)는 캐나다 온타리오 주 오타와를 연고지로 하는 2002년부터 2008년까지 CFL 참가했던 팀이다.","mentionTagged":"[오타와 레네가데스](Ottawa Renegades)는 [캐나다] [온타리오 주] [오타와]를 연고지로 하는 [2002년]부터 [2008년]까지 [CFL] 참가했던 팀이다."}