{"entityTagged":"[1870년대]에 들어서면서 [독일]의 [라이프치히](Leipzig) 대학을 중심으로 그 이전 시기의 언어 연구의 성향과 두드러진 차이점을 보이는 일군의 학자들이 나타났다. 이들은 그 당시에 비교적 젊은 새로운 세대의 학자들이었기 때문에 젊은이 문법학파라고 불렸다. [아우구스트_레스킨](Leskien), [칼_브루크만](Brugmann), [헤르만_오스토프](Osthoff), [베르톨드_델브뤽](Delbrück) 등의 학자들과 이들의 연구방법론을 이론적으로 집대성한 [헤르만_파울](Herman Paul)이 이들 젊은이 문법학파의 중심 멤버였으며, [칼_베르너](Verner), [페르디낭_드_소쉬르](de Saussure), <휘트니_휴스턴>(Whitney) 등도 이들과 깊은 관련을 맺고 있었다.","globalSId":[91454,91455,91456],"entities":[{"kbox_types":["NULL"],"st":0,"en_mention":6,"ancestor":"","eIdx":0,"st_mention":0,"en":8,"ne_type":"TIME","keyword":"[1870년대]","e_type":"NEW"},{"kbox_types":["Country","PopulatedPlace","Settlement","PopulatedPlace","Place"],"st":16,"en_mention":16,"ancestor":"","eIdx":1,"st_mention":14,"en":20,"ne_type":"LOCATION","keyword":"[독일]","e_type":"WIKILINK"},{"kbox_types":["Town","PopulatedPlace","Settlement","City","Town","Place"],"st":22,"en_mention":23,"ancestor":"","eIdx":2,"st_mention":18,"en":29,"ne_type":"LOCATION","keyword":"[라이프치히]","e_type":"WIKILINK"},{"kbox_types":["NULL"],"st":149,"en_mention":146,"ancestor":"","eIdx":3,"st_mention":143,"en":160,"ne_type":"ETC","keyword":"[아우구스트_레스킨]","e_type":"WIKILINK"},{"kbox_types":["NULL"],"st":171,"en_mention":161,"ancestor":"","eIdx":4,"st_mention":157,"en":179,"ne_type":"ETC","keyword":"[칼_브루크만]","e_type":"WIKILINK"},{"kbox_types":["NULL"],"st":191,"en_mention":177,"ancestor":"","eIdx":5,"st_mention":173,"en":201,"ne_type":"ETC","keyword":"[헤르만_오스토프]","e_type":"WIKILINK"},{"kbox_types":["NULL"],"st":212,"en_mention":191,"ancestor":"","eIdx":6,"st_mention":188,"en":222,"ne_type":"ETC","keyword":"[베르톨드_델브뤽]","e_type":"WIKILINK"},{"kbox_types":["Agent","Person"],"st":263,"en_mention":238,"ancestor":"","eIdx":7,"st_mention":232,"en":271,"ne_type":"PERSON","keyword":"[헤르만_파울]","e_type":"WIKILINK"},{"kbox_types":["NULL"],"st":309,"en_mention":279,"ancestor":"","eIdx":8,"st_mention":276,"en":316,"ne_type":"ETC","keyword":"[칼_베르너]","e_type":"WIKILINK"},{"kbox_types":["Agent","Person","Philosopher"],"st":326,"en_mention":294,"ancestor":"","eIdx":9,"st_mention":289,"en":338,"ne_type":"PERSON","keyword":"[페르디낭_드_소쉬르]","e_type":"WIKILINK"},{"kbox_types":["Agent","Person","MusicalArtist","Artist"],"st":353,"en_mention":312,"ancestor":"","eIdx":10,"st_mention":309,"en":362,"ne_type":"PERSON","keyword":"<휘트니_휴스턴>","e_type":"ELU"}],"wikiPageId":6430,"pIdx":2,"plainText":"1870년대에 들어서면서 독일의 라이프치히(Leipzig) 대학을 중심으로 그 이전 시기의 언어 연구의 성향과 두드러진 차이점을 보이는 일군의 학자들이 나타났다. 이들은 그 당시에 비교적 젊은 새로운 세대의 학자들이었기 때문에 젊은이 문법학파라고 불렸다. 레스킨(Leskien), 브루크만(Brugmann), 오스토프(Osthoff), 델브뤽(Delbrück) 등의 학자들과 이들의 연구방법론을 이론적으로 집대성한 헤르만 파울(Herman Paul)이 이들 젊은이 문법학파의 중심 멤버였으며, 베르너(Verner), 드 소쉬르(de Saussure), 휘트니(Whitney) 등도 이들과 깊은 관련을 맺고 있었다.","mentionTagged":"[1870년대]에 들어서면서 [독일]의 [라이프치히](Leipzig) 대학을 중심으로 그 이전 시기의 언어 연구의 성향과 두드러진 차이점을 보이는 일군의 학자들이 나타났다. 이들은 그 당시에 비교적 젊은 새로운 세대의 학자들이었기 때문에 젊은이 문법학파라고 불렸다. [레스킨](Leskien), [브루크만](Brugmann), [오스토프](Osthoff), [델브뤽](Delbrück) 등의 학자들과 이들의 연구방법론을 이론적으로 집대성한 [헤르만 파울](Herman Paul)이 이들 젊은이 문법학파의 중심 멤버였으며, [베르너](Verner), [드 소쉬르](de Saussure), [휘트니](Whitney) 등도 이들과 깊은 관련을 맺고 있었다."}