{"entityTagged":"《<괴델,_에셔,_바흐>: 영원한 황금 노끈(Gödel, Escher, Bach: an Eternal Golden Braid)》은 [더글러스_호프스태터]가 쓴 [퓰리처상] 수상작이다. 논리학자인 <쿠르트_괴델>, 미술가인 [M. C. 에셔], 작곡가인 <요한_제바스티안_바흐>를 소재로 하고 있다.","globalSId":[614306,614307,614308,614309],"entities":[{"kbox_types":["WrittenWork","Book","Work"],"st":1,"en_mention":11,"ancestor":"","eIdx":0,"st_mention":1,"en":13,"ne_type":"ETC","keyword":"<괴델,_에셔,_바흐>","e_type":"ELU"},{"kbox_types":["Scientist","Agent","Person"],"st":73,"en_mention":81,"ancestor":"","eIdx":1,"st_mention":71,"en":85,"ne_type":"PERSON","keyword":"[더글러스_호프스태터]","e_type":"WIKILINK"},{"kbox_types":["Award"],"st":89,"en_mention":89,"ancestor":"","eIdx":2,"st_mention":85,"en":95,"ne_type":"ETC","keyword":"[퓰리처상]","e_type":"WIKILINK"},{"kbox_types":["Scientist","Agent","Person"],"st":109,"en_mention":109,"ancestor":"","eIdx":3,"st_mention":103,"en":117,"ne_type":"PERSON","keyword":"<쿠르트_괴델>","e_type":"ELU"},{"kbox_types":["NULL"],"st":124,"en_mention":124,"ancestor":"","eIdx":4,"st_mention":116,"en":134,"ne_type":"PERSON","keyword":"[M. C. 에셔]","e_type":"NEW"},{"kbox_types":["Agent","Person"],"st":141,"en_mention":142,"ancestor":"","eIdx":5,"st_mention":131,"en":154,"ne_type":"PERSON","keyword":"<요한_제바스티안_바흐>","e_type":"ELU"}],"wikiPageId":75838,"pIdx":1,"plainText":"《괴델, 에셔, 바흐: 영원한 황금 노끈(Gödel, Escher, Bach: an Eternal Golden Braid)》은 더글러스 호프스태터가 쓴 퓰리처상 수상작이다. 논리학자인 쿠르트 괴델, 미술가인 M. C. 에셔, 작곡가인 요한 제바스티안 바흐를 소재로 하고 있다.","mentionTagged":"《[괴델, 에셔, 바흐]: 영원한 황금 노끈(Gödel, Escher, Bach: an Eternal Golden Braid)》은 [더글러스 호프스태터]가 쓴 [퓰리처상] 수상작이다. 논리학자인 [쿠르트 괴델], 미술가인 [M. C. 에셔], 작곡가인 [요한 제바스티안 바흐]를 소재로 하고 있다."}