{"entityTagged":"[군령포항]은 [경상남도] [거제시] [사등면] [창호리], [가조도]에 있는 [어항]이다. [2003년] [2월_3일] [어촌정주어항]으로 지정하여 관리하고 있다. 시설관리자는 [거제시장]이다.","globalSId":[2296678,2296679,2296680],"entities":[{"kbox_types":["NULL"],"st":0,"en_mention":4,"ancestor":"","eIdx":0,"st_mention":0,"en":6,"ne_type":"LOCATION","keyword":"[군령포항]","e_type":"NEW"},{"kbox_types":["PopulatedPlace","Settlement","PopulatedPlace","Place"],"st":8,"en_mention":10,"ancestor":"","eIdx":1,"st_mention":6,"en":14,"ne_type":"LOCATION","keyword":"[경상남도]","e_type":"WIKILINK"},{"kbox_types":["PopulatedPlace","Settlement","PopulatedPlace","City","Place"],"st":15,"en_mention":14,"ancestor":"","eIdx":2,"st_mention":11,"en":20,"ne_type":"LOCATION","keyword":"[거제시]","e_type":"WIKILINK"},{"kbox_types":["NULL"],"st":21,"en_mention":18,"ancestor":"","eIdx":3,"st_mention":15,"en":26,"ne_type":"ETC","keyword":"[사등면]","e_type":"WIKILINK"},{"kbox_types":["NULL"],"st":27,"en_mention":22,"ancestor":"","eIdx":4,"st_mention":19,"en":32,"ne_type":"LOCATION","keyword":"[창호리]","e_type":"NEW"},{"kbox_types":["PopulatedPlace","Place","Island"],"st":34,"en_mention":27,"ancestor":"","eIdx":5,"st_mention":24,"en":39,"ne_type":"LOCATION","keyword":"[가조도]","e_type":"WIKILINK"},{"kbox_types":["NULL"],"st":44,"en_mention":34,"ancestor":"","eIdx":6,"st_mention":32,"en":48,"ne_type":"ETC","keyword":"[어항]","e_type":"WIKILINK"},{"kbox_types":["Year","MusicalWork","TimePeriod","Work","Album"],"st":52,"en_mention":43,"ancestor":"","eIdx":7,"st_mention":38,"en":59,"ne_type":"TIME","keyword":"[2003년]","e_type":"WIKILINK"},{"kbox_types":["NULL"],"st":60,"en_mention":49,"ancestor":"","eIdx":8,"st_mention":44,"en":67,"ne_type":"TIME","keyword":"[2월_3일]","e_type":"WIKILINK"},{"kbox_types":["NULL"],"st":68,"en_mention":56,"ancestor":"","eIdx":9,"st_mention":50,"en":76,"ne_type":"ETC","keyword":"[어촌정주어항]","e_type":"WIKILINK"},{"kbox_types":["NULL"],"st":100,"en_mention":84,"ancestor":"","eIdx":10,"st_mention":80,"en":106,"ne_type":"ETC","keyword":"[거제시장]","e_type":"NEW"}],"wikiPageId":555012,"pIdx":1,"plainText":"군령포항은 경상남도 거제시 사등면 창호리, 가조도에 있는 어항이다. 2003년 2월 3일 어촌정주어항으로 지정하여 관리하고 있다. 시설관리자는 거제시장이다.","mentionTagged":"[군령포항]은 [경상남도] [거제시] [사등면] [창호리], [가조도]에 있는 [어항]이다. [2003년] [2월 3일] [어촌정주어항]으로 지정하여 관리하고 있다. 시설관리자는 [거제시장]이다."}