{"entityTagged":"[신동](본명 : <신동_(가수)> , [1985년] [9월_28일] ~ )은 [대한민국]의 [래퍼]이자 남성 그룹 [슈퍼주니어]의 멤버이다.","globalSId":[1611238],"entities":[{"kbox_types":["Actor","Agent","Person","Artist"],"st":0,"en_mention":2,"ancestor":"","eIdx":0,"st_mention":0,"en":4,"ne_type":"PERSON","keyword":"[신동]","e_type":"NEW"},{"kbox_types":["Actor","Agent","Person","MusicalArtist","Artist"],"st":10,"en_mention":12,"ancestor":"","eIdx":1,"st_mention":8,"en":19,"ne_type":"PERSON","keyword":"<신동_(가수)>","e_type":"ELU"},{"kbox_types":["Year","TimePeriod"],"st":22,"en_mention":20,"ancestor":"","eIdx":2,"st_mention":15,"en":29,"ne_type":"TIME","keyword":"[1985년]","e_type":"WIKILINK"},{"kbox_types":["NULL"],"st":30,"en_mention":27,"ancestor":"","eIdx":3,"st_mention":21,"en":38,"ne_type":"TIME","keyword":"[9월_28일]","e_type":"WIKILINK"},{"kbox_types":["Country","PopulatedPlace","PopulatedPlace","Place"],"st":44,"en_mention":37,"ancestor":"","eIdx":4,"st_mention":33,"en":50,"ne_type":"LOCATION","keyword":"[대한민국]","e_type":"WIKILINK"},{"kbox_types":["NULL"],"st":52,"en_mention":41,"ancestor":"","eIdx":5,"st_mention":39,"en":56,"ne_type":"ETC","keyword":"[래퍼]","e_type":"WIKILINK"},{"kbox_types":["Agent","Group","Organisation","Band"],"st":65,"en_mention":55,"ancestor":"","eIdx":6,"st_mention":50,"en":72,"ne_type":"ORGANIZATION","keyword":"[슈퍼주니어]","e_type":"WIKILINK"}],"wikiPageId":291974,"pIdx":1,"plainText":"신동(본명 : 신동희, , 1985년 9월 28일 ~ )은 대한민국의 래퍼이자 남성 그룹 슈퍼주니어의 멤버이다.","mentionTagged":"[신동](본명 : [신동희,] , [1985년] [9월 28일] ~ )은 [대한민국]의 [래퍼]이자 남성 그룹 [슈퍼주니어]의 멤버이다."}