{"entityTagged":"<루파라>()는 [이탈리아] [몰리세_주] [캄포바소_현]의 [코무네]다. [캄포바소]로부터 북쪽 25km 거리에 있다.","globalSId":[3201215,3201216],"entities":[{"kbox_types":["PopulatedPlace","Place","Settlement"],"st":0,"en_mention":3,"ancestor":"","eIdx":0,"st_mention":0,"en":5,"ne_type":"LOCATION","keyword":"<루파라>","e_type":"ELU"},{"kbox_types":["Country","PopulatedPlace","Settlement","PopulatedPlace","Place"],"st":9,"en_mention":11,"ancestor":"","eIdx":1,"st_mention":7,"en":15,"ne_type":"LOCATION","keyword":"[이탈리아]","e_type":"WIKILINK"},{"kbox_types":["Region","PopulatedPlace","AdministrativeRegion","Place","AdministrativeRegion"],"st":16,"en_mention":17,"ancestor":"","eIdx":2,"st_mention":12,"en":23,"ne_type":"LOCATION","keyword":"[몰리세_주]","e_type":"WIKILINK"},{"kbox_types":["PopulatedPlace","Settlement","PopulatedPlace","Place"],"st":24,"en_mention":24,"ancestor":"","eIdx":3,"st_mention":18,"en":32,"ne_type":"LOCATION","keyword":"[캄포바소_현]","e_type":"WIKILINK"},{"kbox_types":["NULL"],"st":34,"en_mention":29,"ancestor":"","eIdx":4,"st_mention":26,"en":39,"ne_type":"ETC","keyword":"[코무네]","e_type":"WIKILINK"},{"kbox_types":["PopulatedPlace","Place","Settlement","PopulatedPlace"],"st":42,"en_mention":36,"ancestor":"","eIdx":5,"st_mention":32,"en":48,"ne_type":"LOCATION","keyword":"[캄포바소]","e_type":"WIKILINK"}],"wikiPageId":1015377,"pIdx":1,"plainText":"루파라()는 이탈리아 몰리세 주 캄포바소 현의 코무네다. 캄포바소로부터 북쪽 25km 거리에 있다.","mentionTagged":"[루파라]()는 [이탈리아] [몰리세 주] [캄포바소 현]의 [코무네]다. [캄포바소]로부터 북쪽 25km 거리에 있다."}