{"entityTagged":"<프라이징>()은 [독일] 남부 [바이에른_주]에 있는 도시이다.","globalSId":[2226275],"entities":[{"kbox_types":["Town","PopulatedPlace","Settlement","Town","Place"],"st":0,"en_mention":4,"ancestor":"","eIdx":0,"st_mention":0,"en":6,"ne_type":"LOCATION","keyword":"<프라이징>","e_type":"ELU"},{"kbox_types":["Country","PopulatedPlace","Settlement","PopulatedPlace","Place"],"st":10,"en_mention":10,"ancestor":"","eIdx":1,"st_mention":8,"en":14,"ne_type":"LOCATION","keyword":"[독일]","e_type":"WIKILINK"},{"kbox_types":["Region","PopulatedPlace","AdministrativeRegion","Place","Settlement","AdministrativeRegion"],"st":18,"en_mention":20,"ancestor":"","eIdx":2,"st_mention":14,"en":26,"ne_type":"LOCATION","keyword":"[바이에른_주]","e_type":"WIKILINK"}],"wikiPageId":519719,"pIdx":1,"plainText":"프라이징()은 독일 남부 바이에른 주에 있는 도시이다.","mentionTagged":"[프라이징]()은 [독일] 남부 [바이에른 주]에 있는 도시이다."}