{"entityTagged":"《신비한 바다의 <신비한_바다의_나디아>》(, )는 《[신세기_에반게리온]》으로도 유명한 [안노_히데아키]가 처음으로 감독한 TV 방영작이자 [가이낙스]의 첫 TV [애니메이션]이다. [일본]에서는 [1990년]에서 [1991년]까지 총 39화로 방영되었다. [쥘_베른]의 《[해저_2만리]》를 원작으로 한 해양 모험극이다. 하지만 원작보다 규모가 더 크게 제작되었다. 자유분방한 [가이낙스]의 분위기 때문에 방송사인 [NHK]와 표현 문제로 잦은 마찰을 빚은 것으로 유명하다.","globalSId":[305514,305515,305516,305517,305518],"entities":[{"kbox_types":["Anime","Work","Cartoon"],"st":9,"en_mention":12,"ancestor":"","eIdx":0,"st_mention":9,"en":22,"ne_type":"ETC","keyword":"<신비한_바다의_나디아>","e_type":"ELU"},{"kbox_types":["Anime","Work","Cartoon"],"st":30,"en_mention":29,"ancestor":"","eIdx":1,"st_mention":20,"en":41,"ne_type":"ETC","keyword":"[신세기_에반게리온]","e_type":"WIKILINK"},{"kbox_types":["Writer","Agent","Person"],"st":50,"en_mention":45,"ancestor":"","eIdx":2,"st_mention":38,"en":59,"ne_type":"PERSON","keyword":"[안노_히데아키]","e_type":"WIKILINK"},{"kbox_types":["Company","Agent","Organisation"],"st":79,"en_mention":69,"ancestor":"","eIdx":3,"st_mention":65,"en":85,"ne_type":"ORGANIZATION","keyword":"[가이낙스]","e_type":"WIKILINK"},{"kbox_types":["MusicGenre","TopicalConcept","Genre"],"st":92,"en_mention":81,"ancestor":"","eIdx":4,"st_mention":76,"en":99,"ne_type":"ETC","keyword":"[애니메이션]","e_type":"WIKILINK"},{"kbox_types":["Country","PopulatedPlace","PopulatedPlace","Place"],"st":103,"en_mention":87,"ancestor":"","eIdx":5,"st_mention":85,"en":107,"ne_type":"LOCATION","keyword":"[일본]","e_type":"NEW"},{"kbox_types":["Year","TimePeriod"],"st":111,"en_mention":96,"ancestor":"","eIdx":6,"st_mention":91,"en":118,"ne_type":"TIME","keyword":"[1990년]","e_type":"NEW"},{"kbox_types":["Year","Language","TimePeriod"],"st":121,"en_mention":104,"ancestor":"","eIdx":7,"st_mention":99,"en":128,"ne_type":"TIME","keyword":"[1991년]","e_type":"NEW"},{"kbox_types":["Writer","Agent","Person","Artist"],"st":145,"en_mention":125,"ancestor":"","eIdx":8,"st_mention":121,"en":151,"ne_type":"PERSON","keyword":"[쥘_베른]","e_type":"WIKILINK"},{"kbox_types":["WrittenWork","Book","Work"],"st":154,"en_mention":134,"ancestor":"","eIdx":9,"st_mention":128,"en":162,"ne_type":"ETC","keyword":"[해저_2만리]","e_type":"WIKILINK"},{"kbox_types":["Company","Agent","Organisation"],"st":213,"en_mention":189,"ancestor":"","eIdx":10,"st_mention":185,"en":219,"ne_type":"ORGANIZATION","keyword":"[가이낙스]","e_type":"WIKILINK"},{"kbox_types":["NULL"],"st":234,"en_mention":207,"ancestor":"","eIdx":11,"st_mention":204,"en":239,"ne_type":"ETC","keyword":"[NHK]","e_type":"WIKILINK"}],"wikiPageId":31693,"pIdx":1,"plainText":"《신비한 바다의 나디아》(, )는 《신세기 에반게리온》으로도 유명한 안노 히데아키가 처음으로 감독한 TV 방영작이자 가이낙스의 첫 TV 애니메이션이다. 일본에서는 1990년에서 1991년까지 총 39화로 방영되었다. 쥘 베른의 《해저 2만리》를 원작으로 한 해양 모험극이다. 하지만 원작보다 규모가 더 크게 제작되었다. 자유분방한 가이낙스의 분위기 때문에 방송사인 NHK와 표현 문제로 잦은 마찰을 빚은 것으로 유명하다.","mentionTagged":"《신비한 바다의 [나디아]》(, )는 《[신세기 에반게리온]》으로도 유명한 [안노 히데아키]가 처음으로 감독한 TV 방영작이자 [가이낙스]의 첫 TV [애니메이션]이다. [일본]에서는 [1990년]에서 [1991년]까지 총 39화로 방영되었다. [쥘 베른]의 《[해저 2만리]》를 원작으로 한 해양 모험극이다. 하지만 원작보다 규모가 더 크게 제작되었다. 자유분방한 [가이낙스]의 분위기 때문에 방송사인 [NHK]와 표현 문제로 잦은 마찰을 빚은 것으로 유명하다."}