{"entityTagged":"[턴테이블리스트], <턴테이블리즘>이란 단어를 만든 사람은 누구인가는 논란의 여지가 있으나, 몇 년간 여러 다큐멘터리 (\"[Battlesoduns]\", [Doug Pray]의 \"[Scratch]\"), 책 (\"[DJ Culture]\"), 모임 (\"[Skratchcon 2000]\")과 웹진 및 잡지 인터뷰를 통해 어느 정도 윤곽이 잡혔다. 적어도 중요한 것은 처음 이 단어들이 [미국]의 서부, [샌프란시스코] [베이_에어리어] 지역을 중심으로 만들어졌다는 것이다. 몇몇은 [인비지블_스크래치_피클즈]의 [DJ_디스크]가 단어를 만들었다고 하며, 어떤 사람들은 [비트_정키스], [다이얼레이티드_피플즈]의 [DJ_바부]가 처음 만들어 퍼뜨렸다고 한다. 어떤 이는 [1991] 전 세계 [Supremacy] 챔피언이자 [로린_힐]의 DJ였던 [DJ Supreme]을 꼽기도 한다. 이들 중에 어느 것이 진실인지는 확실치 않다.","globalSId":[2056311,2056312,2056313,2056314,2056315],"entities":[{"kbox_types":["NULL"],"st":0,"en_mention":7,"ancestor":"","eIdx":0,"st_mention":0,"en":9,"ne_type":"ETC","keyword":"[턴테이블리스트]","e_type":"NEW"},{"kbox_types":["Genre","TopicalConcept","MusicGenre"],"st":11,"en_mention":15,"ancestor":"","eIdx":1,"st_mention":9,"en":19,"ne_type":"ETC","keyword":"<턴테이블리즘>","e_type":"ELU"},{"kbox_types":["NULL"],"st":68,"en_mention":76,"ancestor":"","eIdx":2,"st_mention":64,"en":82,"ne_type":"ETC","keyword":"[Battlesoduns]","e_type":"NEW"},{"kbox_types":["NULL"],"st":85,"en_mention":88,"ancestor":"","eIdx":3,"st_mention":79,"en":96,"ne_type":"ETC","keyword":"[Doug Pray]","e_type":"NEW"},{"kbox_types":["NULL"],"st":99,"en_mention":98,"ancestor":"","eIdx":4,"st_mention":91,"en":108,"ne_type":"ETC","keyword":"[Scratch]","e_type":"NEW"},{"kbox_types":["NULL"],"st":116,"en_mention":116,"ancestor":"","eIdx":5,"st_mention":106,"en":128,"ne_type":"ETC","keyword":"[DJ Culture]","e_type":"NEW"},{"kbox_types":["NULL"],"st":137,"en_mention":140,"ancestor":"","eIdx":6,"st_mention":125,"en":154,"ne_type":"ETC","keyword":"[Skratchcon 2000]","e_type":"NEW"},{"kbox_types":["Country","PopulatedPlace","PopulatedPlace","Place"],"st":210,"en_mention":198,"ancestor":"","eIdx":7,"st_mention":196,"en":214,"ne_type":"LOCATION","keyword":"[미국]","e_type":"WIKILINK"},{"kbox_types":["PopulatedPlace","Place","Settlement","PopulatedPlace","City"],"st":220,"en_mention":210,"ancestor":"","eIdx":8,"st_mention":204,"en":228,"ne_type":"LOCATION","keyword":"[샌프란시스코]","e_type":"WIKILINK"},{"kbox_types":["NULL"],"st":229,"en_mention":218,"ancestor":"","eIdx":9,"st_mention":211,"en":238,"ne_type":"ETC","keyword":"[베이_에어리어]","e_type":"WIKILINK"},{"kbox_types":["NULL"],"st":264,"en_mention":266,"ancestor":"","eIdx":10,"st_mention":244,"en":279,"ne_type":"ETC","keyword":"[인비지블_스크래치_피클즈]","e_type":"WIKILINK"},{"kbox_types":["NULL"],"st":281,"en_mention":275,"ancestor":"","eIdx":11,"st_mention":268,"en":289,"ne_type":"ETC","keyword":"[DJ_디스크]","e_type":"WIKILINK"},{"kbox_types":["NULL"],"st":313,"en_mention":311,"ancestor":"","eIdx":12,"st_mention":299,"en":321,"ne_type":"ETC","keyword":"[비트_정키스]","e_type":"WIKILINK"},{"kbox_types":["NULL"],"st":323,"en_mention":328,"ancestor":"","eIdx":13,"st_mention":313,"en":336,"ne_type":"ETC","keyword":"[다이얼레이티드_피플즈]","e_type":"WIKILINK"},{"kbox_types":["NULL"],"st":338,"en_mention":337,"ancestor":"","eIdx":14,"st_mention":330,"en":345,"ne_type":"ETC","keyword":"[DJ_바부]","e_type":"WIKILINK"},{"kbox_types":["NULL"],"st":370,"en_mention":366,"ancestor":"","eIdx":15,"st_mention":362,"en":376,"ne_type":"TIME","keyword":"[1991]","e_type":"NEW"},{"kbox_types":["NULL"],"st":382,"en_mention":381,"ancestor":"","eIdx":16,"st_mention":372,"en":393,"ne_type":"ETC","keyword":"[Supremacy]","e_type":"NEW"},{"kbox_types":["Agent","Person","MusicalArtist","Artist"],"st":400,"en_mention":399,"ancestor":"","eIdx":17,"st_mention":388,"en":406,"ne_type":"PERSON","keyword":"[로린_힐]","e_type":"WIKILINK"},{"kbox_types":["NULL"],"st":413,"en_mention":416,"ancestor":"","eIdx":18,"st_mention":406,"en":425,"ne_type":"PERSON","keyword":"[DJ Supreme]","e_type":"NEW"}],"wikiPageId":447782,"pIdx":17,"plainText":"턴테이블리스트, 턴테이블리즘이란 단어를 만든 사람은 누구인가는 논란의 여지가 있으나, 몇 년간 여러 다큐멘터리 (\"Battlesoduns\", Doug Pray의 \"Scratch\"), 책 (\"DJ Culture\"), 모임 (\"Skratchcon 2000\")과 웹진 및 잡지 인터뷰를 통해 어느 정도 윤곽이 잡혔다. 적어도 중요한 것은 처음 이 단어들이 미국의 서부, 샌프란시스코 베이 에어리어 지역을 중심으로 만들어졌다는 것이다. 몇몇은 Invisibl Skratch Piklz의 DJ Disk가 단어를 만들었다고 하며, 어떤 사람들은 Beat Junkies, Dilated Peoples의 DJ Babu가 처음 만들어 퍼뜨렸다고 한다. 어떤 이는 1991 전 세계 Supremacy 챔피언이자 Lauryn Hill의 DJ였던 DJ Supreme을 꼽기도 한다. 이들 중에 어느 것이 진실인지는 확실치 않다.","mentionTagged":"[턴테이블리스트], [턴테이블리즘]이란 단어를 만든 사람은 누구인가는 논란의 여지가 있으나, 몇 년간 여러 다큐멘터리 (\"[Battlesoduns]\", [Doug Pray]의 \"[Scratch]\"), 책 (\"[DJ Culture]\"), 모임 (\"[Skratchcon 2000]\")과 웹진 및 잡지 인터뷰를 통해 어느 정도 윤곽이 잡혔다. 적어도 중요한 것은 처음 이 단어들이 [미국]의 서부, [샌프란시스코] [베이 에어리어] 지역을 중심으로 만들어졌다는 것이다. 몇몇은 [Invisibl Skratch Piklz]의 [DJ Disk]가 단어를 만들었다고 하며, 어떤 사람들은 [Beat Junkies], [Dilated Peoples]의 [DJ Babu]가 처음 만들어 퍼뜨렸다고 한다. 어떤 이는 [1991] 전 세계 [Supremacy] 챔피언이자 [Lauryn Hill]의 DJ였던 [DJ Supreme]을 꼽기도 한다. 이들 중에 어느 것이 진실인지는 확실치 않다."}