{"entityTagged":"[네피]()는 [이탈리아] [라치오_주] [비테르보_현]에 위치한 <코무네>다. [치비타카스텔라나]로부터 남서쪽 13km, [비테르보]로부터 남동쪽 30km 거리에 있다. <이탈리아>에서 \"[아콰 디 네피]\"(Acqua di Nepi)라는 이름으로 병에 담겨 팔리는 [광천수]로 유명하다.","globalSId":[3248173,3248174,3248175],"entities":[{"kbox_types":["PopulatedPlace","Place","Settlement","PopulatedPlace"],"st":0,"en_mention":2,"ancestor":"","eIdx":0,"st_mention":0,"en":4,"ne_type":"LOCATION","keyword":"[네피]","e_type":"NEW"},{"kbox_types":["Country","PopulatedPlace","Settlement","PopulatedPlace","Place"],"st":8,"en_mention":10,"ancestor":"","eIdx":1,"st_mention":6,"en":14,"ne_type":"LOCATION","keyword":"[이탈리아]","e_type":"WIKILINK"},{"kbox_types":["Region","PopulatedPlace","AdministrativeRegion","Place","Settlement","AdministrativeRegion"],"st":15,"en_mention":16,"ancestor":"","eIdx":2,"st_mention":11,"en":22,"ne_type":"LOCATION","keyword":"[라치오_주]","e_type":"WIKILINK"},{"kbox_types":["PopulatedPlace","Settlement","PopulatedPlace","Place"],"st":23,"en_mention":23,"ancestor":"","eIdx":3,"st_mention":17,"en":31,"ne_type":"LOCATION","keyword":"[비테르보_현]","e_type":"WIKILINK"},{"kbox_types":["NULL"],"st":37,"en_mention":32,"ancestor":"","eIdx":4,"st_mention":29,"en":42,"ne_type":"ETC","keyword":"<코무네>","e_type":"ELU"},{"kbox_types":["PopulatedPlace","Place","Settlement","PopulatedPlace"],"st":45,"en_mention":43,"ancestor":"","eIdx":5,"st_mention":35,"en":55,"ne_type":"LOCATION","keyword":"[치비타카스텔라나]","e_type":"WIKILINK"},{"kbox_types":["PopulatedPlace","Place","Settlement","PopulatedPlace"],"st":69,"en_mention":61,"ancestor":"","eIdx":6,"st_mention":57,"en":75,"ne_type":"LOCATION","keyword":"[비테르보]","e_type":"WIKILINK"},{"kbox_types":["Country","PopulatedPlace","Settlement","PopulatedPlace","Place"],"st":96,"en_mention":86,"ancestor":"","eIdx":7,"st_mention":82,"en":102,"ne_type":"LOCATION","keyword":"<이탈리아>","e_type":"ELU"},{"kbox_types":["NULL"],"st":106,"en_mention":97,"ancestor":"","eIdx":8,"st_mention":90,"en":115,"ne_type":"ETC","keyword":"[아콰 디 네피]","e_type":"NEW"},{"kbox_types":["NULL"],"st":149,"en_mention":134,"ancestor":"","eIdx":9,"st_mention":131,"en":154,"ne_type":"ETC","keyword":"[광천수]","e_type":"NEW"}],"wikiPageId":1049489,"pIdx":1,"plainText":"네피()는 이탈리아 라치오 주 비테르보 현에 위치한 코무네다. 치비타카스텔라나로부터 남서쪽 13km, 비테르보로부터 남동쪽 30km 거리에 있다. 이탈리아에서 \"아콰 디 네피\"(Acqua di Nepi)라는 이름으로 병에 담겨 팔리는 광천수로 유명하다.","mentionTagged":"[네피]()는 [이탈리아] [라치오 주] [비테르보 현]에 위치한 [코무네]다. [치비타카스텔라나]로부터 남서쪽 13km, [비테르보]로부터 남동쪽 30km 거리에 있다. [이탈리아]에서 \"[아콰 디 네피]\"(Acqua di Nepi)라는 이름으로 병에 담겨 팔리는 [광천수]로 유명하다."}