{"entityTagged":"[1996년 하계 올림픽] [아루바 선수단]은 [미국] [애틀랜타]에서 개최된 [1996년_하계_올림픽]에 참가한 [올림픽_아루바_선수단]이다.","globalSId":[2603500],"entities":[{"kbox_types":["Olympics","Event","SocietalEvent","SportsEvent"],"st":0,"en_mention":12,"ancestor":"","eIdx":0,"st_mention":0,"en":14,"ne_type":"ETC","keyword":"[1996년 하계 올림픽]","e_type":"NEW"},{"kbox_types":["NULL"],"st":15,"en_mention":20,"ancestor":"","eIdx":1,"st_mention":13,"en":24,"ne_type":"ETC","keyword":"[아루바 선수단]","e_type":"NEW"},{"kbox_types":["Country","PopulatedPlace","PopulatedPlace","Place"],"st":26,"en_mention":24,"ancestor":"","eIdx":2,"st_mention":22,"en":30,"ne_type":"LOCATION","keyword":"[미국]","e_type":"WIKILINK"},{"kbox_types":["PopulatedPlace","Place","Settlement","PopulatedPlace","City"],"st":31,"en_mention":29,"ancestor":"","eIdx":3,"st_mention":25,"en":37,"ne_type":"LOCATION","keyword":"[애틀랜타]","e_type":"WIKILINK"},{"kbox_types":["Olympics","Event","SocietalEvent","SportsEvent"],"st":44,"en_mention":48,"ancestor":"","eIdx":4,"st_mention":36,"en":58,"ne_type":"ETC","keyword":"[1996년_하계_올림픽]","e_type":"WIKILINK"},{"kbox_types":["NULL"],"st":64,"en_mention":65,"ancestor":"","eIdx":5,"st_mention":54,"en":77,"ne_type":"ETC","keyword":"[올림픽_아루바_선수단]","e_type":"WIKILINK"}],"wikiPageId":697288,"pIdx":1,"plainText":"1996년 하계 올림픽 아루바 선수단은 미국 애틀랜타에서 개최된 1996년 하계 올림픽에 참가한 올림픽 아루바 선수단이다.","mentionTagged":"[1996년 하계 올림픽] [아루바 선수단]은 [미국] [애틀랜타]에서 개최된 [1996년 하계 올림픽]에 참가한 [올림픽 아루바 선수단]이다."}