{"entityTagged":"<카날레몬테라노>()는 [이탈리아] [라치오_주] [로마_현]에 위치한 <코무네>다. [로마]로부터 북서쪽 40km 거리에 있다.","globalSId":[3241883,3241884],"entities":[{"kbox_types":["PopulatedPlace","Place","Settlement","PopulatedPlace"],"st":0,"en_mention":7,"ancestor":"","eIdx":0,"st_mention":0,"en":9,"ne_type":"LOCATION","keyword":"<카날레몬테라노>","e_type":"ELU"},{"kbox_types":["Country","PopulatedPlace","Settlement","PopulatedPlace","Place"],"st":13,"en_mention":15,"ancestor":"","eIdx":1,"st_mention":11,"en":19,"ne_type":"LOCATION","keyword":"[이탈리아]","e_type":"WIKILINK"},{"kbox_types":["Region","PopulatedPlace","AdministrativeRegion","Place","Settlement","AdministrativeRegion"],"st":20,"en_mention":21,"ancestor":"","eIdx":2,"st_mention":16,"en":27,"ne_type":"LOCATION","keyword":"[라치오_주]","e_type":"WIKILINK"},{"kbox_types":["PopulatedPlace","Settlement","PopulatedPlace","Place"],"st":28,"en_mention":26,"ancestor":"","eIdx":3,"st_mention":22,"en":34,"ne_type":"LOCATION","keyword":"[로마_현]","e_type":"WIKILINK"},{"kbox_types":["NULL"],"st":40,"en_mention":35,"ancestor":"","eIdx":4,"st_mention":32,"en":45,"ne_type":"ETC","keyword":"<코무네>","e_type":"ELU"},{"kbox_types":["PopulatedPlace","Place","Settlement","PopulatedPlace"],"st":48,"en_mention":40,"ancestor":"","eIdx":5,"st_mention":38,"en":52,"ne_type":"LOCATION","keyword":"[로마]","e_type":"WIKILINK"}],"wikiPageId":1042000,"pIdx":1,"plainText":"카날레몬테라노()는 이탈리아 라치오 주 로마 현에 위치한 코무네다. 로마로부터 북서쪽 40km 거리에 있다.","mentionTagged":"[카날레몬테라노]()는 [이탈리아] [라치오 주] [로마 현]에 위치한 [코무네]다. [로마]로부터 북서쪽 40km 거리에 있다."}