{"entityTagged":"[미하일자이체프땃쥐](\"Crocidura zaitsevi\")는 [땃쥐류]에 속하는 [포유류]의 일종이다. [베트남] [안남_산맥] 남부의 [응옥린 산]의 해발 1,650~2,300m 높이에서 발견되었다.","globalSId":[3769952,3769953],"entities":[{"kbox_types":["Animal","Species","TopicalConcept","Taxon","Eukaryote"],"st":0,"en_mention":9,"ancestor":"","eIdx":0,"st_mention":0,"en":11,"ne_type":"ETC","keyword":"[미하일자이체프땃쥐]","e_type":"NEW"},{"kbox_types":["Animal","Species","TopicalConcept","Taxon","Eukaryote","Mammal"],"st":35,"en_mention":36,"ancestor":"","eIdx":1,"st_mention":33,"en":40,"ne_type":"ETC","keyword":"[땃쥐류]","e_type":"WIKILINK"},{"kbox_types":["Animal","Species","TopicalConcept","Taxon","Eukaryote"],"st":46,"en_mention":45,"ancestor":"","eIdx":2,"st_mention":42,"en":51,"ne_type":"ETC","keyword":"[포유류]","e_type":"WIKILINK"},{"kbox_types":["Country","PopulatedPlace","Settlement","PopulatedPlace","Place"],"st":59,"en_mention":56,"ancestor":"","eIdx":3,"st_mention":53,"en":64,"ne_type":"LOCATION","keyword":"[베트남]","e_type":"WIKILINK"},{"kbox_types":["Place","Place","MountainRange","NaturalPlace"],"st":65,"en_mention":62,"ancestor":"","eIdx":4,"st_mention":57,"en":72,"ne_type":"LOCATION","keyword":"[안남_산맥]","e_type":"WIKILINK"},{"kbox_types":["NULL"],"st":77,"en_mention":72,"ancestor":"","eIdx":5,"st_mention":67,"en":84,"ne_type":"LOCATION","keyword":"[응옥린 산]","e_type":"NEW"}],"wikiPageId":1486408,"pIdx":1,"plainText":"미하일자이체프땃쥐(\"Crocidura zaitsevi\")는 땃쥐과에 속하는 포유류의 일종이다. 베트남 안남 산맥 남부의 응옥린 산의 해발 1,650~2,300m 높이에서 발견되었다.","mentionTagged":"[미하일자이체프땃쥐](\"Crocidura zaitsevi\")는 [땃쥐과]에 속하는 [포유류]의 일종이다. [베트남] [안남 산맥] 남부의 [응옥린 산]의 해발 1,650~2,300m 높이에서 발견되었다."}