{"entityTagged":"《Nan》은 [핑클]의 멤버 출신 [옥주현]의 첫 솔로앨범이다. [팝페라] 형식의 타이틀곡 난으로 사랑을 받았다.","globalSId":[2042281,2042282],"entities":[{"kbox_types":["Agent","Group","Organisation","Band"],"st":7,"en_mention":9,"ancestor":"","eIdx":0,"st_mention":7,"en":11,"ne_type":"ORGANIZATION","keyword":"[핑클]","e_type":"WIKILINK"},{"kbox_types":["Actor","Agent","Person","MusicalArtist","Artist"],"st":19,"en_mention":20,"ancestor":"","eIdx":1,"st_mention":17,"en":24,"ne_type":"PERSON","keyword":"[옥주현]","e_type":"WIKILINK"},{"kbox_types":["MusicGenre","TopicalConcept","Genre"],"st":36,"en_mention":35,"ancestor":"","eIdx":2,"st_mention":32,"en":41,"ne_type":"ETC","keyword":"[팝페라]","e_type":"NEW"}],"wikiPageId":440038,"pIdx":1,"plainText":"《Nan》은 핑클의 멤버 출신 옥주현의 첫 솔로앨범이다. 팝페라 형식의 타이틀곡 난으로 사랑을 받았다.","mentionTagged":"《Nan》은 [핑클]의 멤버 출신 [옥주현]의 첫 솔로앨범이다. [팝페라] 형식의 타이틀곡 난으로 사랑을 받았다."}