{"entityTagged":"<푸토_성>(富壽省 )은 [베트남] [베트남] 북부 [홍_강_삼각주]의 끝에 위치하여 [하노이]와 북쪽 산맥으로 [뚜옌꽝_성], [하장_성], [옌바이_성], [라오까이_성] 등과 연결된다. [푸토 성]의 성도는 [비엣찌] 시이며, [하노이]에서 북서쪽으로 80km, [노이_바이_국제공항]에서는 50km 떨어진 곳에 위치하고 있다.","globalSId":[1960676,1960677],"entities":[{"kbox_types":["PopulatedPlace","Settlement","PopulatedPlace","Place"],"st":0,"en_mention":4,"ancestor":"","eIdx":0,"st_mention":0,"en":6,"ne_type":"LOCATION","keyword":"<푸토_성>","e_type":"ELU"},{"kbox_types":["Country","PopulatedPlace","Settlement","PopulatedPlace","Place"],"st":14,"en_mention":15,"ancestor":"","eIdx":1,"st_mention":12,"en":19,"ne_type":"LOCATION","keyword":"[베트남]","e_type":"WIKILINK"},{"kbox_types":["Country","PopulatedPlace","Settlement","PopulatedPlace","Place"],"st":20,"en_mention":19,"ancestor":"","eIdx":2,"st_mention":16,"en":25,"ne_type":"LOCATION","keyword":"[베트남]","e_type":"NEW"},{"kbox_types":["Stream","NaturalPlace","Place","River","BodyOfWater"],"st":29,"en_mention":30,"ancestor":"","eIdx":3,"st_mention":23,"en":38,"ne_type":"LOCATION","keyword":"[홍_강_삼각주]","e_type":"WIKILINK"},{"kbox_types":["PopulatedPlace","Settlement","PopulatedPlace","Place"],"st":48,"en_mention":43,"ancestor":"","eIdx":4,"st_mention":40,"en":53,"ne_type":"LOCATION","keyword":"[하노이]","e_type":"WIKILINK"},{"kbox_types":["PopulatedPlace","Settlement","PopulatedPlace","Place"],"st":63,"en_mention":58,"ancestor":"","eIdx":5,"st_mention":53,"en":70,"ne_type":"LOCATION","keyword":"[뚜옌꽝_성]","e_type":"WIKILINK"},{"kbox_types":["PopulatedPlace","Settlement","PopulatedPlace","Place"],"st":72,"en_mention":64,"ancestor":"","eIdx":6,"st_mention":60,"en":78,"ne_type":"LOCATION","keyword":"[하장_성]","e_type":"WIKILINK"},{"kbox_types":["PopulatedPlace","Settlement","PopulatedPlace","Place"],"st":80,"en_mention":71,"ancestor":"","eIdx":7,"st_mention":66,"en":87,"ne_type":"LOCATION","keyword":"[옌바이_성]","e_type":"WIKILINK"},{"kbox_types":["PopulatedPlace","Settlement","PopulatedPlace","Place"],"st":89,"en_mention":79,"ancestor":"","eIdx":8,"st_mention":73,"en":97,"ne_type":"LOCATION","keyword":"[라오까이_성]","e_type":"WIKILINK"},{"kbox_types":["PopulatedPlace","Settlement","PopulatedPlace","Place"],"st":107,"en_mention":93,"ancestor":"","eIdx":9,"st_mention":89,"en":113,"ne_type":"LOCATION","keyword":"[푸토 성]","e_type":"NEW"},{"kbox_types":["PopulatedPlace","Place","Settlement","PopulatedPlace","City"],"st":119,"en_mention":102,"ancestor":"","eIdx":10,"st_mention":99,"en":124,"ne_type":"LOCATION","keyword":"[비엣찌]","e_type":"NEW"},{"kbox_types":["PopulatedPlace","Settlement","PopulatedPlace","Place"],"st":130,"en_mention":111,"ancestor":"","eIdx":11,"st_mention":108,"en":135,"ne_type":"LOCATION","keyword":"[하노이]","e_type":"WIKILINK"},{"kbox_types":["NULL"],"st":150,"en_mention":136,"ancestor":"","eIdx":12,"st_mention":126,"en":162,"ne_type":"ETC","keyword":"[노이_바이_국제공항]","e_type":"WIKILINK"}],"wikiPageId":405547,"pIdx":1,"plainText":"푸토 성(富壽省 )은 베트남 베트남 북부 홍 강 삼각주의 끝에 위치하여 하노이와 북쪽 산맥으로 뚜옌꽝 성, 하장 성, 옌바이 성, 라오까이 성 등과 연결된다. 푸토 성의 성도는 비엣찌 시이며, 하노이에서 북서쪽으로 80km, 노이 바이 국제공항에서는 50km 떨어진 곳에 위치하고 있다.","mentionTagged":"[푸토 성](富壽省 )은 [베트남] [베트남] 북부 [홍 강 삼각주]의 끝에 위치하여 [하노이]와 북쪽 산맥으로 [뚜옌꽝 성], [하장 성], [옌바이 성], [라오까이 성] 등과 연결된다. [푸토 성]의 성도는 [비엣찌] 시이며, [하노이]에서 북서쪽으로 80km, [노이 바이 국제공항]에서는 50km 떨어진 곳에 위치하고 있다."}