{"entityTagged":"항공우주 산업. [2013년] [대전]에 소재한 [한국항공우주연구원], [대한항공] 기술원, [한화] [대전사업장], [한국과학기술원] 인공위성센터가 [나로호] 발사에 성공함에 따라 [대전]은 <대한민국>의 항공우주 산업을 선도하는 도시로 발전하고 있다. [2013년] [11월] <대한민국> 첫 적외선 우주관측 위성인 [과학기술위성_3호](STSAT-3)가 [대전] [KAIST] 인공위성연구센터 지상국과의 교신에 성공했다.","globalSId":[84791,84792,84793],"entities":[{"kbox_types":["Year","MusicalWork","TimePeriod","Work","Album"],"st":9,"en_mention":13,"ancestor":"","eIdx":0,"st_mention":8,"en":16,"ne_type":"TIME","keyword":"[2013년]","e_type":"NEW"},{"kbox_types":["NULL"],"st":17,"en_mention":16,"ancestor":"","eIdx":1,"st_mention":14,"en":21,"ne_type":"LOCATION","keyword":"[대전]","e_type":"NEW"},{"kbox_types":["Agent","Organisation","Company"],"st":27,"en_mention":31,"ancestor":"","eIdx":2,"st_mention":22,"en":38,"ne_type":"ORGANIZATION","keyword":"[한국항공우주연구원]","e_type":"WIKILINK"},{"kbox_types":["Company","Agent","Airline","Organisation"],"st":40,"en_mention":37,"ancestor":"","eIdx":3,"st_mention":33,"en":46,"ne_type":"ORGANIZATION","keyword":"[대한항공]","e_type":"WIKILINK"},{"kbox_types":["Company","Agent","Organisation"],"st":52,"en_mention":45,"ancestor":"","eIdx":4,"st_mention":43,"en":56,"ne_type":"ORGANIZATION","keyword":"[한화]","e_type":"WIKILINK"},{"kbox_types":["NULL"],"st":57,"en_mention":51,"ancestor":"","eIdx":5,"st_mention":46,"en":64,"ne_type":"ORGANIZATION","keyword":"[대전사업장]","e_type":"NEW"},{"kbox_types":["University","Agent","EducationalInstitution","Organisation"],"st":66,"en_mention":60,"ancestor":"","eIdx":6,"st_mention":53,"en":75,"ne_type":"ORGANIZATION","keyword":"[한국과학기술원]","e_type":"WIKILINK"},{"kbox_types":["MeanOfTransportation","Rocket"],"st":84,"en_mention":72,"ancestor":"","eIdx":7,"st_mention":69,"en":89,"ne_type":"ETC","keyword":"[나로호]","e_type":"WIKILINK"},{"kbox_types":["NULL"],"st":102,"en_mention":87,"ancestor":"","eIdx":8,"st_mention":85,"en":106,"ne_type":"LOCATION","keyword":"[대전]","e_type":"NEW"},{"kbox_types":["Country","PopulatedPlace","PopulatedPlace","Place"],"st":108,"en_mention":93,"ancestor":"","eIdx":9,"st_mention":89,"en":114,"ne_type":"LOCATION","keyword":"<대한민국>","e_type":"ELU"},{"kbox_types":["Year","MusicalWork","TimePeriod","Work","Album"],"st":143,"en_mention":127,"ancestor":"","eIdx":10,"st_mention":122,"en":150,"ne_type":"TIME","keyword":"[2013년]","e_type":"NEW"},{"kbox_types":["NULL"],"st":151,"en_mention":131,"ancestor":"","eIdx":11,"st_mention":128,"en":156,"ne_type":"TIME","keyword":"[11월]","e_type":"NEW"},{"kbox_types":["Country","PopulatedPlace","PopulatedPlace","Place"],"st":157,"en_mention":136,"ancestor":"","eIdx":12,"st_mention":132,"en":163,"ne_type":"LOCATION","keyword":"<대한민국>","e_type":"ELU"},{"kbox_types":["MeanOfTransportation","Spacecraft"],"st":179,"en_mention":161,"ancestor":"","eIdx":13,"st_mention":152,"en":190,"ne_type":"ETC","keyword":"[과학기술위성_3호]","e_type":"WIKILINK"},{"kbox_types":["NULL"],"st":201,"en_mention":174,"ancestor":"","eIdx":14,"st_mention":172,"en":205,"ne_type":"LOCATION","keyword":"[대전]","e_type":"NEW"},{"kbox_types":["Agent","Organisation","EducationalInstitution","University"],"st":206,"en_mention":180,"ancestor":"","eIdx":15,"st_mention":175,"en":213,"ne_type":"ORGANIZATION","keyword":"[KAIST]","e_type":"WIKILINK"}],"wikiPageId":6092,"pIdx":111,"plainText":"항공우주 산업 2013년 대전에 소재한 한국항공우주연구원, 대한항공 기술원, 한화 대전사업장, 한국과학기술원 인공위성센터가 나로호 발사에 성공함에 따라 대전은 대한민국의 항공우주 산업을 선도하는 도시로 발전하고 있다. 2013년 11월 대한민국 첫 적외선 우주관측 위성인 과학기술위성 3호(STSAT-3)가 대전 KAIST 인공위성연구센터 지상국과의 교신에 성공했다.","mentionTagged":"항공우주 산업 [2013년] [대전]에 소재한 [한국항공우주연구원], [대한항공] 기술원, [한화] [대전사업장], [한국과학기술원] 인공위성센터가 [나로호] 발사에 성공함에 따라 [대전]은 [대한민국]의 항공우주 산업을 선도하는 도시로 발전하고 있다. [2013년] [11월] [대한민국] 첫 적외선 우주관측 위성인 [과학기술위성 3호](STSAT-3)가 [대전] [KAIST] 인공위성연구센터 지상국과의 교신에 성공했다."}