{"entityTagged":"[위연역](渭淵驛)은 [조선민주주의인민공화국] [량강도] [혜산시] [위연동]에 위치해 있는 [백두산청년선]과 [삼지연선]의 [철도역]이다. [위연역]에서 [삼지연군]에 위치한 [못가역]까지 연결되는 [삼지연선]이 본 역에서 <백두산청년선>과 분기된다.그리고 [대평역]까지 가는 [백두림철선]이 분기한다.","globalSId":[1897035,1897036],"entities":[{"kbox_types":["ArchitecturalStructure","Place","Station","Infrastructure","RailwayStation"],"st":0,"en_mention":3,"ancestor":"","eIdx":0,"st_mention":0,"en":5,"ne_type":"LOCATION","keyword":"[위연역]","e_type":"NEW"},{"kbox_types":["Country","PopulatedPlace","PopulatedPlace","Place"],"st":12,"en_mention":21,"ancestor":"","eIdx":1,"st_mention":10,"en":25,"ne_type":"LOCATION","keyword":"[조선민주주의인민공화국]","e_type":"WIKILINK"},{"kbox_types":["PopulatedPlace","Settlement","PopulatedPlace","Place"],"st":26,"en_mention":25,"ancestor":"","eIdx":2,"st_mention":22,"en":31,"ne_type":"LOCATION","keyword":"[량강도]","e_type":"WIKILINK"},{"kbox_types":["PopulatedPlace","Settlement","PopulatedPlace","City","Place"],"st":32,"en_mention":29,"ancestor":"","eIdx":3,"st_mention":26,"en":37,"ne_type":"LOCATION","keyword":"[혜산시]","e_type":"WIKILINK"},{"kbox_types":["NULL"],"st":38,"en_mention":33,"ancestor":"","eIdx":4,"st_mention":30,"en":43,"ne_type":"LOCATION","keyword":"[위연동]","e_type":"NEW"},{"kbox_types":["ArchitecturalStructure","RailwayLine","Place","RouteOfTransportation","Infrastructure","Place"],"st":52,"en_mention":48,"ancestor":"","eIdx":5,"st_mention":42,"en":60,"ne_type":"LOCATION","keyword":"[백두산청년선]","e_type":"WIKILINK"},{"kbox_types":["ArchitecturalStructure","Place","RailwayLine","RouteOfTransportation","Infrastructure"],"st":62,"en_mention":54,"ancestor":"","eIdx":6,"st_mention":50,"en":68,"ne_type":"LOCATION","keyword":"[삼지연선]","e_type":"WIKILINK"},{"kbox_types":["NULL"],"st":70,"en_mention":59,"ancestor":"","eIdx":7,"st_mention":56,"en":75,"ne_type":"ETC","keyword":"[철도역]","e_type":"WIKILINK"},{"kbox_types":["ArchitecturalStructure","Place","Station","Infrastructure","RailwayStation"],"st":79,"en_mention":66,"ancestor":"","eIdx":8,"st_mention":63,"en":84,"ne_type":"LOCATION","keyword":"[위연역]","e_type":"NEW"},{"kbox_types":["PopulatedPlace","Settlement","PopulatedPlace","Place"],"st":87,"en_mention":73,"ancestor":"","eIdx":9,"st_mention":69,"en":93,"ne_type":"LOCATION","keyword":"[삼지연군]","e_type":"WIKILINK"},{"kbox_types":["ArchitecturalStructure","Place","Station","Infrastructure"],"st":99,"en_mention":82,"ancestor":"","eIdx":10,"st_mention":79,"en":104,"ne_type":"LOCATION","keyword":"[못가역]","e_type":"WIKILINK"},{"kbox_types":["ArchitecturalStructure","Place","RailwayLine","RouteOfTransportation","Infrastructure"],"st":112,"en_mention":94,"ancestor":"","eIdx":11,"st_mention":90,"en":118,"ne_type":"LOCATION","keyword":"[삼지연선]","e_type":"WIKILINK"},{"kbox_types":["ArchitecturalStructure","RailwayLine","Place","RouteOfTransportation","Infrastructure","Place"],"st":126,"en_mention":108,"ancestor":"","eIdx":12,"st_mention":102,"en":134,"ne_type":"LOCATION","keyword":"<백두산청년선>","e_type":"ELU"},{"kbox_types":["ArchitecturalStructure","Place","Station","Infrastructure"],"st":145,"en_mention":122,"ancestor":"","eIdx":13,"st_mention":119,"en":150,"ne_type":"LOCATION","keyword":"[대평역]","e_type":"WIKILINK"},{"kbox_types":["NULL"],"st":156,"en_mention":133,"ancestor":"","eIdx":14,"st_mention":128,"en":163,"ne_type":"ETC","keyword":"[백두림철선]","e_type":"WIKILINK"}],"wikiPageId":382887,"pIdx":1,"plainText":"위연역(渭淵驛)은 조선민주주의인민공화국 량강도 혜산시 위연동에 위치해 있는 백두산청년선과 삼지연선의 철도역이다. 위연역에서 삼지연군에 위치한 못가역까지 연결되는 삼지연선이 본 역에서 백두산청년선과 분기된다.그리고 대평역까지 가는 백두림철선이 분기한다.","mentionTagged":"[위연역](渭淵驛)은 [조선민주주의인민공화국] [량강도] [혜산시] [위연동]에 위치해 있는 [백두산청년선]과 [삼지연선]의 [철도역]이다. [위연역]에서 [삼지연군]에 위치한 [못가역]까지 연결되는 [삼지연선]이 본 역에서 [백두산청년선]과 분기된다.그리고 [대평역]까지 가는 [백두림철선]이 분기한다."}