{"entityTagged":"<에픽하이>는 [2010년 3월 20일]에 [유튜브]가 개최한 《유튜브 뮤직데이》에 [헤드라이너]로 참여하였다. [4월 11일]에는 [리바이스]가 주최하는 []에 [윤미래] 등과 참여하였다. 이어 공중파 방송에 출연하며 [4월 17일]에 [힙합플레이야] 10주년 쇼에 [헤드라이너]로 참여하였다. [미쓰라_진]을 제외하고 [타블로]는 아내 [강혜정]의 출산으로 인해 [5월] 초까지 휴식을 가졌다. 5월 2일, <타블로>가 득녀를 하고 복귀한 후 활동은 기존에 녹화한 음악 프로그램과 예능 프로그램에 출연하였으며 주로 [라디오] 프로그램 게스트로 참여하였다. 이후 [5월 26일], <타블로>는 <트위터>를 통해 \"[Epilogue]\" 활동 마감을 알렸다.","globalSId":[564469,564470,564471,564472,564473,564474],"entities":[{"kbox_types":["Agent","Group","Organisation","Band"],"st":0,"en_mention":4,"ancestor":"","eIdx":0,"st_mention":0,"en":6,"ne_type":"ORGANIZATION","keyword":"<에픽하이>","e_type":"ELU"},{"kbox_types":["NULL"],"st":8,"en_mention":18,"ancestor":"","eIdx":1,"st_mention":6,"en":22,"ne_type":"TIME","keyword":"[2010년 3월 20일]","e_type":"NEW"},{"kbox_types":["Company","Agent","Organisation","Work","Website"],"st":24,"en_mention":23,"ancestor":"","eIdx":2,"st_mention":20,"en":29,"ne_type":"ORGANIZATION","keyword":"[유튜브]","e_type":"WIKILINK"},{"kbox_types":["NULL"],"st":47,"en_mention":46,"ancestor":"","eIdx":3,"st_mention":41,"en":54,"ne_type":"ETC","keyword":"[헤드라이너]","e_type":"NEW"},{"kbox_types":["NULL"],"st":63,"en_mention":61,"ancestor":"","eIdx":4,"st_mention":55,"en":71,"ne_type":"TIME","keyword":"[4월 11일]","e_type":"NEW"},{"kbox_types":["Company","Agent","Organisation"],"st":74,"en_mention":68,"ancestor":"","eIdx":5,"st_mention":64,"en":80,"ne_type":"ORGANIZATION","keyword":"[리바이스]","e_type":"WIKILINK"},{"kbox_types":["NULL"],"st":87,"en_mention":68,"ancestor":"","eIdx":6,"st_mention":68,"en":89,"ne_type":"ETC","keyword":"[]","e_type":"NEW"},{"kbox_types":["Agent","Person","MusicalArtist","Artist"],"st":91,"en_mention":100,"ancestor":"","eIdx":7,"st_mention":97,"en":96,"ne_type":"PERSON","keyword":"[윤미래]","e_type":"WIKILINK"},{"kbox_types":["NULL"],"st":123,"en_mention":133,"ancestor":"","eIdx":8,"st_mention":127,"en":131,"ne_type":"TIME","keyword":"[4월 17일]","e_type":"NEW"},{"kbox_types":["Agent","Organisation","Company"],"st":133,"en_mention":141,"ancestor":"","eIdx":9,"st_mention":135,"en":141,"ne_type":"ORGANIZATION","keyword":"[힙합플레이야]","e_type":"WIKILINK"},{"kbox_types":["NULL"],"st":150,"en_mention":155,"ancestor":"","eIdx":10,"st_mention":150,"en":157,"ne_type":"ETC","keyword":"[헤드라이너]","e_type":"NEW"},{"kbox_types":["ArchitecturalStructure","Agent","Person","Place","Station","MusicalArtist","Infrastructure","Artist"],"st":166,"en_mention":169,"ancestor":"","eIdx":11,"st_mention":164,"en":173,"ne_type":"PERSON","keyword":"[미쓰라_진]","e_type":"WIKILINK"},{"kbox_types":["Agent","Person","MusicalArtist","Artist"],"st":180,"en_mention":179,"ancestor":"","eIdx":12,"st_mention":176,"en":185,"ne_type":"PERSON","keyword":"[타블로]","e_type":"WIKILINK"},{"kbox_types":["Actor","Agent","Person","Artist"],"st":190,"en_mention":187,"ancestor":"","eIdx":13,"st_mention":184,"en":195,"ne_type":"PERSON","keyword":"[강혜정]","e_type":"WIKILINK"},{"kbox_types":["NULL"],"st":205,"en_mention":199,"ancestor":"","eIdx":14,"st_mention":197,"en":209,"ne_type":"TIME","keyword":"[5월]","e_type":"NEW"},{"kbox_types":["Agent","Person","MusicalArtist","Artist"],"st":230,"en_mention":223,"ancestor":"","eIdx":15,"st_mention":220,"en":235,"ne_type":"PERSON","keyword":"<타블로>","e_type":"ELU"},{"kbox_types":["Broadcaster","TopicalConcept","Agent","MusicGenre","Organisation","Genre"],"st":290,"en_mention":281,"ancestor":"","eIdx":16,"st_mention":278,"en":295,"ne_type":"ETC","keyword":"[라디오]","e_type":"NEW"},{"kbox_types":["NULL"],"st":316,"en_mention":308,"ancestor":"","eIdx":17,"st_mention":302,"en":324,"ne_type":"TIME","keyword":"[5월 26일]","e_type":"NEW"},{"kbox_types":["Agent","Person","MusicalArtist","Artist"],"st":326,"en_mention":313,"ancestor":"","eIdx":18,"st_mention":310,"en":331,"ne_type":"PERSON","keyword":"<타블로>","e_type":"ELU"},{"kbox_types":["Single","MusicalWork","Company","Agent","Work","Website","Organisation"],"st":333,"en_mention":318,"ancestor":"","eIdx":19,"st_mention":315,"en":338,"ne_type":"ORGANIZATION","keyword":"<트위터>","e_type":"ELU"},{"kbox_types":["NULL"],"st":344,"en_mention":332,"ancestor":"","eIdx":20,"st_mention":324,"en":354,"ne_type":"ETC","keyword":"[Epilogue]","e_type":"NEW"}],"wikiPageId":68556,"pIdx":53,"plainText":"에픽하이는 2010년 3월 20일에 유튜브가 개최한 《유튜브 뮤직데이》에 헤드라이너로 참여하였다. 4월 11일에는 리바이스가 주최하는 \"Keep The Faith\" 콘서트에 윤미래 등과 참여하였다. 이어 공중파 방송에 출연하며 4월 17일에 힙합플레이야 10주년 쇼에 헤드라이너로 참여하였다. 미쓰라 진을 제외하고 타블로는 아내 강혜정의 출산으로 인해 5월 초까지 휴식을 가졌다. 5월 2일, 타블로가 득녀를 하고 복귀한 후 활동은 기존에 녹화한 음악 프로그램과 예능 프로그램에 출연하였으며 주로 라디오 프로그램 게스트로 참여하였다. 이후 5월 26일, 타블로는 트위터를 통해 \"Epilogue\" 활동 마감을 알렸다.","mentionTagged":"[에픽하이]는 [2010년 3월 20일]에 [유튜브]가 개최한 《유튜브 뮤직데이》에 [헤드라이너]로 참여하였다. [4월 11일]에는 [리바이스][]가 주최하는 \"Keep The Faith\" 콘서트에 [윤미래] 등과 참여하였다. 이어 공중파 방송에 출연하며 [4월 17일]에 [힙합플레이야] 10주년 쇼에 [헤드라이너]로 참여하였다. [미쓰라 진]을 제외하고 [타블로]는 아내 [강혜정]의 출산으로 인해 [5월] 초까지 휴식을 가졌다. 5월 2일, [타블로]가 득녀를 하고 복귀한 후 활동은 기존에 녹화한 음악 프로그램과 예능 프로그램에 출연하였으며 주로 [라디오] 프로그램 게스트로 참여하였다. 이후 [5월 26일], [타블로]는 [트위터]를 통해 \"[Epilogue]\" 활동 마감을 알렸다."}