{"entityTagged":"지리. [주룽 강](九龍江, [구룡강]) 하구와 [샤먼 만](廈門灣, [하문만]) 입구를 바라보는 <진먼_현>(金門島, [금문도]), [례위 섬](烈嶼, [열서]. \"[샤오진먼 섬](小金門島)\"이라고도 함), [다단 섬](大膽島, [대담도]), [얼단 섬](二膽島, [이담도]) 등 총 12개의 섬으로 구성되어 있다. 총 면적은 150.3397km²이다. [중화인민공화국]측의 [샤먼_시](廈門市, [하문시])와는 바다를 사이에 두고 접한다. [중화인민공화국] 지배 지역과 불과 1.8km 거리로, [국공_내전]과 분단 이후 [1978년]까지 [양안](兩岸) 사이의 군사대립에서 [중화민국] 정부의 최전방이었다.","globalSId":[891658,891659,891660,891661,891662,891663],"entities":[{"kbox_types":["NULL"],"st":4,"en_mention":7,"ancestor":"","eIdx":0,"st_mention":3,"en":10,"ne_type":"LOCATION","keyword":"[주룽 강]","e_type":"NEW"},{"kbox_types":["NULL"],"st":16,"en_mention":16,"ancestor":"","eIdx":1,"st_mention":13,"en":21,"ne_type":"LOCATION","keyword":"[구룡강]","e_type":"NEW"},{"kbox_types":["NULL"],"st":27,"en_mention":26,"ancestor":"","eIdx":2,"st_mention":22,"en":33,"ne_type":"LOCATION","keyword":"[샤먼 만]","e_type":"NEW"},{"kbox_types":["NULL"],"st":39,"en_mention":35,"ancestor":"","eIdx":3,"st_mention":32,"en":44,"ne_type":"LOCATION","keyword":"[하문만]","e_type":"NEW"},{"kbox_types":["Archipelago","PopulatedPlace","Settlement","PopulatedPlace","Place","NaturalPlace"],"st":55,"en_mention":50,"ancestor":"","eIdx":4,"st_mention":46,"en":61,"ne_type":"LOCATION","keyword":"<진먼_현>","e_type":"ELU"},{"kbox_types":["NULL"],"st":67,"en_mention":59,"ancestor":"","eIdx":5,"st_mention":56,"en":72,"ne_type":"LOCATION","keyword":"[금문도]","e_type":"NEW"},{"kbox_types":["NULL"],"st":75,"en_mention":66,"ancestor":"","eIdx":6,"st_mention":62,"en":81,"ne_type":"LOCATION","keyword":"[례위 섬]","e_type":"NEW"},{"kbox_types":["NULL"],"st":86,"en_mention":73,"ancestor":"","eIdx":7,"st_mention":71,"en":90,"ne_type":"LOCATION","keyword":"[열서]","e_type":"NEW"},{"kbox_types":["NULL"],"st":93,"en_mention":82,"ancestor":"","eIdx":8,"st_mention":76,"en":101,"ne_type":"LOCATION","keyword":"[샤오진먼 섬]","e_type":"NEW"},{"kbox_types":["NULL"],"st":117,"en_mention":102,"ancestor":"","eIdx":9,"st_mention":98,"en":123,"ne_type":"LOCATION","keyword":"[다단 섬]","e_type":"NEW"},{"kbox_types":["NULL"],"st":129,"en_mention":111,"ancestor":"","eIdx":10,"st_mention":108,"en":134,"ne_type":"LOCATION","keyword":"[대담도]","e_type":"NEW"},{"kbox_types":["NULL"],"st":137,"en_mention":118,"ancestor":"","eIdx":11,"st_mention":114,"en":143,"ne_type":"LOCATION","keyword":"[얼단 섬]","e_type":"NEW"},{"kbox_types":["NULL"],"st":149,"en_mention":127,"ancestor":"","eIdx":12,"st_mention":124,"en":154,"ne_type":"LOCATION","keyword":"[이담도]","e_type":"NEW"},{"kbox_types":["Country","PopulatedPlace","PopulatedPlace","Place"],"st":199,"en_mention":179,"ancestor":"","eIdx":13,"st_mention":172,"en":208,"ne_type":"LOCATION","keyword":"[중화인민공화국]","e_type":"WIKILINK"},{"kbox_types":["PopulatedPlace","Settlement","PopulatedPlace","City","Place"],"st":211,"en_mention":186,"ancestor":"","eIdx":14,"st_mention":182,"en":217,"ne_type":"LOCATION","keyword":"[샤먼_시]","e_type":"WIKILINK"},{"kbox_types":["NULL"],"st":223,"en_mention":195,"ancestor":"","eIdx":15,"st_mention":192,"en":228,"ne_type":"LOCATION","keyword":"[하문시]","e_type":"NEW"},{"kbox_types":["Country","PopulatedPlace","PopulatedPlace","Place"],"st":248,"en_mention":222,"ancestor":"","eIdx":16,"st_mention":215,"en":257,"ne_type":"LOCATION","keyword":"[중화인민공화국]","e_type":"WIKILINK"},{"kbox_types":["MilitaryConflict","Event","SocietalEvent"],"st":279,"en_mention":249,"ancestor":"","eIdx":17,"st_mention":244,"en":286,"ne_type":"ETC","keyword":"[국공_내전]","e_type":"WIKILINK"},{"kbox_types":["Year","TimePeriod"],"st":294,"en_mention":262,"ancestor":"","eIdx":18,"st_mention":257,"en":301,"ne_type":"TIME","keyword":"[1978년]","e_type":"WIKILINK"},{"kbox_types":["NULL"],"st":304,"en_mention":267,"ancestor":"","eIdx":19,"st_mention":265,"en":308,"ne_type":"LOCATION","keyword":"[양안]","e_type":"NEW"},{"kbox_types":["Country","Agent","PopulatedPlace","EducationalInstitution","University","Place","Organisation","University"],"st":324,"en_mention":287,"ancestor":"","eIdx":20,"st_mention":283,"en":330,"ne_type":"ORGANIZATION","keyword":"[중화민국]","e_type":"WIKILINK"}],"wikiPageId":121755,"pIdx":2,"plainText":"지리 주룽 강(九龍江, 구룡강) 하구와 샤먼 만(廈門灣, 하문만) 입구를 바라보는 진먼 섬(金門島, 금문도), 례위 섬(烈嶼, 열서. \"샤오진먼 섬(小金門島)\"이라고도 함), 다단 섬(大膽島, 대담도), 얼단 섬(二膽島, 이담도) 등 총 12개의 섬으로 구성되어 있다. 총 면적은 150.3397km²이다. 중화인민공화국측의 샤먼 시(廈門市, 하문시)와는 바다를 사이에 두고 접한다. 중화인민공화국 지배 지역과 불과 1.8km 거리로, 국공 내전과 분단 이후 1978년까지 양안(兩岸) 사이의 군사대립에서 중화민국 정부의 최전방이었다.","mentionTagged":"지리 [주룽 강](九龍江, [구룡강]) 하구와 [샤먼 만](廈門灣, [하문만]) 입구를 바라보는 [진먼 섬](金門島, [금문도]), [례위 섬](烈嶼, [열서]. \"[샤오진먼 섬](小金門島)\"이라고도 함), [다단 섬](大膽島, [대담도]), [얼단 섬](二膽島, [이담도]) 등 총 12개의 섬으로 구성되어 있다. 총 면적은 150.3397km²이다. [중화인민공화국]측의 [샤먼 시](廈門市, [하문시])와는 바다를 사이에 두고 접한다. [중화인민공화국] 지배 지역과 불과 1.8km 거리로, [국공 내전]과 분단 이후 [1978년]까지 [양안](兩岸) 사이의 군사대립에서 [중화민국] 정부의 최전방이었다."}