{"entityTagged":"[존스]. [존스]()는 [조지_오웰]의 소설인 [동물_농장]에 나오는 인물로 [제정_러시아]의 [로마노프_왕조]의 마지막 황제인 [니콜라이_2세]를 상징한다. 소설에서 [메이너 농장]([니콜라스 2세]의 통치하의 <러시아>를 상징함)의 주인이다. 농장 동물들을 못살게 굴고 학대하고 먹이도 잘 주지 않았다. 이러한 이유로 가축들이 반감을 가져 동물 반란 을 일으키게하는 결정적 요인이 되었다. [메이저 영감]의 연설 때 모임에 참석한 농장 동물들이 연설이 끝나고 [영국의_짐승들]을 합창할 때 [존즈] 씨는 헛간에 여우가 침입했다고 단정하고 총을 쏘아 모임이 빨리 끝났다.","globalSId":[3210054,3210055,3210056,3210057,3210058,3210059],"entities":[{"kbox_types":["NULL"],"st":0,"en_mention":2,"ancestor":"","eIdx":0,"st_mention":0,"en":4,"ne_type":"PERSON","keyword":"[존스]","e_type":"NEW"},{"kbox_types":["NULL"],"st":6,"en_mention":5,"ancestor":"","eIdx":1,"st_mention":3,"en":10,"ne_type":"PERSON","keyword":"[존스]","e_type":"NEW"},{"kbox_types":["Writer","Agent","Person","Artist"],"st":14,"en_mention":14,"ancestor":"","eIdx":2,"st_mention":9,"en":21,"ne_type":"PERSON","keyword":"[조지_오웰]","e_type":"WIKILINK"},{"kbox_types":["WrittenWork","Book","Work"],"st":27,"en_mention":25,"ancestor":"","eIdx":3,"st_mention":20,"en":34,"ne_type":"ETC","keyword":"[동물_농장]","e_type":"WIKILINK"},{"kbox_types":["NULL"],"st":44,"en_mention":41,"ancestor":"","eIdx":4,"st_mention":35,"en":52,"ne_type":"ETC","keyword":"[제정_러시아]","e_type":"WIKILINK"},{"kbox_types":["NULL"],"st":54,"en_mention":50,"ancestor":"","eIdx":5,"st_mention":43,"en":63,"ne_type":"ETC","keyword":"[로마노프_왕조]","e_type":"WIKILINK"},{"kbox_types":["Royalty","Monarch","BritishRoyalty","Agent","Person"],"st":73,"en_mention":67,"ancestor":"","eIdx":6,"st_mention":60,"en":82,"ne_type":"PERSON","keyword":"[니콜라이_2세]","e_type":"WIKILINK"},{"kbox_types":["NULL"],"st":95,"en_mention":86,"ancestor":"","eIdx":7,"st_mention":80,"en":103,"ne_type":"LOCATION","keyword":"[메이너 농장]","e_type":"NEW"},{"kbox_types":["NULL"],"st":104,"en_mention":94,"ancestor":"","eIdx":8,"st_mention":87,"en":113,"ne_type":"PERSON","keyword":"[니콜라스 2세]","e_type":"NEW"},{"kbox_types":["Country","PopulatedPlace","PopulatedPlace","Place"],"st":120,"en_mention":104,"ancestor":"","eIdx":9,"st_mention":101,"en":125,"ne_type":"LOCATION","keyword":"<러시아>","e_type":"ELU"},{"kbox_types":["NULL"],"st":221,"en_mention":206,"ancestor":"","eIdx":10,"st_mention":200,"en":229,"ne_type":"PERSON","keyword":"[메이저 영감]","e_type":"NEW"},{"kbox_types":["NULL"],"st":260,"en_mention":244,"ancestor":"","eIdx":11,"st_mention":237,"en":269,"ne_type":"ETC","keyword":"[영국의_짐승들]","e_type":"WIKILINK"},{"kbox_types":["NULL"],"st":277,"en_mention":254,"ancestor":"","eIdx":12,"st_mention":252,"en":281,"ne_type":"PERSON","keyword":"[존즈]","e_type":"NEW"}],"wikiPageId":1021920,"pIdx":15,"plainText":"존스 존스()는 조지 오웰의 소설인 동물 농장에 나오는 인물로 제정 러시아의 로마노프 왕조의 마지막 황제인 니콜라이 2세를 상징한다. 소설에서 메이너 농장<니콜라스 2세의 통치하의 러시아를 상징함>의 주인이다. 농장 동물들을 못살게 굴고 학대하고 먹이도 잘 주지 않았다. 이러한 이유로 가축들이 반감을 가져 동물 반란 을 일으키게하는 결정적 요인이 되었다. 메이저 영감의 연설 때 모임에 참석한 농장 동물들이 연설이 끝나고 영국의 짐승들을 합창할 때 존즈 씨는 헛간에 여우가 침입했다고 단정하고 총을 쏘아 모임이 빨리 끝났다.","mentionTagged":"[존스] [존스]()는 [조지 오웰]의 소설인 [동물 농장]에 나오는 인물로 [제정 러시아]의 [로마노프 왕조]의 마지막 황제인 [니콜라이 2세]를 상징한다. 소설에서 [메이너 농장]<[니콜라스 2세]의 통치하의 [러시아]를 상징함>의 주인이다. 농장 동물들을 못살게 굴고 학대하고 먹이도 잘 주지 않았다. 이러한 이유로 가축들이 반감을 가져 동물 반란 을 일으키게하는 결정적 요인이 되었다. [메이저 영감]의 연설 때 모임에 참석한 농장 동물들이 연설이 끝나고 [영국의 짐승들]을 합창할 때 [존즈] 씨는 헛간에 여우가 침입했다고 단정하고 총을 쏘아 모임이 빨리 끝났다."}