{"entityTagged":"<루손_섬>과 그 주변의 섬들로 이루어져 있다. [루손 군도]는 [민다나오_섬], [비사야_제도]와 함께 [필리핀_제도]를 구성하는 세 개의 군도로 꼽히고 있다.","globalSId":[355564,355565],"entities":[{"kbox_types":["PopulatedPlace","Place","Island","PopulatedPlace"],"st":0,"en_mention":4,"ancestor":"","eIdx":0,"st_mention":0,"en":6,"ne_type":"LOCATION","keyword":"<루손_섬>","e_type":"ELU"},{"kbox_types":["NULL"],"st":27,"en_mention":30,"ancestor":"","eIdx":1,"st_mention":25,"en":34,"ne_type":"LOCATION","keyword":"[루손 군도]","e_type":"NEW"},{"kbox_types":["PopulatedPlace","Place","Island","Settlement","PopulatedPlace"],"st":36,"en_mention":38,"ancestor":"","eIdx":2,"st_mention":32,"en":44,"ne_type":"LOCATION","keyword":"[민다나오_섬]","e_type":"WIKILINK"},{"kbox_types":["NULL"],"st":46,"en_mention":46,"ancestor":"","eIdx":3,"st_mention":40,"en":54,"ne_type":"ETC","keyword":"[비사야_제도]","e_type":"WIKILINK"},{"kbox_types":["NULL"],"st":59,"en_mention":57,"ancestor":"","eIdx":4,"st_mention":51,"en":67,"ne_type":"ETC","keyword":"[필리핀_제도]","e_type":"WIKILINK"}],"wikiPageId":36012,"pIdx":4,"plainText":"루손 섬과 그 주변의 섬들로 이루어져 있다. 루손 군도는 민다나오 섬, 비사야 제도와 함께 필리핀 제도를 구성하는 세 개의 군도로 꼽히고 있다.","mentionTagged":"[루손 섬]과 그 주변의 섬들로 이루어져 있다. [루손 군도]는 [민다나오 섬], [비사야 제도]와 함께 [필리핀 제도]를 구성하는 세 개의 군도로 꼽히고 있다."}