{"entityTagged":"<아리아나_그란데>()라는 이름으로 활동중인 [아리아나 그란데부테라](, [1993년] [6월_26일] ~ )는 [미국]의 [여자] [가수], [작사가], [배우]이다. 그녀는 [2008년] [브로드웨이] 뮤지컬 《[13]》, [2009년] [니켈로디언]의 텔레비전 시리즈 《[빅토리어스]》에서 [캣 발렌타인] 역할로 출연했다. 이후 [그란데]는 10대 <아이돌>로 입지가 상승해, 쇼가 끝난 후 [스핀오프 드라마] 《[샘_&_캣]》가 방송 되었고 [2014년]에 종료되었다.","globalSId":[2663006,2663007,2663008],"entities":[{"kbox_types":["Agent","Person","MusicalArtist","Group","Artist","Organisation","Band"],"st":0,"en_mention":8,"ancestor":"","eIdx":0,"st_mention":0,"en":10,"ne_type":"PERSON","keyword":"<아리아나_그란데>","e_type":"ELU"},{"kbox_types":["NULL"],"st":25,"en_mention":34,"ancestor":"","eIdx":1,"st_mention":23,"en":38,"ne_type":"PERSON","keyword":"[아리아나 그란데부테라]","e_type":"NEW"},{"kbox_types":["Year","Language","TimePeriod"],"st":41,"en_mention":42,"ancestor":"","eIdx":2,"st_mention":37,"en":48,"ne_type":"TIME","keyword":"[1993년]","e_type":"WIKILINK"},{"kbox_types":["NULL"],"st":49,"en_mention":49,"ancestor":"","eIdx":3,"st_mention":43,"en":57,"ne_type":"TIME","keyword":"[6월_26일]","e_type":"WIKILINK"},{"kbox_types":["Country","PopulatedPlace","PopulatedPlace","Place"],"st":63,"en_mention":57,"ancestor":"","eIdx":4,"st_mention":55,"en":67,"ne_type":"LOCATION","keyword":"[미국]","e_type":"WIKILINK"},{"kbox_types":["NULL"],"st":69,"en_mention":61,"ancestor":"","eIdx":5,"st_mention":59,"en":73,"ne_type":"ETC","keyword":"[여자]","e_type":"WIKILINK"},{"kbox_types":["PersonFunction","Agent","Person","MusicalArtist","Artist","Profession"],"st":74,"en_mention":64,"ancestor":"","eIdx":6,"st_mention":62,"en":78,"ne_type":"PERSON","keyword":"[가수]","e_type":"WIKILINK"},{"kbox_types":["PersonFunction","Profession"],"st":80,"en_mention":69,"ancestor":"","eIdx":7,"st_mention":66,"en":85,"ne_type":"ETC","keyword":"[작사가]","e_type":"WIKILINK"},{"kbox_types":["PersonFunction","Profession"],"st":87,"en_mention":73,"ancestor":"","eIdx":8,"st_mention":71,"en":91,"ne_type":"ETC","keyword":"[배우]","e_type":"WIKILINK"},{"kbox_types":["Year","MusicalWork","TimePeriod","Work","Album"],"st":99,"en_mention":86,"ancestor":"","eIdx":9,"st_mention":81,"en":106,"ne_type":"TIME","keyword":"[2008년]","e_type":"NEW"},{"kbox_types":["ArchitecturalStructure","Road","PopulatedPlace","Place","RouteOfTransportation","Infrastructure","Place","Street"],"st":107,"en_mention":92,"ancestor":"","eIdx":10,"st_mention":87,"en":114,"ne_type":"LOCATION","keyword":"[브로드웨이]","e_type":"WIKILINK"},{"kbox_types":["NULL"],"st":120,"en_mention":100,"ancestor":"","eIdx":11,"st_mention":98,"en":124,"ne_type":"ETC","keyword":"[13]","e_type":"NEW"},{"kbox_types":["Year","MusicalWork","TimePeriod","Work","Album"],"st":127,"en_mention":108,"ancestor":"","eIdx":12,"st_mention":103,"en":134,"ne_type":"TIME","keyword":"[2009년]","e_type":"NEW"},{"kbox_types":["Broadcaster","TelevisionStation","Company","Agent","Organisation"],"st":135,"en_mention":114,"ancestor":"","eIdx":13,"st_mention":109,"en":142,"ne_type":"ORGANIZATION","keyword":"[니켈로디언]","e_type":"WIKILINK"},{"kbox_types":["Work","TelevisionShow"],"st":154,"en_mention":131,"ancestor":"","eIdx":14,"st_mention":126,"en":161,"ne_type":"ETC","keyword":"[빅토리어스]","e_type":"WIKILINK"},{"kbox_types":["NULL"],"st":165,"en_mention":141,"ancestor":"","eIdx":15,"st_mention":135,"en":173,"ne_type":"PERSON","keyword":"[캣 발렌타인]","e_type":"NEW"},{"kbox_types":["NULL"],"st":187,"en_mention":158,"ancestor":"","eIdx":16,"st_mention":155,"en":192,"ne_type":"PERSON","keyword":"[그란데]","e_type":"NEW"},{"kbox_types":["NULL"],"st":198,"en_mention":167,"ancestor":"","eIdx":17,"st_mention":164,"en":203,"ne_type":"ETC","keyword":"<아이돌>","e_type":"ELU"},{"kbox_types":["NULL"],"st":222,"en_mention":194,"ancestor":"","eIdx":18,"st_mention":186,"en":232,"ne_type":"ETC","keyword":"[스핀오프 드라마]","e_type":"NEW"},{"kbox_types":["Work","TelevisionShow"],"st":234,"en_mention":201,"ancestor":"","eIdx":19,"st_mention":196,"en":241,"ne_type":"ETC","keyword":"[샘_&_캣]","e_type":"WIKILINK"},{"kbox_types":["Year","MusicalWork","Album","TimePeriod","Work"],"st":251,"en_mention":216,"ancestor":"","eIdx":20,"st_mention":211,"en":258,"ne_type":"TIME","keyword":"[2014년]","e_type":"NEW"}],"wikiPageId":725877,"pIdx":1,"plainText":"아리아나 그란데()라는 이름으로 활동중인 아리아나 그란데부테라(, 1993년 6월 26일 ~ )는 미국의 여자 가수, 작사가, 배우이다. 그녀는 2008년 브로드웨이 뮤지컬 《13》, 2009년 니켈로디언의 텔레비전 시리즈 《빅토리어스》에서 캣 발렌타인 역할로 출연했다. 이후 그란데는 10대 아이돌로 입지가 상승해, 쇼가 끝난 후 스핀오프 드라마 《샘 & 캣》가 방송 되었고 2014년에 종료되었다.","mentionTagged":"[아리아나 그란데]()라는 이름으로 활동중인 [아리아나 그란데부테라](, [1993년] [6월 26일] ~ )는 [미국]의 [여자] [가수], [작사가], [배우]이다. 그녀는 [2008년] [브로드웨이] 뮤지컬 《[13]》, [2009년] [니켈로디언]의 텔레비전 시리즈 《[빅토리어스]》에서 [캣 발렌타인] 역할로 출연했다. 이후 [그란데]는 10대 [아이돌]로 입지가 상승해, 쇼가 끝난 후 [스핀오프 드라마] 《[샘 & 캣]》가 방송 되었고 [2014년]에 종료되었다."}