{"entityTagged":"이 기간 동안 포인트 앤드 클릭 장르가 만들어짐과 동시에 그래픽 어드벤처 게임이 발전하였다. 이 장르의 다작들 가운데 일부는 [1990년대] 동안 [시에라_엔터테인먼트], [루카스아츠]에 의해 생산되었고, 속편은 새로운 스타일의 퍼즐 기반 어드벤처 게임들에 영감을 주었다. [1990년대]에는 [맥시스]가 성공적인 [심_비디오_게임의_목록]을 배급하였는데, 처음에는 《[심시티]》로 시작하여, 이후 《[심어스]》, 《[심시티_2000]》, 《[심즈]》([2000년]에 처음 출시)와 같은 다양한 타이틀이 계속 출시되었다.","globalSId":[3846068,3846069,3846070],"entities":[{"kbox_types":["NULL"],"st":70,"en_mention":76,"ancestor":"","eIdx":0,"st_mention":70,"en":78,"ne_type":"TIME","keyword":"[1990년대]","e_type":"NEW"},{"kbox_types":["Company","Agent","Organisation"],"st":82,"en_mention":90,"ancestor":"","eIdx":1,"st_mention":80,"en":94,"ne_type":"ORGANIZATION","keyword":"[시에라_엔터테인먼트]","e_type":"WIKILINK"},{"kbox_types":["Company","Agent","Organisation"],"st":96,"en_mention":97,"ancestor":"","eIdx":2,"st_mention":92,"en":103,"ne_type":"ORGANIZATION","keyword":"[루카스아츠]","e_type":"WIKILINK"},{"kbox_types":["NULL"],"st":153,"en_mention":153,"ancestor":"","eIdx":3,"st_mention":147,"en":161,"ne_type":"TIME","keyword":"[1990년대]","e_type":"NEW"},{"kbox_types":["Company","Agent","Organisation"],"st":164,"en_mention":159,"ancestor":"","eIdx":4,"st_mention":156,"en":169,"ne_type":"ORGANIZATION","keyword":"[맥시스]","e_type":"WIKILINK"},{"kbox_types":["NULL"],"st":176,"en_mention":173,"ancestor":"","eIdx":5,"st_mention":166,"en":190,"ne_type":"ETC","keyword":"[심_비디오_게임의_목록]","e_type":"WIKILINK"},{"kbox_types":["NULL"],"st":206,"en_mention":192,"ancestor":"","eIdx":6,"st_mention":189,"en":211,"ne_type":"ETC","keyword":"[심시티]","e_type":"WIKILINK"},{"kbox_types":["Software","VideoGame","Work"],"st":224,"en_mention":208,"ancestor":"","eIdx":7,"st_mention":205,"en":229,"ne_type":"ETC","keyword":"[심어스]","e_type":"WIKILINK"},{"kbox_types":["NULL"],"st":233,"en_mention":220,"ancestor":"","eIdx":8,"st_mention":212,"en":243,"ne_type":"ETC","keyword":"[심시티_2000]","e_type":"WIKILINK"},{"kbox_types":["Software","VideoGame","Work"],"st":247,"en_mention":226,"ancestor":"","eIdx":9,"st_mention":224,"en":251,"ne_type":"ETC","keyword":"[심즈]","e_type":"WIKILINK"},{"kbox_types":["Year","MusicalWork","TimePeriod","Work","Album"],"st":253,"en_mention":233,"ancestor":"","eIdx":10,"st_mention":228,"en":260,"ne_type":"TIME","keyword":"[2000년]","e_type":"NEW"}],"wikiPageId":1623985,"pIdx":86,"plainText":"이 기간 동안 포인트 앤드 클릭 장르가 만들어짐과 동시에 그래픽 어드벤처 게임이 발전하였다. 이 장르의 다작들 가운데 일부는 1990년대 동안 시에라 엔터테인먼트, 루카스아츠에 의해 생산되었고, 속편은 새로운 스타일의 퍼즐 기반 어드벤처 게임들에 영감을 주었다. 1990년대에는 맥시스가 성공적인 심 게임 계열을 배급하였는데, 처음에는 《심시티》로 시작하여, 이후 《심어스》, 《심시티 2000》, 《심즈》(2000년에 처음 출시)와 같은 다양한 타이틀이 계속 출시되었다.","mentionTagged":"이 기간 동안 포인트 앤드 클릭 장르가 만들어짐과 동시에 그래픽 어드벤처 게임이 발전하였다. 이 장르의 다작들 가운데 일부는 [1990년대] 동안 [시에라 엔터테인먼트], [루카스아츠]에 의해 생산되었고, 속편은 새로운 스타일의 퍼즐 기반 어드벤처 게임들에 영감을 주었다. [1990년대]에는 [맥시스]가 성공적인 [심 게임 계열]을 배급하였는데, 처음에는 《[심시티]》로 시작하여, 이후 《[심어스]》, 《[심시티 2000]》, 《[심즈]》([2000년]에 처음 출시)와 같은 다양한 타이틀이 계속 출시되었다."}