{"entityTagged":"<피로트>()는 [세르비아] 남동부에 위치한 도시로, [피로트_구]의 행정 중심지이며 면적은 1,232㎢, 인구는 63,791명([2002년] 기준)이다.","globalSId":[2687870],"entities":[{"kbox_types":["Town","PopulatedPlace","Settlement","Town","Place"],"st":0,"en_mention":3,"ancestor":"","eIdx":0,"st_mention":0,"en":5,"ne_type":"LOCATION","keyword":"<피로트>","e_type":"ELU"},{"kbox_types":["Country","PopulatedPlace","Settlement","PopulatedPlace","Place"],"st":9,"en_mention":11,"ancestor":"","eIdx":1,"st_mention":7,"en":15,"ne_type":"LOCATION","keyword":"[세르비아]","e_type":"WIKILINK"},{"kbox_types":["PopulatedPlace","Settlement","PopulatedPlace","Place"],"st":30,"en_mention":31,"ancestor":"","eIdx":2,"st_mention":26,"en":37,"ne_type":"LOCATION","keyword":"[피로트_구]","e_type":"WIKILINK"},{"kbox_types":["Year","MusicalWork","TimePeriod","Work","Album"],"st":72,"en_mention":71,"ancestor":"","eIdx":3,"st_mention":66,"en":79,"ne_type":"TIME","keyword":"[2002년]","e_type":"NEW"}],"wikiPageId":737302,"pIdx":1,"plainText":"피로트()는 세르비아 남동부에 위치한 도시로, 피로트 구의 행정 중심지이며 면적은 1,232㎢, 인구는 63,791명(2002년 기준)이다.","mentionTagged":"[피로트]()는 [세르비아] 남동부에 위치한 도시로, [피로트 구]의 행정 중심지이며 면적은 1,232㎢, 인구는 63,791명([2002년] 기준)이다."}