{"entityTagged":"일생. 현재의 [벨라루스] [마힐료우_주]의 농민으로 태어난 [쿠즈네초프]는 [제1차_세계_대전] 당시 [러시아_제국_육군]으로 복무하다 후에 [볼셰베키]의 [소비에트_연방의_군사]에 복무한다. [독소 전쟁] 당시 [1941년 6월 30일] <발트_작전>까지 북서부 전선군의 지휘관이었으나, [1941년 8월 초](소장 [P. P. 사베니코프]로 교체) 해임되었고 [스타브카]에 [1942년 3월]까지 [소련 제21군]을 지휘하고, 이후 [1941년 7-8월]에 중앙 전선군의 임시 지휘관이자 제28군 참모총장이 되었으며 서부 전선군의 지휘관이자 제61군의 사령관이 되었다.","globalSId":[2965451,2965452,2965453,2965454,2965455],"entities":[{"kbox_types":["Country","Company","Agent","PopulatedPlace","Place","Company","Organisation"],"st":8,"en_mention":11,"ancestor":"","eIdx":0,"st_mention":7,"en":14,"ne_type":"ORGANIZATION","keyword":"[벨라루스]","e_type":"WIKILINK"},{"kbox_types":["PopulatedPlace","Settlement","PopulatedPlace","Place"],"st":15,"en_mention":18,"ancestor":"","eIdx":1,"st_mention":12,"en":23,"ne_type":"LOCATION","keyword":"[마힐료우_주]","e_type":"WIKILINK"},{"kbox_types":["NULL"],"st":34,"en_mention":34,"ancestor":"","eIdx":2,"st_mention":29,"en":41,"ne_type":"PERSON","keyword":"[쿠즈네초프]","e_type":"NEW"},{"kbox_types":["MilitaryConflict","Event","SocietalEvent"],"st":43,"en_mention":45,"ancestor":"","eIdx":3,"st_mention":36,"en":54,"ne_type":"ETC","keyword":"[제1차_세계_대전]","e_type":"WIKILINK"},{"kbox_types":["Agent","MilitaryUnit","Organisation"],"st":58,"en_mention":58,"ancestor":"","eIdx":4,"st_mention":49,"en":69,"ne_type":"ORGANIZATION","keyword":"[러시아_제국_육군]","e_type":"WIKILINK"},{"kbox_types":["NULL"],"st":80,"en_mention":73,"ancestor":"","eIdx":5,"st_mention":69,"en":86,"ne_type":"ORGANIZATION","keyword":"[볼셰베키]","e_type":"NEW"},{"kbox_types":["NULL"],"st":88,"en_mention":80,"ancestor":"","eIdx":6,"st_mention":75,"en":101,"ne_type":"ETC","keyword":"[소비에트_연방의_군사]","e_type":"WIKILINK"},{"kbox_types":["MilitaryConflict","Event","SocietalEvent"],"st":109,"en_mention":93,"ancestor":"","eIdx":7,"st_mention":88,"en":116,"ne_type":"ETC","keyword":"[독소 전쟁]","e_type":"NEW"},{"kbox_types":["NULL"],"st":120,"en_mention":109,"ancestor":"","eIdx":8,"st_mention":97,"en":134,"ne_type":"TIME","keyword":"[1941년 6월 30일]","e_type":"NEW"},{"kbox_types":["MilitaryConflict","Event","SocietalEvent"],"st":135,"en_mention":115,"ancestor":"","eIdx":9,"st_mention":110,"en":142,"ne_type":"ETC","keyword":"<발트_작전>","e_type":"ELU"},{"kbox_types":["NULL"],"st":163,"en_mention":146,"ancestor":"","eIdx":10,"st_mention":136,"en":175,"ne_type":"TIME","keyword":"[1941년 8월 초]","e_type":"NEW"},{"kbox_types":["NULL"],"st":179,"en_mention":161,"ancestor":"","eIdx":11,"st_mention":150,"en":192,"ne_type":"PERSON","keyword":"[P. P. 사베니코프]","e_type":"NEW"},{"kbox_types":["NULL"],"st":204,"en_mention":177,"ancestor":"","eIdx":12,"st_mention":173,"en":210,"ne_type":"ORGANIZATION","keyword":"[스타브카]","e_type":"NEW"},{"kbox_types":["NULL"],"st":212,"en_mention":187,"ancestor":"","eIdx":13,"st_mention":179,"en":222,"ne_type":"TIME","keyword":"[1942년 3월]","e_type":"NEW"},{"kbox_types":["NULL"],"st":225,"en_mention":197,"ancestor":"","eIdx":14,"st_mention":190,"en":234,"ne_type":"ORGANIZATION","keyword":"[소련 제21군]","e_type":"NEW"},{"kbox_types":["NULL"],"st":245,"en_mention":218,"ancestor":"","eIdx":15,"st_mention":208,"en":257,"ne_type":"TIME","keyword":"[1941년 7-8월]","e_type":"NEW"}],"wikiPageId":888721,"pIdx":2,"plainText":"일생 현재의 벨라루스 마힐료우 주의 농민으로 태어난 쿠즈네초프는 제1차 세계 대전 당시 러시아 제국 육군으로 복무하다 후에 볼셰베키의 붉은 군대에 복무한다. 독소 전쟁 당시 1941년 6월 30일 발트 작전까지 북서부 전선군의 지휘관이었으나, 1941년 8월 초(소장 P. P. 사베니코프로 교체) 해임되었고 스타브카에 1942년 3월까지 소련 제21군을 지휘하고, 이후 1941년 7-8월에 중앙 전선군의 임시 지휘관이자 제28군 참모총장이 되었으며 서부 전선군의 지휘관이자 제61군의 사령관이 되었다.","mentionTagged":"일생 현재의 [벨라루스] [마힐료우 주]의 농민으로 태어난 [쿠즈네초프]는 [제1차 세계 대전] 당시 [러시아 제국 육군]으로 복무하다 후에 [볼셰베키]의 [붉은 군대]에 복무한다. [독소 전쟁] 당시 [1941년 6월 30일] [발트 작전]까지 북서부 전선군의 지휘관이었으나, [1941년 8월 초](소장 [P. P. 사베니코프]로 교체) 해임되었고 [스타브카]에 [1942년 3월]까지 [소련 제21군]을 지휘하고, 이후 [1941년 7-8월]에 중앙 전선군의 임시 지휘관이자 제28군 참모총장이 되었으며 서부 전선군의 지휘관이자 제61군의 사령관이 되었다."}