{"entityTagged":"[징퉁 쾌속공로](京通快速公路, 경통쾌속공로)는 [중화인민공화국]의 수도인 [베이징_시]의 중심가와 [퉁저우_구_(베이징_시)]를 잇는 [베이징_시]의 고속화도로이다. [중화인민공화국]에서 최초로 [수익형_민자사업]방식으로 건설된 고속화도로로, [1996년]에 개통한 이래 20년간 민간기업이 운영하고 있다.","globalSId":[1766083,1766084],"entities":[{"kbox_types":["NULL"],"st":0,"en_mention":7,"ancestor":"","eIdx":0,"st_mention":0,"en":9,"ne_type":"LOCATION","keyword":"[징퉁 쾌속공로]","e_type":"NEW"},{"kbox_types":["Country","PopulatedPlace","PopulatedPlace","Place"],"st":27,"en_mention":32,"ancestor":"","eIdx":1,"st_mention":25,"en":36,"ne_type":"LOCATION","keyword":"[중화인민공화국]","e_type":"WIKILINK"},{"kbox_types":["PopulatedPlace","Settlement","PopulatedPlace","City","Place"],"st":42,"en_mention":45,"ancestor":"","eIdx":2,"st_mention":38,"en":49,"ne_type":"LOCATION","keyword":"[베이징_시]","e_type":"WIKILINK"},{"kbox_types":["PopulatedPlace","Settlement","PopulatedPlace","Place"],"st":56,"en_mention":57,"ancestor":"","eIdx":3,"st_mention":52,"en":71,"ne_type":"LOCATION","keyword":"[퉁저우_구_(베이징_시)]","e_type":"WIKILINK"},{"kbox_types":["PopulatedPlace","Settlement","PopulatedPlace","City","Place"],"st":76,"en_mention":67,"ancestor":"","eIdx":4,"st_mention":62,"en":83,"ne_type":"LOCATION","keyword":"[베이징_시]","e_type":"WIKILINK"},{"kbox_types":["Country","PopulatedPlace","PopulatedPlace","Place"],"st":94,"en_mention":85,"ancestor":"","eIdx":5,"st_mention":78,"en":103,"ne_type":"LOCATION","keyword":"[중화인민공화국]","e_type":"WIKILINK"},{"kbox_types":["NULL"],"st":110,"en_mention":100,"ancestor":"","eIdx":6,"st_mention":92,"en":120,"ne_type":"ETC","keyword":"[수익형_민자사업]","e_type":"WIKILINK"},{"kbox_types":["Year","TimePeriod"],"st":137,"en_mention":122,"ancestor":"","eIdx":7,"st_mention":117,"en":144,"ne_type":"TIME","keyword":"[1996년]","e_type":"WIKILINK"}],"wikiPageId":337522,"pIdx":1,"plainText":"징퉁 쾌속공로(京通快速公路, 경통쾌속공로)는 중화인민공화국의 수도인 베이징 직할시의 중심가와 퉁저우 구를 잇는 베이징 시의 고속화도로이다. 중화인민공화국에서 최초로 수익형 민자사업방식으로 건설된 고속화도로로, 1996년에 개통한 이래 20년간 민간기업이 운영하고 있다.","mentionTagged":"[징퉁 쾌속공로](京通快速公路, 경통쾌속공로)는 [중화인민공화국]의 수도인 [베이징 직할시]의 중심가와 [퉁저우 구]를 잇는 [베이징 시]의 고속화도로이다. [중화인민공화국]에서 최초로 [수익형 민자사업]방식으로 건설된 고속화도로로, [1996년]에 개통한 이래 20년간 민간기업이 운영하고 있다."}