{"entityTagged":"[시민민주당](市民民主黨, , )은 [체코]의 보수 정당으로, [1991년] 설립되었다. [2013년], [2016년] 총선거 결과, [체코] 상원의 경우 [체코_사회민주당]에 이어 제2당인 반면 [체코] 하원의 경우 [TOP_09]에 이어 제5당이다.","globalSId":[3866938,3866939],"entities":[{"kbox_types":["Agent","PoliticalParty","Organisation"],"st":0,"en_mention":5,"ancestor":"","eIdx":0,"st_mention":0,"en":7,"ne_type":"ETC","keyword":"[시민민주당]","e_type":"NEW"},{"kbox_types":["Country","PopulatedPlace","Settlement","PopulatedPlace","Place"],"st":20,"en_mention":20,"ancestor":"","eIdx":1,"st_mention":18,"en":24,"ne_type":"LOCATION","keyword":"[체코]","e_type":"WIKILINK"},{"kbox_types":["Year","Language","TimePeriod"],"st":35,"en_mention":36,"ancestor":"","eIdx":2,"st_mention":31,"en":42,"ne_type":"TIME","keyword":"[1991년]","e_type":"NEW"},{"kbox_types":["Year","MusicalWork","TimePeriod","Work","Album"],"st":50,"en_mention":49,"ancestor":"","eIdx":3,"st_mention":44,"en":57,"ne_type":"TIME","keyword":"[2013년]","e_type":"WIKILINK"},{"kbox_types":["Year","Agent","Organisation","TimePeriod","Company"],"st":59,"en_mention":56,"ancestor":"","eIdx":4,"st_mention":51,"en":66,"ne_type":"TIME","keyword":"[2016년]","e_type":"WIKILINK"},{"kbox_types":["Country","PopulatedPlace","Settlement","PopulatedPlace","Place"],"st":75,"en_mention":67,"ancestor":"","eIdx":5,"st_mention":65,"en":79,"ne_type":"LOCATION","keyword":"[체코]","e_type":"WIKILINK"},{"kbox_types":["Agent","PoliticalParty","Organisation"],"st":87,"en_mention":83,"ancestor":"","eIdx":6,"st_mention":75,"en":97,"ne_type":"ORGANIZATION","keyword":"[체코_사회민주당]","e_type":"WIKILINK"},{"kbox_types":["Country","PopulatedPlace","Settlement","PopulatedPlace","Place"],"st":110,"en_mention":98,"ancestor":"","eIdx":7,"st_mention":96,"en":114,"ne_type":"LOCATION","keyword":"[체코]","e_type":"WIKILINK"},{"kbox_types":["Agent","PoliticalParty","Organisation"],"st":122,"en_mention":112,"ancestor":"","eIdx":8,"st_mention":106,"en":130,"ne_type":"ORGANIZATION","keyword":"[TOP_09]","e_type":"WIKILINK"}],"wikiPageId":1641959,"pIdx":1,"plainText":"시민민주당(市民民主黨, , )은 체코의 보수 정당으로, 1991년 설립되었다. 2013년, 2016년 총선거 결과, 체코 상원의 경우 체코 사회민주당에 이어 제2당인 반면 체코 하원의 경우 TOP 09에 이어 제5당이다.","mentionTagged":"[시민민주당](市民民主黨, , )은 [체코]의 보수 정당으로, [1991년] 설립되었다. [2013년], [2016년] 총선거 결과, [체코] 상원의 경우 [체코 사회민주당]에 이어 제2당인 반면 [체코] 하원의 경우 [TOP 09]에 이어 제5당이다."}