{"entityTagged":"[맨체스터 모나크스](Manchester Monarchs)는 [미국] [뉴햄프셔_주] [맨체스터_(뉴햄프셔_주)]를 연고지로 하는 [2001년]부터 [2015년]까지 [아메리칸_하키_리그] 소속되었던 아이스 하키팀이다.","globalSId":[3724341],"entities":[{"kbox_types":["NULL"],"st":0,"en_mention":9,"ancestor":"","eIdx":0,"st_mention":0,"en":11,"ne_type":"ETC","keyword":"[맨체스터 모나크스]","e_type":"NEW"},{"kbox_types":["Country","PopulatedPlace","PopulatedPlace","Place"],"st":34,"en_mention":34,"ancestor":"","eIdx":1,"st_mention":32,"en":38,"ne_type":"LOCATION","keyword":"[미국]","e_type":"WIKILINK"},{"kbox_types":["Region","PopulatedPlace","AdministrativeRegion","Place","AdministrativeRegion"],"st":39,"en_mention":41,"ancestor":"","eIdx":2,"st_mention":35,"en":47,"ne_type":"LOCATION","keyword":"[뉴햄프셔_주]","e_type":"WIKILINK"},{"kbox_types":["PopulatedPlace","Settlement","PopulatedPlace","City","Place"],"st":48,"en_mention":46,"ancestor":"","eIdx":3,"st_mention":42,"en":63,"ne_type":"LOCATION","keyword":"[맨체스터_(뉴햄프셔_주)]","e_type":"WIKILINK"},{"kbox_types":["Year","MusicalWork","TimePeriod","Work","Album"],"st":73,"en_mention":61,"ancestor":"","eIdx":4,"st_mention":56,"en":80,"ne_type":"TIME","keyword":"[2001년]","e_type":"NEW"},{"kbox_types":["Year","MusicalWork","Album","TimePeriod","Work"],"st":83,"en_mention":69,"ancestor":"","eIdx":5,"st_mention":64,"en":90,"ne_type":"TIME","keyword":"[2015년]","e_type":"NEW"},{"kbox_types":["Agent","SportsLeague","IceHockeyLeague","Organisation"],"st":93,"en_mention":75,"ancestor":"","eIdx":6,"st_mention":72,"en":105,"ne_type":"ORGANIZATION","keyword":"[아메리칸_하키_리그]","e_type":"WIKILINK"}],"wikiPageId":1441339,"pIdx":1,"plainText":"맨체스터 모나크스(Manchester Monarchs)는 미국 뉴햄프셔 주 맨체스터를 연고지로 하는 2001년부터 2015년까지 AHL 소속되었던 아이스 하키팀이다.","mentionTagged":"[맨체스터 모나크스](Manchester Monarchs)는 [미국] [뉴햄프셔 주] [맨체스터]를 연고지로 하는 [2001년]부터 [2015년]까지 [AHL] 소속되었던 아이스 하키팀이다."}