{"entityTagged":"[1968년 동계 올림픽 소련 선수단]은 [프랑스] [그르노블]에서 개최된 [1968년_동계_올림픽]에 참가한 [올림픽_소련_선수단]이다.","globalSId":[2122261],"entities":[{"kbox_types":["NULL"],"st":0,"en_mention":19,"ancestor":"","eIdx":0,"st_mention":0,"en":21,"ne_type":"ORGANIZATION","keyword":"[1968년 동계 올림픽 소련 선수단]","e_type":"NEW"},{"kbox_types":["Country","PopulatedPlace","Settlement","PopulatedPlace","Place"],"st":23,"en_mention":24,"ancestor":"","eIdx":1,"st_mention":21,"en":28,"ne_type":"LOCATION","keyword":"[프랑스]","e_type":"WIKILINK"},{"kbox_types":["PopulatedPlace","Settlement","PopulatedPlace","Place"],"st":29,"en_mention":29,"ancestor":"","eIdx":2,"st_mention":25,"en":35,"ne_type":"LOCATION","keyword":"[그르노블]","e_type":"WIKILINK"},{"kbox_types":["Olympics","Event","SocietalEvent","SportsEvent"],"st":42,"en_mention":48,"ancestor":"","eIdx":3,"st_mention":36,"en":56,"ne_type":"ETC","keyword":"[1968년_동계_올림픽]","e_type":"WIKILINK"},{"kbox_types":["NULL"],"st":62,"en_mention":64,"ancestor":"","eIdx":4,"st_mention":54,"en":74,"ne_type":"ETC","keyword":"[올림픽_소련_선수단]","e_type":"WIKILINK"}],"wikiPageId":477625,"pIdx":1,"plainText":"1968년 동계 올림픽 소련 선수단은 프랑스 그르노블에서 개최된 1968년 동계 올림픽에 참가한 올림픽 소련 선수단이다.","mentionTagged":"[1968년 동계 올림픽 소련 선수단]은 [프랑스] [그르노블]에서 개최된 [1968년 동계 올림픽]에 참가한 [올림픽 소련 선수단]이다."}