{"entityTagged":"<서울강북소방서>(서울江北消防署, )는 [서울특별시] [강북구]를 관할하는 [서울특별시_소방재난본부] 산하의 [소방서]이다.","globalSId":[3229148],"entities":[{"kbox_types":["NULL"],"st":0,"en_mention":7,"ancestor":"","eIdx":0,"st_mention":0,"en":9,"ne_type":"ETC","keyword":"<서울강북소방서>","e_type":"ELU"},{"kbox_types":["PopulatedPlace","Place","Settlement","PopulatedPlace","City"],"st":22,"en_mention":25,"ancestor":"","eIdx":1,"st_mention":20,"en":29,"ne_type":"LOCATION","keyword":"[서울특별시]","e_type":"WIKILINK"},{"kbox_types":["PopulatedPlace","Settlement","PopulatedPlace","Place"],"st":30,"en_mention":29,"ancestor":"","eIdx":2,"st_mention":26,"en":35,"ne_type":"LOCATION","keyword":"[강북구]","e_type":"WIKILINK"},{"kbox_types":["NULL"],"st":42,"en_mention":48,"ancestor":"","eIdx":3,"st_mention":36,"en":56,"ne_type":"ETC","keyword":"[서울특별시_소방재난본부]","e_type":"WIKILINK"},{"kbox_types":["NULL"],"st":61,"en_mention":56,"ancestor":"","eIdx":4,"st_mention":53,"en":66,"ne_type":"ETC","keyword":"[소방서]","e_type":"WIKILINK"}],"wikiPageId":1032242,"pIdx":1,"plainText":"서울강북소방서(서울江北消防署, )는 서울특별시 강북구를 관할하는 서울특별시 소방재난본부 산하의 소방서이다.","mentionTagged":"[서울강북소방서](서울江北消防署, )는 [서울특별시] [강북구]를 관할하는 [서울특별시 소방재난본부] 산하의 [소방서]이다."}