{"entityTagged":"클럽 경력. <발곡초등학교>, <발곡중학교>, [언남고등학교], [한국국제대학교]를 졸업하고 [2010년] [부산_아이파크]에 입단하였고, 입단 이후 [안익수_(축구인)] 감독의 눈에 띄어 [2011년]부터 주로 교체 선수로 활약하며 기회를 얻었다.","globalSId":[2838246,2838247],"entities":[{"kbox_types":["Agent","EducationalInstitution","Organisation","School"],"st":7,"en_mention":12,"ancestor":"","eIdx":0,"st_mention":6,"en":15,"ne_type":"ORGANIZATION","keyword":"<발곡초등학교>","e_type":"ELU"},{"kbox_types":["Agent","EducationalInstitution","Organisation","School"],"st":17,"en_mention":19,"ancestor":"","eIdx":1,"st_mention":14,"en":24,"ne_type":"ORGANIZATION","keyword":"<발곡중학교>","e_type":"ELU"},{"kbox_types":["Agent","EducationalInstitution","Organisation","School"],"st":26,"en_mention":27,"ancestor":"","eIdx":2,"st_mention":21,"en":34,"ne_type":"ORGANIZATION","keyword":"[언남고등학교]","e_type":"WIKILINK"},{"kbox_types":["University","Agent","EducationalInstitution","Organisation","School"],"st":36,"en_mention":36,"ancestor":"","eIdx":3,"st_mention":29,"en":45,"ne_type":"ORGANIZATION","keyword":"[한국국제대학교]","e_type":"WIKILINK"},{"kbox_types":["Year","MusicalWork","TimePeriod","Work","Album"],"st":52,"en_mention":48,"ancestor":"","eIdx":4,"st_mention":43,"en":59,"ne_type":"TIME","keyword":"[2010년]","e_type":"NEW"},{"kbox_types":["SoccerClub","Agent","SportsTeam","Organisation"],"st":60,"en_mention":56,"ancestor":"","eIdx":5,"st_mention":49,"en":69,"ne_type":"ORGANIZATION","keyword":"[부산_아이파크]","e_type":"WIKILINK"},{"kbox_types":["SoccerPlayer","SportsManager","Agent","Person","SoccerManager","Athlete"],"st":84,"en_mention":74,"ancestor":"","eIdx":6,"st_mention":71,"en":95,"ne_type":"PERSON","keyword":"[안익수_(축구인)]","e_type":"WIKILINK"},{"kbox_types":["Year","MusicalWork","TimePeriod","Work","Album"],"st":106,"en_mention":90,"ancestor":"","eIdx":7,"st_mention":85,"en":113,"ne_type":"TIME","keyword":"[2011년]","e_type":"NEW"}],"wikiPageId":812434,"pIdx":2,"plainText":"클럽 경력 발곡초등학교, 발곡중학교, 언남고등학교, 한국국제대학교를 졸업하고 2010년 부산 아이파크에 입단하였고, 입단 이후 안익수 감독의 눈에 띄어 2011년부터 주로 교체 선수로 활약하며 기회를 얻었다.","mentionTagged":"클럽 경력 [발곡초등학교], [발곡중학교], [언남고등학교], [한국국제대학교]를 졸업하고 [2010년] [부산 아이파크]에 입단하였고, 입단 이후 [안익수] 감독의 눈에 띄어 [2011년]부터 주로 교체 선수로 활약하며 기회를 얻었다."}