{"entityTagged":"[토비 레너드 무어](, [1981년] [4월_21일] ~ )는 [오스트레일리아] 출신의 [배우]로, [넷플릭스]의 드라마 《[데어데블_(드라마)]》에서 악당 [킹핀]의 비서 [제임스 웨슬리] 역으로 출연하였다.","globalSId":[3717582],"entities":[{"kbox_types":["Actor","Agent","Person","Artist"],"st":0,"en_mention":9,"ancestor":"","eIdx":0,"st_mention":0,"en":11,"ne_type":"PERSON","keyword":"[토비 레너드 무어]","e_type":"NEW"},{"kbox_types":["Year","Agent","EducationalInstitution","TimePeriod","Organisation","University"],"st":14,"en_mention":17,"ancestor":"","eIdx":1,"st_mention":12,"en":21,"ne_type":"TIME","keyword":"[1981년]","e_type":"WIKILINK"},{"kbox_types":["NULL"],"st":22,"en_mention":24,"ancestor":"","eIdx":2,"st_mention":18,"en":30,"ne_type":"TIME","keyword":"[4월_21일]","e_type":"WIKILINK"},{"kbox_types":["Country","PopulatedPlace","Settlement","PopulatedPlace","Place"],"st":36,"en_mention":37,"ancestor":"","eIdx":3,"st_mention":30,"en":45,"ne_type":"LOCATION","keyword":"[오스트레일리아]","e_type":"WIKILINK"},{"kbox_types":["PersonFunction","Profession"],"st":50,"en_mention":44,"ancestor":"","eIdx":4,"st_mention":42,"en":54,"ne_type":"ETC","keyword":"[배우]","e_type":"WIKILINK"},{"kbox_types":["Broadcaster","Company","Agent","Organisation"],"st":57,"en_mention":51,"ancestor":"","eIdx":5,"st_mention":47,"en":63,"ne_type":"ORGANIZATION","keyword":"[넷플릭스]","e_type":"WIKILINK"},{"kbox_types":["Work","TelevisionShow"],"st":70,"en_mention":62,"ancestor":"","eIdx":6,"st_mention":58,"en":82,"ne_type":"ETC","keyword":"[데어데블_(드라마)]","e_type":"WIKILINK"},{"kbox_types":["NULL"],"st":89,"en_mention":71,"ancestor":"","eIdx":7,"st_mention":69,"en":93,"ne_type":"ETC","keyword":"[킹핀]","e_type":"NEW"},{"kbox_types":["NULL"],"st":98,"en_mention":83,"ancestor":"","eIdx":8,"st_mention":76,"en":107,"ne_type":"ETC","keyword":"[제임스 웨슬리]","e_type":"NEW"}],"wikiPageId":1434327,"pIdx":1,"plainText":"토비 레너드 무어(, 1981년 4월 21일 ~ )는 오스트레일리아 출신의 배우로, 넷플릭스의 드라마 《데어데블》에서 악당 킹핀의 비서 제임스 웨슬리 역으로 출연하였다.","mentionTagged":"[토비 레너드 무어](, [1981년] [4월 21일] ~ )는 [오스트레일리아] 출신의 [배우]로, [넷플릭스]의 드라마 《[데어데블]》에서 악당 [킹핀]의 비서 [제임스 웨슬리] 역으로 출연하였다."}