{"entityTagged":"[가쓰라기](葛城, )는 [일본_제국_해군]의 [항공모함]이다. [제2차_세계대전] 말기에 양산이 계획된 운류급 [항공모함]의 3번함으로, [일본_제국_해군]이 건조한 [항공모함] 중(안)에서 마지막에 완성한 [항공모함]이었다. 함명은 [나라 현]에 있는 [가쓰라기_산](葛城山)을 기념하여 명명되었다. 함명은 [카츠라기](스르프)에 이어 2대 째이다.","globalSId":[2289763,2289764,2289765,2289766],"entities":[{"kbox_types":["NULL"],"st":0,"en_mention":4,"ancestor":"","eIdx":0,"st_mention":0,"en":6,"ne_type":"LOCATION","keyword":"[가쓰라기]","e_type":"NEW"},{"kbox_types":["Agent","MilitaryUnit","Organisation"],"st":14,"en_mention":20,"ancestor":"","eIdx":1,"st_mention":12,"en":24,"ne_type":"ORGANIZATION","keyword":"[일본_제국_해군]","e_type":"WIKILINK"},{"kbox_types":["NULL"],"st":26,"en_mention":26,"ancestor":"","eIdx":2,"st_mention":22,"en":32,"ne_type":"ETC","keyword":"[항공모함]","e_type":"WIKILINK"},{"kbox_types":["MilitaryConflict","Event","SocietalEvent"],"st":36,"en_mention":38,"ancestor":"","eIdx":3,"st_mention":30,"en":46,"ne_type":"ETC","keyword":"[제2차_세계대전]","e_type":"WIKILINK"},{"kbox_types":["NULL"],"st":63,"en_mention":59,"ancestor":"","eIdx":4,"st_mention":55,"en":69,"ne_type":"ETC","keyword":"[항공모함]","e_type":"WIKILINK"},{"kbox_types":["Agent","MilitaryUnit","Organisation"],"st":78,"en_mention":76,"ancestor":"","eIdx":5,"st_mention":68,"en":88,"ne_type":"ORGANIZATION","keyword":"[일본_제국_해군]","e_type":"WIKILINK"},{"kbox_types":["NULL"],"st":94,"en_mention":86,"ancestor":"","eIdx":6,"st_mention":82,"en":100,"ne_type":"ETC","keyword":"[항공모함]","e_type":"WIKILINK"},{"kbox_types":["NULL"],"st":117,"en_mention":107,"ancestor":"","eIdx":7,"st_mention":103,"en":123,"ne_type":"ETC","keyword":"[항공모함]","e_type":"WIKILINK"},{"kbox_types":["Region","PopulatedPlace","AdministrativeRegion","Place","AdministrativeRegion"],"st":132,"en_mention":120,"ancestor":"","eIdx":8,"st_mention":116,"en":138,"ne_type":"LOCATION","keyword":"[나라 현]","e_type":"NEW"},{"kbox_types":["NULL"],"st":143,"en_mention":131,"ancestor":"","eIdx":9,"st_mention":125,"en":151,"ne_type":"ETC","keyword":"[가쓰라기_산]","e_type":"WIKILINK"},{"kbox_types":["NULL"],"st":174,"en_mention":158,"ancestor":"","eIdx":10,"st_mention":154,"en":180,"ne_type":"LOCATION","keyword":"[카츠라기]","e_type":"NEW"}],"wikiPageId":552120,"pIdx":1,"plainText":"가쓰라기(葛城, )는 일본 제국 해군의 항공모함이다. 제2차 세계대전 말기에 양산이 계획된 운류급 항공모함의 3번함으로, 일본 제국 해군이 건조한 항공모함 중(안)에서 마지막에 완성한 항공모함이었다. 함명은 나라 현에 있는 가쓰라기 산(葛城山)을 기념하여 명명되었다. 함명은 카츠라기(스르프)에 이어 2대 째이다.","mentionTagged":"[가쓰라기](葛城, )는 [일본 제국 해군]의 [항공모함]이다. [제2차 세계대전] 말기에 양산이 계획된 운류급 [항공모함]의 3번함으로, [일본 제국 해군]이 건조한 [항공모함] 중(안)에서 마지막에 완성한 [항공모함]이었다. 함명은 [나라 현]에 있는 [가쓰라기 산](葛城山)을 기념하여 명명되었다. 함명은 [카츠라기](스르프)에 이어 2대 째이다."}