{"entityTagged":"<케르만>(, )은 [이란]의 도시로, [케르만_주]의 주도이며 큰 평원에 위치한다. [이란]의 수도 [테헤란]에서 남쪽으로 1,076km 정도 떨어진 곳에 위치하며 인구는 533,799명([2005년] 기준)이다.","globalSId":[1171610,1171611],"entities":[{"kbox_types":["PopulatedPlace","Settlement","PopulatedPlace","City","Place"],"st":0,"en_mention":3,"ancestor":"","eIdx":0,"st_mention":0,"en":5,"ne_type":"LOCATION","keyword":"<케르만>","e_type":"ELU"},{"kbox_types":["Country","PopulatedPlace","PopulatedPlace","Place"],"st":11,"en_mention":11,"ancestor":"","eIdx":1,"st_mention":9,"en":15,"ne_type":"LOCATION","keyword":"[이란]","e_type":"WIKILINK"},{"kbox_types":["PopulatedPlace","Settlement","PopulatedPlace","Place"],"st":22,"en_mention":23,"ancestor":"","eIdx":2,"st_mention":18,"en":29,"ne_type":"LOCATION","keyword":"[케르만_주]","e_type":"WIKILINK"},{"kbox_types":["Country","PopulatedPlace","PopulatedPlace","Place"],"st":48,"en_mention":44,"ancestor":"","eIdx":3,"st_mention":42,"en":52,"ne_type":"LOCATION","keyword":"[이란]","e_type":"WIKILINK"},{"kbox_types":["PopulatedPlace","Place","Settlement","PopulatedPlace","City"],"st":57,"en_mention":52,"ancestor":"","eIdx":4,"st_mention":49,"en":62,"ne_type":"LOCATION","keyword":"[테헤란]","e_type":"WIKILINK"},{"kbox_types":["Year","MusicalWork","TimePeriod","Work","Album"],"st":106,"en_mention":101,"ancestor":"","eIdx":5,"st_mention":96,"en":113,"ne_type":"TIME","keyword":"[2005년]","e_type":"NEW"}],"wikiPageId":180453,"pIdx":1,"plainText":"케르만(, )은 이란의 도시로, 케르만 주의 주도이며 큰 평원에 위치한다. 이란의 수도 테헤란에서 남쪽으로 1,076km 정도 떨어진 곳에 위치하며 인구는 533,799명(2005년 기준)이다.","mentionTagged":"[케르만](, )은 [이란]의 도시로, [케르만 주]의 주도이며 큰 평원에 위치한다. [이란]의 수도 [테헤란]에서 남쪽으로 1,076km 정도 떨어진 곳에 위치하며 인구는 533,799명([2005년] 기준)이다."}