{"entityTagged":"[붉은갈색집박쥐](\"Hypsugo kitcheneri\")는 [애기박쥐과]에 속하는 [박쥐]의 일종이다. [인도네시아]에서 발견되며, [말레이시아]에서도 서식하는 것으로 추정된다.","globalSId":[4004738,4004739],"entities":[{"kbox_types":["NULL"],"st":0,"en_mention":7,"ancestor":"","eIdx":0,"st_mention":0,"en":9,"ne_type":"ETC","keyword":"[붉은갈색집박쥐]","e_type":"NEW"},{"kbox_types":["Animal","Species","TopicalConcept","Taxon","Eukaryote","Mammal"],"st":33,"en_mention":36,"ancestor":"","eIdx":1,"st_mention":31,"en":40,"ne_type":"ETC","keyword":"[애기박쥐과]","e_type":"WIKILINK"},{"kbox_types":["Animal","Species","TopicalConcept","Taxon","Eukaryote","Mammal"],"st":46,"en_mention":44,"ancestor":"","eIdx":2,"st_mention":42,"en":50,"ne_type":"ETC","keyword":"[박쥐]","e_type":"WIKILINK"},{"kbox_types":["Country","PopulatedPlace","PopulatedPlace","Place"],"st":58,"en_mention":57,"ancestor":"","eIdx":3,"st_mention":52,"en":65,"ne_type":"LOCATION","keyword":"[인도네시아]","e_type":"WIKILINK"},{"kbox_types":["Country","PopulatedPlace","Settlement","PopulatedPlace","Place"],"st":74,"en_mention":71,"ancestor":"","eIdx":4,"st_mention":66,"en":81,"ne_type":"LOCATION","keyword":"[말레이시아]","e_type":"WIKILINK"}],"wikiPageId":1772496,"pIdx":1,"plainText":"붉은갈색집박쥐(\"Hypsugo kitcheneri\")는 애기박쥐과에 속하는 박쥐의 일종이다. 인도네시아에서 발견되며, 말레이시아에서도 서식하는 것으로 추정된다.","mentionTagged":"[붉은갈색집박쥐](\"Hypsugo kitcheneri\")는 [애기박쥐과]에 속하는 [박쥐]의 일종이다. [인도네시아]에서 발견되며, [말레이시아]에서도 서식하는 것으로 추정된다."}