{"entityTagged":"《뉴욕》()은 [미국] [뉴욕_주] [뉴욕]의 잡지로, 사회, 문화, 정치 등 사회 전반에 다룬다. 격주로 발행된다. [1968년] [밀턴_글레이저]와 [클레이_펠커]가 〈[더_뉴요커]〉와 대항하기 위해 설립하였으며, [뉴_저널리즘]의 한 언론 매체로 자리매김하였다.","globalSId":[3316318,3316319,3316320],"entities":[{"kbox_types":["Country","PopulatedPlace","PopulatedPlace","Place"],"st":8,"en_mention":10,"ancestor":"","eIdx":0,"st_mention":8,"en":12,"ne_type":"LOCATION","keyword":"[미국]","e_type":"WIKILINK"},{"kbox_types":["Region","PopulatedPlace","AdministrativeRegion","Place","Settlement","AdministrativeRegion"],"st":13,"en_mention":15,"ancestor":"","eIdx":1,"st_mention":11,"en":19,"ne_type":"LOCATION","keyword":"[뉴욕_주]","e_type":"WIKILINK"},{"kbox_types":["PopulatedPlace","Place","Settlement","PopulatedPlace","City"],"st":20,"en_mention":18,"ancestor":"","eIdx":2,"st_mention":16,"en":24,"ne_type":"LOCATION","keyword":"[뉴욕]","e_type":"WIKILINK"},{"kbox_types":["Year","TimePeriod"],"st":66,"en_mention":65,"ancestor":"","eIdx":3,"st_mention":60,"en":73,"ne_type":"TIME","keyword":"[1968년]","e_type":"NEW"},{"kbox_types":["NULL"],"st":74,"en_mention":73,"ancestor":"","eIdx":4,"st_mention":66,"en":83,"ne_type":"ETC","keyword":"[밀턴_글레이저]","e_type":"WIKILINK"},{"kbox_types":["NULL"],"st":85,"en_mention":81,"ancestor":"","eIdx":5,"st_mention":75,"en":93,"ne_type":"ETC","keyword":"[클레이_펠커]","e_type":"WIKILINK"},{"kbox_types":["WrittenWork","Magazine","PeriodicalLiterature","Work"],"st":96,"en_mention":89,"ancestor":"","eIdx":6,"st_mention":84,"en":103,"ne_type":"ETC","keyword":"[더_뉴요커]","e_type":"WIKILINK"},{"kbox_types":["NULL"],"st":122,"en_mention":114,"ancestor":"","eIdx":7,"st_mention":108,"en":130,"ne_type":"ETC","keyword":"[뉴_저널리즘]","e_type":"WIKILINK"}],"wikiPageId":1095306,"pIdx":1,"plainText":"《뉴욕》()은 미국 뉴욕 주 뉴욕의 잡지로, 사회, 문화, 정치 등 사회 전반에 다룬다. 격주로 발행된다. 1968년 밀턴 글레이저와 클레이 펠커가 〈더 뉴요커〉와 대항하기 위해 설립하였으며, 뉴 저널리즘의 한 언론 매체로 자리매김하였다.","mentionTagged":"《뉴욕》()은 [미국] [뉴욕 주] [뉴욕]의 잡지로, 사회, 문화, 정치 등 사회 전반에 다룬다. 격주로 발행된다. [1968년] [밀턴 글레이저]와 [클레이 펠커]가 〈[더 뉴요커]〉와 대항하기 위해 설립하였으며, [뉴 저널리즘]의 한 언론 매체로 자리매김하였다."}