{"entityTagged":"[뒤르비]()는 [벨기에] [왈롱] [뤽상부르_주]에 위치한 도시로 면적은 156.61㎢, 인구는 11,207명([2013년] [1월] [1일] 기준), 인구 밀도는 72명\/㎢이다..","globalSId":[3626009],"entities":[{"kbox_types":["PopulatedPlace","Settlement","PopulatedPlace","Town","Place"],"st":0,"en_mention":3,"ancestor":"","eIdx":0,"st_mention":0,"en":5,"ne_type":"LOCATION","keyword":"[뒤르비]","e_type":"NEW"},{"kbox_types":["Country","PopulatedPlace","Settlement","PopulatedPlace","Place"],"st":9,"en_mention":10,"ancestor":"","eIdx":1,"st_mention":7,"en":14,"ne_type":"LOCATION","keyword":"[벨기에]","e_type":"WIKILINK"},{"kbox_types":["PopulatedPlace","Settlement","PopulatedPlace","Place"],"st":15,"en_mention":13,"ancestor":"","eIdx":2,"st_mention":11,"en":19,"ne_type":"LOCATION","keyword":"[왈롱]","e_type":"WIKILINK"},{"kbox_types":["PopulatedPlace","Settlement","PopulatedPlace","Place"],"st":20,"en_mention":20,"ancestor":"","eIdx":3,"st_mention":14,"en":28,"ne_type":"LOCATION","keyword":"[뤽상부르_주]","e_type":"WIKILINK"},{"kbox_types":["Year","MusicalWork","TimePeriod","Work","Album"],"st":63,"en_mention":60,"ancestor":"","eIdx":4,"st_mention":55,"en":70,"ne_type":"TIME","keyword":"[2013년]","e_type":"NEW"},{"kbox_types":["NULL"],"st":71,"en_mention":63,"ancestor":"","eIdx":5,"st_mention":61,"en":75,"ne_type":"TIME","keyword":"[1월]","e_type":"NEW"},{"kbox_types":["NULL"],"st":76,"en_mention":66,"ancestor":"","eIdx":6,"st_mention":64,"en":80,"ne_type":"TIME","keyword":"[1일]","e_type":"NEW"}],"wikiPageId":1353891,"pIdx":1,"plainText":"뒤르비()는 벨기에 왈롱 뤽상부르 주에 위치한 도시로 면적은 156.61㎢, 인구는 11,207명(2013년 1월 1일 기준), 인구 밀도는 72명\/㎢이다..","mentionTagged":"[뒤르비]()는 [벨기에] [왈롱] [뤽상부르 주]에 위치한 도시로 면적은 156.61㎢, 인구는 11,207명([2013년] [1월] [1일] 기준), 인구 밀도는 72명\/㎢이다.."}