{"entityTagged":"학생시절의 사회운동. [1936년] [스페인]에서 [파시스트] <프란시스코_프랑코>를 주도로 한 내전이 일어났으며([스페인_내전]), 여기서 수많은 사람들이 죽고 아이들이 고아가 되는 참극이 벌어졌다. 16세 때 [베넨슨]은 이 어린이들을 돕는 일을 시작으로 운동가가 되었다. [프랑코군]의 잔인함에 큰 충격을 받은 그는 친구들과 함께 정부군을 지지하는 학생 단체를 설립했으며 고아가 된 정부군의 아이들을 도왔다. 그는 한 아이를 양자로 삼아서 양육비를 보내 주기로 약속했는데, 이것이 그의 첫 번째 정치 활동이었다. 하지만 정부군은 패했고, 양자로 삼았던 아이와도 교류가 끊겼다.","globalSId":[2594278,2594279,2594280,2594281,2594282,2594283],"entities":[{"kbox_types":["Year","TimePeriod"],"st":12,"en_mention":16,"ancestor":"","eIdx":0,"st_mention":11,"en":19,"ne_type":"TIME","keyword":"[1936년]","e_type":"NEW"},{"kbox_types":["Country","PopulatedPlace","Settlement","PopulatedPlace","Place"],"st":20,"en_mention":20,"ancestor":"","eIdx":1,"st_mention":17,"en":25,"ne_type":"LOCATION","keyword":"[스페인]","e_type":"WIKILINK"},{"kbox_types":["NULL"],"st":28,"en_mention":27,"ancestor":"","eIdx":2,"st_mention":23,"en":34,"ne_type":"ETC","keyword":"[파시스트]","e_type":"NEW"},{"kbox_types":["Politician","Agent","Person","OfficeHolder","President"],"st":35,"en_mention":37,"ancestor":"","eIdx":3,"st_mention":28,"en":46,"ne_type":"PERSON","keyword":"<프란시스코_프랑코>","e_type":"ELU"},{"kbox_types":["MilitaryConflict","Event","SocietalEvent"],"st":64,"en_mention":61,"ancestor":"","eIdx":4,"st_mention":55,"en":72,"ne_type":"ETC","keyword":"[스페인_내전]","e_type":"WIKILINK"},{"kbox_types":["NULL"],"st":119,"en_mention":111,"ancestor":"","eIdx":5,"st_mention":108,"en":124,"ne_type":"PERSON","keyword":"[베넨슨]","e_type":"NEW"},{"kbox_types":["NULL"],"st":155,"en_mention":146,"ancestor":"","eIdx":6,"st_mention":142,"en":161,"ne_type":"ORGANIZATION","keyword":"[프랑코군]","e_type":"NEW"}],"wikiPageId":692833,"pIdx":6,"plainText":"학생시절의 사회운동 1936년 스페인에서 파시스트 프란시스코 프랑코를 주도로 한 내전이 일어났으며(스페인 내전), 여기서 수많은 사람들이 죽고 아이들이 고아가 되는 참극이 벌어졌다. 16세 때 베넨슨은 이 어린이들을 돕는 일을 시작으로 운동가가 되었다. 프랑코군의 잔인함에 큰 충격을 받은 그는 친구들과 함께 정부군을 지지하는 학생 단체를 설립했으며 고아가 된 정부군의 아이들을 도왔다. 그는 한 아이를 양자로 삼아서 양육비를 보내 주기로 약속했는데, 이것이 그의 첫 번째 정치 활동이었다. 하지만 정부군은 패했고, 양자로 삼았던 아이와도 교류가 끊겼다.","mentionTagged":"학생시절의 사회운동 [1936년] [스페인]에서 [파시스트] [프란시스코 프랑코]를 주도로 한 내전이 일어났으며([스페인 내전]), 여기서 수많은 사람들이 죽고 아이들이 고아가 되는 참극이 벌어졌다. 16세 때 [베넨슨]은 이 어린이들을 돕는 일을 시작으로 운동가가 되었다. [프랑코군]의 잔인함에 큰 충격을 받은 그는 친구들과 함께 정부군을 지지하는 학생 단체를 설립했으며 고아가 된 정부군의 아이들을 도왔다. 그는 한 아이를 양자로 삼아서 양육비를 보내 주기로 약속했는데, 이것이 그의 첫 번째 정치 활동이었다. 하지만 정부군은 패했고, 양자로 삼았던 아이와도 교류가 끊겼다."}