{"entityTagged":"[When Dream and Day Unite]는 [미국] [프로그레시브_메탈] 밴드 [드림_시어터]의 데뷔앨범이다. 이 앨범의 곡들은 주로 밴드 초창기의 [마제스티] 시절 영향을 많이 받았다. [펜실베이니아] [Gladwyne]에 위치한 [Victory Studio]에서 [1988년] 여름에 녹음되었다. [찰리_도미니시]가 보컬로 합류한 유일한 정규 앨범이고, 이후 [제임스_라브리에]로 보컬이 교체되었다. 이 앨범은 또한 [Falling_Into_Infinity]와 함께 밴드의 로고가 <앨범아트>에 들어가지 않은 유이한 앨범이기도 하다.","globalSId":[1730685,1730686,1730687,1730688,1730689],"entities":[{"kbox_types":["MusicalWork","Work","Album"],"st":0,"en_mention":24,"ancestor":"","eIdx":0,"st_mention":0,"en":26,"ne_type":"ETC","keyword":"[When Dream and Day Unite]","e_type":"NEW"},{"kbox_types":["Country","PopulatedPlace","PopulatedPlace","Place"],"st":28,"en_mention":28,"ancestor":"","eIdx":1,"st_mention":26,"en":32,"ne_type":"LOCATION","keyword":"[미국]","e_type":"WIKILINK"},{"kbox_types":["TopicalConcept","MusicGenre","Genre"],"st":33,"en_mention":38,"ancestor":"","eIdx":2,"st_mention":29,"en":44,"ne_type":"ETC","keyword":"[프로그레시브_메탈]","e_type":"WIKILINK"},{"kbox_types":["Agent","Group","Organisation","Band"],"st":48,"en_mention":48,"ancestor":"","eIdx":3,"st_mention":42,"en":56,"ne_type":"ORGANIZATION","keyword":"[드림_시어터]","e_type":"WIKILINK"},{"kbox_types":["NULL"],"st":87,"en_mention":83,"ancestor":"","eIdx":4,"st_mention":79,"en":93,"ne_type":"ETC","keyword":"[마제스티]","e_type":"WIKILINK"},{"kbox_types":["Place","PopulatedPlace","Settlement"],"st":109,"en_mention":105,"ancestor":"","eIdx":5,"st_mention":99,"en":117,"ne_type":"LOCATION","keyword":"[펜실베이니아]","e_type":"NEW"},{"kbox_types":["NULL"],"st":118,"en_mention":114,"ancestor":"","eIdx":6,"st_mention":106,"en":128,"ne_type":"LOCATION","keyword":"[Gladwyne]","e_type":"NEW"},{"kbox_types":["NULL"],"st":134,"en_mention":134,"ancestor":"","eIdx":7,"st_mention":120,"en":150,"ne_type":"LOCATION","keyword":"[Victory Studio]","e_type":"NEW"},{"kbox_types":["Year","TimePeriod"],"st":153,"en_mention":142,"ancestor":"","eIdx":8,"st_mention":137,"en":160,"ne_type":"TIME","keyword":"[1988년]","e_type":"NEW"},{"kbox_types":["MusicalArtist","Agent","Artist","Person"],"st":172,"en_mention":161,"ancestor":"","eIdx":9,"st_mention":154,"en":181,"ne_type":"PERSON","keyword":"[찰리_도미니시]","e_type":"WIKILINK"},{"kbox_types":["Agent","Person","MusicalArtist","Artist"],"st":207,"en_mention":195,"ancestor":"","eIdx":10,"st_mention":187,"en":217,"ne_type":"PERSON","keyword":"[제임스_라브리에]","e_type":"WIKILINK"},{"kbox_types":["NULL"],"st":239,"en_mention":238,"ancestor":"","eIdx":11,"st_mention":217,"en":262,"ne_type":"ETC","keyword":"[Falling_Into_Infinity]","e_type":"WIKILINK"},{"kbox_types":["NULL"],"st":275,"en_mention":255,"ancestor":"","eIdx":12,"st_mention":251,"en":281,"ne_type":"ETC","keyword":"<앨범아트>","e_type":"ELU"}],"wikiPageId":326685,"pIdx":1,"plainText":"When Dream and Day Unite는 미국 프로그레시브 메탈 밴드 드림 시어터의 데뷔앨범이다. 이 앨범의 곡들은 주로 밴드 초창기의 마제스티 시절 영향을 많이 받았다. 펜실베이니아 Gladwyne에 위치한 Victory Studio에서 1988년 여름에 녹음되었다. 찰리 도미니시가 보컬로 합류한 유일한 정규 앨범이고, 이후 제임스 라브리에로 보컬이 교체되었다. 이 앨범은 또한 Falling Into Infinity와 함께 밴드의 로고가 앨범커버에 들어가지 않은 유이한 앨범이기도 하다.","mentionTagged":"[When Dream and Day Unite]는 [미국] [프로그레시브 메탈] 밴드 [드림 시어터]의 데뷔앨범이다. 이 앨범의 곡들은 주로 밴드 초창기의 [마제스티] 시절 영향을 많이 받았다. [펜실베이니아] [Gladwyne]에 위치한 [Victory Studio]에서 [1988년] 여름에 녹음되었다. [찰리 도미니시]가 보컬로 합류한 유일한 정규 앨범이고, 이후 [제임스 라브리에]로 보컬이 교체되었다. 이 앨범은 또한 [Falling Into Infinity]와 함께 밴드의 로고가 [앨범커버]에 들어가지 않은 유이한 앨범이기도 하다."}