{"entityTagged":"<네롤라>()는 [이탈리아] [라치오_주] [로마_현]에 위치한 <코무네>다.","globalSId":[3235030],"entities":[{"kbox_types":["PopulatedPlace","Place","Settlement","PopulatedPlace"],"st":0,"en_mention":3,"ancestor":"","eIdx":0,"st_mention":0,"en":5,"ne_type":"LOCATION","keyword":"<네롤라>","e_type":"ELU"},{"kbox_types":["Country","PopulatedPlace","Settlement","PopulatedPlace","Place"],"st":9,"en_mention":11,"ancestor":"","eIdx":1,"st_mention":7,"en":15,"ne_type":"LOCATION","keyword":"[이탈리아]","e_type":"WIKILINK"},{"kbox_types":["Region","PopulatedPlace","AdministrativeRegion","Place","Settlement","AdministrativeRegion"],"st":16,"en_mention":17,"ancestor":"","eIdx":2,"st_mention":12,"en":23,"ne_type":"LOCATION","keyword":"[라치오_주]","e_type":"WIKILINK"},{"kbox_types":["PopulatedPlace","Settlement","PopulatedPlace","Place"],"st":24,"en_mention":22,"ancestor":"","eIdx":3,"st_mention":18,"en":30,"ne_type":"LOCATION","keyword":"[로마_현]","e_type":"WIKILINK"},{"kbox_types":["NULL"],"st":36,"en_mention":31,"ancestor":"","eIdx":4,"st_mention":28,"en":41,"ne_type":"ETC","keyword":"<코무네>","e_type":"ELU"}],"wikiPageId":1035863,"pIdx":1,"plainText":"네롤라()는 이탈리아 라치오 주 로마 현에 위치한 코무네다.","mentionTagged":"[네롤라]()는 [이탈리아] [라치오 주] [로마 현]에 위치한 [코무네]다."}