{"entityTagged":"《[파라파_더_래퍼]》는 [1996년] [플레이스테이션]에서 데뷔하면서 [일본]에서 [뮤직_비디오_게임]을 대중화시켰다. 《[비트매니아]》, 《[댄스_댄스_레볼루션]》과 같은 차기 뮤직·댄스 게임들이 [일본] 오락실이라면 어디서든 볼 수 있는 명소가 되었다. 《[파라파]》, 《[DDR]》 및 그 밖의 게임들이 <북아메리카>에 선보이자 여러 추종자들이 생겨났고, 음악 게임들은 《[기타_히어로]》와 같은 타이틀이 나오기 전까지는 시장에서 폭넓은 고객층을 확보할 수 없었다. 또, [1996년]에 [캡콤]은 최초의 서바이벌 호러 게임으로 알려진 《[레지던트_이블]》을 출시했다. 200만 이상의 사본을 판매했을 만큼 대단한 성공을 거두었으며 [플레이스테이션]의 최고의 게임들 가운데 하나로 간주된다.","globalSId":[3846092,3846093,3846094,3846095,3846096],"entities":[{"kbox_types":["VideoGame","Software","Work"],"st":1,"en_mention":9,"ancestor":"","eIdx":0,"st_mention":1,"en":11,"ne_type":"ETC","keyword":"[파라파_더_래퍼]","e_type":"WIKILINK"},{"kbox_types":["Year","TimePeriod"],"st":14,"en_mention":17,"ancestor":"","eIdx":1,"st_mention":12,"en":21,"ne_type":"TIME","keyword":"[1996년]","e_type":"NEW"},{"kbox_types":["Company","Device","Agent","InformationAppliance","Organisation"],"st":22,"en_mention":25,"ancestor":"","eIdx":2,"st_mention":18,"en":31,"ne_type":"ORGANIZATION","keyword":"[플레이스테이션]","e_type":"WIKILINK"},{"kbox_types":["Country","PopulatedPlace","PopulatedPlace","Place"],"st":40,"en_mention":36,"ancestor":"","eIdx":3,"st_mention":34,"en":44,"ne_type":"LOCATION","keyword":"[일본]","e_type":"NEW"},{"kbox_types":["NULL"],"st":47,"en_mention":48,"ancestor":"","eIdx":4,"st_mention":39,"en":58,"ne_type":"ETC","keyword":"[뮤직_비디오_게임]","e_type":"WIKILINK"},{"kbox_types":["NULL"],"st":69,"en_mention":64,"ancestor":"","eIdx":5,"st_mention":59,"en":76,"ne_type":"ETC","keyword":"[비트매니아]","e_type":"WIKILINK"},{"kbox_types":["VideoGame","Work","Software"],"st":80,"en_mention":78,"ancestor":"","eIdx":6,"st_mention":68,"en":92,"ne_type":"ETC","keyword":"[댄스_댄스_레볼루션]","e_type":"WIKILINK"},{"kbox_types":["Country","PopulatedPlace","PopulatedPlace","Place"],"st":112,"en_mention":100,"ancestor":"","eIdx":7,"st_mention":98,"en":116,"ne_type":"ORGANIZATION","keyword":"[일본]","e_type":"NEW"},{"kbox_types":["NULL"],"st":146,"en_mention":133,"ancestor":"","eIdx":8,"st_mention":130,"en":151,"ne_type":"ETC","keyword":"[파라파]","e_type":"NEW"},{"kbox_types":["NULL"],"st":155,"en_mention":140,"ancestor":"","eIdx":9,"st_mention":137,"en":160,"ne_type":"ETC","keyword":"[DDR]","e_type":"NEW"},{"kbox_types":["PopulatedPlace","Place","Settlement","PopulatedPlace","Continent"],"st":174,"en_mention":159,"ancestor":"","eIdx":10,"st_mention":154,"en":181,"ne_type":"LOCATION","keyword":"<북아메리카>","e_type":"ELU"},{"kbox_types":["NULL"],"st":212,"en_mention":196,"ancestor":"","eIdx":11,"st_mention":190,"en":220,"ne_type":"ETC","keyword":"[기타_히어로]","e_type":"WIKILINK"},{"kbox_types":["Year","TimePeriod"],"st":268,"en_mention":249,"ancestor":"","eIdx":12,"st_mention":244,"en":275,"ne_type":"TIME","keyword":"[1996년]","e_type":"NEW"},{"kbox_types":["Company","Agent","Organisation"],"st":277,"en_mention":253,"ancestor":"","eIdx":13,"st_mention":251,"en":281,"ne_type":"ORGANIZATION","keyword":"[캡콤]","e_type":"WIKILINK"},{"kbox_types":["NULL"],"st":305,"en_mention":284,"ancestor":"","eIdx":14,"st_mention":277,"en":314,"ne_type":"ETC","keyword":"[레지던트_이블]","e_type":"WIKILINK"},{"kbox_types":["Company","Device","Agent","InformationAppliance","Organisation"],"st":358,"en_mention":335,"ancestor":"","eIdx":15,"st_mention":328,"en":367,"ne_type":"ORGANIZATION","keyword":"[플레이스테이션]","e_type":"NEW"}],"wikiPageId":1623985,"pIdx":93,"plainText":"《파라파 더 래퍼》는 1996년 플레이스테이션에서 데뷔하면서 일본에서 뮤직 비디오 게임을 대중화시켰다. 《비트매니아》, 《댄스 댄스 레볼루션》과 같은 차기 뮤직·댄스 게임들이 일본 오락실이라면 어디서든 볼 수 있는 명소가 되었다. 《파라파》, 《DDR》 및 그 밖의 게임들이 북아메리카에 선보이자 여러 추종자들이 생겨났고, 음악 게임들은 《기타 히어로》와 같은 타이틀이 나오기 전까지는 시장에서 폭넓은 고객층을 확보할 수 없었다. 또, 1996년에 캡콤은 최초의 서바이벌 호러 게임으로 알려진 《레지던트 이블》을 출시했다. 200만 이상의 사본을 판매했을 만큼 대단한 성공을 거두었으며 플레이스테이션의 최고의 게임들 가운데 하나로 간주된다.","mentionTagged":"《[파라파 더 래퍼]》는 [1996년] [플레이스테이션]에서 데뷔하면서 [일본]에서 [뮤직 비디오 게임]을 대중화시켰다. 《[비트매니아]》, 《[댄스 댄스 레볼루션]》과 같은 차기 뮤직·댄스 게임들이 [일본] 오락실이라면 어디서든 볼 수 있는 명소가 되었다. 《[파라파]》, 《[DDR]》 및 그 밖의 게임들이 [북아메리카]에 선보이자 여러 추종자들이 생겨났고, 음악 게임들은 《[기타 히어로]》와 같은 타이틀이 나오기 전까지는 시장에서 폭넓은 고객층을 확보할 수 없었다. 또, [1996년]에 [캡콤]은 최초의 서바이벌 호러 게임으로 알려진 《[레지던트 이블]》을 출시했다. 200만 이상의 사본을 판매했을 만큼 대단한 성공을 거두었으며 [플레이스테이션]의 최고의 게임들 가운데 하나로 간주된다."}