{"entityTagged":"[솔새속](\\\"Phylloscopus\\\")은 [참새목] [솔새과]에 속하는 [새] 속의 하나이다. <솔새과>를 이루는 대부분의 조류로 이전에는 [휘파람새과]에 포함시켰지만, [2006년] 이후 별도의 <솔새과>로 분류하고 있다.","globalSId":[3359706,3359707],"entities":[{"kbox_types":["NULL"],"st":0,"en_mention":3,"ancestor":"","eIdx":0,"st_mention":0,"en":5,"ne_type":"ETC","keyword":"[솔새속]","e_type":"NEW"},{"kbox_types":["Animal","Species","TopicalConcept","Taxon","Eukaryote"],"st":25,"en_mention":24,"ancestor":"","eIdx":1,"st_mention":21,"en":30,"ne_type":"ETC","keyword":"[참새목]","e_type":"WIKILINK"},{"kbox_types":["Animal","Species","TopicalConcept","Taxon","Eukaryote","Bird"],"st":31,"en_mention":28,"ancestor":"","eIdx":2,"st_mention":25,"en":36,"ne_type":"ETC","keyword":"[솔새과]","e_type":"WIKILINK"},{"kbox_types":["Animal","Species","TopicalConcept","Taxon","Eukaryote"],"st":42,"en_mention":36,"ancestor":"","eIdx":3,"st_mention":34,"en":45,"ne_type":"ETC","keyword":"[새]","e_type":"WIKILINK"},{"kbox_types":["Animal","Species","TopicalConcept","Taxon","Eukaryote","Bird"],"st":55,"en_mention":49,"ancestor":"","eIdx":4,"st_mention":46,"en":60,"ne_type":"ETC","keyword":"<솔새과>","e_type":"ELU"},{"kbox_types":["Animal","Species","TopicalConcept","Taxon","Eukaryote","Bird"],"st":80,"en_mention":74,"ancestor":"","eIdx":5,"st_mention":69,"en":87,"ne_type":"ETC","keyword":"[휘파람새과]","e_type":"WIKILINK"},{"kbox_types":["Year","TimePeriod"],"st":97,"en_mention":89,"ancestor":"","eIdx":6,"st_mention":84,"en":104,"ne_type":"TIME","keyword":"[2006년]","e_type":"NEW"},{"kbox_types":["Animal","Species","TopicalConcept","Taxon","Eukaryote","Bird"],"st":112,"en_mention":100,"ancestor":"","eIdx":7,"st_mention":97,"en":117,"ne_type":"ETC","keyword":"<솔새과>","e_type":"ELU"}],"wikiPageId":1118206,"pIdx":1,"plainText":"솔새속(\"Phylloscopus\")은 참새목 솔새과에 속하는 조류 속의 하나이다. 솔새과를 이루는 대부분의 조류로 이전에는 휘파람새과에 포함시켰지만, 2006년 이후 별도의 솔새과로 분류하고 있다.","mentionTagged":"[솔새속](\"Phylloscopus\")은 [참새목] [솔새과]에 속하는 [조류] 속의 하나이다. [솔새과]를 이루는 대부분의 조류로 이전에는 [휘파람새과]에 포함시켰지만, [2006년] 이후 별도의 [솔새과]로 분류하고 있다."}