{"entityTagged":"[대한민국] 학자들은 '[제주 여성 신화]'의 원형을 발굴하는 작업 등을 통하여 <대한민국> <여신학>의 흐름을 새롭게 만들어 갔다. 여성학자 [김신명숙]은 [서울대학교] 여성학 협동과정에서 처음 배출한 박사학위 취득자 3명 가운데 한 명으로서, <대한민국> 내에서는 처음으로 '<여신학>'으로 박사학위('서구 여신담론과 관음여신의 대안 가능성')를 받았고, <여신학>을 여성운동 현장에 새롭게 접목하고자 하였다.","globalSId":[3212935,3212936],"entities":[{"kbox_types":["Country","PopulatedPlace","PopulatedPlace","Place"],"st":0,"en_mention":4,"ancestor":"","eIdx":0,"st_mention":0,"en":6,"ne_type":"LOCATION","keyword":"[대한민국]","e_type":"WIKILINK"},{"kbox_types":["NULL"],"st":13,"en_mention":19,"ancestor":"","eIdx":1,"st_mention":11,"en":23,"ne_type":"ETC","keyword":"[제주 여성 신화]","e_type":"NEW"},{"kbox_types":["Country","PopulatedPlace","PopulatedPlace","Place"],"st":45,"en_mention":45,"ancestor":"","eIdx":2,"st_mention":41,"en":51,"ne_type":"LOCATION","keyword":"<대한민국>","e_type":"ELU"},{"kbox_types":["NULL"],"st":52,"en_mention":49,"ancestor":"","eIdx":3,"st_mention":46,"en":57,"ne_type":"ETC","keyword":"<여신학>","e_type":"ELU"},{"kbox_types":["Agent","Person"],"st":80,"en_mention":76,"ancestor":"","eIdx":4,"st_mention":72,"en":86,"ne_type":"PERSON","keyword":"[김신명숙]","e_type":"WIKILINK"},{"kbox_types":["University","Agent","EducationalInstitution","Organisation"],"st":88,"en_mention":83,"ancestor":"","eIdx":5,"st_mention":78,"en":95,"ne_type":"ORGANIZATION","keyword":"[서울대학교]","e_type":"WIKILINK"},{"kbox_types":["Country","PopulatedPlace","PopulatedPlace","Place"],"st":138,"en_mention":130,"ancestor":"","eIdx":6,"st_mention":126,"en":144,"ne_type":"LOCATION","keyword":"<대한민국>","e_type":"ELU"},{"kbox_types":["NULL"],"st":156,"en_mention":145,"ancestor":"","eIdx":7,"st_mention":142,"en":161,"ne_type":"ETC","keyword":"<여신학>","e_type":"ELU"},{"kbox_types":["NULL"],"st":201,"en_mention":188,"ancestor":"","eIdx":8,"st_mention":185,"en":206,"ne_type":"ETC","keyword":"<여신학>","e_type":"ELU"}],"wikiPageId":1023228,"pIdx":4,"plainText":"대한민국 학자들은 '제주 여성 신화'의 원형을 발굴하는 작업 등을 통하여 대한민국 여신학의 흐름을 새롭게 만들어 갔다. 여성학자 김신명숙은 서울대학교 여성학 협동과정에서 처음 배출한 박사학위 취득자 3명 가운데 한 명으로서, 대한민국 내에서는 처음으로 '여신학'으로 박사학위('서구 여신담론과 관음여신의 대안 가능성')를 받았고, 여신학을 여성운동 현장에 새롭게 접목하고자 하였다.","mentionTagged":"[대한민국] 학자들은 '[제주 여성 신화]'의 원형을 발굴하는 작업 등을 통하여 [대한민국] [여신학]의 흐름을 새롭게 만들어 갔다. 여성학자 [김신명숙]은 [서울대학교] 여성학 협동과정에서 처음 배출한 박사학위 취득자 3명 가운데 한 명으로서, [대한민국] 내에서는 처음으로 '[여신학]'으로 박사학위('서구 여신담론과 관음여신의 대안 가능성')를 받았고, [여신학]을 여성운동 현장에 새롭게 접목하고자 하였다."}