{"entityTagged":"[마일스 크리스토퍼 뎀프시](1896.12.15 \u2013 [1969.6.5]) 경은 <영국군>의 중요 장교로써 [제2차_세계_대전]의 [노르망디_상륙]과 이후의 [서부_전선_(제2차_세계_대전)]에서 [영국] 제2군을 맡았던 인물이다..","globalSId":[3596543],"entities":[{"kbox_types":["NULL"],"st":0,"en_mention":13,"ancestor":"","eIdx":0,"st_mention":0,"en":15,"ne_type":"PERSON","keyword":"[마일스 크리스토퍼 뎀프시]","e_type":"NEW"},{"kbox_types":["NULL"],"st":29,"en_mention":35,"ancestor":"","eIdx":1,"st_mention":27,"en":39,"ne_type":"TIME","keyword":"[1969.6.5]","e_type":"NEW"},{"kbox_types":["Agent","MilitaryUnit","Organisation"],"st":44,"en_mention":43,"ancestor":"","eIdx":2,"st_mention":40,"en":49,"ne_type":"ORGANIZATION","keyword":"<영국군>","e_type":"ELU"},{"kbox_types":["MilitaryConflict","Event","SocietalEvent"],"st":59,"en_mention":62,"ancestor":"","eIdx":3,"st_mention":53,"en":70,"ne_type":"ETC","keyword":"[제2차_세계_대전]","e_type":"WIKILINK"},{"kbox_types":["MilitaryConflict","Event","SocietalEvent"],"st":72,"en_mention":71,"ancestor":"","eIdx":4,"st_mention":64,"en":81,"ne_type":"ETC","keyword":"[노르망디_상륙]","e_type":"WIKILINK"},{"kbox_types":["MilitaryConflict","Event","SocietalEvent"],"st":87,"en_mention":82,"ancestor":"","eIdx":5,"st_mention":77,"en":106,"ne_type":"ETC","keyword":"[서부_전선_(제2차_세계_대전)]","e_type":"WIKILINK"},{"kbox_types":["Country","PopulatedPlace","PopulatedPlace","Place"],"st":109,"en_mention":87,"ancestor":"","eIdx":6,"st_mention":85,"en":113,"ne_type":"LOCATION","keyword":"[영국]","e_type":"NEW"}],"wikiPageId":1329892,"pIdx":1,"plainText":"마일스 크리스토퍼 뎀프시(1896.12.15 \u2013 1969.6.5) 경은 영국군의 중요 장교로써 제2차 세계 대전의 노르망디 상륙과 이후의 서부 전선에서 영국 제2군을 맡았던 인물이다..","mentionTagged":"[마일스 크리스토퍼 뎀프시](1896.12.15 \u2013 [1969.6.5]) 경은 [영국군]의 중요 장교로써 [제2차 세계 대전]의 [노르망디 상륙]과 이후의 [서부 전선]에서 [영국] 제2군을 맡았던 인물이다.."}