{"entityTagged":"[공작](孔雀)은 [꿩과] [공작속]에 속하는 [새] [종_(생물학)]과 [아프리카공작속]에 속하는 새 한 종을 두루 일컫는 말이다.[소공작]은 엄밀히 말해 공작은 아니다..","globalSId":[687904],"entities":[{"kbox_types":["NULL"],"st":0,"en_mention":2,"ancestor":"","eIdx":0,"st_mention":0,"en":4,"ne_type":"ETC","keyword":"[공작]","e_type":"NEW"},{"kbox_types":["Animal","Species","TopicalConcept","Taxon","Eukaryote"],"st":10,"en_mention":10,"ancestor":"","eIdx":1,"st_mention":8,"en":14,"ne_type":"ETC","keyword":"[꿩과]","e_type":"WIKILINK"},{"kbox_types":["Animal","Species","TopicalConcept","Taxon","Eukaryote","Bird"],"st":15,"en_mention":14,"ancestor":"","eIdx":2,"st_mention":11,"en":20,"ne_type":"ETC","keyword":"[공작속]","e_type":"WIKILINK"},{"kbox_types":["Animal","Species","TopicalConcept","Taxon","Eukaryote"],"st":26,"en_mention":21,"ancestor":"","eIdx":3,"st_mention":20,"en":29,"ne_type":"ETC","keyword":"[새]","e_type":"WIKILINK"},{"kbox_types":["NULL"],"st":30,"en_mention":25,"ancestor":"","eIdx":4,"st_mention":22,"en":39,"ne_type":"ETC","keyword":"[종_(생물학)]","e_type":"WIKILINK"},{"kbox_types":["NULL"],"st":41,"en_mention":34,"ancestor":"","eIdx":5,"st_mention":27,"en":50,"ne_type":"ETC","keyword":"[아프리카공작속]","e_type":"WIKILINK"},{"kbox_types":["Animal","Species","TopicalConcept","Taxon","Eukaryote","Bird"],"st":74,"en_mention":61,"ancestor":"","eIdx":6,"st_mention":58,"en":79,"ne_type":"ETC","keyword":"[소공작]","e_type":"WIKILINK"}],"wikiPageId":88479,"pIdx":1,"plainText":"공작(孔雀)은 꿩과 공작속에 속하는 새 두 종과 아프리카공작속에 속하는 새 한 종을 두루 일컫는 말이다.소공작은 엄밀히 말해 공작은 아니다..","mentionTagged":"[공작](孔雀)은 [꿩과] [공작속]에 속하는 [새] [두 종]과 [아프리카공작속]에 속하는 새 한 종을 두루 일컫는 말이다.[소공작]은 엄밀히 말해 공작은 아니다.."}