{"entityTagged":"[세헤지 역]()은 [일본] [아오모리_현] [히가시쓰가루_군] [요모기타_촌]에 위치한 [동일본_여객철도] [쓰가루_선]의 [철도역]이다. [단선_승강장] 1면 1선의 구조를 갖춘 지상역이다.","globalSId":[3959556,3959557],"entities":[{"kbox_types":["NULL"],"st":0,"en_mention":5,"ancestor":"","eIdx":0,"st_mention":0,"en":7,"ne_type":"LOCATION","keyword":"[세헤지 역]","e_type":"NEW"},{"kbox_types":["Country","PopulatedPlace","PopulatedPlace","Place"],"st":11,"en_mention":11,"ancestor":"","eIdx":1,"st_mention":9,"en":15,"ne_type":"LOCATION","keyword":"[일본]","e_type":"WIKILINK"},{"kbox_types":["Region","PopulatedPlace","AdministrativeRegion","Place","AdministrativeRegion"],"st":16,"en_mention":18,"ancestor":"","eIdx":2,"st_mention":12,"en":24,"ne_type":"LOCATION","keyword":"[아오모리_현]","e_type":"WIKILINK"},{"kbox_types":["NULL"],"st":25,"en_mention":27,"ancestor":"","eIdx":3,"st_mention":19,"en":35,"ne_type":"ETC","keyword":"[히가시쓰가루_군]","e_type":"WIKILINK"},{"kbox_types":["Village","PopulatedPlace","Settlement","PopulatedPlace","Place"],"st":36,"en_mention":34,"ancestor":"","eIdx":4,"st_mention":28,"en":44,"ne_type":"LOCATION","keyword":"[요모기타_촌]","e_type":"WIKILINK"},{"kbox_types":["Agent","Organisation","Company"],"st":50,"en_mention":48,"ancestor":"","eIdx":5,"st_mention":40,"en":60,"ne_type":"ORGANIZATION","keyword":"[동일본_여객철도]","e_type":"WIKILINK"},{"kbox_types":["ArchitecturalStructure","Place","RailwayLine","Place","RouteOfTransportation","Infrastructure"],"st":61,"en_mention":54,"ancestor":"","eIdx":6,"st_mention":49,"en":68,"ne_type":"LOCATION","keyword":"[쓰가루_선]","e_type":"WIKILINK"},{"kbox_types":["NULL"],"st":70,"en_mention":59,"ancestor":"","eIdx":7,"st_mention":56,"en":75,"ne_type":"ETC","keyword":"[철도역]","e_type":"WIKILINK"},{"kbox_types":["NULL"],"st":79,"en_mention":69,"ancestor":"","eIdx":8,"st_mention":63,"en":87,"ne_type":"ETC","keyword":"[단선_승강장]","e_type":"WIKILINK"}],"wikiPageId":1744777,"pIdx":1,"plainText":"세헤지 역()은 일본 아오모리 현 히가시쓰가루 군 요모기타 촌에 위치한 동일본 여객철도 쓰가루 선의 철도역이다. 단선 승강장 1면 1선의 구조를 갖춘 지상역이다.","mentionTagged":"[세헤지 역]()은 [일본] [아오모리 현] [히가시쓰가루 군] [요모기타 촌]에 위치한 [동일본 여객철도] [쓰가루 선]의 [철도역]이다. [단선 승강장] 1면 1선의 구조를 갖춘 지상역이다."}