{"entityTagged":"<동명성왕>(東明聖王) 또는 [추모왕](鄒牟王, [기원전_58년] ~ [기원전_19년] [음력_9월])은 [고구려]의 개국 시조이다. 재위: [기원전_37년] ~ [기원전_19년])이다. 《국사》(國史) <삼국사기>를 인용한 《[삼국유사]》 및 《[삼국사기]》에는 본래이 성은 [해씨](解)였다가 건국후 [고씨](高)로 고쳤다, [휘]가 [주몽](朱蒙)이라 하였다. 또한, 《<삼국사기>》 등에는 [추모(鄒牟)·중모(中牟)·중해(衆解)·상해(象解)·도모(都牟)·도모](都慕)라는 이름도 전하고 있다. [부여]의 건국자인 [동명왕]과 [주몽]은 별개 인물로 보는 것이 일반적이다. [부여]의 [금와왕] 재위 시 <금와왕>의 아들 [대소]에 의해 핍박받던 [주몽]은 박해를 피해 남으로 내려와 [고구려]를 건국하였다.","globalSId":[144473,144474,144475,144476,144477,144478],"entities":[{"kbox_types":["Monarch","Agent","Person"],"st":0,"en_mention":4,"ancestor":"","eIdx":0,"st_mention":0,"en":6,"ne_type":"PERSON","keyword":"<동명성왕>","e_type":"ELU"},{"kbox_types":["NULL"],"st":16,"en_mention":17,"ancestor":"","eIdx":1,"st_mention":14,"en":21,"ne_type":"PERSON","keyword":"[추모왕]","e_type":"NEW"},{"kbox_types":["NULL"],"st":27,"en_mention":30,"ancestor":"","eIdx":2,"st_mention":23,"en":36,"ne_type":"ETC","keyword":"[기원전_58년]","e_type":"WIKILINK"},{"kbox_types":["NULL"],"st":39,"en_mention":40,"ancestor":"","eIdx":3,"st_mention":33,"en":48,"ne_type":"ETC","keyword":"[기원전_19년]","e_type":"WIKILINK"},{"kbox_types":["NULL"],"st":49,"en_mention":46,"ancestor":"","eIdx":4,"st_mention":41,"en":56,"ne_type":"ETC","keyword":"[음력_9월]","e_type":"WIKILINK"},{"kbox_types":["Country","PopulatedPlace","PopulatedPlace","Place"],"st":59,"en_mention":52,"ancestor":"","eIdx":5,"st_mention":49,"en":64,"ne_type":"LOCATION","keyword":"[고구려]","e_type":"WIKILINK"},{"kbox_types":["NULL"],"st":79,"en_mention":74,"ancestor":"","eIdx":6,"st_mention":67,"en":88,"ne_type":"ETC","keyword":"[기원전_37년]","e_type":"WIKILINK"},{"kbox_types":["NULL"],"st":91,"en_mention":84,"ancestor":"","eIdx":7,"st_mention":77,"en":100,"ne_type":"ETC","keyword":"[기원전_19년]","e_type":"WIKILINK"},{"kbox_types":["WrittenWork","Book","Work"],"st":114,"en_mention":103,"ancestor":"","eIdx":8,"st_mention":98,"en":120,"ne_type":"ETC","keyword":"<삼국사기>","e_type":"ELU"},{"kbox_types":["NULL"],"st":127,"en_mention":114,"ancestor":"","eIdx":9,"st_mention":110,"en":133,"ne_type":"ETC","keyword":"[삼국유사]","e_type":"WIKILINK"},{"kbox_types":["WrittenWork","Book","Work"],"st":138,"en_mention":123,"ancestor":"","eIdx":10,"st_mention":119,"en":144,"ne_type":"ETC","keyword":"[삼국사기]","e_type":"WIKILINK"},{"kbox_types":["NULL"],"st":155,"en_mention":135,"ancestor":"","eIdx":11,"st_mention":134,"en":159,"ne_type":"ETC","keyword":"[해씨]","e_type":"WIKILINK"},{"kbox_types":["NULL"],"st":170,"en_mention":147,"ancestor":"","eIdx":12,"st_mention":146,"en":174,"ne_type":"ETC","keyword":"[고씨]","e_type":"WIKILINK"},{"kbox_types":["NULL"],"st":184,"en_mention":158,"ancestor":"","eIdx":13,"st_mention":157,"en":187,"ne_type":"ETC","keyword":"[휘]","e_type":"WIKILINK"},{"kbox_types":["NULL"],"st":189,"en_mention":162,"ancestor":"","eIdx":14,"st_mention":160,"en":193,"ne_type":"PERSON","keyword":"[주몽]","e_type":"NEW"},{"kbox_types":["WrittenWork","Book","Work"],"st":210,"en_mention":183,"ancestor":"","eIdx":15,"st_mention":179,"en":216,"ne_type":"ETC","keyword":"<삼국사기>","e_type":"ELU"},{"kbox_types":["NULL"],"st":222,"en_mention":226,"ancestor":"","eIdx":16,"st_mention":189,"en":261,"ne_type":"PERSON","keyword":"[추모(鄒牟)·중모(中牟)·중해(衆解)·상해(象解)·도모(都牟)·도모]","e_type":"NEW"},{"kbox_types":["Country","PopulatedPlace","Place"],"st":280,"en_mention":247,"ancestor":"","eIdx":17,"st_mention":245,"en":284,"ne_type":"LOCATION","keyword":"[부여]","e_type":"WIKILINK"},{"kbox_types":["Agent","Person"],"st":291,"en_mention":256,"ancestor":"","eIdx":18,"st_mention":254,"en":296,"ne_type":"PERSON","keyword":"[동명왕]","e_type":"WIKILINK"},{"kbox_types":["NULL"],"st":298,"en_mention":260,"ancestor":"","eIdx":19,"st_mention":258,"en":302,"ne_type":"PERSON","keyword":"[주몽]","e_type":"NEW"},{"kbox_types":["Country","PopulatedPlace","Place"],"st":324,"en_mention":284,"ancestor":"","eIdx":20,"st_mention":282,"en":328,"ne_type":"ORGANIZATION","keyword":"[부여]","e_type":"NEW"},{"kbox_types":["Monarch","Agent","Person"],"st":330,"en_mention":289,"ancestor":"","eIdx":21,"st_mention":286,"en":335,"ne_type":"PERSON","keyword":"[금와왕]","e_type":"WIKILINK"},{"kbox_types":["Monarch","Agent","Person"],"st":341,"en_mention":298,"ancestor":"","eIdx":22,"st_mention":295,"en":346,"ne_type":"PERSON","keyword":"<금와왕>","e_type":"ELU"},{"kbox_types":["NULL"],"st":351,"en_mention":305,"ancestor":"","eIdx":23,"st_mention":303,"en":355,"ne_type":"ETC","keyword":"[대소]","e_type":"WIKILINK"},{"kbox_types":["NULL"],"st":365,"en_mention":317,"ancestor":"","eIdx":24,"st_mention":315,"en":369,"ne_type":"PERSON","keyword":"[주몽]","e_type":"NEW"},{"kbox_types":["Country","PopulatedPlace","PopulatedPlace","Place"],"st":386,"en_mention":337,"ancestor":"","eIdx":25,"st_mention":334,"en":391,"ne_type":"LOCATION","keyword":"[고구려]","e_type":"WIKILINK"}],"wikiPageId":9323,"pIdx":1,"plainText":"동명성왕(東明聖王) 또는 추모왕(鄒牟王, 기원전 58년 ~ 기원전 19년 음력 9월)은 고구려의 개국 시조이다. 재위: 기원전 37년 ~ 기원전 19년)이다. 《국사》(國史) 고구려본기를 인용한 《삼국유사》 및 《삼국사기》에는 본래이 성은 해(解)였다가 건국후 고(高)로 고쳤다, 휘가 주몽(朱蒙)이라 하였다. 또한, 《삼국사기》 등에는 추모(鄒牟)·중모(中牟)·중해(衆解)·상해(象解)·도모(都牟)·도모(都慕)라는 이름도 전하고 있다. 부여의 건국자인 동명과 주몽은 별개 인물로 보는 것이 일반적이다. 부여의 금와왕 재위 시 금와왕의 아들 대소에 의해 핍박받던 주몽은 박해를 피해 남으로 내려와 고구려를 건국하였다.","mentionTagged":"[동명성왕](東明聖王) 또는 [추모왕](鄒牟王, [기원전 58년] ~ [기원전 19년] [음력 9월])은 [고구려]의 개국 시조이다. 재위: [기원전 37년] ~ [기원전 19년])이다. 《국사》(國史) [고구려본기]를 인용한 《[삼국유사]》 및 《[삼국사기]》에는 본래이 성은 [해](解)였다가 건국후 [고](高)로 고쳤다, [휘]가 [주몽](朱蒙)이라 하였다. 또한, 《[삼국사기]》 등에는 [추모(鄒牟)·중모(中牟)·중해(衆解)·상해(象解)·도모(都牟)·도모](都慕)라는 이름도 전하고 있다. [부여]의 건국자인 [동명]과 [주몽]은 별개 인물로 보는 것이 일반적이다. [부여]의 [금와왕] 재위 시 [금와왕]의 아들 [대소]에 의해 핍박받던 [주몽]은 박해를 피해 남으로 내려와 [고구려]를 건국하였다."}