{"entityTagged":"<모스쿠포>()는 [이탈리아] [아브루초_주] [페스카라_현]에 위치한 코무네다.","globalSId":[3287739],"entities":[{"kbox_types":["PopulatedPlace","Place","Settlement","PopulatedPlace"],"st":0,"en_mention":4,"ancestor":"","eIdx":0,"st_mention":0,"en":6,"ne_type":"LOCATION","keyword":"<모스쿠포>","e_type":"ELU"},{"kbox_types":["Country","PopulatedPlace","Settlement","PopulatedPlace","Place"],"st":10,"en_mention":12,"ancestor":"","eIdx":1,"st_mention":8,"en":16,"ne_type":"LOCATION","keyword":"[이탈리아]","e_type":"WIKILINK"},{"kbox_types":["Region","PopulatedPlace","AdministrativeRegion","Place","AdministrativeRegion"],"st":17,"en_mention":19,"ancestor":"","eIdx":2,"st_mention":13,"en":25,"ne_type":"LOCATION","keyword":"[아브루초_주]","e_type":"WIKILINK"},{"kbox_types":["PopulatedPlace","Settlement","PopulatedPlace","Place"],"st":26,"en_mention":26,"ancestor":"","eIdx":3,"st_mention":20,"en":34,"ne_type":"LOCATION","keyword":"[페스카라_현]","e_type":"WIKILINK"}],"wikiPageId":1076627,"pIdx":1,"plainText":"모스쿠포()는 이탈리아 아브루초 주 페스카라 현에 위치한 코무네다.","mentionTagged":"[모스쿠포]()는 [이탈리아] [아브루초 주] [페스카라 현]에 위치한 [코무네]다."}