{"entityTagged":"[프랫]은 [2009년]에 공개된 《》의 주인공 [제임스 T. 커크] 역, 《<아바타>》의 주인공 [제이크 설리] 역, 《》의 주인공 [듀크] 역할에 오디션을 보았지만 캐스팅되지 않았다. 나중에 [프랫]은 캐스팅되지 않은 것에 대해 \u201C그 때 오디션을 받다가 중간 쯤에 감독을 보니 눈에 지루한 기색이 역력했다. 그때 나는 상당히 육중하고 몸매도 엉망이였다. [G.I. 조] 피규어의 실사판이라고는 도저히 볼 수 없는 상태였다.\u201D라고 말했다. 또, \u201C제가 <아바타>의 [제이크 설리] 역에 오디션을 봤을 때 심사위원들은 \"뭔가\"를 가지고 있는 배우를 찾는다고 했어요. 오디션장에 들어갔을 때 저는 그들이 찾는 무언가를 갖고 있는 사람이 아니라는 걸 알았죠. 오디션장에서 나오면서 저는 \u2018아마 나는 그 무언가를 절대 가질 수 없을거야.\u2019라는 생각을 하면서 나왔어요.\u201D라고도 말했다. 또, 직업에 대한 열정에 대해 다음과 같이 말했다. \u201C사람들은 일을 해야만 하죠. 저는 단지 그런 빌어먹을 레스토랑에서 일하고 싶지 않았어요.\u201D라고 말했다. [프랫]은 [NBC]의 코미디 드라마 《[팍스_앤_레크리에이션]》에서 [앤디 드와이어] 역을 연기했다. 원래는 임시 등장인물이였으나, 프로듀서가 마음에 들어했기 때문에 주연 캐릭터로 등장하게 되었다. 같은 해, 《[신부들의_전쟁]》에서 [프랫]은 [앤_해서웨이]가 연기한 [에마]의 약혼자 <대런_플레처>를 연기했다. 《[딥_인_더_밸리]》 또한 같은 해 공개되었으며, [프랫]은 [레스터 왓츠] 역을 연기해 [브렌던_하인스]와 호흡을 맞추었다. [프랫]은 나중에 이 영화에 출연한 것에 대해 \u201C내가 1순위로 캐스팅된 건 그때가 처음이었어요. 하지만, 음, 안 좋았어요.\u201D라고 말했다.","globalSId":[2819563,2819564,2819565,2819566,2819567,2819568,2819569,2819570,2819571,2819572,2819573,2819574,2819575,2819576,2819577,2819578,2819579,2819580],"entities":[{"kbox_types":["NULL"],"st":0,"en_mention":2,"ancestor":"","eIdx":0,"st_mention":0,"en":4,"ne_type":"PERSON","keyword":"[프랫]","e_type":"NEW"},{"kbox_types":["Year","MusicalWork","TimePeriod","Work","Album"],"st":6,"en_mention":9,"ancestor":"","eIdx":1,"st_mention":4,"en":13,"ne_type":"TIME","keyword":"[2009년]","e_type":"NEW"},{"kbox_types":["NULL"],"st":27,"en_mention":32,"ancestor":"","eIdx":2,"st_mention":23,"en":38,"ne_type":"PERSON","keyword":"[제임스 T. 커크]","e_type":"NEW"},{"kbox_types":["NULL"],"st":43,"en_mention":40,"ancestor":"","eIdx":3,"st_mention":37,"en":48,"ne_type":"ETC","keyword":"<아바타>","e_type":"ELU"},{"kbox_types":["NULL"],"st":55,"en_mention":53,"ancestor":"","eIdx":4,"st_mention":47,"en":63,"ne_type":"ETC","keyword":"[제이크 설리]","e_type":"NEW"},{"kbox_types":["NULL"],"st":75,"en_mention":67,"ancestor":"","eIdx":5,"st_mention":65,"en":79,"ne_type":"ETC","keyword":"[듀크]","e_type":"NEW"},{"kbox_types":["NULL"],"st":109,"en_mention":99,"ancestor":"","eIdx":6,"st_mention":97,"en":113,"ne_type":"PERSON","keyword":"[프랫]","e_type":"NEW"},{"kbox_types":["NULL"],"st":200,"en_mention":192,"ancestor":"","eIdx":7,"st_mention":186,"en":208,"ne_type":"ETC","keyword":"[G.I. 조]","e_type":"NEW"},{"kbox_types":["NULL"],"st":254,"en_mention":241,"ancestor":"","eIdx":8,"st_mention":238,"en":259,"ne_type":"ETC","keyword":"<아바타>","e_type":"ELU"},{"kbox_types":["NULL"],"st":261,"en_mention":249,"ancestor":"","eIdx":9,"st_mention":243,"en":269,"ne_type":"ETC","keyword":"[제이크 설리]","e_type":"NEW"},{"kbox_types":["NULL"],"st":524,"en_mention":506,"ancestor":"","eIdx":10,"st_mention":504,"en":528,"ne_type":"PERSON","keyword":"[프랫]","e_type":"NEW"},{"kbox_types":["Broadcaster","Company","Agent","BroadcastNetwork","Organisation"],"st":530,"en_mention":511,"ancestor":"","eIdx":11,"st_mention":508,"en":535,"ne_type":"ORGANIZATION","keyword":"[NBC]","e_type":"WIKILINK"},{"kbox_types":["Work","TelevisionShow"],"st":546,"en_mention":533,"ancestor":"","eIdx":12,"st_mention":522,"en":559,"ne_type":"ETC","keyword":"[팍스_앤_레크리에이션]","e_type":"WIKILINK"},{"kbox_types":["NULL"],"st":563,"en_mention":544,"ancestor":"","eIdx":13,"st_mention":537,"en":572,"ne_type":"ETC","keyword":"[앤디 드와이어]","e_type":"NEW"},{"kbox_types":["Work","Film","Work"],"st":643,"en_mention":622,"ancestor":"","eIdx":14,"st_mention":615,"en":652,"ne_type":"ETC","keyword":"[신부들의_전쟁]","e_type":"WIKILINK"},{"kbox_types":["NULL"],"st":656,"en_mention":628,"ancestor":"","eIdx":15,"st_mention":626,"en":660,"ne_type":"PERSON","keyword":"[프랫]","e_type":"NEW"},{"kbox_types":["Actor","Agent","Person","Artist"],"st":662,"en_mention":636,"ancestor":"","eIdx":16,"st_mention":630,"en":670,"ne_type":"PERSON","keyword":"[앤_해서웨이]","e_type":"WIKILINK"},{"kbox_types":["NULL"],"st":676,"en_mention":644,"ancestor":"","eIdx":17,"st_mention":642,"en":680,"ne_type":"ETC","keyword":"[에마]","e_type":"NEW"},{"kbox_types":["SoccerPlayer","Athlete","Agent","Person"],"st":686,"en_mention":653,"ancestor":"","eIdx":18,"st_mention":650,"en":694,"ne_type":"PERSON","keyword":"<대런_플레처>","e_type":"ELU"},{"kbox_types":["Work","Film","Work"],"st":703,"en_mention":670,"ancestor":"","eIdx":19,"st_mention":662,"en":713,"ne_type":"ETC","keyword":"[딥_인_더_밸리]","e_type":"WIKILINK"},{"kbox_types":["NULL"],"st":731,"en_mention":690,"ancestor":"","eIdx":20,"st_mention":688,"en":735,"ne_type":"PERSON","keyword":"[프랫]","e_type":"NEW"},{"kbox_types":["NULL"],"st":737,"en_mention":698,"ancestor":"","eIdx":21,"st_mention":692,"en":745,"ne_type":"ETC","keyword":"[레스터 왓츠]","e_type":"NEW"},{"kbox_types":["Actor","Agent","Person","Artist"],"st":753,"en_mention":713,"ancestor":"","eIdx":22,"st_mention":706,"en":762,"ne_type":"PERSON","keyword":"[브렌던_하인스]","e_type":"WIKILINK"},{"kbox_types":["NULL"],"st":774,"en_mention":727,"ancestor":"","eIdx":23,"st_mention":725,"en":778,"ne_type":"PERSON","keyword":"[프랫]","e_type":"NEW"}],"wikiPageId":802316,"pIdx":7,"plainText":"프랫은 2009년에 공개된 《》의 주인공 제임스 T. 커크 역, 《아바타》의 주인공 제이크 설리 역, 《》의 주인공 듀크 역할에 오디션을 보았지만 캐스팅되지 않았다. 나중에 프랫은 캐스팅되지 않은 것에 대해 \u201C그 때 오디션을 받다가 중간 쯤에 감독을 보니 눈에 지루한 기색이 역력했다. 그때 나는 상당히 육중하고 몸매도 엉망이였다. G.I. 조 피규어의 실사판이라고는 도저히 볼 수 없는 상태였다.\u201D라고 말했다. 또, \u201C제가 아바타의 제이크 설리 역에 오디션을 봤을 때 심사위원들은 \"뭔가\"를 가지고 있는 배우를 찾는다고 했어요. 오디션장에 들어갔을 때 저는 그들이 찾는 무언가를 갖고 있는 사람이 아니라는 걸 알았죠. 오디션장에서 나오면서 저는 \u2018아마 나는 그 무언가를 절대 가질 수 없을거야.\u2019라는 생각을 하면서 나왔어요.\u201D라고도 말했다. 또, 직업에 대한 열정에 대해 다음과 같이 말했다. \u201C사람들은 일을 해야만 하죠. 저는 단지 그런 빌어먹을 레스토랑에서 일하고 싶지 않았어요.\u201D라고 말했다. 프랫은 NBC의 코미디 드라마 《팍스 앤 레크리에이션》에서 앤디 드와이어 역을 연기했다. 원래는 임시 등장인물이였으나, 프로듀서가 마음에 들어했기 때문에 주연 캐릭터로 등장하게 되었다. 같은 해, 《신부들의 전쟁》에서 프랫은 앤 해서웨이가 연기한 에마의 약혼자 플레처를 연기했다. 《딥 인 더 밸리》 또한 같은 해 공개되었으며, 프랫은 레스터 왓츠 역을 연기해 브렌던 하인스와 호흡을 맞추었다. 프랫은 나중에 이 영화에 출연한 것에 대해 \u201C내가 1순위로 캐스팅된 건 그때가 처음이었어요. 하지만, 음, 안 좋았어요.\u201D라고 말했다.","mentionTagged":"[프랫]은 [2009년]에 공개된 《》의 주인공 [제임스 T. 커크] 역, 《[아바타]》의 주인공 [제이크 설리] 역, 《》의 주인공 [듀크] 역할에 오디션을 보았지만 캐스팅되지 않았다. 나중에 [프랫]은 캐스팅되지 않은 것에 대해 \u201C그 때 오디션을 받다가 중간 쯤에 감독을 보니 눈에 지루한 기색이 역력했다. 그때 나는 상당히 육중하고 몸매도 엉망이였다. [G.I. 조] 피규어의 실사판이라고는 도저히 볼 수 없는 상태였다.\u201D라고 말했다. 또, \u201C제가 [아바타]의 [제이크 설리] 역에 오디션을 봤을 때 심사위원들은 \"뭔가\"를 가지고 있는 배우를 찾는다고 했어요. 오디션장에 들어갔을 때 저는 그들이 찾는 무언가를 갖고 있는 사람이 아니라는 걸 알았죠. 오디션장에서 나오면서 저는 \u2018아마 나는 그 무언가를 절대 가질 수 없을거야.\u2019라는 생각을 하면서 나왔어요.\u201D라고도 말했다. 또, 직업에 대한 열정에 대해 다음과 같이 말했다. \u201C사람들은 일을 해야만 하죠. 저는 단지 그런 빌어먹을 레스토랑에서 일하고 싶지 않았어요.\u201D라고 말했다. [프랫]은 [NBC]의 코미디 드라마 《[팍스 앤 레크리에이션]》에서 [앤디 드와이어] 역을 연기했다. 원래는 임시 등장인물이였으나, 프로듀서가 마음에 들어했기 때문에 주연 캐릭터로 등장하게 되었다. 같은 해, 《[신부들의 전쟁]》에서 [프랫]은 [앤 해서웨이]가 연기한 [에마]의 약혼자 [플레처]를 연기했다. 《[딥 인 더 밸리]》 또한 같은 해 공개되었으며, [프랫]은 [레스터 왓츠] 역을 연기해 [브렌던 하인스]와 호흡을 맞추었다. [프랫]은 나중에 이 영화에 출연한 것에 대해 \u201C내가 1순위로 캐스팅된 건 그때가 처음이었어요. 하지만, 음, 안 좋았어요.\u201D라고 말했다."}