{"entityTagged":"[필립 ] (Philip \"Phil\" Collinson, [1970년] [8월_26일] ~)은 [영국]의 [텔레비전_프로듀서]이다. 처음엔 배우로 활동하다가 일을 바꾸어 [대본_편집자]와 《[스프링힐]》, 《[에머데일]》을 비롯한 프로그램 작가, 나중에는 《[피크_프랙티스]》, 《[닥터_후]》, 《[코로네이션_스트리트]》의 프로듀서가 되어 카메라 뒤 업계에서 활동해오고 있으며 그의 거주지는 [영국] [잉글랜드] [맨체스터]이다.","globalSId":[3481254,3481255],"entities":[{"kbox_types":["NULL"],"st":0,"en_mention":3,"ancestor":"","eIdx":0,"st_mention":0,"en":5,"ne_type":"PERSON","keyword":"[필립 ]","e_type":"NEW"},{"kbox_types":["Year","TimePeriod"],"st":32,"en_mention":42,"ancestor":"","eIdx":1,"st_mention":37,"en":39,"ne_type":"TIME","keyword":"[1970년]","e_type":"WIKILINK"},{"kbox_types":["NULL"],"st":40,"en_mention":49,"ancestor":"","eIdx":2,"st_mention":43,"en":48,"ne_type":"TIME","keyword":"[8월_26일]","e_type":"WIKILINK"},{"kbox_types":["Country","PopulatedPlace","PopulatedPlace","Place"],"st":53,"en_mention":56,"ancestor":"","eIdx":3,"st_mention":54,"en":57,"ne_type":"LOCATION","keyword":"[영국]","e_type":"WIKILINK"},{"kbox_types":["PersonFunction","Profession"],"st":59,"en_mention":67,"ancestor":"","eIdx":4,"st_mention":58,"en":70,"ne_type":"ETC","keyword":"[텔레비전_프로듀서]","e_type":"WIKILINK"},{"kbox_types":["NULL"],"st":95,"en_mention":98,"ancestor":"","eIdx":5,"st_mention":92,"en":103,"ne_type":"ETC","keyword":"[대본_편집자]","e_type":"WIKILINK"},{"kbox_types":["NULL"],"st":106,"en_mention":105,"ancestor":"","eIdx":6,"st_mention":101,"en":112,"ne_type":"ETC","keyword":"[스프링힐]","e_type":"NEW"},{"kbox_types":["Work","TelevisionShow"],"st":116,"en_mention":113,"ancestor":"","eIdx":7,"st_mention":109,"en":122,"ne_type":"ETC","keyword":"[에머데일]","e_type":"WIKILINK"},{"kbox_types":["NULL"],"st":144,"en_mention":142,"ancestor":"","eIdx":8,"st_mention":135,"en":153,"ne_type":"ETC","keyword":"[피크_프랙티스]","e_type":"WIKILINK"},{"kbox_types":["Work","TelevisionShow"],"st":157,"en_mention":150,"ancestor":"","eIdx":9,"st_mention":146,"en":163,"ne_type":"ETC","keyword":"[닥터_후]","e_type":"WIKILINK"},{"kbox_types":["Work","TelevisionShow"],"st":167,"en_mention":164,"ancestor":"","eIdx":10,"st_mention":154,"en":179,"ne_type":"ETC","keyword":"[코로네이션_스트리트]","e_type":"WIKILINK"},{"kbox_types":["Country","PopulatedPlace","PopulatedPlace","Place"],"st":220,"en_mention":207,"ancestor":"","eIdx":11,"st_mention":205,"en":224,"ne_type":"LOCATION","keyword":"[영국]","e_type":"WIKILINK"},{"kbox_types":["Country","PopulatedPlace","Settlement","PopulatedPlace","Place"],"st":225,"en_mention":212,"ancestor":"","eIdx":12,"st_mention":208,"en":231,"ne_type":"LOCATION","keyword":"[잉글랜드]","e_type":"WIKILINK"},{"kbox_types":["PopulatedPlace","Place","Settlement","PopulatedPlace","City"],"st":232,"en_mention":217,"ancestor":"","eIdx":13,"st_mention":213,"en":238,"ne_type":"LOCATION","keyword":"[맨체스터]","e_type":"WIKILINK"}],"wikiPageId":1237911,"pIdx":1,"plainText":"필립 \"필\" 콜린슨 (Philip \"Phil\" Collinson, 1970년 8월 26일 ~)은 영국의 텔레비전 프로듀서이다. 처음엔 배우로 활동하다가 일을 바꾸어 대본 편집자와 《스프링힐》, 《에머데일》을 비롯한 프로그램 작가, 나중에는 《피크 프랙티스》, 《닥터 후》, 《코로네이션 스트리트》의 프로듀서가 되어 카메라 뒤 업계에서 활동해오고 있으며 그의 거주지는 영국 잉글랜드 맨체스터이다.","mentionTagged":"[필립 ]\"필\" 콜린슨 (Philip \"Phil\" Collinson, [1970년] [8월 26일] ~)은 [영국]의 [텔레비전 프로듀서]이다. 처음엔 배우로 활동하다가 일을 바꾸어 [대본 편집자]와 《[스프링힐]》, 《[에머데일]》을 비롯한 프로그램 작가, 나중에는 《[피크 프랙티스]》, 《[닥터 후]》, 《[코로네이션 스트리트]》의 프로듀서가 되어 카메라 뒤 업계에서 활동해오고 있으며 그의 거주지는 [영국] [잉글랜드] [맨체스터]이다."}