{"entityTagged":"[필라르]()는 [파라과이] 남서부에 위치한 도시로 [녬부쿠_주]의 주도이며 면적은 1,130㎢, 인구는 28,716명([2008년] 기준)이다. 수도 [아순시온]에서 358km 정도 떨어진 곳에 위치하며 [파라과이_강]과 접한다.","globalSId":[3603993,3603994],"entities":[{"kbox_types":["PopulatedPlace","Settlement","PopulatedPlace","City","Place"],"st":0,"en_mention":3,"ancestor":"","eIdx":0,"st_mention":0,"en":5,"ne_type":"LOCATION","keyword":"[필라르]","e_type":"NEW"},{"kbox_types":["Country","PopulatedPlace","Settlement","PopulatedPlace","Place"],"st":9,"en_mention":11,"ancestor":"","eIdx":1,"st_mention":7,"en":15,"ne_type":"LOCATION","keyword":"[파라과이]","e_type":"WIKILINK"},{"kbox_types":["PopulatedPlace","Settlement","PopulatedPlace","Place"],"st":29,"en_mention":30,"ancestor":"","eIdx":2,"st_mention":25,"en":36,"ne_type":"LOCATION","keyword":"[녬부쿠_주]","e_type":"WIKILINK"},{"kbox_types":["Year","MusicalWork","TimePeriod","Work","Album"],"st":67,"en_mention":66,"ancestor":"","eIdx":3,"st_mention":61,"en":74,"ne_type":"TIME","keyword":"[2008년]","e_type":"NEW"},{"kbox_types":["PopulatedPlace","Place","Settlement","PopulatedPlace"],"st":85,"en_mention":81,"ancestor":"","eIdx":4,"st_mention":77,"en":91,"ne_type":"LOCATION","keyword":"[아순시온]","e_type":"WIKILINK"},{"kbox_types":["River","Place","River","BodyOfWater","Stream","NaturalPlace"],"st":115,"en_mention":111,"ancestor":"","eIdx":5,"st_mention":105,"en":123,"ne_type":"LOCATION","keyword":"[파라과이_강]","e_type":"WIKILINK"}],"wikiPageId":1335441,"pIdx":1,"plainText":"필라르()는 파라과이 남서부에 위치한 도시로 녬부쿠 주의 주도이며 면적은 1,130㎢, 인구는 28,716명(2008년 기준)이다. 수도 아순시온에서 358km 정도 떨어진 곳에 위치하며 파라과이 강과 접한다.","mentionTagged":"[필라르]()는 [파라과이] 남서부에 위치한 도시로 [녬부쿠 주]의 주도이며 면적은 1,130㎢, 인구는 28,716명([2008년] 기준)이다. 수도 [아순시온]에서 358km 정도 떨어진 곳에 위치하며 [파라과이 강]과 접한다."}