{"entityTagged":"[히나세 역]()은 [일본] [오카야마_현] [비젠_시]에 위치한 [서일본_여객철도] [아코_선]의 [철도역]이다. [단선_승강장] · [섬식_승강장]의 형태를 합친 2면 3선 구조의 복합 승강장을 갖춘 지상역이다.","globalSId":[3863022,3863023],"entities":[{"kbox_types":["ArchitecturalStructure","Place","Station","Infrastructure","RailwayStation"],"st":0,"en_mention":5,"ancestor":"","eIdx":0,"st_mention":0,"en":7,"ne_type":"LOCATION","keyword":"[히나세 역]","e_type":"NEW"},{"kbox_types":["Country","PopulatedPlace","PopulatedPlace","Place"],"st":11,"en_mention":11,"ancestor":"","eIdx":1,"st_mention":9,"en":15,"ne_type":"LOCATION","keyword":"[일본]","e_type":"WIKILINK"},{"kbox_types":["Region","PopulatedPlace","AdministrativeRegion","Place","AdministrativeRegion"],"st":16,"en_mention":18,"ancestor":"","eIdx":2,"st_mention":12,"en":24,"ne_type":"LOCATION","keyword":"[오카야마_현]","e_type":"WIKILINK"},{"kbox_types":["PopulatedPlace","Settlement","PopulatedPlace","City","Place"],"st":25,"en_mention":23,"ancestor":"","eIdx":3,"st_mention":19,"en":31,"ne_type":"LOCATION","keyword":"[비젠_시]","e_type":"WIKILINK"},{"kbox_types":["Agent","Organisation","Company"],"st":37,"en_mention":37,"ancestor":"","eIdx":4,"st_mention":29,"en":47,"ne_type":"ORGANIZATION","keyword":"[서일본_여객철도]","e_type":"WIKILINK"},{"kbox_types":["ArchitecturalStructure","Place","RailwayLine","Place","RouteOfTransportation","Infrastructure"],"st":48,"en_mention":42,"ancestor":"","eIdx":5,"st_mention":38,"en":54,"ne_type":"LOCATION","keyword":"[아코_선]","e_type":"WIKILINK"},{"kbox_types":["NULL"],"st":56,"en_mention":47,"ancestor":"","eIdx":6,"st_mention":44,"en":61,"ne_type":"ETC","keyword":"[철도역]","e_type":"WIKILINK"},{"kbox_types":["NULL"],"st":65,"en_mention":53,"ancestor":"","eIdx":7,"st_mention":51,"en":73,"ne_type":"ETC","keyword":"[단선_승강장]","e_type":"WIKILINK"},{"kbox_types":["NULL"],"st":76,"en_mention":58,"ancestor":"","eIdx":8,"st_mention":56,"en":84,"ne_type":"ETC","keyword":"[섬식_승강장]","e_type":"WIKILINK"}],"wikiPageId":1638760,"pIdx":1,"plainText":"히나세 역()은 일본 오카야마 현 비젠 시에 위치한 서일본 여객철도 아코 선의 철도역이다. 단선 · 섬식의 형태를 합친 2면 3선 구조의 복합 승강장을 갖춘 지상역이다.","mentionTagged":"[히나세 역]()은 [일본] [오카야마 현] [비젠 시]에 위치한 [서일본 여객철도] [아코 선]의 [철도역]이다. [단선] · [섬식]의 형태를 합친 2면 3선 구조의 복합 승강장을 갖춘 지상역이다."}