{"entityTagged":"[1597년](선조 30년) [정유재란] 때에는 [교룡산성수어사](蛟龍山城守禦使)로 있다가 [교룡산성]에서 [고니시_유키나가] 군을 맞았으며, 그해 [8월] [남원성]의 포위를 풀기 위해 올라온 [이복남]의 5천 군사와 합류하여 [남원_전투]에 참전했다가 [작전_중_사망]했다.","globalSId":[1855455],"entities":[{"kbox_types":["Year","Agent","EducationalInstitution","TimePeriod","Organisation","University"],"st":0,"en_mention":5,"ancestor":"","eIdx":0,"st_mention":0,"en":7,"ne_type":"TIME","keyword":"[1597년]","e_type":"NEW"},{"kbox_types":["MilitaryConflict","Event","SocietalEvent"],"st":16,"en_mention":18,"ancestor":"","eIdx":1,"st_mention":14,"en":22,"ne_type":"ETC","keyword":"[정유재란]","e_type":"WIKILINK"},{"kbox_types":["NULL"],"st":27,"en_mention":30,"ancestor":"","eIdx":2,"st_mention":23,"en":36,"ne_type":"ETC","keyword":"[교룡산성수어사]","e_type":"NEW"},{"kbox_types":["NULL"],"st":51,"en_mention":49,"ancestor":"","eIdx":3,"st_mention":45,"en":57,"ne_type":"ETC","keyword":"[교룡산성]","e_type":"WIKILINK"},{"kbox_types":["Agent","Person"],"st":60,"en_mention":55,"ancestor":"","eIdx":4,"st_mention":52,"en":70,"ne_type":"PERSON","keyword":"[고니시_유키나가]","e_type":"WIKILINK"},{"kbox_types":["NULL"],"st":83,"en_mention":70,"ancestor":"","eIdx":5,"st_mention":68,"en":87,"ne_type":"TIME","keyword":"[8월]","e_type":"NEW"},{"kbox_types":["NULL"],"st":88,"en_mention":74,"ancestor":"","eIdx":6,"st_mention":71,"en":93,"ne_type":"ETC","keyword":"[남원성]","e_type":"WIKILINK"},{"kbox_types":["Agent","Person","MilitaryPerson"],"st":109,"en_mention":93,"ancestor":"","eIdx":7,"st_mention":90,"en":114,"ne_type":"PERSON","keyword":"[이복남]","e_type":"WIKILINK"},{"kbox_types":["MilitaryConflict","Event","SocietalEvent"],"st":128,"en_mention":112,"ancestor":"","eIdx":8,"st_mention":107,"en":135,"ne_type":"ETC","keyword":"[남원_전투]","e_type":"WIKILINK"},{"kbox_types":["Disease"],"st":143,"en_mention":122,"ancestor":"","eIdx":9,"st_mention":120,"en":152,"ne_type":"ETC","keyword":"[작전_중_사망]","e_type":"WIKILINK"}],"wikiPageId":364806,"pIdx":4,"plainText":"1597년(선조 30년) 정유재란 때에는 교룡산성수어사(蛟龍山城守禦使)로 있다가 교룡산성에서 고니시 군을 맞았으며, 그해 8월 남원성의 포위를 풀기 위해 올라온 이복남의 5천 군사와 합류하여 남원 전투에 참전했다가 전사했다.","mentionTagged":"[1597년](선조 30년) [정유재란] 때에는 [교룡산성수어사](蛟龍山城守禦使)로 있다가 [교룡산성]에서 [고니시] 군을 맞았으며, 그해 [8월] [남원성]의 포위를 풀기 위해 올라온 [이복남]의 5천 군사와 합류하여 [남원 전투]에 참전했다가 [전사]했다."}