{"entityTagged":"[세르게이 미하일로비치 다리킨]()은 [러시아], [프리모르스키_지방]의 지사이다. [1963년] [12월_9일], [볼쇼이카멘]에서 태어났다.","globalSId":[357536,357537],"entities":[{"kbox_types":["NULL"],"st":0,"en_mention":15,"ancestor":"","eIdx":0,"st_mention":0,"en":17,"ne_type":"PERSON","keyword":"[세르게이 미하일로비치 다리킨]","e_type":"NEW"},{"kbox_types":["Country","PopulatedPlace","PopulatedPlace","Place"],"st":21,"en_mention":22,"ancestor":"","eIdx":1,"st_mention":19,"en":26,"ne_type":"LOCATION","keyword":"[러시아]","e_type":"WIKILINK"},{"kbox_types":["Region","PopulatedPlace","AdministrativeRegion","Place","AdministrativeRegion"],"st":28,"en_mention":33,"ancestor":"","eIdx":2,"st_mention":24,"en":39,"ne_type":"LOCATION","keyword":"[프리모르스키_지방]","e_type":"WIKILINK"},{"kbox_types":["Year","TimePeriod"],"st":47,"en_mention":46,"ancestor":"","eIdx":3,"st_mention":41,"en":54,"ne_type":"TIME","keyword":"[1963년]","e_type":"WIKILINK"},{"kbox_types":["NULL"],"st":55,"en_mention":53,"ancestor":"","eIdx":4,"st_mention":47,"en":63,"ne_type":"TIME","keyword":"[12월_9일]","e_type":"WIKILINK"},{"kbox_types":["PopulatedPlace","Settlement","PopulatedPlace","City","Place"],"st":65,"en_mention":60,"ancestor":"","eIdx":5,"st_mention":55,"en":72,"ne_type":"LOCATION","keyword":"[볼쇼이카멘]","e_type":"WIKILINK"}],"wikiPageId":36252,"pIdx":1,"plainText":"세르게이 미하일로비치 다리킨()은 러시아, 프리모르스키 지방의 지사이다. 1963년 12월 9일, 볼쇼이카멘에서 태어났다.","mentionTagged":"[세르게이 미하일로비치 다리킨]()은 [러시아], [프리모르스키 지방]의 지사이다. [1963년] [12월 9일], [볼쇼이카멘]에서 태어났다."}