{"entityTagged":"[풍차 전투]. [풍차 전투]는 [조지_오웰]의 동물 농장에 나오는 동물들과 인간들의 2차에 걸친 전투 중 두번째로, 풍차의 전투는 [제2차_세계_대전] 당시에 있었던 [동부_전선_(제2차_세계_대전)]을 의미한다. 여기서 나오는 [핀치필드] 농장은 [나치_독일], 농장주인 <프레드리크>은 [아돌프_히틀러]를 상징한다.","globalSId":[455925,455926,455927],"entities":[{"kbox_types":["NULL"],"st":0,"en_mention":5,"ancestor":"","eIdx":0,"st_mention":0,"en":7,"ne_type":"ETC","keyword":"[풍차 전투]","e_type":"NEW"},{"kbox_types":["NULL"],"st":9,"en_mention":11,"ancestor":"","eIdx":1,"st_mention":6,"en":16,"ne_type":"ETC","keyword":"[풍차 전투]","e_type":"NEW"},{"kbox_types":["Writer","Agent","Person","Artist"],"st":18,"en_mention":18,"ancestor":"","eIdx":2,"st_mention":13,"en":25,"ne_type":"PERSON","keyword":"[조지_오웰]","e_type":"WIKILINK"},{"kbox_types":["MilitaryConflict","Event","SocietalEvent"],"st":74,"en_mention":76,"ancestor":"","eIdx":3,"st_mention":67,"en":85,"ne_type":"ETC","keyword":"[제2차_세계_대전]","e_type":"WIKILINK"},{"kbox_types":["MilitaryConflict","Event","SocietalEvent"],"st":94,"en_mention":90,"ancestor":"","eIdx":4,"st_mention":85,"en":113,"ne_type":"ETC","keyword":"[동부_전선_(제2차_세계_대전)]","e_type":"WIKILINK"},{"kbox_types":["NULL"],"st":129,"en_mention":110,"ancestor":"","eIdx":5,"st_mention":106,"en":135,"ne_type":"LOCATION","keyword":"[핀치필드]","e_type":"NEW"},{"kbox_types":["Country","PopulatedPlace","PopulatedPlace","Place"],"st":140,"en_mention":120,"ancestor":"","eIdx":6,"st_mention":115,"en":147,"ne_type":"LOCATION","keyword":"[나치_독일]","e_type":"WIKILINK"},{"kbox_types":["NULL"],"st":154,"en_mention":131,"ancestor":"","eIdx":7,"st_mention":127,"en":161,"ne_type":"ETC","keyword":"<프레드리크>","e_type":"ELU"},{"kbox_types":["Politician","Agent","Person","President"],"st":163,"en_mention":140,"ancestor":"","eIdx":8,"st_mention":133,"en":172,"ne_type":"PERSON","keyword":"[아돌프_히틀러]","e_type":"WIKILINK"}],"wikiPageId":48531,"pIdx":11,"plainText":"풍차 전투 풍차 전투는 조지 오웰의 동물 농장에 나오는 동물들과 인간들의 2차에 걸친 전투 중 두번째로, 풍차의 전투는 제2차 세계 대전 당시에 있었던 독소 전쟁을 의미한다. 여기서 나오는 핀치필드 농장은 나치 독일, 농장주인 프레드릭은 아돌프 히틀러를 상징한다.","mentionTagged":"[풍차 전투] [풍차 전투]는 [조지 오웰]의 동물 농장에 나오는 동물들과 인간들의 2차에 걸친 전투 중 두번째로, 풍차의 전투는 [제2차 세계 대전] 당시에 있었던 [독소 전쟁]을 의미한다. 여기서 나오는 [핀치필드] 농장은 [나치 독일], 농장주인 [프레드릭]은 [아돌프 히틀러]를 상징한다."}