{"entityTagged":"<알타흐>()는 [오스트리아] 서부 [포어아를베르크_주]의 도시이다. 면적은 5.36km²이며, [인구]는 6,512명([2007년])이다.","globalSId":[2350912,2350913],"entities":[{"kbox_types":["PopulatedPlace","Settlement","PopulatedPlace","Place"],"st":0,"en_mention":3,"ancestor":"","eIdx":0,"st_mention":0,"en":5,"ne_type":"LOCATION","keyword":"<알타흐>","e_type":"ELU"},{"kbox_types":["Country","PopulatedPlace","PopulatedPlace","Place"],"st":9,"en_mention":12,"ancestor":"","eIdx":1,"st_mention":7,"en":16,"ne_type":"LOCATION","keyword":"[오스트리아]","e_type":"WIKILINK"},{"kbox_types":["PopulatedPlace","Settlement","PopulatedPlace","Place"],"st":20,"en_mention":25,"ancestor":"","eIdx":2,"st_mention":16,"en":31,"ne_type":"LOCATION","keyword":"[포어아를베르크_주]","e_type":"WIKILINK"},{"kbox_types":["NULL"],"st":54,"en_mention":50,"ancestor":"","eIdx":3,"st_mention":48,"en":58,"ne_type":"ETC","keyword":"[인구]","e_type":"WIKILINK"},{"kbox_types":["Year","MusicalWork","TimePeriod","Work","Album"],"st":67,"en_mention":64,"ancestor":"","eIdx":4,"st_mention":59,"en":74,"ne_type":"TIME","keyword":"[2007년]","e_type":"WIKILINK"}],"wikiPageId":578510,"pIdx":1,"plainText":"알타흐()는 오스트리아 서부 포어아를베르크 주의 도시이다. 면적은 5.36km²이며, 인구는 6,512명(2007년)이다.","mentionTagged":"[알타흐]()는 [오스트리아] 서부 [포어아를베르크 주]의 도시이다. 면적은 5.36km²이며, [인구]는 6,512명([2007년])이다."}