{"entityTagged":"[백선기](白善基, [1955년] [2월_18일] ~ )은 [대한민국] 제42,43대 민선 5,6기 [경상북도] [칠곡군]수이다.","globalSId":[3912567],"entities":[{"kbox_types":["NULL"],"st":0,"en_mention":3,"ancestor":"","eIdx":0,"st_mention":0,"en":5,"ne_type":"PERSON","keyword":"[백선기]","e_type":"NEW"},{"kbox_types":["Year","TimePeriod"],"st":11,"en_mention":14,"ancestor":"","eIdx":1,"st_mention":9,"en":18,"ne_type":"TIME","keyword":"[1955년]","e_type":"WIKILINK"},{"kbox_types":["NULL"],"st":19,"en_mention":21,"ancestor":"","eIdx":2,"st_mention":15,"en":27,"ne_type":"TIME","keyword":"[2월_18일]","e_type":"WIKILINK"},{"kbox_types":["Country","PopulatedPlace","PopulatedPlace","Place"],"st":33,"en_mention":31,"ancestor":"","eIdx":3,"st_mention":27,"en":39,"ne_type":"LOCATION","keyword":"[대한민국]","e_type":"WIKILINK"},{"kbox_types":["PopulatedPlace","Settlement","PopulatedPlace","Place"],"st":56,"en_mention":52,"ancestor":"","eIdx":4,"st_mention":48,"en":62,"ne_type":"LOCATION","keyword":"[경상북도]","e_type":"WIKILINK"},{"kbox_types":["PopulatedPlace","Settlement","PopulatedPlace","Place"],"st":63,"en_mention":56,"ancestor":"","eIdx":5,"st_mention":53,"en":68,"ne_type":"LOCATION","keyword":"[칠곡군]","e_type":"WIKILINK"}],"wikiPageId":1701231,"pIdx":1,"plainText":"백선기(白善基, 1955년 2월 18일 ~ )은 대한민국 제42,43대 민선 5,6기 경상북도 칠곡군수이다.","mentionTagged":"[백선기](白善基, [1955년] [2월 18일] ~ )은 [대한민국] 제42,43대 민선 5,6기 [경상북도] [칠곡군]수이다."}