{"entityTagged":"[에치고카나마루 역]()은 [일본] [니가타_현] [이와후네_군] [세키카와_촌]에 위치한 [동일본_여객철도] [요네사카_선]의 [철도역]이다. [상대식_승강장] 2면 2선의 구조를 갖춘 지상역이다.","globalSId":[3985737,3985738],"entities":[{"kbox_types":["NULL"],"st":0,"en_mention":9,"ancestor":"","eIdx":0,"st_mention":0,"en":11,"ne_type":"LOCATION","keyword":"[에치고카나마루 역]","e_type":"NEW"},{"kbox_types":["Country","PopulatedPlace","PopulatedPlace","Place"],"st":15,"en_mention":15,"ancestor":"","eIdx":1,"st_mention":13,"en":19,"ne_type":"LOCATION","keyword":"[일본]","e_type":"WIKILINK"},{"kbox_types":["Region","PopulatedPlace","AdministrativeRegion","Place","AdministrativeRegion"],"st":20,"en_mention":21,"ancestor":"","eIdx":2,"st_mention":16,"en":27,"ne_type":"LOCATION","keyword":"[니가타_현]","e_type":"WIKILINK"},{"kbox_types":["NULL"],"st":28,"en_mention":28,"ancestor":"","eIdx":3,"st_mention":22,"en":36,"ne_type":"ETC","keyword":"[이와후네_군]","e_type":"WIKILINK"},{"kbox_types":["PopulatedPlace","Settlement","PopulatedPlace","City","Place"],"st":37,"en_mention":35,"ancestor":"","eIdx":4,"st_mention":29,"en":45,"ne_type":"LOCATION","keyword":"[세키카와_촌]","e_type":"WIKILINK"},{"kbox_types":["Agent","Organisation","Company"],"st":51,"en_mention":49,"ancestor":"","eIdx":5,"st_mention":41,"en":61,"ne_type":"ORGANIZATION","keyword":"[동일본_여객철도]","e_type":"WIKILINK"},{"kbox_types":["ArchitecturalStructure","Place","RailwayLine","Place","RouteOfTransportation","Infrastructure"],"st":62,"en_mention":56,"ancestor":"","eIdx":6,"st_mention":50,"en":70,"ne_type":"LOCATION","keyword":"[요네사카_선]","e_type":"WIKILINK"},{"kbox_types":["NULL"],"st":72,"en_mention":61,"ancestor":"","eIdx":7,"st_mention":58,"en":77,"ne_type":"ETC","keyword":"[철도역]","e_type":"WIKILINK"},{"kbox_types":["NULL"],"st":81,"en_mention":72,"ancestor":"","eIdx":8,"st_mention":65,"en":90,"ne_type":"ETC","keyword":"[상대식_승강장]","e_type":"WIKILINK"}],"wikiPageId":1760204,"pIdx":1,"plainText":"에치고카나마루 역()은 일본 니가타 현 이와후네 군 세키카와 촌에 위치한 동일본 여객철도 요네사카 선의 철도역이다. 상대식 승강장 2면 2선의 구조를 갖춘 지상역이다.","mentionTagged":"[에치고카나마루 역]()은 [일본] [니가타 현] [이와후네 군] [세키카와 촌]에 위치한 [동일본 여객철도] [요네사카 선]의 [철도역]이다. [상대식 승강장] 2면 2선의 구조를 갖춘 지상역이다."}