{"entityTagged":"[풀라 유라이 도브리라 대학교] (, ) 는 [크로아티아]의 [풀라_(크로아티아)]에 위치한 공립 [대학교]이다. [2006년] 설립되었다.","globalSId":[3200821,3200822],"entities":[{"kbox_types":["University","Agent","EducationalInstitution","Organisation"],"st":0,"en_mention":15,"ancestor":"","eIdx":0,"st_mention":0,"en":17,"ne_type":"ORGANIZATION","keyword":"[풀라 유라이 도브리라 대학교]","e_type":"NEW"},{"kbox_types":["Country","PopulatedPlace","PopulatedPlace","Place"],"st":25,"en_mention":28,"ancestor":"","eIdx":1,"st_mention":23,"en":32,"ne_type":"LOCATION","keyword":"[크로아티아]","e_type":"WIKILINK"},{"kbox_types":["PopulatedPlace","Settlement","Town","PopulatedPlace","City","Place"],"st":34,"en_mention":32,"ancestor":"","eIdx":2,"st_mention":30,"en":46,"ne_type":"LOCATION","keyword":"[풀라_(크로아티아)]","e_type":"WIKILINK"},{"kbox_types":["NULL"],"st":55,"en_mention":44,"ancestor":"","eIdx":3,"st_mention":41,"en":60,"ne_type":"ETC","keyword":"[대학교]","e_type":"WIKILINK"},{"kbox_types":["Year","TimePeriod"],"st":64,"en_mention":53,"ancestor":"","eIdx":4,"st_mention":48,"en":71,"ne_type":"TIME","keyword":"[2006년]","e_type":"WIKILINK"}],"wikiPageId":1015138,"pIdx":1,"plainText":"풀라 유라이 도브리라 대학교 (, ) 는 크로아티아의 풀라에 위치한 공립 대학교이다. 2006년 설립되었다.","mentionTagged":"[풀라 유라이 도브리라 대학교] (, ) 는 [크로아티아]의 [풀라]에 위치한 공립 [대학교]이다. [2006년] 설립되었다."}