{"entityTagged":"[2010년 하계 청소년 올림픽] [아르헨티나 선수단]은 [싱가포르]에서 개최된 [2010년_하계_청소년_올림픽]에 참가한 [올림픽_아르헨티나_선수단]이다.","globalSId":[2602689],"entities":[{"kbox_types":["Olympics","Event","SocietalEvent","SportsEvent"],"st":0,"en_mention":16,"ancestor":"","eIdx":0,"st_mention":0,"en":18,"ne_type":"ETC","keyword":"[2010년 하계 청소년 올림픽]","e_type":"NEW"},{"kbox_types":["NULL"],"st":19,"en_mention":26,"ancestor":"","eIdx":1,"st_mention":17,"en":30,"ne_type":"ETC","keyword":"[아르헨티나 선수단]","e_type":"NEW"},{"kbox_types":["Country","PopulatedPlace","Settlement","PopulatedPlace","City","Place"],"st":32,"en_mention":32,"ancestor":"","eIdx":2,"st_mention":28,"en":38,"ne_type":"LOCATION","keyword":"[싱가포르]","e_type":"WIKILINK"},{"kbox_types":["Olympics","Event","SocietalEvent","SportsEvent"],"st":45,"en_mention":55,"ancestor":"","eIdx":3,"st_mention":39,"en":63,"ne_type":"ETC","keyword":"[2010년_하계_청소년_올림픽]","e_type":"WIKILINK"},{"kbox_types":["NULL"],"st":69,"en_mention":74,"ancestor":"","eIdx":4,"st_mention":61,"en":84,"ne_type":"ETC","keyword":"[올림픽_아르헨티나_선수단]","e_type":"WIKILINK"}],"wikiPageId":697048,"pIdx":1,"plainText":"2010년 하계 청소년 올림픽 아르헨티나 선수단은 싱가포르에서 개최된 2010년 하계 청소년 올림픽에 참가한 올림픽 아르헨티나 선수단이다.","mentionTagged":"[2010년 하계 청소년 올림픽] [아르헨티나 선수단]은 [싱가포르]에서 개최된 [2010년 하계 청소년 올림픽]에 참가한 [올림픽 아르헨티나 선수단]이다."}