{"entityTagged":"[1388년] [요동정벌군]의 [좌군도통사](左軍都統使)로 출정하였다가 [조선_태조](李成桂)와 함께 [위화도_회군]하였다. [이인임](李仁任)의 아버지의 사촌 누이의 아들이 [배극렴](裵克廉)과 <조민수>인데 <조민수>는 <이인임>이 자신을 천거해 준 은혜를 생각하여 [이인임]의 외형제인 [이림](李琳)의 딸인 [근비](謹妃)의 아들되는 [왕창](王昌)을 세우려고 마음먹었다. 장수들이 자기의 뜻을 어기고 [왕씨]를 세울까 우려해 당시 명망있는 유학자였던 <서천군>(韓山君) [이색](李穡)의 말을 끌어대보려고 은밀히 [이색]에게 물었다.","globalSId":[1551955,1551956,1551957],"entities":[{"kbox_types":["Year","TimePeriod"],"st":0,"en_mention":5,"ancestor":"","eIdx":0,"st_mention":0,"en":7,"ne_type":"TIME","keyword":"[1388년]","e_type":"WIKILINK"},{"kbox_types":["NULL"],"st":8,"en_mention":11,"ancestor":"","eIdx":1,"st_mention":6,"en":15,"ne_type":"ETC","keyword":"[요동정벌군]","e_type":"NEW"},{"kbox_types":["NULL"],"st":17,"en_mention":18,"ancestor":"","eIdx":2,"st_mention":13,"en":24,"ne_type":"ETC","keyword":"[좌군도통사]","e_type":"NEW"},{"kbox_types":["Monarch","Agent","Person"],"st":40,"en_mention":37,"ancestor":"","eIdx":3,"st_mention":34,"en":47,"ne_type":"PERSON","keyword":"[조선_태조]","e_type":"WIKILINK"},{"kbox_types":["MilitaryConflict","Event","SocietalEvent"],"st":57,"en_mention":55,"ancestor":"","eIdx":4,"st_mention":47,"en":65,"ne_type":"ETC","keyword":"[위화도_회군]","e_type":"WIKILINK"},{"kbox_types":["Writer","Agent","Person"],"st":70,"en_mention":63,"ancestor":"","eIdx":5,"st_mention":60,"en":75,"ne_type":"PERSON","keyword":"[이인임]","e_type":"WIKILINK"},{"kbox_types":["Agent","Person","MilitaryPerson"],"st":98,"en_mention":89,"ancestor":"","eIdx":6,"st_mention":86,"en":103,"ne_type":"PERSON","keyword":"[배극렴]","e_type":"WIKILINK"},{"kbox_types":["Agent","Person","MilitaryPerson"],"st":110,"en_mention":99,"ancestor":"","eIdx":7,"st_mention":96,"en":115,"ne_type":"PERSON","keyword":"<조민수>","e_type":"ELU"},{"kbox_types":["Agent","Person","MilitaryPerson"],"st":118,"en_mention":105,"ancestor":"","eIdx":8,"st_mention":102,"en":123,"ne_type":"PERSON","keyword":"<조민수>","e_type":"ELU"},{"kbox_types":["Writer","Agent","Person"],"st":125,"en_mention":110,"ancestor":"","eIdx":9,"st_mention":107,"en":130,"ne_type":"PERSON","keyword":"<이인임>","e_type":"ELU"},{"kbox_types":["Writer","Agent","Person"],"st":151,"en_mention":134,"ancestor":"","eIdx":10,"st_mention":131,"en":156,"ne_type":"PERSON","keyword":"[이인임]","e_type":"WIKILINK"},{"kbox_types":["Writer","Agent","Person","MilitaryPerson"],"st":163,"en_mention":143,"ancestor":"","eIdx":11,"st_mention":141,"en":167,"ne_type":"PERSON","keyword":"[이림]","e_type":"WIKILINK"},{"kbox_types":["NULL"],"st":176,"en_mention":154,"ancestor":"","eIdx":12,"st_mention":152,"en":180,"ne_type":"PERSON","keyword":"[근비]","e_type":"NEW"},{"kbox_types":["NULL"],"st":191,"en_mention":167,"ancestor":"","eIdx":13,"st_mention":165,"en":195,"ne_type":"PERSON","keyword":"[왕창]","e_type":"NEW"},{"kbox_types":["NULL"],"st":229,"en_mention":203,"ancestor":"","eIdx":14,"st_mention":201,"en":233,"ne_type":"PERSON","keyword":"[왕씨]","e_type":"NEW"},{"kbox_types":["PopulatedPlace","Settlement","PopulatedPlace","Place"],"st":257,"en_mention":230,"ancestor":"","eIdx":15,"st_mention":227,"en":262,"ne_type":"LOCATION","keyword":"<서천군>","e_type":"ELU"},{"kbox_types":["Agent","Person"],"st":268,"en_mention":238,"ancestor":"","eIdx":16,"st_mention":236,"en":272,"ne_type":"PERSON","keyword":"[이색]","e_type":"WIKILINK"},{"kbox_types":["Agent","Person"],"st":292,"en_mention":260,"ancestor":"","eIdx":17,"st_mention":258,"en":296,"ne_type":"PERSON","keyword":"[이색]","e_type":"NEW"}],"wikiPageId":276535,"pIdx":5,"plainText":"1388년 요동정벌군의 좌군도통사(左軍都統使)로 출정하였다가 이성계(李成桂)와 함께 위화도에서 회군하였다. 이인임(李仁任)의 아버지의 사촌 누이의 아들이 배극렴(裵克廉)과 조민수인데 조민수는 이인임이 자신을 천거해 준 은혜를 생각하여 이인임의 외형제인 이임(李琳)의 딸인 근비(謹妃)의 아들되는 왕창(王昌)을 세우려고 마음먹었다. 장수들이 자기의 뜻을 어기고 왕씨를 세울까 우려해 당시 명망있는 유학자였던 한산군(韓山君) 이색(李穡)의 말을 끌어대보려고 은밀히 이색에게 물었다.","mentionTagged":"[1388년] [요동정벌군]의 [좌군도통사](左軍都統使)로 출정하였다가 [이성계](李成桂)와 함께 [위화도에서 회군]하였다. [이인임](李仁任)의 아버지의 사촌 누이의 아들이 [배극렴](裵克廉)과 [조민수]인데 [조민수]는 [이인임]이 자신을 천거해 준 은혜를 생각하여 [이인임]의 외형제인 [이임](李琳)의 딸인 [근비](謹妃)의 아들되는 [왕창](王昌)을 세우려고 마음먹었다. 장수들이 자기의 뜻을 어기고 [왕씨]를 세울까 우려해 당시 명망있는 유학자였던 [한산군](韓山君) [이색](李穡)의 말을 끌어대보려고 은밀히 [이색]에게 물었다."}