{"entityTagged":"[슐레스비히홀슈타인 주] 북쪽 끝의 [발트_해]에 딸린 [피오르드]에 면하며, [덴마크] 국경 부근에 위치한다. 현재 [독일]에서 거의 최북단에 위치하는 도시이다. [13세기]부터 문헌에 언급되고 <시_(행정_구역)>로 인가받았으며, 이후 [슐레스비히_공국]의 한 중심지가 되었다. [16세기] 이후 [지중해]·[그린란드]·[서인도_제도] 등지와도 교역하였고, [코펜하겐] 다음가는 <덴마크> 제2의 도시로 발전하였다. 그러나 [독일]과의 [슐레스비히] 분쟁으로 귀속 문제가 일어났으며, [1864년] 전쟁의 결과 [프로이센]으로 귀속되었다. [제1차_세계대전] 후 주민투표로 [북슐레스비히]는 <덴마크>로 넘어갔으나, [플렌스부르크] 지역은 계속 [독일]에 남게 되었다. [제2차_세계_대전] 중에는 큰 폭격의 피해를 입었고, [나치_독일] 정권 붕괴 이후에 임시 정부가 이 곳에 들어서 [플렌스부르크_정부]로 알려져 있으며, 이 곳에서 [카를_되니츠]가 [연합국]에 항복했다.","globalSId":[2297120,2297121,2297122,2297123,2297124,2297125,2297126],"entities":[{"kbox_types":["Region","PopulatedPlace","AdministrativeRegion","Place","Settlement","AdministrativeRegion"],"st":0,"en_mention":11,"ancestor":"","eIdx":0,"st_mention":0,"en":13,"ne_type":"LOCATION","keyword":"[슐레스비히홀슈타인 주]","e_type":"NEW"},{"kbox_types":["BodyOfWater","Place","Place","NaturalPlace"],"st":20,"en_mention":22,"ancestor":"","eIdx":1,"st_mention":18,"en":26,"ne_type":"LOCATION","keyword":"[발트_해]","e_type":"WIKILINK"},{"kbox_types":["NULL"],"st":31,"en_mention":31,"ancestor":"","eIdx":2,"st_mention":27,"en":37,"ne_type":"ETC","keyword":"[피오르드]","e_type":"WIKILINK"},{"kbox_types":["Country","PopulatedPlace","PopulatedPlace","Place"],"st":44,"en_mention":41,"ancestor":"","eIdx":3,"st_mention":38,"en":49,"ne_type":"LOCATION","keyword":"[덴마크]","e_type":"WIKILINK"},{"kbox_types":["Country","PopulatedPlace","Settlement","PopulatedPlace","Place"],"st":66,"en_mention":60,"ancestor":"","eIdx":4,"st_mention":58,"en":70,"ne_type":"LOCATION","keyword":"[독일]","e_type":"NEW"},{"kbox_types":["NULL"],"st":92,"en_mention":86,"ancestor":"","eIdx":5,"st_mention":82,"en":98,"ne_type":"ETC","keyword":"[13세기]","e_type":"WIKILINK"},{"kbox_types":["NULL"],"st":110,"en_mention":101,"ancestor":"","eIdx":6,"st_mention":98,"en":121,"ne_type":"ETC","keyword":"<시_(행정_구역)>","e_type":"ELU"},{"kbox_types":["Country","PopulatedPlace","PopulatedPlace","Place"],"st":134,"en_mention":122,"ancestor":"","eIdx":7,"st_mention":114,"en":144,"ne_type":"LOCATION","keyword":"[슐레스비히_공국]","e_type":"WIKILINK"},{"kbox_types":["NULL"],"st":158,"en_mention":140,"ancestor":"","eIdx":8,"st_mention":136,"en":164,"ne_type":"ETC","keyword":"[16세기]","e_type":"WIKILINK"},{"kbox_types":["BodyOfWater","Place","Place","NaturalPlace"],"st":168,"en_mention":147,"ancestor":"","eIdx":9,"st_mention":144,"en":173,"ne_type":"LOCATION","keyword":"[지중해]","e_type":"WIKILINK"},{"kbox_types":["Country","Company","Agent","PopulatedPlace","Place","Company","Organisation"],"st":174,"en_mention":152,"ancestor":"","eIdx":10,"st_mention":148,"en":180,"ne_type":"ORGANIZATION","keyword":"[그린란드]","e_type":"WIKILINK"},{"kbox_types":["NULL"],"st":181,"en_mention":159,"ancestor":"","eIdx":11,"st_mention":153,"en":189,"ne_type":"ETC","keyword":"[서인도_제도]","e_type":"WIKILINK"},{"kbox_types":["PopulatedPlace","Place","Settlement","PopulatedPlace","City"],"st":202,"en_mention":176,"ancestor":"","eIdx":12,"st_mention":172,"en":208,"ne_type":"LOCATION","keyword":"[코펜하겐]","e_type":"WIKILINK"},{"kbox_types":["Country","PopulatedPlace","PopulatedPlace","Place"],"st":214,"en_mention":185,"ancestor":"","eIdx":13,"st_mention":182,"en":219,"ne_type":"LOCATION","keyword":"<덴마크>","e_type":"ELU"},{"kbox_types":["Country","PopulatedPlace","Settlement","PopulatedPlace","Place"],"st":239,"en_mention":207,"ancestor":"","eIdx":14,"st_mention":205,"en":243,"ne_type":"LOCATION","keyword":"[독일]","e_type":"NEW"},{"kbox_types":["NULL"],"st":246,"en_mention":215,"ancestor":"","eIdx":15,"st_mention":210,"en":253,"ne_type":"LOCATION","keyword":"[슐레스비히]","e_type":"NEW"},{"kbox_types":["Year","TimePeriod"],"st":273,"en_mention":240,"ancestor":"","eIdx":16,"st_mention":235,"en":280,"ne_type":"TIME","keyword":"[1864년]","e_type":"WIKILINK"},{"kbox_types":["Country","PopulatedPlace","PopulatedPlace","Place"],"st":288,"en_mention":252,"ancestor":"","eIdx":17,"st_mention":248,"en":294,"ne_type":"LOCATION","keyword":"[프로이센]","e_type":"WIKILINK"},{"kbox_types":["MilitaryConflict","Event","SocietalEvent"],"st":304,"en_mention":270,"ancestor":"","eIdx":18,"st_mention":262,"en":314,"ne_type":"ETC","keyword":"[제1차_세계대전]","e_type":"WIKILINK"},{"kbox_types":["NULL"],"st":323,"en_mention":285,"ancestor":"","eIdx":19,"st_mention":279,"en":331,"ne_type":"ETC","keyword":"[북슐레스비히]","e_type":"WIKILINK"},{"kbox_types":["Country","PopulatedPlace","PopulatedPlace","Place"],"st":333,"en_mention":290,"ancestor":"","eIdx":20,"st_mention":287,"en":338,"ne_type":"LOCATION","keyword":"<덴마크>","e_type":"ELU"},{"kbox_types":["Town","PopulatedPlace","Settlement","Town","Place"],"st":347,"en_mention":305,"ancestor":"","eIdx":21,"st_mention":299,"en":355,"ne_type":"LOCATION","keyword":"[플렌스부르크]","e_type":"NEW"},{"kbox_types":["Country","PopulatedPlace","Settlement","PopulatedPlace","Place"],"st":363,"en_mention":315,"ancestor":"","eIdx":22,"st_mention":313,"en":367,"ne_type":"LOCATION","keyword":"[독일]","e_type":"NEW"},{"kbox_types":["MilitaryConflict","Event","SocietalEvent"],"st":377,"en_mention":334,"ancestor":"","eIdx":23,"st_mention":325,"en":388,"ne_type":"ETC","keyword":"[제2차_세계_대전]","e_type":"WIKILINK"},{"kbox_types":["Country","PopulatedPlace","PopulatedPlace","Place"],"st":408,"en_mention":359,"ancestor":"","eIdx":24,"st_mention":354,"en":415,"ne_type":"LOCATION","keyword":"[나치_독일]","e_type":"WIKILINK"},{"kbox_types":["Country","PopulatedPlace","Place","PopulatedPlace"],"st":442,"en_mention":395,"ancestor":"","eIdx":25,"st_mention":386,"en":453,"ne_type":"LOCATION","keyword":"[플렌스부르크_정부]","e_type":"WIKILINK"},{"kbox_types":["Politician","Agent","Person","OfficeHolder","President"],"st":470,"en_mention":418,"ancestor":"","eIdx":26,"st_mention":412,"en":478,"ne_type":"PERSON","keyword":"[카를_되니츠]","e_type":"WIKILINK"},{"kbox_types":["NULL"],"st":480,"en_mention":423,"ancestor":"","eIdx":27,"st_mention":420,"en":485,"ne_type":"ETC","keyword":"[연합국]","e_type":"WIKILINK"}],"wikiPageId":555252,"pIdx":2,"plainText":"슐레스비히홀슈타인 주 북쪽 끝의 발트 해에 딸린 피오르드에 면하며, 덴마크 국경 부근에 위치한다. 현재 독일에서 거의 최북단에 위치하는 도시이다. 13세기부터 문헌에 언급되고 자치시로 인가받았으며, 이후 슐레스비히 공국의 한 중심지가 되었다. 16세기 이후 지중해·그린란드·서인도 제도 등지와도 교역하였고, 코펜하겐 다음가는 덴마크 제2의 도시로 발전하였다. 그러나 독일과의 슐레스비히 분쟁으로 귀속 문제가 일어났으며, 1864년 전쟁의 결과 프로이센으로 귀속되었다. 제1차 세계대전 후 주민투표로 북슐레스비히는 덴마크로 넘어갔으나, 플렌스부르크 지역은 계속 독일에 남게 되었다. 제2차 세계 대전 중에는 큰 폭격의 피해를 입었고, 나치 독일 정권 붕괴 이후에 임시 정부가 이 곳에 들어서 플렌스부르크 정부로 알려져 있으며, 이 곳에서 카를 되니츠가 연합국에 항복했다.","mentionTagged":"[슐레스비히홀슈타인 주] 북쪽 끝의 [발트 해]에 딸린 [피오르드]에 면하며, [덴마크] 국경 부근에 위치한다. 현재 [독일]에서 거의 최북단에 위치하는 도시이다. [13세기]부터 문헌에 언급되고 [자치시]로 인가받았으며, 이후 [슐레스비히 공국]의 한 중심지가 되었다. [16세기] 이후 [지중해]·[그린란드]·[서인도 제도] 등지와도 교역하였고, [코펜하겐] 다음가는 [덴마크] 제2의 도시로 발전하였다. 그러나 [독일]과의 [슐레스비히] 분쟁으로 귀속 문제가 일어났으며, [1864년] 전쟁의 결과 [프로이센]으로 귀속되었다. [제1차 세계대전] 후 주민투표로 [북슐레스비히]는 [덴마크]로 넘어갔으나, [플렌스부르크] 지역은 계속 [독일]에 남게 되었다. [제2차 세계 대전] 중에는 큰 폭격의 피해를 입었고, [나치 독일] 정권 붕괴 이후에 임시 정부가 이 곳에 들어서 [플렌스부르크 정부]로 알려져 있으며, 이 곳에서 [카를 되니츠]가 [연합국]에 항복했다."}