{"entityTagged":"[베르나르도 실바] ([포르투갈어]: Bernardo Mota Veiga de Carvalho e Silva, 1994년 8월 10일 ~ ) 는 [포르투갈]의 [축구_선수]로, 현재 [프리미어리그]의 [맨체스터_시티_FC] 소속이다.","globalSId":[4007576],"entities":[{"kbox_types":["NULL"],"st":0,"en_mention":8,"ancestor":"","eIdx":0,"st_mention":0,"en":10,"ne_type":"PERSON","keyword":"[베르나르도 실바]","e_type":"NEW"},{"kbox_types":["Language"],"st":12,"en_mention":15,"ancestor":"","eIdx":1,"st_mention":10,"en":19,"ne_type":"ETC","keyword":"[포르투갈어]","e_type":"WIKILINK"},{"kbox_types":["Country","PopulatedPlace","Settlement","PopulatedPlace","Place"],"st":81,"en_mention":81,"ancestor":"","eIdx":2,"st_mention":77,"en":87,"ne_type":"LOCATION","keyword":"[포르투갈]","e_type":"WIKILINK"},{"kbox_types":["PersonFunction","Profession"],"st":89,"en_mention":88,"ancestor":"","eIdx":3,"st_mention":83,"en":96,"ne_type":"ETC","keyword":"[축구_선수]","e_type":"WIKILINK"},{"kbox_types":["Agent","SportsLeague","Organisation","SoccerLeague"],"st":102,"en_mention":105,"ancestor":"","eIdx":4,"st_mention":94,"en":110,"ne_type":"ORGANIZATION","keyword":"[프리미어리그]","e_type":"WIKILINK"},{"kbox_types":["SoccerClub","Agent","SportsTeam","Organisation"],"st":112,"en_mention":114,"ancestor":"","eIdx":5,"st_mention":107,"en":124,"ne_type":"ORGANIZATION","keyword":"[맨체스터_시티_FC]","e_type":"WIKILINK"}],"wikiPageId":1775878,"pIdx":1,"plainText":"베르나르도 실바 (포르투갈어: Bernardo Mota Veiga de Carvalho e Silva, 1994년 8월 10일 ~ ) 는 포르투갈의 축구 선수로, 현재 잉글랜드 프리미어리그의 맨체스터 시티 소속이다.","mentionTagged":"[베르나르도 실바] ([포르투갈어]: Bernardo Mota Veiga de Carvalho e Silva, 1994년 8월 10일 ~ ) 는 [포르투갈]의 [축구 선수]로, 현재 [잉글랜드 프리미어리그]의 [맨체스터 시티] 소속이다."}