{"entityTagged":"<아콩카과_산>()은 [아르헨티나] 서쪽 [멘도사_주]에 위치한 [산]이다. [산후안_주_(아르헨티나)]에서 5km, [칠레]와의 국경에서 15 km 떨어져 있으며, [멘도사_(아르헨티나)]시에선 북서쪽으로 112 km 지점에 위치해 있다. [안데스_산맥]의 최고봉으로써 [남아메리카] 대륙에서 가장 높으며, [아시아]를 제외한 모든 대륙의 산 중에서 가장 높다. 하나의 거대한 바위덩어리로 이뤄져 있다.","globalSId":[1052831,1052832,1052833,1052834],"entities":[{"kbox_types":["Place","Mountain","Place","NaturalPlace"],"st":0,"en_mention":6,"ancestor":"","eIdx":0,"st_mention":0,"en":8,"ne_type":"LOCATION","keyword":"<아콩카과_산>","e_type":"ELU"},{"kbox_types":["Country","PopulatedPlace","PopulatedPlace","Place"],"st":12,"en_mention":15,"ancestor":"","eIdx":1,"st_mention":10,"en":19,"ne_type":"LOCATION","keyword":"[아르헨티나]","e_type":"WIKILINK"},{"kbox_types":["PopulatedPlace","Settlement","PopulatedPlace","Place"],"st":23,"en_mention":24,"ancestor":"","eIdx":2,"st_mention":19,"en":30,"ne_type":"LOCATION","keyword":"[멘도사_주]","e_type":"WIKILINK"},{"kbox_types":["NULL"],"st":36,"en_mention":31,"ancestor":"","eIdx":3,"st_mention":30,"en":39,"ne_type":"ETC","keyword":"[산]","e_type":"WIKILINK"},{"kbox_types":["PopulatedPlace","Settlement","PopulatedPlace","Place"],"st":43,"en_mention":40,"ancestor":"","eIdx":4,"st_mention":35,"en":58,"ne_type":"LOCATION","keyword":"[산후안_주_(아르헨티나)]","e_type":"WIKILINK"},{"kbox_types":["Country","PopulatedPlace","Settlement","PopulatedPlace","Place"],"st":66,"en_mention":50,"ancestor":"","eIdx":5,"st_mention":48,"en":70,"ne_type":"LOCATION","keyword":"[칠레]","e_type":"WIKILINK"},{"kbox_types":["PopulatedPlace","Place","Settlement","PopulatedPlace","City"],"st":93,"en_mention":76,"ancestor":"","eIdx":6,"st_mention":73,"en":106,"ne_type":"LOCATION","keyword":"[멘도사_(아르헨티나)]","e_type":"WIKILINK"},{"kbox_types":["Place","Place","MountainRange","NaturalPlace"],"st":135,"en_mention":111,"ancestor":"","eIdx":7,"st_mention":105,"en":143,"ne_type":"LOCATION","keyword":"[안데스_산맥]","e_type":"WIKILINK"},{"kbox_types":["PopulatedPlace","Place","Settlement","PopulatedPlace","Continent"],"st":152,"en_mention":125,"ancestor":"","eIdx":8,"st_mention":120,"en":159,"ne_type":"LOCATION","keyword":"[남아메리카]","e_type":"WIKILINK"},{"kbox_types":["PopulatedPlace","Place","Settlement","PopulatedPlace","Continent"],"st":173,"en_mention":142,"ancestor":"","eIdx":9,"st_mention":139,"en":178,"ne_type":"LOCATION","keyword":"[아시아]","e_type":"WIKILINK"}],"wikiPageId":155111,"pIdx":1,"plainText":"아콩카과 산()은 아르헨티나 서쪽 멘도사 주에 위치한 산이다. 산후안 주에서 5km, 칠레와의 국경에서 15 km 떨어져 있으며, 멘도사시에선 북서쪽으로 112 km 지점에 위치해 있다. 안데스 산맥의 최고봉으로써 남아메리카 대륙에서 가장 높으며, 아시아를 제외한 모든 대륙의 산 중에서 가장 높다. 하나의 거대한 바위덩어리로 이뤄져 있다.","mentionTagged":"[아콩카과 산]()은 [아르헨티나] 서쪽 [멘도사 주]에 위치한 [산]이다. [산후안 주]에서 5km, [칠레]와의 국경에서 15 km 떨어져 있으며, [멘도사]시에선 북서쪽으로 112 km 지점에 위치해 있다. [안데스 산맥]의 최고봉으로써 [남아메리카] 대륙에서 가장 높으며, [아시아]를 제외한 모든 대륙의 산 중에서 가장 높다. 하나의 거대한 바위덩어리로 이뤄져 있다."}