{"entityTagged":"<포스하이메탈>은 [페로망간]을 생산하는 [대한민국]의 기업이다. [2009년]에 [포스코]와 [동부메탈]이 공동으로 합작하여 설립된 회사이다. [대한민국] [전라남도] [광양시] 금호동에 본사를 두고 있다. 회사의 시초는 [2009년] [4월]로 양사간의 [MOU]체결에서 비롯되었으며 [7월], 양 사간 합작투자계약 체결을 거쳐 [9월]에 비로소 주식회사 [포스하이메탈] 법인이 창립되었다.","globalSId":[2681400,2681401,2681402,2681403],"entities":[{"kbox_types":["Company","Agent","Organisation"],"st":0,"en_mention":6,"ancestor":"","eIdx":0,"st_mention":0,"en":8,"ne_type":"ORGANIZATION","keyword":"<포스하이메탈>","e_type":"ELU"},{"kbox_types":["NULL"],"st":10,"en_mention":12,"ancestor":"","eIdx":1,"st_mention":8,"en":16,"ne_type":"ETC","keyword":"[페로망간]","e_type":"WIKILINK"},{"kbox_types":["Country","PopulatedPlace","PopulatedPlace","Place"],"st":23,"en_mention":23,"ancestor":"","eIdx":2,"st_mention":19,"en":29,"ne_type":"LOCATION","keyword":"[대한민국]","e_type":"WIKILINK"},{"kbox_types":["Year","MusicalWork","TimePeriod","Work","Album"],"st":37,"en_mention":36,"ancestor":"","eIdx":3,"st_mention":31,"en":44,"ne_type":"TIME","keyword":"[2009년]","e_type":"NEW"},{"kbox_types":["Company","Agent","Organisation"],"st":46,"en_mention":41,"ancestor":"","eIdx":4,"st_mention":38,"en":51,"ne_type":"ORGANIZATION","keyword":"[포스코]","e_type":"WIKILINK"},{"kbox_types":["NULL"],"st":53,"en_mention":47,"ancestor":"","eIdx":5,"st_mention":43,"en":59,"ne_type":"ORGANIZATION","keyword":"[동부메탈]","e_type":"NEW"},{"kbox_types":["Country","PopulatedPlace","PopulatedPlace","Place"],"st":81,"en_mention":73,"ancestor":"","eIdx":6,"st_mention":69,"en":87,"ne_type":"LOCATION","keyword":"[대한민국]","e_type":"WIKILINK"},{"kbox_types":["PopulatedPlace","Settlement","PopulatedPlace","Place"],"st":88,"en_mention":78,"ancestor":"","eIdx":7,"st_mention":74,"en":94,"ne_type":"LOCATION","keyword":"[전라남도]","e_type":"WIKILINK"},{"kbox_types":["PopulatedPlace","Settlement","PopulatedPlace","City","Place"],"st":95,"en_mention":82,"ancestor":"","eIdx":8,"st_mention":79,"en":100,"ne_type":"LOCATION","keyword":"[광양시]","e_type":"WIKILINK"},{"kbox_types":["Year","MusicalWork","TimePeriod","Work","Album"],"st":125,"en_mention":112,"ancestor":"","eIdx":9,"st_mention":107,"en":132,"ne_type":"TIME","keyword":"[2009년]","e_type":"NEW"},{"kbox_types":["NULL"],"st":133,"en_mention":115,"ancestor":"","eIdx":10,"st_mention":113,"en":137,"ne_type":"TIME","keyword":"[4월]","e_type":"NEW"},{"kbox_types":["NULL"],"st":144,"en_mention":125,"ancestor":"","eIdx":11,"st_mention":122,"en":149,"ne_type":"ETC","keyword":"[MOU]","e_type":"WIKILINK"},{"kbox_types":["NULL"],"st":161,"en_mention":139,"ancestor":"","eIdx":12,"st_mention":137,"en":165,"ne_type":"TIME","keyword":"[7월]","e_type":"NEW"},{"kbox_types":["NULL"],"st":186,"en_mention":162,"ancestor":"","eIdx":13,"st_mention":160,"en":190,"ne_type":"TIME","keyword":"[9월]","e_type":"NEW"},{"kbox_types":["Company","Agent","Organisation"],"st":201,"en_mention":179,"ancestor":"","eIdx":14,"st_mention":173,"en":209,"ne_type":"ORGANIZATION","keyword":"[포스하이메탈]","e_type":"NEW"}],"wikiPageId":733968,"pIdx":1,"plainText":"포스하이메탈은 페로망간을 생산하는 대한민국의 기업이다. 2009년에 포스코와 동부메탈이 공동으로 합작하여 설립된 회사이다. 대한민국 전라남도 광양시 금호동에 본사를 두고 있다. 회사의 시초는 2009년 4월로 양사간의 MOU체결에서 비롯되었으며 7월, 양 사간 합작투자계약 체결을 거쳐 9월에 비로소 주식회사 포스하이메탈 법인이 창립되었다.","mentionTagged":"[포스하이메탈]은 [페로망간]을 생산하는 [대한민국]의 기업이다. [2009년]에 [포스코]와 [동부메탈]이 공동으로 합작하여 설립된 회사이다. [대한민국] [전라남도] [광양시] 금호동에 본사를 두고 있다. 회사의 시초는 [2009년] [4월]로 양사간의 [MOU]체결에서 비롯되었으며 [7월], 양 사간 합작투자계약 체결을 거쳐 [9월]에 비로소 주식회사 [포스하이메탈] 법인이 창립되었다."}