{"entityTagged":"[북부칼코박쥐](\"Lonchorhina inusitata\")는 [주걱박쥐과](신세계잎코박쥐류)에 속하는 [박쥐]의 일종이다. [브라질]과 [프랑스령_기아나], [수리남] 그리고 [베네수엘라]에서 발견된다.","globalSId":[3904843,3904844],"entities":[{"kbox_types":["NULL"],"st":0,"en_mention":6,"ancestor":"","eIdx":0,"st_mention":0,"en":8,"ne_type":"ETC","keyword":"[북부칼코박쥐]","e_type":"NEW"},{"kbox_types":["Animal","Species","TopicalConcept","Taxon","Eukaryote","Mammal"],"st":35,"en_mention":38,"ancestor":"","eIdx":1,"st_mention":33,"en":42,"ne_type":"ETC","keyword":"[주걱박쥐과]","e_type":"WIKILINK"},{"kbox_types":["Animal","Species","TopicalConcept","Taxon","Eukaryote","Mammal"],"st":58,"en_mention":56,"ancestor":"","eIdx":2,"st_mention":54,"en":62,"ne_type":"ETC","keyword":"[박쥐]","e_type":"WIKILINK"},{"kbox_types":["Country","PopulatedPlace","PopulatedPlace","Place"],"st":70,"en_mention":67,"ancestor":"","eIdx":3,"st_mention":64,"en":75,"ne_type":"LOCATION","keyword":"[브라질]","e_type":"WIKILINK"},{"kbox_types":["Region","PopulatedPlace","AdministrativeRegion","Place","Settlement","Department","GovernmentalAdministrativeRegion","AdministrativeRegion","OverseasDepartment"],"st":77,"en_mention":77,"ancestor":"","eIdx":4,"st_mention":69,"en":87,"ne_type":"LOCATION","keyword":"[프랑스령_기아나]","e_type":"WIKILINK"},{"kbox_types":["Country","PopulatedPlace","PopulatedPlace","Place"],"st":89,"en_mention":82,"ancestor":"","eIdx":5,"st_mention":79,"en":94,"ne_type":"LOCATION","keyword":"[수리남]","e_type":"WIKILINK"},{"kbox_types":["Country","PopulatedPlace","PopulatedPlace","Place"],"st":99,"en_mention":92,"ancestor":"","eIdx":6,"st_mention":87,"en":106,"ne_type":"LOCATION","keyword":"[베네수엘라]","e_type":"WIKILINK"}],"wikiPageId":1675794,"pIdx":1,"plainText":"북부칼코박쥐(\"Lonchorhina inusitata\")는 주걱박쥐과(신세계잎코박쥐류)에 속하는 박쥐의 일종이다. 브라질과 프랑스령 기아나, 수리남 그리고 베네수엘라에서 발견된다.","mentionTagged":"[북부칼코박쥐](\"Lonchorhina inusitata\")는 [주걱박쥐과](신세계잎코박쥐류)에 속하는 [박쥐]의 일종이다. [브라질]과 [프랑스령 기아나], [수리남] 그리고 [베네수엘라]에서 발견된다."}