{"entityTagged":"한편 [2008년_한국시리즈] <우승>인 [SK_와이번스]는 투수부문 3명을 포함해 총 8명의 [골든글러브] 수상 후보자를 내었으나, [투수]부문의 [김광현_(야구_선수)]만이 수상하여 단 한 명의 수상자를 배출하는 데 그쳤다. [지명타자] 부문의 [홍성흔]은 시즌 후두로 [두산_베어스]에서 [롯데_자이언츠]로 이적하였기 때문에 올 시즌 소속팀이었던 [두산]이 아닌 [롯데] 소속으로 수상하였다. [롯데]의 [카림_가르시아]는 외국인 선수로는 9번째로 <골든글러브>를 수상하는 영예를 얻었다. 두산의 [김동주]는 시상하면서 수상하는 어이없는 장면이 나왔다.","globalSId":[1543152,1543153,1543154,1543155],"entities":[{"kbox_types":["NULL"],"st":3,"en_mention":14,"ancestor":"","eIdx":0,"st_mention":3,"en":16,"ne_type":"ETC","keyword":"[2008년_한국시리즈]","e_type":"WIKILINK"},{"kbox_types":["NULL"],"st":17,"en_mention":19,"ancestor":"","eIdx":1,"st_mention":15,"en":21,"ne_type":"ETC","keyword":"<우승>","e_type":"ELU"},{"kbox_types":["SoccerClub","Agent","Organisation","SportsTeam"],"st":23,"en_mention":28,"ancestor":"","eIdx":2,"st_mention":21,"en":32,"ne_type":"ORGANIZATION","keyword":"[SK_와이번스]","e_type":"WIKILINK"},{"kbox_types":["NULL"],"st":53,"en_mention":54,"ancestor":"","eIdx":3,"st_mention":49,"en":60,"ne_type":"ETC","keyword":"[골든글러브]","e_type":"NEW"},{"kbox_types":["NULL"],"st":75,"en_mention":71,"ancestor":"","eIdx":4,"st_mention":69,"en":79,"ne_type":"ETC","keyword":"[투수]","e_type":"WIKILINK"},{"kbox_types":["Athlete","Agent","Person","BaseballPlayer"],"st":83,"en_mention":78,"ancestor":"","eIdx":5,"st_mention":75,"en":96,"ne_type":"PERSON","keyword":"[김광현_(야구_선수)]","e_type":"WIKILINK"},{"kbox_types":["NULL"],"st":128,"en_mention":114,"ancestor":"","eIdx":6,"st_mention":110,"en":134,"ne_type":"ETC","keyword":"[지명타자]","e_type":"WIKILINK"},{"kbox_types":["Athlete","Agent","Person","BaseballPlayer"],"st":139,"en_mention":122,"ancestor":"","eIdx":7,"st_mention":119,"en":144,"ne_type":"PERSON","keyword":"[홍성흔]","e_type":"WIKILINK"},{"kbox_types":["SoccerClub","Agent","Organisation","SportsTeam"],"st":153,"en_mention":139,"ancestor":"","eIdx":8,"st_mention":133,"en":161,"ne_type":"ORGANIZATION","keyword":"[두산_베어스]","e_type":"WIKILINK"},{"kbox_types":["SoccerClub","Agent","Organisation","SportsTeam"],"st":164,"en_mention":149,"ancestor":"","eIdx":9,"st_mention":142,"en":173,"ne_type":"ORGANIZATION","keyword":"[롯데_자이언츠]","e_type":"WIKILINK"},{"kbox_types":["Company","Agent","Organisation"],"st":197,"en_mention":175,"ancestor":"","eIdx":10,"st_mention":173,"en":201,"ne_type":"ORGANIZATION","keyword":"[두산]","e_type":"NEW"},{"kbox_types":["Agent","Organisation","Company"],"st":206,"en_mention":182,"ancestor":"","eIdx":11,"st_mention":180,"en":210,"ne_type":"ORGANIZATION","keyword":"[롯데]","e_type":"NEW"},{"kbox_types":["Agent","Organisation","Company"],"st":223,"en_mention":197,"ancestor":"","eIdx":12,"st_mention":195,"en":227,"ne_type":"ORGANIZATION","keyword":"[롯데]","e_type":"NEW"},{"kbox_types":["Athlete","Agent","Person","BaseballPlayer"],"st":229,"en_mention":206,"ancestor":"","eIdx":13,"st_mention":199,"en":238,"ne_type":"PERSON","keyword":"[카림_가르시아]","e_type":"WIKILINK"},{"kbox_types":["NULL"],"st":254,"en_mention":227,"ancestor":"","eIdx":14,"st_mention":222,"en":261,"ne_type":"ETC","keyword":"<골든글러브>","e_type":"ELU"},{"kbox_types":["NULL"],"st":281,"en_mention":250,"ancestor":"","eIdx":15,"st_mention":247,"en":286,"ne_type":"ETC","keyword":"[김동주]","e_type":"WIKILINK"}],"wikiPageId":274232,"pIdx":3,"plainText":"한편 2008년 한국시리즈 우승 팀인 SK 와이번스는 투수부문 3명을 포함해 총 8명의 골든글러브 수상 후보자를 내었으나, 투수부문의 김광현만이 수상하여 단 한 명의 수상자를 배출하는 데 그쳤다. 지명타자 부문의 홍성흔은 시즌 후 FA로 두산 베어스에서 롯데 자이언츠로 이적하였기 때문에 올 시즌 소속팀이었던 두산이 아닌 롯데 소속으로 수상하였다. 롯데의 카림 가르시아는 외국인 선수로는 9번째로 골든글러브를 수상하는 영예를 얻었다. 두산의 김동주는 시상하면서 수상하는 어이없는 장면이 나왔다.","mentionTagged":"한편 [2008년 한국시리즈] [우승 팀]인 [SK 와이번스]는 투수부문 3명을 포함해 총 8명의 [골든글러브] 수상 후보자를 내었으나, [투수]부문의 [김광현]만이 수상하여 단 한 명의 수상자를 배출하는 데 그쳤다. [지명타자] 부문의 [홍성흔]은 시즌 후 FA로 [두산 베어스]에서 [롯데 자이언츠]로 이적하였기 때문에 올 시즌 소속팀이었던 [두산]이 아닌 [롯데] 소속으로 수상하였다. [롯데]의 [카림 가르시아]는 외국인 선수로는 9번째로 [골든글러브]를 수상하는 영예를 얻었다. 두산의 [김동주]는 시상하면서 수상하는 어이없는 장면이 나왔다."}