{"entityTagged":"<매봉산_(경남)>(妹峰山, 鷹峰山)은 [대한민국] [경상남도] [밀양시] [삼랑진읍] [송지리] [신천마을]과 [삼랑리(낙동)]에 걸쳐 있는 높이 283.7m의 [산]이다. [만어산], [구천산], [금오산_(경남_밀양\/양산)], [천태산_(경상남도)] 등 [삼랑진]을 에워싸고 있는 다른 산에 비하면 나지막하지만 [삼랑진] 관내 학교 교가에 빠지지 않고 들어갈 만큼 <삼랑진읍>을 상징하는 산이라 할 수 있다.","globalSId":[1877840,1877841],"entities":[{"kbox_types":["Place","Mountain","NaturalPlace"],"st":0,"en_mention":3,"ancestor":"","eIdx":0,"st_mention":0,"en":10,"ne_type":"LOCATION","keyword":"<매봉산_(경남)>","e_type":"ELU"},{"kbox_types":["Country","PopulatedPlace","PopulatedPlace","Place"],"st":22,"en_mention":19,"ancestor":"","eIdx":1,"st_mention":15,"en":28,"ne_type":"LOCATION","keyword":"[대한민국]","e_type":"WIKILINK"},{"kbox_types":["PopulatedPlace","Settlement","PopulatedPlace","Place"],"st":29,"en_mention":24,"ancestor":"","eIdx":2,"st_mention":20,"en":35,"ne_type":"LOCATION","keyword":"[경상남도]","e_type":"WIKILINK"},{"kbox_types":["PopulatedPlace","Settlement","PopulatedPlace","City","Place"],"st":36,"en_mention":28,"ancestor":"","eIdx":3,"st_mention":25,"en":41,"ne_type":"LOCATION","keyword":"[밀양시]","e_type":"WIKILINK"},{"kbox_types":["Region","PopulatedPlace","AdministrativeRegion","Place","AdministrativeRegion"],"st":42,"en_mention":33,"ancestor":"","eIdx":4,"st_mention":29,"en":48,"ne_type":"LOCATION","keyword":"[삼랑진읍]","e_type":"WIKILINK"},{"kbox_types":["NULL"],"st":49,"en_mention":37,"ancestor":"","eIdx":5,"st_mention":34,"en":54,"ne_type":"LOCATION","keyword":"[송지리]","e_type":"NEW"},{"kbox_types":["NULL"],"st":55,"en_mention":42,"ancestor":"","eIdx":6,"st_mention":38,"en":61,"ne_type":"LOCATION","keyword":"[신천마을]","e_type":"NEW"},{"kbox_types":["NULL"],"st":63,"en_mention":51,"ancestor":"","eIdx":7,"st_mention":44,"en":72,"ne_type":"LOCATION","keyword":"[삼랑리(낙동)]","e_type":"NEW"},{"kbox_types":["NULL"],"st":91,"en_mention":71,"ancestor":"","eIdx":8,"st_mention":70,"en":94,"ne_type":"ETC","keyword":"[산]","e_type":"WIKILINK"},{"kbox_types":["Place","Mountain","NaturalPlace"],"st":98,"en_mention":78,"ancestor":"","eIdx":9,"st_mention":75,"en":103,"ne_type":"LOCATION","keyword":"[만어산]","e_type":"WIKILINK"},{"kbox_types":["NULL"],"st":105,"en_mention":83,"ancestor":"","eIdx":10,"st_mention":80,"en":110,"ne_type":"ETC","keyword":"[구천산]","e_type":"WIKILINK"},{"kbox_types":["NULL"],"st":112,"en_mention":88,"ancestor":"","eIdx":11,"st_mention":85,"en":128,"ne_type":"ETC","keyword":"[금오산_(경남_밀양\/양산)]","e_type":"WIKILINK"},{"kbox_types":["Place","Mountain","NaturalPlace"],"st":130,"en_mention":93,"ancestor":"","eIdx":12,"st_mention":90,"en":142,"ne_type":"LOCATION","keyword":"[천태산_(경상남도)]","e_type":"WIKILINK"},{"kbox_types":["NULL"],"st":145,"en_mention":99,"ancestor":"","eIdx":13,"st_mention":96,"en":150,"ne_type":"ETC","keyword":"[삼랑진]","e_type":"WIKILINK"},{"kbox_types":["NULL"],"st":177,"en_mention":129,"ancestor":"","eIdx":14,"st_mention":126,"en":182,"ne_type":"LOCATION","keyword":"[삼랑진]","e_type":"NEW"},{"kbox_types":["Region","PopulatedPlace","AdministrativeRegion","Place","AdministrativeRegion"],"st":207,"en_mention":157,"ancestor":"","eIdx":15,"st_mention":154,"en":213,"ne_type":"LOCATION","keyword":"<삼랑진읍>","e_type":"ELU"}],"wikiPageId":373571,"pIdx":1,"plainText":"매봉산(妹峰山, 鷹峰山)은 대한민국 경상남도 밀양시 삼랑진읍 송지리 신천마을과 삼랑리(낙동)에 걸쳐 있는 높이 283.7m의 산이다. 만어산, 구천산, 금오산, 천태산 등 삼랑진을 에워싸고 있는 다른 산에 비하면 나지막하지만 삼랑진 관내 학교 교가에 빠지지 않고 들어갈 만큼 삼랑진을 상징하는 산이라 할 수 있다.","mentionTagged":"[매봉산](妹峰山, 鷹峰山)은 [대한민국] [경상남도] [밀양시] [삼랑진읍] [송지리] [신천마을]과 [삼랑리(낙동)]에 걸쳐 있는 높이 283.7m의 [산]이다. [만어산], [구천산], [금오산], [천태산] 등 [삼랑진]을 에워싸고 있는 다른 산에 비하면 나지막하지만 [삼랑진] 관내 학교 교가에 빠지지 않고 들어갈 만큼 [삼랑진]을 상징하는 산이라 할 수 있다."}