{"entityTagged":"<신경주역>(新慶州驛)은 [대한민국] [경상북도] [경주시] [건천읍] [화천리]에 있는 [경부고속철도]의 [철도역]이다. [2010년] [11월_1일] [경부고속철도] 2단계 구간이 완공되면서 영업을 개시하였으며, [한국고속철도] 열차가 정차하게 되었다.","globalSId":[1295126,1295127],"entities":[{"kbox_types":["ArchitecturalStructure","Place","Station","Place","Infrastructure","RailwayStation"],"st":0,"en_mention":4,"ancestor":"","eIdx":0,"st_mention":0,"en":6,"ne_type":"LOCATION","keyword":"<신경주역>","e_type":"ELU"},{"kbox_types":["Country","PopulatedPlace","PopulatedPlace","Place"],"st":14,"en_mention":16,"ancestor":"","eIdx":1,"st_mention":12,"en":20,"ne_type":"LOCATION","keyword":"[대한민국]","e_type":"WIKILINK"},{"kbox_types":["PopulatedPlace","Settlement","PopulatedPlace","Place"],"st":21,"en_mention":21,"ancestor":"","eIdx":2,"st_mention":17,"en":27,"ne_type":"LOCATION","keyword":"[경상북도]","e_type":"WIKILINK"},{"kbox_types":["PopulatedPlace","Settlement","PopulatedPlace","City","Place"],"st":28,"en_mention":25,"ancestor":"","eIdx":3,"st_mention":22,"en":33,"ne_type":"LOCATION","keyword":"[경주시]","e_type":"WIKILINK"},{"kbox_types":["Region","PopulatedPlace","AdministrativeRegion","Place","AdministrativeRegion"],"st":34,"en_mention":29,"ancestor":"","eIdx":4,"st_mention":26,"en":39,"ne_type":"LOCATION","keyword":"[건천읍]","e_type":"WIKILINK"},{"kbox_types":["NULL"],"st":40,"en_mention":33,"ancestor":"","eIdx":5,"st_mention":30,"en":45,"ne_type":"LOCATION","keyword":"[화천리]","e_type":"NEW"},{"kbox_types":["ArchitecturalStructure","Place","RailwayLine","RouteOfTransportation","Infrastructure"],"st":50,"en_mention":41,"ancestor":"","eIdx":6,"st_mention":38,"en":58,"ne_type":"LOCATION","keyword":"[경부고속철도]","e_type":"WIKILINK"},{"kbox_types":["NULL"],"st":60,"en_mention":46,"ancestor":"","eIdx":7,"st_mention":43,"en":65,"ne_type":"ETC","keyword":"[철도역]","e_type":"WIKILINK"},{"kbox_types":["Year","MusicalWork","TimePeriod","Work","Album"],"st":69,"en_mention":55,"ancestor":"","eIdx":8,"st_mention":50,"en":76,"ne_type":"TIME","keyword":"[2010년]","e_type":"WIKILINK"},{"kbox_types":["NULL"],"st":77,"en_mention":62,"ancestor":"","eIdx":9,"st_mention":56,"en":85,"ne_type":"TIME","keyword":"[11월_1일]","e_type":"WIKILINK"},{"kbox_types":["ArchitecturalStructure","Place","RailwayLine","RouteOfTransportation","Infrastructure"],"st":86,"en_mention":69,"ancestor":"","eIdx":10,"st_mention":63,"en":94,"ne_type":"LOCATION","keyword":"[경부고속철도]","e_type":"WIKILINK"},{"kbox_types":["ArchitecturalStructure","Place","RailwayLine","RouteOfTransportation","Infrastructure"],"st":121,"en_mention":99,"ancestor":"","eIdx":11,"st_mention":96,"en":129,"ne_type":"LOCATION","keyword":"[한국고속철도]","e_type":"WIKILINK"}],"wikiPageId":215904,"pIdx":1,"plainText":"신경주역(新慶州驛)은 대한민국 경상북도 경주시 건천읍 화천리에 있는 KTX의 철도역이다. 2010년 11월 1일 경부고속철도 2단계 구간이 완공되면서 영업을 개시하였으며, KTX 열차가 정차하게 되었다.","mentionTagged":"[신경주역](新慶州驛)은 [대한민국] [경상북도] [경주시] [건천읍] [화천리]에 있는 [KTX]의 [철도역]이다. [2010년] [11월 1일] [경부고속철도] 2단계 구간이 완공되면서 영업을 개시하였으며, [KTX] 열차가 정차하게 되었다."}