{"entityTagged":"[10월 13일], 입대 2일 전 [DJ_투컷]이 결혼식을 올리고 [10월 15일], [타블로], [미쓰라_진] 등 [맵더소울] 관계자들의 배웅을 받으며 입대하였다. [10월 26일]에는 리더 [타블로]가 교제해왔던 [강혜정]과 결혼하였다. 결혼식은 비공개로 신랑측 하객으로는 [무브먼트_(힙합_크루)] 크루를 비롯한 힙합 가수들과 신부측 하객으로는 [안성기]와 같은 영화배우들의 다수 참석한 가운데 치러졌다.","globalSId":[564426,564427,564428],"entities":[{"kbox_types":["NULL"],"st":0,"en_mention":7,"ancestor":"","eIdx":0,"st_mention":0,"en":9,"ne_type":"TIME","keyword":"[10월 13일]","e_type":"NEW"},{"kbox_types":["ArchitecturalStructure","Agent","Person","Place","Station","MusicalArtist","Infrastructure","Artist"],"st":19,"en_mention":22,"ancestor":"","eIdx":1,"st_mention":17,"en":26,"ne_type":"PERSON","keyword":"[DJ_투컷]","e_type":"WIKILINK"},{"kbox_types":["NULL"],"st":37,"en_mention":40,"ancestor":"","eIdx":2,"st_mention":33,"en":46,"ne_type":"TIME","keyword":"[10월 15일]","e_type":"NEW"},{"kbox_types":["Agent","Person","MusicalArtist","Artist"],"st":48,"en_mention":45,"ancestor":"","eIdx":3,"st_mention":42,"en":53,"ne_type":"PERSON","keyword":"[타블로]","e_type":"WIKILINK"},{"kbox_types":["ArchitecturalStructure","Agent","Person","Place","Station","MusicalArtist","Infrastructure","Artist"],"st":55,"en_mention":52,"ancestor":"","eIdx":4,"st_mention":47,"en":62,"ne_type":"PERSON","keyword":"[미쓰라_진]","e_type":"WIKILINK"},{"kbox_types":["Company","Agent","RecordLabel","Organisation"],"st":65,"en_mention":59,"ancestor":"","eIdx":5,"st_mention":55,"en":71,"ne_type":"ORGANIZATION","keyword":"[맵더소울]","e_type":"WIKILINK"},{"kbox_types":["NULL"],"st":93,"en_mention":88,"ancestor":"","eIdx":6,"st_mention":81,"en":102,"ne_type":"TIME","keyword":"[10월 26일]","e_type":"NEW"},{"kbox_types":["Agent","Person","MusicalArtist","Artist"],"st":108,"en_mention":97,"ancestor":"","eIdx":7,"st_mention":94,"en":113,"ne_type":"PERSON","keyword":"[타블로]","e_type":"WIKILINK"},{"kbox_types":["Actor","Agent","Person","Artist"],"st":121,"en_mention":108,"ancestor":"","eIdx":8,"st_mention":105,"en":126,"ne_type":"PERSON","keyword":"[강혜정]","e_type":"WIKILINK"},{"kbox_types":["Agent","Group","Organisation","Band"],"st":155,"en_mention":141,"ancestor":"","eIdx":9,"st_mention":137,"en":169,"ne_type":"ORGANIZATION","keyword":"[무브먼트_(힙합_크루)]","e_type":"WIKILINK"},{"kbox_types":["Actor","Agent","Person","Artist"],"st":196,"en_mention":171,"ancestor":"","eIdx":10,"st_mention":168,"en":201,"ne_type":"PERSON","keyword":"[안성기]","e_type":"WIKILINK"}],"wikiPageId":68556,"pIdx":39,"plainText":"10월 13일, 입대 2일 전 DJ 투컷이 결혼식을 올리고 10월 15일, 타블로, 미쓰라 진 등 맵더소울 관계자들의 배웅을 받으며 입대하였다. 10월 26일에는 리더 타블로가 교제해왔던 강혜정과 결혼하였다. 결혼식은 비공개로 신랑측 하객으로는 무브먼트 크루를 비롯한 힙합 가수들과 신부측 하객으로는 안성기와 같은 영화배우들의 다수 참석한 가운데 치러졌다.","mentionTagged":"[10월 13일], 입대 2일 전 [DJ 투컷]이 결혼식을 올리고 [10월 15일], [타블로], [미쓰라 진] 등 [맵더소울] 관계자들의 배웅을 받으며 입대하였다. [10월 26일]에는 리더 [타블로]가 교제해왔던 [강혜정]과 결혼하였다. 결혼식은 비공개로 신랑측 하객으로는 [무브먼트] 크루를 비롯한 힙합 가수들과 신부측 하객으로는 [안성기]와 같은 영화배우들의 다수 참석한 가운데 치러졌다."}