{"entityTagged":"[에티오피아난쟁이몽구스](\"Helogale hirtula\")는 [몽구스]에 속하는 작은 [아프리카] [식육목] [포유류]이다. [사막난쟁이몽구스] 또는 [소말리아난쟁이몽구스]로도 알려져 있다. [동아프리카] 특히 [에티오피아]와 [케냐] 그리고 [소말리아]에서 발견된다.","globalSId":[3764791,3764792,3764793],"entities":[{"kbox_types":["Animal","Species","TopicalConcept","Taxon","Eukaryote","Mammal"],"st":0,"en_mention":11,"ancestor":"","eIdx":0,"st_mention":0,"en":13,"ne_type":"ETC","keyword":"[에티오피아난쟁이몽구스]","e_type":"NEW"},{"kbox_types":["Animal","Species","TopicalConcept","Taxon","Eukaryote","Mammal"],"st":35,"en_mention":37,"ancestor":"","eIdx":1,"st_mention":33,"en":40,"ne_type":"ETC","keyword":"[몽구스]","e_type":"WIKILINK"},{"kbox_types":["PopulatedPlace","Place","Settlement","PopulatedPlace","Continent"],"st":49,"en_mention":50,"ancestor":"","eIdx":2,"st_mention":46,"en":55,"ne_type":"LOCATION","keyword":"[아프리카]","e_type":"WIKILINK"},{"kbox_types":["Animal","Species","TopicalConcept","Taxon","Eukaryote"],"st":56,"en_mention":54,"ancestor":"","eIdx":3,"st_mention":51,"en":61,"ne_type":"ETC","keyword":"[식육목]","e_type":"WIKILINK"},{"kbox_types":["Animal","Species","TopicalConcept","Taxon","Eukaryote"],"st":62,"en_mention":58,"ancestor":"","eIdx":4,"st_mention":55,"en":67,"ne_type":"ETC","keyword":"[포유류]","e_type":"WIKILINK"},{"kbox_types":["NULL"],"st":71,"en_mention":70,"ancestor":"","eIdx":5,"st_mention":62,"en":81,"ne_type":"ETC","keyword":"[사막난쟁이몽구스]","e_type":"NEW"},{"kbox_types":["NULL"],"st":85,"en_mention":84,"ancestor":"","eIdx":6,"st_mention":74,"en":97,"ne_type":"ETC","keyword":"[소말리아난쟁이몽구스]","e_type":"NEW"},{"kbox_types":["NULL"],"st":108,"en_mention":100,"ancestor":"","eIdx":7,"st_mention":95,"en":115,"ne_type":"ETC","keyword":"[동아프리카]","e_type":"WIKILINK"},{"kbox_types":["Country","PopulatedPlace","PopulatedPlace","Place"],"st":119,"en_mention":109,"ancestor":"","eIdx":8,"st_mention":104,"en":126,"ne_type":"LOCATION","keyword":"[에티오피아]","e_type":"WIKILINK"},{"kbox_types":["Country","PopulatedPlace","PopulatedPlace","Place"],"st":128,"en_mention":113,"ancestor":"","eIdx":9,"st_mention":111,"en":132,"ne_type":"LOCATION","keyword":"[케냐]","e_type":"WIKILINK"},{"kbox_types":["Country","PopulatedPlace","PopulatedPlace","Place"],"st":137,"en_mention":122,"ancestor":"","eIdx":10,"st_mention":118,"en":143,"ne_type":"LOCATION","keyword":"[소말리아]","e_type":"WIKILINK"}],"wikiPageId":1482041,"pIdx":1,"plainText":"에티오피아난쟁이몽구스(\"Helogale hirtula\")는 몽구스과에 속하는 작은 아프리카 식육목 포유류이다. 사막난쟁이몽구스 또는 소말리아난쟁이몽구스로도 알려져 있다. 동아프리카 특히 에티오피아와 케냐 그리고 소말리아에서 발견된다.","mentionTagged":"[에티오피아난쟁이몽구스](\"Helogale hirtula\")는 [몽구스과]에 속하는 작은 [아프리카] [식육목] [포유류]이다. [사막난쟁이몽구스] 또는 [소말리아난쟁이몽구스]로도 알려져 있다. [동아프리카] 특히 [에티오피아]와 [케냐] 그리고 [소말리아]에서 발견된다."}