{"entityTagged":"<청진항선>(淸津港線)은 [조선민주주의인민공화국] [함경북도] [청진시]에 있는 [청진청년역]과 [청진항역]을 연결하는 철도노선이다. 이 노선은 [함북선]의 분할과 함께 '[청진선]'(淸津線)으로 분리되었다. 광복 이후에 본선은 현재의 명칭으로 변경되었다.","globalSId":[3193090,3193091,3193092],"entities":[{"kbox_types":["RouteOfTransportation","Place","RailwayLine","Infrastructure","ArchitecturalStructure"],"st":0,"en_mention":4,"ancestor":"","eIdx":0,"st_mention":0,"en":6,"ne_type":"LOCATION","keyword":"<청진항선>","e_type":"ELU"},{"kbox_types":["Country","PopulatedPlace","PopulatedPlace","Place"],"st":14,"en_mention":23,"ancestor":"","eIdx":1,"st_mention":12,"en":27,"ne_type":"LOCATION","keyword":"[조선민주주의인민공화국]","e_type":"WIKILINK"},{"kbox_types":["PopulatedPlace","Settlement","PopulatedPlace","Place"],"st":28,"en_mention":28,"ancestor":"","eIdx":2,"st_mention":24,"en":34,"ne_type":"LOCATION","keyword":"[함경북도]","e_type":"WIKILINK"},{"kbox_types":["PopulatedPlace","Settlement","PopulatedPlace","City","Place"],"st":35,"en_mention":32,"ancestor":"","eIdx":3,"st_mention":29,"en":40,"ne_type":"LOCATION","keyword":"[청진시]","e_type":"WIKILINK"},{"kbox_types":["ArchitecturalStructure","Place","Station","Place","Infrastructure","RailwayStation"],"st":45,"en_mention":42,"ancestor":"","eIdx":4,"st_mention":37,"en":52,"ne_type":"LOCATION","keyword":"[청진청년역]","e_type":"WIKILINK"},{"kbox_types":["NULL"],"st":54,"en_mention":48,"ancestor":"","eIdx":5,"st_mention":44,"en":60,"ne_type":"ETC","keyword":"[청진항역]","e_type":"WIKILINK"},{"kbox_types":["ArchitecturalStructure","RailwayLine","Place","RouteOfTransportation","Infrastructure","Place"],"st":81,"en_mention":72,"ancestor":"","eIdx":6,"st_mention":69,"en":86,"ne_type":"LOCATION","keyword":"[함북선]","e_type":"WIKILINK"},{"kbox_types":["NULL"],"st":96,"en_mention":85,"ancestor":"","eIdx":7,"st_mention":82,"en":101,"ne_type":"ETC","keyword":"[청진선]","e_type":"NEW"}],"wikiPageId":1010432,"pIdx":1,"plainText":"청진항선(淸津港線)은 조선민주주의인민공화국 함경북도 청진시에 있는 청진청년역과 청진항역을 연결하는 철도노선이다. 이 노선은 도문선의 분할과 함께 '청진선'(淸津線)으로 분리되었다. 광복 이후에 본선은 현재의 명칭으로 변경되었다.","mentionTagged":"[청진항선](淸津港線)은 [조선민주주의인민공화국] [함경북도] [청진시]에 있는 [청진청년역]과 [청진항역]을 연결하는 철도노선이다. 이 노선은 [도문선]의 분할과 함께 '[청진선]'(淸津線)으로 분리되었다. 광복 이후에 본선은 현재의 명칭으로 변경되었다."}