{"entityTagged":"초기 활동. [브란덴부르크_선제후] [알브레히트_3세_아킬레스]와 그의 두번째 부인인 [작센_선제후] [프리드리히_2세_(작센)]의 딸 [안나]의 차남으로 [바이에른]의 [안스바흐]에서 태어났다. 아버지 [알브레히트_3세_아킬레스]에게는 넷째 아들이었다. 하지만 배다른 형들은 [요한_키케로]를 제외하고는 모두 어려서 요절했다. 일찍이 [1473년] 그의 이복 형 [요한_키케로]는 [프랑크_족]의 관습법인 [살리카_법]의 적용범위가 어디까지인가를 알아보고, 법학자들을 통해 <프리드리히_2세_(프로이센)>의 몫을 정하려 했다. [1479년] [2월_14일] [프랑크푸르트]에서 [폴란드]의 왕 [카지미에시_4세]와 [엘리자베스_폰_합스부르크]의 딸인 [폴란드의_소피아_야기에우오](Sophia Jagiellon)와 결혼했는데, 그는 [지그문트_1세]의 친여동생이다. [1468년] [카지미에시_4세]는 정략결혼 목적으로 자신의 딸 <소피아>를 [신성_로마_제국의_황제] [프리드리히_3세]의 아들 [막시밀리안] 대공과 약혼시켰지만 뒤에 파혼하고, 그에게 시집보냈다. <프리드리히_2세_(프로이센)>의 아버지 [브란덴부르크] [선제후] 겸 백작 [알브레히트_3세_아킬레스]는 [신부_가격]으로 64,000 [플로린]을 [카지미에시_4세]에게 지불했다. 결혼식 후 [알브레히트_3세_아킬레스]는 [폴란드의_국왕] [카지미에시_4세]에게 [결혼_지참금]을 요구했다. 자금이 부족했던 [카지미에시_4세]는 지참금을 할부로 지불하겠다고 약속, [1479년] [12월_25일] 6000 [굴덴]을 먼저 [브란덴부르크] [백작]령에 입금했다. 그러나 나머지 [결혼_지참금]은 받지 못했다.","globalSId":[3535183,3535184,3535185,3535186,3535187,3535188,3535189,3535190,3535191,3535192,3535193],"entities":[{"kbox_types":["NULL"],"st":7,"en_mention":16,"ancestor":"","eIdx":0,"st_mention":6,"en":19,"ne_type":"ETC","keyword":"[브란덴부르크_선제후]","e_type":"WIKILINK"},{"kbox_types":["NULL"],"st":20,"en_mention":30,"ancestor":"","eIdx":1,"st_mention":17,"en":35,"ne_type":"ETC","keyword":"[알브레히트_3세_아킬레스]","e_type":"WIKILINK"},{"kbox_types":["NULL"],"st":48,"en_mention":49,"ancestor":"","eIdx":2,"st_mention":43,"en":56,"ne_type":"ETC","keyword":"[작센_선제후]","e_type":"WIKILINK"},{"kbox_types":["NULL"],"st":57,"en_mention":58,"ancestor":"","eIdx":3,"st_mention":50,"en":72,"ne_type":"ETC","keyword":"[프리드리히_2세_(작센)]","e_type":"WIKILINK"},{"kbox_types":["NULL"],"st":76,"en_mention":64,"ancestor":"","eIdx":4,"st_mention":62,"en":80,"ne_type":"ETC","keyword":"[안나]","e_type":"WIKILINK"},{"kbox_types":["NULL"],"st":87,"en_mention":75,"ancestor":"","eIdx":5,"st_mention":71,"en":93,"ne_type":"ETC","keyword":"[바이에른]","e_type":"WIKILINK"},{"kbox_types":["Town","PopulatedPlace","Settlement","Town","Place"],"st":95,"en_mention":81,"ancestor":"","eIdx":6,"st_mention":77,"en":101,"ne_type":"LOCATION","keyword":"[안스바흐]","e_type":"WIKILINK"},{"kbox_types":["NULL"],"st":114,"en_mention":107,"ancestor":"","eIdx":7,"st_mention":94,"en":129,"ne_type":"ETC","keyword":"[알브레히트_3세_아킬레스]","e_type":"WIKILINK"},{"kbox_types":["NULL"],"st":155,"en_mention":139,"ancestor":"","eIdx":8,"st_mention":133,"en":163,"ne_type":"ETC","keyword":"[요한_키케로]","e_type":"WIKILINK"},{"kbox_types":["Year","TimePeriod"],"st":188,"en_mention":169,"ancestor":"","eIdx":9,"st_mention":164,"en":195,"ne_type":"TIME","keyword":"[1473년]","e_type":"WIKILINK"},{"kbox_types":["NULL"],"st":204,"en_mention":184,"ancestor":"","eIdx":10,"st_mention":178,"en":212,"ne_type":"ETC","keyword":"[요한_키케로]","e_type":"WIKILINK"},{"kbox_types":["NULL"],"st":214,"en_mention":191,"ancestor":"","eIdx":11,"st_mention":186,"en":221,"ne_type":"ETC","keyword":"[프랑크_족]","e_type":"WIKILINK"},{"kbox_types":["NULL"],"st":228,"en_mention":203,"ancestor":"","eIdx":12,"st_mention":198,"en":235,"ne_type":"ETC","keyword":"[살리카_법]","e_type":"WIKILINK"},{"kbox_types":["Royalty","Monarch","BritishRoyalty","Agent","Person"],"st":266,"en_mention":239,"ancestor":"","eIdx":13,"st_mention":234,"en":283,"ne_type":"PERSON","keyword":"<프리드리히_2세_(프로이센)>","e_type":"ELU"},{"kbox_types":["Year","TimePeriod"],"st":296,"en_mention":257,"ancestor":"","eIdx":14,"st_mention":252,"en":303,"ne_type":"TIME","keyword":"[1479년]","e_type":"WIKILINK"},{"kbox_types":["NULL"],"st":304,"en_mention":264,"ancestor":"","eIdx":15,"st_mention":258,"en":312,"ne_type":"TIME","keyword":"[2월_14일]","e_type":"WIKILINK"},{"kbox_types":["Place","PopulatedPlace","Settlement"],"st":313,"en_mention":271,"ancestor":"","eIdx":16,"st_mention":265,"en":321,"ne_type":"LOCATION","keyword":"[프랑크푸르트]","e_type":"WIKILINK"},{"kbox_types":["Country","PopulatedPlace","PopulatedPlace","Place"],"st":324,"en_mention":277,"ancestor":"","eIdx":17,"st_mention":274,"en":329,"ne_type":"LOCATION","keyword":"[폴란드]","e_type":"WIKILINK"},{"kbox_types":["Royalty","BritishRoyalty","Agent","Person"],"st":333,"en_mention":289,"ancestor":"","eIdx":18,"st_mention":281,"en":343,"ne_type":"PERSON","keyword":"[카지미에시_4세]","e_type":"WIKILINK"},{"kbox_types":["NULL"],"st":345,"en_mention":304,"ancestor":"","eIdx":19,"st_mention":291,"en":360,"ne_type":"ETC","keyword":"[엘리자베스_폰_합스부르크]","e_type":"WIKILINK"},{"kbox_types":["NULL"],"st":365,"en_mention":323,"ancestor":"","eIdx":20,"st_mention":309,"en":381,"ne_type":"ETC","keyword":"[폴란드의_소피아_야기에우오]","e_type":"WIKILINK"},{"kbox_types":["Royalty","Monarch","BritishRoyalty","Agent","Person"],"st":411,"en_mention":360,"ancestor":"","eIdx":21,"st_mention":353,"en":420,"ne_type":"PERSON","keyword":"[지그문트_1세]","e_type":"WIKILINK"},{"kbox_types":["Year","TimePeriod"],"st":430,"en_mention":375,"ancestor":"","eIdx":22,"st_mention":370,"en":437,"ne_type":"TIME","keyword":"[1468년]","e_type":"WIKILINK"},{"kbox_types":["Royalty","BritishRoyalty","Agent","Person"],"st":438,"en_mention":384,"ancestor":"","eIdx":23,"st_mention":376,"en":448,"ne_type":"PERSON","keyword":"[카지미에시_4세]","e_type":"WIKILINK"},{"kbox_types":["PopulatedPlace","Settlement","PopulatedPlace","Place"],"st":466,"en_mention":405,"ancestor":"","eIdx":24,"st_mention":402,"en":471,"ne_type":"LOCATION","keyword":"<소피아>","e_type":"ELU"},{"kbox_types":["NULL"],"st":473,"en_mention":419,"ancestor":"","eIdx":25,"st_mention":407,"en":487,"ne_type":"ETC","keyword":"[신성_로마_제국의_황제]","e_type":"WIKILINK"},{"kbox_types":["NULL"],"st":488,"en_mention":428,"ancestor":"","eIdx":26,"st_mention":420,"en":498,"ne_type":"ETC","keyword":"[프리드리히_3세]","e_type":"WIKILINK"},{"kbox_types":["NULL"],"st":503,"en_mention":438,"ancestor":"","eIdx":27,"st_mention":433,"en":510,"ne_type":"PERSON","keyword":"[막시밀리안]","e_type":"NEW"},{"kbox_types":["Royalty","Monarch","BritishRoyalty","Agent","Person"],"st":542,"en_mention":475,"ancestor":"","eIdx":28,"st_mention":470,"en":559,"ne_type":"PERSON","keyword":"<프리드리히_2세_(프로이센)>","e_type":"ELU"},{"kbox_types":["NULL"],"st":565,"en_mention":487,"ancestor":"","eIdx":29,"st_mention":481,"en":573,"ne_type":"ETC","keyword":"[브란덴부르크]","e_type":"WIKILINK"},{"kbox_types":["NULL"],"st":574,"en_mention":491,"ancestor":"","eIdx":30,"st_mention":488,"en":579,"ne_type":"ETC","keyword":"[선제후]","e_type":"WIKILINK"},{"kbox_types":["NULL"],"st":585,"en_mention":510,"ancestor":"","eIdx":31,"st_mention":497,"en":600,"ne_type":"ETC","keyword":"[알브레히트_3세_아킬레스]","e_type":"WIKILINK"},{"kbox_types":["NULL"],"st":602,"en_mention":517,"ancestor":"","eIdx":32,"st_mention":512,"en":609,"ne_type":"ETC","keyword":"[신부_가격]","e_type":"WIKILINK"},{"kbox_types":["Currency"],"st":619,"en_mention":530,"ancestor":"","eIdx":33,"st_mention":527,"en":624,"ne_type":"ETC","keyword":"[플로린]","e_type":"WIKILINK"},{"kbox_types":["Royalty","BritishRoyalty","Agent","Person"],"st":626,"en_mention":540,"ancestor":"","eIdx":34,"st_mention":532,"en":636,"ne_type":"PERSON","keyword":"[카지미에시_4세]","e_type":"WIKILINK"},{"kbox_types":["NULL"],"st":651,"en_mention":568,"ancestor":"","eIdx":35,"st_mention":555,"en":666,"ne_type":"ETC","keyword":"[알브레히트_3세_아킬레스]","e_type":"WIKILINK"},{"kbox_types":["NULL"],"st":668,"en_mention":577,"ancestor":"","eIdx":36,"st_mention":570,"en":677,"ne_type":"ETC","keyword":"[폴란드의_국왕]","e_type":"WIKILINK"},{"kbox_types":["Royalty","BritishRoyalty","Agent","Person"],"st":678,"en_mention":586,"ancestor":"","eIdx":37,"st_mention":578,"en":688,"ne_type":"PERSON","keyword":"[카지미에시_4세]","e_type":"WIKILINK"},{"kbox_types":["NULL"],"st":691,"en_mention":595,"ancestor":"","eIdx":38,"st_mention":589,"en":699,"ne_type":"ETC","keyword":"[결혼_지참금]","e_type":"WIKILINK"},{"kbox_types":["Royalty","BritishRoyalty","Agent","Person"],"st":716,"en_mention":620,"ancestor":"","eIdx":39,"st_mention":612,"en":726,"ne_type":"PERSON","keyword":"[카지미에시_4세]","e_type":"WIKILINK"},{"kbox_types":["Year","TimePeriod"],"st":748,"en_mention":647,"ancestor":"","eIdx":40,"st_mention":642,"en":755,"ne_type":"TIME","keyword":"[1479년]","e_type":"WIKILINK"},{"kbox_types":["NULL"],"st":756,"en_mention":655,"ancestor":"","eIdx":41,"st_mention":648,"en":765,"ne_type":"TIME","keyword":"[12월_25일]","e_type":"WIKILINK"},{"kbox_types":["Currency"],"st":771,"en_mention":663,"ancestor":"","eIdx":42,"st_mention":661,"en":775,"ne_type":"ETC","keyword":"[굴덴]","e_type":"WIKILINK"},{"kbox_types":["NULL"],"st":780,"en_mention":674,"ancestor":"","eIdx":43,"st_mention":668,"en":788,"ne_type":"ETC","keyword":"[브란덴부르크]","e_type":"WIKILINK"},{"kbox_types":["PersonFunction","Profession"],"st":789,"en_mention":677,"ancestor":"","eIdx":44,"st_mention":675,"en":793,"ne_type":"ETC","keyword":"[백작]","e_type":"WIKILINK"},{"kbox_types":["NULL"],"st":810,"en_mention":700,"ancestor":"","eIdx":45,"st_mention":694,"en":818,"ne_type":"ETC","keyword":"[결혼_지참금]","e_type":"WIKILINK"}],"wikiPageId":1286851,"pIdx":4,"plainText":"초기 활동 브란덴부르크 선제후 알브레히트 3세 아킬레스와 그의 두번째 부인인 작센 선제후 프리드리히 2세의 딸 안나의 차남으로 바이에른의 안스바흐에서 태어났다. 아버지 알브레히트 3세 아킬레스에게는 넷째 아들이었다. 하지만 배다른 형들은 요한 키케로를 제외하고는 모두 어려서 요절했다. 일찍이 1473년 그의 이복 형 요한 키케로는 프랑크 족의 관습법인 살리카 법의 적용범위가 어디까지인가를 알아보고, 법학자들을 통해 프리드리히의 몫을 정하려 했다. 1479년 2월 14일 프랑크푸르트에서 폴란드의 왕 카지미에시 4세와 엘리자베스 폰 합스부르크의 딸인 폴란드의 소피아 야기에우오(Sophia Jagiellon)와 결혼했는데, 그는 지그문트 1세의 친여동생이다. 1468년 카지미에시 4세는 정략결혼 목적으로 자신의 딸 소피아를 신성 로마 제국의 황제 프리드리히 3세의 아들 막시밀리안 대공과 약혼시켰지만 뒤에 파혼하고, 그에게 시집보냈다. 프리드리히의 아버지 브란덴부르크 선제후 겸 백작 알브레히트 3세 아킬레스는 신부 가격으로 64,000 플로린을 카지미에시 4세에게 지불했다. 결혼식 후 알브레히트 3세 아킬레스는 폴란드의 국왕 카지미에시 4세에게 결혼 지참금을 요구했다. 자금이 부족했던 카지미에시 4세는 지참금을 할부로 지불하겠다고 약속, 1479년 12월 25일 6000 굴덴을 먼저 브란덴부르크 백작령에 입금했다. 그러나 나머지 결혼 지참금은 받지 못했다.","mentionTagged":"초기 활동 [브란덴부르크 선제후] [알브레히트 3세 아킬레스]와 그의 두번째 부인인 [작센 선제후] [프리드리히 2세]의 딸 [안나]의 차남으로 [바이에른]의 [안스바흐]에서 태어났다. 아버지 [알브레히트 3세 아킬레스]에게는 넷째 아들이었다. 하지만 배다른 형들은 [요한 키케로]를 제외하고는 모두 어려서 요절했다. 일찍이 [1473년] 그의 이복 형 [요한 키케로]는 [프랑크 족]의 관습법인 [살리카 법]의 적용범위가 어디까지인가를 알아보고, 법학자들을 통해 [프리드리히]의 몫을 정하려 했다. [1479년] [2월 14일] [프랑크푸르트]에서 [폴란드]의 왕 [카지미에시 4세]와 [엘리자베스 폰 합스부르크]의 딸인 [폴란드의 소피아 야기에우오](Sophia Jagiellon)와 결혼했는데, 그는 [지그문트 1세]의 친여동생이다. [1468년] [카지미에시 4세]는 정략결혼 목적으로 자신의 딸 [소피아]를 [신성 로마 제국의 황제] [프리드리히 3세]의 아들 [막시밀리안] 대공과 약혼시켰지만 뒤에 파혼하고, 그에게 시집보냈다. [프리드리히]의 아버지 [브란덴부르크] [선제후] 겸 백작 [알브레히트 3세 아킬레스]는 [신부 가격]으로 64,000 [플로린]을 [카지미에시 4세]에게 지불했다. 결혼식 후 [알브레히트 3세 아킬레스]는 [폴란드의 국왕] [카지미에시 4세]에게 [결혼 지참금]을 요구했다. 자금이 부족했던 [카지미에시 4세]는 지참금을 할부로 지불하겠다고 약속, [1479년] [12월 25일] 6000 [굴덴]을 먼저 [브란덴부르크] [백작]령에 입금했다. 그러나 나머지 [결혼 지참금]은 받지 못했다."}