{"entityTagged":"생애. [1955년] [12월] [28일] [중화인민공화국] [지린_성] [창춘_시]에서 태어나 [지린_대학] 중문과를 졸업하였으며 [베이징 사범대학교] 중문과에서 석사 학위와 문예학 박사 학위를 취득하였다. 졸업 후 [베이징 사범대]에서 강의를 열기도 했으며 [1988년] [노르웨이 오슬로 대학교]에서 서구와 중국 비교 문학 강사를 지냈다. 그해 말 [미국 하와이 대학교]에서 옮겨가 [리쩌허우] 식의 [중국]식 [마르크스주의]론과 [덩샤오핑]의 시장 경제 결정론을 동시에 비판하는 [중국] 당대철학 및 정치 등을 강의하였다.","globalSId":[2281361,2281362,2281363,2281364],"entities":[{"kbox_types":["Year","TimePeriod"],"st":4,"en_mention":8,"ancestor":"","eIdx":0,"st_mention":3,"en":11,"ne_type":"TIME","keyword":"[1955년]","e_type":"NEW"},{"kbox_types":["NULL"],"st":12,"en_mention":12,"ancestor":"","eIdx":1,"st_mention":9,"en":17,"ne_type":"TIME","keyword":"[12월]","e_type":"NEW"},{"kbox_types":["NULL"],"st":18,"en_mention":16,"ancestor":"","eIdx":2,"st_mention":13,"en":23,"ne_type":"TIME","keyword":"[28일]","e_type":"NEW"},{"kbox_types":["Country","PopulatedPlace","PopulatedPlace","Place"],"st":24,"en_mention":24,"ancestor":"","eIdx":3,"st_mention":17,"en":33,"ne_type":"LOCATION","keyword":"[중화인민공화국]","e_type":"WIKILINK"},{"kbox_types":["Place","PopulatedPlace","Settlement"],"st":34,"en_mention":29,"ancestor":"","eIdx":4,"st_mention":25,"en":40,"ne_type":"LOCATION","keyword":"[지린_성]","e_type":"WIKILINK"},{"kbox_types":["Agent","PopulatedPlace","Settlement","EducationalInstitution","University","City","Place","Organisation","University"],"st":41,"en_mention":34,"ancestor":"","eIdx":5,"st_mention":30,"en":47,"ne_type":"ORGANIZATION","keyword":"[창춘_시]","e_type":"WIKILINK"},{"kbox_types":["University","Agent","EducationalInstitution","Organisation"],"st":54,"en_mention":46,"ancestor":"","eIdx":6,"st_mention":41,"en":61,"ne_type":"ORGANIZATION","keyword":"[지린_대학]","e_type":"WIKILINK"},{"kbox_types":["NULL"],"st":74,"en_mention":68,"ancestor":"","eIdx":7,"st_mention":59,"en":85,"ne_type":"ORGANIZATION","keyword":"[베이징 사범대학교]","e_type":"NEW"},{"kbox_types":["NULL"],"st":122,"en_mention":112,"ancestor":"","eIdx":8,"st_mention":105,"en":131,"ne_type":"ORGANIZATION","keyword":"[베이징 사범대]","e_type":"NEW"},{"kbox_types":["Year","TimePeriod"],"st":146,"en_mention":132,"ancestor":"","eIdx":9,"st_mention":127,"en":153,"ne_type":"TIME","keyword":"[1988년]","e_type":"NEW"},{"kbox_types":["NULL"],"st":154,"en_mention":145,"ancestor":"","eIdx":10,"st_mention":133,"en":168,"ne_type":"ORGANIZATION","keyword":"[노르웨이 오슬로 대학교]","e_type":"NEW"},{"kbox_types":["NULL"],"st":198,"en_mention":185,"ancestor":"","eIdx":11,"st_mention":175,"en":210,"ne_type":"ORGANIZATION","keyword":"[미국 하와이 대학교]","e_type":"NEW"},{"kbox_types":["NULL"],"st":217,"en_mention":196,"ancestor":"","eIdx":12,"st_mention":192,"en":223,"ne_type":"PERSON","keyword":"[리쩌허우]","e_type":"NEW"},{"kbox_types":["NULL"],"st":227,"en_mention":202,"ancestor":"","eIdx":13,"st_mention":200,"en":231,"ne_type":"LOCATION","keyword":"[중국]","e_type":"NEW"},{"kbox_types":["Ideology","TopicalConcept"],"st":233,"en_mention":210,"ancestor":"","eIdx":14,"st_mention":204,"en":241,"ne_type":"ETC","keyword":"[마르크스주의]","e_type":"WIKILINK"},{"kbox_types":["Politician","Agent","Person","OfficeHolder","President"],"st":244,"en_mention":217,"ancestor":"","eIdx":15,"st_mention":213,"en":250,"ne_type":"PERSON","keyword":"[덩샤오핑]","e_type":"WIKILINK"},{"kbox_types":["NULL"],"st":272,"en_mention":241,"ancestor":"","eIdx":16,"st_mention":239,"en":276,"ne_type":"LOCATION","keyword":"[중국]","e_type":"NEW"}],"wikiPageId":547411,"pIdx":2,"plainText":"생애 1955년 12월 28일 중화인민공화국 지린 성 창춘 시에서 태어나 지린 대학 중문과를 졸업하였으며 베이징 사범대학교 중문과에서 석사 학위와 문예학 박사 학위를 취득하였다. 졸업 후 베이징 사범대에서 강의를 열기도 했으며 1988년 노르웨이 오슬로 대학교에서 서구와 중국 비교 문학 강사를 지냈다. 그해 말 미국 하와이 대학교에서 옮겨가 리쩌허우 식의 중국식 마르크스주의론과 덩샤오핑의 시장 경제 결정론을 동시에 비판하는 중국 당대철학 및 정치 등을 강의하였다.","mentionTagged":"생애 [1955년] [12월] [28일] [중화인민공화국] [지린 성] [창춘 시]에서 태어나 [지린 대학] 중문과를 졸업하였으며 [베이징 사범대학교] 중문과에서 석사 학위와 문예학 박사 학위를 취득하였다. 졸업 후 [베이징 사범대]에서 강의를 열기도 했으며 [1988년] [노르웨이 오슬로 대학교]에서 서구와 중국 비교 문학 강사를 지냈다. 그해 말 [미국 하와이 대학교]에서 옮겨가 [리쩌허우] 식의 [중국]식 [마르크스주의]론과 [덩샤오핑]의 시장 경제 결정론을 동시에 비판하는 [중국] 당대철학 및 정치 등을 강의하였다."}