{"entityTagged":"그 후 1군에 복귀하였지만 [6월] [7일] [도호쿠_라쿠텐_골든이글스]전([미야기_구장])에서 홈으로 출루를 시도할 때 클로즈 플레이 시에 갈비뼈가 부러지는 큰 부상을 당하여 전력에서 장기 이탈당하는 수모를 겪었다. 시즌 종료 후에는 오랜 부상에 시달리고 있던 허리 부위에 통증을 막아내는 주사를 놓으면서 재기를 다졌지만 시즌 종료 후 일부 신문에서 [다무라]가 트레이드 대상자로 보도되어 여러 차례의 추측성 보도가 나오기도 했다. [12월] [5일]에는 [월드 베이스볼] <K리그_클래식>에서 대표팀 감독을 맡았던 [오_사다하루]가 이끄는 [후쿠오카_소프트뱅크_호크스]에 [데라하라_하야토]와의 1대 1 맞트레이드로 입[12월]확[12일]고 12월 12일의 기자회[요코하마]등번호는 요코하마 시절와 똑같은 6번으로 배정되었다.","globalSId":[1832541,1832542,1832543],"entities":[{"kbox_types":["NULL"],"st":15,"en_mention":17,"ancestor":"","eIdx":0,"st_mention":15,"en":19,"ne_type":"TIME","keyword":"[6월]","e_type":"NEW"},{"kbox_types":["NULL"],"st":20,"en_mention":20,"ancestor":"","eIdx":1,"st_mention":18,"en":24,"ne_type":"TIME","keyword":"[7일]","e_type":"NEW"},{"kbox_types":["SoccerClub","Agent","Organisation","SportsTeam"],"st":25,"en_mention":34,"ancestor":"","eIdx":2,"st_mention":21,"en":40,"ne_type":"ORGANIZATION","keyword":"[도호쿠_라쿠텐_골든이글스]","e_type":"WIKILINK"},{"kbox_types":["ArchitecturalStructure","Stadium","Place","SportFacility"],"st":42,"en_mention":49,"ancestor":"","eIdx":3,"st_mention":36,"en":50,"ne_type":"LOCATION","keyword":"[미야기_구장]","e_type":"WIKILINK"},{"kbox_types":["NULL"],"st":197,"en_mention":199,"ancestor":"","eIdx":4,"st_mention":196,"en":202,"ne_type":"PERSON","keyword":"[다무라]","e_type":"NEW"},{"kbox_types":["NULL"],"st":243,"en_mention":243,"ancestor":"","eIdx":5,"st_mention":240,"en":248,"ne_type":"TIME","keyword":"[12월]","e_type":"NEW"},{"kbox_types":["NULL"],"st":249,"en_mention":246,"ancestor":"","eIdx":6,"st_mention":244,"en":253,"ne_type":"TIME","keyword":"[5일]","e_type":"NEW"},{"kbox_types":["NULL"],"st":256,"en_mention":256,"ancestor":"","eIdx":7,"st_mention":249,"en":265,"ne_type":"ETC","keyword":"[월드 베이스볼]","e_type":"NEW"},{"kbox_types":["Agent","SportsLeague","Organisation","SoccerLeague"],"st":266,"en_mention":260,"ancestor":"","eIdx":8,"st_mention":257,"en":275,"ne_type":"ORGANIZATION","keyword":"<K리그_클래식>","e_type":"ELU"},{"kbox_types":["Athlete","Agent","Person","BaseballPlayer"],"st":290,"en_mention":281,"ancestor":"","eIdx":9,"st_mention":275,"en":298,"ne_type":"PERSON","keyword":"[오_사다하루]","e_type":"WIKILINK"},{"kbox_types":["SoccerClub","Agent","Organisation","SportsTeam"],"st":304,"en_mention":301,"ancestor":"","eIdx":10,"st_mention":287,"en":320,"ne_type":"ORGANIZATION","keyword":"[후쿠오카_소프트뱅크_호크스]","e_type":"WIKILINK"},{"kbox_types":["Athlete","Agent","Person","BaseballPlayer"],"st":322,"en_mention":311,"ancestor":"","eIdx":11,"st_mention":303,"en":332,"ne_type":"PERSON","keyword":"[데라하라_하야토]","e_type":"WIKILINK"},{"kbox_types":["NULL"],"st":348,"en_mention":339,"ancestor":"","eIdx":12,"st_mention":336,"en":353,"ne_type":"TIME","keyword":"[12월]","e_type":"NEW"},{"kbox_types":["NULL"],"st":354,"en_mention":343,"ancestor":"","eIdx":13,"st_mention":340,"en":359,"ne_type":"TIME","keyword":"[12일]","e_type":"NEW"},{"kbox_types":["NULL"],"st":373,"en_mention":361,"ancestor":"","eIdx":14,"st_mention":357,"en":379,"ne_type":"ORGANIZATION","keyword":"[요코하마]","e_type":"NEW"}],"wikiPageId":357310,"pIdx":12,"plainText":"그 후 1군에 복귀하였지만 6월 7일 도호쿠 라쿠텐 골든이글스전(풀캐스트 스타디움 미야기)에서 홈으로 출루를 시도할 때 클로즈 플레이 시에 갈비뼈가 부러지는 큰 부상을 당하여 전력에서 장기 이탈당하는 수모를 겪었다. 시즌 종료 후에는 오랜 부상에 시달리고 있던 허리 부위에 통증을 막아내는 주사를 놓으면서 재기를 다졌지만 시즌 종료 후 일부 신문에서 다무라가 트레이드 대상자로 보도되어 여러 차례의 추측성 보도가 나오기도 했다. 12월 5일에는 월드 베이스볼 클래식에서 대표팀 감독을 맡았던 오 사다하루가 이끄는 후쿠오카 소프트뱅크 호크스에 데라하라 하야토와의 1대 1 맞트레이드로 입단이 확정되었고 12월 12일의 기자회견에서 등번호는 요코하마 시절와 똑같은 6번으로 배정되었다.","mentionTagged":"그 후 1군에 복귀하였지만 [6월] [7일] [도호쿠 라쿠텐 골든이글스]전([풀캐스트 스타디움 미야기])에서 홈으로 출루를 시도할 때 클로즈 플레이 시에 갈비뼈가 부러지는 큰 부상을 당하여 전력에서 장기 이탈당하는 수모를 겪었다. 시즌 종료 후에는 오랜 부상에 시달리고 있던 허리 부위에 통증을 막아내는 주사를 놓으면서 재기를 다졌지만 시즌 종료 후 일부 신문에서 [다무라]가 트레이드 대상자로 보도되어 여러 차례의 추측성 보도가 나오기도 했다. [12월] [5일]에는 [월드 베이스볼] [클래식]에서 대표팀 감독을 맡았던 [오 사다하루]가 이끄는 [후쿠오카 소프트뱅크 호크스]에 [데라하라 하야토]와의 1대 1 맞트레이드로 입단이 확정되었고 [12월] [12일]의 기자회견에서 등번호는 [요코하마] 시절와 똑같은 6번으로 배정되었다."}