{"entityTagged":"그는 [2008년] [8월_19일] 여름 이적시장에서 400만 유로의 이적료로 [리그_1]의 [파리_생제르맹_FC]으로 1년 임대를 떠나게 되었고, 시즌이 끝난 뒤 [파리 생제르맹 FC]에서 100만 유로의 이적료를 추가로 지불하여 완전 이적에 성공하였다. 그는 [2009년] [8월_30일] [러시아_프리미어리그]의 [FC_제니트_상트페테르부르크]로 임대 이적하였고, 시즌이 끝난 뒤 복귀하였다. [2011년] [1월_20일] [사우스_차이나]에 입단했고, 계약 기간이 끝나자 [8월_31일] [FC_BATE]에 입단해 활약했다. [2012년] [사우스_차이나]로 돌아와 그곳에서 은퇴했다.","globalSId":[942321,942322,942323,942324],"entities":[{"kbox_types":["Year","MusicalWork","TimePeriod","Work","Album"],"st":3,"en_mention":8,"ancestor":"","eIdx":0,"st_mention":3,"en":10,"ne_type":"TIME","keyword":"[2008년]","e_type":"WIKILINK"},{"kbox_types":["NULL"],"st":11,"en_mention":15,"ancestor":"","eIdx":1,"st_mention":9,"en":19,"ne_type":"TIME","keyword":"[8월_19일]","e_type":"WIKILINK"},{"kbox_types":["Agent","SportsLeague","Organisation","SoccerLeague"],"st":44,"en_mention":44,"ancestor":"","eIdx":2,"st_mention":40,"en":50,"ne_type":"ORGANIZATION","keyword":"[리그_1]","e_type":"WIKILINK"},{"kbox_types":["SoccerClub","Agent","SportsTeam","Organisation"],"st":52,"en_mention":56,"ancestor":"","eIdx":3,"st_mention":46,"en":64,"ne_type":"ORGANIZATION","keyword":"[파리_생제르맹_FC]","e_type":"WIKILINK"},{"kbox_types":["SoccerClub","Agent","SportsTeam","Organisation"],"st":92,"en_mention":94,"ancestor":"","eIdx":4,"st_mention":84,"en":104,"ne_type":"ORGANIZATION","keyword":"[파리 생제르맹 FC]","e_type":"NEW"},{"kbox_types":["Year","MusicalWork","TimePeriod","Work","Album"],"st":147,"en_mention":142,"ancestor":"","eIdx":5,"st_mention":137,"en":154,"ne_type":"TIME","keyword":"[2009년]","e_type":"WIKILINK"},{"kbox_types":["NULL"],"st":155,"en_mention":149,"ancestor":"","eIdx":6,"st_mention":143,"en":163,"ne_type":"TIME","keyword":"[8월_30일]","e_type":"WIKILINK"},{"kbox_types":["NULL"],"st":164,"en_mention":160,"ancestor":"","eIdx":7,"st_mention":150,"en":176,"ne_type":"ETC","keyword":"[러시아_프리미어리그]","e_type":"WIKILINK"},{"kbox_types":["SoccerClub","Agent","SportsTeam","Organisation"],"st":178,"en_mention":177,"ancestor":"","eIdx":8,"st_mention":162,"en":195,"ne_type":"ORGANIZATION","keyword":"[FC_제니트_상트페테르부르크]","e_type":"WIKILINK"},{"kbox_types":["Year","MusicalWork","TimePeriod","Work","Album"],"st":223,"en_mention":210,"ancestor":"","eIdx":9,"st_mention":205,"en":230,"ne_type":"TIME","keyword":"[2011년]","e_type":"WIKILINK"},{"kbox_types":["NULL"],"st":231,"en_mention":217,"ancestor":"","eIdx":10,"st_mention":211,"en":239,"ne_type":"TIME","keyword":"[1월_20일]","e_type":"WIKILINK"},{"kbox_types":["SoccerClub","Agent","Organisation","SportsTeam"],"st":240,"en_mention":225,"ancestor":"","eIdx":11,"st_mention":218,"en":249,"ne_type":"ORGANIZATION","keyword":"[사우스_차이나]","e_type":"WIKILINK"},{"kbox_types":["NULL"],"st":268,"en_mention":250,"ancestor":"","eIdx":12,"st_mention":244,"en":276,"ne_type":"TIME","keyword":"[8월_31일]","e_type":"WIKILINK"},{"kbox_types":["SoccerClub","Agent","Organisation","SportsTeam"],"st":277,"en_mention":258,"ancestor":"","eIdx":13,"st_mention":251,"en":286,"ne_type":"ORGANIZATION","keyword":"[FC_BATE]","e_type":"WIKILINK"},{"kbox_types":["Year","MusicalWork","TimePeriod","Work","Album"],"st":298,"en_mention":275,"ancestor":"","eIdx":14,"st_mention":270,"en":305,"ne_type":"TIME","keyword":"[2012년]","e_type":"WIKILINK"},{"kbox_types":["SoccerClub","Agent","Organisation","SportsTeam"],"st":306,"en_mention":283,"ancestor":"","eIdx":15,"st_mention":276,"en":315,"ne_type":"ORGANIZATION","keyword":"[사우스_차이나]","e_type":"WIKILINK"}],"wikiPageId":130280,"pIdx":5,"plainText":"그는 2008년 8월 19일 여름 이적시장에서 400만 유로의 이적료로 리그 1의 파리 생제르맹 FC으로 1년 임대를 떠나게 되었고, 시즌이 끝난 뒤 파리 생제르맹 FC에서 100만 유로의 이적료를 추가로 지불하여 완전 이적에 성공하였다. 그는 2009년 8월 30일 러시아 프리미어리그의 FC 제니트 상트페테르부르크로 임대 이적하였고, 시즌이 끝난 뒤 복귀하였다. 2011년 1월 20일 사우스 차이나에 입단했고, 계약 기간이 끝나자 8월 31일 FC BATE에 입단해 활약했다. 2012년 사우스 차이나로 돌아와 그곳에서 은퇴했다.","mentionTagged":"그는 [2008년] [8월 19일] 여름 이적시장에서 400만 유로의 이적료로 [리그 1]의 [파리 생제르맹 FC]으로 1년 임대를 떠나게 되었고, 시즌이 끝난 뒤 [파리 생제르맹 FC]에서 100만 유로의 이적료를 추가로 지불하여 완전 이적에 성공하였다. 그는 [2009년] [8월 30일] [러시아 프리미어리그]의 [FC 제니트 상트페테르부르크]로 임대 이적하였고, 시즌이 끝난 뒤 복귀하였다. [2011년] [1월 20일] [사우스 차이나]에 입단했고, 계약 기간이 끝나자 [8월 31일] [FC BATE]에 입단해 활약했다. [2012년] [사우스 차이나]로 돌아와 그곳에서 은퇴했다."}