{"entityTagged":"<미즈사와_번>()은 [일본] [에도_시대]에 존재했던 [일본의_번]으로, 지금의 [이와테_현] [오슈_시] [미즈사와 구]에 위치했다. [번주 가문]은 [센다이_번] [다테_가문]의 일족인 [미즈사와 다테 가문,] 즉 옛 [루스_씨]이다.","globalSId":[1105312,1105313],"entities":[{"kbox_types":["NULL"],"st":0,"en_mention":6,"ancestor":"","eIdx":0,"st_mention":0,"en":8,"ne_type":"ETC","keyword":"<미즈사와_번>","e_type":"ELU"},{"kbox_types":["Country","PopulatedPlace","PopulatedPlace","Place"],"st":12,"en_mention":12,"ancestor":"","eIdx":1,"st_mention":10,"en":16,"ne_type":"LOCATION","keyword":"[일본]","e_type":"WIKILINK"},{"kbox_types":["HistoricalPeriod","MilitaryConflict","Event","TimePeriod","SocietalEvent"],"st":17,"en_mention":18,"ancestor":"","eIdx":2,"st_mention":13,"en":24,"ne_type":"ETC","keyword":"[에도_시대]","e_type":"WIKILINK"},{"kbox_types":["NULL"],"st":31,"en_mention":26,"ancestor":"","eIdx":3,"st_mention":25,"en":38,"ne_type":"ETC","keyword":"[일본의_번]","e_type":"WIKILINK"},{"kbox_types":["Region","PopulatedPlace","AdministrativeRegion","Place","AdministrativeRegion"],"st":46,"en_mention":39,"ancestor":"","eIdx":4,"st_mention":34,"en":53,"ne_type":"LOCATION","keyword":"[이와테_현]","e_type":"WIKILINK"},{"kbox_types":["PopulatedPlace","Settlement","PopulatedPlace","City","Place"],"st":54,"en_mention":44,"ancestor":"","eIdx":5,"st_mention":40,"en":60,"ne_type":"LOCATION","keyword":"[오슈_시]","e_type":"WIKILINK"},{"kbox_types":["NULL"],"st":61,"en_mention":51,"ancestor":"","eIdx":6,"st_mention":45,"en":69,"ne_type":"LOCATION","keyword":"[미즈사와 구]","e_type":"NEW"},{"kbox_types":["NULL"],"st":77,"en_mention":64,"ancestor":"","eIdx":7,"st_mention":59,"en":84,"ne_type":"ORGANIZATION","keyword":"[번주 가문]","e_type":"NEW"},{"kbox_types":["NULL"],"st":86,"en_mention":71,"ancestor":"","eIdx":8,"st_mention":66,"en":93,"ne_type":"ETC","keyword":"[센다이_번]","e_type":"WIKILINK"},{"kbox_types":["NULL"],"st":94,"en_mention":77,"ancestor":"","eIdx":9,"st_mention":72,"en":101,"ne_type":"ETC","keyword":"[다테_가문]","e_type":"WIKILINK"},{"kbox_types":["NULL"],"st":107,"en_mention":94,"ancestor":"","eIdx":10,"st_mention":83,"en":120,"ne_type":"ORGANIZATION","keyword":"[미즈사와 다테 가문,]","e_type":"NEW"},{"kbox_types":["NULL"],"st":125,"en_mention":104,"ancestor":"","eIdx":11,"st_mention":99,"en":131,"ne_type":"ETC","keyword":"[루스_씨]","e_type":"WIKILINK"}],"wikiPageId":165350,"pIdx":1,"plainText":"미즈사와 번()은 일본 에도 시대에 존재했던 번으로, 지금의 이와테 현 오슈 시 미즈사와 구에 위치했다. 번주 가문은 센다이 번 다테 가문의 일족인 미즈사와 다테 가문, 즉 옛 루스 가문이다.","mentionTagged":"[미즈사와 번]()은 [일본] [에도 시대]에 존재했던 [번]으로, 지금의 [이와테 현] [오슈 시] [미즈사와 구]에 위치했다. [번주 가문]은 [센다이 번] [다테 가문]의 일족인 [미즈사와 다테 가문,] 즉 옛 [루스 가문]이다."}