{"entityTagged":"[브레슬라우 전투](, ) 또는 [브레슬라우 포위전]은 [나치_독일]의 [저지_실레지아]의 [브레슬라우](현재는 [폴란드] 영토로 [브로츠와프]라 불림)를 둘러싸고 4개월간 계속된 포위전이었다. 이 도시는 [제1우크라이나_전선군] (사령관 : [이반_코네프] 원수) 예하 [소련_6_군]이 [1945년] [2월_13일] 포위했고, 공방전은 [제2차_세계_대전]의 마지막 날까지 계속되었다.","globalSId":[644869,644870],"entities":[{"kbox_types":["NULL"],"st":0,"en_mention":8,"ancestor":"","eIdx":0,"st_mention":0,"en":10,"ne_type":"ETC","keyword":"[브레슬라우 전투]","e_type":"NEW"},{"kbox_types":["NULL"],"st":18,"en_mention":25,"ancestor":"","eIdx":1,"st_mention":16,"en":29,"ne_type":"ETC","keyword":"[브레슬라우 포위전]","e_type":"NEW"},{"kbox_types":["Country","PopulatedPlace","PopulatedPlace","Place"],"st":31,"en_mention":32,"ancestor":"","eIdx":2,"st_mention":27,"en":38,"ne_type":"LOCATION","keyword":"[나치_독일]","e_type":"WIKILINK"},{"kbox_types":["NULL"],"st":40,"en_mention":41,"ancestor":"","eIdx":3,"st_mention":34,"en":49,"ne_type":"ETC","keyword":"[저지_실레지아]","e_type":"WIKILINK"},{"kbox_types":["NULL"],"st":51,"en_mention":48,"ancestor":"","eIdx":4,"st_mention":43,"en":58,"ne_type":"ETC","keyword":"[브레슬라우]","e_type":"WIKILINK"},{"kbox_types":["Country","PopulatedPlace","PopulatedPlace","Place"],"st":63,"en_mention":56,"ancestor":"","eIdx":5,"st_mention":53,"en":68,"ne_type":"LOCATION","keyword":"[폴란드]","e_type":"WIKILINK"},{"kbox_types":["PopulatedPlace","Settlement","PopulatedPlace","City","Place"],"st":73,"en_mention":66,"ancestor":"","eIdx":6,"st_mention":61,"en":80,"ne_type":"LOCATION","keyword":"[브로츠와프]","e_type":"WIKILINK"},{"kbox_types":["Agent","MilitaryUnit","Organisation"],"st":115,"en_mention":112,"ancestor":"","eIdx":7,"st_mention":101,"en":128,"ne_type":"ORGANIZATION","keyword":"[제1우크라이나_전선군]","e_type":"WIKILINK"},{"kbox_types":["Agent","Person","MilitaryPerson"],"st":136,"en_mention":126,"ancestor":"","eIdx":8,"st_mention":120,"en":144,"ne_type":"PERSON","keyword":"[이반_코네프]","e_type":"WIKILINK"},{"kbox_types":["NULL"],"st":152,"en_mention":136,"ancestor":"","eIdx":9,"st_mention":134,"en":160,"ne_type":"ETC","keyword":"[소련_6_군]","e_type":"WIKILINK"},{"kbox_types":["Year","TimePeriod"],"st":162,"en_mention":143,"ancestor":"","eIdx":10,"st_mention":138,"en":169,"ne_type":"TIME","keyword":"[1945년]","e_type":"WIKILINK"},{"kbox_types":["NULL"],"st":170,"en_mention":150,"ancestor":"","eIdx":11,"st_mention":144,"en":178,"ne_type":"TIME","keyword":"[2월_13일]","e_type":"WIKILINK"},{"kbox_types":["MilitaryConflict","Event","SocietalEvent"],"st":190,"en_mention":171,"ancestor":"","eIdx":12,"st_mention":162,"en":201,"ne_type":"ETC","keyword":"[제2차_세계_대전]","e_type":"WIKILINK"}],"wikiPageId":81720,"pIdx":1,"plainText":"브레슬라우 전투(, ) 또는 브레슬라우 포위전은 나치 독일의 저지 실레지아의 브레슬라우(현재는 폴란드 영토로 브로츠와프라 불림)를 둘러싸고 4개월간 계속된 포위전이었다. 이 도시는 제1우크라이나 전선군 (사령관 : 이반 코네프 원수) 예하 6군이 1945년 2월 13일 포위했고, 공방전은 제2차 세계 대전의 마지막 날까지 계속되었다.","mentionTagged":"[브레슬라우 전투](, ) 또는 [브레슬라우 포위전]은 [나치 독일]의 [저지 실레지아]의 [브레슬라우](현재는 [폴란드] 영토로 [브로츠와프]라 불림)를 둘러싸고 4개월간 계속된 포위전이었다. 이 도시는 [제1우크라이나 전선군] (사령관 : [이반 코네프] 원수) 예하 [6군]이 [1945년] [2월 13일] 포위했고, 공방전은 [제2차 세계 대전]의 마지막 날까지 계속되었다."}