{"entityTagged":"<샤를_샴포>()는 [스위스]의 [체조] 선수였다. 그는 [아테네]에서 열린 [1896년_하계_올림픽]에 참가했다.","globalSId":[2123719,2123720],"entities":[{"kbox_types":["Gymnast","Athlete","Agent","Person"],"st":0,"en_mention":5,"ancestor":"","eIdx":0,"st_mention":0,"en":7,"ne_type":"PERSON","keyword":"<샤를_샴포>","e_type":"ELU"},{"kbox_types":["Country","PopulatedPlace","PopulatedPlace","Place"],"st":11,"en_mention":12,"ancestor":"","eIdx":1,"st_mention":9,"en":16,"ne_type":"LOCATION","keyword":"[스위스]","e_type":"WIKILINK"},{"kbox_types":["NULL"],"st":18,"en_mention":16,"ancestor":"","eIdx":2,"st_mention":14,"en":22,"ne_type":"ETC","keyword":"[체조]","e_type":"WIKILINK"},{"kbox_types":["Region","PopulatedPlace","AdministrativeRegion","Place","Settlement","City","AdministrativeRegion"],"st":32,"en_mention":29,"ancestor":"","eIdx":3,"st_mention":26,"en":37,"ne_type":"LOCATION","keyword":"[아테네]","e_type":"WIKILINK"},{"kbox_types":["Olympics","Event","SocietalEvent","SportsEvent"],"st":43,"en_mention":47,"ancestor":"","eIdx":4,"st_mention":35,"en":57,"ne_type":"ETC","keyword":"[1896년_하계_올림픽]","e_type":"WIKILINK"}],"wikiPageId":478213,"pIdx":1,"plainText":"샤를 샴포()는 스위스의 체조 선수였다. 그는 아테네에서 열린 1896년 하계 올림픽에 참가했다.","mentionTagged":"[샤를 샴포]()는 [스위스]의 [체조] 선수였다. 그는 [아테네]에서 열린 [1896년 하계 올림픽]에 참가했다."}