{"entityTagged":"[기미 역]()은 [일본] [오카야마_현] [구라시키_시]에 위치한 [서일본_여객철도] [혼시비산_선] ([세토_대교선])의 [철도역]이다. [상대식_승강장] 2면 2선의 구조를 갖춘 <고가_역_(이바라키_현)>이다.","globalSId":[3937114,3937115],"entities":[{"kbox_types":["NULL"],"st":0,"en_mention":4,"ancestor":"","eIdx":0,"st_mention":0,"en":6,"ne_type":"LOCATION","keyword":"[기미 역]","e_type":"NEW"},{"kbox_types":["Country","PopulatedPlace","PopulatedPlace","Place"],"st":10,"en_mention":10,"ancestor":"","eIdx":1,"st_mention":8,"en":14,"ne_type":"LOCATION","keyword":"[일본]","e_type":"WIKILINK"},{"kbox_types":["Region","PopulatedPlace","AdministrativeRegion","Place","AdministrativeRegion"],"st":15,"en_mention":17,"ancestor":"","eIdx":2,"st_mention":11,"en":23,"ne_type":"LOCATION","keyword":"[오카야마_현]","e_type":"WIKILINK"},{"kbox_types":["PopulatedPlace","Settlement","PopulatedPlace","City","Place"],"st":24,"en_mention":24,"ancestor":"","eIdx":3,"st_mention":18,"en":32,"ne_type":"LOCATION","keyword":"[구라시키_시]","e_type":"WIKILINK"},{"kbox_types":["Agent","Organisation","Company"],"st":38,"en_mention":38,"ancestor":"","eIdx":4,"st_mention":30,"en":48,"ne_type":"ORGANIZATION","keyword":"[서일본_여객철도]","e_type":"WIKILINK"},{"kbox_types":["ArchitecturalStructure","Place","RailwayLine","Place","RouteOfTransportation","Infrastructure"],"st":49,"en_mention":45,"ancestor":"","eIdx":5,"st_mention":39,"en":57,"ne_type":"LOCATION","keyword":"[혼시비산_선]","e_type":"WIKILINK"},{"kbox_types":["NULL"],"st":59,"en_mention":53,"ancestor":"","eIdx":6,"st_mention":47,"en":67,"ne_type":"ETC","keyword":"[세토_대교선]","e_type":"WIKILINK"},{"kbox_types":["NULL"],"st":70,"en_mention":59,"ancestor":"","eIdx":7,"st_mention":56,"en":75,"ne_type":"ETC","keyword":"[철도역]","e_type":"WIKILINK"},{"kbox_types":["NULL"],"st":79,"en_mention":70,"ancestor":"","eIdx":8,"st_mention":63,"en":88,"ne_type":"ETC","keyword":"[상대식_승강장]","e_type":"WIKILINK"},{"kbox_types":["ArchitecturalStructure","Place","Station","Place","Infrastructure","RailwayStation"],"st":103,"en_mention":88,"ancestor":"","eIdx":9,"st_mention":85,"en":118,"ne_type":"LOCATION","keyword":"<고가_역_(이바라키_현)>","e_type":"ELU"}],"wikiPageId":1726782,"pIdx":1,"plainText":"기미 역()은 일본 오카야마 현 구라시키 시에 위치한 서일본 여객철도 혼시비산 선 (세토 대교선)의 철도역이다. 상대식 승강장 2면 2선의 구조를 갖춘 고가역이다.","mentionTagged":"[기미 역]()은 [일본] [오카야마 현] [구라시키 시]에 위치한 [서일본 여객철도] [혼시비산 선] ([세토 대교선])의 [철도역]이다. [상대식 승강장] 2면 2선의 구조를 갖춘 [고가역]이다."}