{"entityTagged":"[토마토]()는 [가지목] [가지과]의 [식물], 또는 그 [열매]를 말한다. [라틴아메리카]가 원산지인 한해살이풀로, 키는 1 ~ 3m에 [노란색] [꽃]이 핀다. 열매는 [리코펜]에 의해 붉은색을 띠며 식용 목적으로 이용된다.","globalSId":[304169,304170,304171],"entities":[{"kbox_types":["Animal","Species","TopicalConcept","Taxon","Eukaryote","Plant"],"st":0,"en_mention":3,"ancestor":"","eIdx":0,"st_mention":0,"en":5,"ne_type":"ETC","keyword":"[토마토]","e_type":"NEW"},{"kbox_types":["Animal","Species","TopicalConcept","Taxon","Eukaryote","Plant","FloweringPlant"],"st":9,"en_mention":10,"ancestor":"","eIdx":1,"st_mention":7,"en":14,"ne_type":"ETC","keyword":"[가지목]","e_type":"WIKILINK"},{"kbox_types":["Animal","Species","TopicalConcept","Taxon","Eukaryote","Plant"],"st":15,"en_mention":14,"ancestor":"","eIdx":2,"st_mention":11,"en":20,"ne_type":"ETC","keyword":"[가지과]","e_type":"WIKILINK"},{"kbox_types":["Species","TopicalConcept","Taxon","Eukaryote","Plant"],"st":22,"en_mention":18,"ancestor":"","eIdx":3,"st_mention":16,"en":26,"ne_type":"ETC","keyword":"[식물]","e_type":"WIKILINK"},{"kbox_types":["NULL"],"st":33,"en_mention":27,"ancestor":"","eIdx":4,"st_mention":25,"en":37,"ne_type":"ETC","keyword":"[열매]","e_type":"WIKILINK"},{"kbox_types":["NULL"],"st":44,"en_mention":40,"ancestor":"","eIdx":5,"st_mention":34,"en":52,"ne_type":"ETC","keyword":"[라틴아메리카]","e_type":"WIKILINK"},{"kbox_types":["Colour"],"st":78,"en_mention":69,"ancestor":"","eIdx":6,"st_mention":66,"en":83,"ne_type":"ETC","keyword":"[노란색]","e_type":"WIKILINK"},{"kbox_types":["NULL"],"st":84,"en_mention":71,"ancestor":"","eIdx":7,"st_mention":70,"en":87,"ne_type":"ETC","keyword":"[꽃]","e_type":"WIKILINK"},{"kbox_types":["NULL"],"st":97,"en_mention":84,"ancestor":"","eIdx":8,"st_mention":81,"en":102,"ne_type":"ETC","keyword":"[리코펜]","e_type":"WIKILINK"}],"wikiPageId":31599,"pIdx":1,"plainText":"토마토()는 가지목 가지과의 식물, 또는 그 열매를 말한다. 라틴아메리카가 원산지인 한해살이풀로, 키는 1 ~ 3m에 노란색 꽃이 핀다. 열매는 리코펜에 의해 붉은색을 띠며 식용 목적으로 이용된다.","mentionTagged":"[토마토]()는 [가지목] [가지과]의 [식물], 또는 그 [열매]를 말한다. [라틴아메리카]가 원산지인 한해살이풀로, 키는 1 ~ 3m에 [노란색] [꽃]이 핀다. 열매는 [리코펜]에 의해 붉은색을 띠며 식용 목적으로 이용된다."}