{"entityTagged":"[조이스티크]()는 [2004년 6월] [웹블로그스]의 일부분으로 설립된 비디오 게임 <블로그>이다. [MMORPG] 게임들을 주로 다루었으며, 특히 《[월드_오브_워크래프트]》를 다루었다.","globalSId":[3798827,3798828],"entities":[{"kbox_types":["Work","Website"],"st":0,"en_mention":5,"ancestor":"","eIdx":0,"st_mention":0,"en":7,"ne_type":"ETC","keyword":"[조이스티크]","e_type":"NEW"},{"kbox_types":["NULL"],"st":11,"en_mention":17,"ancestor":"","eIdx":1,"st_mention":9,"en":21,"ne_type":"TIME","keyword":"[2004년 6월]","e_type":"NEW"},{"kbox_types":["NULL"],"st":22,"en_mention":23,"ancestor":"","eIdx":2,"st_mention":18,"en":29,"ne_type":"ETC","keyword":"[웹블로그스]","e_type":"WIKILINK"},{"kbox_types":["NULL"],"st":48,"en_mention":45,"ancestor":"","eIdx":3,"st_mention":42,"en":53,"ne_type":"ETC","keyword":"<블로그>","e_type":"ELU"},{"kbox_types":["MusicGenre","TopicalConcept","Genre"],"st":57,"en_mention":55,"ancestor":"","eIdx":4,"st_mention":49,"en":65,"ne_type":"ETC","keyword":"[MMORPG]","e_type":"WIKILINK"},{"kbox_types":["Software","VideoGame","Work"],"st":85,"en_mention":86,"ancestor":"","eIdx":5,"st_mention":75,"en":98,"ne_type":"ETC","keyword":"[월드_오브_워크래프트]","e_type":"WIKILINK"}],"wikiPageId":1566577,"pIdx":1,"plainText":"조이스티크()는 2004년 6월 웹블로그스의 일부분으로 설립된 비디오 게임 블로그이다. MMORPG 게임들을 주로 다루었으며, 특히 《월드 오브 워크래프트》를 다루었다.","mentionTagged":"[조이스티크]()는 [2004년 6월] [웹블로그스]의 일부분으로 설립된 비디오 게임 [블로그]이다. [MMORPG] 게임들을 주로 다루었으며, 특히 《[월드 오브 워크래프트]》를 다루었다."}