{"entityTagged":"[ASA] <트르구무레슈>()는 [트르구무레슈]를 연고로 하는 [루마니아]의 축구 구단이다. [2008년] 창단하였고 창단 당시 이름은 \"[FCM] <트르구무레슈>\"였다. 현재 <루마니아>의 최상위 리그인 [리가_I]에 참가하고 있으며, 2014-15 시즌 2위를 하게 되어 [UEFA_유로파리그_2015-16]에 참가하게 된다.","globalSId":[3577955,3577956,3577957],"entities":[{"kbox_types":["NULL"],"st":0,"en_mention":3,"ancestor":"","eIdx":0,"st_mention":0,"en":5,"ne_type":"ORGANIZATION","keyword":"[ASA]","e_type":"NEW"},{"kbox_types":["PopulatedPlace","Settlement","PopulatedPlace","City","Place"],"st":6,"en_mention":10,"ancestor":"","eIdx":1,"st_mention":4,"en":14,"ne_type":"LOCATION","keyword":"<트르구무레슈>","e_type":"ELU"},{"kbox_types":["PopulatedPlace","Settlement","PopulatedPlace","City","Place"],"st":18,"en_mention":20,"ancestor":"","eIdx":2,"st_mention":14,"en":26,"ne_type":"LOCATION","keyword":"[트르구무레슈]","e_type":"WIKILINK"},{"kbox_types":["Country","PopulatedPlace","PopulatedPlace","Place"],"st":35,"en_mention":33,"ancestor":"","eIdx":3,"st_mention":29,"en":41,"ne_type":"LOCATION","keyword":"[루마니아]","e_type":"WIKILINK"},{"kbox_types":["Year","MusicalWork","TimePeriod","Work","Album"],"st":52,"en_mention":49,"ancestor":"","eIdx":4,"st_mention":44,"en":59,"ne_type":"TIME","keyword":"[2008년]","e_type":"WIKILINK"},{"kbox_types":["NULL"],"st":77,"en_mention":70,"ancestor":"","eIdx":5,"st_mention":67,"en":82,"ne_type":"ORGANIZATION","keyword":"[FCM]","e_type":"NEW"},{"kbox_types":["PopulatedPlace","Settlement","PopulatedPlace","City","Place"],"st":83,"en_mention":77,"ancestor":"","eIdx":6,"st_mention":71,"en":91,"ne_type":"LOCATION","keyword":"<트르구무레슈>","e_type":"ELU"},{"kbox_types":["Country","PopulatedPlace","PopulatedPlace","Place"],"st":99,"en_mention":89,"ancestor":"","eIdx":7,"st_mention":85,"en":105,"ne_type":"LOCATION","keyword":"<루마니아>","e_type":"ELU"},{"kbox_types":["Agent","SportsLeague","Organisation","SoccerLeague"],"st":115,"en_mention":103,"ancestor":"","eIdx":8,"st_mention":99,"en":121,"ne_type":"ORGANIZATION","keyword":"[리가_I]","e_type":"WIKILINK"},{"kbox_types":["SoccerTournament","FootballMatch","Tournament","Event","SocietalEvent","SportsEvent"],"st":154,"en_mention":154,"ancestor":"","eIdx":9,"st_mention":136,"en":174,"ne_type":"ETC","keyword":"[UEFA_유로파리그_2015-16]","e_type":"WIKILINK"}],"wikiPageId":1317497,"pIdx":1,"plainText":"ASA 트르구무레슈()는 트르구무레슈를 연고로 하는 루마니아의 축구 구단이다. 2008년 창단하였고 창단 당시 이름은 \"FCM 트르구무레슈\"였다. 현재 루마니아의 최상위 리그인 리가 I에 참가하고 있으며, 2014-15 시즌 2위를 하게 되어 UEFA 유로파리그 2015-16에 참가하게 된다.","mentionTagged":"[ASA] [트르구무레슈]()는 [트르구무레슈]를 연고로 하는 [루마니아]의 축구 구단이다. [2008년] 창단하였고 창단 당시 이름은 \"[FCM] [트르구무레슈]\"였다. 현재 [루마니아]의 최상위 리그인 [리가 I]에 참가하고 있으며, 2014-15 시즌 2위를 하게 되어 [UEFA 유로파리그 2015-16]에 참가하게 된다."}