{"entityTagged":"[트위크 주]()는 [남수단] 서부 [바르알가잘] 지방에 위치한 주로 주도는 [마옌아분]이며 면적은 3,957.4㎢, 인구는 343,410명(2014년 기준)이다..","globalSId":[4002416],"entities":[{"kbox_types":["NULL"],"st":0,"en_mention":5,"ancestor":"","eIdx":0,"st_mention":0,"en":7,"ne_type":"LOCATION","keyword":"[트위크 주]","e_type":"NEW"},{"kbox_types":["Country","PopulatedPlace","PopulatedPlace","Place"],"st":11,"en_mention":12,"ancestor":"","eIdx":1,"st_mention":9,"en":16,"ne_type":"LOCATION","keyword":"[남수단]","e_type":"WIKILINK"},{"kbox_types":["NULL"],"st":20,"en_mention":21,"ancestor":"","eIdx":2,"st_mention":16,"en":27,"ne_type":"ETC","keyword":"[바르알가잘]","e_type":"WIKILINK"},{"kbox_types":["NULL"],"st":43,"en_mention":41,"ancestor":"","eIdx":3,"st_mention":37,"en":49,"ne_type":"LOCATION","keyword":"[마옌아분]","e_type":"NEW"}],"wikiPageId":1770839,"pIdx":1,"plainText":"트위크 주()는 남수단 서부 바르알가잘 지방에 위치한 주로 주도는 마옌아분이며 면적은 3,957.4㎢, 인구는 343,410명(2014년 기준)이다..","mentionTagged":"[트위크 주]()는 [남수단] 서부 [바르알가잘] 지방에 위치한 주로 주도는 [마옌아분]이며 면적은 3,957.4㎢, 인구는 343,410명(2014년 기준)이다.."}