{"entityTagged":"[오그던 아웃로즈]는 [USL_프리미어_디벨로프먼트_리그]에 참가하는 축구팀이다. [미국] [유타_주] [오그던_(유타_주)]을 연고로 하고 있으며 홈구장은 [분빌_고등학교]이다.","globalSId":[2217679,2217680],"entities":[{"kbox_types":["SoccerClub","Agent","SportsTeam","Organisation"],"st":0,"en_mention":8,"ancestor":"","eIdx":0,"st_mention":0,"en":10,"ne_type":"ORGANIZATION","keyword":"[오그던 아웃로즈]","e_type":"NEW"},{"kbox_types":["Agent","SportsLeague","Organisation"],"st":12,"en_mention":28,"ancestor":"","eIdx":1,"st_mention":10,"en":32,"ne_type":"ORGANIZATION","keyword":"[USL_프리미어_디벨로프먼트_리그]","e_type":"WIKILINK"},{"kbox_types":["Country","PopulatedPlace","PopulatedPlace","Place"],"st":46,"en_mention":44,"ancestor":"","eIdx":2,"st_mention":42,"en":50,"ne_type":"LOCATION","keyword":"[미국]","e_type":"WIKILINK"},{"kbox_types":["Region","PopulatedPlace","AdministrativeRegion","Place","Settlement","AdministrativeRegion"],"st":51,"en_mention":49,"ancestor":"","eIdx":3,"st_mention":45,"en":57,"ne_type":"LOCATION","keyword":"[유타_주]","e_type":"WIKILINK"},{"kbox_types":["PopulatedPlace","Settlement","PopulatedPlace","City","Place"],"st":58,"en_mention":53,"ancestor":"","eIdx":4,"st_mention":50,"en":70,"ne_type":"LOCATION","keyword":"[오그던_(유타_주)]","e_type":"WIKILINK"},{"kbox_types":["NULL"],"st":88,"en_mention":78,"ancestor":"","eIdx":5,"st_mention":71,"en":97,"ne_type":"ETC","keyword":"[분빌_고등학교]","e_type":"WIKILINK"}],"wikiPageId":514394,"pIdx":1,"plainText":"오그던 아웃로즈는 USL 프리미어 디벨로프먼트 리그에 참가하는 축구팀이다. 미국 유타 주 오그던을 연고로 하고 있으며 홈구장은 분빌 고등학교이다.","mentionTagged":"[오그던 아웃로즈]는 [USL 프리미어 디벨로프먼트 리그]에 참가하는 축구팀이다. [미국] [유타 주] [오그던]을 연고로 하고 있으며 홈구장은 [분빌 고등학교]이다."}