{"entityTagged":"[센트루 지방](, [IPA]: ʁɨʒiˈɐ̃w ˈsẽtɾu \"중부 지방\")은 [포르투갈]의 중부 지방으로, 중심도시는 [코임브라]다. 이 지방의 다른 주요 도시로는 [아베이루], [비제우], [레이리아], [카스텔루브랑쿠], [구아르다]가 있다. <포르투갈>을 구성하는 7개 지방 중 하나로, [유럽연합]의 [통계지역단위명명법] 2단계 분류 지역으로 인정되는 지방이다. [2011년] 기준으로 2,327,026명이 거주하고 있으며, 면적은 28,462 km²로 제곱킬로미터 당 82명의 인구밀도를 보인다.","globalSId":[2806937,2806938,2806939,2806940],"entities":[{"kbox_types":["Region","PopulatedPlace","AdministrativeRegion","Place","AdministrativeRegion"],"st":0,"en_mention":6,"ancestor":"","eIdx":0,"st_mention":0,"en":8,"ne_type":"LOCATION","keyword":"[센트루 지방]","e_type":"NEW"},{"kbox_types":["NULL"],"st":11,"en_mention":12,"ancestor":"","eIdx":1,"st_mention":9,"en":16,"ne_type":"ETC","keyword":"[IPA]","e_type":"WIKILINK"},{"kbox_types":["Country","PopulatedPlace","Settlement","PopulatedPlace","Place"],"st":44,"en_mention":44,"ancestor":"","eIdx":2,"st_mention":40,"en":50,"ne_type":"LOCATION","keyword":"[포르투갈]","e_type":"WIKILINK"},{"kbox_types":["PopulatedPlace","Place","Settlement","PopulatedPlace","City"],"st":67,"en_mention":65,"ancestor":"","eIdx":3,"st_mention":61,"en":73,"ne_type":"LOCATION","keyword":"[코임브라]","e_type":"WIKILINK"},{"kbox_types":["PopulatedPlace","Settlement","PopulatedPlace","City","Place"],"st":93,"en_mention":89,"ancestor":"","eIdx":4,"st_mention":85,"en":99,"ne_type":"LOCATION","keyword":"[아베이루]","e_type":"WIKILINK"},{"kbox_types":["PopulatedPlace","Settlement","PopulatedPlace","Place"],"st":101,"en_mention":94,"ancestor":"","eIdx":5,"st_mention":91,"en":106,"ne_type":"LOCATION","keyword":"[비제우]","e_type":"WIKILINK"},{"kbox_types":["PopulatedPlace","Settlement","PopulatedPlace","Place"],"st":108,"en_mention":100,"ancestor":"","eIdx":6,"st_mention":96,"en":114,"ne_type":"LOCATION","keyword":"[레이리아]","e_type":"WIKILINK"},{"kbox_types":["NULL"],"st":116,"en_mention":109,"ancestor":"","eIdx":7,"st_mention":102,"en":125,"ne_type":"ETC","keyword":"[카스텔루브랑쿠]","e_type":"WIKILINK"},{"kbox_types":["PopulatedPlace","Place","Settlement","City"],"st":127,"en_mention":115,"ancestor":"","eIdx":8,"st_mention":111,"en":133,"ne_type":"LOCATION","keyword":"[구아르다]","e_type":"WIKILINK"},{"kbox_types":["Country","PopulatedPlace","Settlement","PopulatedPlace","Place"],"st":139,"en_mention":125,"ancestor":"","eIdx":9,"st_mention":121,"en":145,"ne_type":"LOCATION","keyword":"<포르투갈>","e_type":"ELU"},{"kbox_types":["NULL"],"st":165,"en_mention":149,"ancestor":"","eIdx":10,"st_mention":145,"en":171,"ne_type":"ETC","keyword":"[유럽연합]","e_type":"WIKILINK"},{"kbox_types":["NULL"],"st":173,"en_mention":160,"ancestor":"","eIdx":11,"st_mention":151,"en":184,"ne_type":"ETC","keyword":"[통계지역단위명명법]","e_type":"WIKILINK"},{"kbox_types":["Year","MusicalWork","TimePeriod","Work","Album"],"st":208,"en_mention":189,"ancestor":"","eIdx":12,"st_mention":184,"en":215,"ne_type":"TIME","keyword":"[2011년]","e_type":"NEW"}],"wikiPageId":796636,"pIdx":1,"plainText":"센트루 지방(, IPA: ʁɨʒiˈɐ̃w ˈsẽtɾu \"중부 지방\")은 포르투갈의 중부 지방으로, 중심도시는 코임브라다. 이 지방의 다른 주요 도시로는 아베이루, 비제우, 레이리아, 카스텔루브랑쿠, 구아르다가 있다. 포르투갈을 구성하는 7개 지방 중 하나로, 유럽연합의 통계지역단위명명법 2단계 분류 지역으로 인정되는 지방이다. 2011년 기준으로 2,327,026명이 거주하고 있으며, 면적은 28,462 km²로 제곱킬로미터 당 82명의 인구밀도를 보인다.","mentionTagged":"[센트루 지방](, [IPA]: ʁɨʒiˈɐ̃w ˈsẽtɾu \"중부 지방\")은 [포르투갈]의 중부 지방으로, 중심도시는 [코임브라]다. 이 지방의 다른 주요 도시로는 [아베이루], [비제우], [레이리아], [카스텔루브랑쿠], [구아르다]가 있다. [포르투갈]을 구성하는 7개 지방 중 하나로, [유럽연합]의 [통계지역단위명명법] 2단계 분류 지역으로 인정되는 지방이다. [2011년] 기준으로 2,327,026명이 거주하고 있으며, 면적은 28,462 km²로 제곱킬로미터 당 82명의 인구밀도를 보인다."}