{"entityTagged":"<봉화역_(봉화)>(奉化驛)은 [경상북도] [봉화군] [봉화읍] 해저리에 위치한 [영동선]의 철도역이다. 모든 [무궁화호] 열차가 정차하는 역이며, 역무실에서 [한국철도_100주년_기념_스탬프]를 날인할 수 있다. 개통 당시에는 <봉화역_(봉화)>으로 영업했었으며 [2013년] [5월_1일]부터 [5월_14일]까지 [백두대간협곡열차]가 임시 정차했었다.","globalSId":[1048424,1048425,1048426],"entities":[{"kbox_types":["ArchitecturalStructure","Place","Station","Place","Infrastructure","RailwayStation"],"st":0,"en_mention":3,"ancestor":"","eIdx":0,"st_mention":0,"en":10,"ne_type":"LOCATION","keyword":"<봉화역_(봉화)>","e_type":"ELU"},{"kbox_types":["PopulatedPlace","Settlement","PopulatedPlace","Place"],"st":17,"en_mention":14,"ancestor":"","eIdx":1,"st_mention":10,"en":23,"ne_type":"LOCATION","keyword":"[경상북도]","e_type":"WIKILINK"},{"kbox_types":["PopulatedPlace","Settlement","PopulatedPlace","Place"],"st":24,"en_mention":18,"ancestor":"","eIdx":2,"st_mention":15,"en":29,"ne_type":"LOCATION","keyword":"[봉화군]","e_type":"WIKILINK"},{"kbox_types":["NULL"],"st":30,"en_mention":22,"ancestor":"","eIdx":3,"st_mention":19,"en":35,"ne_type":"ETC","keyword":"[봉화읍]","e_type":"WIKILINK"},{"kbox_types":["ArchitecturalStructure","Place","RailwayLine","RouteOfTransportation","Infrastructure"],"st":45,"en_mention":35,"ancestor":"","eIdx":4,"st_mention":32,"en":50,"ne_type":"LOCATION","keyword":"[영동선]","e_type":"WIKILINK"},{"kbox_types":["NULL"],"st":62,"en_mention":51,"ancestor":"","eIdx":5,"st_mention":47,"en":68,"ne_type":"ETC","keyword":"[무궁화호]","e_type":"NEW"},{"kbox_types":["NULL"],"st":89,"en_mention":89,"ancestor":"","eIdx":6,"st_mention":72,"en":108,"ne_type":"ETC","keyword":"[한국철도_100주년_기념_스탬프]","e_type":"WIKILINK"},{"kbox_types":["ArchitecturalStructure","Place","Station","Place","Infrastructure","RailwayStation"],"st":128,"en_mention":114,"ancestor":"","eIdx":7,"st_mention":109,"en":138,"ne_type":"LOCATION","keyword":"<봉화역_(봉화)>","e_type":"ELU"},{"kbox_types":["Year","MusicalWork","TimePeriod","Work","Album"],"st":148,"en_mention":129,"ancestor":"","eIdx":8,"st_mention":124,"en":155,"ne_type":"TIME","keyword":"[2013년]","e_type":"WIKILINK"},{"kbox_types":["NULL"],"st":156,"en_mention":135,"ancestor":"","eIdx":9,"st_mention":130,"en":163,"ne_type":"TIME","keyword":"[5월_1일]","e_type":"WIKILINK"},{"kbox_types":["NULL"],"st":166,"en_mention":144,"ancestor":"","eIdx":10,"st_mention":138,"en":174,"ne_type":"TIME","keyword":"[5월_14일]","e_type":"WIKILINK"},{"kbox_types":["NULL"],"st":177,"en_mention":155,"ancestor":"","eIdx":11,"st_mention":147,"en":187,"ne_type":"ETC","keyword":"[백두대간협곡열차]","e_type":"WIKILINK"}],"wikiPageId":154273,"pIdx":1,"plainText":"봉화역(奉化驛)은 경상북도 봉화군 봉화읍 해저리에 위치한 영동선의 철도역이다. 모든 무궁화호 열차가 정차하는 역이며, 역무실에서 한국철도 100주년 기념 스탬프를 날인할 수 있다. 개통 당시에는 경북내성역으로 영업했었으며 2013년 5월 1일부터 5월 14일까지 백두대간협곡열차가 임시 정차했었다.","mentionTagged":"[봉화역](奉化驛)은 [경상북도] [봉화군] [봉화읍] 해저리에 위치한 [영동선]의 철도역이다. 모든 [무궁화호] 열차가 정차하는 역이며, 역무실에서 [한국철도 100주년 기념 스탬프]를 날인할 수 있다. 개통 당시에는 [경북내성역]으로 영업했었으며 [2013년] [5월 1일]부터 [5월 14일]까지 [백두대간협곡열차]가 임시 정차했었다."}