{"entityTagged":"《<전당시>》(全唐詩)는, [중국] [청나라](淸) [강희제](康熙帝)의 칙명에 따라 [팽정구](彭定求) 등이 [당시](唐詩)를 모아 엮은 [한시집]이다. 전900권으로 목록 12권에 [보유](補遺) 6권과 [사](詞) 12권이 있다.","globalSId":[3450831,3450832],"entities":[{"kbox_types":["NULL"],"st":1,"en_mention":4,"ancestor":"","eIdx":0,"st_mention":1,"en":6,"ne_type":"ETC","keyword":"<전당시>","e_type":"ELU"},{"kbox_types":["NULL"],"st":15,"en_mention":15,"ancestor":"","eIdx":1,"st_mention":13,"en":19,"ne_type":"ORGANIZATION","keyword":"[중국]","e_type":"NEW"},{"kbox_types":["Country","PopulatedPlace","Place","PopulatedPlace"],"st":20,"en_mention":17,"ancestor":"","eIdx":2,"st_mention":16,"en":25,"ne_type":"LOCATION","keyword":"[청나라]","e_type":"WIKILINK"},{"kbox_types":["Royalty","Monarch","BritishRoyalty","Agent","Person"],"st":29,"en_mention":24,"ancestor":"","eIdx":3,"st_mention":21,"en":34,"ne_type":"PERSON","keyword":"[강희제]","e_type":"WIKILINK"},{"kbox_types":["NULL"],"st":48,"en_mention":41,"ancestor":"","eIdx":4,"st_mention":38,"en":53,"ne_type":"PERSON","keyword":"[팽정구]","e_type":"NEW"},{"kbox_types":["NULL"],"st":62,"en_mention":52,"ancestor":"","eIdx":5,"st_mention":50,"en":66,"ne_type":"ETC","keyword":"[당시]","e_type":"NEW"},{"kbox_types":["NULL"],"st":78,"en_mention":67,"ancestor":"","eIdx":6,"st_mention":64,"en":83,"ne_type":"ETC","keyword":"[한시집]","e_type":"NEW"},{"kbox_types":["NULL"],"st":103,"en_mention":89,"ancestor":"","eIdx":7,"st_mention":87,"en":107,"ne_type":"ETC","keyword":"[보유]","e_type":"NEW"},{"kbox_types":["NULL"],"st":116,"en_mention":99,"ancestor":"","eIdx":8,"st_mention":98,"en":119,"ne_type":"ETC","keyword":"[사]","e_type":"NEW"}],"wikiPageId":1210959,"pIdx":1,"plainText":"《전당시》(全唐詩)는, 중국 청(淸) 강희제(康熙帝)의 칙명에 따라 팽정구(彭定求) 등이 당시(唐詩)를 모아 엮은 한시집이다. 전900권으로 목록 12권에 보유(補遺) 6권과 사(詞) 12권이 있다.","mentionTagged":"《[전당시]》(全唐詩)는, [중국] [청](淸) [강희제](康熙帝)의 칙명에 따라 [팽정구](彭定求) 등이 [당시](唐詩)를 모아 엮은 [한시집]이다. 전900권으로 목록 12권에 [보유](補遺) 6권과 [사](詞) 12권이 있다."}