{"entityTagged":"[차냐랄 현]()은 [칠레] [아타카마_주]를 구성하는 3개의 현 가운데 하나로 현도는 [차냐랄]이며 면적은 24,436.2㎢, 인구는 28,874명([2012년] 기준), 인구 밀도는 1.2명\/㎢이다..","globalSId":[3528821],"entities":[{"kbox_types":["PopulatedPlace","Place","Settlement","PopulatedPlace"],"st":0,"en_mention":5,"ancestor":"","eIdx":0,"st_mention":0,"en":7,"ne_type":"LOCATION","keyword":"[차냐랄 현]","e_type":"NEW"},{"kbox_types":["Country","PopulatedPlace","Settlement","PopulatedPlace","Place"],"st":11,"en_mention":11,"ancestor":"","eIdx":1,"st_mention":9,"en":15,"ne_type":"LOCATION","keyword":"[칠레]","e_type":"WIKILINK"},{"kbox_types":["NULL"],"st":16,"en_mention":18,"ancestor":"","eIdx":2,"st_mention":12,"en":24,"ne_type":"ETC","keyword":"[아타카마_주]","e_type":"WIKILINK"},{"kbox_types":["PopulatedPlace","Place","Settlement","PopulatedPlace","City"],"st":49,"en_mention":46,"ancestor":"","eIdx":3,"st_mention":43,"en":54,"ne_type":"LOCATION","keyword":"[차냐랄]","e_type":"WIKILINK"},{"kbox_types":["Year","MusicalWork","TimePeriod","Work","Album"],"st":84,"en_mention":81,"ancestor":"","eIdx":4,"st_mention":76,"en":91,"ne_type":"TIME","keyword":"[2012년]","e_type":"NEW"}],"wikiPageId":1281227,"pIdx":1,"plainText":"차냐랄 현()은 칠레 아타카마 주를 구성하는 3개의 현 가운데 하나로 현도는 차냐랄이며 면적은 24,436.2㎢, 인구는 28,874명(2012년 기준), 인구 밀도는 1.2명\/㎢이다..","mentionTagged":"[차냐랄 현]()은 [칠레] [아타카마 주]를 구성하는 3개의 현 가운데 하나로 현도는 [차냐랄]이며 면적은 24,436.2㎢, 인구는 28,874명([2012년] 기준), 인구 밀도는 1.2명\/㎢이다.."}