{"entityTagged":"[니쓰루 역]()은 [일본] [후쿠시마_현] [오누마_군] [아이즈미사토_정]에 위치한 [동일본_여객철도] [다다미_선]의 [철도역]이다. [단선_승강장] 1면 1선의 구조를 갖춘 지상역이다.","globalSId":[3838729,3838730],"entities":[{"kbox_types":["ArchitecturalStructure","Place","Station","Infrastructure","RailwayStation"],"st":0,"en_mention":5,"ancestor":"","eIdx":0,"st_mention":0,"en":7,"ne_type":"LOCATION","keyword":"[니쓰루 역]","e_type":"NEW"},{"kbox_types":["Country","PopulatedPlace","PopulatedPlace","Place"],"st":11,"en_mention":11,"ancestor":"","eIdx":1,"st_mention":9,"en":15,"ne_type":"LOCATION","keyword":"[일본]","e_type":"WIKILINK"},{"kbox_types":["Region","PopulatedPlace","AdministrativeRegion","Place","AdministrativeRegion"],"st":16,"en_mention":18,"ancestor":"","eIdx":2,"st_mention":12,"en":24,"ne_type":"LOCATION","keyword":"[후쿠시마_현]","e_type":"WIKILINK"},{"kbox_types":["NULL"],"st":25,"en_mention":24,"ancestor":"","eIdx":3,"st_mention":19,"en":32,"ne_type":"ETC","keyword":"[오누마_군]","e_type":"WIKILINK"},{"kbox_types":["NULL"],"st":33,"en_mention":33,"ancestor":"","eIdx":4,"st_mention":25,"en":43,"ne_type":"ETC","keyword":"[아이즈미사토_정]","e_type":"WIKILINK"},{"kbox_types":["Agent","Organisation","Company"],"st":49,"en_mention":47,"ancestor":"","eIdx":5,"st_mention":39,"en":59,"ne_type":"ORGANIZATION","keyword":"[동일본_여객철도]","e_type":"WIKILINK"},{"kbox_types":["ArchitecturalStructure","Place","RailwayLine","Place","RouteOfTransportation","Infrastructure"],"st":60,"en_mention":53,"ancestor":"","eIdx":6,"st_mention":48,"en":67,"ne_type":"LOCATION","keyword":"[다다미_선]","e_type":"WIKILINK"},{"kbox_types":["NULL"],"st":69,"en_mention":58,"ancestor":"","eIdx":7,"st_mention":55,"en":74,"ne_type":"ETC","keyword":"[철도역]","e_type":"WIKILINK"},{"kbox_types":["NULL"],"st":78,"en_mention":68,"ancestor":"","eIdx":8,"st_mention":62,"en":86,"ne_type":"ETC","keyword":"[단선_승강장]","e_type":"WIKILINK"}],"wikiPageId":1618789,"pIdx":1,"plainText":"니쓰루 역()은 일본 후쿠시마 현 오누마 군 아이즈미사토 정에 위치한 동일본 여객철도 다다미 선의 철도역이다. 단선 승강장 1면 1선의 구조를 갖춘 지상역이다.","mentionTagged":"[니쓰루 역]()은 [일본] [후쿠시마 현] [오누마 군] [아이즈미사토 정]에 위치한 [동일본 여객철도] [다다미 선]의 [철도역]이다. [단선 승강장] 1면 1선의 구조를 갖춘 지상역이다."}