{"entityTagged":"위치. [금수산]은 [평양직할시]의 중심지 북쪽 [모란봉] 구역에 있는 작은 언덕([해발] 95m)인 [모란봉]을 중심한 주변지역을 합쳐 부르는 이름으로, 동쪽으로 <대동강>과 접하고, 남,북,서쪽에는 골짜기가 있다. [평양]에서도 경관이 훌륭하고, <조선팔경>이나 <평양팔경>의 하나로 불린다.","globalSId":[464077,464078,464079],"entities":[{"kbox_types":["NULL"],"st":4,"en_mention":6,"ancestor":"","eIdx":0,"st_mention":3,"en":9,"ne_type":"LOCATION","keyword":"[금수산]","e_type":"NEW"},{"kbox_types":["PopulatedPlace","Place","Settlement","PopulatedPlace","City"],"st":11,"en_mention":13,"ancestor":"","eIdx":1,"st_mention":8,"en":18,"ne_type":"LOCATION","keyword":"[평양직할시]","e_type":"WIKILINK"},{"kbox_types":["Place","Mountain","NaturalPlace"],"st":27,"en_mention":25,"ancestor":"","eIdx":2,"st_mention":22,"en":32,"ne_type":"LOCATION","keyword":"[모란봉]","e_type":"NEW"},{"kbox_types":["NULL"],"st":46,"en_mention":41,"ancestor":"","eIdx":3,"st_mention":39,"en":50,"ne_type":"ETC","keyword":"[해발]","e_type":"WIKILINK"},{"kbox_types":["Place","Mountain","NaturalPlace"],"st":57,"en_mention":51,"ancestor":"","eIdx":4,"st_mention":48,"en":62,"ne_type":"LOCATION","keyword":"[모란봉]","e_type":"WIKILINK"},{"kbox_types":["River","Place","River","BodyOfWater","Stream","NaturalPlace"],"st":92,"en_mention":84,"ancestor":"","eIdx":5,"st_mention":81,"en":97,"ne_type":"LOCATION","keyword":"<대동강>","e_type":"ELU"},{"kbox_types":["Place","PopulatedPlace","Settlement"],"st":122,"en_mention":111,"ancestor":"","eIdx":6,"st_mention":109,"en":126,"ne_type":"LOCATION","keyword":"[평양]","e_type":"WIKILINK"},{"kbox_types":["NULL"],"st":140,"en_mention":129,"ancestor":"","eIdx":7,"st_mention":125,"en":146,"ne_type":"ETC","keyword":"<조선팔경>","e_type":"ELU"},{"kbox_types":["NULL"],"st":149,"en_mention":136,"ancestor":"","eIdx":8,"st_mention":132,"en":155,"ne_type":"ETC","keyword":"<평양팔경>","e_type":"ELU"}],"wikiPageId":49657,"pIdx":3,"plainText":"위치 금수산은 평양직할시의 중심지 북쪽 모란봉 구역에 있는 작은 언덕(해발 95m)인 모란봉을 중심한 주변지역을 합쳐 부르는 이름으로, 동쪽으로 대동강과 접하고, 남,북,서쪽에는 골짜기가 있다. 평양에서도 경관이 훌륭하고, 조선팔경이나 평양팔경의 하나로 불린다.","mentionTagged":"위치 [금수산]은 [평양직할시]의 중심지 북쪽 [모란봉] 구역에 있는 작은 언덕([해발] 95m)인 [모란봉]을 중심한 주변지역을 합쳐 부르는 이름으로, 동쪽으로 [대동강]과 접하고, 남,북,서쪽에는 골짜기가 있다. [평양]에서도 경관이 훌륭하고, [조선팔경]이나 [평양팔경]의 하나로 불린다."}