{"entityTagged":"<엘타르프_주>()는 [알제리] 북동부에 위치한 주로, 주도는 [엘타르프]이며 면적은 3,339㎢, 인구는 411,783명([2008년] 기준)이다.","globalSId":[2493746],"entities":[{"kbox_types":["PopulatedPlace","Settlement","PopulatedPlace","Place"],"st":0,"en_mention":6,"ancestor":"","eIdx":0,"st_mention":0,"en":8,"ne_type":"LOCATION","keyword":"<엘타르프_주>","e_type":"ELU"},{"kbox_types":["Country","PopulatedPlace","Settlement","PopulatedPlace","Place"],"st":12,"en_mention":13,"ancestor":"","eIdx":1,"st_mention":10,"en":17,"ne_type":"LOCATION","keyword":"[알제리]","e_type":"WIKILINK"},{"kbox_types":["PopulatedPlace","Settlement","PopulatedPlace","City","Place"],"st":35,"en_mention":35,"ancestor":"","eIdx":2,"st_mention":31,"en":41,"ne_type":"LOCATION","keyword":"[엘타르프]","e_type":"WIKILINK"},{"kbox_types":["Year","MusicalWork","TimePeriod","Work","Album"],"st":69,"en_mention":68,"ancestor":"","eIdx":3,"st_mention":63,"en":76,"ne_type":"TIME","keyword":"[2008년]","e_type":"NEW"}],"wikiPageId":644627,"pIdx":1,"plainText":"엘타르프 주()는 알제리 북동부에 위치한 주로, 주도는 엘타르프이며 면적은 3,339㎢, 인구는 411,783명(2008년 기준)이다.","mentionTagged":"[엘타르프 주]()는 [알제리] 북동부에 위치한 주로, 주도는 [엘타르프]이며 면적은 3,339㎢, 인구는 411,783명([2008년] 기준)이다."}