{"entityTagged":"<너덜샘>은 [강원도] [태백시] 화전동에 위치한 [낙동강]의 지리적 발원지로 알려져 있다. 해발 1418[m] [금대봉_(강원)\u200E] 기슭에 위치해 있다고 하지만 [1980년대] 초 지리연구가인 <이형석_(2000년)>씨에 의해 [낙동강]의 발원지가 [태백시] [천의봉] <너덜샘>으로 새롭게 밝혀졌다.","globalSId":[2753558,2753559],"entities":[{"kbox_types":["NULL"],"st":0,"en_mention":3,"ancestor":"","eIdx":0,"st_mention":0,"en":5,"ne_type":"ETC","keyword":"<너덜샘>","e_type":"ELU"},{"kbox_types":["Place","PopulatedPlace","Settlement"],"st":7,"en_mention":8,"ancestor":"","eIdx":1,"st_mention":5,"en":12,"ne_type":"LOCATION","keyword":"[강원도]","e_type":"WIKILINK"},{"kbox_types":["PopulatedPlace","Settlement","PopulatedPlace","City","Place"],"st":13,"en_mention":12,"ancestor":"","eIdx":2,"st_mention":9,"en":18,"ne_type":"LOCATION","keyword":"[태백시]","e_type":"WIKILINK"},{"kbox_types":["River","Place","River","BodyOfWater","Stream","NaturalPlace"],"st":28,"en_mention":25,"ancestor":"","eIdx":3,"st_mention":22,"en":33,"ne_type":"LOCATION","keyword":"[낙동강]","e_type":"WIKILINK"},{"kbox_types":["NULL"],"st":59,"en_mention":52,"ancestor":"","eIdx":4,"st_mention":51,"en":62,"ne_type":"ETC","keyword":"[m]","e_type":"WIKILINK"},{"kbox_types":["NULL"],"st":63,"en_mention":56,"ancestor":"","eIdx":5,"st_mention":53,"en":74,"ne_type":"ETC","keyword":"[금대봉_(강원)\u200E]","e_type":"WIKILINK"},{"kbox_types":["NULL"],"st":91,"en_mention":79,"ancestor":"","eIdx":6,"st_mention":73,"en":99,"ne_type":"TIME","keyword":"[1980년대]","e_type":"NEW"},{"kbox_types":["Agent","Person"],"st":109,"en_mention":92,"ancestor":"","eIdx":7,"st_mention":89,"en":122,"ne_type":"PERSON","keyword":"<이형석_(2000년)>","e_type":"ELU"},{"kbox_types":["River","Place","River","BodyOfWater","Stream","NaturalPlace"],"st":128,"en_mention":101,"ancestor":"","eIdx":8,"st_mention":98,"en":133,"ne_type":"LOCATION","keyword":"[낙동강]","e_type":"WIKILINK"},{"kbox_types":["PopulatedPlace","Settlement","PopulatedPlace","City","Place"],"st":140,"en_mention":111,"ancestor":"","eIdx":9,"st_mention":108,"en":145,"ne_type":"LOCATION","keyword":"[태백시]","e_type":"WIKILINK"},{"kbox_types":["NULL"],"st":146,"en_mention":115,"ancestor":"","eIdx":10,"st_mention":112,"en":151,"ne_type":"LOCATION","keyword":"[천의봉]","e_type":"NEW"},{"kbox_types":["NULL"],"st":152,"en_mention":119,"ancestor":"","eIdx":11,"st_mention":116,"en":157,"ne_type":"ETC","keyword":"<너덜샘>","e_type":"ELU"}],"wikiPageId":767933,"pIdx":1,"plainText":"너덜샘은 강원도 태백시 화전동에 위치한 낙동강의 지리적 발원지로 알려져 있다. 해발 1418m 금대봉 기슭에 위치해 있다고 하지만 1980년대 초 지리연구가인 이형석씨에 의해 낙동강의 발원지가 태백시 천의봉 너덜샘으로 새롭게 밝혀졌다.","mentionTagged":"[너덜샘]은 [강원도] [태백시] 화전동에 위치한 [낙동강]의 지리적 발원지로 알려져 있다. 해발 1418[m] [금대봉] 기슭에 위치해 있다고 하지만 [1980년대] 초 지리연구가인 [이형석]씨에 의해 [낙동강]의 발원지가 [태백시] [천의봉] [너덜샘]으로 새롭게 밝혀졌다."}