{"entityTagged":"<요고_역>()는 [일본] [시가_현] [나가하마_시] [요고초시타요고]에 있는 [서일본_여객철도] [호쿠리쿠_본선]의 [철도역]으로, 간이 위탁역이다.","globalSId":[2196577],"entities":[{"kbox_types":["ArchitecturalStructure","Place","Station","Place","Infrastructure","RailwayStation"],"st":0,"en_mention":4,"ancestor":"","eIdx":0,"st_mention":0,"en":6,"ne_type":"LOCATION","keyword":"<요고_역>","e_type":"ELU"},{"kbox_types":["Country","PopulatedPlace","PopulatedPlace","Place"],"st":10,"en_mention":10,"ancestor":"","eIdx":1,"st_mention":8,"en":14,"ne_type":"LOCATION","keyword":"[일본]","e_type":"WIKILINK"},{"kbox_types":["Region","PopulatedPlace","AdministrativeRegion","Place","AdministrativeRegion"],"st":15,"en_mention":15,"ancestor":"","eIdx":2,"st_mention":11,"en":21,"ne_type":"LOCATION","keyword":"[시가_현]","e_type":"WIKILINK"},{"kbox_types":["PopulatedPlace","Settlement","PopulatedPlace","City","Place"],"st":22,"en_mention":22,"ancestor":"","eIdx":3,"st_mention":16,"en":30,"ne_type":"LOCATION","keyword":"[나가하마_시]","e_type":"WIKILINK"},{"kbox_types":["NULL"],"st":31,"en_mention":30,"ancestor":"","eIdx":4,"st_mention":23,"en":40,"ne_type":"LOCATION","keyword":"[요고초시타요고]","e_type":"NEW"},{"kbox_types":["Agent","Organisation","Company"],"st":45,"en_mention":43,"ancestor":"","eIdx":5,"st_mention":35,"en":55,"ne_type":"ORGANIZATION","keyword":"[서일본_여객철도]","e_type":"WIKILINK"},{"kbox_types":["ArchitecturalStructure","Place","RailwayLine","Place","RouteOfTransportation","Infrastructure"],"st":56,"en_mention":51,"ancestor":"","eIdx":6,"st_mention":44,"en":65,"ne_type":"LOCATION","keyword":"[호쿠리쿠_본선]","e_type":"WIKILINK"},{"kbox_types":["NULL"],"st":67,"en_mention":56,"ancestor":"","eIdx":7,"st_mention":53,"en":72,"ne_type":"ETC","keyword":"[철도역]","e_type":"WIKILINK"}],"wikiPageId":505964,"pIdx":1,"plainText":"요고 역()는 일본 시가 현 나가하마 시 요고초시타요고에 있는 서일본 여객철도 호쿠리쿠 본선의 철도역으로, 간이 위탁역이다.","mentionTagged":"[요고 역]()는 [일본] [시가 현] [나가하마 시] [요고초시타요고]에 있는 [서일본 여객철도] [호쿠리쿠 본선]의 [철도역]으로, 간이 위탁역이다."}