{"entityTagged":"[니이다 강]()는 [일본] [이와테_현]에서 [아오모리_현]으로 흘러가는 2급 하천으로 [니이다 강] 수계 본류에 해당한다. 유로연장 78.1km, 유역면적은 585.4km²이다.","globalSId":[2268746,2268747],"entities":[{"kbox_types":["River","Place","BodyOfWater","Stream","NaturalPlace"],"st":0,"en_mention":5,"ancestor":"","eIdx":0,"st_mention":0,"en":7,"ne_type":"LOCATION","keyword":"[니이다 강]","e_type":"NEW"},{"kbox_types":["Country","PopulatedPlace","PopulatedPlace","Place"],"st":11,"en_mention":11,"ancestor":"","eIdx":1,"st_mention":9,"en":15,"ne_type":"LOCATION","keyword":"[일본]","e_type":"WIKILINK"},{"kbox_types":["Region","PopulatedPlace","AdministrativeRegion","Place","AdministrativeRegion"],"st":16,"en_mention":17,"ancestor":"","eIdx":2,"st_mention":12,"en":23,"ne_type":"LOCATION","keyword":"[이와테_현]","e_type":"WIKILINK"},{"kbox_types":["Region","PopulatedPlace","AdministrativeRegion","Place","AdministrativeRegion"],"st":26,"en_mention":26,"ancestor":"","eIdx":3,"st_mention":20,"en":34,"ne_type":"LOCATION","keyword":"[아오모리_현]","e_type":"WIKILINK"},{"kbox_types":["River","Place","BodyOfWater","Stream","NaturalPlace"],"st":50,"en_mention":47,"ancestor":"","eIdx":4,"st_mention":42,"en":57,"ne_type":"LOCATION","keyword":"[니이다 강]","e_type":"NEW"}],"wikiPageId":540944,"pIdx":1,"plainText":"니이다 강()는 일본 이와테 현에서 아오모리 현으로 흘러가는 2급 하천으로 니이다 강 수계 본류에 해당한다. 유로연장 78.1km, 유역면적은 585.4km²이다.","mentionTagged":"[니이다 강]()는 [일본] [이와테 현]에서 [아오모리 현]으로 흘러가는 2급 하천으로 [니이다 강] 수계 본류에 해당한다. 유로연장 78.1km, 유역면적은 585.4km²이다."}