{"entityTagged":"결국 [3월_2일] [러시아_제국] 황제 [니콜라이_2세]가 동생 <미하일_고르바초프>에게 정권을 넘겼으나 이 혁명으로 폐위되었고, 제정체제가 붕괴되었다. [사회주의자]들은 이것을 '[부르주아] 혁명'으로 판단하고 정권을 장악하지 않았다.","globalSId":[379358,379359],"entities":[{"kbox_types":["NULL"],"st":3,"en_mention":8,"ancestor":"","eIdx":0,"st_mention":3,"en":10,"ne_type":"TIME","keyword":"[3월_2일]","e_type":"WIKILINK"},{"kbox_types":["Country","PopulatedPlace","PopulatedPlace","Place"],"st":11,"en_mention":12,"ancestor":"","eIdx":1,"st_mention":9,"en":19,"ne_type":"LOCATION","keyword":"[러시아_제국]","e_type":"WIKILINK"},{"kbox_types":["Royalty","Monarch","BritishRoyalty","Agent","Person"],"st":23,"en_mention":23,"ancestor":"","eIdx":2,"st_mention":16,"en":32,"ne_type":"PERSON","keyword":"[니콜라이_2세]","e_type":"WIKILINK"},{"kbox_types":["Politician","Agent","Person","OfficeHolder","President"],"st":37,"en_mention":31,"ancestor":"","eIdx":3,"st_mention":28,"en":48,"ne_type":"PERSON","keyword":"<미하일_고르바초프>","e_type":"ELU"},{"kbox_types":["NULL"],"st":87,"en_mention":75,"ancestor":"","eIdx":4,"st_mention":70,"en":94,"ne_type":"ETC","keyword":"[사회주의자]","e_type":"WIKILINK"},{"kbox_types":["NULL"],"st":102,"en_mention":87,"ancestor":"","eIdx":5,"st_mention":83,"en":108,"ne_type":"ETC","keyword":"[부르주아]","e_type":"WIKILINK"}],"wikiPageId":40154,"pIdx":26,"plainText":"결국 3월 2일 러시아 황제 니콜라이 2세가 동생 미하일에게 정권을 넘겼으나 이 혁명으로 폐위되었고, 제정체제가 붕괴되었다. 사회주의자들은 이것을 '부르주아 혁명'으로 판단하고 정권을 장악하지 않았다.","mentionTagged":"결국 [3월 2일] [러시아] 황제 [니콜라이 2세]가 동생 [미하일]에게 정권을 넘겼으나 이 혁명으로 폐위되었고, 제정체제가 붕괴되었다. [사회주의자]들은 이것을 '[부르주아] 혁명'으로 판단하고 정권을 장악하지 않았다."}