{"entityTagged":"<평양_조씨>는 [고려] 후기 <친원파>에 속하여, [조인규](趙仁規)는 [원나라]에 유학하였다. 후손 [조일신]도 친원적인 인물이지만 같은 <친원파>를 제거하여 권력을 독점하기도 하였다.","globalSId":[2303082,2303083],"entities":[{"kbox_types":["NULL"],"st":0,"en_mention":5,"ancestor":"","eIdx":0,"st_mention":0,"en":7,"ne_type":"ETC","keyword":"<평양_조씨>","e_type":"ELU"},{"kbox_types":["Country","PopulatedPlace","Settlement","PopulatedPlace","Place"],"st":9,"en_mention":9,"ancestor":"","eIdx":1,"st_mention":7,"en":13,"ne_type":"LOCATION","keyword":"[고려]","e_type":"WIKILINK"},{"kbox_types":["NULL"],"st":17,"en_mention":16,"ancestor":"","eIdx":2,"st_mention":13,"en":22,"ne_type":"ETC","keyword":"<친원파>","e_type":"ELU"},{"kbox_types":["Writer","Agent","Person"],"st":29,"en_mention":26,"ancestor":"","eIdx":3,"st_mention":23,"en":34,"ne_type":"PERSON","keyword":"[조인규]","e_type":"WIKILINK"},{"kbox_types":["Country","NobleFamily","Agent","PopulatedPlace","Family","PopulatedPlace","Place"],"st":41,"en_mention":36,"ancestor":"","eIdx":4,"st_mention":33,"en":46,"ne_type":"LOCATION","keyword":"[원나라]","e_type":"WIKILINK"},{"kbox_types":["NULL"],"st":58,"en_mention":51,"ancestor":"","eIdx":5,"st_mention":48,"en":63,"ne_type":"PERSON","keyword":"[조일신]","e_type":"NEW"},{"kbox_types":["NULL"],"st":79,"en_mention":70,"ancestor":"","eIdx":6,"st_mention":67,"en":84,"ne_type":"ETC","keyword":"<친원파>","e_type":"ELU"}],"wikiPageId":558383,"pIdx":3,"plainText":"평양 조씨는 고려 후기 친원파에 속하여, 조인규(趙仁規)는 원나라에 유학하였다. 후손 조일신도 친원적인 인물이지만 같은 친원파를 제거하여 권력을 독점하기도 하였다.","mentionTagged":"[평양 조씨]는 [고려] 후기 [친원파]에 속하여, [조인규](趙仁規)는 [원나라]에 유학하였다. 후손 [조일신]도 친원적인 인물이지만 같은 [친원파]를 제거하여 권력을 독점하기도 하였다."}