{"entityTagged":"<카스텔프란치>()는 [이탈리아] [캄파니아_주] [아벨리노_현]의 코무네다.","globalSId":[3069127],"entities":[{"kbox_types":["PopulatedPlace","Place","Settlement","PopulatedPlace"],"st":0,"en_mention":6,"ancestor":"","eIdx":0,"st_mention":0,"en":8,"ne_type":"LOCATION","keyword":"<카스텔프란치>","e_type":"ELU"},{"kbox_types":["Country","PopulatedPlace","Settlement","PopulatedPlace","Place"],"st":12,"en_mention":14,"ancestor":"","eIdx":1,"st_mention":10,"en":18,"ne_type":"LOCATION","keyword":"[이탈리아]","e_type":"WIKILINK"},{"kbox_types":["Region","PopulatedPlace","AdministrativeRegion","Place","AdministrativeRegion"],"st":19,"en_mention":21,"ancestor":"","eIdx":2,"st_mention":15,"en":27,"ne_type":"LOCATION","keyword":"[캄파니아_주]","e_type":"WIKILINK"},{"kbox_types":["PopulatedPlace","Settlement","PopulatedPlace","Place"],"st":28,"en_mention":28,"ancestor":"","eIdx":3,"st_mention":22,"en":36,"ne_type":"LOCATION","keyword":"[아벨리노_현]","e_type":"WIKILINK"}],"wikiPageId":940236,"pIdx":1,"plainText":"카스텔프란치()는 이탈리아 캄파니아 주 아벨리노 현의 코무네다.","mentionTagged":"[카스텔프란치]()는 [이탈리아] [캄파니아 주] [아벨리노 현]의 [코무네]다."}