{"entityTagged":"<조지_프레보스트>(Sir George Prévost, [1767년] [5월_19일] - [1816년] [1월_5일])는 [영국]의 군인이자, [영미_전쟁] 때의 [캐나다] 식민지의 총사령관이었다. [뉴저지_식민지] [하켄색]에서 출생하였고, [스위스]계 <프랑스인> [오거스틴 프레보스트]의 장자로, <영국군>에 젊은 나이에 입대하여 [1784년]에 대위가 되었다. [프레보스트]는 [프랑스_혁명_전쟁]과 [나폴레옹_전쟁] 기간 내내 [서인도_제도]에서 복무를 하였으며, [1794년]에서 [1796년]까지 [세인트_빈센트]에서는 사령관이 되었다. 그는 [영국]과 <미국> 사이에 벌어진 [영미전쟁] 때 민간인 주지사 장군이자, [영국]령 [북미](현재의 <캐나다>의 일부) 주둔군 총사령관으로 가장 잘 알려진 인물이다.","globalSId":[3177450,3177451,3177452,3177453],"entities":[{"kbox_types":["Agent","Person","OfficeHolder"],"st":0,"en_mention":8,"ancestor":"","eIdx":0,"st_mention":0,"en":10,"ne_type":"PERSON","keyword":"<조지_프레보스트>","e_type":"ELU"},{"kbox_types":["Year","TimePeriod"],"st":31,"en_mention":34,"ancestor":"","eIdx":1,"st_mention":29,"en":38,"ne_type":"TIME","keyword":"[1767년]","e_type":"WIKILINK"},{"kbox_types":["NULL"],"st":39,"en_mention":41,"ancestor":"","eIdx":2,"st_mention":35,"en":47,"ne_type":"TIME","keyword":"[5월_19일]","e_type":"WIKILINK"},{"kbox_types":["Year","TimePeriod"],"st":50,"en_mention":49,"ancestor":"","eIdx":3,"st_mention":44,"en":57,"ne_type":"TIME","keyword":"[1816년]","e_type":"WIKILINK"},{"kbox_types":["NULL"],"st":58,"en_mention":55,"ancestor":"","eIdx":4,"st_mention":50,"en":65,"ne_type":"TIME","keyword":"[1월_5일]","e_type":"WIKILINK"},{"kbox_types":["Country","PopulatedPlace","PopulatedPlace","Place"],"st":68,"en_mention":60,"ancestor":"","eIdx":5,"st_mention":58,"en":72,"ne_type":"LOCATION","keyword":"[영국]","e_type":"WIKILINK"},{"kbox_types":["NULL"],"st":80,"en_mention":73,"ancestor":"","eIdx":6,"st_mention":68,"en":87,"ne_type":"ETC","keyword":"[영미_전쟁]","e_type":"WIKILINK"},{"kbox_types":["Country","PopulatedPlace","PopulatedPlace","Place"],"st":91,"en_mention":80,"ancestor":"","eIdx":7,"st_mention":77,"en":96,"ne_type":"LOCATION","keyword":"[캐나다]","e_type":"NEW"},{"kbox_types":["Country","PopulatedPlace","PopulatedPlace","Place"],"st":111,"en_mention":102,"ancestor":"","eIdx":8,"st_mention":95,"en":120,"ne_type":"LOCATION","keyword":"[뉴저지_식민지]","e_type":"WIKILINK"},{"kbox_types":["NULL"],"st":121,"en_mention":106,"ancestor":"","eIdx":9,"st_mention":103,"en":126,"ne_type":"LOCATION","keyword":"[하켄색]","e_type":"NEW"},{"kbox_types":["Country","PopulatedPlace","PopulatedPlace","Place"],"st":136,"en_mention":119,"ancestor":"","eIdx":10,"st_mention":116,"en":141,"ne_type":"LOCATION","keyword":"[스위스]","e_type":"NEW"},{"kbox_types":["Population","EthnicGroup"],"st":143,"en_mention":125,"ancestor":"","eIdx":11,"st_mention":121,"en":149,"ne_type":"ETC","keyword":"<프랑스인>","e_type":"ELU"},{"kbox_types":["NULL"],"st":150,"en_mention":136,"ancestor":"","eIdx":12,"st_mention":126,"en":162,"ne_type":"PERSON","keyword":"[오거스틴 프레보스트]","e_type":"NEW"},{"kbox_types":["Agent","MilitaryUnit","Organisation"],"st":169,"en_mention":146,"ancestor":"","eIdx":13,"st_mention":143,"en":174,"ne_type":"ORGANIZATION","keyword":"<영국군>","e_type":"ELU"},{"kbox_types":["Year","TimePeriod"],"st":188,"en_mention":165,"ancestor":"","eIdx":14,"st_mention":160,"en":195,"ne_type":"TIME","keyword":"[1784년]","e_type":"NEW"},{"kbox_types":["NULL"],"st":206,"en_mention":181,"ancestor":"","eIdx":15,"st_mention":176,"en":213,"ne_type":"PERSON","keyword":"[프레보스트]","e_type":"NEW"},{"kbox_types":["MilitaryConflict","Event","SocietalEvent"],"st":215,"en_mention":192,"ancestor":"","eIdx":16,"st_mention":183,"en":226,"ne_type":"ETC","keyword":"[프랑스_혁명_전쟁]","e_type":"WIKILINK"},{"kbox_types":["MilitaryConflict","Event","SocietalEvent"],"st":228,"en_mention":201,"ancestor":"","eIdx":17,"st_mention":194,"en":237,"ne_type":"ETC","keyword":"[나폴레옹_전쟁]","e_type":"WIKILINK"},{"kbox_types":["NULL"],"st":244,"en_mention":214,"ancestor":"","eIdx":18,"st_mention":208,"en":252,"ne_type":"ETC","keyword":"[서인도_제도]","e_type":"WIKILINK"},{"kbox_types":["Year","TimePeriod"],"st":265,"en_mention":232,"ancestor":"","eIdx":19,"st_mention":227,"en":272,"ne_type":"TIME","keyword":"[1794년]","e_type":"NEW"},{"kbox_types":["Year","TimePeriod"],"st":275,"en_mention":240,"ancestor":"","eIdx":20,"st_mention":235,"en":282,"ne_type":"TIME","keyword":"[1796년]","e_type":"NEW"},{"kbox_types":["NULL"],"st":285,"en_mention":250,"ancestor":"","eIdx":21,"st_mention":243,"en":294,"ne_type":"ETC","keyword":"[세인트_빈센트]","e_type":"WIKILINK"},{"kbox_types":["Country","PopulatedPlace","PopulatedPlace","Place"],"st":311,"en_mention":269,"ancestor":"","eIdx":22,"st_mention":267,"en":315,"ne_type":"LOCATION","keyword":"[영국]","e_type":"NEW"},{"kbox_types":["Country","PopulatedPlace","PopulatedPlace","Place"],"st":317,"en_mention":275,"ancestor":"","eIdx":23,"st_mention":271,"en":321,"ne_type":"LOCATION","keyword":"<미국>","e_type":"ELU"},{"kbox_types":["NULL"],"st":330,"en_mention":288,"ancestor":"","eIdx":24,"st_mention":284,"en":336,"ne_type":"ETC","keyword":"[영미전쟁]","e_type":"WIKILINK"},{"kbox_types":["Country","PopulatedPlace","PopulatedPlace","Place"],"st":353,"en_mention":307,"ancestor":"","eIdx":25,"st_mention":305,"en":357,"ne_type":"LOCATION","keyword":"[영국]","e_type":"NEW"},{"kbox_types":["Agent","Organisation","Company"],"st":359,"en_mention":311,"ancestor":"","eIdx":26,"st_mention":309,"en":363,"ne_type":"LOCATION","keyword":"[북미]","e_type":"NEW"},{"kbox_types":["Country","PopulatedPlace","PopulatedPlace","Place"],"st":368,"en_mention":319,"ancestor":"","eIdx":27,"st_mention":316,"en":373,"ne_type":"LOCATION","keyword":"<캐나다>","e_type":"ELU"}],"wikiPageId":1002976,"pIdx":1,"plainText":"조지 프레보스트(Sir George Prévost, 1767년 5월 19일 - 1816년 1월 5일)는 영국의 군인이자, 영미 전쟁 때의 캐나다 식민지의 총사령관이었다. 뉴저지 식민지 하켄색에서 출생하였고, 스위스계 프랑스인 오거스틴 프레보스트의 장자로, 영국군에 젊은 나이에 입대하여 1784년에 대위가 되었다. 프레보스트는 프랑스 혁명 전쟁과 나폴레옹 전쟁 기간 내내 서인도 제도에서 복무를 하였으며, 1794년에서 1796년까지 세인트 빈센트에서는 사령관이 되었다. 그는 영국과 미합중국 사이에 벌어진 영미전쟁 때 민간인 주지사 장군이자, 영국령 북미(현재의 캐나다의 일부) 주둔군 총사령관으로 가장 잘 알려진 인물이다.","mentionTagged":"[조지 프레보스트](Sir George Prévost, [1767년] [5월 19일] - [1816년] [1월 5일])는 [영국]의 군인이자, [영미 전쟁] 때의 [캐나다] 식민지의 총사령관이었다. [뉴저지 식민지] [하켄색]에서 출생하였고, [스위스]계 [프랑스인] [오거스틴 프레보스트]의 장자로, [영국군]에 젊은 나이에 입대하여 [1784년]에 대위가 되었다. [프레보스트]는 [프랑스 혁명 전쟁]과 [나폴레옹 전쟁] 기간 내내 [서인도 제도]에서 복무를 하였으며, [1794년]에서 [1796년]까지 [세인트 빈센트]에서는 사령관이 되었다. 그는 [영국]과 [미합중국] 사이에 벌어진 [영미전쟁] 때 민간인 주지사 장군이자, [영국]령 [북미](현재의 [캐나다]의 일부) 주둔군 총사령관으로 가장 잘 알려진 인물이다."}