{"paragraphs":[{"globalSId":[2198464,2198465,2198466,2198467,2198468,2198469,2198470],"wikiPageId":506709,"questions":[{"e2St":37,"nlq":"[양전닝]의 국적은(는) [미국]인가요?","ansArr":["F","F","F"],"e1St":30,"ans":"F","e2En":41,"rel":"nationality","e1En":35,"e1":"[양전닝]","qid":0,"e2":"[미국]"},{"e2St":291,"nlq":"[양전닝]가 알려진 일, 역사적인 사건 등. 사람, 조직, 집중력 캠프 등은(는) [양-밀스_이론]인가요?","ansArr":["T","T","T"],"e1St":30,"ans":"T","e2En":299,"rel":"knownFor","e1En":35,"e1":"[양전닝]","qid":1,"e2":"[양-밀스_이론]"},{"e2St":291,"nlq":"<양전닝>가 알려진 일, 역사적인 사건 등. 사람, 조직, 집중력 캠프 등은(는) [양-밀스_이론]인가요?","ansArr":["T","T","T"],"e1St":140,"ans":"T","e2En":299,"rel":"knownFor","e1En":145,"e1":"<양전닝>","qid":2,"e2":"[양-밀스_이론]"}],"pIdx":2,"text":"역사. [양-밀스_이론]은 [1954년]에 [중국]의 [양전닝]과 [미국]의 [로버트_밀스](Robert L. Mills)가 도입하였다. 역사적으로, 이는 최초의 비가환 게이지 이론이자 역사으로 ([전자기학] 다음으로) 두 번째의 게이지 이론이었다. <양전닝>과 [밀스]는 [양자전기역학]을 일반화하려고 시도하여, <양자_전기역학>이 바탕을 둔 [유니터리_군] 군을 [특수_유니터리_군]으로 치환하였다. <양전닝>과 [밀스]는 이를 [강한_상호작용]의 [아이소스핀]을 설명하려고 도입하였으나, 이는 실험과 맞지 않았다. [양-밀스_이론]은 이러한 결함 때문에 잊혀지고 있다가, [1960년]에 [자발_대칭_깨짐]의 발견으로, 이러한 문제를 없앨수 있다는 사실이 밝혀졌고, 곧 [강한_상호작용]의 색전하와 [약한_상호작용]의 설명에 도입돼, [표준_모형]의 일부를 이루게 되었다."},{"globalSId":[2067286,2067287],"wikiPageId":452338,"questions":[{"e2St":54,"nlq":"<사가아라시야마_역>의 소유 조직은(는) [서일본_여객철도]인가요?","ansArr":["T","T","T"],"e1St":0,"ans":"T","e2En":64,"rel":"owningOrganisation","e1En":11,"e1":"<사가아라시야마_역>","qid":0,"e2":"[서일본_여객철도]"},{"e2St":54,"nlq":"<사가아라시야마_역> (이)라는 역을 운행하는 회사 또는 노선은(는) [서일본_여객철도]인가요?","ansArr":["T","T","T"],"e1St":0,"ans":"T","e2En":64,"rel":"servingRailwayLine","e1En":11,"e1":"<사가아라시야마_역>","qid":1,"e2":"[서일본_여객철도]"},{"e2St":71,"nlq":"<사가아라시야마_역> (이)라는 역을 운행하는 회사 또는 노선은(는) [사가노_선]인가요?","ansArr":["T","T","T"],"e1St":0,"ans":"T","e2En":78,"rel":"servingRailwayLine","e1En":11,"e1":"<사가아라시야마_역>","qid":2,"e2":"[사가노_선]"},{"e2St":27,"nlq":"[교토_시]의 행정구역은(는) [교토_부]인가요?","ansArr":["T","T","T"],"e1St":20,"ans":"T","e2En":33,"rel":"administrativeDistrict","e1En":26,"e1":"[교토_시]","qid":3,"e2":"[교토_부]"},{"e2St":27,"nlq":"[교토_시]가 있거나 연결되어있는 지역은(는) [교토_부]인가요?","ansArr":["T","T","T"],"e1St":20,"ans":"T","e2En":33,"rel":"region","e1En":26,"e1":"[교토_시]","qid":4,"e2":"[교토_부]"},{"e2St":27,"nlq":"[교토_시]를 포함하는 것은(는) [교토_부]인가요?","ansArr":["T","T","T"],"e1St":20,"ans":"T","e2En":33,"rel":"isPartOf","e1En":26,"e1":"[교토_시]","qid":5,"e2":"[교토_부]"}],"pIdx":1,"text":"<사가아라시야마_역>()은 [일본] [교토_시] [교토_부] [우쿄_구]에 있는 [철도역]이다. [서일본_여객철도]가 운영하는 [사가노_선] 열차가 정차한다."},{"globalSId":[1318914,1318915,1318916,1318917,1318918,1318919],"wikiPageId":222521,"questions":[{"e2St":91,"nlq":"[조선_명종] (이)라는 인물의 배우자 (동거인의 개념은 아님)은(는) [인순왕후]인가요?","ansArr":["F","T","T"],"e1St":82,"ans":"T","e2En":97,"rel":"spouse","e1En":89,"e1":"[조선_명종]","qid":0,"e2":"[인순왕후]"},{"e2St":111,"nlq":"[인순왕후] (이)라는 인물의 배우자 (동거인의 개념은 아님)은(는) [조선_명종]인가요?","ansArr":["F","T","T"],"e1St":91,"ans":"T","e2En":118,"rel":"spouse","e1En":97,"e1":"[인순왕후]","qid":1,"e2":"[조선_명종]"},{"e2St":208,"nlq":"<허균>의 친척은(는) [허난설헌]인가요?","ansArr":["T","T","T"],"e1St":198,"ans":"T","e2En":214,"rel":"relative","e1En":202,"e1":"<허균>","qid":2,"e2":"[허난설헌]"},{"e2St":244,"nlq":"<허균>의 친척은(는) [허봉]인가요?","ansArr":["T","T","T"],"e1St":198,"ans":"T","e2En":248,"rel":"relative","e1En":202,"e1":"<허균>","qid":3,"e2":"[허봉]"},{"e2St":208,"nlq":"[허균]의 친척은(는) [허난설헌]인가요?","ansArr":["T","T","T"],"e1St":202,"ans":"T","e2En":214,"rel":"relative","e1En":206,"e1":"[허균]","qid":4,"e2":"[허난설헌]"},{"e2St":244,"nlq":"[허균]의 친척은(는) [허봉]인가요?","ansArr":["T","T","T"],"e1St":202,"ans":"T","e2En":248,"rel":"relative","e1En":206,"e1":"[허균]","qid":5,"e2":"[허봉]"},{"e2St":222,"nlq":"[허난설헌]의 친척은(는) [허균]인가요?","ansArr":["T","T","T"],"e1St":208,"ans":"T","e2En":226,"rel":"relative","e1En":214,"e1":"[허난설헌]","qid":6,"e2":"[허균]"},{"e2St":244,"nlq":"[허난설헌]의 친척은(는) [허봉]인가요?","ansArr":["T","T","T"],"e1St":208,"ans":"T","e2En":248,"rel":"relative","e1En":214,"e1":"[허난설헌]","qid":7,"e2":"[허봉]"}],"pIdx":3,"text":"<김효원>은 [심의겸]의 동생 [심충겸]이 [이조][전랑]직에 천거되자 외척이 인사권을 장악해서는 안 된다며 반대하였다. [심의겸]과 [심충겸]은 [조선_명종]비 [인순왕후]의 동생들로, [선조]가 [조선_명종]의 양자 자격으로 임금이 되었으므로 그의 주장이 인정되었다. 사후 [이조][참판]에 [증직]되었다가 다시 [이조판서]로 [추증](追贈)되었다. <허균>[허균]과 [허난설헌]의 인척으로, [허균]은 그의 사위이며 [허균]의 형 [허봉]의 딸이 그의 맏며느리였다. [동인]과 [서인]의 붕당 분열의 원인을 제공한 인물로 평가되고 있지만, 생전에는 청렴한 선비로서 신진 인사들의 존경을 받았다. [이황], [조식_(1501년)]의 문인."}]}