{"paragraphs":[{"globalSId":[2603500],"wikiPageId":697288,"questions":[{"e2St":31,"nlq":"[1996년_하계_올림픽]가 위치한 행정 구역은(는) [애틀랜타]인가요?","ansArr":["T","F","T"],"e1St":0,"ans":"T","e2En":37,"rel":"city","e1En":13,"e1":"[1996년_하계_올림픽]","qid":0,"e2":"[애틀랜타]"}],"pIdx":1,"text":"[1996년_하계_올림픽] [아루바_선수단]은 [미국] [애틀랜타]에서 개최된 [1996년_하계_올림픽]에 참가한 [올림픽_아루바_선수단]이다."},{"globalSId":[3481254,3481255],"wikiPageId":1237911,"questions":[{"e2St":220,"nlq":"[에머데일]의 국가은(는) [영국]인가요?","ansArr":["T","T","T"],"e1St":116,"ans":"T","e2En":224,"rel":"country","e1En":122,"e1":"[에머데일]","qid":0,"e2":"[영국]"},{"e2St":220,"nlq":"[닥터_후]의 국가은(는) [영국]인가요?","ansArr":["T","T","T"],"e1St":157,"ans":"T","e2En":224,"rel":"country","e1En":163,"e1":"[닥터_후]","qid":1,"e2":"[영국]"},{"e2St":220,"nlq":"[코로네이션_스트리트]의 국가은(는) [영국]인가요?","ansArr":["T","T","T"],"e1St":167,"ans":"T","e2En":224,"rel":"country","e1En":179,"e1":"[코로네이션_스트리트]","qid":2,"e2":"[영국]"}],"pIdx":1,"text":"[필립_] (Philip \"Phil\" Collinson, [1970년] [8월_26일] ~)은 [영국]의 [텔레비전_프로듀서]이다. 처음엔 배우로 활동하다가 일을 바꾸어 [대본_편집자]와 《[스프링힐]》, 《[에머데일]》을 비롯한 프로그램 작가, 나중에는 《[피크_프랙티스]》, 《[닥터_후]》, 《[코로네이션_스트리트]》의 프로듀서가 되어 카메라 뒤 업계에서 활동해오고 있으며 그의 거주지는 [영국] [잉글랜드] [맨체스터]이다."},{"globalSId":[752436,752437,752438,752439],"wikiPageId":98864,"questions":[{"e2St":18,"nlq":"<무한걸스>의 방송채널은(는) [MBC_에브리원]인가요?","ansArr":["T","T","T"],"e1St":0,"ans":"T","e2En":28,"rel":"channel","e1En":6,"e1":"<무한걸스>","qid":0,"e2":"[MBC_에브리원]"},{"e2St":48,"nlq":"<무한걸스>와 관련있는 것은(는) <무한도전>인가요?","ansArr":["T","T","T"],"e1St":0,"ans":"T","e2En":54,"rel":"related","e1En":6,"e1":"<무한걸스>","qid":1,"e2":"<무한도전>"},{"e2St":160,"nlq":"<무한걸스>의 방송채널은(는) [MBC_드라마넷]인가요?","ansArr":["T","T","F"],"e1St":0,"ans":"T","e2En":170,"rel":"channel","e1En":6,"e1":"<무한걸스>","qid":2,"e2":"[MBC_드라마넷]"},{"e2St":18,"nlq":"[무한걸스]의 방송채널은(는) [MBC_에브리원]인가요?","ansArr":["T","T","T"],"e1St":9,"ans":"T","e2En":28,"rel":"channel","e1En":15,"e1":"[무한걸스]","qid":3,"e2":"[MBC_에브리원]"},{"e2St":48,"nlq":"[무한걸스]와 관련있는 것은(는) <무한도전>인가요?","ansArr":["T","T","T"],"e1St":9,"ans":"T","e2En":54,"rel":"related","e1En":15,"e1":"[무한걸스]","qid":4,"e2":"<무한도전>"},{"e2St":160,"nlq":"[무한걸스]의 방송채널은(는) [MBC_드라마넷]인가요?","ansArr":["T","T","F"],"e1St":9,"ans":"T","e2En":170,"rel":"channel","e1En":15,"e1":"[무한걸스]","qid":5,"e2":"[MBC_드라마넷]"},{"e2St":84,"nlq":"<무한도전>와 관련있는 것은(는) <무한걸스>인가요?","ansArr":["T","T","T"],"e1St":48,"ans":"T","e2En":90,"rel":"related","e1En":54,"e1":"<무한도전>","qid":6,"e2":"<무한걸스>"},{"e2St":160,"nlq":"<무한도전>의 방송채널은(는) [MBC_드라마넷]인가요?","ansArr":["F","T","F"],"e1St":48,"ans":"F","e2En":170,"rel":"channel","e1En":54,"e1":"<무한도전>","qid":7,"e2":"[MBC_드라마넷]"},{"e2St":200,"nlq":"<무한도전>의 방송채널은(는) [MBC_에브리원]인가요?","ansArr":["F","T","F"],"e1St":48,"ans":"F","e2En":210,"rel":"channel","e1En":54,"e1":"<무한도전>","qid":8,"e2":"[MBC_에브리원]"}],"pIdx":36,"text":"<무한걸스>. 〈[무한걸스]〉는 [MBC_에브리원]에서 방송되었던 오락 프로그램으로, <무한도전>의 유사한 포맷을 가진 리얼 버라이어티 프로그램이다. <무한걸스>라는 이름에서 알 수 있듯이 <무한도전>이 6명의 남자들로 구성된 것과는 달리 6명의 여자들로 출연진이 구성되어 있다. 원래 [MBC_드라마넷]에서 추석 특집으로 편성되었으나, 그 뒤 반응이 좋아 [MBC_에브리원]의 개국과 함께 정규 프로그램으로 편성하여 방송되었다."}]}