{"paragraphs":[{"globalSId":[2722054,2722055],"wikiPageId":751078,"questions":[{"e2St":68,"nlq":"<마틸다상과>의 생물종 혹은 자회사은(는) [연체동물]인가요?","ansArr":["T","T","T"],"e1St":0,"ans":"T","e2En":74,"rel":"division","e1En":7,"e1":"<마틸다상과>","qid":0,"e2":"[연체동물]"},{"e2St":68,"nlq":"<마틸다상과>의 생물종은(는) [연체동물]인가요?","ansArr":["T","T","T"],"e1St":0,"ans":"T","e2En":74,"rel":"phylum","e1En":7,"e1":"<마틸다상과>","qid":1,"e2":"[연체동물]"},{"e2St":68,"nlq":"[달팽이]의 생물종 혹은 자회사은(는) [연체동물]인가요?","ansArr":["T","T","T"],"e1St":26,"ans":"T","e2En":74,"rel":"division","e1En":31,"e1":"[달팽이]","qid":2,"e2":"[연체동물]"},{"e2St":68,"nlq":"[달팽이]의 생물종은(는) [연체동물]인가요?","ansArr":["T","T","T"],"e1St":26,"ans":"T","e2En":74,"rel":"phylum","e1En":31,"e1":"[달팽이]","qid":3,"e2":"[연체동물]"},{"e2St":68,"nlq":"[하이새류]의 생물종 혹은 자회사은(는) [연체동물]인가요?","ansArr":["T","T","F"],"e1St":47,"ans":"T","e2En":74,"rel":"division","e1En":53,"e1":"[하이새류]","qid":4,"e2":"[연체동물]"},{"e2St":68,"nlq":"[하이새류]의 생물종은(는) [연체동물]인가요?","ansArr":["T","T","F"],"e1St":47,"ans":"T","e2En":74,"rel":"phylum","e1En":53,"e1":"[하이새류]","qid":5,"e2":"[연체동물]"},{"e2St":68,"nlq":"[복족류]의 생물종 혹은 자회사은(는) [연체동물]인가요?","ansArr":["F","T","T"],"e1St":62,"ans":"T","e2En":74,"rel":"division","e1En":67,"e1":"[복족류]","qid":6,"e2":"[연체동물]"},{"e2St":68,"nlq":"[복족류]의 생물종은(는) [연체동물]인가요?","ansArr":["F","T","T"],"e1St":62,"ans":"T","e2En":74,"rel":"phylum","e1En":67,"e1":"[복족류]","qid":7,"e2":"[연체동물]"}],"pIdx":1,"text":"<마틸다상과>(Mathildoidea)는 바다 [달팽이] 상과의 하나이다. 비공식군 [하이새류]에 속하는 해양 [복족류] [연체동물]이다."},{"globalSId":[3175583],"wikiPageId":1002101,"questions":[{"e2St":33,"nlq":"<라그바_호수>가 위치한 지역은(는) [티베트]인가요?","ansArr":["T","T","T"],"e1St":0,"ans":"T","e2En":38,"rel":"location","e1En":8,"e1":"<라그바_호수>","qid":0,"e2":"[티베트]"},{"e2St":52,"nlq":"<라그바_호수>가 위치한 지역은(는) [에베레스트_산]인가요?","ansArr":["F","T","F"],"e1St":0,"ans":"F","e2En":61,"rel":"location","e1En":8,"e1":"<라그바_호수>","qid":1,"e2":"[에베레스트_산]"}],"pIdx":1,"text":"<라그바_호수>(Lhagba Pool)는 [중화인민공화국] [티베트]에 위치했던 [호수]로, [에베레스트_산]의 [롱북_빙하]에서 약 10km 떨어진 지점에 위치하였다."},{"globalSId":[3846068,3846069,3846070],"wikiPageId":1623985,"questions":[{"e2St":206,"nlq":"[맥시스] (이)라는 기관에서 만든 제품은(는) [심시티]인가요?","ansArr":["T","T","T"],"e1St":164,"ans":"T","e2En":211,"rel":"product","e1En":169,"e1":"[맥시스]","qid":0,"e2":"[심시티]"},{"e2St":247,"nlq":"[맥시스] (이)라는 기관에서 만든 제품은(는) [심즈]인가요?","ansArr":["T","T","T"],"e1St":164,"ans":"T","e2En":251,"rel":"product","e1En":169,"e1":"[맥시스]","qid":1,"e2":"[심즈]"}],"pIdx":86,"text":"이 기간 동안 포인트 앤드 클릭 장르가 만들어짐과 동시에 그래픽 어드벤처 게임이 발전하였다. 이 장르의 다작들 가운데 일부는 [1990년대] 동안 [시에라_엔터테인먼트], [루카스아츠]에 의해 생산되었고, 속편은 새로운 스타일의 퍼즐 기반 어드벤처 게임들에 영감을 주었다. [1990년대]에는 [맥시스]가 성공적인 [심_비디오_게임의_목록]을 배급하였는데, 처음에는 《[심시티]》로 시작하여, 이후 《[심어스]》, 《[심시티_2000]》, 《[심즈]》([2000년]에 처음 출시)와 같은 다양한 타이틀이 계속 출시되었다."}]}