{"paragraphs":[{"globalSId":[3235030],"wikiPageId":1035863,"questions":[{"e2St":9,"nlq":"<네롤라>의 국가은(는) [이탈리아]인가요?","ansArr":["T","T","T"],"e1St":0,"ans":"T","e2En":15,"rel":"country","e1En":5,"e1":"<네롤라>","qid":0,"e2":"[이탈리아]"},{"e2St":16,"nlq":"<네롤라>가 있거나 연결되어있는 지역은(는) [라치오_주]인가요?","ansArr":["T","T","T"],"e1St":0,"ans":"T","e2En":23,"rel":"region","e1En":5,"e1":"<네롤라>","qid":1,"e2":"[라치오_주]"},{"e2St":24,"nlq":"<네롤라>의 행정구역은(는) [로마_현]인가요?","ansArr":["F","F","T"],"e1St":0,"ans":"F","e2En":30,"rel":"administrativeDistrict","e1En":5,"e1":"<네롤라>","qid":2,"e2":"[로마_현]"},{"e2St":24,"nlq":"<네롤라>가 있거나 연결되어있는 지역은(는) [로마_현]인가요?","ansArr":["T","T","T"],"e1St":0,"ans":"T","e2En":30,"rel":"region","e1En":5,"e1":"<네롤라>","qid":3,"e2":"[로마_현]"}],"pIdx":1,"text":"<네롤라>()는 [이탈리아] [라치오_주] [로마_현]에 위치한 <코무네>다."},{"globalSId":[3333058,3333059],"wikiPageId":1103507,"questions":[{"e2St":105,"nlq":"[문어]의 생물종 혹은 자회사은(는) [연체동물]인가요?","ansArr":["T","T","T"],"e1St":96,"ans":"T","e2En":111,"rel":"division","e1En":100,"e1":"[문어]","qid":0,"e2":"[연체동물]"},{"e2St":105,"nlq":"[문어]의 생물종은(는) [연체동물]인가요?","ansArr":["T","T","T"],"e1St":96,"ans":"T","e2En":111,"rel":"phylum","e1En":100,"e1":"[문어]","qid":1,"e2":"[연체동물]"},{"e2St":156,"nlq":"[새우]의 생물종은(는) [갑각류]인가요?","ansArr":["T","T","T"],"e1St":142,"ans":"T","e2En":161,"rel":"phylum","e1En":146,"e1":"[새우]","qid":2,"e2":"[갑각류]"},{"e2St":156,"nlq":"[게]의 생물종은(는) [갑각류]인가요?","ansArr":["T","T","T"],"e1St":148,"ans":"T","e2En":161,"rel":"phylum","e1En":151,"e1":"[게]","qid":3,"e2":"[갑각류]"}],"pIdx":13,"text":"<포르투갈>에서 출하된 주된 물고기들로는 [정어리], [고등어], [다랑어]이며, 각각 총 무게의 37%, 9%, 8%를 차지하고, 13%, 1%, 8%의 수익을 보인다. [문어]와 같은 [연체동물]과는 전체 무게의 12%를 차지하지만 22%의 수익을, [새우]나 [게]와 같은 [갑각류]의 경우 전체 무게의 0.5%를 차지하지만 6%의 수익을 낸다."},{"globalSId":[3491592,3491593,3491594],"wikiPageId":1246737,"questions":[{"e2St":71,"nlq":"[카이스트_(드라마)] (이)라는 글을 쓴 사람은(는) [송지나]인가요?","ansArr":["F","T","T"],"e1St":55,"ans":"T","e2En":76,"rel":"author","e1En":67,"e1":"[카이스트_(드라마)]","qid":0,"e2":"[송지나]"},{"e2St":71,"nlq":"[카이스트_(드라마)] (이)라는 작품을 쓴 인물은(는) [송지나]인가요?","ansArr":["T","T","T"],"e1St":55,"ans":"T","e2En":76,"rel":"writer","e1En":67,"e1":"[카이스트_(드라마)]","qid":1,"e2":"[송지나]"}],"pIdx":2,"text":"[1998년] [MBC_베스트극장]《설사약 권하는 사회》로 데뷔하였으며, 1년 뒤 [SBS_TV]《[카이스트_(드라마)]》에서 [송지나] 작가의 보조작가로 집필 활동을 본격적으로 시작하였다. [2002년]에는 [KBS_2TV] 시트콤 《[동물원_사람들]》에 참여하였으며, [2006년]에는 [MBC]에서 8부작 드라마《[내_인생의_스페셜]》의 메인작가로 호평받은 바 있다. [2007년]에는 [송지나] 작가와 함께 [MBC]《[태왕사신기]》의 공동 집필에 참여하였다."},{"globalSId":[536189],"wikiPageId":64616,"questions":[{"e2St":12,"nlq":"<키르기스어>의 공통 조상으로부터 진화 된 일련의 언어들은(는) [투르크어족]인가요?","ansArr":["F","F","F"],"e1St":0,"ans":"F","e2En":19,"rel":"languageFamily","e1En":7,"e1":"<키르기스어>","qid":0,"e2":"[투르크어족]"},{"e2St":28,"nlq":"<키르기스어> (이)라는 언어를 사용하는 지역은(는) [키르기스스탄]인가요?","ansArr":["T","T","T"],"e1St":0,"ans":"T","e2En":36,"rel":"spokenIn","e1En":7,"e1":"<키르기스어>","qid":1,"e2":"[키르기스스탄]"},{"e2St":39,"nlq":"[키르기스스탄]가 사용하는 언어은(는) [러시아어]인가요?","ansArr":["T","T","T"],"e1St":28,"ans":"T","e2En":45,"rel":"language","e1En":36,"e1":"[키르기스스탄]","qid":2,"e2":"[러시아어]"}],"pIdx":1,"text":"<키르기스어>( )는 [투르크어족]에 속한 언어로 [키르기스스탄]에서 [러시아어]와 함께 [공용어]로 지정되어 있다."}]}