{"paragraphs":[{"globalSId":[3722749],"wikiPageId":1439366,"questions":[{"e2St":16,"nlq":"[일리니_앤드_살루키]의 국가은(는) [미국]인가요?","ansArr":["F","T","T"],"e1St":0,"ans":"T","e2En":20,"rel":"country","e1En":11,"e1":"[일리니_앤드_살루키]","qid":0,"e2":"[미국]"},{"e2St":21,"nlq":"[일리니_앤드_살루키] (이)라는 경로가 끝나는 곳은(는) [일리노이_주]인가요?","ansArr":["T","T","T"],"e1St":0,"ans":"T","e2En":29,"rel":"routeEnd","e1En":11,"e1":"[일리니_앤드_살루키]","qid":1,"e2":"[일리노이_주]"},{"e2St":21,"nlq":"[일리니_앤드_살루키] (이)라는 경로가 시작되는 곳은(는) [일리노이_주]인가요?","ansArr":["T","T","T"],"e1St":0,"ans":"T","e2En":29,"rel":"routeStart","e1En":11,"e1":"[일리니_앤드_살루키]","qid":2,"e2":"[일리노이_주]"},{"e2St":30,"nlq":"[일리니_앤드_살루키] (이)라는 경로가 시작되는 곳은(는) [시카고]인가요?","ansArr":["T","T","T"],"e1St":0,"ans":"T","e2En":35,"rel":"routeStart","e1En":11,"e1":"[일리니_앤드_살루키]","qid":3,"e2":"[시카고]"},{"e2St":36,"nlq":"[일리니_앤드_살루키] (이)라는 경로가 시작되는 곳은(는) [유니언_역_(시카고)]인가요?","ansArr":["T","T","T"],"e1St":0,"ans":"T","e2En":49,"rel":"routeStart","e1En":11,"e1":"[일리니_앤드_살루키]","qid":4,"e2":"[유니언_역_(시카고)]"},{"e2St":61,"nlq":"[일리니_앤드_살루키] (이)라는 경로가 끝나는 곳은(는) [카번데일]인가요?","ansArr":["T","F","T"],"e1St":0,"ans":"T","e2En":67,"rel":"routeEnd","e1En":11,"e1":"[일리니_앤드_살루키]","qid":5,"e2":"[카번데일]"},{"e2St":68,"nlq":"[일리니_앤드_살루키] (이)라는 경로가 끝나는 곳은(는) [카번데일_역]인가요?","ansArr":["T","T","T"],"e1St":0,"ans":"T","e2En":76,"rel":"routeEnd","e1En":11,"e1":"[일리니_앤드_살루키]","qid":6,"e2":"[카번데일_역]"},{"e2St":84,"nlq":"[일리니_앤드_살루키]의 종류(타입)은(는) [도시철도]인가요?","ansArr":["T","T","T"],"e1St":0,"ans":"T","e2En":90,"rel":"type","e1En":11,"e1":"[일리니_앤드_살루키]","qid":7,"e2":"[도시철도]"},{"e2St":30,"nlq":"[일리노이_주] (이)라는 장소에서의 가장 큰 도시은(는) [시카고]인가요?","ansArr":["F","T","T"],"e1St":21,"ans":"T","e2En":35,"rel":"largestCity","e1En":29,"e1":"[일리노이_주]","qid":8,"e2":"[시카고]"},{"e2St":52,"nlq":"[시카고]를 포함하는 것은(는) [일리노이_주]인가요?","ansArr":["T","F","T"],"e1St":30,"ans":"T","e2En":60,"rel":"isPartOf","e1En":35,"e1":"[시카고]","qid":9,"e2":"[일리노이_주]"}],"pIdx":1,"text":"[일리니_앤드_살루키]()는 [미국] [일리노이_주] [시카고] [유니언_역_(시카고)]에서 [일리노이_주] [카번데일] [카번데일_역]까지 운행되는 [도시철도] 열차이다."},{"globalSId":[2739744,2739745],"wikiPageId":759259,"questions":[{"e2St":48,"nlq":"[혼다_기연_공업] (이)라는 기관에서 만든 제품은(는) [스쿠터]인가요?","ansArr":["F","F","T"],"e1St":21,"ans":"F","e2En":53,"rel":"product","e1En":31,"e1":"[혼다_기연_공업]","qid":0,"e2":"[스쿠터]"},{"e2St":58,"nlq":"[혼다_기연_공업] (이)라는 기관에서 만든 제품은(는) [모터사이클]인가요?","ansArr":["T","T","T"],"e1St":21,"ans":"T","e2En":65,"rel":"product","e1En":31,"e1":"[혼다_기연_공업]","qid":1,"e2":"[모터사이클]"}],"pIdx":1,"text":"<혼다_택트>(Honda Tact)는 [혼다_기연_공업]가 판매한 [원동기장치자전거] [스쿠터] 형태의 [모터사이클]이다. 몇 번의 페이스리프트를 거친 모델로 종류도 많다."}]}