{"paragraphs":[{"globalSId":[3066478,3066479],"wikiPageId":938908,"questions":[{"e2St":16,"nlq":"<산타르칸젤로트리몬테>의 국가은(는) [이탈리아]인가요?","ansArr":["T","T","T"],"e1St":0,"ans":"T","e2En":22,"rel":"country","e1En":12,"e1":"<산타르칸젤로트리몬테>","qid":0,"e2":"[이탈리아]"},{"e2St":23,"nlq":"<산타르칸젤로트리몬테>가 있거나 연결되어있는 지역은(는) [캄파니아_주]인가요?","ansArr":["T","T","T"],"e1St":0,"ans":"T","e2En":31,"rel":"region","e1En":12,"e1":"<산타르칸젤로트리몬테>","qid":1,"e2":"[캄파니아_주]"},{"e2St":32,"nlq":"<산타르칸젤로트리몬테>의 행정구역은(는) [베네벤토_현]인가요?","ansArr":["T","T","T"],"e1St":0,"ans":"T","e2En":40,"rel":"administrativeDistrict","e1En":12,"e1":"<산타르칸젤로트리몬테>","qid":2,"e2":"[베네벤토_현]"},{"e2St":32,"nlq":"<산타르칸젤로트리몬테>가 있거나 연결되어있는 지역은(는) [베네벤토_현]인가요?","ansArr":["T","T","T"],"e1St":0,"ans":"T","e2En":40,"rel":"region","e1En":12,"e1":"<산타르칸젤로트리몬테>","qid":3,"e2":"[베네벤토_현]"}],"pIdx":1,"text":"<산타르칸젤로트리몬테>()는 [이탈리아] [캄파니아_주] [베네벤토_현]의 코무네다. [나폴리]로부터 북동쪽 70km [베네벤토]로부터 동쪽 13km 거리에 위치해있다."},{"globalSId":[3838729,3838730],"wikiPageId":1618789,"questions":[{"e2St":49,"nlq":"[니쓰루_역]의 소유 조직은(는) [동일본_여객철도]인가요?","ansArr":["T","T","T"],"e1St":0,"ans":"T","e2En":59,"rel":"owningOrganisation","e1En":6,"e1":"[니쓰루_역]","qid":0,"e2":"[동일본_여객철도]"},{"e2St":49,"nlq":"[니쓰루_역] (이)라는 역을 운행하는 회사 또는 노선은(는) [동일본_여객철도]인가요?","ansArr":["T","T","T"],"e1St":0,"ans":"T","e2En":59,"rel":"servingRailwayLine","e1En":6,"e1":"[니쓰루_역]","qid":1,"e2":"[동일본_여객철도]"},{"e2St":60,"nlq":"[니쓰루_역] (이)라는 역을 운행하는 회사 또는 노선은(는) [다다미_선]인가요?","ansArr":["T","T","T"],"e1St":0,"ans":"T","e2En":67,"rel":"servingRailwayLine","e1En":6,"e1":"[니쓰루_역]","qid":2,"e2":"[다다미_선]"}],"pIdx":1,"text":"[니쓰루_역]()은 [일본] [후쿠시마_현] [오누마_군] [아이즈미사토_정]에 위치한 [동일본_여객철도] [다다미_선]의 [철도역]이다. [단선_승강장] 1면 1선의 구조를 갖춘 지상역이다."},{"globalSId":[3668447,3668448],"wikiPageId":1391919,"questions":[{"e2St":58,"nlq":"[타이탄_사커_콤플렉스]가 위치한 지역은(는) [플로리다_주]인가요?","ansArr":["T","T","T"],"e1St":0,"ans":"T","e2En":66,"rel":"location","e1En":12,"e1":"[타이탄_사커_콤플렉스]","qid":0,"e2":"[플로리다_주]"},{"e2St":105,"nlq":"[타이탄_사커_콤플렉스]의 세입자나 임차인은(는) [올랜도_시티_B]인가요?","ansArr":["T","T","F"],"e1St":0,"ans":"T","e2En":115,"rel":"tenant","e1En":12,"e1":"[타이탄_사커_콤플렉스]","qid":1,"e2":"[올랜도_시티_B]"}],"pIdx":1,"text":"[타이탄_사커_콤플렉스](Titan Soccer Complex)은 [미국]의 [축구_전용_경기장]이다. [플로리다_주] [멜번_(플로리다_주)]에 위치하고 있으며 [유나이티드_사커_리그] [올랜도_시티_B]의 홈경기장이다."},{"globalSId":[3604791,3604792],"wikiPageId":1336176,"questions":[{"e2St":15,"nlq":"<알가로보_(칠레)>의 국가은(는) [칠레]인가요?","ansArr":["T","T","T"],"e1St":0,"ans":"T","e2En":19,"rel":"country","e1En":11,"e1":"<알가로보_(칠레)>","qid":0,"e2":"[칠레]"},{"e2St":20,"nlq":"<알가로보_(칠레)>를 포함하는 것은(는) [발파라이소_주]인가요?","ansArr":["T","T","T"],"e1St":0,"ans":"T","e2En":29,"rel":"isPartOf","e1En":11,"e1":"<알가로보_(칠레)>","qid":1,"e2":"[발파라이소_주]"},{"e2St":20,"nlq":"<알가로보_(칠레)>가 있거나 연결되어있는 지역은(는) [발파라이소_주]인가요?","ansArr":["T","T","T"],"e1St":0,"ans":"T","e2En":29,"rel":"region","e1En":11,"e1":"<알가로보_(칠레)>","qid":2,"e2":"[발파라이소_주]"},{"e2St":30,"nlq":"<알가로보_(칠레)>의 행정구역은(는) [산안토니오_현]인가요?","ansArr":["T","T","T"],"e1St":0,"ans":"T","e2En":39,"rel":"administrativeDistrict","e1En":11,"e1":"<알가로보_(칠레)>","qid":3,"e2":"[산안토니오_현]"},{"e2St":30,"nlq":"<알가로보_(칠레)>를 포함하는 것은(는) [산안토니오_현]인가요?","ansArr":["T","T","T"],"e1St":0,"ans":"T","e2En":39,"rel":"isPartOf","e1En":11,"e1":"<알가로보_(칠레)>","qid":4,"e2":"[산안토니오_현]"},{"e2St":30,"nlq":"<알가로보_(칠레)>가 있거나 연결되어있는 지역은(는) [산안토니오_현]인가요?","ansArr":["T","T","T"],"e1St":0,"ans":"T","e2En":39,"rel":"region","e1En":11,"e1":"<알가로보_(칠레)>","qid":5,"e2":"[산안토니오_현]"},{"e2St":95,"nlq":"[산안토니오_현]의 국가은(는) [칠레]인가요?","ansArr":["T","T","T"],"e1St":30,"ans":"T","e2En":98,"rel":"country","e1En":39,"e1":"[산안토니오_현]","qid":6,"e2":"[칠레]"}],"pIdx":1,"text":"<알가로보_(칠레)>()는 [칠레] [발파라이소_주] [산안토니오_현]에 위치한 도시로 면적은 175.6㎢, 높이는 13m, 인구는 10,217명(2012년 기준)이다. [칠레]의 대표적인 여름 휴양 도시 가운데 한 곳으로 여겨진다."}]}