{"paragraphs":[{"globalSId":[3639945,3639946],"wikiPageId":1366542,"questions":[{"e2St":8,"nlq":"[벤째]의 국가은(는) [베트남]인가요?","ansArr":["T","T","T"],"e1St":0,"ans":"T","e2En":13,"rel":"country","e1En":3,"e1":"[벤째]","qid":0,"e2":"[베트남]"},{"e2St":17,"nlq":"[벤째]를 포함하는 것은(는) [벤째_성]인가요?","ansArr":["T","F","T"],"e1St":0,"ans":"T","e2En":23,"rel":"isPartOf","e1En":3,"e1":"[벤째]","qid":1,"e2":"[벤째_성]"},{"e2St":89,"nlq":"[베트남] (이)라는 장소에서의 가장 큰 도시은(는) [호찌민_시]인가요?","ansArr":["F","F","T"],"e1St":8,"ans":"F","e2En":96,"rel":"largestCity","e1En":13,"e1":"[베트남]","qid":2,"e2":"[호찌민_시]"},{"e2St":69,"nlq":"[벤째_성]를 포함하는 것은(는) [메콩_강_삼각주]인가요?","ansArr":["T","F","T"],"e1St":17,"ans":"T","e2En":79,"rel":"isPartOf","e1En":23,"e1":"[벤째_성]","qid":3,"e2":"[메콩_강_삼각주]"},{"e2St":69,"nlq":"[벤째_성]가 있거나 연결되어있는 지역은(는) [메콩_강_삼각주]인가요?","ansArr":["T","T","T"],"e1St":17,"ans":"T","e2En":79,"rel":"region","e1En":23,"e1":"[벤째_성]","qid":4,"e2":"[메콩_강_삼각주]"}],"pIdx":1,"text":"[벤째]()는 [베트남] 남부 [벤째_성]의 성도로 면적은 65.75㎢, 인구는 143,639명([2009년] 기준)이다. [메콩_강_삼각주] 지대에 위치하며 [호찌민_시]에서 남동쪽으로 85km 정도 떨어진 곳에 위치한다."},{"globalSId":[2602689],"wikiPageId":697048,"questions":[{"e2St":32,"nlq":"[2010년_하계_청소년_올림픽]가 위치한 행정 구역은(는) [싱가포르]인가요?","ansArr":["F","F","F"],"e1St":0,"ans":"F","e2En":38,"rel":"city","e1En":17,"e1":"[2010년_하계_청소년_올림픽]","qid":0,"e2":"[싱가포르]"}],"pIdx":1,"text":"[2010년_하계_청소년_올림픽] [아르헨티나_선수단]은 [싱가포르]에서 개최된 [2010년_하계_청소년_올림픽]에 참가한 [올림픽_아르헨티나_선수단]이다."},{"globalSId":[3197991],"wikiPageId":1012976,"questions":[{"e2St":128,"nlq":"[프리드리히_에베르트]의 후임자은(는) [파울_폰_힌덴부르크]인가요?","ansArr":["T","T","T"],"e1St":64,"ans":"T","e2En":140,"rel":"successor","e1En":76,"e1":"[프리드리히_에베르트]","qid":0,"e2":"[파울_폰_힌덴부르크]"}],"pIdx":1,"text":"[1925년] [독일] 대선은 [1925년] [2월_28일], 제헌의회에서 선출된 [바이마르_공화국] 초대 대통령 [프리드리히_에베르트]가 사망하면서 헌법에 따라 새 대통령을 선출하기 위해 독일에서 치러진 대통령 선거로, 무소속 [파울_폰_힌덴부르크] 후보가 당선되었다."},{"globalSId":[891672,891673,891674,891675],"wikiPageId":121755,"questions":[{"e2St":166,"nlq":"[진먼_포격전] (이)라는 전쟁의 승전국 혹은 승전자, 승전부대은(는) [중화민국]인가요?","ansArr":["F","T","T"],"e1St":0,"ans":"T","e2En":172,"rel":"result","e1En":7,"e1":"[진먼_포격전]","qid":0,"e2":"[중화민국]"},{"e2St":166,"nlq":"[중화민국_국군]의 국가은(는) [중화민국]인가요?","ansArr":["F","T","T"],"e1St":81,"ans":"T","e2En":172,"rel":"country","e1En":90,"e1":"[중화민국_국군]","qid":1,"e2":"[중화민국]"}],"pIdx":5,"text":"[진먼_포격전]. [1958년] [8월_23일]부터 [10월_5일]까지 [중국인민해방군]이 무려 47만발에 이르는 포탄을 이 섬에 쏟아부었으나, [중화민국_국군]에 패하였다. 이 후에도 <홍군>의 <진먼_현>에 대한 포격은 [1978년]까지 [20년] 간 계속되었다. <진먼_현>은 [분단국가]인 [중화민국] 정부의 최전방 지역으로, [마쭈_열도]와 함께 섬 전체가 군사적으로 요새화되었다."},{"globalSId":[3461143],"wikiPageId":1220561,"questions":[{"e2St":79,"nlq":"[킨기세프]의 국가은(는) [러시아]인가요?","ansArr":["T","T","T"],"e1St":67,"ans":"T","e2En":84,"rel":"country","e1En":73,"e1":"[킨기세프]","qid":0,"e2":"[러시아]"}],"pIdx":1,"text":"[알렉세이_세르게예비치_이오노프] (, Aleksei Sergeyevich Ionov, [1989년] [2월_18일], [킨기세프] ~) 는 [러시아]의 [축구] 선수로, 현재 [PFC_CSKA_모스크바]에서 [미드필더]로 활약하고 있다."},{"globalSId":[2594278,2594279,2594280,2594281,2594282,2594283],"wikiPageId":692833,"questions":[{"e2St":64,"nlq":"<프란시스코_프랑코> (이)라는 인물이나 주제가 참여한 전투, 전쟁, 교전은(는) [스페인_내전]인가요?","ansArr":["T","T","T"],"e1St":35,"ans":"T","e2En":72,"rel":"battle","e1En":46,"e1":"<프란시스코_프랑코>","qid":0,"e2":"[스페인_내전]"}],"pIdx":6,"text":"학생시절의 사회운동. [1936년] [스페인]에서 [파시스트] <프란시스코_프랑코>를 주도로 한 내전이 일어났으며([스페인_내전]), 여기서 수많은 사람들이 죽고 아이들이 고아가 되는 참극이 벌어졌다. 16세 때 [베넨슨]은 이 어린이들을 돕는 일을 시작으로 운동가가 되었다. [프랑코군]의 잔인함에 큰 충격을 받은 그는 친구들과 함께 정부군을 지지하는 학생 단체를 설립했으며 고아가 된 정부군의 아이들을 도왔다. 그는 한 아이를 양자로 삼아서 양육비를 보내 주기로 약속했는데, 이것이 그의 첫 번째 정치 활동이었다. 하지만 정부군은 패했고, 양자로 삼았던 아이와도 교류가 끊겼다."}]}