{"paragraphs":[{"globalSId":[524027,524028,524029,524030],"wikiPageId":61963,"questions":[{"e2St":110,"nlq":"[패밀리_컴퓨터]의 종류(타입)은(는) [가정용_게임기]인가요?","ansArr":["T","T","T"],"e1St":86,"ans":"T","e2En":119,"rel":"type","e1En":95,"e1":"[패밀리_컴퓨터]","qid":0,"e2":"[가정용_게임기]"},{"e2St":110,"nlq":"[플레이스테이션]의 종류(타입)은(는) [가정용_게임기]인가요?","ansArr":["T","T","T"],"e1St":97,"ans":"T","e2En":119,"rel":"type","e1En":106,"e1":"[플레이스테이션]","qid":1,"e2":"[가정용_게임기]"}],"pIdx":3,"text":"고정 화면형의 [슈팅_게임]으로 [갤럭시안]의 속편으로 등장, 발매 당시 참신한 게임 전개로 많은 팬들을 매료시켜 오랫동안 오락실에 놓이게 되었다. 또, [패밀리_컴퓨터], [플레이스테이션] 등의 [가정용_게임기]나 [개인용_컴퓨터]로 이식이 되었으며, [1987년] [12월]에는 속편, [갤러가_'88]이 발매되었다. 합체 기능이 있어 합체하면 더 빨리 적을 제압할 수 있지만 그만큼 공격당하는 피격 범위가 넓어지므로 위험도 따른다. 레벨이 오를수록 적의 속도와 발사하는 미사일의 양도 많아진다."},{"globalSId":[891658,891659,891660,891661,891662,891663],"wikiPageId":121755,"questions":[{"e2St":248,"nlq":"[샤먼_시]의 국가은(는) [중화인민공화국]인가요?","ansArr":["T","T","T"],"e1St":211,"ans":"T","e2En":257,"rel":"country","e1En":217,"e1":"[샤먼_시]","qid":0,"e2":"[중화인민공화국]"}],"pIdx":2,"text":"지리. [주룽_강](九龍江, [구룡강]) 하구와 [샤먼_만](廈門灣, [하문만]) 입구를 바라보는 <진먼_현>(金門島, [금문도]), [례위_섬](烈嶼, [열서]. \"[샤오진먼_섬](小金門島)\"이라고도 함), [다단_섬](大膽島, [대담도]), [얼단_섬](二膽島, [이담도]) 등 총 12개의 섬으로 구성되어 있다. 총 면적은 150.3397km²이다. [중화인민공화국]측의 [샤먼_시](廈門市, [하문시])와는 바다를 사이에 두고 접한다. [중화인민공화국] 지배 지역과 불과 1.8km 거리로, [국공_내전]과 분단 이후 [1978년]까지 [양안](兩岸) 사이의 군사대립에서 [중화민국] 정부의 최전방이었다."},{"globalSId":[3725312],"wikiPageId":1442261,"questions":[{"e2St":13,"nlq":"[티쏘]의 국가은(는) [스위스]인가요?","ansArr":["T","T","T"],"e1St":0,"ans":"T","e2En":18,"rel":"country","e1En":3,"e1":"[티쏘]","qid":0,"e2":"[스위스]"},{"e2St":13,"nlq":"[티쏘]가 위치한 나라은(는) [스위스]인가요?","ansArr":["T","F","T"],"e1St":0,"ans":"T","e2En":18,"rel":"locationCountry","e1En":3,"e1":"[티쏘]","qid":1,"e2":"[스위스]"},{"e2St":20,"nlq":"[티쏘]의 자회사은(는) [스와치_그룹]인가요?","ansArr":["T","T","T"],"e1St":0,"ans":"T","e2En":28,"rel":"parentCompany","e1En":3,"e1":"[티쏘]","qid":2,"e2":"[스와치_그룹]"}],"pIdx":1,"text":"[티쏘] 유한회사()는 [스위스]의 [스와치_그룹]에 속하는 [손목시계] 제조및 판매 회사이다."},{"globalSId":[3146531],"wikiPageId":983147,"questions":[{"e2St":72,"nlq":"[몬스터_에너지]의 종류(타입)은(는) [에너지_음료]인가요?","ansArr":["T","T","T"],"e1St":50,"ans":"T","e2En":80,"rel":"type","e1En":59,"e1":"[몬스터_에너지]","qid":0,"e2":"[에너지_음료]"}],"pIdx":1,"text":"[몬스터_음료_주식회사]는 [블루_스카이_음료]를 <자회사>로 두고 있는 [한센_소]다, [몬스터_에너지]를 포함한 과일 주스, [에너지_음료], [청량_음료] 제조 회사이다."},{"globalSId":[930544,930545],"wikiPageId":128711,"questions":[{"e2St":42,"nlq":"[VfL_보훔]의 홈구장은(는) [루르슈타디온]인가요?","ansArr":["T","T","T"],"e1St":0,"ans":"T","e2En":50,"rel":"homeStadium","e1En":7,"e1":"[VfL_보훔]","qid":0,"e2":"[루르슈타디온]"},{"e2St":42,"nlq":"[VfL_보훔] (이)라는 축구팀의 홈구장 혹은 홈그라운은(는) [루르슈타디온]인가요?","ansArr":["T","T","T"],"e1St":0,"ans":"T","e2En":50,"rel":"ground","e1En":7,"e1":"[VfL_보훔]","qid":1,"e2":"[루르슈타디온]"},{"e2St":83,"nlq":"[VfL_보훔] (이)라는 동영상, 영화, 비디오 게임 또는 그와 유사한 작품의 제작을 감독한 사람은(는) [마르셀_콜러]인가요?","ansArr":["F","F","T"],"e1St":0,"ans":"F","e2En":91,"rel":"director","e1En":7,"e1":"[VfL_보훔]","qid":2,"e2":"[마르셀_콜러]"},{"e2St":59,"nlq":"[보훔]의 국가은(는) [독일]인가요?","ansArr":["T","T","T"],"e1St":32,"ans":"T","e2En":63,"rel":"country","e1En":36,"e1":"[보훔]","qid":3,"e2":"[독일]"}],"pIdx":1,"text":"[VfL_보훔](VfL Bochum 1848 e.V.)는 [보훔]에 위치한 [루르슈타디온]을 근거로 하는 [독일]의 [축구] 클럽이다. 현재 감독은 [마르셀_콜러]이다."}]}