{"paragraphs":[{"globalSId":[3966254,3966255,3966256],"wikiPageId":1748748,"questions":[{"e2St":61,"nlq":"[소경쥐과]의 생물종은(는) [설치류]인가요?","ansArr":["T","T","F"],"e1St":49,"ans":"T","e2En":66,"rel":"order","e1En":55,"e1":"[소경쥐과]","qid":0,"e2":"[설치류]"}],"pIdx":1,"text":"[카자흐스탄소경두더지쥐] 또는 [우랄소경두더지쥐](\"Spalax uralensis\")는 [소경쥐과]에 속하는 [설치류]의 일종이다. [카자흐스탄]의 토착종으로 [우랄_강] 분지와 유일 강의 홍수림, 테미르, [엠바_강]을 따라 발견된다. 서식지 범위는 약 100,000 km2<\/sup이다."},{"globalSId":[455925,455926,455927],"wikiPageId":48531,"questions":[{"e2St":140,"nlq":"[제2차_세계_대전] (이)라는 전쟁의 승전국 혹은 승전자, 승전부대은(는) [나치_독일]인가요?","ansArr":["F","F","F"],"e1St":74,"ans":"F","e2En":147,"rel":"result","e1En":85,"e1":"[제2차_세계_대전]","qid":0,"e2":"[나치_독일]"},{"e2St":163,"nlq":"[제2차_세계_대전]의 지휘관은(는) [아돌프_히틀러]인가요?","ansArr":["F","F","F"],"e1St":74,"ans":"F","e2En":172,"rel":"commander","e1En":85,"e1":"[제2차_세계_대전]","qid":1,"e2":"[아돌프_히틀러]"},{"e2St":140,"nlq":"[동부_전선_(제2차_세계_대전)]의 군사 분쟁의 장소은(는) [나치_독일]인가요?","ansArr":["F","F","F"],"e1St":94,"ans":"F","e2En":147,"rel":"place","e1En":113,"e1":"[동부_전선_(제2차_세계_대전)]","qid":2,"e2":"[나치_독일]"},{"e2St":163,"nlq":"[동부_전선_(제2차_세계_대전)]의 지휘관은(는) [아돌프_히틀러]인가요?","ansArr":["F","F","F"],"e1St":94,"ans":"F","e2En":172,"rel":"commander","e1En":113,"e1":"[동부_전선_(제2차_세계_대전)]","qid":3,"e2":"[아돌프_히틀러]"}],"pIdx":11,"text":"[풍차_전투]. [풍차_전투]는 [조지_오웰]의 동물 농장에 나오는 동물들과 인간들의 2차에 걸친 전투 중 두번째로, 풍차의 전투는 [제2차_세계_대전] 당시에 있었던 [동부_전선_(제2차_세계_대전)]을 의미한다. 여기서 나오는 [핀치필드] 농장은 [나치_독일], 농장주인 <프레드리크>은 [아돌프_히틀러]를 상징한다."},{"globalSId":[3269332,3269333,3269334,3269335],"wikiPageId":1063092,"questions":[{"e2St":23,"nlq":"[영국] (이)라는 지방 정부나 중앙 정부가 위치한 도시\/자치도시은(는) [런던]인가요?","ansArr":["T","F","F"],"e1St":18,"ans":"F","e2En":27,"rel":"capital","e1En":22,"e1":"[영국]","qid":0,"e2":"[런던]"}],"pIdx":8,"text":"[2013년] [6월_20일], [영국] [런던]에서 개최된 \u201C[삼성전자] 프리미어 2013: [삼성_갤럭시_(시리즈)] & [삼성_아티브]\u201D 신제품 발표회장서 [삼성_아티브] [북9플러스]와 [삼성_아티브] [북9라이트]가 새로 발표된다. [북9플러스]는 [인텔_코어] CPU가 탑재되어 있고, 13.3인치 화면크기에 터치스크린 기능과 [해상도]의 고해상도 화면이 탑재되어 소개되었다. 비록 [해상도] 화면이 탑재되었으나 당시 탑재 되어 있던 [윈도_8] 운영 체제의 [해상도] 화면 해상도의 미지원으로 발표시에는 [해상도] 해상도를 갖는 제품으로 홍보되었다. 그 이후 [윈도_8.1]에서 [해상도] 해상도를 지원함에 따라 이 문제는 [윈도_8.1]을 설치하게 되면서 해결되었고 별도의 조치 없이 [해상도] 화면의 해상도를 사용할 수 있게 되면서 다시 [해상도]의 해상도를 갖는 제품으로 홍보의 방향이 변경되었다."},{"globalSId":[3527973,3527974,3527975],"wikiPageId":1280639,"questions":[{"e2St":14,"nlq":"[산크리스토발_주]의 국가은(는) [도미니카_공화국]인가요?","ansArr":["T","T","T"],"e1St":0,"ans":"T","e2En":24,"rel":"country","e1En":9,"e1":"[산크리스토발_주]","qid":0,"e2":"[도미니카_공화국]"},{"e2St":40,"nlq":"[산크리스토발_주] (이)라는 지방 정부나 중앙 정부가 위치한 도시\/자치도시은(는) [산크리스토발_(도미니카_공화국)]인가요?","ansArr":["T","T","T"],"e1St":0,"ans":"T","e2En":59,"rel":"capital","e1En":9,"e1":"[산크리스토발_주]","qid":1,"e2":"[산크리스토발_(도미니카_공화국)]"},{"e2St":129,"nlq":"[산크리스토발_주]의 국가은(는) <도미니카_공화국>인가요?","ansArr":["T","T","T"],"e1St":0,"ans":"T","e2En":139,"rel":"country","e1En":9,"e1":"[산크리스토발_주]","qid":2,"e2":"<도미니카_공화국>"},{"e2St":129,"nlq":"[산크리스토발_(도미니카_공화국)]의 국가은(는) <도미니카_공화국>인가요?","ansArr":["T","T","T"],"e1St":40,"ans":"T","e2En":139,"rel":"country","e1En":59,"e1":"[산크리스토발_(도미니카_공화국)]","qid":3,"e2":"<도미니카_공화국>"}],"pIdx":1,"text":"[산크리스토발_주]()는 [도미니카_공화국] 남부에 위치한 주로 주도는 [산크리스토발_(도미니카_공화국)]이며 면적은 1,265.77㎢, 인구는 640,066명([2014년] 기준)이다. [1932년]에 설립되었으며 설립 당시에는 <도미니카_공화국>의 독재자였던 [라파엘_트루히요]의 이름을 딴 <트루히요_주>(Trujillo)라고 불렀다. [1961년] <라파엘_트루히요>가 암살당하면서 지금과 같은 이름으로 바뀌었다."},{"globalSId":[3215630,3215631,3215632],"wikiPageId":1024298,"questions":[{"e2St":49,"nlq":"[퀄컴] (이)라는 기관에서 만든 제품은(는) [스냅드래곤]인가요?","ansArr":["T","T","F"],"e1St":16,"ans":"T","e2En":56,"rel":"product","e1En":20,"e1":"[퀄컴]","qid":0,"e2":"[스냅드래곤]"},{"e2St":61,"nlq":"[스냅드래곤]을(를) 소유하고 있는 사람\/단체은(는) [퀄컴]인가요?","ansArr":["T","T","T"],"e1St":49,"ans":"T","e2En":64,"rel":"owner","e1En":56,"e1":"[스냅드래곤]","qid":1,"e2":"[퀄컴]"}],"pIdx":1,"text":"<아드레노>(Adreno)는 [퀄컴]의 [그래픽_처리_장치] 반도체 IP의 이름으로써, [스냅드래곤]과 같은 [퀄컴]의 다양한 [단일_칩_시스템]에 채택되어 사용된다. 원래는 [2006년]에 [AMD]의 자회사로 편입된, [ATI_테크놀로지] 소유로 \"[Imageon]\"이라 불렸으나, [2008년]에 [퀄컴]이 사업부를 인수해 지금의 이름인 <아드레노>로 변경했다. <아드레노>(Adreno)는 [ATI]의 PC용 그래픽 처리 장치의 이름인 [라데온](Radeon)의 [어구전철]이다."}]}