{"paragraphs":[{"globalSId":[1048424,1048425,1048426],"wikiPageId":154273,"questions":[{"e2St":45,"nlq":"<봉화역_(봉화)> (이)라는 역을 운행하는 회사 또는 노선은(는) [영동선]인가요?","ansArr":["T","T","T"],"e1St":0,"ans":"T","e2En":50,"rel":"servingRailwayLine","e1En":10,"e1":"<봉화역_(봉화)>","qid":0,"e2":"[영동선]"}],"pIdx":1,"text":"<봉화역_(봉화)>(奉化驛)은 [경상북도] [봉화군] [봉화읍] 해저리에 위치한 [영동선]의 철도역이다. 모든 [무궁화호] 열차가 정차하는 역이며, 역무실에서 [한국철도_100주년_기념_스탬프]를 날인할 수 있다. 개통 당시에는 <봉화역_(봉화)>으로 영업했었으며 [2013년] [5월_1일]부터 [5월_14일]까지 [백두대간협곡열차]가 임시 정차했었다."},{"globalSId":[436311,436312,436313],"wikiPageId":45937,"questions":[{"e2St":113,"nlq":"[오_(삼국)]의 지도자은(는) [손권]인가요?","ansArr":["T","F","T"],"e1St":42,"ans":"T","e2En":117,"rel":"leaderName","e1En":50,"e1":"[오_(삼국)]","qid":0,"e2":"[손권]"}],"pIdx":5,"text":"[213년]에 태자가 되었고, [227년]에 왕위에 올랐다. 치세 초기에는 [오_(삼국)](吳)와 우호관계를 유지하였는데, [234년]에 [위_(삼국)](魏)와 화친한 이래 [236년]에는 오왕(吳王) [손권](孫權)의 사신 [호위](胡衛)를 처형하고 목을 위에 보내기도 하였다. 또한 [238년]에는 위가 [랴오둥_반도]의 [공손연](公孫淵)을 토벌하자 군사 1,000여 명을 보내 [위]를 도왔다."},{"globalSId":[3566107,3566108],"wikiPageId":1310886,"questions":[{"e2St":56,"nlq":"[스위치백스_스타디움]가 위치한 지역은(는) [콜로라도_주]인가요?","ansArr":["T","T","T"],"e1St":0,"ans":"T","e2En":64,"rel":"location","e1En":11,"e1":"[스위치백스_스타디움]","qid":0,"e2":"[콜로라도_주]"},{"e2St":95,"nlq":"[스위치백스_스타디움]의 세입자나 임차인은(는) [콜로라도_스프링_스위치백스]인가요?","ansArr":["F","F","T"],"e1St":0,"ans":"F","e2En":111,"rel":"tenant","e1En":11,"e1":"[스위치백스_스타디움]","qid":1,"e2":"[콜로라도_스프링_스위치백스]"}],"pIdx":1,"text":"[스위치백스_스타디움](Switchbacks Stadium)은 [미국]의 [축구_전용_경기장]이다. [콜로라도_주] [콜로라도스프링스]에 있으며 [유나이티드_사커_리그] [콜로라도_스프링_스위치백스]의 홈경기장이다."},{"globalSId":[2212484,2212485,2212486,2212487],"wikiPageId":511908,"questions":[{"e2St":39,"nlq":"[김정일] (이)라는 인물의 배우자 (동거인의 개념은 아님)은(는) [성혜림]인가요?","ansArr":["T","T","T"],"e1St":23,"ans":"T","e2En":44,"rel":"spouse","e1En":28,"e1":"[김정일]","qid":0,"e2":"[성혜림]"},{"e2St":87,"nlq":"[김정일]의 국가은(는) [조선민주주의인민공화국]인가요?","ansArr":["T","F","T"],"e1St":23,"ans":"T","e2En":100,"rel":"country","e1En":28,"e1":"[김정일]","qid":1,"e2":"[조선민주주의인민공화국]"},{"e2St":87,"nlq":"[김정일] (이)라는 인물의 안식처, 무덤은(는) [조선민주주의인민공화국]인가요?","ansArr":["T","F","F"],"e1St":23,"ans":"F","e2En":100,"rel":"restingPlace","e1En":28,"e1":"[김정일]","qid":2,"e2":"[조선민주주의인민공화국]"},{"e2St":87,"nlq":"[김정일]가 죽은 장소은(는) [조선민주주의인민공화국]인가요?","ansArr":["T","F","F"],"e1St":23,"ans":"F","e2En":100,"rel":"deathPlace","e1En":28,"e1":"[김정일]","qid":3,"e2":"[조선민주주의인민공화국]"},{"e2St":87,"nlq":"[김정일]의 위치, 포지션 혹은 역할은(는) [조선민주주의인민공화국]인가요?","ansArr":["T","F","F"],"e1St":23,"ans":"F","e2En":100,"rel":"position","e1En":28,"e1":"[김정일]","qid":4,"e2":"[조선민주주의인민공화국]"},{"e2St":106,"nlq":"[김정일]가 태어난 장소은(는) [소련]인가요?","ansArr":["F","F","F"],"e1St":23,"ans":"F","e2En":109,"rel":"birthPlace","e1En":28,"e1":"[김정일]","qid":5,"e2":"[소련]"},{"e2St":49,"nlq":"[성혜림]의 친척은(는) [성혜랑]인가요?","ansArr":["T","F","T"],"e1St":39,"ans":"T","e2En":54,"rel":"relative","e1En":44,"e1":"[성혜림]","qid":6,"e2":"[성혜랑]"},{"e2St":112,"nlq":"[성혜림]가 죽은 장소은(는) [모스크바]인가요?","ansArr":["F","F","F"],"e1St":39,"ans":"F","e2En":118,"rel":"deathPlace","e1En":44,"e1":"[성혜림]","qid":7,"e2":"[모스크바]"},{"e2St":172,"nlq":"[성혜림]의 친척은(는) <이한영>인가요?","ansArr":["F","T","F"],"e1St":39,"ans":"F","e2En":177,"rel":"relative","e1En":44,"e1":"[성혜림]","qid":8,"e2":"<이한영>"},{"e2St":231,"nlq":"[성혜림]의 친척은(는) [이한영]인가요?","ansArr":["F","T","F"],"e1St":39,"ans":"F","e2En":235,"rel":"relative","e1En":44,"e1":"[성혜림]","qid":9,"e2":"[이한영]"},{"e2St":112,"nlq":"[소련] (이)라는 장소에서의 가장 큰 도시은(는) [모스크바]인가요?","ansArr":["T","F","F"],"e1St":106,"ans":"F","e2En":118,"rel":"largestCity","e1En":109,"e1":"[소련]","qid":10,"e2":"[모스크바]"},{"e2St":112,"nlq":"[소련] (이)라는 지방 정부나 중앙 정부가 위치한 도시\/자치도시은(는) [모스크바]인가요?","ansArr":["T","F","F"],"e1St":106,"ans":"F","e2En":118,"rel":"capital","e1En":109,"e1":"[소련]","qid":11,"e2":"[모스크바]"},{"e2St":185,"nlq":"<이한영>가 태어난 장소은(는) [조선민주주의인민공화국]인가요?","ansArr":["T","T","T"],"e1St":172,"ans":"T","e2En":197,"rel":"birthPlace","e1En":177,"e1":"<이한영>","qid":12,"e2":"[조선민주주의인민공화국]"}],"pIdx":2,"text":"생애. [조선민주주의인민공화국] 출신으로 [김정일] 국방위원장의 전처 [성혜림]의 언니 [성혜랑]의 아들이다. 이모 [성혜림] 및 어머니 [성혜랑]과 함께 [조선민주주의인민공화국]을 탈출, [소련]의 [모스크바]로 갔다가 홀로 [1982년_10월], 비행기편으로 귀순의사를 밝히고 [대한민국]에 망명하였다. <이한영>의 망명 이후 [조선민주주의인민공화국] 당국에서는 <이한영>에게 여러 차례 암살 위협을 가하였고 [이한영]은 거처를 옮겨다녔다."}]}