{"paragraphs":[{"globalSId":[3271068,3271069],"wikiPageId":1064170,"questions":[{"e2St":47,"nlq":"<우타나이_역>의 소유 조직은(는) [홋카이도_여객철도]인가요?","ansArr":["T","T","T"],"e1St":0,"ans":"T","e2En":58,"rel":"owningOrganisation","e1En":8,"e1":"<우타나이_역>","qid":0,"e2":"[홋카이도_여객철도]"},{"e2St":59,"nlq":"<우타나이_역> (이)라는 역을 운행하는 회사 또는 노선은(는) [소야_본선]인가요?","ansArr":["T","T","T"],"e1St":0,"ans":"T","e2En":66,"rel":"servingRailwayLine","e1En":8,"e1":"<우타나이_역>","qid":1,"e2":"[소야_본선]"}],"pIdx":1,"text":"<우타나이_역>()은 [일본] [홋카이도] [나카가와_군] [나카가와_정]에 위치한 [홋카이도_여객철도] [소야_본선]의 [철도역]이다. 역 번호는 W65이며, 단선 승강장 1면 1선의 구조를 갖춘 지상역이다."},{"globalSId":[587944,587945],"wikiPageId":72061,"questions":[{"e2St":80,"nlq":"[나폴리]의 국가은(는) [이탈리아]인가요?","ansArr":["T","T","T"],"e1St":5,"ans":"T","e2En":86,"rel":"country","e1En":10,"e1":"[나폴리]","qid":0,"e2":"[이탈리아]"},{"e2St":80,"nlq":"[이탈리아의_통일]의 국가은(는) [이탈리아]인가요?","ansArr":["T","T","T"],"e1St":45,"ans":"T","e2En":86,"rel":"country","e1En":55,"e1":"[이탈리아의_통일]","qid":1,"e2":"[이탈리아]"}],"pIdx":5,"text":"오랫동안 [나폴리]를 중심으로 서민들의 든든한 [식사]로 이용되다가 [19세기] [이탈리아의_통일] 과정에서 구휼 [음식]으로 각광을 받으면서 [이탈리아] 전역으로 퍼져 나갔다. 이후 [세계_대전]에서 [이탈리아]에 주둔한 미군들이 피자를 맛본 후 [미국]에 전해지거나 [이탈리아]의 이민자 및 노동자들이 [미국]으로 건너가면서 피자가 [미국] 전역으로 퍼지면서 세계적인 [음식]으로 발돋움하였다."},{"globalSId":[3698822,3698823,3698824],"wikiPageId":1416606,"questions":[{"e2St":18,"nlq":"[로얄캐리비안_인터내셔널]가 위치한 지역은(는) [미국]인가요?","ansArr":["T","T","T"],"e1St":0,"ans":"T","e2En":22,"rel":"location","e1En":13,"e1":"[로얄캐리비안_인터내셔널]","qid":0,"e2":"[미국]"},{"e2St":24,"nlq":"[로얄캐리비안_인터내셔널] (이)라는 기관에서 만든 제품은(는) [크루즈]인가요?","ansArr":["T","T","T"],"e1St":0,"ans":"T","e2En":29,"rel":"product","e1En":13,"e1":"[로얄캐리비안_인터내셔널]","qid":1,"e2":"[크루즈]"},{"e2St":127,"nlq":"[로얄캐리비안_인터내셔널]가 위치한 지역은(는) [플로리다_주]인가요?","ansArr":["T","T","T"],"e1St":0,"ans":"T","e2En":135,"rel":"location","e1En":13,"e1":"[로얄캐리비안_인터내셔널]","qid":2,"e2":"[플로리다_주]"},{"e2St":136,"nlq":"[로얄캐리비안_인터내셔널]가 위치한 지역은(는) [마이애미]인가요?","ansArr":["T","T","T"],"e1St":0,"ans":"T","e2En":142,"rel":"location","e1En":13,"e1":"[로얄캐리비안_인터내셔널]","qid":3,"e2":"[마이애미]"}],"pIdx":1,"text":"[로얄캐리비안_인터내셔널]()은 [미국]의 [크루즈] 기업이다. [로얄캐리비안_크루즈]의 모기업으로 계열사는 [셀레브리티_크루즈], [아자마라_크루즈], [팔마툰_크루즈], [CDF_크루즈_델_프랑스]가 있다. 본사는 [미국] [플로리다_주] [마이애미]에 위치해 있다."},{"globalSId":[2486795,2486796,2486797],"wikiPageId":641856,"questions":[{"e2St":128,"nlq":"[미국_육군] (이)라는 인물이나 주제가 참여한 전투, 전쟁, 교전은(는) [한국_전쟁]인가요?","ansArr":["T","T","T"],"e1St":9,"ans":"T","e2En":135,"rel":"battle","e1En":15,"e1":"[미국_육군]","qid":0,"e2":"[한국_전쟁]"}],"pIdx":2,"text":"[캠프_캐럴]은 [미국_육군]의 보관 시설로서 [서울특별시]과 [부산광역시]을 잇는 경부 [경부선]과 [경부고속도로]를 이용하기 위한 목적으로 [1959년] [5월]에 [제44공병대대]에 의해 건설되었다. 이듬해 [1960년], [한국_전쟁]에서 [수훈_십자_훈장]을 수여받은 [제5보병연대_(미국)] [72전투공병중대] 소속의 [찰리_F._캐럴] [중사]를 기리기 위해 군영의 이름으로 짓고 기념관화하였다."},{"globalSId":[3528821],"wikiPageId":1281227,"questions":[{"e2St":11,"nlq":"[차냐랄_현]의 국가은(는) [칠레]인가요?","ansArr":["T","T","T"],"e1St":0,"ans":"T","e2En":15,"rel":"country","e1En":6,"e1":"[차냐랄_현]","qid":0,"e2":"[칠레]"},{"e2St":16,"nlq":"[차냐랄_현]가 있거나 연결되어있는 지역은(는) [아타카마_주]인가요?","ansArr":["T","T","T"],"e1St":0,"ans":"T","e2En":24,"rel":"region","e1En":6,"e1":"[차냐랄_현]","qid":1,"e2":"[아타카마_주]"}],"pIdx":1,"text":"[차냐랄_현]()은 [칠레] [아타카마_주]를 구성하는 3개의 현 가운데 하나로 현도는 [차냐랄]이며 면적은 24,436.2㎢, 인구는 28,874명([2012년] 기준), 인구 밀도는 1.2명\/㎢이다.."}]}