{"paragraphs":[{"globalSId":[2733047],"wikiPageId":755873,"questions":[{"e2St":12,"nlq":"<파드니에브코>의 국가은(는) [폴란드]인가요?","ansArr":["T","T","T"],"e1St":0,"ans":"T","e2En":17,"rel":"country","e1En":8,"e1":"<파드니에브코>","qid":0,"e2":"[폴란드]"},{"e2St":22,"nlq":"<파드니에브코>를 포함하는 것은(는) [쿠야비포모제_주]인가요?","ansArr":["F","T","T"],"e1St":0,"ans":"T","e2En":32,"rel":"isPartOf","e1En":8,"e1":"<파드니에브코>","qid":1,"e2":"[쿠야비포모제_주]"},{"e2St":79,"nlq":"[쿠야비포모제_주]에 속한 일부 장소은(는) [비드고슈치]인가요?","ansArr":["F","F","T"],"e1St":22,"ans":"F","e2En":86,"rel":"part","e1En":32,"e1":"[쿠야비포모제_주]","qid":2,"e2":"[비드고슈치]"}],"pIdx":1,"text":"<파드니에브코>()는 [폴란드] 중북부 [쿠야비포모제_주] [모길노_군]에 위치한 마을로, [모길노](Mogilno)에서 북서쪽으로 4km, [비드고슈치]에서 남쪽으로 51km 정도 떨어진 곳에 위치한다."},{"globalSId":[3239108,3239109],"wikiPageId":1037927,"questions":[{"e2St":11,"nlq":"<발린프레다>의 국가은(는) [이탈리아]인가요?","ansArr":["T","T","T"],"e1St":0,"ans":"T","e2En":17,"rel":"country","e1En":7,"e1":"<발린프레다>","qid":0,"e2":"[이탈리아]"},{"e2St":18,"nlq":"<발린프레다>가 있거나 연결되어있는 지역은(는) [라치오_주]인가요?","ansArr":["T","T","T"],"e1St":0,"ans":"T","e2En":25,"rel":"region","e1En":7,"e1":"<발린프레다>","qid":1,"e2":"[라치오_주]"},{"e2St":26,"nlq":"<발린프레다>의 행정구역은(는) [로마_현]인가요?","ansArr":["T","T","T"],"e1St":0,"ans":"T","e2En":32,"rel":"administrativeDistrict","e1En":7,"e1":"<발린프레다>","qid":2,"e2":"[로마_현]"},{"e2St":26,"nlq":"<발린프레다>가 있거나 연결되어있는 지역은(는) [로마_현]인가요?","ansArr":["T","T","T"],"e1St":0,"ans":"T","e2En":32,"rel":"region","e1En":7,"e1":"<발린프레다>","qid":3,"e2":"[로마_현]"},{"e2St":46,"nlq":"[이탈리아] (이)라는 지방 정부나 중앙 정부가 위치한 도시\/자치도시은(는) [로마]인가요?","ansArr":["T","T","T"],"e1St":11,"ans":"T","e2En":50,"rel":"capital","e1En":17,"e1":"[이탈리아]","qid":4,"e2":"[로마]"},{"e2St":46,"nlq":"[라치오_주] (이)라는 장소에서의 가장 큰 도시은(는) [로마]인가요?","ansArr":["T","T","T"],"e1St":18,"ans":"T","e2En":50,"rel":"largestCity","e1En":25,"e1":"[라치오_주]","qid":5,"e2":"[로마]"},{"e2St":46,"nlq":"[라치오_주] (이)라는 지방 정부나 중앙 정부가 위치한 도시\/자치도시은(는) [로마]인가요?","ansArr":["T","T","T"],"e1St":18,"ans":"T","e2En":50,"rel":"capital","e1En":25,"e1":"[라치오_주]","qid":6,"e2":"[로마]"}],"pIdx":1,"text":"<발린프레다>()는 [이탈리아] [라치오_주] [로마_현]에 위치한 <코무네>다. [로마]로부터 북동쪽 45km 거리에 있다."},{"globalSId":[3201215,3201216],"wikiPageId":1015377,"questions":[{"e2St":42,"nlq":"[몰리세_주] (이)라는 장소에서의 가장 큰 도시은(는) [캄포바소]인가요?","ansArr":["F","T","T"],"e1St":16,"ans":"T","e2En":48,"rel":"largestCity","e1En":23,"e1":"[몰리세_주]","qid":0,"e2":"[캄포바소]"},{"e2St":42,"nlq":"[몰리세_주] (이)라는 지방 정부나 중앙 정부가 위치한 도시\/자치도시은(는) [캄포바소]인가요?","ansArr":["T","T","T"],"e1St":16,"ans":"T","e2En":48,"rel":"capital","e1En":23,"e1":"[몰리세_주]","qid":1,"e2":"[캄포바소]"}],"pIdx":1,"text":"<루파라>()는 [이탈리아] [몰리세_주] [캄포바소_현]의 [코무네]다. [캄포바소]로부터 북쪽 25km 거리에 있다."}]}