{"paragraphs":[{"globalSId":[1960676,1960677],"wikiPageId":405547,"questions":[{"e2St":14,"nlq":"<푸토_성>의 국가은(는) [베트남]인가요?","ansArr":["T","T","T"],"e1St":0,"ans":"T","e2En":19,"rel":"country","e1En":6,"e1":"<푸토_성>","qid":0,"e2":"[베트남]"},{"e2St":48,"nlq":"[베트남] (이)라는 지방 정부나 중앙 정부가 위치한 도시\/자치도시은(는) [하노이]인가요?","ansArr":["F","F","T"],"e1St":14,"ans":"F","e2En":53,"rel":"capital","e1En":19,"e1":"[베트남]","qid":1,"e2":"[하노이]"}],"pIdx":1,"text":"<푸토_성>(富壽省 )은 [베트남] [베트남] 북부 [홍_강_삼각주]의 끝에 위치하여 [하노이]와 북쪽 산맥으로 [뚜옌꽝_성], [하장_성], [옌바이_성], [라오까이_성] 등과 연결된다. [푸토_성]의 성도는 [비엣찌] 시이며, [하노이]에서 북서쪽으로 80km, [노이_바이_국제공항]에서는 50km 떨어진 곳에 위치하고 있다."},{"globalSId":[305514,305515,305516,305517,305518],"wikiPageId":31693,"questions":[{"e2St":50,"nlq":"<신비한_바다의_나디아> (이)라는 동영상, 영화, 비디오 게임 또는 그와 유사한 작품의 제작을 감독한 사람은(는) [안노_히데아키]인가요?","ansArr":["T","T","T"],"e1St":9,"ans":"T","e2En":59,"rel":"director","e1En":22,"e1":"<신비한_바다의_나디아>","qid":0,"e2":"[안노_히데아키]"},{"e2St":50,"nlq":"[신세기_에반게리온] (이)라는 동영상, 영화, 비디오 게임 또는 그와 유사한 작품의 제작을 감독한 사람은(는) [안노_히데아키]인가요?","ansArr":["T","T","T"],"e1St":30,"ans":"T","e2En":59,"rel":"director","e1En":41,"e1":"[신세기_에반게리온]","qid":1,"e2":"[안노_히데아키]"},{"e2St":50,"nlq":"[신세기_에반게리온] (이)라는 작품을 쓴 인물은(는) [안노_히데아키]인가요?","ansArr":["F","T","F"],"e1St":30,"ans":"F","e2En":59,"rel":"writer","e1En":41,"e1":"[신세기_에반게리온]","qid":2,"e2":"[안노_히데아키]"},{"e2St":92,"nlq":"[안노_히데아키] (이)라는 인물의 직업은(는) [애니메이션]인가요?","ansArr":["F","F","T"],"e1St":50,"ans":"F","e2En":99,"rel":"occupation","e1En":59,"e1":"[안노_히데아키]","qid":3,"e2":"[애니메이션]"},{"e2St":154,"nlq":"[쥘_베른]가 작성한 주목할만한 작품 또는 주제 (예 : 작가, 아티스트, 엔지니어)은(는) [해저_2만리]인가요?","ansArr":["T","T","T"],"e1St":145,"ans":"T","e2En":162,"rel":"notableWork","e1En":151,"e1":"[쥘_베른]","qid":4,"e2":"[해저_2만리]"}],"pIdx":1,"text":"《신비한 바다의 <신비한_바다의_나디아>》(, )는 《[신세기_에반게리온]》으로도 유명한 [안노_히데아키]가 처음으로 감독한 TV 방영작이자 [가이낙스]의 첫 TV [애니메이션]이다. [일본]에서는 [1990년]에서 [1991년]까지 총 39화로 방영되었다. [쥘_베른]의 《[해저_2만리]》를 원작으로 한 해양 모험극이다. 하지만 원작보다 규모가 더 크게 제작되었다. 자유분방한 [가이낙스]의 분위기 때문에 방송사인 [NHK]와 표현 문제로 잦은 마찰을 빚은 것으로 유명하다."},{"globalSId":[3287739],"wikiPageId":1076627,"questions":[{"e2St":10,"nlq":"<모스쿠포>의 국가은(는) [이탈리아]인가요?","ansArr":["T","T","T"],"e1St":0,"ans":"T","e2En":16,"rel":"country","e1En":6,"e1":"<모스쿠포>","qid":0,"e2":"[이탈리아]"},{"e2St":17,"nlq":"<모스쿠포>가 있거나 연결되어있는 지역은(는) [아브루초_주]인가요?","ansArr":["T","T","T"],"e1St":0,"ans":"T","e2En":25,"rel":"region","e1En":6,"e1":"<모스쿠포>","qid":1,"e2":"[아브루초_주]"},{"e2St":26,"nlq":"<모스쿠포>의 행정구역은(는) [페스카라_현]인가요?","ansArr":["F","T","T"],"e1St":0,"ans":"T","e2En":34,"rel":"administrativeDistrict","e1En":6,"e1":"<모스쿠포>","qid":2,"e2":"[페스카라_현]"},{"e2St":26,"nlq":"<모스쿠포>가 있거나 연결되어있는 지역은(는) [페스카라_현]인가요?","ansArr":["T","T","T"],"e1St":0,"ans":"T","e2En":34,"rel":"region","e1En":6,"e1":"<모스쿠포>","qid":3,"e2":"[페스카라_현]"}],"pIdx":1,"text":"<모스쿠포>()는 [이탈리아] [아브루초_주] [페스카라_현]에 위치한 코무네다."}]}