{"paragraphs":[{"globalSId":[1607457,1607458,1607459],"wikiPageId":290904,"questions":[{"e2St":33,"nlq":"<강철원>의 국적은(는) [대한민국]인가요?","ansArr":["T","T","T"],"e1St":0,"ans":"T","e2En":39,"rel":"nationality","e1En":5,"e1":"<강철원>","qid":0,"e2":"[대한민국]"},{"e2St":119,"nlq":"<강철원>의 위치, 포지션 혹은 역할은(는) [투수]인가요?","ansArr":["T","T","T"],"e1St":0,"ans":"T","e2En":123,"rel":"position","e1En":5,"e1":"<강철원>","qid":1,"e2":"[투수]"},{"e2St":87,"nlq":"[KBO_리그]가 현재나 과거에 활동했던 스포츠 팀은(는) [두산_베어스]인가요?","ansArr":["F","F","F"],"e1St":76,"ans":"F","e2En":95,"rel":"team","e1En":84,"e1":"[KBO_리그]","qid":2,"e2":"[두산_베어스]"}],"pIdx":1,"text":"<강철원>(姜哲元, [1958년] [1월_27일] ~ )은 [대한민국]의 전 [프로_야구] 선수로, [1982년]부터 [1986년]까지 [KBO_리그] 팀 [두산_베어스]와 [현대_유니콘스]에서 뛰었다. 포지션은 [투수]였고, 우투우타였으며 [언더핸드]로 공을 던졌다. [KBO_리그] 통산 기록은 39경기 출전 9승 4패 [평균자책점] 5.02, [삼진] 41개이다."},{"globalSId":[3398217,3398218,3398219,3398220],"wikiPageId":1158715,"questions":[{"e2St":26,"nlq":"<뿔도마뱀과>의 생물종은(는) [뱀목]인가요?","ansArr":["T","T","T"],"e1St":0,"ans":"T","e2En":30,"rel":"order","e1En":7,"e1":"<뿔도마뱀과>","qid":0,"e2":"[뱀목]"},{"e2St":36,"nlq":"<뿔도마뱀과>의 생물종은(는) [도마뱀]인가요?","ansArr":["T","T","T"],"e1St":0,"ans":"T","e2En":41,"rel":"order","e1En":7,"e1":"<뿔도마뱀과>","qid":1,"e2":"[도마뱀]"}],"pIdx":1,"text":"<뿔도마뱀과>(Phrynosomatidae)는 [뱀목]에 속하는 [도마뱀] 과이다. [파나마]부터 [캐나다] 남단에 이르는 지역에서 발견된다. 이 분류군의 상당수 종은 더운 모래 사막에 적응해 살고 있지만, [가시도마뱀류]는 바위로 이루어진 사막지대 또는 비교적 습기가 많은 숲 외곽지대에서 발견되며, [짧은뿔도마뱀]은 대초원 또는 [세이지_숲] 환경에서 산다. 이 분류군의 종들은 난생과 태생 둘 다를 포함하고 있으며, 태생은 고지대의 종들 중에서 더 흔하게 볼 수 있다."},{"globalSId":[1747239,1747240],"wikiPageId":331884,"questions":[{"e2St":35,"nlq":"[조선_선조] (이)라는 인물의 배우자 (동거인의 개념은 아님)은(는) [의인왕후]인가요?","ansArr":["T","T","T"],"e1St":23,"ans":"T","e2En":41,"rel":"spouse","e1En":30,"e1":"[조선_선조]","qid":0,"e2":"[의인왕후]"},{"e2St":49,"nlq":"[조선_선조] (이)라는 인물의 배우자 (동거인의 개념은 아님)은(는) [인목왕후]인가요?","ansArr":["T","T","T"],"e1St":23,"ans":"T","e2En":55,"rel":"spouse","e1En":30,"e1":"[조선_선조]","qid":1,"e2":"[인목왕후]"},{"e2St":49,"nlq":"[의인왕후]의 후임자은(는) [인목왕후]인가요?","ansArr":["F","T","T"],"e1St":35,"ans":"T","e2En":55,"rel":"successor","e1En":41,"e1":"[의인왕후]","qid":2,"e2":"[인목왕후]"},{"e2St":105,"nlq":"[동구릉]가 위치한 지역은(는) [구리시]인가요?","ansArr":["T","T","T"],"e1St":65,"ans":"T","e2En":110,"rel":"location","e1En":70,"e1":"[동구릉]","qid":3,"e2":"[구리시]"}],"pIdx":1,"text":"[목릉](穆陵)은 [조선] 제14대 왕인 [조선_선조]와 정비 [의인왕후] 박씨, 계비 [인목왕후] 김씨의 능이다. [동구릉]의 하나로 [사적] 제 193호로 지정되어 있으며, [경기도] [구리시] <인창동>에 위치한다."},{"globalSId":[84414,84415,84416,84417],"wikiPageId":6086,"questions":[{"e2St":190,"nlq":"[북구_(광주광역시)]를 포함하는 것은(는) <광주광역시>인가요?","ansArr":["T","T","T"],"e1St":25,"ans":"T","e2En":197,"rel":"isPartOf","e1En":37,"e1":"[북구_(광주광역시)]","qid":0,"e2":"<광주광역시>"},{"e2St":190,"nlq":"[무등산]가 위치한 곳의 전체 도로명 주소은(는) <광주광역시>인가요?","ansArr":["F","T","T"],"e1St":89,"ans":"T","e2En":197,"rel":"address","e1En":94,"e1":"[무등산]","qid":1,"e2":"<광주광역시>"},{"e2St":190,"nlq":"[무등산]가 위치한 행정 구역은(는) <광주광역시>인가요?","ansArr":["T","T","T"],"e1St":89,"ans":"T","e2En":197,"rel":"locatedInArea","e1En":94,"e1":"[무등산]","qid":2,"e2":"<광주광역시>"}],"pIdx":5,"text":"인문지리. [동구]는 북쪽으로 [광주광역시] [북구_(광주광역시)]와 연접하고, 남쪽으로는 [전라남도] [화순군]과 경계를 이루며, [광주천]을 서남쪽에 끼고 [무등산] 너른 자락 밑에 자리잡고 있다. 동쪽으로 [광주]의 진산인 [무등산] 정상에서 남으로 [장불재]를 지나 [천제등], [바람재], [향로봉]을 통해 [장원봉]으로 이어지는 <광주광역시>를 향한 [무등산] 주능선과 남쪽으로 [장불재]와 중머리재 사이의 샘골에서 발원한 [영산강] 지류인 <광주천>을 끼고 서쪽으로 완만한 경사를 따라 <중심_업무_지구>를 형성하는 동고서저형의 지형구조를 보이고 있다. 멀리 북쪽으로부터 서남쪽을 향해 흐르는 <영산강>의 본류인 [극락강]을 바라보고 지정학적으로는 호남 내륙의 중심을 점하고 있는 교통의 요충지이다."}]}