{"paragraphs":[{"globalSId":[4007576],"wikiPageId":1775878,"questions":[{"e2St":81,"nlq":"[포르투갈어]의 국가은(는) [포르투갈]인가요?","ansArr":["T","T","T"],"e1St":12,"ans":"T","e2En":87,"rel":"country","e1En":19,"e1":"[포르투갈어]","qid":0,"e2":"[포르투갈]"},{"e2St":81,"nlq":"[포르투갈어] (이)라는 언어를 사용하는 지역은(는) [포르투갈]인가요?","ansArr":["T","T","F"],"e1St":12,"ans":"T","e2En":87,"rel":"spokenIn","e1En":19,"e1":"[포르투갈어]","qid":1,"e2":"[포르투갈]"}],"pIdx":1,"text":"[베르나르도_실바] ([포르투갈어]: Bernardo Mota Veiga de Carvalho e Silva, 1994년 8월 10일 ~ ) 는 [포르투갈]의 [축구_선수]로, 현재 [프리미어리그]의 [맨체스터_시티_FC] 소속이다."},{"globalSId":[144473,144474,144475,144476,144477,144478],"wikiPageId":9323,"questions":[{"e2St":39,"nlq":"<동명성왕>의 시작 시간은(는) [기원전_19년]인가요?","ansArr":["F","F","F"],"e1St":0,"ans":"F","e2En":48,"rel":"activeYearsStartYear","e1En":6,"e1":"<동명성왕>","qid":0,"e2":"[기원전_19년]"},{"e2St":59,"nlq":"<동명성왕>의 위치, 포지션 혹은 역할은(는) [고구려]인가요?","ansArr":["T","T","F"],"e1St":0,"ans":"T","e2En":64,"rel":"position","e1En":6,"e1":"<동명성왕>","qid":1,"e2":"[고구려]"},{"e2St":79,"nlq":"<동명성왕>의 시작 시간은(는) [기원전_37년]인가요?","ansArr":["F","T","T"],"e1St":0,"ans":"T","e2En":88,"rel":"activeYearsStartYear","e1En":6,"e1":"<동명성왕>","qid":2,"e2":"[기원전_37년]"},{"e2St":291,"nlq":"[부여]의 지도자은(는) [동명왕]인가요?","ansArr":["F","F","T"],"e1St":280,"ans":"F","e2En":296,"rel":"leaderName","e1En":284,"e1":"[부여]","qid":3,"e2":"[동명왕]"}],"pIdx":1,"text":"<동명성왕>(東明聖王) 또는 [추모왕](鄒牟王, [기원전_58년] ~ [기원전_19년] [음력_9월])은 [고구려]의 개국 시조이다. 재위: [기원전_37년] ~ [기원전_19년])이다. 《국사》(國史) <삼국사기>를 인용한 《[삼국유사]》 및 《[삼국사기]》에는 본래이 성은 [해씨](解)였다가 건국후 [고씨](高)로 고쳤다, [휘]가 [주몽](朱蒙)이라 하였다. 또한, 《<삼국사기>》 등에는 [추모(鄒牟)·중모(中牟)·중해(衆解)·상해(象解)·도모(都牟)·도모](都慕)라는 이름도 전하고 있다. [부여]의 건국자인 [동명왕]과 [주몽]은 별개 인물로 보는 것이 일반적이다. [부여]의 [금와왕] 재위 시 <금와왕>의 아들 [대소]에 의해 핍박받던 [주몽]은 박해를 피해 남으로 내려와 [고구려]를 건국하였다."},{"globalSId":[2341399,2341400],"wikiPageId":574300,"questions":[{"e2St":34,"nlq":"[라이프치히_대학교]의 국가은(는) [독일]인가요?","ansArr":["T","T","T"],"e1St":0,"ans":"T","e2En":38,"rel":"country","e1En":10,"e1":"[라이프치히_대학교]","qid":0,"e2":"[독일]"},{"e2St":40,"nlq":"[라이프치히_대학교]가 위치한 곳의 전체 도로명 주소은(는) [라이프치히]인가요?","ansArr":["T","F","F"],"e1St":0,"ans":"F","e2En":47,"rel":"address","e1En":10,"e1":"[라이프치히_대학교]","qid":1,"e2":"[라이프치히]"},{"e2St":40,"nlq":"[라이프치히_대학교]가 위치한 행정 구역은(는) [라이프치히]인가요?","ansArr":["T","T","T"],"e1St":0,"ans":"T","e2En":47,"rel":"city","e1En":10,"e1":"[라이프치히_대학교]","qid":2,"e2":"[라이프치히]"}],"pIdx":1,"text":"[라이프치히_대학교](Universit?t Leipzig)는 [독일]의 [라이프치히]에 있는 대학교이다. [동독_시대]는 [카를_마르크스_대학]으로 불렸다."},{"globalSId":[3467768,3467769],"wikiPageId":1227423,"questions":[{"e2St":56,"nlq":"[비브라스_나트초]가 태어난 장소은(는) [크파_카마]인가요?","ansArr":["T","T","T"],"e1St":0,"ans":"T","e2En":63,"rel":"birthPlace","e1En":9,"e1":"[비브라스_나트초]","qid":0,"e2":"[크파_카마]"},{"e2St":91,"nlq":"[비브라스_나트초]의 위치, 포지션 혹은 역할은(는) [미드필더]인가요?","ansArr":["T","T","T"],"e1St":0,"ans":"T","e2En":97,"rel":"position","e1En":9,"e1":"[비브라스_나트초]","qid":1,"e2":"[미드필더]"},{"e2St":126,"nlq":"[비브라스_나트초] (이)라는 운동선수의 소속 팀은(는) [PFC_CSKA_모스크바]인가요?","ansArr":["T","T","T"],"e1St":0,"ans":"T","e2En":141,"rel":"club","e1En":9,"e1":"[비브라스_나트초]","qid":2,"e2":"[PFC_CSKA_모스크바]"},{"e2St":126,"nlq":"[비브라스_나트초]가 현재나 과거에 활동했던 스포츠 팀은(는) [PFC_CSKA_모스크바]인가요?","ansArr":["T","T","T"],"e1St":0,"ans":"T","e2En":141,"rel":"team","e1En":9,"e1":"[비브라스_나트초]","qid":3,"e2":"[PFC_CSKA_모스크바]"}],"pIdx":1,"text":"[비브라스_나트초] (, , Bibras Natkho, [1988년] [2월_18일], [이스라엘] [크파_카마] ~ )는 [이스라엘]의 축구 선수이다. 포지션은 [미드필더]이며, 현재 [러시아_프리미어리그]에 소속되어 있는 [PFC_CSKA_모스크바]에서 활약하고 있다."}]}