{"paragraphs":[{"globalSId":[2411842,2411843,2411844],"wikiPageId":609742,"questions":[{"e2St":25,"nlq":"[사이타마_스타디움_2002]가 위치한 지역은(는) [사이타마_현]인가요?","ansArr":["T","T","T"],"e1St":0,"ans":"T","e2En":33,"rel":"location","e1En":15,"e1":"[사이타마_스타디움_2002]","qid":0,"e2":"[사이타마_현]"},{"e2St":34,"nlq":"[사이타마_스타디움_2002]을(를) 소유하고 있는 사람\/단체은(는) [사이타마_시]인가요?","ansArr":["T","T","T"],"e1St":0,"ans":"T","e2En":42,"rel":"owner","e1En":15,"e1":"[사이타마_스타디움_2002]","qid":1,"e2":"[사이타마_시]"},{"e2St":43,"nlq":"[사이타마_스타디움_2002]가 위치한 지역은(는) [미도리_구_(사이타마_시)]인가요?","ansArr":["T","T","T"],"e1St":0,"ans":"T","e2En":59,"rel":"location","e1En":15,"e1":"[사이타마_스타디움_2002]","qid":2,"e2":"[미도리_구_(사이타마_시)]"},{"e2St":146,"nlq":"[사이타마_스타디움_2002]의 세입자나 임차인은(는) [우라와_레드_다이아몬즈]인가요?","ansArr":["T","T","T"],"e1St":0,"ans":"T","e2En":160,"rel":"tenant","e1En":15,"e1":"[사이타마_스타디움_2002]","qid":3,"e2":"[우라와_레드_다이아몬즈]"},{"e2St":34,"nlq":"[사이타마_현] (이)라는 지방 정부나 중앙 정부가 위치한 도시\/자치도시은(는) [사이타마_시]인가요?","ansArr":["T","T","T"],"e1St":25,"ans":"T","e2En":42,"rel":"capital","e1En":33,"e1":"[사이타마_현]","qid":4,"e2":"[사이타마_시]"},{"e2St":34,"nlq":"[사이타마_현]가 위치한 곳의 전체 도로명 주소은(는) [사이타마_시]인가요?","ansArr":["F","T","T"],"e1St":25,"ans":"T","e2En":42,"rel":"address","e1En":33,"e1":"[사이타마_현]","qid":5,"e2":"[사이타마_시]"}],"pIdx":1,"text":"[사이타마_스타디움_2002]()는 [일본] [사이타마_현] [사이타마_시] [미도리_구_(사이타마_시)]에 위치해 있는 축구 전용 경기장으로, 63,700명을 수용할 수 있다. [2001년]에 개장했으며 [2002년_FIFA_월드컵] 대회가 열린 경기장이다. [우라와_레드_다이아몬즈]의 홈구장으로 사용되고 있다."},{"globalSId":[464069,464070],"wikiPageId":49657,"questions":[{"e2St":38,"nlq":"[조선민주주의인민공화국] (이)라는 장소에서의 가장 큰 도시은(는) [평양직할시]인가요?","ansArr":["T","T","T"],"e1St":20,"ans":"T","e2En":45,"rel":"largestCity","e1En":33,"e1":"[조선민주주의인민공화국]","qid":0,"e2":"[평양직할시]"},{"e2St":38,"nlq":"[조선민주주의인민공화국] (이)라는 지방 정부나 중앙 정부가 위치한 도시\/자치도시은(는) [평양직할시]인가요?","ansArr":["T","T","T"],"e1St":20,"ans":"T","e2En":45,"rel":"capital","e1En":33,"e1":"[조선민주주의인민공화국]","qid":1,"e2":"[평양직할시]"},{"e2St":60,"nlq":"[김일성]의 후임자은(는) [김정일]인가요?","ansArr":["T","T","T"],"e1St":50,"ans":"T","e2En":65,"rel":"successor","e1En":55,"e1":"[김일성]","qid":2,"e2":"[김정일]"},{"e2St":60,"nlq":"[김일성]의 자녀은(는) [김정일]인가요?","ansArr":["T","T","T"],"e1St":50,"ans":"T","e2En":65,"rel":"child","e1En":55,"e1":"[김일성]","qid":3,"e2":"[김정일]"},{"e2St":95,"nlq":"[김정일]의 부모은(는) <김일성>인가요?","ansArr":["T","T","T"],"e1St":60,"ans":"T","e2En":100,"rel":"parent","e1En":65,"e1":"[김정일]","qid":4,"e2":"<김일성>"},{"e2St":95,"nlq":"[김정일]의 전임자은(는) <김일성>인가요?","ansArr":["T","T","F"],"e1St":60,"ans":"T","e2En":100,"rel":"predecessor","e1En":65,"e1":"[김정일]","qid":5,"e2":"<김일성>"}],"pIdx":1,"text":"[금수산태양궁전](錦繡山太陽宮殿)은 [조선민주주의인민공화국]의 수도 [평양직할시]에 있는 [김일성] 주석과 [김정일] 국방위원장의 시신이 안치된 건물이다. 궁전 내부에는 <김일성>의 유품이나 생전에 사용했던 열차의 일부를 전시하고 있다."}]}