{"paragraphs":[{"globalSId":[3809148,3809149],"wikiPageId":1588481,"questions":[{"e2St":66,"nlq":"[마리_당주] (이)라는 인물의 배우자 (동거인의 개념은 아님)은(는) [샤를_7세]인가요?","ansArr":["T","T","T"],"e1St":0,"ans":"T","e2En":73,"rel":"spouse","e1En":6,"e1":"[마리_당주]","qid":0,"e2":"[샤를_7세]"},{"e2St":83,"nlq":"[마리_당주]의 칭호은(는) [프랑스의_군주_배우자]인가요?","ansArr":["T","T","T"],"e1St":0,"ans":"T","e2En":96,"rel":"title","e1En":6,"e1":"[마리_당주]","qid":1,"e2":"[프랑스의_군주_배우자]"},{"e2St":134,"nlq":"[마리_당주]의 아버지은(는) [루이_2세_당주]인가요?","ansArr":["T","F","T"],"e1St":0,"ans":"T","e2En":144,"rel":"father","e1En":6,"e1":"[마리_당주]","qid":2,"e2":"[루이_2세_당주]"},{"e2St":164,"nlq":"[마리_당주]의 어머니은(는) [욜란다_데_아라곤]인가요?","ansArr":["T","T","T"],"e1St":0,"ans":"T","e2En":175,"rel":"mother","e1En":6,"e1":"[마리_당주]","qid":3,"e2":"[욜란다_데_아라곤]"},{"e2St":164,"nlq":"[마리_당주]의 부모은(는) [욜란다_데_아라곤]인가요?","ansArr":["T","T","T"],"e1St":0,"ans":"T","e2En":175,"rel":"parent","e1En":6,"e1":"[마리_당주]","qid":4,"e2":"[욜란다_데_아라곤]"},{"e2St":164,"nlq":"[루이_2세_당주] (이)라는 인물의 배우자 (동거인의 개념은 아님)은(는) [욜란다_데_아라곤]인가요?","ansArr":["T","F","T"],"e1St":134,"ans":"T","e2En":175,"rel":"spouse","e1En":144,"e1":"[루이_2세_당주]","qid":5,"e2":"[욜란다_데_아라곤]"}],"pIdx":1,"text":"[마리_당주](, [1404년] [10월] [14일] - [1463년_11월_29일])는 [1422년\u20131461년]까지 [샤를_7세]의 아내로 있었던 [프랑스의_군주_배우자]이다. [마리]는 명목상 <나폴리>의 군주이자 <시칠리아>의 군주인 [루이_2세_당주]와 명목상 <아라곤_왕국>의 여왕인 [욜란다_데_아라곤]의 장녀이다."},{"globalSId":[3213396,3213397],"wikiPageId":1023322,"questions":[{"e2St":10,"nlq":"<몬텔론고>의 국가은(는) [이탈리아]인가요?","ansArr":["T","T","T"],"e1St":0,"ans":"T","e2En":16,"rel":"country","e1En":6,"e1":"<몬텔론고>","qid":0,"e2":"[이탈리아]"},{"e2St":17,"nlq":"<몬텔론고>가 있거나 연결되어있는 지역은(는) [몰리세_주]인가요?","ansArr":["T","T","T"],"e1St":0,"ans":"T","e2En":24,"rel":"region","e1En":6,"e1":"<몬텔론고>","qid":1,"e2":"[몰리세_주]"},{"e2St":25,"nlq":"<몬텔론고>의 행정구역은(는) [캄포바소_현]인가요?","ansArr":["F","T","T"],"e1St":0,"ans":"T","e2En":33,"rel":"administrativeDistrict","e1En":6,"e1":"<몬텔론고>","qid":2,"e2":"[캄포바소_현]"},{"e2St":25,"nlq":"<몬텔론고>가 있거나 연결되어있는 지역은(는) [캄포바소_현]인가요?","ansArr":["T","T","T"],"e1St":0,"ans":"T","e2En":33,"rel":"region","e1En":6,"e1":"<몬텔론고>","qid":3,"e2":"[캄포바소_현]"},{"e2St":43,"nlq":"[몰리세_주] (이)라는 장소에서의 가장 큰 도시은(는) [캄포바소]인가요?","ansArr":["F","F","F"],"e1St":17,"ans":"F","e2En":49,"rel":"largestCity","e1En":24,"e1":"[몰리세_주]","qid":4,"e2":"[캄포바소]"},{"e2St":43,"nlq":"[몰리세_주] (이)라는 지방 정부나 중앙 정부가 위치한 도시\/자치도시은(는) [캄포바소]인가요?","ansArr":["F","F","F"],"e1St":17,"ans":"F","e2En":49,"rel":"capital","e1En":24,"e1":"[몰리세_주]","qid":5,"e2":"[캄포바소]"}],"pIdx":1,"text":"<몬텔론고>()는 [이탈리아] [몰리세_주] [캄포바소_현]의 [코무네]다. [캄포바소]로부터 북동쪽 30km 거리에 있다."}]}