{"paragraphs":[{"globalSId":[2544514,2544515,2544516],"wikiPageId":671637,"questions":[{"e2St":59,"nlq":"[아스콜리_피키오_FC_1898]의 홈구장은(는) [이탈리아]인가요?","ansArr":["T","T","T"],"e1St":0,"ans":"T","e2En":65,"rel":"homeStadium","e1En":17,"e1":"[아스콜리_피키오_FC_1898]","qid":0,"e2":"[이탈리아]"},{"e2St":59,"nlq":"[아스콜리_피키오_FC_1898] (이)라는 축구팀의 홈구장 혹은 홈그라운은(는) [이탈리아]인가요?","ansArr":["T","T","T"],"e1St":0,"ans":"T","e2En":65,"rel":"ground","e1En":17,"e1":"[아스콜리_피키오_FC_1898]","qid":1,"e2":"[이탈리아]"},{"e2St":84,"nlq":"[아스콜리_피키오_FC_1898]의 홈구장은(는) [아스콜리피체노]인가요?","ansArr":["T","T","T"],"e1St":0,"ans":"T","e2En":93,"rel":"homeStadium","e1En":17,"e1":"[아스콜리_피키오_FC_1898]","qid":2,"e2":"[아스콜리피체노]"},{"e2St":84,"nlq":"[아스콜리_피키오_FC_1898] (이)라는 축구팀의 홈구장 혹은 홈그라운은(는) [아스콜리피체노]인가요?","ansArr":["T","T","T"],"e1St":0,"ans":"T","e2En":93,"rel":"ground","e1En":17,"e1":"[아스콜리_피키오_FC_1898]","qid":3,"e2":"[아스콜리피체노]"},{"e2St":107,"nlq":"[아스콜리_피키오_FC_1898] (이)라는 팀이 출전한 리그은(는) [세리에_B]인가요?","ansArr":["T","T","T"],"e1St":0,"ans":"T","e2En":114,"rel":"league","e1En":17,"e1":"[아스콜리_피키오_FC_1898]","qid":4,"e2":"[세리에_B]"}],"pIdx":1,"text":"[아스콜리_피키오_FC_1898](Ascoli Picchio F.C. 1898)는 [1898년]에 창설된 [이탈리아]의 축구 클럽으로, [마르케_주] [아스콜리피체노]를 연고지로 한다. 현재 [세리에_B]에서 활약하고 있다."},{"globalSId":[1269213,1269214,1269215,1269216,1269217],"wikiPageId":207813,"questions":[{"e2St":190,"nlq":"[섬진강]가 있거나 연결되어있는 지역은(는) [전라북도]인가요?","ansArr":["T","F","T"],"e1St":179,"ans":"T","e2En":196,"rel":"region","e1En":184,"e1":"[섬진강]","qid":0,"e2":"[전라북도]"},{"e2St":197,"nlq":"[섬진강]가 위치한 행정 구역은(는) [순창군]인가요?","ansArr":["T","F","F"],"e1St":179,"ans":"F","e2En":202,"rel":"city","e1En":184,"e1":"[섬진강]","qid":1,"e2":"[순창군]"}],"pIdx":1,"text":"고추장(-醬)은 고춧가루를 주원료로 하여 찹쌀과 메주등을 섞어 만드는 [한국]의 [전통음식]이다. [된장], [간장]과 함께 [한국]의 대표적인 전통 [양념] 중 하나로, [한국_요리]에서 고추장의 쓰임새는 매우 다양하다. 담글 때 마늘, 무, 더덕, 도라지, 매실 등을 박아 넣어 [장아찌]를 만들기도 한다. 고추장은 [섬진강]에 인접한 [전라북도] [순창군]이 유명하다. 이밖에 [원주시] [정지뜰] 지역 등에 토속적인 고추장이 있다."},{"globalSId":[644869,644870],"wikiPageId":81720,"questions":[{"e2St":136,"nlq":"[제1우크라이나_전선군]의 지휘관은(는) [이반_코네프]인가요?","ansArr":["T","T","T"],"e1St":115,"ans":"T","e2En":144,"rel":"commander","e1En":128,"e1":"[제1우크라이나_전선군]","qid":0,"e2":"[이반_코네프]"}],"pIdx":1,"text":"[브레슬라우_전투](, ) 또는 [브레슬라우_포위전]은 [나치_독일]의 [저지_실레지아]의 [브레슬라우](현재는 [폴란드] 영토로 [브로츠와프]라 불림)를 둘러싸고 4개월간 계속된 포위전이었다. 이 도시는 [제1우크라이나_전선군] (사령관 : [이반_코네프] 원수) 예하 [소련_6_군]이 [1945년] [2월_13일] 포위했고, 공방전은 [제2차_세계_대전]의 마지막 날까지 계속되었다."},{"globalSId":[3769934,3769935],"wikiPageId":1486406,"questions":[{"e2St":31,"nlq":"[사빠땃쥐]의 생물종은(는) [땃쥐류]인가요?","ansArr":["T","T","T"],"e1St":0,"ans":"T","e2En":36,"rel":"family","e1En":5,"e1":"[사빠땃쥐]","qid":0,"e2":"[땃쥐류]"}],"pIdx":1,"text":"[사빠땃쥐](\"Crocidura sapaensis\")는 [땃쥐류]에 속하는 [포유류]의 일종이다.[베트남] 북부 지역에서 발견되는 [흰이땃쥐류]이다. [2013년]에 처음 기재되었고, 학명과 통용명은 이 땃쥐가 발견된 [사빠_현] 지명에서 유래했다."},{"globalSId":[2493747,2493748],"wikiPageId":644629,"questions":[{"e2St":14,"nlq":"<차성교통>가 위치한 지역은(는) [부산광역시]인가요?","ansArr":["T","T","T"],"e1St":0,"ans":"T","e2En":21,"rel":"location","e1En":6,"e1":"<차성교통>","qid":0,"e2":"[부산광역시]"},{"e2St":34,"nlq":"<차성교통> (이)라는 기관에서 만든 제품은(는) [마을버스]인가요?","ansArr":["F","F","T"],"e1St":0,"ans":"F","e2En":40,"rel":"product","e1En":6,"e1":"<차성교통>","qid":1,"e2":"[마을버스]"},{"e2St":54,"nlq":"<차성교통>가 위치한 지역은(는) <부산광역시>인가요?","ansArr":["T","T","T"],"e1St":0,"ans":"T","e2En":61,"rel":"location","e1En":6,"e1":"<차성교통>","qid":2,"e2":"<부산광역시>"},{"e2St":120,"nlq":"<차성교통>의 자회사은(는) [웅상교통]인가요?","ansArr":["T","T","T"],"e1St":0,"ans":"T","e2En":126,"rel":"subsidiary","e1En":6,"e1":"<차성교통>","qid":3,"e2":"[웅상교통]"},{"e2St":54,"nlq":"[기장군]를 포함하는 것은(는) <부산광역시>인가요?","ansArr":["T","T","T"],"e1St":22,"ans":"T","e2En":61,"rel":"isPartOf","e1En":27,"e1":"[기장군]","qid":4,"e2":"<부산광역시>"}],"pIdx":1,"text":"<차성교통>(車成交通)은 [부산광역시] [기장군]의 위치하는 [마을버스] 운송 업체이고, 본사는 <부산광역시> [기장군] [기장읍] [대청로13번길_65]에 위치해 있다. 계열사로는 [경상남도] [양산시]에 위치한 [웅상교통]이 있다."}]}