{"paragraphs":[{"globalSId":[3639605,3639606,3639607,3639608,3639609],"wikiPageId":1366301,"questions":[{"e2St":131,"nlq":"[노보메스토]의 국가은(는) [슬로베니아]인가요?","ansArr":["T","T","T"],"e1St":56,"ans":"T","e2En":137,"rel":"country","e1En":63,"e1":"[노보메스토]","qid":0,"e2":"[슬로베니아]"}],"pIdx":3,"text":"생애. [1970년] [4월] [26일] [유고슬라비아_사회주의_연방공화국](현재의 [슬로베니아]) [노보메스토]에서 태어났다. 아버지 [빅토르_나우스](Victor Knavs)는 국유 생산 자동차·오토바이 <에이전시>을 운영했으며, [슬로베니아] 공산당원이였다. 어머니 [아말리야](Amalija Ul?nik)는 아동 의류 회사의 도안가였다. [멜라니아]에게는 [이네스](Ines)라는 자매가 있다."},{"globalSId":[212059],"wikiPageId":14097,"questions":[{"e2St":60,"nlq":"[2016년_중화민국_총통_선거] (이)라는 정치인 또는 당원이 소속되어 있는 당은(는) [민주진보당]인가요?","ansArr":["F","T","F"],"e1St":27,"ans":"F","e2En":67,"rel":"party","e1En":45,"e1":"[2016년_중화민국_총통_선거]","qid":0,"e2":"[민주진보당]"},{"e2St":69,"nlq":"[민주진보당]의 지도자은(는) [차이잉원]인가요?","ansArr":["F","T","F"],"e1St":60,"ans":"F","e2En":75,"rel":"leader","e1En":67,"e1":"[민주진보당]","qid":1,"e2":"[차이잉원]"}],"pIdx":8,"text":"여당으로 복귀하였고, 재선으로 8년 간 있었으나 [2016년_중화민국_총통_선거]에서 [주리룬] 총통후보가 [민주진보당]의 [차이잉원] 후보에게 패배하여 제1야당이 되었다."},{"globalSId":[3863022,3863023],"wikiPageId":1638760,"questions":[{"e2St":37,"nlq":"[히나세_역]의 소유 조직은(는) [서일본_여객철도]인가요?","ansArr":["T","T","T"],"e1St":0,"ans":"T","e2En":47,"rel":"owningOrganisation","e1En":6,"e1":"[히나세_역]","qid":0,"e2":"[서일본_여객철도]"},{"e2St":37,"nlq":"[히나세_역] (이)라는 역을 운행하는 회사 또는 노선은(는) [서일본_여객철도]인가요?","ansArr":["T","T","T"],"e1St":0,"ans":"T","e2En":47,"rel":"servingRailwayLine","e1En":6,"e1":"[히나세_역]","qid":1,"e2":"[서일본_여객철도]"},{"e2St":48,"nlq":"[히나세_역] (이)라는 역을 운행하는 회사 또는 노선은(는) [아코_선]인가요?","ansArr":["T","T","T"],"e1St":0,"ans":"T","e2En":54,"rel":"servingRailwayLine","e1En":6,"e1":"[히나세_역]","qid":2,"e2":"[아코_선]"}],"pIdx":1,"text":"[히나세_역]()은 [일본] [오카야마_현] [비젠_시]에 위치한 [서일본_여객철도] [아코_선]의 [철도역]이다. [단선_승강장] · [섬식_승강장]의 형태를 합친 2면 3선 구조의 복합 승강장을 갖춘 지상역이다."},{"globalSId":[940831,940832],"wikiPageId":130040,"questions":[{"e2St":59,"nlq":"<막심_칼리니첸코>가 태어난 장소은(는) [하르키우]인가요?","ansArr":["T","T","T"],"e1St":0,"ans":"T","e2En":65,"rel":"birthPlace","e1En":10,"e1":"<막심_칼리니첸코>","qid":0,"e2":"[하르키우]"},{"e2St":176,"nlq":"<막심_칼리니첸코>가 현재나 과거에 활동했던 스포츠 팀은(는) [우크라이나_축구_국가대표팀]인가요?","ansArr":["T","T","T"],"e1St":0,"ans":"T","e2En":192,"rel":"team","e1En":10,"e1":"<막심_칼리니첸코>","qid":1,"e2":"[우크라이나_축구_국가대표팀]"},{"e2St":59,"nlq":"[우크라이나_소비에트_사회주의_공화국] (이)라는 지방 정부나 중앙 정부가 위치한 도시\/자치도시은(는) [하르키우]인가요?","ansArr":["T","T","T"],"e1St":37,"ans":"T","e2En":65,"rel":"capital","e1En":58,"e1":"[우크라이나_소비에트_사회주의_공화국]","qid":2,"e2":"[하르키우]"},{"e2St":71,"nlq":"[하르키우]의 국가은(는) [우크라이나]인가요?","ansArr":["T","T","T"],"e1St":59,"ans":"T","e2En":78,"rel":"country","e1En":65,"e1":"[하르키우]","qid":3,"e2":"[우크라이나]"},{"e2St":217,"nlq":"[하르키우]의 국가은(는) <우크라이나>인가요?","ansArr":["T","T","T"],"e1St":59,"ans":"T","e2En":224,"rel":"country","e1En":65,"e1":"[하르키우]","qid":4,"e2":"<우크라이나>"},{"e2St":194,"nlq":"[사우디아라비아_축구_국가대표팀]의 칭호은(는) [FIFA_월드컵]인가요?","ansArr":["F","T","F"],"e1St":139,"ans":"F","e2En":204,"rel":"title","e1En":157,"e1":"[사우디아라비아_축구_국가대표팀]","qid":5,"e2":"[FIFA_월드컵]"},{"e2St":194,"nlq":"[우크라이나_축구_국가대표팀]의 칭호은(는) [FIFA_월드컵]인가요?","ansArr":["F","T","F"],"e1St":176,"ans":"F","e2En":204,"rel":"title","e1En":192,"e1":"[우크라이나_축구_국가대표팀]","qid":6,"e2":"[FIFA_월드컵]"}],"pIdx":1,"text":"<막심_칼리니첸코> (, [1979년] [1월_26일], [소련] [우크라이나_소비에트_사회주의_공화국] [하르키우] ~ )는 [우크라이나]의 축구 선수로, 현재 [타브리야_심페로폴] 소속으로 활약하고 있다. 그는 [2006_FIFA_월드컵] 당시 [사우디아라비아_축구_국가대표팀]와의 조별 예선 두 번째 경기에서 [우크라이나_축구_국가대표팀]의 [FIFA_월드컵] 본선 4번째 골이자, <우크라이나>의 4-0 완승을 확정짓는 골을 넣었고, 그 경기의 최우수 선수로 선정되었다."}]}