{"paragraphs":[{"globalSId":[891654,891655,891656,891657],"wikiPageId":121755,"questions":[{"e2St":24,"nlq":"<진먼_현>의 행정구역은(는) [푸젠_성_(중화민국)]인가요?","ansArr":["T","T","T"],"e1St":0,"ans":"T","e2En":37,"rel":"administrativeDistrict","e1En":6,"e1":"<진먼_현>","qid":0,"e2":"[푸젠_성_(중화민국)]"},{"e2St":116,"nlq":"[푸젠_성_(중화민국)]의 국가은(는) [중화민국]인가요?","ansArr":["T","T","T"],"e1St":24,"ans":"T","e2En":122,"rel":"country","e1En":37,"e1":"[푸젠_성_(중화민국)]","qid":1,"e2":"[중화민국]"}],"pIdx":1,"text":"<진먼_현>(, , 금문현)은 [중화민국] [푸젠_성_(중화민국)](福建省)에 있는 행정구역으로, [성(省)_정부]의 청사가 위치하고 있다. 현의 영역은 <진먼_현>(金門島)과 그 부속도서로 이루어져 있다. [중화민국] 정부 소재지인 [타이완]과는 약 210km에 달하며, 오히려 [중화인민공화국]의 영토인 [중국_대륙]에서 불과 1.8km의 거리로 매우 가깝다. [마쭈_열도](馬祖列島)와 함께 [진마_지구](金馬地區)로도 불린다."},{"globalSId":[3772415,3772416,3772417,3772418],"wikiPageId":1489143,"questions":[{"e2St":297,"nlq":"[2016년_하계_올림픽]가 위치한 행정 구역은(는) [리우데자네이루]인가요?","ansArr":["F","T","T"],"e1St":0,"ans":"T","e2En":306,"rel":"city","e1En":13,"e1":"[2016년_하계_올림픽]","qid":0,"e2":"[리우데자네이루]"},{"e2St":131,"nlq":"[그리스] (이)라는 지방 정부나 중앙 정부가 위치한 도시\/자치도시은(는) [아테네]인가요?","ansArr":["F","T","T"],"e1St":89,"ans":"T","e2En":136,"rel":"capital","e1En":94,"e1":"[그리스]","qid":1,"e2":"[아테네]"},{"e2St":247,"nlq":"<브라질> (이)라는 지방 정부나 중앙 정부가 위치한 도시\/자치도시은(는) [브라질리아]인가요?","ansArr":["T","T","T"],"e1St":161,"ans":"T","e2En":254,"rel":"capital","e1En":166,"e1":"<브라질>","qid":2,"e2":"[브라질리아]"},{"e2St":225,"nlq":"[연방구_(브라질)]의 국가은(는) <브라질>인가요?","ansArr":["T","T","T"],"e1St":203,"ans":"T","e2En":230,"rel":"country","e1En":214,"e1":"[연방구_(브라질)]","qid":3,"e2":"<브라질>"},{"e2St":247,"nlq":"[연방구_(브라질)] (이)라는 지방 정부나 중앙 정부가 위치한 도시\/자치도시은(는) [브라질리아]인가요?","ansArr":["T","T","T"],"e1St":203,"ans":"T","e2En":254,"rel":"capital","e1En":214,"e1":"[연방구_(브라질)]","qid":4,"e2":"[브라질리아]"}],"pIdx":1,"text":"[2016년_하계_올림픽] 성화 봉송은 [2016년_하계_올림픽]을 앞두고 [2016년] [4월] [21]부터 [8월] [5일]까지 진행하는 성화 릴레이이다. [그리스]의 [올림피아_(그리스)]에서 점화된 이후, [4월] [27일]에 [아테네]에 성화가 도착하였다. [5월] [3일]부터 <브라질> 내의 300개 이상의 도시를 거치며, 그 중에는 26개의 주도와 [연방구_(브라질)]도 포함되어 있다. <브라질> 내에서는 <브라질>의 수도인 [브라질리아]에서 처음으로 봉송이 시작되며, [2016년_하계_올림픽]의 주 <경기장>인 [리우데자네이루]의 [마라카낭]에서 끝난다."},{"globalSId":[3200105,3200106],"wikiPageId":1014402,"questions":[{"e2St":134,"nlq":"[교황_비오_11세]가 죽은 장소은(는) [사도_궁전]인가요?","ansArr":["F","F","F"],"e1St":59,"ans":"F","e2En":141,"rel":"deathPlace","e1En":70,"e1":"[교황_비오_11세]","qid":0,"e2":"[사도_궁전]"}],"pIdx":1,"text":"[1939년] <콘클라베>는 제260대 [교황]을 선출하기 위해 진행된 [콘클라베]이다. 제259대 교황 [교황_비오_11세]가 [1939년] [2월_10일]에 선종한 이후에 새 교황을 선출하기 위해 진행된 선거이며 [바티칸_시국]에 있는 [사도_궁전]과 [시스티나_성당]에서 진행되었다."},{"globalSId":[2909774,2909775,2909776],"wikiPageId":853531,"questions":[{"e2St":44,"nlq":"[Misty_Mystery] (이)라는 작품의 이전 작품은(는) [Smiley_Nation]인가요?","ansArr":["T","T","T"],"e1St":3,"ans":"T","e2En":59,"rel":"previousWork","e1En":18,"e1":"[Misty_Mystery]","qid":0,"e2":"[Smiley_Nation]"},{"e2St":192,"nlq":"[Smiley_Nation] (이)라는 작품의 다음 작품은(는) [Misty_Mystery]인가요?","ansArr":["T","F","T"],"e1St":44,"ans":"T","e2En":207,"rel":"subsequentWork","e1En":59,"e1":"[Smiley_Nation]","qid":1,"e2":"[Misty_Mystery]"}],"pIdx":4,"text":"전작 [Misty_Mystery] 발매 이후, 1년 이상의 공백기를 가진 것은 [Smiley_Nation]이래 2번째가 되었다. 또 초회한정반(GZCA - 7168)과 통상반(GZCA - 4136)의 두 가지 형태로의 발매와 자켓과 수록곡이 다른 것은 [ja]이후 5싱글 연속 계속되고 있다. 통상반에만 커플링이 1곡 더 추가로 수록되는 것로 [Misty_Mystery]과 같은 구조다."},{"globalSId":[2681400,2681401,2681402,2681403],"wikiPageId":733968,"questions":[{"e2St":23,"nlq":"<포스하이메탈>의 국가은(는) [대한민국]인가요?","ansArr":["T","T","T"],"e1St":0,"ans":"T","e2En":29,"rel":"country","e1En":8,"e1":"<포스하이메탈>","qid":0,"e2":"[대한민국]"},{"e2St":46,"nlq":"<포스하이메탈>의 자회사은(는) [포스코]인가요?","ansArr":["T","F","F"],"e1St":0,"ans":"F","e2En":51,"rel":"parentCompany","e1En":8,"e1":"<포스하이메탈>","qid":1,"e2":"[포스코]"},{"e2St":46,"nlq":"<포스하이메탈>의 후임자은(는) [포스코]인가요?","ansArr":["F","T","F"],"e1St":0,"ans":"F","e2En":51,"rel":"successor","e1En":8,"e1":"<포스하이메탈>","qid":2,"e2":"[포스코]"},{"e2St":88,"nlq":"<포스하이메탈>가 위치한 지역은(는) [전라남도]인가요?","ansArr":["T","T","T"],"e1St":0,"ans":"T","e2En":94,"rel":"location","e1En":8,"e1":"<포스하이메탈>","qid":3,"e2":"[전라남도]"},{"e2St":81,"nlq":"[포스코]의 국가은(는) [대한민국]인가요?","ansArr":["T","T","T"],"e1St":46,"ans":"T","e2En":87,"rel":"country","e1En":51,"e1":"[포스코]","qid":4,"e2":"[대한민국]"},{"e2St":81,"nlq":"[포스코]가 위치한 지역은(는) [대한민국]인가요?","ansArr":["T","T","T"],"e1St":46,"ans":"T","e2En":87,"rel":"location","e1En":51,"e1":"[포스코]","qid":5,"e2":"[대한민국]"}],"pIdx":1,"text":"<포스하이메탈>은 [페로망간]을 생산하는 [대한민국]의 기업이다. [2009년]에 [포스코]와 [동부메탈]이 공동으로 합작하여 설립된 회사이다. [대한민국] [전라남도] [광양시] 금호동에 본사를 두고 있다. 회사의 시초는 [2009년] [4월]로 양사간의 [MOU]체결에서 비롯되었으며 [7월], 양 사간 합작투자계약 체결을 거쳐 [9월]에 비로소 주식회사 [포스하이메탈] 법인이 창립되었다."}]}