{"paragraphs":[{"globalSId":[2979689],"wikiPageId":896073,"questions":[{"e2St":39,"nlq":"<하추자도>의 행정구역은(는) [제주특별자치도]인가요?","ansArr":["T","T","T"],"e1St":0,"ans":"T","e2En":48,"rel":"administrativeDistrict","e1En":6,"e1":"<하추자도>","qid":0,"e2":"[제주특별자치도]"},{"e2St":39,"nlq":"<하추자도>가 있거나 연결되어있는 지역은(는) [제주특별자치도]인가요?","ansArr":["T","T","T"],"e1St":0,"ans":"T","e2En":48,"rel":"region","e1En":6,"e1":"<하추자도>","qid":1,"e2":"[제주특별자치도]"},{"e2St":49,"nlq":"<하추자도>의 행정구역은(는) [제주시]인가요?","ansArr":["T","T","T"],"e1St":0,"ans":"T","e2En":54,"rel":"administrativeDistrict","e1En":6,"e1":"<하추자도>","qid":2,"e2":"[제주시]"},{"e2St":39,"nlq":"[추자군도]의 행정구역은(는) [제주특별자치도]인가요?","ansArr":["T","T","T"],"e1St":14,"ans":"T","e2En":48,"rel":"administrativeDistrict","e1En":20,"e1":"[추자군도]","qid":3,"e2":"[제주특별자치도]"},{"e2St":39,"nlq":"[추자군도]가 있거나 연결되어있는 지역은(는) [제주특별자치도]인가요?","ansArr":["T","T","T"],"e1St":14,"ans":"T","e2En":48,"rel":"region","e1En":20,"e1":"[추자군도]","qid":4,"e2":"[제주특별자치도]"},{"e2St":49,"nlq":"[추자군도]의 행정구역은(는) [제주시]인가요?","ansArr":["T","T","T"],"e1St":14,"ans":"T","e2En":54,"rel":"administrativeDistrict","e1En":20,"e1":"[추자군도]","qid":5,"e2":"[제주시]"},{"e2St":55,"nlq":"[추자군도]의 행정구역은(는) [추자면]인가요?","ansArr":["T","T","T"],"e1St":14,"ans":"T","e2En":60,"rel":"administrativeDistrict","e1En":20,"e1":"[추자군도]","qid":6,"e2":"[추자면]"}],"pIdx":1,"text":"<하추자도>(下楸子島)는 [추자군도]에서 가장 큰 섬으로, 행정구역상 [제주특별자치도] [제주시] [추자면]에 속한다."},{"globalSId":[1195465,1195466],"wikiPageId":187794,"questions":[{"e2St":53,"nlq":"[윙크_(잡지)] (이)라는 작품의 장르(갈래) 또는 [윙크_(잡지)] (이)라는 팀이 추구하는 장르은(는) [한국_만화]인가요?","ansArr":["F","T","T"],"e1St":37,"ans":"T","e2En":60,"rel":"genre","e1En":46,"e1":"[윙크_(잡지)]","qid":0,"e2":"[한국_만화]"}],"pIdx":1,"text":"《<오디션>》은 [천계영]이 [1997년]부터 [2003년]까지 《[윙크_(잡지)]》에 연재한 [한국_만화]이며, 단행본도 있다. 연재당시 높은 인기를 얻었으며, [2008년]에는 이를 원작으로 한 [애니메이션]이 개봉 예정이다."},{"globalSId":[3719935,3719936],"wikiPageId":1436963,"questions":[{"e2St":38,"nlq":"[스나미_역]의 소유 조직은(는) [서일본_여객철도]인가요?","ansArr":["F","T","T"],"e1St":0,"ans":"T","e2En":48,"rel":"owningOrganisation","e1En":6,"e1":"[스나미_역]","qid":0,"e2":"[서일본_여객철도]"},{"e2St":38,"nlq":"[스나미_역] (이)라는 역을 운행하는 회사 또는 노선은(는) [서일본_여객철도]인가요?","ansArr":["T","T","T"],"e1St":0,"ans":"T","e2En":48,"rel":"servingRailwayLine","e1En":6,"e1":"[스나미_역]","qid":1,"e2":"[서일본_여객철도]"},{"e2St":49,"nlq":"[스나미_역] (이)라는 역을 운행하는 회사 또는 노선은(는) [구레_선]인가요?","ansArr":["T","T","T"],"e1St":0,"ans":"T","e2En":55,"rel":"servingRailwayLine","e1En":6,"e1":"[스나미_역]","qid":2,"e2":"[구레_선]"}],"pIdx":1,"text":"[스나미_역]()은 [일본] [히로시마_현] [미하라_시]에 위치한 [서일본_여객철도] [구레_선]의 [철도역]이다. [상대식_승강장] 2면 2선의 구조를 갖춘 지상역이다."}]}