{"paragraphs":[{"globalSId":[2093652,2093653,2093654,2093655,2093656,2093657],"wikiPageId":463416,"questions":[{"e2St":238,"nlq":"[K리그_2005]가 현재나 과거에 활동했던 스포츠 팀은(는) [부산_아이파크]인가요?","ansArr":["F","F","F"],"e1St":104,"ans":"F","e2En":247,"rel":"team","e1En":114,"e1":"[K리그_2005]","qid":0,"e2":"[부산_아이파크]"},{"e2St":280,"nlq":"[정해성]의 위치, 포지션 혹은 역할은(는) [제주_유나이티드_FC]인가요?","ansArr":["T","T","T"],"e1St":262,"ans":"T","e2En":293,"rel":"position","e1En":267,"e1":"[정해성]","qid":1,"e2":"[제주_유나이티드_FC]"},{"e2St":280,"nlq":"[정해성] (이)라는 운동선수가 관리, 감독하는 스포츠 팀은(는) [제주_유나이티드_FC]인가요?","ansArr":["T","T","T"],"e1St":262,"ans":"T","e2En":293,"rel":"managerClub","e1En":267,"e1":"[정해성]","qid":2,"e2":"[제주_유나이티드_FC]"}],"pIdx":3,"text":"선수 경력. [2002년] [울산_현대_호랑이]에 입단하며 프로 무대에 데뷔하였다. 데뷔 시즌 리그 15경기에 출전하여 무난한 활약을 펼쳤으나 [K리그_2004]부터 주전 경쟁에서 밀려 [K리그_2005]까지 리그 6경기 출전에 그쳤다. 하지만 [K리그_2006] 제 기량을 회복하여 시즌 35경기에 출전하였고 [AFC_챔피언스리그_2006] 무대에서는 프로 데뷔골을 기록하기도 하였다. 이후 [앤디_에글리] 감독이 지휘하던 [부산_아이파크]로 이적하였고 한 시즌 후 [정해성] 감독의 러브콜을 받고 [제주_유나이티드_FC]로 이적하였다. 하지만 이적 직후 [정해성] 감독의 사임으로 새 팀 [제주]에서의 입지가 위태로워 지는 듯 하였으나 리그 16경기에서 출전하였고 [K리그컵_2008]에선 도움 랭킹 1위에 오르며 좋은 활약을 펼쳤다."},{"globalSId":[355580,355581,355582,355583,355584,355585,355586],"wikiPageId":36012,"questions":[{"e2St":142,"nlq":"[일로카노_족]와 관련있는 것은(는) [팡가시난_족]인가요?","ansArr":["T","F","F"],"e1St":99,"ans":"F","e2En":150,"rel":"related","e1En":107,"e1":"[일로카노_족]","qid":0,"e2":"[팡가시난_족]"},{"e2St":216,"nlq":"[일로카노_족]가 사용하는 언어은(는) [타갈로그어]인가요?","ansArr":["F","F","F"],"e1St":99,"ans":"F","e2En":223,"rel":"language","e1En":107,"e1":"[일로카노_족]","qid":1,"e2":"[타갈로그어]"},{"e2St":318,"nlq":"[일로카노_족] (이)라는 인종 집단의 구성원들이 살고있는 곳은(는) [코르디예라_행정구]인가요?","ansArr":["F","F","F"],"e1St":99,"ans":"F","e2En":329,"rel":"populationPlace","e1En":107,"e1":"[일로카노_족]","qid":2,"e2":"[코르디예라_행정구]"},{"e2St":162,"nlq":"[팡가시난_어] (이)라는 언어를 사용하는 지역은(는) [타를라크_주]인가요?","ansArr":["F","F","F"],"e1St":128,"ans":"F","e2En":170,"rel":"spokenIn","e1En":136,"e1":"[팡가시난_어]","qid":3,"e2":"[타를라크_주]"},{"e2St":308,"nlq":"[팡가시난_족]와 관련있는 것은(는) [이바나그_족]인가요?","ansArr":["T","F","F"],"e1St":142,"ans":"F","e2En":316,"rel":"related","e1En":150,"e1":"[팡가시난_족]","qid":4,"e2":"[이바나그_족]"}],"pIdx":9,"text":"민족?언어?종교. <루손_섬>에 사는 민족은 [말레이계]가 대부분이지만, 언어마다 몇 개로 구분된다. 북부의 [일로코스_지방]이나 [카가얀밸리_지방]에는 [일로카노어]를 말하는 [일로카노_족]이 산다. 중부의 [팡가시난_주]에는 [팡가시난_어]를 말하는 [팡가시난_족]이, [팜팡가_주]나 [타를라크_주]에는 [팜팡가_어]를 말하는 [팜팡가_족]이 산다. [마닐라] 주위 및 그 남쪽은 [타갈로그어]가 쓰이며, 한층 더 남쪽의 [비콜_반도]에서는 [비콜어]가 쓰인다. 또 산악부에는 소수민족이 산다. [삼발레스_주]의 [아에타_족], [카가얀_주]의 [이바나그_족], [코르디예라_행정구]의 [이고로트_족]은 그 대표적 존재이다."},{"globalSId":[3513180,3513181],"wikiPageId":1268427,"questions":[{"e2St":10,"nlq":"[만갈리아]의 국가은(는) [루마니아]인가요?","ansArr":["T","T","T"],"e1St":0,"ans":"T","e2En":16,"rel":"country","e1En":5,"e1":"[만갈리아]","qid":0,"e2":"[루마니아]"},{"e2St":26,"nlq":"[만갈리아]를 포함하는 것은(는) [콘스탄차_주]인가요?","ansArr":["T","T","T"],"e1St":0,"ans":"T","e2En":34,"rel":"isPartOf","e1En":5,"e1":"[만갈리아]","qid":1,"e2":"[콘스탄차_주]"},{"e2St":86,"nlq":"[콘스탄차_주]를 포함하는 것은(는) [콘스탄차]인가요?","ansArr":["T","F","T"],"e1St":26,"ans":"T","e2En":92,"rel":"isPartOf","e1En":34,"e1":"[콘스탄차_주]","qid":2,"e2":"[콘스탄차]"}],"pIdx":1,"text":"[만갈리아]()는 [루마니아] 남동부에 위치한 [콘스탄차_주]의 도시로 면적은 62.26㎢, 높이는 20m, 인구는 33,434명(2011년 기준)이다. [콘스탄차](콘스탄차 주의 주도)에서 남쪽으로 44km 정도 떨어진 곳에 위치하며 [흑해] 연안과 접한다."}]}