{"paragraphs":[{"globalSId":[2902937,2902938],"wikiPageId":848692,"questions":[{"e2St":19,"nlq":"<포트먼_로드>가 위치한 지역은(는) [서퍽_주]인가요?","ansArr":["T","T","T"],"e1St":0,"ans":"T","e2En":25,"rel":"location","e1En":8,"e1":"<포트먼_로드>","qid":0,"e2":"[서퍽_주]"},{"e2St":26,"nlq":"<포트먼_로드>가 위치한 지역은(는) [입스위치]인가요?","ansArr":["T","T","T"],"e1St":0,"ans":"T","e2En":32,"rel":"location","e1En":8,"e1":"<포트먼_로드>","qid":1,"e2":"[입스위치]"},{"e2St":69,"nlq":"<포트먼_로드>의 세입자나 임차인은(는) [입스위치_타운_FC]인가요?","ansArr":["T","T","T"],"e1St":0,"ans":"T","e2En":81,"rel":"tenant","e1En":8,"e1":"<포트먼_로드>","qid":2,"e2":"[입스위치_타운_FC]"}],"pIdx":1,"text":"<포트먼_로드>()는 [잉글랜드] [서퍽_주] [입스위치]에 위치한 [축구] <경기장>으로, 수용 인원은 30,311명이며 [입스위치_타운_FC]의 홈 구장으로 사용되고 있다. 과거 [잉글랜드_청소년_축구_국가대표팀] 경기가 여러 차례 열렸으며 [2003년] [잉글랜드_축구_국가대표팀]와 [크로아티아_축구_국가대표팀]의 친선 경기가 열리기도 했던 곳이다."},{"globalSId":[1653231,1653232],"wikiPageId":302942,"questions":[{"e2St":30,"nlq":"[서울특별시]에 속한 일부 장소은(는) [용산구]인가요?","ansArr":["T","T","T"],"e1St":22,"ans":"T","e2En":35,"rel":"part","e1En":29,"e1":"[서울특별시]","qid":0,"e2":"[용산구]"}],"pIdx":1,"text":"휴대용 <앙부일구>(携帶用 仰釜日晷)는 [서울특별시] [용산구] [국립중앙박물관]에 있는 <조선>의 휴대용 <해시계>이다. [1986년] [3월_14일] [대한민국의_보물] 제852호로 지정되었다."},{"globalSId":[3559276],"wikiPageId":1305780,"questions":[{"e2St":50,"nlq":"[성난_군중으로부터_멀리] (이)라는 글을 쓴 사람은(는) [토머스_하디]인가요?","ansArr":["T","T","T"],"e1St":1,"ans":"T","e2En":58,"rel":"author","e1En":13,"e1":"[성난_군중으로부터_멀리]","qid":0,"e2":"[토머스_하디]"},{"e2St":60,"nlq":"[토머스_하디]가 작성한 주목할만한 작품 또는 주제 (예 : 작가, 아티스트, 엔지니어)은(는) [성난_군중으로부터_멀리]인가요?","ansArr":["T","T","T"],"e1St":50,"ans":"T","e2En":74,"rel":"notableWork","e1En":58,"e1":"[토머스_하디]","qid":1,"e2":"[성난_군중으로부터_멀리]"}],"pIdx":1,"text":"《[성난_군중으로부터_멀리]》()는 [2015년] 공개된 [영국_영화]의 드라마 영화로, [토머스_하디]의 [성난_군중으로부터_멀리]을 원작으로 [데이비드_니컬스]가 각색하고 [토마스_빈터베르그]가 연출하였다."},{"globalSId":[2806937,2806938,2806939,2806940],"wikiPageId":796636,"questions":[{"e2St":44,"nlq":"[센트루_지방]의 국가은(는) [포르투갈]인가요?","ansArr":["T","T","T"],"e1St":0,"ans":"T","e2En":50,"rel":"country","e1En":7,"e1":"[센트루_지방]","qid":0,"e2":"[포르투갈]"},{"e2St":67,"nlq":"[센트루_지방] (이)라는 지방 정부나 중앙 정부가 위치한 도시\/자치도시은(는) [코임브라]인가요?","ansArr":["T","T","T"],"e1St":0,"ans":"T","e2En":73,"rel":"capital","e1En":7,"e1":"[센트루_지방]","qid":1,"e2":"[코임브라]"},{"e2St":139,"nlq":"[센트루_지방]의 국가은(는) <포르투갈>인가요?","ansArr":["T","T","T"],"e1St":0,"ans":"T","e2En":145,"rel":"country","e1En":7,"e1":"[센트루_지방]","qid":2,"e2":"<포르투갈>"},{"e2St":139,"nlq":"[코임브라]의 국가은(는) <포르투갈>인가요?","ansArr":["T","T","T"],"e1St":67,"ans":"T","e2En":145,"rel":"country","e1En":73,"e1":"[코임브라]","qid":3,"e2":"<포르투갈>"},{"e2St":139,"nlq":"[구아르다]의 국가은(는) <포르투갈>인가요?","ansArr":["T","T","T"],"e1St":127,"ans":"T","e2En":145,"rel":"country","e1En":133,"e1":"[구아르다]","qid":4,"e2":"<포르투갈>"}],"pIdx":1,"text":"[센트루_지방](, [IPA]: ???i???w ?s?t?u \"중부 지방\")은 [포르투갈]의 중부 지방으로, 중심도시는 [코임브라]다. 이 지방의 다른 주요 도시로는 [아베이루], [비제우], [레이리아], [카스텔루브랑쿠], [구아르다]가 있다. <포르투갈>을 구성하는 7개 지방 중 하나로, [유럽연합]의 [통계지역단위명명법] 2단계 분류 지역으로 인정되는 지방이다. [2011년] 기준으로 2,327,026명이 거주하고 있으며, 면적은 28,462?km²로 제곱킬로미터 당 82명의 인구밀도를 보인다."}]}