{"paragraphs":[{"globalSId":[3242167,3242168],"wikiPageId":1042146,"questions":[{"e2St":19,"nlq":"<관코박쥐속>의 생물종은(는) [애기박쥐과]인가요?","ansArr":["T","T","T"],"e1St":0,"ans":"T","e2En":26,"rel":"family","e1En":7,"e1":"<관코박쥐속>","qid":0,"e2":"[애기박쥐과]"},{"e2St":31,"nlq":"<관코박쥐속>의 생물종은(는) [박쥐]인가요?","ansArr":["T","T","T"],"e1St":0,"ans":"T","e2En":35,"rel":"order","e1En":7,"e1":"<관코박쥐속>","qid":1,"e2":"[박쥐]"},{"e2St":31,"nlq":"[애기박쥐과]의 생물종은(는) [박쥐]인가요?","ansArr":["T","T","T"],"e1St":19,"ans":"T","e2En":35,"rel":"order","e1En":26,"e1":"[애기박쥐과]","qid":2,"e2":"[박쥐]"}],"pIdx":1,"text":"<관코박쥐속>(\"Murina\")은 [애기박쥐과]에 속한 [박쥐] 속이다. 37종으로 이루어져 있다."},{"globalSId":[2400523,2400524],"wikiPageId":604453,"questions":[{"e2St":12,"nlq":"<경남선>의 국가은(는) [대한민국]인가요?","ansArr":["T","T","T"],"e1St":0,"ans":"T","e2En":18,"rel":"country","e1En":5,"e1":"<경남선>","qid":0,"e2":"[대한민국]"},{"e2St":19,"nlq":"<경남선> (이)라는 경로가 시작되는 곳은(는) [경상남도]인가요?","ansArr":["T","T","T"],"e1St":0,"ans":"T","e2En":25,"rel":"routeStart","e1En":5,"e1":"<경남선>","qid":1,"e2":"[경상남도]"},{"e2St":46,"nlq":"<경남선> (이)라는 경로가 시작되는 곳은(는) [마산역]인가요?","ansArr":["T","T","T"],"e1St":0,"ans":"T","e2En":51,"rel":"routeStart","e1En":5,"e1":"<경남선>","qid":2,"e2":"[마산역]"},{"e2St":60,"nlq":"<경남선> (이)라는 경로가 끝나는 곳은(는) [진주시]인가요?","ansArr":["T","T","T"],"e1St":0,"ans":"T","e2En":65,"rel":"routeEnd","e1En":5,"e1":"<경남선>","qid":3,"e2":"[진주시]"},{"e2St":70,"nlq":"<경남선> (이)라는 경로가 끝나는 곳은(는) [진주역]인가요?","ansArr":["T","T","T"],"e1St":0,"ans":"T","e2En":75,"rel":"routeEnd","e1En":5,"e1":"<경남선>","qid":4,"e2":"[진주역]"},{"e2St":107,"nlq":"<경남선>을(를) 소유하고 있는 사람\/단체은(는) [1931년]인가요?","ansArr":["F","F","F"],"e1St":0,"ans":"F","e2En":114,"rel":"owner","e1En":5,"e1":"<경남선>","qid":5,"e2":"[1931년]"},{"e2St":158,"nlq":"<경남선> (이)라는 역을 운행하는 회사 또는 노선은(는) [경전선]인가요?","ansArr":["T","T","F"],"e1St":0,"ans":"T","e2En":163,"rel":"servingRailwayLine","e1En":5,"e1":"<경남선>","qid":6,"e2":"[경전선]"},{"e2St":53,"nlq":"[창원시]가 있거나 연결되어있는 지역은(는) [경상남도]인가요?","ansArr":["T","T","T"],"e1St":26,"ans":"T","e2En":59,"rel":"region","e1En":31,"e1":"[창원시]","qid":7,"e2":"[경상남도]"},{"e2St":53,"nlq":"[석전동]가 있거나 연결되어있는 지역은(는) [경상남도]인가요?","ansArr":["T","T","T"],"e1St":40,"ans":"T","e2En":59,"rel":"region","e1En":45,"e1":"[석전동]","qid":8,"e2":"[경상남도]"},{"e2St":53,"nlq":"[마산역]가 위치한 곳의 전체 도로명 주소은(는) [경상남도]인가요?","ansArr":["F","T","T"],"e1St":46,"ans":"T","e2En":59,"rel":"address","e1En":51,"e1":"[마산역]","qid":9,"e2":"[경상남도]"},{"e2St":158,"nlq":"[마산역] (이)라는 역을 운행하는 회사 또는 노선은(는) [경전선]인가요?","ansArr":["T","T","F"],"e1St":46,"ans":"T","e2En":163,"rel":"servingRailwayLine","e1En":51,"e1":"[마산역]","qid":10,"e2":"[경전선]"},{"e2St":158,"nlq":"[진주역] (이)라는 역을 운행하는 회사 또는 노선은(는) [경전선]인가요?","ansArr":["T","T","F"],"e1St":70,"ans":"T","e2En":163,"rel":"servingRailwayLine","e1En":75,"e1":"[진주역]","qid":11,"e2":"[경전선]"}],"pIdx":1,"text":"<경남선>(慶南線)은 [대한민국] [경상남도] [창원시] [마산회원구] [석전동] [마산역]과 [경상남도] [진주시] 강남동 [진주역]을 잇는 [철도_노선]이다. [1925년]에 개통된 이후 [1931년]까지 [남조선철도주식회사]가 운영했지만, [1968년]에 [광주역] - 진주간 [경전선] 노선이 완공됨에 따라 [경전선]에 통합되었다."}]}