{"paragraphs":[{"globalSId":[2155180,2155181,2155182,2155183,2155184],"wikiPageId":489160,"questions":[{"e2St":91,"nlq":"[피핀_3세]의 위치, 포지션 혹은 역할은(는) [네우스트리아]인가요?","ansArr":["F","F","F"],"e1St":11,"ans":"F","e2En":99,"rel":"position","e1En":18,"e1":"[피핀_3세]","qid":0,"e2":"[네우스트리아]"},{"e2St":168,"nlq":"[피핀_3세]의 후임자은(는) [카롤루스_대제]인가요?","ansArr":["F","T","F"],"e1St":11,"ans":"F","e2En":177,"rel":"successor","e1En":18,"e1":"[피핀_3세]","qid":1,"e2":"[카롤루스_대제]"},{"e2St":192,"nlq":"[피핀_3세] (이)라는 인물의 배우자 (동거인의 개념은 아님)은(는) [랑의_베르트라다]인가요?","ansArr":["T","T","T"],"e1St":11,"ans":"T","e2En":202,"rel":"spouse","e1En":18,"e1":"[피핀_3세]","qid":2,"e2":"[랑의_베르트라다]"},{"e2St":192,"nlq":"[카롤루스_대제]의 부모은(는) [랑의_베르트라다]인가요?","ansArr":["T","T","T"],"e1St":168,"ans":"T","e2En":202,"rel":"parent","e1En":177,"e1":"[카롤루스_대제]","qid":3,"e2":"[랑의_베르트라다]"}],"pIdx":2,"text":"[753년] 아버지 [피핀_3세]에 의해 [교황_스테파노_2세]로부터 축성을 받았고, [768년] [9월] [피핀_3세]가 사망하자, 왕국의 서부인 [부르군드]와 [네우스트리아], [아키텐], [알레만니아]를 상속받고 그해 [10월_9일] [수아송]에서 즉위하였다. <카를로만_(궁재)>은 자신의 형 [카롤루스_대제]와 서로 갈등했고, 어머니 [랑의_베르트라다]가 나서서 중재했지만 실패했다. [771년] [12월] [엔_주]의 [사모우시]에 있는 자신의 별궁에서 갑자기 사망하였다. 시신은 [랭스]의 [성_레미_수도원]에 안치되었다가 [13세기] 경 [생드니_수도원] 바실리카로 이장되었다. 그러나 [1793년] [프랑스_대혁명] 당시 혁명군이 그의 석관을 파괴하려 했을 때는 이미 빈 관이었다."},{"globalSId":[1048419,1048420],"wikiPageId":154272,"questions":[{"e2St":40,"nlq":"<거촌역> (이)라는 역을 운행하는 회사 또는 노선은(는) [영동선]인가요?","ansArr":["T","T","T"],"e1St":0,"ans":"T","e2En":45,"rel":"servingRailwayLine","e1En":5,"e1":"<거촌역>","qid":0,"e2":"[영동선]"}],"pIdx":1,"text":"<거촌역>(巨村驛)은 [경상북도] [봉화군] [봉성면] 외삼리에 위치한 [영동선]의 철도역이다. 역명은 인근의 [봉화읍] 거촌리에서 유래하였으나, [거촌리]에 위치하지는 않는다."},{"globalSId":[2487257,2487258,2487259,2487260,2487261,2487262],"wikiPageId":642075,"questions":[{"e2St":23,"nlq":"<그림스뵈튼_화산>가 위치한 행정 구역은(는) [아이슬란드]인가요?","ansArr":["T","T","T"],"e1St":0,"ans":"T","e2En":30,"rel":"locatedInArea","e1En":10,"e1":"<그림스뵈튼_화산>","qid":0,"e2":"[아이슬란드]"}],"pIdx":1,"text":"<그림스뵈튼_화산>(Gr?msv?tn)은 [아이슬란드]의 최대 [빙하] [바트나이외쿠틀]에 위치한 해발 1,725m의 [화산]이다. [2011년] [5월]에 [분화]하였다. 이 [화산]은 [화산]이지만 [빙저호]이고, 화산의 전형적인 형태는 보이지 않는다. 그러나 곳곳에 [증기]가 나오는 [바위]가 있어 [화산]임을 알 수 있다. 이 [화산]의 [분화]는 [2004년]에도 있었는데, 역시 [화산재]가 공중으로 치솟았다. 지금은 [분화]를 멈추었지만, 여전히 [증기]가 나오기 때문에 [활화산]이다."},{"globalSId":[3724341],"wikiPageId":1441339,"questions":[{"e2St":48,"nlq":"[뉴햄프셔_주] (이)라는 장소에서의 가장 큰 도시은(는) [맨체스터_(뉴햄프셔_주)]인가요?","ansArr":["F","T","T"],"e1St":39,"ans":"T","e2En":63,"rel":"largestCity","e1En":47,"e1":"[뉴햄프셔_주]","qid":0,"e2":"[맨체스터_(뉴햄프셔_주)]"}],"pIdx":1,"text":"[맨체스터_모나크스](Manchester Monarchs)는 [미국] [뉴햄프셔_주] [맨체스터_(뉴햄프셔_주)]를 연고지로 하는 [2001년]부터 [2015년]까지 [아메리칸_하키_리그] 소속되었던 아이스 하키팀이다."},{"globalSId":[84791,84792,84793],"wikiPageId":6092,"questions":[{"e2St":108,"nlq":"[한국과학기술원]의 국가은(는) <대한민국>인가요?","ansArr":["T","T","T"],"e1St":66,"ans":"T","e2En":114,"rel":"country","e1En":75,"e1":"[한국과학기술원]","qid":0,"e2":"<대한민국>"}],"pIdx":111,"text":"항공우주 산업. [2013년] [대전]에 소재한 [한국항공우주연구원], [대한항공] 기술원, [한화] [대전사업장], [한국과학기술원] 인공위성센터가 [나로호] 발사에 성공함에 따라 [대전]은 <대한민국>의 항공우주 산업을 선도하는 도시로 발전하고 있다. [2013년] [11월] <대한민국> 첫 적외선 우주관측 위성인 [과학기술위성_3호](STSAT-3)가 [대전] [KAIST] 인공위성연구센터 지상국과의 교신에 성공했다."},{"globalSId":[3409212],"wikiPageId":1166650,"questions":[{"e2St":11,"nlq":"<우제돔_섬>의 국가은(는) [독일]인가요?","ansArr":["T","T","T"],"e1St":0,"ans":"T","e2En":15,"rel":"country","e1En":7,"e1":"<우제돔_섬>","qid":0,"e2":"[독일]"},{"e2St":16,"nlq":"<우제돔_섬>의 행정구역은(는) [메클렌부르크포어포메른_주]인가요?","ansArr":["T","T","T"],"e1St":0,"ans":"T","e2En":31,"rel":"administrativeDistrict","e1En":7,"e1":"<우제돔_섬>","qid":1,"e2":"[메클렌부르크포어포메른_주]"},{"e2St":16,"nlq":"<우제돔_섬>가 있거나 연결되어있는 지역은(는) [메클렌부르크포어포메른_주]인가요?","ansArr":["T","T","T"],"e1St":0,"ans":"T","e2En":31,"rel":"region","e1En":7,"e1":"<우제돔_섬>","qid":2,"e2":"[메클렌부르크포어포메른_주]"}],"pIdx":1,"text":"<우제돔_섬>()은 [독일] [메클렌부르크포어포메른_주]의 도시로, [우제돔_섬]에 위치한다."}]}