{"paragraphs":[{"globalSId":[3479232],"wikiPageId":1236739,"questions":[{"e2St":34,"nlq":"[코지마_마코]의 국적은(는) [일본]인가요?","ansArr":["T","T","T"],"e1St":0,"ans":"T","e2En":38,"rel":"nationality","e1En":7,"e1":"[코지마_마코]","qid":0,"e2":"[일본]"},{"e2St":40,"nlq":"[코지마_마코] (이)라는 인물의 직업은(는) [아이돌]인가요?","ansArr":["T","T","T"],"e1St":0,"ans":"T","e2En":45,"rel":"occupation","e1En":7,"e1":"[코지마_마코]","qid":1,"e2":"[아이돌]"},{"e2St":77,"nlq":"[AKB48] (이)라는 아티스트와 관련있는 아티스트은(는) [텐토우무Chu!]인가요?","ansArr":["T","T","T"],"e1St":61,"ans":"T","e2En":87,"rel":"associatedAct","e1En":68,"e1":"[AKB48]","qid":2,"e2":"[텐토우무Chu!]"}],"pIdx":1,"text":"[코지마_마코](, [1997년] [5월_30일] ~ )는, [일본]의 [아이돌]이며, [여성] 아이돌 그룹 [AKB48] 팀4 멤버 와 [텐토우무Chu!]의 최연장자이다."},{"globalSId":[2846240,2846241,2846242,2846243],"wikiPageId":816885,"questions":[{"e2St":30,"nlq":"<폴란드계_미국인>와 관련있는 것은(는) [폴란드인]인가요?","ansArr":["F","T","T"],"e1St":0,"ans":"T","e2En":36,"rel":"related","e1En":10,"e1":"<폴란드계_미국인>","qid":0,"e2":"[폴란드인]"},{"e2St":172,"nlq":"[카지미에시_푸와스키] (이)라는 인물이나 주제가 참여한 전투, 전쟁, 교전은(는) [미국_독립_전쟁]인가요?","ansArr":["T","T","T"],"e1St":136,"ans":"T","e2En":182,"rel":"battle","e1En":148,"e1":"[카지미에시_푸와스키]","qid":1,"e2":"[미국_독립_전쟁]"},{"e2St":172,"nlq":"[타데우시_코시치우슈코] (이)라는 인물이나 주제가 참여한 전투, 전쟁, 교전은(는) [미국_독립_전쟁]인가요?","ansArr":["T","T","T"],"e1St":150,"ans":"T","e2En":182,"rel":"battle","e1En":163,"e1":"[타데우시_코시치우슈코]","qid":2,"e2":"[미국_독립_전쟁]"}],"pIdx":1,"text":"<폴란드계_미국인>(Polish Americans)은 [폴란드인] 계통의 [미국인]을 말한다. 대략 천만명의 <폴란드계_미국인>이 살고 있으며, [미국] 인구에서 약 3.2%를 차지한다. 그들의 정착은 [미국]의 [식민지] 시절부터 시작되었고 [카지미에시_푸와스키]와 [타데우시_코시치우슈코] 같은 인물들은 [미국_독립_전쟁]에 공을 세웠다. [1795년]과 [1917년] 사이에 <폴란드>가 [러시아], [오스트리아], [프로이센]에 의하여 분할되는 시기부터 자신들의 주권을 얻을 때까지 수많은 [폴란드] 이민들이 [미국]으로 들어왔다."},{"globalSId":[2700612],"wikiPageId":743966,"questions":[{"e2St":29,"nlq":"[나나세_다시_한_번] (이)라는 작품의 다음 작품은(는) [오이디푸스의_연인]인가요?","ansArr":["T","F","F"],"e1St":13,"ans":"F","e2En":40,"rel":"subsequentWork","e1En":25,"e1":"[나나세_다시_한_번]","qid":0,"e2":"[오이디푸스의_연인]"}],"pIdx":4,"text":"후에 속편으로 집필된 《[나나세_다시_한_번]》, 《[오이디푸스의_연인]》과 함께 〈나나세 시리즈〉, 〈나나세 3부작〉의 하나이다."},{"globalSId":[3884828,3884829,3884830],"wikiPageId":1657105,"questions":[{"e2St":50,"nlq":"[브뤼셀]에 속한 일부 장소은(는) [익셀]인가요?","ansArr":["T","T","T"],"e1St":43,"ans":"T","e2En":54,"rel":"part","e1En":48,"e1":"[브뤼셀]","qid":0,"e2":"[익셀]"},{"e2St":170,"nlq":"[브뤼셀]의 국가은(는) <벨기에>인가요?","ansArr":["T","T","T"],"e1St":43,"ans":"T","e2En":175,"rel":"country","e1En":48,"e1":"[브뤼셀]","qid":1,"e2":"<벨기에>"},{"e2St":170,"nlq":"[익셀]의 국가은(는) <벨기에>인가요?","ansArr":["T","T","T"],"e1St":50,"ans":"T","e2En":175,"rel":"country","e1En":54,"e1":"[익셀]","qid":2,"e2":"<벨기에>"}],"pIdx":2,"text":"생애. [훌리오_코르타사르]는 [1914년] [8월] [26일], [벨기에] [브뤼셀]의 [익셀]에서 태어났다. 전기작가 [Miguel_Herr?ez]에 따르면 그의 부모 [Julio_Jos?_Cort?zar]와 [Mar?a_Herminia_Descotte]는 <아르헨티나>의 시민이었으며 그의 아버지는 <벨기에>에서 <아르헨티나>의 외교부에서 복무했다."},{"globalSId":[844965,844966,844967,844968],"wikiPageId":115081,"questions":[{"e2St":202,"nlq":"<김대의> (이)라는 운동선수의 소속 팀은(는) [홈_유나이티드_FC]인가요?","ansArr":["T","T","T"],"e1St":91,"ans":"T","e2En":214,"rel":"club","e1En":96,"e1":"<김대의>","qid":0,"e2":"[홈_유나이티드_FC]"},{"e2St":202,"nlq":"<김대의>가 현재나 과거에 활동했던 스포츠 팀은(는) [홈_유나이티드_FC]인가요?","ansArr":["T","T","T"],"e1St":91,"ans":"T","e2En":214,"rel":"team","e1En":96,"e1":"<김대의>","qid":1,"e2":"[홈_유나이티드_FC]"},{"e2St":202,"nlq":"<김대의> (이)라는 운동선수가 관리, 감독하는 스포츠 팀은(는) [홈_유나이티드_FC]인가요?","ansArr":["T","F","F"],"e1St":91,"ans":"F","e2En":214,"rel":"managerClub","e1En":96,"e1":"<김대의>","qid":2,"e2":"[홈_유나이티드_FC]"},{"e2St":202,"nlq":"[이임생] (이)라는 운동선수가 관리, 감독하는 스포츠 팀은(는) [홈_유나이티드_FC]인가요?","ansArr":["T","T","T"],"e1St":180,"ans":"T","e2En":214,"rel":"managerClub","e1En":185,"e1":"[이임생]","qid":3,"e2":"[홈_유나이티드_FC]"}],"pIdx":8,"text":"[2010년]부터 플레잉 코치가 되어 지도자 과정을 준비하기 시작하였다. [차범근] 감독이 성적 부진으로 사퇴하고 팀에 새롭게 들어온 [윤성효] 감독 체제 하에서 <김대의> 선수의 자리는 점점 없어졌다. 이 때문에 팀과의 계약이 끝나는 [2010년]을 끝으로 [수원]에서의 선수 생활을 마감했다. 그리고 [2011년]부터 [이임생] 감독이 이끄는 [싱가포르]의 [홈_유나이티드_FC]에서 선수 생활을 이어가다가 은퇴하였다."}]}