{"paragraphs":[{"globalSId":[2583390],"wikiPageId":687908,"questions":[{"e2St":56,"nlq":"[오리건_동굴_국립천연기념물]가 위치한 장소 (주, 도, 현)은(는) [오리건_주]인가요?","ansArr":["T","T","T"],"e1St":0,"ans":"T","e2En":63,"rel":"state","e1En":15,"e1":"[오리건_동굴_국립천연기념물]","qid":0,"e2":"[오리건_주]"}],"pIdx":1,"text":"[오리건_동굴_국립천연기념물](Oregon Caves National Monument)는 [미국], [오리건_주]에 있는 [동굴]이다."},{"globalSId":[3893138,3893139],"wikiPageId":1663279,"questions":[{"e2St":47,"nlq":"[애기박쥐과]의 생물종은(는) [박쥐]인가요?","ansArr":["T","T","T"],"e1St":34,"ans":"T","e2En":51,"rel":"order","e1En":41,"e1":"[애기박쥐과]","qid":0,"e2":"[박쥐]"}],"pIdx":1,"text":"[작은알락박쥐](\"Chalinolobus picatus\")는 [애기박쥐과]에 속하는 [박쥐]의 일종이다. [오스트레일리아] 동부 지역의 준건조 산림 지역에서만 발견된다."},{"globalSId":[2733608,2733609],"wikiPageId":756127,"questions":[{"e2St":181,"nlq":"<무순류>의 생물종 혹은 자회사은(는) [연체동물]인가요?","ansArr":["T","T","T"],"e1St":0,"ans":"T","e2En":187,"rel":"division","e1En":5,"e1":"<무순류>","qid":0,"e2":"[연체동물]"},{"e2St":181,"nlq":"<무순류>의 생물종은(는) [연체동물]인가요?","ansArr":["T","T","T"],"e1St":0,"ans":"T","e2En":187,"rel":"phylum","e1En":5,"e1":"<무순류>","qid":1,"e2":"[연체동물]"},{"e2St":181,"nlq":"[후새류]의 생물종 혹은 자회사은(는) [연체동물]인가요?","ansArr":["T","T","T"],"e1St":122,"ans":"T","e2En":187,"rel":"division","e1En":127,"e1":"[후새류]","qid":2,"e2":"[연체동물]"},{"e2St":181,"nlq":"[후새류]의 생물종은(는) [연체동물]인가요?","ansArr":["T","T","T"],"e1St":122,"ans":"T","e2En":187,"rel":"phylum","e1En":127,"e1":"[후새류]","qid":3,"e2":"[연체동물]"},{"e2St":181,"nlq":"[복족류]의 생물종 혹은 자회사은(는) [연체동물]인가요?","ansArr":["T","T","T"],"e1St":131,"ans":"T","e2En":187,"rel":"division","e1En":136,"e1":"[복족류]","qid":4,"e2":"[연체동물]"},{"e2St":181,"nlq":"[복족류]의 생물종은(는) [연체동물]인가요?","ansArr":["T","T","T"],"e1St":131,"ans":"T","e2En":187,"rel":"phylum","e1En":136,"e1":"[복족류]","qid":5,"e2":"[연체동물]"}],"pIdx":1,"text":"<무순류>(無楯類, Aplysiomorpha)는 \"[바다_토끼]\"라고 불리는 군소류([군소속](\"Aplysia\") 종 및 관련 속)로 알려진, 단백질로 만들어진 부드러운 내부 조가비를 갖고 있는 중간 크기부터 아주 큰 [후새류]까지의 [복족류]를 일컫는 용어이다. [군소상과]와 [아케라상과]로 이루어진 [해양] [복족류] [연체동물]이다."},{"globalSId":[3427919],"wikiPageId":1186184,"questions":[{"e2St":21,"nlq":"<필립스뷔르흐>를 포함하는 것은(는) [세인트마틴_섬]인가요?","ansArr":["T","T","T"],"e1St":0,"ans":"T","e2En":30,"rel":"isPartOf","e1En":8,"e1":"<필립스뷔르흐>","qid":0,"e2":"[세인트마틴_섬]"},{"e2St":43,"nlq":"<필립스뷔르흐>를 포함하는 것은(는) [신트마르턴]인가요?","ansArr":["T","T","T"],"e1St":0,"ans":"T","e2En":50,"rel":"isPartOf","e1En":8,"e1":"<필립스뷔르흐>","qid":1,"e2":"[신트마르턴]"}],"pIdx":1,"text":"<필립스뷔르흐>()는 [카리브_해]의 [세인트마틴_섬]에 있는 [네덜란드]령 [신트마르턴]의 수도이다."},{"globalSId":[3765198,3765199,3765200,3765201],"wikiPageId":1482281,"questions":[{"e2St":12,"nlq":"[제44전투단] (이)라는 인물이나 주제가 참여한 전투, 전쟁, 교전은(는) [제2차_세계_대전]인가요?","ansArr":["T","T","T"],"e1St":0,"ans":"T","e2En":23,"rel":"battle","e1En":7,"e1":"[제44전투단]","qid":0,"e2":"[제2차_세계_대전]"}],"pIdx":1,"text":"[제44전투단]()은 [제2차_세계_대전] 마지막 몇 개월 동안 활동했던 [루프트바페] 최정예 전투비행단이다. 전쟁을 거치면서 100기 이상의 격추수를 쌓은 에이스 파일럿들만을 모아 만든 본토 방위부대로, 공군 중장 [아돌프_갈란트]가 단장이었다. 결국 세계 공군 역사상 그때까지도 존재하지 않았고, 앞으로도 존재하지 않을 전설적인 슈퍼 에이스 부대가 탄생하게 된다. 이것이 바로 [JV-44]였다."}]}