{"paragraphs":[{"globalSId":[3854742,3854743],"wikiPageId":1631075,"questions":[{"e2St":40,"nlq":"[금장요집경_권1~2]을(를) 소유하고 있는 사람\/단체은(는) [범어사]인가요?","ansArr":["T","T","T"],"e1St":0,"ans":"T","e2En":45,"rel":"owner","e1En":11,"e1":"[금장요집경_권1~2]","qid":0,"e2":"[범어사]"}],"pIdx":1,"text":"[금장요집경_권1~2](金藏要集經 卷一~二)은 [부산광역시] [금정구] [범어사]에 있는 고려시대의 목판본 불경이다. [2007년] [9월_18일] [대한민국의_보물] 제1525호로 지정되었다."},{"globalSId":[3200821,3200822],"wikiPageId":1015138,"questions":[{"e2St":25,"nlq":"[풀라_유라이_도브리라_대학교]의 국가은(는) [크로아티아]인가요?","ansArr":["T","T","T"],"e1St":0,"ans":"T","e2En":32,"rel":"country","e1En":16,"e1":"[풀라_유라이_도브리라_대학교]","qid":0,"e2":"[크로아티아]"},{"e2St":34,"nlq":"[풀라_유라이_도브리라_대학교]가 위치한 곳의 전체 도로명 주소은(는) [풀라_(크로아티아)]인가요?","ansArr":["T","T","T"],"e1St":0,"ans":"T","e2En":46,"rel":"address","e1En":16,"e1":"[풀라_유라이_도브리라_대학교]","qid":1,"e2":"[풀라_(크로아티아)]"},{"e2St":34,"nlq":"[풀라_유라이_도브리라_대학교]가 위치한 행정 구역은(는) [풀라_(크로아티아)]인가요?","ansArr":["T","T","T"],"e1St":0,"ans":"T","e2En":46,"rel":"city","e1En":16,"e1":"[풀라_유라이_도브리라_대학교]","qid":2,"e2":"[풀라_(크로아티아)]"}],"pIdx":1,"text":"[풀라_유라이_도브리라_대학교] (, ) 는 [크로아티아]의 [풀라_(크로아티아)]에 위치한 공립 [대학교]이다. [2006년] 설립되었다."},{"globalSId":[2624857,2624858,2624859,2624860,2624861],"wikiPageId":708986,"questions":[{"e2St":124,"nlq":"[존_하비_켈로그] (이)라는 사람, 단체 또는 종교적 건물과 연관된 종교은(는) [제칠일안식일예수재림교회]인가요?","ansArr":["T","T","T"],"e1St":96,"ans":"T","e2En":138,"rel":"religion","e1En":106,"e1":"[존_하비_켈로그]","qid":0,"e2":"[제칠일안식일예수재림교회]"}],"pIdx":7,"text":"<켈로그_(기업)>의 설립과 콘플레이크의 탄생. 시리얼 초기 역사에는 [제칠일안식일예수재림교회]의 영향이 컸으며, 이 곳을 통하여 시리얼 상품 개발에 큰 영향을 준 인물로 [존_하비_켈로그]가 있다. <켈로그_(기업)>는 [제칠일안식일예수재림교회]의 창립자 [앨런_G._화이트]가 설립한 [배틀크리크] <요양소>에 고용되었는데, <켈로그_(기업)>는 요양소에서 채식 요법을 보완하기 위해 곡물을 가지고 여러가지 실험을 하였다. [1891년] 그는 특허를 취득하였고, [1895년]에 곡물을 이용한 플레이크를 만들어냈으며, 그의 동생 [윌_키스] <켈로그_(기업)>(Will Keith Kellogg)와 [1906년] [켈로그]사를 설립하게 된다."},{"globalSId":[396845,396846,396847],"wikiPageId":41947,"questions":[{"e2St":95,"nlq":"[자유당_(대한민국)]의 지도자은(는) [이승만]인가요?","ansArr":["F","F","T"],"e1St":46,"ans":"F","e2En":100,"rel":"leader","e1En":58,"e1":"[자유당_(대한민국)]","qid":0,"e2":"[이승만]"},{"e2St":95,"nlq":"<자유당_(대한민국)>의 지도자은(는) [이승만]인가요?","ansArr":["F","F","T"],"e1St":81,"ans":"F","e2En":100,"rel":"leader","e1En":93,"e1":"<자유당_(대한민국)>","qid":1,"e2":"[이승만]"}],"pIdx":67,"text":"[4.19_혁명]으로 [자유당] 정권이 붕괴되자 일부 야당 인사들은 자신의 공로로 [자유당_(대한민국)] 독재가 붕괴되었다고 자랑하였고, 일부는 <자유당_(대한민국)>과 [이승만]을 조롱하였으나 그는 자랑이나 [자유당] 비난을 삼가하였다. [1960년] [7월] [민의원]에서 열린 대통령 선거에서 대통령 후보자로 지명되었으나 1표를 얻었다. [1960년]에는 다시 [민주당_(1955년)] 신파가 [노장파]와 [소장파]로 나뉘자 그는 [민주당_(1955년)] [신파]의 [소장파]의 [리더]로 활약했다."},{"globalSId":[3212935,3212936],"wikiPageId":1023228,"questions":[{"e2St":88,"nlq":"[김신명숙] (이)라는 인물이 교육받은 곳은(는) [서울대학교]인가요?","ansArr":["T","T","T"],"e1St":80,"ans":"T","e2En":95,"rel":"education","e1En":86,"e1":"[김신명숙]","qid":0,"e2":"[서울대학교]"},{"e2St":138,"nlq":"[김신명숙]의 국적은(는) <대한민국>인가요?","ansArr":["T","T","T"],"e1St":80,"ans":"T","e2En":144,"rel":"nationality","e1En":86,"e1":"[김신명숙]","qid":1,"e2":"<대한민국>"},{"e2St":138,"nlq":"[서울대학교]의 국가은(는) <대한민국>인가요?","ansArr":["T","T","T"],"e1St":88,"ans":"T","e2En":144,"rel":"country","e1En":95,"e1":"[서울대학교]","qid":2,"e2":"<대한민국>"}],"pIdx":4,"text":"[대한민국] 학자들은 '[제주_여성_신화]'의 원형을 발굴하는 작업 등을 통하여 <대한민국> <여신학>의 흐름을 새롭게 만들어 갔다. 여성학자 [김신명숙]은 [서울대학교] 여성학 협동과정에서 처음 배출한 박사학위 취득자 3명 가운데 한 명으로서, <대한민국> 내에서는 처음으로 '<여신학>'으로 박사학위('서구 여신담론과 관음여신의 대안 가능성')를 받았고, <여신학>을 여성운동 현장에 새롭게 접목하고자 하였다."},{"globalSId":[2786378,2786379,2786380,2786381,2786382,2786383,2786384],"wikiPageId":783986,"questions":[{"e2St":23,"nlq":"<고양체육관>을(를) 소유하고 있는 사람\/단체은(는) [경기도]인가요?","ansArr":["T","T","T"],"e1St":0,"ans":"T","e2En":28,"rel":"owner","e1En":7,"e1":"<고양체육관>","qid":0,"e2":"[경기도]"},{"e2St":23,"nlq":"<고양체육관>가 위치한 지역은(는) [경기도]인가요?","ansArr":["T","T","T"],"e1St":0,"ans":"T","e2En":28,"rel":"location","e1En":7,"e1":"<고양체육관>","qid":1,"e2":"[경기도]"},{"e2St":29,"nlq":"<고양체육관>을(를) 소유하고 있는 사람\/단체은(는) [고양시]인가요?","ansArr":["T","T","T"],"e1St":0,"ans":"T","e2En":34,"rel":"owner","e1En":7,"e1":"<고양체육관>","qid":2,"e2":"[고양시]"},{"e2St":29,"nlq":"<고양체육관> (이)라는 인공 구조물, 공공 운송 시스템, 강제 수용소 등을 운영하는 기관, 도시 등은(는) [고양시]인가요?","ansArr":["T","T","T"],"e1St":0,"ans":"T","e2En":34,"rel":"operator","e1En":7,"e1":"<고양체육관>","qid":3,"e2":"[고양시]"},{"e2St":178,"nlq":"<고양체육관>의 세입자나 임차인은(는) [고양_오리온_오리온스]인가요?","ansArr":["T","T","T"],"e1St":0,"ans":"T","e2En":191,"rel":"tenant","e1En":7,"e1":"<고양체육관>","qid":4,"e2":"[고양_오리온_오리온스]"},{"e2St":435,"nlq":"<고양체육관>의 세입자나 임차인은(는) [2014년_아시안_게임]인가요?","ansArr":["T","T","F"],"e1St":0,"ans":"T","e2En":449,"rel":"tenant","e1En":7,"e1":"<고양체육관>","qid":5,"e2":"[2014년_아시안_게임]"},{"e2St":203,"nlq":"[고양시]가 있거나 연결되어있는 지역은(는) [경기도]인가요?","ansArr":["T","T","T"],"e1St":29,"ans":"T","e2En":208,"rel":"region","e1En":34,"e1":"[고양시]","qid":6,"e2":"[경기도]"},{"e2St":203,"nlq":"[일산서구]를 포함하는 것은(는) [경기도]인가요?","ansArr":["T","T","T"],"e1St":35,"ans":"T","e2En":208,"rel":"isPartOf","e1En":41,"e1":"[일산서구]","qid":7,"e2":"[경기도]"},{"e2St":209,"nlq":"[일산서구]를 포함하는 것은(는) [고양시]인가요?","ansArr":["T","T","T"],"e1St":35,"ans":"T","e2En":214,"rel":"isPartOf","e1En":41,"e1":"[일산서구]","qid":8,"e2":"[고양시]"},{"e2St":203,"nlq":"[대화동_(고양시)]가 있거나 연결되어있는 지역은(는) [경기도]인가요?","ansArr":["T","T","T"],"e1St":42,"ans":"T","e2En":208,"rel":"region","e1En":53,"e1":"[대화동_(고양시)]","qid":9,"e2":"[경기도]"},{"e2St":203,"nlq":"[고양종합운동장]을(를) 소유하고 있는 사람\/단체은(는) [경기도]인가요?","ansArr":["T","T","T"],"e1St":54,"ans":"T","e2En":208,"rel":"owner","e1En":63,"e1":"[고양종합운동장]","qid":10,"e2":"[경기도]"},{"e2St":203,"nlq":"[고양종합운동장]가 위치한 지역은(는) [경기도]인가요?","ansArr":["T","T","T"],"e1St":54,"ans":"T","e2En":208,"rel":"location","e1En":63,"e1":"[고양종합운동장]","qid":11,"e2":"[경기도]"},{"e2St":209,"nlq":"[고양종합운동장]을(를) 소유하고 있는 사람\/단체은(는) [고양시]인가요?","ansArr":["T","T","T"],"e1St":54,"ans":"T","e2En":214,"rel":"owner","e1En":63,"e1":"[고양종합운동장]","qid":12,"e2":"[고양시]"},{"e2St":209,"nlq":"[고양종합운동장]가 위치한 지역은(는) [고양시]인가요?","ansArr":["T","T","T"],"e1St":54,"ans":"T","e2En":214,"rel":"location","e1En":63,"e1":"[고양종합운동장]","qid":13,"e2":"[고양시]"},{"e2St":209,"nlq":"[고양종합운동장] (이)라는 인공 구조물, 공공 운송 시스템, 강제 수용소 등을 운영하는 기관, 도시 등은(는) [고양시]인가요?","ansArr":["T","T","T"],"e1St":54,"ans":"T","e2En":214,"rel":"operator","e1En":63,"e1":"[고양종합운동장]","qid":14,"e2":"[고양시]"},{"e2St":209,"nlq":"[고양_오리온_오리온스]가 위치한 지역은(는) [고양시]인가요?","ansArr":["T","T","T"],"e1St":178,"ans":"T","e2En":214,"rel":"location","e1En":191,"e1":"[고양_오리온_오리온스]","qid":15,"e2":"[고양시]"}],"pIdx":1,"text":"<고양체육관>(高陽體育館)은 [대한민국] [경기도] [고양시] [일산서구] [대화동_(고양시)] [고양종합운동장]에 위치한 다목적 실내경기장이다. [2011년] [7월]에 개관하였으며, 실내수영장은 다이빙장과 메인풀, 보조풀 등이 있고, 실내체육관은 [농구], [체조] 등의 경기를 개최할 수 있다. [2011년]부터 [고양_오리온_오리온스]가 [대구광역시]에서 [경기도] [고양시]로 연고지를 이전하여 홈 <경기장>으로 사용하고 있다. [2011년] [전국체육대회] 기간에 [수영], 체조 경기가 개최되었던 곳이기도 하다. [2012년] [11월_28일]부터 [12월_6일]까지 [2012_프로-아마농구_최강전]을 개최했다. [싸이]의 [노래] 《[GENTLEMAN]》 뮤직비디오와 [문화방송]에서 방송하였던 《[스타_다이빙_쇼_스플래시]》의 촬영지였다. [인천]에서 개최된 [2014년_아시안_게임]의 [펜싱] <경기장>으로 사용되기도 했다."}]}