{"paragraphs":[{"globalSId":[840693,840694,840695,840696,840697],"wikiPageId":114159,"questions":[{"e2St":156,"nlq":"[존_하워드]가 태어난 장소은(는) <오스트레일리아>인가요?","ansArr":["F","T","F"],"e1St":105,"ans":"F","e2En":165,"rel":"birthPlace","e1En":112,"e1":"[존_하워드]","qid":0,"e2":"<오스트레일리아>"},{"e2St":251,"nlq":"[존_하워드]의 후임자은(는) [폴_키팅]인가요?","ansArr":["T","T","T"],"e1St":105,"ans":"T","e2En":257,"rel":"successor","e1En":112,"e1":"[존_하워드]","qid":1,"e2":"[폴_키팅]"},{"e2St":251,"nlq":"[존_하워드]의 전임자은(는) [폴_키팅]인가요?","ansArr":["F","F","F"],"e1St":105,"ans":"F","e2En":257,"rel":"predecessor","e1En":112,"e1":"[존_하워드]","qid":2,"e2":"[폴_키팅]"},{"e2St":359,"nlq":"[빌_클린턴]의 후임자은(는) [토니_블레어]인가요?","ansArr":["F","F","F"],"e1St":350,"ans":"F","e2En":367,"rel":"successor","e1En":357,"e1":"[빌_클린턴]","qid":3,"e2":"[토니_블레어]"},{"e2St":400,"nlq":"[데이비드_롱이] (이)라는 정치인 또는 당원이 소속되어 있는 당은(는) [뉴질랜드_노동당]인가요?","ansArr":["T","T","T"],"e1St":390,"ans":"T","e2En":410,"rel":"party","e1En":399,"e1":"[데이비드_롱이]","qid":4,"e2":"[뉴질랜드_노동당]"}],"pIdx":5,"text":"총리 재임 업적. [1983년] [3월], [제2차_세계대전] 이후 오랜 기간 동안 지속되온 [오스트레일리아_보수연립]정권을 끝내고 취임하였다. '[오일_쇼크]', 초고금리([1982년] [존_하워드] 재무장관 재임당시 사상 최고의 22%)와 더불어 개혁의 지체로 침체되어 있던 <오스트레일리아>에 그의 행정부 출범과 함께 새로운 개혁정책들이 등장했다. [노동당]의 전통적 정책기조와 아울러 주변의 예상을 깨고, 재무장관(이자 그의 총리직 후임자) [폴_키팅]의 주도로 대규모 부실[은행]들을 민간에 팔았고, 전격적 [세금]제 개편을 이끌어내는 등 [경제]정책에서 [신자유주의]적인 요소들을 흡수한, 강력한 개혁정책을 폈다. [빌_클린턴]과 [토니_블레어]보다 앞섰으며, 이는 이웃 [뉴질랜드]의 [데이비드_롱이] [뉴질랜드_노동당] 행정부에도 큰 영향을 미쳤다."},{"globalSId":[3622397,3622398],"wikiPageId":1350665,"questions":[{"e2St":11,"nlq":"[메종알포르]의 국가은(는) [프랑스]인가요?","ansArr":["T","T","T"],"e1St":0,"ans":"T","e2En":16,"rel":"country","e1En":6,"e1":"[메종알포르]","qid":0,"e2":"[프랑스]"},{"e2St":97,"nlq":"[프랑스] (이)라는 지방 정부나 중앙 정부가 위치한 도시\/자치도시은(는) [파리_(프랑스)]인가요?","ansArr":["T","T","T"],"e1St":11,"ans":"T","e2En":107,"rel":"capital","e1En":16,"e1":"[프랑스]","qid":1,"e2":"[파리_(프랑스)]"}],"pIdx":1,"text":"[메종알포르]()는 [프랑스] [일드프랑스] [발드마른_주]에 위치한 도시로 면적은 5.38㎢, 인구는 53,607명(2006년 기준), 인구 밀도는 10,000명\/㎢이다. [파리_(프랑스)]에서 8.4km 정도 떨어진 곳에 위치한다."},{"globalSId":[2319993,2319994,2319995,2319996],"wikiPageId":566225,"questions":[{"e2St":161,"nlq":"[미국]의 지도자은(는) [버락_오바마]인가요?","ansArr":["F","T","T"],"e1St":10,"ans":"T","e2En":169,"rel":"leader","e1En":13,"e1":"[미국]","qid":0,"e2":"[버락_오바마]"},{"e2St":144,"nlq":"[로버트_게이츠]가 태어난 장소은(는) [미국]인가요?","ansArr":["F","T","F"],"e1St":24,"ans":"F","e2En":148,"rel":"birthPlace","e1En":33,"e1":"[로버트_게이츠]","qid":1,"e2":"[미국]"},{"e2St":144,"nlq":"[로버트_게이츠]의 국가은(는) [미국]인가요?","ansArr":["F","T","F"],"e1St":24,"ans":"F","e2En":148,"rel":"country","e1En":33,"e1":"[로버트_게이츠]","qid":2,"e2":"[미국]"},{"e2St":144,"nlq":"[로버트_게이츠]의 국적은(는) [미국]인가요?","ansArr":["F","T","F"],"e1St":24,"ans":"F","e2En":148,"rel":"nationality","e1En":33,"e1":"[로버트_게이츠]","qid":3,"e2":"[미국]"},{"e2St":161,"nlq":"[로버트_게이츠] (이)라는 기관 혹은 나라의 지도자은(는) [버락_오바마]인가요?","ansArr":["F","T","T"],"e1St":24,"ans":"T","e2En":169,"rel":"president","e1En":33,"e1":"[로버트_게이츠]","qid":4,"e2":"[버락_오바마]"}],"pIdx":41,"text":"보복 공격 계획. [미국] 국방장관을 지낸 [로버트_게이츠]는 [2014년] [1월] [14일] 출간한 회고록 <임무(DUTY)>에서, 포격 당시 <대한민국_정부>는 공중 공격과 포격이 포함된 과도하게 공격적인 수준의 보복 공격을 계획하였다고 밝혔다. 이에 [미국] 정부는 확전을 우려해 [버락_오바마] 대통령과 [힐러리_클린턴] 국무장관, [마이크_멀린] 합참의장과 자신까지 며칠에 걸쳐 [이명박] 대통령을 설득했다고 밝혔다. 이후 <대한민국_정부>는 한·미가 핵항모 [조지_워싱턴호]가 참가하는 서해 연합훈련 실시하는 것을 조건으로 보복계획이 철회됐음을 시사했다."}]}