{"paragraphs":[{"globalSId":[2552002],"wikiPageId":674863,"questions":[{"e2St":42,"nlq":"<요크_대학교_(캐나다)>의 국가은(는) [캐나다]인가요?","ansArr":["T","T","T"],"e1St":0,"ans":"T","e2En":47,"rel":"country","e1En":14,"e1":"<요크_대학교_(캐나다)>","qid":0,"e2":"[캐나다]"},{"e2St":48,"nlq":"<요크_대학교_(캐나다)>가 위치한 곳의 전체 도로명 주소은(는) [온타리오_주]인가요?","ansArr":["T","T","T"],"e1St":0,"ans":"T","e2En":56,"rel":"address","e1En":14,"e1":"<요크_대학교_(캐나다)>","qid":1,"e2":"[온타리오_주]"},{"e2St":48,"nlq":"<요크_대학교_(캐나다)>가 위치한 장소 (주, 도, 현)은(는) [온타리오_주]인가요?","ansArr":["T","T","T"],"e1St":0,"ans":"T","e2En":56,"rel":"state","e1En":14,"e1":"<요크_대학교_(캐나다)>","qid":2,"e2":"[온타리오_주]"},{"e2St":57,"nlq":"<요크_대학교_(캐나다)>가 위치한 곳의 전체 도로명 주소은(는) [토론토]인가요?","ansArr":["F","T","T"],"e1St":0,"ans":"T","e2En":62,"rel":"address","e1En":14,"e1":"<요크_대학교_(캐나다)>","qid":3,"e2":"[토론토]"},{"e2St":57,"nlq":"<요크_대학교_(캐나다)>가 위치한 행정 구역은(는) [토론토]인가요?","ansArr":["T","T","T"],"e1St":0,"ans":"T","e2En":62,"rel":"city","e1En":14,"e1":"<요크_대학교_(캐나다)>","qid":4,"e2":"[토론토]"},{"e2St":86,"nlq":"<요크_대학교_(캐나다)>의 국가은(는) <캐나다>인가요?","ansArr":["T","T","T"],"e1St":0,"ans":"T","e2En":91,"rel":"country","e1En":14,"e1":"<요크_대학교_(캐나다)>","qid":5,"e2":"<캐나다>"},{"e2St":57,"nlq":"[캐나다] (이)라는 장소에서의 가장 큰 도시은(는) [토론토]인가요?","ansArr":["T","F","T"],"e1St":42,"ans":"T","e2En":62,"rel":"largestCity","e1En":47,"e1":"[캐나다]","qid":6,"e2":"[토론토]"},{"e2St":57,"nlq":"[온타리오_주] (이)라는 지방 정부나 중앙 정부가 위치한 도시\/자치도시은(는) [토론토]인가요?","ansArr":["T","F","T"],"e1St":48,"ans":"T","e2En":62,"rel":"capital","e1En":56,"e1":"[온타리오_주]","qid":7,"e2":"[토론토]"},{"e2St":86,"nlq":"[토론토]의 국가은(는) <캐나다>인가요?","ansArr":["T","T","T"],"e1St":57,"ans":"T","e2En":91,"rel":"country","e1En":62,"e1":"[토론토]","qid":8,"e2":"<캐나다>"}],"pIdx":1,"text":"<요크_대학교_(캐나다)>(York University 또는 YorkU)는 [캐나다] [온타리오_주] [토론토]에 위치한 유명한 연구 중심 공립대학교이며 <캐나다>에서 3번째로 큰 규모를 자랑한다."},{"globalSId":[1897035,1897036],"wikiPageId":382887,"questions":[{"e2St":52,"nlq":"[위연역] (이)라는 역을 운행하는 회사 또는 노선은(는) [백두산청년선]인가요?","ansArr":["T","T","T"],"e1St":0,"ans":"T","e2En":60,"rel":"servingRailwayLine","e1En":4,"e1":"[위연역]","qid":0,"e2":"[백두산청년선]"},{"e2St":62,"nlq":"[위연역] (이)라는 역을 운행하는 회사 또는 노선은(는) [삼지연선]인가요?","ansArr":["F","T","T"],"e1St":0,"ans":"T","e2En":68,"rel":"servingRailwayLine","e1En":4,"e1":"[위연역]","qid":1,"e2":"[삼지연선]"},{"e2St":126,"nlq":"[위연역] (이)라는 역을 운행하는 회사 또는 노선은(는) <백두산청년선>인가요?","ansArr":["F","T","F"],"e1St":0,"ans":"F","e2En":134,"rel":"servingRailwayLine","e1En":4,"e1":"[위연역]","qid":2,"e2":"<백두산청년선>"},{"e2St":79,"nlq":"[삼지연선] (이)라는 경로가 시작되는 곳은(는) [위연역]인가요?","ansArr":["T","T","T"],"e1St":62,"ans":"T","e2En":83,"rel":"routeStart","e1En":68,"e1":"[삼지연선]","qid":3,"e2":"[위연역]"},{"e2St":99,"nlq":"[삼지연선] (이)라는 경로가 끝나는 곳은(는) [못가역]인가요?","ansArr":["T","T","T"],"e1St":62,"ans":"T","e2En":104,"rel":"routeEnd","e1En":68,"e1":"[삼지연선]","qid":4,"e2":"[못가역]"}],"pIdx":1,"text":"[위연역](渭淵驛)은 [조선민주주의인민공화국] [량강도] [혜산시] [위연동]에 위치해 있는 [백두산청년선]과 [삼지연선]의 [철도역]이다. [위연역]에서 [삼지연군]에 위치한 [못가역]까지 연결되는 [삼지연선]이 본 역에서 <백두산청년선>과 분기된다.그리고 [대평역]까지 가는 [백두림철선]이 분기한다."}]}