{"paragraphs":[{"globalSId":[160865,160866],"wikiPageId":10231,"questions":[{"e2St":52,"nlq":"[우루과이_강]의 국가은(는) [아르헨티나]인가요?","ansArr":["F","F","T"],"e1St":5,"ans":"F","e2En":59,"rel":"country","e1En":13,"e1":"[우루과이_강]","qid":0,"e2":"[아르헨티나]"},{"e2St":86,"nlq":"[우루과이_강]의 국가은(는) <우루과이>인가요?","ansArr":["T","T","T"],"e1St":5,"ans":"T","e2En":92,"rel":"country","e1En":13,"e1":"[우루과이_강]","qid":1,"e2":"<우루과이>"},{"e2St":52,"nlq":"[라플라타_강]의 국가은(는) [아르헨티나]인가요?","ansArr":["T","T","T"],"e1St":25,"ans":"T","e2En":59,"rel":"country","e1En":33,"e1":"[라플라타_강]","qid":2,"e2":"[아르헨티나]"}],"pIdx":2,"text":"서쪽에는 [우루과이_강]이 있으며 남서쪽에는 [라플라타_강]의 하류와 맞닿아 있어 강 사이로 [아르헨티나]와 만나며, 남동쪽 해안에는 [대서양]이 있다. <우루과이>는 <남아메리카>에서 [수리남] 다음으로 가장 작은 나라이다."},{"globalSId":[144504,144505,144506,144507],"wikiPageId":9323,"questions":[{"e2St":193,"nlq":"[대소왕]의 전임자은(는) [금와왕]인가요?","ansArr":["T","F","T"],"e1St":185,"ans":"T","e2En":198,"rel":"predecessor","e1En":190,"e1":"[대소왕]","qid":0,"e2":"[금와왕]"}],"pIdx":8,"text":"[유화]는 그 알을 따뜻하게 덮어주었는데, 얼마 지나지 않아 사내아이 하나가 알을 깨고 나왔다. 그 아이는 날 때부터 보통 <아이들...>과는 달라 일곱 살이 되었을 때 스스로 활과 화살을 만들어 쏘았는데 백발백중이었다. 이에 이 아이의 이름을 [부여] 말로 \u2018활을 잘 쏘는 사람\u2019이라는 뜻인 \u201C[주몽]\u201D이라고 지었다. [주몽]은 [대소왕] 등 [금와왕]의 7명의 아들보다 능력이 출중하여 그들의 시기를 받았고, 호시탐탐 그를 죽이려 하였다."},{"globalSId":[2966942,2966943],"wikiPageId":889217,"questions":[{"e2St":42,"nlq":"<다카사키톤야마치_역>의 소유 조직은(는) [동일본_여객철도]인가요?","ansArr":["T","T","T"],"e1St":0,"ans":"T","e2En":52,"rel":"owningOrganisation","e1En":12,"e1":"<다카사키톤야마치_역>","qid":0,"e2":"[동일본_여객철도]"},{"e2St":42,"nlq":"<다카사키톤야마치_역> (이)라는 역을 운행하는 회사 또는 노선은(는) [동일본_여객철도]인가요?","ansArr":["T","T","T"],"e1St":0,"ans":"T","e2En":52,"rel":"servingRailwayLine","e1En":12,"e1":"<다카사키톤야마치_역>","qid":1,"e2":"[동일본_여객철도]"},{"e2St":63,"nlq":"<다카사키톤야마치_역> (이)라는 역을 운행하는 회사 또는 노선은(는) [조에쓰_선]인가요?","ansArr":["T","F","F"],"e1St":0,"ans":"F","e2En":70,"rel":"servingRailwayLine","e1En":12,"e1":"<다카사키톤야마치_역>","qid":2,"e2":"[조에쓰_선]"}],"pIdx":1,"text":"<다카사키톤야마치_역>()은 [일본] [군마_현] [다카사키_시]에 있는, [동일본_여객철도]의 [철도역]이다. [조에쓰_선]이 지나가며, [아가쓰마_선], [료모_선] 열차들도 다닌다."},{"globalSId":[2398174,2398175,2398176],"wikiPageId":603373,"questions":[{"e2St":42,"nlq":"[FC_작센_라이프치히]의 홈구장은(는) [라이프치히]인가요?","ansArr":["T","T","T"],"e1St":0,"ans":"T","e2En":49,"rel":"homeStadium","e1En":12,"e1":"[FC_작센_라이프치히]","qid":0,"e2":"[라이프치히]"},{"e2St":58,"nlq":"[FC_작센_라이프치히]의 홈구장은(는) [독일]인가요?","ansArr":["T","T","T"],"e1St":0,"ans":"T","e2En":62,"rel":"homeStadium","e1En":12,"e1":"[FC_작센_라이프치히]","qid":1,"e2":"[독일]"},{"e2St":58,"nlq":"[FC_작센_라이프치히] (이)라는 축구팀의 홈구장 혹은 홈그라운은(는) [독일]인가요?","ansArr":["T","T","T"],"e1St":0,"ans":"T","e2En":62,"rel":"ground","e1En":12,"e1":"[FC_작센_라이프치히]","qid":2,"e2":"[독일]"},{"e2St":42,"nlq":"[작센_주] (이)라는 장소에서의 가장 큰 도시은(는) [라이프치히]인가요?","ansArr":["F","F","T"],"e1St":35,"ans":"F","e2En":49,"rel":"largestCity","e1En":41,"e1":"[작센_주]","qid":3,"e2":"[라이프치히]"},{"e2St":58,"nlq":"[작센_주]의 국가은(는) [독일]인가요?","ansArr":["T","T","T"],"e1St":35,"ans":"T","e2En":62,"rel":"country","e1En":41,"e1":"[작센_주]","qid":4,"e2":"[독일]"},{"e2St":58,"nlq":"[라이프치히]의 국가은(는) [독일]인가요?","ansArr":["T","T","T"],"e1St":42,"ans":"T","e2En":62,"rel":"country","e1En":49,"e1":"[라이프치히]","qid":5,"e2":"[독일]"}],"pIdx":1,"text":"[FC_작센_라이프치히](FC Sachsen Leipzig)는 [작센_주] [라이프치히]를 연고로 하던 [독일]의 축구 클럽이다. 클럽의 전신은 [1899년]에 창단된 축구 클럽인 [브리타니아_라이프치히](Britannia Leipzig)이다. [2011년] [6월_30일]을 기해 해체되었다."}]}