{"paragraphs":[{"globalSId":[3469778,3469779,3469780,3469781,3469782],"wikiPageId":1228887,"questions":[{"e2St":24,"nlq":"[론델레티아속]의 생물종은(는) [금눈돔목]인가요?","ansArr":["T","T","T"],"e1St":0,"ans":"T","e2En":30,"rel":"order","e1En":7,"e1":"[론델레티아속]","qid":0,"e2":"[금눈돔목]"},{"e2St":142,"nlq":"[론델레티아속]의 생물종은(는) [케토미무스목]인가요?","ansArr":["T","F","F"],"e1St":0,"ans":"F","e2En":150,"rel":"order","e1En":7,"e1":"[론델레티아속]","qid":1,"e2":"[케토미무스목]"},{"e2St":142,"nlq":"[바르보우리시아_루파]의 생물종은(는) [케토미무스목]인가요?","ansArr":["F","F","F"],"e1St":84,"ans":"F","e2En":150,"rel":"order","e1En":96,"e1":"[바르보우리시아_루파]","qid":2,"e2":"[케토미무스목]"},{"e2St":164,"nlq":"[바르보우리시아_루파]의 생물종은(는) [금눈돔목]인가요?","ansArr":["F","T","T"],"e1St":84,"ans":"T","e2En":170,"rel":"order","e1En":96,"e1":"[바르보우리시아_루파]","qid":3,"e2":"[금눈돔목]"}],"pIdx":1,"text":"[론델레티아속](\"Rondeletia\")은 [금눈돔목]에 속하는 [조기어류] 속의 하나이다. [론델레티아과](Rondeletiidae)의 유일속이다. [바르보우리시아_루파] 및 [기베리크티스과] 물고기와 밀접한 관계에 있다. [바르보우리시아과]는 이전에 [케토미무스목]으로 분류했지만, 현재는 [금눈돔목]으로 분류한다. 2종으로 이루어져 있다."},{"globalSId":[2384564,2384565],"wikiPageId":596507,"questions":[{"e2St":63,"nlq":"<웨일스의_메우드>의 어머니은(는) [덴마크의_알렉산드라]인가요?","ansArr":["F","T","T"],"e1St":0,"ans":"T","e2En":75,"rel":"mother","e1En":10,"e1":"<웨일스의_메우드>","qid":0,"e2":"[덴마크의_알렉산드라]"},{"e2St":63,"nlq":"<웨일스의_메우드>의 부모은(는) [덴마크의_알렉산드라]인가요?","ansArr":["T","T","F"],"e1St":0,"ans":"T","e2En":75,"rel":"parent","e1En":10,"e1":"<웨일스의_메우드>","qid":1,"e2":"[덴마크의_알렉산드라]"},{"e2St":89,"nlq":"<웨일스의_메우드> (이)라는 인물의 배우자 (동거인의 개념은 아님)은(는) [노르웨이의_호콘_7세]인가요?","ansArr":["T","T","T"],"e1St":0,"ans":"T","e2En":102,"rel":"spouse","e1En":10,"e1":"<웨일스의_메우드>","qid":2,"e2":"[노르웨이의_호콘_7세]"},{"e2St":151,"nlq":"<웨일스의_메우드>의 위치, 포지션 혹은 역할은(는) [노르웨이의_군주_배우자]인가요?","ansArr":["T","T","T"],"e1St":0,"ans":"T","e2En":165,"rel":"position","e1En":10,"e1":"<웨일스의_메우드>","qid":3,"e2":"[노르웨이의_군주_배우자]"},{"e2St":63,"nlq":"[에드워드_7세] (이)라는 인물의 배우자 (동거인의 개념은 아님)은(는) [덴마크의_알렉산드라]인가요?","ansArr":["T","T","T"],"e1St":52,"ans":"T","e2En":75,"rel":"spouse","e1En":61,"e1":"[에드워드_7세]","qid":4,"e2":"[덴마크의_알렉산드라]"},{"e2St":188,"nlq":"[덴마크의_알렉산드라]가 태어난 장소은(는) [덴마크]인가요?","ansArr":["F","F","F"],"e1St":63,"ans":"F","e2En":193,"rel":"birthPlace","e1En":75,"e1":"[덴마크의_알렉산드라]","qid":5,"e2":"[덴마크]"}],"pIdx":1,"text":"<웨일스의_메우드> (, [1869년] [11월_26일]~[1938년] [11월_20일])는 [에드워드_7세]와 [덴마크의_알렉산드라] 사이에서 태어난 딸로, [노르웨이의_호콘_7세]와 결혼하였으나, [노르웨이_의회]가 그를 [노르웨이의_군주]으로 선출하면서 그녀 역시 [노르웨이의_군주_배우자]가 되었다. 그녀는 [1380년] 이래로 [덴마크]나 [스웨덴]의 [왕비]를 겸하지 않은 최초의 [노르웨이의_군주_배우자]이다."},{"globalSId":[3258576,3258577],"wikiPageId":1055980,"questions":[{"e2St":13,"nlq":"<포스타피브레노>의 국가은(는) [이탈리아]인가요?","ansArr":["T","T","T"],"e1St":0,"ans":"T","e2En":19,"rel":"country","e1En":9,"e1":"<포스타피브레노>","qid":0,"e2":"[이탈리아]"},{"e2St":20,"nlq":"<포스타피브레노>가 있거나 연결되어있는 지역은(는) [라치오_주]인가요?","ansArr":["T","T","T"],"e1St":0,"ans":"T","e2En":27,"rel":"region","e1En":9,"e1":"<포스타피브레노>","qid":1,"e2":"[라치오_주]"},{"e2St":28,"nlq":"<포스타피브레노>의 행정구역은(는) [프로시노네_현]인가요?","ansArr":["T","T","T"],"e1St":0,"ans":"T","e2En":37,"rel":"administrativeDistrict","e1En":9,"e1":"<포스타피브레노>","qid":2,"e2":"[프로시노네_현]"},{"e2St":28,"nlq":"<포스타피브레노>가 있거나 연결되어있는 지역은(는) [프로시노네_현]인가요?","ansArr":["T","T","T"],"e1St":0,"ans":"T","e2En":37,"rel":"region","e1En":9,"e1":"<포스타피브레노>","qid":3,"e2":"[프로시노네_현]"},{"e2St":51,"nlq":"[이탈리아] (이)라는 지방 정부나 중앙 정부가 위치한 도시\/자치도시은(는) [로마]인가요?","ansArr":["F","T","T"],"e1St":13,"ans":"T","e2En":55,"rel":"capital","e1En":19,"e1":"[이탈리아]","qid":4,"e2":"[로마]"},{"e2St":51,"nlq":"[라치오_주] (이)라는 장소에서의 가장 큰 도시은(는) [로마]인가요?","ansArr":["F","F","F"],"e1St":20,"ans":"F","e2En":55,"rel":"largestCity","e1En":27,"e1":"[라치오_주]","qid":5,"e2":"[로마]"},{"e2St":51,"nlq":"[라치오_주] (이)라는 지방 정부나 중앙 정부가 위치한 도시\/자치도시은(는) [로마]인가요?","ansArr":["F","F","F"],"e1St":20,"ans":"F","e2En":55,"rel":"capital","e1En":27,"e1":"[라치오_주]","qid":6,"e2":"[로마]"}],"pIdx":1,"text":"<포스타피브레노>()는 [이탈리아] [라치오_주] [프로시노네_현]에 위치한 <코무네>다. [로마]로부터 동쪽 100km, [프로시노네]로부터 동쪽 30km 거리에 있다."}]}