{"paragraphs":[{"globalSId":[1092503,1092504],"wikiPageId":162519,"questions":[{"e2St":23,"nlq":"<타이탄하늘소>의 생물종은(는) [하늘소과]인가요?","ansArr":["T","T","T"],"e1St":0,"ans":"T","e2En":29,"rel":"family","e1En":8,"e1":"<타이탄하늘소>","qid":0,"e2":"[하늘소과]"},{"e2St":31,"nlq":"<타이탄하늘소>의 생물종은(는) [딱정벌레]인가요?","ansArr":["T","T","T"],"e1St":0,"ans":"T","e2En":37,"rel":"order","e1En":8,"e1":"<타이탄하늘소>","qid":1,"e2":"[딱정벌레]"},{"e2St":31,"nlq":"[하늘소과]의 생물종은(는) [딱정벌레]인가요?","ansArr":["F","T","T"],"e1St":23,"ans":"T","e2En":37,"rel":"order","e1En":29,"e1":"[하늘소과]","qid":2,"e2":"[딱정벌레]"}],"pIdx":1,"text":"<타이탄하늘소>는 [아마존_우림]에 사는 [하늘소과]의 [딱정벌레]이다. 속명과 종소명 모두 거대하다는 뜻을 가진다."},{"globalSId":[3933449,3933450,3933451,3933452,3933453],"wikiPageId":1723068,"questions":[{"e2St":44,"nlq":"[큰박쥐류]의 생물종은(는) [박쥐]인가요?","ansArr":["T","T","T"],"e1St":32,"ans":"T","e2En":48,"rel":"order","e1En":38,"e1":"[큰박쥐류]","qid":0,"e2":"[박쥐]"}],"pIdx":1,"text":"[스람날여우박쥐](\"Pteropus ocularis\")는 [큰박쥐류]에 속하는 [박쥐]의 일종이다. [스람]의 [마누셀라_국립공원]을 포함하여 [인도네시아]의 2개 섬, [부루_섬]와 [스람_섬]의 산악 지역 숲의 토착종이다. 한때는 [암본_섬] 근처에서도 서식했지만, 이제는 더이상 발견되지 않는다. 서식지 범위는 20,000km2이하이고 벌목때문에 감소하고 있다. 이와 같은 이유와 현지 주민들의 사냥때문에, [1996년] 이래 [국제_자연_보전_연맹](IUCN)이 [스람날여우박쥐]를 \"취약종\"으로 지정하고 있다."},{"globalSId":[79585,79586,79587,79588],"wikiPageId":5748,"questions":[{"e2St":93,"nlq":"[일본어]의 공통 조상으로부터 진화 된 일련의 언어들은(는) [일본어족]인가요?","ansArr":["T","T","T"],"e1St":67,"ans":"T","e2En":99,"rel":"languageFamily","e1En":72,"e1":"[일본어]","qid":0,"e2":"[일본어족]"},{"e2St":93,"nlq":"[류큐어]의 공통 조상으로부터 진화 된 일련의 언어들은(는) [일본어족]인가요?","ansArr":["T","T","T"],"e1St":82,"ans":"T","e2En":99,"rel":"languageFamily","e1En":87,"e1":"[류큐어]","qid":1,"e2":"[일본어족]"},{"e2St":148,"nlq":"[한국어]의 공통 조상으로부터 진화 된 일련의 언어들은(는) <한국어족>인가요?","ansArr":["T","T","T"],"e1St":108,"ans":"T","e2En":154,"rel":"languageFamily","e1En":113,"e1":"[한국어]","qid":2,"e2":"<한국어족>"},{"e2St":148,"nlq":"[제주어]의 공통 조상으로부터 진화 된 일련의 언어들은(는) <한국어족>인가요?","ansArr":["T","T","T"],"e1St":137,"ans":"T","e2En":154,"rel":"languageFamily","e1En":142,"e1":"[제주어]","qid":3,"e2":"<한국어족>"}],"pIdx":6,"text":"독립된 어족. 다른 언어와 연관이 없는 것으로 보더라도, 그 언어에서 분파된 언어가 있다면 독립된 어족이 될 수 있다. [일본어]는 분파된 언어로 [류큐어]가 있기에 [일본어족]으로 분류된다. [한국어]에서는, [상호의사소통성]이 없는 방언으로 [제주어]가 있기에 <한국어족>으로 분류하기도 한다."},{"globalSId":[2782925],"wikiPageId":781204,"questions":[{"e2St":10,"nlq":"<산코_선>의 국가은(는) [일본]인가요?","ansArr":["T","T","T"],"e1St":0,"ans":"T","e2En":14,"rel":"country","e1En":6,"e1":"<산코_선>","qid":0,"e2":"[일본]"},{"e2St":15,"nlq":"<산코_선> (이)라는 경로가 시작되는 곳은(는) [시마네_현]인가요?","ansArr":["T","T","T"],"e1St":0,"ans":"T","e2En":22,"rel":"routeStart","e1En":6,"e1":"<산코_선>","qid":1,"e2":"[시마네_현]"},{"e2St":15,"nlq":"<산코_선>가 위치한 지역은(는) [시마네_현]인가요?","ansArr":["F","T","T"],"e1St":0,"ans":"T","e2En":22,"rel":"location","e1En":6,"e1":"<산코_선>","qid":2,"e2":"[시마네_현]"},{"e2St":31,"nlq":"<산코_선> (이)라는 경로가 시작되는 곳은(는) [고쓰_역]인가요?","ansArr":["T","T","T"],"e1St":0,"ans":"T","e2En":37,"rel":"routeStart","e1En":6,"e1":"<산코_선>","qid":3,"e2":"[고쓰_역]"},{"e2St":40,"nlq":"<산코_선> (이)라는 경로가 끝나는 곳은(는) [히로시마_현]인가요?","ansArr":["T","T","T"],"e1St":0,"ans":"T","e2En":48,"rel":"routeEnd","e1En":6,"e1":"<산코_선>","qid":4,"e2":"[히로시마_현]"},{"e2St":40,"nlq":"<산코_선>가 위치한 지역은(는) [히로시마_현]인가요?","ansArr":["F","T","T"],"e1St":0,"ans":"T","e2En":48,"rel":"location","e1En":6,"e1":"<산코_선>","qid":5,"e2":"[히로시마_현]"},{"e2St":67,"nlq":"<산코_선> (이)라는 경로가 끝나는 곳은(는) [미요시_역_(히로시마_현)]인가요?","ansArr":["T","T","T"],"e1St":0,"ans":"T","e2En":83,"rel":"routeEnd","e1En":6,"e1":"<산코_선>","qid":6,"e2":"[미요시_역_(히로시마_현)]"},{"e2St":89,"nlq":"<산코_선>을(를) 소유하고 있는 사람\/단체은(는) [서일본_여객철도]인가요?","ansArr":["T","T","T"],"e1St":0,"ans":"T","e2En":99,"rel":"owner","e1En":6,"e1":"<산코_선>","qid":7,"e2":"[서일본_여객철도]"},{"e2St":89,"nlq":"<산코_선> (이)라는 인공 구조물, 공공 운송 시스템, 강제 수용소 등을 운영하는 기관, 도시 등은(는) [서일본_여객철도]인가요?","ansArr":["F","T","T"],"e1St":0,"ans":"T","e2En":99,"rel":"operator","e1En":6,"e1":"<산코_선>","qid":8,"e2":"[서일본_여객철도]"},{"e2St":89,"nlq":"[고쓰_역]의 소유 조직은(는) [서일본_여객철도]인가요?","ansArr":["T","T","T"],"e1St":31,"ans":"T","e2En":99,"rel":"owningOrganisation","e1En":37,"e1":"[고쓰_역]","qid":9,"e2":"[서일본_여객철도]"},{"e2St":89,"nlq":"[고쓰_역] (이)라는 역을 운행하는 회사 또는 노선은(는) [서일본_여객철도]인가요?","ansArr":["T","T","T"],"e1St":31,"ans":"T","e2En":99,"rel":"servingRailwayLine","e1En":37,"e1":"[고쓰_역]","qid":10,"e2":"[서일본_여객철도]"},{"e2St":89,"nlq":"[미요시_역_(히로시마_현)]의 소유 조직은(는) [서일본_여객철도]인가요?","ansArr":["T","T","T"],"e1St":67,"ans":"T","e2En":99,"rel":"owningOrganisation","e1En":83,"e1":"[미요시_역_(히로시마_현)]","qid":11,"e2":"[서일본_여객철도]"},{"e2St":89,"nlq":"[미요시_역_(히로시마_현)] (이)라는 역을 운행하는 회사 또는 노선은(는) [서일본_여객철도]인가요?","ansArr":["T","T","T"],"e1St":67,"ans":"T","e2En":99,"rel":"servingRailwayLine","e1En":83,"e1":"[미요시_역_(히로시마_현)]","qid":12,"e2":"[서일본_여객철도]"}],"pIdx":1,"text":"<산코_선>()은 [일본] [시마네_현] [고쓰_시]의 [고쓰_역]부터 [히로시마_현] [미요시_시_(히로시마_현)]의 [미요시_역_(히로시마_현)]에 이르는 [서일본_여객철도]의 철도 노선(지방 교통선)이다."}]}