{"paragraphs":[{"globalSId":[822223,822224],"wikiPageId":111361,"questions":[{"e2St":27,"nlq":"[브램_스토커]가 작성한 주목할만한 작품 또는 주제 (예 : 작가, 아티스트, 엔지니어)은(는) [드라큘라]인가요?","ansArr":["T","T","T"],"e1St":10,"ans":"T","e2En":33,"rel":"notableWork","e1En":18,"e1":"[브램_스토커]","qid":0,"e2":"[드라큘라]"},{"e2St":116,"nlq":"[브램_스토커]가 작성한 주목할만한 작품 또는 주제 (예 : 작가, 아티스트, 엔지니어)은(는) <드라큘라>인가요?","ansArr":["T","T","T"],"e1St":10,"ans":"T","e2En":122,"rel":"notableWork","e1En":18,"e1":"[브램_스토커]","qid":1,"e2":"<드라큘라>"}],"pIdx":3,"text":"제목인 [헬싱]은 [브램_스토커]의 공포 소설 《[드라큘라]》의 등장인물 [에이브러햄_반_헬싱] 교수로부터 유래한 것으로, [헬싱] 교수의 자손이 주인공 가운데 한 명인 [인테그라]로 설정되어 있다. 덧붙여 <드라큘라>의 [헬싱] 교수의 이름 철자는 \u2018Helsing\u2019로, 작품명 [\u2018HELLSING\u2019]와는 철자가 다르다."},{"globalSId":[2226275],"wikiPageId":519719,"questions":[{"e2St":10,"nlq":"<프라이징>의 국가은(는) [독일]인가요?","ansArr":["T","T","T"],"e1St":0,"ans":"T","e2En":14,"rel":"country","e1En":6,"e1":"<프라이징>","qid":0,"e2":"[독일]"}],"pIdx":1,"text":"<프라이징>()은 [독일] 남부 [바이에른_주]에 있는 도시이다."},{"globalSId":[1380186,1380187,1380188,1380189,1380190,1380191,1380192,1380193],"wikiPageId":237835,"questions":[{"e2St":142,"nlq":"[아마존_강]의 국가은(는) [브라질]인가요?","ansArr":["T","T","T"],"e1St":33,"ans":"T","e2En":147,"rel":"country","e1En":40,"e1":"[아마존_강]","qid":0,"e2":"[브라질]"},{"e2St":293,"nlq":"[아마존_강]의 국가은(는) [페루]인가요?","ansArr":["T","T","T"],"e1St":33,"ans":"T","e2En":296,"rel":"country","e1En":40,"e1":"[아마존_강]","qid":1,"e2":"[페루]"},{"e2St":377,"nlq":"<아마존_강>의 국가은(는) [페루]인가요?","ansArr":["T","T","T"],"e1St":337,"ans":"T","e2En":380,"rel":"country","e1En":344,"e1":"<아마존_강>","qid":2,"e2":"[페루]"}],"pIdx":2,"text":"설명. [페루] 동부 [로레토_주]의 주도이다. [페루]의 [아마존_강] 유역 지대의 중심지이다. 연중 무덥고 습한 [열대_우림_기후] 지대에 속하여 [안데스_산맥] 서쪽과는 기후가 완전히 다르다. [아마존_강]의 지류에 위치하며, [아마존_강] 하류의 [브라질]의 [벨렝]에서 3,000km 이상이나 떨어져 있는데도 이 곳까지 대형 선박이 들어올 수 있다. 시는 [19세기] [고무] 농업의 중심지로 건설되었으며, [19세기] 후반 고무 농업이 번창할 때 [아마존_강]을 통하여 [대서양]으로 진출할 수 있는 위치에 있어 [페루]의 <대서양>으로 향한 문호 역할을 하였다. 그러나 [1912년] 이후 <아마존_강>의 고무 경기가 쇠퇴하면서 이 곳도 크게 침체되었다. 최근 [페루] 동부의 개발계획이 진행되면서 다시 관심을 모으고 있다."},{"globalSId":[2222303,2222304],"wikiPageId":516827,"questions":[{"e2St":28,"nlq":"[대서양림]의 국가은(는) [브라질]인가요?","ansArr":["T","T","F"],"e1St":10,"ans":"T","e2En":33,"rel":"country","e1En":16,"e1":"[대서양림]","qid":0,"e2":"[브라질]"}],"pIdx":4,"text":"분포. 이 종들은 [대서양림] 북동부에 서식하며, [브라질] 북동부 지역인 [파라이바_주], [페르남부쿠_주], [알라고아스_주]에 걸쳐 분포한다."},{"globalSId":[3019209],"wikiPageId":915503,"questions":[{"e2St":34,"nlq":"[서울특별시]에 속한 일부 장소은(는) [영등포구]인가요?","ansArr":["T","T","T"],"e1St":26,"ans":"T","e2En":40,"rel":"part","e1En":33,"e1":"[서울특별시]","qid":0,"e2":"[영등포구]"}],"pIdx":1,"text":"<☞A1☜영등포소방서>(서울永登浦消防署, )는 [서울특별시] [영등포구]를 관할하는 [서울특별시_소방재난본부] 산하의 [소방서]이다."},{"globalSId":[4004745,4004746,4004747,4004748],"wikiPageId":1772507,"questions":[{"e2St":42,"nlq":"[애기박쥐과]의 생물종은(는) [박쥐]인가요?","ansArr":["T","T","T"],"e1St":29,"ans":"T","e2En":46,"rel":"order","e1En":36,"e1":"[애기박쥐과]","qid":0,"e2":"[박쥐]"}],"pIdx":1,"text":"[큰귀집박쥐](\"Hypsugo macrotis\")는 [애기박쥐과]에 속하는 [박쥐]의 일종이다. [브루나이]와 [인도네시아], [말레이시아]에서 발견된다. <말레이_반도>의 개펄에서 먹이를 찾지만, 둥지 생활에 대해서는 알려져 있지 않다. 농경지와 농장을 위한 산림파괴와 벌목, 화재로 서식지가 위협받고 있지만 어떤 영향을 미치는 지, 환경에 적응하고 있는지는 알려져 있지 않다."},{"globalSId":[3904843,3904844],"wikiPageId":1675794,"questions":[{"e2St":58,"nlq":"[주걱박쥐과]의 생물종은(는) [박쥐]인가요?","ansArr":["T","T","T"],"e1St":35,"ans":"T","e2En":62,"rel":"order","e1En":42,"e1":"[주걱박쥐과]","qid":0,"e2":"[박쥐]"}],"pIdx":1,"text":"[북부칼코박쥐](\"Lonchorhina inusitata\")는 [주걱박쥐과](신세계잎코박쥐류)에 속하는 [박쥐]의 일종이다. [브라질]과 [프랑스령_기아나], [수리남] 그리고 [베네수엘라]에서 발견된다."},{"globalSId":[3534213,3534214,3534215],"wikiPageId":1285928,"questions":[{"e2St":25,"nlq":"[헬하임]의 국가은(는) [노르웨이]인가요?","ansArr":["T","T","T"],"e1St":0,"ans":"T","e2En":31,"rel":"country","e1En":4,"e1":"[헬하임]","qid":0,"e2":"[노르웨이]"},{"e2St":25,"nlq":"[헬하임]의 고향은(는) [노르웨이]인가요?","ansArr":["T","T","T"],"e1St":0,"ans":"T","e2En":31,"rel":"hometown","e1En":4,"e1":"[헬하임]","qid":1,"e2":"[노르웨이]"},{"e2St":33,"nlq":"[헬하임]가 태어난 장소은(는) [베르겐]인가요?","ansArr":["T","T","T"],"e1St":0,"ans":"T","e2En":38,"rel":"birthPlace","e1En":4,"e1":"[헬하임]","qid":2,"e2":"[베르겐]"},{"e2St":33,"nlq":"[헬하임]의 고향은(는) [베르겐]인가요?","ansArr":["T","F","T"],"e1St":0,"ans":"T","e2En":38,"rel":"hometown","e1En":4,"e1":"[헬하임]","qid":3,"e2":"[베르겐]"},{"e2St":45,"nlq":"[헬하임] (이)라는 작품의 장르(갈래) 또는 [헬하임] (이)라는 팀이 추구하는 장르은(는) [바이킹_메탈]인가요?","ansArr":["T","T","T"],"e1St":0,"ans":"T","e2En":53,"rel":"genre","e1En":4,"e1":"[헬하임]","qid":4,"e2":"[바이킹_메탈]"},{"e2St":54,"nlq":"[헬하임] (이)라는 작품의 장르(갈래) 또는 [헬하임] (이)라는 팀이 추구하는 장르은(는) [블랙_메탈]인가요?","ansArr":["T","T","T"],"e1St":0,"ans":"T","e2En":61,"rel":"genre","e1En":4,"e1":"[헬하임]","qid":5,"e2":"[블랙_메탈]"},{"e2St":87,"nlq":"[헬하임]의 국가은(는) <노르웨이>인가요?","ansArr":["T","T","T"],"e1St":0,"ans":"T","e2En":93,"rel":"country","e1En":4,"e1":"[헬하임]","qid":6,"e2":"<노르웨이>"},{"e2St":87,"nlq":"[헬하임]의 고향은(는) <노르웨이>인가요?","ansArr":["T","T","T"],"e1St":0,"ans":"T","e2En":93,"rel":"hometown","e1En":4,"e1":"[헬하임]","qid":7,"e2":"<노르웨이>"},{"e2St":87,"nlq":"[베르겐]의 국가은(는) <노르웨이>인가요?","ansArr":["T","T","T"],"e1St":33,"ans":"T","e2En":93,"rel":"country","e1En":38,"e1":"[베르겐]","qid":8,"e2":"<노르웨이>"},{"e2St":87,"nlq":"[인슬레이브드]의 국가은(는) <노르웨이>인가요?","ansArr":["T","T","T"],"e1St":72,"ans":"T","e2En":93,"rel":"country","e1En":80,"e1":"[인슬레이브드]","qid":9,"e2":"<노르웨이>"}],"pIdx":1,"text":"[헬하임](Helheim)는 [1992년]에 [노르웨이]의 [베르겐]에서 결성된 [바이킹_메탈] [블랙_메탈] 밴드이다. 이들은 [인슬레이브드] 등과 함께 <노르웨이>의 대표적인 바이킹 메탈 밴드로 꼽힌다. '[헬하임]'이라는 이름은 [북유럽_신화]에 등장하는 [헬헤임]에서 따온 이름이다."}]}