{"paragraphs":[{"globalSId":[3196320,3196321],"wikiPageId":1012005,"questions":[{"e2St":101,"nlq":"<대구_동화사_금당_아미타극락회상도>의 종류(타입)은(는) [대구광역시의_문화재자료]인가요?","ansArr":["T","T","T"],"e1St":0,"ans":"T","e2En":115,"rel":"type","e1En":20,"e1":"<대구_동화사_금당_아미타극락회상도>","qid":0,"e2":"[대구광역시의_문화재자료]"}],"pIdx":1,"text":"<대구_동화사_금당_아미타극락회상도>(大邱 桐華寺 金堂 阿彌陀極樂會上圖)는 [대구광역시]?[동구_(대구광역시)], [동화사]에 있는 <조선>의 불화이다. [2012년_1월_30일] [대구광역시의_문화재자료] 제47호로 지정되었다."},{"globalSId":[1470467,1470468,1470469,1470470,1470471],"wikiPageId":261090,"questions":[{"e2St":107,"nlq":"[동래성_전투] (이)라는 전쟁의 승전국 혹은 승전자, 승전부대은(는) [일본]인가요?","ansArr":["F","T","T"],"e1St":49,"ans":"T","e2En":110,"rel":"result","e1En":56,"e1":"[동래성_전투]","qid":0,"e2":"[일본]"},{"e2St":233,"nlq":"[동래성_전투] (이)라는 전투, 분쟁을 포함하는 전투 혹은 분쟁은(는) [임진왜란]인가요?","ansArr":["T","T","F"],"e1St":49,"ans":"T","e2En":238,"rel":"isPartOfMilitaryConflict","e1En":56,"e1":"[동래성_전투]","qid":1,"e2":"[임진왜란]"},{"e2St":139,"nlq":"[도요토미_히데요시]가 죽은 장소은(는) [후시미_성]인가요?","ansArr":["F","F","F"],"e1St":119,"ans":"F","e2En":146,"rel":"deathPlace","e1En":130,"e1":"[도요토미_히데요시]","qid":2,"e2":"[후시미_성]"},{"e2St":211,"nlq":"[도요토미_히데요시]의 후임자은(는) [도쿠가와_이에야스]인가요?","ansArr":["T","T","T"],"e1St":119,"ans":"T","e2En":222,"rel":"successor","e1En":130,"e1":"[도요토미_히데요시]","qid":3,"e2":"[도쿠가와_이에야스]"},{"e2St":242,"nlq":"[도요토미_히데요시]의 후임자은(는) <도쿠가와_이에야스>인가요?","ansArr":["T","T","T"],"e1St":119,"ans":"T","e2En":253,"rel":"successor","e1En":130,"e1":"[도요토미_히데요시]","qid":4,"e2":"<도쿠가와_이에야스>"},{"e2St":211,"nlq":"[에도_막부]의 지도자은(는) [도쿠가와_이에야스]인가요?","ansArr":["T","T","T"],"e1St":199,"ans":"T","e2En":222,"rel":"leaderName","e1En":206,"e1":"[에도_막부]","qid":5,"e2":"[도쿠가와_이에야스]"},{"e2St":242,"nlq":"[에도_막부]의 지도자은(는) <도쿠가와_이에야스>인가요?","ansArr":["T","T","T"],"e1St":199,"ans":"T","e2En":253,"rel":"leaderName","e1En":206,"e1":"[에도_막부]","qid":6,"e2":"<도쿠가와_이에야스>"}],"pIdx":21,"text":"[이양녀]. <송상현_(1551년)>의 또 다른 첩인 [이양녀]는 [김섬]보다 젊은데, [동래성_전투]에서 왜적들이 사로잡아 범하려 하자 그들을 달래어 거절하였다. 왜인들이 절부로 칭찬하고, [일본]에 끌려갔는데 [도요토미_히데요시]은 [이양녀]를 [후시미_성]에 살게 하고, 일본인 부녀들의 스승으로 삼아 풍기를 지도하게 했다. 일본인 부녀 중에는 뒷날 [에도_막부]를 세운 [도쿠가와_이에야스]의 처도 있었는데, [임진왜란] 후 <도쿠가와_이에야스>가 [조선]과 화해하는데 그 처가 큰 조력을 하였다 한다. 마침내 살아서 고국으로 돌아왔고, [송상현] 부사의 정 본가인 [청주]에서 만나 손잡고 통곡했다 한다."},{"globalSId":[3010319,3010320,3010321],"wikiPageId":911042,"questions":[{"e2St":146,"nlq":"[아틀레틱_빌바오] (이)라는 팀이 출전한 리그은(는) [프리메라리가]인가요?","ansArr":["F","T","F"],"e1St":20,"ans":"F","e2En":154,"rel":"league","e1En":30,"e1":"[아틀레틱_빌바오]","qid":0,"e2":"[프리메라리가]"},{"e2St":291,"nlq":"<데포르티보_라코루냐>의 홈구장은(는) [갈리시아_지방]인가요?","ansArr":["T","F","F"],"e1St":175,"ans":"F","e2En":300,"rel":"homeStadium","e1En":187,"e1":"<데포르티보_라코루냐>","qid":1,"e2":"[갈리시아_지방]"}],"pIdx":6,"text":"[2010년] [1월] [23일,] [아틀레틱_빌바오]전 (3-1로 이긴 홈 경기) 에서 골네트를 가른 직후, [필리피] <C._S._루이스>는 상대 [골키퍼]인 [고르카_이라이소스]에 의해 다리가 깔리면서 오른쪽 [종아리뼈]에 큰 부상을 입었다. 또한, 그는 [프리메라리가] 전 경기에 출전하는 와중에 그의 팀 <데포르티보_라코루냐>가 리그 테이블 4위에 랭크되기도 하였다. 놀랍게도 그는 4경기도 결장하지 않은 채 [RCD_마요르카]전에서 부상 복귀를 선언하였고, 이 경기의 [이반_산체스-리코_소토] 득점을 도왔다;[갈리시아_지방] 연고의 클럽은 시즌을 10위로 마감하였다."},{"globalSId":[3497576,3497577,3497578,3497579],"wikiPageId":1251687,"questions":[{"e2St":16,"nlq":"[클라렌스는_엉뚱해!]의 방송채널은(는) [카툰_네트워크]인가요?","ansArr":["T","T","T"],"e1St":1,"ans":"T","e2En":25,"rel":"channel","e1En":13,"e1":"[클라렌스는_엉뚱해!]","qid":0,"e2":"[카툰_네트워크]"},{"e2St":132,"nlq":"[어드벤처_타임]의 방송채널은(는) [카툰_네트워크]인가요?","ansArr":["T","T","T"],"e1St":64,"ans":"T","e2En":140,"rel":"channel","e1En":73,"e1":"[어드벤처_타임]","qid":1,"e2":"[카툰_네트워크]"}],"pIdx":2,"text":"《[클라렌스는_엉뚱해!]》는 [카툰_네트워크]의 [스카일러_페이지]가 기획한 [미국]의 텔레비전 애니메이션이다. 《[어드벤처_타임]》의 스토리보드 작가이자 《[Secret_Mountain_Fort_Awesome]》의 스토리보드 편집자로 [카툰_네트워크]에서 근무했던 <스카일러_페이지>는 이 시리즈를 개발하기 위해 [2012년] [카툰_네트워크_스튜디오]에서 단편을 제작하였다. 이 작품은 낙관적인 사고를 지닌 어린 소년 <클래런스>의 이야기를 다루고 있다. [2014년] [2월] [17일] [카툰_네트워크]에서 개최하여 방송된 [홀_오브_게임_시상식](Hall of Game Awards)을 통해 이 작품의 파일럿이 공개되었고, [TV-PG_등급]을 받았다."}]}