{"paragraphs":[{"globalSId":[396901,396902,396903],"wikiPageId":41947,"questions":[{"e2St":7,"nlq":"<김영삼>의 후임자은(는) <이철승>인가요?","ansArr":["F","F","T"],"e1St":0,"ans":"F","e2En":12,"rel":"successor","e1En":5,"e1":"<김영삼>","qid":0,"e2":"<이철승>"},{"e2St":149,"nlq":"<김영삼> (이)라는 정치인 또는 당원이 소속되어 있는 당은(는) [신민당_(1967년)]인가요?","ansArr":["T","T","T"],"e1St":0,"ans":"T","e2En":162,"rel":"party","e1En":5,"e1":"<김영삼>","qid":1,"e2":"[신민당_(1967년)]"},{"e2St":188,"nlq":"<김영삼>의 후임자은(는) [김대중]인가요?","ansArr":["F","T","T"],"e1St":0,"ans":"T","e2En":193,"rel":"successor","e1En":5,"e1":"<김영삼>","qid":2,"e2":"[김대중]"},{"e2St":215,"nlq":"<이철승>의 후임자은(는) [김영삼]인가요?","ansArr":["F","F","F"],"e1St":7,"ans":"F","e2En":220,"rel":"successor","e1En":12,"e1":"<이철승>","qid":3,"e2":"[김영삼]"},{"e2St":215,"nlq":"<이철승>의 전임자은(는) [김영삼]인가요?","ansArr":["F","F","T"],"e1St":7,"ans":"F","e2En":220,"rel":"predecessor","e1En":12,"e1":"<이철승>","qid":4,"e2":"[김영삼]"},{"e2St":149,"nlq":"<유진산> (이)라는 정치인 또는 당원이 소속되어 있는 당은(는) [신민당_(1967년)]인가요?","ansArr":["T","T","T"],"e1St":48,"ans":"T","e2En":162,"rel":"party","e1En":53,"e1":"<유진산>","qid":5,"e2":"[신민당_(1967년)]"},{"e2St":149,"nlq":"[유진산] (이)라는 정치인 또는 당원이 소속되어 있는 당은(는) [신민당_(1967년)]인가요?","ansArr":["T","T","T"],"e1St":134,"ans":"T","e2En":162,"rel":"party","e1En":139,"e1":"[유진산]","qid":6,"e2":"[신민당_(1967년)]"},{"e2St":215,"nlq":"[김대중]의 전임자은(는) [김영삼]인가요?","ansArr":["F","T","T"],"e1St":188,"ans":"T","e2En":220,"rel":"predecessor","e1En":193,"e1":"[김대중]","qid":7,"e2":"[김영삼]"}],"pIdx":83,"text":"<김영삼>과 <이철승>이 당내 대통령 후보자 경선에 나오자 [김상현_(정치인)] 등은 <유진산>이 지지하는 사람(김영삼을 가리킴)에게 당수직을 주었으니 대권은 줄 수 없다며 반발하였고 경선 초기에 잡음이 있었다. [71년] [1월] 당수인 [유진산]을 대신하여 다시 [신민당_(1967년)] 대통령 후보 경선에 나섰으나, 결선 투표에서 [김대중]에게 패하였다. 당수 [유진산]으로부터 [김영삼]에게 양보하라는 권고를 받고 일단 대선후보자에서 물러났다."},{"globalSId":[2958057,2958058,2958059],"wikiPageId":885091,"questions":[{"e2St":199,"nlq":"[뉴질랜드] (이)라는 지역의 인종 집단은(는) [마오리족]인가요?","ansArr":["T","T","T"],"e1St":191,"ans":"T","e2En":205,"rel":"ethnicGroup","e1En":197,"e1":"[뉴질랜드]","qid":0,"e2":"[마오리족]"}],"pIdx":5,"text":"일반적인 특징이 있는 가하면 [폴리네시아_섬]에 정착한 원주민들은 섬의 크기와 자원, 기후에 영향을 받아 다양한 문화를 이루어냈다. 가령 [하와이]와 [통가]에서는 생사여탈권을 가진 절대적인 추장이 다스리는 원시적인 국가체제가 이루어져 수만 명의 인구를 부양했으며, 이들은 추장의 무덤이나 거대한 신전 같은 기념물을 세우기도 하였다. 반면에 [뉴질랜드]의 [마오리족]은 자원은 풍부했지만 부족들이 나뉘어 소규모 부족들이 할거하고 있었으며 [채텀_제도]의 [모리오리족]은 [아남극권]의 한랭한 기후로인해 농사를 짓지 못하고 수렵채집으로 삶을 이어가는 기술적 퇴보현상을 겪어야 했다."},{"globalSId":[2392861,2392862],"wikiPageId":600973,"questions":[{"e2St":43,"nlq":"<로트_바이스_알렌>의 홈구장은(는) [독일]인가요?","ansArr":["T","T","T"],"e1St":0,"ans":"T","e2En":47,"rel":"homeStadium","e1En":11,"e1":"<로트_바이스_알렌>","qid":0,"e2":"[독일]"},{"e2St":43,"nlq":"<로트_바이스_알렌> (이)라는 축구팀의 홈구장 혹은 홈그라운은(는) [독일]인가요?","ansArr":["T","T","T"],"e1St":0,"ans":"T","e2En":47,"rel":"ground","e1En":11,"e1":"<로트_바이스_알렌>","qid":1,"e2":"[독일]"},{"e2St":67,"nlq":"<로트_바이스_알렌>의 홈구장은(는) [알렌_(노르트라인베스트팔렌_주)]인가요?","ansArr":["T","T","T"],"e1St":0,"ans":"T","e2En":86,"rel":"homeStadium","e1En":11,"e1":"<로트_바이스_알렌>","qid":2,"e2":"[알렌_(노르트라인베스트팔렌_주)]"},{"e2St":67,"nlq":"<로트_바이스_알렌> (이)라는 축구팀의 홈구장 혹은 홈그라운은(는) [알렌_(노르트라인베스트팔렌_주)]인가요?","ansArr":["T","T","T"],"e1St":0,"ans":"T","e2En":86,"rel":"ground","e1En":11,"e1":"<로트_바이스_알렌>","qid":3,"e2":"[알렌_(노르트라인베스트팔렌_주)]"},{"e2St":101,"nlq":"<로트_바이스_알렌> (이)라는 팀이 출전한 리그은(는) [레기오날리가]인가요?","ansArr":["T","T","T"],"e1St":0,"ans":"T","e2En":109,"rel":"league","e1En":11,"e1":"<로트_바이스_알렌>","qid":4,"e2":"[레기오날리가]"}],"pIdx":1,"text":"<로트_바이스_알렌>(Rot Weiss Ahlen)은 [1996년]에 창단된 [독일] [노르트라인베스트팔렌_주]의 도시 [알렌_(노르트라인베스트팔렌_주)]의 [축구] 팀으로, 현재 [레기오날리가]에서 활동하고 있다. [2006년] [6월_1일]까지의 팀 명칭은 [LR_알렌](LR Ahlen)이었다."}]}