{"paragraphs":[{"globalSId":[3259273],"wikiPageId":1056474,"questions":[{"e2St":39,"nlq":"[2014년_동계_올림픽]가 위치한 행정 구역은(는) [소치]인가요?","ansArr":["T","T","T"],"e1St":0,"ans":"T","e2En":43,"rel":"city","e1En":13,"e1":"[2014년_동계_올림픽]","qid":0,"e2":"[소치]"}],"pIdx":1,"text":"[2014년_동계_올림픽] <카자흐스탄>의 올림픽 선수단은 [러시아] [소치]에서 개최된 [2014년_동계_올림픽]에 참가한 [올림픽_카자흐스탄_선수단]이다."},{"globalSId":[3248881,3248882,3248883],"wikiPageId":1049832,"questions":[{"e2St":57,"nlq":"[이탈리아] (이)라는 지방 정부나 중앙 정부가 위치한 도시\/자치도시은(는) [로마]인가요?","ansArr":["F","T","F"],"e1St":20,"ans":"F","e2En":61,"rel":"capital","e1En":26,"e1":"[이탈리아]","qid":0,"e2":"[로마]"},{"e2St":57,"nlq":"[라치오_주] (이)라는 장소에서의 가장 큰 도시은(는) [로마]인가요?","ansArr":["F","T","F"],"e1St":27,"ans":"F","e2En":61,"rel":"largestCity","e1En":34,"e1":"[라치오_주]","qid":1,"e2":"[로마]"},{"e2St":57,"nlq":"[라치오_주] (이)라는 지방 정부나 중앙 정부가 위치한 도시\/자치도시은(는) [로마]인가요?","ansArr":["F","T","F"],"e1St":27,"ans":"F","e2En":61,"rel":"capital","e1En":34,"e1":"[라치오_주]","qid":2,"e2":"[로마]"}],"pIdx":1,"text":"<마르타_비에이라_다_시우바>()는 [이탈리아] [라치오_주] [비테르보_현]에 위치한 <코무네>다. [로마]로부터 북서쪽 80km, [비테르보]로부터 북서쪽 20km 거리에 있다. 인구는 [2016년] [1월] 기준 3,499명이다."},{"globalSId":[1849754,1849755,1849756],"wikiPageId":362254,"questions":[{"e2St":42,"nlq":"<스타디오_아르테미오_프란키>가 위치한 지역은(는) [이탈리아]인가요?","ansArr":["T","T","T"],"e1St":0,"ans":"T","e2En":48,"rel":"location","e1En":16,"e1":"<스타디오_아르테미오_프란키>","qid":0,"e2":"[이탈리아]"},{"e2St":62,"nlq":"<스타디오_아르테미오_프란키>가 위치한 지역은(는) [피렌체]인가요?","ansArr":["T","T","T"],"e1St":0,"ans":"T","e2En":67,"rel":"location","e1En":16,"e1":"<스타디오_아르테미오_프란키>","qid":1,"e2":"[피렌체]"},{"e2St":99,"nlq":"<스타디오_아르테미오_프란키>의 세입자나 임차인은(는) [ACF_피오렌티나]인가요?","ansArr":["T","T","F"],"e1St":0,"ans":"T","e2En":110,"rel":"tenant","e1En":16,"e1":"<스타디오_아르테미오_프란키>","qid":2,"e2":"[ACF_피오렌티나]"}],"pIdx":1,"text":"<스타디오_아르테미오_프란키>(Stadio Artemio Franchi)는 [이탈리아] [토스카나_주]의 주도 [피렌체]에 위치한 축구 경기장이다. 수용인원은 47,290명이며 [ACF_피오렌티나]의 홈 경기장이다. [1990년_FIFA_월드컵]을 개최했던 경기장 중 하나이기도 하다."},{"globalSId":[3809150,3809151,3809152,3809153,3809154],"wikiPageId":1588481,"questions":[{"e2St":28,"nlq":"[샤를_6세] (이)라는 인물의 배우자 (동거인의 개념은 아님)은(는) [바이에른의_이자보]인가요?","ansArr":["T","T","T"],"e1St":19,"ans":"T","e2En":39,"rel":"spouse","e1En":26,"e1":"[샤를_6세]","qid":0,"e2":"[바이에른의_이자보]"},{"e2St":51,"nlq":"[샤를_6세]의 후임자은(는) [샤를_7세]인가요?","ansArr":["T","T","F"],"e1St":19,"ans":"T","e2En":58,"rel":"successor","e1En":26,"e1":"[샤를_6세]","qid":1,"e2":"[샤를_7세]"},{"e2St":119,"nlq":"[부르주]의 국가은(는) <프랑스>인가요?","ansArr":["T","T","T"],"e1St":86,"ans":"T","e2En":124,"rel":"country","e1En":91,"e1":"[부르주]","qid":2,"e2":"<프랑스>"}],"pIdx":2,"text":"생애. [1413년]에 [마리]는 [샤를_6세]와 [바이에른의_이자보]의 다섯 번째 아들인 [샤를_7세]과 약혼을 했다. [1422년] [4월]에 그녀는 [부르주]에서 그녀의 사촌이였던 [샤를]과 혼인하였고 이후 <프랑스>의 왕비가 되었다. [백년_전쟁]에서 남편의 승리는 [마리]의 가문에게서 받은 지원을 받은 덕이였으며, 특히 그녀의 어머니인 [욜란다_데_아라곤]이 그랬었다. [마리]와 [샤를]이 14명의 자녀를 두었음에도, 남편의 애정은 하녀인 [아녜스_소렐]에게 있었다."},{"globalSId":[2669545,2669546],"wikiPageId":728863,"questions":[{"e2St":75,"nlq":"[이르지_슈타이네르]가 현재나 과거에 활동했던 스포츠 팀은(는) [FC_슬로반_리베레츠]인가요?","ansArr":["T","T","T"],"e1St":0,"ans":"T","e2En":88,"rel":"team","e1En":10,"e1":"[이르지_슈타이네르]","qid":0,"e2":"[FC_슬로반_리베레츠]"},{"e2St":100,"nlq":"[이르지_슈타이네르]의 위치, 포지션 혹은 역할은(는) [공격수]인가요?","ansArr":["T","T","T"],"e1St":0,"ans":"T","e2En":105,"rel":"position","e1En":10,"e1":"[이르지_슈타이네르]","qid":1,"e2":"[공격수]"},{"e2St":124,"nlq":"[이르지_슈타이네르]가 현재나 과거에 활동했던 스포츠 팀은(는) [체코_축구_국가대표팀]인가요?","ansArr":["T","T","T"],"e1St":0,"ans":"T","e2En":137,"rel":"team","e1En":10,"e1":"[이르지_슈타이네르]","qid":2,"e2":"[체코_축구_국가대표팀]"},{"e2St":52,"nlq":"[프라하]의 국가은(는) [체코]인가요?","ansArr":["T","T","T"],"e1St":41,"ans":"T","e2En":56,"rel":"country","e1En":46,"e1":"[프라하]","qid":3,"e2":"[체코]"}],"pIdx":1,"text":"[이르지_슈타이네르] (Ji?? ?tajner, 1976년 5월 27일, [프라하] ~) 는 [체코]의 축구 선수로, 현재 [체코]의 [FC_슬로반_리베레츠] 소속이다. 포지션은 [공격수]이며, [2002년부터_현재]까지 [체코_축구_국가대표팀]로 뛰고 있다."}]}