{"paragraphs":[{"globalSId":[2914376,2914377,2914378,2914379,2914380,2914381,2914382,2914383,2914384,2914385],"wikiPageId":857493,"questions":[{"e2St":41,"nlq":"[노스다코타_대학교]의 국가은(는) [미국]인가요?","ansArr":["T","T","T"],"e1St":0,"ans":"T","e2En":45,"rel":"country","e1En":10,"e1":"[노스다코타_대학교]","qid":0,"e2":"[미국]"},{"e2St":46,"nlq":"[노스다코타_대학교]가 위치한 곳의 전체 도로명 주소은(는) [노스다코타_주]인가요?","ansArr":["F","F","F"],"e1St":0,"ans":"F","e2En":55,"rel":"address","e1En":10,"e1":"[노스다코타_대학교]","qid":1,"e2":"[노스다코타_주]"},{"e2St":46,"nlq":"[노스다코타_대학교]가 위치한 장소 (주, 도, 현)은(는) [노스다코타_주]인가요?","ansArr":["T","T","T"],"e1St":0,"ans":"T","e2En":55,"rel":"state","e1En":10,"e1":"[노스다코타_대학교]","qid":2,"e2":"[노스다코타_주]"},{"e2St":56,"nlq":"[노스다코타_대학교]가 위치한 곳의 전체 도로명 주소은(는) [그랜드포크스]인가요?","ansArr":["T","F","F"],"e1St":0,"ans":"F","e2En":64,"rel":"address","e1En":10,"e1":"[노스다코타_대학교]","qid":3,"e2":"[그랜드포크스]"},{"e2St":56,"nlq":"[노스다코타_대학교]가 위치한 행정 구역은(는) [그랜드포크스]인가요?","ansArr":["T","T","T"],"e1St":0,"ans":"T","e2En":64,"rel":"city","e1En":10,"e1":"[노스다코타_대학교]","qid":4,"e2":"[그랜드포크스]"},{"e2St":281,"nlq":"[노스다코타_대학교]가 위치한 곳의 전체 도로명 주소은(는) <노스다코타_주>인가요?","ansArr":["F","F","F"],"e1St":0,"ans":"F","e2En":290,"rel":"address","e1En":10,"e1":"[노스다코타_대학교]","qid":5,"e2":"<노스다코타_주>"},{"e2St":281,"nlq":"[노스다코타_대학교]가 위치한 장소 (주, 도, 현)은(는) <노스다코타_주>인가요?","ansArr":["T","T","T"],"e1St":0,"ans":"T","e2En":290,"rel":"state","e1En":10,"e1":"[노스다코타_대학교]","qid":6,"e2":"<노스다코타_주>"},{"e2St":225,"nlq":"[노스다코타_주]의 국가은(는) [미국]인가요?","ansArr":["T","T","T"],"e1St":46,"ans":"T","e2En":228,"rel":"country","e1En":55,"e1":"[노스다코타_주]","qid":7,"e2":"[미국]"},{"e2St":82,"nlq":"[그랜드포크스]의 행정구역은(는) [노스다코타_주]인가요?","ansArr":["T","T","T"],"e1St":56,"ans":"T","e2En":91,"rel":"administrativeDistrict","e1En":64,"e1":"[그랜드포크스]","qid":8,"e2":"[노스다코타_주]"},{"e2St":82,"nlq":"[그랜드포크스]를 포함하는 것은(는) [노스다코타_주]인가요?","ansArr":["T","T","T"],"e1St":56,"ans":"T","e2En":91,"rel":"isPartOf","e1En":64,"e1":"[그랜드포크스]","qid":9,"e2":"[노스다코타_주]"},{"e2St":82,"nlq":"[그랜드포크스]가 있거나 연결되어있는 지역은(는) [노스다코타_주]인가요?","ansArr":["T","T","T"],"e1St":56,"ans":"T","e2En":91,"rel":"region","e1En":64,"e1":"[그랜드포크스]","qid":10,"e2":"[노스다코타_주]"},{"e2St":225,"nlq":"[그랜드포크스]의 국가은(는) [미국]인가요?","ansArr":["T","T","T"],"e1St":56,"ans":"T","e2En":228,"rel":"country","e1En":64,"e1":"[그랜드포크스]","qid":11,"e2":"[미국]"},{"e2St":281,"nlq":"[그랜드포크스]의 행정구역은(는) <노스다코타_주>인가요?","ansArr":["T","T","T"],"e1St":56,"ans":"T","e2En":290,"rel":"administrativeDistrict","e1En":64,"e1":"[그랜드포크스]","qid":12,"e2":"<노스다코타_주>"},{"e2St":281,"nlq":"[그랜드포크스]를 포함하는 것은(는) <노스다코타_주>인가요?","ansArr":["T","T","T"],"e1St":56,"ans":"T","e2En":290,"rel":"isPartOf","e1En":64,"e1":"[그랜드포크스]","qid":13,"e2":"<노스다코타_주>"},{"e2St":281,"nlq":"[그랜드포크스]가 있거나 연결되어있는 지역은(는) <노스다코타_주>인가요?","ansArr":["T","T","T"],"e1St":56,"ans":"T","e2En":290,"rel":"region","e1En":64,"e1":"[그랜드포크스]","qid":14,"e2":"<노스다코타_주>"}],"pIdx":1,"text":"[노스다코타_대학교](University of North Dakota)는 [미국] [노스다코타_주] [그랜드포크스]에 위치한 [공립_대학교]이다. [노스다코타_주]가 주로써 인정받기도 전인 [1883년] [그랜드_폭스] 출신 언론인 [조지_월시]가 개교하였으며, [1884년] [9월]에 첫 수업을 시작했다. 현재 [노스다코타_주]에서 가장 역사가 길고 규모가 제일 큰 학교이다. [노스다코타_대학]은 [미국]의 잡지 [U.S._News_&_World_Report]의 [미국]의 100대 공립 대학교에 <노스다코타_주>, <사우스다코타_주>, [몬태나_주]의 공립대학 중에서 유일무이하게 선정되었다. [노스다코타_대학]에는 220여 학과가 개설되어 있는데, 특히 항공학과인 [John_D._Odegard_School_of_Aerospace_Sciences] 는 가장 많이 알려져 있다. [노스다코타_대학교]의 항공학과는 무인항공학시스템 학과를 최초로 개설하였다. 또한 [노스다코타_주]에서 유일하게 의과대학이 있는 학교이다. 현재 15,250명의 학생이 재학 중이다."}]}