{"paragraphs":[{"globalSId":[2053580,2053581],"wikiPageId":446884,"questions":[{"e2St":156,"nlq":"[후쿠다_다케오]의 후임자은(는) [오히라_마사요시]인가요?","ansArr":["T","T","T"],"e1St":112,"ans":"T","e2En":166,"rel":"successor","e1En":121,"e1":"[후쿠다_다케오]","qid":0,"e2":"[오히라_마사요시]"},{"e2St":199,"nlq":"[오히라_마사요시]의 후임자은(는) [스즈키_젠코]인가요?","ansArr":["T","T","T"],"e1St":156,"ans":"T","e2En":207,"rel":"successor","e1En":166,"e1":"[오히라_마사요시]","qid":1,"e2":"[스즈키_젠코]"},{"e2St":250,"nlq":"[스즈키_젠코]의 후임자은(는) [나카소네_야스히로]인가요?","ansArr":["T","T","F"],"e1St":199,"ans":"T","e2En":261,"rel":"successor","e1En":207,"e1":"[스즈키_젠코]","qid":2,"e2":"[나카소네_야스히로]"}],"pIdx":3,"text":"[1963년] 제30회 중의원 의원 총선거에 [자유민주당_(일본)] 공인으로 입후보해 처음으로 당선된 후, 11선이라는 기록을 세우고 일생 동안 의원 직에 있었다. [1976년]부터 [1977년]까지 [후쿠다_다케오] 내각의 후생장관, [1978년]부터 [1979년]까지 제1차 [오히라_마사요시] 내각의 농림수산대신, [1980년]부터 [1982년]까지 [스즈키_젠코] 내각 및 개조 내각의 재무대신, [1985년]부터 [1986년]까지 제2차 [나카소네_야스히로] 내각 제2차 개조 내각의 통산대신을 지냈다."},{"globalSId":[3725685,3725686],"wikiPageId":1442907,"questions":[{"e2St":46,"nlq":"[쓰루누마_역]의 소유 조직은(는) [홋카이도_여객철도]인가요?","ansArr":["T","F","T"],"e1St":0,"ans":"T","e2En":57,"rel":"owningOrganisation","e1En":7,"e1":"[쓰루누마_역]","qid":0,"e2":"[홋카이도_여객철도]"},{"e2St":46,"nlq":"[쓰루누마_역] (이)라는 역을 운행하는 회사 또는 노선은(는) [홋카이도_여객철도]인가요?","ansArr":["T","T","T"],"e1St":0,"ans":"T","e2En":57,"rel":"servingRailwayLine","e1En":7,"e1":"[쓰루누마_역]","qid":1,"e2":"[홋카이도_여객철도]"}],"pIdx":1,"text":"[쓰루누마_역]()은 [일본] [홋카이도] [가바토_군] [우라우스_정]에 위치한 [홋카이도_여객철도] [삿쇼_선]의 [철도역]이다. [단선_승강장] 1면 1선의 구조를 갖춘 지상역이다."},{"globalSId":[3894846,3894847,3894848],"wikiPageId":1664691,"questions":[{"e2St":58,"nlq":"[주걱박쥐과]의 생물종은(는) [박쥐]인가요?","ansArr":["T","T","F"],"e1St":33,"ans":"T","e2En":62,"rel":"order","e1En":40,"e1":"[주걱박쥐과]","qid":0,"e2":"[박쥐]"}],"pIdx":1,"text":"[칼코둥근귀박쥐](\"Lophostoma kalkoae\")는 [주걱박쥐과]([신세계잎코박쥐류])에 속하는 [박쥐]의 일종이다. [파나마]의 토착종이다. 작은 크기의 박쥐로 전완장은 44.6~45.8mm이고, 꼬리 길이는 8.4~8.9mm, 발 길이는 12.5~12.8mm이다."},{"globalSId":[3236792,3236793,3236794],"wikiPageId":1036701,"questions":[{"e2St":37,"nlq":"<북방흰가슴고슴도치>의 생물종은(는) [고슴도치과]인가요?","ansArr":["T","T","T"],"e1St":0,"ans":"T","e2En":44,"rel":"family","e1En":11,"e1":"<북방흰가슴고슴도치>","qid":0,"e2":"[고슴도치과]"},{"e2St":148,"nlq":"[로도스_섬]의 국가은(는) [그리스]인가요?","ansArr":["F","F","F"],"e1St":129,"ans":"F","e2En":153,"rel":"country","e1En":136,"e1":"[로도스_섬]","qid":1,"e2":"[그리스]"}],"pIdx":1,"text":"<북방흰가슴고슴도치>(\"Erinaceus roumanicus\")는 [고슴도치과]에 속하는 [포유류]의 일종이다. 이 종은 서쪽으로 [폴란드]와 [오스트리아], 이전의 [유고슬라비아] 그리고 남쪽으로 [크레타_섬]과 [코르푸_섬], [로도스_섬]의 개체군을 포함하여 [그리스]와 [아드리아_해]에 분포한다. 동쪽으로 [러시아]와 [우크라이나] 그리고 더 멀리 <시베리아>의 [오비_강]에서도 발견된다."},{"globalSId":[3809283],"wikiPageId":1588637,"questions":[{"e2St":40,"nlq":"[히고후타미_역]의 소유 조직은(는) [히사쓰_오렌지_철도]인가요?","ansArr":["T","T","T"],"e1St":0,"ans":"T","e2En":52,"rel":"owningOrganisation","e1En":8,"e1":"[히고후타미_역]","qid":0,"e2":"[히사쓰_오렌지_철도]"}],"pIdx":1,"text":"[히고후타미_역]()은 [일본] [구마모토_현] [야쓰시로_시]에 있는 [히사쓰_오렌지_철도] [히사쓰_오렌지_철도_히사쓰_오렌지_철도선]의 [철도역]이다."},{"globalSId":[1855450],"wikiPageId":364806,"questions":[{"e2St":29,"nlq":"[임진왜란]의 지휘관은(는) [이순신]인가요?","ansArr":["T","T","T"],"e1St":19,"ans":"T","e2En":34,"rel":"commander","e1En":25,"e1":"[임진왜란]","qid":0,"e2":"[이순신]"}],"pIdx":2,"text":"과거 급제 후 여러 벼슬을 지내고 [임진왜란] 때는 [이순신] 휘하의 장수로 [옥포_해전], [사천_해전], [한산도_대첩], [안골포_해전] 등의 여러 공을 세워 [통정대부]로 승진되었다."},{"globalSId":[3621346,3621347],"wikiPageId":1349436,"questions":[{"e2St":96,"nlq":"[프랑스] (이)라는 지방 정부나 중앙 정부가 위치한 도시\/자치도시은(는) [파리_(프랑스)]인가요?","ansArr":["T","F","F"],"e1St":11,"ans":"F","e2En":106,"rel":"capital","e1En":16,"e1":"[프랑스]","qid":0,"e2":"[파리_(프랑스)]"}],"pIdx":1,"text":"[비리샤티용]()은 [프랑스] [일드프랑스] [에손_주]에 위치한 도시로 면적은 6.07㎢, 인구는 31,600명([2006년] 기준), 인구 밀도는 5,200명\/㎢이다. [파리_(프랑스)]에서 20.9km 정도 떨어진 곳에 위치한다."}]}