{"paragraphs":[{"globalSId":[2364487,2364488,2364489,2364490,2364491],"wikiPageId":585033,"questions":[{"e2St":23,"nlq":"[펠리페_5세] (이)라는 인물의 배우자 (동거인의 개념은 아님)은(는) [이사벨_디_파르네시오]인가요?","ansArr":["T","T","T"],"e1St":7,"ans":"T","e2En":36,"rel":"spouse","e1En":15,"e1":"[펠리페_5세]","qid":0,"e2":"[이사벨_디_파르네시오]"},{"e2St":94,"nlq":"[펠리페_5세]가 죽은 장소은(는) [스페인]인가요?","ansArr":["F","T","F"],"e1St":7,"ans":"F","e2En":98,"rel":"deathPlace","e1En":15,"e1":"[펠리페_5세]","qid":1,"e2":"[스페인]"},{"e2St":252,"nlq":"[펠리페_5세]가 죽은 장소은(는) <스페인>인가요?","ansArr":["F","T","F"],"e1St":7,"ans":"F","e2En":257,"rel":"deathPlace","e1En":15,"e1":"[펠리페_5세]","qid":2,"e2":"<스페인>"},{"e2St":94,"nlq":"[이사벨_디_파르네시오]가 죽은 장소은(는) [스페인]인가요?","ansArr":["F","T","F"],"e1St":23,"ans":"F","e2En":98,"rel":"deathPlace","e1En":36,"e1":"[이사벨_디_파르네시오]","qid":3,"e2":"[스페인]"},{"e2St":252,"nlq":"[이사벨_디_파르네시오]가 죽은 장소은(는) <스페인>인가요?","ansArr":["F","T","F"],"e1St":23,"ans":"F","e2En":257,"rel":"deathPlace","e1En":36,"e1":"[이사벨_디_파르네시오]","qid":4,"e2":"<스페인>"},{"e2St":259,"nlq":"[이사벨_디_파르네시오]가 태어난 장소은(는) [파르마]인가요?","ansArr":["F","T","F"],"e1St":23,"ans":"F","e2En":264,"rel":"birthPlace","e1En":36,"e1":"[이사벨_디_파르네시오]","qid":5,"e2":"[파르마]"},{"e2St":259,"nlq":"[파르마_공국] (이)라는 지방 정부나 중앙 정부가 위치한 도시\/자치도시은(는) [파르마]인가요?","ansArr":["F","T","F"],"e1St":53,"ans":"F","e2En":264,"rel":"capital","e1En":61,"e1":"[파르마_공국]","qid":6,"e2":"[파르마]"}],"pIdx":2,"text":"생애. 그는 [펠리페_5세]와 그의 아내 [이사벨_디_파르네시오] 사이에서 삼남으로 태어났다. [파르마_공국]은 외가인 [파르네세_가문]의 통치를 받았으나, 대가 끊켜 [스페인] 왕실로 넘어가게 되었다. 그러나 [폴란드_왕위_계승_전쟁]으로 인하여, [오스트리아_대공국]에게 [파르마_공국]과 [토스카나_대공국]을 양도하고, [나폴리_왕국]과 [시칠리아_왕국]을 얻게 되었다. 그러나 [7년_전쟁]에서 [오스트리아]가 패하여, [엑스라샤펠_조약]으로 <스페인>은 [파르마]까지 얻게 되었고, 그의 형인 [카를로스_3세]는 이미 많은 작위를 가지고 있었으므로, [펠리페]가 [파르마의_군주]이 되는 것으로 결정되었으며, [파르마_공국]에서는 [부르봉파르마_가문]의 통치가 시작된다."},{"globalSId":[3356367,3356368],"wikiPageId":1116049,"questions":[{"e2St":9,"nlq":"<구비오>의 국가은(는) [이탈리아]인가요?","ansArr":["T","T","T"],"e1St":0,"ans":"T","e2En":15,"rel":"country","e1En":5,"e1":"<구비오>","qid":0,"e2":"[이탈리아]"},{"e2St":16,"nlq":"<구비오>가 있거나 연결되어있는 지역은(는) [움브리아_주]인가요?","ansArr":["T","T","T"],"e1St":0,"ans":"T","e2En":24,"rel":"region","e1En":5,"e1":"<구비오>","qid":1,"e2":"[움브리아_주]"}],"pIdx":1,"text":"<구비오>()는 [이탈리아] [움브리아_주] [페루자_현]에 위치한 <코무네>다. [아펜니노_산맥] 산맥에 위치한 작은 산인 [인지노](Ingino) 산의 비탈면에 위치해있다."},{"globalSId":[3177450,3177451,3177452,3177453],"wikiPageId":1002976,"questions":[{"e2St":68,"nlq":"<조지_프레보스트>의 국적은(는) [영국]인가요?","ansArr":["F","T","T"],"e1St":0,"ans":"T","e2En":72,"rel":"nationality","e1En":10,"e1":"<조지_프레보스트>","qid":0,"e2":"[영국]"},{"e2St":111,"nlq":"<조지_프레보스트>가 태어난 장소은(는) [뉴저지_식민지]인가요?","ansArr":["T","T","T"],"e1St":0,"ans":"T","e2En":120,"rel":"birthPlace","e1En":10,"e1":"<조지_프레보스트>","qid":1,"e2":"[뉴저지_식민지]"},{"e2St":215,"nlq":"<조지_프레보스트> (이)라는 인물이나 주제가 참여한 전투, 전쟁, 교전은(는) [프랑스_혁명_전쟁]인가요?","ansArr":["T","T","T"],"e1St":0,"ans":"T","e2En":226,"rel":"battle","e1En":10,"e1":"<조지_프레보스트>","qid":2,"e2":"[프랑스_혁명_전쟁]"},{"e2St":317,"nlq":"<프랑스인> (이)라는 인종 집단의 구성원들이 살고있는 곳은(는) <미국>인가요?","ansArr":["F","F","F"],"e1St":143,"ans":"F","e2En":321,"rel":"populationPlace","e1En":149,"e1":"<프랑스인>","qid":3,"e2":"<미국>"},{"e2St":368,"nlq":"<프랑스인> (이)라는 인종 집단의 구성원들이 살고있는 곳은(는) <캐나다>인가요?","ansArr":["F","F","F"],"e1St":143,"ans":"F","e2En":373,"rel":"populationPlace","e1En":149,"e1":"<프랑스인>","qid":4,"e2":"<캐나다>"},{"e2St":228,"nlq":"[프랑스_혁명_전쟁] (이)라는 전쟁의 승전국 혹은 승전자, 승전부대은(는) [나폴레옹_전쟁]인가요?","ansArr":["F","F","F"],"e1St":215,"ans":"F","e2En":237,"rel":"result","e1En":226,"e1":"[프랑스_혁명_전쟁]","qid":5,"e2":"[나폴레옹_전쟁]"},{"e2St":244,"nlq":"[나폴레옹_전쟁]의 군사 분쟁의 장소은(는) [서인도_제도]인가요?","ansArr":["T","F","T"],"e1St":228,"ans":"T","e2En":252,"rel":"place","e1En":237,"e1":"[나폴레옹_전쟁]","qid":6,"e2":"[서인도_제도]"}],"pIdx":1,"text":"<조지_프레보스트>(Sir George Pr?vost, [1767년] [5월_19일] - [1816년] [1월_5일])는 [영국]의 군인이자, [영미_전쟁] 때의 [캐나다] 식민지의 총사령관이었다. [뉴저지_식민지] [하켄색]에서 출생하였고, [스위스]계 <프랑스인> [오거스틴_프레보스트]의 장자로, <영국군>에 젊은 나이에 입대하여 [1784년]에 대위가 되었다. [프레보스트]는 [프랑스_혁명_전쟁]과 [나폴레옹_전쟁] 기간 내내 [서인도_제도]에서 복무를 하였으며, [1794년]에서 [1796년]까지 [세인트_빈센트]에서는 사령관이 되었다. 그는 [영국]과 <미국> 사이에 벌어진 [영미전쟁] 때 민간인 주지사 장군이자, [영국]령 [북미](현재의 <캐나다>의 일부) 주둔군 총사령관으로 가장 잘 알려진 인물이다."}]}