{"paragraphs":[{"globalSId":[784586,784587,784588,784589],"wikiPageId":104255,"questions":[{"e2St":168,"nlq":"<아이티어>의 국가은(는) [아이티]인가요?","ansArr":["F","F","T"],"e1St":4,"ans":"F","e2En":173,"rel":"country","e1En":10,"e1":"<아이티어>","qid":0,"e2":"[아이티]"},{"e2St":168,"nlq":"<아이티어> (이)라는 언어를 사용하는 지역은(는) [아이티]인가요?","ansArr":["F","F","T"],"e1St":4,"ans":"F","e2En":173,"rel":"spokenIn","e1En":10,"e1":"<아이티어>","qid":1,"e2":"[아이티]"},{"e2St":53,"nlq":"[프랑스어]가 있거나 연결되어있는 지역은(는) <서아프리카>인가요?","ansArr":["F","F","T"],"e1St":20,"ans":"F","e2En":60,"rel":"region","e1En":26,"e1":"[프랑스어]","qid":2,"e2":"<서아프리카>"},{"e2St":168,"nlq":"[프랑스어]의 국가은(는) [아이티]인가요?","ansArr":["F","F","T"],"e1St":20,"ans":"F","e2En":173,"rel":"country","e1En":26,"e1":"[프랑스어]","qid":3,"e2":"[아이티]"},{"e2St":145,"nlq":"[아메리카]가 사용하는 언어은(는) [영어]인가요?","ansArr":["F","F","T"],"e1St":104,"ans":"F","e2En":148,"rel":"language","e1En":109,"e1":"[아메리카]","qid":4,"e2":"[영어]"},{"e2St":175,"nlq":"[아메리카]가 사용하는 언어은(는) [프랑스어]인가요?","ansArr":["F","F","T"],"e1St":104,"ans":"F","e2En":181,"rel":"language","e1En":109,"e1":"[아메리카]","qid":5,"e2":"[프랑스어]"},{"e2St":200,"nlq":"[아메리카]가 사용하는 언어은(는) <아이티어>인가요?","ansArr":["F","F","F"],"e1St":104,"ans":"F","e2En":206,"rel":"language","e1En":109,"e1":"[아메리카]","qid":6,"e2":"<아이티어>"},{"e2St":208,"nlq":"[아메리카]가 사용하는 언어은(는) <프랑스어>인가요?","ansArr":["F","F","T"],"e1St":104,"ans":"F","e2En":214,"rel":"language","e1En":109,"e1":"[아메리카]","qid":7,"e2":"<프랑스어>"},{"e2St":175,"nlq":"[아이티]의 공식 언어은(는) [프랑스어]인가요?","ansArr":["F","F","T"],"e1St":168,"ans":"F","e2En":181,"rel":"officialLanguage","e1En":173,"e1":"[아이티]","qid":8,"e2":"[프랑스어]"},{"e2St":175,"nlq":"[아이티]가 사용하는 언어은(는) [프랑스어]인가요?","ansArr":["F","F","T"],"e1St":168,"ans":"F","e2En":181,"rel":"language","e1En":173,"e1":"[아이티]","qid":9,"e2":"[프랑스어]"},{"e2St":200,"nlq":"[아이티]의 공식 언어은(는) <아이티어>인가요?","ansArr":["F","F","T"],"e1St":168,"ans":"F","e2En":206,"rel":"officialLanguage","e1En":173,"e1":"[아이티]","qid":10,"e2":"<아이티어>"},{"e2St":200,"nlq":"[아이티]가 사용하는 언어은(는) <아이티어>인가요?","ansArr":["F","F","T"],"e1St":168,"ans":"F","e2En":206,"rel":"language","e1En":173,"e1":"[아이티]","qid":11,"e2":"<아이티어>"},{"e2St":208,"nlq":"[아이티]의 공식 언어은(는) <프랑스어>인가요?","ansArr":["F","F","T"],"e1St":168,"ans":"F","e2En":214,"rel":"officialLanguage","e1En":173,"e1":"[아이티]","qid":12,"e2":"<프랑스어>"},{"e2St":208,"nlq":"[아이티]가 사용하는 언어은(는) <프랑스어>인가요?","ansArr":["F","F","T"],"e1St":168,"ans":"F","e2En":214,"rel":"language","e1En":173,"e1":"[아이티]","qid":13,"e2":"<프랑스어>"}],"pIdx":2,"text":"성립. <아이티어>는 언어의 뿌리를 [프랑스어]에 두고 있는 [크리올_(언어학)]이며, 여기에 <서아프리카>의 [월로프어], [그베어] 등의 영향을 받아 이루어졌다. [스페인어]와 여러 [아메리카] 토착어의 영향도 더해졌으며, 다른 언어들과 마찬가지로 현재는 [영어]의 영향이 커지는 추세이다. 흔히 [아이티]식 [프랑스어] 정도로 생각하는 사람도 있지만, <아이티어>는 <프랑스어>와 말소리로 서로 통하지 않으며, 문법틀도 큰 차이가 있다."}]}