{"paragraphs":[{"globalSId":[2235396,2235397],"wikiPageId":523194,"questions":[{"e2St":89,"nlq":"[인디펜던스급_항공모함]의 종류(타입)은(는) [경항공모함]인가요?","ansArr":["T","T","T"],"e1St":0,"ans":"T","e2En":96,"rel":"type","e1En":12,"e1":"[인디펜던스급_항공모함]","qid":0,"e2":"[경항공모함]"}],"pIdx":1,"text":"[인디펜던스급_항공모함](Independence class aircraft carrier)은 [제2차_세계대전], [한국전쟁] 등에 사용되었던 [미국_해군]의 [경항공모함]이다. [프랭클린_루즈벨트] 대통령의 해군 계획에 의해 개발되었으며, 표준 배수량 11,000톤, 총 9척이 건조되었다."},{"globalSId":[1505607,1505608,1505609,1505610,1505611,1505612,1505613],"wikiPageId":266657,"questions":[{"e2St":321,"nlq":"[수성구]를 포함하는 것은(는) [대구광역시]인가요?","ansArr":["T","T","T"],"e1St":76,"ans":"T","e2En":328,"rel":"isPartOf","e1En":81,"e1":"[수성구]","qid":0,"e2":"[대구광역시]"},{"e2St":198,"nlq":"[한일운수_(대구)]가 위치한 지역은(는) [경상북도]인가요?","ansArr":["F","T","F"],"e1St":121,"ans":"F","e2En":204,"rel":"location","e1En":132,"e1":"[한일운수_(대구)]","qid":1,"e2":"[경상북도]"},{"e2St":198,"nlq":"[세진교통]가 위치한 지역은(는) [경상북도]인가요?","ansArr":["T","T","T"],"e1St":187,"ans":"T","e2En":204,"rel":"location","e1En":193,"e1":"[세진교통]","qid":2,"e2":"[경상북도]"},{"e2St":321,"nlq":"[세진교통] (이)라는 기관의 서비스 지역은(는) [대구광역시]인가요?","ansArr":["T","F","F"],"e1St":187,"ans":"F","e2En":328,"rel":"regionServed","e1En":193,"e1":"[세진교통]","qid":3,"e2":"[대구광역시]"}],"pIdx":2,"text":"개요. [1988년] [8월_24일]에 시내버스 운송면허를 취득하여 설립했고 [대구광역시]의 시내버스 회사 중 역사가 제일 짧다. 원래 [수성구] [사월동] 400-9번지로 [사월역] 인근에 차고지가 있었고 이 때는 [한일운수_(대구)]와 같이 썼다. 그러나 [사월역] 인근 [사월동] 차고지 자리에 아파트가 들어서게 되면서 차고지를 [세진교통]이 있는 [경상북도] [경산시] 대평동으로 이전했다. [2004년]에 [세진교통]이 [동광버스자동차]를 완전히 합병했을 때 [동광버스자동차]의 일부 차량을 받아 회사 규모를 키웠다. [2006년]부터 노선별 전담제가 실시된 이후 [대구광역시]의 시내버스 회사 중 처음으로 노선 전담을 맞트레이드했다. [2008년] [12월_15일]에 [창성여객_(대구)]과 618번과 649번 노선 배차분을 맞트레이드했는데, 이는 [압량면_금구리]\/대곡지구([남도버스])까지 가는 공차 거리 때문이다."},{"globalSId":[3287496,3287497],"wikiPageId":1076471,"questions":[{"e2St":39,"nlq":"<고자카이_역>의 소유 조직은(는) [도카이_여객철도]인가요?","ansArr":["T","T","T"],"e1St":0,"ans":"T","e2En":49,"rel":"owningOrganisation","e1En":8,"e1":"<고자카이_역>","qid":0,"e2":"[도카이_여객철도]"},{"e2St":39,"nlq":"<고자카이_역> (이)라는 역을 운행하는 회사 또는 노선은(는) [도카이_여객철도]인가요?","ansArr":["T","T","T"],"e1St":0,"ans":"T","e2En":49,"rel":"servingRailwayLine","e1En":8,"e1":"<고자카이_역>","qid":1,"e2":"[도카이_여객철도]"},{"e2St":50,"nlq":"<고자카이_역> (이)라는 역을 운행하는 회사 또는 노선은(는) [이다_선]인가요?","ansArr":["T","T","T"],"e1St":0,"ans":"T","e2En":56,"rel":"servingRailwayLine","e1En":8,"e1":"<고자카이_역>","qid":2,"e2":"[이다_선]"}],"pIdx":1,"text":"<고자카이_역>()은 [일본] [아이치_현] [도요카와_시]에 위치한 [도카이_여객철도] [이다_선]의 [철도역]이다. [상대식_승강장] 2면 2선의 구조를 갖춘 지상역이다."},{"globalSId":[3770013,3770014,3770015],"wikiPageId":1486647,"questions":[{"e2St":25,"nlq":"[마리야_김부타스] (이)라는 인물의 직업은(는) [고고학]인가요?","ansArr":["F","F","F"],"e1St":13,"ans":"F","e2En":30,"rel":"occupation","e1En":23,"e1":"[마리야_김부타스]","qid":0,"e2":"[고고학]"},{"e2St":72,"nlq":"[마리야_김부타스]가 알려진 일, 역사적인 사건 등. 사람, 조직, 집중력 캠프 등은(는) [쿠르간_가설]인가요?","ansArr":["F","T","T"],"e1St":13,"ans":"T","e2En":79,"rel":"knownFor","e1En":23,"e1":"[마리야_김부타스]","qid":1,"e2":"[쿠르간_가설]"}],"pIdx":2,"text":"제창. [1956년]에 [마리야_김부타스]는 [고고학]과 [언어학]을 결합하여, [인도유럽조어]를 말하는 사람들의 기원에 관하여 [쿠르간_가설]을 제창하였다. [김부타스]는 [러시아] 남부의 <쿠르간>(Kurgan, )이라는 수반 분묘를 가진 문화를 조사하여 이를 \"쿠르간 문화\"라고 부르고, 쿠르간형의 분구묘가 [유럽·중앙아시아] 전역에 퍼졌다는 사실을 밝혀냈다."},{"globalSId":[3241883,3241884],"wikiPageId":1042000,"questions":[{"e2St":13,"nlq":"<카날레몬테라노>의 국가은(는) [이탈리아]인가요?","ansArr":["T","T","T"],"e1St":0,"ans":"T","e2En":19,"rel":"country","e1En":9,"e1":"<카날레몬테라노>","qid":0,"e2":"[이탈리아]"},{"e2St":20,"nlq":"<카날레몬테라노>가 있거나 연결되어있는 지역은(는) [라치오_주]인가요?","ansArr":["T","T","T"],"e1St":0,"ans":"T","e2En":27,"rel":"region","e1En":9,"e1":"<카날레몬테라노>","qid":1,"e2":"[라치오_주]"},{"e2St":28,"nlq":"<카날레몬테라노>의 행정구역은(는) [로마_현]인가요?","ansArr":["T","T","T"],"e1St":0,"ans":"T","e2En":34,"rel":"administrativeDistrict","e1En":9,"e1":"<카날레몬테라노>","qid":2,"e2":"[로마_현]"},{"e2St":28,"nlq":"<카날레몬테라노>가 있거나 연결되어있는 지역은(는) [로마_현]인가요?","ansArr":["F","T","T"],"e1St":0,"ans":"T","e2En":34,"rel":"region","e1En":9,"e1":"<카날레몬테라노>","qid":3,"e2":"[로마_현]"},{"e2St":48,"nlq":"[이탈리아] (이)라는 지방 정부나 중앙 정부가 위치한 도시\/자치도시은(는) [로마]인가요?","ansArr":["T","T","F"],"e1St":13,"ans":"T","e2En":52,"rel":"capital","e1En":19,"e1":"[이탈리아]","qid":4,"e2":"[로마]"},{"e2St":48,"nlq":"[라치오_주] (이)라는 장소에서의 가장 큰 도시은(는) [로마]인가요?","ansArr":["F","F","F"],"e1St":20,"ans":"F","e2En":52,"rel":"largestCity","e1En":27,"e1":"[라치오_주]","qid":5,"e2":"[로마]"},{"e2St":48,"nlq":"[라치오_주] (이)라는 지방 정부나 중앙 정부가 위치한 도시\/자치도시은(는) [로마]인가요?","ansArr":["T","T","F"],"e1St":20,"ans":"T","e2En":52,"rel":"capital","e1En":27,"e1":"[라치오_주]","qid":6,"e2":"[로마]"}],"pIdx":1,"text":"<카날레몬테라노>()는 [이탈리아] [라치오_주] [로마_현]에 위치한 <코무네>다. [로마]로부터 북서쪽 40km 거리에 있다."}]}