{"paragraphs":[{"globalSId":[1941285,1941286,1941287,1941288],"wikiPageId":398178,"questions":[{"e2St":282,"nlq":"[멕시코_만]의 국가은(는) [미국]인가요?","ansArr":["F","F","F"],"e1St":265,"ans":"F","e2En":286,"rel":"country","e1En":272,"e1":"[멕시코_만]","qid":0,"e2":"[미국]"},{"e2St":288,"nlq":"[멕시코_만]의 국가은(는) [멕시코]인가요?","ansArr":["F","T","F"],"e1St":265,"ans":"F","e2En":293,"rel":"country","e1En":272,"e1":"[멕시코_만]","qid":1,"e2":"[멕시코]"}],"pIdx":1,"text":"[카보베르데형_허리케인](Cape Verde-type hurricane)은 [카보베르데] 주변에서 발생하는 [허리케인]을 가리키는 말이다. 1년에 약 2개의 [카보베르데형_허리케인]이 발생하며, 높은 수온의 영향으로 매우 강력한 허리케인으로 발달하는 편이다. [대서양]에서 발생하는 오랜 기간동안 활동한 허리케인들을 보면, 대다수가 [카보베르데형_허리케인]이다. 대부분의 [카보베르데형_허리케인]은 육지에 상륙하지 않고 북동진하나, 가끔씩 몇몇의 허리케인이 [카리브_해]와 [멕시코_만] 쪽으로 진행하여 [미국], [멕시코], [버뮤다] 등의 [북아메리카] 국가들에 큰 피해를 입히기도 한다."},{"globalSId":[3577955,3577956,3577957],"wikiPageId":1317497,"questions":[{"e2St":35,"nlq":"<트르구무레슈>의 국가은(는) [루마니아]인가요?","ansArr":["T","T","T"],"e1St":6,"ans":"T","e2En":41,"rel":"country","e1En":14,"e1":"<트르구무레슈>","qid":0,"e2":"[루마니아]"},{"e2St":99,"nlq":"<트르구무레슈>의 국가은(는) <루마니아>인가요?","ansArr":["T","T","T"],"e1St":6,"ans":"T","e2En":105,"rel":"country","e1En":14,"e1":"<트르구무레슈>","qid":1,"e2":"<루마니아>"},{"e2St":35,"nlq":"[트르구무레슈]의 국가은(는) [루마니아]인가요?","ansArr":["T","T","T"],"e1St":18,"ans":"T","e2En":41,"rel":"country","e1En":26,"e1":"[트르구무레슈]","qid":2,"e2":"[루마니아]"},{"e2St":99,"nlq":"[트르구무레슈]의 국가은(는) <루마니아>인가요?","ansArr":["T","T","T"],"e1St":18,"ans":"T","e2En":105,"rel":"country","e1En":26,"e1":"[트르구무레슈]","qid":3,"e2":"<루마니아>"}],"pIdx":1,"text":"[ASA] <트르구무레슈>()는 [트르구무레슈]를 연고로 하는 [루마니아]의 축구 구단이다. [2008년] 창단하였고 창단 당시 이름은 \"[FCM] <트르구무레슈>\"였다. 현재 <루마니아>의 최상위 리그인 [리가_I]에 참가하고 있으며, 2014-15 시즌 2위를 하게 되어 [UEFA_유로파리그_2015-16]에 참가하게 된다."},{"globalSId":[2475760,2475761],"wikiPageId":637486,"questions":[{"e2St":12,"nlq":"<외황강>가 위치한 행정 구역은(는) [울산광역시]인가요?","ansArr":["T","T","T"],"e1St":0,"ans":"T","e2En":19,"rel":"city","e1En":5,"e1":"<외황강>","qid":0,"e2":"[울산광역시]"},{"e2St":62,"nlq":"[울주군]를 포함하는 것은(는) [울산광역시]인가요?","ansArr":["T","T","T"],"e1St":20,"ans":"T","e2En":69,"rel":"isPartOf","e1En":25,"e1":"[울주군]","qid":1,"e2":"[울산광역시]"},{"e2St":62,"nlq":"[청량면]가 있거나 연결되어있는 지역은(는) [울산광역시]인가요?","ansArr":["T","T","T"],"e1St":26,"ans":"T","e2En":69,"rel":"region","e1En":31,"e1":"[청량면]","qid":2,"e2":"[울산광역시]"},{"e2St":62,"nlq":"[문수산]가 위치한 행정 구역은(는) [울산광역시]인가요?","ansArr":["T","T","T"],"e1St":38,"ans":"T","e2En":69,"rel":"locatedInArea","e1En":43,"e1":"[문수산]","qid":3,"e2":"[울산광역시]"}],"pIdx":1,"text":"<외황강>(外煌江)은 [울산광역시] [울주군] [청량면] [율리]의 [문수산] [청송사지] 약수터에서 발원하여 [울산광역시] [온산읍] [처용리]와 [남구_(울산광역시)] <선암동_(울산)>에서 [동해]로 흘러드는 하천이다. 흐르는 도중에 [두현저수지]를 거친다."},{"globalSId":[413147,413148,413149,413150,413151,413152,413153],"wikiPageId":43793,"questions":[{"e2St":79,"nlq":"[사랑이_뭐길래] (이)라는 글을 쓴 사람은(는) <김수현_(작가)>인가요?","ansArr":["T","T","T"],"e1St":67,"ans":"T","e2En":89,"rel":"author","e1En":76,"e1":"[사랑이_뭐길래]","qid":0,"e2":"<김수현_(작가)>"},{"e2St":79,"nlq":"[사랑이_뭐길래] (이)라는 작품을 쓴 인물은(는) <김수현_(작가)>인가요?","ansArr":["T","T","T"],"e1St":67,"ans":"T","e2En":89,"rel":"writer","e1En":76,"e1":"[사랑이_뭐길래]","qid":1,"e2":"<김수현_(작가)>"},{"e2St":472,"nlq":"[사랑이_뭐길래]에 출연한 배우은(는) [김혜자]인가요?","ansArr":["T","T","T"],"e1St":67,"ans":"T","e2En":477,"rel":"starring","e1En":76,"e1":"[사랑이_뭐길래]","qid":2,"e2":"[김혜자]"}],"pIdx":17,"text":"인기가 뭐길래. [1991년]에는 안방에 <김수현_(작가)>의 작품 두 개가 나란히 방영되었다. [MBC_주말연속극] 《[사랑이_뭐길래]》는 <김수현_(작가)>의 오리지널 각본이고, [SBS] [소설극장] 《[여자_마흔다섯]》은 <김수현_(작가)>의 소설 《[여자_나이_마흔다섯]》을 각본가 [김금자]가 각색하여 집필한 것이다. [1991년] 방영 당시 [서울] 시내 수돗물 사용량이 줄어들 정도로 공전의 히트를 기록한 《[사랑이_뭐길래]》에 잠깐 삽입되었던 [김국환]의 노래 《[타타타_(노래)]》는 한참 전에 발표되었으나 주목받지 못하다가 드라마의 인기에 힘입어 레코드 품귀현상까지 빚으며 화제의 돌풍을 일으켰다. 또한, 15년간 무명가수로 밤무대를 전전하던 가수 [김국환]은 하루아침에 스타덤에 올랐다. \\\"네가 나를 모르는데 난들 너를 알겠느냐\\\/ 한치 앞도 몰라 다 안다면 재미없지...\\\"로 시작되는 노래가 《[사랑이_뭐길래]》에서 [김혜자]의 극중 심리상태와 절묘하게 맞아떨어졌다는 것이 인기 요인이라는 분석이다. 이 노래는 <김수현_(작가)>이 우연히 차안에서 라디오를 듣다가 가사 내용이 재미있어 소개한 것이라고 한다."}]}