{"paragraphs":[{"globalSId":[3274711,3274712,3274713],"wikiPageId":1066379,"questions":[{"e2St":17,"nlq":"<치비텔라메세르라이몬도>의 국가은(는) [이탈리아]인가요?","ansArr":["T","T","T"],"e1St":0,"ans":"T","e2En":23,"rel":"country","e1En":13,"e1":"<치비텔라메세르라이몬도>","qid":0,"e2":"[이탈리아]"},{"e2St":24,"nlq":"<치비텔라메세르라이몬도>가 있거나 연결되어있는 지역은(는) [아브루초_주]인가요?","ansArr":["T","T","T"],"e1St":0,"ans":"T","e2En":32,"rel":"region","e1En":13,"e1":"<치비텔라메세르라이몬도>","qid":1,"e2":"[아브루초_주]"},{"e2St":33,"nlq":"<치비텔라메세르라이몬도>의 행정구역은(는) [키에티_현]인가요?","ansArr":["T","T","T"],"e1St":0,"ans":"T","e2En":40,"rel":"administrativeDistrict","e1En":13,"e1":"<치비텔라메세르라이몬도>","qid":2,"e2":"[키에티_현]"},{"e2St":33,"nlq":"<치비텔라메세르라이몬도>가 있거나 연결되어있는 지역은(는) [키에티_현]인가요?","ansArr":["T","T","T"],"e1St":0,"ans":"T","e2En":40,"rel":"region","e1En":13,"e1":"<치비텔라메세르라이몬도>","qid":3,"e2":"[키에티_현]"}],"pIdx":1,"text":"<치비텔라메세르라이몬도>()는 [이탈리아] [아브루초_주] [키에티_현]에 있는 [코무네]이다. [키에티]로부터 48km 거리에 있다. [1863년]까지 [치비텔라](Civitella)라는 이름으로 알려졌다."},{"globalSId":[3064056,3064057],"wikiPageId":937339,"questions":[{"e2St":18,"nlq":"<카스텔베테레인발포르토레>의 국가은(는) [이탈리아]인가요?","ansArr":["T","T","T"],"e1St":0,"ans":"T","e2En":24,"rel":"country","e1En":14,"e1":"<카스텔베테레인발포르토레>","qid":0,"e2":"[이탈리아]"},{"e2St":25,"nlq":"<카스텔베테레인발포르토레>가 있거나 연결되어있는 지역은(는) [캄파니아_주]인가요?","ansArr":["T","T","T"],"e1St":0,"ans":"T","e2En":33,"rel":"region","e1En":14,"e1":"<카스텔베테레인발포르토레>","qid":1,"e2":"[캄파니아_주]"},{"e2St":34,"nlq":"<카스텔베테레인발포르토레>의 행정구역은(는) [베네벤토_현]인가요?","ansArr":["T","T","T"],"e1St":0,"ans":"T","e2En":42,"rel":"administrativeDistrict","e1En":14,"e1":"<카스텔베테레인발포르토레>","qid":2,"e2":"[베네벤토_현]"},{"e2St":34,"nlq":"<카스텔베테레인발포르토레>가 있거나 연결되어있는 지역은(는) [베네벤토_현]인가요?","ansArr":["T","T","T"],"e1St":0,"ans":"T","e2En":42,"rel":"region","e1En":14,"e1":"<카스텔베테레인발포르토레>","qid":3,"e2":"[베네벤토_현]"}],"pIdx":1,"text":"<카스텔베테레인발포르토레>()는 [이탈리아] [캄파니아_주] [베네벤토_현]의 코무네다. [나폴리]로부터 북동쪽으로 90km , [베네벤토] 북동쪽으로 35km 거리에 있다."},{"globalSId":[3882140,3882141,3882142],"wikiPageId":1655041,"questions":[{"e2St":48,"nlq":"[틈새얼굴박쥐]의 생물종은(는) [박쥐]인가요?","ansArr":["T","T","T"],"e1St":34,"ans":"T","e2En":52,"rel":"order","e1En":42,"e1":"[틈새얼굴박쥐]","qid":0,"e2":"[박쥐]"}],"pIdx":1,"text":"[이집트틈새얼굴박쥐](\"Nycteris thebaica\")는 [틈새얼굴박쥐]에 속하는 [박쥐]의 일종이다. [아프리카] 전역과 [중동]에 널리 분포한다. 6종의 아종이 알려져 있다."},{"globalSId":[572448,572449,572450],"wikiPageId":69833,"questions":[{"e2St":21,"nlq":"[루마니아_왕국]의 지도자은(는) [카롤_2세]인가요?","ansArr":["T","T","T"],"e1St":8,"ans":"T","e2En":28,"rel":"leaderName","e1En":17,"e1":"[루마니아_왕국]","qid":0,"e2":"[카롤_2세]"},{"e2St":37,"nlq":"[루마니아_왕국]의 지도자은(는) [미하이_1세]인가요?","ansArr":["T","T","F"],"e1St":8,"ans":"T","e2En":45,"rel":"leaderName","e1En":17,"e1":"[루마니아_왕국]","qid":1,"e2":"[미하이_1세]"},{"e2St":37,"nlq":"[카롤_2세]의 후임자은(는) [미하이_1세]인가요?","ansArr":["F","F","F"],"e1St":21,"ans":"F","e2En":45,"rel":"successor","e1En":28,"e1":"[카롤_2세]","qid":2,"e2":"[미하이_1세]"},{"e2St":37,"nlq":"[카롤_2세]의 전임자은(는) [미하이_1세]인가요?","ansArr":["T","T","T"],"e1St":21,"ans":"T","e2En":45,"rel":"predecessor","e1En":28,"e1":"[카롤_2세]","qid":3,"e2":"[미하이_1세]"},{"e2St":37,"nlq":"[카롤_2세]의 자녀은(는) [미하이_1세]인가요?","ansArr":["T","T","T"],"e1St":21,"ans":"T","e2En":45,"rel":"child","e1En":28,"e1":"[카롤_2세]","qid":4,"e2":"[미하이_1세]"},{"e2St":105,"nlq":"[카롤_2세] (이)라는 인물의 배우자 (동거인의 개념은 아님)은(는) [마그다_루페스쿠]인가요?","ansArr":["T","F","F"],"e1St":21,"ans":"F","e2En":115,"rel":"spouse","e1En":28,"e1":"[카롤_2세]","qid":5,"e2":"[마그다_루페스쿠]"},{"e2St":71,"nlq":"[미하이_1세]의 부모은(는) [카롤_2세]인가요?","ansArr":["T","T","T"],"e1St":37,"ans":"T","e2En":77,"rel":"parent","e1En":45,"e1":"[미하이_1세]","qid":6,"e2":"[카롤_2세]"},{"e2St":71,"nlq":"[미하이_1세]의 후임자은(는) [카롤_2세]인가요?","ansArr":["T","T","T"],"e1St":37,"ans":"T","e2En":77,"rel":"successor","e1En":45,"e1":"[미하이_1세]","qid":7,"e2":"[카롤_2세]"},{"e2St":71,"nlq":"[미하이_1세]의 전임자은(는) [카롤_2세]인가요?","ansArr":["F","F","F"],"e1St":37,"ans":"F","e2En":77,"rel":"predecessor","e1En":45,"e1":"[미하이_1세]","qid":8,"e2":"[카롤_2세]"}],"pIdx":17,"text":"[1930년] [루마니아_왕국]에서는 [카롤_2세]가 자신의 아들 [미하이_1세]를 밀어내고 왕위에 오르는 사건이 발생하였다. [카롤_2세]는 [1925년] [치치_람브리노]와 헤어진 뒤 [마그다_루페스쿠]와 열애에 빠졌고 이로 인해 왕위 계승권을 박탈당한 상태로 외국 생활을 시작하였다. 그러나 [1930년] 귀국한 [카롤_2세]는 자신의 왕위를 주장하였고 미성년자였던 [카롤_2세]의 아들 [미하이_1세]는 퇴위하여 왕세자가 되었다."}]}