{"paragraphs":[{"globalSId":[3769952,3769953],"wikiPageId":1486408,"questions":[{"e2St":35,"nlq":"[미하일자이체프땃쥐]의 생물종은(는) [땃쥐류]인가요?","ansArr":["F","T","T"],"e1St":0,"ans":"T","e2En":40,"rel":"family","e1En":10,"e1":"[미하일자이체프땃쥐]","qid":0,"e2":"[땃쥐류]"}],"pIdx":1,"text":"[미하일자이체프땃쥐](\"Crocidura zaitsevi\")는 [땃쥐류]에 속하는 [포유류]의 일종이다. [베트남] [안남_산맥] 남부의 [응옥린_산]의 해발 1,650~2,300m 높이에서 발견되었다."},{"globalSId":[468678,468679,468680],"wikiPageId":50461,"questions":[{"e2St":15,"nlq":"<몰타어>의 공통 조상으로부터 진화 된 일련의 언어들은(는) [아랍어]인가요?","ansArr":["T","F","T"],"e1St":4,"ans":"T","e2En":19,"rel":"languageFamily","e1En":9,"e1":"<몰타어>","qid":0,"e2":"[아랍어]"},{"e2St":136,"nlq":"<몰타어>의 공통 조상으로부터 진화 된 일련의 언어들은(는) <아랍어>인가요?","ansArr":["F","F","T"],"e1St":4,"ans":"F","e2En":141,"rel":"languageFamily","e1En":9,"e1":"<몰타어>","qid":1,"e2":"<아랍어>"}],"pIdx":10,"text":"어휘. <몰타어>의 어휘는 [아랍어] 어휘를 기초로 하며([이탈리아어] [토스카나_방언]보다 오히려) [시칠리아어]에서 방대한 차용어를 받아들인 <하이브리드_커널>이다. 이 점에 있어 [로망스어]의 영향을 강하게 받은 [게르만어]인 [영어], <아랍어>의 영향을 강하게 받은 [인도이란어파]의 [페르시아어]와 닮아 있다."},{"globalSId":[2493746],"wikiPageId":644627,"questions":[{"e2St":12,"nlq":"<엘타르프_주>의 국가은(는) [알제리]인가요?","ansArr":["T","T","T"],"e1St":0,"ans":"T","e2En":17,"rel":"country","e1En":8,"e1":"<엘타르프_주>","qid":0,"e2":"[알제리]"}],"pIdx":1,"text":"<엘타르프_주>()는 [알제리] 북동부에 위치한 주로, 주도는 [엘타르프]이며 면적은 3,339㎢, 인구는 411,783명([2008년] 기준)이다."},{"globalSId":[2297117,2297118,2297119],"wikiPageId":555252,"questions":[{"e2St":14,"nlq":"<플렌스부르크>의 국가은(는) [독일]인가요?","ansArr":["T","T","T"],"e1St":0,"ans":"T","e2En":18,"rel":"country","e1En":8,"e1":"<플렌스부르크>","qid":0,"e2":"[독일]"}],"pIdx":1,"text":"<플렌스부르크>(. )는 [독일] 북부 [슐레스비히홀슈타인_주]에 있는 도시이다. 인구 88,511([2010])."},{"globalSId":[2228362,2228363,2228364],"wikiPageId":520457,"questions":[{"e2St":162,"nlq":"[고마키·나가쿠테_전투]의 군사 분쟁의 장소은(는) [오와리_국]인가요?","ansArr":["F","F","F"],"e1St":114,"ans":"F","e2En":169,"rel":"place","e1En":127,"e1":"[고마키·나가쿠테_전투]","qid":0,"e2":"[오와리_국]"}],"pIdx":7,"text":"그 후에 중앙집권화를 진전하게 하여 토호의 지역 지배를 해체하려는 [도요토미_정권]의 동향에 <사이카슈>는 일관되게 반발을 지속하였다. [히데요시]와 [오다_노부카쓰]·[도쿠가와_이에야스] 사이에 벌어진 [고마키·나가쿠테_전투]에서는 [네고로슈]와 연합하여 [오사카_성] 주변까지 출병하여 [오와리_국]로 출진한 [히데요시]의 배후를 위협하였다. [덴쇼_13년]([1585년]), [이에야스]와 화해한 [히데요시]가 [기이]로 침습해(제2차 [기슈_정벌]), [네고로슈]의 본거지 [네고로지][根?寺]를 불사르고 <사이카슈>도 괴멸하게 했다."},{"globalSId":[2155176,2155177,2155178,2155179],"wikiPageId":489160,"questions":[{"e2St":140,"nlq":"[프랑크_왕국]의 지도자은(는) [피핀_3세]인가요?","ansArr":["F","T","F"],"e1St":66,"ans":"F","e2En":147,"rel":"leaderName","e1En":74,"e1":"[프랑크_왕국]","qid":0,"e2":"[피핀_3세]"},{"e2St":157,"nlq":"[프랑크_왕국]의 지도자은(는) [카롤루스_대제]인가요?","ansArr":["F","F","F"],"e1St":66,"ans":"F","e2En":166,"rel":"leaderName","e1En":74,"e1":"[프랑크_왕국]","qid":1,"e2":"[카롤루스_대제]"},{"e2St":157,"nlq":"[피핀_3세]의 후임자은(는) [카롤루스_대제]인가요?","ansArr":["F","F","F"],"e1St":140,"ans":"F","e2En":166,"rel":"successor","e1En":147,"e1":"[피핀_3세]","qid":2,"e2":"[카롤루스_대제]"},{"e2St":219,"nlq":"[피핀_3세]의 위치, 포지션 혹은 역할은(는) <네우스트리아>인가요?","ansArr":["F","F","F"],"e1St":140,"ans":"F","e2En":227,"rel":"position","e1En":147,"e1":"[피핀_3세]","qid":3,"e2":"<네우스트리아>"},{"e2St":219,"nlq":"[카롤루스_대제]의 위치, 포지션 혹은 역할은(는) <네우스트리아>인가요?","ansArr":["F","F","F"],"e1St":157,"ans":"F","e2En":227,"rel":"position","e1En":166,"e1":"[카롤루스_대제]","qid":4,"e2":"<네우스트리아>"}],"pIdx":1,"text":"<카를로만_(궁재)>(Carloman, [750년]\/[751년]? [6월_28일] - [771년] [12월_4일])는 [프랑크_왕국]의 서부 지역의 군주로, [카롤링거_왕조] 출신 [부르군드]와 [네우스트리아], [프로방스], [아키텐]의 영주였다. [피핀_3세]의 둘째 아들이자 [카롤루스_대제]의 동생이었다. 같은 이름을 가진 [카를로만_(궁재)]은 그의 동복 큰아버지였다. 다른 별칭은 <네우스트리아>의 <카를로만_(궁재)>(Carloman of Neustria)이기도 하다."}]}