{"paragraphs":[{"globalSId":[3858351,3858352],"wikiPageId":1633961,"questions":[{"e2St":28,"nlq":"[하얼빈_공업대학]의 국가은(는) [중화인민공화국]인가요?","ansArr":["T","T","T"],"e1St":4,"ans":"T","e2En":37,"rel":"country","e1En":13,"e1":"[하얼빈_공업대학]","qid":0,"e2":"[중화인민공화국]"},{"e2St":45,"nlq":"[하얼빈_공업대학]가 위치한 행정 구역은(는) [웨이하이_시]인가요?","ansArr":["T","T","T"],"e1St":4,"ans":"T","e2En":53,"rel":"city","e1En":13,"e1":"[하얼빈_공업대학]","qid":1,"e2":"[웨이하이_시]"},{"e2St":72,"nlq":"[하얼빈_공업대학]가 위치한 행정 구역은(는) [선전_시]인가요?","ansArr":["T","T","T"],"e1St":4,"ans":"T","e2En":78,"rel":"city","e1En":13,"e1":"[하얼빈_공업대학]","qid":2,"e2":"[선전_시]"},{"e2St":55,"nlq":"[웨이하이_시]의 국가은(는) [중화인민공화국]인가요?","ansArr":["T","T","T"],"e1St":45,"ans":"T","e2En":64,"rel":"country","e1En":53,"e1":"[웨이하이_시]","qid":3,"e2":"[중화인민공화국]"}],"pIdx":2,"text":"분교. [하얼빈_공업대학](哈??工?大?)은 현재 [중화인민공화국] [산둥_성] [웨이하이_시]와 [중화인민공화국] [광둥_성] [선전_시]에 분교가 있다."},{"globalSId":[2448168,2448169],"wikiPageId":625673,"questions":[{"e2St":19,"nlq":"[고르노바다흐샨_자치주]의 국가은(는) [타지키스탄]인가요?","ansArr":["T","T","T"],"e1St":0,"ans":"T","e2En":26,"rel":"country","e1En":12,"e1":"[고르노바다흐샨_자치주]","qid":0,"e2":"[타지키스탄]"},{"e2St":44,"nlq":"[고르노바다흐샨_자치주]를 포함하는 것은(는) [호루그]인가요?","ansArr":["F","F","T"],"e1St":0,"ans":"F","e2En":49,"rel":"isPartOf","e1En":12,"e1":"[고르노바다흐샨_자치주]","qid":1,"e2":"[호루그]"},{"e2St":102,"nlq":"[타지키스탄]가 사용하는 언어은(는) [러시아어]인가요?","ansArr":["F","F","T"],"e1St":19,"ans":"F","e2En":108,"rel":"language","e1En":26,"e1":"[타지키스탄]","qid":2,"e2":"[러시아어]"}],"pIdx":1,"text":"[고르노바다흐샨_자치주](, )는 [타지키스탄] 동부에 위치한 자치주로 주도는 [호루그]이며 면적은 64,200㎢, 인구는 218,000명(2008년 기준)이다. [고르노바다흐샨]은 [러시아어]로 \"산이 많은 [바다흐샨]\"을 뜻한다."},{"globalSId":[2027213,2027214,2027215,2027216,2027217,2027218,2027219,2027220],"wikiPageId":431821,"questions":[{"e2St":18,"nlq":"<강남대학교>의 국가은(는) [대한민국]인가요?","ansArr":["T","T","T"],"e1St":0,"ans":"T","e2En":24,"rel":"country","e1En":7,"e1":"<강남대학교>","qid":0,"e2":"[대한민국]"},{"e2St":31,"nlq":"<강남대학교>가 위치한 행정 구역은(는) [용인시]인가요?","ansArr":["T","T","T"],"e1St":0,"ans":"T","e2En":36,"rel":"city","e1En":7,"e1":"<강남대학교>","qid":1,"e2":"[용인시]"},{"e2St":54,"nlq":"<강남대학교>의 종류(타입)은(는) [사립_대학]인가요?","ansArr":["T","T","T"],"e1St":0,"ans":"T","e2En":61,"rel":"type","e1En":7,"e1":"<강남대학교>","qid":2,"e2":"[사립_대학]"}],"pIdx":1,"text":"<강남대학교>(江南大學校, )는 [대한민국] [경기도] [용인시] [기흥구] [구갈동]에 위치한 [사립_대학]으로, [1946년] [경천애인]의 창학이념으로 개교하였다. 특성 및 계획 직업 지향 교육 대학으로 나아가기 위하여 각 대학·학부·학과·전공별로 특성화하고 있다. [특성화_추진위원회] 및 [특성화_추진_평가위원회]를 운영하고, 인성교육 및 실무 교육 인증제와 겸임 교수제를 시행하고 있다. 복지사회를 선도하는 대학으로써 자원 복지 센터를 운영하고 21세기의 사회복지 <전문가>를 양성하는 프로그램을 개발·운영하고 있다. 아울러 열린교육 체제의 구현을 위하여 국내·외 대학간 학점교류, 학점 은행제 및 시간제 학생 등록제를 실시하고 평생교육원을 활성화하고 있다. 졸업 소요학점 140점이상이며, 9대학 24학과를 개설하여 전문 직업 교육의 토대를 구축하고 있다. [중국학대학] 대표적 특성화학과. 학과 내 전공 자유선택, 전과제도, 복수전공제도, 연계전공, 교직과정, 조기졸업제, 국내·외 대학간 학점교류제 실시, 사회봉사학점제실시, 강남인증제 실시, 가상대학운영, 국제화 및 정보화 교육강화, 인정학점운영제도, 외국대학과의 복수학위제 실시하고 있다."},{"globalSId":[1523341,1523342,1523343],"wikiPageId":269393,"questions":[{"e2St":116,"nlq":"[김구] (이)라는 정치인 또는 당원이 소속되어 있는 당은(는) [한국독립당]인가요?","ansArr":["T","T","T"],"e1St":99,"ans":"T","e2En":123,"rel":"party","e1En":103,"e1":"[김구]","qid":0,"e2":"[한국독립당]"},{"e2St":198,"nlq":"[한국독립당] (이)라는 조직이나 단체의 본거지가 있거나 세워져 있는 구체적인 위치은(는) [상하이]인가요?","ansArr":["F","F","T"],"e1St":116,"ans":"F","e2En":203,"rel":"headquarter","e1En":123,"e1":"[한국독립당]","qid":1,"e2":"[상하이]"}],"pIdx":7,"text":"[1924년] [12월_16일] [임시정부] 내무총장이 되었으며, [1925년] [10월]에는 국무위원 겸 재무부장이 됐다. [1930년] [1월] [독립투쟁전선통일]을 목표로 [김구]·[조완구] 등과 함께 [한국독립당](韓國獨立黨)을 창당, 조직하는데 참여하였고 [한독당] 총무이사로 피선되었다. <이봉창>, [윤봉길] 거사 이후[1933년] [3월] [상하이]에서 일본영사관 경찰에게 체포되어 <한반도>로 송환, [신의주지방법원]에서 징역 3년형을 선고받았다."}]}