{"paragraphs":[{"globalSId":[3598277],"wikiPageId":1331232,"questions":[{"e2St":59,"nlq":"[유성_미라클] (이)라는 음악 레코딩과 뮤직비디오의 마케팅을 위한 브랜드나 상표은(는) [에픽_레코드_재팬]인가요?","ansArr":["T","T","T"],"e1St":1,"ans":"T","e2En":70,"rel":"recordLabel","e1En":7,"e1":"[유성_미라클]","qid":0,"e2":"[에픽_레코드_재팬]"},{"e2St":59,"nlq":"[이키모노가카리] (이)라는 음악 레코딩과 뮤직비디오의 마케팅을 위한 브랜드나 상표은(는) [에픽_레코드_재팬]인가요?","ansArr":["T","T","T"],"e1St":14,"ans":"T","e2En":70,"rel":"recordLabel","e1En":23,"e1":"[이키모노가카리]","qid":1,"e2":"[에픽_레코드_재팬]"}],"pIdx":1,"text":"〈[유성_미라클]〉()는 [이키모노가카리]의 네 번째 [싱글_(음악)]로 [2006년] [12월_6일]에 [에픽_레코드_재팬]에서 발매됐다."},{"globalSId":[1416862,1416863,1416864,1416865],"wikiPageId":246264,"questions":[{"e2St":35,"nlq":"[ICQ] (이)라는 작품의 장르(갈래) 또는 [ICQ] (이)라는 팀이 추구하는 장르은(는) [인스턴트_메신저]인가요?","ansArr":["T","T","T"],"e1St":0,"ans":"T","e2En":45,"rel":"genre","e1En":4,"e1":"[ICQ]","qid":0,"e2":"[인스턴트_메신저]"},{"e2St":134,"nlq":"[타임_워너] (이)라는 기관에서 만든 제품은(는) [인터넷]인가요?","ansArr":["F","F","F"],"e1St":63,"ans":"F","e2En":139,"rel":"product","e1En":70,"e1":"[타임_워너]","qid":1,"e2":"[인터넷]"}],"pIdx":1,"text":"[ICQ]는 [이스라엘] 회사 [미라빌리스]가 처음으로 개발한 [인스턴트_메신저] [컴퓨터_프로그램]이며 나중에 [타임_워너]의 [AOL]의 자사 소유가 되었다. 이 프로그램의 첫 버전은 [1996년] [11월]에 출시되었으며 [ICQ]는 [인터넷]을 통한 최초의 [인스턴트_메신저] 서비스가 되었다. \"[ICQ]\"라는 이름은 \"I seek you\"(\"난 널 찾는다\"의 뜻)의 구문을 딴 것이다. [AOL]은 [미라빌리스]를 [1998년] [6월_8일]에 407,000,000 달러에 인수하였다."},{"globalSId":[1943768,1943769],"wikiPageId":399258,"questions":[{"e2St":11,"nlq":"<이구메니차>의 국가은(는) [그리스]인가요?","ansArr":["T","T","T"],"e1St":0,"ans":"T","e2En":16,"rel":"country","e1En":7,"e1":"<이구메니차>","qid":0,"e2":"[그리스]"}],"pIdx":1,"text":"<이구메니차>()는 [그리스] 북서부에 있는 해안 도시로, [테스프로티아_현]의 중심 도시이다. 면적(광역)은 426.6㎢, 인구는 25,814명([2011])이다."},{"globalSId":[3522829],"wikiPageId":1275929,"questions":[{"e2St":45,"nlq":"[도쿄_도]의 국가은(는) [일본]인가요?","ansArr":["T","T","T"],"e1St":18,"ans":"T","e2En":49,"rel":"country","e1En":24,"e1":"[도쿄_도]","qid":0,"e2":"[일본]"},{"e2St":45,"nlq":"[니시토쿄_시]의 국가은(는) [일본]인가요?","ansArr":["T","T","T"],"e1St":25,"ans":"T","e2En":49,"rel":"country","e1En":33,"e1":"[니시토쿄_시]","qid":1,"e2":"[일본]"}],"pIdx":1,"text":"[시티즌시계] 주식회사(, )는 [도쿄_도] [니시토쿄_시]에 본사를 두고 있는 [일본]의 정밀·전자기기 제조 회사이며, [시티즌_그룹]의 핵심을 이루는 기업이다."},{"globalSId":[3998122],"wikiPageId":1767881,"questions":[{"e2St":59,"nlq":"[베스테로스]를 포함하는 것은(는) [베스트만란드_주]인가요?","ansArr":["T","T","T"],"e1St":51,"ans":"T","e2En":60,"rel":"isPartOf","e1En":58,"e1":"[베스테로스]","qid":0,"e2":"[베스트만란드_주]"}],"pIdx":1,"text":"[베스테로스_시]()는 [스웨덴] [베스트만란드_주]에 위치한 지방 자치체로 행정 중심지는 [베스테로스]([베스트만란드_주]의 주도)이며 면적은 1,137.835976㎢, 인구는 147,420명([2016년_12월_31일] 기준), 인구 밀도는 130명\/㎢이다.."},{"globalSId":[2196577],"wikiPageId":505964,"questions":[{"e2St":45,"nlq":"<요고_역>의 소유 조직은(는) [서일본_여객철도]인가요?","ansArr":["T","T","T"],"e1St":0,"ans":"T","e2En":55,"rel":"owningOrganisation","e1En":6,"e1":"<요고_역>","qid":0,"e2":"[서일본_여객철도]"},{"e2St":45,"nlq":"<요고_역> (이)라는 역을 운행하는 회사 또는 노선은(는) [서일본_여객철도]인가요?","ansArr":["T","T","T"],"e1St":0,"ans":"T","e2En":55,"rel":"servingRailwayLine","e1En":6,"e1":"<요고_역>","qid":1,"e2":"[서일본_여객철도]"},{"e2St":56,"nlq":"<요고_역> (이)라는 역을 운행하는 회사 또는 노선은(는) [호쿠리쿠_본선]인가요?","ansArr":["T","T","T"],"e1St":0,"ans":"T","e2En":65,"rel":"servingRailwayLine","e1En":6,"e1":"<요고_역>","qid":2,"e2":"[호쿠리쿠_본선]"}],"pIdx":1,"text":"<요고_역>()는 [일본] [시가_현] [나가하마_시] [요고초시타요고]에 있는 [서일본_여객철도] [호쿠리쿠_본선]의 [철도역]으로, 간이 위탁역이다."}]}