{"paragraphs":[{"globalSId":[1543152,1543153,1543154,1543155],"wikiPageId":274232,"questions":[{"e2St":153,"nlq":"[홍성흔] (이)라는 운동 선수의 데뷔팀은(는) [두산_베어스]인가요?","ansArr":["F","F","F"],"e1St":139,"ans":"F","e2En":161,"rel":"debutTeam","e1En":144,"e1":"[홍성흔]","qid":0,"e2":"[두산_베어스]"},{"e2St":153,"nlq":"[홍성흔]가 현재나 과거에 활동했던 스포츠 팀은(는) [두산_베어스]인가요?","ansArr":["T","T","T"],"e1St":139,"ans":"T","e2En":161,"rel":"team","e1En":144,"e1":"[홍성흔]","qid":1,"e2":"[두산_베어스]"}],"pIdx":3,"text":"한편 [2008년_한국시리즈] <우승>인 [SK_와이번스]는 투수부문 3명을 포함해 총 8명의 [골든글러브] 수상 후보자를 내었으나, [투수]부문의 [김광현_(야구_선수)]만이 수상하여 단 한 명의 수상자를 배출하는 데 그쳤다. [지명타자] 부문의 [홍성흔]은 시즌 후두로 [두산_베어스]에서 [롯데_자이언츠]로 이적하였기 때문에 올 시즌 소속팀이었던 [두산]이 아닌 [롯데] 소속으로 수상하였다. [롯데]의 [카림_가르시아]는 외국인 선수로는 9번째로 <골든글러브>를 수상하는 영예를 얻었다. 두산의 [김동주]는 시상하면서 수상하는 어이없는 장면이 나왔다."},{"globalSId":[3648650],"wikiPageId":1373314,"questions":[{"e2St":93,"nlq":"[구로키_다메모토] (이)라는 인물이나 주제가 참여한 전투, 전쟁, 교전은(는) [러일_전쟁]인가요?","ansArr":["T","T","T"],"e1St":73,"ans":"T","e2En":100,"rel":"battle","e1En":83,"e1":"[구로키_다메모토]","qid":0,"e2":"[러일_전쟁]"}],"pIdx":3,"text":"제1군이 다시 부활하게 된 것은 [메이지_37년] [1904년] [2월_5일]에 편성되어 전후인 [1905년] [12월_9일]까지 [구로키_다메모토] 장군의 지휘하에 [러일_전쟁]에서 사용하기 위해서였다."},{"globalSId":[3764791,3764792,3764793],"wikiPageId":1482041,"questions":[{"e2St":35,"nlq":"[에티오피아난쟁이몽구스]의 생물종은(는) [몽구스]인가요?","ansArr":["T","T","T"],"e1St":0,"ans":"T","e2En":40,"rel":"family","e1En":12,"e1":"[에티오피아난쟁이몽구스]","qid":0,"e2":"[몽구스]"},{"e2St":56,"nlq":"[에티오피아난쟁이몽구스]의 생물종은(는) [식육목]인가요?","ansArr":["T","T","T"],"e1St":0,"ans":"T","e2En":61,"rel":"order","e1En":12,"e1":"[에티오피아난쟁이몽구스]","qid":1,"e2":"[식육목]"},{"e2St":56,"nlq":"[몽구스]의 생물종은(는) [식육목]인가요?","ansArr":["T","F","F"],"e1St":35,"ans":"F","e2En":61,"rel":"order","e1En":40,"e1":"[몽구스]","qid":2,"e2":"[식육목]"}],"pIdx":1,"text":"[에티오피아난쟁이몽구스](\"Helogale hirtula\")는 [몽구스]에 속하는 작은 [아프리카] [식육목] [포유류]이다. [사막난쟁이몽구스] 또는 [소말리아난쟁이몽구스]로도 알려져 있다. [동아프리카] 특히 [에티오피아]와 [케냐] 그리고 [소말리아]에서 발견된다."},{"globalSId":[3913276,3913277,3913278],"wikiPageId":1702945,"questions":[{"e2St":44,"nlq":"[애기박쥐과]의 생물종은(는) [박쥐]인가요?","ansArr":["T","T","T"],"e1St":31,"ans":"T","e2En":48,"rel":"order","e1En":38,"e1":"[애기박쥐과]","qid":0,"e2":"[박쥐]"}],"pIdx":1,"text":"[엔도집박쥐](\"Pipistrellus endoi\")는 [애기박쥐과]에 속하는 [박쥐]의 일종이다. [일본]에서 발견되는 것으로 추정된다. 온대 기후 숲에서 서식한다."},{"globalSId":[1269010,1269011,1269012],"wikiPageId":207719,"questions":[{"e2St":45,"nlq":"[이기붕] (이)라는 인물의 배우자 (동거인의 개념은 아님)은(는) [박마리아]인가요?","ansArr":["T","T","T"],"e1St":38,"ans":"T","e2En":51,"rel":"spouse","e1En":43,"e1":"[이기붕]","qid":0,"e2":"[박마리아]"},{"e2St":75,"nlq":"[박마리아] (이)라는 인물의 배우자 (동거인의 개념은 아님)은(는) <이기붕>인가요?","ansArr":["T","T","T"],"e1St":45,"ans":"T","e2En":80,"rel":"spouse","e1En":51,"e1":"[박마리아]","qid":1,"e2":"<이기붕>"},{"e2St":128,"nlq":"[박마리아] (이)라는 인물의 배우자 (동거인의 개념은 아님)은(는) [이기붕]인가요?","ansArr":["T","T","T"],"e1St":45,"ans":"T","e2En":132,"rel":"spouse","e1En":51,"e1":"[박마리아]","qid":2,"e2":"[이기붕]"}],"pIdx":2,"text":"개요. 본래 도서관 자리에는 [대한민국_제1공화국]의 실세로 불리던 [이기붕]과 [박마리아] 부부가 살던 집이 있었다. [1960년] <이기붕>이 부정 선거로 부통령에 당선된 [3·15_부정선거]가 [4·19_혁명]을 불러왔고, [이기붕] 부부와 두 아들은 동반 자살했다."},{"globalSId":[1677926,1677927,1677928,1677929],"wikiPageId":309924,"questions":[{"e2St":9,"nlq":"<동허이>의 국가은(는) [베트남]인가요?","ansArr":["T","T","T"],"e1St":0,"ans":"T","e2En":14,"rel":"country","e1En":5,"e1":"<동허이>","qid":0,"e2":"[베트남]"},{"e2St":16,"nlq":"<동허이>를 포함하는 것은(는) [꽝빈_성]인가요?","ansArr":["T","T","T"],"e1St":0,"ans":"T","e2En":22,"rel":"isPartOf","e1En":5,"e1":"<동허이>","qid":1,"e2":"[꽝빈_성]"},{"e2St":74,"nlq":"[베트남] (이)라는 지방 정부나 중앙 정부가 위치한 도시\/자치도시은(는) [하노이]인가요?","ansArr":["T","F","T"],"e1St":9,"ans":"T","e2En":79,"rel":"capital","e1En":14,"e1":"[베트남]","qid":2,"e2":"[하노이]"}],"pIdx":1,"text":"<동허이>()는 [베트남]의 [꽝빈_성](Qu?ng B?nh)에 위치한 도시로, 해발 고도는 20m, 넓이는 155.54 m²이다. [하노이]에서 약 500km 떨어진 곳에 있으며 버스로 6시간 30분에서 8시간 정도 소요된다. 시내에서 6km 거리에 [동허이_공항]이 위치해 있다. [달랏_시]로부터 남쪽으로 50km 거리에 [퐁나케방_국립공원]이 있다."}]}