{"paragraphs":[{"globalSId":[3228165,3228166],"wikiPageId":1031809,"questions":[{"e2St":53,"nlq":"<니시히라나이_역>의 소유 조직은(는) [아오이모리_철도]인가요?","ansArr":["T","F","T"],"e1St":0,"ans":"T","e2En":62,"rel":"owningOrganisation","e1En":10,"e1":"<니시히라나이_역>","qid":0,"e2":"[아오이모리_철도]"},{"e2St":93,"nlq":"[아오이모리_철도선] (이)라는 경로가 시작되는 곳은(는) <메토키_역>인가요?","ansArr":["T","T","T"],"e1St":64,"ans":"T","e2En":100,"rel":"routeStart","e1En":74,"e1":"[아오이모리_철도선]","qid":1,"e2":"<메토키_역>"}],"pIdx":1,"text":"<니시히라나이_역>()은 [일본] [아오모리_현] [히가시쓰가루_군] [히라나이_정]에 위치한 [아오이모리_철도] [아오이모리_철도선]의 철도역이다. 이 역은 시점인 <메토키_역>으로부터 98.3km 떨어져 있으며, <도쿄_역>부터는 715.6km 만큼 떨어져 있는 역이다."},{"globalSId":[3544266],"wikiPageId":1293134,"questions":[{"e2St":26,"nlq":"[가경제]의 후임자은(는) [도광제]인가요?","ansArr":["T","T","T"],"e1St":8,"ans":"T","e2En":31,"rel":"successor","e1En":13,"e1":"[가경제]","qid":0,"e2":"[도광제]"}],"pIdx":3,"text":"[1820년] [가경제]가 붕어하고 그의 서자 [도광제](道光帝)가 즉위한 이후로는 [황실]의 원로로서 예우받았으며, [1834년] [4월_27일] 향년 73세로 훙서하였다."},{"globalSId":[2297120,2297121,2297122,2297123,2297124,2297125,2297126],"wikiPageId":555252,"questions":[{"e2St":66,"nlq":"[슐레스비히홀슈타인_주]의 국가은(는) [독일]인가요?","ansArr":["T","T","T"],"e1St":0,"ans":"T","e2En":69,"rel":"country","e1En":12,"e1":"[슐레스비히홀슈타인_주]","qid":0,"e2":"[독일]"},{"e2St":44,"nlq":"[발트_해]의 국가은(는) [덴마크]인가요?","ansArr":["F","F","T"],"e1St":20,"ans":"F","e2En":49,"rel":"country","e1En":26,"e1":"[발트_해]","qid":1,"e2":"[덴마크]"},{"e2St":66,"nlq":"[발트_해]의 국가은(는) [독일]인가요?","ansArr":["F","T","F"],"e1St":20,"ans":"F","e2En":69,"rel":"country","e1En":26,"e1":"[발트_해]","qid":2,"e2":"[독일]"},{"e2St":214,"nlq":"[발트_해]의 국가은(는) <덴마크>인가요?","ansArr":["F","F","T"],"e1St":20,"ans":"F","e2En":219,"rel":"country","e1En":26,"e1":"[발트_해]","qid":3,"e2":"<덴마크>"},{"e2St":202,"nlq":"[덴마크] (이)라는 지방 정부나 중앙 정부가 위치한 도시\/자치도시은(는) [코펜하겐]인가요?","ansArr":["T","T","T"],"e1St":44,"ans":"T","e2En":208,"rel":"capital","e1En":49,"e1":"[덴마크]","qid":4,"e2":"[코펜하겐]"},{"e2St":202,"nlq":"[슐레스비히_공국] (이)라는 지방 정부나 중앙 정부가 위치한 도시\/자치도시은(는) [코펜하겐]인가요?","ansArr":["F","F","T"],"e1St":134,"ans":"F","e2En":208,"rel":"capital","e1En":144,"e1":"[슐레스비히_공국]","qid":5,"e2":"[코펜하겐]"},{"e2St":347,"nlq":"[슐레스비히_공국] (이)라는 지방 정부나 중앙 정부가 위치한 도시\/자치도시은(는) [플렌스부르크]인가요?","ansArr":["T","F","T"],"e1St":134,"ans":"T","e2En":354,"rel":"capital","e1En":144,"e1":"[슐레스비히_공국]","qid":6,"e2":"[플렌스부르크]"},{"e2St":214,"nlq":"[코펜하겐]의 국가은(는) <덴마크>인가요?","ansArr":["T","T","T"],"e1St":202,"ans":"T","e2En":219,"rel":"country","e1En":208,"e1":"[코펜하겐]","qid":7,"e2":"<덴마크>"},{"e2St":363,"nlq":"[플렌스부르크]의 국가은(는) [독일]인가요?","ansArr":["T","T","T"],"e1St":347,"ans":"T","e2En":366,"rel":"country","e1En":354,"e1":"[플렌스부르크]","qid":8,"e2":"[독일]"},{"e2St":408,"nlq":"[제2차_세계_대전] (이)라는 전쟁의 승전국 혹은 승전자, 승전부대은(는) [나치_독일]인가요?","ansArr":["F","F","F"],"e1St":377,"ans":"F","e2En":415,"rel":"result","e1En":388,"e1":"[제2차_세계_대전]","qid":9,"e2":"[나치_독일]"}],"pIdx":2,"text":"[슐레스비히홀슈타인_주] 북쪽 끝의 [발트_해]에 딸린 [피오르드]에 면하며, [덴마크] 국경 부근에 위치한다. 현재 [독일]에서 거의 최북단에 위치하는 도시이다. [13세기]부터 문헌에 언급되고 <시_(행정_구역)>로 인가받았으며, 이후 [슐레스비히_공국]의 한 중심지가 되었다. [16세기] 이후 [지중해]·[그린란드]·[서인도_제도] 등지와도 교역하였고, [코펜하겐] 다음가는 <덴마크> 제2의 도시로 발전하였다. 그러나 [독일]과의 [슐레스비히] 분쟁으로 귀속 문제가 일어났으며, [1864년] 전쟁의 결과 [프로이센]으로 귀속되었다. [제1차_세계대전] 후 주민투표로 [북슐레스비히]는 <덴마크>로 넘어갔으나, [플렌스부르크] 지역은 계속 [독일]에 남게 되었다. [제2차_세계_대전] 중에는 큰 폭격의 피해를 입었고, [나치_독일] 정권 붕괴 이후에 임시 정부가 이 곳에 들어서 [플렌스부르크_정부]로 알려져 있으며, 이 곳에서 [카를_되니츠]가 [연합국]에 항복했다."}]}