{"paragraphs":[{"globalSId":[413142,413143,413144],"wikiPageId":43793,"questions":[{"e2St":139,"nlq":"[모래성_(드라마)]에 출연한 배우은(는) [박근형]인가요?","ansArr":["T","T","T"],"e1St":76,"ans":"T","e2En":144,"rel":"starring","e1En":87,"e1":"[모래성_(드라마)]","qid":0,"e2":"[박근형]"},{"e2St":157,"nlq":"[모래성_(드라마)]에 출연한 배우은(는) [김청]인가요?","ansArr":["T","T","T"],"e1St":76,"ans":"T","e2En":161,"rel":"starring","e1En":87,"e1":"[모래성_(드라마)]","qid":1,"e2":"[김청]"},{"e2St":189,"nlq":"[모래성_(드라마)]에 출연한 배우은(는) [김혜자]인가요?","ansArr":["T","T","T"],"e1St":76,"ans":"T","e2En":194,"rel":"starring","e1En":87,"e1":"[모래성_(드라마)]","qid":2,"e2":"[김혜자]"}],"pIdx":14,"text":"[1988년]에는 신성한 가정을 모래로 쌓은 집에 비유하며 [삼각관계], 남편의 [외도], [이혼]을 정면으로 다룬 [MBC] 드라마 《[모래성_(드라마)]》를 집필하여 화제를 일으켰다. 《[모래성_(드라마)]》은 부유한 40대 후반의 변호사 남편([박근형] 역)이 처녀 [세희]([김청] 역)와 불륜의 사랑을 하고, 그 사실을 안 아내([김혜자] 역)가 이혼을 감행한다는 줄거리의 드라마이다. 배신감에 치를 떠는 여주인공의 격렬하고 생생한 대사와 처절한 복수심 표출 묘사로, 여성 시청자들로부터는 '여자들이 못하는 말을 대신 해줘 쾌감을 느꼈다'는 열렬한 지지를 얻었으나, 남자들로부터는 \"한 여자의 지아비이자 한 가정의 가장을 비하해서 <남성혐오>에 걸리게 하는 불건강한 드라마\"라는 악평을 들었다."},{"globalSId":[727400],"wikiPageId":94730,"questions":[{"e2St":43,"nlq":"<모라역> (이)라는 역을 운행하는 회사 또는 노선은(는) [부산_도시철도_2호선]인가요?","ansArr":["T","T","T"],"e1St":0,"ans":"T","e2En":56,"rel":"servingRailwayLine","e1En":5,"e1":"<모라역>","qid":0,"e2":"[부산_도시철도_2호선]"}],"pIdx":1,"text":"<모라역>(毛羅驛)은 [대한민국] [부산광역시] [사상구] <모라동>에 있는 [부산_도시철도_2호선]의 [지하철역]이다."},{"globalSId":[1652041,1652042],"wikiPageId":302452,"questions":[{"e2St":28,"nlq":"[서울특별시]에 속한 일부 장소은(는) [은평구]인가요?","ansArr":["T","T","T"],"e1St":20,"ans":"T","e2En":33,"rel":"part","e1En":27,"e1":"[서울특별시]","qid":0,"e2":"[은평구]"}],"pIdx":1,"text":"[진관사_산신도](津寬寺 山神圖)는 [서울특별시] [은평구] <진관동>에 위치한 [진관사]의 [독성각]에 봉안된 [산신도]이다. [2002년_3월_15일] [서울특별시의_유형문화재] 제149호로 지정되었다."},{"globalSId":[3626019],"wikiPageId":1353901,"questions":[{"e2St":11,"nlq":"[장블루]의 국가은(는) [벨기에]인가요?","ansArr":["T","T","T"],"e1St":0,"ans":"T","e2En":16,"rel":"country","e1En":4,"e1":"[장블루]","qid":0,"e2":"[벨기에]"}],"pIdx":1,"text":"[장블루](, )는 [벨기에] [왈롱] [나뮈르_주]에 위치한 도시로 면적은 95.86㎢, 인구는 24,153명([2013년] [1월] [1일] 기준), 인구 밀도는 250명\/㎢이다.."},{"globalSId":[3208730,3208731],"wikiPageId":1020431,"questions":[{"e2St":54,"nlq":"<말휘리역> (이)라는 역을 운행하는 회사 또는 노선은(는) [금강산선]인가요?","ansArr":["T","T","T"],"e1St":0,"ans":"T","e2En":60,"rel":"servingRailwayLine","e1En":6,"e1":"<말휘리역>","qid":0,"e2":"[금강산선]"}],"pIdx":1,"text":"<말휘리역>(末輝里驛)은 지금의 [조선민주주의인민공화국] [강원도_(북)] [금강군]에 위치했던 [금강산선]의 [철도역]이다. 이 역과 [단발령역] 사이는 [스위치백]으로 건설된 구간이었다."},{"globalSId":[397463],"wikiPageId":42065,"questions":[{"e2St":27,"nlq":"<차머리아_알바니아인> (이)라는 인종 집단의 구성원들이 살고있는 곳은(는) [그리스]인가요?","ansArr":["T","T","T"],"e1St":0,"ans":"T","e2En":32,"rel":"populationPlace","e1En":12,"e1":"<차머리아_알바니아인>","qid":0,"e2":"[그리스]"}],"pIdx":1,"text":"<차머리아_알바니아인>( 또는 )은 [차머리아]([그리스] [이피로스_주]) 출신의 [알바니아인]을 말한다."},{"globalSId":[1855416,1855417],"wikiPageId":364796,"questions":[{"e2St":73,"nlq":"[대구광역시]의 국가은(는) [대한민국]인가요?","ansArr":["T","T","T"],"e1St":46,"ans":"T","e2En":79,"rel":"country","e1En":53,"e1":"[대구광역시]","qid":0,"e2":"[대한민국]"},{"e2St":73,"nlq":"[경상북도]의 국가은(는) [대한민국]인가요?","ansArr":["T","T","T"],"e1St":55,"ans":"T","e2En":79,"rel":"country","e1En":61,"e1":"[경상북도]","qid":1,"e2":"[대한민국]"}],"pIdx":1,"text":"<대동은행>(大東銀行)은 [1989년]부터 [1998년]까지 퇴출은행 확정 전까지 [대구광역시]와 [경상북도]를 거점으로 영업했던 [대한민국]의 전국 규모 은행이다. 본점은 [대구광역시] [수성구] [중동_(대구)]에 있었으며 [1998년] 퇴출은행으로 확정되어 [국민은행]에 인수되었다."},{"globalSId":[2505397,2505398,2505399,2505400,2505401,2505402,2505403,2505404],"wikiPageId":650020,"questions":[{"e2St":180,"nlq":"[코펜하겐]의 국가은(는) <덴마크>인가요?","ansArr":["T","T","T"],"e1St":12,"ans":"T","e2En":185,"rel":"country","e1En":18,"e1":"[코펜하겐]","qid":0,"e2":"<덴마크>"},{"e2St":160,"nlq":"[크리스티안_9세]의 전임자은(는) [프레데리크_7세]인가요?","ansArr":["T","T","T"],"e1St":33,"ans":"T","e2En":170,"rel":"predecessor","e1En":43,"e1":"[크리스티안_9세]","qid":1,"e2":"[프레데리크_7세]"},{"e2St":180,"nlq":"[크리스티안_9세]가 죽은 장소은(는) <덴마크>인가요?","ansArr":["T","F","T"],"e1St":33,"ans":"T","e2En":185,"rel":"deathPlace","e1En":43,"e1":"[크리스티안_9세]","qid":2,"e2":"<덴마크>"},{"e2St":339,"nlq":"[크리스티안_9세]가 죽은 장소은(는) [코펜하겐]인가요?","ansArr":["T","F","T"],"e1St":33,"ans":"T","e2En":345,"rel":"deathPlace","e1En":43,"e1":"[크리스티안_9세]","qid":3,"e2":"[코펜하겐]"},{"e2St":350,"nlq":"[크리스티안_9세] (이)라는 인물의 안식처, 무덤은(는) [로스킬레_대성당]인가요?","ansArr":["T","T","T"],"e1St":33,"ans":"T","e2En":360,"rel":"restingPlace","e1En":43,"e1":"[크리스티안_9세]","qid":4,"e2":"[로스킬레_대성당]"},{"e2St":210,"nlq":"[프레데리크_7세]의 후임자은(는) [크리스티안_9세]인가요?","ansArr":["T","T","T"],"e1St":160,"ans":"T","e2En":219,"rel":"successor","e1En":170,"e1":"[프레데리크_7세]","qid":5,"e2":"[크리스티안_9세]"},{"e2St":339,"nlq":"[프레데리크_7세]가 태어난 장소은(는) [코펜하겐]인가요?","ansArr":["T","T","T"],"e1St":160,"ans":"T","e2En":345,"rel":"birthPlace","e1En":170,"e1":"[프레데리크_7세]","qid":6,"e2":"[코펜하겐]"},{"e2St":350,"nlq":"[프레데리크_7세] (이)라는 인물의 안식처, 무덤은(는) [로스킬레_대성당]인가요?","ansArr":["T","T","T"],"e1St":160,"ans":"T","e2En":360,"rel":"restingPlace","e1En":170,"e1":"[프레데리크_7세]","qid":7,"e2":"[로스킬레_대성당]"},{"e2St":339,"nlq":"<덴마크> (이)라는 지방 정부나 중앙 정부가 위치한 도시\/자치도시은(는) [코펜하겐]인가요?","ansArr":["T","T","T"],"e1St":180,"ans":"T","e2En":345,"rel":"capital","e1En":185,"e1":"<덴마크>","qid":8,"e2":"[코펜하겐]"}],"pIdx":2,"text":"생애. [1843년] [코펜하겐]에서 [글뤽스부르크] 공자 [크리스티안_9세]와 [헤센카셀의_루이제]의 장남으로 태어났다. 그가 태어났을 당시 그의 부모는 왕위계승자가 아닌 일개 귀족에 불과했고, 그는 재정적인 이유로 가정교사가 아닌 부모에 의해 교육을 받으며 자라났다. [1863년] [프레데리크_7세]의 서거로 부친은 <덴마크>의 국왕이 되었고 그 또한 왕태자가 되었다. [크리스티안_9세]의 치세가 길었기 때문에 [1906년], 환갑을 넘긴 나이에 비로소 국왕으로 즉위할 수 있었다. [독일]의 [함부르크]에서 산책을 하던 중 정신을 잃고 병원으로 옮겨졌으나 숨졌다. 사인은 심장발작으로 발표되었다. [코펜하겐] 근처의 [로스킬레_대성당]에 묻혔다."}]}