{"paragraphs":[{"globalSId":[3788604,3788605],"wikiPageId":1504508,"questions":[{"e2St":52,"nlq":"[시나노카와카미_역]의 소유 조직은(는) [동일본_여객철도]인가요?","ansArr":["T","T","T"],"e1St":0,"ans":"T","e2En":62,"rel":"owningOrganisation","e1En":10,"e1":"[시나노카와카미_역]","qid":0,"e2":"[동일본_여객철도]"},{"e2St":52,"nlq":"[시나노카와카미_역] (이)라는 역을 운행하는 회사 또는 노선은(는) [동일본_여객철도]인가요?","ansArr":["T","T","T"],"e1St":0,"ans":"T","e2En":62,"rel":"servingRailwayLine","e1En":10,"e1":"[시나노카와카미_역]","qid":1,"e2":"[동일본_여객철도]"},{"e2St":63,"nlq":"[시나노카와카미_역] (이)라는 역을 운행하는 회사 또는 노선은(는) [고우미_선]인가요?","ansArr":["T","T","T"],"e1St":0,"ans":"T","e2En":70,"rel":"servingRailwayLine","e1En":10,"e1":"[시나노카와카미_역]","qid":2,"e2":"[고우미_선]"}],"pIdx":1,"text":"[시나노카와카미_역]()은 [일본] [나가노_현] [미나미사쿠_군] [가와카미_촌]에 위치한 [동일본_여객철도] [고우미_선]의 [철도역]이다. [섬식_승강장] 1면 2선의 구조를 갖춘 지상역이다."},{"globalSId":[2554125],"wikiPageId":675608,"questions":[{"e2St":23,"nlq":"<평촌신도시>의 행정구역은(는) [경기도]인가요?","ansArr":["T","T","T"],"e1St":0,"ans":"T","e2En":28,"rel":"administrativeDistrict","e1En":7,"e1":"<평촌신도시>","qid":0,"e2":"[경기도]"},{"e2St":29,"nlq":"<평촌신도시>의 행정구역은(는) [안양시]인가요?","ansArr":["T","T","T"],"e1St":0,"ans":"T","e2En":34,"rel":"administrativeDistrict","e1En":7,"e1":"<평촌신도시>","qid":1,"e2":"[안양시]"},{"e2St":35,"nlq":"<평촌신도시>의 행정구역은(는) [동안구]인가요?","ansArr":["T","T","T"],"e1St":0,"ans":"T","e2En":40,"rel":"administrativeDistrict","e1En":7,"e1":"<평촌신도시>","qid":2,"e2":"[동안구]"}],"pIdx":1,"text":"<평촌신도시>(坪村新都市)는 [대한민국] [경기도] [안양시] [동안구] 일대에 조성된 [신도시]이다."},{"globalSId":[1876442,1876443,1876444,1876445],"wikiPageId":372982,"questions":[{"e2St":128,"nlq":"[메리나_왕국]의 지도자은(는) [라나발로나_3세]인가요?","ansArr":["T","T","T"],"e1St":108,"ans":"T","e2En":138,"rel":"leaderName","e1En":116,"e1":"[메리나_왕국]","qid":0,"e2":"[라나발로나_3세]"}],"pIdx":1,"text":"[마다가스카르]의 국기는 [1958년] [10월_14일]에 제정되었다. 빨강, 하양, 초록은 <마다가스카르>의 역사와 전통을 표현하고 있다. 빨강색과 하양은 <마다가스카르>의 대부분을 지배했던 [메리나_왕국]의 마지막 여왕이었던 [라나발로나_3세]의 기에 그려져 있었던 색이었다. 초록색은 <마다가스카르>의 독립에 중요한 역할을 했던 농업을 의미한다."},{"globalSId":[413155,413156,413157,413158,413159,413160,413161],"wikiPageId":43793,"questions":[{"e2St":255,"nlq":"[작별_(드라마)]의 방송채널은(는) [SBS]인가요?","ansArr":["T","T","T"],"e1St":46,"ans":"T","e2En":260,"rel":"channel","e1En":56,"e1":"[작별_(드라마)]","qid":0,"e2":"[SBS]"},{"e2St":344,"nlq":"[작별_(드라마)] (이)라는 글을 쓴 사람은(는) <김수현_(작가)>인가요?","ansArr":["T","T","T"],"e1St":46,"ans":"T","e2En":354,"rel":"author","e1En":56,"e1":"[작별_(드라마)]","qid":1,"e2":"<김수현_(작가)>"},{"e2St":344,"nlq":"[작별_(드라마)] (이)라는 작품을 쓴 인물은(는) <김수현_(작가)>인가요?","ansArr":["T","T","T"],"e1St":46,"ans":"T","e2En":354,"rel":"writer","e1En":56,"e1":"[작별_(드라마)]","qid":2,"e2":"<김수현_(작가)>"}],"pIdx":19,"text":"《작별》의 단축 종영. [1994년] [SBS] 50부작 <문화방송_월화드라마> 《[작별_(드라마)]》의 연출가가 [김수동] PD(삼화프로덕션 제작위원)에서 [곽영범] PD(SBS 제작위원)로 전격 교체되는 일이 발생했다. 이미 녹화가 끝난 1, 2회분 가운데 [프랑스] [파리] 로케이션 부분을 제외한 국내 촬영분에 대해 작가의 요구로 재촬영하는 등 PD와 작가 사이에 작품의 완성도를 둘러싸고 마찰을 빚어온 것이 갈등의 불씨가 된 것이다. 결국 방송사 [SBS]는 '드라마의 성공을 위해서라도 일찌감치 작가와 호흡이 맞는 연출가로 교체하는 것이 바람직하다'는 입장을 내어놓아, [MBC] TV 시절부터 오랜기간 <김수현_(작가)>과 명콤비로 호흡을 맞춰온 [곽영범] PD를 투입함으로써 결과적으로 작가 <김수현_(작가)>의 손을 들어주었다. 이에 [한국방송프로듀서연합회]는 \"1회분 방송이 나간 뒤에 작가가 연출자 교체를 요구하는 것은 작가의 영역을 넘어선 월권행위이며, 프로그램 최종 책임자인 [프로듀서]의 전문성과 권한을 무시한 처사\"라는 입장을 밝히고, 해당 작가인 <김수현_(작가)>의 공개사과와 재발방지 약속을 요구했다. 방송가에서는 이 일을 두고 작가의 입김이 너무 거세 연출자의 권한까지 침해하고 작가의 파워로 연출자를 갈아치웠다는 사례로 평했다. 50회로 기획되었으나 60~70회로 늘여 방영할 방침이었던 《[작별_(드라마)]》은 애초 계획대로 종영하기로 작가와 [SBS]가 합의를 보면서 사실상 단축 종영을 하였다."},{"globalSId":[2995414,2995415],"wikiPageId":904426,"questions":[{"e2St":115,"nlq":"[경상남도]의 국가은(는) [대한민국]인가요?","ansArr":["T","T","T"],"e1St":32,"ans":"T","e2En":121,"rel":"country","e1En":38,"e1":"[경상남도]","qid":0,"e2":"[대한민국]"},{"e2St":115,"nlq":"[진주시]의 국가은(는) [대한민국]인가요?","ansArr":["T","T","T"],"e1St":39,"ans":"T","e2En":121,"rel":"country","e1En":44,"e1":"[진주시]","qid":1,"e2":"[대한민국]"}],"pIdx":1,"text":"<권응수장군유물-권응수초상>(權應銖將軍遺物-權應銖肖像)은 [경상남도]?[진주시] [남강로] 626-35, [국립진주박물관] (남성동,진주성)에 있는 [조선시대]의 초상화이다. [1980년] [8월_23일] [대한민국]의 [보물] 제668-1호로 지정되었다."}]}