{"paragraphs":[{"globalSId":[2558083,2558084],"wikiPageId":677264,"questions":[{"e2St":19,"nlq":"<고군면>가 있거나 연결되어있는 지역은(는) [전라남도]인가요?","ansArr":["T","T","T"],"e1St":0,"ans":"T","e2En":25,"rel":"region","e1En":5,"e1":"<고군면>","qid":0,"e2":"[전라남도]"}],"pIdx":1,"text":"<고군면>(古郡面)은 [대한민국] [전라남도] [진도군]에 위치한 면이다. \u2018한국판 모세의 기적\u2019으로 알려진 \u2018[진도] 신비의 바닷길\u2019로 유명한 지역이다."},{"globalSId":[3864153,3864154,3864155,3864156,3864157],"wikiPageId":1639985,"questions":[{"e2St":34,"nlq":"[히스파니올라큰깔때기귀박쥐]의 생물종은(는) [깔때기귀박쥐과]인가요?","ansArr":["T","T","T"],"e1St":0,"ans":"T","e2En":43,"rel":"family","e1En":14,"e1":"[히스파니올라큰깔때기귀박쥐]","qid":0,"e2":"[깔때기귀박쥐과]"},{"e2St":70,"nlq":"[히스파니올라큰깔때기귀박쥐]의 생물종은(는) [박쥐]인가요?","ansArr":["T","T","T"],"e1St":0,"ans":"T","e2En":74,"rel":"order","e1En":14,"e1":"[히스파니올라큰깔때기귀박쥐]","qid":1,"e2":"[박쥐]"},{"e2St":70,"nlq":"[깔때기귀박쥐과]의 생물종은(는) [박쥐]인가요?","ansArr":["T","T","T"],"e1St":34,"ans":"T","e2En":74,"rel":"order","e1En":43,"e1":"[깔때기귀박쥐과]","qid":2,"e2":"[박쥐]"},{"e2St":70,"nlq":"[깔때기귀박쥐속]의 생물종은(는) [박쥐]인가요?","ansArr":["T","T","T"],"e1St":44,"ans":"T","e2En":74,"rel":"order","e1En":53,"e1":"[깔때기귀박쥐속]","qid":3,"e2":"[박쥐]"}],"pIdx":1,"text":"[히스파니올라큰깔때기귀박쥐](\"Natalus major\")는 [깔때기귀박쥐과] [깔때기귀박쥐속](\"Natalus\")에 속하는 [박쥐]의 일종이다. [히스파니올라_섬]에서 발견된다. [1902년] 처음 기술되었으며, 일부 저자는 여러 아종을 기술하는 등 다양한 분류 역사를 갖고 있다. 현재는 [쿠바큰깔때기귀박쥐](\"Natalus primus\")와 [자메이카큰깔때기귀박쥐](\"Natalus jamaicensis\")를 별도의 종으로 분류하며, 일부는 [히스파니올라큰깔때기귀박쥐]를 [멕시코깔때기귀박쥐](\"Natalus stramineus\")의 아종으로 간주하기도 한다. 주로 동굴에서 생활하며, 먹이는 [곤충]이다."},{"globalSId":[688327],"wikiPageId":88572,"questions":[{"e2St":37,"nlq":"<동두천역> (이)라는 역을 운행하는 회사 또는 노선은(는) [경원선]인가요?","ansArr":["T","T","T"],"e1St":0,"ans":"T","e2En":42,"rel":"servingRailwayLine","e1En":6,"e1":"<동두천역>","qid":0,"e2":"[경원선]"}],"pIdx":1,"text":"<동두천역>(東豆川驛)은 [경기도] [동두천시] <소요동>에 있는 [경원선]의 [철도역]이다."},{"globalSId":[2567327],"wikiPageId":681147,"questions":[{"e2St":19,"nlq":"[청성면]가 있거나 연결되어있는 지역은(는) [충청북도]인가요?","ansArr":["T","T","T"],"e1St":0,"ans":"T","e2En":25,"rel":"region","e1En":4,"e1":"[청성면]","qid":0,"e2":"[충청북도]"}],"pIdx":1,"text":"[청성면](靑城面)은 [대한민국] [충청북도] [옥천군]에 있는 [면_(행정_구역)]이다."},{"globalSId":[1052831,1052832,1052833,1052834],"wikiPageId":155111,"questions":[{"e2St":12,"nlq":"<아콩카과_산>가 위치한 행정 구역은(는) [아르헨티나]인가요?","ansArr":["F","T","T"],"e1St":0,"ans":"T","e2En":19,"rel":"locatedInArea","e1En":8,"e1":"<아콩카과_산>","qid":0,"e2":"[아르헨티나]"},{"e2St":23,"nlq":"<아콩카과_산>가 위치한 행정 구역은(는) [멘도사_주]인가요?","ansArr":["T","T","T"],"e1St":0,"ans":"T","e2En":30,"rel":"locatedInArea","e1En":8,"e1":"<아콩카과_산>","qid":1,"e2":"[멘도사_주]"},{"e2St":93,"nlq":"[멘도사_주]를 포함하는 것은(는) [멘도사_(아르헨티나)]인가요?","ansArr":["T","F","T"],"e1St":23,"ans":"T","e2En":106,"rel":"isPartOf","e1En":30,"e1":"[멘도사_주]","qid":2,"e2":"[멘도사_(아르헨티나)]"}],"pIdx":1,"text":"<아콩카과_산>()은 [아르헨티나] 서쪽 [멘도사_주]에 위치한 [산]이다. [산후안_주_(아르헨티나)]에서 5km, [칠레]와의 국경에서 15 km 떨어져 있으며, [멘도사_(아르헨티나)]시에선 북서쪽으로 112 km 지점에 위치해 있다. [안데스_산맥]의 최고봉으로써 [남아메리카] 대륙에서 가장 높으며, [아시아]를 제외한 모든 대륙의 산 중에서 가장 높다. 하나의 거대한 바위덩어리로 이뤄져 있다."},{"globalSId":[1814183],"wikiPageId":351547,"questions":[{"e2St":12,"nlq":"<나카노부_역>가 위치한 곳의 전체 도로명 주소은(는) [일본]인가요?","ansArr":["F","F","T"],"e1St":0,"ans":"F","e2En":15,"rel":"address","e1En":8,"e1":"<나카노부_역>","qid":0,"e2":"[일본]"},{"e2St":17,"nlq":"<나카노부_역>가 위치한 곳의 전체 도로명 주소은(는) [도쿄_도]인가요?","ansArr":["F","F","T"],"e1St":0,"ans":"F","e2En":23,"rel":"address","e1En":8,"e1":"<나카노부_역>","qid":1,"e2":"[도쿄_도]"},{"e2St":24,"nlq":"<나카노부_역>가 위치한 곳의 전체 도로명 주소은(는) [시나가와_구]인가요?","ansArr":["F","F","T"],"e1St":0,"ans":"F","e2En":32,"rel":"address","e1En":8,"e1":"<나카노부_역>","qid":2,"e2":"[시나가와_구]"},{"e2St":37,"nlq":"<나카노부_역>의 소유 조직은(는) [도쿄_급행_전철]인가요?","ansArr":["F","F","T"],"e1St":0,"ans":"F","e2En":47,"rel":"owningOrganisation","e1En":8,"e1":"<나카노부_역>","qid":3,"e2":"[도쿄_급행_전철]"},{"e2St":37,"nlq":"<나카노부_역> (이)라는 역을 운행하는 회사 또는 노선은(는) [도쿄_급행_전철]인가요?","ansArr":["T","F","T"],"e1St":0,"ans":"T","e2En":47,"rel":"servingRailwayLine","e1En":8,"e1":"<나카노부_역>","qid":4,"e2":"[도쿄_급행_전철]"},{"e2St":49,"nlq":"<나카노부_역> (이)라는 역을 운행하는 회사 또는 노선은(는) [도쿄_도_교통국]인가요?","ansArr":["T","T","T"],"e1St":0,"ans":"T","e2En":59,"rel":"servingRailwayLine","e1En":8,"e1":"<나카노부_역>","qid":5,"e2":"[도쿄_도_교통국]"},{"e2St":17,"nlq":"[일본] (이)라는 지방 정부나 중앙 정부가 위치한 도시\/자치도시은(는) [도쿄_도]인가요?","ansArr":["F","T","T"],"e1St":12,"ans":"T","e2En":23,"rel":"capital","e1En":15,"e1":"[일본]","qid":6,"e2":"[도쿄_도]"}],"pIdx":1,"text":"<나카노부_역>()은 [일본] [도쿄_도] [시나가와_구]에 있는 [도쿄_급행_전철]과 [도쿄_도_교통국]의 [철도역]이다."}]}