{"paragraphs":[{"globalSId":[2364485,2364486],"wikiPageId":585033,"questions":[{"e2St":133,"nlq":"[펠리페_5세] (이)라는 인물의 배우자 (동거인의 개념은 아님)은(는) [이사벨_디_파르네시오]인가요?","ansArr":["T","T","T"],"e1St":117,"ans":"T","e2En":146,"rel":"spouse","e1En":125,"e1":"[펠리페_5세]","qid":0,"e2":"[이사벨_디_파르네시오]"}],"pIdx":1,"text":"[필리포_1세](Felipe I de Parma, [1720년] [3월_15일] ~ [1765년] [7월_18일])는 <이탈리아>의 귀족으로 [부르봉파르마] 가문의 시조였다. [스페인]의 부르봉왕가 초대 국왕 [펠리페_5세]와 그의 아내 [이사벨_디_파르네시오] 사이에서 태어났으며, 후에 [파르마의_군주]이 되었다."},{"globalSId":[564469,564470,564471,564472,564473,564474],"wikiPageId":68556,"questions":[{"e2St":166,"nlq":"<에픽하이> (이)라는 스포츠 팀의 현재 소속 선수은(는) [미쓰라_진]인가요?","ansArr":["F","F","F"],"e1St":0,"ans":"F","e2En":173,"rel":"currentMember","e1En":6,"e1":"<에픽하이>","qid":0,"e2":"[미쓰라_진]"},{"e2St":166,"nlq":"<에픽하이> (이)라는 밴드에 속한 멤버은(는) [미쓰라_진]인가요?","ansArr":["T","T","F"],"e1St":0,"ans":"T","e2En":173,"rel":"bandMember","e1En":6,"e1":"<에픽하이>","qid":1,"e2":"[미쓰라_진]"},{"e2St":180,"nlq":"<에픽하이> (이)라는 스포츠 팀의 현재 소속 선수은(는) [타블로]인가요?","ansArr":["F","F","F"],"e1St":0,"ans":"F","e2En":185,"rel":"currentMember","e1En":6,"e1":"<에픽하이>","qid":2,"e2":"[타블로]"},{"e2St":180,"nlq":"<에픽하이> (이)라는 밴드에 속한 멤버은(는) [타블로]인가요?","ansArr":["T","T","T"],"e1St":0,"ans":"T","e2En":185,"rel":"bandMember","e1En":6,"e1":"<에픽하이>","qid":3,"e2":"[타블로]"},{"e2St":230,"nlq":"<에픽하이> (이)라는 스포츠 팀의 현재 소속 선수은(는) <타블로>인가요?","ansArr":["F","F","F"],"e1St":0,"ans":"F","e2En":235,"rel":"currentMember","e1En":6,"e1":"<에픽하이>","qid":4,"e2":"<타블로>"},{"e2St":230,"nlq":"<에픽하이> (이)라는 밴드에 속한 멤버은(는) <타블로>인가요?","ansArr":["T","T","T"],"e1St":0,"ans":"T","e2En":235,"rel":"bandMember","e1En":6,"e1":"<에픽하이>","qid":5,"e2":"<타블로>"},{"e2St":190,"nlq":"[타블로] (이)라는 인물의 배우자 (동거인의 개념은 아님)은(는) [강혜정]인가요?","ansArr":["T","T","T"],"e1St":180,"ans":"T","e2En":195,"rel":"spouse","e1En":185,"e1":"[타블로]","qid":6,"e2":"[강혜정]"},{"e2St":230,"nlq":"[강혜정] (이)라는 인물의 배우자 (동거인의 개념은 아님)은(는) <타블로>인가요?","ansArr":["T","T","T"],"e1St":190,"ans":"T","e2En":235,"rel":"spouse","e1En":195,"e1":"[강혜정]","qid":7,"e2":"<타블로>"}],"pIdx":53,"text":"<에픽하이>는 [2010년_3월_20일]에 [유튜브]가 개최한 《유튜브 뮤직데이》에 [헤드라이너]로 참여하였다. [4월_11일]에는 [리바이스]가 주최하는 []에 [윤미래] 등과 참여하였다. 이어 공중파 방송에 출연하며 [4월_17일]에 [힙합플레이야] 10주년 쇼에 [헤드라이너]로 참여하였다. [미쓰라_진]을 제외하고 [타블로]는 아내 [강혜정]의 출산으로 인해 [5월] 초까지 휴식을 가졌다. 5월 2일, <타블로>가 득녀를 하고 복귀한 후 활동은 기존에 녹화한 음악 프로그램과 예능 프로그램에 출연하였으며 주로 [라디오] 프로그램 게스트로 참여하였다. 이후 [5월_26일], <타블로>는 <트위터>를 통해 \"[Epilogue]\" 활동 마감을 알렸다."},{"globalSId":[3210054,3210055,3210056,3210057,3210058,3210059],"wikiPageId":1021920,"questions":[{"e2St":27,"nlq":"[조지_오웰]가 작성한 주목할만한 작품 또는 주제 (예 : 작가, 아티스트, 엔지니어)은(는) [동물_농장]인가요?","ansArr":["T","T","T"],"e1St":14,"ans":"T","e2En":34,"rel":"notableWork","e1En":21,"e1":"[조지_오웰]","qid":0,"e2":"[동물_농장]"}],"pIdx":15,"text":"[존스]. [존스]()는 [조지_오웰]의 소설인 [동물_농장]에 나오는 인물로 [제정_러시아]의 [로마노프_왕조]의 마지막 황제인 [니콜라이_2세]를 상징한다. 소설에서 [메이너_농장]([니콜라스_2세]의 통치하의 <러시아>를 상징함)의 주인이다. 농장 동물들을 못살게 굴고 학대하고 먹이도 잘 주지 않았다. 이러한 이유로 가축들이 반감을 가져 동물 반란 을 일으키게하는 결정적 요인이 되었다. [메이저_영감]의 연설 때 모임에 참석한 농장 동물들이 연설이 끝나고 [영국의_짐승들]을 합창할 때 [존즈] 씨는 헛간에 여우가 침입했다고 단정하고 총을 쏘아 모임이 빨리 끝났다."},{"globalSId":[2303082,2303083],"wikiPageId":558383,"questions":[{"e2St":29,"nlq":"<평양_조씨> (이)라는 조직 기관의 중요 인물은(는) [조인규]인가요?","ansArr":["T","T","T"],"e1St":0,"ans":"T","e2En":34,"rel":"keyPerson","e1En":7,"e1":"<평양_조씨>","qid":0,"e2":"[조인규]"}],"pIdx":3,"text":"<평양_조씨>는 [고려] 후기 <친원파>에 속하여, [조인규](趙仁規)는 [원나라]에 유학하였다. 후손 [조일신]도 친원적인 인물이지만 같은 <친원파>를 제거하여 권력을 독점하기도 하였다."}]}