{"paragraphs":[{"globalSId":[587938],"wikiPageId":72061,"questions":[{"e2St":57,"nlq":"[나폴리]의 국가은(는) [이탈리아]인가요?","ansArr":["T","T","T"],"e1St":30,"ans":"T","e2En":63,"rel":"country","e1En":35,"e1":"[나폴리]","qid":0,"e2":"[이탈리아]"}],"pIdx":2,"text":"여러 나라에서 즐겨먹는 세계적인 [음식]이 된 피자는 [나폴리] 지역에서 유래한 [이탈리아_요리]로, [이탈리아]에서는 [지역]에 따라서 다양한 형태의 피자 [요리]를 만들어 먹는다."},{"globalSId":[90033],"wikiPageId":6337,"questions":[{"e2St":14,"nlq":"<영통구>의 국가은(는) [대한민국]인가요?","ansArr":["T","T","T"],"e1St":0,"ans":"T","e2En":20,"rel":"country","e1En":5,"e1":"<영통구>","qid":0,"e2":"[대한민국]"},{"e2St":21,"nlq":"<영통구>를 포함하는 것은(는) [경기도]인가요?","ansArr":["T","T","T"],"e1St":0,"ans":"T","e2En":26,"rel":"isPartOf","e1En":5,"e1":"<영통구>","qid":1,"e2":"[경기도]"},{"e2St":27,"nlq":"<영통구>를 포함하는 것은(는) [수원시]인가요?","ansArr":["T","T","T"],"e1St":0,"ans":"T","e2En":32,"rel":"isPartOf","e1En":5,"e1":"<영통구>","qid":2,"e2":"[수원시]"}],"pIdx":1,"text":"<영통구>(靈通區, )는 [대한민국] [경기도] [수원시] 동부에 있는 [구_(행정_구역)]이다."},{"globalSId":[3417471,3417472],"wikiPageId":1174159,"questions":[{"e2St":37,"nlq":"<도키마타_역>의 소유 조직은(는) [도카이_여객철도]인가요?","ansArr":["T","F","T"],"e1St":0,"ans":"T","e2En":47,"rel":"owningOrganisation","e1En":8,"e1":"<도키마타_역>","qid":0,"e2":"[도카이_여객철도]"},{"e2St":37,"nlq":"<도키마타_역> (이)라는 역을 운행하는 회사 또는 노선은(는) [도카이_여객철도]인가요?","ansArr":["T","F","T"],"e1St":0,"ans":"T","e2En":47,"rel":"servingRailwayLine","e1En":8,"e1":"<도키마타_역>","qid":1,"e2":"[도카이_여객철도]"},{"e2St":48,"nlq":"<도키마타_역> (이)라는 역을 운행하는 회사 또는 노선은(는) [이다_선]인가요?","ansArr":["T","T","T"],"e1St":0,"ans":"T","e2En":54,"rel":"servingRailwayLine","e1En":8,"e1":"<도키마타_역>","qid":2,"e2":"[이다_선]"}],"pIdx":1,"text":"<도키마타_역>()은 [일본] [나가노_현] [이다_시]에 위치한 [도카이_여객철도] [이다_선]의 [철도역]이다. [상대식_승강장] 2면 2선의 구조를 갖춘 지상역이다."},{"globalSId":[304169,304170,304171],"wikiPageId":31599,"questions":[{"e2St":9,"nlq":"[토마토]의 생물종은(는) [가지목]인가요?","ansArr":["T","T","T"],"e1St":0,"ans":"T","e2En":14,"rel":"order","e1En":4,"e1":"[토마토]","qid":0,"e2":"[가지목]"},{"e2St":15,"nlq":"[토마토]의 생물종은(는) [가지과]인가요?","ansArr":["T","T","T"],"e1St":0,"ans":"T","e2En":20,"rel":"family","e1En":4,"e1":"[토마토]","qid":1,"e2":"[가지과]"}],"pIdx":1,"text":"[토마토]()는 [가지목] [가지과]의 [식물], 또는 그 [열매]를 말한다. [라틴아메리카]가 원산지인 한해살이풀로, 키는 1 ~ 3m에 [노란색] [꽃]이 핀다. 열매는 [리코펜]에 의해 붉은색을 띠며 식용 목적으로 이용된다."},{"globalSId":[824027,824028],"wikiPageId":111611,"questions":[{"e2St":83,"nlq":"[이괄의_난]의 지휘관은(는) [장만]인가요?","ansArr":["F","T","T"],"e1St":67,"ans":"T","e2En":87,"rel":"commander","e1En":74,"e1":"[이괄의_난]","qid":0,"e2":"[장만]"}],"pIdx":4,"text":"[1615년] [관무재](觀武才)에 급제하고 [고산리첨사](高山里僉使)를 거쳐 [창성방어사]에 이르렀다. [1624년] [이괄의_난] 중 [도원수] [장만]을 도와 반란을 평정하여 [진무공신]에 책록되고 <학성군>에 봉해졌다."},{"globalSId":[2289763,2289764,2289765,2289766],"wikiPageId":552120,"questions":[{"e2St":36,"nlq":"[일본_제국_해군] (이)라는 인물이나 주제가 참여한 전투, 전쟁, 교전은(는) [제2차_세계대전]인가요?","ansArr":["T","T","T"],"e1St":14,"ans":"T","e2En":46,"rel":"battle","e1En":24,"e1":"[일본_제국_해군]","qid":0,"e2":"[제2차_세계대전]"}],"pIdx":1,"text":"[가쓰라기](葛城, )는 [일본_제국_해군]의 [항공모함]이다. [제2차_세계대전] 말기에 양산이 계획된 운류급 [항공모함]의 3번함으로, [일본_제국_해군]이 건조한 [항공모함] 중(안)에서 마지막에 완성한 [항공모함]이었다. 함명은 [나라_현]에 있는 [가쓰라기_산](葛城山)을 기념하여 명명되었다. 함명은 [카츠라기](스르프)에 이어 2대 째이다."}]}