{"paragraphs":[{"globalSId":[2553664,2553665],"wikiPageId":675452,"questions":[{"e2St":18,"nlq":"<제럴턴>의 국가은(는) [오스트레일리아]인가요?","ansArr":["T","T","T"],"e1St":0,"ans":"T","e2En":27,"rel":"country","e1En":5,"e1":"<제럴턴>","qid":0,"e2":"[오스트레일리아]"},{"e2St":179,"nlq":"[퍼스_(웨스턴오스트레일리아_주)]가 있거나 연결되어있는 지역은(는) <웨스턴오스트레일리아_주>인가요?","ansArr":["T","T","T"],"e1St":51,"ans":"T","e2En":193,"rel":"region","e1En":70,"e1":"[퍼스_(웨스턴오스트레일리아_주)]","qid":1,"e2":"<웨스턴오스트레일리아_주>"}],"pIdx":1,"text":"<제럴턴>(Geraldton)은 [오스트레일리아] [웨스턴오스트레일리아_주]의 항구도시로, [퍼스_(웨스턴오스트레일리아_주)](웨스턴오스트레일리아 주의 주도)에서 북쪽으로 424km 정도 떨어진 곳에 위치하며 인구는 31,553명(2006년 인구조사 기준)이다. 주요 산업은 광업과 어업, 밀 생산, 양 사육, 관광이며 <웨스턴오스트레일리아_주>에서 네 번째로 인구가 많은 도시이다."},{"globalSId":[1914513,1914514],"wikiPageId":389114,"questions":[{"e2St":14,"nlq":"<비제르테_주>의 국가은(는) [튀니지]인가요?","ansArr":["T","T","T"],"e1St":0,"ans":"T","e2En":19,"rel":"country","e1En":8,"e1":"<비제르테_주>","qid":0,"e2":"[튀니지]"}],"pIdx":1,"text":"<비제르테_주>(, )는 [튀니지]의 북부에 있는 주로, 주도는 [비제르테]이다. 면적은 3,685km²이며, 인구는 524,000명([2004년])이다."},{"globalSId":[1295128,1295129,1295130,1295131,1295132],"wikiPageId":215904,"questions":[{"e2St":102,"nlq":"[경부고속철도]의 국가은(는) [대한민국]인가요?","ansArr":["T","T","T"],"e1St":4,"ans":"T","e2En":108,"rel":"country","e1En":12,"e1":"[경부고속철도]","qid":0,"e2":"[대한민국]"},{"e2St":102,"nlq":"[영천시]의 국가은(는) [대한민국]인가요?","ansArr":["T","T","T"],"e1St":60,"ans":"T","e2En":108,"rel":"country","e1En":65,"e1":"[영천시]","qid":1,"e2":"[대한민국]"},{"e2St":102,"nlq":"[경주시]의 국가은(는) [대한민국]인가요?","ansArr":["T","T","T"],"e1St":67,"ans":"T","e2En":108,"rel":"country","e1En":72,"e1":"[경주시]","qid":2,"e2":"[대한민국]"},{"e2St":102,"nlq":"[포항시]의 국가은(는) [대한민국]인가요?","ansArr":["T","T","T"],"e1St":74,"ans":"T","e2En":108,"rel":"country","e1En":79,"e1":"[포항시]","qid":3,"e2":"[대한민국]"},{"e2St":102,"nlq":"[울산광역시]의 국가은(는) [대한민국]인가요?","ansArr":["T","T","T"],"e1St":81,"ans":"T","e2En":108,"rel":"country","e1En":88,"e1":"[울산광역시]","qid":4,"e2":"[대한민국]"},{"e2St":297,"nlq":"[울산공항]가 위치한 지역은(는) [울산광역시]인가요?","ansArr":["T","T","T"],"e1St":188,"ans":"T","e2En":304,"rel":"location","e1En":194,"e1":"[울산공항]","qid":5,"e2":"[울산광역시]"},{"e2St":297,"nlq":"[울산공항]가 있거나 연결되어있는 지역은(는) [울산광역시]인가요?","ansArr":["T","F","T"],"e1St":188,"ans":"T","e2En":304,"rel":"region","e1En":194,"e1":"[울산공항]","qid":6,"e2":"[울산광역시]"}],"pIdx":3,"text":"개요. [경부고속철도]를 계획하던 [1990년] [6월], 동대구-경주-부산 구간을 확정하고 배후 지역으로 [영천시], [경주시], [포항시], [울산광역시]가 거론되었다. 그 중 \u201C[대한민국]을 대표하는 역사적 도시\u201D, \u201C[대한민국]의 관광 대표 도시\u201D로서 [경주시]의 중요성이 부각되었고 [포항시]에는 [포항공항], [울산광역시]는 [울산공항]이 있는데 반해 [경주시]는 공항이 없었고, 관광 도시 접근 편의성이 중요해 신경주역 신설이 확정되었다. 이후 <신경주역>을 동남권 대표 정차역으로 천명하였으나, [노무현_정부] 시절 [울산광역시]에서 [광역시]의 위상을 들어 [울산역] 신설을 요구하였다. [2004년] [건설교통부]에서 받아들이고, [경부고속철도] 2단계 구간을 수정해서 [오송역], [김천(구미)역], [울산역]을 추가하도록 했다."},{"globalSId":[1978946,1978947,1978948,1978949,1978950],"wikiPageId":413148,"questions":[{"e2St":244,"nlq":"[알베르트_아인슈타인]가 알려진 일, 역사적인 사건 등. 사람, 조직, 집중력 캠프 등은(는) [일반상대성이론]인가요?","ansArr":["F","T","T"],"e1St":230,"ans":"T","e2En":253,"rel":"knownFor","e1En":242,"e1":"[알베르트_아인슈타인]","qid":0,"e2":"[일반상대성이론]"}],"pIdx":2,"text":"[우주론]은 천체의 움직임과 [원동자]에 대한 연구를 포함하고 있다. 인간의 역사의 대부분에서, 이것은 [형이상학]과 [종교]의 일부로 인식되었다. [과학]으로서의 우주론은 천체가 지구에서와 같은 물리 법칙을 따른다는 [코페르니쿠스_원리]와, 처음으로 천체의 움직임을 이해할 수 있게 설명한 [뉴턴_역학]과 함께 시작되었다. 현재에는 이를 [천체역학]이라고 한다. <물리우주론>은, [20세기] 이래 발달되어온 [알베르트_아인슈타인]의 [일반상대성이론]과, 아주 멀리 떨어진 천체에 대한 발달된 [천문학]적 관찰과 함께 시작되었다."}]}