{"paragraphs":[{"globalSId":[3215435],"wikiPageId":1024150,"questions":[{"e2St":31,"nlq":"<칠곡대로> (이)라는 경로가 끝나는 곳은(는) [경상북도]인가요?","ansArr":["T","T","T"],"e1St":0,"ans":"T","e2En":37,"rel":"routeEnd","e1En":6,"e1":"<칠곡대로>","qid":0,"e2":"[경상북도]"},{"e2St":31,"nlq":"<칠곡대로> (이)라는 경로가 시작되는 곳은(는) [경상북도]인가요?","ansArr":["T","T","T"],"e1St":0,"ans":"T","e2En":37,"rel":"routeStart","e1En":6,"e1":"<칠곡대로>","qid":1,"e2":"[경상북도]"},{"e2St":38,"nlq":"<칠곡대로> (이)라는 경로가 끝나는 곳은(는) [칠곡군]인가요?","ansArr":["F","T","F"],"e1St":0,"ans":"F","e2En":43,"rel":"routeEnd","e1En":6,"e1":"<칠곡대로>","qid":2,"e2":"[칠곡군]"},{"e2St":38,"nlq":"<칠곡대로> (이)라는 경로가 시작되는 곳은(는) [칠곡군]인가요?","ansArr":["T","T","T"],"e1St":0,"ans":"T","e2En":43,"rel":"routeStart","e1En":6,"e1":"<칠곡대로>","qid":3,"e2":"[칠곡군]"},{"e2St":44,"nlq":"<칠곡대로> (이)라는 경로가 시작되는 곳은(는) [북삼읍]인가요?","ansArr":["T","T","T"],"e1St":0,"ans":"T","e2En":49,"rel":"routeStart","e1En":6,"e1":"<칠곡대로>","qid":4,"e2":"[북삼읍]"},{"e2St":52,"nlq":"<칠곡대로> (이)라는 경로가 끝나는 곳은(는) [지천면]인가요?","ansArr":["F","T","T"],"e1St":0,"ans":"T","e2En":57,"rel":"routeEnd","e1En":6,"e1":"<칠곡대로>","qid":5,"e2":"[지천면]"}],"pIdx":1,"text":"<칠곡대로>(Chilgok-daero)는 [대한민국]의 [경상북도] [칠곡군] [북삼읍]에서 [지천면]을 거쳐 연결하는 도로이다."},{"globalSId":[3325094],"wikiPageId":1099970,"questions":[{"e2St":50,"nlq":"<내토역> (이)라는 역을 운행하는 회사 또는 노선은(는) [황해선]인가요?","ansArr":["T","T","T"],"e1St":0,"ans":"T","e2En":55,"rel":"servingRailwayLine","e1En":5,"e1":"<내토역>","qid":0,"e2":"[황해선]"}],"pIdx":1,"text":"<내토역>(內土驛)은 [조선민주주의인민공화국] [황해남도] [재령군] [석탄리]에 위치한 [황해선]의 [철도역]이었다."},{"globalSId":[2268746,2268747],"wikiPageId":540944,"questions":[{"e2St":11,"nlq":"[니이다_강]의 국가은(는) [일본]인가요?","ansArr":["T","T","T"],"e1St":0,"ans":"T","e2En":15,"rel":"country","e1En":6,"e1":"[니이다_강]","qid":0,"e2":"[일본]"},{"e2St":16,"nlq":"[니이다_강]가 있거나 연결되어있는 지역은(는) [이와테_현]인가요?","ansArr":["T","T","T"],"e1St":0,"ans":"T","e2En":23,"rel":"region","e1En":6,"e1":"[니이다_강]","qid":1,"e2":"[이와테_현]"},{"e2St":26,"nlq":"[니이다_강]가 있거나 연결되어있는 지역은(는) [아오모리_현]인가요?","ansArr":["T","T","T"],"e1St":0,"ans":"T","e2En":34,"rel":"region","e1En":6,"e1":"[니이다_강]","qid":2,"e2":"[아오모리_현]"}],"pIdx":1,"text":"[니이다_강]()는 [일본] [이와테_현]에서 [아오모리_현]으로 흘러가는 2급 하천으로 [니이다_강] 수계 본류에 해당한다. 유로연장 78.1km, 유역면적은 585.4km²이다."},{"globalSId":[3841977,3841978],"wikiPageId":1621300,"questions":[{"e2St":28,"nlq":"[테이트삼지창코박쥐속]의 생물종은(는) [잎코박쥐과]인가요?","ansArr":["T","T","T"],"e1St":0,"ans":"T","e2En":35,"rel":"family","e1En":11,"e1":"[테이트삼지창코박쥐속]","qid":0,"e2":"[잎코박쥐과]"},{"e2St":41,"nlq":"[테이트삼지창코박쥐속]의 생물종은(는) [박쥐]인가요?","ansArr":["T","T","T"],"e1St":0,"ans":"T","e2En":45,"rel":"order","e1En":11,"e1":"[테이트삼지창코박쥐속]","qid":1,"e2":"[박쥐]"},{"e2St":41,"nlq":"[잎코박쥐과]의 생물종은(는) [박쥐]인가요?","ansArr":["T","T","T"],"e1St":28,"ans":"T","e2En":45,"rel":"order","e1En":35,"e1":"[잎코박쥐과]","qid":2,"e2":"[박쥐]"}],"pIdx":1,"text":"[테이트삼지창코박쥐속](\"Aselliscus\")은 [잎코박쥐과]에 속하는 [박쥐] 속의 하나이다. 3종으로 이루어져 있다."}]}