{"paragraphs":[{"globalSId":[2722811,2722812],"wikiPageId":751328,"questions":[{"e2St":10,"nlq":"<메솔롱기>의 국가은(는) [그리스]인가요?","ansArr":["T","T","T"],"e1St":0,"ans":"T","e2En":15,"rel":"country","e1En":6,"e1":"<메솔롱기>","qid":0,"e2":"[그리스]"},{"e2St":46,"nlq":"[서그리스_주]에 속한 일부 장소은(는) [에톨로아카르나니아_현]인가요?","ansArr":["T","T","T"],"e1St":29,"ans":"T","e2En":59,"rel":"part","e1En":37,"e1":"[서그리스_주]","qid":1,"e2":"[에톨로아카르나니아_현]"}],"pIdx":1,"text":"<메솔롱기>()는 [그리스] 서부에 위치한 도시로, [서그리스_주]에 속하는 현인 [에톨로아카르나니아_현]의 현청 소재지이며 면적은 280.2㎢, 높이는 0 ~ 9m, 인구는 17,988명(2001년 기준), 인구 밀도는 64명\/㎢이다. [파트라_만]과 접하고 있고 어류와 포도주, 담배 무역이 주를 이룬다."},{"globalSId":[434516,434517,434518],"wikiPageId":45686,"questions":[{"e2St":13,"nlq":"<쓰다주쿠_대학>의 국가은(는) [일본]인가요?","ansArr":["T","T","T"],"e1St":0,"ans":"T","e2En":17,"rel":"country","e1En":9,"e1":"<쓰다주쿠_대학>","qid":0,"e2":"[일본]"},{"e2St":18,"nlq":"<쓰다주쿠_대학>가 위치한 곳의 전체 도로명 주소은(는) [도쿄_도]인가요?","ansArr":["T","T","T"],"e1St":0,"ans":"T","e2En":24,"rel":"address","e1En":9,"e1":"<쓰다주쿠_대학>","qid":1,"e2":"[도쿄_도]"},{"e2St":25,"nlq":"<쓰다주쿠_대학>가 위치한 곳의 전체 도로명 주소은(는) [고다이라_시]인가요?","ansArr":["T","F","T"],"e1St":0,"ans":"T","e2En":33,"rel":"address","e1En":9,"e1":"<쓰다주쿠_대학>","qid":2,"e2":"[고다이라_시]"},{"e2St":18,"nlq":"[일본] (이)라는 지방 정부나 중앙 정부가 위치한 도시\/자치도시은(는) [도쿄_도]인가요?","ansArr":["F","F","F"],"e1St":13,"ans":"F","e2En":24,"rel":"capital","e1En":17,"e1":"[일본]","qid":3,"e2":"[도쿄_도]"}],"pIdx":1,"text":"<쓰다주쿠_대학>()은 [일본] [도쿄_도] [고다이라_시]에 있는 4년제 사립대학이다. 예전부터 \"여대의 [도쿄_대학]\"이라는 이름으로 불리며, 입학하기 가장 어려운 여자대학이라는 평판을 받고 있다. [오차노미즈_여자_대학]과 더불어 일본의 여자 대학으로 손꼽힌다."},{"globalSId":[2533885,2533886],"wikiPageId":666532,"questions":[{"e2St":16,"nlq":"<만지니>의 국가은(는) [스와질란드]인가요?","ansArr":["T","T","T"],"e1St":0,"ans":"T","e2En":23,"rel":"country","e1En":5,"e1":"<만지니>","qid":0,"e2":"[스와질란드]"},{"e2St":37,"nlq":"<만지니>의 행정구역은(는) [만지니_구]인가요?","ansArr":["T","T","T"],"e1St":0,"ans":"T","e2En":44,"rel":"administrativeDistrict","e1En":5,"e1":"<만지니>","qid":1,"e2":"[만지니_구]"},{"e2St":37,"nlq":"<만지니>가 있거나 연결되어있는 지역은(는) [만지니_구]인가요?","ansArr":["T","T","T"],"e1St":0,"ans":"T","e2En":44,"rel":"region","e1En":5,"e1":"<만지니>","qid":2,"e2":"[만지니_구]"},{"e2St":37,"nlq":"<만지니>를 포함하는 것은(는) [만지니_구]인가요?","ansArr":["T","T","T"],"e1St":0,"ans":"T","e2En":44,"rel":"isPartOf","e1En":5,"e1":"<만지니>","qid":3,"e2":"[만지니_구]"},{"e2St":82,"nlq":"<만지니>의 국가은(는) <스와질란드>인가요?","ansArr":["T","T","T"],"e1St":0,"ans":"T","e2En":89,"rel":"country","e1En":5,"e1":"<만지니>","qid":4,"e2":"<스와질란드>"},{"e2St":82,"nlq":"[만지니_구]의 국가은(는) <스와질란드>인가요?","ansArr":["T","T","T"],"e1St":37,"ans":"T","e2En":89,"rel":"country","e1En":44,"e1":"[만지니_구]","qid":5,"e2":"<스와질란드>"}],"pIdx":1,"text":"<만지니>(Manzini)는 [스와질란드] 중부에 위치한 도시로, [만지니_구]의 행정 중심지이며 인구는 73,000명([2004년] 기준)이다. <스와질란드>의 대표적인 공업 도시이며 인근 지대에는 공항이 있다."}]}