{"paragraphs":[{"globalSId":[1171610,1171611],"wikiPageId":180453,"questions":[{"e2St":11,"nlq":"<케르만>의 국가은(는) [이란]인가요?","ansArr":["T","T","T"],"e1St":0,"ans":"T","e2En":15,"rel":"country","e1En":5,"e1":"<케르만>","qid":0,"e2":"[이란]"},{"e2St":22,"nlq":"<케르만>를 포함하는 것은(는) [케르만_주]인가요?","ansArr":["T","T","T"],"e1St":0,"ans":"T","e2En":29,"rel":"isPartOf","e1En":5,"e1":"<케르만>","qid":1,"e2":"[케르만_주]"},{"e2St":57,"nlq":"[이란] (이)라는 지방 정부나 중앙 정부가 위치한 도시\/자치도시은(는) [테헤란]인가요?","ansArr":["T","T","T"],"e1St":11,"ans":"T","e2En":62,"rel":"capital","e1En":15,"e1":"[이란]","qid":2,"e2":"[테헤란]"},{"e2St":48,"nlq":"[케르만_주]의 국가은(는) [이란]인가요?","ansArr":["T","T","T"],"e1St":22,"ans":"T","e2En":52,"rel":"country","e1En":29,"e1":"[케르만_주]","qid":3,"e2":"[이란]"}],"pIdx":1,"text":"<케르만>(, )은 [이란]의 도시로, [케르만_주]의 주도이며 큰 평원에 위치한다. [이란]의 수도 [테헤란]에서 남쪽으로 1,076km 정도 떨어진 곳에 위치하며 인구는 533,799명([2005년] 기준)이다."},{"globalSId":[3804464,3804465,3804466],"wikiPageId":1582269,"questions":[{"e2St":37,"nlq":"[고삐발톱꼬리왈라비]의 생물종은(는) [캥거루과]인가요?","ansArr":["T","T","T"],"e1St":0,"ans":"T","e2En":43,"rel":"family","e1En":10,"e1":"[고삐발톱꼬리왈라비]","qid":0,"e2":"[캥거루과]"}],"pIdx":1,"text":"[고삐발톱꼬리왈라비](\"Onychogalea fraenata\")은 [캥거루과]에 속하는 멸종위기종 [유대류]의 일종이다. [오스트레일리아] [퀸즐랜드_주]의 군데 고립된 장소에서 발견되는 작은 [왈라비]로 개체수가 감소 추세에 있다. 현재, 야생에서의 전체 성체 개체수를 1,100마리 이하로 추산하고 있다."},{"globalSId":[3794149,3794150],"wikiPageId":1512589,"questions":[{"e2St":25,"nlq":"[중화인민공화국] (이)라는 장소에서의 가장 큰 도시은(는) [상하이_시]인가요?","ansArr":["T","F","F"],"e1St":15,"ans":"F","e2En":32,"rel":"largestCity","e1En":24,"e1":"[중화인민공화국]","qid":0,"e2":"[상하이_시]"}],"pIdx":1,"text":"[상하이_디즈니랜드]()는 [중화인민공화국] [상하이_시]에 있는 [상하이_디즈니_리조트] 내에 위치한 [디즈니_공원]이다. [2016년] [6월_16일]에 개업하였다."},{"globalSId":[204845],"wikiPageId":13759,"questions":[{"e2St":12,"nlq":"[로렌]의 국가은(는) [프랑스]인가요?","ansArr":["T","T","T"],"e1St":0,"ans":"T","e2En":17,"rel":"country","e1En":3,"e1":"[로렌]","qid":0,"e2":"[프랑스]"}],"pIdx":1,"text":"[로렌](, , )은 [프랑스] 북동부에 위치한 [프랑스의_레지옹]으로 중심 도시는 [메스_(프랑스)]이며 면적은 23,547㎢, 인구는 2,939,393명(2012년 기준)이다."},{"globalSId":[1662132,1662133,1662134,1662135],"wikiPageId":305104,"questions":[{"e2St":83,"nlq":"[얀_3세_소비에스키]의 자녀은(는) [테레사_쿠네군다_소비에스카]인가요?","ansArr":["F","T","T"],"e1St":67,"ans":"T","e2En":99,"rel":"child","e1En":79,"e1":"[얀_3세_소비에스키]","qid":0,"e2":"[테레사_쿠네군다_소비에스카]"},{"e2St":261,"nlq":"[얀_3세_소비에스키] (이)라는 인물의 안식처, 무덤은(는) [프랑스]인가요?","ansArr":["F","T","F"],"e1St":67,"ans":"F","e2En":266,"rel":"restingPlace","e1En":79,"e1":"[얀_3세_소비에스키]","qid":1,"e2":"[프랑스]"}],"pIdx":2,"text":"생애. 그는 [1697년] [바이에른의_군주] [바이에른_선제후_막시밀리안_2세_에마누엘]와 [폴란드-리투아니아]의 왕 [얀_3세_소비에스키]의 딸 [테레사_쿠네군다_소비에스카]의 아들로 태어났다. 자라서 [스페인_왕위계승전쟁]에 참여하였으며, [1726년] 아버지가 죽자 [선제후]의 자리를 물려받았다. [1713년의_국본조칙]에 이의를 표하지 않았으나 [1740년] [신성로마제국의_카를_6세]이 죽자 장녀 [오스트리아의_마리아_테레지아]의 제위 계승에 반대하여 [프랑스] 편에 섰으며 [1742년] [신성_로마_제국_황제]가 되었다."},{"globalSId":[614306,614307,614308,614309],"wikiPageId":75838,"questions":[{"e2St":73,"nlq":"<괴델,_에셔,_바흐> (이)라는 글을 쓴 사람은(는) [더글러스_호프스태터]인가요?","ansArr":["T","T","T"],"e1St":1,"ans":"T","e2En":85,"rel":"author","e1En":13,"e1":"<괴델,_에셔,_바흐>","qid":0,"e2":"[더글러스_호프스태터]"}],"pIdx":1,"text":"《<괴델,_에셔,_바흐>: 영원한 황금 노끈(G?del, Escher, Bach: an Eternal Golden Braid)》은 [더글러스_호프스태터]가 쓴 [퓰리처상] 수상작이다. 논리학자인 <쿠르트_괴델>, 미술가인 [M._C._에셔], 작곡가인 <요한_제바스티안_바흐>를 소재로 하고 있다."},{"globalSId":[2428874,2428875],"wikiPageId":616755,"questions":[{"e2St":47,"nlq":"[타케우치_나오코]가 작성한 주목할만한 작품 또는 주제 (예 : 작가, 아티스트, 엔지니어)은(는) [미소녀전사_세일러문]인가요?","ansArr":["F","T","F"],"e1St":28,"ans":"F","e2En":59,"rel":"notableWork","e1En":38,"e1":"[타케우치_나오코]","qid":0,"e2":"[미소녀전사_세일러문]"}],"pIdx":1,"text":"<메이오_세츠나>()(한명: <이사벨_1세>)는, [타케우치_나오코]의 만화작품인 《[미소녀전사_세일러문]》에 등장하는 가공의 인물이다. TV 애니메이션 판에서 목소리를 맡은 성우로는, [일본]에서 [카와시마_치요코], [한국]에서는 [KBS]판에선 [이선]이, [대원방송] 재더빙판에서는 [박고운]이 맡았다."}]}