{"paragraphs":[{"globalSId":[1766083,1766084],"wikiPageId":337522,"questions":[{"e2St":42,"nlq":"[중화인민공화국] (이)라는 지방 정부나 중앙 정부가 위치한 도시\/자치도시은(는) [베이징_시]인가요?","ansArr":["F","T","T"],"e1St":27,"ans":"T","e2En":49,"rel":"capital","e1En":36,"e1":"[중화인민공화국]","qid":0,"e2":"[베이징_시]"},{"e2St":76,"nlq":"[퉁저우_구_(베이징_시)]를 포함하는 것은(는) [베이징_시]인가요?","ansArr":["T","T","T"],"e1St":56,"ans":"T","e2En":83,"rel":"isPartOf","e1En":71,"e1":"[퉁저우_구_(베이징_시)]","qid":1,"e2":"[베이징_시]"}],"pIdx":1,"text":"[징퉁_쾌속공로](京通快速公路, 경통쾌속공로)는 [중화인민공화국]의 수도인 [베이징_시]의 중심가와 [퉁저우_구_(베이징_시)]를 잇는 [베이징_시]의 고속화도로이다. [중화인민공화국]에서 최초로 [수익형_민자사업]방식으로 건설된 고속화도로로, [1996년]에 개통한 이래 20년간 민간기업이 운영하고 있다."},{"globalSId":[1657936,1657937],"wikiPageId":304026,"questions":[{"e2St":48,"nlq":"<상파울루_구아룰류스_국제공항>가 위치한 지역은(는) [브라질]인가요?","ansArr":["T","T","T"],"e1St":0,"ans":"T","e2En":53,"rel":"location","e1En":17,"e1":"<상파울루_구아룰류스_국제공항>","qid":0,"e2":"[브라질]"},{"e2St":54,"nlq":"<상파울루_구아룰류스_국제공항>가 위치한 지역은(는) [상파울루_주]인가요?","ansArr":["T","T","T"],"e1St":0,"ans":"T","e2En":62,"rel":"location","e1En":17,"e1":"<상파울루_구아룰류스_국제공항>","qid":1,"e2":"[상파울루_주]"},{"e2St":63,"nlq":"<상파울루_구아룰류스_국제공항>가 위치한 지역은(는) [구아룰류스]인가요?","ansArr":["T","T","T"],"e1St":0,"ans":"T","e2En":70,"rel":"location","e1En":17,"e1":"<상파울루_구아룰류스_국제공항>","qid":2,"e2":"[구아룰류스]"},{"e2St":123,"nlq":"<상파울루_구아룰류스_국제공항>가 위치한 행정 구역은(는) [상파울루]인가요?","ansArr":["T","T","T"],"e1St":0,"ans":"T","e2En":129,"rel":"city","e1En":17,"e1":"<상파울루_구아룰류스_국제공항>","qid":3,"e2":"[상파울루]"},{"e2St":123,"nlq":"<상파울루_구아룰류스_국제공항>가 있거나 연결되어있는 지역은(는) [상파울루]인가요?","ansArr":["T","T","T"],"e1St":0,"ans":"T","e2En":129,"rel":"region","e1En":17,"e1":"<상파울루_구아룰류스_국제공항>","qid":4,"e2":"[상파울루]"},{"e2St":123,"nlq":"[브라질] (이)라는 장소에서의 가장 큰 도시은(는) [상파울루]인가요?","ansArr":["T","T","T"],"e1St":48,"ans":"T","e2En":129,"rel":"largestCity","e1En":53,"e1":"[브라질]","qid":5,"e2":"[상파울루]"},{"e2St":86,"nlq":"[상파울루_주]의 국가은(는) [브라질]인가요?","ansArr":["T","T","T"],"e1St":54,"ans":"T","e2En":91,"rel":"country","e1En":62,"e1":"[상파울루_주]","qid":6,"e2":"[브라질]"},{"e2St":123,"nlq":"[상파울루_주] (이)라는 지방 정부나 중앙 정부가 위치한 도시\/자치도시은(는) [상파울루]인가요?","ansArr":["F","T","T"],"e1St":54,"ans":"T","e2En":129,"rel":"capital","e1En":62,"e1":"[상파울루_주]","qid":7,"e2":"[상파울루]"},{"e2St":86,"nlq":"[구아룰류스]의 국가은(는) [브라질]인가요?","ansArr":["T","T","T"],"e1St":63,"ans":"T","e2En":91,"rel":"country","e1En":70,"e1":"[구아룰류스]","qid":8,"e2":"[브라질]"}],"pIdx":1,"text":"<상파울루_구아룰류스_국제공항>(, [IATA]: GRU, [ICAO]: SBGR)은 [브라질] [상파울루_주] [구아룰류스]에 위치한 [국제공항]이다. [브라질]에서 가장 이용객이 많은 이 공항은 [브라질] 최대 도시 [상파울루] 도심에서 약 25km 떨어져 있다."}]}