{"paragraphs":[{"globalSId":[2790168],"wikiPageId":786971,"questions":[{"e2St":19,"nlq":"<지금동>가 있거나 연결되어있는 지역은(는) [경기도]인가요?","ansArr":["T","T","T"],"e1St":0,"ans":"T","e2En":24,"rel":"region","e1En":5,"e1":"<지금동>","qid":0,"e2":"[경기도]"}],"pIdx":1,"text":"<지금동>(芝錦洞)은 [대한민국] [경기도] [남양주시] 남쪽에 있는 동이다."},{"globalSId":[1730685,1730686,1730687,1730688,1730689],"wikiPageId":326685,"questions":[{"e2St":33,"nlq":"[When_Dream_and_Day_Unite] (이)라는 작품의 장르(갈래) 또는 [When_Dream_and_Day_Unite] (이)라는 팀이 추구하는 장르은(는) [프로그레시브_메탈]인가요?","ansArr":["T","T","T"],"e1St":0,"ans":"T","e2En":44,"rel":"genre","e1En":25,"e1":"[When_Dream_and_Day_Unite]","qid":0,"e2":"[프로그레시브_메탈]"},{"e2St":48,"nlq":"[When_Dream_and_Day_Unite]에 관련이 있는 음악가, 음악 그룹, 그 외의 연주자은(는) [드림_시어터]인가요?","ansArr":["T","T","T"],"e1St":0,"ans":"T","e2En":56,"rel":"artist","e1En":25,"e1":"[When_Dream_and_Day_Unite]","qid":1,"e2":"[드림_시어터]"},{"e2St":48,"nlq":"[When_Dream_and_Day_Unite] (이)라는 창작물의 제작자은(는) [드림_시어터]인가요?","ansArr":["T","T","T"],"e1St":0,"ans":"T","e2En":56,"rel":"producer","e1En":25,"e1":"[When_Dream_and_Day_Unite]","qid":2,"e2":"[드림_시어터]"},{"e2St":172,"nlq":"[When_Dream_and_Day_Unite] (이)라는 작품을 쓴 인물은(는) [찰리_도미니시]인가요?","ansArr":["F","F","F"],"e1St":0,"ans":"F","e2En":181,"rel":"writer","e1En":25,"e1":"[When_Dream_and_Day_Unite]","qid":3,"e2":"[찰리_도미니시]"},{"e2St":207,"nlq":"[드림_시어터] (이)라는 스포츠 팀의 현재 소속 선수은(는) [제임스_라브리에]인가요?","ansArr":["F","T","T"],"e1St":48,"ans":"T","e2En":217,"rel":"currentMember","e1En":56,"e1":"[드림_시어터]","qid":4,"e2":"[제임스_라브리에]"},{"e2St":207,"nlq":"[드림_시어터] (이)라는 밴드에 속한 멤버은(는) [제임스_라브리에]인가요?","ansArr":["T","T","T"],"e1St":48,"ans":"T","e2En":217,"rel":"bandMember","e1En":56,"e1":"[드림_시어터]","qid":5,"e2":"[제임스_라브리에]"}],"pIdx":1,"text":"[When_Dream_and_Day_Unite]는 [미국] [프로그레시브_메탈] 밴드 [드림_시어터]의 데뷔앨범이다. 이 앨범의 곡들은 주로 밴드 초창기의 [마제스티] 시절 영향을 많이 받았다. [펜실베이니아] [Gladwyne]에 위치한 [Victory_Studio]에서 [1988년] 여름에 녹음되었다. [찰리_도미니시]가 보컬로 합류한 유일한 정규 앨범이고, 이후 [제임스_라브리에]로 보컬이 교체되었다. 이 앨범은 또한 [Falling_Into_Infinity]와 함께 밴드의 로고가 <앨범아트>에 들어가지 않은 유이한 앨범이기도 하다."},{"globalSId":[1719394,1719395,1719396,1719397,1719398],"wikiPageId":323554,"questions":[{"e2St":62,"nlq":"<오리노코_강>의 국가은(는) [베네수엘라]인가요?","ansArr":["T","T","T"],"e1St":4,"ans":"T","e2En":69,"rel":"country","e1En":12,"e1":"<오리노코_강>","qid":0,"e2":"[베네수엘라]"},{"e2St":79,"nlq":"[아마존_강]의 국가은(는) [콜롬비아]인가요?","ansArr":["T","T","F"],"e1St":24,"ans":"T","e2En":85,"rel":"country","e1En":31,"e1":"[아마존_강]","qid":1,"e2":"[콜롬비아]"}],"pIdx":2,"text":"지리. <오리노코_강>은 [남아메리카]에서 [아마존_강]과 [파라나_강]에 이어 세번째로 긴 강으로 그 유역은 [베네수엘라] 국토의 80%와 [콜롬비아] 국토의 25%를 차지한다. 강 상류에는 두 가지 유명한 특징이 있다. 하나는 세계에서 가장 높은 수직 구간으로 직접 물이 떨어지는 폭포인 979m 높이의 [앙헬_폭포]([엔젤_폭포])로 [추룬_강]을 따라 [아우얀테뷔](악마의 산) 산에서 떨어진 후 <오리노코_강>과 합류한다. 두 번째는 [카시콰이아르_수로]인데 355km의 길이로 [오리노코_강]의 물을 남쪽의 [아마존_강]의 한 지류인 [리오네그로_강]으로 흘려보낸다."},{"globalSId":[2753558,2753559],"wikiPageId":767933,"questions":[{"e2St":140,"nlq":"[낙동강]가 위치한 행정 구역은(는) [태백시]인가요?","ansArr":["T","T","T"],"e1St":28,"ans":"T","e2En":145,"rel":"city","e1En":33,"e1":"[낙동강]","qid":0,"e2":"[태백시]"}],"pIdx":1,"text":"<너덜샘>은 [강원도] [태백시] 화전동에 위치한 [낙동강]의 지리적 발원지로 알려져 있다. 해발 1418[m] [금대봉_(강원)\u200E] 기슭에 위치해 있다고 하지만 [1980년대] 초 지리연구가인 <이형석_(2000년)>씨에 의해 [낙동강]의 발원지가 [태백시] [천의봉] <너덜샘>으로 새롭게 밝혀졌다."},{"globalSId":[3776025,3776026,3776027],"wikiPageId":1493023,"questions":[{"e2St":30,"nlq":"[존스턴제넷]의 생물종은(는) [사향고양이과]인가요?","ansArr":["T","T","T"],"e1St":0,"ans":"T","e2En":38,"rel":"family","e1En":6,"e1":"[존스턴제넷]","qid":0,"e2":"[사향고양이과]"},{"e2St":81,"nlq":"[존스턴제넷]의 생물종은(는) [식육목]인가요?","ansArr":["T","T","T"],"e1St":0,"ans":"T","e2En":86,"rel":"order","e1En":6,"e1":"[존스턴제넷]","qid":1,"e2":"[식육목]"},{"e2St":81,"nlq":"[사향고양이과]의 생물종은(는) [식육목]인가요?","ansArr":["T","T","T"],"e1St":30,"ans":"T","e2En":86,"rel":"order","e1En":38,"e1":"[사향고양이과]","qid":2,"e2":"[식육목]"},{"e2St":81,"nlq":"[제넷속]의 생물종은(는) [식육목]인가요?","ansArr":["T","T","T"],"e1St":44,"ans":"T","e2En":86,"rel":"order","e1En":49,"e1":"[제넷속]","qid":3,"e2":"[식육목]"}],"pIdx":1,"text":"[존스턴제넷](\"Genetta johnstoni\")은 [사향고양이과]에 속하는 [제넷속]의 일종이다. [나이저_강] 상부 산림에서 발견되는 작은 [식육목] 동물이다. 농경지 또는 산업용을 사용하기 위한 산림 벌채로 우림 서식지가 파괴됨에 따라서 [IUCN_적색_목록]에서 취약종(VU, Vulnerable species)으로 지정, 분류하고 있다."}]}