{"paragraphs":[{"globalSId":[2651654,2651655],"wikiPageId":721056,"questions":[{"e2St":34,"nlq":"[스벤예란_에릭손] (이)라는 운동선수가 관리, 감독하는 스포츠 팀은(는) [광저우_푸리]인가요?","ansArr":["T","T","T"],"e1St":15,"ans":"T","e2En":42,"rel":"managerClub","e1En":25,"e1":"[스벤예란_에릭손]","qid":0,"e2":"[광저우_푸리]"},{"e2St":51,"nlq":"[광저우_푸리] (이)라는 축구팀의 홈구장 혹은 홈그라운은(는) <광저우_시>인가요?","ansArr":["F","T","T"],"e1St":34,"ans":"T","e2En":58,"rel":"ground","e1En":42,"e1":"[광저우_푸리]","qid":1,"e2":"<광저우_시>"}],"pIdx":4,"text":"[2013] 시즌 종료 후 [스벤예란_에릭손] 감독이 이끌던 [광저우_푸리]로 이적하였다. <광저우_시>에서 1시즌 반 동안 리그 34경기에 출전하여 1골을 기록하였다."},{"globalSId":[1147696,1147697,1147698,1147699],"wikiPageId":175014,"questions":[{"e2St":202,"nlq":"[첫사랑_(1986년_드라마)]에 출연한 배우은(는) [황신혜]인가요?","ansArr":["T","T","T"],"e1St":132,"ans":"T","e2En":207,"rel":"starring","e1En":149,"e1":"[첫사랑_(1986년_드라마)]","qid":0,"e2":"[황신혜]"}],"pIdx":2,"text":"생애. [1980년] 연극배우 첫 데뷔하였으며 이듬해 [1981년] 뮤지컬배우 데뷔한 그는 1년 후 [국민대학교] 3학년에 재학 중이던 [1982년] [문화방송] 16기 공채 탤런트로 정식 데뷔하였다. [1986년] [MBC] 드라마 《[첫사랑_(1986년_드라마)]》에서 4,5회 쯤에 사라지기로 되어 있었던 단역이었으나, 점점 시청자들의 호응을 얻어 주인공 [황신혜]의 상대역으로 승격되어 종반까지 출연하였다. 이 드라마에서의 인기를 발판으로 청춘스타로 자리매김한 그는 [1987년] 이후 《[순심이]》, 《[야망의_세월]》, 《[달빛_가족]》, 《[연인_(1993년_드라마)]》등 많은 멜로드라마의 주인공으로 활약했다."},{"globalSId":[4006585,4006586,4006587,4006588],"wikiPageId":1774413,"questions":[{"e2St":61,"nlq":"[비틀즈] (이)라는 스포츠 팀의 현재 소속 선수은(는) [존_레논]인가요?","ansArr":["F","F","F"],"e1St":49,"ans":"F","e2En":67,"rel":"currentMember","e1En":54,"e1":"[비틀즈]","qid":0,"e2":"[존_레논]"},{"e2St":61,"nlq":"[비틀즈] (이)라는 밴드의 이전 멤버은(는) [존_레논]인가요?","ansArr":["T","F","F"],"e1St":49,"ans":"F","e2En":67,"rel":"formerBandMember","e1En":54,"e1":"[비틀즈]","qid":1,"e2":"[존_레논]"},{"e2St":69,"nlq":"[비틀즈] (이)라는 스포츠 팀의 현재 소속 선수은(는) [폴_매카트니]인가요?","ansArr":["F","F","F"],"e1St":49,"ans":"F","e2En":77,"rel":"currentMember","e1En":54,"e1":"[비틀즈]","qid":2,"e2":"[폴_매카트니]"},{"e2St":69,"nlq":"[비틀즈] (이)라는 밴드의 이전 멤버은(는) [폴_매카트니]인가요?","ansArr":["T","F","F"],"e1St":49,"ans":"F","e2En":77,"rel":"formerBandMember","e1En":54,"e1":"[비틀즈]","qid":3,"e2":"[폴_매카트니]"},{"e2St":319,"nlq":"[비틀즈] (이)라는 스포츠 팀의 현재 소속 선수은(는) [조지_해리슨]인가요?","ansArr":["F","F","F"],"e1St":49,"ans":"F","e2En":327,"rel":"currentMember","e1En":54,"e1":"[비틀즈]","qid":4,"e2":"[조지_해리슨]"},{"e2St":319,"nlq":"[비틀즈] (이)라는 밴드의 이전 멤버은(는) [조지_해리슨]인가요?","ansArr":["T","F","F"],"e1St":49,"ans":"F","e2En":327,"rel":"formerBandMember","e1En":54,"e1":"[비틀즈]","qid":5,"e2":"[조지_해리슨]"},{"e2St":194,"nlq":"[존_레논] (이)라는 아티스트와 관련있는 아티스트은(는) <비틀즈>인가요?","ansArr":["T","T","T"],"e1St":61,"ans":"T","e2En":199,"rel":"associatedAct","e1En":67,"e1":"[존_레논]","qid":6,"e2":"<비틀즈>"},{"e2St":194,"nlq":"[폴_매카트니] (이)라는 아티스트와 관련있는 아티스트은(는) <비틀즈>인가요?","ansArr":["T","T","T"],"e1St":69,"ans":"T","e2En":199,"rel":"associatedAct","e1En":77,"e1":"[폴_매카트니]","qid":7,"e2":"<비틀즈>"},{"e2St":194,"nlq":"[Rubber_Soul]에 관련이 있는 음악가, 음악 그룹, 그 외의 연주자은(는) <비틀즈>인가요?","ansArr":["T","T","T"],"e1St":97,"ans":"T","e2En":199,"rel":"artist","e1En":110,"e1":"[Rubber_Soul]","qid":8,"e2":"<비틀즈>"},{"e2St":319,"nlq":"<비틀즈> (이)라는 스포츠 팀의 현재 소속 선수은(는) [조지_해리슨]인가요?","ansArr":["F","F","F"],"e1St":194,"ans":"F","e2En":327,"rel":"currentMember","e1En":199,"e1":"<비틀즈>","qid":9,"e2":"[조지_해리슨]"},{"e2St":319,"nlq":"<비틀즈> (이)라는 밴드의 이전 멤버은(는) [조지_해리슨]인가요?","ansArr":["T","F","F"],"e1St":194,"ans":"F","e2En":327,"rel":"formerBandMember","e1En":199,"e1":"<비틀즈>","qid":10,"e2":"[조지_해리슨]"},{"e2St":319,"nlq":"[라비_샹카르]와 연관된 아티스트은(는) [조지_해리슨]인가요?","ansArr":["F","T","T"],"e1St":281,"ans":"T","e2En":327,"rel":"associatedMusicalArtist","e1En":289,"e1":"[라비_샹카르]","qid":11,"e2":"[조지_해리슨]"},{"e2St":319,"nlq":"[라비_샹카르]와 연관된 밴드은(는) [조지_해리슨]인가요?","ansArr":["F","F","F"],"e1St":281,"ans":"F","e2En":327,"rel":"associatedBand","e1En":289,"e1":"[라비_샹카르]","qid":12,"e2":"[조지_해리슨]"}],"pIdx":1,"text":"〈Norwegian Wood (This Bird Has Flown)〉은 영국의 록 밴드 [비틀즈]의 노래다. [존_레논]과 [폴_매카트니]의 작곡가 협업으로 쓰였으며 음반 《[Rubber_Soul]》에 실려 [1964년] [12월] [3일] 첫 출시되었다. [밥_딜런]의 자기 성찰적 가사에 음악적으로 영향을 받은 〈Norwegian Wood〉는 <비틀즈>의 복잡한 작곡에서 중대한 시점으로 간주된다. 또한, 영화 《[헬프!_(영화)]》의 촬영 기간에 이뤄진 곡의 녹음에서 초청된 스튜디오 <음악가>와 [라비_샹카르]가 노래에 사용한 [시타르]는 밴드의 리드 기타연주자 [조지_해리슨]에게 영감을 불어넣었다."}]}