{"paragraphs":[{"globalSId":[3265561,3265562],"wikiPageId":1060690,"questions":[{"e2St":18,"nlq":"<모르메디>가 위치한 나라은(는) [스페인]인가요?","ansArr":["T","T","T"],"e1St":0,"ans":"T","e2En":23,"rel":"locationCountry","e1En":6,"e1":"<모르메디>","qid":0,"e2":"[스페인]"},{"e2St":18,"nlq":"<모르메디>가 위치한 지역은(는) [스페인]인가요?","ansArr":["T","T","T"],"e1St":0,"ans":"T","e2En":23,"rel":"location","e1En":6,"e1":"<모르메디>","qid":1,"e2":"[스페인]"},{"e2St":25,"nlq":"<모르메디> (이)라는 기관에서 만든 제품은(는) [디자인]인가요?","ansArr":["T","T","T"],"e1St":0,"ans":"T","e2En":30,"rel":"product","e1En":6,"e1":"<모르메디>","qid":2,"e2":"[디자인]"},{"e2St":72,"nlq":"<모르메디>가 위치한 지역은(는) [마드리드]인가요?","ansArr":["T","T","T"],"e1St":0,"ans":"T","e2En":78,"rel":"location","e1En":6,"e1":"<모르메디>","qid":3,"e2":"[마드리드]"},{"e2St":72,"nlq":"<모르메디> (이)라는 기관이 속한 도시은(는) [마드리드]인가요?","ansArr":["T","T","T"],"e1St":0,"ans":"T","e2En":78,"rel":"locationCity","e1En":6,"e1":"<모르메디>","qid":4,"e2":"[마드리드]"},{"e2St":72,"nlq":"[스페인] (이)라는 지방 정부나 중앙 정부가 위치한 도시\/자치도시은(는) [마드리드]인가요?","ansArr":["T","F","T"],"e1St":18,"ans":"T","e2En":78,"rel":"capital","e1En":23,"e1":"[스페인]","qid":5,"e2":"[마드리드]"}],"pIdx":1,"text":"<모르메디> (Mormedi)는 [스페인]의 [디자인] 컨설팅 회사로 [하이메_모레노] (Jaime Moreno)가 [스페인]의 [마드리드]에서 [1998년]에 설립하였다. <모르메디>(Mormedi)는 상품 및 서비스 전략 분야에 특화되어있다."},{"globalSId":[2541449,2541450],"wikiPageId":670412,"questions":[{"e2St":24,"nlq":"<에스나>의 국가은(는) [이집트]인가요?","ansArr":["T","T","T"],"e1St":0,"ans":"T","e2En":29,"rel":"country","e1En":5,"e1":"<에스나>","qid":0,"e2":"[이집트]"},{"e2St":30,"nlq":"<에스나>를 포함하는 것은(는) [룩소르_주]인가요?","ansArr":["T","T","T"],"e1St":0,"ans":"T","e2En":37,"rel":"isPartOf","e1En":5,"e1":"<에스나>","qid":1,"e2":"[룩소르_주]"},{"e2St":24,"nlq":"[나일_강]의 국가은(는) [이집트]인가요?","ansArr":["T","T","T"],"e1St":9,"ans":"T","e2En":29,"rel":"country","e1En":15,"e1":"[나일_강]","qid":2,"e2":"[이집트]"},{"e2St":24,"nlq":"[나일_강]가 위치한 행정 구역은(는) [이집트]인가요?","ansArr":["T","T","T"],"e1St":9,"ans":"T","e2En":29,"rel":"city","e1En":15,"e1":"[나일_강]","qid":3,"e2":"[이집트]"}],"pIdx":1,"text":"<에스나>()는 [나일_강] 서안에 위치한 [이집트] [룩소르_주]의 도시로, [룩소르]에서 남쪽으로 55km 정도 떨어진 곳에 위치한다. [고대_이집트]에서는 [이우니트](Iunyt) 또는 [타세네트](Ta-senet), [그리스어]로는 [라토폴리스](Λατ?πολι?), [폴리스라톤](π?λι? Λ?των) 또는 [라톤](Λ?ττων), [라틴어]로는 [라토](Lato)라는 이름으로 알려지기도 했다."},{"globalSId":[1955151,1955152],"wikiPageId":403733,"questions":[{"e2St":35,"nlq":"[자가지그_대학교]의 국가은(는) [이집트]인가요?","ansArr":["T","T","T"],"e1St":0,"ans":"T","e2En":40,"rel":"country","e1En":9,"e1":"[자가지그_대학교]","qid":0,"e2":"[이집트]"},{"e2St":41,"nlq":"[자가지그_대학교]가 위치한 곳의 전체 도로명 주소은(는) [샤르키야_주]인가요?","ansArr":["T","F","T"],"e1St":0,"ans":"T","e2En":49,"rel":"address","e1En":9,"e1":"[자가지그_대학교]","qid":1,"e2":"[샤르키야_주]"},{"e2St":41,"nlq":"[자가지그_대학교]가 위치한 행정 구역은(는) [샤르키야_주]인가요?","ansArr":["T","T","T"],"e1St":0,"ans":"T","e2En":49,"rel":"city","e1En":9,"e1":"[자가지그_대학교]","qid":2,"e2":"[샤르키야_주]"},{"e2St":50,"nlq":"[자가지그_대학교]가 위치한 곳의 전체 도로명 주소은(는) [자가지그]인가요?","ansArr":["T","T","T"],"e1St":0,"ans":"T","e2En":56,"rel":"address","e1En":9,"e1":"[자가지그_대학교]","qid":3,"e2":"[자가지그]"}],"pIdx":1,"text":"[자가지그_대학교]([아랍어]:????? ????????\u200E)는 [이집트] [샤르키야_주] [자가지그]에 있는 [대학교]다. [1974년] 설립됐다."}]}