{"paragraphs":[{"globalSId":[407640,407641,407642,407643,407644,407645],"wikiPageId":43203,"questions":[{"e2St":77,"nlq":"<송시열>의 친척은(는) [윤선거]인가요?","ansArr":["F","F","F"],"e1St":0,"ans":"F","e2En":82,"rel":"relative","e1En":5,"e1":"<송시열>","qid":0,"e2":"[윤선거]"},{"e2St":89,"nlq":"<송시열>의 친척은(는) [권시]인가요?","ansArr":["F","F","F"],"e1St":0,"ans":"F","e2En":93,"rel":"relative","e1En":5,"e1":"<송시열>","qid":1,"e2":"[권시]"},{"e2St":142,"nlq":"<송시열>의 친척은(는) <윤선거>인가요?","ansArr":["F","F","F"],"e1St":0,"ans":"F","e2En":147,"rel":"relative","e1En":5,"e1":"<송시열>","qid":2,"e2":"<윤선거>"},{"e2St":282,"nlq":"<송시열>의 친척은(는) [윤휴]인가요?","ansArr":["F","F","F"],"e1St":0,"ans":"F","e2En":285,"rel":"relative","e1En":5,"e1":"<송시열>","qid":3,"e2":"[윤휴]"},{"e2St":89,"nlq":"[윤선거]의 친척은(는) [권시]인가요?","ansArr":["F","F","F"],"e1St":77,"ans":"F","e2En":93,"rel":"relative","e1En":82,"e1":"[윤선거]","qid":4,"e2":"[권시]"},{"e2St":135,"nlq":"[윤선거]의 친척은(는) <송시열>인가요?","ansArr":["F","F","F"],"e1St":77,"ans":"F","e2En":140,"rel":"relative","e1En":82,"e1":"[윤선거]","qid":5,"e2":"<송시열>"},{"e2St":247,"nlq":"[윤선거]의 친척은(는) [성혼]인가요?","ansArr":["F","F","F"],"e1St":77,"ans":"F","e2En":250,"rel":"relative","e1En":82,"e1":"[윤선거]","qid":6,"e2":"[성혼]"},{"e2St":282,"nlq":"[윤선거]의 친척은(는) [윤휴]인가요?","ansArr":["F","F","F"],"e1St":77,"ans":"F","e2En":285,"rel":"relative","e1En":82,"e1":"[윤선거]","qid":7,"e2":"[윤휴]"},{"e2St":247,"nlq":"<윤선거>의 친척은(는) [성혼]인가요?","ansArr":["F","F","F"],"e1St":142,"ans":"F","e2En":250,"rel":"relative","e1En":147,"e1":"<윤선거>","qid":8,"e2":"[성혼]"},{"e2St":265,"nlq":"<윤선거>의 친척은(는) <송시열>인가요?","ansArr":["F","F","F"],"e1St":142,"ans":"F","e2En":270,"rel":"relative","e1En":147,"e1":"<윤선거>","qid":9,"e2":"<송시열>"},{"e2St":282,"nlq":"<윤선거>의 친척은(는) [윤휴]인가요?","ansArr":["F","F","F"],"e1St":142,"ans":"F","e2En":285,"rel":"relative","e1En":147,"e1":"<윤선거>","qid":10,"e2":"[윤휴]"},{"e2St":300,"nlq":"[성혼]의 친척은(는) <윤선거>인가요?","ansArr":["F","F","F"],"e1St":247,"ans":"F","e2En":305,"rel":"relative","e1En":250,"e1":"[성혼]","qid":11,"e2":"<윤선거>"}],"pIdx":43,"text":"<송시열>과 <이유태_(1607년)>는 이 문제를 두고 [1653년] [황산서원]에서 동료 친구들을 모아서 이 문제를 토론한다. 여기에는 [윤선거](尹宣擧), [권시], [유계](兪棨) 등이 참여하였다. [1653년](효종 4년) [윤7월] <송시열>은 <윤선거>, 유계 등 10여명의 저명한 서인 학자들([대전] 부근 지역 출신)과 황산서원(黃山書院, 논산 강경)에 모여 시회(詩會)를 열었다. 황산서원은 <조광조>, [이황], [이이], [성혼]의 위패를 모신 사당으로 <송시열>은 이 선현들 앞에서 [윤휴]를 단죄하려 한 것이다. <윤선거>는 [윤휴]를 높이 보며, 그 학문이 높고 깊다고 했다. 반면 <송시열>은 [윤휴]가 <사문난적>과 같다고 극렬하게 비난했다."}]}