{"paragraphs":[{"globalSId":[3208728,3208729],"wikiPageId":1020430,"questions":[{"e2St":54,"nlq":"[단발령역] (이)라는 역을 운행하는 회사 또는 노선은(는) [금강산선]인가요?","ansArr":["T","T","T"],"e1St":0,"ans":"T","e2En":60,"rel":"servingRailwayLine","e1En":5,"e1":"[단발령역]","qid":0,"e2":"[금강산선]"}],"pIdx":1,"text":"[단발령역](斷髮嶺驛)은 지금의 [조선민주주의인민공화국] [강원도_(북)] [금강군]에 위치했던 [금강산선]의 [철도역]이다. 이 역과 [말휘리역] 사이는 [스위치백]으로 건설된 구간이었다."},{"globalSId":[3717582],"wikiPageId":1434327,"questions":[{"e2St":50,"nlq":"[토비_레너드_무어] (이)라는 인물의 직업은(는) [배우]인가요?","ansArr":["T","T","T"],"e1St":0,"ans":"T","e2En":54,"rel":"occupation","e1En":10,"e1":"[토비_레너드_무어]","qid":0,"e2":"[배우]"}],"pIdx":1,"text":"[토비_레너드_무어](, [1981년] [4월_21일] ~ )는 [오스트레일리아] 출신의 [배우]로, [넷플릭스]의 드라마 《[데어데블_(드라마)]》에서 악당 [킹핀]의 비서 [제임스_웨슬리] 역으로 출연하였다."},{"globalSId":[2687870],"wikiPageId":737302,"questions":[{"e2St":9,"nlq":"<피로트>의 국가은(는) [세르비아]인가요?","ansArr":["T","T","T"],"e1St":0,"ans":"T","e2En":15,"rel":"country","e1En":5,"e1":"<피로트>","qid":0,"e2":"[세르비아]"},{"e2St":30,"nlq":"<피로트>를 포함하는 것은(는) [피로트_구]인가요?","ansArr":["T","T","T"],"e1St":0,"ans":"T","e2En":37,"rel":"isPartOf","e1En":5,"e1":"<피로트>","qid":1,"e2":"[피로트_구]"}],"pIdx":1,"text":"<피로트>()는 [세르비아] 남동부에 위치한 도시로, [피로트_구]의 행정 중심지이며 면적은 1,232㎢, 인구는 63,791명([2002년] 기준)이다."},{"globalSId":[973325,973326,973327],"wikiPageId":137382,"questions":[{"e2St":65,"nlq":"<티라노사우루스>의 생물종은(는) [수각아목]인가요?","ansArr":["T","T","T"],"e1St":0,"ans":"T","e2En":71,"rel":"order","e1En":9,"e1":"<티라노사우루스>","qid":0,"e2":"[수각아목]"},{"e2St":72,"nlq":"<티라노사우루스>의 생물종은(는) [티라노사우루스과]인가요?","ansArr":["T","T","T"],"e1St":0,"ans":"T","e2En":82,"rel":"family","e1En":9,"e1":"<티라노사우루스>","qid":1,"e2":"[티라노사우루스과]"}],"pIdx":1,"text":"<티라노사우루스>() 또는 <티라노사우루스>는 [백악기] 후기([6800~6600만_년] 전)에 살았던, [용반목] [수각아목] [티라노사우루스과]의 [속_(생물학)]이다. 종명인 <티라노사우루스>()의 일반적인 약자인 <티렉스_(밴드)>(T.rex)가 대중문화에 정착되었으며, [한국]에서는 ~사우루스를 빼고 <티라노사우루스>라고 줄여 부르기도 한다. [북아메리카_대륙]의 서쪽에서 주로 서식했으며, 다른 [티라노사우루스과]의 공룡에 비해 그 서식 범위가 넓었다(수십 평방 km에 달하는 넓은 영토를 가졌을 것으로 추측된다)."},{"globalSId":[842625,842626],"wikiPageId":114399,"questions":[{"e2St":198,"nlq":"[말랑]의 국가은(는) [인도네시아]인가요?","ansArr":["T","T","F"],"e1St":128,"ans":"T","e2En":204,"rel":"country","e1En":132,"e1":"[말랑]","qid":0,"e2":"[인도네시아]"}],"pIdx":8,"text":"<머독_대학교>은 [ACICS](Australian Consortium for 'In-Country' Indonesian Studies)라는 프로그램이 시작된 곳이기도 하다. 이 비영리 콘소시엄은 [인도네시아]의 [족자카르타]와 [말랑]에 소재한 파트너 대학들과 함께 [1994년] 설립되었으며, [머독_대학교] 학생들에게 한 학기 혹은 한 학기 이상의 [인도네시아] 지역 스터디 기회를 제공해 주고 있다."},{"globalSId":[2037610,2037611],"wikiPageId":438064,"questions":[{"e2St":74,"nlq":"[덕흥대원군]의 자녀은(는) [조선_선조]인가요?","ansArr":["F","T","F"],"e1St":60,"ans":"F","e2En":81,"rel":"child","e1En":67,"e1":"[덕흥대원군]","qid":0,"e2":"[조선_선조]"},{"e2St":86,"nlq":"[덕흥대원군]의 자녀은(는) [하원군]인가요?","ansArr":["T","T","F"],"e1St":60,"ans":"T","e2En":91,"rel":"child","e1En":67,"e1":"[덕흥대원군]","qid":1,"e2":"[하원군]"}],"pIdx":1,"text":"[진천군] <진천군_(왕족)>(晋川君 李喜慶, [1591년] ~ [1664년])은 [조선] 중기의 왕족으로 [덕흥대원군] 증손이며, [조선_선조]의 백형 [하원군]의 손자이다. 본관은 [전주], 휘는 [희경](喜慶)이다."},{"globalSId":[721329,721330,721331],"wikiPageId":93892,"questions":[{"e2St":139,"nlq":"[상상_속_친구들의_모험]의 방송채널은(는) [카툰_네트워크]인가요?","ansArr":["T","T","T"],"e1St":1,"ans":"T","e2En":148,"rel":"channel","e1En":13,"e1":"[상상_속_친구들의_모험]","qid":0,"e2":"[카툰_네트워크]"},{"e2St":46,"nlq":"[카툰_네트워크_스튜디오]의 국가은(는) [미국]인가요?","ansArr":["T","T","T"],"e1St":20,"ans":"T","e2En":49,"rel":"country","e1En":34,"e1":"[카툰_네트워크_스튜디오]","qid":1,"e2":"[미국]"},{"e2St":57,"nlq":"[카툰_네트워크_스튜디오] (이)라는 기관에서 만든 제품은(는) [애니메이션]인가요?","ansArr":["T","T","T"],"e1St":20,"ans":"T","e2En":64,"rel":"product","e1En":34,"e1":"[카툰_네트워크_스튜디오]","qid":2,"e2":"[애니메이션]"},{"e2St":139,"nlq":"[파워퍼프걸]의 방송채널은(는) [카툰_네트워크]인가요?","ansArr":["T","F","T"],"e1St":69,"ans":"T","e2En":148,"rel":"channel","e1En":76,"e1":"[파워퍼프걸]","qid":3,"e2":"[카툰_네트워크]"}],"pIdx":1,"text":"《[상상_속_친구들의_모험]》()은 [카툰_네트워크_스튜디오]에서 기획 및 제작된 [미국]의 텔레비전 [애니메이션]이다. 《[파워퍼프걸]》을 제작하기도 한 [애니메이터] [크레이그_맥크라켄]이 제작하였다. [2004년] [8월_13일] [미국]에서 [카툰_네트워크]를 통해 첫 방영되었으며, 다른 국가들에서도 [카툰_네트워크]를 통해 방영되고 있다."}]}