{"paragraphs":[{"globalSId":[1398363,1398364,1398365,1398366],"wikiPageId":242294,"questions":[{"e2St":21,"nlq":"[손시헌]가 현재나 과거에 활동했던 스포츠 팀은(는) [NC_다이노스]인가요?","ansArr":["T","T","T"],"e1St":14,"ans":"T","e2En":30,"rel":"team","e1En":19,"e1":"[손시헌]","qid":0,"e2":"[NC_다이노스]"}],"pIdx":5,"text":"[2014년]주전 유격수 [손시헌]이 [NC_다이노스]로 이적함에 따라 백업이었던 그는 주전 유격수로 개막전에 선발출장했다. 하지만 주전으로 인한 부담으로 인해 시즌 초반 타격이 매우 부진했다. 그러나 중반에는 타격이 3할을 기록할 정도로 타격감이 좋았다. 하지만 <상근>을 뛰며 잔부상과 체력저하로 인하여 타격이 떨어지게 되며 결국 2할대의 타율을 기록하였다."},{"globalSId":[2723404,2723405],"wikiPageId":751567,"questions":[{"e2St":39,"nlq":"<키마과>의 생물종은(는) [하이새류]인가요?","ansArr":["T","T","T"],"e1St":0,"ans":"T","e2En":45,"rel":"family","e1En":5,"e1":"<키마과>","qid":0,"e2":"[하이새류]"},{"e2St":60,"nlq":"<키마과>의 생물종 혹은 자회사은(는) [연체동물]인가요?","ansArr":["T","T","T"],"e1St":0,"ans":"T","e2En":66,"rel":"division","e1En":5,"e1":"<키마과>","qid":1,"e2":"[연체동물]"},{"e2St":60,"nlq":"<키마과>의 생물종은(는) [연체동물]인가요?","ansArr":["T","T","T"],"e1St":0,"ans":"T","e2En":66,"rel":"phylum","e1En":5,"e1":"<키마과>","qid":2,"e2":"[연체동물]"},{"e2St":60,"nlq":"[달팽이]의 생물종 혹은 자회사은(는) [연체동물]인가요?","ansArr":["T","T","T"],"e1St":19,"ans":"T","e2En":66,"rel":"division","e1En":24,"e1":"[달팽이]","qid":3,"e2":"[연체동물]"},{"e2St":60,"nlq":"[달팽이]의 생물종은(는) [연체동물]인가요?","ansArr":["T","T","T"],"e1St":19,"ans":"T","e2En":66,"rel":"phylum","e1En":24,"e1":"[달팽이]","qid":4,"e2":"[연체동물]"},{"e2St":60,"nlq":"[하이새류]의 생물종 혹은 자회사은(는) [연체동물]인가요?","ansArr":["T","T","T"],"e1St":39,"ans":"T","e2En":66,"rel":"division","e1En":45,"e1":"[하이새류]","qid":5,"e2":"[연체동물]"},{"e2St":60,"nlq":"[하이새류]의 생물종은(는) [연체동물]인가요?","ansArr":["T","T","T"],"e1St":39,"ans":"T","e2En":66,"rel":"phylum","e1En":45,"e1":"[하이새류]","qid":6,"e2":"[연체동물]"},{"e2St":60,"nlq":"[복족류]의 생물종 혹은 자회사은(는) [연체동물]인가요?","ansArr":["T","T","T"],"e1St":54,"ans":"T","e2En":66,"rel":"division","e1En":59,"e1":"[복족류]","qid":7,"e2":"[연체동물]"},{"e2St":60,"nlq":"[복족류]의 생물종은(는) [연체동물]인가요?","ansArr":["T","T","T"],"e1St":54,"ans":"T","e2En":66,"rel":"phylum","e1En":59,"e1":"[복족류]","qid":8,"e2":"[연체동물]"}],"pIdx":1,"text":"<키마과>(Cimidae)는 바다 [달팽이] 과의 하나이다. 비공식군 [하이새류]에 속하는 해양 [복족류] [연체동물]이다."},{"globalSId":[3579471,3579472,3579473],"wikiPageId":1318670,"questions":[{"e2St":77,"nlq":"[메르세데스-벤츠] (이)라는 기관에서 만든 제품은(는) [트럭]인가요?","ansArr":["T","T","T"],"e1St":24,"ans":"T","e2En":81,"rel":"product","e1En":34,"e1":"[메르세데스-벤츠]","qid":0,"e2":"[트럭]"}],"pIdx":1,"text":"[메르세데스_벤츠_스프린터]()는 [독일] [메르세데스-벤츠]가 생산하는 <승합차>이자 상용 밴, 초대형 [픽업_트럭], 소형 및 준중형 [트럭], [미니버스]이다. [미국]의 경우 [2001년]부터 [프라이트라이너_트럭]에서 판매하고 있는데, 한때 [닷지] <브랜드>로도 팔렸었다. [대한민국]에서는 연예인 전용 및 [구급차]를 주로 쓰이며, [현대_쏠라티]의 원형 차종으로 알려진 것으로 보인다."}]}