{"paragraphs":[{"globalSId":[548082],"wikiPageId":66668,"questions":[{"e2St":9,"nlq":"<말라얄람어> (이)라는 언어를 사용하는 지역은(는) [인도]인가요?","ansArr":["T","T","T"],"e1St":0,"ans":"T","e2En":13,"rel":"spokenIn","e1En":7,"e1":"<말라얄람어>","qid":0,"e2":"[인도]"},{"e2St":15,"nlq":"<말라얄람어> (이)라는 언어를 사용하는 지역은(는) [케랄라_주]인가요?","ansArr":["T","T","T"],"e1St":0,"ans":"T","e2En":22,"rel":"spokenIn","e1En":7,"e1":"<말라얄람어>","qid":1,"e2":"[케랄라_주]"}],"pIdx":1,"text":"<말라얄람어>는 [인도]의 [케랄라_주]에서 사용되는 [공용어]이다."},{"globalSId":[2567669,2567670,2567671,2567672,2567673],"wikiPageId":681240,"questions":[{"e2St":35,"nlq":"<자오위안런>가 죽은 장소은(는) [미국]인가요?","ansArr":["T","T","T"],"e1St":17,"ans":"T","e2En":39,"rel":"deathPlace","e1En":24,"e1":"<자오위안런>","qid":0,"e2":"[미국]"},{"e2St":41,"nlq":"<자오위안런> (이)라는 인물이 교육받은 곳은(는) [코넬_대학교]인가요?","ansArr":["T","T","T"],"e1St":17,"ans":"T","e2En":49,"rel":"education","e1En":24,"e1":"<자오위안런>","qid":1,"e2":"[코넬_대학교]"},{"e2St":51,"nlq":"<자오위안런> (이)라는 인물이 교육받은 곳은(는) [하버드_대학교]인가요?","ansArr":["T","T","T"],"e1St":17,"ans":"T","e2En":60,"rel":"education","e1En":24,"e1":"<자오위안런>","qid":2,"e2":"[하버드_대학교]"},{"e2St":86,"nlq":"<자오위안런> (이)라는 인물의 직업은(는) [언어학]인가요?","ansArr":["T","T","T"],"e1St":17,"ans":"T","e2En":91,"rel":"occupation","e1En":24,"e1":"<자오위안런>","qid":3,"e2":"[언어학]"},{"e2St":286,"nlq":"<자오위안런>의 국적은(는) [중국어]인가요?","ansArr":["F","F","F"],"e1St":17,"ans":"F","e2En":291,"rel":"nationality","e1En":24,"e1":"<자오위안런>","qid":4,"e2":"[중국어]"},{"e2St":309,"nlq":"<자오위안런>가 알려진 일, 역사적인 사건 등. 사람, 조직, 집중력 캠프 등은(는) [국어라마자]인가요?","ansArr":["T","T","T"],"e1St":17,"ans":"T","e2En":316,"rel":"knownFor","e1En":24,"e1":"<자오위안런>","qid":5,"e2":"[국어라마자]"},{"e2St":181,"nlq":"[코넬_대학교]의 국가은(는) [미국]인가요?","ansArr":["T","T","T"],"e1St":41,"ans":"T","e2En":185,"rel":"country","e1En":49,"e1":"[코넬_대학교]","qid":6,"e2":"[미국]"},{"e2St":181,"nlq":"[하버드_대학교]의 국가은(는) [미국]인가요?","ansArr":["T","T","T"],"e1St":51,"ans":"T","e2En":185,"rel":"country","e1En":60,"e1":"[하버드_대학교]","qid":7,"e2":"[미국]"},{"e2St":363,"nlq":"[예일_대학교]의 국가은(는) [미국]인가요?","ansArr":["T","T","T"],"e1St":193,"ans":"T","e2En":367,"rel":"country","e1En":201,"e1":"[예일_대학교]","qid":8,"e2":"[미국]"}],"pIdx":2,"text":"생애. [톈진_시]에서 태어난 <자오위안런>은 [1910년]에 [미국]의 [코넬_대학교]와 [하버드_대학교]에 유학해 [수학]과 [물리학], [음악학], [언어학], [철학] 등을 공부하고 가르치다 [1920년]에 [중화민국]으로 돌아가 [칭화_대학]의 물리학 강사, 국학연구원 교수, 국문과 교수 등이 되었다. 이후 다시 [미국]으로 건너가서 [예일_대학교], [하와이_대학교], [하버드_대학교] 등 유수 대학 방문교수로 음운학, 사회언어학, 방언학, 음악학 등을 강의하고 연구했다. 그의 연구 주제들중에서 [중국어]를 [로마자]로 표기하는 방법인 [국어라마자]에 대한 연구는 뒷날 중국어 문자개혁에 영향을 준 것으로 알려진다. [1948년]에 [미국]으로 이주하여 [1954년]에 [미국] 시민권자가 되었으며 사망하기 전까지 [캘리포니아_대학교_버클리] 등에서 언어학 연구를 계속하였다."}]}