{"paragraphs":[{"globalSId":[3247604,3247605],"wikiPageId":1049093,"questions":[{"e2St":12,"nlq":"<파라인사비나>의 국가은(는) [이탈리아]인가요?","ansArr":["T","T","T"],"e1St":0,"ans":"T","e2En":18,"rel":"country","e1En":8,"e1":"<파라인사비나>","qid":0,"e2":"[이탈리아]"},{"e2St":19,"nlq":"<파라인사비나>가 있거나 연결되어있는 지역은(는) [라치오_주]인가요?","ansArr":["T","T","T"],"e1St":0,"ans":"T","e2En":26,"rel":"region","e1En":8,"e1":"<파라인사비나>","qid":1,"e2":"[라치오_주]"},{"e2St":27,"nlq":"<파라인사비나>의 행정구역은(는) [리에티_현]인가요?","ansArr":["T","T","T"],"e1St":0,"ans":"T","e2En":34,"rel":"administrativeDistrict","e1En":8,"e1":"<파라인사비나>","qid":2,"e2":"[리에티_현]"},{"e2St":27,"nlq":"<파라인사비나>가 있거나 연결되어있는 지역은(는) [리에티_현]인가요?","ansArr":["T","T","T"],"e1St":0,"ans":"T","e2En":34,"rel":"region","e1En":8,"e1":"<파라인사비나>","qid":3,"e2":"[리에티_현]"},{"e2St":48,"nlq":"[이탈리아] (이)라는 지방 정부나 중앙 정부가 위치한 도시\/자치도시은(는) [로마]인가요?","ansArr":["F","T","F"],"e1St":12,"ans":"F","e2En":52,"rel":"capital","e1En":18,"e1":"[이탈리아]","qid":4,"e2":"[로마]"},{"e2St":48,"nlq":"[라치오_주] (이)라는 장소에서의 가장 큰 도시은(는) [로마]인가요?","ansArr":["F","F","F"],"e1St":19,"ans":"F","e2En":52,"rel":"largestCity","e1En":26,"e1":"[라치오_주]","qid":5,"e2":"[로마]"},{"e2St":48,"nlq":"[라치오_주] (이)라는 지방 정부나 중앙 정부가 위치한 도시\/자치도시은(는) [로마]인가요?","ansArr":["F","F","F"],"e1St":19,"ans":"F","e2En":52,"rel":"capital","e1En":26,"e1":"[라치오_주]","qid":6,"e2":"[로마]"}],"pIdx":1,"text":"<파라인사비나>()는 [이탈리아] [라치오_주] [리에티_현]에 위치한 <코무네>다. [로마]로부터 북동쪽 40km, [리에티]로부터 남서쪽 25km 거리에 있다."},{"globalSId":[255928],"wikiPageId":23361,"questions":[{"e2St":11,"nlq":"<미야기_현>의 국가은(는) [일본]인가요?","ansArr":["T","T","T"],"e1St":0,"ans":"T","e2En":15,"rel":"country","e1En":7,"e1":"<미야기_현>","qid":0,"e2":"[일본]"},{"e2St":16,"nlq":"<미야기_현>가 있거나 연결되어있는 지역은(는) [도호쿠_지방]인가요?","ansArr":["T","T","T"],"e1St":0,"ans":"T","e2En":24,"rel":"region","e1En":7,"e1":"<미야기_현>","qid":1,"e2":"[도호쿠_지방]"},{"e2St":51,"nlq":"<미야기_현> (이)라는 지방 정부나 중앙 정부가 위치한 도시\/자치도시은(는) [센다이_시]인가요?","ansArr":["F","T","T"],"e1St":0,"ans":"T","e2En":58,"rel":"capital","e1En":7,"e1":"<미야기_현>","qid":2,"e2":"[센다이_시]"},{"e2St":51,"nlq":"<미야기_현>가 위치한 곳의 전체 도로명 주소은(는) [센다이_시]인가요?","ansArr":["F","T","T"],"e1St":0,"ans":"T","e2En":58,"rel":"address","e1En":7,"e1":"<미야기_현>","qid":3,"e2":"[센다이_시]"}],"pIdx":1,"text":"<미야기_현>()은 [일본] [도호쿠_지방] [태평양] 연안에 있는 현이고, 현청 소재지는 [센다이_시]이다."}]}