{"paragraphs":[{"globalSId":[497899,497900,497901,497902],"wikiPageId":55686,"questions":[{"e2St":80,"nlq":"<우루무치_시>의 국가은(는) [중화인민공화국]인가요?","ansArr":["T","T","T"],"e1St":0,"ans":"T","e2En":89,"rel":"country","e1En":8,"e1":"<우루무치_시>","qid":0,"e2":"[중화인민공화국]"},{"e2St":100,"nlq":"<우루무치_시>를 포함하는 것은(는) [신장_위구르_자치구]인가요?","ansArr":["T","T","T"],"e1St":0,"ans":"T","e2En":112,"rel":"isPartOf","e1En":8,"e1":"<우루무치_시>","qid":1,"e2":"[신장_위구르_자치구]"},{"e2St":279,"nlq":"[우즈베키스탄] (이)라는 장소에서의 가장 큰 도시은(는) [타슈켄트]인가요?","ansArr":["F","F","T"],"e1St":264,"ans":"F","e2En":285,"rel":"largestCity","e1En":272,"e1":"[우즈베키스탄]","qid":2,"e2":"[타슈켄트]"},{"e2St":279,"nlq":"[우즈베키스탄] (이)라는 지방 정부나 중앙 정부가 위치한 도시\/자치도시은(는) [타슈켄트]인가요?","ansArr":["F","T","T"],"e1St":264,"ans":"T","e2En":285,"rel":"capital","e1En":272,"e1":"[우즈베키스탄]","qid":3,"e2":"[타슈켄트]"}],"pIdx":1,"text":"<우루무치_시>(, [라틴_문자]: [?r?mqi\/?r?mqi_Shehri], [중국조선말]: [우룸치]，)는 인구 약 3,112,600명으로 [중화인민공화국]의 북서부에 있는, [신장_위구르_자치구]의 구도이다. <우루무치_시>는 '아름다운 목장'을 의미하며 [중국] 서부의 최대 도시이다. [1990년]대 이래 <우루무치_시>는 경제적으로 점차 개발되고 있고 현재 지역의 교통과 상업의 중심지 역할을 하고 있다. <우루무치_시>는 문화적으로는 대부분 [중국] 동부보다 [우즈베키스탄]의 [수도] [타슈켄트]와 <중앙아시아>와 유사한 점이 많이 있다."},{"globalSId":[20858,20859,20860],"wikiPageId":786,"questions":[{"e2St":36,"nlq":"[다비트_힐베르트]가 알려진 일, 역사적인 사건 등. 사람, 조직, 집중력 캠프 등은(는) [힐베르트의_문제들]인가요?","ansArr":["F","F","T"],"e1St":20,"ans":"F","e2En":47,"rel":"knownFor","e1En":30,"e1":"[다비트_힐베르트]","qid":0,"e2":"[힐베르트의_문제들]"},{"e2St":101,"nlq":"[다비트_힐베르트]가 알려진 일, 역사적인 사건 등. 사람, 조직, 집중력 캠프 등은(는) <힐베르트의_문제들>인가요?","ansArr":["F","F","T"],"e1St":20,"ans":"F","e2En":112,"rel":"knownFor","e1En":30,"e1":"[다비트_힐베르트]","qid":1,"e2":"<힐베르트의_문제들>"}],"pIdx":34,"text":"[판정문제]. [1900년] 수학자 [다비트_힐베르트]가 제안한 [힐베르트의_문제들] 중 열 번째 문제는 그 개념이 정립되기 이전에 거의 30년 가까이 해결되지 않은 채 부유했다. <힐베르트의_문제들> 문제는 다음과 같다."},{"globalSId":[3210050,3210051,3210052,3210053],"wikiPageId":1021920,"questions":[{"e2St":40,"nlq":"[조지_오웰]가 작성한 주목할만한 작품 또는 주제 (예 : 작가, 아티스트, 엔지니어)은(는) [동물_농장]인가요?","ansArr":["F","T","T"],"e1St":26,"ans":"T","e2En":47,"rel":"notableWork","e1En":33,"e1":"[조지_오웰]","qid":0,"e2":"[동물_농장]"},{"e2St":248,"nlq":"[윈스턴_처칠]의 국가은(는) [영국]인가요?","ansArr":["T","T","T"],"e1St":189,"ans":"T","e2En":251,"rel":"country","e1En":197,"e1":"[윈스턴_처칠]","qid":1,"e2":"[영국]"},{"e2St":248,"nlq":"[윈스턴_처칠]가 죽은 장소은(는) [영국]인가요?","ansArr":["F","T","T"],"e1St":189,"ans":"T","e2En":251,"rel":"deathPlace","e1En":197,"e1":"[윈스턴_처칠]","qid":2,"e2":"[영국]"}],"pIdx":14,"text":"[필킹턴]. [필킹턴](Pilkington)은 [조지_오웰]()의 소설 [동물_농장]에 나오는 인간으로, 동물 농장에 인접해 있는 [폭스우드_(동물_농장)] 농장을 소유하고 있다. [필킹턴]은 매우 게으른 사람이어서 그의 [폭스우드] 농장은 제대로 운영되지 않았다. [필킹턴]은 [미국]의 [프랭클린_델러노_루스벨트] 대통령과 [영국]의 [윈스턴_처칠] 수상으로 묘사되며, 그의 농장 [폭스우드_(동물_농장)]는 [자본주의] 국가인 [미국]과 [영국]을 상징한다."},{"globalSId":[791401,791402,791403],"wikiPageId":105573,"questions":[{"e2St":12,"nlq":"<상당구>의 국가은(는) [대한민국]인가요?","ansArr":["T","T","T"],"e1St":0,"ans":"T","e2En":18,"rel":"country","e1En":5,"e1":"<상당구>","qid":0,"e2":"[대한민국]"},{"e2St":19,"nlq":"<상당구>를 포함하는 것은(는) [충청북도]인가요?","ansArr":["T","T","T"],"e1St":0,"ans":"T","e2En":25,"rel":"isPartOf","e1En":5,"e1":"<상당구>","qid":1,"e2":"[충청북도]"},{"e2St":26,"nlq":"<상당구>를 포함하는 것은(는) [청주시]인가요?","ansArr":["T","T","T"],"e1St":0,"ans":"T","e2En":31,"rel":"isPartOf","e1En":5,"e1":"<상당구>","qid":2,"e2":"[청주시]"},{"e2St":55,"nlq":"<상당구>를 포함하는 것은(는) <청주시>인가요?","ansArr":["T","T","T"],"e1St":0,"ans":"T","e2En":60,"rel":"isPartOf","e1En":5,"e1":"<상당구>","qid":3,"e2":"<청주시>"},{"e2St":72,"nlq":"[청주시]가 있거나 연결되어있는 지역은(는) [충청북도]인가요?","ansArr":["T","T","T"],"e1St":26,"ans":"T","e2En":78,"rel":"region","e1En":31,"e1":"[청주시]","qid":4,"e2":"[충청북도]"},{"e2St":72,"nlq":"<청주시>가 있거나 연결되어있는 지역은(는) [충청북도]인가요?","ansArr":["T","T","T"],"e1St":55,"ans":"T","e2En":78,"rel":"region","e1En":60,"e1":"<청주시>","qid":5,"e2":"[충청북도]"}],"pIdx":1,"text":"<상당구>(上黨區)는 [대한민국] [충청북도] [청주시] 동남부에 있는 [구_(행정_구역)]이다. <청주시>의 구도심 지역으로, [충청북도]과 <청주시>이 위치한다. 구 명칭은 [백제] 때 [청주]의 옛 이름인 <서원경>(上黨縣)과 [상당산성]에서 따왔다."}]}