{"paragraphs":[{"globalSId":[3563866,3563867,3563868],"wikiPageId":1309021,"questions":[{"e2St":19,"nlq":"[기아_KX3]을(를) 제조\/제작한 주요 회사은(는) [기아자동차]인가요?","ansArr":["T","T","T"],"e1St":0,"ans":"T","e2En":26,"rel":"manufacturer","e1En":7,"e1":"[기아_KX3]","qid":0,"e2":"[기아자동차]"},{"e2St":60,"nlq":"[기아_K4]을(를) 제조\/제작한 주요 회사은(는) [기아자동차]인가요?","ansArr":["T","T","T"],"e1St":48,"ans":"T","e2En":67,"rel":"manufacturer","e1En":55,"e1":"[기아_K4]","qid":1,"e2":"[기아자동차]"}],"pIdx":1,"text":"[기아_KX3](Kia KX3)는 [기아자동차]의 소형 [스포츠_유틸리티_자동차]이자 [기아_K4]에 이은 [기아자동차]의 두 번째 [중화인민공화국] 전략 차종으로, [2014년_11월]에 개최된 [광저우_모터쇼]에서 <쇼카>가 처음 선보였다. 양산형은 [2015년_3월]에 출시되었다. [현대_ix25]와 플랫폼 및 엔진 등을 공유하는 형제 차종인 [KX3]는 영문명 외에도 자신감 있게 나아간다는 의미의 傲?([아오파오])라는 [중국어] 차명도 붙었다."},{"globalSId":[2061280],"wikiPageId":449871,"questions":[{"e2St":12,"nlq":"<시라카와_시>의 국가은(는) [일본]인가요?","ansArr":["T","T","T"],"e1St":0,"ans":"T","e2En":16,"rel":"country","e1En":8,"e1":"<시라카와_시>","qid":0,"e2":"[일본]"},{"e2St":17,"nlq":"<시라카와_시>를 포함하는 것은(는) [도호쿠_지방]인가요?","ansArr":["T","F","T"],"e1St":0,"ans":"T","e2En":25,"rel":"isPartOf","e1En":8,"e1":"<시라카와_시>","qid":1,"e2":"[도호쿠_지방]"},{"e2St":31,"nlq":"<시라카와_시>를 포함하는 것은(는) [후쿠시마_현]인가요?","ansArr":["T","F","T"],"e1St":0,"ans":"T","e2En":39,"rel":"isPartOf","e1En":8,"e1":"<시라카와_시>","qid":2,"e2":"[후쿠시마_현]"}],"pIdx":1,"text":"<시라카와_시>()는 [일본] [도호쿠_지방]의 남부, [후쿠시마_현] [나카도리]의 남부에 위치한 [시_(행정_구역)]이다."},{"globalSId":[3247614,3247615],"wikiPageId":1049103,"questions":[{"e2St":17,"nlq":"<포라노_(리에티_현)>의 국가은(는) [이탈리아]인가요?","ansArr":["T","T","T"],"e1St":0,"ans":"T","e2En":23,"rel":"country","e1En":13,"e1":"<포라노_(리에티_현)>","qid":0,"e2":"[이탈리아]"},{"e2St":24,"nlq":"<포라노_(리에티_현)>가 있거나 연결되어있는 지역은(는) [라치오_주]인가요?","ansArr":["T","T","T"],"e1St":0,"ans":"T","e2En":31,"rel":"region","e1En":13,"e1":"<포라노_(리에티_현)>","qid":1,"e2":"[라치오_주]"},{"e2St":32,"nlq":"<포라노_(리에티_현)>의 행정구역은(는) [리에티_현]인가요?","ansArr":["T","T","F"],"e1St":0,"ans":"T","e2En":39,"rel":"administrativeDistrict","e1En":13,"e1":"<포라노_(리에티_현)>","qid":2,"e2":"[리에티_현]"},{"e2St":32,"nlq":"<포라노_(리에티_현)>가 있거나 연결되어있는 지역은(는) [리에티_현]인가요?","ansArr":["T","T","T"],"e1St":0,"ans":"T","e2En":39,"rel":"region","e1En":13,"e1":"<포라노_(리에티_현)>","qid":3,"e2":"[리에티_현]"},{"e2St":53,"nlq":"[이탈리아] (이)라는 지방 정부나 중앙 정부가 위치한 도시\/자치도시은(는) [로마]인가요?","ansArr":["F","T","F"],"e1St":17,"ans":"F","e2En":57,"rel":"capital","e1En":23,"e1":"[이탈리아]","qid":4,"e2":"[로마]"},{"e2St":53,"nlq":"[라치오_주] (이)라는 장소에서의 가장 큰 도시은(는) [로마]인가요?","ansArr":["F","F","F"],"e1St":24,"ans":"F","e2En":57,"rel":"largestCity","e1En":31,"e1":"[라치오_주]","qid":5,"e2":"[로마]"},{"e2St":53,"nlq":"[라치오_주] (이)라는 지방 정부나 중앙 정부가 위치한 도시\/자치도시은(는) [로마]인가요?","ansArr":["F","F","F"],"e1St":24,"ans":"F","e2En":57,"rel":"capital","e1En":31,"e1":"[라치오_주]","qid":6,"e2":"[로마]"}],"pIdx":1,"text":"<포라노_(리에티_현)>()는 [이탈리아] [라치오_주] [리에티_현]에 위치한 <코무네>다. [로마]로부터 북쪽 45km, [리에티]로부터 남서쪽 25km 거리에 있다."}]}