{"paragraphs":[{"globalSId":[2711070,2711071],"wikiPageId":749603,"questions":[{"e2St":13,"nlq":"<지우르지우_주>의 국가은(는) [루마니아]인가요?","ansArr":["T","T","T"],"e1St":0,"ans":"T","e2En":19,"rel":"country","e1En":9,"e1":"<지우르지우_주>","qid":0,"e2":"[루마니아]"},{"e2St":23,"nlq":"<지우르지우_주>를 포함하는 것은(는) [문테니아]인가요?","ansArr":["T","T","T"],"e1St":0,"ans":"T","e2En":29,"rel":"isPartOf","e1En":9,"e1":"<지우르지우_주>","qid":1,"e2":"[문테니아]"},{"e2St":46,"nlq":"<지우르지우_주>를 포함하는 것은(는) [지우르지우]인가요?","ansArr":["T","T","T"],"e1St":0,"ans":"T","e2En":53,"rel":"isPartOf","e1En":9,"e1":"<지우르지우_주>","qid":2,"e2":"[지우르지우]"}],"pIdx":1,"text":"<지우르지우_주>()는 [루마니아] 남부 [문테니아] 지방에 위치한 주로, 주도는 [지우르지우]이며 면적은 3,526㎢, 인구는 297,859명([2002년] 기준), 인구 밀도는 84명\/㎢, [ISO_3166-2] 코드는 [RO-GR]이다. 동쪽으로는 [컬러라시_주], 서쪽으로는 [텔레오르만_주], 북쪽으로는 [일포브_주]와 [듬보비차_주], 남쪽으로는 [불가리아] [루세_주], [실리스트라_주]와 접하며 1개 시와 2개 마을, 51개 지방 자치체를 관할한다."},{"globalSId":[3603993,3603994],"wikiPageId":1335441,"questions":[{"e2St":9,"nlq":"[필라르]의 국가은(는) [파라과이]인가요?","ansArr":["T","T","T"],"e1St":0,"ans":"T","e2En":15,"rel":"country","e1En":4,"e1":"[필라르]","qid":0,"e2":"[파라과이]"},{"e2St":85,"nlq":"[파라과이] (이)라는 장소에서의 가장 큰 도시은(는) [아순시온]인가요?","ansArr":["T","F","F"],"e1St":9,"ans":"F","e2En":91,"rel":"largestCity","e1En":15,"e1":"[파라과이]","qid":1,"e2":"[아순시온]"},{"e2St":85,"nlq":"[파라과이] (이)라는 지방 정부나 중앙 정부가 위치한 도시\/자치도시은(는) [아순시온]인가요?","ansArr":["T","T","T"],"e1St":9,"ans":"T","e2En":91,"rel":"capital","e1En":15,"e1":"[파라과이]","qid":2,"e2":"[아순시온]"}],"pIdx":1,"text":"[필라르]()는 [파라과이] 남서부에 위치한 도시로 [녬부쿠_주]의 주도이며 면적은 1,130㎢, 인구는 28,716명([2008년] 기준)이다. 수도 [아순시온]에서 358km 정도 떨어진 곳에 위치하며 [파라과이_강]과 접한다."},{"globalSId":[1360895,1360896,1360897],"wikiPageId":233134,"questions":[{"e2St":102,"nlq":"[로베르트_코흐]가 알려진 일, 역사적인 사건 등. 사람, 조직, 집중력 캠프 등은(는) [탄저]인가요?","ansArr":["T","T","T"],"e1St":85,"ans":"T","e2En":106,"rel":"knownFor","e1En":94,"e1":"[로베르트_코흐]","qid":0,"e2":"[탄저]"},{"e2St":108,"nlq":"[로베르트_코흐]가 알려진 일, 역사적인 사건 등. 사람, 조직, 집중력 캠프 등은(는) [결핵]인가요?","ansArr":["T","T","T"],"e1St":85,"ans":"T","e2En":112,"rel":"knownFor","e1En":94,"e1":"[로베르트_코흐]","qid":1,"e2":"[결핵]"},{"e2St":141,"nlq":"[로베르트_코흐]가 알려진 일, 역사적인 사건 등. 사람, 조직, 집중력 캠프 등은(는) <코흐의_공리>인가요?","ansArr":["T","T","F"],"e1St":85,"ans":"T","e2En":149,"rel":"knownFor","e1En":94,"e1":"[로베르트_코흐]","qid":2,"e2":"<코흐의_공리>"}],"pIdx":1,"text":"[코흐의_공리](Koch's postulates)는 어떤 질환과 그것의 원인이 되는 미생물간의 관계를 확립시키기 위한 4가지의 간단한 기준을 일컫는다. [로베르트_코흐]는 이 공리를 [탄저]와 [결핵]의 병인학적 사실을 규명하기 위해 적용했었다. 또한 <코흐의_공리>는 [731부대]의 생체실험의 실험적 이론이기도 하였다."},{"globalSId":[355564,355565],"wikiPageId":36012,"questions":[{"e2St":46,"nlq":"<루손_섬>가 있거나 연결되어있는 지역은(는) [비사야_제도]인가요?","ansArr":["T","F","T"],"e1St":0,"ans":"T","e2En":54,"rel":"region","e1En":6,"e1":"<루손_섬>","qid":0,"e2":"[비사야_제도]"},{"e2St":59,"nlq":"<루손_섬>가 위치한 곳의 전체 도로명 주소은(는) [필리핀_제도]인가요?","ansArr":["T","T","T"],"e1St":0,"ans":"T","e2En":67,"rel":"address","e1En":6,"e1":"<루손_섬>","qid":1,"e2":"[필리핀_제도]"},{"e2St":59,"nlq":"<루손_섬>가 위치한 행정 구역은(는) [필리핀_제도]인가요?","ansArr":["T","T","T"],"e1St":0,"ans":"T","e2En":67,"rel":"locatedInArea","e1En":6,"e1":"<루손_섬>","qid":2,"e2":"[필리핀_제도]"},{"e2St":59,"nlq":"[민다나오_섬]가 위치한 곳의 전체 도로명 주소은(는) [필리핀_제도]인가요?","ansArr":["T","T","T"],"e1St":36,"ans":"T","e2En":67,"rel":"address","e1En":44,"e1":"[민다나오_섬]","qid":3,"e2":"[필리핀_제도]"},{"e2St":59,"nlq":"[민다나오_섬]가 위치한 행정 구역은(는) [필리핀_제도]인가요?","ansArr":["T","T","T"],"e1St":36,"ans":"T","e2En":67,"rel":"locatedInArea","e1En":44,"e1":"[민다나오_섬]","qid":4,"e2":"[필리핀_제도]"}],"pIdx":4,"text":"<루손_섬>과 그 주변의 섬들로 이루어져 있다. [루손_군도]는 [민다나오_섬], [비사야_제도]와 함께 [필리핀_제도]를 구성하는 세 개의 군도로 꼽히고 있다."}]}