{"paragraphs":[{"globalSId":[79572,79573,79574,79575,79576],"wikiPageId":5748,"questions":[{"e2St":111,"nlq":"[영어]의 공통 조상으로부터 진화 된 일련의 언어들은(는) [인도유럽어족]인가요?","ansArr":["T","T","T"],"e1St":102,"ans":"T","e2En":119,"rel":"languageFamily","e1En":106,"e1":"[영어]","qid":0,"e2":"[인도유럽어족]"}],"pIdx":3,"text":"친족 관계. [역사언어학]에 따르면 현재 쓰이는 거의 모든 언어는 공통된 몇몇 [조어](祖語)에서 갈라져나왔으므로 그 [조어]에 따라 몇 개의 [어족]으로 나눌 수 있다. 예를 들어 [영어]는 다른 [인도유럽어족]의 언어들과 공통의 조어([인도유럽조어])로부터 갈라져 나왔으므로 친족 관계이며 [중국어]는 다른 [시노티베트어족]의 언어들과 친족 관계이다. 이 기준에 따르면 고립어는 저마다 홀로 한 어족을 구성하는 것으로 볼 수 있다. 이러한 특징때문에 고립어는 언어학자들에게 매우 중요한 연구 대상이다."},{"globalSId":[2224038],"wikiPageId":518245,"questions":[{"e2St":26,"nlq":"[시코쿠]의 행정구역은(는) [가가와_현]인가요?","ansArr":["T","T","T"],"e1St":11,"ans":"T","e2En":33,"rel":"administrativeDistrict","e1En":16,"e1":"[시코쿠]","qid":0,"e2":"[가가와_현]"},{"e2St":26,"nlq":"[시코쿠]가 있거나 연결되어있는 지역은(는) [가가와_현]인가요?","ansArr":["T","T","T"],"e1St":11,"ans":"T","e2En":33,"rel":"region","e1En":16,"e1":"[시코쿠]","qid":1,"e2":"[가가와_현]"},{"e2St":35,"nlq":"[시코쿠]의 행정구역은(는) [에히메_현]인가요?","ansArr":["T","T","T"],"e1St":11,"ans":"T","e2En":42,"rel":"administrativeDistrict","e1En":16,"e1":"[시코쿠]","qid":2,"e2":"[에히메_현]"},{"e2St":35,"nlq":"[시코쿠]가 있거나 연결되어있는 지역은(는) [에히메_현]인가요?","ansArr":["T","T","T"],"e1St":11,"ans":"T","e2En":42,"rel":"region","e1En":16,"e1":"[시코쿠]","qid":3,"e2":"[에히메_현]"}],"pIdx":1,"text":"[기타시코쿠]()는 [시코쿠] 4개 현 중에서 [가가와_현]과 [에히메_현]을 아울러 일컫는 명칭이다."},{"globalSId":[2748260,2748261,2748262,2748263,2748264,2748265,2748266],"wikiPageId":764218,"questions":[{"e2St":34,"nlq":"[제라르_르망]가 태어난 장소은(는) [벨기에]인가요?","ansArr":["F","T","T"],"e1St":0,"ans":"T","e2En":39,"rel":"birthPlace","e1En":7,"e1":"[제라르_르망]","qid":0,"e2":"[벨기에]"},{"e2St":34,"nlq":"[제라르_르망]의 국적은(는) [벨기에]인가요?","ansArr":["T","T","T"],"e1St":0,"ans":"T","e2En":39,"rel":"nationality","e1En":7,"e1":"[제라르_르망]","qid":1,"e2":"[벨기에]"},{"e2St":34,"nlq":"[제라르_르망]가 죽은 장소은(는) [벨기에]인가요?","ansArr":["F","F","T"],"e1St":0,"ans":"F","e2En":39,"rel":"deathPlace","e1En":7,"e1":"[제라르_르망]","qid":2,"e2":"[벨기에]"},{"e2St":34,"nlq":"[제라르_르망]의 출신은(는) [벨기에]인가요?","ansArr":["T","T","T"],"e1St":0,"ans":"T","e2En":39,"rel":"stateOfOrigin","e1En":7,"e1":"[제라르_르망]","qid":3,"e2":"[벨기에]"},{"e2St":60,"nlq":"[제라르_르망]가 알려진 일, 역사적인 사건 등. 사람, 조직, 집중력 캠프 등은(는) [리에주_전투]인가요?","ansArr":["T","T","T"],"e1St":0,"ans":"T","e2En":68,"rel":"knownFor","e1En":7,"e1":"[제라르_르망]","qid":4,"e2":"[리에주_전투]"},{"e2St":221,"nlq":"[제라르_르망]가 태어난 장소은(는) <벨기에>인가요?","ansArr":["F","T","T"],"e1St":0,"ans":"T","e2En":226,"rel":"birthPlace","e1En":7,"e1":"[제라르_르망]","qid":5,"e2":"<벨기에>"},{"e2St":221,"nlq":"[제라르_르망]의 국적은(는) <벨기에>인가요?","ansArr":["T","T","T"],"e1St":0,"ans":"T","e2En":226,"rel":"nationality","e1En":7,"e1":"[제라르_르망]","qid":6,"e2":"<벨기에>"},{"e2St":221,"nlq":"[제라르_르망]가 죽은 장소은(는) <벨기에>인가요?","ansArr":["F","F","T"],"e1St":0,"ans":"F","e2En":226,"rel":"deathPlace","e1En":7,"e1":"[제라르_르망]","qid":7,"e2":"<벨기에>"},{"e2St":221,"nlq":"[제라르_르망]의 출신은(는) <벨기에>인가요?","ansArr":["T","T","T"],"e1St":0,"ans":"T","e2En":226,"rel":"stateOfOrigin","e1En":7,"e1":"[제라르_르망]","qid":8,"e2":"<벨기에>"},{"e2St":443,"nlq":"[제라르_르망]가 태어난 장소은(는) [리에주]인가요?","ansArr":["F","F","T"],"e1St":0,"ans":"F","e2En":448,"rel":"birthPlace","e1En":7,"e1":"[제라르_르망]","qid":9,"e2":"[리에주]"},{"e2St":443,"nlq":"[제라르_르망]가 죽은 장소은(는) [리에주]인가요?","ansArr":["F","F","T"],"e1St":0,"ans":"F","e2En":448,"rel":"deathPlace","e1En":7,"e1":"[제라르_르망]","qid":10,"e2":"[리에주]"},{"e2St":221,"nlq":"[리에주_전투]가 위치한 지역은(는) <벨기에>인가요?","ansArr":["T","T","T"],"e1St":60,"ans":"T","e2En":226,"rel":"location","e1En":68,"e1":"[리에주_전투]","qid":11,"e2":"<벨기에>"},{"e2St":221,"nlq":"[리에주_전투]의 군사 분쟁의 장소은(는) <벨기에>인가요?","ansArr":["T","F","T"],"e1St":60,"ans":"T","e2En":226,"rel":"place","e1En":68,"e1":"[리에주_전투]","qid":12,"e2":"<벨기에>"},{"e2St":443,"nlq":"[리에주_전투]가 위치한 지역은(는) [리에주]인가요?","ansArr":["T","T","T"],"e1St":60,"ans":"T","e2En":448,"rel":"location","e1En":68,"e1":"[리에주_전투]","qid":13,"e2":"[리에주]"},{"e2St":443,"nlq":"[리에주_전투]의 군사 분쟁의 장소은(는) [리에주]인가요?","ansArr":["T","F","T"],"e1St":60,"ans":"T","e2En":448,"rel":"place","e1En":68,"e1":"[리에주_전투]","qid":14,"e2":"[리에주]"},{"e2St":221,"nlq":"[브뤼셀]의 국가은(는) <벨기에>인가요?","ansArr":["T","T","T"],"e1St":100,"ans":"T","e2En":226,"rel":"country","e1En":105,"e1":"[브뤼셀]","qid":15,"e2":"<벨기에>"}],"pIdx":1,"text":"[제라르_르망]([1851년] 출생, [1920년] 사망)은 [벨기에]의 군인으로 [제1차_세계_대전] 중 [리에주_전투]를 지휘하였으며, 이 전투 중에 독일군의 포로가 되었다. [브뤼셀]의 [벨기에_육군사관학교]의 교수이자 [포병] [군인_계급]의 아들로 태어났으며, [1867년]에 사관학교에 입교, [1869년]에 졸업하여 소위로 임관하였다. [1870년] [보불_전쟁]이 발발했을 적에는 <벨기에> 측의 관측 군단에서 근무했으며, [1872년]에 중위로 승진했다. [1882년]에는 부친을 이어 육군사관학교의 교수가 되었고, 얼마 뒤에는 교장으로 승진했다. 교장으로 근무하면서 [알베르_1세_(벨기에)]의 개인 군사 교관으로 지내기도 했다. 그는 수 많은 군사 전략에 영향을 미쳤을 뿐 아니라 수학자로서도 뛰어난 자질을 가지고 있었다. 전쟁이 발발하기 전인 [1914년] [1월]에는 [리에주] 요새의 지휘관으로 임명되어 [독일]과의 전쟁에 대비했다."}]}