{"paragraphs":[{"globalSId":[2373462,2373463],"wikiPageId":589244,"questions":[{"e2St":61,"nlq":"[스페인]가 사용하는 언어은(는) [스페인어]인가요?","ansArr":["F","T","T"],"e1St":14,"ans":"T","e2En":67,"rel":"language","e1En":19,"e1":"[스페인]","qid":0,"e2":"[스페인어]"}],"pIdx":1,"text":"<카스테욘_주>(, )는 [스페인] [발렌시아_지방] 북쪽에 위치한 주로, 주도는 [카스테욘데라플라나]이다. [스페인어]와 [발렌시아어]를 쓴다."},{"globalSId":[564426,564427,564428],"wikiPageId":68556,"questions":[{"e2St":48,"nlq":"[DJ_투컷] (이)라는 아티스트와 관련있는 아티스트은(는) [타블로]인가요?","ansArr":["T","T","F"],"e1St":19,"ans":"T","e2En":53,"rel":"associatedAct","e1En":26,"e1":"[DJ_투컷]","qid":0,"e2":"[타블로]"},{"e2St":65,"nlq":"[DJ_투컷]의 소유 조직은(는) [맵더소울]인가요?","ansArr":["T","T","T"],"e1St":19,"ans":"T","e2En":71,"rel":"owningOrganisation","e1En":26,"e1":"[DJ_투컷]","qid":1,"e2":"[맵더소울]"},{"e2St":65,"nlq":"[타블로] (이)라는 아티스트와 관련있는 아티스트은(는) [맵더소울]인가요?","ansArr":["T","T","T"],"e1St":48,"ans":"T","e2En":71,"rel":"associatedAct","e1En":53,"e1":"[타블로]","qid":2,"e2":"[맵더소울]"},{"e2St":121,"nlq":"[타블로] (이)라는 인물의 배우자 (동거인의 개념은 아님)은(는) [강혜정]인가요?","ansArr":["T","T","T"],"e1St":48,"ans":"T","e2En":126,"rel":"spouse","e1En":53,"e1":"[타블로]","qid":3,"e2":"[강혜정]"},{"e2St":155,"nlq":"[타블로] (이)라는 아티스트와 관련있는 아티스트은(는) [무브먼트_(힙합_크루)]인가요?","ansArr":["F","F","T"],"e1St":48,"ans":"F","e2En":169,"rel":"associatedAct","e1En":53,"e1":"[타블로]","qid":4,"e2":"[무브먼트_(힙합_크루)]"},{"e2St":65,"nlq":"[미쓰라_진]의 소유 조직은(는) [맵더소울]인가요?","ansArr":["T","T","T"],"e1St":55,"ans":"T","e2En":71,"rel":"owningOrganisation","e1En":62,"e1":"[미쓰라_진]","qid":5,"e2":"[맵더소울]"}],"pIdx":39,"text":"[10월_13일], 입대 2일 전 [DJ_투컷]이 결혼식을 올리고 [10월_15일], [타블로], [미쓰라_진] 등 [맵더소울] 관계자들의 배웅을 받으며 입대하였다. [10월_26일]에는 리더 [타블로]가 교제해왔던 [강혜정]과 결혼하였다. 결혼식은 비공개로 신랑측 하객으로는 [무브먼트_(힙합_크루)] 크루를 비롯한 힙합 가수들과 신부측 하객으로는 [안성기]와 같은 영화배우들의 다수 참석한 가운데 치러졌다."},{"globalSId":[2566059,2566060,2566061,2566062],"wikiPageId":680318,"questions":[{"e2St":253,"nlq":"[애플_(기업)] (이)라는 기관에서 만든 제품은(는) [아이패드]인가요?","ansArr":["T","T","T"],"e1St":242,"ans":"T","e2En":259,"rel":"product","e1En":251,"e1":"[애플_(기업)]","qid":0,"e2":"[아이패드]"}],"pIdx":3,"text":"SDRAM에 비해 가장 극명한 변화는 공급 전압이 2.5V에서 1.8V로 낮아진 점이다. 메모리 재충전(DRAM refresh)이 낮은 온도에서 덜 필요한 점을 이용하여 재충전 회수를 온도에 적응시키며, 메모리의 모든 내용을 지우고 \"깊은 절전 모드\"에 빠질 수 있게 해서 추가적인 전력 소모 절감을 얻는다. 또한 메모리 칩은 작아지고 기판 면적 점유가 줄어든다. [삼성전자]와 [마이크론_테크놀로지]은 이 기술의 두 최대 공급자로 [애플_(기업)]의 [아이패드], [삼성전자]의 [갤럭시탭]과 [모토로라]의 [드로이드_X] 등과 같은 다양한 태블릿 기기에 공급하고 있다."},{"globalSId":[3969267,3969268,3969269],"wikiPageId":1750816,"questions":[{"e2St":27,"nlq":"[중앙그리스_주]에 속한 일부 장소은(는) [보이오티아_현]인가요?","ansArr":["T","T","T"],"e1St":17,"ans":"T","e2En":36,"rel":"part","e1En":26,"e1":"[중앙그리스_주]","qid":0,"e2":"[보이오티아_현]"}],"pIdx":1,"text":"[코로네이아]()는 [그리스] [중앙그리스_주] [보이오티아_현]의 마을이며, 옛 자치체이다. [2011년] 지방 행정 개혁을 통해 [리바데이아] 시(, Livadeia의 일부가 그 행정 구역의 하나가 되었다. 인구는 [2011년]을 기준으로 3,170명이고, 행정구의 중심 마을은 [아기오스_게오르기오스](?γιο? Γε?ργιο? , Agios Georgios)이다."},{"globalSId":[951828,951829,951830,951831],"wikiPageId":132093,"questions":[{"e2St":18,"nlq":"[마이크로소프트_스튜디오]의 자회사은(는) [마이크로소프트]인가요?","ansArr":["F","T","F"],"e1St":0,"ans":"F","e2En":27,"rel":"parentCompany","e1En":13,"e1":"[마이크로소프트_스튜디오]","qid":0,"e2":"[마이크로소프트]"},{"e2St":71,"nlq":"[마이크로소프트_스튜디오] (이)라는 기관에서 만든 제품은(는) [엑스박스]인가요?","ansArr":["T","T","T"],"e1St":0,"ans":"T","e2En":77,"rel":"product","e1En":13,"e1":"[마이크로소프트_스튜디오]","qid":1,"e2":"[엑스박스]"},{"e2St":79,"nlq":"[마이크로소프트_스튜디오] (이)라는 기관에서 만든 제품은(는) [엑스박스_360]인가요?","ansArr":["T","T","T"],"e1St":0,"ans":"T","e2En":89,"rel":"product","e1En":13,"e1":"[마이크로소프트_스튜디오]","qid":2,"e2":"[엑스박스_360]"},{"e2St":115,"nlq":"[마이크로소프트_스튜디오]의 자회사은(는) <마이크로소프트>인가요?","ansArr":["F","T","F"],"e1St":0,"ans":"F","e2En":124,"rel":"parentCompany","e1En":13,"e1":"[마이크로소프트_스튜디오]","qid":3,"e2":"<마이크로소프트>"},{"e2St":141,"nlq":"[마이크로소프트_스튜디오]의 자회사은(는) [레어]인가요?","ansArr":["F","T","T"],"e1St":0,"ans":"T","e2En":145,"rel":"subsidiary","e1En":13,"e1":"[마이크로소프트_스튜디오]","qid":4,"e2":"[레어]"},{"e2St":315,"nlq":"[마이크로소프트_스튜디오] (이)라는 기관에서 만든 제품은(는) [마인크래프트]인가요?","ansArr":["F","F","F"],"e1St":0,"ans":"F","e2En":323,"rel":"product","e1En":13,"e1":"[마이크로소프트_스튜디오]","qid":5,"e2":"[마인크래프트]"},{"e2St":328,"nlq":"[마이크로소프트_스튜디오]의 자회사은(는) [모장]인가요?","ansArr":["F","T","F"],"e1St":0,"ans":"F","e2En":332,"rel":"subsidiary","e1En":13,"e1":"[마이크로소프트_스튜디오]","qid":6,"e2":"[모장]"},{"e2St":71,"nlq":"[마이크로소프트] (이)라는 기관에서 만든 제품은(는) [엑스박스]인가요?","ansArr":["T","T","T"],"e1St":18,"ans":"T","e2En":77,"rel":"product","e1En":27,"e1":"[마이크로소프트]","qid":7,"e2":"[엑스박스]"},{"e2St":79,"nlq":"[엑스박스]의 후임자은(는) [엑스박스_360]인가요?","ansArr":["F","T","F"],"e1St":71,"ans":"F","e2En":89,"rel":"successor","e1En":77,"e1":"[엑스박스]","qid":8,"e2":"[엑스박스_360]"},{"e2St":115,"nlq":"[엑스박스]을(를) 개발한 단체 또는 인물은(는) <마이크로소프트>인가요?","ansArr":["T","T","F"],"e1St":71,"ans":"T","e2En":124,"rel":"developer","e1En":77,"e1":"[엑스박스]","qid":9,"e2":"<마이크로소프트>"},{"e2St":304,"nlq":"[엑스박스]을(를) 개발한 단체 또는 인물은(는) [마이크로소프트]인가요?","ansArr":["T","T","F"],"e1St":71,"ans":"T","e2En":313,"rel":"developer","e1En":77,"e1":"[엑스박스]","qid":10,"e2":"[마이크로소프트]"},{"e2St":115,"nlq":"[엑스박스_360]을(를) 개발한 단체 또는 인물은(는) <마이크로소프트>인가요?","ansArr":["T","T","F"],"e1St":79,"ans":"T","e2En":124,"rel":"developer","e1En":89,"e1":"[엑스박스_360]","qid":11,"e2":"<마이크로소프트>"},{"e2St":304,"nlq":"[엑스박스_360]을(를) 개발한 단체 또는 인물은(는) [마이크로소프트]인가요?","ansArr":["T","T","F"],"e1St":79,"ans":"T","e2En":313,"rel":"developer","e1En":89,"e1":"[엑스박스_360]","qid":12,"e2":"[마이크로소프트]"},{"e2St":304,"nlq":"[레어]을(를) 소유하고 있는 사람\/단체은(는) [마이크로소프트]인가요?","ansArr":["T","T","T"],"e1St":141,"ans":"T","e2En":313,"rel":"owner","e1En":145,"e1":"[레어]","qid":13,"e2":"[마이크로소프트]"},{"e2St":328,"nlq":"[마인크래프트] (이)라는 창작물의 제작자은(는) [모장]인가요?","ansArr":["T","T","T"],"e1St":315,"ans":"T","e2En":332,"rel":"publisher","e1En":323,"e1":"[마인크래프트]","qid":14,"e2":"[모장]"},{"e2St":328,"nlq":"[마인크래프트]을(를) 개발한 단체 또는 인물은(는) [모장]인가요?","ansArr":["T","T","T"],"e1St":315,"ans":"T","e2En":332,"rel":"developer","e1En":323,"e1":"[마인크래프트]","qid":15,"e2":"[모장]"}],"pIdx":1,"text":"[마이크로소프트_스튜디오]()은 [마이크로소프트] 자화사로 [2002년]부터 [마이크로소프트_윈도] 기반의 [개인용_컴퓨터]와 [엑스박스], [엑스박스_360]용 [비디오_게임]을 개발하고 발행한다. 주로 <마이크로소프트>가 소유한 [번지_스튜디오]와 [레어]를 비롯한 [퍼스트파티_개발사]들의 게임을 발행하지만, [바이오웨어]나 [비자레_크리에이션] 같은 [서드파티_개발사]들이 만든 윈도나 엑스박스용 게임도 발행한다. 초기에는 [마이크로소프트_게임_스튜디오]()라고 세워졌으나, [2011년] 말에 사명을 개명하였다. 또, [2014년]에 [마이크로소프트]가 [마인크래프트] 개발자 [모장]을 인수하여 여기에 편입된걸로 알려졌다."}]}