{"paragraphs":[{"globalSId":[4004738,4004739],"wikiPageId":1772496,"questions":[{"e2St":46,"nlq":"[애기박쥐과]의 생물종은(는) [박쥐]인가요?","ansArr":["T","T","T"],"e1St":33,"ans":"T","e2En":50,"rel":"order","e1En":40,"e1":"[애기박쥐과]","qid":0,"e2":"[박쥐]"}],"pIdx":1,"text":"[붉은갈색집박쥐](\"Hypsugo kitcheneri\")는 [애기박쥐과]에 속하는 [박쥐]의 일종이다. [인도네시아]에서 발견되며, [말레이시아]에서도 서식하는 것으로 추정된다."},{"globalSId":[3136473,3136474],"wikiPageId":976504,"questions":[{"e2St":22,"nlq":"[영국] (이)라는 지방 정부나 중앙 정부가 위치한 도시\/자치도시은(는) [런던]인가요?","ansArr":["T","T","T"],"e1St":13,"ans":"T","e2En":26,"rel":"capital","e1En":17,"e1":"[영국]","qid":0,"e2":"[런던]"}],"pIdx":1,"text":"[큐_왕립식물원]()은 [영국]의 수도 [런던] 남서부의 [큐_(런던)]에 있는 왕립식물원이다. [2003년]에 [유네스코_세계_유산]에 등록되었다."},{"globalSId":[3233853,3233854],"wikiPageId":1035134,"questions":[{"e2St":18,"nlq":"<경기도박물관>의 국가은(는) [대한민국]인가요?","ansArr":["T","T","T"],"e1St":0,"ans":"T","e2En":24,"rel":"country","e1En":8,"e1":"<경기도박물관>","qid":0,"e2":"[대한민국]"}],"pIdx":1,"text":"<경기도박물관>(京畿道博物館)은 [대한민국] [경기도] [용인시]에 위치한 도립 [박물관]이다. [1996년_6월_21일]에 개관하였다."},{"globalSId":[3316318,3316319,3316320],"wikiPageId":1095306,"questions":[{"e2St":20,"nlq":"[미국] (이)라는 장소에서의 가장 큰 도시은(는) [뉴욕]인가요?","ansArr":["F","F","F"],"e1St":8,"ans":"F","e2En":24,"rel":"largestCity","e1En":12,"e1":"[미국]","qid":0,"e2":"[뉴욕]"},{"e2St":20,"nlq":"[뉴욕_주] (이)라는 장소에서의 가장 큰 도시은(는) [뉴욕]인가요?","ansArr":["T","F","F"],"e1St":13,"ans":"F","e2En":24,"rel":"largestCity","e1En":19,"e1":"[뉴욕_주]","qid":1,"e2":"[뉴욕]"}],"pIdx":1,"text":"《뉴욕》()은 [미국] [뉴욕_주] [뉴욕]의 잡지로, 사회, 문화, 정치 등 사회 전반에 다룬다. 격주로 발행된다. [1968년] [밀턴_글레이저]와 [클레이_펠커]가 〈[더_뉴요커]〉와 대항하기 위해 설립하였으며, [뉴_저널리즘]의 한 언론 매체로 자리매김하였다."},{"globalSId":[2212481,2212482,2212483],"wikiPageId":511908,"questions":[{"e2St":48,"nlq":"<이한영>가 태어난 장소은(는) [조선민주주의인민공화국]인가요?","ansArr":["T","T","T"],"e1St":0,"ans":"T","e2En":61,"rel":"birthPlace","e1En":5,"e1":"<이한영>","qid":0,"e2":"[조선민주주의인민공화국]"},{"e2St":68,"nlq":"<이한영>가 죽은 장소은(는) [대한민국]인가요?","ansArr":["T","T","T"],"e1St":0,"ans":"T","e2En":74,"rel":"deathPlace","e1En":5,"e1":"<이한영>","qid":1,"e2":"[대한민국]"},{"e2St":84,"nlq":"<이한영>가 태어난 장소은(는) <조선민주주의인민공화국>인가요?","ansArr":["T","T","T"],"e1St":0,"ans":"T","e2En":97,"rel":"birthPlace","e1En":5,"e1":"<이한영>","qid":2,"e2":"<조선민주주의인민공화국>"},{"e2St":147,"nlq":"<이한영>가 죽은 장소은(는) <대한민국>인가요?","ansArr":["T","T","T"],"e1St":0,"ans":"T","e2En":153,"rel":"deathPlace","e1En":5,"e1":"<이한영>","qid":3,"e2":"<대한민국>"},{"e2St":114,"nlq":"[김정일] (이)라는 인물의 배우자 (동거인의 개념은 아님)은(는) [성혜림]인가요?","ansArr":["T","F","T"],"e1St":104,"ans":"T","e2En":119,"rel":"spouse","e1En":109,"e1":"[김정일]","qid":4,"e2":"[성혜림]"},{"e2St":163,"nlq":"[김정일]의 국가은(는) <조선민주주의인민공화국>인가요?","ansArr":["T","T","T"],"e1St":104,"ans":"T","e2En":176,"rel":"country","e1En":109,"e1":"[김정일]","qid":5,"e2":"<조선민주주의인민공화국>"},{"e2St":163,"nlq":"[김정일] (이)라는 인물의 안식처, 무덤은(는) <조선민주주의인민공화국>인가요?","ansArr":["T","T","T"],"e1St":104,"ans":"T","e2En":176,"rel":"restingPlace","e1En":109,"e1":"[김정일]","qid":6,"e2":"<조선민주주의인민공화국>"},{"e2St":163,"nlq":"[김정일]가 죽은 장소은(는) <조선민주주의인민공화국>인가요?","ansArr":["T","T","T"],"e1St":104,"ans":"T","e2En":176,"rel":"deathPlace","e1En":109,"e1":"[김정일]","qid":7,"e2":"<조선민주주의인민공화국>"},{"e2St":163,"nlq":"[김정일]의 위치, 포지션 혹은 역할은(는) <조선민주주의인민공화국>인가요?","ansArr":["T","T","F"],"e1St":104,"ans":"T","e2En":176,"rel":"position","e1En":109,"e1":"[김정일]","qid":8,"e2":"<조선민주주의인민공화국>"},{"e2St":136,"nlq":"[성혜림]가 죽은 장소은(는) <모스크바>인가요?","ansArr":["F","F","F"],"e1St":114,"ans":"F","e2En":142,"rel":"deathPlace","e1En":119,"e1":"[성혜림]","qid":9,"e2":"<모스크바>"},{"e2St":224,"nlq":"[성혜림]의 친척은(는) <이한영>인가요?","ansArr":["T","T","T"],"e1St":114,"ans":"T","e2En":229,"rel":"relative","e1En":119,"e1":"[성혜림]","qid":10,"e2":"<이한영>"}],"pIdx":1,"text":"<이한영>(李韓永, [1960년] [4월_2일] - [1997년] [2월_25일])은 [조선민주주의인민공화국]에서 탈북한 [대한민국]의 언론인이었다. <조선민주주의인민공화국> 국방위원장 [김정일]의 전처 [성혜림]의 조카였으며, [1982년] <모스크바>를 거쳐 <대한민국>으로 망명하였으나 <조선민주주의인민공화국>의 공작원에 의해 사살되었다. 본명은 <리일남_(정치인)>(李一男, )으로 귀순 이후 <이한영>으로 개명하였다."}]}