{"paragraphs":[{"globalSId":[871805,871806],"wikiPageId":119197,"questions":[{"e2St":73,"nlq":"[국립행정학교]가 위치한 행정 구역은(는) <스트라스부르>인가요?","ansArr":["T","T","T"],"e1St":0,"ans":"T","e2En":81,"rel":"city","e1En":7,"e1":"[국립행정학교]","qid":0,"e2":"<스트라스부르>"},{"e2St":90,"nlq":"[국립행정학교]가 위치한 행정 구역은(는) [스트라스부르]인가요?","ansArr":["T","T","T"],"e1St":0,"ans":"T","e2En":98,"rel":"city","e1En":7,"e1":"[국립행정학교]","qid":1,"e2":"[스트라스부르]"}],"pIdx":1,"text":"[국립행정학교](, ENA)는 [프랑스]가 고급공무원 양성을 목적으로 세운 [그랑제콜]으로 처음에는 파리에 있었으나 [1991년] <스트라스부르>로 이전, 현재 [스트라스부르]에 위치해있다. [1945년] [샤를_드_골]에 의해 [파리]에 세워졌다."},{"globalSId":[2634752,2634753,2634754,2634755],"wikiPageId":713705,"questions":[{"e2St":25,"nlq":"[애플_(기업)] (이)라는 기관에서 만든 제품은(는) [매킨토시]인가요?","ansArr":["T","T","T"],"e1St":14,"ans":"T","e2En":31,"rel":"product","e1En":23,"e1":"[애플_(기업)]","qid":0,"e2":"[매킨토시]"}],"pIdx":1,"text":"[카본](Carbon)은 [애플_(기업)]의 [매킨토시] [운영_체제]를 위한 절차적 [API]이다. [C_(프로그래밍_언어)]의 접근을 [매킨토시] 시스템 서비스에 제공한다. [카본]은 어느 정도의 하위 호환성을 [컴퓨터_프로그램]에 제공하여 오래된 운영 체제인 [맥_OS_8]와 [맥_OS_9]에서도 동작할 수 있게 만들어 준다. 그러나 이러한 시스템들은 [애플]이 [2001년_12월]에 [OS_9] 업데이트를 출시한 뒤에 활발한 지원은 없는 상태였다."},{"globalSId":[2929017,2929018],"wikiPageId":866079,"questions":[{"e2St":156,"nlq":"[게임보이]을(를) 개발한 단체 또는 인물은(는) [닌텐도]인가요?","ansArr":["F","F","T"],"e1St":40,"ans":"F","e2En":161,"rel":"developer","e1En":46,"e1":"[게임보이]","qid":0,"e2":"[닌텐도]"},{"e2St":156,"nlq":"[게임보이]을(를) 제조\/제작한 주요 회사은(는) [닌텐도]인가요?","ansArr":["F","F","T"],"e1St":40,"ans":"F","e2En":161,"rel":"manufacturer","e1En":46,"e1":"[게임보이]","qid":1,"e2":"[닌텐도]"},{"e2St":140,"nlq":"[플레이스테이션]의 종류(타입)은(는) [가정용_게임기]인가요?","ansArr":["T","T","T"],"e1St":107,"ans":"T","e2En":149,"rel":"type","e1En":116,"e1":"[플레이스테이션]","qid":2,"e2":"[가정용_게임기]"}],"pIdx":3,"text":"예전에는 다른 회사나 만화 등의 캐릭터 게임에 대한 위탁개발도 했지만, [게임보이]용 게임 소프트웨어 \"[포켓몬스터_(게임)](포켓몬)\"의 성공 이후에는 자사 타이틀에 전념하고 있다. 또한, [플레이스테이션]용으로 발매된 \"[클릭메딕]\"을 마지막으로 [가정용_게임기]에 대해서는 [닌텐도]의 게임기 이외에는 자사 타이틀을 발매하지 않고 있지만, 근래에는 스마트폰 대상의 게임을 발매하기도 했다."},{"globalSId":[2858335,2858336,2858337,2858338],"wikiPageId":823658,"questions":[{"e2St":32,"nlq":"<범패스_산>가 위치한 행정 구역은(는) [미국]인가요?","ansArr":["T","T","T"],"e1St":0,"ans":"T","e2En":36,"rel":"locatedInArea","e1En":7,"e1":"<범패스_산>","qid":0,"e2":"[미국]"},{"e2St":37,"nlq":"<범패스_산>가 위치한 행정 구역은(는) [캘리포니아_주]인가요?","ansArr":["T","T","T"],"e1St":0,"ans":"T","e2En":46,"rel":"locatedInArea","e1En":7,"e1":"<범패스_산>","qid":1,"e2":"[캘리포니아_주]"}],"pIdx":1,"text":"<범패스_산>([영어]:Bumpass Mountain)은 [미국] [캘리포니아_주]의 [샤스타]에 있는 [산]으로, [화산_활동]이 활발하다. 이 [산]은 [범패스_지옥]이라고 하는 [지열_지역](Geothermal Area)이 있으며, 그곳에서는 [호수], [진흙_화산], [간헐천], 그리고 [유황]까지 있다. [분화구] 내의 [유황호]에는 [증기]가 나온다. 이곳은 [분화]할 가능성은 희박하지만, 주봉이 [래슨피크_산]에서는 [분화] 조짐이 일어나고 있다."},{"globalSId":[3248173,3248174,3248175],"wikiPageId":1049489,"questions":[{"e2St":8,"nlq":"[네피]의 국가은(는) [이탈리아]인가요?","ansArr":["T","T","T"],"e1St":0,"ans":"T","e2En":14,"rel":"country","e1En":3,"e1":"[네피]","qid":0,"e2":"[이탈리아]"},{"e2St":15,"nlq":"[네피]가 있거나 연결되어있는 지역은(는) [라치오_주]인가요?","ansArr":["T","T","T"],"e1St":0,"ans":"T","e2En":22,"rel":"region","e1En":3,"e1":"[네피]","qid":1,"e2":"[라치오_주]"},{"e2St":23,"nlq":"[네피]의 행정구역은(는) [비테르보_현]인가요?","ansArr":["T","T","T"],"e1St":0,"ans":"T","e2En":31,"rel":"administrativeDistrict","e1En":3,"e1":"[네피]","qid":2,"e2":"[비테르보_현]"},{"e2St":23,"nlq":"[네피]가 있거나 연결되어있는 지역은(는) [비테르보_현]인가요?","ansArr":["T","T","T"],"e1St":0,"ans":"T","e2En":31,"rel":"region","e1En":3,"e1":"[네피]","qid":3,"e2":"[비테르보_현]"},{"e2St":96,"nlq":"[네피]의 국가은(는) <이탈리아>인가요?","ansArr":["T","T","T"],"e1St":0,"ans":"T","e2En":102,"rel":"country","e1En":3,"e1":"[네피]","qid":4,"e2":"<이탈리아>"},{"e2St":96,"nlq":"[라치오_주]의 국가은(는) <이탈리아>인가요?","ansArr":["T","T","T"],"e1St":15,"ans":"T","e2En":102,"rel":"country","e1En":22,"e1":"[라치오_주]","qid":5,"e2":"<이탈리아>"},{"e2St":96,"nlq":"[비테르보_현]의 국가은(는) <이탈리아>인가요?","ansArr":["T","T","T"],"e1St":23,"ans":"T","e2En":102,"rel":"country","e1En":31,"e1":"[비테르보_현]","qid":6,"e2":"<이탈리아>"},{"e2St":96,"nlq":"[치비타카스텔라나]의 국가은(는) <이탈리아>인가요?","ansArr":["T","F","T"],"e1St":45,"ans":"T","e2En":102,"rel":"country","e1En":55,"e1":"[치비타카스텔라나]","qid":7,"e2":"<이탈리아>"},{"e2St":96,"nlq":"[비테르보]의 국가은(는) <이탈리아>인가요?","ansArr":["T","F","T"],"e1St":69,"ans":"T","e2En":102,"rel":"country","e1En":75,"e1":"[비테르보]","qid":8,"e2":"<이탈리아>"}],"pIdx":1,"text":"[네피]()는 [이탈리아] [라치오_주] [비테르보_현]에 위치한 <코무네>다. [치비타카스텔라나]로부터 남서쪽 13km, [비테르보]로부터 남동쪽 30km 거리에 있다. <이탈리아>에서 \"[아콰_디_네피]\"(Acqua di Nepi)라는 이름으로 병에 담겨 팔리는 [광천수]로 유명하다."}]}