{"paragraphs":[{"globalSId":[3866938,3866939],"wikiPageId":1641959,"questions":[{"e2St":20,"nlq":"[시민민주당] (이)라는 조직이나 단체의 본거지가 있거나 세워져 있는 구체적인 위치은(는) [체코]인가요?","ansArr":["T","T","T"],"e1St":0,"ans":"T","e2En":24,"rel":"headquarter","e1En":6,"e1":"[시민민주당]","qid":0,"e2":"[체코]"},{"e2St":110,"nlq":"[체코_사회민주당] (이)라는 조직이나 단체의 본거지가 있거나 세워져 있는 구체적인 위치은(는) [체코]인가요?","ansArr":["T","T","T"],"e1St":87,"ans":"T","e2En":114,"rel":"headquarter","e1En":97,"e1":"[체코_사회민주당]","qid":1,"e2":"[체코]"}],"pIdx":1,"text":"[시민민주당](市民民主黨, , )은 [체코]의 보수 정당으로, [1991년] 설립되었다. [2013년], [2016년] 총선거 결과, [체코] 상원의 경우 [체코_사회민주당]에 이어 제2당인 반면 [체코] 하원의 경우 [TOP_09]에 이어 제5당이다."},{"globalSId":[2042281,2042282],"wikiPageId":440038,"questions":[{"e2St":19,"nlq":"[핑클] (이)라는 스포츠 팀의 현재 소속 선수은(는) [옥주현]인가요?","ansArr":["F","F","F"],"e1St":7,"ans":"F","e2En":24,"rel":"currentMember","e1En":11,"e1":"[핑클]","qid":0,"e2":"[옥주현]"}],"pIdx":1,"text":"《Nan》은 [핑클]의 멤버 출신 [옥주현]의 첫 솔로앨범이다. [팝페라] 형식의 타이틀곡 난으로 사랑을 받았다."},{"globalSId":[3698627],"wikiPageId":1416450,"questions":[{"e2St":37,"nlq":"[오타와_레네가데스]가 위치한 지역은(는) [온타리오_주]인가요?","ansArr":["T","T","T"],"e1St":0,"ans":"T","e2En":45,"rel":"location","e1En":10,"e1":"[오타와_레네가데스]","qid":0,"e2":"[온타리오_주]"},{"e2St":46,"nlq":"[오타와_레네가데스]가 위치한 지역은(는) [오타와]인가요?","ansArr":["T","T","T"],"e1St":0,"ans":"T","e2En":51,"rel":"location","e1En":10,"e1":"[오타와_레네가데스]","qid":1,"e2":"[오타와]"},{"e2St":46,"nlq":"[캐나다] (이)라는 지방 정부나 중앙 정부가 위치한 도시\/자치도시은(는) [오타와]인가요?","ansArr":["F","F","F"],"e1St":31,"ans":"F","e2En":51,"rel":"capital","e1En":36,"e1":"[캐나다]","qid":2,"e2":"[오타와]"}],"pIdx":1,"text":"[오타와_레네가데스](Ottawa Renegades)는 [캐나다] [온타리오_주] [오타와]를 연고지로 하는 [2002년]부터 [2008년]까지 [캐나디안_풋볼_리그] 참가했던 팀이다."},{"globalSId":[3902516,3902517,3902518],"wikiPageId":1673397,"questions":[{"e2St":63,"nlq":"[마틴_레니]의 위치, 포지션 혹은 역할은(는) [서울_이랜드_FC]인가요?","ansArr":["F","T","T"],"e1St":43,"ans":"T","e2En":74,"rel":"position","e1En":50,"e1":"[마틴_레니]","qid":0,"e2":"[서울_이랜드_FC]"},{"e2St":63,"nlq":"[마틴_레니] (이)라는 운동선수가 관리, 감독하는 스포츠 팀은(는) [서울_이랜드_FC]인가요?","ansArr":["F","T","T"],"e1St":43,"ans":"T","e2En":74,"rel":"managerClub","e1En":50,"e1":"[마틴_레니]","qid":1,"e2":"[서울_이랜드_FC]"}],"pIdx":3,"text":"<경희고등학교>. [경희고등학교]에서 좋은 활약을 펼쳤다. 3학년을 마친 뒤 [마틴_레니] 감독의 선택을 받아, [서울_이랜드_FC]로 입단하였다."},{"globalSId":[3124080],"wikiPageId":969388,"questions":[{"e2St":21,"nlq":"<브레게_(시계)>의 자회사은(는) [스와치_그룹]인가요?","ansArr":["T","T","T"],"e1St":0,"ans":"T","e2En":29,"rel":"parentCompany","e1En":10,"e1":"<브레게_(시계)>","qid":0,"e2":"[스와치_그룹]"},{"e2St":35,"nlq":"<브레게_(시계)>가 알려진 일, 역사적인 사건 등. 사람, 조직, 집중력 캠프 등은(는) [손목시계]인가요?","ansArr":["T","T","T"],"e1St":0,"ans":"T","e2En":41,"rel":"knownFor","e1En":10,"e1":"<브레게_(시계)>","qid":1,"e2":"[손목시계]"}],"pIdx":1,"text":"<브레게_(시계)>()은 [스위스]의 [스와치_그룹]에 속하는 [손목시계] 브랜드이다."},{"globalSId":[3396118,3396119,3396120,3396121,3396122,3396123,3396124],"wikiPageId":1156808,"questions":[{"e2St":138,"nlq":"[보잉] (이)라는 기관에서 만든 제품은(는) [보잉_747]인가요?","ansArr":["F","F","T"],"e1St":132,"ans":"F","e2En":146,"rel":"product","e1En":136,"e1":"[보잉]","qid":0,"e2":"[보잉_747]"}],"pIdx":3,"text":"디자인. [An-124]기는 원래 제작 계획에 없었으나, [미국]의 [록히드_마틴]이 [록히드_C-5_갤럭시]를 개발, 생산하자 이에 대해 [소련]은 자극을 받아 25% 탑재중량을 더 늘린 [An-124]를 개발하였다. 이 디자인은 미 [보잉]의 [보잉_747]과 [록히드_C-5_갤럭시]의 디자인을 결합시킨 것이다. 최초의 [An-124]가 서방에 사용된 것은 요트와 항공기 부품을 싣고 [캐나다]에서 [아일랜드]로 비행한 것이 시초다. [An-124]기는 미국의 [록히드_C-5_갤럭시]와 같이 2개의 층으로 구성되어 있어 밑에는 화물, 위에는 승객을 수송할 수 있게 설계되었다. [An-124]의 화물칸의 크기는 36×6.4×4.4 m로 기존 [C-5]의 20%이상 확장시켰다. ([C-5]는 36.91×5.79×4.09 m다)."}]}