{"paragraphs":[{"globalSId":[3781005,3781006,3781007],"wikiPageId":1498949,"questions":[{"e2St":98,"nlq":"[비욘세_놀스] (이)라는 작품의 이전 작품은(는) [4_(비욘세_놀스의_음반)]인가요?","ansArr":["T","F","T"],"e1St":46,"ans":"T","e2En":114,"rel":"previousWork","e1En":54,"e1":"[비욘세_놀스]","qid":0,"e2":"[4_(비욘세_놀스의_음반)]"}],"pIdx":1,"text":"[4_Intimate_Nights_with_Beyonc?]는 미국 [알앤비] 가수 [비욘세_놀스]의 두 번째 [레지던트_쇼]이다. [2009년] [7월]부터 [8월]까지 밤에 [4_(비욘세_놀스의_음반)]를 홍보하는 목적으로 공연되었다. 콘서트는 [뉴욕_주] [맨해튼] [로즈랜드_무도회장]에서 열렸다."},{"globalSId":[757602,757603],"wikiPageId":100044,"questions":[{"e2St":12,"nlq":"<용산선>의 국가은(는) [대한민국]인가요?","ansArr":["T","T","T"],"e1St":0,"ans":"T","e2En":18,"rel":"country","e1En":5,"e1":"<용산선>","qid":0,"e2":"[대한민국]"},{"e2St":20,"nlq":"<용산선> (이)라는 경로가 끝나는 곳은(는) [서울특별시]인가요?","ansArr":["T","F","F"],"e1St":0,"ans":"F","e2En":27,"rel":"routeEnd","e1En":5,"e1":"<용산선>","qid":1,"e2":"[서울특별시]"},{"e2St":20,"nlq":"<용산선> (이)라는 경로가 시작되는 곳은(는) [서울특별시]인가요?","ansArr":["T","F","T"],"e1St":0,"ans":"T","e2En":27,"rel":"routeStart","e1En":5,"e1":"<용산선>","qid":2,"e2":"[서울특별시]"},{"e2St":35,"nlq":"<용산선> (이)라는 경로가 시작되는 곳은(는) [용산역]인가요?","ansArr":["T","T","T"],"e1St":0,"ans":"T","e2En":40,"rel":"routeStart","e1En":5,"e1":"<용산선>","qid":3,"e2":"[용산역]"},{"e2St":58,"nlq":"<용산선> (이)라는 경로가 끝나는 곳은(는) [가좌역]인가요?","ansArr":["T","T","T"],"e1St":0,"ans":"T","e2En":63,"rel":"routeEnd","e1En":5,"e1":"<용산선>","qid":4,"e2":"[가좌역]"},{"e2St":20,"nlq":"[대한민국] (이)라는 지방 정부나 중앙 정부가 위치한 도시\/자치도시은(는) [서울특별시]인가요?","ansArr":["T","T","T"],"e1St":12,"ans":"T","e2En":27,"rel":"capital","e1En":18,"e1":"[대한민국]","qid":5,"e2":"[서울특별시]"},{"e2St":28,"nlq":"[서울특별시]에 속한 일부 장소은(는) [용산구]인가요?","ansArr":["T","T","T"],"e1St":20,"ans":"T","e2En":33,"rel":"part","e1En":27,"e1":"[서울특별시]","qid":6,"e2":"[용산구]"},{"e2St":50,"nlq":"[서울특별시]에 속한 일부 장소은(는) [서대문구]인가요?","ansArr":["T","T","T"],"e1St":20,"ans":"T","e2En":56,"rel":"part","e1En":27,"e1":"[서울특별시]","qid":7,"e2":"[서대문구]"},{"e2St":42,"nlq":"[용산구]를 포함하는 것은(는) [서울특별시]인가요?","ansArr":["T","T","T"],"e1St":28,"ans":"T","e2En":49,"rel":"isPartOf","e1En":33,"e1":"[용산구]","qid":8,"e2":"[서울특별시]"}],"pIdx":1,"text":"<용산선>(龍山線)은 [대한민국]의 [서울특별시] [용산구]의 [용산역]과 [서울특별시] [서대문구]의 [가좌역]을 잇는 철도 노선이다. 현재는 일부 지하화되어 전 구간 [수도권_전철]이 운행되고 있다."},{"globalSId":[2125265],"wikiPageId":478849,"questions":[{"e2St":35,"nlq":"[1976년_동계_올림픽]가 위치한 행정 구역은(는) [인스브루크]인가요?","ansArr":["T","T","T"],"e1St":0,"ans":"T","e2En":42,"rel":"city","e1En":13,"e1":"[1976년_동계_올림픽]","qid":0,"e2":"[인스브루크]"}],"pIdx":1,"text":"[1976년_동계_올림픽] [이탈리아_선수단]은 [오스트리아] [인스브루크]에서 개최된 [1976년_동계_올림픽]에 참가한 [올림픽_이탈리아_선수단]이다."}]}