{"paragraphs":[{"globalSId":[2663006,2663007,2663008],"wikiPageId":725877,"questions":[{"e2St":63,"nlq":"<아리아나_그란데>의 국적은(는) [미국]인가요?","ansArr":["T","T","T"],"e1St":0,"ans":"T","e2En":67,"rel":"nationality","e1En":10,"e1":"<아리아나_그란데>","qid":0,"e2":"[미국]"},{"e2St":74,"nlq":"<아리아나_그란데> (이)라는 인물의 직업은(는) [가수]인가요?","ansArr":["T","T","T"],"e1St":0,"ans":"T","e2En":78,"rel":"occupation","e1En":10,"e1":"<아리아나_그란데>","qid":1,"e2":"[가수]"},{"e2St":87,"nlq":"<아리아나_그란데> (이)라는 인물의 직업은(는) [배우]인가요?","ansArr":["T","T","T"],"e1St":0,"ans":"T","e2En":91,"rel":"occupation","e1En":10,"e1":"<아리아나_그란데>","qid":2,"e2":"[배우]"},{"e2St":234,"nlq":"[빅토리어스] (이)라는 작품의 다음 작품은(는) [샘_&_캣]인가요?","ansArr":["F","T","F"],"e1St":154,"ans":"F","e2En":241,"rel":"subsequentWork","e1En":161,"e1":"[빅토리어스]","qid":3,"e2":"[샘_&_캣]"}],"pIdx":1,"text":"<아리아나_그란데>()라는 이름으로 활동중인 [아리아나_그란데부테라](, [1993년] [6월_26일] ~ )는 [미국]의 [여자] [가수], [작사가], [배우]이다. 그녀는 [2008년] [브로드웨이] 뮤지컬 《[13]》, [2009년] [니켈로디언]의 텔레비전 시리즈 《[빅토리어스]》에서 [캣_발렌타인] 역할로 출연했다. 이후 [그란데]는 10대 <아이돌>로 입지가 상승해, 쇼가 끝난 후 [스핀오프_드라마] 《[샘_&_캣]》가 방송 되었고 [2014년]에 종료되었다."},{"globalSId":[3733435,3733436,3733437,3733438,3733439],"wikiPageId":1450352,"questions":[{"e2St":31,"nlq":"[카슈미르사향노루]의 생물종은(는) [사향노루속]인가요?","ansArr":["T","T","T"],"e1St":0,"ans":"T","e2En":38,"rel":"family","e1En":9,"e1":"[카슈미르사향노루]","qid":0,"e2":"[사향노루속]"},{"e2St":44,"nlq":"[카슈미르사향노루]의 생물종은(는) [소목_(동물)]인가요?","ansArr":["T","T","T"],"e1St":0,"ans":"T","e2En":53,"rel":"order","e1En":9,"e1":"[카슈미르사향노루]","qid":1,"e2":"[소목_(동물)]"},{"e2St":44,"nlq":"[사향노루속]의 생물종은(는) [소목_(동물)]인가요?","ansArr":["T","T","F"],"e1St":31,"ans":"T","e2En":53,"rel":"order","e1En":38,"e1":"[사향노루속]","qid":2,"e2":"[소목_(동물)]"}],"pIdx":1,"text":"[카슈미르사향노루](\"Moschus cupreus\")는 [사향노루속]에 속하는 [소목_(동물)]의 일종이다. [아프가니스탄]과 [인도] 그리고 [파키스탄]에서 발견되는 멸종 위기종의 하나이다. 예전에 [산사향노루]의 아종으로 간주하기도 했지만, 현재는 별도의 종으로 분류한다. 어깨 높이는 60cm 정도이며, 수컷만 [사향]을 갖고 있고 짝짓기 철에 암컷에게 자신의 위치를 알리기 위해 사용하고 있다. [카슈미르사향노루]는 아시아 전역에서 발견되는 7종의 [사향노루] 중의 하나로 서식지 감소와 사향을 얻기 위한 과도한 사냥때문에 멸종 위기에 처해 있다."},{"globalSId":[2282871],"wikiPageId":548145,"questions":[{"e2St":59,"nlq":"[멕시코] (이)라는 장소에서의 가장 큰 도시은(는) [멕시코시티]인가요?","ansArr":["F","T","F"],"e1St":52,"ans":"F","e2En":66,"rel":"largestCity","e1En":57,"e1":"[멕시코]","qid":0,"e2":"[멕시코시티]"},{"e2St":59,"nlq":"[멕시코] (이)라는 지방 정부나 중앙 정부가 위치한 도시\/자치도시은(는) [멕시코시티]인가요?","ansArr":["F","T","T"],"e1St":52,"ans":"T","e2En":66,"rel":"capital","e1En":57,"e1":"[멕시코]","qid":1,"e2":"[멕시코시티]"}],"pIdx":1,"text":"[1975년] [팬아메리칸_게임]은 [1975년] [10월_12일]부터 [10월_26일]까지 [멕시코]의 [멕시코시티]에서 열린 대회이다."},{"globalSId":[883378,883379,883380,883381],"wikiPageId":120775,"questions":[{"e2St":270,"nlq":"[모하치_전투]가 위치한 지역은(는) [헝가리]인가요?","ansArr":["F","T","T"],"e1St":241,"ans":"T","e2En":274,"rel":"location","e1En":249,"e1":"[모하치_전투]","qid":0,"e2":"[헝가리]"},{"e2St":270,"nlq":"[모하치_전투]의 군사 분쟁의 장소은(는) [헝가리]인가요?","ansArr":["F","F","T"],"e1St":241,"ans":"F","e2En":274,"rel":"place","e1En":249,"e1":"[모하치_전투]","qid":1,"e2":"[헝가리]"}],"pIdx":19,"text":"[프랑수아_1세]가 <스페인>에 감금되는 사태가 벌어지자 <프랑스>는 왕을 석방하기 위해 일련의 외교적 노력을 기울였다. 특히 [오스만_투르크]의 [쉴레이만_대제]와 전례없는 기독교-[무슬림] 동맹이 맺어지고, [쉴레이만_대제]가 [카를_5세]에게 최후 통첩을 보내게 되자 이는 기독교 세계에 큰 충격을 주었다. [쉴레이만_대제]는 이를 이용하여 1526년 여름, [합스브루크]의 동맹국인 [헝가리]를 침공하였고, 1526년 8월 [모하치_전투](Battle of Moh?cs)에서 [헝가리] 연합군을 완파하였다. 이러한 모든 노력에도 불구하고, <프랑수아_1세_(프랑스)>는 <이탈리아>, <플랑드르>, [브르고뉴]를 모두 포기한다는 [마드리드_조약]에 동의한 뒤에야 풀려날수 있었다."}]}