{"paragraphs":[{"globalSId":[3229148],"wikiPageId":1032242,"questions":[{"e2St":42,"nlq":"<서울강북소방서> (이)라는 기관의 상위 기관은(는) [서울특별시_소방재난본부]인가요?","ansArr":["T","T","T"],"e1St":0,"ans":"T","e2En":56,"rel":"parentOrganisation","e1En":9,"e1":"<서울강북소방서>","qid":0,"e2":"[서울특별시_소방재난본부]"},{"e2St":30,"nlq":"[서울특별시]에 속한 일부 장소은(는) [강북구]인가요?","ansArr":["T","T","T"],"e1St":22,"ans":"T","e2En":35,"rel":"part","e1En":29,"e1":"[서울특별시]","qid":1,"e2":"[강북구]"}],"pIdx":1,"text":"<서울강북소방서>(서울江北消防署, )는 [서울특별시] [강북구]를 관할하는 [서울특별시_소방재난본부] 산하의 [소방서]이다."},{"globalSId":[1208484,1208485,1208486,1208487,1208488,1208489],"wikiPageId":190597,"questions":[{"e2St":40,"nlq":"<초트_로즈메리_홀>가 위치한 장소 (주, 도, 현)은(는) [코네티컷_주]인가요?","ansArr":["T","T","T"],"e1St":0,"ans":"T","e2En":48,"rel":"state","e1En":11,"e1":"<초트_로즈메리_홀>","qid":0,"e2":"[코네티컷_주]"},{"e2St":50,"nlq":"<초트_로즈메리_홀>가 위치한 행정 구역은(는) [월링퍼드_(코네티컷_주)]인가요?","ansArr":["T","T","T"],"e1St":0,"ans":"T","e2En":65,"rel":"city","e1En":11,"e1":"<초트_로즈메리_홀>","qid":1,"e2":"[월링퍼드_(코네티컷_주)]"},{"e2St":84,"nlq":"[코네티컷_주]의 국가은(는) [미국]인가요?","ansArr":["T","T","T"],"e1St":40,"ans":"T","e2En":86,"rel":"country","e1En":48,"e1":"[코네티컷_주]","qid":2,"e2":"[미국]"},{"e2St":84,"nlq":"[월링퍼드_(코네티컷_주)]의 국가은(는) [미국]인가요?","ansArr":["T","T","T"],"e1St":50,"ans":"T","e2En":86,"rel":"country","e1En":65,"e1":"[월링퍼드_(코네티컷_주)]","qid":3,"e2":"[미국]"}],"pIdx":1,"text":"<초트_로즈메리_홀>(Choate Rosemary Hall)은 [미국] [코네티컷_주]의 [월링퍼드_(코네티컷_주)]에 있는 사립 [고등학교]이다. ([미국] 학제에서 9~12학년에 해당하는 과정이다) 설립 연도는 [1890년]이고, [1971년]부터 남녀공학을 실시하고 있다. [미국]의 거의 모든 [주_(행정_구역)]에서, 그리고 세계 33개국으로부터 학생들이 오고 있다. (외국인 학생 수는 30%에 이른다) 입학 허가율은 24% 정도이다. <대한민국> 정치인 <홍정욱>과 미국 제35대 대통령 [존_F._케네디]가 졸업한 학교로 유명하다."},{"globalSId":[3384331,3384332],"wikiPageId":1144987,"questions":[{"e2St":69,"nlq":"[임진왜란]의 지휘관은(는) [이여송]인가요?","ansArr":["F","T","T"],"e1St":60,"ans":"T","e2En":74,"rel":"commander","e1En":66,"e1":"[임진왜란]","qid":0,"e2":"[이여송]"}],"pIdx":3,"text":"시조 [두교림](杜橋林)은 [명나라]에서 [기주자사](冀州刺史)를 지냈다. 그의 아들 [두사충](杜師忠)이 [임진왜란] 때 [이여송] 장군을 따라 구원군으로 [조선]에 들어와 [수륙지주주사](水陸指晝主事)로 활약한 뒤 [조선]에 정착하였다."},{"globalSId":[2215143],"wikiPageId":513075,"questions":[{"e2St":14,"nlq":"[퍼스트_항공] (이)라는 조직이나 단체의 본거지가 있거나 세워져 있는 구체적인 위치은(는) [일본]인가요?","ansArr":["T","T","T"],"e1St":0,"ans":"T","e2En":18,"rel":"headquarter","e1En":7,"e1":"[퍼스트_항공]","qid":0,"e2":"[일본]"},{"e2St":35,"nlq":"[퍼스트_항공] (이)라는 조직이나 단체의 본거지가 있거나 세워져 있는 구체적인 위치은(는) [야오_공항]인가요?","ansArr":["T","T","T"],"e1St":0,"ans":"T","e2En":42,"rel":"headquarter","e1En":7,"e1":"[퍼스트_항공]","qid":1,"e2":"[야오_공항]"}],"pIdx":1,"text":"[퍼스트_항공](, )은 [일본] [오사카_부] [야오_시]의 [야오_공항]을 본거지로 [소형_항공기]를 비롯해 [헬리콥터]를 운항하고 있으며 또한 부정기 항공 노선 사업이나 유람 비행, 조종 훈련, 항공사진 촬영, 광고 선전의 사업을 실시하고 있다."},{"globalSId":[435109,435110,435111],"wikiPageId":45781,"questions":[{"e2St":115,"nlq":"[다나카_가쿠에이]의 자녀은(는) [다나카_마키코]인가요?","ansArr":["T","T","T"],"e1St":93,"ans":"T","e2En":124,"rel":"child","e1En":103,"e1":"[다나카_가쿠에이]","qid":0,"e2":"[다나카_마키코]"}],"pIdx":2,"text":"[에도_시대]에는 [나가오카_번_(에치고노쿠니)]의 성시였고, 현재에 이르기까지 [니가타_현] 육지부의 중앙부인 [주에쓰](中越) 지방의 중심 도시로서 발전해 왔다. [다나카_가쿠에이] 전 총리와 그 딸인 [다나카_마키코] 전 외무대신의 [선거구]이기도 한다. 불꽃 왕국으로서 유명하고 시의 중심을 흐르는 [시나노_강]에서는 매년 [8월_13일]에 [나가오카_축제]가 열린다."},{"globalSId":[1877840,1877841],"wikiPageId":373571,"questions":[{"e2St":29,"nlq":"<매봉산_(경남)>가 위치한 곳의 전체 도로명 주소은(는) [경상남도]인가요?","ansArr":["T","T","T"],"e1St":0,"ans":"T","e2En":35,"rel":"address","e1En":10,"e1":"<매봉산_(경남)>","qid":0,"e2":"[경상남도]"},{"e2St":29,"nlq":"<매봉산_(경남)>가 위치한 행정 구역은(는) [경상남도]인가요?","ansArr":["T","T","T"],"e1St":0,"ans":"T","e2En":35,"rel":"locatedInArea","e1En":10,"e1":"<매봉산_(경남)>","qid":1,"e2":"[경상남도]"},{"e2St":36,"nlq":"<매봉산_(경남)>가 위치한 곳의 전체 도로명 주소은(는) [밀양시]인가요?","ansArr":["T","T","T"],"e1St":0,"ans":"T","e2En":41,"rel":"address","e1En":10,"e1":"<매봉산_(경남)>","qid":2,"e2":"[밀양시]"},{"e2St":42,"nlq":"<매봉산_(경남)>가 위치한 곳의 전체 도로명 주소은(는) [삼랑진읍]인가요?","ansArr":["T","T","T"],"e1St":0,"ans":"T","e2En":48,"rel":"address","e1En":10,"e1":"<매봉산_(경남)>","qid":3,"e2":"[삼랑진읍]"},{"e2St":207,"nlq":"<매봉산_(경남)>가 위치한 곳의 전체 도로명 주소은(는) <삼랑진읍>인가요?","ansArr":["T","T","T"],"e1St":0,"ans":"T","e2En":213,"rel":"address","e1En":10,"e1":"<매봉산_(경남)>","qid":4,"e2":"<삼랑진읍>"},{"e2St":207,"nlq":"[천태산_(경상남도)]가 위치한 곳의 전체 도로명 주소은(는) <삼랑진읍>인가요?","ansArr":["F","F","F"],"e1St":130,"ans":"F","e2En":213,"rel":"address","e1En":142,"e1":"[천태산_(경상남도)]","qid":5,"e2":"<삼랑진읍>"}],"pIdx":1,"text":"<매봉산_(경남)>(妹峰山, 鷹峰山)은 [대한민국] [경상남도] [밀양시] [삼랑진읍] [송지리] [신천마을]과 [삼랑리(낙동)]에 걸쳐 있는 높이 283.7m의 [산]이다. [만어산], [구천산], [금오산_(경남_밀양\/양산)], [천태산_(경상남도)] 등 [삼랑진]을 에워싸고 있는 다른 산에 비하면 나지막하지만 [삼랑진] 관내 학교 교가에 빠지지 않고 들어갈 만큼 <삼랑진읍>을 상징하는 산이라 할 수 있다."}]}