{"paragraphs":[{"globalSId":[2642697,2642698,2642699,2642700,2642701,2642702,2642703],"wikiPageId":717487,"questions":[{"e2St":337,"nlq":"[갈릴레오_갈릴레이]가 알려진 일, 역사적인 사건 등. 사람, 조직, 집중력 캠프 등은(는) [태양중심설]인가요?","ansArr":["T","T","T"],"e1St":313,"ans":"T","e2En":344,"rel":"knownFor","e1En":324,"e1":"[갈릴레오_갈릴레이]","qid":0,"e2":"[태양중심설]"}],"pIdx":23,"text":"[회의주의]. 과학자의 학설이나 주장은 받아들여지기 전에 논리적이고 경험적인 기준에 기반한 검증을 거쳐야한다. 이러한 태도는 [보편주의]와 [공유주의]· [이해중립성]의 규범을 실현하는 방법론이다. 특히 <회의주의>는 과학이 다른 사회체계와 충돌을 일으키는 원인을 제공하는데, 이는 과학의 검증 대상에 특정 사회나 종교에서 진리로서 받아들이는 명제들이 포함되기 때문이다. 만약 과학이 철저한 검증을 통하여 명제들이 틀렸음을 보인다면, 자신의 영역을 침해받은 사회나 종교집단은 극렬하게 저항할 것이다. 예를 들어 [16세기] 유럽에서 [니콜라스_코페르니쿠스]와 [갈릴레오_갈릴레이]를 비롯한 천문학자들이 [태양중심설]을 주장했을 때, 기독교는 교리에 어긋난다는 이유로 [태양중심설]을 탄압하였다. 그리고 생물학자들이 [진화론]을 제창하자, 신(神)이 생명체를 창조했다고 믿는 일부 기독교인들은 크게 반발하였다."},{"globalSId":[3866458,3866459],"wikiPageId":1641719,"questions":[{"e2St":42,"nlq":"[서울특별시]에 속한 일부 장소은(는) [종로구]인가요?","ansArr":["T","T","T"],"e1St":34,"ans":"T","e2En":47,"rel":"part","e1En":41,"e1":"[서울특별시]","qid":0,"e2":"[종로구]"},{"e2St":70,"nlq":"[통일신라] (이)라는 사람, 단체 또는 종교적 건물과 연관된 종교은(는) [불교]인가요?","ansArr":["T","T","T"],"e1St":62,"ans":"T","e2En":73,"rel":"religion","e1En":68,"e1":"[통일신라]","qid":1,"e2":"[불교]"}],"pIdx":1,"text":"[전송림사출토_청동불구_일괄](傳松林寺出土 靑銅佛具 一括)은 [서울특별시] [종로구] [서울역사박물관]에 있는 [통일신라]의 [불교] 공예품이다. [2003년] [9월] [5일] [서울특별시의_유형문화재] 제167호로 지정되었다."},{"globalSId":[3626009],"wikiPageId":1353891,"questions":[{"e2St":9,"nlq":"[뒤르비]의 국가은(는) [벨기에]인가요?","ansArr":["T","T","T"],"e1St":0,"ans":"T","e2En":14,"rel":"country","e1En":4,"e1":"[뒤르비]","qid":0,"e2":"[벨기에]"}],"pIdx":1,"text":"[뒤르비]()는 [벨기에] [왈롱] [뤽상부르_주]에 위치한 도시로 면적은 156.61㎢, 인구는 11,207명([2013년] [1월] [1일] 기준), 인구 밀도는 72명\/㎢이다.."},{"globalSId":[3450831,3450832],"wikiPageId":1210959,"questions":[{"e2St":29,"nlq":"[청나라]의 지도자은(는) [강희제]인가요?","ansArr":["T","T","T"],"e1St":20,"ans":"T","e2En":34,"rel":"leaderName","e1En":25,"e1":"[청나라]","qid":0,"e2":"[강희제]"}],"pIdx":1,"text":"《<전당시>》(全唐詩)는, [중국] [청나라](淸) [강희제](康熙帝)의 칙명에 따라 [팽정구](彭定求) 등이 [당시](唐詩)를 모아 엮은 [한시집]이다. 전900권으로 목록 12권에 [보유](補遺) 6권과 [사](詞) 12권이 있다."},{"globalSId":[1551958,1551959,1551960],"wikiPageId":276535,"questions":[{"e2St":191,"nlq":"[고려_우왕]의 후임자은(는) [고려_창왕]인가요?","ansArr":["T","T","T"],"e1St":178,"ans":"T","e2En":198,"rel":"successor","e1En":185,"e1":"[고려_우왕]","qid":0,"e2":"[고려_창왕]"}],"pIdx":6,"text":"[이색]도 역시 [창]을 옹립하려고 당연히 전 왕의 아들로 왕을 삼아야 한다고 응답했다. [조선_태조]가 <조민수>에게, 회군 때 했던 말은 어떻게 되었는가하고 힐문하자 <조민수>가 얼굴빛이 변하며, [이색]이 이미 원자를 세우기로 결정했으니 어찌 어길 수 있겠는가라고 변명하며 결국 [창]을 왕으로 옹립했다. 이렇게 [고려_우왕]을 폐하고 [고려_창왕]을 세우는 데 중요구실을 하여 [충근양절선위동덕안사공신](忠勤亮節宣威同德安社功臣)에 [양광전라경상서해교주도도통사](楊廣全羅慶尙西海交州道都統使)가 되었다."},{"globalSId":[4007577,4007578,4007579],"wikiPageId":1775878,"questions":[{"e2St":85,"nlq":"[맨체스터_시티_FC] (이)라는 동영상, 영화, 비디오 게임 또는 그와 유사한 작품의 제작을 감독한 사람은(는) [주제프_과르디올라]인가요?","ansArr":["T","T","T"],"e1St":48,"ans":"T","e2En":96,"rel":"director","e1En":60,"e1":"[맨체스터_시티_FC]","qid":0,"e2":"[주제프_과르디올라]"},{"e2St":171,"nlq":"[주제프_과르디올라]가 현재나 과거에 활동했던 스포츠 팀은(는) <맨체스터_시티_FC>인가요?","ansArr":["T","T","T"],"e1St":85,"ans":"T","e2En":183,"rel":"team","e1En":96,"e1":"[주제프_과르디올라]","qid":1,"e2":"<맨체스터_시티_FC>"},{"e2St":171,"nlq":"[주제프_과르디올라] (이)라는 운동선수가 관리, 감독하는 스포츠 팀은(는) <맨체스터_시티_FC>인가요?","ansArr":["T","T","T"],"e1St":85,"ans":"T","e2En":183,"rel":"managerClub","e1En":96,"e1":"[주제프_과르디올라]","qid":2,"e2":"<맨체스터_시티_FC>"}],"pIdx":2,"text":"[2017년_5월,] [베르나르도_실바]는 공식 발표를 통해 [AS_모나코_FC]에서 [맨체스터_시티_FC]로의 이적을 확정하였는데, 그는 인터뷰에서 \"[주제프_과르디올라] 감독은 세계 최고의 감독 중 하나다. [과르디올라] 감독과 함께 훈련할 기회가 온다면 그 누구도 거절하지 못할 것\" 이라고 밝혔다. <맨체스터_시티_FC>에 새로 합류하게 된 그는 등번호 20번을 부여 받았으며, [7월_1일] 공식 합류한다."},{"globalSId":[407552],"wikiPageId":43203,"questions":[{"e2St":84,"nlq":"[김장생]의 자녀은(는) [김집_(1574년)]인가요?","ansArr":["T","T","T"],"e1St":3,"ans":"T","e2En":96,"rel":"child","e1En":8,"e1":"[김장생]","qid":0,"e2":"[김집_(1574년)]"}],"pIdx":19,"text":"그는 [김장생]으로부터 《근사록(近思錄)》·《심경(心經)》·《가례(家禮)》 등을 배웠고, [1641년] [김장생]이 작고하자 다시 그의 아들인 신독재 [김집_(1574년)]을 스승으로 받들고 수학하였는데, 이때부터 전적으로 주자의 글을 읽으며 주자의 예학대로 생활하였다."},{"globalSId":[1551955,1551956,1551957],"wikiPageId":276535,"questions":[{"e2St":98,"nlq":"[위화도_회군]의 지휘관은(는) [배극렴]인가요?","ansArr":["F","F","T"],"e1St":57,"ans":"F","e2En":103,"rel":"commander","e1En":65,"e1":"[위화도_회군]","qid":0,"e2":"[배극렴]"},{"e2St":110,"nlq":"[위화도_회군]의 지휘관은(는) <조민수>인가요?","ansArr":["T","T","T"],"e1St":57,"ans":"T","e2En":115,"rel":"commander","e1En":65,"e1":"[위화도_회군]","qid":1,"e2":"<조민수>"},{"e2St":98,"nlq":"[이인임]의 친척은(는) [배극렴]인가요?","ansArr":["T","T","F"],"e1St":70,"ans":"T","e2En":103,"rel":"relative","e1En":75,"e1":"[이인임]","qid":2,"e2":"[배극렴]"},{"e2St":110,"nlq":"[이인임]의 친척은(는) <조민수>인가요?","ansArr":["T","T","T"],"e1St":70,"ans":"T","e2En":115,"rel":"relative","e1En":75,"e1":"[이인임]","qid":3,"e2":"<조민수>"},{"e2St":163,"nlq":"[이인임]의 친척은(는) [이림]인가요?","ansArr":["T","T","T"],"e1St":70,"ans":"T","e2En":167,"rel":"relative","e1En":75,"e1":"[이인임]","qid":4,"e2":"[이림]"},{"e2St":163,"nlq":"<이인임>의 친척은(는) [이림]인가요?","ansArr":["T","T","T"],"e1St":125,"ans":"T","e2En":167,"rel":"relative","e1En":130,"e1":"<이인임>","qid":5,"e2":"[이림]"}],"pIdx":5,"text":"[1388년] [요동정벌군]의 [좌군도통사](左軍都統使)로 출정하였다가 [조선_태조](李成桂)와 함께 [위화도_회군]하였다. [이인임](李仁任)의 아버지의 사촌 누이의 아들이 [배극렴](裵克廉)과 <조민수>인데 <조민수>는 <이인임>이 자신을 천거해 준 은혜를 생각하여 [이인임]의 외형제인 [이림](李琳)의 딸인 [근비](謹妃)의 아들되는 [왕창](王昌)을 세우려고 마음먹었다. 장수들이 자기의 뜻을 어기고 [왕씨]를 세울까 우려해 당시 명망있는 유학자였던 <서천군>(韓山君) [이색](李穡)의 말을 끌어대보려고 은밀히 [이색]에게 물었다."}]}