{"result":[{"verbs":[],"text":"[카본](Carbon)은 [애플_(기업)]의 [매킨토시] [운영_체제]를 위한 절차적 [API]이다."},{"verbs":[{"word_id":5,"ancestor":["1-0"],"verb":"제공","cwStateCd":"FIXED","cwSelIdx":0}],"text":"[C_(프로그래밍_언어)]의 접근을 [매킨토시] 시스템 서비스에 제공한다."},{"verbs":[{"word_id":6,"ancestor":"-2","verb":"제공","cwStateCd":"FIXED","cwSelIdx":[]},{"word_id":7,"ancestor":"-2","verb":"오래","cwStateCd":"FIXED","cwSelIdx":[]},{"word_id":12,"ancestor":"-2","verb":"동작","cwStateCd":"FIXED","cwSelIdx":[]},{"word_id":15,"ancestor":"-2","verb":"만들","cwStateCd":"FIXED","cwSelIdx":[]}],"text":"[카본]은 어느 정도의 하위 호환성을 [컴퓨터_프로그램]에 제공하여 오래된 운영 체제인 [맥_OS_8]와 [맥_OS_9]에서도 동작할 수 있게 만들어 준다."},{"verbs":[{"word_id":1,"ancestor":"-2","verb":"이러하","cwStateCd":"FIXED","cwSelIdx":[]},{"word_id":7,"ancestor":"-2","verb":"출시","cwStateCd":"FIXED","cwSelIdx":[]},{"word_id":9,"ancestor":"-2","verb":"활발하","cwStateCd":"FIXED","cwSelIdx":[]},{"word_id":11,"ancestor":"-2","verb":"없","cwStateCd":"FIXED","cwSelIdx":[]}],"text":"그러나 이러한 시스템들은 [애플]이 [2001년_12월]에 [OS_9] 업데이트를 출시한 뒤에 활발한 지원은 없는 상태였다."}],"globalSId":[2634752,2634753,2634754,2634755],"entities":[{"st":0,"eIdx":0,"ancestor":"-2","en":3,"cwStateCd":"FIXED","ne_type":"ETC","cwSelIdx":[],"type":"ENTITY","keyword":"[카본]","e_type":"NEW"},{"st":14,"eIdx":1,"ancestor":"","en":23,"ne_type":"","keyword":"[애플_(기업)]","e_type":"WIKILINK"},{"st":25,"eIdx":2,"ancestor":"","en":31,"ne_type":"","keyword":"[매킨토시]","e_type":"WIKILINK"},{"st":32,"eIdx":3,"ancestor":"","en":39,"ne_type":"","keyword":"[운영_체제]","e_type":"WIKILINK"},{"st":48,"eIdx":4,"ancestor":"","en":53,"ne_type":"","keyword":"[API]","e_type":"WIKILINK"},{"st":57,"eIdx":5,"ancestor":"","en":71,"ne_type":"","keyword":"[C_(프로그래밍_언어)]","e_type":"WIKILINK"},{"st":77,"eIdx":6,"ancestor":"1-2","en":82,"cwStateCd":"FIXED","ne_type":"ETC","cwSelIdx":2,"type":"ENTITY","keyword":"[매킨토시]","e_type":"NEW"},{"st":99,"eIdx":7,"ancestor":"1-0","en":102,"cwStateCd":"FIXED","ne_type":"ETC","cwSelIdx":0,"type":"ENTITY","keyword":"[카본]","e_type":"NEW"},{"st":120,"eIdx":8,"ancestor":"","en":130,"ne_type":"","keyword":"[컴퓨터_프로그램]","e_type":"WIKILINK"},{"st":148,"eIdx":9,"ancestor":"","en":156,"ne_type":"","keyword":"[맥_OS_8]","e_type":"WIKILINK"},{"st":158,"eIdx":10,"ancestor":"","en":166,"ne_type":"","keyword":"[맥_OS_9]","e_type":"WIKILINK"},{"st":201,"eIdx":11,"ancestor":"1-1","en":204,"cwStateCd":"FIXED","ne_type":"ORGANIZATION","cwSelIdx":1,"type":"ENTITY","keyword":"[애플]","e_type":"NEW"},{"st":207,"eIdx":12,"ancestor":"-2","en":217,"cwStateCd":"FIXED","ne_type":"TIME","cwSelIdx":[],"type":"ENTITY","keyword":"[2001년_12월]","e_type":"NEW"},{"st":220,"eIdx":13,"ancestor":"1-10","en":225,"cwStateCd":"FIXED","ne_type":"ETC","cwSelIdx":24,"type":"ENTITY","keyword":"[OS_9]","e_type":"NEW"}],"wikiPageId":713705,"pIdx":1,"text":"[카본](Carbon)은 [애플_(기업)]의 [매킨토시] [운영_체제]를 위한 절차적 [API]이다. [C_(프로그래밍_언어)]의 접근을 [매킨토시] 시스템 서비스에 제공한다. [카본]은 어느 정도의 하위 호환성을 [컴퓨터_프로그램]에 제공하여 오래된 운영 체제인 [맥_OS_8]와 [맥_OS_9]에서도 동작할 수 있게 만들어 준다. 그러나 이러한 시스템들은 [애플]이 [2001년_12월]에 [OS_9] 업데이트를 출시한 뒤에 활발한 지원은 없는 상태였다."}