{"result":[{"verbs":[{"word_id":9,"ancestor":["3-0"],"verb":"유래","cwStateCd":"FIXED","cwSelIdx":1},{"word_id":19,"ancestor":"-2","verb":"설정","cwStateCd":"FIXED","cwSelIdx":[]}],"text":"제목인 [헬싱]은 [브램_스토커]의 공포 소설 《[드라큘라]》의 등장인물 [에이브러햄_반_헬싱] 교수로부터 유래한 것으로, [헬싱] 교수의 자손이 주인공 가운데 한 명인 [인테그라]로 설정되어 있다."},{"verbs":[{"word_id":0,"ancestor":"-1","verb":"덧붙이","cwStateCd":"FIXED","cwSelIdx":[]},{"word_id":10,"ancestor":"-2","verb":"다르","cwStateCd":"FIXED","cwSelIdx":[]}],"text":"덧붙여 <드라큘라>의 [헬싱] 교수의 이름 철자는 \u2018Helsing\u2019로, 작품명 [\u2018HELLSING\u2019]와는 철자가 다르다."}],"globalSId":[822223,822224],"entities":[{"st":4,"eIdx":0,"ancestor":"1-0","en":7,"cwStateCd":"FIXED","ne_type":"ETC","cwSelIdx":0,"type":"ENTITY","keyword":"[헬싱]","e_type":"NEW"},{"st":10,"eIdx":1,"ancestor":"","en":18,"ne_type":"","keyword":"[브램_스토커]","e_type":"WIKILINK"},{"st":27,"eIdx":2,"ancestor":"","en":33,"ne_type":"","keyword":"[드라큘라]","e_type":"WIKILINK"},{"st":41,"eIdx":3,"ancestor":"3-0","en":52,"cwStateCd":"FIXED","ne_type":"PERSON","cwSelIdx":1,"type":"ENTITY","keyword":"[에이브러햄_반_헬싱]","e_type":"NEW"},{"st":69,"eIdx":4,"ancestor":"3-3","en":72,"cwStateCd":"FIXED","ne_type":"PERSON","cwSelIdx":7,"type":"ENTITY","keyword":"[헬싱]","e_type":"NEW"},{"st":95,"eIdx":5,"ancestor":"-2","en":100,"cwStateCd":"FIXED","ne_type":"PERSON","cwSelIdx":[],"type":"ENTITY","keyword":"[인테그라]","e_type":"NEW"},{"st":116,"eIdx":6,"ancestor":"","en":122,"ne_type":"","keyword":"<드라큘라>","e_type":"ELU"},{"st":124,"eIdx":7,"ancestor":"3-3","en":127,"cwStateCd":"FIXED","ne_type":"PERSON","cwSelIdx":7,"type":"ENTITY","keyword":"[헬싱]","e_type":"NEW"},{"st":156,"eIdx":8,"ancestor":"-2","en":167,"cwStateCd":"FIXED","ne_type":"ETC","cwSelIdx":[],"type":"ENTITY","keyword":"[\u2018HELLSING\u2019]","e_type":"NEW"}],"wikiPageId":111361,"pIdx":3,"text":"제목인 [헬싱]은 [브램_스토커]의 공포 소설 《[드라큘라]》의 등장인물 [에이브러햄_반_헬싱] 교수로부터 유래한 것으로, [헬싱] 교수의 자손이 주인공 가운데 한 명인 [인테그라]로 설정되어 있다. 덧붙여 <드라큘라>의 [헬싱] 교수의 이름 철자는 \u2018Helsing\u2019로, 작품명 [\u2018HELLSING\u2019]와는 철자가 다르다."}