{"result":[{"verbs":[{"word_id":4,"ancestor":["1-0"],"verb":"있","cwStateCd":"FIXED","cwSelIdx":0},{"word_id":10,"ancestor":["1-0"],"verb":"안치","cwStateCd":"FIXED","cwSelIdx":0}],"text":"[금수산태양궁전](錦繡山太陽宮殿)은 [조선민주주의인민공화국]의 수도 [평양직할시]에 있는 [김일성] 주석과 [김정일] 국방위원장의 시신이 안치된 건물이다."},{"verbs":[{"word_id":5,"ancestor":["1-5"],"verb":"사용","cwStateCd":"FIXED","cwSelIdx":14},{"word_id":8,"ancestor":["1-0"],"verb":"전시","cwStateCd":"FIXED","cwSelIdx":0}],"text":"궁전 내부에는 <김일성>의 유품이나 생전에 사용했던 열차의 일부를 전시하고 있다."}],"globalSId":[464069,464070],"entities":[{"st":0,"eIdx":0,"ancestor":"-2","en":8,"cwStateCd":"FIXED","ne_type":"LOCATION","cwSelIdx":[],"type":"ENTITY","keyword":"[금수산태양궁전]","e_type":"NEW"},{"st":20,"eIdx":1,"ancestor":"","en":33,"ne_type":"","keyword":"[조선민주주의인민공화국]","e_type":"WIKILINK"},{"st":38,"eIdx":2,"ancestor":"","en":45,"ne_type":"","keyword":"[평양직할시]","e_type":"WIKILINK"},{"st":50,"eIdx":3,"ancestor":"","en":55,"ne_type":"","keyword":"[김일성]","e_type":"WIKILINK"},{"st":60,"eIdx":4,"ancestor":"","en":65,"ne_type":"","keyword":"[김정일]","e_type":"WIKILINK"},{"st":95,"eIdx":5,"ancestor":"","en":100,"ne_type":"","keyword":"<김일성>","e_type":"ELU"}],"wikiPageId":49657,"pIdx":1,"text":"[금수산태양궁전](錦繡山太陽宮殿)은 [조선민주주의인민공화국]의 수도 [평양직할시]에 있는 [김일성] 주석과 [김정일] 국방위원장의 시신이 안치된 건물이다. 궁전 내부에는 <김일성>의 유품이나 생전에 사용했던 열차의 일부를 전시하고 있다."}