{"result":[{"verbs":[{"word_id":5,"ancestor":["1-0"],"verb":"있","cwStateCd":"FIXED","cwSelIdx":0}],"text":"<상당구>(上黨區)는 [대한민국] [충청북도] [청주시] 동남부에 있는 [구_(행정_구역)]이다."},{"verbs":[{"word_id":5,"ancestor":["1-0"],"verb":"위치","cwStateCd":"FIXED","cwSelIdx":0}],"text":"<청주시>의 구도심 지역으로, [충청북도]과 <청주시>이 위치한다."},{"verbs":[],"text":"구 명칭은 [백제] 때 [청주]의 옛 이름인 <서원경>(上黨縣)과 [상당산성]에서 따왔다."}],"globalSId":[791401,791402,791403],"entities":[{"st":0,"eIdx":0,"ancestor":"","en":5,"ne_type":"","keyword":"<상당구>","e_type":"ELU"},{"st":12,"eIdx":1,"ancestor":"","en":18,"ne_type":"","keyword":"[대한민국]","e_type":"WIKILINK"},{"st":19,"eIdx":2,"ancestor":"","en":25,"ne_type":"","keyword":"[충청북도]","e_type":"WIKILINK"},{"st":26,"eIdx":3,"ancestor":"","en":31,"ne_type":"","keyword":"[청주시]","e_type":"WIKILINK"},{"st":40,"eIdx":4,"ancestor":"","en":51,"ne_type":"","keyword":"[구_(행정_구역)]","e_type":"WIKILINK"},{"st":55,"eIdx":5,"ancestor":"","en":60,"ne_type":"","keyword":"<청주시>","e_type":"ELU"},{"st":72,"eIdx":6,"ancestor":"","en":78,"ne_type":"","keyword":"[충청북도]","e_type":"WIKILINK"},{"st":80,"eIdx":7,"ancestor":"","en":85,"ne_type":"","keyword":"<청주시>","e_type":"ELU"},{"st":99,"eIdx":8,"ancestor":"","en":103,"ne_type":"","keyword":"[백제]","e_type":"WIKILINK"},{"st":106,"eIdx":9,"ancestor":"1-5","en":109,"cwStateCd":"FIXED","ne_type":"LOCATION","cwSelIdx":7,"type":"ENTITY","keyword":"[청주]","e_type":"NEW"},{"st":118,"eIdx":10,"ancestor":"","en":123,"ne_type":"","keyword":"<서원경>","e_type":"ELU"},{"st":130,"eIdx":11,"ancestor":"","en":136,"ne_type":"","keyword":"[상당산성]","e_type":"WIKILINK"}],"wikiPageId":105573,"pIdx":1,"text":"<상당구>(上黨區)는 [대한민국] [충청북도] [청주시] 동남부에 있는 [구_(행정_구역)]이다. <청주시>의 구도심 지역으로, [충청북도]과 <청주시>이 위치한다. 구 명칭은 [백제] 때 [청주]의 옛 이름인 <서원경>(上黨縣)과 [상당산성]에서 따왔다."}