{"result":[{"verbs":[{"word_id":8,"ancestor":["1-0"],"verb":"관할","cwStateCd":"FIXED","cwSelIdx":0}],"text":"[대구_수성구_갑]은 [대한민국_국회]의 국회의원이 대표하는 지역구로, [대구광역시] [수성구] 일부를 관할한다."},{"verbs":[{"word_id":3,"ancestor":"-1","verb":"더","cwStateCd":"FIXED","cwSelIdx":[]}],"text":"현 지역구 국회의원은 [더불어민주당]의 [김부겸] (4선, [2016년]~)이다."}],"globalSId":[3981470,3981471],"entities":[{"st":0,"eIdx":0,"ancestor":"-2","en":9,"cwStateCd":"FIXED","ne_type":"ETC","cwSelIdx":[],"type":"ENTITY","keyword":"[대구_수성구_갑]","e_type":"NEW"},{"st":12,"eIdx":1,"ancestor":"","en":21,"ne_type":"","keyword":"[대한민국_국회]","e_type":"WIKILINK"},{"st":40,"eIdx":2,"ancestor":"","en":47,"ne_type":"","keyword":"[대구광역시]","e_type":"WIKILINK"},{"st":48,"eIdx":3,"ancestor":"","en":53,"ne_type":"","keyword":"[수성구]","e_type":"WIKILINK"},{"st":76,"eIdx":4,"ancestor":"","en":84,"ne_type":"","keyword":"[더불어민주당]","e_type":"WIKILINK"},{"st":86,"eIdx":5,"ancestor":"","en":91,"ne_type":"","keyword":"[김부겸]","e_type":"WIKILINK"},{"st":97,"eIdx":6,"ancestor":"-1","en":103,"cwStateCd":"FIXED","ne_type":"TIME","cwSelIdx":[],"type":"ENTITY","keyword":"[2016년]","e_type":"NEW"}],"wikiPageId":1757308,"pIdx":1,"text":"[대구_수성구_갑]은 [대한민국_국회]의 국회의원이 대표하는 지역구로, [대구광역시] [수성구] 일부를 관할한다. 현 지역구 국회의원은 [더불어민주당]의 [김부겸] (4선, [2016년]~)이다."}