{"result":[{"verbs":[{"word_id":3,"ancestor":["1-0"],"verb":"위치","cwStateCd":"FIXED","cwSelIdx":0},{"word_id":12,"ancestor":"-2","verb":"위치","cwStateCd":"FIXED","cwSelIdx":[]}],"text":"<차성교통>(車成交通)은 [부산광역시] [기장군]의 위치하는 [마을버스] 운송 업체이고, 본사는 <부산광역시> [기장군] [기장읍] [대청로13번길_65]에 위치해 있다."},{"verbs":[{"word_id":3,"ancestor":"-2","verb":"위치","cwStateCd":"FIXED","cwSelIdx":[]},{"word_id":5,"ancestor":["1-10"],"verb":"있","cwStateCd":"FIXED","cwSelIdx":18}],"text":"계열사로는 [경상남도] [양산시]에 위치한 [웅상교통]이 있다."}],"globalSId":[2493747,2493748],"entities":[{"st":0,"eIdx":0,"ancestor":"","en":6,"ne_type":"","keyword":"<차성교통>","e_type":"ELU"},{"st":14,"eIdx":1,"ancestor":"","en":21,"ne_type":"","keyword":"[부산광역시]","e_type":"WIKILINK"},{"st":22,"eIdx":2,"ancestor":"","en":27,"ne_type":"","keyword":"[기장군]","e_type":"WIKILINK"},{"st":34,"eIdx":3,"ancestor":"","en":40,"ne_type":"","keyword":"[마을버스]","e_type":"WIKILINK"},{"st":54,"eIdx":4,"ancestor":"","en":61,"ne_type":"","keyword":"<부산광역시>","e_type":"ELU"},{"st":63,"eIdx":5,"ancestor":"1-2","en":64,"cwStateCd":"FIXED","ne_type":"LOCATION","cwSelIdx":2,"type":"ENTITY","keyword":"기장군","e_type":"NEW"},{"st":68,"eIdx":6,"ancestor":"","en":73,"ne_type":"","keyword":"[기장읍]","e_type":"WIKILINK"},{"st":75,"eIdx":7,"ancestor":"-2","en":83,"cwStateCd":"FIXED","ne_type":"LOCATION","cwSelIdx":[],"type":"ENTITY","keyword":"대청로13번길_65","e_type":"NEW"},{"st":102,"eIdx":8,"ancestor":"","en":108,"ne_type":"","keyword":"[경상남도]","e_type":"WIKILINK"},{"st":109,"eIdx":9,"ancestor":"","en":114,"ne_type":"","keyword":"[양산시]","e_type":"WIKILINK"},{"st":120,"eIdx":10,"ancestor":"","en":126,"ne_type":"","keyword":"[웅상교통]","e_type":"WIKILINK"}],"wikiPageId":644629,"pIdx":1,"text":"<차성교통>(車成交通)은 [부산광역시] [기장군]의 위치하는 [마을버스] 운송 업체이고, 본사는 <부산광역시> [기장군] [기장읍] [대청로13번길_65]에 위치해 있다. 계열사로는 [경상남도] [양산시]에 위치한 [웅상교통]이 있다."}