{"result":[{"verbs":[{"word_id":8,"ancestor":["1-0"],"verb":"잇","cwStateCd":"FIXED","cwSelIdx":0}],"text":"<용산선>(龍山線)은 [대한민국]의 [서울특별시] [용산구]의 [용산역]과 [서울특별시] [서대문구]의 [가좌역]을 잇는 철도 노선이다."},{"verbs":[{"word_id":2,"ancestor":["1-0"],"verb":"지하","cwStateCd":"FIXED","cwSelIdx":0},{"word_id":6,"ancestor":["1-8"],"verb":"운행","cwStateCd":"FIXED","cwSelIdx":16}],"text":"현재는 일부 지하화되어 전 구간 [수도권_전철]이 운행되고 있다."}],"globalSId":[757602,757603],"entities":[{"st":0,"eIdx":0,"ancestor":"","en":5,"ne_type":"","keyword":"<용산선>","e_type":"ELU"},{"st":12,"eIdx":1,"ancestor":"","en":18,"ne_type":"","keyword":"[대한민국]","e_type":"WIKILINK"},{"st":20,"eIdx":2,"ancestor":"","en":27,"ne_type":"","keyword":"[서울특별시]","e_type":"WIKILINK"},{"st":28,"eIdx":3,"ancestor":"","en":33,"ne_type":"","keyword":"[용산구]","e_type":"WIKILINK"},{"st":35,"eIdx":4,"ancestor":"","en":40,"ne_type":"","keyword":"[용산역]","e_type":"WIKILINK"},{"st":42,"eIdx":5,"ancestor":"","en":49,"ne_type":"","keyword":"[서울특별시]","e_type":"WIKILINK"},{"st":50,"eIdx":6,"ancestor":"","en":56,"ne_type":"","keyword":"[서대문구]","e_type":"WIKILINK"},{"st":58,"eIdx":7,"ancestor":"","en":63,"ne_type":"","keyword":"[가좌역]","e_type":"WIKILINK"},{"st":95,"eIdx":8,"ancestor":"","en":103,"ne_type":"","keyword":"[수도권_전철]","e_type":"WIKILINK"}],"wikiPageId":100044,"pIdx":1,"text":"<용산선>(龍山線)은 [대한민국]의 [서울특별시] [용산구]의 [용산역]과 [서울특별시] [서대문구]의 [가좌역]을 잇는 철도 노선이다. 현재는 일부 지하화되어 전 구간 [수도권_전철]이 운행되고 있다."}