{"result":[{"verbs":[{"word_id":5,"ancestor":["1-0"],"verb":"위치","cwStateCd":"FIXED","cwSelIdx":0}],"text":"<공산동>(松亭洞)은 [대한민국] [경상북도] [구미시] 최중심부에 위치한 [동_(행정_구역)]이다."}],"globalSId":[2831907],"entities":[{"st":0,"eIdx":0,"ancestor":"","en":5,"ne_type":"","keyword":"<공산동>","e_type":"ELU"},{"st":12,"eIdx":1,"ancestor":"","en":18,"ne_type":"","keyword":"[대한민국]","e_type":"WIKILINK"},{"st":19,"eIdx":2,"ancestor":"","en":25,"ne_type":"","keyword":"[경상북도]","e_type":"WIKILINK"},{"st":26,"eIdx":3,"ancestor":"","en":31,"ne_type":"","keyword":"[구미시]","e_type":"WIKILINK"},{"st":42,"eIdx":4,"ancestor":"","en":53,"ne_type":"","keyword":"[동_(행정_구역)]","e_type":"WIKILINK"}],"wikiPageId":808949,"pIdx":1,"text":"<공산동>(松亭洞)은 [대한민국] [경상북도] [구미시] 최중심부에 위치한 [동_(행정_구역)]이다."}