{"result":[{"verbs":[{"word_id":4,"ancestor":["3-0"],"verb":"속","cwStateCd":"FIXED","cwSelIdx":0}],"text":"<평양_조씨>는 [고려] 후기 <친원파>에 속하여, [조인규](趙仁規)는 [원나라]에 유학하였다."},{"verbs":[{"word_id":4,"ancestor":"-1","verb":"같","cwStateCd":"FIXED","cwSelIdx":[]},{"word_id":6,"ancestor":["3-5"],"verb":"제거","cwStateCd":"FIXED","cwSelIdx":9},{"word_id":8,"ancestor":["3-5"],"verb":"독점","cwStateCd":"FIXED","cwSelIdx":9}],"text":"후손 [조일신]도 친원적인 인물이지만 같은 <친원파>를 제거하여 권력을 독점하기도 하였다."}],"globalSId":[2303082,2303083],"entities":[{"st":0,"eIdx":0,"ancestor":"","en":7,"ne_type":"","keyword":"<평양_조씨>","e_type":"ELU"},{"st":9,"eIdx":1,"ancestor":"","en":13,"ne_type":"","keyword":"[고려]","e_type":"WIKILINK"},{"st":17,"eIdx":2,"ancestor":"","en":22,"ne_type":"","keyword":"<친원파>","e_type":"ELU"},{"st":29,"eIdx":3,"ancestor":"","en":34,"ne_type":"","keyword":"[조인규]","e_type":"WIKILINK"},{"st":41,"eIdx":4,"ancestor":"","en":46,"ne_type":"","keyword":"[원나라]","e_type":"WIKILINK"},{"st":58,"eIdx":5,"ancestor":"-1","en":62,"cwStateCd":"FIXED","ne_type":"PERSON","cwSelIdx":[],"type":"ENTITY","keyword":"[조일신]","e_type":"NEW"},{"st":79,"eIdx":6,"ancestor":"","en":84,"ne_type":"","keyword":"<친원파>","e_type":"ELU"}],"wikiPageId":558383,"pIdx":3,"text":"<평양_조씨>는 [고려] 후기 <친원파>에 속하여, [조인규](趙仁規)는 [원나라]에 유학하였다. 후손 [조일신]도 친원적인 인물이지만 같은 <친원파>를 제거하여 권력을 독점하기도 하였다."}