{"result":[{"verbs":[{"word_id":4,"ancestor":["1-0"],"verb":"위치","cwStateCd":"FIXED","cwSelIdx":0}],"text":"[중산신도시]는 [대한민국] [경상북도] [경산시]에 위치한 도시다."}],"globalSId":[3979118],"entities":[{"st":0,"eIdx":0,"ancestor":"-2","en":6,"cwStateCd":"FIXED","ne_type":"LOCATION","cwSelIdx":[],"type":"ENTITY","keyword":"[중산신도시]","e_type":"NEW"},{"st":9,"eIdx":1,"ancestor":"","en":15,"ne_type":"","keyword":"[대한민국]","e_type":"WIKILINK"},{"st":16,"eIdx":2,"ancestor":"","en":22,"ne_type":"","keyword":"[경상북도]","e_type":"WIKILINK"},{"st":23,"eIdx":3,"ancestor":"","en":28,"ne_type":"","keyword":"[경산시]","e_type":"WIKILINK"}],"wikiPageId":1755974,"pIdx":1,"text":"[중산신도시]는 [대한민국] [경상북도] [경산시]에 위치한 도시다."}