{"result":[{"verbs":[{"word_id":14,"ancestor":["1-0"],"verb":"뛰","cwStateCd":"FIXED","cwSelIdx":0}],"text":"[레안드로_호아킨_로드리게스_텔레체아] (Leandro Joaqu?n Rodr?guez Telechea, [1992년] [11월_19일] ~ )는 [우루과이]의 [축구_선수]로, 현재 [벨기에_프로리그]의 [바슬란트-베베런]에서 뛰고 있다."},{"verbs":[],"text":"포지션은 [공격수]이다."}],"globalSId":[3679518,3679519],"entities":[{"st":0,"eIdx":0,"ancestor":"-2","en":20,"cwStateCd":"FIXED","ne_type":"PERSON","cwSelIdx":[],"type":"ENTITY","keyword":"[레안드로_호아킨_로드리게스_텔레체아]","e_type":"NEW"},{"st":59,"eIdx":1,"ancestor":"","en":66,"ne_type":"","keyword":"[1992년]","e_type":"WIKILINK"},{"st":67,"eIdx":2,"ancestor":"","en":76,"ne_type":"","keyword":"[11월_19일]","e_type":"WIKILINK"},{"st":82,"eIdx":3,"ancestor":"","en":88,"ne_type":"","keyword":"[우루과이]","e_type":"WIKILINK"},{"st":90,"eIdx":4,"ancestor":"","en":97,"ne_type":"","keyword":"[축구_선수]","e_type":"WIKILINK"},{"st":103,"eIdx":5,"ancestor":"","en":113,"ne_type":"","keyword":"[벨기에_프로리그]","e_type":"WIKILINK"},{"st":115,"eIdx":6,"ancestor":"","en":125,"ne_type":"","keyword":"[바슬란트-베베런]","e_type":"WIKILINK"},{"st":140,"eIdx":7,"ancestor":"","en":145,"ne_type":"","keyword":"[공격수]","e_type":"WIKILINK"}],"wikiPageId":1403226,"pIdx":1,"text":"[레안드로_호아킨_로드리게스_텔레체아] (Leandro Joaqu?n Rodr?guez Telechea, [1992년] [11월_19일] ~ )는 [우루과이]의 [축구_선수]로, 현재 [벨기에_프로리그]의 [바슬란트-베베런]에서 뛰고 있다. 포지션은 [공격수]이다."}