{"result":[{"verbs":[{"word_id":3,"ancestor":["1-0"],"verb":"속","cwStateCd":"FIXED","cwSelIdx":0}],"text":"[미하일자이체프땃쥐](\"Crocidura zaitsevi\")는 [땃쥐류]에 속하는 [포유류]의 일종이다."},{"verbs":[{"word_id":7,"ancestor":["1-0"],"verb":"발견","cwStateCd":"FIXED","cwSelIdx":0}],"text":"[베트남] [안남_산맥] 남부의 [응옥린_산]의 해발 1,650~2,300m 높이에서 발견되었다."}],"globalSId":[3769952,3769953],"entities":[{"st":0,"eIdx":0,"ancestor":"-2","en":10,"cwStateCd":"FIXED","ne_type":"ETC","cwSelIdx":[],"type":"ENTITY","keyword":"[미하일자이체프땃쥐]","e_type":"NEW"},{"st":35,"eIdx":1,"ancestor":"","en":40,"ne_type":"","keyword":"[땃쥐류]","e_type":"WIKILINK"},{"st":46,"eIdx":2,"ancestor":"","en":51,"ne_type":"","keyword":"[포유류]","e_type":"WIKILINK"},{"st":59,"eIdx":3,"ancestor":"","en":64,"ne_type":"","keyword":"[베트남]","e_type":"WIKILINK"},{"st":65,"eIdx":4,"ancestor":"","en":72,"ne_type":"","keyword":"[안남_산맥]","e_type":"WIKILINK"},{"st":77,"eIdx":5,"ancestor":"-2","en":83,"cwStateCd":"FIXED","ne_type":"LOCATION","cwSelIdx":[],"type":"ENTITY","keyword":"[응옥린_산]","e_type":"NEW"}],"wikiPageId":1486408,"pIdx":1,"text":"[미하일자이체프땃쥐](\"Crocidura zaitsevi\")는 [땃쥐류]에 속하는 [포유류]의 일종이다. [베트남] [안남_산맥] 남부의 [응옥린_산]의 해발 1,650~2,300m 높이에서 발견되었다."}