{"result":[{"verbs":[{"word_id":5,"ancestor":["1-0"],"verb":"발생","cwStateCd":"FIXED","cwSelIdx":0}],"text":"[카보베르데형_허리케인](Cape Verde-type hurricane)은 [카보베르데] 주변에서 발생하는 [허리케인]을 가리키는 말이다."},{"verbs":[{"word_id":4,"ancestor":["1-3"],"verb":"발생","cwStateCd":"FIXED","cwSelIdx":12},{"word_id":5,"ancestor":"-2","verb":"높","cwStateCd":"FIXED","cwSelIdx":[]},{"word_id":9,"ancestor":"-2","verb":"강력하","cwStateCd":"FIXED","cwSelIdx":[]},{"word_id":11,"ancestor":["1-3"],"verb":"발달하","cwStateCd":"FIXED","cwSelIdx":12}],"text":"1년에 약 2개의 [카보베르데형_허리케인]이 발생하며, 높은 수온의 영향으로 매우 강력한 허리케인으로 발달하는 편이다."},{"verbs":[{"word_id":1,"ancestor":["1-2"],"verb":"발생","cwStateCd":"FIXED","cwSelIdx":6},{"word_id":6,"ancestor":"-2","verb":"보","cwStateCd":"FIXED","cwSelIdx":[]}],"text":"[대서양]에서 발생하는 오랜 기간동안 활동한 허리케인들을 보면, 대다수가 [카보베르데형_허리케인]이다."},{"verbs":[{"word_id":3,"ancestor":["1-6"],"verb":"상륙","cwStateCd":"FIXED","cwSelIdx":32},{"word_id":12,"ancestor":"-2","verb":"진행","cwStateCd":"FIXED","cwSelIdx":[]},{"word_id":19,"ancestor":"-2","verb":"크","cwStateCd":"FIXED","cwSelIdx":[]},{"word_id":21,"ancestor":"-2","verb":"입히","cwStateCd":"FIXED","cwSelIdx":[]}],"text":"대부분의 [카보베르데형_허리케인]은 육지에 상륙하지 않고 북동진하나, 가끔씩 몇몇의 허리케인이 [카리브_해]와 [멕시코_만] 쪽으로 진행하여 [미국], [멕시코], [버뮤다] 등의 [북아메리카] 국가들에 큰 피해를 입히기도 한다."}],"globalSId":[1941285,1941286,1941287,1941288],"entities":[{"st":0,"eIdx":0,"ancestor":"-2","en":12,"cwStateCd":"FIXED","ne_type":"ETC","cwSelIdx":[],"type":"ENTITY","keyword":"[카보베르데형_허리케인]","e_type":"NEW"},{"st":42,"eIdx":1,"ancestor":"","en":49,"ne_type":"","keyword":"[카보베르데]","e_type":"WIKILINK"},{"st":60,"eIdx":2,"ancestor":"","en":66,"ne_type":"","keyword":"[허리케인]","e_type":"WIKILINK"},{"st":88,"eIdx":3,"ancestor":"1-0","en":100,"cwStateCd":"FIXED","ne_type":"ETC","cwSelIdx":0,"type":"ENTITY","keyword":"[카보베르데형_허리케인]","e_type":"NEW"},{"st":145,"eIdx":4,"ancestor":"","en":150,"ne_type":"","keyword":"[대서양]","e_type":"WIKILINK"},{"st":186,"eIdx":5,"ancestor":"1-0","en":198,"cwStateCd":"FIXED","ne_type":"ETC","cwSelIdx":0,"type":"ENTITY","keyword":"[카보베르데형_허리케인]","e_type":"NEW"},{"st":208,"eIdx":6,"ancestor":"1-5","en":220,"cwStateCd":"FIXED","ne_type":"ETC","cwSelIdx":30,"type":"ENTITY","keyword":"[카보베르데형_허리케인]","e_type":"NEW"},{"st":256,"eIdx":7,"ancestor":"","en":263,"ne_type":"","keyword":"[카리브_해]","e_type":"WIKILINK"},{"st":265,"eIdx":8,"ancestor":"","en":272,"ne_type":"","keyword":"[멕시코_만]","e_type":"WIKILINK"},{"st":282,"eIdx":9,"ancestor":"","en":286,"ne_type":"","keyword":"[미국]","e_type":"WIKILINK"},{"st":288,"eIdx":10,"ancestor":"","en":293,"ne_type":"","keyword":"[멕시코]","e_type":"WIKILINK"},{"st":295,"eIdx":11,"ancestor":"","en":300,"ne_type":"","keyword":"[버뮤다]","e_type":"WIKILINK"},{"st":304,"eIdx":12,"ancestor":"","en":311,"ne_type":"","keyword":"[북아메리카]","e_type":"WIKILINK"}],"wikiPageId":398178,"pIdx":1,"text":"[카보베르데형_허리케인](Cape Verde-type hurricane)은 [카보베르데] 주변에서 발생하는 [허리케인]을 가리키는 말이다. 1년에 약 2개의 [카보베르데형_허리케인]이 발생하며, 높은 수온의 영향으로 매우 강력한 허리케인으로 발달하는 편이다. [대서양]에서 발생하는 오랜 기간동안 활동한 허리케인들을 보면, 대다수가 [카보베르데형_허리케인]이다. 대부분의 [카보베르데형_허리케인]은 육지에 상륙하지 않고 북동진하나, 가끔씩 몇몇의 허리케인이 [카리브_해]와 [멕시코_만] 쪽으로 진행하여 [미국], [멕시코], [버뮤다] 등의 [북아메리카] 국가들에 큰 피해를 입히기도 한다."}