{"result":[{"verbs":[],"text":"위치."},{"verbs":[{"word_id":6,"ancestor":["3-0"],"verb":"있","cwStateCd":"FIXED","cwSelIdx":1},{"word_id":7,"ancestor":"-2","verb":"작","cwStateCd":"FIXED","cwSelIdx":[]},{"word_id":11,"ancestor":["3-0"],"verb":"중심","cwStateCd":"FIXED","cwSelIdx":1},{"word_id":13,"ancestor":"-2","verb":"합치","cwStateCd":"FIXED","cwSelIdx":[]},{"word_id":14,"ancestor":"-2","verb":"부르","cwStateCd":"FIXED","cwSelIdx":[]},{"word_id":18,"ancestor":["3-0"],"verb":"접","cwStateCd":"FIXED","cwSelIdx":1},{"word_id":21,"ancestor":"-2","verb":"있","cwStateCd":"FIXED","cwSelIdx":[]}],"text":"[금수산]은 [평양직할시]의 중심지 북쪽 [모란봉] 구역에 있는 작은 언덕([해발] 95m)인 [모란봉]을 중심한 주변지역을 합쳐 부르는 이름으로, 동쪽으로 <대동강>과 접하고, 남,북,서쪽에는 골짜기가 있다."},{"verbs":[{"word_id":2,"ancestor":"-2","verb":"훌륭하","cwStateCd":"FIXED","cwSelIdx":[]},{"word_id":6,"ancestor":["3-0"],"verb":"불리","cwStateCd":"FIXED","cwSelIdx":1}],"text":"[평양]에서도 경관이 훌륭하고, <조선팔경>이나 <평양팔경>의 하나로 불린다."}],"globalSId":[464077,464078,464079],"entities":[{"st":4,"eIdx":0,"ancestor":"-2","en":8,"cwStateCd":"FIXED","ne_type":"LOCATION","cwSelIdx":[],"type":"ENTITY","keyword":"[금수산]","e_type":"NEW"},{"st":11,"eIdx":1,"ancestor":"","en":18,"ne_type":"","keyword":"[평양직할시]","e_type":"WIKILINK"},{"st":27,"eIdx":2,"ancestor":"-2","en":31,"cwStateCd":"FIXED","ne_type":"LOCATION","cwSelIdx":[],"type":"ENTITY","keyword":"[모란봉]","e_type":"NEW"},{"st":46,"eIdx":3,"ancestor":"","en":50,"ne_type":"","keyword":"[해발]","e_type":"WIKILINK"},{"st":57,"eIdx":4,"ancestor":"","en":62,"ne_type":"","keyword":"[모란봉]","e_type":"WIKILINK"},{"st":92,"eIdx":5,"ancestor":"","en":97,"ne_type":"","keyword":"<대동강>","e_type":"ELU"},{"st":122,"eIdx":6,"ancestor":"","en":126,"ne_type":"","keyword":"[평양]","e_type":"WIKILINK"},{"st":140,"eIdx":7,"ancestor":"","en":146,"ne_type":"","keyword":"<조선팔경>","e_type":"ELU"},{"st":149,"eIdx":8,"ancestor":"","en":155,"ne_type":"","keyword":"<평양팔경>","e_type":"ELU"}],"wikiPageId":49657,"pIdx":3,"text":"위치. [금수산]은 [평양직할시]의 중심지 북쪽 [모란봉] 구역에 있는 작은 언덕([해발] 95m)인 [모란봉]을 중심한 주변지역을 합쳐 부르는 이름으로, 동쪽으로 <대동강>과 접하고, 남,북,서쪽에는 골짜기가 있다. [평양]에서도 경관이 훌륭하고, <조선팔경>이나 <평양팔경>의 하나로 불린다."}