{"result":[{"verbs":[{"word_id":4,"ancestor":["1-0"],"verb":"위치","cwStateCd":"FIXED","cwSelIdx":0}],"text":"<동허이>()는 [베트남]의 [꽝빈_성](Qu?ng B?nh)에 위치한 도시로, 해발 고도는 20m, 넓이는 155.54 m²이다."},{"verbs":[{"word_id":3,"ancestor":["1-0"],"verb":"떨어지","cwStateCd":"FIXED","cwSelIdx":0},{"word_id":5,"ancestor":["1-0"],"verb":"있","cwStateCd":"FIXED","cwSelIdx":0},{"word_id":11,"ancestor":"-1","verb":"소요","cwStateCd":"FIXED","cwSelIdx":[]}],"text":"[하노이]에서 약 500km 떨어진 곳에 있으며 버스로 6시간 30분에서 8시간 정도 소요된다."},{"verbs":[{"word_id":4,"ancestor":["1-0"],"verb":"위치","cwStateCd":"FIXED","cwSelIdx":0}],"text":"시내에서 6km 거리에 [동허이_공항]이 위치해 있다."},{"verbs":[{"word_id":5,"ancestor":["1-0"],"verb":"있","cwStateCd":"FIXED","cwSelIdx":0}],"text":"[달랏_시]로부터 남쪽으로 50km 거리에 [퐁나케방_국립공원]이 있다."}],"globalSId":[1677926,1677927,1677928,1677929],"entities":[{"st":0,"eIdx":0,"ancestor":"","en":5,"ne_type":"","keyword":"<동허이>","e_type":"ELU"},{"st":9,"eIdx":1,"ancestor":"","en":14,"ne_type":"","keyword":"[베트남]","e_type":"WIKILINK"},{"st":16,"eIdx":2,"ancestor":"","en":22,"ne_type":"","keyword":"[꽝빈_성]","e_type":"WIKILINK"},{"st":74,"eIdx":3,"ancestor":"","en":79,"ne_type":"","keyword":"[하노이]","e_type":"WIKILINK"},{"st":141,"eIdx":4,"ancestor":"","en":149,"ne_type":"","keyword":"[동허이_공항]","e_type":"WIKILINK"},{"st":159,"eIdx":5,"ancestor":"-2","en":164,"cwStateCd":"FIXED","ne_type":"LOCATION","cwSelIdx":[],"type":"ENTITY","keyword":"[달랏_시]","e_type":"NEW"},{"st":183,"eIdx":6,"ancestor":"","en":194,"ne_type":"","keyword":"[퐁나케방_국립공원]","e_type":"WIKILINK"}],"wikiPageId":309924,"pIdx":1,"text":"<동허이>()는 [베트남]의 [꽝빈_성](Qu?ng B?nh)에 위치한 도시로, 해발 고도는 20m, 넓이는 155.54 m²이다. [하노이]에서 약 500km 떨어진 곳에 있으며 버스로 6시간 30분에서 8시간 정도 소요된다. 시내에서 6km 거리에 [동허이_공항]이 위치해 있다. [달랏_시]로부터 남쪽으로 50km 거리에 [퐁나케방_국립공원]이 있다."}