{"result":[{"verbs":[{"word_id":4,"ancestor":["1-0"],"verb":"기여","cwStateCd":"FIXED","cwSelIdx":0},{"word_id":8,"ancestor":["1-0"],"verb":"이적","cwStateCd":"FIXED","cwSelIdx":0},{"word_id":13,"ancestor":["1-0"],"verb":"이적","cwStateCd":"FIXED","cwSelIdx":0}],"text":"[성남]에서 [K리그]와 FA컵 준우승에 기여한 후 [아랍에미리트]의 [알아인_FC]로 이적하였으나 반 시즌만에 [J1리그] [오미야_아르디자]로 이적했다."}],"globalSId":[568408],"entities":[{"st":0,"eIdx":0,"ancestor":"-1","en":3,"cwStateCd":"FIXED","ne_type":"ORGANIZATION","cwSelIdx":[],"type":"ENTITY","keyword":"[성남]","e_type":"NEW"},{"st":7,"eIdx":1,"ancestor":"5-3","en":11,"cwStateCd":"FIXED","ne_type":"ETC","cwSelIdx":4,"type":"ENTITY","keyword":"[K리그]","e_type":"NEW"},{"st":29,"eIdx":2,"ancestor":"","en":37,"ne_type":"","keyword":"[아랍에미리트]","e_type":"WIKILINK"},{"st":39,"eIdx":3,"ancestor":"","en":47,"ne_type":"","keyword":"[알아인_FC]","e_type":"WIKILINK"},{"st":63,"eIdx":4,"ancestor":"","en":69,"ne_type":"","keyword":"[J1리그]","e_type":"WIKILINK"},{"st":70,"eIdx":5,"ancestor":"","en":80,"ne_type":"","keyword":"[오미야_아르디자]","e_type":"WIKILINK"}],"wikiPageId":69165,"pIdx":6,"text":"[성남]에서 [K리그]와 FA컵 준우승에 기여한 후 [아랍에미리트]의 [알아인_FC]로 이적하였으나 반 시즌만에 [J1리그] [오미야_아르디자]로 이적했다."}