{"result":[{"verbs":[{"word_id":5,"ancestor":["1-0"],"verb":"위치","cwStateCd":"FIXED","cwSelIdx":0}],"text":"<카스테욘_주>(, )는 [스페인] [발렌시아_지방] 북쪽에 위치한 주로, 주도는 [카스테욘데라플라나]이다."},{"verbs":[{"word_id":2,"ancestor":["1-0"],"verb":"쓰","cwStateCd":"FIXED","cwSelIdx":0}],"text":"[스페인어]와 [발렌시아어]를 쓴다."}],"globalSId":[2373462,2373463],"entities":[{"st":0,"eIdx":0,"ancestor":"","en":8,"ne_type":"","keyword":"<카스테욘_주>","e_type":"ELU"},{"st":14,"eIdx":1,"ancestor":"","en":19,"ne_type":"","keyword":"[스페인]","e_type":"WIKILINK"},{"st":20,"eIdx":2,"ancestor":"","en":29,"ne_type":"","keyword":"[발렌시아_지방]","e_type":"WIKILINK"},{"st":46,"eIdx":3,"ancestor":"","en":57,"ne_type":"","keyword":"[카스테욘데라플라나]","e_type":"WIKILINK"},{"st":61,"eIdx":4,"ancestor":"","en":67,"ne_type":"","keyword":"[스페인어]","e_type":"WIKILINK"},{"st":69,"eIdx":5,"ancestor":"","en":76,"ne_type":"","keyword":"[발렌시아어]","e_type":"WIKILINK"}],"wikiPageId":589244,"pIdx":1,"text":"<카스테욘_주>(, )는 [스페인] [발렌시아_지방] 북쪽에 위치한 주로, 주도는 [카스테욘데라플라나]이다. [스페인어]와 [발렌시아어]를 쓴다."}