{"result":[{"verbs":[{"word_id":10,"ancestor":"-2","verb":"발생","cwStateCd":"FIXED","cwSelIdx":[]}],"text":"[1930년] [루마니아_왕국]에서는 [카롤_2세]가 자신의 아들 [미하이_1세]를 밀어내고 왕위에 오르는 사건이 발생하였다."},{"verbs":[{"word_id":3,"ancestor":["17-4"],"verb":"헤어지","cwStateCd":"FIXED","cwSelIdx":11},{"word_id":7,"ancestor":["17-4"],"verb":"빠지","cwStateCd":"FIXED","cwSelIdx":11},{"word_id":9,"ancestor":"-2","verb":"인","cwStateCd":"FIXED","cwSelIdx":[]},{"word_id":12,"ancestor":"-2","verb":"박탈","cwStateCd":"FIXED","cwSelIdx":11},{"word_id":16,"ancestor":["17-4"],"verb":"시작","cwStateCd":"FIXED","cwSelIdx":11}],"text":"[카롤_2세]는 [1925년] [치치_람브리노]와 헤어진 뒤 [마그다_루페스쿠]와 열애에 빠졌고 이로 인해 왕위 계승권을 박탈당한 상태로 외국 생활을 시작하였다."},{"verbs":[{"word_id":11,"ancestor":["17-11"],"verb":"퇴위","cwStateCd":"FIXED","cwSelIdx":38},{"word_id":13,"ancestor":["17-11"],"verb":"되","cwStateCd":"FIXED","cwSelIdx":38}],"text":"그러나 [1930년] 귀국한 [카롤_2세]는 자신의 왕위를 주장하였고 미성년자였던 [카롤_2세]의 아들 [미하이_1세]는 퇴위하여 왕세자가 되었다."}],"globalSId":[572448,572449,572450],"entities":[{"st":0,"eIdx":0,"ancestor":"-2","en":6,"cwStateCd":"FIXED","ne_type":"TIME","cwSelIdx":[],"type":"ENTITY","keyword":"[1930년]","e_type":"NEW"},{"st":8,"eIdx":1,"ancestor":"","en":17,"ne_type":"","keyword":"[루마니아_왕국]","e_type":"WIKILINK"},{"st":21,"eIdx":2,"ancestor":"","en":28,"ne_type":"","keyword":"[카롤_2세]","e_type":"WIKILINK"},{"st":37,"eIdx":3,"ancestor":"","en":45,"ne_type":"","keyword":"[미하이_1세]","e_type":"WIKILINK"},{"st":71,"eIdx":4,"ancestor":"17-2","en":77,"cwStateCd":"FIXED","ne_type":"PERSON","cwSelIdx":2,"type":"ENTITY","keyword":"[카롤_2세]","e_type":"NEW"},{"st":80,"eIdx":5,"ancestor":"-2","en":86,"cwStateCd":"FIXED","ne_type":"TIME","cwSelIdx":[],"type":"ENTITY","keyword":"[1925년]","e_type":"NEW"},{"st":88,"eIdx":6,"ancestor":"-2","en":96,"cwStateCd":"FIXED","ne_type":"PERSON","cwSelIdx":[],"type":"ENTITY","keyword":"[치치_람브리노]","e_type":"NEW"},{"st":105,"eIdx":7,"ancestor":"","en":115,"ne_type":"","keyword":"[마그다_루페스쿠]","e_type":"WIKILINK"},{"st":166,"eIdx":8,"ancestor":"17-0","en":172,"cwStateCd":"FIXED","ne_type":"TIME","cwSelIdx":0,"type":"ENTITY","keyword":"[1930년]","e_type":"NEW"},{"st":178,"eIdx":9,"ancestor":"17-4","en":184,"cwStateCd":"FIXED","ne_type":"PERSON","cwSelIdx":11,"type":"ENTITY","keyword":"[카롤_2세]","e_type":"NEW"},{"st":208,"eIdx":10,"ancestor":"17-9","en":214,"cwStateCd":"FIXED","ne_type":"PERSON","cwSelIdx":31,"type":"ENTITY","keyword":"[카롤_2세]","e_type":"NEW"},{"st":220,"eIdx":11,"ancestor":"17-3","en":227,"cwStateCd":"FIXED","ne_type":"PERSON","cwSelIdx":5,"type":"ENTITY","keyword":"[미하이_1세]","e_type":"NEW"}],"wikiPageId":69833,"pIdx":17,"text":"[1930년] [루마니아_왕국]에서는 [카롤_2세]가 자신의 아들 [미하이_1세]를 밀어내고 왕위에 오르는 사건이 발생하였다. [카롤_2세]는 [1925년] [치치_람브리노]와 헤어진 뒤 [마그다_루페스쿠]와 열애에 빠졌고 이로 인해 왕위 계승권을 박탈당한 상태로 외국 생활을 시작하였다. 그러나 [1930년] 귀국한 [카롤_2세]는 자신의 왕위를 주장하였고 미성년자였던 [카롤_2세]의 아들 [미하이_1세]는 퇴위하여 왕세자가 되었다."}