{"result":[{"verbs":[{"word_id":9,"ancestor":["1-0"],"verb":"당선","cwStateCd":"FIXED","cwSelIdx":0},{"word_id":13,"ancestor":["1-0"],"verb":"세우","cwStateCd":"FIXED","cwSelIdx":0},{"word_id":18,"ancestor":["1-0"],"verb":"있","cwStateCd":"FIXED","cwSelIdx":0}],"text":"[1963년] 제30회 중의원 의원 총선거에 [자유민주당_(일본)] 공인으로 입후보해 처음으로 당선된 후, 11선이라는 기록을 세우고 일생 동안 의원 직에 있었다."},{"verbs":[{"word_id":28,"ancestor":["1-0"],"verb":"지내","cwStateCd":"FIXED","cwSelIdx":0}],"text":"[1976년]부터 [1977년]까지 [후쿠다_다케오] 내각의 후생장관, [1978년]부터 [1979년]까지 제1차 [오히라_마사요시] 내각의 농림수산대신, [1980년]부터 [1982년]까지 [스즈키_젠코] 내각 및 개조 내각의 재무대신, [1985년]부터 [1986년]까지 제2차 [나카소네_야스히로] 내각 제2차 개조 내각의 통산대신을 지냈다."}],"globalSId":[2053580,2053581],"entities":[{"st":0,"eIdx":0,"ancestor":"","en":7,"ne_type":"","keyword":"[1963년]","e_type":"WIKILINK"},{"st":25,"eIdx":1,"ancestor":"","en":37,"ne_type":"","keyword":"[자유민주당_(일본)]","e_type":"WIKILINK"},{"st":92,"eIdx":2,"ancestor":"","en":99,"ne_type":"","keyword":"[1976년]","e_type":"WIKILINK"},{"st":102,"eIdx":3,"ancestor":"","en":109,"ne_type":"","keyword":"[1977년]","e_type":"WIKILINK"},{"st":112,"eIdx":4,"ancestor":"","en":121,"ne_type":"","keyword":"[후쿠다_다케오]","e_type":"WIKILINK"},{"st":132,"eIdx":5,"ancestor":"","en":139,"ne_type":"","keyword":"[1978년]","e_type":"WIKILINK"},{"st":142,"eIdx":6,"ancestor":"","en":149,"ne_type":"","keyword":"[1979년]","e_type":"WIKILINK"},{"st":156,"eIdx":7,"ancestor":"","en":166,"ne_type":"","keyword":"[오히라_마사요시]","e_type":"WIKILINK"},{"st":179,"eIdx":8,"ancestor":"","en":186,"ne_type":"","keyword":"[1980년]","e_type":"WIKILINK"},{"st":189,"eIdx":9,"ancestor":"","en":196,"ne_type":"","keyword":"[1982년]","e_type":"WIKILINK"},{"st":199,"eIdx":10,"ancestor":"","en":207,"ne_type":"","keyword":"[스즈키_젠코]","e_type":"WIKILINK"},{"st":226,"eIdx":11,"ancestor":"","en":233,"ne_type":"","keyword":"[1985년]","e_type":"WIKILINK"},{"st":236,"eIdx":12,"ancestor":"","en":243,"ne_type":"","keyword":"[1986년]","e_type":"WIKILINK"},{"st":250,"eIdx":13,"ancestor":"","en":261,"ne_type":"","keyword":"[나카소네_야스히로]","e_type":"WIKILINK"}],"wikiPageId":446884,"pIdx":3,"text":"[1963년] 제30회 중의원 의원 총선거에 [자유민주당_(일본)] 공인으로 입후보해 처음으로 당선된 후, 11선이라는 기록을 세우고 일생 동안 의원 직에 있었다. [1976년]부터 [1977년]까지 [후쿠다_다케오] 내각의 후생장관, [1978년]부터 [1979년]까지 제1차 [오히라_마사요시] 내각의 농림수산대신, [1980년]부터 [1982년]까지 [스즈키_젠코] 내각 및 개조 내각의 재무대신, [1985년]부터 [1986년]까지 제2차 [나카소네_야스히로] 내각 제2차 개조 내각의 통산대신을 지냈다."}