{"result":[{"verbs":[{"word_id":4,"ancestor":["1-0"],"verb":"위치","cwStateCd":"FIXED","cwSelIdx":0}],"text":"[도조_역]()은 [일본] [히로시마_현] [쇼바라_시]에 위치한 [서일본_여객철도] [게이비_선]의 [철도역]이다."},{"verbs":[{"word_id":4,"ancestor":["1-0"],"verb":"갖추","cwStateCd":"FIXED","cwSelIdx":0}],"text":"[단선_승강장] 1면 1선의 구조를 갖춘 지상역이다."}],"globalSId":[3664042,3664043],"entities":[{"st":0,"eIdx":0,"ancestor":"-2","en":5,"cwStateCd":"FIXED","ne_type":"LOCATION","cwSelIdx":[],"type":"ENTITY","keyword":"[도조_역]","e_type":"NEW"},{"st":10,"eIdx":1,"ancestor":"","en":14,"ne_type":"","keyword":"[일본]","e_type":"WIKILINK"},{"st":15,"eIdx":2,"ancestor":"","en":23,"ne_type":"","keyword":"[히로시마_현]","e_type":"WIKILINK"},{"st":24,"eIdx":3,"ancestor":"","en":31,"ne_type":"","keyword":"[쇼바라_시]","e_type":"WIKILINK"},{"st":37,"eIdx":4,"ancestor":"","en":47,"ne_type":"","keyword":"[서일본_여객철도]","e_type":"WIKILINK"},{"st":48,"eIdx":5,"ancestor":"","en":55,"ne_type":"","keyword":"[게이비_선]","e_type":"WIKILINK"},{"st":57,"eIdx":6,"ancestor":"","en":62,"ne_type":"","keyword":"[철도역]","e_type":"WIKILINK"},{"st":66,"eIdx":7,"ancestor":"","en":74,"ne_type":"","keyword":"[단선_승강장]","e_type":"WIKILINK"}],"wikiPageId":1388721,"pIdx":1,"text":"[도조_역]()은 [일본] [히로시마_현] [쇼바라_시]에 위치한 [서일본_여객철도] [게이비_선]의 [철도역]이다. [단선_승강장] 1면 1선의 구조를 갖춘 지상역이다."}