{"result":[{"verbs":[],"text":"[풍차_전투]."},{"verbs":[{"word_id":8,"ancestor":["11-1"],"verb":"걸치","cwStateCd":"FIXED","cwSelIdx":1},{"word_id":16,"ancestor":["11-1"],"verb":"있","cwStateCd":"FIXED","cwSelIdx":1},{"word_id":18,"ancestor":["11-1"],"verb":"의미","cwStateCd":"FIXED","cwSelIdx":1}],"text":"[풍차_전투]는 [조지_오웰]의 동물 농장에 나오는 동물들과 인간들의 2차에 걸친 전투 중 두번째로, 풍차의 전투는 [제2차_세계_대전] 당시에 있었던 [동부_전선_(제2차_세계_대전)]을 의미한다."},{"verbs":[{"word_id":8,"ancestor":["11-7"],"verb":"상징","cwStateCd":"FIXED","cwSelIdx":26}],"text":"여기서 나오는 [핀치필드] 농장은 [나치_독일], 농장주인 <프레드리크>은 [아돌프_히틀러]를 상징한다."}],"globalSId":[455925,455926,455927],"entities":[{"st":0,"eIdx":0,"ancestor":"-2","en":6,"cwStateCd":"FIXED","ne_type":"ETC","cwSelIdx":[],"type":"ENTITY","keyword":"[풍차_전투]","e_type":"NEW"},{"st":9,"eIdx":1,"ancestor":"11-0","en":15,"cwStateCd":"FIXED","ne_type":"ETC","cwSelIdx":0,"type":"ENTITY","keyword":"[풍차_전투]","e_type":"NEW"},{"st":18,"eIdx":2,"ancestor":"","en":25,"ne_type":"","keyword":"[조지_오웰]","e_type":"WIKILINK"},{"st":74,"eIdx":3,"ancestor":"","en":85,"ne_type":"","keyword":"[제2차_세계_대전]","e_type":"WIKILINK"},{"st":94,"eIdx":4,"ancestor":"","en":113,"ne_type":"","keyword":"[동부_전선_(제2차_세계_대전)]","e_type":"WIKILINK"},{"st":129,"eIdx":5,"ancestor":"-2","en":134,"cwStateCd":"FIXED","ne_type":"LOCATION","cwSelIdx":[],"type":"ENTITY","keyword":"[핀치필드]","e_type":"NEW"},{"st":140,"eIdx":6,"ancestor":"","en":147,"ne_type":"","keyword":"[나치_독일]","e_type":"WIKILINK"},{"st":154,"eIdx":7,"ancestor":"","en":161,"ne_type":"","keyword":"<프레드리크>","e_type":"ELU"},{"st":163,"eIdx":8,"ancestor":"","en":172,"ne_type":"","keyword":"[아돌프_히틀러]","e_type":"WIKILINK"}],"wikiPageId":48531,"pIdx":11,"text":"[풍차_전투]. [풍차_전투]는 [조지_오웰]의 동물 농장에 나오는 동물들과 인간들의 2차에 걸친 전투 중 두번째로, 풍차의 전투는 [제2차_세계_대전] 당시에 있었던 [동부_전선_(제2차_세계_대전)]을 의미한다. 여기서 나오는 [핀치필드] 농장은 [나치_독일], 농장주인 <프레드리크>은 [아돌프_히틀러]를 상징한다."}