{"result":[{"verbs":[{"word_id":4,"ancestor":["1-0"],"verb":"위치","cwStateCd":"FIXED","cwSelIdx":0}],"text":"[사무라이하마_역]()은 [일본] [이와테_현] [구지_시]에 위치한 [동일본_여객철도] [하치노헤_선]의 [철도역]이다."},{"verbs":[{"word_id":4,"ancestor":["1-0"],"verb":"갖추","cwStateCd":"FIXED","cwSelIdx":0}],"text":"[단선_승강장] 1면 1선의 구조를 갖춘 지상역이다."}],"globalSId":[4001721,4001722],"entities":[{"st":0,"eIdx":0,"ancestor":"-2","en":9,"cwStateCd":"FIXED","ne_type":"LOCATION","cwSelIdx":[],"type":"ENTITY","keyword":"[사무라이하마_역]","e_type":"NEW"},{"st":14,"eIdx":1,"ancestor":"","en":18,"ne_type":"","keyword":"[일본]","e_type":"WIKILINK"},{"st":19,"eIdx":2,"ancestor":"","en":26,"ne_type":"","keyword":"[이와테_현]","e_type":"WIKILINK"},{"st":27,"eIdx":3,"ancestor":"","en":33,"ne_type":"","keyword":"[구지_시]","e_type":"WIKILINK"},{"st":39,"eIdx":4,"ancestor":"","en":49,"ne_type":"","keyword":"[동일본_여객철도]","e_type":"WIKILINK"},{"st":50,"eIdx":5,"ancestor":"","en":58,"ne_type":"","keyword":"[하치노헤_선]","e_type":"WIKILINK"},{"st":60,"eIdx":6,"ancestor":"","en":65,"ne_type":"","keyword":"[철도역]","e_type":"WIKILINK"},{"st":69,"eIdx":7,"ancestor":"","en":77,"ne_type":"","keyword":"[단선_승강장]","e_type":"WIKILINK"}],"wikiPageId":1770443,"pIdx":1,"text":"[사무라이하마_역]()은 [일본] [이와테_현] [구지_시]에 위치한 [동일본_여객철도] [하치노헤_선]의 [철도역]이다. [단선_승강장] 1면 1선의 구조를 갖춘 지상역이다."}