{"result":[{"verbs":[],"text":"[목릉](穆陵)은 [조선] 제14대 왕인 [조선_선조]와 정비 [의인왕후] 박씨, 계비 [인목왕후] 김씨의 능이다."},{"verbs":[{"word_id":5,"ancestor":["1-0"],"verb":"지정","cwStateCd":"FIXED","cwSelIdx":0},{"word_id":10,"ancestor":["1-0"],"verb":"위치","cwStateCd":"FIXED","cwSelIdx":0}],"text":"[동구릉]의 하나로 [사적] 제 193호로 지정되어 있으며, [경기도] [구리시] <인창동>에 위치한다."}],"globalSId":[1747239,1747240],"entities":[{"st":0,"eIdx":0,"ancestor":"-2","en":3,"cwStateCd":"FIXED","ne_type":"ETC","cwSelIdx":[],"type":"ENTITY","keyword":"[목릉]","e_type":"NEW"},{"st":10,"eIdx":1,"ancestor":"","en":14,"ne_type":"","keyword":"[조선]","e_type":"WIKILINK"},{"st":23,"eIdx":2,"ancestor":"","en":30,"ne_type":"","keyword":"[조선_선조]","e_type":"WIKILINK"},{"st":35,"eIdx":3,"ancestor":"","en":41,"ne_type":"","keyword":"[의인왕후]","e_type":"WIKILINK"},{"st":49,"eIdx":4,"ancestor":"","en":55,"ne_type":"","keyword":"[인목왕후]","e_type":"WIKILINK"},{"st":65,"eIdx":5,"ancestor":"","en":70,"ne_type":"","keyword":"[동구릉]","e_type":"WIKILINK"},{"st":76,"eIdx":6,"ancestor":"","en":80,"ne_type":"","keyword":"[사적]","e_type":"WIKILINK"},{"st":99,"eIdx":7,"ancestor":"","en":104,"ne_type":"","keyword":"[경기도]","e_type":"WIKILINK"},{"st":105,"eIdx":8,"ancestor":"","en":110,"ne_type":"","keyword":"[구리시]","e_type":"WIKILINK"},{"st":111,"eIdx":9,"ancestor":"","en":116,"ne_type":"","keyword":"<인창동>","e_type":"ELU"}],"wikiPageId":331884,"pIdx":1,"text":"[목릉](穆陵)은 [조선] 제14대 왕인 [조선_선조]와 정비 [의인왕후] 박씨, 계비 [인목왕후] 김씨의 능이다. [동구릉]의 하나로 [사적] 제 193호로 지정되어 있으며, [경기도] [구리시] <인창동>에 위치한다."}