{"result":[{"verbs":[{"word_id":4,"ancestor":["1-0"],"verb":"위치","cwStateCd":"FIXED","cwSelIdx":0}],"text":"<고군면>(古郡面)은 [대한민국] [전라남도] [진도군]에 위치한 면이다."},{"verbs":[{"word_id":3,"ancestor":["1-0"],"verb":"알려지","cwStateCd":"FIXED","cwSelIdx":0},{"word_id":7,"ancestor":"-1","verb":"유명","cwStateCd":"FIXED","cwSelIdx":0}],"text":"\u2018한국판 모세의 기적\u2019으로 알려진 \u2018[진도] 신비의 바닷길\u2019로 유명한 지역이다."}],"globalSId":[2558083,2558084],"entities":[{"st":0,"eIdx":0,"ancestor":"","en":5,"ne_type":"","keyword":"<고군면>","e_type":"ELU"},{"st":12,"eIdx":1,"ancestor":"","en":18,"ne_type":"","keyword":"[대한민국]","e_type":"WIKILINK"},{"st":19,"eIdx":2,"ancestor":"","en":25,"ne_type":"","keyword":"[전라남도]","e_type":"WIKILINK"},{"st":26,"eIdx":3,"ancestor":"","en":31,"ne_type":"","keyword":"[진도군]","e_type":"WIKILINK"},{"st":62,"eIdx":4,"ancestor":"-2","en":64,"cwStateCd":"FIXED","ne_type":"LOCATION","cwSelIdx":[],"type":"ENTITY","keyword":"[진도]","e_type":"NEW"}],"wikiPageId":677264,"pIdx":1,"text":"<고군면>(古郡面)은 [대한민국] [전라남도] [진도군]에 위치한 면이다. \u2018한국판 모세의 기적\u2019으로 알려진 \u2018[진도] 신비의 바닷길\u2019로 유명한 지역이다."}