{"result":[{"verbs":[{"word_id":5,"ancestor":["1-0"],"verb":"있","cwStateCd":"FIXED","cwSelIdx":0}],"text":"<플렌스부르크>(. )는 [독일] 북부 [슐레스비히홀슈타인_주]에 있는 도시이다."},{"verbs":[],"text":"인구 88,511([2010])."}],"globalSId":[2297117,2297118,2297119],"entities":[{"st":0,"eIdx":0,"ancestor":"","en":8,"ne_type":"","keyword":"<플렌스부르크>","e_type":"ELU"},{"st":14,"eIdx":1,"ancestor":"","en":18,"ne_type":"","keyword":"[독일]","e_type":"WIKILINK"},{"st":22,"eIdx":2,"ancestor":"","en":35,"ne_type":"","keyword":"[슐레스비히홀슈타인_주]","e_type":"WIKILINK"},{"st":56,"eIdx":3,"ancestor":"-2","en":54,"cwStateCd":"FIXED","ne_type":"TIME","cwSelIdx":[],"type":"ENTITY","keyword":"[2010]","e_type":"NEW"}],"wikiPageId":555252,"pIdx":1,"text":"<플렌스부르크>(. )는 [독일] 북부 [슐레스비히홀슈타인_주]에 있는 도시이다. 인구 88,511([2010])."}