{"result":[{"verbs":[],"text":"<폴란드계_미국인>(Polish Americans)은 [폴란드인] 계통의 [미국인]을 말한다."},{"verbs":[{"word_id":9,"ancestor":["1-3"],"verb":"차지","cwStateCd":"FIXED","cwSelIdx":8}],"text":"대략 천만명의 <폴란드계_미국인>이 살고 있으며, [미국] 인구에서 약 3.2%를 차지한다."},{"verbs":[{"word_id":5,"ancestor":"-2","verb":"시작","cwStateCd":"FIXED","cwSelIdx":[]},{"word_id":8,"ancestor":"-2","verb":"같","cwStateCd":"FIXED","cwSelIdx":[]},{"word_id":12,"ancestor":["1-7","1-8"],"verb":"세우","cwStateCd":"FIXED","cwSelIdx":[22,23]}],"text":"그들의 정착은 [미국]의 [식민지] 시절부터 시작되었고 [카지미에시_푸와스키]와 [타데우시_코시치우슈코] 같은 인물들은 [미국_독립_전쟁]에 공을 세웠다."},{"verbs":[{"word_id":7,"ancestor":["1-13","1-14","1-15"],"verb":"의하","cwStateCd":"FIXED","cwSelIdx":[33,34,35]},{"word_id":8,"ancestor":["1-12"],"verb":"분할","cwStateCd":"FIXED","cwSelIdx":32},{"word_id":12,"ancestor":["1-12"],"verb":"얻","cwStateCd":"FIXED","cwSelIdx":32},{"word_id":14,"ancestor":"-1","verb":"수많","cwStateCd":"FIXED","cwSelIdx":[]}],"text":"[1795년]과 [1917년] 사이에 <폴란드>가 [러시아], [오스트리아], [프로이센]에 의하여 분할되는 시기부터 자신들의 주권을 얻을 때까지 수많은 [폴란드] 이민들이 [미국]으로 들어왔다."}],"globalSId":[2846240,2846241,2846242,2846243],"entities":[{"st":0,"eIdx":0,"ancestor":"","en":10,"ne_type":"","keyword":"<폴란드계_미국인>","e_type":"ELU"},{"st":30,"eIdx":1,"ancestor":"","en":36,"ne_type":"","keyword":"[폴란드인]","e_type":"WIKILINK"},{"st":41,"eIdx":2,"ancestor":"","en":46,"ne_type":"","keyword":"[미국인]","e_type":"WIKILINK"},{"st":61,"eIdx":3,"ancestor":"","en":71,"ne_type":"","keyword":"<폴란드계_미국인>","e_type":"ELU"},{"st":81,"eIdx":4,"ancestor":"","en":85,"ne_type":"","keyword":"[미국]","e_type":"WIKILINK"},{"st":113,"eIdx":5,"ancestor":"1-4","en":116,"cwStateCd":"FIXED","ne_type":"ORGANIZATION","cwSelIdx":11,"type":"ENTITY","keyword":"[미국]","e_type":"NEW"},{"st":119,"eIdx":6,"ancestor":"","en":124,"ne_type":"","keyword":"[식민지]","e_type":"WIKILINK"},{"st":136,"eIdx":7,"ancestor":"","en":148,"ne_type":"","keyword":"[카지미에시_푸와스키]","e_type":"WIKILINK"},{"st":150,"eIdx":8,"ancestor":"","en":163,"ne_type":"","keyword":"[타데우시_코시치우슈코]","e_type":"WIKILINK"},{"st":172,"eIdx":9,"ancestor":"","en":182,"ne_type":"","keyword":"[미국_독립_전쟁]","e_type":"WIKILINK"},{"st":192,"eIdx":10,"ancestor":"","en":199,"ne_type":"","keyword":"[1795년]","e_type":"WIKILINK"},{"st":201,"eIdx":11,"ancestor":"","en":208,"ne_type":"","keyword":"[1917년]","e_type":"WIKILINK"},{"st":213,"eIdx":12,"ancestor":"","en":218,"ne_type":"","keyword":"<폴란드>","e_type":"ELU"},{"st":220,"eIdx":13,"ancestor":"","en":225,"ne_type":"","keyword":"[러시아]","e_type":"WIKILINK"},{"st":227,"eIdx":14,"ancestor":"","en":234,"ne_type":"","keyword":"[오스트리아]","e_type":"WIKILINK"},{"st":236,"eIdx":15,"ancestor":"","en":242,"ne_type":"","keyword":"[프로이센]","e_type":"WIKILINK"},{"st":278,"eIdx":16,"ancestor":"1-12","en":282,"cwStateCd":"FIXED","ne_type":"LOCATION","cwSelIdx":32,"type":"ENTITY","keyword":"[폴란드]","e_type":"NEW"},{"st":289,"eIdx":17,"ancestor":"1-5","en":292,"cwStateCd":"FIXED","ne_type":"LOCATION","cwSelIdx":18,"type":"ENTITY","keyword":"[미국]","e_type":"NEW"}],"wikiPageId":816885,"pIdx":1,"text":"<폴란드계_미국인>(Polish Americans)은 [폴란드인] 계통의 [미국인]을 말한다. 대략 천만명의 <폴란드계_미국인>이 살고 있으며, [미국] 인구에서 약 3.2%를 차지한다. 그들의 정착은 [미국]의 [식민지] 시절부터 시작되었고 [카지미에시_푸와스키]와 [타데우시_코시치우슈코] 같은 인물들은 [미국_독립_전쟁]에 공을 세웠다. [1795년]과 [1917년] 사이에 <폴란드>가 [러시아], [오스트리아], [프로이센]에 의하여 분할되는 시기부터 자신들의 주권을 얻을 때까지 수많은 [폴란드] 이민들이 [미국]으로 들어왔다."}