{"result":[{"verbs":[{"word_id":7,"ancestor":["19-2"],"verb":"작고","cwStateCd":"FIXED","cwSelIdx":6},{"word_id":14,"ancestor":["10-0"],"verb":"받들","cwStateCd":"FIXED","cwSelIdx":0},{"word_id":15,"ancestor":["10-0"],"verb":"수학","cwStateCd":"FIXED","cwSelIdx":0},{"word_id":20,"ancestor":["10-0"],"verb":"읽","cwStateCd":"FIXED","cwSelIdx":0},{"word_id":23,"ancestor":["10-0"],"verb":"생활","cwStateCd":"FIXED","cwSelIdx":0}],"text":"그는 [김장생]으로부터 《근사록(近思錄)》·《심경(心經)》·《가례(家禮)》 등을 배웠고, [1641년] [김장생]이 작고하자 다시 그의 아들인 신독재 [김집_(1574년)]을 스승으로 받들고 수학하였는데, 이때부터 전적으로 주자의 글을 읽으며 주자의 예학대로 생활하였다."}],"globalSId":[407552],"entities":[{"st":3,"eIdx":0,"ancestor":"","en":8,"ne_type":"","keyword":"[김장생]","e_type":"WIKILINK"},{"st":50,"eIdx":1,"ancestor":"","en":57,"ne_type":"","keyword":"[1641년]","e_type":"WIKILINK"},{"st":58,"eIdx":2,"ancestor":"","en":63,"ne_type":"","keyword":"[김장생]","e_type":"WIKILINK"},{"st":84,"eIdx":3,"ancestor":"","en":96,"ne_type":"","keyword":"[김집_(1574년)]","e_type":"WIKILINK"}],"wikiPageId":43203,"pIdx":19,"text":"그는 [김장생]으로부터 《근사록(近思錄)》·《심경(心經)》·《가례(家禮)》 등을 배웠고, [1641년] [김장생]이 작고하자 다시 그의 아들인 신독재 [김집_(1574년)]을 스승으로 받들고 수학하였는데, 이때부터 전적으로 주자의 글을 읽으며 주자의 예학대로 생활하였다."}