{"result":[{"verbs":[{"word_id":1,"ancestor":"-2","verb":"비","cwStateCd":"FIXED","cwSelIdx":[]},{"word_id":3,"ancestor":"-2","verb":"극명","cwStateCd":"FIXED","cwSelIdx":[]},{"word_id":9,"ancestor":"-2","verb":"낮","cwStateCd":"FIXED","cwSelIdx":[]}],"text":"SDRAM에 비해 가장 극명한 변화는 공급 전압이 2.5V에서 1.8V로 낮아진 점이다."},{"verbs":[{"word_id":3,"ancestor":"-2","verb":"낮","cwStateCd":"FIXED","cwSelIdx":[]},{"word_id":12,"ancestor":"-2","verb":"적응","cwStateCd":"FIXED","cwSelIdx":[]},{"word_id":16,"ancestor":"-2","verb":"지우","cwStateCd":"FIXED","cwSelIdx":[]},{"word_id":17,"ancestor":"-2","verb":"깊","cwStateCd":"FIXED","cwSelIdx":[]},{"word_id":20,"ancestor":"-2","verb":"빠지","cwStateCd":"FIXED","cwSelIdx":[]},{"word_id":28,"ancestor":"-2","verb":"얻","cwStateCd":"FIXED","cwSelIdx":[]}],"text":"메모리 재충전(DRAM refresh)이 낮은 온도에서 덜 필요한 점을 이용하여 재충전 회수를 온도에 적응시키며, 메모리의 모든 내용을 지우고 \"깊은 절전 모드\"에 빠질 수 있게 해서 추가적인 전력 소모 절감을 얻는다."},{"verbs":[{"word_id":3,"ancestor":"-2","verb":"작아지","cwStateCd":"FIXED","cwSelIdx":[]},{"word_id":7,"ancestor":"-2","verb":"줄어들","cwStateCd":"FIXED","cwSelIdx":[]}],"text":"또한 메모리 칩은 작아지고 기판 면적 점유가 줄어든다."},{"verbs":[{"word_id":14,"ancestor":"-2","verb":"같","cwStateCd":"FIXED","cwSelIdx":[]},{"word_id":15,"ancestor":"-2","verb":"다양","cwStateCd":"FIXED","cwSelIdx":[]}],"text":"[삼성전자]와 [마이크론_테크놀로지]은 이 기술의 두 최대 공급자로 [애플_(기업)]의 [아이패드], [삼성전자]의 [갤럭시탭]과 [모토로라]의 [드로이드_X] 등과 같은 다양한 태블릿 기기에 공급하고 있다."}],"globalSId":[2566059,2566060,2566061,2566062],"entities":[{"st":204,"eIdx":0,"ancestor":"","en":210,"ne_type":"","keyword":"[삼성전자]","e_type":"WIKILINK"},{"st":212,"eIdx":1,"ancestor":"","en":224,"ne_type":"","keyword":"[마이크론_테크놀로지]","e_type":"WIKILINK"},{"st":242,"eIdx":2,"ancestor":"","en":251,"ne_type":"","keyword":"[애플_(기업)]","e_type":"WIKILINK"},{"st":253,"eIdx":3,"ancestor":"","en":259,"ne_type":"","keyword":"[아이패드]","e_type":"WIKILINK"},{"st":261,"eIdx":4,"ancestor":"","en":267,"ne_type":"","keyword":"[삼성전자]","e_type":"WIKILINK"},{"st":269,"eIdx":5,"ancestor":"","en":275,"ne_type":"","keyword":"[갤럭시탭]","e_type":"WIKILINK"},{"st":277,"eIdx":6,"ancestor":"","en":283,"ne_type":"","keyword":"[모토로라]","e_type":"WIKILINK"},{"st":285,"eIdx":7,"ancestor":"","en":293,"ne_type":"","keyword":"[드로이드_X]","e_type":"WIKILINK"}],"wikiPageId":680318,"pIdx":3,"text":"SDRAM에 비해 가장 극명한 변화는 공급 전압이 2.5V에서 1.8V로 낮아진 점이다. 메모리 재충전(DRAM refresh)이 낮은 온도에서 덜 필요한 점을 이용하여 재충전 회수를 온도에 적응시키며, 메모리의 모든 내용을 지우고 \"깊은 절전 모드\"에 빠질 수 있게 해서 추가적인 전력 소모 절감을 얻는다. 또한 메모리 칩은 작아지고 기판 면적 점유가 줄어든다. [삼성전자]와 [마이크론_테크놀로지]은 이 기술의 두 최대 공급자로 [애플_(기업)]의 [아이패드], [삼성전자]의 [갤럭시탭]과 [모토로라]의 [드로이드_X] 등과 같은 다양한 태블릿 기기에 공급하고 있다."}