{"result":[{"verbs":[{"word_id":1,"ancestor":"-2","verb":"신성","cwStateCd":"FIXED","cwSelIdx":[]},{"word_id":4,"ancestor":"-2","verb":"쌓","cwStateCd":"FIXED","cwSelIdx":[]},{"word_id":6,"ancestor":"-2","verb":"비유","cwStateCd":"FIXED","cwSelIdx":[]},{"word_id":12,"ancestor":"-2","verb":"다루","cwStateCd":"FIXED","cwSelIdx":[]},{"word_id":16,"ancestor":["7-0"],"verb":"집필","cwStateCd":"FIXED","cwSelIdx":0},{"word_id":18,"ancestor":["14-5"],"verb":"일으키","cwStateCd":"FIXED","cwSelIdx":15}],"text":"[1988년]에는 신성한 가정을 모래로 쌓은 집에 비유하며 [삼각관계], 남편의 [외도], [이혼]을 정면으로 다룬 [MBC] 드라마 《[모래성_(드라마)]》를 집필하여 화제를 일으켰다."},{"verbs":[{"word_id":1,"ancestor":"-2","verb":"부유","cwStateCd":"FIXED","cwSelIdx":[]},{"word_id":12,"ancestor":"-2","verb":"하","cwStateCd":"FIXED","cwSelIdx":[]}],"text":"《[모래성_(드라마)]》은 부유한 40대 후반의 변호사 남편([박근형] 역)이 처녀 [세희]([김청] 역)와 불륜의 사랑을 하고, 그 사실을 안 아내([김혜자] 역)가 이혼을 감행한다는 줄거리의 드라마이다."},{"verbs":[{"word_id":1,"ancestor":"-2","verb":"치","cwStateCd":"FIXED","cwSelIdx":[]},{"word_id":2,"ancestor":"-2","verb":"떨","cwStateCd":"FIXED","cwSelIdx":[]},{"word_id":4,"ancestor":"-2","verb":"격렬하","cwStateCd":"FIXED","cwSelIdx":[]},{"word_id":5,"ancestor":"-2","verb":"생생하","cwStateCd":"FIXED","cwSelIdx":[]},{"word_id":7,"ancestor":"-2","verb":"처절","cwStateCd":"FIXED","cwSelIdx":[]},{"word_id":14,"ancestor":"-2","verb":"못","cwStateCd":"FIXED","cwSelIdx":[]},{"word_id":19,"ancestor":"-2","verb":"느끼","cwStateCd":"FIXED","cwSelIdx":[]},{"word_id":20,"ancestor":"-2","verb":"열렬","cwStateCd":"FIXED","cwSelIdx":[]},{"word_id":22,"ancestor":"-2","verb":"얻","cwStateCd":"FIXED","cwSelIdx":[]},{"word_id":30,"ancestor":"-2","verb":"비하","cwStateCd":"FIXED","cwSelIdx":[]},{"word_id":32,"ancestor":"-2","verb":"걸리","cwStateCd":"FIXED","cwSelIdx":[]},{"word_id":34,"ancestor":"-2","verb":"불","cwStateCd":"FIXED","cwSelIdx":[]},{"word_id":37,"ancestor":"-2","verb":"들","cwStateCd":"FIXED","cwSelIdx":[]}],"text":"배신감에 치를 떠는 여주인공의 격렬하고 생생한 대사와 처절한 복수심 표출 묘사로, 여성 시청자들로부터는 '여자들이 못하는 말을 대신 해줘 쾌감을 느꼈다'는 열렬한 지지를 얻었으나, 남자들로부터는 \"한 여자의 지아비이자 한 가정의 가장을 비하해서 <남성혐오>에 걸리게 하는 불건강한 드라마\"라는 악평을 들었다."}],"globalSId":[413142,413143,413144],"entities":[{"st":0,"eIdx":0,"ancestor":"","en":7,"ne_type":"","keyword":"[1988년]","e_type":"WIKILINK"},{"st":33,"eIdx":1,"ancestor":"","en":39,"ne_type":"","keyword":"[삼각관계]","e_type":"WIKILINK"},{"st":45,"eIdx":2,"ancestor":"","en":49,"ne_type":"","keyword":"[외도]","e_type":"WIKILINK"},{"st":51,"eIdx":3,"ancestor":"","en":55,"ne_type":"","keyword":"[이혼]","e_type":"WIKILINK"},{"st":65,"eIdx":4,"ancestor":"","en":70,"ne_type":"","keyword":"[MBC]","e_type":"WIKILINK"},{"st":76,"eIdx":5,"ancestor":"","en":87,"ne_type":"","keyword":"[모래성_(드라마)]","e_type":"WIKILINK"},{"st":106,"eIdx":6,"ancestor":"","en":117,"ne_type":"","keyword":"[모래성_(드라마)]","e_type":"WIKILINK"},{"st":139,"eIdx":7,"ancestor":"","en":144,"ne_type":"","keyword":"[박근형]","e_type":"WIKILINK"},{"st":152,"eIdx":8,"ancestor":"-2","en":155,"cwStateCd":"FIXED","ne_type":"PERSON","cwSelIdx":[],"type":"ENTITY","keyword":"[세희]","e_type":"NEW"},{"st":157,"eIdx":9,"ancestor":"","en":161,"ne_type":"","keyword":"[김청]","e_type":"WIKILINK"},{"st":189,"eIdx":10,"ancestor":"","en":194,"ne_type":"","keyword":"[김혜자]","e_type":"WIKILINK"},{"st":358,"eIdx":11,"ancestor":"","en":364,"ne_type":"","keyword":"<남성혐오>","e_type":"ELU"}],"wikiPageId":43793,"pIdx":14,"text":"[1988년]에는 신성한 가정을 모래로 쌓은 집에 비유하며 [삼각관계], 남편의 [외도], [이혼]을 정면으로 다룬 [MBC] 드라마 《[모래성_(드라마)]》를 집필하여 화제를 일으켰다. 《[모래성_(드라마)]》은 부유한 40대 후반의 변호사 남편([박근형] 역)이 처녀 [세희]([김청] 역)와 불륜의 사랑을 하고, 그 사실을 안 아내([김혜자] 역)가 이혼을 감행한다는 줄거리의 드라마이다. 배신감에 치를 떠는 여주인공의 격렬하고 생생한 대사와 처절한 복수심 표출 묘사로, 여성 시청자들로부터는 '여자들이 못하는 말을 대신 해줘 쾌감을 느꼈다'는 열렬한 지지를 얻었으나, 남자들로부터는 \"한 여자의 지아비이자 한 가정의 가장을 비하해서 <남성혐오>에 걸리게 하는 불건강한 드라마\"라는 악평을 들었다."}