{"result":[{"verbs":[{"word_id":10,"ancestor":"-2","verb":"이","cwStateCd":"FIXED","cwSelIdx":[]},{"word_id":11,"ancestor":["4-0"],"verb":"출시","cwStateCd":"FIXED","cwSelIdx":0}],"text":"[삼성전자]는 [2011년] [5월] [4일]에 11.6인치 화면을 가진 시리즈9을 [한국] 시장에 이어서 출시하였다."},{"verbs":[{"word_id":6,"ancestor":"-2","verb":"제외","cwStateCd":"FIXED","cwSelIdx":[]},{"word_id":9,"ancestor":"-2","verb":"동일","cwStateCd":"FIXED","cwSelIdx":[]},{"word_id":11,"ancestor":"-2","verb":"출시","cwStateCd":"FIXED","cwSelIdx":[]}],"text":"11.6인치 버전은 화면크기와 [중앙_처리_장치]가 [인텔_코어]인 점만을 제외하면 13.3인치 버전과 동일한 사양으로 출시되었다."},{"verbs":[{"word_id":1,"ancestor":"-2","verb":"작아지","cwStateCd":"FIXED","cwSelIdx":[]},{"word_id":4,"ancestor":"-2","verb":"줄","cwStateCd":"FIXED","cwSelIdx":[]},{"word_id":8,"ancestor":"-2","verb":"동일","cwStateCd":"FIXED","cwSelIdx":[]}],"text":"크기가 작아지면서 무게는 으로 줄었으나 두께는 13.3인치 버전과 동일하였다."},{"verbs":[{"word_id":7,"ancestor":["4-7"],"verb":"되","cwStateCd":"FIXED","cwSelIdx":37},{"word_id":11,"ancestor":["4-7"],"verb":"출시","cwStateCd":"FIXED","cwSelIdx":37}],"text":"두달 뒤 11.6인치 버전의 [중앙_처리_장치]는 [인텔_코어]으로 업그레이드 되어 다시 [한국] 시장에 출시되었다."},{"verbs":[{"word_id":5,"ancestor":"-2","verb":"대항","cwStateCd":"FIXED","cwSelIdx":[]},{"word_id":9,"ancestor":"-2","verb":"만들","cwStateCd":"FIXED","cwSelIdx":[]},{"word_id":11,"ancestor":"-2","verb":"하","cwStateCd":"FIXED","cwSelIdx":[]},{"word_id":13,"ancestor":"-2","verb":"작","cwStateCd":"FIXED","cwSelIdx":[]},{"word_id":18,"ancestor":"-2","verb":"인","cwStateCd":"FIXED","cwSelIdx":[]},{"word_id":21,"ancestor":"-2","verb":"단정","cwStateCd":"FIXED","cwSelIdx":[]},{"word_id":25,"ancestor":"-2","verb":"중단","cwStateCd":"FIXED","cwSelIdx":[]}],"text":"초기의 제품 전략은 [애플_(기업)]의 [맥북_에어]에 대항할 수 있는 제품군을 만들어 경쟁을 하려고 했으나 작은 화면 모델의 판매 저조로 인하여 그해 말에 단정되었고 해외 출시 계획도 중단되었다."},{"verbs":[{"word_id":7,"ancestor":"-2","verb":"도입","cwStateCd":"FIXED","cwSelIdx":[]},{"word_id":13,"ancestor":"-2","verb":"출시","cwStateCd":"FIXED","cwSelIdx":[]}],"text":"11인치 모델 대신 그 후에 15인치급 모델이 도입되어 순차적으로 [한국] 시장과 해외 시장으로 출시되게 된다."}],"globalSId":[3269312,3269313,3269314,3269315,3269316,3269317],"entities":[{"st":0,"eIdx":0,"ancestor":"","en":6,"ne_type":"","keyword":"[삼성전자]","e_type":"WIKILINK"},{"st":8,"eIdx":1,"ancestor":"-2","en":14,"cwStateCd":"FIXED","ne_type":"TIME","cwSelIdx":[],"type":"ENTITY","keyword":"[2011년]","e_type":"NEW"},{"st":16,"eIdx":2,"ancestor":"-2","en":19,"cwStateCd":"FIXED","ne_type":"TIME","cwSelIdx":[],"type":"ENTITY","keyword":"[5월]","e_type":"NEW"},{"st":21,"eIdx":3,"ancestor":"-2","en":24,"cwStateCd":"FIXED","ne_type":"TIME","cwSelIdx":[],"type":"ENTITY","keyword":"[4일]","e_type":"NEW"},{"st":47,"eIdx":4,"ancestor":"","en":51,"ne_type":"","keyword":"[한국]","e_type":"WIKILINK"},{"st":84,"eIdx":5,"ancestor":"","en":94,"ne_type":"","keyword":"[중앙_처리_장치]","e_type":"WIKILINK"},{"st":96,"eIdx":6,"ancestor":"","en":103,"ne_type":"","keyword":"[인텔_코어]","e_type":"WIKILINK"},{"st":201,"eIdx":7,"ancestor":"","en":211,"ne_type":"","keyword":"[중앙_처리_장치]","e_type":"WIKILINK"},{"st":213,"eIdx":8,"ancestor":"","en":220,"ne_type":"","keyword":"[인텔_코어]","e_type":"WIKILINK"},{"st":235,"eIdx":9,"ancestor":"","en":239,"ne_type":"","keyword":"[한국]","e_type":"WIKILINK"},{"st":262,"eIdx":10,"ancestor":"","en":271,"ne_type":"","keyword":"[애플_(기업)]","e_type":"WIKILINK"},{"st":273,"eIdx":11,"ancestor":"","en":280,"ne_type":"","keyword":"[맥북_에어]","e_type":"WIKILINK"},{"st":399,"eIdx":12,"ancestor":"","en":403,"ne_type":"","keyword":"[한국]","e_type":"WIKILINK"}],"wikiPageId":1063092,"pIdx":4,"text":"[삼성전자]는 [2011년] [5월] [4일]에 11.6인치 화면을 가진 시리즈9을 [한국] 시장에 이어서 출시하였다. 11.6인치 버전은 화면크기와 [중앙_처리_장치]가 [인텔_코어]인 점만을 제외하면 13.3인치 버전과 동일한 사양으로 출시되었다. 크기가 작아지면서 무게는 으로 줄었으나 두께는 13.3인치 버전과 동일하였다. 두달 뒤 11.6인치 버전의 [중앙_처리_장치]는 [인텔_코어]으로 업그레이드 되어 다시 [한국] 시장에 출시되었다. 초기의 제품 전략은 [애플_(기업)]의 [맥북_에어]에 대항할 수 있는 제품군을 만들어 경쟁을 하려고 했으나 작은 화면 모델의 판매 저조로 인하여 그해 말에 단정되었고 해외 출시 계획도 중단되었다. 11인치 모델 대신 그 후에 15인치급 모델이 도입되어 순차적으로 [한국] 시장과 해외 시장으로 출시되게 된다."}