{"result":[{"verbs":[{"word_id":5,"ancestor":["31-3"],"verb":"통하","cwStateCd":"FIXED","cwSelIdx":3},{"word_id":9,"ancestor":["31-3","31-4"],"verb":"작업","cwStateCd":"FIXED","cwSelIdx":[3,6]},{"word_id":10,"ancestor":["31-3"],"verb":"알리","cwStateCd":"FIXED","cwSelIdx":3}],"text":"[2009년] [6월] [8일], [타블로]는 블로그를 통해 [플래닛_쉬버]와 함께 \"[Remixing_the_Human_Soul]\"을 작업한다고 알렸다."},{"verbs":[{"word_id":3,"ancestor":["31-3"],"verb":"발매","cwStateCd":"FIXED","cwSelIdx":3},{"word_id":9,"ancestor":"-2","verb":"만들","cwStateCd":"FIXED","cwSelIdx":[]},{"word_id":11,"ancestor":["31-3"],"verb":"발매","cwStateCd":"FIXED","cwSelIdx":3},{"word_id":12,"ancestor":["31-3"],"verb":"밝히","cwStateCd":"FIXED","cwSelIdx":3}],"text":"원래 디지털 음반으로 발매할 예정이었으나 결과적으로 완전히 다른 음악이 만들어져 음반으로 발매한다\u201D라고 밝혔다."},{"verbs":[{"word_id":5,"ancestor":["31-3"],"verb":"걸치","cwStateCd":"FIXED","cwSelIdx":3},{"word_id":11,"ancestor":["31-3"],"verb":"결성","cwStateCd":"FIXED","cwSelIdx":3},{"word_id":13,"ancestor":["31-3"],"verb":"부르","cwStateCd":"FIXED","cwSelIdx":3},{"word_id":15,"ancestor":"-2","verb":"해당","cwStateCd":"FIXED","cwSelIdx":[]},{"word_id":17,"ancestor":["31-3"],"verb":"받","cwStateCd":"FIXED","cwSelIdx":3}],"text":"[2009년] [7월] [4일], [7월] [11일]에 걸쳐 [무한도전] [올림픽대로_듀엣가요제]에서 [정형돈]과 듀엣인 \u2018<무한도전_올림픽대로_듀엣가요제>\u2019을 결성해 〈바베큐〉를 불러 3등에 해당하는 은상을 받았다."}],"globalSId":[564404,564405,564406],"entities":[{"st":0,"eIdx":0,"ancestor":"-2","en":6,"cwStateCd":"FIXED","ne_type":"TIME","cwSelIdx":[],"type":"ENTITY","keyword":"[2009년]","e_type":"NEW"},{"st":8,"eIdx":1,"ancestor":"-2","en":11,"cwStateCd":"FIXED","ne_type":"TIME","cwSelIdx":[],"type":"ENTITY","keyword":"[6월]","e_type":"NEW"},{"st":13,"eIdx":2,"ancestor":"-2","en":16,"cwStateCd":"FIXED","ne_type":"TIME","cwSelIdx":[],"type":"ENTITY","keyword":"[8일]","e_type":"NEW"},{"st":19,"eIdx":3,"ancestor":"","en":24,"ne_type":"","keyword":"[타블로]","e_type":"WIKILINK"},{"st":34,"eIdx":4,"ancestor":"","en":42,"ne_type":"","keyword":"[플래닛_쉬버]","e_type":"WIKILINK"},{"st":48,"eIdx":5,"ancestor":"","en":73,"ne_type":"","keyword":"[Remixing_the_Human_Soul]","e_type":"WIKILINK"},{"st":150,"eIdx":6,"ancestor":"-2","en":156,"cwStateCd":"FIXED","ne_type":"TIME","cwSelIdx":[],"type":"ENTITY","keyword":"[2009년]","e_type":"NEW"},{"st":158,"eIdx":7,"ancestor":"-2","en":161,"cwStateCd":"FIXED","ne_type":"TIME","cwSelIdx":[],"type":"ENTITY","keyword":"[7월]","e_type":"NEW"},{"st":163,"eIdx":8,"ancestor":"-2","en":166,"cwStateCd":"FIXED","ne_type":"TIME","cwSelIdx":[],"type":"ENTITY","keyword":"[4일]","e_type":"NEW"},{"st":169,"eIdx":9,"ancestor":"-2","en":172,"cwStateCd":"FIXED","ne_type":"TIME","cwSelIdx":[],"type":"ENTITY","keyword":"[7월]","e_type":"NEW"},{"st":174,"eIdx":10,"ancestor":"-2","en":178,"cwStateCd":"FIXED","ne_type":"TIME","cwSelIdx":[],"type":"ENTITY","keyword":"[11일]","e_type":"NEW"},{"st":184,"eIdx":11,"ancestor":"","en":190,"ne_type":"","keyword":"[무한도전]","e_type":"WIKILINK"},{"st":191,"eIdx":12,"ancestor":"","en":204,"ne_type":"","keyword":"[올림픽대로_듀엣가요제]","e_type":"WIKILINK"},{"st":207,"eIdx":13,"ancestor":"","en":212,"ne_type":"","keyword":"[정형돈]","e_type":"WIKILINK"},{"st":219,"eIdx":14,"ancestor":"","en":237,"ne_type":"","keyword":"<무한도전_올림픽대로_듀엣가요제>","e_type":"ELU"}],"wikiPageId":68556,"pIdx":31,"text":"[2009년] [6월] [8일], [타블로]는 블로그를 통해 [플래닛_쉬버]와 함께 \"[Remixing_the_Human_Soul]\"을 작업한다고 알렸다. 원래 디지털 음반으로 발매할 예정이었으나 결과적으로 완전히 다른 음악이 만들어져 음반으로 발매한다\u201D라고 밝혔다. [2009년] [7월] [4일], [7월] [11일]에 걸쳐 [무한도전] [올림픽대로_듀엣가요제]에서 [정형돈]과 듀엣인 \u2018<무한도전_올림픽대로_듀엣가요제>\u2019을 결성해 〈바베큐〉를 불러 3등에 해당하는 은상을 받았다."}