{"result":[{"verbs":[{"word_id":4,"ancestor":["1-4"],"verb":"있","cwStateCd":"FIXED","cwSelIdx":5},{"word_id":6,"ancestor":["1-5"],"verb":"위치","cwStateCd":"FIXED","cwSelIdx":7},{"word_id":8,"ancestor":["1-0"],"verb":"개최","cwStateCd":"FIXED","cwSelIdx":0}],"text":"[2021년_세계_육상_선수권_대회]는 [2021년]에 [미국] [오리건_주]에 있는 [유진_(오리건_주)]에 위치한 [헤이워드_필드]에서 개최될 예정이다."}],"globalSId":[3564016],"entities":[{"st":1,"eIdx":0,"ancestor":"-2","en":17,"cwStateCd":"FIXED","ne_type":"ETC","cwSelIdx":[],"type":"ENTITY","keyword":"2021년_세계_육상_선수권_대회","e_type":"NEW"},{"st":22,"eIdx":1,"ancestor":"","en":29,"ne_type":"","keyword":"[2021년]","e_type":"WIKILINK"},{"st":31,"eIdx":2,"ancestor":"","en":35,"ne_type":"","keyword":"[미국]","e_type":"WIKILINK"},{"st":36,"eIdx":3,"ancestor":"","en":43,"ne_type":"","keyword":"[오리건_주]","e_type":"WIKILINK"},{"st":48,"eIdx":4,"ancestor":"","en":60,"ne_type":"","keyword":"[유진_(오리건_주)]","e_type":"WIKILINK"},{"st":66,"eIdx":5,"ancestor":"","en":75,"ne_type":"","keyword":"[헤이워드_필드]","e_type":"WIKILINK"}],"wikiPageId":1309168,"pIdx":1,"text":"[2021년_세계_육상_선수권_대회]는 [2021년]에 [미국] [오리건_주]에 있는 [유진_(오리건_주)]에 위치한 [헤이워드_필드]에서 개최될 예정이다."}