{"result":[{"verbs":[{"word_id":6,"ancestor":["1-0"],"verb":"거치","cwStateCd":"FIXED","cwSelIdx":0}],"text":"<칠곡대로>(Chilgok-daero)는 [대한민국]의 [경상북도] [칠곡군] [북삼읍]에서 [지천면]을 거쳐 연결하는 도로이다."}],"globalSId":[3215435],"entities":[{"st":0,"eIdx":0,"ancestor":"","en":6,"ne_type":"","keyword":"<칠곡대로>","e_type":"ELU"},{"st":23,"eIdx":1,"ancestor":"","en":29,"ne_type":"","keyword":"[대한민국]","e_type":"WIKILINK"},{"st":31,"eIdx":2,"ancestor":"","en":37,"ne_type":"","keyword":"[경상북도]","e_type":"WIKILINK"},{"st":38,"eIdx":3,"ancestor":"","en":43,"ne_type":"","keyword":"[칠곡군]","e_type":"WIKILINK"},{"st":44,"eIdx":4,"ancestor":"","en":49,"ne_type":"","keyword":"[북삼읍]","e_type":"WIKILINK"},{"st":52,"eIdx":5,"ancestor":"","en":57,"ne_type":"","keyword":"[지천면]","e_type":"WIKILINK"}],"wikiPageId":1024150,"pIdx":1,"text":"<칠곡대로>(Chilgok-daero)는 [대한민국]의 [경상북도] [칠곡군] [북삼읍]에서 [지천면]을 거쳐 연결하는 도로이다."}