{"result":[{"verbs":[{"word_id":3,"ancestor":"-2","verb":"있","cwStateCd":"FIXED","cwSelIdx":[]}],"text":"<이구메니차>()는 [그리스] 북서부에 있는 해안 도시로, [테스프로티아_현]의 중심 도시이다."},{"verbs":[],"text":"면적(광역)은 426.6㎢, 인구는 25,814명([2011])이다."}],"globalSId":[1943768,1943769],"entities":[{"st":0,"eIdx":0,"ancestor":"","en":7,"ne_type":"","keyword":"<이구메니차>","e_type":"ELU"},{"st":11,"eIdx":1,"ancestor":"","en":16,"ne_type":"","keyword":"[그리스]","e_type":"WIKILINK"},{"st":33,"eIdx":2,"ancestor":"","en":43,"ne_type":"","keyword":"[테스프로티아_현]","e_type":"WIKILINK"},{"st":83,"eIdx":3,"ancestor":"-1","en":77,"cwStateCd":"FIXED","ne_type":"TIME","cwSelIdx":0,"type":"ENTITY","keyword":"2011","e_type":"NEW"}],"wikiPageId":399258,"pIdx":1,"text":"<이구메니차>()는 [그리스] 북서부에 있는 해안 도시로, [테스프로티아_현]의 중심 도시이다. 면적(광역)은 426.6㎢, 인구는 25,814명([2011])이다."}