{"result":[{"verbs":[],"text":"《Nan》은 [핑클]의 멤버 출신 [옥주현]의 첫 솔로앨범이다."},{"verbs":[{"word_id":5,"ancestor":["1-1"],"verb":"받","cwStateCd":"FIXED","cwSelIdx":4}],"text":"[팝페라] 형식의 타이틀곡 난으로 사랑을 받았다."}],"globalSId":[2042281,2042282],"entities":[{"st":7,"eIdx":0,"ancestor":"","en":11,"ne_type":"","keyword":"[핑클]","e_type":"WIKILINK"},{"st":19,"eIdx":1,"ancestor":"","en":24,"ne_type":"","keyword":"[옥주현]","e_type":"WIKILINK"},{"st":37,"eIdx":2,"ancestor":"-2","en":38,"cwStateCd":"FIXED","ne_type":"ETC","cwSelIdx":[],"type":"ENTITY","keyword":"팝페라","e_type":"NEW"}],"wikiPageId":440038,"pIdx":1,"text":"《Nan》은 [핑클]의 멤버 출신 [옥주현]의 첫 솔로앨범이다. [팝페라] 형식의 타이틀곡 난으로 사랑을 받았다."}