{"result":[{"verbs":[],"text":"[AFC_아약스]가 리그 최다 우승팀으로 33회 우승을 하였고, [PSV_아인트호벤]이 21회, [페예노르트]가 14회 우승을 하였다."},{"verbs":[{"word_id":3,"ancestor":"-2","verb":"언급","cwStateCd":"FIXED","cwSelIdx":[]},{"word_id":6,"ancestor":"-2","verb":"제외","cwStateCd":"FIXED","cwSelIdx":[]}],"text":"1965-66시즌부터 현재까지 앞에서 언급한 세 팀을 제외하곤 [AZ]가 두 번 (1980-81, 2008-09), [FC_트벤터]가 한 번 (2009-10) 우승을 하였다."},{"verbs":[],"text":"[대한민국] 선수로는 [허정무], [노정윤], [석현준], [박지성], [이영표], [이천수], [송종국], [김남일] 등이 에레디비시에서 뛰었다."}],"globalSId":[847371,847372,847373],"entities":[{"st":0,"eIdx":0,"ancestor":"","en":9,"ne_type":"","keyword":"[AFC_아약스]","e_type":"WIKILINK"},{"st":36,"eIdx":1,"ancestor":"","en":47,"ne_type":"","keyword":"[PSV_아인트호벤]","e_type":"WIKILINK"},{"st":54,"eIdx":2,"ancestor":"","en":61,"ne_type":"","keyword":"[페예노르트]","e_type":"WIKILINK"},{"st":111,"eIdx":3,"ancestor":"","en":115,"ne_type":"","keyword":"[AZ]","e_type":"WIKILINK"},{"st":141,"eIdx":4,"ancestor":"","en":149,"ne_type":"","keyword":"[FC_트벤터]","e_type":"WIKILINK"},{"st":174,"eIdx":5,"ancestor":"","en":180,"ne_type":"","keyword":"[대한민국]","e_type":"WIKILINK"},{"st":186,"eIdx":6,"ancestor":"","en":191,"ne_type":"","keyword":"[허정무]","e_type":"WIKILINK"},{"st":193,"eIdx":7,"ancestor":"","en":198,"ne_type":"","keyword":"[노정윤]","e_type":"WIKILINK"},{"st":200,"eIdx":8,"ancestor":"","en":205,"ne_type":"","keyword":"[석현준]","e_type":"WIKILINK"},{"st":207,"eIdx":9,"ancestor":"","en":212,"ne_type":"","keyword":"[박지성]","e_type":"WIKILINK"},{"st":214,"eIdx":10,"ancestor":"","en":219,"ne_type":"","keyword":"[이영표]","e_type":"WIKILINK"},{"st":221,"eIdx":11,"ancestor":"","en":226,"ne_type":"","keyword":"[이천수]","e_type":"WIKILINK"},{"st":228,"eIdx":12,"ancestor":"","en":233,"ne_type":"","keyword":"[송종국]","e_type":"WIKILINK"},{"st":235,"eIdx":13,"ancestor":"","en":240,"ne_type":"","keyword":"[김남일]","e_type":"WIKILINK"}],"wikiPageId":115477,"pIdx":3,"text":"[AFC_아약스]가 리그 최다 우승팀으로 33회 우승을 하였고, [PSV_아인트호벤]이 21회, [페예노르트]가 14회 우승을 하였다. 1965-66시즌부터 현재까지 앞에서 언급한 세 팀을 제외하곤 [AZ]가 두 번 (1980-81, 2008-09), [FC_트벤터]가 한 번 (2009-10) 우승을 하였다. [대한민국] 선수로는 [허정무], [노정윤], [석현준], [박지성], [이영표], [이천수], [송종국], [김남일] 등이 에레디비시에서 뛰었다."}