{"result":[{"verbs":[{"word_id":0,"ancestor":"-2","verb":"신비","cwStateCd":"FIXED","cwSelIdx":[]},{"word_id":2,"ancestor":"-2","verb":"신","cwStateCd":"FIXED","cwSelIdx":[]},{"word_id":5,"ancestor":"-2","verb":"유명","cwStateCd":"FIXED","cwSelIdx":[]}],"text":"《신비한 바다의 <신비한_바다의_나디아>》(, )는 《[신세기_에반게리온]》으로도 유명한 [안노_히데아키]가 처음으로 감독한 TV 방영작이자 [가이낙스]의 첫 TV [애니메이션]이다."},{"verbs":[{"word_id":5,"ancestor":["1-0"],"verb":"방영","cwStateCd":"FIXED","cwSelIdx":2}],"text":"[일본]에서는 [1990년]에서 [1991년]까지 총 39화로 방영되었다."},{"verbs":[{"word_id":3,"ancestor":"-2","verb":"하","cwStateCd":"FIXED","cwSelIdx":[]}],"text":"[쥘_베른]의 《[해저_2만리]》를 원작으로 한 해양 모험극이다."},{"verbs":[{"word_id":5,"ancestor":["1-0"],"verb":"제작","cwStateCd":"FIXED","cwSelIdx":2}],"text":"하지만 원작보다 규모가 더 크게 제작되었다."},{"verbs":[{"word_id":0,"ancestor":"-2","verb":"자유분방","cwStateCd":"FIXED","cwSelIdx":[]},{"word_id":8,"ancestor":"-2","verb":"잦","cwStateCd":"FIXED","cwSelIdx":[]},{"word_id":10,"ancestor":["1-0"],"verb":"빚","cwStateCd":"FIXED","cwSelIdx":2},{"word_id":12,"ancestor":["1-0"],"verb":"유명","cwStateCd":"FIXED","cwSelIdx":2}],"text":"자유분방한 [가이낙스]의 분위기 때문에 방송사인 [NHK]와 표현 문제로 잦은 마찰을 빚은 것으로 유명하다."}],"globalSId":[305514,305515,305516,305517,305518],"entities":[{"st":9,"eIdx":0,"ancestor":"","en":22,"ne_type":"","keyword":"<신비한_바다의_나디아>","e_type":"ELU"},{"st":30,"eIdx":1,"ancestor":"","en":41,"ne_type":"","keyword":"[신세기_에반게리온]","e_type":"WIKILINK"},{"st":50,"eIdx":2,"ancestor":"","en":59,"ne_type":"","keyword":"[안노_히데아키]","e_type":"WIKILINK"},{"st":79,"eIdx":3,"ancestor":"","en":85,"ne_type":"","keyword":"[가이낙스]","e_type":"WIKILINK"},{"st":92,"eIdx":4,"ancestor":"","en":99,"ne_type":"","keyword":"[애니메이션]","e_type":"WIKILINK"},{"st":104,"eIdx":5,"ancestor":"-2","en":104,"cwStateCd":"FIXED","ne_type":"LOCATION","cwSelIdx":[],"type":"ENTITY","keyword":"일본","e_type":"NEW"},{"st":112,"eIdx":6,"ancestor":"-2","en":115,"cwStateCd":"FIXED","ne_type":"TIME","cwSelIdx":[],"type":"ENTITY","keyword":"1990년","e_type":"NEW"},{"st":122,"eIdx":7,"ancestor":"-2","en":125,"cwStateCd":"FIXED","ne_type":"TIME","cwSelIdx":[],"type":"ENTITY","keyword":"1991년","e_type":"NEW"},{"st":145,"eIdx":8,"ancestor":"","en":151,"ne_type":"","keyword":"[쥘_베른]","e_type":"WIKILINK"},{"st":154,"eIdx":9,"ancestor":"","en":162,"ne_type":"","keyword":"[해저_2만리]","e_type":"WIKILINK"},{"st":213,"eIdx":10,"ancestor":"","en":219,"ne_type":"","keyword":"[가이낙스]","e_type":"WIKILINK"},{"st":234,"eIdx":11,"ancestor":"","en":239,"ne_type":"","keyword":"[NHK]","e_type":"WIKILINK"}],"wikiPageId":31693,"pIdx":1,"text":"《신비한 바다의 <신비한_바다의_나디아>》(, )는 《[신세기_에반게리온]》으로도 유명한 [안노_히데아키]가 처음으로 감독한 TV 방영작이자 [가이낙스]의 첫 TV [애니메이션]이다. [일본]에서는 [1990년]에서 [1991년]까지 총 39화로 방영되었다. [쥘_베른]의 《[해저_2만리]》를 원작으로 한 해양 모험극이다. 하지만 원작보다 규모가 더 크게 제작되었다. 자유분방한 [가이낙스]의 분위기 때문에 방송사인 [NHK]와 표현 문제로 잦은 마찰을 빚은 것으로 유명하다."}