{"result":[{"verbs":[{"word_id":8,"ancestor":["1-0"],"verb":"태어나","cwStateCd":"FIXED","cwSelIdx":0},{"word_id":19,"ancestor":["1-0"],"verb":"되","cwStateCd":"FIXED","cwSelIdx":0}],"text":"<웨일스의_메우드> (, [1869년] [11월_26일]~[1938년] [11월_20일])는 [에드워드_7세]와 [덴마크의_알렉산드라] 사이에서 태어난 딸로, [노르웨이의_호콘_7세]와 결혼하였으나, [노르웨이_의회]가 그를 [노르웨이의_군주]으로 선출하면서 그녀 역시 [노르웨이의_군주_배우자]가 되었다."},{"verbs":[{"word_id":6,"ancestor":["1-0"],"verb":"겸하","cwStateCd":"FIXED","cwSelIdx":0}],"text":"그녀는 [1380년] 이래로 [덴마크]나 [스웨덴]의 [왕비]를 겸하지 않은 최초의 [노르웨이의_군주_배우자]이다."}],"globalSId":[2384564,2384565],"entities":[{"st":0,"eIdx":0,"ancestor":"","en":10,"ne_type":"","keyword":"<웨일스의_메우드>","e_type":"ELU"},{"st":14,"eIdx":1,"ancestor":"","en":21,"ne_type":"","keyword":"[1869년]","e_type":"WIKILINK"},{"st":22,"eIdx":2,"ancestor":"","en":31,"ne_type":"","keyword":"[11월_26일]","e_type":"WIKILINK"},{"st":32,"eIdx":3,"ancestor":"","en":39,"ne_type":"","keyword":"[1938년]","e_type":"WIKILINK"},{"st":40,"eIdx":4,"ancestor":"","en":49,"ne_type":"","keyword":"[11월_20일]","e_type":"WIKILINK"},{"st":52,"eIdx":5,"ancestor":"","en":61,"ne_type":"","keyword":"[에드워드_7세]","e_type":"WIKILINK"},{"st":63,"eIdx":6,"ancestor":"","en":75,"ne_type":"","keyword":"[덴마크의_알렉산드라]","e_type":"WIKILINK"},{"st":89,"eIdx":7,"ancestor":"","en":102,"ne_type":"","keyword":"[노르웨이의_호콘_7세]","e_type":"WIKILINK"},{"st":112,"eIdx":8,"ancestor":"-2","en":120,"cwStateCd":"FIXED","ne_type":"ORGANIZATION","cwSelIdx":[],"type":"ENTITY","keyword":"[노르웨이_의회]","e_type":"NEW"},{"st":126,"eIdx":9,"ancestor":"","en":136,"ne_type":"","keyword":"[노르웨이의_군주]","e_type":"WIKILINK"},{"st":151,"eIdx":10,"ancestor":"","en":165,"ne_type":"","keyword":"[노르웨이의_군주_배우자]","e_type":"WIKILINK"},{"st":176,"eIdx":11,"ancestor":"","en":183,"ne_type":"","keyword":"[1380년]","e_type":"WIKILINK"},{"st":188,"eIdx":12,"ancestor":"","en":193,"ne_type":"","keyword":"[덴마크]","e_type":"WIKILINK"},{"st":195,"eIdx":13,"ancestor":"","en":200,"ne_type":"","keyword":"[스웨덴]","e_type":"WIKILINK"},{"st":202,"eIdx":14,"ancestor":"","en":206,"ne_type":"","keyword":"[왕비]","e_type":"WIKILINK"},{"st":219,"eIdx":15,"ancestor":"","en":233,"ne_type":"","keyword":"[노르웨이의_군주_배우자]","e_type":"WIKILINK"}],"wikiPageId":596507,"pIdx":1,"text":"<웨일스의_메우드> (, [1869년] [11월_26일]~[1938년] [11월_20일])는 [에드워드_7세]와 [덴마크의_알렉산드라] 사이에서 태어난 딸로, [노르웨이의_호콘_7세]와 결혼하였으나, [노르웨이_의회]가 그를 [노르웨이의_군주]으로 선출하면서 그녀 역시 [노르웨이의_군주_배우자]가 되었다. 그녀는 [1380년] 이래로 [덴마크]나 [스웨덴]의 [왕비]를 겸하지 않은 최초의 [노르웨이의_군주_배우자]이다."}