{"result":[{"verbs":[],"text":"<스코틀랜드>의 제1장관(; ; )은 [스코틀랜드] [스코틀랜드_정부]를 이끄는 수반이다."},{"verbs":[{"word_id":3,"ancestor":"-2","verb":"구성","cwStateCd":"FIXED","cwSelIdx":[]},{"word_id":4,"ancestor":"-2","verb":"의결","cwStateCd":"FIXED","cwSelIdx":[]},{"word_id":6,"ancestor":"-2","verb":"집행","cwStateCd":"FIXED","cwSelIdx":[]}],"text":"[스코틀랜드] 정부 각료를 구성하고 의결된 정책을 집행하며 다른 나라로부터 <스코틀랜드>를 대표한다."},{"verbs":[{"word_id":1,"ancestor":"-2","verb":"오르","cwStateCd":"FIXED","cwSelIdx":[]},{"word_id":2,"ancestor":"-2","verb":"위하","cwStateCd":"FIXED","cwSelIdx":[]},{"word_id":5,"ancestor":"-2","verb":"선출","cwStateCd":"FIXED","cwSelIdx":[]},{"word_id":8,"ancestor":"-2","verb":"지명","cwStateCd":"FIXED","cwSelIdx":[]}],"text":"제1장관에 오르기 위해서는 [스코틀랜드_의회] 의원으로부터 선출된 후 [영국의_군주]에게 지명받아야 한다."},{"verbs":[],"text":"현재 제1장관은 [스코틀랜드_국민당] 소속의 [니컬라_스터전]이다."}],"globalSId":[3931368,3931369,3931370,3931371],"entities":[{"st":0,"eIdx":0,"ancestor":"","en":7,"ne_type":"","keyword":"<스코틀랜드>","e_type":"ELU"},{"st":21,"eIdx":1,"ancestor":"","en":28,"ne_type":"","keyword":"[스코틀랜드]","e_type":"WIKILINK"},{"st":29,"eIdx":2,"ancestor":"","en":39,"ne_type":"","keyword":"[스코틀랜드_정부]","e_type":"WIKILINK"},{"st":51,"eIdx":3,"ancestor":"1-1","en":57,"cwStateCd":"FIXED","ne_type":"ORGANIZATION","cwSelIdx":4,"type":"ENTITY","keyword":"[스코틀랜드]","e_type":"NEW"},{"st":93,"eIdx":4,"ancestor":"","en":100,"ne_type":"","keyword":"<스코틀랜드>","e_type":"ELU"},{"st":123,"eIdx":5,"ancestor":"","en":133,"ne_type":"","keyword":"[스코틀랜드_의회]","e_type":"WIKILINK"},{"st":147,"eIdx":6,"ancestor":"","en":155,"ne_type":"","keyword":"[영국의_군주]","e_type":"WIKILINK"},{"st":177,"eIdx":7,"ancestor":"","en":188,"ne_type":"","keyword":"[스코틀랜드_국민당]","e_type":"WIKILINK"},{"st":193,"eIdx":8,"ancestor":"","en":202,"ne_type":"","keyword":"[니컬라_스터전]","e_type":"WIKILINK"}],"wikiPageId":1721014,"pIdx":1,"text":"<스코틀랜드>의 제1장관(; ; )은 [스코틀랜드] [스코틀랜드_정부]를 이끄는 수반이다. [스코틀랜드] 정부 각료를 구성하고 의결된 정책을 집행하며 다른 나라로부터 <스코틀랜드>를 대표한다. 제1장관에 오르기 위해서는 [스코틀랜드_의회] 의원으로부터 선출된 후 [영국의_군주]에게 지명받아야 한다. 현재 제1장관은 [스코틀랜드_국민당] 소속의 [니컬라_스터전]이다."}