{"result":[{"verbs":[],"text":"생애."},{"verbs":[{"word_id":7,"ancestor":"-2","verb":"태어나","cwStateCd":"FIXED","cwSelIdx":[]}],"text":"그는 [펠리페_5세]와 그의 아내 [이사벨_디_파르네시오] 사이에서 삼남으로 태어났다."},{"verbs":[{"word_id":9,"ancestor":["2-2"],"verb":"넘어가","cwStateCd":"FIXED","cwSelIdx":9}],"text":"[파르마_공국]은 외가인 [파르네세_가문]의 통치를 받았으나, 대가 끊켜 [스페인] 왕실로 넘어가게 되었다."},{"verbs":[{"word_id":2,"ancestor":"-2","verb":"인","cwStateCd":"FIXED","cwSelIdx":[]},{"word_id":6,"ancestor":"-2","verb":"양도","cwStateCd":"FIXED","cwSelIdx":[]},{"word_id":9,"ancestor":"-2","verb":"얻","cwStateCd":"FIXED","cwSelIdx":[]}],"text":"그러나 [폴란드_왕위_계승_전쟁]으로 인하여, [오스트리아_대공국]에게 [파르마_공국]과 [토스카나_대공국]을 양도하고, [나폴리_왕국]과 [시칠리아_왕국]을 얻게 되었다."},{"verbs":[{"word_id":3,"ancestor":["2-12"],"verb":"패","cwStateCd":"FIXED","cwSelIdx":33},{"word_id":7,"ancestor":["2-14"],"verb":"얻","cwStateCd":"FIXED","cwSelIdx":36},{"word_id":13,"ancestor":"-2","verb":"많","cwStateCd":"FIXED","cwSelIdx":[]},{"word_id":19,"ancestor":"-2","verb":"되","cwStateCd":"FIXED","cwSelIdx":[]},{"word_id":21,"ancestor":"-2","verb":"결정","cwStateCd":"FIXED","cwSelIdx":[]},{"word_id":25,"ancestor":"-2","verb":"시작","cwStateCd":"FIXED","cwSelIdx":[]}],"text":"그러나 [7년_전쟁]에서 [오스트리아]가 패하여, [엑스라샤펠_조약]으로 <스페인>은 [파르마]까지 얻게 되었고, 그의 형인 [카를로스_3세]는 이미 많은 작위를 가지고 있었으므로, [펠리페]가 [파르마의_군주]이 되는 것으로 결정되었으며, [파르마_공국]에서는 [부르봉파르마_가문]의 통치가 시작된다."}],"globalSId":[2364487,2364488,2364489,2364490,2364491],"entities":[{"st":7,"eIdx":0,"ancestor":"","en":15,"ne_type":"","keyword":"[펠리페_5세]","e_type":"WIKILINK"},{"st":23,"eIdx":1,"ancestor":"","en":36,"ne_type":"","keyword":"[이사벨_디_파르네시오]","e_type":"WIKILINK"},{"st":53,"eIdx":2,"ancestor":"","en":61,"ne_type":"","keyword":"[파르마_공국]","e_type":"WIKILINK"},{"st":67,"eIdx":3,"ancestor":"","en":76,"ne_type":"","keyword":"[파르네세_가문]","e_type":"WIKILINK"},{"st":94,"eIdx":4,"ancestor":"-2","en":98,"cwStateCd":"FIXED","ne_type":"ORGANIZATION","cwSelIdx":[],"type":"ENTITY","keyword":"[스페인]","e_type":"NEW"},{"st":118,"eIdx":5,"ancestor":"","en":132,"ne_type":"","keyword":"[폴란드_왕위_계승_전쟁]","e_type":"WIKILINK"},{"st":140,"eIdx":6,"ancestor":"","en":151,"ne_type":"","keyword":"[오스트리아_대공국]","e_type":"WIKILINK"},{"st":154,"eIdx":7,"ancestor":"","en":162,"ne_type":"","keyword":"[파르마_공국]","e_type":"WIKILINK"},{"st":164,"eIdx":8,"ancestor":"","en":174,"ne_type":"","keyword":"[토스카나_대공국]","e_type":"WIKILINK"},{"st":182,"eIdx":9,"ancestor":"","en":190,"ne_type":"","keyword":"[나폴리_왕국]","e_type":"WIKILINK"},{"st":192,"eIdx":10,"ancestor":"","en":201,"ne_type":"","keyword":"[시칠리아_왕국]","e_type":"WIKILINK"},{"st":215,"eIdx":11,"ancestor":"","en":222,"ne_type":"","keyword":"[7년_전쟁]","e_type":"WIKILINK"},{"st":225,"eIdx":12,"ancestor":"","en":232,"ne_type":"","keyword":"[오스트리아]","e_type":"WIKILINK"},{"st":239,"eIdx":13,"ancestor":"","en":249,"ne_type":"","keyword":"[엑스라샤펠_조약]","e_type":"WIKILINK"},{"st":252,"eIdx":14,"ancestor":"","en":257,"ne_type":"","keyword":"<스페인>","e_type":"ELU"},{"st":259,"eIdx":15,"ancestor":"","en":264,"ne_type":"","keyword":"[파르마]","e_type":"WIKILINK"},{"st":281,"eIdx":16,"ancestor":"","en":290,"ne_type":"","keyword":"[카를로스_3세]","e_type":"WIKILINK"},{"st":313,"eIdx":17,"ancestor":"-2","en":317,"cwStateCd":"FIXED","ne_type":"PERSON","cwSelIdx":[],"type":"ENTITY","keyword":"[펠리페]","e_type":"NEW"},{"st":320,"eIdx":18,"ancestor":"","en":329,"ne_type":"","keyword":"[파르마의_군주]","e_type":"WIKILINK"},{"st":346,"eIdx":19,"ancestor":"","en":354,"ne_type":"","keyword":"[파르마_공국]","e_type":"WIKILINK"},{"st":358,"eIdx":20,"ancestor":"","en":369,"ne_type":"","keyword":"[부르봉파르마_가문]","e_type":"WIKILINK"}],"wikiPageId":585033,"pIdx":2,"text":"생애. 그는 [펠리페_5세]와 그의 아내 [이사벨_디_파르네시오] 사이에서 삼남으로 태어났다. [파르마_공국]은 외가인 [파르네세_가문]의 통치를 받았으나, 대가 끊켜 [스페인] 왕실로 넘어가게 되었다. 그러나 [폴란드_왕위_계승_전쟁]으로 인하여, [오스트리아_대공국]에게 [파르마_공국]과 [토스카나_대공국]을 양도하고, [나폴리_왕국]과 [시칠리아_왕국]을 얻게 되었다. 그러나 [7년_전쟁]에서 [오스트리아]가 패하여, [엑스라샤펠_조약]으로 <스페인>은 [파르마]까지 얻게 되었고, 그의 형인 [카를로스_3세]는 이미 많은 작위를 가지고 있었으므로, [펠리페]가 [파르마의_군주]이 되는 것으로 결정되었으며, [파르마_공국]에서는 [부르봉파르마_가문]의 통치가 시작된다."}