{"result":[{"verbs":[{"word_id":16,"ancestor":["1-0"],"verb":"출연","cwStateCd":"FIXED","cwSelIdx":0}],"text":"[토비_레너드_무어](, [1981년] [4월_21일] ~ )는 [오스트레일리아] 출신의 [배우]로, [넷플릭스]의 드라마 《[데어데블_(드라마)]》에서 악당 [킹핀]의 비서 [제임스_웨슬리] 역으로 출연하였다."}],"globalSId":[3717582],"entities":[{"st":0,"eIdx":0,"ancestor":"-2","en":10,"cwStateCd":"FIXED","ne_type":"PERSON","cwSelIdx":[],"type":"ENTITY","keyword":"[토비_레너드_무어]","e_type":"NEW"},{"st":14,"eIdx":1,"ancestor":"","en":21,"ne_type":"","keyword":"[1981년]","e_type":"WIKILINK"},{"st":22,"eIdx":2,"ancestor":"","en":30,"ne_type":"","keyword":"[4월_21일]","e_type":"WIKILINK"},{"st":36,"eIdx":3,"ancestor":"","en":45,"ne_type":"","keyword":"[오스트레일리아]","e_type":"WIKILINK"},{"st":50,"eIdx":4,"ancestor":"","en":54,"ne_type":"","keyword":"[배우]","e_type":"WIKILINK"},{"st":57,"eIdx":5,"ancestor":"","en":63,"ne_type":"","keyword":"[넷플릭스]","e_type":"WIKILINK"},{"st":70,"eIdx":6,"ancestor":"","en":82,"ne_type":"","keyword":"[데어데블_(드라마)]","e_type":"WIKILINK"},{"st":89,"eIdx":7,"ancestor":"-2","en":92,"cwStateCd":"FIXED","ne_type":"ETC","cwSelIdx":[],"type":"ENTITY","keyword":"[킹핀]","e_type":"NEW"},{"st":98,"eIdx":8,"ancestor":"-2","en":106,"cwStateCd":"FIXED","ne_type":"ETC","cwSelIdx":[],"type":"ENTITY","keyword":"[제임스_웨슬리]","e_type":"NEW"}],"wikiPageId":1434327,"pIdx":1,"text":"[토비_레너드_무어](, [1981년] [4월_21일] ~ )는 [오스트레일리아] 출신의 [배우]로, [넷플릭스]의 드라마 《[데어데블_(드라마)]》에서 악당 [킹핀]의 비서 [제임스_웨슬리] 역으로 출연하였다."}