{"result":[{"verbs":[{"word_id":4,"ancestor":["1-0"],"verb":"위치","cwStateCd":"FIXED","cwSelIdx":0}],"text":"[히나세_역]()은 [일본] [오카야마_현] [비젠_시]에 위치한 [서일본_여객철도] [아코_선]의 [철도역]이다."},{"verbs":[{"word_id":4,"ancestor":["1-0"],"verb":"합치","cwStateCd":"FIXED","cwSelIdx":0},{"word_id":10,"ancestor":["1-0"],"verb":"갖추","cwStateCd":"FIXED","cwSelIdx":0}],"text":"[단선_승강장] · [섬식_승강장]의 형태를 합친 2면 3선 구조의 복합 승강장을 갖춘 지상역이다."}],"globalSId":[3863022,3863023],"entities":[{"st":0,"eIdx":0,"ancestor":"-2","en":6,"cwStateCd":"FIXED","ne_type":"LOCATION","cwSelIdx":[],"type":"ENTITY","keyword":"[히나세_역]","e_type":"NEW"},{"st":11,"eIdx":1,"ancestor":"","en":15,"ne_type":"","keyword":"[일본]","e_type":"WIKILINK"},{"st":16,"eIdx":2,"ancestor":"","en":24,"ne_type":"","keyword":"[오카야마_현]","e_type":"WIKILINK"},{"st":25,"eIdx":3,"ancestor":"","en":31,"ne_type":"","keyword":"[비젠_시]","e_type":"WIKILINK"},{"st":37,"eIdx":4,"ancestor":"","en":47,"ne_type":"","keyword":"[서일본_여객철도]","e_type":"WIKILINK"},{"st":48,"eIdx":5,"ancestor":"","en":54,"ne_type":"","keyword":"[아코_선]","e_type":"WIKILINK"},{"st":56,"eIdx":6,"ancestor":"","en":61,"ne_type":"","keyword":"[철도역]","e_type":"WIKILINK"},{"st":65,"eIdx":7,"ancestor":"","en":73,"ne_type":"","keyword":"[단선_승강장]","e_type":"WIKILINK"},{"st":76,"eIdx":8,"ancestor":"","en":84,"ne_type":"","keyword":"[섬식_승강장]","e_type":"WIKILINK"}],"wikiPageId":1638760,"pIdx":1,"text":"[히나세_역]()은 [일본] [오카야마_현] [비젠_시]에 위치한 [서일본_여객철도] [아코_선]의 [철도역]이다. [단선_승강장] · [섬식_승강장]의 형태를 합친 2면 3선 구조의 복합 승강장을 갖춘 지상역이다."}