{"result":[{"verbs":[],"text":"<포스하이메탈>은 [페로망간]을 생산하는 [대한민국]의 기업이다."},{"verbs":[{"word_id":4,"ancestor":["1-4","1-5"],"verb":"합작","cwStateCd":"FIXED","cwSelIdx":[6,7]},{"word_id":5,"ancestor":["1-0"],"verb":"설립","cwStateCd":"FIXED","cwSelIdx":0}],"text":"[2009년]에 [포스코]와 [동부메탈]이 공동으로 합작하여 설립된 회사이다."},{"verbs":[{"word_id":5,"ancestor":["1-0"],"verb":"두","cwStateCd":"FIXED","cwSelIdx":0}],"text":"[대한민국] [전라남도] [광양시] 금호동에 본사를 두고 있다."},{"verbs":[{"word_id":6,"ancestor":"-2","verb":"비롯되","cwStateCd":"FIXED","cwSelIdx":0},{"word_id":12,"ancestor":["1-0"],"verb":"거치","cwStateCd":"FIXED","cwSelIdx":0},{"word_id":18,"ancestor":["1-0"],"verb":"창립","cwStateCd":"FIXED","cwSelIdx":0}],"text":"회사의 시초는 [2009년] [4월]로 양사간의 [MOU]체결에서 비롯되었으며 [7월], 양 사간 합작투자계약 체결을 거쳐 [9월]에 비로소 주식회사 [포스하이메탈] 법인이 창립되었다."}],"globalSId":[2681400,2681401,2681402,2681403],"entities":[{"st":0,"eIdx":0,"ancestor":"","en":8,"ne_type":"","keyword":"<포스하이메탈>","e_type":"ELU"},{"st":10,"eIdx":1,"ancestor":"","en":16,"ne_type":"","keyword":"[페로망간]","e_type":"WIKILINK"},{"st":23,"eIdx":2,"ancestor":"","en":29,"ne_type":"","keyword":"[대한민국]","e_type":"WIKILINK"},{"st":37,"eIdx":3,"ancestor":"-2","en":43,"cwStateCd":"FIXED","ne_type":"TIME","cwSelIdx":[],"type":"ENTITY","keyword":"[2009년]","e_type":"NEW"},{"st":46,"eIdx":4,"ancestor":"","en":51,"ne_type":"","keyword":"[포스코]","e_type":"WIKILINK"},{"st":53,"eIdx":5,"ancestor":"-2","en":58,"cwStateCd":"FIXED","ne_type":"ORGANIZATION","cwSelIdx":[],"type":"ENTITY","keyword":"[동부메탈]","e_type":"NEW"},{"st":81,"eIdx":6,"ancestor":"","en":87,"ne_type":"","keyword":"[대한민국]","e_type":"WIKILINK"},{"st":88,"eIdx":7,"ancestor":"","en":94,"ne_type":"","keyword":"[전라남도]","e_type":"WIKILINK"},{"st":95,"eIdx":8,"ancestor":"","en":100,"ne_type":"","keyword":"[광양시]","e_type":"WIKILINK"},{"st":125,"eIdx":9,"ancestor":"-2","en":131,"cwStateCd":"FIXED","ne_type":"TIME","cwSelIdx":[],"type":"ENTITY","keyword":"[2009년]","e_type":"NEW"},{"st":133,"eIdx":10,"ancestor":"-2","en":136,"cwStateCd":"FIXED","ne_type":"TIME","cwSelIdx":[],"type":"ENTITY","keyword":"[4월]","e_type":"NEW"},{"st":144,"eIdx":11,"ancestor":"","en":149,"ne_type":"","keyword":"[MOU]","e_type":"WIKILINK"},{"st":161,"eIdx":12,"ancestor":"-2","en":164,"cwStateCd":"FIXED","ne_type":"TIME","cwSelIdx":[],"type":"ENTITY","keyword":"[7월]","e_type":"NEW"},{"st":186,"eIdx":13,"ancestor":"-2","en":189,"cwStateCd":"FIXED","ne_type":"TIME","cwSelIdx":[],"type":"ENTITY","keyword":"[9월]","e_type":"NEW"},{"st":201,"eIdx":14,"ancestor":"1-0","en":208,"cwStateCd":"FIXED","ne_type":"ORGANIZATION","cwSelIdx":0,"type":"ENTITY","keyword":"[포스하이메탈]","e_type":"NEW"}],"wikiPageId":733968,"pIdx":1,"text":"<포스하이메탈>은 [페로망간]을 생산하는 [대한민국]의 기업이다. [2009년]에 [포스코]와 [동부메탈]이 공동으로 합작하여 설립된 회사이다. [대한민국] [전라남도] [광양시] 금호동에 본사를 두고 있다. 회사의 시초는 [2009년] [4월]로 양사간의 [MOU]체결에서 비롯되었으며 [7월], 양 사간 합작투자계약 체결을 거쳐 [9월]에 비로소 주식회사 [포스하이메탈] 법인이 창립되었다."}