{"result":[{"verbs":[{"word_id":3,"ancestor":["1-0"],"verb":"속","cwStateCd":"FIXED","cwSelIdx":0}],"text":"[큰귀집박쥐](\"Hypsugo macrotis\")는 [애기박쥐과]에 속하는 [박쥐]의 일종이다."},{"verbs":[{"word_id":3,"ancestor":["1-0"],"verb":"발견","cwStateCd":"FIXED","cwSelIdx":0}],"text":"[브루나이]와 [인도네시아], [말레이시아]에서 발견된다."},{"verbs":[{"word_id":3,"ancestor":["1-0"],"verb":"찾","cwStateCd":"FIXED","cwSelIdx":0},{"word_id":6,"ancestor":"-1","verb":"대","cwStateCd":"FIXED","cwSelIdx":[]},{"word_id":7,"ancestor":["1-0"],"verb":"알려지","cwStateCd":"FIXED","cwSelIdx":0}],"text":"<말레이_반도>의 개펄에서 먹이를 찾지만, 둥지 생활에 대해서는 알려져 있지 않다."},{"verbs":[{"word_id":7,"ancestor":["1-0"],"verb":"위협","cwStateCd":"FIXED","cwSelIdx":0},{"word_id":11,"ancestor":["1-0"],"verb":"미치","cwStateCd":"FIXED","cwSelIdx":0},{"word_id":14,"ancestor":["1-0"],"verb":"적응","cwStateCd":"FIXED","cwSelIdx":0},{"word_id":16,"ancestor":["1-0"],"verb":"알려지","cwStateCd":"FIXED","cwSelIdx":0}],"text":"농경지와 농장을 위한 산림파괴와 벌목, 화재로 서식지가 위협받고 있지만 어떤 영향을 미치는 지, 환경에 적응하고 있는지는 알려져 있지 않다."}],"globalSId":[4004745,4004746,4004747,4004748],"entities":[{"st":1,"eIdx":0,"ancestor":"-2","en":4,"cwStateCd":"FIXED","ne_type":"ETC","cwSelIdx":[],"type":"ENTITY","keyword":"큰귀집박쥐","e_type":"NEW"},{"st":29,"eIdx":1,"ancestor":"","en":36,"ne_type":"","keyword":"[애기박쥐과]","e_type":"WIKILINK"},{"st":42,"eIdx":2,"ancestor":"","en":46,"ne_type":"","keyword":"[박쥐]","e_type":"WIKILINK"},{"st":54,"eIdx":3,"ancestor":"","en":60,"ne_type":"","keyword":"[브루나이]","e_type":"WIKILINK"},{"st":62,"eIdx":4,"ancestor":"","en":69,"ne_type":"","keyword":"[인도네시아]","e_type":"WIKILINK"},{"st":71,"eIdx":5,"ancestor":"","en":78,"ne_type":"","keyword":"[말레이시아]","e_type":"WIKILINK"},{"st":87,"eIdx":6,"ancestor":"","en":95,"ne_type":"","keyword":"<말레이_반도>","e_type":"ELU"}],"wikiPageId":1772507,"pIdx":1,"text":"[큰귀집박쥐](\"Hypsugo macrotis\")는 [애기박쥐과]에 속하는 [박쥐]의 일종이다. [브루나이]와 [인도네시아], [말레이시아]에서 발견된다. <말레이_반도>의 개펄에서 먹이를 찾지만, 둥지 생활에 대해서는 알려져 있지 않다. 농경지와 농장을 위한 산림파괴와 벌목, 화재로 서식지가 위협받고 있지만 어떤 영향을 미치는 지, 환경에 적응하고 있는지는 알려져 있지 않다."}