{"result":[{"verbs":[{"word_id":5,"ancestor":["1-0"],"verb":"위치","cwStateCd":"FIXED","cwSelIdx":0},{"word_id":8,"ancestor":"-2","verb":"하","cwStateCd":"FIXED","cwSelIdx":[]}],"text":"[VfL_보훔](VfL Bochum 1848 e.V.)는 [보훔]에 위치한 [루르슈타디온]을 근거로 하는 [독일]의 [축구] 클럽이다."},{"verbs":[],"text":"현재 감독은 [마르셀_콜러]이다."}],"globalSId":[930544,930545],"entities":[{"st":0,"eIdx":0,"ancestor":"-2","en":7,"cwStateCd":"FIXED","ne_type":"ORGANIZATION","cwSelIdx":[],"type":"ENTITY","keyword":"[VfL_보훔]","e_type":"NEW"},{"st":32,"eIdx":1,"ancestor":"","en":36,"ne_type":"","keyword":"[보훔]","e_type":"WIKILINK"},{"st":42,"eIdx":2,"ancestor":"","en":50,"ne_type":"","keyword":"[루르슈타디온]","e_type":"WIKILINK"},{"st":59,"eIdx":3,"ancestor":"","en":63,"ne_type":"","keyword":"[독일]","e_type":"WIKILINK"},{"st":65,"eIdx":4,"ancestor":"","en":69,"ne_type":"","keyword":"[축구]","e_type":"WIKILINK"},{"st":83,"eIdx":5,"ancestor":"","en":91,"ne_type":"","keyword":"[마르셀_콜러]","e_type":"WIKILINK"}],"wikiPageId":128711,"pIdx":1,"text":"[VfL_보훔](VfL Bochum 1848 e.V.)는 [보훔]에 위치한 [루르슈타디온]을 근거로 하는 [독일]의 [축구] 클럽이다. 현재 감독은 [마르셀_콜러]이다."}