{"result":[{"verbs":[{"word_id":4,"ancestor":["10-0"],"verb":"있","cwStateCd":"FIXED","cwSelIdx":0}],"text":"<오스만_제국>측은 압도적인 군사적 우위에 있었으나, [브와디스와프]는 <오스만_제국>이 [유럽] 전역에 영향을 미칠 힘을 가지고 있다는 것을 인식하지 못했다."},{"verbs":[{"word_id":1,"ancestor":"-1","verb":"인","cwStateCd":"FIXED","cwSelIdx":[]},{"word_id":8,"ancestor":["10-6"],"verb":"되","cwStateCd":"FIXED","cwSelIdx":21}],"text":"그로 인해 [1444년] [11월_10일] [바르나_전투]가 그의 최후의 전투가 될 것이라는 것은 예상하지 못했고 결국 [브와디스와프]는 [술탄]의 직속 친위대 [예니체리]의 돌격을 받고 전사했다."}],"globalSId":[1590598,1590599],"entities":[{"st":0,"eIdx":0,"ancestor":"","en":8,"ne_type":"","keyword":"<오스만_제국>","e_type":"ELU"},{"st":30,"eIdx":1,"ancestor":"1-12","en":37,"cwStateCd":"FIXED","ne_type":"PERSON","cwSelIdx":18,"type":"ENTITY","keyword":"[브와디스와프]","e_type":"NEW"},{"st":40,"eIdx":2,"ancestor":"","en":48,"ne_type":"","keyword":"<오스만_제국>","e_type":"ELU"},{"st":50,"eIdx":3,"ancestor":"-2","en":53,"cwStateCd":"FIXED","ne_type":"LOCATION","cwSelIdx":[],"type":"ENTITY","keyword":"[유럽]","e_type":"NEW"},{"st":96,"eIdx":4,"ancestor":"","en":103,"ne_type":"","keyword":"[1444년]","e_type":"WIKILINK"},{"st":104,"eIdx":5,"ancestor":"","en":113,"ne_type":"","keyword":"[11월_10일]","e_type":"WIKILINK"},{"st":114,"eIdx":6,"ancestor":"","en":122,"ne_type":"","keyword":"[바르나_전투]","e_type":"WIKILINK"},{"st":157,"eIdx":7,"ancestor":"10-1","en":164,"cwStateCd":"FIXED","ne_type":"PERSON","cwSelIdx":5,"type":"ENTITY","keyword":"[브와디스와프]","e_type":"NEW"},{"st":167,"eIdx":8,"ancestor":"-2","en":170,"cwStateCd":"FIXED","ne_type":"PERSON","cwSelIdx":[],"type":"ENTITY","keyword":"[술탄]","e_type":"NEW"},{"st":180,"eIdx":9,"ancestor":"","en":186,"ne_type":"","keyword":"[예니체리]","e_type":"WIKILINK"}],"wikiPageId":286874,"pIdx":10,"text":"<오스만_제국>측은 압도적인 군사적 우위에 있었으나, [브와디스와프]는 <오스만_제국>이 [유럽] 전역에 영향을 미칠 힘을 가지고 있다는 것을 인식하지 못했다. 그로 인해 [1444년] [11월_10일] [바르나_전투]가 그의 최후의 전투가 될 것이라는 것은 예상하지 못했고 결국 [브와디스와프]는 [술탄]의 직속 친위대 [예니체리]의 돌격을 받고 전사했다."}