{"result":[{"verbs":[{"word_id":4,"ancestor":"-2","verb":"이르","cwStateCd":"FIXED","cwSelIdx":[]},{"word_id":12,"ancestor":"-2","verb":"발전","cwStateCd":"FIXED","cwSelIdx":[]}],"text":"[에도_시대]에는 [나가오카_번_(에치고노쿠니)]의 성시였고, 현재에 이르기까지 [니가타_현] 육지부의 중앙부인 [주에쓰](中越) 지방의 중심 도시로서 발전해 왔다."},{"verbs":[],"text":"[다나카_가쿠에이] 전 총리와 그 딸인 [다나카_마키코] 전 외무대신의 [선거구]이기도 한다."},{"verbs":[{"word_id":2,"ancestor":"-2","verb":"유명","cwStateCd":"FIXED","cwSelIdx":[]},{"word_id":5,"ancestor":"-2","verb":"흐르","cwStateCd":"FIXED","cwSelIdx":[]},{"word_id":10,"ancestor":["2-9"],"verb":"열리","cwStateCd":"FIXED","cwSelIdx":33}],"text":"불꽃 왕국으로서 유명하고 시의 중심을 흐르는 [시나노_강]에서는 매년 [8월_13일]에 [나가오카_축제]가 열린다."}],"globalSId":[435109,435110,435111],"entities":[{"st":0,"eIdx":0,"ancestor":"","en":7,"ne_type":"","keyword":"[에도_시대]","e_type":"WIKILINK"},{"st":10,"eIdx":1,"ancestor":"","en":27,"ne_type":"","keyword":"[나가오카_번_(에치고노쿠니)]","e_type":"WIKILINK"},{"st":45,"eIdx":2,"ancestor":"-2","en":51,"cwStateCd":"FIXED","ne_type":"LOCATION","cwSelIdx":[],"type":"ENTITY","keyword":"[니가타_현]","e_type":"NEW"},{"st":63,"eIdx":3,"ancestor":"-2","en":67,"cwStateCd":"FIXED","ne_type":"LOCATION","cwSelIdx":[],"type":"ENTITY","keyword":"[주에쓰]","e_type":"NEW"},{"st":93,"eIdx":4,"ancestor":"","en":103,"ne_type":"","keyword":"[다나카_가쿠에이]","e_type":"WIKILINK"},{"st":115,"eIdx":5,"ancestor":"","en":124,"ne_type":"","keyword":"[다나카_마키코]","e_type":"WIKILINK"},{"st":133,"eIdx":6,"ancestor":"","en":138,"ne_type":"","keyword":"[선거구]","e_type":"WIKILINK"},{"st":171,"eIdx":7,"ancestor":"","en":178,"ne_type":"","keyword":"[시나노_강]","e_type":"WIKILINK"},{"st":185,"eIdx":8,"ancestor":"","en":193,"ne_type":"","keyword":"[8월_13일]","e_type":"WIKILINK"},{"st":195,"eIdx":9,"ancestor":"-2","en":203,"cwStateCd":"FIXED","ne_type":"ETC","cwSelIdx":[],"type":"ENTITY","keyword":"[나가오카_축제]","e_type":"NEW"}],"wikiPageId":45781,"pIdx":2,"text":"[에도_시대]에는 [나가오카_번_(에치고노쿠니)]의 성시였고, 현재에 이르기까지 [니가타_현] 육지부의 중앙부인 [주에쓰](中越) 지방의 중심 도시로서 발전해 왔다. [다나카_가쿠에이] 전 총리와 그 딸인 [다나카_마키코] 전 외무대신의 [선거구]이기도 한다. 불꽃 왕국으로서 유명하고 시의 중심을 흐르는 [시나노_강]에서는 매년 [8월_13일]에 [나가오카_축제]가 열린다."}