{"result":[{"verbs":[{"word_id":8,"ancestor":["1-0"],"verb":"이르","cwStateCd":"FIXED","cwSelIdx":0}],"text":"<산코_선>()은 [일본] [시마네_현] [고쓰_시]의 [고쓰_역]부터 [히로시마_현] [미요시_시_(히로시마_현)]의 [미요시_역_(히로시마_현)]에 이르는 [서일본_여객철도]의 철도 노선(지방 교통선)이다."}],"globalSId":[2782925],"entities":[{"st":0,"eIdx":0,"ancestor":"","en":6,"ne_type":"","keyword":"<산코_선>","e_type":"ELU"},{"st":10,"eIdx":1,"ancestor":"","en":14,"ne_type":"","keyword":"[일본]","e_type":"WIKILINK"},{"st":15,"eIdx":2,"ancestor":"","en":22,"ne_type":"","keyword":"[시마네_현]","e_type":"WIKILINK"},{"st":23,"eIdx":3,"ancestor":"","en":29,"ne_type":"","keyword":"[고쓰_시]","e_type":"WIKILINK"},{"st":31,"eIdx":4,"ancestor":"","en":37,"ne_type":"","keyword":"[고쓰_역]","e_type":"WIKILINK"},{"st":40,"eIdx":5,"ancestor":"","en":48,"ne_type":"","keyword":"[히로시마_현]","e_type":"WIKILINK"},{"st":49,"eIdx":6,"ancestor":"","en":65,"ne_type":"","keyword":"[미요시_시_(히로시마_현)]","e_type":"WIKILINK"},{"st":67,"eIdx":7,"ancestor":"","en":83,"ne_type":"","keyword":"[미요시_역_(히로시마_현)]","e_type":"WIKILINK"},{"st":89,"eIdx":8,"ancestor":"","en":99,"ne_type":"","keyword":"[서일본_여객철도]","e_type":"WIKILINK"}],"wikiPageId":781204,"pIdx":1,"text":"<산코_선>()은 [일본] [시마네_현] [고쓰_시]의 [고쓰_역]부터 [히로시마_현] [미요시_시_(히로시마_현)]의 [미요시_역_(히로시마_현)]에 이르는 [서일본_여객철도]의 철도 노선(지방 교통선)이다."}