{"result":[{"verbs":[{"word_id":3,"ancestor":["1-0"],"verb":"속","cwStateCd":"FIXED","cwSelIdx":0}],"text":"[작은알락박쥐](\"Chalinolobus picatus\")는 [애기박쥐과]에 속하는 [박쥐]의 일종이다."},{"verbs":[{"word_id":6,"ancestor":["1-0"],"verb":"발견","cwStateCd":"FIXED","cwSelIdx":0}],"text":"[오스트레일리아] 동부 지역의 준건조 산림 지역에서만 발견된다."}],"globalSId":[3893138,3893139],"entities":[{"st":0,"eIdx":0,"ancestor":"-2","en":7,"cwStateCd":"FIXED","ne_type":"ETC","cwSelIdx":[],"type":"ENTITY","keyword":"[작은알락박쥐]","e_type":"NEW"},{"st":34,"eIdx":1,"ancestor":"","en":41,"ne_type":"","keyword":"[애기박쥐과]","e_type":"WIKILINK"},{"st":47,"eIdx":2,"ancestor":"","en":51,"ne_type":"","keyword":"[박쥐]","e_type":"WIKILINK"},{"st":59,"eIdx":3,"ancestor":"","en":68,"ne_type":"","keyword":"[오스트레일리아]","e_type":"WIKILINK"}],"wikiPageId":1663279,"pIdx":1,"text":"[작은알락박쥐](\"Chalinolobus picatus\")는 [애기박쥐과]에 속하는 [박쥐]의 일종이다. [오스트레일리아] 동부 지역의 준건조 산림 지역에서만 발견된다."}