{"result":[{"verbs":[{"word_id":3,"ancestor":["1-0"],"verb":"주둔","cwStateCd":"FIXED","cwSelIdx":0},{"word_id":12,"ancestor":["1-0"],"verb":"제공","cwStateCd":"FIXED","cwSelIdx":0}],"text":"[주한_미군_특수작전사령부](駐韓美軍特殊作戰司令部, )는 [대한민국]에 주둔하는 [주한_미군]의 [한반도] 지역 [특수부대] [사령부]로, [한미연합군사령부]에 [특수부대] 전력을 제공한다."}],"globalSId":[2696941],"entities":[{"st":0,"eIdx":0,"ancestor":"-2","en":14,"cwStateCd":"FIXED","ne_type":"ORGANIZATION","cwSelIdx":[],"type":"ENTITY","keyword":"[주한_미군_특수작전사령부]","e_type":"NEW"},{"st":32,"eIdx":1,"ancestor":"","en":38,"ne_type":"","keyword":"[대한민국]","e_type":"WIKILINK"},{"st":45,"eIdx":2,"ancestor":"","en":52,"ne_type":"","keyword":"[주한_미군]","e_type":"WIKILINK"},{"st":54,"eIdx":3,"ancestor":"1-1","en":58,"cwStateCd":"FIXED","ne_type":"LOCATION","cwSelIdx":2,"type":"ENTITY","keyword":"[한반도]","e_type":"NEW"},{"st":63,"eIdx":4,"ancestor":"","en":69,"ne_type":"","keyword":"[특수부대]","e_type":"WIKILINK"},{"st":70,"eIdx":5,"ancestor":"","en":75,"ne_type":"","keyword":"[사령부]","e_type":"WIKILINK"},{"st":78,"eIdx":6,"ancestor":"","en":88,"ne_type":"","keyword":"[한미연합군사령부]","e_type":"WIKILINK"},{"st":90,"eIdx":7,"ancestor":"","en":96,"ne_type":"","keyword":"[특수부대]","e_type":"WIKILINK"}],"wikiPageId":742399,"pIdx":1,"text":"[주한_미군_특수작전사령부](駐韓美軍特殊作戰司令部, )는 [대한민국]에 주둔하는 [주한_미군]의 [한반도] 지역 [특수부대] [사령부]로, [한미연합군사령부]에 [특수부대] 전력을 제공한다."}