{"result":[{"verbs":[{"word_id":4,"ancestor":["1-0"],"verb":"위치","cwStateCd":"FIXED","cwSelIdx":0}],"text":"[스나미_역]()은 [일본] [히로시마_현] [미하라_시]에 위치한 [서일본_여객철도] [구레_선]의 [철도역]이다."},{"verbs":[{"word_id":4,"ancestor":["1-0"],"verb":"갖추","cwStateCd":"FIXED","cwSelIdx":0}],"text":"[상대식_승강장] 2면 2선의 구조를 갖춘 지상역이다."}],"globalSId":[3719935,3719936],"entities":[{"st":0,"eIdx":0,"ancestor":"-2","en":6,"cwStateCd":"FIXED","ne_type":"LOCATION","cwSelIdx":[],"type":"ENTITY","keyword":"[스나미_역]","e_type":"NEW"},{"st":11,"eIdx":1,"ancestor":"","en":15,"ne_type":"","keyword":"[일본]","e_type":"WIKILINK"},{"st":16,"eIdx":2,"ancestor":"","en":24,"ne_type":"","keyword":"[히로시마_현]","e_type":"WIKILINK"},{"st":25,"eIdx":3,"ancestor":"","en":32,"ne_type":"","keyword":"[미하라_시]","e_type":"WIKILINK"},{"st":38,"eIdx":4,"ancestor":"","en":48,"ne_type":"","keyword":"[서일본_여객철도]","e_type":"WIKILINK"},{"st":49,"eIdx":5,"ancestor":"","en":55,"ne_type":"","keyword":"[구레_선]","e_type":"WIKILINK"},{"st":57,"eIdx":6,"ancestor":"","en":62,"ne_type":"","keyword":"[철도역]","e_type":"WIKILINK"},{"st":66,"eIdx":7,"ancestor":"","en":75,"ne_type":"","keyword":"[상대식_승강장]","e_type":"WIKILINK"}],"wikiPageId":1436963,"pIdx":1,"text":"[스나미_역]()은 [일본] [히로시마_현] [미하라_시]에 위치한 [서일본_여객철도] [구레_선]의 [철도역]이다. [상대식_승강장] 2면 2선의 구조를 갖춘 지상역이다."}