{"result":[{"verbs":[],"text":"설명."},{"verbs":[],"text":"[페루] 동부 [로레토_주]의 주도이다."},{"verbs":[],"text":"[페루]의 [아마존_강] 유역 지대의 중심지이다."},{"verbs":[{"word_id":1,"ancestor":"-1","verb":"무덥","cwStateCd":"FIXED","cwSelIdx":[]},{"word_id":2,"ancestor":"-1","verb":"습","cwStateCd":"FIXED","cwSelIdx":[]},{"word_id":5,"ancestor":"-1","verb":"속","cwStateCd":"FIXED","cwSelIdx":[]},{"word_id":10,"ancestor":"-1","verb":"다르","cwStateCd":"FIXED","cwSelIdx":[]}],"text":"연중 무덥고 습한 [열대_우림_기후] 지대에 속하여 [안데스_산맥] 서쪽과는 기후가 완전히 다르다."},{"verbs":[{"word_id":2,"ancestor":"-1","verb":"위치","cwStateCd":"FIXED","cwSelIdx":[]},{"word_id":9,"ancestor":"-1","verb":"떨어지","cwStateCd":"FIXED","cwSelIdx":[]}],"text":"[아마존_강]의 지류에 위치하며, [아마존_강] 하류의 [브라질]의 [벨렝]에서 3,000km 이상이나 떨어져 있는데도 이 곳까지 대형 선박이 들어올 수 있다."},{"verbs":[{"word_id":5,"ancestor":"-1","verb":"건설","cwStateCd":"FIXED","cwSelIdx":[]},{"word_id":10,"ancestor":"-1","verb":"번창","cwStateCd":"FIXED","cwSelIdx":[]},{"word_id":13,"ancestor":"-1","verb":"통하","cwStateCd":"FIXED","cwSelIdx":[]},{"word_id":15,"ancestor":"-1","verb":"진출","cwStateCd":"FIXED","cwSelIdx":[]},{"word_id":19,"ancestor":"-1","verb":"있","cwStateCd":"FIXED","cwSelIdx":[]},{"word_id":22,"ancestor":"-1","verb":"향하","cwStateCd":"FIXED","cwSelIdx":[]}],"text":"시는 [19세기] [고무] 농업의 중심지로 건설되었으며, [19세기] 후반 고무 농업이 번창할 때 [아마존_강]을 통하여 [대서양]으로 진출할 수 있는 위치에 있어 [페루]의 <대서양>으로 향한 문호 역할을 하였다."},{"verbs":[{"word_id":6,"ancestor":"-1","verb":"쇠퇴","cwStateCd":"FIXED","cwSelIdx":[]},{"word_id":10,"ancestor":"-1","verb":"침체","cwStateCd":"FIXED","cwSelIdx":3}],"text":"그러나 [1912년] 이후 <아마존_강>의 고무 경기가 쇠퇴하면서 이 곳도 크게 침체되었다."},{"verbs":[{"word_id":4,"ancestor":"-1","verb":"진행","cwStateCd":"FIXED","cwSelIdx":[]},{"word_id":7,"ancestor":"-1","verb":"모으","cwStateCd":"FIXED","cwSelIdx":[]}],"text":"최근 [페루] 동부의 개발계획이 진행되면서 다시 관심을 모으고 있다."}],"globalSId":[1380186,1380187,1380188,1380189,1380190,1380191,1380192,1380193],"entities":[{"st":4,"eIdx":0,"ancestor":"-2","en":7,"cwStateCd":"FIXED","ne_type":"LOCATION","cwSelIdx":[],"type":"ENTITY","keyword":"[페루]","e_type":"NEW"},{"st":12,"eIdx":1,"ancestor":"","en":19,"ne_type":"","keyword":"[로레토_주]","e_type":"WIKILINK"},{"st":27,"eIdx":2,"ancestor":"2-0","en":30,"cwStateCd":"FIXED","ne_type":"LOCATION","cwSelIdx":1,"type":"ENTITY","keyword":"[페루]","e_type":"NEW"},{"st":33,"eIdx":3,"ancestor":"","en":40,"ne_type":"","keyword":"[아마존_강]","e_type":"WIKILINK"},{"st":65,"eIdx":4,"ancestor":"","en":75,"ne_type":"","keyword":"[열대_우림_기후]","e_type":"WIKILINK"},{"st":84,"eIdx":5,"ancestor":"","en":92,"ne_type":"","keyword":"[안데스_산맥]","e_type":"WIKILINK"},{"st":111,"eIdx":6,"ancestor":"2-3","en":117,"cwStateCd":"FIXED","ne_type":"LOCATION","cwSelIdx":6,"type":"ENTITY","keyword":"[아마존_강]","e_type":"NEW"},{"st":130,"eIdx":7,"ancestor":"2-6","en":136,"cwStateCd":"FIXED","ne_type":"LOCATION","cwSelIdx":21,"type":"ENTITY","keyword":"[아마존_강]","e_type":"NEW"},{"st":142,"eIdx":8,"ancestor":"","en":147,"ne_type":"","keyword":"[브라질]","e_type":"WIKILINK"},{"st":149,"eIdx":9,"ancestor":"","en":153,"ne_type":"","keyword":"[벨렝]","e_type":"WIKILINK"},{"st":204,"eIdx":10,"ancestor":"","en":210,"ne_type":"","keyword":"[19세기]","e_type":"WIKILINK"},{"st":211,"eIdx":11,"ancestor":"","en":215,"ne_type":"","keyword":"[고무]","e_type":"WIKILINK"},{"st":233,"eIdx":12,"ancestor":"-2","en":238,"cwStateCd":"FIXED","ne_type":"TIME","cwSelIdx":[],"type":"ENTITY","keyword":"[19세기]","e_type":"NEW"},{"st":256,"eIdx":13,"ancestor":"2-3","en":262,"cwStateCd":"FIXED","ne_type":"LOCATION","cwSelIdx":6,"type":"ENTITY","keyword":"[아마존_강]","e_type":"NEW"},{"st":269,"eIdx":14,"ancestor":"","en":274,"ne_type":"","keyword":"[대서양]","e_type":"WIKILINK"},{"st":293,"eIdx":15,"ancestor":"2-0","en":296,"cwStateCd":"FIXED","ne_type":"LOCATION","cwSelIdx":1,"type":"ENTITY","keyword":"[페루]","e_type":"NEW"},{"st":299,"eIdx":16,"ancestor":"","en":304,"ne_type":"","keyword":"<대서양>","e_type":"ELU"},{"st":326,"eIdx":17,"ancestor":"","en":333,"ne_type":"","keyword":"[1912년]","e_type":"WIKILINK"},{"st":337,"eIdx":18,"ancestor":"","en":344,"ne_type":"","keyword":"<아마존_강>","e_type":"ELU"},{"st":377,"eIdx":19,"ancestor":"2-0","en":380,"cwStateCd":"FIXED","ne_type":"LOCATION","cwSelIdx":1,"type":"ENTITY","keyword":"[페루]","e_type":"NEW"}],"wikiPageId":237835,"pIdx":2,"text":"설명. [페루] 동부 [로레토_주]의 주도이다. [페루]의 [아마존_강] 유역 지대의 중심지이다. 연중 무덥고 습한 [열대_우림_기후] 지대에 속하여 [안데스_산맥] 서쪽과는 기후가 완전히 다르다. [아마존_강]의 지류에 위치하며, [아마존_강] 하류의 [브라질]의 [벨렝]에서 3,000km 이상이나 떨어져 있는데도 이 곳까지 대형 선박이 들어올 수 있다. 시는 [19세기] [고무] 농업의 중심지로 건설되었으며, [19세기] 후반 고무 농업이 번창할 때 [아마존_강]을 통하여 [대서양]으로 진출할 수 있는 위치에 있어 [페루]의 <대서양>으로 향한 문호 역할을 하였다. 그러나 [1912년] 이후 <아마존_강>의 고무 경기가 쇠퇴하면서 이 곳도 크게 침체되었다. 최근 [페루] 동부의 개발계획이 진행되면서 다시 관심을 모으고 있다."}