{"result":[{"verbs":[],"text":"생애."},{"verbs":[],"text":"[조선민주주의인민공화국] 출신으로 [김정일] 국방위원장의 전처 [성혜림]의 언니 [성혜랑]의 아들이다."},{"verbs":[{"word_id":10,"ancestor":"-2","verb":"가","cwStateCd":"FIXED","cwSelIdx":[]},{"word_id":15,"ancestor":"-2","verb":"밝히","cwStateCd":"FIXED","cwSelIdx":[]},{"word_id":17,"ancestor":"-2","verb":"망명","cwStateCd":"FIXED","cwSelIdx":[]}],"text":"이모 [성혜림] 및 어머니 [성혜랑]과 함께 [조선민주주의인민공화국]을 탈출, [소련]의 [모스크바]로 갔다가 홀로 [1982년_10월], 비행기편으로 귀순의사를 밝히고 [대한민국]에 망명하였다."},{"verbs":[{"word_id":10,"ancestor":["2-12"],"verb":"가","cwStateCd":"FIXED","cwSelIdx":31}],"text":"<이한영>의 망명 이후 [조선민주주의인민공화국] 당국에서는 <이한영>에게 여러 차례 암살 위협을 가하였고 [이한영]은 거처를 옮겨다녔다."}],"globalSId":[2212484,2212485,2212486,2212487],"entities":[{"st":4,"eIdx":0,"ancestor":"-2","en":16,"cwStateCd":"FIXED","ne_type":"LOCATION","cwSelIdx":[],"type":"ENTITY","keyword":"[조선민주주의인민공화국]","e_type":"NEW"},{"st":23,"eIdx":1,"ancestor":"","en":28,"ne_type":"","keyword":"[김정일]","e_type":"WIKILINK"},{"st":39,"eIdx":2,"ancestor":"","en":44,"ne_type":"","keyword":"[성혜림]","e_type":"WIKILINK"},{"st":49,"eIdx":3,"ancestor":"","en":54,"ne_type":"","keyword":"[성혜랑]","e_type":"WIKILINK"},{"st":65,"eIdx":4,"ancestor":"","en":70,"ne_type":"","keyword":"[성혜림]","e_type":"WIKILINK"},{"st":77,"eIdx":5,"ancestor":"","en":82,"ne_type":"","keyword":"[성혜랑]","e_type":"WIKILINK"},{"st":87,"eIdx":6,"ancestor":"","en":100,"ne_type":"","keyword":"[조선민주주의인민공화국]","e_type":"WIKILINK"},{"st":106,"eIdx":7,"ancestor":"-2","en":109,"cwStateCd":"FIXED","ne_type":"LOCATION","cwSelIdx":[],"type":"ENTITY","keyword":"[소련]","e_type":"NEW"},{"st":112,"eIdx":8,"ancestor":"","en":118,"ne_type":"","keyword":"[모스크바]","e_type":"WIKILINK"},{"st":127,"eIdx":9,"ancestor":"-2","en":137,"cwStateCd":"FIXED","ne_type":"TIME","cwSelIdx":[],"type":"ENTITY","keyword":"[1982년_10월]","e_type":"NEW"},{"st":157,"eIdx":10,"ancestor":"","en":163,"ne_type":"","keyword":"[대한민국]","e_type":"WIKILINK"},{"st":172,"eIdx":11,"ancestor":"","en":177,"ne_type":"","keyword":"<이한영>","e_type":"ELU"},{"st":185,"eIdx":12,"ancestor":"2-6","en":197,"cwStateCd":"FIXED","ne_type":"ORGANIZATION","cwSelIdx":16,"type":"ENTITY","keyword":"[조선민주주의인민공화국]","e_type":"NEW"},{"st":205,"eIdx":13,"ancestor":"","en":210,"ne_type":"","keyword":"<이한영>","e_type":"ELU"},{"st":231,"eIdx":14,"ancestor":"2-13","en":235,"cwStateCd":"FIXED","ne_type":"PERSON","cwSelIdx":33,"type":"ENTITY","keyword":"[이한영]","e_type":"NEW"}],"wikiPageId":511908,"pIdx":2,"text":"생애. [조선민주주의인민공화국] 출신으로 [김정일] 국방위원장의 전처 [성혜림]의 언니 [성혜랑]의 아들이다. 이모 [성혜림] 및 어머니 [성혜랑]과 함께 [조선민주주의인민공화국]을 탈출, [소련]의 [모스크바]로 갔다가 홀로 [1982년_10월], 비행기편으로 귀순의사를 밝히고 [대한민국]에 망명하였다. <이한영>의 망명 이후 [조선민주주의인민공화국] 당국에서는 <이한영>에게 여러 차례 암살 위협을 가하였고 [이한영]은 거처를 옮겨다녔다."}