{"result":[{"verbs":[{"word_id":11,"ancestor":["1-0"],"verb":"연주","cwStateCd":"FIXED","cwSelIdx":0}],"text":"<이토_다케시>(, [1954년] [3월_15일] ~ )는 [일본]의 음악가로, [색소폰], [EWI], [플루트] 등을 연주한다."},{"verbs":[{"word_id":5,"ancestor":["1-0"],"verb":"활동","cwStateCd":"FIXED","cwSelIdx":0}],"text":"[일본]의 퓨전[재즈] 밴드 [티스퀘어]의 일원으로 활동하고 있다."}],"globalSId":[1114770,1114771],"entities":[{"st":0,"eIdx":0,"ancestor":"","en":8,"ne_type":"","keyword":"<이토_다케시>","e_type":"ELU"},{"st":11,"eIdx":1,"ancestor":"","en":18,"ne_type":"","keyword":"[1954년]","e_type":"WIKILINK"},{"st":19,"eIdx":2,"ancestor":"","en":27,"ne_type":"","keyword":"[3월_15일]","e_type":"WIKILINK"},{"st":33,"eIdx":3,"ancestor":"","en":37,"ne_type":"","keyword":"[일본]","e_type":"WIKILINK"},{"st":45,"eIdx":4,"ancestor":"","en":50,"ne_type":"","keyword":"[색소폰]","e_type":"WIKILINK"},{"st":52,"eIdx":5,"ancestor":"","en":57,"ne_type":"","keyword":"[EWI]","e_type":"WIKILINK"},{"st":59,"eIdx":6,"ancestor":"","en":64,"ne_type":"","keyword":"[플루트]","e_type":"WIKILINK"},{"st":74,"eIdx":7,"ancestor":"","en":78,"ne_type":"","keyword":"[일본]","e_type":"WIKILINK"},{"st":82,"eIdx":8,"ancestor":"","en":86,"ne_type":"","keyword":"[재즈]","e_type":"WIKILINK"},{"st":90,"eIdx":9,"ancestor":"","en":96,"ne_type":"","keyword":"[티스퀘어]","e_type":"WIKILINK"}],"wikiPageId":168001,"pIdx":1,"text":"<이토_다케시>(, [1954년] [3월_15일] ~ )는 [일본]의 음악가로, [색소폰], [EWI], [플루트] 등을 연주한다. [일본]의 퓨전[재즈] 밴드 [티스퀘어]의 일원으로 활동하고 있다."}