{"result":[{"verbs":[{"word_id":3,"ancestor":["6-0"],"verb":"옹립","cwStateCd":"FIXED","cwSelIdx":0},{"word_id":9,"ancestor":"-1","verb":"삼","cwStateCd":"FIXED","cwSelIdx":[]},{"word_id":11,"ancestor":["6-0"],"verb":"응답","cwStateCd":"FIXED","cwSelIdx":0}],"text":"[이색]도 역시 [창]을 옹립하려고 당연히 전 왕의 아들로 왕을 삼아야 한다고 응답했다."},{"verbs":[{"word_id":8,"ancestor":["6-2"],"verb":"힐문","cwStateCd":"FIXED","cwSelIdx":12},{"word_id":18,"ancestor":["6-4"],"verb":"어기","cwStateCd":"FIXED","cwSelIdx":21},{"word_id":21,"ancestor":["6-4"],"verb":"변명","cwStateCd":"FIXED","cwSelIdx":21},{"word_id":25,"ancestor":["6-4"],"verb":"옹립","cwStateCd":"FIXED","cwSelIdx":21}],"text":"[조선_태조]가 <조민수>에게, 회군 때 했던 말은 어떻게 되었는가하고 힐문하자 <조민수>가 얼굴빛이 변하며, [이색]이 이미 원자를 세우기로 결정했으니 어찌 어길 수 있겠는가라고 변명하며 결국 [창]을 왕으로 옹립했다."},{"verbs":[{"word_id":2,"ancestor":["6-4"],"verb":"폐하","cwStateCd":"FIXED","cwSelIdx":21},{"word_id":4,"ancestor":["6-4"],"verb":"세우","cwStateCd":"FIXED","cwSelIdx":21},{"word_id":7,"ancestor":["6-4"],"verb":"하","cwStateCd":"FIXED","cwSelIdx":21},{"word_id":10,"ancestor":["6-4"],"verb":"되","cwStateCd":"FIXED","cwSelIdx":21}],"text":"이렇게 [고려_우왕]을 폐하고 [고려_창왕]을 세우는 데 중요구실을 하여 [충근양절선위동덕안사공신](忠勤亮節宣威同德安社功臣)에 [양광전라경상서해교주도도통사](楊廣全羅慶尙西海交州道都統使)가 되었다."}],"globalSId":[1551958,1551959,1551960],"entities":[{"st":0,"eIdx":0,"ancestor":"","en":4,"ne_type":"","keyword":"[이색]","e_type":"WIKILINK"},{"st":9,"eIdx":1,"ancestor":"5-13","en":11,"cwStateCd":"FIXED","ne_type":"PERSON","cwSelIdx":27,"type":"ENTITY","keyword":"[창]","e_type":"NEW"},{"st":50,"eIdx":2,"ancestor":"","en":57,"ne_type":"","keyword":"[조선_태조]","e_type":"WIKILINK"},{"st":59,"eIdx":3,"ancestor":"","en":64,"ne_type":"","keyword":"<조민수>","e_type":"ELU"},{"st":95,"eIdx":4,"ancestor":"","en":100,"ne_type":"","keyword":"<조민수>","e_type":"ELU"},{"st":112,"eIdx":5,"ancestor":"","en":116,"ne_type":"","keyword":"[이색]","e_type":"WIKILINK"},{"st":159,"eIdx":6,"ancestor":"6-1","en":161,"cwStateCd":"FIXED","ne_type":"PERSON","cwSelIdx":2,"type":"ENTITY","keyword":"[창]","e_type":"NEW"},{"st":178,"eIdx":7,"ancestor":"","en":185,"ne_type":"","keyword":"[고려_우왕]","e_type":"WIKILINK"},{"st":191,"eIdx":8,"ancestor":"","en":198,"ne_type":"","keyword":"[고려_창왕]","e_type":"WIKILINK"},{"st":215,"eIdx":9,"ancestor":"-1","en":228,"cwStateCd":"FIXED","ne_type":"ETC","cwSelIdx":[],"type":"ENTITY","keyword":"[충근양절선위동덕안사공신]","e_type":"NEW"},{"st":245,"eIdx":10,"ancestor":"-1","en":260,"cwStateCd":"FIXED","ne_type":"ETC","cwSelIdx":[],"type":"ENTITY","keyword":"[양광전라경상서해교주도도통사]","e_type":"NEW"}],"wikiPageId":276535,"pIdx":6,"text":"[이색]도 역시 [창]을 옹립하려고 당연히 전 왕의 아들로 왕을 삼아야 한다고 응답했다. [조선_태조]가 <조민수>에게, 회군 때 했던 말은 어떻게 되었는가하고 힐문하자 <조민수>가 얼굴빛이 변하며, [이색]이 이미 원자를 세우기로 결정했으니 어찌 어길 수 있겠는가라고 변명하며 결국 [창]을 왕으로 옹립했다. 이렇게 [고려_우왕]을 폐하고 [고려_창왕]을 세우는 데 중요구실을 하여 [충근양절선위동덕안사공신](忠勤亮節宣威同德安社功臣)에 [양광전라경상서해교주도도통사](楊廣全羅慶尙西海交州道都統使)가 되었다."}