{"result":[{"verbs":[],"text":"〈Norwegian Wood (This Bird Has Flown)〉은 영국의 록 밴드 [비틀즈]의 노래다."},{"verbs":[{"word_id":4,"ancestor":"-2","verb":"쓰이","cwStateCd":"FIXED","cwSelIdx":[]},{"word_id":7,"ancestor":"-2","verb":"실리","cwStateCd":"FIXED","cwSelIdx":[]},{"word_id":12,"ancestor":"-2","verb":"출시","cwStateCd":"FIXED","cwSelIdx":[]}],"text":"[존_레논]과 [폴_매카트니]의 작곡가 협업으로 쓰였으며 음반 《[Rubber_Soul]》에 실려 [1964년] [12월] [3일] 첫 출시되었다."},{"verbs":[{"word_id":10,"ancestor":"-1","verb":"복잡하","cwStateCd":"FIXED","cwSelIdx":[]},{"word_id":12,"ancestor":"-1","verb":"중대","cwStateCd":"FIXED","cwSelIdx":[]},{"word_id":14,"ancestor":"-2","verb":"간주","cwStateCd":"FIXED","cwSelIdx":[]}],"text":"[밥_딜런]의 자기 성찰적 가사에 음악적으로 영향을 받은 〈Norwegian Wood〉는 <비틀즈>의 복잡한 작곡에서 중대한 시점으로 간주된다."},{"verbs":[{"word_id":5,"ancestor":"-1","verb":"이루어지","cwStateCd":"FIXED","cwSelIdx":[]},{"word_id":8,"ancestor":"-1","verb":"초청","cwStateCd":"FIXED","cwSelIdx":[]}],"text":"또한, 영화 《[헬프!_(영화)]》의 촬영 기간에 이뤄진 곡의 녹음에서 초청된 스튜디오 <음악가>와 [라비_샹카르]가 노래에 사용한 [시타르]는 밴드의 리드 기타연주자 [조지_해리슨]에게 영감을 불어넣었다."}],"globalSId":[4006585,4006586,4006587,4006588],"entities":[{"st":49,"eIdx":0,"ancestor":"","en":54,"ne_type":"","keyword":"[비틀즈]","e_type":"WIKILINK"},{"st":61,"eIdx":1,"ancestor":"","en":67,"ne_type":"","keyword":"[존_레논]","e_type":"WIKILINK"},{"st":69,"eIdx":2,"ancestor":"","en":77,"ne_type":"","keyword":"[폴_매카트니]","e_type":"WIKILINK"},{"st":97,"eIdx":3,"ancestor":"","en":110,"ne_type":"","keyword":"[Rubber_Soul]","e_type":"WIKILINK"},{"st":116,"eIdx":4,"ancestor":"-2","en":122,"cwStateCd":"FIXED","ne_type":"TIME","cwSelIdx":[],"type":"ENTITY","keyword":"[1964년]","e_type":"NEW"},{"st":124,"eIdx":5,"ancestor":"-2","en":128,"cwStateCd":"FIXED","ne_type":"TIME","cwSelIdx":[],"type":"ENTITY","keyword":"[12월]","e_type":"NEW"},{"st":130,"eIdx":6,"ancestor":"-2","en":133,"cwStateCd":"FIXED","ne_type":"TIME","cwSelIdx":[],"type":"ENTITY","keyword":"[3일]","e_type":"NEW"},{"st":144,"eIdx":7,"ancestor":"","en":150,"ne_type":"","keyword":"[밥_딜런]","e_type":"WIKILINK"},{"st":194,"eIdx":8,"ancestor":"","en":199,"ne_type":"","keyword":"<비틀즈>","e_type":"ELU"},{"st":233,"eIdx":9,"ancestor":"","en":243,"ne_type":"","keyword":"[헬프!_(영화)]","e_type":"WIKILINK"},{"st":274,"eIdx":10,"ancestor":"","en":279,"ne_type":"","keyword":"<음악가>","e_type":"ELU"},{"st":281,"eIdx":11,"ancestor":"","en":289,"ne_type":"","keyword":"[라비_샹카르]","e_type":"WIKILINK"},{"st":299,"eIdx":12,"ancestor":"","en":304,"ne_type":"","keyword":"[시타르]","e_type":"WIKILINK"},{"st":319,"eIdx":13,"ancestor":"","en":327,"ne_type":"","keyword":"[조지_해리슨]","e_type":"WIKILINK"}],"wikiPageId":1774413,"pIdx":1,"text":"〈Norwegian Wood (This Bird Has Flown)〉은 영국의 록 밴드 [비틀즈]의 노래다. [존_레논]과 [폴_매카트니]의 작곡가 협업으로 쓰였으며 음반 《[Rubber_Soul]》에 실려 [1964년] [12월] [3일] 첫 출시되었다. [밥_딜런]의 자기 성찰적 가사에 음악적으로 영향을 받은 〈Norwegian Wood〉는 <비틀즈>의 복잡한 작곡에서 중대한 시점으로 간주된다. 또한, 영화 《[헬프!_(영화)]》의 촬영 기간에 이뤄진 곡의 녹음에서 초청된 스튜디오 <음악가>와 [라비_샹카르]가 노래에 사용한 [시타르]는 밴드의 리드 기타연주자 [조지_해리슨]에게 영감을 불어넣었다."}