{"result":[{"verbs":[{"word_id":4,"ancestor":["1-0"],"verb":"창단","cwStateCd":"FIXED","cwSelIdx":0}],"text":"<로트_바이스_알렌>(Rot Weiss Ahlen)은 [1996년]에 창단된 [독일] [노르트라인베스트팔렌_주]의 도시 [알렌_(노르트라인베스트팔렌_주)]의 [축구] 팀으로, 현재 [레기오날리가]에서 활동하고 있다."},{"verbs":[],"text":"[2006년] [6월_1일]까지의 팀 명칭은 [LR_알렌](LR Ahlen)이었다."}],"globalSId":[2392861,2392862],"entities":[{"st":0,"eIdx":0,"ancestor":"","en":11,"ne_type":"","keyword":"<로트_바이스_알렌>","e_type":"ELU"},{"st":30,"eIdx":1,"ancestor":"","en":37,"ne_type":"","keyword":"[1996년]","e_type":"WIKILINK"},{"st":43,"eIdx":2,"ancestor":"","en":47,"ne_type":"","keyword":"[독일]","e_type":"WIKILINK"},{"st":48,"eIdx":3,"ancestor":"","en":62,"ne_type":"","keyword":"[노르트라인베스트팔렌_주]","e_type":"WIKILINK"},{"st":67,"eIdx":4,"ancestor":"","en":86,"ne_type":"","keyword":"[알렌_(노르트라인베스트팔렌_주)]","e_type":"WIKILINK"},{"st":88,"eIdx":5,"ancestor":"","en":92,"ne_type":"","keyword":"[축구]","e_type":"WIKILINK"},{"st":101,"eIdx":6,"ancestor":"","en":109,"ne_type":"","keyword":"[레기오날리가]","e_type":"WIKILINK"},{"st":121,"eIdx":7,"ancestor":"","en":128,"ne_type":"","keyword":"[2006년]","e_type":"WIKILINK"},{"st":129,"eIdx":8,"ancestor":"","en":136,"ne_type":"","keyword":"[6월_1일]","e_type":"WIKILINK"},{"st":146,"eIdx":9,"ancestor":"1-0","en":152,"cwStateCd":"FIXED","ne_type":"ORGANIZATION","cwSelIdx":0,"type":"ENTITY","keyword":"[LR_알렌]","e_type":"NEW"}],"wikiPageId":600973,"pIdx":1,"text":"<로트_바이스_알렌>(Rot Weiss Ahlen)은 [1996년]에 창단된 [독일] [노르트라인베스트팔렌_주]의 도시 [알렌_(노르트라인베스트팔렌_주)]의 [축구] 팀으로, 현재 [레기오날리가]에서 활동하고 있다. [2006년] [6월_1일]까지의 팀 명칭은 [LR_알렌](LR Ahlen)이었다."}