{"result":[{"verbs":[],"text":"<리카오니아>([그리스어]: Λυκαον?α, Lycaonia)는 고대 [아나톨리아](Anatolia = <아나톨리아> = Asia Minor) 내부의 [타우로스_산맥](Taurus Mountains) 북부 지역이다."},{"verbs":[{"word_id":7,"ancestor":["1-1"],"verb":"경계","cwStateCd":"FIXED","cwSelIdx":0}],"text":"동쪽으로는 [카파도키아](Cappadocia), 북쪽으로는 [갈라티아](Galatia), 서쪽으로는 [프리기아](Phrygia)와 [피시디아](Pisidia)와 경계한다."},{"verbs":[{"word_id":3,"ancestor":"-2","verb":"위치","cwStateCd":"FIXED","cwSelIdx":[]}],"text":"남쪽으로는 [라카오니아] 남부에 위치한 [타우로스_산맥]이 [킬리키아](Cilicia)와 경계하였다."},{"verbs":[{"word_id":5,"ancestor":["1-12"],"verb":"불리","cwStateCd":"FIXED","cwSelIdx":31}],"text":"한편, [킬리키아]는 [비잔티움_제국]([AD_330-1453]) 시기에는 [이사우리아](Isauria)라 불렸다."},{"verbs":[{"word_id":5,"ancestor":"-1","verb":"같","cwStateCd":"FIXED","cwSelIdx":[]},{"word_id":8,"ancestor":"-1","verb":"따르","cwStateCd":"FIXED","cwSelIdx":[]},{"word_id":10,"ancestor":"-2","verb":"다르","cwStateCd":"FIXED","cwSelIdx":[]}],"text":"그러나 [라카오니아]의 경계가 항상 이와 같지는 않았고 시대에 따라 크게 달랐다."},{"verbs":[{"word_id":7,"ancestor":"-2","verb":"언급","cwStateCd":"FIXED","cwSelIdx":[]},{"word_id":19,"ancestor":["1-24"],"verb":"말","cwStateCd":"FIXED","cwSelIdx":58}],"text":"[라카오니아]라는 이름은 [헤로도토스](Herodotus: [BC_c. 484-c. 425])의 《[역사_(헤로도토스)]》에는 언급되지 않았지만, [크세노폰](Xenophon: [BC_c.430-354])의 기록에서는 <페르시아어>의 [키루스_2세](Cyrus the Younger: [BC_?-401])가 [라카오니아]를 지나갔다고 말하고 있다."}],"globalSId":[1255746,1255747,1255748,1255749,1255750,1255751],"entities":[{"st":0,"eIdx":0,"ancestor":"","en":7,"ne_type":"","keyword":"<리카오니아>","e_type":"ELU"},{"st":8,"eIdx":1,"ancestor":"","en":14,"ne_type":"","keyword":"[그리스어]","e_type":"WIKILINK"},{"st":40,"eIdx":2,"ancestor":"","en":47,"ne_type":"","keyword":"[아나톨리아]","e_type":"WIKILINK"},{"st":59,"eIdx":3,"ancestor":"","en":66,"ne_type":"","keyword":"<아나톨리아>","e_type":"ELU"},{"st":85,"eIdx":4,"ancestor":"","en":94,"ne_type":"","keyword":"[타우로스_산맥]","e_type":"WIKILINK"},{"st":128,"eIdx":5,"ancestor":"","en":135,"ne_type":"","keyword":"[카파도키아]","e_type":"WIKILINK"},{"st":155,"eIdx":6,"ancestor":"","en":161,"ne_type":"","keyword":"[갈라티아]","e_type":"WIKILINK"},{"st":178,"eIdx":7,"ancestor":"","en":184,"ne_type":"","keyword":"[프리기아]","e_type":"WIKILINK"},{"st":195,"eIdx":8,"ancestor":"","en":201,"ne_type":"","keyword":"[피시디아]","e_type":"WIKILINK"},{"st":224,"eIdx":9,"ancestor":"-2","en":230,"cwStateCd":"FIXED","ne_type":"LOCATION","cwSelIdx":0,"type":"ENTITY","keyword":"[라카오니아]","e_type":"NEW"},{"st":240,"eIdx":10,"ancestor":"","en":249,"ne_type":"","keyword":"[타우로스_산맥]","e_type":"WIKILINK"},{"st":251,"eIdx":11,"ancestor":"","en":257,"ne_type":"","keyword":"[킬리키아]","e_type":"WIKILINK"},{"st":279,"eIdx":12,"ancestor":"","en":285,"ne_type":"","keyword":"[킬리키아]","e_type":"WIKILINK"},{"st":287,"eIdx":13,"ancestor":"","en":296,"ne_type":"","keyword":"[비잔티움_제국]","e_type":"WIKILINK"},{"st":297,"eIdx":14,"ancestor":"-2","en":299,"cwStateCd":"FIXED","ne_type":"TIME","cwSelIdx":[],"type":"ENTITY","keyword":"[AD_330-1453]","e_type":"NEW"},{"st":317,"eIdx":15,"ancestor":"","en":324,"ne_type":"","keyword":"[이사우리아]","e_type":"WIKILINK"},{"st":344,"eIdx":16,"ancestor":"1-9","en":350,"cwStateCd":"FIXED","ne_type":"LOCATION","cwSelIdx":24,"type":"ENTITY","keyword":"[라카오니아]","e_type":"NEW"},{"st":386,"eIdx":17,"ancestor":"1-16","en":392,"cwStateCd":"FIXED","ne_type":"LOCATION","cwSelIdx":37,"type":"ENTITY","keyword":"[라카오니아]","e_type":"NEW"},{"st":400,"eIdx":18,"ancestor":"","en":407,"ne_type":"","keyword":"[헤로도토스]","e_type":"WIKILINK"},{"st":419,"eIdx":19,"ancestor":"-2","en":436,"cwStateCd":"FIXED","ne_type":"TIME","cwSelIdx":[],"type":"ENTITY","keyword":"[BC_c.\u2009484-c.\u2009425]","e_type":"NEW"},{"st":441,"eIdx":20,"ancestor":"","en":453,"ne_type":"","keyword":"[역사_(헤로도토스)]","e_type":"WIKILINK"},{"st":468,"eIdx":21,"ancestor":"","en":474,"ne_type":"","keyword":"[크세노폰]","e_type":"WIKILINK"},{"st":485,"eIdx":22,"ancestor":"-2","en":498,"cwStateCd":"FIXED","ne_type":"TIME","cwSelIdx":[],"type":"ENTITY","keyword":"[BC_c.430-354]","e_type":"NEW"},{"st":508,"eIdx":23,"ancestor":"","en":515,"ne_type":"","keyword":"<페르시아어>","e_type":"ELU"},{"st":517,"eIdx":24,"ancestor":"","en":525,"ne_type":"","keyword":"[키루스_2세]","e_type":"WIKILINK"},{"st":545,"eIdx":25,"ancestor":"-2","en":554,"cwStateCd":"FIXED","ne_type":"TIME","cwSelIdx":[],"type":"ENTITY","keyword":"[BC_?-401]","e_type":"NEW"},{"st":558,"eIdx":26,"ancestor":"1-17","en":564,"cwStateCd":"FIXED","ne_type":"LOCATION","cwSelIdx":47,"type":"ENTITY","keyword":"[라카오니아]","e_type":"NEW"}],"wikiPageId":204088,"pIdx":1,"text":"<리카오니아>([그리스어]: Λυκαον?α, Lycaonia)는 고대 [아나톨리아](Anatolia = <아나톨리아> = Asia Minor) 내부의 [타우로스_산맥](Taurus Mountains) 북부 지역이다. 동쪽으로는 [카파도키아](Cappadocia), 북쪽으로는 [갈라티아](Galatia), 서쪽으로는 [프리기아](Phrygia)와 [피시디아](Pisidia)와 경계한다. 남쪽으로는 [라카오니아] 남부에 위치한 [타우로스_산맥]이 [킬리키아](Cilicia)와 경계하였다. 한편, [킬리키아]는 [비잔티움_제국]([AD_330-1453]) 시기에는 [이사우리아](Isauria)라 불렸다. 그러나 [라카오니아]의 경계가 항상 이와 같지는 않았고 시대에 따라 크게 달랐다. [라카오니아]라는 이름은 [헤로도토스](Herodotus: [BC_c.\u2009484-c.\u2009425])의 《[역사_(헤로도토스)]》에는 언급되지 않았지만, [크세노폰](Xenophon: [BC_c.430-354])의 기록에서는 <페르시아어>의 [키루스_2세](Cyrus the Younger: [BC_?-401])가 [라카오니아]를 지나갔다고 말하고 있다."}