{"result":[{"verbs":[{"word_id":5,"ancestor":["1-0"],"verb":"따르","cwStateCd":"FIXED","cwSelIdx":0}],"text":"《<전당시>》(全唐詩)는, [중국] [청나라](淸) [강희제](康熙帝)의 칙명에 따라 [팽정구](彭定求) 등이 [당시](唐詩)를 모아 엮은 [한시집]이다."},{"verbs":[{"word_id":7,"ancestor":["1-0"],"verb":"있","cwStateCd":"FIXED","cwSelIdx":0}],"text":"전900권으로 목록 12권에 [보유](補遺) 6권과 [사](詞) 12권이 있다."}],"globalSId":[3450831,3450832],"entities":[{"st":1,"eIdx":0,"ancestor":"","en":6,"ne_type":"","keyword":"<전당시>","e_type":"ELU"},{"st":15,"eIdx":1,"ancestor":"-2","en":18,"cwStateCd":"FIXED","ne_type":"ORGANIZATION","cwSelIdx":[],"type":"ENTITY","keyword":"[중국]","e_type":"NEW"},{"st":20,"eIdx":2,"ancestor":"","en":25,"ne_type":"","keyword":"[청나라]","e_type":"WIKILINK"},{"st":29,"eIdx":3,"ancestor":"","en":34,"ne_type":"","keyword":"[강희제]","e_type":"WIKILINK"},{"st":48,"eIdx":4,"ancestor":"-2","en":52,"cwStateCd":"FIXED","ne_type":"PERSON","cwSelIdx":[],"type":"ENTITY","keyword":"[팽정구]","e_type":"NEW"},{"st":62,"eIdx":5,"ancestor":"-2","en":65,"cwStateCd":"FIXED","ne_type":"ETC","cwSelIdx":[],"type":"ENTITY","keyword":"[당시]","e_type":"NEW"},{"st":78,"eIdx":6,"ancestor":"-2","en":82,"cwStateCd":"FIXED","ne_type":"ETC","cwSelIdx":[],"type":"ENTITY","keyword":"[한시집]","e_type":"NEW"},{"st":103,"eIdx":7,"ancestor":"-2","en":106,"cwStateCd":"FIXED","ne_type":"ETC","cwSelIdx":[],"type":"ENTITY","keyword":"[보유]","e_type":"NEW"},{"st":116,"eIdx":8,"ancestor":"-2","en":118,"cwStateCd":"FIXED","ne_type":"ETC","cwSelIdx":[],"type":"ENTITY","keyword":"[사]","e_type":"NEW"}],"wikiPageId":1210959,"pIdx":1,"text":"《<전당시>》(全唐詩)는, [중국] [청나라](淸) [강희제](康熙帝)의 칙명에 따라 [팽정구](彭定求) 등이 [당시](唐詩)를 모아 엮은 [한시집]이다. 전900권으로 목록 12권에 [보유](補遺) 6권과 [사](詞) 12권이 있다."}