{"result":[{"verbs":[],"text":"<섬안큰다리>는 [경상북도] [포항시] [남구_(포항시)] [상도동]에서 [연일읍] [동문리]를 연결하는 총길이 450m, [형산강]의 다리이다."},{"verbs":[{"word_id":6,"ancestor":["1-0"],"verb":"있","cwStateCd":"FIXED","cwSelIdx":0}],"text":"주변에는 [포항_남구], [포항야구장], [포항시민운동장], [포항제철] 등이 있다."}],"globalSId":[2987513,2987514],"entities":[{"st":0,"eIdx":0,"ancestor":"","en":7,"ne_type":"","keyword":"<섬안큰다리>","e_type":"ELU"},{"st":9,"eIdx":1,"ancestor":"","en":15,"ne_type":"","keyword":"[경상북도]","e_type":"WIKILINK"},{"st":16,"eIdx":2,"ancestor":"","en":21,"ne_type":"","keyword":"[포항시]","e_type":"WIKILINK"},{"st":22,"eIdx":3,"ancestor":"","en":32,"ne_type":"","keyword":"[남구_(포항시)]","e_type":"WIKILINK"},{"st":33,"eIdx":4,"ancestor":"","en":38,"ne_type":"","keyword":"[상도동]","e_type":"WIKILINK"},{"st":41,"eIdx":5,"ancestor":"","en":46,"ne_type":"","keyword":"[연일읍]","e_type":"WIKILINK"},{"st":48,"eIdx":6,"ancestor":"-2","en":49,"cwStateCd":"FIXED","ne_type":"LOCATION","cwSelIdx":[],"type":"ENTITY","keyword":"동문리","e_type":"NEW"},{"st":69,"eIdx":7,"ancestor":"","en":74,"ne_type":"","keyword":"[형산강]","e_type":"WIKILINK"},{"st":87,"eIdx":8,"ancestor":"","en":94,"ne_type":"","keyword":"[포항_남구]","e_type":"WIKILINK"},{"st":96,"eIdx":9,"ancestor":"","en":103,"ne_type":"","keyword":"[포항야구장]","e_type":"WIKILINK"},{"st":105,"eIdx":10,"ancestor":"","en":114,"ne_type":"","keyword":"[포항시민운동장]","e_type":"WIKILINK"},{"st":116,"eIdx":11,"ancestor":"","en":122,"ne_type":"","keyword":"[포항제철]","e_type":"WIKILINK"}],"wikiPageId":900216,"pIdx":1,"text":"<섬안큰다리>는 [경상북도] [포항시] [남구_(포항시)] [상도동]에서 [연일읍] [동문리]를 연결하는 총길이 450m, [형산강]의 다리이다. 주변에는 [포항_남구], [포항야구장], [포항시민운동장], [포항제철] 등이 있다."}