{"result":[{"verbs":[{"word_id":1,"ancestor":"-1","verb":"아타리_","cwStateCd":"FIXED","cwSelIdx":[]},{"word_id":6,"ancestor":["4-0"],"verb":"사용","cwStateCd":"FIXED","cwSelIdx":0},{"word_id":8,"ancestor":"-1","verb":"같","cwStateCd":"FIXED","cwSelIdx":[]},{"word_id":12,"ancestor":["4-0"],"verb":"사용","cwStateCd":"FIXED","cwSelIdx":0}],"text":"[포키]는 [아타리_800]같은 8비트 컴퓨터와 [가정용_게임기]인 [아타리_5200]에 사용되었으며 [테트리스]와 같은 오락실 게임기에도 널리 사용되었다."}],"globalSId":[1075735],"entities":[{"st":0,"eIdx":0,"ancestor":"2-0","en":3,"cwStateCd":"FIXED","ne_type":"ETC","cwSelIdx":0,"type":"ENTITY","keyword":"[포키]","e_type":"NEW"},{"st":6,"eIdx":1,"ancestor":"","en":15,"ne_type":"","keyword":"[아타리_800]","e_type":"WIKILINK"},{"st":27,"eIdx":2,"ancestor":"","en":36,"ne_type":"","keyword":"[가정용_게임기]","e_type":"WIKILINK"},{"st":38,"eIdx":3,"ancestor":"","en":48,"ne_type":"","keyword":"[아타리_5200]","e_type":"WIKILINK"},{"st":57,"eIdx":4,"ancestor":"","en":63,"ne_type":"","keyword":"[테트리스]","e_type":"WIKILINK"}],"wikiPageId":159227,"pIdx":4,"text":"[포키]는 [아타리_800]같은 8비트 컴퓨터와 [가정용_게임기]인 [아타리_5200]에 사용되었으며 [테트리스]와 같은 오락실 게임기에도 널리 사용되었다."}