{"result":[{"verbs":[{"word_id":7,"ancestor":["1-1"],"verb":"열리","cwStateCd":"FIXED","cwSelIdx":1}],"text":"[1975년] [팬아메리칸_게임]은 [1975년] [10월_12일]부터 [10월_26일]까지 [멕시코]의 [멕시코시티]에서 열린 대회이다."}],"globalSId":[2282871],"entities":[{"st":0,"eIdx":0,"ancestor":"-2","en":6,"cwStateCd":"FIXED","ne_type":"TIME","cwSelIdx":[],"type":"ENTITY","keyword":"[1975년]","e_type":"NEW"},{"st":8,"eIdx":1,"ancestor":"-2","en":17,"cwStateCd":"FIXED","ne_type":"ETC","cwSelIdx":[],"type":"ENTITY","keyword":"[팬아메리칸_게임]","e_type":"NEW"},{"st":20,"eIdx":2,"ancestor":"","en":27,"ne_type":"","keyword":"[1975년]","e_type":"WIKILINK"},{"st":28,"eIdx":3,"ancestor":"","en":37,"ne_type":"","keyword":"[10월_12일]","e_type":"WIKILINK"},{"st":40,"eIdx":4,"ancestor":"","en":49,"ne_type":"","keyword":"[10월_26일]","e_type":"WIKILINK"},{"st":52,"eIdx":5,"ancestor":"","en":57,"ne_type":"","keyword":"[멕시코]","e_type":"WIKILINK"},{"st":59,"eIdx":6,"ancestor":"","en":66,"ne_type":"","keyword":"[멕시코시티]","e_type":"WIKILINK"}],"wikiPageId":548145,"pIdx":1,"text":"[1975년] [팬아메리칸_게임]은 [1975년] [10월_12일]부터 [10월_26일]까지 [멕시코]의 [멕시코시티]에서 열린 대회이다."}