{"result":[{"verbs":[{"word_id":7,"ancestor":["1-0"],"verb":"위치","cwStateCd":"FIXED","cwSelIdx":0}],"text":"[노스다코타_대학교](University of North Dakota)는 [미국] [노스다코타_주] [그랜드포크스]에 위치한 [공립_대학교]이다."},{"verbs":[{"word_id":2,"ancestor":"-2","verb":"인정","cwStateCd":"FIXED","cwSelIdx":9},{"word_id":9,"ancestor":["1-0"],"verb":"개교","cwStateCd":"FIXED","cwSelIdx":0},{"word_id":14,"ancestor":"-2","verb":"시작","cwStateCd":"FIXED","cwSelIdx":[]}],"text":"[노스다코타_주]가 주로써 인정받기도 전인 [1883년] [그랜드_폭스] 출신 언론인 [조지_월시]가 개교하였으며, [1884년] [9월]에 첫 수업을 시작했다."},{"verbs":[{"word_id":4,"ancestor":"-2","verb":"길","cwStateCd":"FIXED","cwSelIdx":[]},{"word_id":7,"ancestor":"-2","verb":"크","cwStateCd":"FIXED","cwSelIdx":[]}],"text":"현재 [노스다코타_주]에서 가장 역사가 길고 규모가 제일 큰 학교이다."},{"verbs":[{"word_id":13,"ancestor":"-2","verb":"유일무이","cwStateCd":"FIXED","cwSelIdx":[]},{"word_id":14,"ancestor":["1-12"],"verb":"선정","cwStateCd":"FIXED","cwSelIdx":33}],"text":"[노스다코타_대학]은 [미국]의 잡지 [U.S._News_&_World_Report]의 [미국]의 100대 공립 대학교에 <노스다코타_주>, <사우스다코타_주>, [몬태나_주]의 공립대학 중에서 유일무이하게 선정되었다."},{"verbs":[{"word_id":3,"ancestor":"-2","verb":"개설","cwStateCd":"FIXED","cwSelIdx":[]},{"word_id":8,"ancestor":"-2","verb":"늘","cwStateCd":"FIXED","cwSelIdx":[]},{"word_id":11,"ancestor":"-2","verb":"알려지","cwStateCd":"FIXED","cwSelIdx":[]}],"text":"[노스다코타_대학]에는 220여 학과가 개설되어 있는데, 특히 항공학과인 [John_D._Odegard_School_of_Aerospace_Sciences] 는 가장 많이 알려져 있다."},{"verbs":[{"word_id":5,"ancestor":"-2","verb":"개설","cwStateCd":"FIXED","cwSelIdx":[]}],"text":"[노스다코타_대학교]의 항공학과는 무인항공학시스템 학과를 최초로 개설하였다."},{"verbs":[{"word_id":2,"ancestor":"-2","verb":"유일","cwStateCd":"FIXED","cwSelIdx":[]},{"word_id":4,"ancestor":"-2","verb":"있","cwStateCd":"FIXED","cwSelIdx":[]}],"text":"또한 [노스다코타_주]에서 유일하게 의과대학이 있는 학교이다."},{"verbs":[],"text":"현재 15,250명의 학생이 재학 중이다."}],"globalSId":[2914376,2914377,2914378,2914379,2914380,2914381,2914382,2914383,2914384,2914385],"entities":[{"st":0,"eIdx":0,"ancestor":"-2","en":10,"cwStateCd":"FIXED","ne_type":"ORGANIZATION","cwSelIdx":[],"type":"ENTITY","keyword":"[노스다코타_대학교]","e_type":"NEW"},{"st":41,"eIdx":1,"ancestor":"","en":45,"ne_type":"","keyword":"[미국]","e_type":"WIKILINK"},{"st":46,"eIdx":2,"ancestor":"","en":55,"ne_type":"","keyword":"[노스다코타_주]","e_type":"WIKILINK"},{"st":56,"eIdx":3,"ancestor":"","en":64,"ne_type":"","keyword":"[그랜드포크스]","e_type":"WIKILINK"},{"st":70,"eIdx":4,"ancestor":"","en":78,"ne_type":"","keyword":"[공립_대학교]","e_type":"WIKILINK"},{"st":82,"eIdx":5,"ancestor":"","en":91,"ne_type":"","keyword":"[노스다코타_주]","e_type":"WIKILINK"},{"st":106,"eIdx":6,"ancestor":"-2","en":112,"cwStateCd":"FIXED","ne_type":"TIME","cwSelIdx":[],"type":"ENTITY","keyword":"[1883년]","e_type":"NEW"},{"st":114,"eIdx":7,"ancestor":"-2","en":121,"cwStateCd":"FIXED","ne_type":"LOCATION","cwSelIdx":[],"type":"ENTITY","keyword":"[그랜드_폭스]","e_type":"NEW"},{"st":130,"eIdx":8,"ancestor":"-2","en":136,"cwStateCd":"FIXED","ne_type":"PERSON","cwSelIdx":[],"type":"ENTITY","keyword":"[조지_월시]","e_type":"NEW"},{"st":147,"eIdx":9,"ancestor":"-2","en":153,"cwStateCd":"FIXED","ne_type":"TIME","cwSelIdx":[],"type":"ENTITY","keyword":"[1884년]","e_type":"NEW"},{"st":155,"eIdx":10,"ancestor":"-2","en":158,"cwStateCd":"FIXED","ne_type":"TIME","cwSelIdx":[],"type":"ENTITY","keyword":"[9월]","e_type":"NEW"},{"st":176,"eIdx":11,"ancestor":"","en":185,"ne_type":"","keyword":"[노스다코타_주]","e_type":"WIKILINK"},{"st":213,"eIdx":12,"ancestor":"1-0","en":222,"cwStateCd":"FIXED","ne_type":"ORGANIZATION","cwSelIdx":0,"type":"ENTITY","keyword":"[노스다코타_대학]","e_type":"NEW"},{"st":225,"eIdx":13,"ancestor":"1-1","en":228,"cwStateCd":"FIXED","ne_type":"ORGANIZATION","cwSelIdx":4,"type":"ENTITY","keyword":"[미국]","e_type":"NEW"},{"st":234,"eIdx":14,"ancestor":"-2","en":259,"cwStateCd":"FIXED","ne_type":"ORGANIZATION","cwSelIdx":[],"type":"ENTITY","keyword":"[U.S._News_&_World_Report]","e_type":"NEW"},{"st":262,"eIdx":15,"ancestor":"1-1","en":265,"cwStateCd":"FIXED","ne_type":"ORGANIZATION","cwSelIdx":4,"type":"ENTITY","keyword":"[미국]","e_type":"NEW"},{"st":281,"eIdx":16,"ancestor":"","en":290,"ne_type":"","keyword":"<노스다코타_주>","e_type":"ELU"},{"st":292,"eIdx":17,"ancestor":"","en":302,"ne_type":"","keyword":"<사우스다코타_주>","e_type":"ELU"},{"st":304,"eIdx":18,"ancestor":"-2","en":310,"cwStateCd":"FIXED","ne_type":"LOCATION","cwSelIdx":[],"type":"ENTITY","keyword":"[몬태나_주]","e_type":"NEW"},{"st":336,"eIdx":19,"ancestor":"1-0","en":345,"cwStateCd":"FIXED","ne_type":"ORGANIZATION","cwSelIdx":0,"type":"ENTITY","keyword":"[노스다코타_대학]","e_type":"NEW"},{"st":377,"eIdx":20,"ancestor":"-2","en":422,"cwStateCd":"FIXED","ne_type":"ORGANIZATION","cwSelIdx":[],"type":"ENTITY","keyword":"[John_D._Odegard_School_of_Aerospace_Sciences]","e_type":"NEW"},{"st":440,"eIdx":21,"ancestor":"1-0","en":450,"cwStateCd":"FIXED","ne_type":"ORGANIZATION","cwSelIdx":0,"type":"ENTITY","keyword":"[노스다코타_대학교]","e_type":"NEW"},{"st":486,"eIdx":22,"ancestor":"","en":495,"ne_type":"","keyword":"[노스다코타_주]","e_type":"WIKILINK"}],"wikiPageId":857493,"pIdx":1,"text":"[노스다코타_대학교](University of North Dakota)는 [미국] [노스다코타_주] [그랜드포크스]에 위치한 [공립_대학교]이다. [노스다코타_주]가 주로써 인정받기도 전인 [1883년] [그랜드_폭스] 출신 언론인 [조지_월시]가 개교하였으며, [1884년] [9월]에 첫 수업을 시작했다. 현재 [노스다코타_주]에서 가장 역사가 길고 규모가 제일 큰 학교이다. [노스다코타_대학]은 [미국]의 잡지 [U.S._News_&_World_Report]의 [미국]의 100대 공립 대학교에 <노스다코타_주>, <사우스다코타_주>, [몬태나_주]의 공립대학 중에서 유일무이하게 선정되었다. [노스다코타_대학]에는 220여 학과가 개설되어 있는데, 특히 항공학과인 [John_D._Odegard_School_of_Aerospace_Sciences] 는 가장 많이 알려져 있다. [노스다코타_대학교]의 항공학과는 무인항공학시스템 학과를 최초로 개설하였다. 또한 [노스다코타_주]에서 유일하게 의과대학이 있는 학교이다. 현재 15,250명의 학생이 재학 중이다."}