{"result":[{"verbs":[{"word_id":4,"ancestor":["1-0"],"verb":"있","cwStateCd":"FIXED","cwSelIdx":0}],"text":"[샤르키야] 지방()은 [오만] 북서부에 있던 지방으로 행정 중심지는 [수르_(오만)]이며 인구는 313,761명(2003년 기준), 면적은 36,800㎢이다."},{"verbs":[{"word_id":3,"ancestor":["1-3"],"verb":"뜻","cwStateCd":"FIXED","cwSelIdx":14}],"text":"[샤르키야]는 [아랍어]로 \"동부\"를 뜻한다."}],"globalSId":[2462950,2462951],"entities":[{"st":0,"eIdx":0,"ancestor":"-2","en":5,"cwStateCd":"FIXED","ne_type":"LOCATION","cwSelIdx":[],"type":"ENTITY","keyword":"[샤르키야]","e_type":"NEW"},{"st":13,"eIdx":1,"ancestor":"","en":17,"ne_type":"","keyword":"[오만]","e_type":"WIKILINK"},{"st":39,"eIdx":2,"ancestor":"","en":48,"ne_type":"","keyword":"[수르_(오만)]","e_type":"WIKILINK"},{"st":90,"eIdx":3,"ancestor":"1-0","en":95,"cwStateCd":"FIXED","ne_type":"LOCATION","cwSelIdx":0,"type":"ENTITY","keyword":"[샤르키야]","e_type":"NEW"},{"st":98,"eIdx":4,"ancestor":"","en":103,"ne_type":"","keyword":"[아랍어]","e_type":"WIKILINK"}],"wikiPageId":632780,"pIdx":1,"text":"[샤르키야] 지방()은 [오만] 북서부에 있던 지방으로 행정 중심지는 [수르_(오만)]이며 인구는 313,761명(2003년 기준), 면적은 36,800㎢이다. [샤르키야]는 [아랍어]로 \"동부\"를 뜻한다."}