{"result":[{"verbs":[],"text":"[프리드리히_2세_폰_브란덴부르크-안스바흐-콜룸바흐](Friedrich II. von Brandenburg-Ansbach-Kulmbach, [1460년] [5월_8일] - [1536년] [4월_4일]) 또는 [프리드리히_노인공](Friedrich der ?ltere)은 [호엔촐레른_왕조] 출신 [독일]의 군주로, [브란덴부르크-안스바흐] [후작]이자 [브란덴부르크-콜룸바흐]의 [후작]이었다."},{"verbs":[{"word_id":3,"ancestor":["1-13"],"verb":"죽","cwStateCd":"FIXED","cwSelIdx":23},{"word_id":6,"ancestor":["1-5"],"verb":"물려받","cwStateCd":"FIXED","cwSelIdx":10},{"word_id":13,"ancestor":["1-5"],"verb":"차지","cwStateCd":"FIXED","cwSelIdx":10},{"word_id":18,"ancestor":["1-5"],"verb":"부르","cwStateCd":"FIXED","cwSelIdx":10}],"text":"[1486년] 아버지 [알브레히트_3세_아킬레스]가 죽을 때 [안스바흐]만을 물려받았으나, 동생 [지기스문트] 사후 [콜룸바흐]와 <바이로이트>의 백작직위를 차지했으므로 [프리드리히_2세_폰_브란덴부르크-안스바흐-바이로이트](Frederich II von Ansbach-Bayreuth)라고도 부른다."},{"verbs":[],"text":"[폴란드]의 공주인 [카지미에시_4세]의 딸 [폴란드의_소피아]와 결혼했던 그는 폴란드식 이름도 사용했다 한다."},{"verbs":[{"word_id":2,"ancestor":"-2","verb":"갈라지","cwStateCd":"FIXED","cwSelIdx":[]}],"text":"[브란덴부르크_선제후] 가문에서 갈라진 몇몇 분가의 시조였다."}],"globalSId":[3535175,3535176,3535177,3535178,3535179],"entities":[{"st":0,"eIdx":0,"ancestor":"-2","en":28,"cwStateCd":"FIXED","ne_type":"PERSON","cwSelIdx":[],"type":"ENTITY","keyword":"[프리드리히_2세_폰_브란덴부르크-안스바흐-콜룸바흐]","e_type":"NEW"},{"st":78,"eIdx":1,"ancestor":"","en":85,"ne_type":"","keyword":"[1460년]","e_type":"WIKILINK"},{"st":86,"eIdx":2,"ancestor":"","en":93,"ne_type":"","keyword":"[5월_8일]","e_type":"WIKILINK"},{"st":96,"eIdx":3,"ancestor":"","en":103,"ne_type":"","keyword":"[1536년]","e_type":"WIKILINK"},{"st":104,"eIdx":4,"ancestor":"","en":111,"ne_type":"","keyword":"[4월_4일]","e_type":"WIKILINK"},{"st":116,"eIdx":5,"ancestor":"1-0","en":126,"cwStateCd":"FIXED","ne_type":"PERSON","cwSelIdx":0,"type":"ENTITY","keyword":"[프리드리히_노인공]","e_type":"NEW"},{"st":151,"eIdx":6,"ancestor":"","en":161,"ne_type":"","keyword":"[호엔촐레른_왕조]","e_type":"WIKILINK"},{"st":165,"eIdx":7,"ancestor":"","en":169,"ne_type":"","keyword":"[독일]","e_type":"WIKILINK"},{"st":176,"eIdx":8,"ancestor":"","en":189,"ne_type":"","keyword":"[브란덴부르크-안스바흐]","e_type":"WIKILINK"},{"st":190,"eIdx":9,"ancestor":"","en":194,"ne_type":"","keyword":"[후작]","e_type":"WIKILINK"},{"st":197,"eIdx":10,"ancestor":"","en":210,"ne_type":"","keyword":"[브란덴부르크-콜룸바흐]","e_type":"WIKILINK"},{"st":212,"eIdx":11,"ancestor":"","en":216,"ne_type":"","keyword":"[후작]","e_type":"WIKILINK"},{"st":221,"eIdx":12,"ancestor":"","en":228,"ne_type":"","keyword":"[1486년]","e_type":"WIKILINK"},{"st":233,"eIdx":13,"ancestor":"","en":248,"ne_type":"","keyword":"[알브레히트_3세_아킬레스]","e_type":"WIKILINK"},{"st":255,"eIdx":14,"ancestor":"","en":261,"ne_type":"","keyword":"[안스바흐]","e_type":"WIKILINK"},{"st":275,"eIdx":15,"ancestor":"-1","en":281,"cwStateCd":"FIXED","ne_type":"PERSON","cwSelIdx":[],"type":"ENTITY","keyword":"[지기스문트]","e_type":"NEW"},{"st":286,"eIdx":16,"ancestor":"1-10","en":291,"cwStateCd":"FIXED","ne_type":"PERSON","cwSelIdx":19,"type":"ENTITY","keyword":"[콜룸바흐]","e_type":"NEW"},{"st":294,"eIdx":17,"ancestor":"","en":301,"ne_type":"","keyword":"<바이로이트>","e_type":"ELU"},{"st":316,"eIdx":18,"ancestor":"1-5","en":345,"cwStateCd":"FIXED","ne_type":"PERSON","cwSelIdx":10,"type":"ENTITY","keyword":"[프리드리히_2세_폰_브란덴부르크-안스바흐-바이로이트]","e_type":"NEW"},{"st":390,"eIdx":19,"ancestor":"","en":395,"ne_type":"","keyword":"[폴란드]","e_type":"WIKILINK"},{"st":401,"eIdx":20,"ancestor":"","en":411,"ne_type":"","keyword":"[카지미에시_4세]","e_type":"WIKILINK"},{"st":415,"eIdx":21,"ancestor":"","en":425,"ne_type":"","keyword":"[폴란드의_소피아]","e_type":"WIKILINK"},{"st":453,"eIdx":22,"ancestor":"","en":465,"ne_type":"","keyword":"[브란덴부르크_선제후]","e_type":"WIKILINK"}],"wikiPageId":1286851,"pIdx":1,"text":"[프리드리히_2세_폰_브란덴부르크-안스바흐-콜룸바흐](Friedrich II. von Brandenburg-Ansbach-Kulmbach, [1460년] [5월_8일] - [1536년] [4월_4일]) 또는 [프리드리히_노인공](Friedrich der ?ltere)은 [호엔촐레른_왕조] 출신 [독일]의 군주로, [브란덴부르크-안스바흐] [후작]이자 [브란덴부르크-콜룸바흐]의 [후작]이었다. [1486년] 아버지 [알브레히트_3세_아킬레스]가 죽을 때 [안스바흐]만을 물려받았으나, 동생 [지기스문트] 사후 [콜룸바흐]와 <바이로이트>의 백작직위를 차지했으므로 [프리드리히_2세_폰_브란덴부르크-안스바흐-바이로이트](Frederich II von Ansbach-Bayreuth)라고도 부른다. [폴란드]의 공주인 [카지미에시_4세]의 딸 [폴란드의_소피아]와 결혼했던 그는 폴란드식 이름도 사용했다 한다. [브란덴부르크_선제후] 가문에서 갈라진 몇몇 분가의 시조였다."}