{"result":[{"verbs":[{"word_id":5,"ancestor":["1-0"],"verb":"위치","cwStateCd":"FIXED","cwSelIdx":0}],"text":"<우제돔_섬>()은 [독일] [메클렌부르크포어포메른_주]의 도시로, [우제돔_섬]에 위치한다."}],"globalSId":[3409212],"entities":[{"st":0,"eIdx":0,"ancestor":"","en":7,"ne_type":"","keyword":"<우제돔_섬>","e_type":"ELU"},{"st":11,"eIdx":1,"ancestor":"","en":15,"ne_type":"","keyword":"[독일]","e_type":"WIKILINK"},{"st":16,"eIdx":2,"ancestor":"","en":31,"ne_type":"","keyword":"[메클렌부르크포어포메른_주]","e_type":"WIKILINK"},{"st":38,"eIdx":3,"ancestor":"","en":45,"ne_type":"","keyword":"[우제돔_섬]","e_type":"WIKILINK"}],"wikiPageId":1166650,"pIdx":1,"text":"<우제돔_섬>()은 [독일] [메클렌부르크포어포메른_주]의 도시로, [우제돔_섬]에 위치한다."}