{"result":[{"verbs":[],"text":"<키마과>(Cimidae)는 바다 [달팽이] 과의 하나이다."},{"verbs":[{"word_id":2,"ancestor":["1-0"],"verb":"속","cwStateCd":"FIXED","cwSelIdx":0}],"text":"비공식군 [하이새류]에 속하는 해양 [복족류] [연체동물]이다."}],"globalSId":[2723404,2723405],"entities":[{"st":0,"eIdx":0,"ancestor":"","en":5,"ne_type":"","keyword":"<키마과>","e_type":"ELU"},{"st":19,"eIdx":1,"ancestor":"","en":24,"ne_type":"","keyword":"[달팽이]","e_type":"WIKILINK"},{"st":39,"eIdx":2,"ancestor":"","en":45,"ne_type":"","keyword":"[하이새류]","e_type":"WIKILINK"},{"st":54,"eIdx":3,"ancestor":"","en":59,"ne_type":"","keyword":"[복족류]","e_type":"WIKILINK"},{"st":60,"eIdx":4,"ancestor":"","en":66,"ne_type":"","keyword":"[연체동물]","e_type":"WIKILINK"}],"wikiPageId":751567,"pIdx":1,"text":"<키마과>(Cimidae)는 바다 [달팽이] 과의 하나이다. 비공식군 [하이새류]에 속하는 해양 [복족류] [연체동물]이다."}