{"result":[{"verbs":[{"word_id":4,"ancestor":["1-0"],"verb":"위치","cwStateCd":"FIXED","cwSelIdx":0}],"text":"[뒤르비]()는 [벨기에] [왈롱] [뤽상부르_주]에 위치한 도시로 면적은 156.61㎢, 인구는 11,207명([2013년] [1월] [1일] 기준), 인구 밀도는 72명\/㎢이다."},{"verbs":[],"text":"."}],"globalSId":[3626009],"entities":[{"st":0,"eIdx":0,"ancestor":"-2","en":4,"cwStateCd":"FIXED","ne_type":"LOCATION","cwSelIdx":[],"type":"ENTITY","keyword":"[뒤르비]","e_type":"NEW"},{"st":9,"eIdx":1,"ancestor":"","en":14,"ne_type":"","keyword":"[벨기에]","e_type":"WIKILINK"},{"st":15,"eIdx":2,"ancestor":"","en":19,"ne_type":"","keyword":"[왈롱]","e_type":"WIKILINK"},{"st":20,"eIdx":3,"ancestor":"","en":28,"ne_type":"","keyword":"[뤽상부르_주]","e_type":"WIKILINK"},{"st":63,"eIdx":4,"ancestor":"-2","en":61,"cwStateCd":"FIXED","ne_type":"TIME","cwSelIdx":[],"type":"ENTITY","keyword":"[2013년]","e_type":"NEW"},{"st":71,"eIdx":5,"ancestor":"-2","en":74,"cwStateCd":"FIXED","ne_type":"TIME","cwSelIdx":[],"type":"ENTITY","keyword":"[1월]","e_type":"NEW"},{"st":76,"eIdx":6,"ancestor":"-2","en":79,"cwStateCd":"FIXED","ne_type":"TIME","cwSelIdx":[],"type":"ENTITY","keyword":"[1일]","e_type":"NEW"}],"wikiPageId":1353891,"pIdx":1,"text":"[뒤르비]()는 [벨기에] [왈롱] [뤽상부르_주]에 위치한 도시로 면적은 156.61㎢, 인구는 11,207명([2013년] [1월] [1일] 기준), 인구 밀도는 72명\/㎢이다.."}