{"result":[{"verbs":[],"text":"민족?언어?종교."},{"verbs":[{"word_id":8,"ancestor":["9-0"],"verb":"구분","cwStateCd":"FIXED","cwSelIdx":1}],"text":"<루손_섬>에 사는 민족은 [말레이계]가 대부분이지만, 언어마다 몇 개로 구분된다."},{"verbs":[],"text":"북부의 [일로코스_지방]이나 [카가얀밸리_지방]에는 [일로카노어]를 말하는 [일로카노_족]이 산다."},{"verbs":[],"text":"중부의 [팡가시난_주]에는 [팡가시난_어]를 말하는 [팡가시난_족]이, [팜팡가_주]나 [타를라크_주]에는 [팜팡가_어]를 말하는 [팜팡가_족]이 산다."},{"verbs":[{"word_id":6,"ancestor":["9-14"],"verb":"쓰이","cwStateCd":"FIXED","cwSelIdx":33},{"word_id":12,"ancestor":["9-16"],"verb":"쓰이","cwStateCd":"FIXED","cwSelIdx":39}],"text":"[마닐라] 주위 및 그 남쪽은 [타갈로그어]가 쓰이며, 한층 더 남쪽의 [비콜_반도]에서는 [비콜어]가 쓰인다."},{"verbs":[],"text":"또 산악부에는 소수민족이 산다."},{"verbs":[],"text":"[삼발레스_주]의 [아에타_족], [카가얀_주]의 [이바나그_족], [코르디예라_행정구]의 [이고로트_족]은 그 대표적 존재이다."}],"globalSId":[355580,355581,355582,355583,355584,355585,355586],"entities":[{"st":10,"eIdx":0,"ancestor":"","en":16,"ne_type":"","keyword":"<루손_섬>","e_type":"ELU"},{"st":25,"eIdx":1,"ancestor":"-2","en":30,"cwStateCd":"FIXED","ne_type":"ETC","cwSelIdx":[],"type":"ENTITY","keyword":"[말레이계]","e_type":"NEW"},{"st":61,"eIdx":2,"ancestor":"","en":70,"ne_type":"","keyword":"[일로코스_지방]","e_type":"WIKILINK"},{"st":73,"eIdx":3,"ancestor":"","en":83,"ne_type":"","keyword":"[카가얀밸리_지방]","e_type":"WIKILINK"},{"st":86,"eIdx":4,"ancestor":"","en":93,"ne_type":"","keyword":"[일로카노어]","e_type":"WIKILINK"},{"st":99,"eIdx":5,"ancestor":"","en":107,"ne_type":"","keyword":"[일로카노_족]","e_type":"WIKILINK"},{"st":117,"eIdx":6,"ancestor":"","en":125,"ne_type":"","keyword":"[팡가시난_주]","e_type":"WIKILINK"},{"st":128,"eIdx":7,"ancestor":"","en":136,"ne_type":"","keyword":"[팡가시난_어]","e_type":"WIKILINK"},{"st":142,"eIdx":8,"ancestor":"","en":150,"ne_type":"","keyword":"[팡가시난_족]","e_type":"WIKILINK"},{"st":153,"eIdx":9,"ancestor":"","en":160,"ne_type":"","keyword":"[팜팡가_주]","e_type":"WIKILINK"},{"st":162,"eIdx":10,"ancestor":"","en":170,"ne_type":"","keyword":"[타를라크_주]","e_type":"WIKILINK"},{"st":173,"eIdx":11,"ancestor":"","en":180,"ne_type":"","keyword":"[팜팡가_어]","e_type":"WIKILINK"},{"st":186,"eIdx":12,"ancestor":"","en":193,"ne_type":"","keyword":"[팜팡가_족]","e_type":"WIKILINK"},{"st":199,"eIdx":13,"ancestor":"2-0","en":203,"cwStateCd":"FIXED","ne_type":"LOCATION","cwSelIdx":2,"type":"ENTITY","keyword":"[마닐라]","e_type":"NEW"},{"st":216,"eIdx":14,"ancestor":"","en":223,"ne_type":"","keyword":"[타갈로그어]","e_type":"WIKILINK"},{"st":239,"eIdx":15,"ancestor":"-2","en":245,"cwStateCd":"FIXED","ne_type":"LOCATION","cwSelIdx":[],"type":"ENTITY","keyword":"[비콜_반도]","e_type":"NEW"},{"st":250,"eIdx":16,"ancestor":"","en":255,"ne_type":"","keyword":"[비콜어]","e_type":"WIKILINK"},{"st":280,"eIdx":17,"ancestor":"","en":288,"ne_type":"","keyword":"[삼발레스_주]","e_type":"WIKILINK"},{"st":290,"eIdx":18,"ancestor":"","en":297,"ne_type":"","keyword":"[아에타_족]","e_type":"WIKILINK"},{"st":299,"eIdx":19,"ancestor":"","en":306,"ne_type":"","keyword":"[카가얀_주]","e_type":"WIKILINK"},{"st":308,"eIdx":20,"ancestor":"","en":316,"ne_type":"","keyword":"[이바나그_족]","e_type":"WIKILINK"},{"st":318,"eIdx":21,"ancestor":"","en":329,"ne_type":"","keyword":"[코르디예라_행정구]","e_type":"WIKILINK"},{"st":331,"eIdx":22,"ancestor":"","en":339,"ne_type":"","keyword":"[이고로트_족]","e_type":"WIKILINK"}],"wikiPageId":36012,"pIdx":9,"text":"민족?언어?종교. <루손_섬>에 사는 민족은 [말레이계]가 대부분이지만, 언어마다 몇 개로 구분된다. 북부의 [일로코스_지방]이나 [카가얀밸리_지방]에는 [일로카노어]를 말하는 [일로카노_족]이 산다. 중부의 [팡가시난_주]에는 [팡가시난_어]를 말하는 [팡가시난_족]이, [팜팡가_주]나 [타를라크_주]에는 [팜팡가_어]를 말하는 [팜팡가_족]이 산다. [마닐라] 주위 및 그 남쪽은 [타갈로그어]가 쓰이며, 한층 더 남쪽의 [비콜_반도]에서는 [비콜어]가 쓰인다. 또 산악부에는 소수민족이 산다. [삼발레스_주]의 [아에타_족], [카가얀_주]의 [이바나그_족], [코르디예라_행정구]의 [이고로트_족]은 그 대표적 존재이다."}