{"result":[{"verbs":[{"word_id":7,"ancestor":["1-0"],"verb":"위치","cwStateCd":"FIXED","cwSelIdx":0}],"text":"<고양체육관>(高陽體育館)은 [대한민국] [경기도] [고양시] [일산서구] [대화동_(고양시)] [고양종합운동장]에 위치한 다목적 실내경기장이다."},{"verbs":[{"word_id":2,"ancestor":["1-0"],"verb":"개관","cwStateCd":"FIXED","cwSelIdx":0},{"word_id":8,"ancestor":["1-0"],"verb":"있","cwStateCd":"FIXED","cwSelIdx":0},{"word_id":14,"ancestor":["1-0"],"verb":"개최","cwStateCd":"FIXED","cwSelIdx":0}],"text":"[2011년] [7월]에 개관하였으며, 실내수영장은 다이빙장과 메인풀, 보조풀 등이 있고, 실내체육관은 [농구], [체조] 등의 경기를 개최할 수 있다."},{"verbs":[{"word_id":6,"ancestor":["1-12"],"verb":"이전","cwStateCd":"FIXED","cwSelIdx":28},{"word_id":9,"ancestor":["1-12"],"verb":"사용","cwStateCd":"FIXED","cwSelIdx":28}],"text":"[2011년]부터 [고양_오리온_오리온스]가 [대구광역시]에서 [경기도] [고양시]로 연고지를 이전하여 홈 <경기장>으로 사용하고 있다."},{"verbs":[{"word_id":6,"ancestor":["1-18"],"verb":"개최","cwStateCd":"FIXED","cwSelIdx":39}],"text":"[2011년] [전국체육대회] 기간에 [수영], 체조 경기가 개최되었던 곳이기도 하다."},{"verbs":[{"word_id":4,"ancestor":["1-0"],"verb":"개최","cwStateCd":"FIXED","cwSelIdx":0}],"text":"[2012년] [11월_28일]부터 [12월_6일]까지 [2012_프로-아마농구_최강전]을 개최했다."},{"verbs":[{"word_id":5,"ancestor":["1-27"],"verb":"방송","cwStateCd":"FIXED","cwSelIdx":56}],"text":"[싸이]의 [노래] 《[GENTLEMAN]》 뮤직비디오와 [문화방송]에서 방송하였던 《[스타_다이빙_쇼_스플래시]》의 촬영지였다."},{"verbs":[{"word_id":1,"ancestor":["1-30"],"verb":"개최","cwStateCd":"FIXED","cwSelIdx":62},{"word_id":5,"ancestor":["1-0"],"verb":"사용","cwStateCd":"FIXED","cwSelIdx":0}],"text":"[인천]에서 개최된 [2014년_아시안_게임]의 [펜싱] <경기장>으로 사용되기도 했다."}],"globalSId":[2786378,2786379,2786380,2786381,2786382,2786383,2786384],"entities":[{"st":0,"eIdx":0,"ancestor":"","en":7,"ne_type":"","keyword":"<고양체육관>","e_type":"ELU"},{"st":16,"eIdx":1,"ancestor":"","en":22,"ne_type":"","keyword":"[대한민국]","e_type":"WIKILINK"},{"st":23,"eIdx":2,"ancestor":"","en":28,"ne_type":"","keyword":"[경기도]","e_type":"WIKILINK"},{"st":29,"eIdx":3,"ancestor":"","en":34,"ne_type":"","keyword":"[고양시]","e_type":"WIKILINK"},{"st":35,"eIdx":4,"ancestor":"","en":41,"ne_type":"","keyword":"[일산서구]","e_type":"WIKILINK"},{"st":42,"eIdx":5,"ancestor":"","en":53,"ne_type":"","keyword":"[대화동_(고양시)]","e_type":"WIKILINK"},{"st":54,"eIdx":6,"ancestor":"","en":63,"ne_type":"","keyword":"[고양종합운동장]","e_type":"WIKILINK"},{"st":82,"eIdx":7,"ancestor":"","en":89,"ne_type":"","keyword":"[2011년]","e_type":"WIKILINK"},{"st":90,"eIdx":8,"ancestor":"","en":94,"ne_type":"","keyword":"[7월]","e_type":"WIKILINK"},{"st":140,"eIdx":9,"ancestor":"","en":144,"ne_type":"","keyword":"[농구]","e_type":"WIKILINK"},{"st":146,"eIdx":10,"ancestor":"","en":150,"ne_type":"","keyword":"[체조]","e_type":"WIKILINK"},{"st":168,"eIdx":11,"ancestor":"","en":175,"ne_type":"","keyword":"[2011년]","e_type":"WIKILINK"},{"st":178,"eIdx":12,"ancestor":"","en":191,"ne_type":"","keyword":"[고양_오리온_오리온스]","e_type":"WIKILINK"},{"st":193,"eIdx":13,"ancestor":"","en":200,"ne_type":"","keyword":"[대구광역시]","e_type":"WIKILINK"},{"st":203,"eIdx":14,"ancestor":"","en":208,"ne_type":"","keyword":"[경기도]","e_type":"WIKILINK"},{"st":209,"eIdx":15,"ancestor":"","en":214,"ne_type":"","keyword":"[고양시]","e_type":"WIKILINK"},{"st":228,"eIdx":16,"ancestor":"","en":233,"ne_type":"","keyword":"<경기장>","e_type":"ELU"},{"st":245,"eIdx":17,"ancestor":"","en":252,"ne_type":"","keyword":"[2011년]","e_type":"WIKILINK"},{"st":253,"eIdx":18,"ancestor":"","en":261,"ne_type":"","keyword":"[전국체육대회]","e_type":"WIKILINK"},{"st":266,"eIdx":19,"ancestor":"","en":270,"ne_type":"","keyword":"[수영]","e_type":"WIKILINK"},{"st":294,"eIdx":20,"ancestor":"","en":301,"ne_type":"","keyword":"[2012년]","e_type":"WIKILINK"},{"st":302,"eIdx":21,"ancestor":"","en":311,"ne_type":"","keyword":"[11월_28일]","e_type":"WIKILINK"},{"st":314,"eIdx":22,"ancestor":"","en":322,"ne_type":"","keyword":"[12월_6일]","e_type":"WIKILINK"},{"st":325,"eIdx":23,"ancestor":"","en":343,"ne_type":"","keyword":"[2012_프로-아마농구_최강전]","e_type":"WIKILINK"},{"st":351,"eIdx":24,"ancestor":"","en":355,"ne_type":"","keyword":"[싸이]","e_type":"WIKILINK"},{"st":357,"eIdx":25,"ancestor":"","en":361,"ne_type":"","keyword":"[노래]","e_type":"WIKILINK"},{"st":363,"eIdx":26,"ancestor":"","en":374,"ne_type":"","keyword":"[GENTLEMAN]","e_type":"WIKILINK"},{"st":383,"eIdx":27,"ancestor":"","en":389,"ne_type":"","keyword":"[문화방송]","e_type":"WIKILINK"},{"st":399,"eIdx":28,"ancestor":"","en":414,"ne_type":"","keyword":"[스타_다이빙_쇼_스플래시]","e_type":"WIKILINK"},{"st":424,"eIdx":29,"ancestor":"-2","en":427,"cwStateCd":"FIXED","ne_type":"LOCATION","cwSelIdx":[],"type":"ENTITY","keyword":"[인천]","e_type":"NEW"},{"st":435,"eIdx":30,"ancestor":"","en":449,"ne_type":"","keyword":"[2014년_아시안_게임]","e_type":"WIKILINK"},{"st":451,"eIdx":31,"ancestor":"","en":455,"ne_type":"","keyword":"[펜싱]","e_type":"WIKILINK"},{"st":456,"eIdx":32,"ancestor":"","en":461,"ne_type":"","keyword":"<경기장>","e_type":"ELU"}],"wikiPageId":783986,"pIdx":1,"text":"<고양체육관>(高陽體育館)은 [대한민국] [경기도] [고양시] [일산서구] [대화동_(고양시)] [고양종합운동장]에 위치한 다목적 실내경기장이다. [2011년] [7월]에 개관하였으며, 실내수영장은 다이빙장과 메인풀, 보조풀 등이 있고, 실내체육관은 [농구], [체조] 등의 경기를 개최할 수 있다. [2011년]부터 [고양_오리온_오리온스]가 [대구광역시]에서 [경기도] [고양시]로 연고지를 이전하여 홈 <경기장>으로 사용하고 있다. [2011년] [전국체육대회] 기간에 [수영], 체조 경기가 개최되었던 곳이기도 하다. [2012년] [11월_28일]부터 [12월_6일]까지 [2012_프로-아마농구_최강전]을 개최했다. [싸이]의 [노래] 《[GENTLEMAN]》 뮤직비디오와 [문화방송]에서 방송하였던 《[스타_다이빙_쇼_스플래시]》의 촬영지였다. [인천]에서 개최된 [2014년_아시안_게임]의 [펜싱] <경기장>으로 사용되기도 했다."}