{"result":[{"verbs":[{"word_id":4,"ancestor":["1-0"],"verb":"있","cwStateCd":"FIXED","cwSelIdx":0},{"word_id":7,"ancestor":["1-0"],"verb":"연결","cwStateCd":"FIXED","cwSelIdx":0}],"text":"<청진항선>(淸津港線)은 [조선민주주의인민공화국] [함경북도] [청진시]에 있는 [청진청년역]과 [청진항역]을 연결하는 철도노선이다."},{"verbs":[{"word_id":6,"ancestor":["1-0"],"verb":"분리","cwStateCd":"FIXED","cwSelIdx":0}],"text":"이 노선은 [함북선]의 분할과 함께 '[청진선]'(淸津線)으로 분리되었다."},{"verbs":[{"word_id":5,"ancestor":["1-0"],"verb":"변경","cwStateCd":"FIXED","cwSelIdx":0}],"text":"광복 이후에 본선은 현재의 명칭으로 변경되었다."}],"globalSId":[3193090,3193091,3193092],"entities":[{"st":0,"eIdx":0,"ancestor":"","en":6,"ne_type":"","keyword":"<청진항선>","e_type":"ELU"},{"st":14,"eIdx":1,"ancestor":"","en":27,"ne_type":"","keyword":"[조선민주주의인민공화국]","e_type":"WIKILINK"},{"st":28,"eIdx":2,"ancestor":"","en":34,"ne_type":"","keyword":"[함경북도]","e_type":"WIKILINK"},{"st":35,"eIdx":3,"ancestor":"","en":40,"ne_type":"","keyword":"[청진시]","e_type":"WIKILINK"},{"st":45,"eIdx":4,"ancestor":"","en":52,"ne_type":"","keyword":"[청진청년역]","e_type":"WIKILINK"},{"st":54,"eIdx":5,"ancestor":"","en":60,"ne_type":"","keyword":"[청진항역]","e_type":"WIKILINK"},{"st":81,"eIdx":6,"ancestor":"","en":86,"ne_type":"","keyword":"[함북선]","e_type":"WIKILINK"},{"st":96,"eIdx":7,"ancestor":"-2","en":99,"cwStateCd":"FIXED","ne_type":"ETC","cwSelIdx":[],"type":"ENTITY","keyword":"[청진선]","e_type":"NEW"}],"wikiPageId":1010432,"pIdx":1,"text":"<청진항선>(淸津港線)은 [조선민주주의인민공화국] [함경북도] [청진시]에 있는 [청진청년역]과 [청진항역]을 연결하는 철도노선이다. 이 노선은 [함북선]의 분할과 함께 '[청진선]'(淸津線)으로 분리되었다. 광복 이후에 본선은 현재의 명칭으로 변경되었다."}