{"result":[{"verbs":[],"text":"<카를_노이키르슈>(, [1864년] [11월] [3일] ~ [1941년] [6월] [26일])는 [독일]의 [체조]이다."},{"verbs":[{"word_id":2,"ancestor":["1-10"],"verb":"열리","cwStateCd":"FIXED","cwSelIdx":13}],"text":"그는 [아테네]에서 열린 [1896년_하계_올림픽]에 참가했다."}],"globalSId":[2152215,2152216],"entities":[{"st":0,"eIdx":0,"ancestor":"","en":10,"ne_type":"","keyword":"<카를_노이키르슈>","e_type":"ELU"},{"st":13,"eIdx":1,"ancestor":"-2","en":19,"cwStateCd":"FIXED","ne_type":"TIME","cwSelIdx":[],"type":"ENTITY","keyword":"[1864년]","e_type":"NEW"},{"st":21,"eIdx":2,"ancestor":"-2","en":25,"cwStateCd":"FIXED","ne_type":"TIME","cwSelIdx":[],"type":"ENTITY","keyword":"[11월]","e_type":"NEW"},{"st":27,"eIdx":3,"ancestor":"-2","en":30,"cwStateCd":"FIXED","ne_type":"TIME","cwSelIdx":[],"type":"ENTITY","keyword":"[3일]","e_type":"NEW"},{"st":34,"eIdx":4,"ancestor":"-2","en":40,"cwStateCd":"FIXED","ne_type":"TIME","cwSelIdx":[],"type":"ENTITY","keyword":"[1941년]","e_type":"NEW"},{"st":42,"eIdx":5,"ancestor":"-2","en":45,"cwStateCd":"FIXED","ne_type":"TIME","cwSelIdx":[],"type":"ENTITY","keyword":"[6월]","e_type":"NEW"},{"st":47,"eIdx":6,"ancestor":"-2","en":51,"cwStateCd":"FIXED","ne_type":"TIME","cwSelIdx":[],"type":"ENTITY","keyword":"[26일]","e_type":"NEW"},{"st":55,"eIdx":7,"ancestor":"","en":59,"ne_type":"","keyword":"[독일]","e_type":"WIKILINK"},{"st":61,"eIdx":8,"ancestor":"","en":65,"ne_type":"","keyword":"[체조]","e_type":"WIKILINK"},{"st":72,"eIdx":9,"ancestor":"","en":77,"ne_type":"","keyword":"[아테네]","e_type":"WIKILINK"},{"st":83,"eIdx":10,"ancestor":"","en":97,"ne_type":"","keyword":"[1896년_하계_올림픽]","e_type":"WIKILINK"}],"wikiPageId":487743,"pIdx":1,"text":"<카를_노이키르슈>(, [1864년] [11월] [3일] ~ [1941년] [6월] [26일])는 [독일]의 [체조]이다. 그는 [아테네]에서 열린 [1896년_하계_올림픽]에 참가했다."}