{"result":[{"verbs":[{"word_id":6,"ancestor":["3-2"],"verb":"포함","cwStateCd":"FIXED","cwSelIdx":3},{"word_id":20,"ancestor":["3-2"],"verb":"배출","cwStateCd":"FIXED","cwSelIdx":3},{"word_id":22,"ancestor":["3-2"],"verb":"그치","cwStateCd":"FIXED","cwSelIdx":3}],"text":"한편 [2008년_한국시리즈] <우승>인 [SK_와이번스]는 투수부문 3명을 포함해 총 8명의 [골든글러브] 수상 후보자를 내었으나, [투수]부문의 [김광현_(야구_선수)]만이 수상하여 단 한 명의 수상자를 배출하는 데 그쳤다."},{"verbs":[{"word_id":7,"ancestor":["3-7"],"verb":"이적","cwStateCd":"FIXED","cwSelIdx":25},{"word_id":13,"ancestor":["3-10"],"verb":"아니","cwStateCd":"FIXED","cwSelIdx":35}],"text":"[지명타자] 부문의 [홍성흔]은 시즌 후두로 [두산_베어스]에서 [롯데_자이언츠]로 이적하였기 때문에 올 시즌 소속팀이었던 [두산]이 아닌 [롯데] 소속으로 수상하였다."},{"verbs":[],"text":"[롯데]의 [카림_가르시아]는 외국인 선수로는 9번째로 <골든글러브>를 수상하는 영예를 얻었다."},{"verbs":[{"word_id":3,"ancestor":["3-15"],"verb":"수상","cwStateCd":"FIXED","cwSelIdx":50},{"word_id":4,"ancestor":"-2","verb":"어이없","cwStateCd":"FIXED","cwSelIdx":[]}],"text":"두산의 [김동주]는 시상하면서 수상하는 어이없는 장면이 나왔다."}],"globalSId":[1543152,1543153,1543154,1543155],"entities":[{"st":3,"eIdx":0,"ancestor":"","en":16,"ne_type":"","keyword":"[2008년_한국시리즈]","e_type":"WIKILINK"},{"st":17,"eIdx":1,"ancestor":"","en":21,"ne_type":"","keyword":"<우승>","e_type":"ELU"},{"st":23,"eIdx":2,"ancestor":"","en":32,"ne_type":"","keyword":"[SK_와이번스]","e_type":"WIKILINK"},{"st":53,"eIdx":3,"ancestor":"-2","en":59,"cwStateCd":"FIXED","ne_type":"ETC","cwSelIdx":[],"type":"ENTITY","keyword":"[골든글러브]","e_type":"NEW"},{"st":75,"eIdx":4,"ancestor":"","en":79,"ne_type":"","keyword":"[투수]","e_type":"WIKILINK"},{"st":83,"eIdx":5,"ancestor":"","en":96,"ne_type":"","keyword":"[김광현_(야구_선수)]","e_type":"WIKILINK"},{"st":128,"eIdx":6,"ancestor":"","en":134,"ne_type":"","keyword":"[지명타자]","e_type":"WIKILINK"},{"st":139,"eIdx":7,"ancestor":"","en":144,"ne_type":"","keyword":"[홍성흔]","e_type":"WIKILINK"},{"st":153,"eIdx":8,"ancestor":"","en":161,"ne_type":"","keyword":"[두산_베어스]","e_type":"WIKILINK"},{"st":164,"eIdx":9,"ancestor":"","en":173,"ne_type":"","keyword":"[롯데_자이언츠]","e_type":"WIKILINK"},{"st":197,"eIdx":10,"ancestor":"3-8","en":200,"cwStateCd":"FIXED","ne_type":"ORGANIZATION","cwSelIdx":28,"type":"ENTITY","keyword":"[두산]","e_type":"NEW"},{"st":206,"eIdx":11,"ancestor":"3-9","en":209,"cwStateCd":"FIXED","ne_type":"ORGANIZATION","cwSelIdx":29,"type":"ENTITY","keyword":"[롯데]","e_type":"NEW"},{"st":223,"eIdx":12,"ancestor":"3-9","en":226,"cwStateCd":"FIXED","ne_type":"ORGANIZATION","cwSelIdx":29,"type":"ENTITY","keyword":"[롯데]","e_type":"NEW"},{"st":229,"eIdx":13,"ancestor":"","en":238,"ne_type":"","keyword":"[카림_가르시아]","e_type":"WIKILINK"},{"st":254,"eIdx":14,"ancestor":"","en":261,"ne_type":"","keyword":"<골든글러브>","e_type":"ELU"},{"st":281,"eIdx":15,"ancestor":"","en":286,"ne_type":"","keyword":"[김동주]","e_type":"WIKILINK"}],"wikiPageId":274232,"pIdx":3,"text":"한편 [2008년_한국시리즈] <우승>인 [SK_와이번스]는 투수부문 3명을 포함해 총 8명의 [골든글러브] 수상 후보자를 내었으나, [투수]부문의 [김광현_(야구_선수)]만이 수상하여 단 한 명의 수상자를 배출하는 데 그쳤다. [지명타자] 부문의 [홍성흔]은 시즌 후두로 [두산_베어스]에서 [롯데_자이언츠]로 이적하였기 때문에 올 시즌 소속팀이었던 [두산]이 아닌 [롯데] 소속으로 수상하였다. [롯데]의 [카림_가르시아]는 외국인 선수로는 9번째로 <골든글러브>를 수상하는 영예를 얻었다. 두산의 [김동주]는 시상하면서 수상하는 어이없는 장면이 나왔다."}