{"result":[{"verbs":[],"text":"[존스]."},{"verbs":[{"word_id":11,"ancestor":["15-1"],"verb":"상징","cwStateCd":"FIXED","cwSelIdx":1}],"text":"[존스]()는 [조지_오웰]의 소설인 [동물_농장]에 나오는 인물로 [제정_러시아]의 [로마노프_왕조]의 마지막 황제인 [니콜라이_2세]를 상징한다."},{"verbs":[{"word_id":4,"ancestor":["15-8"],"verb":"상징","cwStateCd":"FIXED","cwSelIdx":14}],"text":"소설에서 [메이너_농장]([니콜라스_2세]의 통치하의 <러시아>를 상징함)의 주인이다."},{"verbs":[{"word_id":2,"ancestor":"-2","verb":"못살","cwStateCd":"FIXED","cwSelIdx":[]},{"word_id":3,"ancestor":"-2","verb":"굴","cwStateCd":"FIXED","cwSelIdx":[]},{"word_id":4,"ancestor":["15-1"],"verb":"학대","cwStateCd":"FIXED","cwSelIdx":1},{"word_id":7,"ancestor":["15-1"],"verb":"주","cwStateCd":"FIXED","cwSelIdx":1}],"text":"농장 동물들을 못살게 굴고 학대하고 먹이도 잘 주지 않았다."},{"verbs":[{"word_id":0,"ancestor":"-2","verb":"이러하","cwStateCd":"FIXED","cwSelIdx":[]},{"word_id":11,"ancestor":"-2","verb":"되","cwStateCd":"FIXED","cwSelIdx":[]}],"text":"이러한 이유로 가축들이 반감을 가져 동물 반란 을 일으키게하는 결정적 요인이 되었다."},{"verbs":[{"word_id":17,"ancestor":["15-12"],"verb":"단정","cwStateCd":"FIXED","cwSelIdx":52},{"word_id":19,"ancestor":["15-12"],"verb":"쏘","cwStateCd":"FIXED","cwSelIdx":52},{"word_id":22,"ancestor":"-2","verb":"끝나","cwStateCd":"FIXED","cwSelIdx":[]}],"text":"[메이저_영감]의 연설 때 모임에 참석한 농장 동물들이 연설이 끝나고 [영국의_짐승들]을 합창할 때 [존즈] 씨는 헛간에 여우가 침입했다고 단정하고 총을 쏘아 모임이 빨리 끝났다."}],"globalSId":[3210054,3210055,3210056,3210057,3210058,3210059],"entities":[{"st":0,"eIdx":0,"ancestor":"-1","en":3,"cwStateCd":"FIXED","ne_type":"PERSON","cwSelIdx":[],"type":"ENTITY","keyword":"[존스]","e_type":"NEW"},{"st":6,"eIdx":1,"ancestor":"15-0","en":9,"cwStateCd":"FIXED","ne_type":"PERSON","cwSelIdx":0,"type":"ENTITY","keyword":"[존스]","e_type":"NEW"},{"st":14,"eIdx":2,"ancestor":"","en":21,"ne_type":"","keyword":"[조지_오웰]","e_type":"WIKILINK"},{"st":27,"eIdx":3,"ancestor":"","en":34,"ne_type":"","keyword":"[동물_농장]","e_type":"WIKILINK"},{"st":44,"eIdx":4,"ancestor":"","en":52,"ne_type":"","keyword":"[제정_러시아]","e_type":"WIKILINK"},{"st":54,"eIdx":5,"ancestor":"","en":63,"ne_type":"","keyword":"[로마노프_왕조]","e_type":"WIKILINK"},{"st":73,"eIdx":6,"ancestor":"","en":82,"ne_type":"","keyword":"[니콜라이_2세]","e_type":"WIKILINK"},{"st":95,"eIdx":7,"ancestor":"-2","en":102,"cwStateCd":"FIXED","ne_type":"LOCATION","cwSelIdx":[],"type":"ENTITY","keyword":"[메이너_농장]","e_type":"NEW"},{"st":104,"eIdx":8,"ancestor":"15-6","en":103,"cwStateCd":"FIXED","ne_type":"PERSON","cwSelIdx":11,"type":"ENTITY","keyword":"[니콜라스_2세]","e_type":"NEW"},{"st":120,"eIdx":9,"ancestor":"","en":125,"ne_type":"","keyword":"<러시아>","e_type":"ELU"},{"st":221,"eIdx":10,"ancestor":"-2","en":228,"cwStateCd":"FIXED","ne_type":"PERSON","cwSelIdx":[],"type":"ENTITY","keyword":"[메이저_영감]","e_type":"NEW"},{"st":260,"eIdx":11,"ancestor":"","en":269,"ne_type":"","keyword":"[영국의_짐승들]","e_type":"WIKILINK"},{"st":277,"eIdx":12,"ancestor":"15-1","en":280,"cwStateCd":"FIXED","ne_type":"PERSON","cwSelIdx":1,"type":"ENTITY","keyword":"[존즈]","e_type":"NEW"}],"wikiPageId":1021920,"pIdx":15,"text":"[존스]. [존스]()는 [조지_오웰]의 소설인 [동물_농장]에 나오는 인물로 [제정_러시아]의 [로마노프_왕조]의 마지막 황제인 [니콜라이_2세]를 상징한다. 소설에서 [메이너_농장]([니콜라스_2세]의 통치하의 <러시아>를 상징함)의 주인이다. 농장 동물들을 못살게 굴고 학대하고 먹이도 잘 주지 않았다. 이러한 이유로 가축들이 반감을 가져 동물 반란 을 일으키게하는 결정적 요인이 되었다. [메이저_영감]의 연설 때 모임에 참석한 농장 동물들이 연설이 끝나고 [영국의_짐승들]을 합창할 때 [존즈] 씨는 헛간에 여우가 침입했다고 단정하고 총을 쏘아 모임이 빨리 끝났다."}