{"result":[{"verbs":[{"word_id":11,"ancestor":["2-0"],"verb":"체결","cwStateCd":"FIXED","cwSelIdx":0},{"word_id":18,"ancestor":["2-0"],"verb":"발매","cwStateCd":"FIXED","cwSelIdx":0},{"word_id":21,"ancestor":["2-0"],"verb":"데뷔","cwStateCd":"FIXED","cwSelIdx":0}],"text":"[그란데]의 음악 경력으로는 《[빅토리어스]》(2011)의 사운드 트랙의 참여를 계기로 음반사 [리퍼블릭_레코드]와 계약을 체결했고, [2013년_3월]에는 그녀의 첫 정규 앨범 《[Yours_Truly]》를 발매하며 [빌보드_200] 1위로 데뷔했다."},{"verbs":[{"word_id":1,"ancestor":"-2","verb":"폭넓","cwStateCd":"FIXED","cwSelIdx":[]},{"word_id":4,"ancestor":"-2","verb":"연상","cwStateCd":"FIXED","cwSelIdx":0},{"word_id":7,"ancestor":["2-0"],"verb":"받","cwStateCd":"FIXED","cwSelIdx":0}],"text":"그녀의 폭넓은 음역대는 [머라이어_캐리]를 연상시키며 비평가들의 호평을 받았고 <리드_싱글> 〈[The_Way]〉는 [빌보드_핫_100] 10위권과 더블 플래티넘 인증을 받으며 성공을 거뒀다."}],"globalSId":[2663009,2663010],"entities":[{"st":0,"eIdx":0,"ancestor":"-2","en":4,"cwStateCd":"FIXED","ne_type":"PERSON","cwSelIdx":[],"type":"ENTITY","keyword":"[그란데]","e_type":"NEW"},{"st":17,"eIdx":1,"ancestor":"","en":24,"ne_type":"","keyword":"[빅토리어스]","e_type":"WIKILINK"},{"st":53,"eIdx":2,"ancestor":"","en":63,"ne_type":"","keyword":"[리퍼블릭_레코드]","e_type":"WIKILINK"},{"st":75,"eIdx":3,"ancestor":"-2","en":84,"cwStateCd":"FIXED","ne_type":"TIME","cwSelIdx":[],"type":"ENTITY","keyword":"[2013년_3월]","e_type":"NEW"},{"st":101,"eIdx":4,"ancestor":"","en":114,"ne_type":"","keyword":"[Yours_Truly]","e_type":"WIKILINK"},{"st":122,"eIdx":5,"ancestor":"","en":131,"ne_type":"","keyword":"[빌보드_200]","e_type":"WIKILINK"},{"st":155,"eIdx":6,"ancestor":"","en":164,"ne_type":"","keyword":"[머라이어_캐리]","e_type":"WIKILINK"},{"st":186,"eIdx":7,"ancestor":"","en":193,"ne_type":"","keyword":"<리드_싱글>","e_type":"ELU"},{"st":195,"eIdx":8,"ancestor":"","en":204,"ne_type":"","keyword":"[The_Way]","e_type":"WIKILINK"},{"st":207,"eIdx":9,"ancestor":"","en":218,"ne_type":"","keyword":"[빌보드_핫_100]","e_type":"WIKILINK"}],"wikiPageId":725877,"pIdx":2,"text":"[그란데]의 음악 경력으로는 《[빅토리어스]》(2011)의 사운드 트랙의 참여를 계기로 음반사 [리퍼블릭_레코드]와 계약을 체결했고, [2013년_3월]에는 그녀의 첫 정규 앨범 《[Yours_Truly]》를 발매하며 [빌보드_200] 1위로 데뷔했다. 그녀의 폭넓은 음역대는 [머라이어_캐리]를 연상시키며 비평가들의 호평을 받았고 <리드_싱글> 〈[The_Way]〉는 [빌보드_핫_100] 10위권과 더블 플래티넘 인증을 받으며 성공을 거뒀다."}