{"result":[{"verbs":[{"word_id":9,"ancestor":["43-0","43-1"],"verb":"모으","cwStateCd":"FIXED","cwSelIdx":[0,1]},{"word_id":12,"ancestor":["43-0","43-1"],"verb":"토론","cwStateCd":"FIXED","cwSelIdx":[0,1]}],"text":"<송시열>과 <이유태_(1607년)>는 이 문제를 두고 [1653년] [황산서원]에서 동료 친구들을 모아서 이 문제를 토론한다."},{"verbs":[],"text":"여기에는 [윤선거](尹宣擧), [권시], [유계](兪棨) 등이 참여하였다."},{"verbs":[{"word_id":8,"ancestor":"-2","verb":"저명","cwStateCd":"FIXED","cwSelIdx":[]},{"word_id":17,"ancestor":"-2","verb":"모이","cwStateCd":"FIXED","cwSelIdx":[]},{"word_id":19,"ancestor":"-2","verb":"열","cwStateCd":"FIXED","cwSelIdx":[]}],"text":"[1653년](효종 4년) [윤7월] <송시열>은 <윤선거>, 유계 등 10여명의 저명한 서인 학자들([대전] 부근 지역 출신)과 황산서원(黃山書院, 논산 강경)에 모여 시회(詩會)를 열었다."},{"verbs":[{"word_id":6,"ancestor":["43-3"],"verb":"모시","cwStateCd":"FIXED","cwSelIdx":6},{"word_id":13,"ancestor":["43-16"],"verb":"단죄","cwStateCd":"FIXED","cwSelIdx":47}],"text":"황산서원은 <조광조>, [이황], [이이], [성혼]의 위패를 모신 사당으로 <송시열>은 이 선현들 앞에서 [윤휴]를 단죄하려 한 것이다."},{"verbs":[{"word_id":6,"ancestor":["43-19"],"verb":"높","cwStateCd":"FIXED","cwSelIdx":56},{"word_id":7,"ancestor":["43-19"],"verb":"깊","cwStateCd":"FIXED","cwSelIdx":56},{"word_id":8,"ancestor":["43-18"],"verb":"하","cwStateCd":"FIXED","cwSelIdx":55}],"text":"<윤선거>는 [윤휴]를 높이 보며, 그 학문이 높고 깊다고 했다."},{"verbs":[{"word_id":4,"ancestor":["43-21"],"verb":"같","cwStateCd":"FIXED","cwSelIdx":66},{"word_id":5,"ancestor":["43-20"],"verb":"극렬","cwStateCd":"FIXED","cwSelIdx":65}],"text":"반면 <송시열>은 [윤휴]가 <사문난적>과 같다고 극렬하게 비난했다."}],"globalSId":[407640,407641,407642,407643,407644,407645],"entities":[{"st":0,"eIdx":0,"ancestor":"","en":5,"ne_type":"","keyword":"<송시열>","e_type":"ELU"},{"st":7,"eIdx":1,"ancestor":"","en":20,"ne_type":"","keyword":"<이유태_(1607년)>","e_type":"ELU"},{"st":31,"eIdx":2,"ancestor":"","en":38,"ne_type":"","keyword":"[1653년]","e_type":"WIKILINK"},{"st":39,"eIdx":3,"ancestor":"-2","en":44,"cwStateCd":"FIXED","ne_type":"LOCATION","cwSelIdx":[],"type":"ENTITY","keyword":"[황산서원]","e_type":"NEW"},{"st":77,"eIdx":4,"ancestor":"","en":82,"ne_type":"","keyword":"[윤선거]","e_type":"WIKILINK"},{"st":89,"eIdx":5,"ancestor":"","en":93,"ne_type":"","keyword":"[권시]","e_type":"WIKILINK"},{"st":95,"eIdx":6,"ancestor":"","en":99,"ne_type":"","keyword":"[유계]","e_type":"WIKILINK"},{"st":114,"eIdx":7,"ancestor":"","en":121,"ne_type":"","keyword":"[1653년]","e_type":"WIKILINK"},{"st":129,"eIdx":8,"ancestor":"-2","en":133,"cwStateCd":"FIXED","ne_type":"TIME","cwSelIdx":[],"type":"ENTITY","keyword":"[윤7월]","e_type":"NEW"},{"st":135,"eIdx":9,"ancestor":"","en":140,"ne_type":"","keyword":"<송시열>","e_type":"ELU"},{"st":142,"eIdx":10,"ancestor":"","en":147,"ne_type":"","keyword":"<윤선거>","e_type":"ELU"},{"st":171,"eIdx":11,"ancestor":"-2","en":170,"cwStateCd":"FIXED","ne_type":"LOCATION","cwSelIdx":[],"type":"ENTITY","keyword":"[대전]","e_type":"NEW"},{"st":228,"eIdx":12,"ancestor":"","en":233,"ne_type":"","keyword":"<조광조>","e_type":"ELU"},{"st":235,"eIdx":13,"ancestor":"-2","en":238,"cwStateCd":"FIXED","ne_type":"PERSON","cwSelIdx":[],"type":"ENTITY","keyword":"[이황]","e_type":"NEW"},{"st":241,"eIdx":14,"ancestor":"-2","en":244,"cwStateCd":"FIXED","ne_type":"PERSON","cwSelIdx":[],"type":"ENTITY","keyword":"[이이]","e_type":"NEW"},{"st":247,"eIdx":15,"ancestor":"-2","en":250,"cwStateCd":"FIXED","ne_type":"PERSON","cwSelIdx":[],"type":"ENTITY","keyword":"[성혼]","e_type":"NEW"},{"st":265,"eIdx":16,"ancestor":"","en":270,"ne_type":"","keyword":"<송시열>","e_type":"ELU"},{"st":282,"eIdx":17,"ancestor":"42-12","en":285,"cwStateCd":"FIXED","ne_type":"PERSON","cwSelIdx":76,"type":"ENTITY","keyword":"[윤휴]","e_type":"NEW"},{"st":300,"eIdx":18,"ancestor":"","en":305,"ne_type":"","keyword":"<윤선거>","e_type":"ELU"},{"st":307,"eIdx":19,"ancestor":"42-12","en":310,"cwStateCd":"FIXED","ne_type":"PERSON","cwSelIdx":76,"type":"ENTITY","keyword":"[윤휴]","e_type":"NEW"},{"st":340,"eIdx":20,"ancestor":"","en":345,"ne_type":"","keyword":"<송시열>","e_type":"ELU"},{"st":347,"eIdx":21,"ancestor":"43-19","en":350,"cwStateCd":"FIXED","ne_type":"PERSON","cwSelIdx":56,"type":"ENTITY","keyword":"[윤휴]","e_type":"NEW"},{"st":353,"eIdx":22,"ancestor":"","en":359,"ne_type":"","keyword":"<사문난적>","e_type":"ELU"}],"wikiPageId":43203,"pIdx":43,"text":"<송시열>과 <이유태_(1607년)>는 이 문제를 두고 [1653년] [황산서원]에서 동료 친구들을 모아서 이 문제를 토론한다. 여기에는 [윤선거](尹宣擧), [권시], [유계](兪棨) 등이 참여하였다. [1653년](효종 4년) [윤7월] <송시열>은 <윤선거>, 유계 등 10여명의 저명한 서인 학자들([대전] 부근 지역 출신)과 황산서원(黃山書院, 논산 강경)에 모여 시회(詩會)를 열었다. 황산서원은 <조광조>, [이황], [이이], [성혼]의 위패를 모신 사당으로 <송시열>은 이 선현들 앞에서 [윤휴]를 단죄하려 한 것이다. <윤선거>는 [윤휴]를 높이 보며, 그 학문이 높고 깊다고 했다. 반면 <송시열>은 [윤휴]가 <사문난적>과 같다고 극렬하게 비난했다."}