{"result":[{"verbs":[{"word_id":4,"ancestor":["1-0"],"verb":"있","cwStateCd":"FIXED","cwSelIdx":0}],"text":"[신전의_계곡]()은 [이탈리아] [시칠리아_주] [아그리젠토]에 있는 유적이다."},{"verbs":[{"word_id":3,"ancestor":["1-4"],"verb":"모이","cwStateCd":"FIXED","cwSelIdx":8},{"word_id":7,"ancestor":"-1","verb":"같","cwStateCd":"FIXED","cwSelIdx":[]},{"word_id":8,"ancestor":"-1","verb":"하","cwStateCd":"FIXED","cwSelIdx":[]},{"word_id":9,"ancestor":"-1","verb":"붙이","cwStateCd":"FIXED","cwSelIdx":[]}],"text":"여러 개의 [신전]들이 모여 있는 형상이 [계곡]과 같다 하여 붙여진 이름이다."},{"verbs":[{"word_id":5,"ancestor":["1-0"],"verb":"등록","cwStateCd":"FIXED","cwSelIdx":0}],"text":"[1997년] <유엔_교육_과학_문화_기구>의 세계 유산 목록에 등록되었다."}],"globalSId":[2764978,2764979,2764980],"entities":[{"st":0,"eIdx":0,"ancestor":"-2","en":7,"cwStateCd":"FIXED","ne_type":"LOCATION","cwSelIdx":[],"type":"ENTITY","keyword":"[신전의_계곡]","e_type":"NEW"},{"st":12,"eIdx":1,"ancestor":"","en":18,"ne_type":"","keyword":"[이탈리아]","e_type":"WIKILINK"},{"st":19,"eIdx":2,"ancestor":"","en":27,"ne_type":"","keyword":"[시칠리아_주]","e_type":"WIKILINK"},{"st":28,"eIdx":3,"ancestor":"","en":35,"ne_type":"","keyword":"[아그리젠토]","e_type":"WIKILINK"},{"st":52,"eIdx":4,"ancestor":"","en":56,"ne_type":"","keyword":"[신전]","e_type":"WIKILINK"},{"st":69,"eIdx":5,"ancestor":"","en":73,"ne_type":"","keyword":"[계곡]","e_type":"WIKILINK"},{"st":91,"eIdx":6,"en":97,"cwStateCd":"FIXED","ne_type":"TIME","cwSelIdx":[],"type":"ENTITY","keyword":"[1997년]","e_type":"NEW"},{"st":99,"eIdx":7,"ancestor":"","en":115,"ne_type":"","keyword":"<유엔_교육_과학_문화_기구>","e_type":"ELU"}],"wikiPageId":772669,"pIdx":1,"text":"[신전의_계곡]()은 [이탈리아] [시칠리아_주] [아그리젠토]에 있는 유적이다. 여러 개의 [신전]들이 모여 있는 형상이 [계곡]과 같다 하여 붙여진 이름이다. [1997년] <유엔_교육_과학_문화_기구>의 세계 유산 목록에 등록되었다."}