{"result":[{"verbs":[{"word_id":4,"ancestor":["1-0"],"verb":"위치","cwStateCd":"FIXED","cwSelIdx":0}],"text":"<포스타피브레노>()는 [이탈리아] [라치오_주] [프로시노네_현]에 위치한 <코무네>다."},{"verbs":[{"word_id":7,"ancestor":["1-0"],"verb":"있","cwStateCd":"FIXED","cwSelIdx":0}],"text":"[로마]로부터 동쪽 100km, [프로시노네]로부터 동쪽 30km 거리에 있다."}],"globalSId":[3258576,3258577],"entities":[{"st":0,"eIdx":0,"ancestor":"","en":9,"ne_type":"","keyword":"<포스타피브레노>","e_type":"ELU"},{"st":13,"eIdx":1,"ancestor":"","en":19,"ne_type":"","keyword":"[이탈리아]","e_type":"WIKILINK"},{"st":20,"eIdx":2,"ancestor":"","en":27,"ne_type":"","keyword":"[라치오_주]","e_type":"WIKILINK"},{"st":28,"eIdx":3,"ancestor":"","en":37,"ne_type":"","keyword":"[프로시노네_현]","e_type":"WIKILINK"},{"st":43,"eIdx":4,"ancestor":"","en":48,"ne_type":"","keyword":"<코무네>","e_type":"ELU"},{"st":51,"eIdx":5,"ancestor":"","en":55,"ne_type":"","keyword":"[로마]","e_type":"WIKILINK"},{"st":69,"eIdx":6,"ancestor":"","en":76,"ne_type":"","keyword":"[프로시노네]","e_type":"WIKILINK"}],"wikiPageId":1055980,"pIdx":1,"text":"<포스타피브레노>()는 [이탈리아] [라치오_주] [프로시노네_현]에 위치한 <코무네>다. [로마]로부터 동쪽 100km, [프로시노네]로부터 동쪽 30km 거리에 있다."}