{"result":[{"verbs":[{"word_id":2,"ancestor":["1-0"],"verb":"공개","cwStateCd":"FIXED","cwSelIdx":0}],"text":"《[성난_군중으로부터_멀리]》()는 [2015년] 공개된 [영국_영화]의 드라마 영화로, [토머스_하디]의 [성난_군중으로부터_멀리]을 원작으로 [데이비드_니컬스]가 각색하고 [토마스_빈터베르그]가 연출하였다."}],"globalSId":[3559276],"entities":[{"st":1,"eIdx":0,"ancestor":"-2","en":13,"cwStateCd":"FIXED","ne_type":"ETC","cwSelIdx":[],"type":"ENTITY","keyword":"[성난_군중으로부터_멀리]","e_type":"NEW"},{"st":20,"eIdx":1,"ancestor":"","en":27,"ne_type":"","keyword":"[2015년]","e_type":"WIKILINK"},{"st":32,"eIdx":2,"ancestor":"","en":39,"ne_type":"","keyword":"[영국_영화]","e_type":"WIKILINK"},{"st":50,"eIdx":3,"ancestor":"","en":58,"ne_type":"","keyword":"[토머스_하디]","e_type":"WIKILINK"},{"st":60,"eIdx":4,"ancestor":"","en":74,"ne_type":"","keyword":"[성난_군중으로부터_멀리]","e_type":"WIKILINK"},{"st":81,"eIdx":5,"ancestor":"","en":91,"ne_type":"","keyword":"[데이비드_니컬스]","e_type":"WIKILINK"},{"st":98,"eIdx":6,"ancestor":"","en":109,"ne_type":"","keyword":"[토마스_빈터베르그]","e_type":"WIKILINK"}],"wikiPageId":1305780,"pIdx":1,"text":"《[성난_군중으로부터_멀리]》()는 [2015년] 공개된 [영국_영화]의 드라마 영화로, [토머스_하디]의 [성난_군중으로부터_멀리]을 원작으로 [데이비드_니컬스]가 각색하고 [토마스_빈터베르그]가 연출하였다."}