{"result":[{"verbs":[{"word_id":3,"ancestor":["1-0"],"verb":"불리","cwStateCd":"FIXED","cwSelIdx":0},{"word_id":9,"ancestor":["1-0"],"verb":"알리","cwStateCd":"FIXED","cwSelIdx":0},{"word_id":11,"ancestor":["1-0"],"verb":"만들","cwStateCd":"FIXED","cwSelIdx":0},{"word_id":12,"ancestor":"-2","verb":"부드럽","cwStateCd":"FIXED","cwSelIdx":[]},{"word_id":20,"ancestor":"-2","verb":"크","cwStateCd":"FIXED","cwSelIdx":[]},{"word_id":23,"ancestor":"-2","verb":"일컫","cwStateCd":"FIXED","cwSelIdx":[]}],"text":"<무순류>(無楯類, Aplysiomorpha)는 \"[바다_토끼]\"라고 불리는 군소류([군소속](\"Aplysia\") 종 및 관련 속)로 알려진, 단백질로 만들어진 부드러운 내부 조가비를 갖고 있는 중간 크기부터 아주 큰 [후새류]까지의 [복족류]를 일컫는 용어이다."},{"verbs":[{"word_id":2,"ancestor":["1-0"],"verb":"이루어지","cwStateCd":"FIXED","cwSelIdx":0}],"text":"[군소상과]와 [아케라상과]로 이루어진 [해양] [복족류] [연체동물]이다."}],"globalSId":[2733608,2733609],"entities":[{"st":0,"eIdx":0,"ancestor":"","en":5,"ne_type":"","keyword":"<무순류>","e_type":"ELU"},{"st":28,"eIdx":1,"ancestor":"1-0","en":33,"cwStateCd":"FIXED","ne_type":"ETC","cwSelIdx":0,"type":"ENTITY","keyword":"[바다_토끼]","e_type":"NEW"},{"st":47,"eIdx":2,"ancestor":"","en":52,"ne_type":"","keyword":"[군소속]","e_type":"WIKILINK"},{"st":122,"eIdx":3,"ancestor":"","en":127,"ne_type":"","keyword":"[후새류]","e_type":"WIKILINK"},{"st":131,"eIdx":4,"ancestor":"","en":136,"ne_type":"","keyword":"[복족류]","e_type":"WIKILINK"},{"st":148,"eIdx":5,"ancestor":"","en":154,"ne_type":"","keyword":"[군소상과]","e_type":"WIKILINK"},{"st":156,"eIdx":6,"ancestor":"","en":163,"ne_type":"","keyword":"[아케라상과]","e_type":"WIKILINK"},{"st":170,"eIdx":7,"ancestor":"","en":174,"ne_type":"","keyword":"[해양]","e_type":"WIKILINK"},{"st":175,"eIdx":8,"ancestor":"","en":180,"ne_type":"","keyword":"[복족류]","e_type":"WIKILINK"},{"st":181,"eIdx":9,"ancestor":"","en":187,"ne_type":"","keyword":"[연체동물]","e_type":"WIKILINK"}],"wikiPageId":756127,"pIdx":1,"text":"<무순류>(無楯類, Aplysiomorpha)는 \"[바다_토끼]\"라고 불리는 군소류([군소속](\"Aplysia\") 종 및 관련 속)로 알려진, 단백질로 만들어진 부드러운 내부 조가비를 갖고 있는 중간 크기부터 아주 큰 [후새류]까지의 [복족류]를 일컫는 용어이다. [군소상과]와 [아케라상과]로 이루어진 [해양] [복족류] [연체동물]이다."}