{"result":[{"verbs":[{"word_id":1,"ancestor":"-1","verb":"영원","cwStateCd":"FIXED","cwSelIdx":[]}],"text":"《<괴델,_에셔,_바흐>: 영원한 황금 노끈(G?del, Escher, Bach: an Eternal Golden Braid)》은 [더글러스_호프스태터]가 쓴 [퓰리처상] 수상작이다."},{"verbs":[{"word_id":7,"ancestor":["1-0"],"verb":"하","cwStateCd":"FIXED","cwSelIdx":0}],"text":"논리학자인 <쿠르트_괴델>, 미술가인 [M._C._에셔], 작곡가인 <요한_제바스티안_바흐>를 소재로 하고 있다."}],"globalSId":[614306,614307,614308,614309],"entities":[{"st":1,"eIdx":0,"ancestor":"","en":13,"ne_type":"","keyword":"<괴델,_에셔,_바흐>","e_type":"ELU"},{"st":73,"eIdx":1,"ancestor":"","en":85,"ne_type":"","keyword":"[더글러스_호프스태터]","e_type":"WIKILINK"},{"st":89,"eIdx":2,"ancestor":"","en":95,"ne_type":"","keyword":"[퓰리처상]","e_type":"WIKILINK"},{"st":109,"eIdx":3,"ancestor":"","en":117,"ne_type":"","keyword":"<쿠르트_괴델>","e_type":"ELU"},{"st":124,"eIdx":4,"ancestor":"-2","en":133,"cwStateCd":"FIXED","ne_type":"PERSON","cwSelIdx":[],"type":"ENTITY","keyword":"[M._C._에셔]","e_type":"NEW"},{"st":141,"eIdx":5,"ancestor":"","en":154,"ne_type":"","keyword":"<요한_제바스티안_바흐>","e_type":"ELU"}],"wikiPageId":75838,"pIdx":1,"text":"《<괴델,_에셔,_바흐>: 영원한 황금 노끈(G?del, Escher, Bach: an Eternal Golden Braid)》은 [더글러스_호프스태터]가 쓴 [퓰리처상] 수상작이다. 논리학자인 <쿠르트_괴델>, 미술가인 [M._C._에셔], 작곡가인 <요한_제바스티안_바흐>를 소재로 하고 있다."}