{"result":[{"verbs":[],"text":"<샤를_샴포>()는 [스위스]의 [체조] 선수였다."},{"verbs":[{"word_id":2,"ancestor":"-2","verb":"열리","cwStateCd":"FIXED","cwSelIdx":[]}],"text":"그는 [아테네]에서 열린 [1896년_하계_올림픽]에 참가했다."}],"globalSId":[2123719,2123720],"entities":[{"st":0,"eIdx":0,"ancestor":"","en":7,"ne_type":"","keyword":"<샤를_샴포>","e_type":"ELU"},{"st":11,"eIdx":1,"ancestor":"","en":16,"ne_type":"","keyword":"[스위스]","e_type":"WIKILINK"},{"st":18,"eIdx":2,"ancestor":"","en":22,"ne_type":"","keyword":"[체조]","e_type":"WIKILINK"},{"st":32,"eIdx":3,"ancestor":"","en":37,"ne_type":"","keyword":"[아테네]","e_type":"WIKILINK"},{"st":43,"eIdx":4,"ancestor":"","en":57,"ne_type":"","keyword":"[1896년_하계_올림픽]","e_type":"WIKILINK"}],"wikiPageId":478213,"pIdx":1,"text":"<샤를_샴포>()는 [스위스]의 [체조] 선수였다. 그는 [아테네]에서 열린 [1896년_하계_올림픽]에 참가했다."}