{"result":[{"verbs":[{"word_id":12,"ancestor":["3-0"],"verb":"떠나","cwStateCd":"FIXED","cwSelIdx":2},{"word_id":15,"ancestor":"-2","verb":"끝나","cwStateCd":"FIXED","cwSelIdx":[]},{"word_id":22,"ancestor":["5-4"],"verb":"지불","cwStateCd":"FIXED","cwSelIdx":17},{"word_id":25,"ancestor":["3-0"],"verb":"성공","cwStateCd":"FIXED","cwSelIdx":2}],"text":"그는 [2008년] [8월_19일] 여름 이적시장에서 400만 유로의 이적료로 [리그_1]의 [파리_생제르맹_FC]으로 1년 임대를 떠나게 되었고, 시즌이 끝난 뒤 [파리_생제르맹_FC]에서 100만 유로의 이적료를 추가로 지불하여 완전 이적에 성공하였다."},{"verbs":[{"word_id":6,"ancestor":["3-0"],"verb":"이적","cwStateCd":"FIXED","cwSelIdx":2},{"word_id":8,"ancestor":"-2","verb":"끝나","cwStateCd":"FIXED","cwSelIdx":[]},{"word_id":10,"ancestor":["3-0"],"verb":"복귀","cwStateCd":"FIXED","cwSelIdx":2}],"text":"그는 [2009년] [8월_30일] [러시아_프리미어리그]의 [FC_제니트_상트페테르부르크]로 임대 이적하였고, 시즌이 끝난 뒤 복귀하였다."},{"verbs":[{"word_id":3,"ancestor":["3-0"],"verb":"입단","cwStateCd":"FIXED","cwSelIdx":2},{"word_id":6,"ancestor":"-2","verb":"끝나","cwStateCd":"FIXED","cwSelIdx":[]},{"word_id":9,"ancestor":["3-0"],"verb":"입단","cwStateCd":"FIXED","cwSelIdx":2},{"word_id":10,"ancestor":["3-0"],"verb":"활약","cwStateCd":"FIXED","cwSelIdx":2}],"text":"[2011년] [1월_20일] [사우스_차이나]에 입단했고, 계약 기간이 끝나자 [8월_31일] [FC_BATE]에 입단해 활약했다."},{"verbs":[{"word_id":2,"ancestor":["3-0"],"verb":"돌아오","cwStateCd":"FIXED","cwSelIdx":2},{"word_id":4,"ancestor":["3-0"],"verb":"은퇴","cwStateCd":"FIXED","cwSelIdx":2}],"text":"[2012년] [사우스_차이나]로 돌아와 그곳에서 은퇴했다."}],"globalSId":[942321,942322,942323,942324],"entities":[{"st":3,"eIdx":0,"ancestor":"","en":10,"ne_type":"","keyword":"[2008년]","e_type":"WIKILINK"},{"st":11,"eIdx":1,"ancestor":"","en":19,"ne_type":"","keyword":"[8월_19일]","e_type":"WIKILINK"},{"st":44,"eIdx":2,"ancestor":"","en":50,"ne_type":"","keyword":"[리그_1]","e_type":"WIKILINK"},{"st":52,"eIdx":3,"ancestor":"","en":64,"ne_type":"","keyword":"[파리_생제르맹_FC]","e_type":"WIKILINK"},{"st":92,"eIdx":4,"ancestor":"5-3","en":103,"cwStateCd":"FIXED","ne_type":"ORGANIZATION","cwSelIdx":9,"type":"ENTITY","keyword":"[파리_생제르맹_FC]","e_type":"NEW"},{"st":147,"eIdx":5,"ancestor":"","en":154,"ne_type":"","keyword":"[2009년]","e_type":"WIKILINK"},{"st":155,"eIdx":6,"ancestor":"","en":163,"ne_type":"","keyword":"[8월_30일]","e_type":"WIKILINK"},{"st":164,"eIdx":7,"ancestor":"","en":176,"ne_type":"","keyword":"[러시아_프리미어리그]","e_type":"WIKILINK"},{"st":178,"eIdx":8,"ancestor":"","en":195,"ne_type":"","keyword":"[FC_제니트_상트페테르부르크]","e_type":"WIKILINK"},{"st":223,"eIdx":9,"ancestor":"","en":230,"ne_type":"","keyword":"[2011년]","e_type":"WIKILINK"},{"st":231,"eIdx":10,"ancestor":"","en":239,"ne_type":"","keyword":"[1월_20일]","e_type":"WIKILINK"},{"st":240,"eIdx":11,"ancestor":"","en":249,"ne_type":"","keyword":"[사우스_차이나]","e_type":"WIKILINK"},{"st":268,"eIdx":12,"ancestor":"","en":276,"ne_type":"","keyword":"[8월_31일]","e_type":"WIKILINK"},{"st":277,"eIdx":13,"ancestor":"","en":286,"ne_type":"","keyword":"[FC_BATE]","e_type":"WIKILINK"},{"st":298,"eIdx":14,"ancestor":"","en":305,"ne_type":"","keyword":"[2012년]","e_type":"WIKILINK"},{"st":306,"eIdx":15,"ancestor":"","en":315,"ne_type":"","keyword":"[사우스_차이나]","e_type":"WIKILINK"}],"wikiPageId":130280,"pIdx":5,"text":"그는 [2008년] [8월_19일] 여름 이적시장에서 400만 유로의 이적료로 [리그_1]의 [파리_생제르맹_FC]으로 1년 임대를 떠나게 되었고, 시즌이 끝난 뒤 [파리_생제르맹_FC]에서 100만 유로의 이적료를 추가로 지불하여 완전 이적에 성공하였다. 그는 [2009년] [8월_30일] [러시아_프리미어리그]의 [FC_제니트_상트페테르부르크]로 임대 이적하였고, 시즌이 끝난 뒤 복귀하였다. [2011년] [1월_20일] [사우스_차이나]에 입단했고, 계약 기간이 끝나자 [8월_31일] [FC_BATE]에 입단해 활약했다. [2012년] [사우스_차이나]로 돌아와 그곳에서 은퇴했다."}