{"result":[{"verbs":[{"word_id":2,"ancestor":"-2","verb":"되","cwStateCd":"FIXED","cwSelIdx":9},{"word_id":5,"ancestor":["4-5"],"verb":"오르","cwStateCd":"FIXED","cwSelIdx":9}],"text":"[213년]에 태자가 되었고, [227년]에 왕위에 올랐다."},{"verbs":[{"word_id":4,"ancestor":["5-2"],"verb":"유지","cwStateCd":"FIXED","cwSelIdx":8},{"word_id":7,"ancestor":["5-4"],"verb":"화친","cwStateCd":"FIXED","cwSelIdx":12},{"word_id":14,"ancestor":"-2","verb":"처형","cwStateCd":"FIXED","cwSelIdx":[]},{"word_id":17,"ancestor":"-2","verb":"보내","cwStateCd":"FIXED","cwSelIdx":[]}],"text":"치세 초기에는 [오_(삼국)](吳)와 우호관계를 유지하였는데, [234년]에 [위_(삼국)](魏)와 화친한 이래 [236년]에는 오왕(吳王) [손권](孫權)의 사신 [호위](胡衛)를 처형하고 목을 위에 보내기도 하였다."},{"verbs":[{"word_id":5,"ancestor":"-2","verb":"토벌","cwStateCd":"FIXED","cwSelIdx":[]},{"word_id":9,"ancestor":"-2","verb":"보내","cwStateCd":"FIXED","cwSelIdx":[]},{"word_id":11,"ancestor":"-2","verb":"돕","cwStateCd":"FIXED","cwSelIdx":[]}],"text":"또한 [238년]에는 위가 [랴오둥_반도]의 [공손연](公孫淵)을 토벌하자 군사 1,000여 명을 보내 [위]를 도왔다."}],"globalSId":[436311,436312,436313],"entities":[{"st":0,"eIdx":0,"ancestor":"","en":6,"ne_type":"","keyword":"[213년]","e_type":"WIKILINK"},{"st":17,"eIdx":1,"ancestor":"","en":23,"ne_type":"","keyword":"[227년]","e_type":"WIKILINK"},{"st":42,"eIdx":2,"ancestor":"","en":50,"ne_type":"","keyword":"[오_(삼국)]","e_type":"WIKILINK"},{"st":69,"eIdx":3,"ancestor":"","en":75,"ne_type":"","keyword":"[234년]","e_type":"WIKILINK"},{"st":77,"eIdx":4,"ancestor":"","en":85,"ne_type":"","keyword":"[위_(삼국)]","e_type":"WIKILINK"},{"st":97,"eIdx":5,"ancestor":"","en":103,"ne_type":"","keyword":"[236년]","e_type":"WIKILINK"},{"st":113,"eIdx":6,"ancestor":"","en":117,"ne_type":"","keyword":"[손권]","e_type":"WIKILINK"},{"st":126,"eIdx":7,"ancestor":"-2","en":129,"cwStateCd":"FIXED","ne_type":"PERSON","cwSelIdx":[],"type":"ENTITY","keyword":"[호위]","e_type":"NEW"},{"st":160,"eIdx":8,"ancestor":"","en":166,"ne_type":"","keyword":"[238년]","e_type":"WIKILINK"},{"st":172,"eIdx":9,"ancestor":"","en":180,"ne_type":"","keyword":"[랴오둥_반도]","e_type":"WIKILINK"},{"st":182,"eIdx":10,"ancestor":"","en":187,"ne_type":"","keyword":"[공손연]","e_type":"WIKILINK"},{"st":215,"eIdx":11,"ancestor":"5-4","en":217,"cwStateCd":"FIXED","ne_type":"ORGANIZATION","cwSelIdx":12,"type":"ENTITY","keyword":"[위]","e_type":"NEW"}],"wikiPageId":45937,"pIdx":5,"text":"[213년]에 태자가 되었고, [227년]에 왕위에 올랐다. 치세 초기에는 [오_(삼국)](吳)와 우호관계를 유지하였는데, [234년]에 [위_(삼국)](魏)와 화친한 이래 [236년]에는 오왕(吳王) [손권](孫權)의 사신 [호위](胡衛)를 처형하고 목을 위에 보내기도 하였다. 또한 [238년]에는 위가 [랴오둥_반도]의 [공손연](公孫淵)을 토벌하자 군사 1,000여 명을 보내 [위]를 도왔다."}