{"result":[{"verbs":[{"word_id":6,"ancestor":["1-0"],"verb":"있","cwStateCd":"FIXED","cwSelIdx":0}],"text":"[오리건_동굴_국립천연기념물](Oregon Caves National Monument)는 [미국], [오리건_주]에 있는 [동굴]이다."}],"globalSId":[2583390],"entities":[{"st":0,"eIdx":0,"ancestor":"-2","en":15,"cwStateCd":"FIXED","ne_type":"LOCATION","cwSelIdx":[],"type":"ENTITY","keyword":"[오리건_동굴_국립천연기념물]","e_type":"NEW"},{"st":50,"eIdx":1,"ancestor":"","en":54,"ne_type":"","keyword":"[미국]","e_type":"WIKILINK"},{"st":56,"eIdx":2,"ancestor":"","en":63,"ne_type":"","keyword":"[오리건_주]","e_type":"WIKILINK"},{"st":68,"eIdx":3,"ancestor":"","en":72,"ne_type":"","keyword":"[동굴]","e_type":"WIKILINK"}],"wikiPageId":687908,"pIdx":1,"text":"[오리건_동굴_국립천연기념물](Oregon Caves National Monument)는 [미국], [오리건_주]에 있는 [동굴]이다."}