{"result":[{"verbs":[],"text":"인문지리."},{"verbs":[{"word_id":4,"ancestor":["5-0"],"verb":"연접","cwStateCd":"FIXED","cwSelIdx":1},{"word_id":9,"ancestor":["5-0"],"verb":"이루","cwStateCd":"FIXED","cwSelIdx":1},{"word_id":12,"ancestor":["5-0"],"verb":"끼","cwStateCd":"FIXED","cwSelIdx":1},{"word_id":14,"ancestor":"-1","verb":"너르","cwStateCd":"FIXED","cwSelIdx":[]},{"word_id":17,"ancestor":["5-0"],"verb":"자리","cwStateCd":"FIXED","cwSelIdx":1}],"text":"[동구]는 북쪽으로 [광주광역시] [북구_(광주광역시)]와 연접하고, 남쪽으로는 [전라남도] [화순군]과 경계를 이루며, [광주천]을 서남쪽에 끼고 [무등산] 너른 자락 밑에 자리잡고 있다."},{"verbs":[{"word_id":7,"ancestor":"-1","verb":"지나","cwStateCd":"FIXED","cwSelIdx":[]},{"word_id":11,"ancestor":"-1","verb":"통하","cwStateCd":"FIXED","cwSelIdx":[]},{"word_id":13,"ancestor":["5-0"],"verb":"이어지","cwStateCd":"FIXED","cwSelIdx":1},{"word_id":15,"ancestor":"-1","verb":"향하","cwStateCd":"FIXED","cwSelIdx":[]},{"word_id":27,"ancestor":["5-0"],"verb":"끼","cwStateCd":"FIXED","cwSelIdx":1},{"word_id":29,"ancestor":"-1","verb":"완만하","cwStateCd":"FIXED","cwSelIdx":[]},{"word_id":31,"ancestor":"-1","verb":"따르","cwStateCd":"FIXED","cwSelIdx":[]},{"word_id":33,"ancestor":["5-19"],"verb":"형성","cwStateCd":"FIXED","cwSelIdx":52},{"word_id":36,"ancestor":"-1","verb":"보이","cwStateCd":"FIXED","cwSelIdx":[]}],"text":"동쪽으로 [광주]의 진산인 [무등산] 정상에서 남으로 [장불재]를 지나 [천제등], [바람재], [향로봉]을 통해 [장원봉]으로 이어지는 <광주광역시>를 향한 [무등산] 주능선과 남쪽으로 [장불재]와 중머리재 사이의 샘골에서 발원한 [영산강] 지류인 <광주천>을 끼고 서쪽으로 완만한 경사를 따라 <중심_업무_지구>를 형성하는 동고서저형의 지형구조를 보이고 있다."},{"verbs":[{"word_id":3,"ancestor":"-1","verb":"향하","cwStateCd":"FIXED","cwSelIdx":[]},{"word_id":4,"ancestor":"-1","verb":"흐르","cwStateCd":"FIXED","cwSelIdx":[]},{"word_id":8,"ancestor":["5-0"],"verb":"바라보","cwStateCd":"FIXED","cwSelIdx":1},{"word_id":13,"ancestor":"-1","verb":"점","cwStateCd":"FIXED","cwSelIdx":[]}],"text":"멀리 북쪽으로부터 서남쪽을 향해 흐르는 <영산강>의 본류인 [극락강]을 바라보고 지정학적으로는 호남 내륙의 중심을 점하고 있는 교통의 요충지이다."}],"globalSId":[84414,84415,84416,84417],"entities":[{"st":6,"eIdx":0,"ancestor":"-2","en":9,"cwStateCd":"FIXED","ne_type":"LOCATION","cwSelIdx":[],"type":"ENTITY","keyword":"[동구]","e_type":"NEW"},{"st":17,"eIdx":1,"ancestor":"3-2","en":23,"cwStateCd":"FIXED","ne_type":"LOCATION","cwSelIdx":4,"type":"ENTITY","keyword":"[광주광역시]","e_type":"NEW"},{"st":25,"eIdx":2,"ancestor":"","en":37,"ne_type":"","keyword":"[북구_(광주광역시)]","e_type":"WIKILINK"},{"st":51,"eIdx":3,"ancestor":"","en":57,"ne_type":"","keyword":"[전라남도]","e_type":"WIKILINK"},{"st":58,"eIdx":4,"ancestor":"","en":63,"ne_type":"","keyword":"[화순군]","e_type":"WIKILINK"},{"st":74,"eIdx":5,"ancestor":"","en":79,"ne_type":"","keyword":"[광주천]","e_type":"WIKILINK"},{"st":89,"eIdx":6,"ancestor":"","en":94,"ne_type":"","keyword":"[무등산]","e_type":"WIKILINK"},{"st":118,"eIdx":7,"ancestor":"5-1","en":121,"cwStateCd":"FIXED","ne_type":"LOCATION","cwSelIdx":3,"type":"ENTITY","keyword":"[광주]","e_type":"NEW"},{"st":128,"eIdx":8,"ancestor":"5-6","en":132,"cwStateCd":"FIXED","ne_type":"LOCATION","cwSelIdx":14,"type":"ENTITY","keyword":"[무등산]","e_type":"NEW"},{"st":143,"eIdx":9,"ancestor":"-2","en":147,"cwStateCd":"FIXED","ne_type":"LOCATION","cwSelIdx":[],"type":"ENTITY","keyword":"[장불재]","e_type":"NEW"},{"st":153,"eIdx":10,"ancestor":"-2","en":157,"cwStateCd":"FIXED","ne_type":"LOCATION","cwSelIdx":[],"type":"ENTITY","keyword":"[천제등]","e_type":"NEW"},{"st":160,"eIdx":11,"ancestor":"-2","en":164,"cwStateCd":"FIXED","ne_type":"LOCATION","cwSelIdx":[],"type":"ENTITY","keyword":"[바람재]","e_type":"NEW"},{"st":167,"eIdx":12,"ancestor":"-2","en":171,"cwStateCd":"FIXED","ne_type":"LOCATION","cwSelIdx":[],"type":"ENTITY","keyword":"[향로봉]","e_type":"NEW"},{"st":177,"eIdx":13,"ancestor":"-2","en":181,"cwStateCd":"FIXED","ne_type":"LOCATION","cwSelIdx":[],"type":"ENTITY","keyword":"[장원봉]","e_type":"NEW"},{"st":190,"eIdx":14,"ancestor":"","en":197,"ne_type":"","keyword":"<광주광역시>","e_type":"ELU"},{"st":202,"eIdx":15,"ancestor":"1-10","en":206,"cwStateCd":"FIXED","ne_type":"LOCATION","cwSelIdx":36,"type":"ENTITY","keyword":"[무등산]","e_type":"NEW"},{"st":218,"eIdx":16,"ancestor":"-2","en":222,"cwStateCd":"FIXED","ne_type":"LOCATION","cwSelIdx":[],"type":"ENTITY","keyword":"[장불재]","e_type":"NEW"},{"st":243,"eIdx":17,"ancestor":"","en":248,"ne_type":"","keyword":"[영산강]","e_type":"WIKILINK"},{"st":253,"eIdx":18,"ancestor":"","en":258,"ne_type":"","keyword":"<광주천>","e_type":"ELU"},{"st":279,"eIdx":19,"ancestor":"","en":289,"ne_type":"","keyword":"<중심_업무_지구>","e_type":"ELU"},{"st":339,"eIdx":20,"ancestor":"","en":344,"ne_type":"","keyword":"<영산강>","e_type":"ELU"},{"st":350,"eIdx":21,"ancestor":"","en":355,"ne_type":"","keyword":"[극락강]","e_type":"WIKILINK"}],"wikiPageId":6086,"pIdx":5,"text":"인문지리. [동구]는 북쪽으로 [광주광역시] [북구_(광주광역시)]와 연접하고, 남쪽으로는 [전라남도] [화순군]과 경계를 이루며, [광주천]을 서남쪽에 끼고 [무등산] 너른 자락 밑에 자리잡고 있다. 동쪽으로 [광주]의 진산인 [무등산] 정상에서 남으로 [장불재]를 지나 [천제등], [바람재], [향로봉]을 통해 [장원봉]으로 이어지는 <광주광역시>를 향한 [무등산] 주능선과 남쪽으로 [장불재]와 중머리재 사이의 샘골에서 발원한 [영산강] 지류인 <광주천>을 끼고 서쪽으로 완만한 경사를 따라 <중심_업무_지구>를 형성하는 동고서저형의 지형구조를 보이고 있다. 멀리 북쪽으로부터 서남쪽을 향해 흐르는 <영산강>의 본류인 [극락강]을 바라보고 지정학적으로는 호남 내륙의 중심을 점하고 있는 교통의 요충지이다."}