{"result":[{"verbs":[],"text":"<루파라>()는 [이탈리아] [몰리세_주] [캄포바소_현]의 [코무네]다."},{"verbs":[{"word_id":4,"ancestor":["1-0"],"verb":"있","cwStateCd":"FIXED","cwSelIdx":0}],"text":"[캄포바소]로부터 북쪽 25km 거리에 있다."}],"globalSId":[3201215,3201216],"entities":[{"st":0,"eIdx":0,"ancestor":"","en":5,"ne_type":"","keyword":"<루파라>","e_type":"ELU"},{"st":9,"eIdx":1,"ancestor":"","en":15,"ne_type":"","keyword":"[이탈리아]","e_type":"WIKILINK"},{"st":16,"eIdx":2,"ancestor":"","en":23,"ne_type":"","keyword":"[몰리세_주]","e_type":"WIKILINK"},{"st":24,"eIdx":3,"ancestor":"","en":32,"ne_type":"","keyword":"[캄포바소_현]","e_type":"WIKILINK"},{"st":34,"eIdx":4,"ancestor":"","en":39,"ne_type":"","keyword":"[코무네]","e_type":"WIKILINK"},{"st":42,"eIdx":5,"ancestor":"","en":48,"ne_type":"","keyword":"[캄포바소]","e_type":"WIKILINK"}],"wikiPageId":1015377,"pIdx":1,"text":"<루파라>()는 [이탈리아] [몰리세_주] [캄포바소_현]의 [코무네]다. [캄포바소]로부터 북쪽 25km 거리에 있다."}