{"result":[{"verbs":[{"word_id":6,"ancestor":"-2","verb":"잇","cwStateCd":"FIXED","cwSelIdx":[]},{"word_id":10,"ancestor":"-2","verb":"이용","cwStateCd":"FIXED","cwSelIdx":[]},{"word_id":16,"ancestor":["2-8"],"verb":"의하","cwStateCd":"FIXED","cwSelIdx":15},{"word_id":17,"ancestor":["2-0"],"verb":"건설","cwStateCd":"FIXED","cwSelIdx":0}],"text":"[캠프_캐럴]은 [미국_육군]의 보관 시설로서 [서울특별시]과 [부산광역시]을 잇는 경부 [경부선]과 [경부고속도로]를 이용하기 위한 목적으로 [1959년] [5월]에 [제44공병대대]에 의해 건설되었다."},{"verbs":[{"word_id":10,"ancestor":"-2","verb":"기리","cwStateCd":"FIXED","cwSelIdx":[]},{"word_id":11,"ancestor":"-2","verb":"위하","cwStateCd":"FIXED","cwSelIdx":[]},{"word_id":14,"ancestor":"-2","verb":"짓","cwStateCd":"FIXED","cwSelIdx":[]},{"word_id":15,"ancestor":"-2","verb":"기념","cwStateCd":"FIXED","cwSelIdx":[]}],"text":"이듬해 [1960년], [한국_전쟁]에서 [수훈_십자_훈장]을 수여받은 [제5보병연대_(미국)] [72전투공병중대] 소속의 [찰리_F._캐럴] [중사]를 기리기 위해 군영의 이름으로 짓고 기념관화하였다."}],"globalSId":[2486795,2486796,2486797],"entities":[{"st":0,"eIdx":0,"ancestor":"-2","en":6,"cwStateCd":"FIXED","ne_type":"LOCATION","cwSelIdx":[],"type":"ENTITY","keyword":"[캠프_캐럴]","e_type":"NEW"},{"st":9,"eIdx":1,"ancestor":"-2","en":15,"cwStateCd":"FIXED","ne_type":"ORGANIZATION","cwSelIdx":[],"type":"ENTITY","keyword":"[미국_육군]","e_type":"NEW"},{"st":26,"eIdx":2,"ancestor":"","en":33,"ne_type":"","keyword":"[서울특별시]","e_type":"WIKILINK"},{"st":35,"eIdx":3,"ancestor":"","en":42,"ne_type":"","keyword":"[부산광역시]","e_type":"WIKILINK"},{"st":50,"eIdx":4,"ancestor":"","en":55,"ne_type":"","keyword":"[경부선]","e_type":"WIKILINK"},{"st":57,"eIdx":5,"ancestor":"","en":65,"ne_type":"","keyword":"[경부고속도로]","e_type":"WIKILINK"},{"st":80,"eIdx":6,"ancestor":"-2","en":86,"cwStateCd":"FIXED","ne_type":"TIME","cwSelIdx":[],"type":"ENTITY","keyword":"[1959년]","e_type":"NEW"},{"st":88,"eIdx":7,"ancestor":"-2","en":91,"cwStateCd":"FIXED","ne_type":"TIME","cwSelIdx":[],"type":"ENTITY","keyword":"[5월]","e_type":"NEW"},{"st":94,"eIdx":8,"ancestor":"-2","en":102,"cwStateCd":"FIXED","ne_type":"ORGANIZATION","cwSelIdx":[],"type":"ENTITY","keyword":"[제44공병대대]","e_type":"NEW"},{"st":119,"eIdx":9,"ancestor":"-2","en":125,"cwStateCd":"FIXED","ne_type":"TIME","cwSelIdx":[],"type":"ENTITY","keyword":"[1960년]","e_type":"NEW"},{"st":128,"eIdx":10,"ancestor":"","en":135,"ne_type":"","keyword":"[한국_전쟁]","e_type":"WIKILINK"},{"st":138,"eIdx":11,"ancestor":"","en":148,"ne_type":"","keyword":"[수훈_십자_훈장]","e_type":"WIKILINK"},{"st":155,"eIdx":12,"ancestor":"","en":168,"ne_type":"","keyword":"[제5보병연대_(미국)]","e_type":"WIKILINK"},{"st":169,"eIdx":13,"ancestor":"-2","en":178,"cwStateCd":"FIXED","ne_type":"ORGANIZATION","cwSelIdx":[],"type":"ENTITY","keyword":"[72전투공병중대]","e_type":"NEW"},{"st":184,"eIdx":14,"ancestor":"-2","en":193,"cwStateCd":"FIXED","ne_type":"PERSON","cwSelIdx":[],"type":"ENTITY","keyword":"[찰리_F._캐럴]","e_type":"NEW"},{"st":195,"eIdx":15,"ancestor":"","en":199,"ne_type":"","keyword":"[중사]","e_type":"WIKILINK"}],"wikiPageId":641856,"pIdx":2,"text":"[캠프_캐럴]은 [미국_육군]의 보관 시설로서 [서울특별시]과 [부산광역시]을 잇는 경부 [경부선]과 [경부고속도로]를 이용하기 위한 목적으로 [1959년] [5월]에 [제44공병대대]에 의해 건설되었다. 이듬해 [1960년], [한국_전쟁]에서 [수훈_십자_훈장]을 수여받은 [제5보병연대_(미국)] [72전투공병중대] 소속의 [찰리_F._캐럴] [중사]를 기리기 위해 군영의 이름으로 짓고 기념관화하였다."}