{"result":[{"verbs":[{"word_id":3,"ancestor":["1-0"],"verb":"위치","cwStateCd":"FIXED","cwSelIdx":0}],"text":"[스트랫퍼드온에이번_구]()는 [잉글랜드] [워릭셔_주]에 위치한 비도시 자치구로 중심 도시는 [스트랫퍼드어폰에이번]이며 인구는 121,056명([2014년] 기준), 면적은 977.9㎢이다."},{"verbs":[],"text":"."}],"globalSId":[3878441],"entities":[{"st":0,"eIdx":0,"ancestor":"-1","en":12,"cwStateCd":"FIXED","ne_type":"LOCATION","cwSelIdx":[],"type":"ENTITY","keyword":"[스트랫퍼드온에이번_구]","e_type":"NEW"},{"st":17,"eIdx":1,"ancestor":"","en":23,"ne_type":"","keyword":"[잉글랜드]","e_type":"WIKILINK"},{"st":24,"eIdx":2,"ancestor":"","en":31,"ne_type":"","keyword":"[워릭셔_주]","e_type":"WIKILINK"},{"st":53,"eIdx":3,"ancestor":"","en":65,"ne_type":"","keyword":"[스트랫퍼드어폰에이번]","e_type":"WIKILINK"},{"st":81,"eIdx":4,"ancestor":"-1","en":78,"cwStateCd":"FIXED","ne_type":"TIME","cwSelIdx":[],"type":"ENTITY","keyword":"[2014년]","e_type":"NEW"}],"wikiPageId":1650732,"pIdx":1,"text":"[스트랫퍼드온에이번_구]()는 [잉글랜드] [워릭셔_주]에 위치한 비도시 자치구로 중심 도시는 [스트랫퍼드어폰에이번]이며 인구는 121,056명([2014년] 기준), 면적은 977.9㎢이다.."}