{"result":[{"verbs":[{"word_id":7,"ancestor":["1-0"],"verb":"있","cwStateCd":"FIXED","cwSelIdx":0}],"text":"<속초_설악동_소나무>(束草 雪嶽洞 ---)는 [대한민국]의 [강원도] [속초시] [대포동_(속초시)]에 있는 [소나무]이다."},{"verbs":[{"word_id":2,"ancestor":["1-0"],"verb":"지정","cwStateCd":"FIXED","cwSelIdx":0}],"text":"[대한민국의_천연기념물] 제351호로 지정되어 있다."}],"globalSId":[274355,274356],"entities":[{"st":0,"eIdx":0,"ancestor":"","en":12,"ne_type":"","keyword":"<속초_설악동_소나무>","e_type":"ELU"},{"st":26,"eIdx":1,"ancestor":"","en":32,"ne_type":"","keyword":"[대한민국]","e_type":"WIKILINK"},{"st":34,"eIdx":2,"ancestor":"","en":39,"ne_type":"","keyword":"[강원도]","e_type":"WIKILINK"},{"st":40,"eIdx":3,"ancestor":"","en":45,"ne_type":"","keyword":"[속초시]","e_type":"WIKILINK"},{"st":46,"eIdx":4,"ancestor":"","en":57,"ne_type":"","keyword":"[대포동_(속초시)]","e_type":"WIKILINK"},{"st":62,"eIdx":5,"ancestor":"","en":67,"ne_type":"","keyword":"[소나무]","e_type":"WIKILINK"},{"st":71,"eIdx":6,"ancestor":"","en":84,"ne_type":"","keyword":"[대한민국의_천연기념물]","e_type":"WIKILINK"}],"wikiPageId":29146,"pIdx":1,"text":"<속초_설악동_소나무>(束草 雪嶽洞 ---)는 [대한민국]의 [강원도] [속초시] [대포동_(속초시)]에 있는 [소나무]이다. [대한민국의_천연기념물] 제351호로 지정되어 있다."}