{"result":[{"verbs":[{"word_id":14,"ancestor":["39-1"],"verb":"받","cwStateCd":"FIXED","cwSelIdx":4},{"word_id":15,"ancestor":["39-1"],"verb":"입대","cwStateCd":"FIXED","cwSelIdx":4}],"text":"[10월_13일], 입대 2일 전 [DJ_투컷]이 결혼식을 올리고 [10월_15일], [타블로], [미쓰라_진] 등 [맵더소울] 관계자들의 배웅을 받으며 입대하였다."},{"verbs":[{"word_id":5,"ancestor":["39-7"],"verb":"결혼","cwStateCd":"FIXED","cwSelIdx":18}],"text":"[10월_26일]에는 리더 [타블로]가 교제해왔던 [강혜정]과 결혼하였다."},{"verbs":[{"word_id":6,"ancestor":"-1","verb":"비롯하","cwStateCd":"FIXED","cwSelIdx":[]},{"word_id":12,"ancestor":"-1","verb":"같","cwStateCd":"FIXED","cwSelIdx":[]},{"word_id":15,"ancestor":"-2","verb":"참석","cwStateCd":"FIXED","cwSelIdx":[]},{"word_id":17,"ancestor":"-2","verb":"치르","cwStateCd":"FIXED","cwSelIdx":[]}],"text":"결혼식은 비공개로 신랑측 하객으로는 [무브먼트_(힙합_크루)] 크루를 비롯한 힙합 가수들과 신부측 하객으로는 [안성기]와 같은 영화배우들의 다수 참석한 가운데 치러졌다."}],"globalSId":[564426,564427,564428],"entities":[{"st":0,"eIdx":0,"ancestor":"-2","en":8,"cwStateCd":"FIXED","ne_type":"TIME","cwSelIdx":[],"type":"ENTITY","keyword":"[10월_13일]","e_type":"NEW"},{"st":19,"eIdx":1,"ancestor":"","en":26,"ne_type":"","keyword":"[DJ_투컷]","e_type":"WIKILINK"},{"st":37,"eIdx":2,"ancestor":"-2","en":45,"cwStateCd":"FIXED","ne_type":"TIME","cwSelIdx":[],"type":"ENTITY","keyword":"[10월_15일]","e_type":"NEW"},{"st":48,"eIdx":3,"ancestor":"","en":53,"ne_type":"","keyword":"[타블로]","e_type":"WIKILINK"},{"st":55,"eIdx":4,"ancestor":"","en":62,"ne_type":"","keyword":"[미쓰라_진]","e_type":"WIKILINK"},{"st":65,"eIdx":5,"ancestor":"","en":71,"ne_type":"","keyword":"[맵더소울]","e_type":"WIKILINK"},{"st":93,"eIdx":6,"ancestor":"-2","en":101,"cwStateCd":"FIXED","ne_type":"TIME","cwSelIdx":[],"type":"ENTITY","keyword":"[10월_26일]","e_type":"NEW"},{"st":108,"eIdx":7,"ancestor":"","en":113,"ne_type":"","keyword":"[타블로]","e_type":"WIKILINK"},{"st":121,"eIdx":8,"ancestor":"","en":126,"ne_type":"","keyword":"[강혜정]","e_type":"WIKILINK"},{"st":155,"eIdx":9,"ancestor":"","en":169,"ne_type":"","keyword":"[무브먼트_(힙합_크루)]","e_type":"WIKILINK"},{"st":196,"eIdx":10,"ancestor":"","en":201,"ne_type":"","keyword":"[안성기]","e_type":"WIKILINK"}],"wikiPageId":68556,"pIdx":39,"text":"[10월_13일], 입대 2일 전 [DJ_투컷]이 결혼식을 올리고 [10월_15일], [타블로], [미쓰라_진] 등 [맵더소울] 관계자들의 배웅을 받으며 입대하였다. [10월_26일]에는 리더 [타블로]가 교제해왔던 [강혜정]과 결혼하였다. 결혼식은 비공개로 신랑측 하객으로는 [무브먼트_(힙합_크루)] 크루를 비롯한 힙합 가수들과 신부측 하객으로는 [안성기]와 같은 영화배우들의 다수 참석한 가운데 치러졌다."}