{"result":[{"verbs":[{"word_id":5,"ancestor":"-2","verb":"있","cwStateCd":"FIXED","cwSelIdx":[]},{"word_id":9,"ancestor":"-2","verb":"맞","cwStateCd":"FIXED","cwSelIdx":[]},{"word_id":14,"ancestor":["4-7"],"verb":"풀","cwStateCd":"FIXED","cwSelIdx":17},{"word_id":15,"ancestor":["4-7"],"verb":"위하","cwStateCd":"FIXED","cwSelIdx":17},{"word_id":16,"ancestor":["4-7"],"verb":"올라오","cwStateCd":"FIXED","cwSelIdx":17},{"word_id":20,"ancestor":"-2","verb":"합류","cwStateCd":"FIXED","cwSelIdx":[]},{"word_id":22,"ancestor":"-2","verb":"참전","cwStateCd":"FIXED","cwSelIdx":[]},{"word_id":23,"ancestor":"-2","verb":"작전_","cwStateCd":"FIXED","cwSelIdx":[]}],"text":"[1597년](선조 30년) [정유재란] 때에는 [교룡산성수어사](蛟龍山城守禦使)로 있다가 [교룡산성]에서 [고니시_유키나가] 군을 맞았으며, 그해 [8월] [남원성]의 포위를 풀기 위해 올라온 [이복남]의 5천 군사와 합류하여 [남원_전투]에 참전했다가 [작전_중_사망]했다."}],"globalSId":[1855455],"entities":[{"st":1,"eIdx":0,"ancestor":"1-1","en":4,"cwStateCd":"FIXED","ne_type":"TIME","cwSelIdx":3,"type":"ENTITY","keyword":"1597년","e_type":"NEW"},{"st":16,"eIdx":1,"ancestor":"","en":22,"ne_type":"","keyword":"[정유재란]","e_type":"WIKILINK"},{"st":28,"eIdx":2,"ancestor":"-2","en":33,"cwStateCd":"FIXED","ne_type":"ETC","cwSelIdx":[],"type":"ENTITY","keyword":"교룡산성수어사","e_type":"NEW"},{"st":51,"eIdx":3,"ancestor":"","en":57,"ne_type":"","keyword":"[교룡산성]","e_type":"WIKILINK"},{"st":60,"eIdx":4,"ancestor":"","en":70,"ne_type":"","keyword":"[고니시_유키나가]","e_type":"WIKILINK"},{"st":84,"eIdx":5,"ancestor":"1-2","en":84,"cwStateCd":"FIXED","ne_type":"TIME","cwSelIdx":4,"type":"ENTITY","keyword":"8월","e_type":"NEW"},{"st":88,"eIdx":6,"ancestor":"","en":93,"ne_type":"","keyword":"[남원성]","e_type":"WIKILINK"},{"st":109,"eIdx":7,"ancestor":"","en":114,"ne_type":"","keyword":"[이복남]","e_type":"WIKILINK"},{"st":128,"eIdx":8,"ancestor":"","en":135,"ne_type":"","keyword":"[남원_전투]","e_type":"WIKILINK"},{"st":143,"eIdx":9,"ancestor":"","en":152,"ne_type":"","keyword":"[작전_중_사망]","e_type":"WIKILINK"}],"wikiPageId":364806,"pIdx":4,"text":"[1597년](선조 30년) [정유재란] 때에는 [교룡산성수어사](蛟龍山城守禦使)로 있다가 [교룡산성]에서 [고니시_유키나가] 군을 맞았으며, 그해 [8월] [남원성]의 포위를 풀기 위해 올라온 [이복남]의 5천 군사와 합류하여 [남원_전투]에 참전했다가 [작전_중_사망]했다."}