{"result":[{"verbs":[{"word_id":6,"ancestor":["1-0"],"verb":"살","cwStateCd":"FIXED","cwSelIdx":0}],"text":"<티라노사우루스>() 또는 <티라노사우루스>는 [백악기] 후기([6800~6600만_년] 전)에 살았던, [용반목] [수각아목] [티라노사우루스과]의 [속_(생물학)]이다."},{"verbs":[{"word_id":6,"ancestor":["1-9"],"verb":"정착","cwStateCd":"FIXED","cwSelIdx":15},{"word_id":9,"ancestor":"-2","verb":"빼","cwStateCd":"FIXED","cwSelIdx":[]},{"word_id":11,"ancestor":"-2","verb":"줄이","cwStateCd":"FIXED","cwSelIdx":[]},{"word_id":12,"ancestor":"-2","verb":"부르","cwStateCd":"FIXED","cwSelIdx":[]}],"text":"종명인 <티라노사우루스>()의 일반적인 약자인 <티렉스_(밴드)>(T.rex)가 대중문화에 정착되었으며, [한국]에서는 ~사우루스를 빼고 <티라노사우루스>라고 줄여 부르기도 한다."},{"verbs":[{"word_id":3,"ancestor":["1-11"],"verb":"서식","cwStateCd":"FIXED","cwSelIdx":21},{"word_id":7,"ancestor":"-2","verb":"비","cwStateCd":"FIXED","cwSelIdx":[]},{"word_id":11,"ancestor":"-2","verb":"넓","cwStateCd":"FIXED","cwSelIdx":[]},{"word_id":14,"ancestor":"-2","verb":"달하","cwStateCd":"FIXED","cwSelIdx":[]},{"word_id":15,"ancestor":"-2","verb":"넓","cwStateCd":"FIXED","cwSelIdx":[]},{"word_id":17,"ancestor":"-2","verb":"가지","cwStateCd":"FIXED","cwSelIdx":[]},{"word_id":19,"ancestor":"-2","verb":"추측","cwStateCd":"FIXED","cwSelIdx":[]}],"text":"[북아메리카_대륙]의 서쪽에서 주로 서식했으며, 다른 [티라노사우루스과]의 공룡에 비해 그 서식 범위가 넓었다(수십 평방 km에 달하는 넓은 영토를 가졌을 것으로 추측된다)."}],"globalSId":[973325,973326,973327],"entities":[{"st":0,"eIdx":0,"ancestor":"","en":9,"ne_type":"","keyword":"<티라노사우루스>","e_type":"ELU"},{"st":15,"eIdx":1,"ancestor":"","en":24,"ne_type":"","keyword":"<티라노사우루스>","e_type":"ELU"},{"st":26,"eIdx":2,"ancestor":"","en":31,"ne_type":"","keyword":"[백악기]","e_type":"WIKILINK"},{"st":35,"eIdx":3,"ancestor":"-2","en":45,"cwStateCd":"FIXED","ne_type":"TIME","cwSelIdx":[],"type":"ENTITY","keyword":"[6800~6600만_년]","e_type":"NEW"},{"st":59,"eIdx":4,"ancestor":"","en":64,"ne_type":"","keyword":"[용반목]","e_type":"WIKILINK"},{"st":65,"eIdx":5,"ancestor":"","en":71,"ne_type":"","keyword":"[수각아목]","e_type":"WIKILINK"},{"st":72,"eIdx":6,"ancestor":"","en":82,"ne_type":"","keyword":"[티라노사우루스과]","e_type":"WIKILINK"},{"st":84,"eIdx":7,"ancestor":"","en":93,"ne_type":"","keyword":"[속_(생물학)]","e_type":"WIKILINK"},{"st":101,"eIdx":8,"ancestor":"","en":110,"ne_type":"","keyword":"<티라노사우루스>","e_type":"ELU"},{"st":123,"eIdx":9,"ancestor":"","en":133,"ne_type":"","keyword":"<티렉스_(밴드)>","e_type":"ELU"},{"st":156,"eIdx":10,"ancestor":"-2","en":159,"cwStateCd":"FIXED","ne_type":"LOCATION","cwSelIdx":[],"type":"ENTITY","keyword":"[한국]","e_type":"NEW"},{"st":174,"eIdx":11,"ancestor":"","en":183,"ne_type":"","keyword":"<티라노사우루스>","e_type":"ELU"},{"st":198,"eIdx":12,"ancestor":"","en":208,"ne_type":"","keyword":"[북아메리카_대륙]","e_type":"WIKILINK"},{"st":228,"eIdx":13,"ancestor":"","en":238,"ne_type":"","keyword":"[티라노사우루스과]","e_type":"WIKILINK"}],"wikiPageId":137382,"pIdx":1,"text":"<티라노사우루스>() 또는 <티라노사우루스>는 [백악기] 후기([6800~6600만_년] 전)에 살았던, [용반목] [수각아목] [티라노사우루스과]의 [속_(생물학)]이다. 종명인 <티라노사우루스>()의 일반적인 약자인 <티렉스_(밴드)>(T.rex)가 대중문화에 정착되었으며, [한국]에서는 ~사우루스를 빼고 <티라노사우루스>라고 줄여 부르기도 한다. [북아메리카_대륙]의 서쪽에서 주로 서식했으며, 다른 [티라노사우루스과]의 공룡에 비해 그 서식 범위가 넓었다(수십 평방 km에 달하는 넓은 영토를 가졌을 것으로 추측된다)."}