{"result":[{"verbs":[],"text":"[소부](蕭敷, [461년] ~ [497년] [양력] [9월_18일]\/[음력] [8월_6일])는 [중국] [남북조_시대] [남제] 때 사람이다."},{"verbs":[],"text":"자는 중달(仲達)이다."},{"verbs":[{"word_id":3,"ancestor":["1-0"],"verb":"태어나","cwStateCd":"FIXED","cwSelIdx":0}],"text":"[소순지]와 [장상유] 사이에서 태어난 둘째 아들이며 [양_무제]의 형이다."}],"globalSId":[3597314,3597315,3597316],"entities":[{"st":0,"eIdx":0,"ancestor":"-2","en":3,"cwStateCd":"FIXED","ne_type":"PERSON","cwSelIdx":[],"type":"ENTITY","keyword":"[소부]","e_type":"NEW"},{"st":9,"eIdx":1,"ancestor":"","en":15,"ne_type":"","keyword":"[461년]","e_type":"WIKILINK"},{"st":18,"eIdx":2,"ancestor":"","en":24,"ne_type":"","keyword":"[497년]","e_type":"WIKILINK"},{"st":25,"eIdx":3,"ancestor":"","en":29,"ne_type":"","keyword":"[양력]","e_type":"WIKILINK"},{"st":30,"eIdx":4,"ancestor":"","en":38,"ne_type":"","keyword":"[9월_18일]","e_type":"WIKILINK"},{"st":39,"eIdx":5,"ancestor":"","en":43,"ne_type":"","keyword":"[음력]","e_type":"WIKILINK"},{"st":44,"eIdx":6,"ancestor":"","en":51,"ne_type":"","keyword":"[8월_6일]","e_type":"WIKILINK"},{"st":54,"eIdx":7,"ancestor":"","en":58,"ne_type":"","keyword":"[중국]","e_type":"WIKILINK"},{"st":59,"eIdx":8,"ancestor":"","en":67,"ne_type":"","keyword":"[남북조_시대]","e_type":"WIKILINK"},{"st":68,"eIdx":9,"ancestor":"","en":72,"ne_type":"","keyword":"[남제]","e_type":"WIKILINK"},{"st":94,"eIdx":10,"ancestor":"","en":99,"ne_type":"","keyword":"[소순지]","e_type":"WIKILINK"},{"st":101,"eIdx":11,"ancestor":"","en":106,"ne_type":"","keyword":"[장상유]","e_type":"WIKILINK"},{"st":124,"eIdx":12,"ancestor":"","en":130,"ne_type":"","keyword":"[양_무제]","e_type":"WIKILINK"}],"wikiPageId":1330549,"pIdx":1,"text":"[소부](蕭敷, [461년] ~ [497년] [양력] [9월_18일]\/[음력] [8월_6일])는 [중국] [남북조_시대] [남제] 때 사람이다. 자는 중달(仲達)이다. [소순지]와 [장상유] 사이에서 태어난 둘째 아들이며 [양_무제]의 형이다."}