{"result":[{"verbs":[{"word_id":5,"ancestor":["1-0"],"verb":"위치","cwStateCd":"FIXED","cwSelIdx":0}],"text":"[아오하라_역]()은 [일본] [시마네_현] [가노아시_군] [쓰와노_정]에 위치한 [서일본_여객철도] [야마구치_선]의 [철도역]이다."},{"verbs":[{"word_id":4,"ancestor":["1-0"],"verb":"갖추","cwStateCd":"FIXED","cwSelIdx":0}],"text":"[상대식_승강장] 2면 2선의 구조를 갖춘 지상역이다."}],"globalSId":[3881761,3881762],"entities":[{"st":0,"eIdx":0,"ancestor":"-2","en":7,"cwStateCd":"FIXED","ne_type":"LOCATION","cwSelIdx":[],"type":"ENTITY","keyword":"[아오하라_역]","e_type":"NEW"},{"st":12,"eIdx":1,"ancestor":"","en":16,"ne_type":"","keyword":"[일본]","e_type":"WIKILINK"},{"st":17,"eIdx":2,"ancestor":"","en":24,"ne_type":"","keyword":"[시마네_현]","e_type":"WIKILINK"},{"st":25,"eIdx":3,"ancestor":"","en":33,"ne_type":"","keyword":"[가노아시_군]","e_type":"WIKILINK"},{"st":34,"eIdx":4,"ancestor":"","en":41,"ne_type":"","keyword":"[쓰와노_정]","e_type":"WIKILINK"},{"st":47,"eIdx":5,"ancestor":"","en":57,"ne_type":"","keyword":"[서일본_여객철도]","e_type":"WIKILINK"},{"st":58,"eIdx":6,"ancestor":"","en":66,"ne_type":"","keyword":"[야마구치_선]","e_type":"WIKILINK"},{"st":68,"eIdx":7,"ancestor":"","en":73,"ne_type":"","keyword":"[철도역]","e_type":"WIKILINK"},{"st":77,"eIdx":8,"ancestor":"","en":86,"ne_type":"","keyword":"[상대식_승강장]","e_type":"WIKILINK"}],"wikiPageId":1654703,"pIdx":1,"text":"[아오하라_역]()은 [일본] [시마네_현] [가노아시_군] [쓰와노_정]에 위치한 [서일본_여객철도] [야마구치_선]의 [철도역]이다. [상대식_승강장] 2면 2선의 구조를 갖춘 지상역이다."}