{"result":[{"verbs":[{"word_id":5,"ancestor":["1-0"],"verb":"위치","cwStateCd":"FIXED","cwSelIdx":0}],"text":"<니시히라나이_역>()은 [일본] [아오모리_현] [히가시쓰가루_군] [히라나이_정]에 위치한 [아오이모리_철도] [아오이모리_철도선]의 철도역이다."},{"verbs":[{"word_id":5,"ancestor":["1-0"],"verb":"떨어지","cwStateCd":"FIXED","cwSelIdx":0},{"word_id":10,"ancestor":["1-0"],"verb":"떨어지","cwStateCd":"FIXED","cwSelIdx":0}],"text":"이 역은 시점인 <메토키_역>으로부터 98.3km 떨어져 있으며, <도쿄_역>부터는 715.6km 만큼 떨어져 있는 역이다."}],"globalSId":[3228165,3228166],"entities":[{"st":0,"eIdx":0,"ancestor":"","en":10,"ne_type":"","keyword":"<니시히라나이_역>","e_type":"ELU"},{"st":14,"eIdx":1,"ancestor":"","en":18,"ne_type":"","keyword":"[일본]","e_type":"WIKILINK"},{"st":19,"eIdx":2,"ancestor":"","en":27,"ne_type":"","keyword":"[아오모리_현]","e_type":"WIKILINK"},{"st":28,"eIdx":3,"ancestor":"","en":38,"ne_type":"","keyword":"[히가시쓰가루_군]","e_type":"WIKILINK"},{"st":39,"eIdx":4,"ancestor":"","en":47,"ne_type":"","keyword":"[히라나이_정]","e_type":"WIKILINK"},{"st":53,"eIdx":5,"ancestor":"-2","en":62,"cwStateCd":"FIXED","ne_type":"ETC","cwSelIdx":[],"type":"ENTITY","keyword":"[아오이모리_철도]","e_type":"NEW"},{"st":64,"eIdx":6,"ancestor":"-2","en":74,"cwStateCd":"FIXED","ne_type":"ETC","cwSelIdx":[],"type":"ENTITY","keyword":"[아오이모리_철도선]","e_type":"NEW"},{"st":93,"eIdx":7,"ancestor":"","en":100,"ne_type":"","keyword":"<메토키_역>","e_type":"ELU"},{"st":121,"eIdx":8,"ancestor":"","en":127,"ne_type":"","keyword":"<도쿄_역>","e_type":"ELU"}],"wikiPageId":1031809,"pIdx":1,"text":"<니시히라나이_역>()은 [일본] [아오모리_현] [히가시쓰가루_군] [히라나이_정]에 위치한 [아오이모리_철도] [아오이모리_철도선]의 철도역이다. 이 역은 시점인 <메토키_역>으로부터 98.3km 떨어져 있으며, <도쿄_역>부터는 715.6km 만큼 떨어져 있는 역이다."}