{"result":[{"verbs":[{"word_id":14,"ancestor":"-1","verb":"늘","cwStateCd":"FIXED","cwSelIdx":[]}],"text":"[베르나르도_실바] ([포르투갈어]: Bernardo Mota Veiga de Carvalho e Silva, 1994년 8월 10일 ~ ) 는 [포르투갈]의 [축구_선수]로, 현재 [프리미어리그]의 [맨체스터_시티_FC] 소속이다."}],"globalSId":[4007576],"entities":[{"st":0,"eIdx":0,"ancestor":"-2","en":9,"cwStateCd":"FIXED","ne_type":"PERSON","cwSelIdx":[],"type":"ENTITY","keyword":"[베르나르도_실바]","e_type":"NEW"},{"st":12,"eIdx":1,"ancestor":"","en":19,"ne_type":"","keyword":"[포르투갈어]","e_type":"WIKILINK"},{"st":81,"eIdx":2,"ancestor":"","en":87,"ne_type":"","keyword":"[포르투갈]","e_type":"WIKILINK"},{"st":89,"eIdx":3,"ancestor":"","en":96,"ne_type":"","keyword":"[축구_선수]","e_type":"WIKILINK"},{"st":102,"eIdx":4,"ancestor":"","en":110,"ne_type":"","keyword":"[프리미어리그]","e_type":"WIKILINK"},{"st":112,"eIdx":5,"ancestor":"","en":124,"ne_type":"","keyword":"[맨체스터_시티_FC]","e_type":"WIKILINK"}],"wikiPageId":1775878,"pIdx":1,"text":"[베르나르도_실바] ([포르투갈어]: Bernardo Mota Veiga de Carvalho e Silva, 1994년 8월 10일 ~ ) 는 [포르투갈]의 [축구_선수]로, 현재 [프리미어리그]의 [맨체스터_시티_FC] 소속이다."}