{"result":[{"verbs":[],"text":"항공우주 산업."},{"verbs":[{"word_id":2,"ancestor":"-2","verb":"소재","cwStateCd":"FIXED","cwSelIdx":[]},{"word_id":12,"ancestor":"-2","verb":"성공","cwStateCd":"FIXED","cwSelIdx":[]},{"word_id":13,"ancestor":"-2","verb":"따르","cwStateCd":"FIXED","cwSelIdx":[]},{"word_id":20,"ancestor":["111-8"],"verb":"발전","cwStateCd":"FIXED","cwSelIdx":16}],"text":"[2013년] [대전]에 소재한 [한국항공우주연구원], [대한항공] 기술원, [한화] [대전사업장], [한국과학기술원] 인공위성센터가 [나로호] 발사에 성공함에 따라 [대전]은 <대한민국>의 항공우주 산업을 선도하는 도시로 발전하고 있다."},{"verbs":[{"word_id":13,"ancestor":["111-13"],"verb":"성공","cwStateCd":"FIXED","cwSelIdx":31}],"text":"[2013년] [11월] <대한민국> 첫 적외선 우주관측 위성인 [과학기술위성_3호](STSAT-3)가 [대전] [KAIST] 인공위성연구센터 지상국과의 교신에 성공했다."}],"globalSId":[84791,84792,84793],"entities":[{"st":9,"eIdx":0,"ancestor":"-2","en":15,"cwStateCd":"FIXED","ne_type":"TIME","cwSelIdx":[],"type":"ENTITY","keyword":"[2013년]","e_type":"NEW"},{"st":17,"eIdx":1,"ancestor":"110-4","en":20,"cwStateCd":"FIXED","ne_type":"LOCATION","cwSelIdx":17,"type":"ENTITY","keyword":"[대전]","e_type":"NEW"},{"st":27,"eIdx":2,"ancestor":"","en":38,"ne_type":"","keyword":"[한국항공우주연구원]","e_type":"WIKILINK"},{"st":40,"eIdx":3,"ancestor":"","en":46,"ne_type":"","keyword":"[대한항공]","e_type":"WIKILINK"},{"st":52,"eIdx":4,"ancestor":"","en":56,"ne_type":"","keyword":"[한화]","e_type":"WIKILINK"},{"st":57,"eIdx":5,"ancestor":"-2","en":63,"cwStateCd":"FIXED","ne_type":"ORGANIZATION","cwSelIdx":[],"type":"ENTITY","keyword":"[대전사업장]","e_type":"NEW"},{"st":66,"eIdx":6,"ancestor":"","en":75,"ne_type":"","keyword":"[한국과학기술원]","e_type":"WIKILINK"},{"st":84,"eIdx":7,"ancestor":"","en":89,"ne_type":"","keyword":"[나로호]","e_type":"WIKILINK"},{"st":102,"eIdx":8,"ancestor":"111-1","en":105,"cwStateCd":"FIXED","ne_type":"LOCATION","cwSelIdx":3,"type":"ENTITY","keyword":"[대전]","e_type":"NEW"},{"st":108,"eIdx":9,"ancestor":"","en":114,"ne_type":"","keyword":"<대한민국>","e_type":"ELU"},{"st":143,"eIdx":10,"ancestor":"111-0","en":149,"cwStateCd":"FIXED","ne_type":"TIME","cwSelIdx":2,"type":"ENTITY","keyword":"[2013년]","e_type":"NEW"},{"st":151,"eIdx":11,"ancestor":"-2","en":155,"cwStateCd":"FIXED","ne_type":"TIME","cwSelIdx":[],"type":"ENTITY","keyword":"[11월]","e_type":"NEW"},{"st":157,"eIdx":12,"ancestor":"","en":163,"ne_type":"","keyword":"<대한민국>","e_type":"ELU"},{"st":179,"eIdx":13,"ancestor":"","en":190,"ne_type":"","keyword":"[과학기술위성_3호]","e_type":"WIKILINK"},{"st":201,"eIdx":14,"ancestor":"111-1","en":204,"cwStateCd":"FIXED","ne_type":"LOCATION","cwSelIdx":3,"type":"ENTITY","keyword":"[대전]","e_type":"NEW"},{"st":206,"eIdx":15,"ancestor":"","en":213,"ne_type":"","keyword":"[KAIST]","e_type":"WIKILINK"}],"wikiPageId":6092,"pIdx":111,"text":"항공우주 산업. [2013년] [대전]에 소재한 [한국항공우주연구원], [대한항공] 기술원, [한화] [대전사업장], [한국과학기술원] 인공위성센터가 [나로호] 발사에 성공함에 따라 [대전]은 <대한민국>의 항공우주 산업을 선도하는 도시로 발전하고 있다. [2013년] [11월] <대한민국> 첫 적외선 우주관측 위성인 [과학기술위성_3호](STSAT-3)가 [대전] [KAIST] 인공위성연구센터 지상국과의 교신에 성공했다."}