{"result":[{"verbs":[{"word_id":5,"ancestor":["1-0"],"verb":"위치","cwStateCd":"FIXED","cwSelIdx":0}],"text":"[위연역](渭淵驛)은 [조선민주주의인민공화국] [량강도] [혜산시] [위연동]에 위치해 있는 [백두산청년선]과 [삼지연선]의 [철도역]이다."},{"verbs":[{"word_id":2,"ancestor":["1-0"],"verb":"위치","cwStateCd":"FIXED","cwSelIdx":0},{"word_id":9,"ancestor":["1-11"],"verb":"분기","cwStateCd":"FIXED","cwSelIdx":15}],"text":"[위연역]에서 [삼지연군]에 위치한 [못가역]까지 연결되는 [삼지연선]이 본 역에서 <백두산청년선>과 분기된다."},{"verbs":[{"word_id":4,"ancestor":["1-8"],"verb":"분기","cwStateCd":"FIXED","cwSelIdx":10}],"text":"그리고 [대평역]까지 가는 [백두림철선]이 분기한다."}],"globalSId":[1897035,1897036],"entities":[{"st":0,"eIdx":0,"ancestor":"-2","en":4,"cwStateCd":"FIXED","ne_type":"LOCATION","cwSelIdx":[],"type":"ENTITY","keyword":"[위연역]","e_type":"NEW"},{"st":12,"eIdx":1,"ancestor":"","en":25,"ne_type":"","keyword":"[조선민주주의인민공화국]","e_type":"WIKILINK"},{"st":26,"eIdx":2,"ancestor":"","en":31,"ne_type":"","keyword":"[량강도]","e_type":"WIKILINK"},{"st":32,"eIdx":3,"ancestor":"","en":37,"ne_type":"","keyword":"[혜산시]","e_type":"WIKILINK"},{"st":38,"eIdx":4,"ancestor":"-2","en":42,"cwStateCd":"FIXED","ne_type":"LOCATION","cwSelIdx":[],"type":"ENTITY","keyword":"[위연동]","e_type":"NEW"},{"st":52,"eIdx":5,"ancestor":"","en":60,"ne_type":"","keyword":"[백두산청년선]","e_type":"WIKILINK"},{"st":62,"eIdx":6,"ancestor":"","en":68,"ne_type":"","keyword":"[삼지연선]","e_type":"WIKILINK"},{"st":70,"eIdx":7,"ancestor":"","en":75,"ne_type":"","keyword":"[철도역]","e_type":"WIKILINK"},{"st":79,"eIdx":8,"ancestor":"1-0","en":83,"cwStateCd":"FIXED","ne_type":"LOCATION","cwSelIdx":0,"type":"ENTITY","keyword":"[위연역]","e_type":"NEW"},{"st":87,"eIdx":9,"ancestor":"","en":93,"ne_type":"","keyword":"[삼지연군]","e_type":"WIKILINK"},{"st":99,"eIdx":10,"ancestor":"","en":104,"ne_type":"","keyword":"[못가역]","e_type":"WIKILINK"},{"st":112,"eIdx":11,"ancestor":"","en":118,"ne_type":"","keyword":"[삼지연선]","e_type":"WIKILINK"},{"st":126,"eIdx":12,"ancestor":"","en":134,"ne_type":"","keyword":"<백두산청년선>","e_type":"ELU"},{"st":145,"eIdx":13,"ancestor":"","en":150,"ne_type":"","keyword":"[대평역]","e_type":"WIKILINK"},{"st":156,"eIdx":14,"ancestor":"","en":163,"ne_type":"","keyword":"[백두림철선]","e_type":"WIKILINK"}],"wikiPageId":382887,"pIdx":1,"text":"[위연역](渭淵驛)은 [조선민주주의인민공화국] [량강도] [혜산시] [위연동]에 위치해 있는 [백두산청년선]과 [삼지연선]의 [철도역]이다. [위연역]에서 [삼지연군]에 위치한 [못가역]까지 연결되는 [삼지연선]이 본 역에서 <백두산청년선>과 분기된다.그리고 [대평역]까지 가는 [백두림철선]이 분기한다."}