{"result":[{"verbs":[{"word_id":3,"ancestor":["1-0"],"verb":"위치","cwStateCd":"FIXED","cwSelIdx":0}],"text":"<만지니>(Manzini)는 [스와질란드] 중부에 위치한 도시로, [만지니_구]의 행정 중심지이며 인구는 73,000명([2004년] 기준)이다."},{"verbs":[{"word_id":7,"ancestor":"-1","verb":"있","cwStateCd":"FIXED","cwSelIdx":[]}],"text":"<스와질란드>의 대표적인 공업 도시이며 인근 지대에는 공항이 있다."}],"globalSId":[2533885,2533886],"entities":[{"st":0,"eIdx":0,"ancestor":"","en":5,"ne_type":"","keyword":"<만지니>","e_type":"ELU"},{"st":16,"eIdx":1,"ancestor":"","en":23,"ne_type":"","keyword":"[스와질란드]","e_type":"WIKILINK"},{"st":37,"eIdx":2,"ancestor":"","en":44,"ne_type":"","keyword":"[만지니_구]","e_type":"WIKILINK"},{"st":67,"eIdx":3,"ancestor":"-2","en":65,"cwStateCd":"FIXED","ne_type":"TIME","cwSelIdx":[],"type":"ENTITY","keyword":"[2004년]","e_type":"NEW"},{"st":82,"eIdx":4,"ancestor":"","en":89,"ne_type":"","keyword":"<스와질란드>","e_type":"ELU"}],"wikiPageId":666532,"pIdx":1,"text":"<만지니>(Manzini)는 [스와질란드] 중부에 위치한 도시로, [만지니_구]의 행정 중심지이며 인구는 73,000명([2004년] 기준)이다. <스와질란드>의 대표적인 공업 도시이며 인근 지대에는 공항이 있다."}