{"result":[{"verbs":[],"text":"[제44전투단]()은 [제2차_세계_대전] 마지막 몇 개월 동안 활동했던 [루프트바페] 최정예 전투비행단이다."},{"verbs":[{"word_id":1,"ancestor":["1-0"],"verb":"거치","cwStateCd":"FIXED","cwSelIdx":0},{"word_id":8,"ancestor":["1-0"],"verb":"모으","cwStateCd":"FIXED","cwSelIdx":0},{"word_id":9,"ancestor":["1-0"],"verb":"만들","cwStateCd":"FIXED","cwSelIdx":0}],"text":"전쟁을 거치면서 100기 이상의 격추수를 쌓은 에이스 파일럿들만을 모아 만든 본토 방위부대로, 공군 중장 [아돌프_갈란트]가 단장이었다."},{"verbs":[{"word_id":5,"ancestor":"-1","verb":"존재","cwStateCd":"FIXED","cwSelIdx":[]},{"word_id":8,"ancestor":"-1","verb":"존재","cwStateCd":"FIXED","cwSelIdx":[]},{"word_id":14,"ancestor":["1-4"],"verb":"탄생","cwStateCd":"FIXED","cwSelIdx":44}],"text":"결국 세계 공군 역사상 그때까지도 존재하지 않았고, 앞으로도 존재하지 않을 전설적인 슈퍼 에이스 부대가 탄생하게 된다."},{"verbs":[],"text":"이것이 바로 [JV-44]였다."}],"globalSId":[3765198,3765199,3765200,3765201],"entities":[{"st":0,"eIdx":0,"ancestor":"-2","en":7,"cwStateCd":"FIXED","ne_type":"ORGANIZATION","cwSelIdx":[],"type":"ENTITY","keyword":"[제44전투단]","e_type":"NEW"},{"st":12,"eIdx":1,"ancestor":"","en":23,"ne_type":"","keyword":"[제2차_세계_대전]","e_type":"WIKILINK"},{"st":41,"eIdx":2,"ancestor":"","en":48,"ne_type":"","keyword":"[루프트바페]","e_type":"WIKILINK"},{"st":121,"eIdx":3,"ancestor":"","en":130,"ne_type":"","keyword":"[아돌프_갈란트]","e_type":"WIKILINK"},{"st":213,"eIdx":4,"ancestor":"-2","en":219,"cwStateCd":"FIXED","ne_type":"ORGANIZATION","cwSelIdx":[],"type":"ENTITY","keyword":"[JV-44]","e_type":"NEW"}],"wikiPageId":1482281,"pIdx":1,"text":"[제44전투단]()은 [제2차_세계_대전] 마지막 몇 개월 동안 활동했던 [루프트바페] 최정예 전투비행단이다. 전쟁을 거치면서 100기 이상의 격추수를 쌓은 에이스 파일럿들만을 모아 만든 본토 방위부대로, 공군 중장 [아돌프_갈란트]가 단장이었다. 결국 세계 공군 역사상 그때까지도 존재하지 않았고, 앞으로도 존재하지 않을 전설적인 슈퍼 에이스 부대가 탄생하게 된다. 이것이 바로 [JV-44]였다."}