{"result":[{"verbs":[{"word_id":2,"ancestor":["19-0"],"verb":"감금","cwStateCd":"FIXED","cwSelIdx":0},{"word_id":4,"ancestor":"-2","verb":"벌어지","cwStateCd":"FIXED","cwSelIdx":[]},{"word_id":7,"ancestor":["19-2"],"verb":"석방","cwStateCd":"FIXED","cwSelIdx":5},{"word_id":8,"ancestor":["19-2"],"verb":"위하","cwStateCd":"FIXED","cwSelIdx":5}],"text":"[프랑수아_1세]가 <스페인>에 감금되는 사태가 벌어지자 <프랑스>는 왕을 석방하기 위해 일련의 외교적 노력을 기울였다."},{"verbs":[{"word_id":3,"ancestor":"-2","verb":"전례","cwStateCd":"FIXED","cwSelIdx":[]},{"word_id":6,"ancestor":"-2","verb":"맺어지","cwStateCd":"FIXED","cwSelIdx":[]},{"word_id":16,"ancestor":"-2","verb":"크","cwStateCd":"FIXED","cwSelIdx":[]}],"text":"특히 [오스만_투르크]의 [쉴레이만_대제]와 전례없는 기독교-[무슬림] 동맹이 맺어지고, [쉴레이만_대제]가 [카를_5세]에게 최후 통첩을 보내게 되자 이는 기독교 세계에 큰 충격을 주었다."},{"verbs":[{"word_id":2,"ancestor":["19-8"],"verb":"이용","cwStateCd":"FIXED","cwSelIdx":32},{"word_id":8,"ancestor":["19-8"],"verb":"침공","cwStateCd":"FIXED","cwSelIdx":32},{"word_id":16,"ancestor":["19-8"],"verb":"완파","cwStateCd":"FIXED","cwSelIdx":32}],"text":"[쉴레이만_대제]는 이를 이용하여 1526년 여름, [합스브루크]의 동맹국인 [헝가리]를 침공하였고, 1526년 8월 [모하치_전투](Battle of Moh?cs)에서 [헝가리] 연합군을 완파하였다."},{"verbs":[{"word_id":0,"ancestor":"-2","verb":"이러하","cwStateCd":"FIXED","cwSelIdx":[]},{"word_id":3,"ancestor":"-2","verb":"불구","cwStateCd":"FIXED","cwSelIdx":[]},{"word_id":9,"ancestor":["19-13"],"verb":"포기","cwStateCd":"FIXED","cwSelIdx":53},{"word_id":11,"ancestor":["19-13"],"verb":"동의","cwStateCd":"FIXED","cwSelIdx":53},{"word_id":13,"ancestor":["19-13"],"verb":"풀려나","cwStateCd":"FIXED","cwSelIdx":53},{"word_id":14,"ancestor":["19-13"],"verb":"있","cwStateCd":"FIXED","cwSelIdx":53}],"text":"이러한 모든 노력에도 불구하고, <프랑수아_1세_(프랑스)>는 <이탈리아>, <플랑드르>, [브르고뉴]를 모두 포기한다는 [마드리드_조약]에 동의한 뒤에야 풀려날수 있었다."}],"globalSId":[883378,883379,883380,883381],"entities":[{"st":0,"eIdx":0,"ancestor":"18-16","en":8,"cwStateCd":"FIXED","ne_type":"PERSON","cwSelIdx":44,"type":"ENTITY","keyword":"[프랑수아_1세]","e_type":"NEW"},{"st":11,"eIdx":1,"ancestor":"","en":16,"ne_type":"","keyword":"<스페인>","e_type":"ELU"},{"st":32,"eIdx":2,"ancestor":"","en":37,"ne_type":"","keyword":"<프랑스>","e_type":"ELU"},{"st":71,"eIdx":3,"ancestor":"","en":80,"ne_type":"","keyword":"[오스만_투르크]","e_type":"WIKILINK"},{"st":82,"eIdx":4,"ancestor":"","en":91,"ne_type":"","keyword":"[쉴레이만_대제]","e_type":"WIKILINK"},{"st":102,"eIdx":5,"ancestor":"-2","en":102,"cwStateCd":"FIXED","ne_type":"ETC","cwSelIdx":[],"type":"ENTITY","keyword":"[무슬림]","e_type":"NEW"},{"st":118,"eIdx":6,"ancestor":"19-4","en":126,"cwStateCd":"FIXED","ne_type":"PERSON","cwSelIdx":15,"type":"ENTITY","keyword":"[쉴레이만_대제]","e_type":"NEW"},{"st":129,"eIdx":7,"ancestor":"16-1","en":135,"cwStateCd":"FIXED","ne_type":"PERSON","cwSelIdx":8,"type":"ENTITY","keyword":"[카를_5세]","e_type":"NEW"},{"st":175,"eIdx":8,"ancestor":"19-4","en":183,"cwStateCd":"FIXED","ne_type":"PERSON","cwSelIdx":15,"type":"ENTITY","keyword":"[쉴레이만_대제]","e_type":"NEW"},{"st":204,"eIdx":9,"ancestor":"16-4","en":210,"cwStateCd":"FIXED","ne_type":"LOCATION","cwSelIdx":14,"type":"ENTITY","keyword":"[합스브루크]","e_type":"NEW"},{"st":218,"eIdx":10,"ancestor":"","en":223,"ne_type":"","keyword":"[헝가리]","e_type":"WIKILINK"},{"st":241,"eIdx":11,"ancestor":"","en":249,"ne_type":"","keyword":"[모하치_전투]","e_type":"WIKILINK"},{"st":270,"eIdx":12,"ancestor":"19-10","en":274,"cwStateCd":"FIXED","ne_type":"LOCATION","cwSelIdx":39,"type":"ENTITY","keyword":"[헝가리]","e_type":"NEW"},{"st":306,"eIdx":13,"ancestor":"","en":321,"ne_type":"","keyword":"<프랑수아_1세_(프랑스)>","e_type":"ELU"},{"st":323,"eIdx":14,"ancestor":"","en":329,"ne_type":"","keyword":"<이탈리아>","e_type":"ELU"},{"st":331,"eIdx":15,"ancestor":"","en":337,"ne_type":"","keyword":"<플랑드르>","e_type":"ELU"},{"st":339,"eIdx":16,"ancestor":"-2","en":344,"cwStateCd":"FIXED","ne_type":"LOCATION","cwSelIdx":[],"type":"ENTITY","keyword":"[브르고뉴]","e_type":"NEW"},{"st":356,"eIdx":17,"ancestor":"","en":365,"ne_type":"","keyword":"[마드리드_조약]","e_type":"WIKILINK"}],"wikiPageId":120775,"pIdx":19,"text":"[프랑수아_1세]가 <스페인>에 감금되는 사태가 벌어지자 <프랑스>는 왕을 석방하기 위해 일련의 외교적 노력을 기울였다. 특히 [오스만_투르크]의 [쉴레이만_대제]와 전례없는 기독교-[무슬림] 동맹이 맺어지고, [쉴레이만_대제]가 [카를_5세]에게 최후 통첩을 보내게 되자 이는 기독교 세계에 큰 충격을 주었다. [쉴레이만_대제]는 이를 이용하여 1526년 여름, [합스브루크]의 동맹국인 [헝가리]를 침공하였고, 1526년 8월 [모하치_전투](Battle of Moh?cs)에서 [헝가리] 연합군을 완파하였다. 이러한 모든 노력에도 불구하고, <프랑수아_1세_(프랑스)>는 <이탈리아>, <플랑드르>, [브르고뉴]를 모두 포기한다는 [마드리드_조약]에 동의한 뒤에야 풀려날수 있었다."}