{"result":[{"verbs":[{"word_id":4,"ancestor":["1-0"],"verb":"위치","cwStateCd":"FIXED","cwSelIdx":0}],"text":"[폴리]()는 [이탈리아] [라치오_주] [로마_현]에 위치한 <코무네>이다."},{"verbs":[{"word_id":1,"ancestor":["1-5"],"verb":"태어나","cwStateCd":"FIXED","cwSelIdx":6}],"text":"[교황_인노첸시오_13세]가 태어난 곳이기도 하다."}],"globalSId":[3242970,3242971],"entities":[{"st":0,"eIdx":0,"ancestor":"-2","en":3,"cwStateCd":"FIXED","ne_type":"LOCATION","cwSelIdx":[],"type":"ENTITY","keyword":"[폴리]","e_type":"NEW"},{"st":8,"eIdx":1,"ancestor":"","en":14,"ne_type":"","keyword":"[이탈리아]","e_type":"WIKILINK"},{"st":15,"eIdx":2,"ancestor":"","en":22,"ne_type":"","keyword":"[라치오_주]","e_type":"WIKILINK"},{"st":23,"eIdx":3,"ancestor":"","en":29,"ne_type":"","keyword":"[로마_현]","e_type":"WIKILINK"},{"st":35,"eIdx":4,"ancestor":"","en":40,"ne_type":"","keyword":"<코무네>","e_type":"ELU"},{"st":44,"eIdx":5,"ancestor":"","en":58,"ne_type":"","keyword":"[교황_인노첸시오_13세]","e_type":"WIKILINK"}],"wikiPageId":1042970,"pIdx":1,"text":"[폴리]()는 [이탈리아] [라치오_주] [로마_현]에 위치한 <코무네>이다. [교황_인노첸시오_13세]가 태어난 곳이기도 하다."}