{"result":[{"verbs":[{"word_id":4,"ancestor":["1-0"],"verb":"있","cwStateCd":"FIXED","cwSelIdx":0}],"text":"[히고후타미_역]()은 [일본] [구마모토_현] [야쓰시로_시]에 있는 [히사쓰_오렌지_철도] [히사쓰_오렌지_철도_히사쓰_오렌지_철도선]의 [철도역]이다."}],"globalSId":[3809283],"entities":[{"st":0,"eIdx":0,"ancestor":"-2","en":8,"cwStateCd":"FIXED","ne_type":"LOCATION","cwSelIdx":[],"type":"ENTITY","keyword":"[히고후타미_역]","e_type":"NEW"},{"st":13,"eIdx":1,"ancestor":"","en":17,"ne_type":"","keyword":"[일본]","e_type":"WIKILINK"},{"st":18,"eIdx":2,"ancestor":"","en":26,"ne_type":"","keyword":"[구마모토_현]","e_type":"WIKILINK"},{"st":27,"eIdx":3,"ancestor":"","en":35,"ne_type":"","keyword":"[야쓰시로_시]","e_type":"WIKILINK"},{"st":40,"eIdx":4,"ancestor":"","en":52,"ne_type":"","keyword":"[히사쓰_오렌지_철도]","e_type":"WIKILINK"},{"st":53,"eIdx":5,"ancestor":"","en":77,"ne_type":"","keyword":"[히사쓰_오렌지_철도_히사쓰_오렌지_철도선]","e_type":"WIKILINK"},{"st":79,"eIdx":6,"ancestor":"","en":84,"ne_type":"","keyword":"[철도역]","e_type":"WIKILINK"}],"wikiPageId":1588637,"pIdx":1,"text":"[히고후타미_역]()은 [일본] [구마모토_현] [야쓰시로_시]에 있는 [히사쓰_오렌지_철도] [히사쓰_오렌지_철도_히사쓰_오렌지_철도선]의 [철도역]이다."}