{"result":[{"verbs":[{"word_id":3,"ancestor":["1-0"],"verb":"위치","cwStateCd":"FIXED","cwSelIdx":0}],"text":"[만갈리아]()는 [루마니아] 남동부에 위치한 [콘스탄차_주]의 도시로 면적은 62.26㎢, 높이는 20m, 인구는 33,434명(2011년 기준)이다."},{"verbs":[{"word_id":6,"ancestor":["1-0"],"verb":"떨어지","cwStateCd":"FIXED","cwSelIdx":0},{"word_id":8,"ancestor":["1-0"],"verb":"위치","cwStateCd":"FIXED","cwSelIdx":0},{"word_id":11,"ancestor":["1-0"],"verb":"접","cwStateCd":"FIXED","cwSelIdx":0}],"text":"[콘스탄차](콘스탄차 주의 주도)에서 남쪽으로 44km 정도 떨어진 곳에 위치하며 [흑해] 연안과 접한다."}],"globalSId":[3513180,3513181],"entities":[{"st":0,"eIdx":0,"ancestor":"-2","en":5,"cwStateCd":"FIXED","ne_type":"LOCATION","cwSelIdx":[],"type":"ENTITY","keyword":"[만갈리아]","e_type":"NEW"},{"st":10,"eIdx":1,"ancestor":"","en":16,"ne_type":"","keyword":"[루마니아]","e_type":"WIKILINK"},{"st":26,"eIdx":2,"ancestor":"","en":34,"ne_type":"","keyword":"[콘스탄차_주]","e_type":"WIKILINK"},{"st":86,"eIdx":3,"ancestor":"","en":92,"ne_type":"","keyword":"[콘스탄차]","e_type":"WIKILINK"},{"st":132,"eIdx":4,"ancestor":"","en":136,"ne_type":"","keyword":"[흑해]","e_type":"WIKILINK"}],"wikiPageId":1268427,"pIdx":1,"text":"[만갈리아]()는 [루마니아] 남동부에 위치한 [콘스탄차_주]의 도시로 면적은 62.26㎢, 높이는 20m, 인구는 33,434명(2011년 기준)이다. [콘스탄차](콘스탄차 주의 주도)에서 남쪽으로 44km 정도 떨어진 곳에 위치하며 [흑해] 연안과 접한다."}