{"result":[{"verbs":[{"word_id":13,"ancestor":"-1","verb":"오","cwStateCd":"FIXED","cwSelIdx":[]}],"text":"[코지마_마코](, [1997년] [5월_30일] ~ )는, [일본]의 [아이돌]이며, [여성] 아이돌 그룹 [AKB48] 팀4 멤버 와 [텐토우무Chu!]의 최연장자이다."}],"globalSId":[3479232],"entities":[{"st":0,"eIdx":0,"ancestor":"-2","en":7,"cwStateCd":"FIXED","ne_type":"PERSON","cwSelIdx":[],"type":"ENTITY","keyword":"[코지마_마코]","e_type":"NEW"},{"st":11,"eIdx":1,"ancestor":"","en":18,"ne_type":"","keyword":"[1997년]","e_type":"WIKILINK"},{"st":19,"eIdx":2,"ancestor":"","en":27,"ne_type":"","keyword":"[5월_30일]","e_type":"WIKILINK"},{"st":34,"eIdx":3,"ancestor":"","en":38,"ne_type":"","keyword":"[일본]","e_type":"WIKILINK"},{"st":40,"eIdx":4,"ancestor":"","en":45,"ne_type":"","keyword":"[아이돌]","e_type":"WIKILINK"},{"st":49,"eIdx":5,"ancestor":"","en":53,"ne_type":"","keyword":"[여성]","e_type":"WIKILINK"},{"st":61,"eIdx":6,"ancestor":"","en":68,"ne_type":"","keyword":"[AKB48]","e_type":"WIKILINK"},{"st":77,"eIdx":7,"ancestor":"","en":87,"ne_type":"","keyword":"[텐토우무Chu!]","e_type":"WIKILINK"}],"wikiPageId":1236739,"pIdx":1,"text":"[코지마_마코](, [1997년] [5월_30일] ~ )는, [일본]의 [아이돌]이며, [여성] 아이돌 그룹 [AKB48] 팀4 멤버 와 [텐토우무Chu!]의 최연장자이다."}