{"result":[{"verbs":[{"word_id":2,"ancestor":"-2","verb":"즐기","cwStateCd":"FIXED","cwSelIdx":[]},{"word_id":5,"ancestor":"-2","verb":"되","cwStateCd":"FIXED","cwSelIdx":[]},{"word_id":9,"ancestor":"-2","verb":"유래","cwStateCd":"FIXED","cwSelIdx":[]},{"word_id":13,"ancestor":"-2","verb":"따르","cwStateCd":"FIXED","cwSelIdx":[]},{"word_id":14,"ancestor":"-2","verb":"다양","cwStateCd":"FIXED","cwSelIdx":[]},{"word_id":18,"ancestor":"-2","verb":"만들","cwStateCd":"FIXED","cwSelIdx":[]},{"word_id":19,"ancestor":"-2","verb":"먹","cwStateCd":"FIXED","cwSelIdx":[]}],"text":"여러 나라에서 즐겨먹는 세계적인 [음식]이 된 피자는 [나폴리] 지역에서 유래한 [이탈리아_요리]로, [이탈리아]에서는 [지역]에 따라서 다양한 형태의 피자 [요리]를 만들어 먹는다."}],"globalSId":[587938],"entities":[{"st":18,"eIdx":0,"ancestor":"","en":22,"ne_type":"","keyword":"[음식]","e_type":"WIKILINK"},{"st":30,"eIdx":1,"ancestor":"","en":35,"ne_type":"","keyword":"[나폴리]","e_type":"WIKILINK"},{"st":45,"eIdx":2,"ancestor":"","en":54,"ne_type":"","keyword":"[이탈리아_요리]","e_type":"WIKILINK"},{"st":57,"eIdx":3,"ancestor":"","en":63,"ne_type":"","keyword":"[이탈리아]","e_type":"WIKILINK"},{"st":67,"eIdx":4,"ancestor":"","en":71,"ne_type":"","keyword":"[지역]","e_type":"WIKILINK"},{"st":88,"eIdx":5,"ancestor":"","en":92,"ne_type":"","keyword":"[요리]","e_type":"WIKILINK"}],"wikiPageId":72061,"pIdx":2,"text":"여러 나라에서 즐겨먹는 세계적인 [음식]이 된 피자는 [나폴리] 지역에서 유래한 [이탈리아_요리]로, [이탈리아]에서는 [지역]에 따라서 다양한 형태의 피자 [요리]를 만들어 먹는다."}