{"result":[{"verbs":[{"word_id":4,"ancestor":["1-0"],"verb":"설립","cwStateCd":"FIXED","cwSelIdx":0}],"text":"[조이스티크]()는 [2004년_6월] [웹블로그스]의 일부분으로 설립된 비디오 게임 <블로그>이다."},{"verbs":[{"word_id":3,"ancestor":["1-0"],"verb":"다루","cwStateCd":"FIXED","cwSelIdx":0},{"word_id":6,"ancestor":["1-0"],"verb":"다루","cwStateCd":"FIXED","cwSelIdx":0}],"text":"[MMORPG] 게임들을 주로 다루었으며, 특히 《[월드_오브_워크래프트]》를 다루었다."}],"globalSId":[3798827,3798828],"entities":[{"st":0,"eIdx":0,"ancestor":"-2","en":6,"cwStateCd":"FIXED","ne_type":"ETC","cwSelIdx":[],"type":"ENTITY","keyword":"[조이스티크]","e_type":"NEW"},{"st":11,"eIdx":1,"ancestor":"-2","en":20,"cwStateCd":"FIXED","ne_type":"TIME","cwSelIdx":[],"type":"ENTITY","keyword":"[2004년_6월]","e_type":"NEW"},{"st":22,"eIdx":2,"ancestor":"","en":29,"ne_type":"","keyword":"[웹블로그스]","e_type":"WIKILINK"},{"st":48,"eIdx":3,"ancestor":"","en":53,"ne_type":"","keyword":"<블로그>","e_type":"ELU"},{"st":57,"eIdx":4,"ancestor":"","en":65,"ne_type":"","keyword":"[MMORPG]","e_type":"WIKILINK"},{"st":85,"eIdx":5,"ancestor":"","en":98,"ne_type":"","keyword":"[월드_오브_워크래프트]","e_type":"WIKILINK"}],"wikiPageId":1566577,"pIdx":1,"text":"[조이스티크]()는 [2004년_6월] [웹블로그스]의 일부분으로 설립된 비디오 게임 <블로그>이다. [MMORPG] 게임들을 주로 다루었으며, 특히 《[월드_오브_워크래프트]》를 다루었다."}