{"result":[{"verbs":[{"word_id":4,"ancestor":"-1","verb":"든든하","cwStateCd":"FIXED","cwSelIdx":[]},{"word_id":6,"ancestor":"-2","verb":"이용","cwStateCd":"FIXED","cwSelIdx":[]},{"word_id":13,"ancestor":"-2","verb":"받","cwStateCd":"FIXED","cwSelIdx":[]},{"word_id":16,"ancestor":"-2","verb":"퍼지","cwStateCd":"FIXED","cwSelIdx":[]}],"text":"오랫동안 [나폴리]를 중심으로 서민들의 든든한 [식사]로 이용되다가 [19세기] [이탈리아의_통일] 과정에서 구휼 [음식]으로 각광을 받으면서 [이탈리아] 전역으로 퍼져 나갔다."},{"verbs":[{"word_id":3,"ancestor":"-2","verb":"주둔","cwStateCd":"FIXED","cwSelIdx":[]},{"word_id":6,"ancestor":"-2","verb":"맛보","cwStateCd":"FIXED","cwSelIdx":[]},{"word_id":9,"ancestor":"-2","verb":"전하","cwStateCd":"FIXED","cwSelIdx":[]},{"word_id":19,"ancestor":"-2","verb":"퍼지","cwStateCd":"FIXED","cwSelIdx":[]},{"word_id":22,"ancestor":"-2","verb":"발돋움","cwStateCd":"FIXED","cwSelIdx":[]}],"text":"이후 [세계_대전]에서 [이탈리아]에 주둔한 미군들이 피자를 맛본 후 [미국]에 전해지거나 [이탈리아]의 이민자 및 노동자들이 [미국]으로 건너가면서 피자가 [미국] 전역으로 퍼지면서 세계적인 [음식]으로 발돋움하였다."}],"globalSId":[587944,587945],"entities":[{"st":5,"eIdx":0,"ancestor":"","en":10,"ne_type":"","keyword":"[나폴리]","e_type":"WIKILINK"},{"st":26,"eIdx":1,"ancestor":"","en":30,"ne_type":"","keyword":"[식사]","e_type":"WIKILINK"},{"st":38,"eIdx":2,"ancestor":"-2","en":43,"cwStateCd":"FIXED","ne_type":"TIME","cwSelIdx":[],"type":"ENTITY","keyword":"[19세기]","e_type":"NEW"},{"st":45,"eIdx":3,"ancestor":"","en":55,"ne_type":"","keyword":"[이탈리아의_통일]","e_type":"WIKILINK"},{"st":64,"eIdx":4,"ancestor":"","en":68,"ne_type":"","keyword":"[음식]","e_type":"WIKILINK"},{"st":80,"eIdx":5,"ancestor":"","en":86,"ne_type":"","keyword":"[이탈리아]","e_type":"WIKILINK"},{"st":103,"eIdx":6,"ancestor":"","en":110,"ne_type":"","keyword":"[세계_대전]","e_type":"WIKILINK"},{"st":113,"eIdx":7,"ancestor":"","en":119,"ne_type":"","keyword":"[이탈리아]","e_type":"WIKILINK"},{"st":139,"eIdx":8,"ancestor":"","en":143,"ne_type":"","keyword":"[미국]","e_type":"WIKILINK"},{"st":151,"eIdx":9,"ancestor":"","en":157,"ne_type":"","keyword":"[이탈리아]","e_type":"WIKILINK"},{"st":171,"eIdx":10,"ancestor":"","en":175,"ne_type":"","keyword":"[미국]","e_type":"WIKILINK"},{"st":188,"eIdx":11,"ancestor":"","en":192,"ne_type":"","keyword":"[미국]","e_type":"WIKILINK"},{"st":208,"eIdx":12,"ancestor":"","en":212,"ne_type":"","keyword":"[음식]","e_type":"WIKILINK"}],"wikiPageId":72061,"pIdx":5,"text":"오랫동안 [나폴리]를 중심으로 서민들의 든든한 [식사]로 이용되다가 [19세기] [이탈리아의_통일] 과정에서 구휼 [음식]으로 각광을 받으면서 [이탈리아] 전역으로 퍼져 나갔다. 이후 [세계_대전]에서 [이탈리아]에 주둔한 미군들이 피자를 맛본 후 [미국]에 전해지거나 [이탈리아]의 이민자 및 노동자들이 [미국]으로 건너가면서 피자가 [미국] 전역으로 퍼지면서 세계적인 [음식]으로 발돋움하였다."}