{"result":[{"verbs":[{"word_id":4,"ancestor":["1-0"],"verb":"위치","cwStateCd":"FIXED","cwSelIdx":0}],"text":"[고르노바다흐샨_자치주](, )는 [타지키스탄] 동부에 위치한 자치주로 주도는 [호루그]이며 면적은 64,200㎢, 인구는 218,000명(2008년 기준)이다."},{"verbs":[{"word_id":3,"ancestor":"-2","verb":"많","cwStateCd":"FIXED","cwSelIdx":[]},{"word_id":5,"ancestor":["1-3"],"verb":"뜻","cwStateCd":"FIXED","cwSelIdx":13}],"text":"[고르노바다흐샨]은 [러시아어]로 \"산이 많은 [바다흐샨]\"을 뜻한다."}],"globalSId":[2448168,2448169],"entities":[{"st":0,"eIdx":0,"ancestor":"-2","en":12,"cwStateCd":"FIXED","ne_type":"LOCATION","cwSelIdx":[],"type":"ENTITY","keyword":"[고르노바다흐샨_자치주]","e_type":"NEW"},{"st":19,"eIdx":1,"ancestor":"","en":26,"ne_type":"","keyword":"[타지키스탄]","e_type":"WIKILINK"},{"st":44,"eIdx":2,"ancestor":"","en":49,"ne_type":"","keyword":"[호루그]","e_type":"WIKILINK"},{"st":91,"eIdx":3,"ancestor":"-2","en":99,"cwStateCd":"FIXED","ne_type":"LOCATION","cwSelIdx":[],"type":"ENTITY","keyword":"[고르노바다흐샨]","e_type":"NEW"},{"st":102,"eIdx":4,"ancestor":"","en":108,"ne_type":"","keyword":"[러시아어]","e_type":"WIKILINK"},{"st":117,"eIdx":5,"ancestor":"","en":123,"ne_type":"","keyword":"[바다흐샨]","e_type":"WIKILINK"}],"wikiPageId":625673,"pIdx":1,"text":"[고르노바다흐샨_자치주](, )는 [타지키스탄] 동부에 위치한 자치주로 주도는 [호루그]이며 면적은 64,200㎢, 인구는 218,000명(2008년 기준)이다. [고르노바다흐샨]은 [러시아어]로 \"산이 많은 [바다흐샨]\"을 뜻한다."}