{"result":[{"verbs":[{"word_id":4,"ancestor":"-2","verb":"딸리","cwStateCd":"FIXED","cwSelIdx":[]},{"word_id":6,"ancestor":"-2","verb":"면하","cwStateCd":"FIXED","cwSelIdx":[]},{"word_id":10,"ancestor":"-2","verb":"위치","cwStateCd":"FIXED","cwSelIdx":[]}],"text":"[슐레스비히홀슈타인_주] 북쪽 끝의 [발트_해]에 딸린 [피오르드]에 면하며, [덴마크] 국경 부근에 위치한다."},{"verbs":[{"word_id":4,"ancestor":"-2","verb":"위치","cwStateCd":"FIXED","cwSelIdx":[]}],"text":"현재 [독일]에서 거의 최북단에 위치하는 도시이다."},{"verbs":[{"word_id":2,"ancestor":"-2","verb":"언급","cwStateCd":"FIXED","cwSelIdx":[]},{"word_id":4,"ancestor":"-2","verb":"인가","cwStateCd":"FIXED","cwSelIdx":[]},{"word_id":9,"ancestor":"-2","verb":"되","cwStateCd":"FIXED","cwSelIdx":[]}],"text":"[13세기]부터 문헌에 언급되고 <시_(행정_구역)>로 인가받았으며, 이후 [슐레스비히_공국]의 한 중심지가 되었다."},{"verbs":[{"word_id":4,"ancestor":"-2","verb":"교역","cwStateCd":"FIXED","cwSelIdx":[]},{"word_id":6,"ancestor":"-2","verb":"다음가","cwStateCd":"FIXED","cwSelIdx":[]},{"word_id":10,"ancestor":"-2","verb":"발전","cwStateCd":"FIXED","cwSelIdx":[]}],"text":"[16세기] 이후 [지중해]·[그린란드]·[서인도_제도] 등지와도 교역하였고, [코펜하겐] 다음가는 <덴마크> 제2의 도시로 발전하였다."},{"verbs":[{"word_id":6,"ancestor":"-2","verb":"일어나","cwStateCd":"FIXED","cwSelIdx":[]},{"word_id":11,"ancestor":"-2","verb":"귀속","cwStateCd":"FIXED","cwSelIdx":[]}],"text":"그러나 [독일]과의 [슐레스비히] 분쟁으로 귀속 문제가 일어났으며, [1864년] 전쟁의 결과 [프로이센]으로 귀속되었다."},{"verbs":[{"word_id":5,"ancestor":"-2","verb":"넘어가","cwStateCd":"FIXED","cwSelIdx":[]},{"word_id":10,"ancestor":"-1","verb":"남","cwStateCd":"FIXED","cwSelIdx":[]}],"text":"[제1차_세계대전] 후 주민투표로 [북슐레스비히]는 <덴마크>로 넘어갔으나, [플렌스부르크] 지역은 계속 [독일]에 남게 되었다."},{"verbs":[{"word_id":2,"ancestor":"-2","verb":"크","cwStateCd":"FIXED","cwSelIdx":[]},{"word_id":5,"ancestor":"-2","verb":"입","cwStateCd":"FIXED","cwSelIdx":[]},{"word_id":14,"ancestor":"-2","verb":"들","cwStateCd":"FIXED","cwSelIdx":[]},{"word_id":16,"ancestor":"-2","verb":"알려지","cwStateCd":"FIXED","cwSelIdx":[]},{"word_id":20,"ancestor":"-1","verb":"카","cwStateCd":"FIXED","cwSelIdx":[]},{"word_id":22,"ancestor":"-2","verb":"항복","cwStateCd":"FIXED","cwSelIdx":[]}],"text":"[제2차_세계_대전] 중에는 큰 폭격의 피해를 입었고, [나치_독일] 정권 붕괴 이후에 임시 정부가 이 곳에 들어서 [플렌스부르크_정부]로 알려져 있으며, 이 곳에서 [카를_되니츠]가 [연합국]에 항복했다."}],"globalSId":[2297120,2297121,2297122,2297123,2297124,2297125,2297126],"entities":[{"st":0,"eIdx":0,"ancestor":"-2","en":12,"cwStateCd":"FIXED","ne_type":"LOCATION","cwSelIdx":[],"type":"ENTITY","keyword":"[슐레스비히홀슈타인_주]","e_type":"NEW"},{"st":20,"eIdx":1,"ancestor":"","en":26,"ne_type":"","keyword":"[발트_해]","e_type":"WIKILINK"},{"st":31,"eIdx":2,"ancestor":"","en":37,"ne_type":"","keyword":"[피오르드]","e_type":"WIKILINK"},{"st":44,"eIdx":3,"ancestor":"","en":49,"ne_type":"","keyword":"[덴마크]","e_type":"WIKILINK"},{"st":66,"eIdx":4,"ancestor":"-2","en":69,"cwStateCd":"FIXED","ne_type":"LOCATION","cwSelIdx":[],"type":"ENTITY","keyword":"[독일]","e_type":"NEW"},{"st":92,"eIdx":5,"ancestor":"","en":98,"ne_type":"","keyword":"[13세기]","e_type":"WIKILINK"},{"st":110,"eIdx":6,"ancestor":"","en":121,"ne_type":"","keyword":"<시_(행정_구역)>","e_type":"ELU"},{"st":134,"eIdx":7,"ancestor":"","en":144,"ne_type":"","keyword":"[슐레스비히_공국]","e_type":"WIKILINK"},{"st":158,"eIdx":8,"ancestor":"","en":164,"ne_type":"","keyword":"[16세기]","e_type":"WIKILINK"},{"st":168,"eIdx":9,"ancestor":"","en":173,"ne_type":"","keyword":"[지중해]","e_type":"WIKILINK"},{"st":174,"eIdx":10,"ancestor":"","en":180,"ne_type":"","keyword":"[그린란드]","e_type":"WIKILINK"},{"st":181,"eIdx":11,"ancestor":"","en":189,"ne_type":"","keyword":"[서인도_제도]","e_type":"WIKILINK"},{"st":202,"eIdx":12,"ancestor":"","en":208,"ne_type":"","keyword":"[코펜하겐]","e_type":"WIKILINK"},{"st":214,"eIdx":13,"ancestor":"","en":219,"ne_type":"","keyword":"<덴마크>","e_type":"ELU"},{"st":239,"eIdx":14,"ancestor":"2-4","en":242,"cwStateCd":"FIXED","ne_type":"LOCATION","cwSelIdx":12,"type":"ENTITY","keyword":"[독일]","e_type":"NEW"},{"st":246,"eIdx":15,"ancestor":"2-7","en":252,"cwStateCd":"FIXED","ne_type":"LOCATION","cwSelIdx":23,"type":"ENTITY","keyword":"[슐레스비히]","e_type":"NEW"},{"st":273,"eIdx":16,"ancestor":"","en":280,"ne_type":"","keyword":"[1864년]","e_type":"WIKILINK"},{"st":288,"eIdx":17,"ancestor":"","en":294,"ne_type":"","keyword":"[프로이센]","e_type":"WIKILINK"},{"st":304,"eIdx":18,"ancestor":"","en":314,"ne_type":"","keyword":"[제1차_세계대전]","e_type":"WIKILINK"},{"st":323,"eIdx":19,"ancestor":"","en":331,"ne_type":"","keyword":"[북슐레스비히]","e_type":"WIKILINK"},{"st":333,"eIdx":20,"ancestor":"","en":338,"ne_type":"","keyword":"<덴마크>","e_type":"ELU"},{"st":347,"eIdx":21,"ancestor":"-2","en":354,"cwStateCd":"FIXED","ne_type":"LOCATION","cwSelIdx":[],"type":"ENTITY","keyword":"[플렌스부르크]","e_type":"NEW"},{"st":363,"eIdx":22,"ancestor":"2-4","en":366,"cwStateCd":"FIXED","ne_type":"LOCATION","cwSelIdx":12,"type":"ENTITY","keyword":"[독일]","e_type":"NEW"},{"st":377,"eIdx":23,"ancestor":"","en":388,"ne_type":"","keyword":"[제2차_세계_대전]","e_type":"WIKILINK"},{"st":408,"eIdx":24,"ancestor":"","en":415,"ne_type":"","keyword":"[나치_독일]","e_type":"WIKILINK"},{"st":442,"eIdx":25,"ancestor":"","en":453,"ne_type":"","keyword":"[플렌스부르크_정부]","e_type":"WIKILINK"},{"st":470,"eIdx":26,"ancestor":"","en":478,"ne_type":"","keyword":"[카를_되니츠]","e_type":"WIKILINK"},{"st":480,"eIdx":27,"ancestor":"","en":485,"ne_type":"","keyword":"[연합국]","e_type":"WIKILINK"}],"wikiPageId":555252,"pIdx":2,"text":"[슐레스비히홀슈타인_주] 북쪽 끝의 [발트_해]에 딸린 [피오르드]에 면하며, [덴마크] 국경 부근에 위치한다. 현재 [독일]에서 거의 최북단에 위치하는 도시이다. [13세기]부터 문헌에 언급되고 <시_(행정_구역)>로 인가받았으며, 이후 [슐레스비히_공국]의 한 중심지가 되었다. [16세기] 이후 [지중해]·[그린란드]·[서인도_제도] 등지와도 교역하였고, [코펜하겐] 다음가는 <덴마크> 제2의 도시로 발전하였다. 그러나 [독일]과의 [슐레스비히] 분쟁으로 귀속 문제가 일어났으며, [1864년] 전쟁의 결과 [프로이센]으로 귀속되었다. [제1차_세계대전] 후 주민투표로 [북슐레스비히]는 <덴마크>로 넘어갔으나, [플렌스부르크] 지역은 계속 [독일]에 남게 되었다. [제2차_세계_대전] 중에는 큰 폭격의 피해를 입었고, [나치_독일] 정권 붕괴 이후에 임시 정부가 이 곳에 들어서 [플렌스부르크_정부]로 알려져 있으며, 이 곳에서 [카를_되니츠]가 [연합국]에 항복했다."}