{"result":[{"verbs":[],"text":"문학 작품."},{"verbs":[{"word_id":6,"ancestor":["2-0"],"verb":"등장","cwStateCd":"FIXED","cwSelIdx":1},{"word_id":10,"ancestor":"-2","verb":"탐욕","cwStateCd":"FIXED","cwSelIdx":[]},{"word_id":12,"ancestor":["2-0"],"verb":"묘사","cwStateCd":"FIXED","cwSelIdx":1}],"text":"[콤테_데_귀셰]에서 근 [에드몽_로스탕]의 [시라노_드_베르주라크_(희곡)]에서 주요 인물로 등장하며, 그곳에서 그는 기회주의적이고 탐욕스러운 인물로 묘사되었다."},{"verbs":[{"word_id":7,"ancestor":["2-0"],"verb":"노력","cwStateCd":"FIXED","cwSelIdx":1}],"text":"그는 [로산]과 갈등을 빚으며 그녀를 [비콤테_데_발베르]외 결혼시키려 노력하기도 한다."},{"verbs":[{"word_id":7,"ancestor":["3-7"],"verb":"알게되","cwStateCd":"FIXED","cwSelIdx":28},{"word_id":10,"ancestor":["3-7"],"verb":"성사","cwStateCd":"FIXED","cwSelIdx":28}],"text":"<연애조작단;_시라노>가 [발베르]를 죽인 이후 [데귀셰]는 그의 욕망을 알게되어 그와 결혼을 성사시키려 한다."},{"verbs":[{"word_id":1,"ancestor":"-2","verb":"의하","cwStateCd":"FIXED","cwSelIdx":[]},{"word_id":3,"ancestor":["2-0"],"verb":"좌절","cwStateCd":"FIXED","cwSelIdx":1},{"word_id":7,"ancestor":["2-0"],"verb":"위하","cwStateCd":"FIXED","cwSelIdx":1},{"word_id":15,"ancestor":["3-13"],"verb":"죽","cwStateCd":"FIXED","cwSelIdx":50}],"text":"<연애조작단;_시라노>에 의해 오랫동안 좌절한 이후 그는 복수를 위해 [1640년] [아라스] 포위전에 <연애조작단;_시라노>와 [크리스티앙]을 보냈고, [크리스티앙]은 죽는다."}],"globalSId":[3790479,3790480,3790481,3790482,3790483],"entities":[{"st":7,"eIdx":0,"ancestor":"-2","en":15,"cwStateCd":"FIXED","ne_type":"ETC","cwSelIdx":[],"type":"ENTITY","keyword":"[콤테_데_귀셰]","e_type":"NEW"},{"st":21,"eIdx":1,"ancestor":"","en":30,"ne_type":"","keyword":"[에드몽_로스탕]","e_type":"WIKILINK"},{"st":32,"eIdx":2,"ancestor":"","en":50,"ne_type":"","keyword":"[시라노_드_베르주라크_(희곡)]","e_type":"WIKILINK"},{"st":102,"eIdx":3,"ancestor":"-2","en":105,"cwStateCd":"FIXED","ne_type":"PERSON","cwSelIdx":[],"type":"ENTITY","keyword":"[로산]","e_type":"NEW"},{"st":120,"eIdx":4,"ancestor":"-2","en":130,"cwStateCd":"FIXED","ne_type":"PERSON","cwSelIdx":[],"type":"ENTITY","keyword":"[비콤테_데_발베르]","e_type":"NEW"},{"st":149,"eIdx":5,"ancestor":"","en":161,"ne_type":"","keyword":"<연애조작단;_시라노>","e_type":"ELU"},{"st":163,"eIdx":6,"ancestor":"-2","en":167,"cwStateCd":"FIXED","ne_type":"PERSON","cwSelIdx":[],"type":"ENTITY","keyword":"[발베르]","e_type":"NEW"},{"st":176,"eIdx":7,"ancestor":"-2","en":180,"cwStateCd":"FIXED","ne_type":"PERSON","cwSelIdx":[],"type":"ENTITY","keyword":"[데귀셰]","e_type":"NEW"},{"st":212,"eIdx":8,"ancestor":"","en":224,"ne_type":"","keyword":"<연애조작단;_시라노>","e_type":"ELU"},{"st":251,"eIdx":9,"ancestor":"-2","en":257,"cwStateCd":"FIXED","ne_type":"TIME","cwSelIdx":[],"type":"ENTITY","keyword":"[1640년]","e_type":"NEW"},{"st":259,"eIdx":10,"ancestor":"-2","en":263,"cwStateCd":"FIXED","ne_type":"LOCATION","cwSelIdx":[],"type":"ENTITY","keyword":"[아라스]","e_type":"NEW"},{"st":270,"eIdx":11,"ancestor":"","en":282,"ne_type":"","keyword":"<연애조작단;_시라노>","e_type":"ELU"},{"st":284,"eIdx":12,"ancestor":"-2","en":290,"cwStateCd":"FIXED","ne_type":"PERSON","cwSelIdx":[],"type":"ENTITY","keyword":"[크리스티앙]","e_type":"NEW"},{"st":298,"eIdx":13,"ancestor":"-2","en":304,"cwStateCd":"FIXED","ne_type":"PERSON","cwSelIdx":[],"type":"ENTITY","keyword":"[크리스티앙]","e_type":"NEW"}],"wikiPageId":1505920,"pIdx":3,"text":"문학 작품. [콤테_데_귀셰]에서 근 [에드몽_로스탕]의 [시라노_드_베르주라크_(희곡)]에서 주요 인물로 등장하며, 그곳에서 그는 기회주의적이고 탐욕스러운 인물로 묘사되었다. 그는 [로산]과 갈등을 빚으며 그녀를 [비콤테_데_발베르]외 결혼시키려 노력하기도 한다. <연애조작단;_시라노>가 [발베르]를 죽인 이후 [데귀셰]는 그의 욕망을 알게되어 그와 결혼을 성사시키려 한다. <연애조작단;_시라노>에 의해 오랫동안 좌절한 이후 그는 복수를 위해 [1640년] [아라스] 포위전에 <연애조작단;_시라노>와 [크리스티앙]을 보냈고, [크리스티앙]은 죽는다."}