{"result":[{"verbs":[{"word_id":5,"ancestor":"-2","verb":"지내","cwStateCd":"FIXED","cwSelIdx":[]},{"word_id":18,"ancestor":"-2","verb":"세우","cwStateCd":"FIXED","cwSelIdx":[]},{"word_id":20,"ancestor":"-2","verb":"승진","cwStateCd":"FIXED","cwSelIdx":[]}],"text":"과거 급제 후 여러 벼슬을 지내고 [임진왜란] 때는 [이순신] 휘하의 장수로 [옥포_해전], [사천_해전], [한산도_대첩], [안골포_해전] 등의 여러 공을 세워 [통정대부]로 승진되었다."}],"globalSId":[1855450],"entities":[{"st":19,"eIdx":0,"ancestor":"","en":25,"ne_type":"","keyword":"[임진왜란]","e_type":"WIKILINK"},{"st":29,"eIdx":1,"ancestor":"","en":34,"ne_type":"","keyword":"[이순신]","e_type":"WIKILINK"},{"st":43,"eIdx":2,"ancestor":"","en":50,"ne_type":"","keyword":"[옥포_해전]","e_type":"WIKILINK"},{"st":52,"eIdx":3,"ancestor":"","en":59,"ne_type":"","keyword":"[사천_해전]","e_type":"WIKILINK"},{"st":61,"eIdx":4,"ancestor":"","en":69,"ne_type":"","keyword":"[한산도_대첩]","e_type":"WIKILINK"},{"st":71,"eIdx":5,"ancestor":"","en":79,"ne_type":"","keyword":"[안골포_해전]","e_type":"WIKILINK"},{"st":92,"eIdx":6,"ancestor":"2-1","en":97,"cwStateCd":"FIXED","ne_type":"ETC","cwSelIdx":8,"type":"ENTITY","keyword":"[통정대부]","e_type":"NEW"}],"wikiPageId":364806,"pIdx":2,"text":"과거 급제 후 여러 벼슬을 지내고 [임진왜란] 때는 [이순신] 휘하의 장수로 [옥포_해전], [사천_해전], [한산도_대첩], [안골포_해전] 등의 여러 공을 세워 [통정대부]로 승진되었다."}