{"result":[{"verbs":[{"word_id":6,"ancestor":["1-0"],"verb":"있","cwStateCd":"FIXED","cwSelIdx":1}],"text":"휴대용 <앙부일구>(携帶用 仰釜日晷)는 [서울특별시] [용산구] [국립중앙박물관]에 있는 <조선>의 휴대용 <해시계>이다."},{"verbs":[{"word_id":4,"ancestor":["1-0"],"verb":"지정","cwStateCd":"FIXED","cwSelIdx":1}],"text":"[1986년] [3월_14일] [대한민국의_보물] 제852호로 지정되었다."}],"globalSId":[1653231,1653232],"entities":[{"st":4,"eIdx":0,"ancestor":"","en":10,"ne_type":"","keyword":"<앙부일구>","e_type":"ELU"},{"st":22,"eIdx":1,"ancestor":"","en":29,"ne_type":"","keyword":"[서울특별시]","e_type":"WIKILINK"},{"st":30,"eIdx":2,"ancestor":"","en":35,"ne_type":"","keyword":"[용산구]","e_type":"WIKILINK"},{"st":36,"eIdx":3,"ancestor":"","en":45,"ne_type":"","keyword":"[국립중앙박물관]","e_type":"WIKILINK"},{"st":50,"eIdx":4,"ancestor":"","en":54,"ne_type":"","keyword":"<조선>","e_type":"ELU"},{"st":60,"eIdx":5,"ancestor":"","en":65,"ne_type":"","keyword":"<해시계>","e_type":"ELU"},{"st":69,"eIdx":6,"ancestor":"","en":76,"ne_type":"","keyword":"[1986년]","e_type":"WIKILINK"},{"st":77,"eIdx":7,"ancestor":"","en":85,"ne_type":"","keyword":"[3월_14일]","e_type":"WIKILINK"},{"st":86,"eIdx":8,"ancestor":"","en":96,"ne_type":"","keyword":"[대한민국의_보물]","e_type":"WIKILINK"}],"wikiPageId":302942,"pIdx":1,"text":"휴대용 <앙부일구>(携帶用 仰釜日晷)는 [서울특별시] [용산구] [국립중앙박물관]에 있는 <조선>의 휴대용 <해시계>이다. [1986년] [3월_14일] [대한민국의_보물] 제852호로 지정되었다."}