{"result":[{"verbs":[{"word_id":3,"ancestor":["1-0"],"verb":"속","cwStateCd":"FIXED","cwSelIdx":0}],"text":"<북방흰가슴고슴도치>(\"Erinaceus roumanicus\")는 [고슴도치과]에 속하는 [포유류]의 일종이다."},{"verbs":[{"word_id":13,"ancestor":"-2","verb":"포함","cwStateCd":"FIXED","cwSelIdx":0},{"word_id":16,"ancestor":["1-0"],"verb":"분포","cwStateCd":"FIXED","cwSelIdx":0}],"text":"이 종은 서쪽으로 [폴란드]와 [오스트리아], 이전의 [유고슬라비아] 그리고 남쪽으로 [크레타_섬]과 [코르푸_섬], [로도스_섬]의 개체군을 포함하여 [그리스]와 [아드리아_해]에 분포한다."},{"verbs":[{"word_id":8,"ancestor":["1-0"],"verb":"발견","cwStateCd":"FIXED","cwSelIdx":0}],"text":"동쪽으로 [러시아]와 [우크라이나] 그리고 더 멀리 <시베리아>의 [오비_강]에서도 발견된다."}],"globalSId":[3236792,3236793,3236794],"entities":[{"st":0,"eIdx":0,"ancestor":"","en":11,"ne_type":"","keyword":"<북방흰가슴고슴도치>","e_type":"ELU"},{"st":37,"eIdx":1,"ancestor":"","en":44,"ne_type":"","keyword":"[고슴도치과]","e_type":"WIKILINK"},{"st":50,"eIdx":2,"ancestor":"","en":55,"ne_type":"","keyword":"[포유류]","e_type":"WIKILINK"},{"st":73,"eIdx":3,"ancestor":"","en":78,"ne_type":"","keyword":"[폴란드]","e_type":"WIKILINK"},{"st":80,"eIdx":4,"ancestor":"","en":87,"ne_type":"","keyword":"[오스트리아]","e_type":"WIKILINK"},{"st":93,"eIdx":5,"ancestor":"","en":101,"ne_type":"","keyword":"[유고슬라비아]","e_type":"WIKILINK"},{"st":111,"eIdx":6,"ancestor":"","en":118,"ne_type":"","keyword":"[크레타_섬]","e_type":"WIKILINK"},{"st":120,"eIdx":7,"ancestor":"","en":127,"ne_type":"","keyword":"[코르푸_섬]","e_type":"WIKILINK"},{"st":129,"eIdx":8,"ancestor":"","en":136,"ne_type":"","keyword":"[로도스_섬]","e_type":"WIKILINK"},{"st":148,"eIdx":9,"ancestor":"","en":153,"ne_type":"","keyword":"[그리스]","e_type":"WIKILINK"},{"st":155,"eIdx":10,"ancestor":"","en":163,"ne_type":"","keyword":"[아드리아_해]","e_type":"WIKILINK"},{"st":176,"eIdx":11,"ancestor":"","en":181,"ne_type":"","keyword":"[러시아]","e_type":"WIKILINK"},{"st":183,"eIdx":12,"ancestor":"","en":190,"ne_type":"","keyword":"[우크라이나]","e_type":"WIKILINK"},{"st":200,"eIdx":13,"ancestor":"","en":206,"ne_type":"","keyword":"<시베리아>","e_type":"ELU"},{"st":208,"eIdx":14,"ancestor":"","en":214,"ne_type":"","keyword":"[오비_강]","e_type":"WIKILINK"}],"wikiPageId":1036701,"pIdx":1,"text":"<북방흰가슴고슴도치>(\"Erinaceus roumanicus\")는 [고슴도치과]에 속하는 [포유류]의 일종이다. 이 종은 서쪽으로 [폴란드]와 [오스트리아], 이전의 [유고슬라비아] 그리고 남쪽으로 [크레타_섬]과 [코르푸_섬], [로도스_섬]의 개체군을 포함하여 [그리스]와 [아드리아_해]에 분포한다. 동쪽으로 [러시아]와 [우크라이나] 그리고 더 멀리 <시베리아>의 [오비_강]에서도 발견된다."}