{"result":[{"verbs":[],"text":"일생."},{"verbs":[{"word_id":4,"ancestor":["2-2"],"verb":"태어나","cwStateCd":"FIXED","cwSelIdx":6},{"word_id":9,"ancestor":["2-2"],"verb":"복무","cwStateCd":"FIXED","cwSelIdx":6},{"word_id":13,"ancestor":["2-2"],"verb":"복무","cwStateCd":"FIXED","cwSelIdx":6}],"text":"현재의 [벨라루스] [마힐료우_주]의 농민으로 태어난 [쿠즈네초프]는 [제1차_세계_대전] 당시 [러시아_제국_육군]으로 복무하다 후에 [볼셰베키]의 [소비에트_연방의_군사]에 복무한다."},{"verbs":[{"word_id":10,"ancestor":["2-2"],"verb":"해임","cwStateCd":"FIXED","cwSelIdx":6},{"word_id":14,"ancestor":["2-2"],"verb":"지휘","cwStateCd":"FIXED","cwSelIdx":6},{"word_id":23,"ancestor":["2-2"],"verb":"되","cwStateCd":"FIXED","cwSelIdx":6},{"word_id":29,"ancestor":["2-2"],"verb":"되","cwStateCd":"FIXED","cwSelIdx":6}],"text":"[독소_전쟁] 당시 [1941년_6월_30일] <발트_작전>까지 북서부 전선군의 지휘관이었으나, [1941년_8월_초](소장 [P._P._사베니코프]로 교체) 해임되었고 [스타브카]에 [1942년_3월]까지 [소련_제21군]을 지휘하고, 이후 [1941년_7-8월]에 중앙 전선군의 임시 지휘관이자 제28군 참모총장이 되었으며 서부 전선군의 지휘관이자 제61군의 사령관이 되었다."}],"globalSId":[2965451,2965452,2965453,2965454,2965455],"entities":[{"st":8,"eIdx":0,"ancestor":"","en":14,"ne_type":"","keyword":"[벨라루스]","e_type":"WIKILINK"},{"st":15,"eIdx":1,"ancestor":"","en":23,"ne_type":"","keyword":"[마힐료우_주]","e_type":"WIKILINK"},{"st":34,"eIdx":2,"ancestor":"-2","en":40,"cwStateCd":"FIXED","ne_type":"PERSON","cwSelIdx":[],"type":"ENTITY","keyword":"[쿠즈네초프]","e_type":"NEW"},{"st":43,"eIdx":3,"ancestor":"","en":54,"ne_type":"","keyword":"[제1차_세계_대전]","e_type":"WIKILINK"},{"st":58,"eIdx":4,"ancestor":"","en":69,"ne_type":"","keyword":"[러시아_제국_육군]","e_type":"WIKILINK"},{"st":80,"eIdx":5,"ancestor":"-2","en":85,"cwStateCd":"FIXED","ne_type":"ORGANIZATION","cwSelIdx":[],"type":"ENTITY","keyword":"[볼셰베키]","e_type":"NEW"},{"st":88,"eIdx":6,"ancestor":"","en":101,"ne_type":"","keyword":"[소비에트_연방의_군사]","e_type":"WIKILINK"},{"st":109,"eIdx":7,"ancestor":"-2","en":115,"cwStateCd":"FIXED","ne_type":"ETC","cwSelIdx":[],"type":"ENTITY","keyword":"[독소_전쟁]","e_type":"NEW"},{"st":120,"eIdx":8,"ancestor":"-2","en":133,"cwStateCd":"FIXED","ne_type":"TIME","cwSelIdx":[],"type":"ENTITY","keyword":"[1941년_6월_30일]","e_type":"NEW"},{"st":135,"eIdx":9,"ancestor":"","en":142,"ne_type":"","keyword":"<발트_작전>","e_type":"ELU"},{"st":163,"eIdx":10,"ancestor":"-2","en":174,"cwStateCd":"FIXED","ne_type":"TIME","cwSelIdx":[],"type":"ENTITY","keyword":"[1941년_8월_초]","e_type":"NEW"},{"st":179,"eIdx":11,"ancestor":"-2","en":191,"cwStateCd":"FIXED","ne_type":"PERSON","cwSelIdx":[],"type":"ENTITY","keyword":"[P._P._사베니코프]","e_type":"NEW"},{"st":204,"eIdx":12,"ancestor":"-2","en":209,"cwStateCd":"FIXED","ne_type":"ORGANIZATION","cwSelIdx":[],"type":"ENTITY","keyword":"[스타브카]","e_type":"NEW"},{"st":212,"eIdx":13,"ancestor":"-2","en":221,"cwStateCd":"FIXED","ne_type":"TIME","cwSelIdx":[],"type":"ENTITY","keyword":"[1942년_3월]","e_type":"NEW"},{"st":225,"eIdx":14,"ancestor":"-2","en":233,"cwStateCd":"FIXED","ne_type":"ORGANIZATION","cwSelIdx":[],"type":"ENTITY","keyword":"[소련_제21군]","e_type":"NEW"},{"st":245,"eIdx":15,"ancestor":"-2","en":256,"cwStateCd":"FIXED","ne_type":"TIME","cwSelIdx":[],"type":"ENTITY","keyword":"[1941년_7-8월]","e_type":"NEW"}],"wikiPageId":888721,"pIdx":2,"text":"일생. 현재의 [벨라루스] [마힐료우_주]의 농민으로 태어난 [쿠즈네초프]는 [제1차_세계_대전] 당시 [러시아_제국_육군]으로 복무하다 후에 [볼셰베키]의 [소비에트_연방의_군사]에 복무한다. [독소_전쟁] 당시 [1941년_6월_30일] <발트_작전>까지 북서부 전선군의 지휘관이었으나, [1941년_8월_초](소장 [P._P._사베니코프]로 교체) 해임되었고 [스타브카]에 [1942년_3월]까지 [소련_제21군]을 지휘하고, 이후 [1941년_7-8월]에 중앙 전선군의 임시 지휘관이자 제28군 참모총장이 되었으며 서부 전선군의 지휘관이자 제61군의 사령관이 되었다."}