{"result":[{"verbs":[{"word_id":6,"ancestor":["1-0"],"verb":"있","cwStateCd":"FIXED","cwSelIdx":0}],"text":"<신경주역>(新慶州驛)은 [대한민국] [경상북도] [경주시] [건천읍] [화천리]에 있는 [경부고속철도]의 [철도역]이다."},{"verbs":[{"word_id":5,"ancestor":["1-10"],"verb":"완공","cwStateCd":"FIXED","cwSelIdx":11},{"word_id":7,"ancestor":["1-0"],"verb":"개시","cwStateCd":"FIXED","cwSelIdx":0},{"word_id":10,"ancestor":["1-11"],"verb":"정차","cwStateCd":"FIXED","cwSelIdx":17}],"text":"[2010년] [11월_1일] [경부고속철도] 2단계 구간이 완공되면서 영업을 개시하였으며, [한국고속철도] 열차가 정차하게 되었다."}],"globalSId":[1295126,1295127],"entities":[{"st":0,"eIdx":0,"ancestor":"","en":6,"ne_type":"","keyword":"<신경주역>","e_type":"ELU"},{"st":14,"eIdx":1,"ancestor":"","en":20,"ne_type":"","keyword":"[대한민국]","e_type":"WIKILINK"},{"st":21,"eIdx":2,"ancestor":"","en":27,"ne_type":"","keyword":"[경상북도]","e_type":"WIKILINK"},{"st":28,"eIdx":3,"ancestor":"","en":33,"ne_type":"","keyword":"[경주시]","e_type":"WIKILINK"},{"st":34,"eIdx":4,"ancestor":"","en":39,"ne_type":"","keyword":"[건천읍]","e_type":"WIKILINK"},{"st":40,"eIdx":5,"ancestor":"-2","en":44,"cwStateCd":"FIXED","ne_type":"LOCATION","cwSelIdx":[],"type":"ENTITY","keyword":"[화천리]","e_type":"NEW"},{"st":50,"eIdx":6,"ancestor":"","en":58,"ne_type":"","keyword":"[경부고속철도]","e_type":"WIKILINK"},{"st":60,"eIdx":7,"ancestor":"","en":65,"ne_type":"","keyword":"[철도역]","e_type":"WIKILINK"},{"st":69,"eIdx":8,"ancestor":"","en":76,"ne_type":"","keyword":"[2010년]","e_type":"WIKILINK"},{"st":77,"eIdx":9,"ancestor":"","en":85,"ne_type":"","keyword":"[11월_1일]","e_type":"WIKILINK"},{"st":86,"eIdx":10,"ancestor":"","en":94,"ne_type":"","keyword":"[경부고속철도]","e_type":"WIKILINK"},{"st":121,"eIdx":11,"ancestor":"","en":129,"ne_type":"","keyword":"[한국고속철도]","e_type":"WIKILINK"}],"wikiPageId":215904,"pIdx":1,"text":"<신경주역>(新慶州驛)은 [대한민국] [경상북도] [경주시] [건천읍] [화천리]에 있는 [경부고속철도]의 [철도역]이다. [2010년] [11월_1일] [경부고속철도] 2단계 구간이 완공되면서 영업을 개시하였으며, [한국고속철도] 열차가 정차하게 되었다."}