{"result":[{"verbs":[{"word_id":10,"ancestor":["1-0"],"verb":"활약","cwStateCd":"FIXED","cwSelIdx":0}],"text":"<존_웹스터>(John Webster, [1580년]? - [1634년]?)는 [영국] [엘리자베스_시대]의 극작가로 [윌리엄_셰익스피어]와 동시대에 활약했다."}],"globalSId":[2172550],"entities":[{"st":0,"eIdx":0,"ancestor":"","en":7,"ne_type":"","keyword":"<존_웹스터>","e_type":"ELU"},{"st":22,"eIdx":1,"ancestor":"-2","en":28,"cwStateCd":"FIXED","ne_type":"TIME","cwSelIdx":[],"type":"ENTITY","keyword":"[1580년]","e_type":"NEW"},{"st":33,"eIdx":2,"ancestor":"-2","en":39,"cwStateCd":"FIXED","ne_type":"TIME","cwSelIdx":[],"type":"ENTITY","keyword":"[1634년]","e_type":"NEW"},{"st":44,"eIdx":3,"ancestor":"","en":48,"ne_type":"","keyword":"[영국]","e_type":"WIKILINK"},{"st":49,"eIdx":4,"ancestor":"","en":59,"ne_type":"","keyword":"[엘리자베스_시대]","e_type":"WIKILINK"},{"st":66,"eIdx":5,"ancestor":"","en":77,"ne_type":"","keyword":"[윌리엄_셰익스피어]","e_type":"WIKILINK"}],"wikiPageId":497158,"pIdx":1,"text":"<존_웹스터>(John Webster, [1580년]? - [1634년]?)는 [영국] [엘리자베스_시대]의 극작가로 [윌리엄_셰익스피어]와 동시대에 활약했다."}