{"result":[{"verbs":[{"word_id":3,"ancestor":["1-0"],"verb":"구성","cwStateCd":"FIXED","cwSelIdx":0}],"text":"[차냐랄_현]()은 [칠레] [아타카마_주]를 구성하는 3개의 현 가운데 하나로 현도는 [차냐랄]이며 면적은 24,436.2㎢, 인구는 28,874명([2012년] 기준), 인구 밀도는 1.2명\/㎢이다."},{"verbs":[],"text":"."}],"globalSId":[3528821],"entities":[{"st":0,"eIdx":0,"ancestor":"-2","en":6,"cwStateCd":"FIXED","ne_type":"LOCATION","cwSelIdx":[],"type":"ENTITY","keyword":"[차냐랄_현]","e_type":"NEW"},{"st":11,"eIdx":1,"ancestor":"","en":15,"ne_type":"","keyword":"[칠레]","e_type":"WIKILINK"},{"st":16,"eIdx":2,"ancestor":"","en":24,"ne_type":"","keyword":"[아타카마_주]","e_type":"WIKILINK"},{"st":49,"eIdx":3,"ancestor":"","en":54,"ne_type":"","keyword":"[차냐랄]","e_type":"WIKILINK"},{"st":84,"eIdx":4,"ancestor":"-2","en":82,"cwStateCd":"FIXED","ne_type":"TIME","cwSelIdx":[],"type":"ENTITY","keyword":"[2012년]","e_type":"NEW"}],"wikiPageId":1281227,"pIdx":1,"text":"[차냐랄_현]()은 [칠레] [아타카마_주]를 구성하는 3개의 현 가운데 하나로 현도는 [차냐랄]이며 면적은 24,436.2㎢, 인구는 28,874명([2012년] 기준), 인구 밀도는 1.2명\/㎢이다.."}