{"result":[{"verbs":[],"text":"수상 실적."},{"verbs":[{"word_id":5,"ancestor":["18-0"],"verb":"선출","cwStateCd":"FIXED","cwSelIdx":2}],"text":"[애로]는 [1959년] [미국_예술_과학_아카데미]의 선임 연구원으로 선출되었다."},{"verbs":[],"text":"그는 [1972년] [존_힉스]와 함께 [노벨_경제학상]을 수상하였다."},{"verbs":[{"word_id":3,"ancestor":"-2","verb":"불완전","cwStateCd":"FIXED","cwSelIdx":[]},{"word_id":5,"ancestor":"-2","verb":"관","cwStateCd":"FIXED","cwSelIdx":[]},{"word_id":10,"ancestor":"-2","verb":"높","cwStateCd":"FIXED","cwSelIdx":[]}],"text":"또한 그는 리스크와 불완전한 정보에 관한 연구로 [2004년]에 [미국]에서 가장 높은 과학상인 [국가과학상]을 수상하였다."}],"globalSId":[3607060,3607061,3607062,3607063],"entities":[{"st":7,"eIdx":0,"ancestor":"-2","en":10,"cwStateCd":"FIXED","ne_type":"PERSON","cwSelIdx":[],"type":"ENTITY","keyword":"[애로]","e_type":"NEW"},{"st":13,"eIdx":1,"ancestor":"-2","en":19,"cwStateCd":"FIXED","ne_type":"TIME","cwSelIdx":[],"type":"ENTITY","keyword":"[1959년]","e_type":"NEW"},{"st":21,"eIdx":2,"ancestor":"","en":36,"ne_type":"","keyword":"[미국_예술_과학_아카데미]","e_type":"WIKILINK"},{"st":57,"eIdx":3,"ancestor":"-2","en":63,"cwStateCd":"FIXED","ne_type":"TIME","cwSelIdx":[],"type":"ENTITY","keyword":"[1972년]","e_type":"NEW"},{"st":65,"eIdx":4,"ancestor":"","en":71,"ne_type":"","keyword":"[존_힉스]","e_type":"WIKILINK"},{"st":76,"eIdx":5,"ancestor":"","en":85,"ne_type":"","keyword":"[노벨_경제학상]","e_type":"WIKILINK"},{"st":121,"eIdx":6,"ancestor":"-2","en":127,"cwStateCd":"FIXED","ne_type":"TIME","cwSelIdx":[],"type":"ENTITY","keyword":"[2004년]","e_type":"NEW"},{"st":130,"eIdx":7,"ancestor":"-2","en":133,"cwStateCd":"FIXED","ne_type":"LOCATION","cwSelIdx":[],"type":"ENTITY","keyword":"[미국]","e_type":"NEW"},{"st":148,"eIdx":8,"ancestor":"","en":155,"ne_type":"","keyword":"[국가과학상]","e_type":"WIKILINK"}],"wikiPageId":1337764,"pIdx":18,"text":"수상 실적. [애로]는 [1959년] [미국_예술_과학_아카데미]의 선임 연구원으로 선출되었다. 그는 [1972년] [존_힉스]와 함께 [노벨_경제학상]을 수상하였다. 또한 그는 리스크와 불완전한 정보에 관한 연구로 [2004년]에 [미국]에서 가장 높은 과학상인 [국가과학상]을 수상하였다."}