{"result":[{"verbs":[{"word_id":5,"ancestor":["1-0"],"verb":"위치","cwStateCd":"FIXED","cwSelIdx":0}],"text":"[니쓰루_역]()은 [일본] [후쿠시마_현] [오누마_군] [아이즈미사토_정]에 위치한 [동일본_여객철도] [다다미_선]의 [철도역]이다."},{"verbs":[{"word_id":4,"ancestor":["1-0"],"verb":"갖추","cwStateCd":"FIXED","cwSelIdx":0}],"text":"[단선_승강장] 1면 1선의 구조를 갖춘 지상역이다."}],"globalSId":[3838729,3838730],"entities":[{"st":0,"eIdx":0,"ancestor":"-2","en":6,"cwStateCd":"FIXED","ne_type":"LOCATION","cwSelIdx":[],"type":"ENTITY","keyword":"[니쓰루_역]","e_type":"NEW"},{"st":11,"eIdx":1,"ancestor":"","en":15,"ne_type":"","keyword":"[일본]","e_type":"WIKILINK"},{"st":16,"eIdx":2,"ancestor":"","en":24,"ne_type":"","keyword":"[후쿠시마_현]","e_type":"WIKILINK"},{"st":25,"eIdx":3,"ancestor":"","en":32,"ne_type":"","keyword":"[오누마_군]","e_type":"WIKILINK"},{"st":33,"eIdx":4,"ancestor":"","en":43,"ne_type":"","keyword":"[아이즈미사토_정]","e_type":"WIKILINK"},{"st":49,"eIdx":5,"ancestor":"","en":59,"ne_type":"","keyword":"[동일본_여객철도]","e_type":"WIKILINK"},{"st":60,"eIdx":6,"ancestor":"","en":67,"ne_type":"","keyword":"[다다미_선]","e_type":"WIKILINK"},{"st":69,"eIdx":7,"ancestor":"","en":74,"ne_type":"","keyword":"[철도역]","e_type":"WIKILINK"},{"st":78,"eIdx":8,"ancestor":"","en":86,"ne_type":"","keyword":"[단선_승강장]","e_type":"WIKILINK"}],"wikiPageId":1618789,"pIdx":1,"text":"[니쓰루_역]()은 [일본] [후쿠시마_현] [오누마_군] [아이즈미사토_정]에 위치한 [동일본_여객철도] [다다미_선]의 [철도역]이다. [단선_승강장] 1면 1선의 구조를 갖춘 지상역이다."}