{"result":[{"verbs":[],"text":"영화."},{"verbs":[{"word_id":3,"ancestor":"-2","verb":"그리","cwStateCd":"FIXED","cwSelIdx":[]},{"word_id":10,"ancestor":"-2","verb":"영화","cwStateCd":"FIXED","cwSelIdx":[]}],"text":"<제인_오스틴>의 작품은 우정을 그린 그녀의 작품의 특성 상 여러 번 영화화되었다."},{"verbs":[{"word_id":4,"ancestor":"-2","verb":"제작","cwStateCd":"FIXED","cwSelIdx":[]}],"text":"[2005년]까지 총 6편의 영화가 제작되었다."},{"verbs":[{"word_id":9,"ancestor":["20-4"],"verb":"있","cwStateCd":"FIXED","cwSelIdx":25}],"text":"그 중 대표적인 작품으로는 [조_라이트]감독, [키이라_나이틀리] 주연의 영화 [오만과_편견_(2005년_영화)]이 있다."}],"globalSId":[553039,553040,553041,553042],"entities":[{"st":4,"eIdx":0,"ancestor":"","en":12,"ne_type":"","keyword":"<제인_오스틴>","e_type":"ELU"},{"st":51,"eIdx":1,"ancestor":"-2","en":57,"cwStateCd":"FIXED","ne_type":"TIME","cwSelIdx":[],"type":"ENTITY","keyword":"[2005년]","e_type":"NEW"},{"st":93,"eIdx":2,"ancestor":"-2","en":99,"cwStateCd":"FIXED","ne_type":"PERSON","cwSelIdx":[],"type":"ENTITY","keyword":"[조_라이트]","e_type":"NEW"},{"st":104,"eIdx":3,"ancestor":"","en":114,"ne_type":"","keyword":"[키이라_나이틀리]","e_type":"WIKILINK"},{"st":122,"eIdx":4,"ancestor":"","en":141,"ne_type":"","keyword":"[오만과_편견_(2005년_영화)]","e_type":"WIKILINK"}],"wikiPageId":67218,"pIdx":20,"text":"영화. <제인_오스틴>의 작품은 우정을 그린 그녀의 작품의 특성 상 여러 번 영화화되었다. [2005년]까지 총 6편의 영화가 제작되었다. 그 중 대표적인 작품으로는 [조_라이트]감독, [키이라_나이틀리] 주연의 영화 [오만과_편견_(2005년_영화)]이 있다."}