{"result":[{"verbs":[],"text":"<무한걸스>."},{"verbs":[{"word_id":2,"ancestor":["36-1"],"verb":"방송","cwStateCd":"FIXED","cwSelIdx":1},{"word_id":6,"ancestor":"-2","verb":"유사","cwStateCd":"FIXED","cwSelIdx":[]}],"text":"〈[무한걸스]〉는 [MBC_에브리원]에서 방송되었던 오락 프로그램으로, <무한도전>의 유사한 포맷을 가진 리얼 버라이어티 프로그램이다."},{"verbs":[{"word_id":8,"ancestor":["36-5"],"verb":"구성","cwStateCd":"FIXED","cwSelIdx":18},{"word_id":14,"ancestor":["36-4"],"verb":"구성","cwStateCd":"FIXED","cwSelIdx":13}],"text":"<무한걸스>라는 이름에서 알 수 있듯이 <무한도전>이 6명의 남자들로 구성된 것과는 달리 6명의 여자들로 출연진이 구성되어 있다."},{"verbs":[{"word_id":4,"ancestor":["36-1"],"verb":"편성","cwStateCd":"FIXED","cwSelIdx":1},{"word_id":8,"ancestor":["36-1"],"verb":"좋","cwStateCd":"FIXED","cwSelIdx":1},{"word_id":14,"ancestor":["36-1"],"verb":"편성","cwStateCd":"FIXED","cwSelIdx":1},{"word_id":15,"ancestor":["36-1"],"verb":"방송","cwStateCd":"FIXED","cwSelIdx":1}],"text":"원래 [MBC_드라마넷]에서 추석 특집으로 편성되었으나, 그 뒤 반응이 좋아 [MBC_에브리원]의 개국과 함께 정규 프로그램으로 편성하여 방송되었다."}],"globalSId":[752436,752437,752438,752439],"entities":[{"st":0,"eIdx":0,"ancestor":"","en":6,"ne_type":"","keyword":"<무한걸스>","e_type":"ELU"},{"st":9,"eIdx":1,"ancestor":"","en":15,"ne_type":"","keyword":"[무한걸스]","e_type":"WIKILINK"},{"st":18,"eIdx":2,"ancestor":"","en":28,"ne_type":"","keyword":"[MBC_에브리원]","e_type":"WIKILINK"},{"st":48,"eIdx":3,"ancestor":"","en":54,"ne_type":"","keyword":"<무한도전>","e_type":"ELU"},{"st":84,"eIdx":4,"ancestor":"","en":90,"ne_type":"","keyword":"<무한걸스>","e_type":"ELU"},{"st":106,"eIdx":5,"ancestor":"","en":112,"ne_type":"","keyword":"<무한도전>","e_type":"ELU"},{"st":160,"eIdx":6,"ancestor":"","en":170,"ne_type":"","keyword":"[MBC_드라마넷]","e_type":"WIKILINK"},{"st":200,"eIdx":7,"ancestor":"","en":210,"ne_type":"","keyword":"[MBC_에브리원]","e_type":"WIKILINK"}],"wikiPageId":98864,"pIdx":36,"text":"<무한걸스>. 〈[무한걸스]〉는 [MBC_에브리원]에서 방송되었던 오락 프로그램으로, <무한도전>의 유사한 포맷을 가진 리얼 버라이어티 프로그램이다. <무한걸스>라는 이름에서 알 수 있듯이 <무한도전>이 6명의 남자들로 구성된 것과는 달리 6명의 여자들로 출연진이 구성되어 있다. 원래 [MBC_드라마넷]에서 추석 특집으로 편성되었으나, 그 뒤 반응이 좋아 [MBC_에브리원]의 개국과 함께 정규 프로그램으로 편성하여 방송되었다."}