{"result":[{"verbs":[],"text":"[토마토]()는 [가지목] [가지과]의 [식물], 또는 그 [열매]를 말한다."},{"verbs":[{"word_id":9,"ancestor":["1-7"],"verb":"피","cwStateCd":"FIXED","cwSelIdx":16}],"text":"[라틴아메리카]가 원산지인 한해살이풀로, 키는 1 ~ 3m에 [노란색] [꽃]이 핀다."},{"verbs":[{"word_id":2,"ancestor":"-2","verb":"의하","cwStateCd":"FIXED","cwSelIdx":[]},{"word_id":4,"ancestor":"-2","verb":"띠","cwStateCd":"FIXED","cwSelIdx":[]},{"word_id":7,"ancestor":"-2","verb":"이용","cwStateCd":"FIXED","cwSelIdx":[]}],"text":"열매는 [리코펜]에 의해 붉은색을 띠며 식용 목적으로 이용된다."}],"globalSId":[304169,304170,304171],"entities":[{"st":0,"eIdx":0,"ancestor":"-2","en":4,"cwStateCd":"FIXED","ne_type":"ETC","cwSelIdx":[],"type":"ENTITY","keyword":"[토마토]","e_type":"NEW"},{"st":9,"eIdx":1,"ancestor":"","en":14,"ne_type":"","keyword":"[가지목]","e_type":"WIKILINK"},{"st":15,"eIdx":2,"ancestor":"","en":20,"ne_type":"","keyword":"[가지과]","e_type":"WIKILINK"},{"st":22,"eIdx":3,"ancestor":"","en":26,"ne_type":"","keyword":"[식물]","e_type":"WIKILINK"},{"st":33,"eIdx":4,"ancestor":"","en":37,"ne_type":"","keyword":"[열매]","e_type":"WIKILINK"},{"st":44,"eIdx":5,"ancestor":"","en":52,"ne_type":"","keyword":"[라틴아메리카]","e_type":"WIKILINK"},{"st":78,"eIdx":6,"ancestor":"","en":83,"ne_type":"","keyword":"[노란색]","e_type":"WIKILINK"},{"st":84,"eIdx":7,"ancestor":"","en":87,"ne_type":"","keyword":"[꽃]","e_type":"WIKILINK"},{"st":97,"eIdx":8,"ancestor":"","en":102,"ne_type":"","keyword":"[리코펜]","e_type":"WIKILINK"}],"wikiPageId":31599,"pIdx":1,"text":"[토마토]()는 [가지목] [가지과]의 [식물], 또는 그 [열매]를 말한다. [라틴아메리카]가 원산지인 한해살이풀로, 키는 1 ~ 3m에 [노란색] [꽃]이 핀다. 열매는 [리코펜]에 의해 붉은색을 띠며 식용 목적으로 이용된다."}