{"result":[{"verbs":[{"word_id":16,"ancestor":["83-2"],"verb":"주","cwStateCd":"FIXED","cwSelIdx":7},{"word_id":23,"ancestor":"-1","verb":"있","cwStateCd":"FIXED","cwSelIdx":[]}],"text":"<김영삼>과 <이철승>이 당내 대통령 후보자 경선에 나오자 [김상현_(정치인)] 등은 <유진산>이 지지하는 사람(김영삼을 가리킴)에게 당수직을 주었으니 대권은 줄 수 없다며 반발하였고 경선 초기에 잡음이 있었다."},{"verbs":[{"word_id":4,"ancestor":["83-0","83-1"],"verb":"대신","cwStateCd":"FIXED","cwSelIdx":[0,1]},{"word_id":10,"ancestor":["83-0","83-1"],"verb":"나서","cwStateCd":"FIXED","cwSelIdx":[0,1]},{"word_id":14,"ancestor":["83-0","83-1"],"verb":"패","cwStateCd":"FIXED","cwSelIdx":[0,1]}],"text":"[71년] [1월] 당수인 [유진산]을 대신하여 다시 [신민당_(1967년)] 대통령 후보 경선에 나섰으나, 결선 투표에서 [김대중]에게 패하였다."},{"verbs":[{"word_id":3,"ancestor":["83-1"],"verb":"양보","cwStateCd":"FIXED","cwSelIdx":1},{"word_id":5,"ancestor":["83-3"],"verb":"받","cwStateCd":"FIXED","cwSelIdx":9},{"word_id":8,"ancestor":["83-3"],"verb":"물러나","cwStateCd":"FIXED","cwSelIdx":9}],"text":"당수 [유진산]으로부터 [김영삼]에게 양보하라는 권고를 받고 일단 대선후보자에서 물러났다."}],"globalSId":[396901,396902,396903],"entities":[{"st":0,"eIdx":0,"ancestor":"","en":5,"ne_type":"","keyword":"<김영삼>","e_type":"ELU"},{"st":7,"eIdx":1,"ancestor":"","en":12,"ne_type":"","keyword":"<이철승>","e_type":"ELU"},{"st":33,"eIdx":2,"ancestor":"","en":44,"ne_type":"","keyword":"[김상현_(정치인)]","e_type":"WIKILINK"},{"st":48,"eIdx":3,"ancestor":"","en":53,"ne_type":"","keyword":"<유진산>","e_type":"ELU"},{"st":119,"eIdx":4,"ancestor":"82-0","en":123,"cwStateCd":"FIXED","ne_type":"TIME","cwSelIdx":4,"type":"ENTITY","keyword":"[71년]","e_type":"NEW"},{"st":125,"eIdx":5,"ancestor":"","en":129,"ne_type":"","keyword":"[1월]","e_type":"WIKILINK"},{"st":134,"eIdx":6,"ancestor":"","en":139,"ne_type":"","keyword":"[유진산]","e_type":"WIKILINK"},{"st":149,"eIdx":7,"ancestor":"","en":162,"ne_type":"","keyword":"[신민당_(1967년)]","e_type":"WIKILINK"},{"st":188,"eIdx":8,"ancestor":"","en":193,"ne_type":"","keyword":"[김대중]","e_type":"WIKILINK"},{"st":205,"eIdx":9,"ancestor":"","en":210,"ne_type":"","keyword":"[유진산]","e_type":"WIKILINK"},{"st":215,"eIdx":10,"ancestor":"","en":220,"ne_type":"","keyword":"[김영삼]","e_type":"WIKILINK"}],"wikiPageId":41947,"pIdx":83,"text":"<김영삼>과 <이철승>이 당내 대통령 후보자 경선에 나오자 [김상현_(정치인)] 등은 <유진산>이 지지하는 사람(김영삼을 가리킴)에게 당수직을 주었으니 대권은 줄 수 없다며 반발하였고 경선 초기에 잡음이 있었다. [71년] [1월] 당수인 [유진산]을 대신하여 다시 [신민당_(1967년)] 대통령 후보 경선에 나섰으나, 결선 투표에서 [김대중]에게 패하였다. 당수 [유진산]으로부터 [김영삼]에게 양보하라는 권고를 받고 일단 대선후보자에서 물러났다."}