{"result":[{"verbs":[],"text":"<에픽하이>는 [2010년_3월_20일]에 [유튜브]가 개최한 《유튜브 뮤직데이》에 [헤드라이너]로 참여하였다."},{"verbs":[],"text":"[4월_11일]에는 [리바이스]가 주최하는 []에 [윤미래] 등과 참여하였다."},{"verbs":[{"word_id":0,"ancestor":"-2","verb":"잇","cwStateCd":"FIXED","cwSelIdx":[]},{"word_id":3,"ancestor":["53-0"],"verb":"출연","cwStateCd":"FIXED","cwSelIdx":0},{"word_id":9,"ancestor":["53-0"],"verb":"참여","cwStateCd":"FIXED","cwSelIdx":0}],"text":"이어 공중파 방송에 출연하며 [4월_17일]에 [힙합플레이야] 10주년 쇼에 [헤드라이너]로 참여하였다."},{"verbs":[{"word_id":1,"ancestor":"-2","verb":"제외","cwStateCd":"FIXED","cwSelIdx":[]},{"word_id":6,"ancestor":"-2","verb":"인","cwStateCd":"FIXED","cwSelIdx":[]}],"text":"[미쓰라_진]을 제외하고 [타블로]는 아내 [강혜정]의 출산으로 인해 [5월] 초까지 휴식을 가졌다."},{"verbs":[{"word_id":9,"ancestor":"-2","verb":"녹화","cwStateCd":"FIXED","cwSelIdx":[]},{"word_id":14,"ancestor":["53-0"],"verb":"출연","cwStateCd":"FIXED","cwSelIdx":0},{"word_id":19,"ancestor":["53-0"],"verb":"참여","cwStateCd":"FIXED","cwSelIdx":0}],"text":"5월 2일, <타블로>가 득녀를 하고 복귀한 후 활동은 기존에 녹화한 음악 프로그램과 예능 프로그램에 출연하였으며 주로 [라디오] 프로그램 게스트로 참여하였다."},{"verbs":[{"word_id":4,"ancestor":"-2","verb":"통하","cwStateCd":"FIXED","cwSelIdx":[]},{"word_id":8,"ancestor":["53-18"],"verb":"알리","cwStateCd":"FIXED","cwSelIdx":58}],"text":"이후 [5월_26일], <타블로>는 <트위터>를 통해 \"[Epilogue]\" 활동 마감을 알렸다."}],"globalSId":[564469,564470,564471,564472,564473,564474],"entities":[{"st":0,"eIdx":0,"ancestor":"","en":6,"ne_type":"","keyword":"<에픽하이>","e_type":"ELU"},{"st":8,"eIdx":1,"ancestor":"-2","en":21,"cwStateCd":"FIXED","ne_type":"TIME","cwSelIdx":[],"type":"ENTITY","keyword":"[2010년_3월_20일]","e_type":"NEW"},{"st":24,"eIdx":2,"ancestor":"","en":29,"ne_type":"","keyword":"[유튜브]","e_type":"WIKILINK"},{"st":47,"eIdx":3,"ancestor":"-2","en":53,"cwStateCd":"FIXED","ne_type":"ETC","cwSelIdx":[],"type":"ENTITY","keyword":"[헤드라이너]","e_type":"NEW"},{"st":63,"eIdx":4,"ancestor":"-2","en":70,"cwStateCd":"FIXED","ne_type":"TIME","cwSelIdx":[],"type":"ENTITY","keyword":"[4월_11일]","e_type":"NEW"},{"st":74,"eIdx":5,"ancestor":"","en":80,"ne_type":"","keyword":"[리바이스]","e_type":"WIKILINK"},{"st":87,"eIdx":6,"ancestor":"-1","en":88,"cwStateCd":"FIXED","ne_type":"ETC","cwSelIdx":[],"type":"ENTITY","keyword":"[]","e_type":"NEW"},{"st":91,"eIdx":7,"ancestor":"","en":96,"ne_type":"","keyword":"[윤미래]","e_type":"WIKILINK"},{"st":123,"eIdx":8,"ancestor":"-2","en":130,"cwStateCd":"FIXED","ne_type":"TIME","cwSelIdx":[],"type":"ENTITY","keyword":"[4월_17일]","e_type":"NEW"},{"st":133,"eIdx":9,"ancestor":"","en":141,"ne_type":"","keyword":"[힙합플레이야]","e_type":"WIKILINK"},{"st":150,"eIdx":10,"ancestor":"53-3","en":156,"cwStateCd":"FIXED","ne_type":"ETC","cwSelIdx":6,"type":"ENTITY","keyword":"[헤드라이너]","e_type":"NEW"},{"st":166,"eIdx":11,"ancestor":"","en":173,"ne_type":"","keyword":"[미쓰라_진]","e_type":"WIKILINK"},{"st":180,"eIdx":12,"ancestor":"","en":185,"ne_type":"","keyword":"[타블로]","e_type":"WIKILINK"},{"st":190,"eIdx":13,"ancestor":"","en":195,"ne_type":"","keyword":"[강혜정]","e_type":"WIKILINK"},{"st":205,"eIdx":14,"ancestor":"-2","en":208,"cwStateCd":"FIXED","ne_type":"TIME","cwSelIdx":[],"type":"ENTITY","keyword":"[5월]","e_type":"NEW"},{"st":230,"eIdx":15,"ancestor":"","en":235,"ne_type":"","keyword":"<타블로>","e_type":"ELU"},{"st":290,"eIdx":16,"ancestor":"-2","en":294,"cwStateCd":"FIXED","ne_type":"ETC","cwSelIdx":[],"type":"ENTITY","keyword":"[라디오]","e_type":"NEW"},{"st":316,"eIdx":17,"ancestor":"-2","en":323,"cwStateCd":"FIXED","ne_type":"TIME","cwSelIdx":[],"type":"ENTITY","keyword":"[5월_26일]","e_type":"NEW"},{"st":326,"eIdx":18,"ancestor":"","en":331,"ne_type":"","keyword":"<타블로>","e_type":"ELU"},{"st":333,"eIdx":19,"ancestor":"","en":338,"ne_type":"","keyword":"<트위터>","e_type":"ELU"},{"st":344,"eIdx":20,"ancestor":"-2","en":352,"cwStateCd":"FIXED","ne_type":"ETC","cwSelIdx":[],"type":"ENTITY","keyword":"[Epilogue]","e_type":"NEW"}],"wikiPageId":68556,"pIdx":53,"text":"<에픽하이>는 [2010년_3월_20일]에 [유튜브]가 개최한 《유튜브 뮤직데이》에 [헤드라이너]로 참여하였다. [4월_11일]에는 [리바이스]가 주최하는 []에 [윤미래] 등과 참여하였다. 이어 공중파 방송에 출연하며 [4월_17일]에 [힙합플레이야] 10주년 쇼에 [헤드라이너]로 참여하였다. [미쓰라_진]을 제외하고 [타블로]는 아내 [강혜정]의 출산으로 인해 [5월] 초까지 휴식을 가졌다. 5월 2일, <타블로>가 득녀를 하고 복귀한 후 활동은 기존에 녹화한 음악 프로그램과 예능 프로그램에 출연하였으며 주로 [라디오] 프로그램 게스트로 참여하였다. 이후 [5월_26일], <타블로>는 <트위터>를 통해 \"[Epilogue]\" 활동 마감을 알렸다."}