{"result":[{"verbs":[],"text":"[진먼_포격전]."},{"verbs":[{"word_id":6,"ancestor":"-1","verb":"이르","cwStateCd":"FIXED","cwSelIdx":[]},{"word_id":10,"ancestor":["5-4"],"verb":"쏟아부","cwStateCd":"FIXED","cwSelIdx":4},{"word_id":12,"ancestor":["5-4"],"verb":"패","cwStateCd":"FIXED","cwSelIdx":4}],"text":"[1958년] [8월_23일]부터 [10월_5일]까지 [중국인민해방군]이 무려 47만발에 이르는 포탄을 이 섬에 쏟아부었으나, [중화민국_국군]에 패하였다."},{"verbs":[{"word_id":4,"ancestor":"-1","verb":"대","cwStateCd":"FIXED","cwSelIdx":[]},{"word_id":8,"ancestor":"-1","verb":"가","cwStateCd":"FIXED","cwSelIdx":[]},{"word_id":9,"ancestor":"-1","verb":"계속","cwStateCd":"FIXED","cwSelIdx":[]}],"text":"이 후에도 <홍군>의 <진먼_현>에 대한 포격은 [1978년]까지 [20년] 간 계속되었다."},{"verbs":[],"text":"<진먼_현>은 [분단국가]인 [중화민국] 정부의 최전방 지역으로, [마쭈_열도]와 함께 섬 전체가 군사적으로 요새화되었다."}],"globalSId":[891672,891673,891674,891675],"entities":[{"st":0,"eIdx":0,"ancestor":"-2","en":7,"cwStateCd":"FIXED","ne_type":"ETC","cwSelIdx":[],"type":"ENTITY","keyword":"[진먼_포격전]","e_type":"NEW"},{"st":10,"eIdx":1,"ancestor":"","en":17,"ne_type":"","keyword":"[1958년]","e_type":"WIKILINK"},{"st":18,"eIdx":2,"ancestor":"","en":26,"ne_type":"","keyword":"[8월_23일]","e_type":"WIKILINK"},{"st":29,"eIdx":3,"ancestor":"","en":37,"ne_type":"","keyword":"[10월_5일]","e_type":"WIKILINK"},{"st":40,"eIdx":4,"ancestor":"","en":49,"ne_type":"","keyword":"[중국인민해방군]","e_type":"WIKILINK"},{"st":81,"eIdx":5,"ancestor":"","en":90,"ne_type":"","keyword":"[중화민국_국군]","e_type":"WIKILINK"},{"st":104,"eIdx":6,"ancestor":"","en":108,"ne_type":"","keyword":"<홍군>","e_type":"ELU"},{"st":110,"eIdx":7,"ancestor":"","en":116,"ne_type":"","keyword":"<진먼_현>","e_type":"ELU"},{"st":125,"eIdx":8,"ancestor":"","en":132,"ne_type":"","keyword":"[1978년]","e_type":"WIKILINK"},{"st":135,"eIdx":9,"ancestor":"-2","en":139,"cwStateCd":"FIXED","ne_type":"TIME","cwSelIdx":[],"type":"ENTITY","keyword":"[20년]","e_type":"NEW"},{"st":150,"eIdx":10,"ancestor":"","en":156,"ne_type":"","keyword":"<진먼_현>","e_type":"ELU"},{"st":158,"eIdx":11,"ancestor":"","en":164,"ne_type":"","keyword":"[분단국가]","e_type":"WIKILINK"},{"st":166,"eIdx":12,"ancestor":"","en":172,"ne_type":"","keyword":"[중화민국]","e_type":"WIKILINK"},{"st":187,"eIdx":13,"ancestor":"","en":194,"ne_type":"","keyword":"[마쭈_열도]","e_type":"WIKILINK"}],"wikiPageId":121755,"pIdx":5,"text":"[진먼_포격전]. [1958년] [8월_23일]부터 [10월_5일]까지 [중국인민해방군]이 무려 47만발에 이르는 포탄을 이 섬에 쏟아부었으나, [중화민국_국군]에 패하였다. 이 후에도 <홍군>의 <진먼_현>에 대한 포격은 [1978년]까지 [20년] 간 계속되었다. <진먼_현>은 [분단국가]인 [중화민국] 정부의 최전방 지역으로, [마쭈_열도]와 함께 섬 전체가 군사적으로 요새화되었다."}