{"result":[{"verbs":[{"word_id":2,"ancestor":["3-1"],"verb":"붕어","cwStateCd":"FIXED","cwSelIdx":1},{"word_id":10,"ancestor":"-2","verb":"예우","cwStateCd":"FIXED","cwSelIdx":[]},{"word_id":15,"ancestor":"-2","verb":"훙서","cwStateCd":"FIXED","cwSelIdx":[]}],"text":"[1820년] [가경제]가 붕어하고 그의 서자 [도광제](道光帝)가 즉위한 이후로는 [황실]의 원로로서 예우받았으며, [1834년] [4월_27일] 향년 73세로 훙서하였다."}],"globalSId":[3544266],"entities":[{"st":0,"eIdx":0,"ancestor":"-2","en":6,"cwStateCd":"FIXED","ne_type":"TIME","cwSelIdx":[],"type":"ENTITY","keyword":"[1820년]","e_type":"NEW"},{"st":8,"eIdx":1,"ancestor":"","en":13,"ne_type":"","keyword":"[가경제]","e_type":"WIKILINK"},{"st":26,"eIdx":2,"ancestor":"","en":31,"ne_type":"","keyword":"[도광제]","e_type":"WIKILINK"},{"st":47,"eIdx":3,"ancestor":"","en":51,"ne_type":"","keyword":"[황실]","e_type":"WIKILINK"},{"st":66,"eIdx":4,"ancestor":"","en":73,"ne_type":"","keyword":"[1834년]","e_type":"WIKILINK"},{"st":74,"eIdx":5,"ancestor":"","en":82,"ne_type":"","keyword":"[4월_27일]","e_type":"WIKILINK"}],"wikiPageId":1293134,"pIdx":3,"text":"[1820년] [가경제]가 붕어하고 그의 서자 [도광제](道光帝)가 즉위한 이후로는 [황실]의 원로로서 예우받았으며, [1834년] [4월_27일] 향년 73세로 훙서하였다."}