{"result":[{"verbs":[{"word_id":3,"ancestor":["1-0"],"verb":"존재","cwStateCd":"FIXED","cwSelIdx":0},{"word_id":9,"ancestor":["1-0"],"verb":"위치","cwStateCd":"FIXED","cwSelIdx":0}],"text":"<미즈사와_번>()은 [일본] [에도_시대]에 존재했던 [일본의_번]으로, 지금의 [이와테_현] [오슈_시] [미즈사와_구]에 위치했다."},{"verbs":[],"text":"[번주_가문]은 [센다이_번] [다테_가문]의 일족인 [미즈사와_다테_가문,] 즉 옛 [루스_씨]이다."}],"globalSId":[1105312,1105313],"entities":[{"st":0,"eIdx":0,"ancestor":"","en":8,"ne_type":"","keyword":"<미즈사와_번>","e_type":"ELU"},{"st":12,"eIdx":1,"ancestor":"","en":16,"ne_type":"","keyword":"[일본]","e_type":"WIKILINK"},{"st":17,"eIdx":2,"ancestor":"","en":24,"ne_type":"","keyword":"[에도_시대]","e_type":"WIKILINK"},{"st":31,"eIdx":3,"ancestor":"","en":38,"ne_type":"","keyword":"[일본의_번]","e_type":"WIKILINK"},{"st":46,"eIdx":4,"ancestor":"","en":53,"ne_type":"","keyword":"[이와테_현]","e_type":"WIKILINK"},{"st":54,"eIdx":5,"ancestor":"","en":60,"ne_type":"","keyword":"[오슈_시]","e_type":"WIKILINK"},{"st":61,"eIdx":6,"ancestor":"-2","en":68,"cwStateCd":"FIXED","ne_type":"LOCATION","cwSelIdx":[],"type":"ENTITY","keyword":"[미즈사와_구]","e_type":"NEW"},{"st":77,"eIdx":7,"ancestor":"-2","en":83,"cwStateCd":"FIXED","ne_type":"ORGANIZATION","cwSelIdx":[],"type":"ENTITY","keyword":"[번주_가문]","e_type":"NEW"},{"st":86,"eIdx":8,"ancestor":"","en":93,"ne_type":"","keyword":"[센다이_번]","e_type":"WIKILINK"},{"st":94,"eIdx":9,"ancestor":"","en":101,"ne_type":"","keyword":"[다테_가문]","e_type":"WIKILINK"},{"st":107,"eIdx":10,"ancestor":"1-7","en":119,"cwStateCd":"FIXED","ne_type":"ORGANIZATION","cwSelIdx":10,"type":"ENTITY","keyword":"[미즈사와_다테_가문,]","e_type":"NEW"},{"st":125,"eIdx":11,"ancestor":"","en":131,"ne_type":"","keyword":"[루스_씨]","e_type":"WIKILINK"}],"wikiPageId":165350,"pIdx":1,"text":"<미즈사와_번>()은 [일본] [에도_시대]에 존재했던 [일본의_번]으로, 지금의 [이와테_현] [오슈_시] [미즈사와_구]에 위치했다. [번주_가문]은 [센다이_번] [다테_가문]의 일족인 [미즈사와_다테_가문,] 즉 옛 [루스_씨]이다."}