{"result":[{"verbs":[{"word_id":3,"ancestor":["1-0"],"verb":"되","cwStateCd":"FIXED","cwSelIdx":0},{"word_id":6,"ancestor":["1-0"],"verb":"준비","cwStateCd":"FIXED","cwSelIdx":0},{"word_id":7,"ancestor":["1-0"],"verb":"시작","cwStateCd":"FIXED","cwSelIdx":0}],"text":"[2010년]부터 플레잉 코치가 되어 지도자 과정을 준비하기 시작하였다."},{"verbs":[{"word_id":7,"ancestor":["8-2"],"verb":"들어오","cwStateCd":"FIXED","cwSelIdx":16},{"word_id":16,"ancestor":"-2","verb":"없어지","cwStateCd":"FIXED","cwSelIdx":[]}],"text":"[차범근] 감독이 성적 부진으로 사퇴하고 팀에 새롭게 들어온 [윤성효] 감독 체제 하에서 <김대의> 선수의 자리는 점점 없어졌다."},{"verbs":[{"word_id":4,"ancestor":"-2","verb":"끝나","cwStateCd":"FIXED","cwSelIdx":[]},{"word_id":10,"ancestor":["1-0"],"verb":"마감","cwStateCd":"FIXED","cwSelIdx":0}],"text":"이 때문에 팀과의 계약이 끝나는 [2010년]을 끝으로 [수원]에서의 선수 생활을 마감했다."},{"verbs":[{"word_id":9,"ancestor":["1-0"],"verb":"잇","cwStateCd":"FIXED","cwSelIdx":0},{"word_id":10,"ancestor":["1-0"],"verb":"은퇴","cwStateCd":"FIXED","cwSelIdx":0}],"text":"그리고 [2011년]부터 [이임생] 감독이 이끄는 [싱가포르]의 [홈_유나이티드_FC]에서 선수 생활을 이어가다가 은퇴하였다."}],"globalSId":[844965,844966,844967,844968],"entities":[{"st":0,"eIdx":0,"ancestor":"","en":7,"ne_type":"","keyword":"[2010년]","e_type":"WIKILINK"},{"st":41,"eIdx":1,"ancestor":"","en":46,"ne_type":"","keyword":"[차범근]","e_type":"WIKILINK"},{"st":75,"eIdx":2,"ancestor":"","en":80,"ne_type":"","keyword":"[윤성효]","e_type":"WIKILINK"},{"st":91,"eIdx":3,"ancestor":"","en":96,"ne_type":"","keyword":"<김대의>","e_type":"ELU"},{"st":132,"eIdx":4,"ancestor":"","en":139,"ne_type":"","keyword":"[2010년]","e_type":"WIKILINK"},{"st":145,"eIdx":5,"ancestor":"-2","en":148,"cwStateCd":"FIXED","ne_type":"LOCATION","cwSelIdx":[],"type":"ENTITY","keyword":"[수원]","e_type":"NEW"},{"st":170,"eIdx":6,"ancestor":"","en":177,"ne_type":"","keyword":"[2011년]","e_type":"WIKILINK"},{"st":180,"eIdx":7,"ancestor":"","en":185,"ne_type":"","keyword":"[이임생]","e_type":"WIKILINK"},{"st":194,"eIdx":8,"ancestor":"","en":200,"ne_type":"","keyword":"[싱가포르]","e_type":"WIKILINK"},{"st":202,"eIdx":9,"ancestor":"","en":214,"ne_type":"","keyword":"[홈_유나이티드_FC]","e_type":"WIKILINK"}],"wikiPageId":115081,"pIdx":8,"text":"[2010년]부터 플레잉 코치가 되어 지도자 과정을 준비하기 시작하였다. [차범근] 감독이 성적 부진으로 사퇴하고 팀에 새롭게 들어온 [윤성효] 감독 체제 하에서 <김대의> 선수의 자리는 점점 없어졌다. 이 때문에 팀과의 계약이 끝나는 [2010년]을 끝으로 [수원]에서의 선수 생활을 마감했다. 그리고 [2011년]부터 [이임생] 감독이 이끄는 [싱가포르]의 [홈_유나이티드_FC]에서 선수 생활을 이어가다가 은퇴하였다."}