{"result":[{"verbs":[{"word_id":3,"ancestor":["1-0"],"verb":"위치","cwStateCd":"FIXED","cwSelIdx":0},{"word_id":11,"ancestor":["1-0"],"verb":"떨어지","cwStateCd":"FIXED","cwSelIdx":0},{"word_id":13,"ancestor":["1-0"],"verb":"위치","cwStateCd":"FIXED","cwSelIdx":0}],"text":"<에스나>()는 [나일_강] 서안에 위치한 [이집트] [룩소르_주]의 도시로, [룩소르]에서 남쪽으로 55km 정도 떨어진 곳에 위치한다."},{"verbs":[{"word_id":13,"ancestor":["1-0"],"verb":"알려지","cwStateCd":"FIXED","cwSelIdx":0}],"text":"[고대_이집트]에서는 [이우니트](Iunyt) 또는 [타세네트](Ta-senet), [그리스어]로는 [라토폴리스](Λατ?πολι?), [폴리스라톤](π?λι? Λ?των) 또는 [라톤](Λ?ττων), [라틴어]로는 [라토](Lato)라는 이름으로 알려지기도 했다."}],"globalSId":[2541449,2541450],"entities":[{"st":0,"eIdx":0,"ancestor":"","en":5,"ne_type":"","keyword":"<에스나>","e_type":"ELU"},{"st":9,"eIdx":1,"ancestor":"","en":15,"ne_type":"","keyword":"[나일_강]","e_type":"WIKILINK"},{"st":24,"eIdx":2,"ancestor":"","en":29,"ne_type":"","keyword":"[이집트]","e_type":"WIKILINK"},{"st":30,"eIdx":3,"ancestor":"","en":37,"ne_type":"","keyword":"[룩소르_주]","e_type":"WIKILINK"},{"st":44,"eIdx":4,"ancestor":"","en":49,"ne_type":"","keyword":"[룩소르]","e_type":"WIKILINK"},{"st":78,"eIdx":5,"ancestor":"","en":86,"ne_type":"","keyword":"[고대_이집트]","e_type":"WIKILINK"},{"st":90,"eIdx":6,"ancestor":"1-0","en":95,"cwStateCd":"FIXED","ne_type":"LOCATION","cwSelIdx":0,"type":"ENTITY","keyword":"[이우니트]","e_type":"NEW"},{"st":107,"eIdx":7,"ancestor":"1-0","en":112,"cwStateCd":"FIXED","ne_type":"LOCATION","cwSelIdx":0,"type":"ENTITY","keyword":"[타세네트]","e_type":"NEW"},{"st":125,"eIdx":8,"ancestor":"","en":131,"ne_type":"","keyword":"[그리스어]","e_type":"WIKILINK"},{"st":134,"eIdx":9,"ancestor":"1-0","en":140,"cwStateCd":"FIXED","ne_type":"LOCATION","cwSelIdx":0,"type":"ENTITY","keyword":"[라토폴리스]","e_type":"NEW"},{"st":154,"eIdx":10,"ancestor":"1-0","en":160,"cwStateCd":"FIXED","ne_type":"LOCATION","cwSelIdx":0,"type":"ENTITY","keyword":"[폴리스라톤]","e_type":"NEW"},{"st":178,"eIdx":11,"ancestor":"1-0","en":181,"cwStateCd":"FIXED","ne_type":"LOCATION","cwSelIdx":0,"type":"ENTITY","keyword":"[라톤]","e_type":"NEW"},{"st":192,"eIdx":12,"ancestor":"","en":197,"ne_type":"","keyword":"[라틴어]","e_type":"WIKILINK"},{"st":200,"eIdx":13,"ancestor":"1-0","en":203,"cwStateCd":"FIXED","ne_type":"LOCATION","cwSelIdx":0,"type":"ENTITY","keyword":"[라토]","e_type":"NEW"}],"wikiPageId":670412,"pIdx":1,"text":"<에스나>()는 [나일_강] 서안에 위치한 [이집트] [룩소르_주]의 도시로, [룩소르]에서 남쪽으로 55km 정도 떨어진 곳에 위치한다. [고대_이집트]에서는 [이우니트](Iunyt) 또는 [타세네트](Ta-senet), [그리스어]로는 [라토폴리스](Λατ?πολι?), [폴리스라톤](π?λι? Λ?των) 또는 [라톤](Λ?ττων), [라틴어]로는 [라토](Lato)라는 이름으로 알려지기도 했다."}