{"result":[{"verbs":[{"word_id":3,"ancestor":["1-0"],"verb":"속","cwStateCd":"FIXED","cwSelIdx":0}],"text":"[칼코둥근귀박쥐](\"Lophostoma kalkoae\")는 [주걱박쥐과]([신세계잎코박쥐류])에 속하는 [박쥐]의 일종이다."},{"verbs":[],"text":"[파나마]의 토착종이다."},{"verbs":[{"word_id":0,"ancestor":"-2","verb":"작","cwStateCd":"FIXED","cwSelIdx":[]}],"text":"작은 크기의 박쥐로 전완장은 44.6~45.8mm이고, 꼬리 길이는 8.4~8.9mm, 발 길이는 12.5~12.8mm이다."}],"globalSId":[3894846,3894847,3894848],"entities":[{"st":0,"eIdx":0,"ancestor":"-2","en":8,"cwStateCd":"FIXED","ne_type":"ETC","cwSelIdx":[],"type":"ENTITY","keyword":"[칼코둥근귀박쥐]","e_type":"NEW"},{"st":33,"eIdx":1,"ancestor":"","en":40,"ne_type":"","keyword":"[주걱박쥐과]","e_type":"WIKILINK"},{"st":41,"eIdx":2,"ancestor":"-2","en":42,"cwStateCd":"FIXED","ne_type":"ETC","cwSelIdx":[],"type":"ENTITY","keyword":"[신세계잎코박쥐류]","e_type":"NEW"},{"st":58,"eIdx":3,"ancestor":"","en":62,"ne_type":"","keyword":"[박쥐]","e_type":"WIKILINK"},{"st":70,"eIdx":4,"ancestor":"","en":75,"ne_type":"","keyword":"[파나마]","e_type":"WIKILINK"}],"wikiPageId":1664691,"pIdx":1,"text":"[칼코둥근귀박쥐](\"Lophostoma kalkoae\")는 [주걱박쥐과]([신세계잎코박쥐류])에 속하는 [박쥐]의 일종이다. [파나마]의 토착종이다. 작은 크기의 박쥐로 전완장은 44.6~45.8mm이고, 꼬리 길이는 8.4~8.9mm, 발 길이는 12.5~12.8mm이다."}