{"result":[{"verbs":[{"word_id":8,"ancestor":"-2","verb":"비롯하","cwStateCd":"FIXED","cwSelIdx":[]},{"word_id":10,"ancestor":["1-0"],"verb":"운항","cwStateCd":"FIXED","cwSelIdx":0},{"word_id":26,"ancestor":["1-0"],"verb":"실시","cwStateCd":"FIXED","cwSelIdx":0}],"text":"[퍼스트_항공](, )은 [일본] [오사카_부] [야오_시]의 [야오_공항]을 본거지로 [소형_항공기]를 비롯해 [헬리콥터]를 운항하고 있으며 또한 부정기 항공 노선 사업이나 유람 비행, 조종 훈련, 항공사진 촬영, 광고 선전의 사업을 실시하고 있다."}],"globalSId":[2215143],"entities":[{"st":0,"eIdx":0,"ancestor":"-2","en":7,"cwStateCd":"FIXED","ne_type":"ORGANIZATION","cwSelIdx":[],"type":"ENTITY","keyword":"[퍼스트_항공]","e_type":"NEW"},{"st":14,"eIdx":1,"ancestor":"","en":18,"ne_type":"","keyword":"[일본]","e_type":"WIKILINK"},{"st":19,"eIdx":2,"ancestor":"","en":26,"ne_type":"","keyword":"[오사카_부]","e_type":"WIKILINK"},{"st":27,"eIdx":3,"ancestor":"","en":33,"ne_type":"","keyword":"[야오_시]","e_type":"WIKILINK"},{"st":35,"eIdx":4,"ancestor":"","en":42,"ne_type":"","keyword":"[야오_공항]","e_type":"WIKILINK"},{"st":49,"eIdx":5,"ancestor":"","en":57,"ne_type":"","keyword":"[소형_항공기]","e_type":"WIKILINK"},{"st":63,"eIdx":6,"ancestor":"","en":69,"ne_type":"","keyword":"[헬리콥터]","e_type":"WIKILINK"}],"wikiPageId":513075,"pIdx":1,"text":"[퍼스트_항공](, )은 [일본] [오사카_부] [야오_시]의 [야오_공항]을 본거지로 [소형_항공기]를 비롯해 [헬리콥터]를 운항하고 있으며 또한 부정기 항공 노선 사업이나 유람 비행, 조종 훈련, 항공사진 촬영, 광고 선전의 사업을 실시하고 있다."}