{"result":[{"verbs":[{"word_id":7,"ancestor":["1-0"],"verb":"위치","cwStateCd":"FIXED","cwSelIdx":0}],"text":"<스타디오_아르테미오_프란키>(Stadio Artemio Franchi)는 [이탈리아] [토스카나_주]의 주도 [피렌체]에 위치한 축구 경기장이다."},{"verbs":[],"text":"수용인원은 47,290명이며 [ACF_피오렌티나]의 홈 경기장이다."},{"verbs":[],"text":"[1990년_FIFA_월드컵]을 개최했던 경기장 중 하나이기도 하다."}],"globalSId":[1849754,1849755,1849756],"entities":[{"st":0,"eIdx":0,"ancestor":"","en":16,"ne_type":"","keyword":"<스타디오_아르테미오_프란키>","e_type":"ELU"},{"st":42,"eIdx":1,"ancestor":"","en":48,"ne_type":"","keyword":"[이탈리아]","e_type":"WIKILINK"},{"st":49,"eIdx":2,"ancestor":"","en":57,"ne_type":"","keyword":"[토스카나_주]","e_type":"WIKILINK"},{"st":62,"eIdx":3,"ancestor":"","en":67,"ne_type":"","keyword":"[피렌체]","e_type":"WIKILINK"},{"st":99,"eIdx":4,"ancestor":"","en":110,"ne_type":"","keyword":"[ACF_피오렌티나]","e_type":"WIKILINK"},{"st":121,"eIdx":5,"ancestor":"","en":137,"ne_type":"","keyword":"[1990년_FIFA_월드컵]","e_type":"WIKILINK"}],"wikiPageId":362254,"pIdx":1,"text":"<스타디오_아르테미오_프란키>(Stadio Artemio Franchi)는 [이탈리아] [토스카나_주]의 주도 [피렌체]에 위치한 축구 경기장이다. 수용인원은 47,290명이며 [ACF_피오렌티나]의 홈 경기장이다. [1990년_FIFA_월드컵]을 개최했던 경기장 중 하나이기도 하다."}