{"result":[{"verbs":[{"word_id":10,"ancestor":["1-0"],"verb":"있","cwStateCd":"FIXED","cwSelIdx":0},{"word_id":16,"ancestor":["1-0"],"verb":"위치","cwStateCd":"FIXED","cwSelIdx":0}],"text":"[국립행정학교](, ENA)는 [프랑스]가 고급공무원 양성을 목적으로 세운 [그랑제콜]으로 처음에는 파리에 있었으나 [1991년] <스트라스부르>로 이전, 현재 [스트라스부르]에 위치해있다."},{"verbs":[{"word_id":2,"ancestor":["1-7"],"verb":"의하","cwStateCd":"FIXED","cwSelIdx":18},{"word_id":4,"ancestor":["1-0"],"verb":"세우","cwStateCd":"FIXED","cwSelIdx":0}],"text":"[1945년] [샤를_드_골]에 의해 [파리]에 세워졌다."}],"globalSId":[871805,871806],"entities":[{"st":0,"eIdx":0,"ancestor":"-2","en":7,"cwStateCd":"FIXED","ne_type":"ORGANIZATION","cwSelIdx":[],"type":"ENTITY","keyword":"[국립행정학교]","e_type":"NEW"},{"st":17,"eIdx":1,"ancestor":"","en":22,"ne_type":"","keyword":"[프랑스]","e_type":"WIKILINK"},{"st":42,"eIdx":2,"ancestor":"","en":48,"ne_type":"","keyword":"[그랑제콜]","e_type":"WIKILINK"},{"st":65,"eIdx":3,"ancestor":"-2","en":71,"cwStateCd":"FIXED","ne_type":"TIME","cwSelIdx":[],"type":"ENTITY","keyword":"[1991년]","e_type":"NEW"},{"st":73,"eIdx":4,"ancestor":"","en":81,"ne_type":"","keyword":"<스트라스부르>","e_type":"ELU"},{"st":90,"eIdx":5,"ancestor":"","en":98,"ne_type":"","keyword":"[스트라스부르]","e_type":"WIKILINK"},{"st":107,"eIdx":6,"ancestor":"","en":114,"ne_type":"","keyword":"[1945년]","e_type":"WIKILINK"},{"st":115,"eIdx":7,"ancestor":"","en":123,"ne_type":"","keyword":"[샤를_드_골]","e_type":"WIKILINK"},{"st":128,"eIdx":8,"ancestor":"-2","en":131,"cwStateCd":"FIXED","ne_type":"LOCATION","cwSelIdx":[],"type":"ENTITY","keyword":"[파리]","e_type":"NEW"}],"wikiPageId":119197,"pIdx":1,"text":"[국립행정학교](, ENA)는 [프랑스]가 고급공무원 양성을 목적으로 세운 [그랑제콜]으로 처음에는 파리에 있었으나 [1991년] <스트라스부르>로 이전, 현재 [스트라스부르]에 위치해있다. [1945년] [샤를_드_골]에 의해 [파리]에 세워졌다."}