{"result":[{"verbs":[{"word_id":3,"ancestor":["1-0"],"verb":"위치","cwStateCd":"FIXED","cwSelIdx":0},{"word_id":6,"ancestor":["1-0"],"verb":"속","cwStateCd":"FIXED","cwSelIdx":0}],"text":"<메솔롱기>()는 [그리스] 서부에 위치한 도시로, [서그리스_주]에 속하는 현인 [에톨로아카르나니아_현]의 현청 소재지이며 면적은 280.2㎢, 높이는 0 ~ 9m, 인구는 17,988명(2001년 기준), 인구 밀도는 64명\/㎢이다."},{"verbs":[{"word_id":1,"ancestor":["1-0"],"verb":"접","cwStateCd":"FIXED","cwSelIdx":0}],"text":"[파트라_만]과 접하고 있고 어류와 포도주, 담배 무역이 주를 이룬다."}],"globalSId":[2722811,2722812],"entities":[{"st":0,"eIdx":0,"ancestor":"","en":6,"ne_type":"","keyword":"<메솔롱기>","e_type":"ELU"},{"st":10,"eIdx":1,"ancestor":"","en":15,"ne_type":"","keyword":"[그리스]","e_type":"WIKILINK"},{"st":29,"eIdx":2,"ancestor":"","en":37,"ne_type":"","keyword":"[서그리스_주]","e_type":"WIKILINK"},{"st":46,"eIdx":3,"ancestor":"","en":59,"ne_type":"","keyword":"[에톨로아카르나니아_현]","e_type":"WIKILINK"},{"st":133,"eIdx":4,"ancestor":"","en":140,"ne_type":"","keyword":"[파트라_만]","e_type":"WIKILINK"}],"wikiPageId":751328,"pIdx":1,"text":"<메솔롱기>()는 [그리스] 서부에 위치한 도시로, [서그리스_주]에 속하는 현인 [에톨로아카르나니아_현]의 현청 소재지이며 면적은 280.2㎢, 높이는 0 ~ 9m, 인구는 17,988명(2001년 기준), 인구 밀도는 64명\/㎢이다. [파트라_만]과 접하고 있고 어류와 포도주, 담배 무역이 주를 이룬다."}