{"result":[{"verbs":[{"word_id":0,"ancestor":"-1","verb":"인디펜던스급_항공","cwStateCd":"FIXED","cwSelIdx":[]},{"word_id":7,"ancestor":["1-0"],"verb":"사용","cwStateCd":"FIXED","cwSelIdx":0}],"text":"[인디펜던스급_항공모함](Independence class aircraft carrier)은 [제2차_세계대전], [한국전쟁] 등에 사용되었던 [미국_해군]의 [경항공모함]이다."},{"verbs":[{"word_id":4,"ancestor":"-1","verb":"의하","cwStateCd":"FIXED","cwSelIdx":[]},{"word_id":5,"ancestor":["1-0"],"verb":"개발","cwStateCd":"FIXED","cwSelIdx":0},{"word_id":11,"ancestor":["1-0"],"verb":"건조","cwStateCd":"FIXED","cwSelIdx":0}],"text":"[프랭클린_루즈벨트] 대통령의 해군 계획에 의해 개발되었으며, 표준 배수량 11,000톤, 총 9척이 건조되었다."}],"globalSId":[2235396,2235397],"entities":[{"st":0,"eIdx":0,"ancestor":"-2","en":12,"cwStateCd":"FIXED","ne_type":"ETC","cwSelIdx":[],"type":"ENTITY","keyword":"[인디펜던스급_항공모함]","e_type":"NEW"},{"st":52,"eIdx":1,"ancestor":"","en":62,"ne_type":"","keyword":"[제2차_세계대전]","e_type":"WIKILINK"},{"st":64,"eIdx":2,"ancestor":"","en":70,"ne_type":"","keyword":"[한국전쟁]","e_type":"WIKILINK"},{"st":80,"eIdx":3,"ancestor":"","en":87,"ne_type":"","keyword":"[미국_해군]","e_type":"WIKILINK"},{"st":89,"eIdx":4,"ancestor":"","en":96,"ne_type":"","keyword":"[경항공모함]","e_type":"WIKILINK"},{"st":100,"eIdx":5,"ancestor":"","en":111,"ne_type":"","keyword":"[프랭클린_루즈벨트]","e_type":"WIKILINK"}],"wikiPageId":523194,"pIdx":1,"text":"[인디펜던스급_항공모함](Independence class aircraft carrier)은 [제2차_세계대전], [한국전쟁] 등에 사용되었던 [미국_해군]의 [경항공모함]이다. [프랭클린_루즈벨트] 대통령의 해군 계획에 의해 개발되었으며, 표준 배수량 11,000톤, 총 9척이 건조되었다."}