{"result":[{"verbs":[{"word_id":4,"ancestor":["1-0"],"verb":"있","cwStateCd":"FIXED","cwSelIdx":0}],"text":"<치비텔라메세르라이몬도>()는 [이탈리아] [아브루초_주] [키에티_현]에 있는 [코무네]이다."},{"verbs":[{"word_id":3,"ancestor":["1-0"],"verb":"있","cwStateCd":"FIXED","cwSelIdx":0}],"text":"[키에티]로부터 48km 거리에 있다."},{"verbs":[{"word_id":3,"ancestor":["1-0"],"verb":"알려지","cwStateCd":"FIXED","cwSelIdx":0}],"text":"[1863년]까지 [치비텔라](Civitella)라는 이름으로 알려졌다."}],"globalSId":[3274711,3274712,3274713],"entities":[{"st":0,"eIdx":0,"ancestor":"","en":13,"ne_type":"","keyword":"<치비텔라메세르라이몬도>","e_type":"ELU"},{"st":17,"eIdx":1,"ancestor":"","en":23,"ne_type":"","keyword":"[이탈리아]","e_type":"WIKILINK"},{"st":24,"eIdx":2,"ancestor":"","en":32,"ne_type":"","keyword":"[아브루초_주]","e_type":"WIKILINK"},{"st":33,"eIdx":3,"ancestor":"","en":40,"ne_type":"","keyword":"[키에티_현]","e_type":"WIKILINK"},{"st":45,"eIdx":4,"ancestor":"","en":50,"ne_type":"","keyword":"[코무네]","e_type":"WIKILINK"},{"st":54,"eIdx":5,"ancestor":"","en":59,"ne_type":"","keyword":"[키에티]","e_type":"WIKILINK"},{"st":76,"eIdx":6,"ancestor":"-2","en":82,"cwStateCd":"FIXED","ne_type":"TIME","cwSelIdx":[],"type":"ENTITY","keyword":"[1863년]","e_type":"NEW"},{"st":86,"eIdx":7,"ancestor":"1-0","en":91,"cwStateCd":"FIXED","ne_type":"LOCATION","cwSelIdx":0,"type":"ENTITY","keyword":"[치비텔라]","e_type":"NEW"}],"wikiPageId":1066379,"pIdx":1,"text":"<치비텔라메세르라이몬도>()는 [이탈리아] [아브루초_주] [키에티_현]에 있는 [코무네]이다. [키에티]로부터 48km 거리에 있다. [1863년]까지 [치비텔라](Civitella)라는 이름으로 알려졌다."}