{"result":[{"verbs":[{"word_id":5,"ancestor":"-2","verb":"두","cwStateCd":"FIXED","cwSelIdx":[]},{"word_id":10,"ancestor":"-2","verb":"제외","cwStateCd":"FIXED","cwSelIdx":[]}],"text":"기본군사훈련단은 [경상남도] [진주시] 금산면에 본부를 두고 병사, 부사관, [대한민국_공군사관학교] 출신자를 제외한 장교의 기본군사훈련을 담당하는 [대한민국_공군]의 부대로, [대한민국_공군교육사령부] 예하 전단이다."},{"verbs":[{"word_id":6,"ancestor":"-2","verb":"운영","cwStateCd":"FIXED","cwSelIdx":[]}],"text":"일반시민 및 청소년을 대상으로 하는 병영체험을 운영하기도 한다."}],"globalSId":[1310827,1310828],"entities":[{"st":9,"eIdx":0,"ancestor":"","en":15,"ne_type":"","keyword":"[경상남도]","e_type":"WIKILINK"},{"st":16,"eIdx":1,"ancestor":"","en":21,"ne_type":"","keyword":"[진주시]","e_type":"WIKILINK"},{"st":43,"eIdx":2,"ancestor":"","en":56,"ne_type":"","keyword":"[대한민국_공군사관학교]","e_type":"WIKILINK"},{"st":83,"eIdx":3,"ancestor":"","en":92,"ne_type":"","keyword":"[대한민국_공군]","e_type":"WIKILINK"},{"st":99,"eIdx":4,"ancestor":"","en":113,"ne_type":"","keyword":"[대한민국_공군교육사령부]","e_type":"WIKILINK"}],"wikiPageId":220124,"pIdx":1,"text":"기본군사훈련단은 [경상남도] [진주시] 금산면에 본부를 두고 병사, 부사관, [대한민국_공군사관학교] 출신자를 제외한 장교의 기본군사훈련을 담당하는 [대한민국_공군]의 부대로, [대한민국_공군교육사령부] 예하 전단이다. 일반시민 및 청소년을 대상으로 하는 병영체험을 운영하기도 한다."}