{"result":[{"verbs":[{"word_id":5,"ancestor":["3-2"],"verb":"천거","cwStateCd":"FIXED","cwSelIdx":3},{"word_id":10,"ancestor":"-1","verb":"되","cwStateCd":"FIXED","cwSelIdx":[]},{"word_id":11,"ancestor":["3-0"],"verb":"반대","cwStateCd":"FIXED","cwSelIdx":0}],"text":"<김효원>은 [심의겸]의 동생 [심충겸]이 [이조][전랑]직에 천거되자 외척이 인사권을 장악해서는 안 된다며 반대하였다."},{"verbs":[{"word_id":10,"ancestor":["3-9"],"verb":"되","cwStateCd":"FIXED","cwSelIdx":17},{"word_id":13,"ancestor":"-1","verb":"인정","cwStateCd":"FIXED","cwSelIdx":[]}],"text":"[심의겸]과 [심충겸]은 [조선_명종]비 [인순왕후]의 동생들로, [선조]가 [조선_명종]의 양자 자격으로 임금이 되었으므로 그의 주장이 인정되었다."},{"verbs":[{"word_id":2,"ancestor":["3-0"],"verb":"증직","cwStateCd":"FIXED","cwSelIdx":0},{"word_id":5,"ancestor":["3-0"],"verb":"추증","cwStateCd":"FIXED","cwSelIdx":0}],"text":"사후 [이조][참판]에 [증직]되었다가 다시 [이조판서]로 [추증](追贈)되었다."},{"verbs":[],"text":"<허균>[허균]과 [허난설헌]의 인척으로, [허균]은 그의 사위이며 [허균]의 형 [허봉]의 딸이 그의 맏며느리였다."},{"verbs":[{"word_id":7,"ancestor":["3-0"],"verb":"평가","cwStateCd":"FIXED","cwSelIdx":0},{"word_id":10,"ancestor":"-1","verb":"청렴","cwStateCd":"FIXED","cwSelIdx":[]},{"word_id":15,"ancestor":["3-0"],"verb":"받","cwStateCd":"FIXED","cwSelIdx":0}],"text":"[동인]과 [서인]의 붕당 분열의 원인을 제공한 인물로 평가되고 있지만, 생전에는 청렴한 선비로서 신진 인사들의 존경을 받았다."},{"verbs":[],"text":"[이황], [조식_(1501년)]의 문인."}],"globalSId":[1318914,1318915,1318916,1318917,1318918,1318919],"entities":[{"st":0,"eIdx":0,"ancestor":"","en":5,"ne_type":"","keyword":"<김효원>","e_type":"ELU"},{"st":7,"eIdx":1,"ancestor":"","en":12,"ne_type":"","keyword":"[심의겸]","e_type":"WIKILINK"},{"st":17,"eIdx":2,"ancestor":"","en":22,"ne_type":"","keyword":"[심충겸]","e_type":"WIKILINK"},{"st":24,"eIdx":3,"ancestor":"","en":28,"ne_type":"","keyword":"[이조]","e_type":"WIKILINK"},{"st":28,"eIdx":4,"ancestor":"","en":32,"ne_type":"","keyword":"[전랑]","e_type":"WIKILINK"},{"st":68,"eIdx":5,"ancestor":"","en":73,"ne_type":"","keyword":"[심의겸]","e_type":"WIKILINK"},{"st":75,"eIdx":6,"ancestor":"","en":80,"ne_type":"","keyword":"[심충겸]","e_type":"WIKILINK"},{"st":82,"eIdx":7,"ancestor":"","en":89,"ne_type":"","keyword":"[조선_명종]","e_type":"WIKILINK"},{"st":91,"eIdx":8,"ancestor":"","en":97,"ne_type":"","keyword":"[인순왕후]","e_type":"WIKILINK"},{"st":105,"eIdx":9,"ancestor":"","en":109,"ne_type":"","keyword":"[선조]","e_type":"WIKILINK"},{"st":111,"eIdx":10,"ancestor":"","en":118,"ne_type":"","keyword":"[조선_명종]","e_type":"WIKILINK"},{"st":155,"eIdx":11,"ancestor":"","en":159,"ne_type":"","keyword":"[이조]","e_type":"WIKILINK"},{"st":159,"eIdx":12,"ancestor":"","en":163,"ne_type":"","keyword":"[참판]","e_type":"WIKILINK"},{"st":165,"eIdx":13,"ancestor":"","en":169,"ne_type":"","keyword":"[증직]","e_type":"WIKILINK"},{"st":177,"eIdx":14,"ancestor":"","en":183,"ne_type":"","keyword":"[이조판서]","e_type":"WIKILINK"},{"st":185,"eIdx":15,"ancestor":"","en":189,"ne_type":"","keyword":"[추증]","e_type":"WIKILINK"},{"st":198,"eIdx":16,"ancestor":"","en":202,"ne_type":"","keyword":"<허균>","e_type":"ELU"},{"st":202,"eIdx":17,"ancestor":"","en":206,"ne_type":"","keyword":"[허균]","e_type":"WIKILINK"},{"st":208,"eIdx":18,"ancestor":"","en":214,"ne_type":"","keyword":"[허난설헌]","e_type":"WIKILINK"},{"st":222,"eIdx":19,"ancestor":"","en":226,"ne_type":"","keyword":"[허균]","e_type":"WIKILINK"},{"st":236,"eIdx":20,"ancestor":"","en":240,"ne_type":"","keyword":"[허균]","e_type":"WIKILINK"},{"st":244,"eIdx":21,"ancestor":"","en":248,"ne_type":"","keyword":"[허봉]","e_type":"WIKILINK"},{"st":264,"eIdx":22,"ancestor":"","en":268,"ne_type":"","keyword":"[동인]","e_type":"WIKILINK"},{"st":270,"eIdx":23,"ancestor":"","en":274,"ne_type":"","keyword":"[서인]","e_type":"WIKILINK"},{"st":336,"eIdx":24,"ancestor":"","en":340,"ne_type":"","keyword":"[이황]","e_type":"WIKILINK"},{"st":342,"eIdx":25,"ancestor":"","en":354,"ne_type":"","keyword":"[조식_(1501년)]","e_type":"WIKILINK"}],"wikiPageId":222521,"pIdx":3,"text":"<김효원>은 [심의겸]의 동생 [심충겸]이 [이조][전랑]직에 천거되자 외척이 인사권을 장악해서는 안 된다며 반대하였다. [심의겸]과 [심충겸]은 [조선_명종]비 [인순왕후]의 동생들로, [선조]가 [조선_명종]의 양자 자격으로 임금이 되었으므로 그의 주장이 인정되었다. 사후 [이조][참판]에 [증직]되었다가 다시 [이조판서]로 [추증](追贈)되었다. <허균>[허균]과 [허난설헌]의 인척으로, [허균]은 그의 사위이며 [허균]의 형 [허봉]의 딸이 그의 맏며느리였다. [동인]과 [서인]의 붕당 분열의 원인을 제공한 인물로 평가되고 있지만, 생전에는 청렴한 선비로서 신진 인사들의 존경을 받았다. [이황], [조식_(1501년)]의 문인."}