{"result":[{"verbs":[],"text":"역사."},{"verbs":[{"word_id":8,"ancestor":["2-3","2-5"],"verb":"도입","cwStateCd":"FIXED","cwSelIdx":[4,6]}],"text":"[양-밀스_이론]은 [1954년]에 [중국]의 [양전닝]과 [미국]의 [로버트_밀스](Robert L. Mills)가 도입하였다."},{"verbs":[],"text":"역사적으로, 이는 최초의 비가환 게이지 이론이자 역사으로 ([전자기학] 다음으로) 두 번째의 게이지 이론이었다."},{"verbs":[{"word_id":3,"ancestor":["2-7","2-8"],"verb":"일반","cwStateCd":"FIXED","cwSelIdx":[23,24]},{"word_id":4,"ancestor":["2-7","2-8"],"verb":"시도","cwStateCd":"FIXED","cwSelIdx":[23,24]},{"word_id":11,"ancestor":["2-7","2-8"],"verb":"치환","cwStateCd":"FIXED","cwSelIdx":[23,24]}],"text":"<양전닝>과 [밀스]는 [양자전기역학]을 일반화하려고 시도하여, <양자_전기역학>이 바탕을 둔 [유니터리_군] 군을 [특수_유니터리_군]으로 치환하였다."},{"verbs":[{"word_id":5,"ancestor":["2-13","2-14"],"verb":"설명","cwStateCd":"FIXED","cwSelIdx":[35,36]},{"word_id":6,"ancestor":["2-13","2-14"],"verb":"도입","cwStateCd":"FIXED","cwSelIdx":[35,36]},{"word_id":9,"ancestor":["2-12"],"verb":"맞","cwStateCd":"FIXED","cwSelIdx":33}],"text":"<양전닝>과 [밀스]는 이를 [강한_상호작용]의 [아이소스핀]을 설명하려고 도입하였으나, 이는 실험과 맞지 않았다."},{"verbs":[{"word_id":1,"ancestor":"-2","verb":"이러하","cwStateCd":"FIXED","cwSelIdx":[]},{"word_id":4,"ancestor":["2-17"],"verb":"잊히","cwStateCd":"FIXED","cwSelIdx":46},{"word_id":9,"ancestor":"-2","verb":"이러하","cwStateCd":"FIXED","cwSelIdx":[]},{"word_id":11,"ancestor":"-2","verb":"없앨","cwStateCd":"FIXED","cwSelIdx":[]},{"word_id":12,"ancestor":"-2","verb":"있","cwStateCd":"FIXED","cwSelIdx":[]},{"word_id":14,"ancestor":"-2","verb":"밝혀지","cwStateCd":"FIXED","cwSelIdx":[]},{"word_id":20,"ancestor":"-2","verb":"도입","cwStateCd":"FIXED","cwSelIdx":[]},{"word_id":23,"ancestor":"-2","verb":"이루","cwStateCd":"FIXED","cwSelIdx":[]}],"text":"[양-밀스_이론]은 이러한 결함 때문에 잊혀지고 있다가, [1960년]에 [자발_대칭_깨짐]의 발견으로, 이러한 문제를 없앨수 있다는 사실이 밝혀졌고, 곧 [강한_상호작용]의 색전하와 [약한_상호작용]의 설명에 도입돼, [표준_모형]의 일부를 이루게 되었다."}],"globalSId":[2198464,2198465,2198466,2198467,2198468,2198469,2198470],"entities":[{"st":4,"eIdx":0,"ancestor":"-2","en":12,"cwStateCd":"FIXED","ne_type":"ETC","cwSelIdx":[],"type":"ENTITY","keyword":"[양-밀스_이론]","e_type":"NEW"},{"st":15,"eIdx":1,"ancestor":"","en":22,"ne_type":"","keyword":"[1954년]","e_type":"WIKILINK"},{"st":24,"eIdx":2,"ancestor":"","en":28,"ne_type":"","keyword":"[중국]","e_type":"WIKILINK"},{"st":30,"eIdx":3,"ancestor":"","en":35,"ne_type":"","keyword":"[양전닝]","e_type":"WIKILINK"},{"st":37,"eIdx":4,"ancestor":"","en":41,"ne_type":"","keyword":"[미국]","e_type":"WIKILINK"},{"st":43,"eIdx":5,"ancestor":"","en":51,"ne_type":"","keyword":"[로버트_밀스]","e_type":"WIKILINK"},{"st":110,"eIdx":6,"ancestor":"","en":116,"ne_type":"","keyword":"[전자기학]","e_type":"WIKILINK"},{"st":140,"eIdx":7,"ancestor":"","en":145,"ne_type":"","keyword":"<양전닝>","e_type":"ELU"},{"st":147,"eIdx":8,"ancestor":"2-5","en":150,"cwStateCd":"FIXED","ne_type":"PERSON","cwSelIdx":6,"type":"ENTITY","keyword":"[밀스]","e_type":"NEW"},{"st":153,"eIdx":9,"ancestor":"","en":161,"ne_type":"","keyword":"[양자전기역학]","e_type":"WIKILINK"},{"st":176,"eIdx":10,"ancestor":"","en":185,"ne_type":"","keyword":"<양자_전기역학>","e_type":"ELU"},{"st":193,"eIdx":11,"ancestor":"","en":201,"ne_type":"","keyword":"[유니터리_군]","e_type":"WIKILINK"},{"st":205,"eIdx":12,"ancestor":"","en":216,"ne_type":"","keyword":"[특수_유니터리_군]","e_type":"WIKILINK"},{"st":226,"eIdx":13,"ancestor":"","en":231,"ne_type":"","keyword":"<양전닝>","e_type":"ELU"},{"st":233,"eIdx":14,"ancestor":"2-5","en":236,"cwStateCd":"FIXED","ne_type":"PERSON","cwSelIdx":6,"type":"ENTITY","keyword":"[밀스]","e_type":"NEW"},{"st":242,"eIdx":15,"ancestor":"","en":251,"ne_type":"","keyword":"[강한_상호작용]","e_type":"WIKILINK"},{"st":253,"eIdx":16,"ancestor":"","en":260,"ne_type":"","keyword":"[아이소스핀]","e_type":"WIKILINK"},{"st":291,"eIdx":17,"ancestor":"2-0","en":299,"cwStateCd":"FIXED","ne_type":"ETC","cwSelIdx":1,"type":"ENTITY","keyword":"[양-밀스_이론]","e_type":"NEW"},{"st":323,"eIdx":18,"ancestor":"","en":330,"ne_type":"","keyword":"[1960년]","e_type":"WIKILINK"},{"st":332,"eIdx":19,"ancestor":"","en":342,"ne_type":"","keyword":"[자발_대칭_깨짐]","e_type":"WIKILINK"},{"st":378,"eIdx":20,"ancestor":"","en":387,"ne_type":"","keyword":"[강한_상호작용]","e_type":"WIKILINK"},{"st":394,"eIdx":21,"ancestor":"","en":403,"ne_type":"","keyword":"[약한_상호작용]","e_type":"WIKILINK"},{"st":414,"eIdx":22,"ancestor":"","en":421,"ne_type":"","keyword":"[표준_모형]","e_type":"WIKILINK"}],"wikiPageId":506709,"pIdx":2,"text":"역사. [양-밀스_이론]은 [1954년]에 [중국]의 [양전닝]과 [미국]의 [로버트_밀스](Robert L. Mills)가 도입하였다. 역사적으로, 이는 최초의 비가환 게이지 이론이자 역사으로 ([전자기학] 다음으로) 두 번째의 게이지 이론이었다. <양전닝>과 [밀스]는 [양자전기역학]을 일반화하려고 시도하여, <양자_전기역학>이 바탕을 둔 [유니터리_군] 군을 [특수_유니터리_군]으로 치환하였다. <양전닝>과 [밀스]는 이를 [강한_상호작용]의 [아이소스핀]을 설명하려고 도입하였으나, 이는 실험과 맞지 않았다. [양-밀스_이론]은 이러한 결함 때문에 잊혀지고 있다가, [1960년]에 [자발_대칭_깨짐]의 발견으로, 이러한 문제를 없앨수 있다는 사실이 밝혀졌고, 곧 [강한_상호작용]의 색전하와 [약한_상호작용]의 설명에 도입돼, [표준_모형]의 일부를 이루게 되었다."}