{"result":[{"verbs":[],"text":"[세르게이_미하일로비치_다리킨]()은 [러시아], [프리모르스키_지방]의 지사이다."},{"verbs":[{"word_id":3,"ancestor":["1-0"],"verb":"태어나","cwStateCd":"FIXED","cwSelIdx":0}],"text":"[1963년] [12월_9일], [볼쇼이카멘]에서 태어났다."}],"globalSId":[357536,357537],"entities":[{"st":0,"eIdx":0,"ancestor":"-2","en":16,"cwStateCd":"FIXED","ne_type":"PERSON","cwSelIdx":[],"type":"ENTITY","keyword":"[세르게이_미하일로비치_다리킨]","e_type":"NEW"},{"st":21,"eIdx":1,"ancestor":"","en":26,"ne_type":"","keyword":"[러시아]","e_type":"WIKILINK"},{"st":28,"eIdx":2,"ancestor":"","en":39,"ne_type":"","keyword":"[프리모르스키_지방]","e_type":"WIKILINK"},{"st":47,"eIdx":3,"ancestor":"","en":54,"ne_type":"","keyword":"[1963년]","e_type":"WIKILINK"},{"st":55,"eIdx":4,"ancestor":"","en":63,"ne_type":"","keyword":"[12월_9일]","e_type":"WIKILINK"},{"st":65,"eIdx":5,"ancestor":"","en":72,"ne_type":"","keyword":"[볼쇼이카멘]","e_type":"WIKILINK"}],"wikiPageId":36252,"pIdx":1,"text":"[세르게이_미하일로비치_다리킨]()은 [러시아], [프리모르스키_지방]의 지사이다. [1963년] [12월_9일], [볼쇼이카멘]에서 태어났다."}