{"result":[{"verbs":[{"word_id":2,"ancestor":["1-0"],"verb":"속","cwStateCd":"FIXED","cwSelIdx":0}],"text":"[테이트삼지창코박쥐속](\"Aselliscus\")은 [잎코박쥐과]에 속하는 [박쥐] 속의 하나이다."},{"verbs":[{"word_id":1,"ancestor":["1-0"],"verb":"이루어지","cwStateCd":"FIXED","cwSelIdx":0}],"text":"3종으로 이루어져 있다."}],"globalSId":[3841977,3841978],"entities":[{"st":0,"eIdx":0,"ancestor":"-2","en":11,"cwStateCd":"FIXED","ne_type":"ETC","cwSelIdx":[],"type":"ENTITY","keyword":"[테이트삼지창코박쥐속]","e_type":"NEW"},{"st":28,"eIdx":1,"ancestor":"","en":35,"ne_type":"","keyword":"[잎코박쥐과]","e_type":"WIKILINK"},{"st":41,"eIdx":2,"ancestor":"","en":45,"ne_type":"","keyword":"[박쥐]","e_type":"WIKILINK"}],"wikiPageId":1621300,"pIdx":1,"text":"[테이트삼지창코박쥐속](\"Aselliscus\")은 [잎코박쥐과]에 속하는 [박쥐] 속의 하나이다. 3종으로 이루어져 있다."}