{"result":[{"verbs":[{"word_id":4,"ancestor":["1-0"],"verb":"있","cwStateCd":"FIXED","cwSelIdx":0}],"text":"<다카사키톤야마치_역>()은 [일본] [군마_현] [다카사키_시]에 있는, [동일본_여객철도]의 [철도역]이다."},{"verbs":[],"text":"[조에쓰_선]이 지나가며, [아가쓰마_선], [료모_선] 열차들도 다닌다."}],"globalSId":[2966942,2966943],"entities":[{"st":0,"eIdx":0,"ancestor":"","en":12,"ne_type":"","keyword":"<다카사키톤야마치_역>","e_type":"ELU"},{"st":16,"eIdx":1,"ancestor":"","en":20,"ne_type":"","keyword":"[일본]","e_type":"WIKILINK"},{"st":21,"eIdx":2,"ancestor":"","en":27,"ne_type":"","keyword":"[군마_현]","e_type":"WIKILINK"},{"st":28,"eIdx":3,"ancestor":"","en":36,"ne_type":"","keyword":"[다카사키_시]","e_type":"WIKILINK"},{"st":42,"eIdx":4,"ancestor":"","en":52,"ne_type":"","keyword":"[동일본_여객철도]","e_type":"WIKILINK"},{"st":54,"eIdx":5,"ancestor":"","en":59,"ne_type":"","keyword":"[철도역]","e_type":"WIKILINK"},{"st":63,"eIdx":6,"ancestor":"","en":70,"ne_type":"","keyword":"[조에쓰_선]","e_type":"WIKILINK"},{"st":78,"eIdx":7,"ancestor":"","en":86,"ne_type":"","keyword":"[아가쓰마_선]","e_type":"WIKILINK"},{"st":88,"eIdx":8,"ancestor":"","en":94,"ne_type":"","keyword":"[료모_선]","e_type":"WIKILINK"}],"wikiPageId":889217,"pIdx":1,"text":"<다카사키톤야마치_역>()은 [일본] [군마_현] [다카사키_시]에 있는, [동일본_여객철도]의 [철도역]이다. [조에쓰_선]이 지나가며, [아가쓰마_선], [료모_선] 열차들도 다닌다."}