{"result":[{"verbs":[],"text":"[필리포_1세](Felipe I de Parma, [1720년] [3월_15일] ~ [1765년] [7월_18일])는 <이탈리아>의 귀족으로 [부르봉파르마] 가문의 시조였다."},{"verbs":[{"word_id":9,"ancestor":["1-0"],"verb":"태어나","cwStateCd":"FIXED","cwSelIdx":0},{"word_id":12,"ancestor":["1-0"],"verb":"되","cwStateCd":"FIXED","cwSelIdx":0}],"text":"[스페인]의 부르봉왕가 초대 국왕 [펠리페_5세]와 그의 아내 [이사벨_디_파르네시오] 사이에서 태어났으며, 후에 [파르마의_군주]이 되었다."}],"globalSId":[2364485,2364486],"entities":[{"st":0,"eIdx":0,"ancestor":"-2","en":7,"cwStateCd":"FIXED","ne_type":"PERSON","cwSelIdx":[],"type":"ENTITY","keyword":"[필리포_1세]","e_type":"NEW"},{"st":28,"eIdx":1,"ancestor":"","en":35,"ne_type":"","keyword":"[1720년]","e_type":"WIKILINK"},{"st":36,"eIdx":2,"ancestor":"","en":44,"ne_type":"","keyword":"[3월_15일]","e_type":"WIKILINK"},{"st":47,"eIdx":3,"ancestor":"","en":54,"ne_type":"","keyword":"[1765년]","e_type":"WIKILINK"},{"st":55,"eIdx":4,"ancestor":"","en":63,"ne_type":"","keyword":"[7월_18일]","e_type":"WIKILINK"},{"st":66,"eIdx":5,"ancestor":"","en":72,"ne_type":"","keyword":"<이탈리아>","e_type":"ELU"},{"st":79,"eIdx":6,"ancestor":"-2","en":86,"cwStateCd":"FIXED","ne_type":"ETC","cwSelIdx":[],"type":"ENTITY","keyword":"[부르봉파르마]","e_type":"NEW"},{"st":98,"eIdx":7,"ancestor":"","en":103,"ne_type":"","keyword":"[스페인]","e_type":"WIKILINK"},{"st":117,"eIdx":8,"ancestor":"","en":125,"ne_type":"","keyword":"[펠리페_5세]","e_type":"WIKILINK"},{"st":133,"eIdx":9,"ancestor":"","en":146,"ne_type":"","keyword":"[이사벨_디_파르네시오]","e_type":"WIKILINK"},{"st":162,"eIdx":10,"ancestor":"","en":171,"ne_type":"","keyword":"[파르마의_군주]","e_type":"WIKILINK"}],"wikiPageId":585033,"pIdx":1,"text":"[필리포_1세](Felipe I de Parma, [1720년] [3월_15일] ~ [1765년] [7월_18일])는 <이탈리아>의 귀족으로 [부르봉파르마] 가문의 시조였다. [스페인]의 부르봉왕가 초대 국왕 [펠리페_5세]와 그의 아내 [이사벨_디_파르네시오] 사이에서 태어났으며, 후에 [파르마의_군주]이 되었다."}