{"result":[{"verbs":[{"word_id":8,"ancestor":"-1","verb":"시작","cwStateCd":"FIXED","cwSelIdx":[]}],"text":"<머독_대학교>은 [ACICS](Australian Consortium for 'In-Country' Indonesian Studies)라는 프로그램이 시작된 곳이기도 하다."},{"verbs":[{"word_id":6,"ancestor":"-1","verb":"소재","cwStateCd":"FIXED","cwSelIdx":[]},{"word_id":11,"ancestor":["8-1"],"verb":"설립","cwStateCd":"FIXED","cwSelIdx":1},{"word_id":24,"ancestor":["8-1"],"verb":"제공","cwStateCd":"FIXED","cwSelIdx":1}],"text":"이 비영리 콘소시엄은 [인도네시아]의 [족자카르타]와 [말랑]에 소재한 파트너 대학들과 함께 [1994년] 설립되었으며, [머독_대학교] 학생들에게 한 학기 혹은 한 학기 이상의 [인도네시아] 지역 스터디 기회를 제공해 주고 있다."}],"globalSId":[842625,842626],"entities":[{"st":0,"eIdx":0,"ancestor":"","en":8,"ne_type":"","keyword":"<머독_대학교>","e_type":"ELU"},{"st":10,"eIdx":1,"ancestor":"-2","en":16,"cwStateCd":"FIXED","ne_type":"ETC","cwSelIdx":[],"type":"ENTITY","keyword":"[ACICS]","e_type":"NEW"},{"st":110,"eIdx":2,"ancestor":"","en":117,"ne_type":"","keyword":"[인도네시아]","e_type":"WIKILINK"},{"st":119,"eIdx":3,"ancestor":"","en":126,"ne_type":"","keyword":"[족자카르타]","e_type":"WIKILINK"},{"st":128,"eIdx":4,"ancestor":"","en":132,"ne_type":"","keyword":"[말랑]","e_type":"WIKILINK"},{"st":150,"eIdx":5,"ancestor":"-2","en":156,"cwStateCd":"FIXED","ne_type":"TIME","cwSelIdx":[],"type":"ENTITY","keyword":"[1994년]","e_type":"NEW"},{"st":166,"eIdx":6,"ancestor":"8-0","en":173,"cwStateCd":"FIXED","ne_type":"ORGANIZATION","cwSelIdx":0,"type":"ENTITY","keyword":"[머독_대학교]","e_type":"NEW"},{"st":198,"eIdx":7,"ancestor":"8-2","en":204,"cwStateCd":"FIXED","ne_type":"LOCATION","cwSelIdx":14,"type":"ENTITY","keyword":"[인도네시아]","e_type":"NEW"}],"wikiPageId":114399,"pIdx":8,"text":"<머독_대학교>은 [ACICS](Australian Consortium for 'In-Country' Indonesian Studies)라는 프로그램이 시작된 곳이기도 하다. 이 비영리 콘소시엄은 [인도네시아]의 [족자카르타]와 [말랑]에 소재한 파트너 대학들과 함께 [1994년] 설립되었으며, [머독_대학교] 학생들에게 한 학기 혹은 한 학기 이상의 [인도네시아] 지역 스터디 기회를 제공해 주고 있다."}