{"result":[{"verbs":[{"word_id":5,"ancestor":["1-0"],"verb":"위치","cwStateCd":"FIXED","cwSelIdx":0}],"text":"[서부_주](, , )는 [르완다] 서부에 위치한 주로, 주도는 [키부예]이며 면적은 5,882㎢, 인구는 2,008,319명([2009년] 기준)이다."}],"globalSId":[2509123],"entities":[{"st":0,"eIdx":0,"ancestor":"-2","en":5,"cwStateCd":"FIXED","ne_type":"LOCATION","cwSelIdx":[],"type":"ENTITY","keyword":"[서부_주]","e_type":"NEW"},{"st":14,"eIdx":1,"ancestor":"","en":19,"ne_type":"","keyword":"[르완다]","e_type":"WIKILINK"},{"st":36,"eIdx":2,"ancestor":"","en":41,"ne_type":"","keyword":"[키부예]","e_type":"WIKILINK"},{"st":71,"eIdx":3,"ancestor":"-2","en":66,"cwStateCd":"FIXED","ne_type":"TIME","cwSelIdx":[],"type":"ENTITY","keyword":"[2009년]","e_type":"NEW"}],"wikiPageId":652323,"pIdx":1,"text":"[서부_주](, , )는 [르완다] 서부에 위치한 주로, 주도는 [키부예]이며 면적은 5,882㎢, 인구는 2,008,319명([2009년] 기준)이다."}