{"result":[{"verbs":[{"word_id":5,"ancestor":["1-0"],"verb":"위치","cwStateCd":"FIXED","cwSelIdx":0}],"text":"<봉화역_(봉화)>(奉化驛)은 [경상북도] [봉화군] [봉화읍] 해저리에 위치한 [영동선]의 철도역이다."},{"verbs":[{"word_id":7,"ancestor":"-2","verb":"날인","cwStateCd":"FIXED","cwSelIdx":[]}],"text":"모든 [무궁화호] 열차가 정차하는 역이며, 역무실에서 [한국철도_100주년_기념_스탬프]를 날인할 수 있다."},{"verbs":[{"word_id":9,"ancestor":["1-11"],"verb":"정차했었","cwStateCd":"FIXED","cwSelIdx":25}],"text":"개통 당시에는 <봉화역_(봉화)>으로 영업했었으며 [2013년] [5월_1일]부터 [5월_14일]까지 [백두대간협곡열차]가 임시 정차했었다."}],"globalSId":[1048424,1048425,1048426],"entities":[{"st":0,"eIdx":0,"ancestor":"","en":10,"ne_type":"","keyword":"<봉화역_(봉화)>","e_type":"ELU"},{"st":17,"eIdx":1,"ancestor":"","en":23,"ne_type":"","keyword":"[경상북도]","e_type":"WIKILINK"},{"st":24,"eIdx":2,"ancestor":"","en":29,"ne_type":"","keyword":"[봉화군]","e_type":"WIKILINK"},{"st":30,"eIdx":3,"ancestor":"","en":35,"ne_type":"","keyword":"[봉화읍]","e_type":"WIKILINK"},{"st":45,"eIdx":4,"ancestor":"","en":50,"ne_type":"","keyword":"[영동선]","e_type":"WIKILINK"},{"st":62,"eIdx":5,"ancestor":"-2","en":67,"cwStateCd":"FIXED","ne_type":"ETC","cwSelIdx":[],"type":"ENTITY","keyword":"[무궁화호]","e_type":"NEW"},{"st":89,"eIdx":6,"ancestor":"","en":108,"ne_type":"","keyword":"[한국철도_100주년_기념_스탬프]","e_type":"WIKILINK"},{"st":128,"eIdx":7,"ancestor":"","en":138,"ne_type":"","keyword":"<봉화역_(봉화)>","e_type":"ELU"},{"st":148,"eIdx":8,"ancestor":"","en":155,"ne_type":"","keyword":"[2013년]","e_type":"WIKILINK"},{"st":156,"eIdx":9,"ancestor":"","en":163,"ne_type":"","keyword":"[5월_1일]","e_type":"WIKILINK"},{"st":166,"eIdx":10,"ancestor":"","en":174,"ne_type":"","keyword":"[5월_14일]","e_type":"WIKILINK"},{"st":177,"eIdx":11,"ancestor":"","en":187,"ne_type":"","keyword":"[백두대간협곡열차]","e_type":"WIKILINK"}],"wikiPageId":154273,"pIdx":1,"text":"<봉화역_(봉화)>(奉化驛)은 [경상북도] [봉화군] [봉화읍] 해저리에 위치한 [영동선]의 철도역이다. 모든 [무궁화호] 열차가 정차하는 역이며, 역무실에서 [한국철도_100주년_기념_스탬프]를 날인할 수 있다. 개통 당시에는 <봉화역_(봉화)>으로 영업했었으며 [2013년] [5월_1일]부터 [5월_14일]까지 [백두대간협곡열차]가 임시 정차했었다."}