{"result":[{"verbs":[],"text":"줄거리."},{"verbs":[{"word_id":6,"ancestor":["3-2"],"verb":"가","cwStateCd":"FIXED","cwSelIdx":9},{"word_id":12,"ancestor":["3-2"],"verb":"돌아보","cwStateCd":"FIXED","cwSelIdx":9},{"word_id":17,"ancestor":["3-2"],"verb":"보","cwStateCd":"FIXED","cwSelIdx":9},{"word_id":22,"ancestor":["3-2"],"verb":"반","cwStateCd":"FIXED","cwSelIdx":9}],"text":"도예가 아버지의 사정으로 [일본]의 [고등학교]로 전학을 가게 된 [민]은, 전학 전날 [교토_시]내를 돌아보던 중, [하카마]를 입은 소녀를 보게 되고, 그 소녀에게 첫눈에 반한다."}],"globalSId":[2275422,2275423],"entities":[{"st":19,"eIdx":0,"ancestor":"","en":23,"ne_type":"","keyword":"[일본]","e_type":"WIKILINK"},{"st":25,"eIdx":1,"ancestor":"","en":31,"ne_type":"","keyword":"[고등학교]","e_type":"WIKILINK"},{"st":42,"eIdx":2,"ancestor":"2-0","en":44,"cwStateCd":"FIXED","ne_type":"PERSON","cwSelIdx":0,"type":"ENTITY","keyword":"[민]","e_type":"NEW"},{"st":54,"eIdx":3,"ancestor":"","en":60,"ne_type":"","keyword":"[교토_시]","e_type":"WIKILINK"},{"st":71,"eIdx":4,"ancestor":"","en":76,"ne_type":"","keyword":"[하카마]","e_type":"WIKILINK"}],"wikiPageId":544174,"pIdx":3,"text":"줄거리. 도예가 아버지의 사정으로 [일본]의 [고등학교]로 전학을 가게 된 [민]은, 전학 전날 [교토_시]내를 돌아보던 중, [하카마]를 입은 소녀를 보게 되고, 그 소녀에게 첫눈에 반한다."}