{"result":[{"verbs":[],"text":"개요."},{"verbs":[{"word_id":1,"ancestor":"-2","verb":"계획","cwStateCd":"FIXED","cwSelIdx":[]},{"word_id":6,"ancestor":"-2","verb":"확정","cwStateCd":"FIXED","cwSelIdx":[]},{"word_id":13,"ancestor":["3-3","3-4","3-5","3-6"],"verb":"거론","cwStateCd":"FIXED","cwSelIdx":[10,11,12,13]}],"text":"[경부고속철도]를 계획하던 [1990년] [6월], 동대구-경주-부산 구간을 확정하고 배후 지역으로 [영천시], [경주시], [포항시], [울산광역시]가 거론되었다."},{"verbs":[{"word_id":12,"ancestor":["3-9"],"verb":"부각","cwStateCd":"FIXED","cwSelIdx":25},{"word_id":17,"ancestor":["3-11","3-13"],"verb":"있","cwStateCd":"FIXED","cwSelIdx":[29,31]},{"word_id":18,"ancestor":"-1","verb":"반","cwStateCd":"FIXED","cwSelIdx":[]},{"word_id":21,"ancestor":"-1","verb":"없","cwStateCd":"FIXED","cwSelIdx":[]},{"word_id":26,"ancestor":"-1","verb":"중요","cwStateCd":"FIXED","cwSelIdx":[]},{"word_id":29,"ancestor":"-1","verb":"확정","cwStateCd":"FIXED","cwSelIdx":[]}],"text":"그 중 \u201C[대한민국]을 대표하는 역사적 도시\u201D, \u201C[대한민국]의 관광 대표 도시\u201D로서 [경주시]의 중요성이 부각되었고 [포항시]에는 [포항공항], [울산광역시]는 [울산공항]이 있는데 반해 [경주시]는 공항이 없었고, 관광 도시 접근 편의성이 중요해 신경주역 신설이 확정되었다."},{"verbs":[{"word_id":5,"ancestor":["3-15"],"verb":"천명","cwStateCd":"FIXED","cwSelIdx":46},{"word_id":11,"ancestor":["3-18"],"verb":"들","cwStateCd":"FIXED","cwSelIdx":54},{"word_id":14,"ancestor":["3-17"],"verb":"요구","cwStateCd":"FIXED","cwSelIdx":53}],"text":"이후 <신경주역>을 동남권 대표 정차역으로 천명하였으나, [노무현_정부] 시절 [울산광역시]에서 [광역시]의 위상을 들어 [울산역] 신설을 요구하였다."},{"verbs":[{"word_id":2,"ancestor":["3-21"],"verb":"받아들이","cwStateCd":"FIXED","cwSelIdx":61},{"word_id":6,"ancestor":["3-22"],"verb":"수정","cwStateCd":"FIXED","cwSelIdx":63},{"word_id":10,"ancestor":["3-23","3-24","3-25"],"verb":"추가","cwStateCd":"FIXED","cwSelIdx":[67,68,69]}],"text":"[2004년] [건설교통부]에서 받아들이고, [경부고속철도] 2단계 구간을 수정해서 [오송역], [김천(구미)역], [울산역]을 추가하도록 했다."}],"globalSId":[1295128,1295129,1295130,1295131,1295132],"entities":[{"st":4,"eIdx":0,"ancestor":"","en":12,"ne_type":"","keyword":"[경부고속철도]","e_type":"WIKILINK"},{"st":19,"eIdx":1,"ancestor":"","en":26,"ne_type":"","keyword":"[1990년]","e_type":"WIKILINK"},{"st":27,"eIdx":2,"ancestor":"","en":31,"ne_type":"","keyword":"[6월]","e_type":"WIKILINK"},{"st":60,"eIdx":3,"ancestor":"","en":65,"ne_type":"","keyword":"[영천시]","e_type":"WIKILINK"},{"st":67,"eIdx":4,"ancestor":"","en":72,"ne_type":"","keyword":"[경주시]","e_type":"WIKILINK"},{"st":74,"eIdx":5,"ancestor":"","en":79,"ne_type":"","keyword":"[포항시]","e_type":"WIKILINK"},{"st":81,"eIdx":6,"ancestor":"","en":88,"ne_type":"","keyword":"[울산광역시]","e_type":"WIKILINK"},{"st":102,"eIdx":7,"ancestor":"","en":108,"ne_type":"","keyword":"[대한민국]","e_type":"WIKILINK"},{"st":125,"eIdx":8,"ancestor":"","en":131,"ne_type":"","keyword":"[대한민국]","e_type":"WIKILINK"},{"st":145,"eIdx":9,"ancestor":"","en":150,"ne_type":"","keyword":"[경주시]","e_type":"WIKILINK"},{"st":163,"eIdx":10,"ancestor":"","en":168,"ne_type":"","keyword":"[포항시]","e_type":"WIKILINK"},{"st":171,"eIdx":11,"ancestor":"","en":177,"ne_type":"","keyword":"[포항공항]","e_type":"WIKILINK"},{"st":179,"eIdx":12,"ancestor":"","en":186,"ne_type":"","keyword":"[울산광역시]","e_type":"WIKILINK"},{"st":188,"eIdx":13,"ancestor":"","en":194,"ne_type":"","keyword":"[울산공항]","e_type":"WIKILINK"},{"st":203,"eIdx":14,"ancestor":"","en":208,"ne_type":"","keyword":"[경주시]","e_type":"WIKILINK"},{"st":256,"eIdx":15,"ancestor":"","en":262,"ne_type":"","keyword":"<신경주역>","e_type":"ELU"},{"st":285,"eIdx":16,"ancestor":"","en":293,"ne_type":"","keyword":"[노무현_정부]","e_type":"WIKILINK"},{"st":297,"eIdx":17,"ancestor":"","en":304,"ne_type":"","keyword":"[울산광역시]","e_type":"WIKILINK"},{"st":307,"eIdx":18,"ancestor":"","en":312,"ne_type":"","keyword":"[광역시]","e_type":"WIKILINK"},{"st":321,"eIdx":19,"ancestor":"","en":326,"ne_type":"","keyword":"[울산역]","e_type":"WIKILINK"},{"st":338,"eIdx":20,"ancestor":"","en":345,"ne_type":"","keyword":"[2004년]","e_type":"WIKILINK"},{"st":346,"eIdx":21,"ancestor":"","en":353,"ne_type":"","keyword":"[건설교통부]","e_type":"WIKILINK"},{"st":363,"eIdx":22,"ancestor":"","en":371,"ne_type":"","keyword":"[경부고속철도]","e_type":"WIKILINK"},{"st":385,"eIdx":23,"ancestor":"","en":390,"ne_type":"","keyword":"[오송역]","e_type":"WIKILINK"},{"st":392,"eIdx":24,"ancestor":"","en":401,"ne_type":"","keyword":"[김천(구미)역]","e_type":"WIKILINK"},{"st":403,"eIdx":25,"ancestor":"","en":408,"ne_type":"","keyword":"[울산역]","e_type":"WIKILINK"}],"wikiPageId":215904,"pIdx":3,"text":"개요. [경부고속철도]를 계획하던 [1990년] [6월], 동대구-경주-부산 구간을 확정하고 배후 지역으로 [영천시], [경주시], [포항시], [울산광역시]가 거론되었다. 그 중 \u201C[대한민국]을 대표하는 역사적 도시\u201D, \u201C[대한민국]의 관광 대표 도시\u201D로서 [경주시]의 중요성이 부각되었고 [포항시]에는 [포항공항], [울산광역시]는 [울산공항]이 있는데 반해 [경주시]는 공항이 없었고, 관광 도시 접근 편의성이 중요해 신경주역 신설이 확정되었다. 이후 <신경주역>을 동남권 대표 정차역으로 천명하였으나, [노무현_정부] 시절 [울산광역시]에서 [광역시]의 위상을 들어 [울산역] 신설을 요구하였다. [2004년] [건설교통부]에서 받아들이고, [경부고속철도] 2단계 구간을 수정해서 [오송역], [김천(구미)역], [울산역]을 추가하도록 했다."}