{"result":[{"verbs":[{"word_id":6,"ancestor":["1-0"],"verb":"방송","cwStateCd":"FIXED","cwSelIdx":0}],"text":"《[황금어장_무릎팍도사]》는 매주 목요일 밤 11시 15분에 방송했던 [MBC_TV]의 예능 프로그램으로 [황금어장]의 목요일 코너이다."},{"verbs":[],"text":"약칭은 무도이다."}],"globalSId":[974919,974920],"entities":[{"st":1,"eIdx":0,"ancestor":"-2","en":11,"cwStateCd":"FIXED","ne_type":"ETC","cwSelIdx":[],"type":"ENTITY","keyword":"[황금어장_무릎팍도사]","e_type":"NEW"},{"st":39,"eIdx":1,"ancestor":"","en":47,"ne_type":"","keyword":"[MBC_TV]","e_type":"WIKILINK"},{"st":59,"eIdx":2,"ancestor":"","en":65,"ne_type":"","keyword":"[황금어장]","e_type":"WIKILINK"}],"wikiPageId":137630,"pIdx":1,"text":"《[황금어장_무릎팍도사]》는 매주 목요일 밤 11시 15분에 방송했던 [MBC_TV]의 예능 프로그램으로 [황금어장]의 목요일 코너이다. 약칭은 무도이다."}