{"result":[{"verbs":[],"text":"지리."},{"verbs":[{"word_id":4,"ancestor":"-2","verb":"잇","cwStateCd":"FIXED","cwSelIdx":[]},{"word_id":6,"ancestor":"-2","verb":"길","cwStateCd":"FIXED","cwSelIdx":[]}],"text":"<오리노코_강>은 [남아메리카]에서 [아마존_강]과 [파라나_강]에 이어 세번째로 긴 강으로 그 유역은 [베네수엘라] 국토의 80%와 [콜롬비아] 국토의 25%를 차지한다."},{"verbs":[{"word_id":4,"ancestor":"-2","verb":"유명","cwStateCd":"FIXED","cwSelIdx":[]},{"word_id":6,"ancestor":"-2","verb":"있","cwStateCd":"FIXED","cwSelIdx":[]}],"text":"강 상류에는 두 가지 유명한 특징이 있다."},{"verbs":[{"word_id":3,"ancestor":"-2","verb":"높","cwStateCd":"FIXED","cwSelIdx":[]},{"word_id":8,"ancestor":"-2","verb":"떨어지","cwStateCd":"FIXED","cwSelIdx":[]},{"word_id":14,"ancestor":"-2","verb":"따르","cwStateCd":"FIXED","cwSelIdx":[]},{"word_id":18,"ancestor":"-2","verb":"떨어지","cwStateCd":"FIXED","cwSelIdx":[]}],"text":"하나는 세계에서 가장 높은 수직 구간으로 직접 물이 떨어지는 폭포인 979m 높이의 [앙헬_폭포]([엔젤_폭포])로 [추룬_강]을 따라 [아우얀테뷔](악마의 산) 산에서 떨어진 후 <오리노코_강>과 합류한다."},{"verbs":[{"word_id":12,"ancestor":"-2","verb":"흘려보내","cwStateCd":"FIXED","cwSelIdx":[]}],"text":"두 번째는 [카시콰이아르_수로]인데 355km의 길이로 [오리노코_강]의 물을 남쪽의 [아마존_강]의 한 지류인 [리오네그로_강]으로 흘려보낸다."}],"globalSId":[1719394,1719395,1719396,1719397,1719398],"entities":[{"st":4,"eIdx":0,"ancestor":"","en":12,"ne_type":"","keyword":"<오리노코_강>","e_type":"ELU"},{"st":14,"eIdx":1,"ancestor":"","en":21,"ne_type":"","keyword":"[남아메리카]","e_type":"WIKILINK"},{"st":24,"eIdx":2,"ancestor":"","en":31,"ne_type":"","keyword":"[아마존_강]","e_type":"WIKILINK"},{"st":33,"eIdx":3,"ancestor":"","en":40,"ne_type":"","keyword":"[파라나_강]","e_type":"WIKILINK"},{"st":62,"eIdx":4,"ancestor":"","en":69,"ne_type":"","keyword":"[베네수엘라]","e_type":"WIKILINK"},{"st":79,"eIdx":5,"ancestor":"","en":85,"ne_type":"","keyword":"[콜롬비아]","e_type":"WIKILINK"},{"st":172,"eIdx":6,"ancestor":"","en":179,"ne_type":"","keyword":"[앙헬_폭포]","e_type":"WIKILINK"},{"st":180,"eIdx":7,"ancestor":"","en":187,"ne_type":"","keyword":"[엔젤_폭포]","e_type":"WIKILINK"},{"st":190,"eIdx":8,"ancestor":"-2","en":195,"cwStateCd":"FIXED","ne_type":"LOCATION","cwSelIdx":[],"type":"ENTITY","keyword":"[추룬_강]","e_type":"NEW"},{"st":201,"eIdx":9,"ancestor":"-2","en":207,"cwStateCd":"FIXED","ne_type":"LOCATION","cwSelIdx":[],"type":"ENTITY","keyword":"[아우얀테뷔]","e_type":"NEW"},{"st":226,"eIdx":10,"ancestor":"","en":234,"ne_type":"","keyword":"<오리노코_강>","e_type":"ELU"},{"st":248,"eIdx":11,"ancestor":"-2","en":258,"cwStateCd":"FIXED","ne_type":"LOCATION","cwSelIdx":[],"type":"ENTITY","keyword":"[카시콰이아르_수로]","e_type":"NEW"},{"st":273,"eIdx":12,"ancestor":"2-0","en":280,"cwStateCd":"FIXED","ne_type":"LOCATION","cwSelIdx":1,"type":"ENTITY","keyword":"[오리노코_강]","e_type":"NEW"},{"st":290,"eIdx":13,"ancestor":"","en":297,"ne_type":"","keyword":"[아마존_강]","e_type":"WIKILINK"},{"st":305,"eIdx":14,"ancestor":"","en":314,"ne_type":"","keyword":"[리오네그로_강]","e_type":"WIKILINK"}],"wikiPageId":323554,"pIdx":2,"text":"지리. <오리노코_강>은 [남아메리카]에서 [아마존_강]과 [파라나_강]에 이어 세번째로 긴 강으로 그 유역은 [베네수엘라] 국토의 80%와 [콜롬비아] 국토의 25%를 차지한다. 강 상류에는 두 가지 유명한 특징이 있다. 하나는 세계에서 가장 높은 수직 구간으로 직접 물이 떨어지는 폭포인 979m 높이의 [앙헬_폭포]([엔젤_폭포])로 [추룬_강]을 따라 [아우얀테뷔](악마의 산) 산에서 떨어진 후 <오리노코_강>과 합류한다. 두 번째는 [카시콰이아르_수로]인데 355km의 길이로 [오리노코_강]의 물을 남쪽의 [아마존_강]의 한 지류인 [리오네그로_강]으로 흘려보낸다."}