{"result":[{"verbs":[{"word_id":10,"ancestor":"-2","verb":"크","cwStateCd":"FIXED","cwSelIdx":[]},{"word_id":14,"ancestor":["1-0"],"verb":"하","cwStateCd":"FIXED","cwSelIdx":0},{"word_id":17,"ancestor":["1-0"],"verb":"모으","cwStateCd":"FIXED","cwSelIdx":0}],"text":"[1990년]에는 [1980년대] \u2018장안의 큰손\u2019으로 [대한민국_제5공화국] 권력형 금융비리사건의 중심인물이기도 한 [장영자]의 큰 딸 <김예원_(1987년)>와 결혼 하면서 세간의 화제를 모았다."},{"verbs":[{"word_id":3,"ancestor":"-2","verb":"다양","cwStateCd":"FIXED","cwSelIdx":[]},{"word_id":6,"ancestor":["1-0"],"verb":"시작","cwStateCd":"FIXED","cwSelIdx":0},{"word_id":12,"ancestor":["1-0"],"verb":"도피","cwStateCd":"FIXED","cwSelIdx":0},{"word_id":15,"ancestor":["1-0"],"verb":"맞","cwStateCd":"FIXED","cwSelIdx":0}],"text":"그때부터 연기 외 다양한 사업에 손대기 시작했으며 [1994년]에는 [장영자]씨 부도사건의 여파로 미국으로 도피하는 등 시련을 맞았다."},{"verbs":[{"word_id":3,"ancestor":"-2","verb":"나","cwStateCd":"FIXED","cwSelIdx":[]},{"word_id":8,"ancestor":["1-0"],"verb":"받","cwStateCd":"FIXED","cwSelIdx":0},{"word_id":19,"ancestor":["1-0"],"verb":"끝내","cwStateCd":"FIXED","cwSelIdx":0},{"word_id":24,"ancestor":["1-0"],"verb":"재기","cwStateCd":"FIXED","cwSelIdx":0}],"text":"잘나가던 사업이 부도가 나고, 40여억원이라는 거액의 사기혐의로 수배를 받은 채 미국으로 기약 없이 도피생활을 떠났던 그는 [1996년] 2년간의 미국생활을 끝내고 [서울방송] 드라마 《[형제의_강]》으로 성공적으로 재기했다."}],"globalSId":[1147700,1147701,1147702],"entities":[{"st":0,"eIdx":0,"ancestor":"","en":7,"ne_type":"","keyword":"[1990년]","e_type":"WIKILINK"},{"st":10,"eIdx":1,"ancestor":"-2","en":17,"cwStateCd":"FIXED","ne_type":"TIME","cwSelIdx":[],"type":"ENTITY","keyword":"[1980년대]","e_type":"NEW"},{"st":30,"eIdx":2,"ancestor":"","en":42,"ne_type":"","keyword":"[대한민국_제5공화국]","e_type":"WIKILINK"},{"st":65,"eIdx":3,"ancestor":"","en":70,"ne_type":"","keyword":"[장영자]","e_type":"WIKILINK"},{"st":76,"eIdx":4,"ancestor":"","en":89,"ne_type":"","keyword":"<김예원_(1987년)>","e_type":"ELU"},{"st":139,"eIdx":5,"ancestor":"","en":146,"ne_type":"","keyword":"[1994년]","e_type":"WIKILINK"},{"st":149,"eIdx":6,"ancestor":"","en":154,"ne_type":"","keyword":"[장영자]","e_type":"WIKILINK"},{"st":256,"eIdx":7,"ancestor":"","en":263,"ne_type":"","keyword":"[1996년]","e_type":"WIKILINK"},{"st":279,"eIdx":8,"ancestor":"","en":285,"ne_type":"","keyword":"[서울방송]","e_type":"WIKILINK"},{"st":291,"eIdx":9,"ancestor":"","en":298,"ne_type":"","keyword":"[형제의_강]","e_type":"WIKILINK"}],"wikiPageId":175014,"pIdx":3,"text":"[1990년]에는 [1980년대] \u2018장안의 큰손\u2019으로 [대한민국_제5공화국] 권력형 금융비리사건의 중심인물이기도 한 [장영자]의 큰 딸 <김예원_(1987년)>와 결혼 하면서 세간의 화제를 모았다. 그때부터 연기 외 다양한 사업에 손대기 시작했으며 [1994년]에는 [장영자]씨 부도사건의 여파로 미국으로 도피하는 등 시련을 맞았다. 잘나가던 사업이 부도가 나고, 40여억원이라는 거액의 사기혐의로 수배를 받은 채 미국으로 기약 없이 도피생활을 떠났던 그는 [1996년] 2년간의 미국생활을 끝내고 [서울방송] 드라마 《[형제의_강]》으로 성공적으로 재기했다."}