{"result":[{"verbs":[{"word_id":11,"ancestor":"-2","verb":"둘러싸","cwStateCd":"FIXED","cwSelIdx":[]},{"word_id":13,"ancestor":["1-1"],"verb":"계속","cwStateCd":"FIXED","cwSelIdx":3}],"text":"[브레슬라우_전투](, ) 또는 [브레슬라우_포위전]은 [나치_독일]의 [저지_실레지아]의 [브레슬라우](현재는 [폴란드] 영토로 [브로츠와프]라 불림)를 둘러싸고 4개월간 계속된 포위전이었다."},{"verbs":[{"word_id":16,"ancestor":["1-1"],"verb":"계속","cwStateCd":"FIXED","cwSelIdx":3}],"text":"이 도시는 [제1우크라이나_전선군] (사령관 : [이반_코네프] 원수) 예하 [소련_6_군]이 [1945년] [2월_13일] 포위했고, 공방전은 [제2차_세계_대전]의 마지막 날까지 계속되었다."}],"globalSId":[644869,644870],"entities":[{"st":0,"eIdx":0,"ancestor":"-2","en":9,"cwStateCd":"FIXED","ne_type":"ETC","cwSelIdx":[],"type":"ENTITY","keyword":"[브레슬라우_전투]","e_type":"NEW"},{"st":18,"eIdx":1,"ancestor":"1-0","en":28,"cwStateCd":"FIXED","ne_type":"ETC","cwSelIdx":0,"type":"ENTITY","keyword":"[브레슬라우_포위전]","e_type":"NEW"},{"st":31,"eIdx":2,"ancestor":"","en":38,"ne_type":"","keyword":"[나치_독일]","e_type":"WIKILINK"},{"st":40,"eIdx":3,"ancestor":"","en":49,"ne_type":"","keyword":"[저지_실레지아]","e_type":"WIKILINK"},{"st":51,"eIdx":4,"ancestor":"","en":58,"ne_type":"","keyword":"[브레슬라우]","e_type":"WIKILINK"},{"st":63,"eIdx":5,"ancestor":"","en":68,"ne_type":"","keyword":"[폴란드]","e_type":"WIKILINK"},{"st":73,"eIdx":6,"ancestor":"","en":80,"ne_type":"","keyword":"[브로츠와프]","e_type":"WIKILINK"},{"st":115,"eIdx":7,"ancestor":"","en":128,"ne_type":"","keyword":"[제1우크라이나_전선군]","e_type":"WIKILINK"},{"st":136,"eIdx":8,"ancestor":"","en":144,"ne_type":"","keyword":"[이반_코네프]","e_type":"WIKILINK"},{"st":152,"eIdx":9,"ancestor":"","en":160,"ne_type":"","keyword":"[소련_6_군]","e_type":"WIKILINK"},{"st":162,"eIdx":10,"ancestor":"","en":169,"ne_type":"","keyword":"[1945년]","e_type":"WIKILINK"},{"st":170,"eIdx":11,"ancestor":"","en":178,"ne_type":"","keyword":"[2월_13일]","e_type":"WIKILINK"},{"st":190,"eIdx":12,"ancestor":"","en":201,"ne_type":"","keyword":"[제2차_세계_대전]","e_type":"WIKILINK"}],"wikiPageId":81720,"pIdx":1,"text":"[브레슬라우_전투](, ) 또는 [브레슬라우_포위전]은 [나치_독일]의 [저지_실레지아]의 [브레슬라우](현재는 [폴란드] 영토로 [브로츠와프]라 불림)를 둘러싸고 4개월간 계속된 포위전이었다. 이 도시는 [제1우크라이나_전선군] (사령관 : [이반_코네프] 원수) 예하 [소련_6_군]이 [1945년] [2월_13일] 포위했고, 공방전은 [제2차_세계_대전]의 마지막 날까지 계속되었다."}