{"result":[{"verbs":[{"word_id":3,"ancestor":["1-0"],"verb":"개최","cwStateCd":"FIXED","cwSelIdx":0},{"word_id":5,"ancestor":["1-1"],"verb":"참가","cwStateCd":"FIXED","cwSelIdx":1}],"text":"[2010년_하계_청소년_올림픽] [아르헨티나_선수단]은 [싱가포르]에서 개최된 [2010년_하계_청소년_올림픽]에 참가한 [올림픽_아르헨티나_선수단]이다."}],"globalSId":[2602689],"entities":[{"st":0,"eIdx":0,"ancestor":"-2","en":17,"cwStateCd":"FIXED","ne_type":"ETC","cwSelIdx":[],"type":"ENTITY","keyword":"[2010년_하계_청소년_올림픽]","e_type":"NEW"},{"st":19,"eIdx":1,"ancestor":"-2","en":29,"cwStateCd":"FIXED","ne_type":"ETC","cwSelIdx":[],"type":"ENTITY","keyword":"[아르헨티나_선수단]","e_type":"NEW"},{"st":32,"eIdx":2,"ancestor":"","en":38,"ne_type":"","keyword":"[싱가포르]","e_type":"WIKILINK"},{"st":45,"eIdx":3,"ancestor":"","en":63,"ne_type":"","keyword":"[2010년_하계_청소년_올림픽]","e_type":"WIKILINK"},{"st":69,"eIdx":4,"ancestor":"","en":84,"ne_type":"","keyword":"[올림픽_아르헨티나_선수단]","e_type":"WIKILINK"}],"wikiPageId":697048,"pIdx":1,"text":"[2010년_하계_청소년_올림픽] [아르헨티나_선수단]은 [싱가포르]에서 개최된 [2010년_하계_청소년_올림픽]에 참가한 [올림픽_아르헨티나_선수단]이다."}