{"result":[{"verbs":[],"text":"지리."},{"verbs":[{"word_id":6,"ancestor":"-2","verb":"바라보","cwStateCd":"FIXED","cwSelIdx":[]},{"word_id":12,"ancestor":"-2","verb":"하","cwStateCd":"FIXED","cwSelIdx":[]},{"word_id":21,"ancestor":"-2","verb":"구성","cwStateCd":"FIXED","cwSelIdx":[]}],"text":"[주룽_강](九龍江, [구룡강]) 하구와 [샤먼_만](廈門灣, [하문만]) 입구를 바라보는 <진먼_현>(金門島, [금문도]), [례위_섬](烈嶼, [열서]. \"[샤오진먼_섬](小金門島)\"이라고도 함), [다단_섬](大膽島, [대담도]), [얼단_섬](二膽島, [이담도]) 등 총 12개의 섬으로 구성되어 있다."},{"verbs":[],"text":"총 면적은 150.3397km²이다."},{"verbs":[{"word_id":5,"ancestor":"-2","verb":"두","cwStateCd":"FIXED","cwSelIdx":[]},{"word_id":6,"ancestor":"-2","verb":"접","cwStateCd":"FIXED","cwSelIdx":[]}],"text":"[중화인민공화국]측의 [샤먼_시](廈門市, [하문시])와는 바다를 사이에 두고 접한다."},{"verbs":[],"text":"[중화인민공화국] 지배 지역과 불과 1.8km 거리로, [국공_내전]과 분단 이후 [1978년]까지 [양안](兩岸) 사이의 군사대립에서 [중화민국] 정부의 최전방이었다."}],"globalSId":[891658,891659,891660,891661,891662,891663],"entities":[{"st":4,"eIdx":0,"ancestor":"-2","en":9,"cwStateCd":"FIXED","ne_type":"LOCATION","cwSelIdx":[],"type":"ENTITY","keyword":"[주룽_강]","e_type":"NEW"},{"st":16,"eIdx":1,"ancestor":"2-0","en":20,"cwStateCd":"FIXED","ne_type":"LOCATION","cwSelIdx":1,"type":"ENTITY","keyword":"[구룡강]","e_type":"NEW"},{"st":27,"eIdx":2,"ancestor":"-2","en":32,"cwStateCd":"FIXED","ne_type":"LOCATION","cwSelIdx":[],"type":"ENTITY","keyword":"[샤먼_만]","e_type":"NEW"},{"st":39,"eIdx":3,"ancestor":"2-2","en":43,"cwStateCd":"FIXED","ne_type":"LOCATION","cwSelIdx":4,"type":"ENTITY","keyword":"[하문만]","e_type":"NEW"},{"st":55,"eIdx":4,"ancestor":"","en":61,"ne_type":"","keyword":"<진먼_현>","e_type":"ELU"},{"st":67,"eIdx":5,"ancestor":"2-4","en":71,"cwStateCd":"FIXED","ne_type":"LOCATION","cwSelIdx":8,"type":"ENTITY","keyword":"[금문도]","e_type":"NEW"},{"st":75,"eIdx":6,"ancestor":"-2","en":80,"cwStateCd":"FIXED","ne_type":"LOCATION","cwSelIdx":[],"type":"ENTITY","keyword":"[례위_섬]","e_type":"NEW"},{"st":86,"eIdx":7,"ancestor":"2-6","en":89,"cwStateCd":"FIXED","ne_type":"LOCATION","cwSelIdx":10,"type":"ENTITY","keyword":"[열서]","e_type":"NEW"},{"st":93,"eIdx":8,"ancestor":"2-6","en":99,"cwStateCd":"FIXED","ne_type":"LOCATION","cwSelIdx":10,"type":"ENTITY","keyword":"[샤오진먼_섬]","e_type":"NEW"},{"st":117,"eIdx":9,"ancestor":"-2","en":122,"cwStateCd":"FIXED","ne_type":"LOCATION","cwSelIdx":[],"type":"ENTITY","keyword":"[다단_섬]","e_type":"NEW"},{"st":129,"eIdx":10,"ancestor":"2-9","en":133,"cwStateCd":"FIXED","ne_type":"LOCATION","cwSelIdx":14,"type":"ENTITY","keyword":"[대담도]","e_type":"NEW"},{"st":137,"eIdx":11,"ancestor":"-2","en":142,"cwStateCd":"FIXED","ne_type":"LOCATION","cwSelIdx":[],"type":"ENTITY","keyword":"[얼단_섬]","e_type":"NEW"},{"st":149,"eIdx":12,"ancestor":"2-11","en":153,"cwStateCd":"FIXED","ne_type":"LOCATION","cwSelIdx":16,"type":"ENTITY","keyword":"[이담도]","e_type":"NEW"},{"st":199,"eIdx":13,"ancestor":"","en":208,"ne_type":"","keyword":"[중화인민공화국]","e_type":"WIKILINK"},{"st":211,"eIdx":14,"ancestor":"","en":217,"ne_type":"","keyword":"[샤먼_시]","e_type":"WIKILINK"},{"st":223,"eIdx":15,"ancestor":"2-14","en":227,"cwStateCd":"FIXED","ne_type":"LOCATION","cwSelIdx":28,"type":"ENTITY","keyword":"[하문시]","e_type":"NEW"},{"st":248,"eIdx":16,"ancestor":"","en":257,"ne_type":"","keyword":"[중화인민공화국]","e_type":"WIKILINK"},{"st":279,"eIdx":17,"ancestor":"","en":286,"ne_type":"","keyword":"[국공_내전]","e_type":"WIKILINK"},{"st":294,"eIdx":18,"ancestor":"","en":301,"ne_type":"","keyword":"[1978년]","e_type":"WIKILINK"},{"st":304,"eIdx":19,"ancestor":"-2","en":307,"cwStateCd":"FIXED","ne_type":"LOCATION","cwSelIdx":[],"type":"ENTITY","keyword":"[양안]","e_type":"NEW"},{"st":324,"eIdx":20,"ancestor":"","en":330,"ne_type":"","keyword":"[중화민국]","e_type":"WIKILINK"}],"wikiPageId":121755,"pIdx":2,"text":"지리. [주룽_강](九龍江, [구룡강]) 하구와 [샤먼_만](廈門灣, [하문만]) 입구를 바라보는 <진먼_현>(金門島, [금문도]), [례위_섬](烈嶼, [열서]. \"[샤오진먼_섬](小金門島)\"이라고도 함), [다단_섬](大膽島, [대담도]), [얼단_섬](二膽島, [이담도]) 등 총 12개의 섬으로 구성되어 있다. 총 면적은 150.3397km²이다. [중화인민공화국]측의 [샤먼_시](廈門市, [하문시])와는 바다를 사이에 두고 접한다. [중화인민공화국] 지배 지역과 불과 1.8km 거리로, [국공_내전]과 분단 이후 [1978년]까지 [양안](兩岸) 사이의 군사대립에서 [중화민국] 정부의 최전방이었다."}