{"result":[{"verbs":[{"word_id":4,"ancestor":["1-0"],"verb":"속","cwStateCd":"FIXED","cwSelIdx":0}],"text":"[히스파니올라큰깔때기귀박쥐](\"Natalus major\")는 [깔때기귀박쥐과] [깔때기귀박쥐속](\"Natalus\")에 속하는 [박쥐]의 일종이다."},{"verbs":[{"word_id":1,"ancestor":["1-0"],"verb":"발견","cwStateCd":"FIXED","cwSelIdx":0}],"text":"[히스파니올라_섬]에서 발견된다."},{"verbs":[{"word_id":2,"ancestor":["1-0"],"verb":"기술","cwStateCd":"FIXED","cwSelIdx":0},{"word_id":7,"ancestor":"-2","verb":"기술","cwStateCd":"FIXED","cwSelIdx":[]},{"word_id":9,"ancestor":["1-0"],"verb":"다양","cwStateCd":"FIXED","cwSelIdx":0}],"text":"[1902년] 처음 기술되었으며, 일부 저자는 여러 아종을 기술하는 등 다양한 분류 역사를 갖고 있다."},{"verbs":[],"text":"현재는 [쿠바큰깔때기귀박쥐](\"Natalus primus\")와 [자메이카큰깔때기귀박쥐](\"Natalus jamaicensis\")를 별도의 종으로 분류하며, 일부는 [히스파니올라큰깔때기귀박쥐]를 [멕시코깔때기귀박쥐](\"Natalus stramineus\")의 아종으로 간주하기도 한다."},{"verbs":[{"word_id":2,"ancestor":["1-0"],"verb":"생활","cwStateCd":"FIXED","cwSelIdx":0},{"word_id":3,"ancestor":"-1","verb":"먹이","cwStateCd":"FIXED","cwSelIdx":[]}],"text":"주로 동굴에서 생활하며, 먹이는 [곤충]이다."}],"globalSId":[3864153,3864154,3864155,3864156,3864157],"entities":[{"st":0,"eIdx":0,"ancestor":"-2","en":14,"cwStateCd":"FIXED","ne_type":"ETC","cwSelIdx":[],"type":"ENTITY","keyword":"[히스파니올라큰깔때기귀박쥐]","e_type":"NEW"},{"st":34,"eIdx":1,"ancestor":"","en":43,"ne_type":"","keyword":"[깔때기귀박쥐과]","e_type":"WIKILINK"},{"st":44,"eIdx":2,"ancestor":"","en":53,"ne_type":"","keyword":"[깔때기귀박쥐속]","e_type":"WIKILINK"},{"st":70,"eIdx":3,"ancestor":"","en":74,"ne_type":"","keyword":"[박쥐]","e_type":"WIKILINK"},{"st":82,"eIdx":4,"ancestor":"","en":92,"ne_type":"","keyword":"[히스파니올라_섬]","e_type":"WIKILINK"},{"st":101,"eIdx":5,"ancestor":"-2","en":107,"cwStateCd":"FIXED","ne_type":"TIME","cwSelIdx":[],"type":"ENTITY","keyword":"[1902년]","e_type":"NEW"},{"st":163,"eIdx":6,"ancestor":"","en":174,"ne_type":"","keyword":"[쿠바큰깔때기귀박쥐]","e_type":"WIKILINK"},{"st":194,"eIdx":7,"ancestor":"","en":207,"ne_type":"","keyword":"[자메이카큰깔때기귀박쥐]","e_type":"WIKILINK"},{"st":250,"eIdx":8,"ancestor":"1-0","en":264,"cwStateCd":"FIXED","ne_type":"ETC","cwSelIdx":0,"type":"ENTITY","keyword":"[히스파니올라큰깔때기귀박쥐]","e_type":"NEW"},{"st":267,"eIdx":9,"ancestor":"","en":278,"ne_type":"","keyword":"[멕시코깔때기귀박쥐]","e_type":"WIKILINK"},{"st":335,"eIdx":10,"ancestor":"","en":339,"ne_type":"","keyword":"[곤충]","e_type":"WIKILINK"}],"wikiPageId":1639985,"pIdx":1,"text":"[히스파니올라큰깔때기귀박쥐](\"Natalus major\")는 [깔때기귀박쥐과] [깔때기귀박쥐속](\"Natalus\")에 속하는 [박쥐]의 일종이다. [히스파니올라_섬]에서 발견된다. [1902년] 처음 기술되었으며, 일부 저자는 여러 아종을 기술하는 등 다양한 분류 역사를 갖고 있다. 현재는 [쿠바큰깔때기귀박쥐](\"Natalus primus\")와 [자메이카큰깔때기귀박쥐](\"Natalus jamaicensis\")를 별도의 종으로 분류하며, 일부는 [히스파니올라큰깔때기귀박쥐]를 [멕시코깔때기귀박쥐](\"Natalus stramineus\")의 아종으로 간주하기도 한다. 주로 동굴에서 생활하며, 먹이는 [곤충]이다."}