{"result":[{"verbs":[{"word_id":3,"ancestor":["1-0"],"verb":"속","cwStateCd":"FIXED","cwSelIdx":0}],"text":"<브레게_(시계)>()은 [스위스]의 [스와치_그룹]에 속하는 [손목시계] 브랜드이다."}],"globalSId":[3124080],"entities":[{"st":0,"eIdx":0,"ancestor":"","en":10,"ne_type":"","keyword":"<브레게_(시계)>","e_type":"ELU"},{"st":14,"eIdx":1,"ancestor":"","en":19,"ne_type":"","keyword":"[스위스]","e_type":"WIKILINK"},{"st":21,"eIdx":2,"ancestor":"","en":29,"ne_type":"","keyword":"[스와치_그룹]","e_type":"WIKILINK"},{"st":35,"eIdx":3,"ancestor":"","en":41,"ne_type":"","keyword":"[손목시계]","e_type":"WIKILINK"}],"wikiPageId":969388,"pIdx":1,"text":"<브레게_(시계)>()은 [스위스]의 [스와치_그룹]에 속하는 [손목시계] 브랜드이다."}