{"result":[{"verbs":[{"word_id":4,"ancestor":["1-0"],"verb":"위치","cwStateCd":"FIXED","cwSelIdx":0}],"text":"<발린프레다>()는 [이탈리아] [라치오_주] [로마_현]에 위치한 <코무네>다."},{"verbs":[{"word_id":4,"ancestor":["1-0"],"verb":"있","cwStateCd":"FIXED","cwSelIdx":0}],"text":"[로마]로부터 북동쪽 45km 거리에 있다."}],"globalSId":[3239108,3239109],"entities":[{"st":0,"eIdx":0,"ancestor":"","en":7,"ne_type":"","keyword":"<발린프레다>","e_type":"ELU"},{"st":11,"eIdx":1,"ancestor":"","en":17,"ne_type":"","keyword":"[이탈리아]","e_type":"WIKILINK"},{"st":18,"eIdx":2,"ancestor":"","en":25,"ne_type":"","keyword":"[라치오_주]","e_type":"WIKILINK"},{"st":26,"eIdx":3,"ancestor":"","en":32,"ne_type":"","keyword":"[로마_현]","e_type":"WIKILINK"},{"st":38,"eIdx":4,"ancestor":"","en":43,"ne_type":"","keyword":"<코무네>","e_type":"ELU"},{"st":46,"eIdx":5,"ancestor":"","en":50,"ne_type":"","keyword":"[로마]","e_type":"WIKILINK"}],"wikiPageId":1037927,"pIdx":1,"text":"<발린프레다>()는 [이탈리아] [라치오_주] [로마_현]에 위치한 <코무네>다. [로마]로부터 북동쪽 45km 거리에 있다."}