{"result":[{"verbs":[{"word_id":7,"ancestor":"-2","verb":"같","cwStateCd":"FIXED","cwSelIdx":[]},{"word_id":9,"ancestor":"-2","verb":"다양","cwStateCd":"FIXED","cwSelIdx":[]},{"word_id":11,"ancestor":["1-0"],"verb":"채택","cwStateCd":"FIXED","cwSelIdx":0},{"word_id":12,"ancestor":["1-0"],"verb":"사용","cwStateCd":"FIXED","cwSelIdx":0}],"text":"<아드레노>(Adreno)는 [퀄컴]의 [그래픽_처리_장치] 반도체 IP의 이름으로써, [스냅드래곤]과 같은 [퀄컴]의 다양한 [단일_칩_시스템]에 채택되어 사용된다."},{"verbs":[{"word_id":4,"ancestor":"-2","verb":"편입","cwStateCd":"FIXED","cwSelIdx":[]},{"word_id":8,"ancestor":["1-0"],"verb":"불리","cwStateCd":"FIXED","cwSelIdx":0},{"word_id":16,"ancestor":["1-11"],"verb":"변경","cwStateCd":"FIXED","cwSelIdx":23}],"text":"원래는 [2006년]에 [AMD]의 자회사로 편입된, [ATI_테크놀로지] 소유로 \"[Imageon]\"이라 불렸으나, [2008년]에 [퀄컴]이 사업부를 인수해 지금의 이름인 <아드레노>로 변경했다."},{"verbs":[],"text":"<아드레노>(Adreno)는 [ATI]의 PC용 그래픽 처리 장치의 이름인 [라데온](Radeon)의 [어구전철]이다."}],"globalSId":[3215630,3215631,3215632],"entities":[{"st":0,"eIdx":0,"ancestor":"","en":6,"ne_type":"","keyword":"<아드레노>","e_type":"ELU"},{"st":16,"eIdx":1,"ancestor":"","en":20,"ne_type":"","keyword":"[퀄컴]","e_type":"WIKILINK"},{"st":22,"eIdx":2,"ancestor":"","en":33,"ne_type":"","keyword":"[그래픽_처리_장치]","e_type":"WIKILINK"},{"st":49,"eIdx":3,"ancestor":"","en":56,"ne_type":"","keyword":"[스냅드래곤]","e_type":"WIKILINK"},{"st":61,"eIdx":4,"ancestor":"1-1","en":64,"cwStateCd":"FIXED","ne_type":"ORGANIZATION","cwSelIdx":1,"type":"ENTITY","keyword":"[퀄컴]","e_type":"NEW"},{"st":71,"eIdx":5,"ancestor":"","en":81,"ne_type":"","keyword":"[단일_칩_시스템]","e_type":"WIKILINK"},{"st":98,"eIdx":6,"ancestor":"","en":105,"ne_type":"","keyword":"[2006년]","e_type":"WIKILINK"},{"st":107,"eIdx":7,"ancestor":"","en":112,"ne_type":"","keyword":"[AMD]","e_type":"WIKILINK"},{"st":124,"eIdx":8,"ancestor":"","en":135,"ne_type":"","keyword":"[ATI_테크놀로지]","e_type":"WIKILINK"},{"st":141,"eIdx":9,"ancestor":"-2","en":148,"cwStateCd":"FIXED","ne_type":"ORGANIZATION","cwSelIdx":[],"type":"ENTITY","keyword":"[Imageon]","e_type":"NEW"},{"st":160,"eIdx":10,"ancestor":"","en":167,"ne_type":"","keyword":"[2008년]","e_type":"WIKILINK"},{"st":169,"eIdx":11,"ancestor":"1-4","en":172,"cwStateCd":"FIXED","ne_type":"ORGANIZATION","cwSelIdx":8,"type":"ENTITY","keyword":"[퀄컴]","e_type":"NEW"},{"st":192,"eIdx":12,"ancestor":"","en":198,"ne_type":"","keyword":"<아드레노>","e_type":"ELU"},{"st":206,"eIdx":13,"ancestor":"","en":212,"ne_type":"","keyword":"<아드레노>","e_type":"ELU"},{"st":222,"eIdx":14,"ancestor":"1-8","en":226,"cwStateCd":"FIXED","ne_type":"ORGANIZATION","cwSelIdx":18,"type":"ENTITY","keyword":"[ATI]","e_type":"NEW"},{"st":248,"eIdx":15,"ancestor":"","en":253,"ne_type":"","keyword":"[라데온]","e_type":"WIKILINK"},{"st":263,"eIdx":16,"ancestor":"","en":269,"ne_type":"","keyword":"[어구전철]","e_type":"WIKILINK"}],"wikiPageId":1024298,"pIdx":1,"text":"<아드레노>(Adreno)는 [퀄컴]의 [그래픽_처리_장치] 반도체 IP의 이름으로써, [스냅드래곤]과 같은 [퀄컴]의 다양한 [단일_칩_시스템]에 채택되어 사용된다. 원래는 [2006년]에 [AMD]의 자회사로 편입된, [ATI_테크놀로지] 소유로 \"[Imageon]\"이라 불렸으나, [2008년]에 [퀄컴]이 사업부를 인수해 지금의 이름인 <아드레노>로 변경했다. <아드레노>(Adreno)는 [ATI]의 PC용 그래픽 처리 장치의 이름인 [라데온](Radeon)의 [어구전철]이다."}