{"result":[{"verbs":[{"word_id":5,"ancestor":["1-0"],"verb":"위치","cwStateCd":"FIXED","cwSelIdx":0}],"text":"[세헤지_역]()은 [일본] [아오모리_현] [히가시쓰가루_군] [요모기타_촌]에 위치한 [동일본_여객철도] [쓰가루_선]의 [철도역]이다."},{"verbs":[{"word_id":4,"ancestor":["1-0"],"verb":"갖추","cwStateCd":"FIXED","cwSelIdx":0}],"text":"[단선_승강장] 1면 1선의 구조를 갖춘 지상역이다."}],"globalSId":[3959556,3959557],"entities":[{"st":0,"eIdx":0,"ancestor":"-2","en":6,"cwStateCd":"FIXED","ne_type":"LOCATION","cwSelIdx":[],"type":"ENTITY","keyword":"[세헤지_역]","e_type":"NEW"},{"st":11,"eIdx":1,"ancestor":"","en":15,"ne_type":"","keyword":"[일본]","e_type":"WIKILINK"},{"st":16,"eIdx":2,"ancestor":"","en":24,"ne_type":"","keyword":"[아오모리_현]","e_type":"WIKILINK"},{"st":25,"eIdx":3,"ancestor":"","en":35,"ne_type":"","keyword":"[히가시쓰가루_군]","e_type":"WIKILINK"},{"st":36,"eIdx":4,"ancestor":"","en":44,"ne_type":"","keyword":"[요모기타_촌]","e_type":"WIKILINK"},{"st":50,"eIdx":5,"ancestor":"","en":60,"ne_type":"","keyword":"[동일본_여객철도]","e_type":"WIKILINK"},{"st":61,"eIdx":6,"ancestor":"","en":68,"ne_type":"","keyword":"[쓰가루_선]","e_type":"WIKILINK"},{"st":70,"eIdx":7,"ancestor":"","en":75,"ne_type":"","keyword":"[철도역]","e_type":"WIKILINK"},{"st":79,"eIdx":8,"ancestor":"","en":87,"ne_type":"","keyword":"[단선_승강장]","e_type":"WIKILINK"}],"wikiPageId":1744777,"pIdx":1,"text":"[세헤지_역]()은 [일본] [아오모리_현] [히가시쓰가루_군] [요모기타_촌]에 위치한 [동일본_여객철도] [쓰가루_선]의 [철도역]이다. [단선_승강장] 1면 1선의 구조를 갖춘 지상역이다."}