{"result":[{"verbs":[{"word_id":4,"ancestor":["1-0"],"verb":"있","cwStateCd":"FIXED","cwSelIdx":0}],"text":"[라이프치히_대학교](Universit?t Leipzig)는 [독일]의 [라이프치히]에 있는 대학교이다."},{"verbs":[{"word_id":2,"ancestor":["1-0"],"verb":"불리","cwStateCd":"FIXED","cwSelIdx":0}],"text":"[동독_시대]는 [카를_마르크스_대학]으로 불렸다."}],"globalSId":[2341399,2341400],"entities":[{"st":0,"eIdx":0,"ancestor":"-1","en":10,"cwStateCd":"FIXED","ne_type":"ORGANIZATION","cwSelIdx":[],"type":"ENTITY","keyword":"[라이프치히_대학교]","e_type":"NEW"},{"st":34,"eIdx":1,"ancestor":"","en":38,"ne_type":"","keyword":"[독일]","e_type":"WIKILINK"},{"st":40,"eIdx":2,"ancestor":"","en":47,"ne_type":"","keyword":"[라이프치히]","e_type":"WIKILINK"},{"st":59,"eIdx":3,"ancestor":"-1","en":65,"cwStateCd":"FIXED","ne_type":"ETC","cwSelIdx":[],"type":"ENTITY","keyword":"[동독_시대]","e_type":"NEW"},{"st":68,"eIdx":4,"ancestor":"1-0","en":79,"cwStateCd":"FIXED","ne_type":"ORGANIZATION","cwSelIdx":0,"type":"ENTITY","keyword":"[카를_마르크스_대학]","e_type":"NEW"}],"wikiPageId":574300,"pIdx":1,"text":"[라이프치히_대학교](Universit?t Leipzig)는 [독일]의 [라이프치히]에 있는 대학교이다. [동독_시대]는 [카를_마르크스_대학]으로 불렸다."}