{"result":[{"verbs":[{"word_id":5,"ancestor":["1-0"],"verb":"위치","cwStateCd":"FIXED","cwSelIdx":0}],"text":"<말휘리역>(末輝里驛)은 지금의 [조선민주주의인민공화국] [강원도_(북)] [금강군]에 위치했던 [금강산선]의 [철도역]이다."},{"verbs":[{"word_id":5,"ancestor":"-2","verb":"건설","cwStateCd":"FIXED","cwSelIdx":[]}],"text":"이 역과 [단발령역] 사이는 [스위치백]으로 건설된 구간이었다."}],"globalSId":[3208730,3208731],"entities":[{"st":0,"eIdx":0,"ancestor":"","en":6,"ne_type":"","keyword":"<말휘리역>","e_type":"ELU"},{"st":18,"eIdx":1,"ancestor":"","en":31,"ne_type":"","keyword":"[조선민주주의인민공화국]","e_type":"WIKILINK"},{"st":32,"eIdx":2,"ancestor":"","en":41,"ne_type":"","keyword":"[강원도_(북)]","e_type":"WIKILINK"},{"st":42,"eIdx":3,"ancestor":"","en":47,"ne_type":"","keyword":"[금강군]","e_type":"WIKILINK"},{"st":54,"eIdx":4,"ancestor":"","en":60,"ne_type":"","keyword":"[금강산선]","e_type":"WIKILINK"},{"st":62,"eIdx":5,"ancestor":"","en":67,"ne_type":"","keyword":"[철도역]","e_type":"WIKILINK"},{"st":76,"eIdx":6,"ancestor":"","en":82,"ne_type":"","keyword":"[단발령역]","e_type":"WIKILINK"},{"st":87,"eIdx":7,"ancestor":"","en":93,"ne_type":"","keyword":"[스위치백]","e_type":"WIKILINK"}],"wikiPageId":1020431,"pIdx":1,"text":"<말휘리역>(末輝里驛)은 지금의 [조선민주주의인민공화국] [강원도_(북)] [금강군]에 위치했던 [금강산선]의 [철도역]이다. 이 역과 [단발령역] 사이는 [스위치백]으로 건설된 구간이었다."}