{"result":[{"verbs":[],"text":"개요."},{"verbs":[{"word_id":5,"ancestor":"-2","verb":"불리","cwStateCd":"FIXED","cwSelIdx":[]},{"word_id":11,"ancestor":"-2","verb":"있","cwStateCd":"FIXED","cwSelIdx":[]}],"text":"본래 도서관 자리에는 [대한민국_제1공화국]의 실세로 불리던 [이기붕]과 [박마리아] 부부가 살던 집이 있었다."},{"verbs":[{"word_id":5,"ancestor":["2-4"],"verb":"당선","cwStateCd":"FIXED","cwSelIdx":14}],"text":"[1960년] <이기붕>이 부정 선거로 부통령에 당선된 [3·15_부정선거]가 [4·19_혁명]을 불러왔고, [이기붕] 부부와 두 아들은 동반 자살했다."}],"globalSId":[1269010,1269011,1269012],"entities":[{"st":16,"eIdx":0,"ancestor":"","en":28,"ne_type":"","keyword":"[대한민국_제1공화국]","e_type":"WIKILINK"},{"st":38,"eIdx":1,"ancestor":"","en":43,"ne_type":"","keyword":"[이기붕]","e_type":"WIKILINK"},{"st":45,"eIdx":2,"ancestor":"","en":51,"ne_type":"","keyword":"[박마리아]","e_type":"WIKILINK"},{"st":67,"eIdx":3,"ancestor":"","en":74,"ne_type":"","keyword":"[1960년]","e_type":"WIKILINK"},{"st":75,"eIdx":4,"ancestor":"","en":80,"ne_type":"","keyword":"<이기붕>","e_type":"ELU"},{"st":98,"eIdx":5,"ancestor":"","en":109,"ne_type":"","keyword":"[3·15_부정선거]","e_type":"WIKILINK"},{"st":111,"eIdx":6,"ancestor":"","en":120,"ne_type":"","keyword":"[4·19_혁명]","e_type":"WIKILINK"},{"st":128,"eIdx":7,"ancestor":"2-4","en":132,"cwStateCd":"FIXED","ne_type":"PERSON","cwSelIdx":14,"type":"ENTITY","keyword":"[이기붕]","e_type":"NEW"}],"wikiPageId":207719,"pIdx":2,"text":"개요. 본래 도서관 자리에는 [대한민국_제1공화국]의 실세로 불리던 [이기붕]과 [박마리아] 부부가 살던 집이 있었다. [1960년] <이기붕>이 부정 선거로 부통령에 당선된 [3·15_부정선거]가 [4·19_혁명]을 불러왔고, [이기붕] 부부와 두 아들은 동반 자살했다."}