{"result":[{"verbs":[{"word_id":5,"ancestor":["1-0"],"verb":"위치","cwStateCd":"FIXED","cwSelIdx":0}],"text":"[시나노카와카미_역]()은 [일본] [나가노_현] [미나미사쿠_군] [가와카미_촌]에 위치한 [동일본_여객철도] [고우미_선]의 [철도역]이다."},{"verbs":[{"word_id":4,"ancestor":["1-0"],"verb":"갖추","cwStateCd":"FIXED","cwSelIdx":0}],"text":"[섬식_승강장] 1면 2선의 구조를 갖춘 지상역이다."}],"globalSId":[3788604,3788605],"entities":[{"st":0,"eIdx":0,"ancestor":"-2","en":10,"cwStateCd":"FIXED","ne_type":"LOCATION","cwSelIdx":[],"type":"ENTITY","keyword":"[시나노카와카미_역]","e_type":"NEW"},{"st":15,"eIdx":1,"ancestor":"","en":19,"ne_type":"","keyword":"[일본]","e_type":"WIKILINK"},{"st":20,"eIdx":2,"ancestor":"","en":27,"ne_type":"","keyword":"[나가노_현]","e_type":"WIKILINK"},{"st":28,"eIdx":3,"ancestor":"","en":37,"ne_type":"","keyword":"[미나미사쿠_군]","e_type":"WIKILINK"},{"st":38,"eIdx":4,"ancestor":"","en":46,"ne_type":"","keyword":"[가와카미_촌]","e_type":"WIKILINK"},{"st":52,"eIdx":5,"ancestor":"","en":62,"ne_type":"","keyword":"[동일본_여객철도]","e_type":"WIKILINK"},{"st":63,"eIdx":6,"ancestor":"","en":70,"ne_type":"","keyword":"[고우미_선]","e_type":"WIKILINK"},{"st":72,"eIdx":7,"ancestor":"","en":77,"ne_type":"","keyword":"[철도역]","e_type":"WIKILINK"},{"st":81,"eIdx":8,"ancestor":"","en":89,"ne_type":"","keyword":"[섬식_승강장]","e_type":"WIKILINK"}],"wikiPageId":1504508,"pIdx":1,"text":"[시나노카와카미_역]()은 [일본] [나가노_현] [미나미사쿠_군] [가와카미_촌]에 위치한 [동일본_여객철도] [고우미_선]의 [철도역]이다. [섬식_승강장] 1면 2선의 구조를 갖춘 지상역이다."}