{"result":[{"verbs":[{"word_id":7,"ancestor":["1-0"],"verb":"위치","cwStateCd":"FIXED","cwSelIdx":0},{"word_id":16,"ancestor":["1-0"],"verb":"연결","cwStateCd":"FIXED","cwSelIdx":0}],"text":"<푸토_성>(富壽省 )은 [베트남] [베트남] 북부 [홍_강_삼각주]의 끝에 위치하여 [하노이]와 북쪽 산맥으로 [뚜옌꽝_성], [하장_성], [옌바이_성], [라오까이_성] 등과 연결된다."},{"verbs":[{"word_id":9,"ancestor":["1-0"],"verb":"떨어지","cwStateCd":"FIXED","cwSelIdx":0},{"word_id":11,"ancestor":["1-0"],"verb":"위치","cwStateCd":"FIXED","cwSelIdx":0}],"text":"[푸토_성]의 성도는 [비엣찌] 시이며, [하노이]에서 북서쪽으로 80km, [노이_바이_국제공항]에서는 50km 떨어진 곳에 위치하고 있다."}],"globalSId":[1960676,1960677],"entities":[{"st":0,"eIdx":0,"ancestor":"","en":6,"ne_type":"","keyword":"<푸토_성>","e_type":"ELU"},{"st":14,"eIdx":1,"ancestor":"","en":19,"ne_type":"","keyword":"[베트남]","e_type":"WIKILINK"},{"st":20,"eIdx":2,"ancestor":"1-1","en":24,"cwStateCd":"FIXED","ne_type":"LOCATION","cwSelIdx":2,"type":"ENTITY","keyword":"[베트남]","e_type":"NEW"},{"st":29,"eIdx":3,"ancestor":"","en":38,"ne_type":"","keyword":"[홍_강_삼각주]","e_type":"WIKILINK"},{"st":48,"eIdx":4,"ancestor":"","en":53,"ne_type":"","keyword":"[하노이]","e_type":"WIKILINK"},{"st":63,"eIdx":5,"ancestor":"","en":70,"ne_type":"","keyword":"[뚜옌꽝_성]","e_type":"WIKILINK"},{"st":72,"eIdx":6,"ancestor":"","en":78,"ne_type":"","keyword":"[하장_성]","e_type":"WIKILINK"},{"st":80,"eIdx":7,"ancestor":"","en":87,"ne_type":"","keyword":"[옌바이_성]","e_type":"WIKILINK"},{"st":89,"eIdx":8,"ancestor":"","en":97,"ne_type":"","keyword":"[라오까이_성]","e_type":"WIKILINK"},{"st":107,"eIdx":9,"ancestor":"1-0","en":112,"cwStateCd":"FIXED","ne_type":"LOCATION","cwSelIdx":0,"type":"ENTITY","keyword":"[푸토_성]","e_type":"NEW"},{"st":119,"eIdx":10,"ancestor":"-2","en":123,"cwStateCd":"FIXED","ne_type":"LOCATION","cwSelIdx":[],"type":"ENTITY","keyword":"[비엣찌]","e_type":"NEW"},{"st":130,"eIdx":11,"ancestor":"","en":135,"ne_type":"","keyword":"[하노이]","e_type":"WIKILINK"},{"st":150,"eIdx":12,"ancestor":"","en":162,"ne_type":"","keyword":"[노이_바이_국제공항]","e_type":"WIKILINK"}],"wikiPageId":405547,"pIdx":1,"text":"<푸토_성>(富壽省 )은 [베트남] [베트남] 북부 [홍_강_삼각주]의 끝에 위치하여 [하노이]와 북쪽 산맥으로 [뚜옌꽝_성], [하장_성], [옌바이_성], [라오까이_성] 등과 연결된다. [푸토_성]의 성도는 [비엣찌] 시이며, [하노이]에서 북서쪽으로 80km, [노이_바이_국제공항]에서는 50km 떨어진 곳에 위치하고 있다."}