{"result":[{"verbs":[{"word_id":4,"ancestor":["1-0"],"verb":"위치","cwStateCd":"FIXED","cwSelIdx":0},{"word_id":13,"ancestor":["1-0"],"verb":"사용","cwStateCd":"FIXED","cwSelIdx":0}],"text":"<포트먼_로드>()는 [잉글랜드] [서퍽_주] [입스위치]에 위치한 [축구] <경기장>으로, 수용 인원은 30,311명이며 [입스위치_타운_FC]의 홈 구장으로 사용되고 있다."},{"verbs":[{"word_id":5,"ancestor":"-2","verb":"열리","cwStateCd":"FIXED","cwSelIdx":[]},{"word_id":11,"ancestor":"-2","verb":"열리","cwStateCd":"FIXED","cwSelIdx":[]}],"text":"과거 [잉글랜드_청소년_축구_국가대표팀] 경기가 여러 차례 열렸으며 [2003년] [잉글랜드_축구_국가대표팀]와 [크로아티아_축구_국가대표팀]의 친선 경기가 열리기도 했던 곳이다."}],"globalSId":[2902937,2902938],"entities":[{"st":0,"eIdx":0,"ancestor":"","en":8,"ne_type":"","keyword":"<포트먼_로드>","e_type":"ELU"},{"st":12,"eIdx":1,"ancestor":"","en":18,"ne_type":"","keyword":"[잉글랜드]","e_type":"WIKILINK"},{"st":19,"eIdx":2,"ancestor":"","en":25,"ne_type":"","keyword":"[서퍽_주]","e_type":"WIKILINK"},{"st":26,"eIdx":3,"ancestor":"","en":32,"ne_type":"","keyword":"[입스위치]","e_type":"WIKILINK"},{"st":38,"eIdx":4,"ancestor":"","en":42,"ne_type":"","keyword":"[축구]","e_type":"WIKILINK"},{"st":43,"eIdx":5,"ancestor":"","en":48,"ne_type":"","keyword":"<경기장>","e_type":"ELU"},{"st":69,"eIdx":6,"ancestor":"","en":81,"ne_type":"","keyword":"[입스위치_타운_FC]","e_type":"WIKILINK"},{"st":103,"eIdx":7,"ancestor":"-2","en":118,"cwStateCd":"FIXED","ne_type":"ORGANIZATION","cwSelIdx":[],"type":"ENTITY","keyword":"잉글랜드_청소년_축구_국가대표팀","e_type":"NEW"},{"st":137,"eIdx":8,"ancestor":"","en":144,"ne_type":"","keyword":"[2003년]","e_type":"WIKILINK"},{"st":145,"eIdx":9,"ancestor":"","en":160,"ne_type":"","keyword":"[잉글랜드_축구_국가대표팀]","e_type":"WIKILINK"},{"st":162,"eIdx":10,"ancestor":"","en":178,"ne_type":"","keyword":"[크로아티아_축구_국가대표팀]","e_type":"WIKILINK"}],"wikiPageId":848692,"pIdx":1,"text":"<포트먼_로드>()는 [잉글랜드] [서퍽_주] [입스위치]에 위치한 [축구] <경기장>으로, 수용 인원은 30,311명이며 [입스위치_타운_FC]의 홈 구장으로 사용되고 있다. 과거 [잉글랜드_청소년_축구_국가대표팀] 경기가 여러 차례 열렸으며 [2003년] [잉글랜드_축구_국가대표팀]와 [크로아티아_축구_국가대표팀]의 친선 경기가 열리기도 했던 곳이다."}