{"result":[{"verbs":[{"word_id":5,"ancestor":["5-10"],"verb":"이기","cwStateCd":"FIXED","cwSelIdx":48},{"word_id":10,"ancestor":["6-4"],"verb":"가르","cwStateCd":"FIXED","cwSelIdx":12},{"word_id":17,"ancestor":"-1","verb":"의하","cwStateCd":"FIXED","cwSelIdx":[]},{"word_id":19,"ancestor":"-2","verb":"깔리","cwStateCd":"FIXED","cwSelIdx":[]},{"word_id":22,"ancestor":"-1","verb":"크","cwStateCd":"FIXED","cwSelIdx":[]},{"word_id":24,"ancestor":["6-4"],"verb":"입","cwStateCd":"FIXED","cwSelIdx":12}],"text":"[2010년] [1월] [23일,] [아틀레틱_빌바오]전 (3-1로 이긴 홈 경기) 에서 골네트를 가른 직후, [필리피] <C._S._루이스>는 상대 [골키퍼]인 [고르카_이라이소스]에 의해 다리가 깔리면서 오른쪽 [종아리뼈]에 큰 부상을 입었다."},{"verbs":[{"word_id":13,"ancestor":["6-10"],"verb":"랭크","cwStateCd":"FIXED","cwSelIdx":34}],"text":"또한, 그는 [프리메라리가] 전 경기에 출전하는 와중에 그의 팀 <데포르티보_라코루냐>가 리그 테이블 4위에 랭크되기도 하였다."},{"verbs":[{"word_id":0,"ancestor":"-1","verb":"놀랍","cwStateCd":"FIXED","cwSelIdx":[]},{"word_id":3,"ancestor":["6-4"],"verb":"결장","cwStateCd":"FIXED","cwSelIdx":12},{"word_id":14,"ancestor":["6-4"],"verb":"돕","cwStateCd":"FIXED","cwSelIdx":12},{"word_id":19,"ancestor":["6-13"],"verb":"마감","cwStateCd":"FIXED","cwSelIdx":54}],"text":"놀랍게도 그는 4경기도 결장하지 않은 채 [RCD_마요르카]전에서 부상 복귀를 선언하였고, 이 경기의 [이반_산체스-리코_소토] 득점을 도왔다;[갈리시아_지방] 연고의 클럽은 시즌을 10위로 마감하였다."}],"globalSId":[3010319,3010320,3010321],"entities":[{"st":0,"eIdx":0,"ancestor":"-2","en":6,"cwStateCd":"FIXED","ne_type":"TIME","cwSelIdx":[],"type":"ENTITY","keyword":"[2010년]","e_type":"NEW"},{"st":8,"eIdx":1,"ancestor":"-2","en":11,"cwStateCd":"FIXED","ne_type":"TIME","cwSelIdx":[],"type":"ENTITY","keyword":"[1월]","e_type":"NEW"},{"st":13,"eIdx":2,"ancestor":"-2","en":18,"cwStateCd":"FIXED","ne_type":"TIME","cwSelIdx":[],"type":"ENTITY","keyword":"[23일,]","e_type":"NEW"},{"st":20,"eIdx":3,"ancestor":"","en":30,"ne_type":"","keyword":"[아틀레틱_빌바오]","e_type":"WIKILINK"},{"st":62,"eIdx":4,"ancestor":"-2","en":66,"cwStateCd":"FIXED","ne_type":"PERSON","cwSelIdx":[],"type":"ENTITY","keyword":"[필리피]","e_type":"NEW"},{"st":68,"eIdx":5,"ancestor":"","en":79,"ne_type":"","keyword":"<C._S._루이스>","e_type":"ELU"},{"st":84,"eIdx":6,"ancestor":"","en":89,"ne_type":"","keyword":"[골키퍼]","e_type":"WIKILINK"},{"st":91,"eIdx":7,"ancestor":"","en":102,"ne_type":"","keyword":"[고르카_이라이소스]","e_type":"WIKILINK"},{"st":120,"eIdx":8,"ancestor":"","en":126,"ne_type":"","keyword":"[종아리뼈]","e_type":"WIKILINK"},{"st":146,"eIdx":9,"ancestor":"","en":154,"ne_type":"","keyword":"[프리메라리가]","e_type":"WIKILINK"},{"st":175,"eIdx":10,"ancestor":"","en":187,"ne_type":"","keyword":"<데포르티보_라코루냐>","e_type":"ELU"},{"st":234,"eIdx":11,"ancestor":"","en":244,"ne_type":"","keyword":"[RCD_마요르카]","e_type":"WIKILINK"},{"st":268,"eIdx":12,"ancestor":"","en":282,"ne_type":"","keyword":"[이반_산체스-리코_소토]","e_type":"WIKILINK"},{"st":291,"eIdx":13,"ancestor":"","en":300,"ne_type":"","keyword":"[갈리시아_지방]","e_type":"WIKILINK"}],"wikiPageId":911042,"pIdx":6,"text":"[2010년] [1월] [23일,] [아틀레틱_빌바오]전 (3-1로 이긴 홈 경기) 에서 골네트를 가른 직후, [필리피] <C._S._루이스>는 상대 [골키퍼]인 [고르카_이라이소스]에 의해 다리가 깔리면서 오른쪽 [종아리뼈]에 큰 부상을 입었다. 또한, 그는 [프리메라리가] 전 경기에 출전하는 와중에 그의 팀 <데포르티보_라코루냐>가 리그 테이블 4위에 랭크되기도 하였다. 놀랍게도 그는 4경기도 결장하지 않은 채 [RCD_마요르카]전에서 부상 복귀를 선언하였고, 이 경기의 [이반_산체스-리코_소토] 득점을 도왔다;[갈리시아_지방] 연고의 클럽은 시즌을 10위로 마감하였다."}