{"result":[{"verbs":[{"word_id":4,"ancestor":["1-0"],"verb":"위치","cwStateCd":"FIXED","cwSelIdx":0}],"text":"<파라인사비나>()는 [이탈리아] [라치오_주] [리에티_현]에 위치한 <코무네>다."},{"verbs":[{"word_id":7,"ancestor":["1-0"],"verb":"있","cwStateCd":"FIXED","cwSelIdx":0}],"text":"[로마]로부터 북동쪽 40km, [리에티]로부터 남서쪽 25km 거리에 있다."}],"globalSId":[3247604,3247605],"entities":[{"st":0,"eIdx":0,"ancestor":"","en":8,"ne_type":"","keyword":"<파라인사비나>","e_type":"ELU"},{"st":12,"eIdx":1,"ancestor":"","en":18,"ne_type":"","keyword":"[이탈리아]","e_type":"WIKILINK"},{"st":19,"eIdx":2,"ancestor":"","en":26,"ne_type":"","keyword":"[라치오_주]","e_type":"WIKILINK"},{"st":27,"eIdx":3,"ancestor":"","en":34,"ne_type":"","keyword":"[리에티_현]","e_type":"WIKILINK"},{"st":40,"eIdx":4,"ancestor":"","en":45,"ne_type":"","keyword":"<코무네>","e_type":"ELU"},{"st":48,"eIdx":5,"ancestor":"","en":52,"ne_type":"","keyword":"[로마]","e_type":"WIKILINK"},{"st":66,"eIdx":6,"ancestor":"","en":71,"ne_type":"","keyword":"[리에티]","e_type":"WIKILINK"}],"wikiPageId":1049093,"pIdx":1,"text":"<파라인사비나>()는 [이탈리아] [라치오_주] [리에티_현]에 위치한 <코무네>다. [로마]로부터 북동쪽 40km, [리에티]로부터 남서쪽 25km 거리에 있다."}