{"result":[{"verbs":[{"word_id":0,"ancestor":"-2","verb":"얼어","cwStateCd":"FIXED","cwSelIdx":[]}],"text":"[얼어붙은_송곳니]()는 [노나미_아사]의 [1996년] 소설로, 제115회 ([1996년] 상반기) [나오키상] 수상작이다."},{"verbs":[{"word_id":15,"ancestor":["1-0"],"verb":"영화","cwStateCd":"FIXED","cwSelIdx":0}],"text":"[2001년]에는 [아마미_유키] 주연으로, [2010년]에는 [기무라_요시노] 주연으로 각각 드라마화되었으며, [2012년]에는 <대한민국>에서 [송강호], [이나영] 주연으로 《[하울링_(2012년_영화)]》이라는 제목으로 영화화되었다."}],"globalSId":[3122783,3122784],"entities":[{"st":0,"eIdx":0,"ancestor":"-2","en":9,"cwStateCd":"FIXED","ne_type":"ETC","cwSelIdx":[],"type":"ENTITY","keyword":"[얼어붙은_송곳니]","e_type":"NEW"},{"st":14,"eIdx":1,"ancestor":"","en":22,"ne_type":"","keyword":"[노나미_아사]","e_type":"WIKILINK"},{"st":24,"eIdx":2,"ancestor":"-2","en":30,"cwStateCd":"FIXED","ne_type":"TIME","cwSelIdx":[],"type":"ENTITY","keyword":"[1996년]","e_type":"NEW"},{"st":44,"eIdx":3,"ancestor":"1-2","en":49,"cwStateCd":"FIXED","ne_type":"TIME","cwSelIdx":2,"type":"ENTITY","keyword":"[1996년]","e_type":"NEW"},{"st":57,"eIdx":4,"ancestor":"","en":63,"ne_type":"","keyword":"[나오키상]","e_type":"WIKILINK"},{"st":71,"eIdx":5,"ancestor":"-2","en":77,"cwStateCd":"FIXED","ne_type":"TIME","cwSelIdx":[],"type":"ENTITY","keyword":"[2001년]","e_type":"NEW"},{"st":81,"eIdx":6,"ancestor":"","en":89,"ne_type":"","keyword":"[아마미_유키]","e_type":"WIKILINK"},{"st":96,"eIdx":7,"ancestor":"-2","en":102,"cwStateCd":"FIXED","ne_type":"TIME","cwSelIdx":[],"type":"ENTITY","keyword":"[2010년]","e_type":"NEW"},{"st":106,"eIdx":8,"ancestor":"","en":115,"ne_type":"","keyword":"[기무라_요시노]","e_type":"WIKILINK"},{"st":134,"eIdx":9,"ancestor":"-2","en":140,"cwStateCd":"FIXED","ne_type":"TIME","cwSelIdx":[],"type":"ENTITY","keyword":"[2012년]","e_type":"NEW"},{"st":144,"eIdx":10,"ancestor":"","en":150,"ne_type":"","keyword":"<대한민국>","e_type":"ELU"},{"st":153,"eIdx":11,"ancestor":"","en":158,"ne_type":"","keyword":"[송강호]","e_type":"WIKILINK"},{"st":160,"eIdx":12,"ancestor":"","en":165,"ne_type":"","keyword":"[이나영]","e_type":"WIKILINK"},{"st":172,"eIdx":13,"ancestor":"","en":188,"ne_type":"","keyword":"[하울링_(2012년_영화)]","e_type":"WIKILINK"}],"wikiPageId":968559,"pIdx":1,"text":"[얼어붙은_송곳니]()는 [노나미_아사]의 [1996년] 소설로, 제115회 ([1996년] 상반기) [나오키상] 수상작이다. [2001년]에는 [아마미_유키] 주연으로, [2010년]에는 [기무라_요시노] 주연으로 각각 드라마화되었으며, [2012년]에는 <대한민국>에서 [송강호], [이나영] 주연으로 《[하울링_(2012년_영화)]》이라는 제목으로 영화화되었다."}