{"result":[{"verbs":[{"word_id":4,"ancestor":["1-0"],"verb":"위치","cwStateCd":"FIXED","cwSelIdx":0}],"text":"<포라노_(리에티_현)>()는 [이탈리아] [라치오_주] [리에티_현]에 위치한 <코무네>다."},{"verbs":[{"word_id":7,"ancestor":["1-0"],"verb":"있","cwStateCd":"FIXED","cwSelIdx":0}],"text":"[로마]로부터 북쪽 45km, [리에티]로부터 남서쪽 25km 거리에 있다."}],"globalSId":[3247614,3247615],"entities":[{"st":0,"eIdx":0,"ancestor":"","en":13,"ne_type":"","keyword":"<포라노_(리에티_현)>","e_type":"ELU"},{"st":17,"eIdx":1,"ancestor":"","en":23,"ne_type":"","keyword":"[이탈리아]","e_type":"WIKILINK"},{"st":24,"eIdx":2,"ancestor":"","en":31,"ne_type":"","keyword":"[라치오_주]","e_type":"WIKILINK"},{"st":32,"eIdx":3,"ancestor":"","en":39,"ne_type":"","keyword":"[리에티_현]","e_type":"WIKILINK"},{"st":45,"eIdx":4,"ancestor":"","en":50,"ne_type":"","keyword":"<코무네>","e_type":"ELU"},{"st":53,"eIdx":5,"ancestor":"","en":57,"ne_type":"","keyword":"[로마]","e_type":"WIKILINK"},{"st":70,"eIdx":6,"ancestor":"","en":75,"ne_type":"","keyword":"[리에티]","e_type":"WIKILINK"}],"wikiPageId":1049103,"pIdx":1,"text":"<포라노_(리에티_현)>()는 [이탈리아] [라치오_주] [리에티_현]에 위치한 <코무네>다. [로마]로부터 북쪽 45km, [리에티]로부터 남서쪽 25km 거리에 있다."}