{"result":[{"verbs":[{"word_id":3,"ancestor":"-1","verb":"하","cwStateCd":"FIXED","cwSelIdx":[]},{"word_id":6,"ancestor":"-1","verb":"섞","cwStateCd":"FIXED","cwSelIdx":[]},{"word_id":7,"ancestor":"-1","verb":"만들","cwStateCd":"FIXED","cwSelIdx":[]}],"text":"고추장(-醬)은 고춧가루를 주원료로 하여 찹쌀과 메주등을 섞어 만드는 [한국]의 [전통음식]이다."},{"verbs":[{"word_id":13,"ancestor":"-1","verb":"다양","cwStateCd":"FIXED","cwSelIdx":[]}],"text":"[된장], [간장]과 함께 [한국]의 대표적인 전통 [양념] 중 하나로, [한국_요리]에서 고추장의 쓰임새는 매우 다양하다."},{"verbs":[{"word_id":0,"ancestor":"-1","verb":"담그","cwStateCd":"FIXED","cwSelIdx":[]},{"word_id":8,"ancestor":"-1","verb":"박","cwStateCd":"FIXED","cwSelIdx":[]},{"word_id":9,"ancestor":"-1","verb":"넣","cwStateCd":"FIXED","cwSelIdx":[]},{"word_id":11,"ancestor":"-1","verb":"만들","cwStateCd":"FIXED","cwSelIdx":[]}],"text":"담글 때 마늘, 무, 더덕, 도라지, 매실 등을 박아 넣어 [장아찌]를 만들기도 한다."},{"verbs":[{"word_id":2,"ancestor":"-1","verb":"인접","cwStateCd":"FIXED","cwSelIdx":[]},{"word_id":5,"ancestor":"-1","verb":"유명","cwStateCd":"FIXED","cwSelIdx":[]}],"text":"고추장은 [섬진강]에 인접한 [전라북도] [순창군]이 유명하다."},{"verbs":[{"word_id":7,"ancestor":"-1","verb":"있","cwStateCd":"FIXED","cwSelIdx":[]}],"text":"이밖에 [원주시] [정지뜰] 지역 등에 토속적인 고추장이 있다."}],"globalSId":[1269213,1269214,1269215,1269216,1269217],"entities":[{"st":39,"eIdx":0,"ancestor":"","en":43,"ne_type":"","keyword":"[한국]","e_type":"WIKILINK"},{"st":45,"eIdx":1,"ancestor":"","en":51,"ne_type":"","keyword":"[전통음식]","e_type":"WIKILINK"},{"st":55,"eIdx":2,"ancestor":"","en":59,"ne_type":"","keyword":"[된장]","e_type":"WIKILINK"},{"st":61,"eIdx":3,"ancestor":"","en":65,"ne_type":"","keyword":"[간장]","e_type":"WIKILINK"},{"st":70,"eIdx":4,"ancestor":"1-0","en":73,"cwStateCd":"FIXED","ne_type":"LOCATION","cwSelIdx":8,"type":"ENTITY","keyword":"[한국]","e_type":"NEW"},{"st":84,"eIdx":5,"ancestor":"","en":88,"ne_type":"","keyword":"[양념]","e_type":"WIKILINK"},{"st":96,"eIdx":6,"ancestor":"","en":103,"ne_type":"","keyword":"[한국_요리]","e_type":"WIKILINK"},{"st":158,"eIdx":7,"ancestor":"","en":163,"ne_type":"","keyword":"[장아찌]","e_type":"WIKILINK"},{"st":179,"eIdx":8,"ancestor":"","en":184,"ne_type":"","keyword":"[섬진강]","e_type":"WIKILINK"},{"st":190,"eIdx":9,"ancestor":"","en":196,"ne_type":"","keyword":"[전라북도]","e_type":"WIKILINK"},{"st":197,"eIdx":10,"ancestor":"","en":202,"ne_type":"","keyword":"[순창군]","e_type":"WIKILINK"},{"st":214,"eIdx":11,"ancestor":"-1","en":218,"cwStateCd":"FIXED","ne_type":"LOCATION","cwSelIdx":[],"type":"ENTITY","keyword":"[원주시]","e_type":"NEW"},{"st":220,"eIdx":12,"ancestor":"","en":225,"ne_type":"","keyword":"[정지뜰]","e_type":"WIKILINK"}],"wikiPageId":207813,"pIdx":1,"text":"고추장(-醬)은 고춧가루를 주원료로 하여 찹쌀과 메주등을 섞어 만드는 [한국]의 [전통음식]이다. [된장], [간장]과 함께 [한국]의 대표적인 전통 [양념] 중 하나로, [한국_요리]에서 고추장의 쓰임새는 매우 다양하다. 담글 때 마늘, 무, 더덕, 도라지, 매실 등을 박아 넣어 [장아찌]를 만들기도 한다. 고추장은 [섬진강]에 인접한 [전라북도] [순창군]이 유명하다. 이밖에 [원주시] [정지뜰] 지역 등에 토속적인 고추장이 있다."}