{"result":[{"verbs":[{"word_id":5,"ancestor":["1-0"],"verb":"등장","cwStateCd":"FIXED","cwSelIdx":0}],"text":"<메이오_세츠나>()(한명: <이사벨_1세>)는, [타케우치_나오코]의 만화작품인 《[미소녀전사_세일러문]》에 등장하는 가공의 인물이다."},{"verbs":[],"text":"TV 애니메이션 판에서 목소리를 맡은 성우로는, [일본]에서 [카와시마_치요코], [한국]에서는 [KBS]판에선 [이선]이, [대원방송] 재더빙판에서는 [박고운]이 맡았다."}],"globalSId":[2428874,2428875],"entities":[{"st":0,"eIdx":0,"ancestor":"","en":9,"ne_type":"","keyword":"<메이오_세츠나>","e_type":"ELU"},{"st":16,"eIdx":1,"ancestor":"","en":24,"ne_type":"","keyword":"<이사벨_1세>","e_type":"ELU"},{"st":28,"eIdx":2,"ancestor":"","en":38,"ne_type":"","keyword":"[타케우치_나오코]","e_type":"WIKILINK"},{"st":47,"eIdx":3,"ancestor":"","en":59,"ne_type":"","keyword":"[미소녀전사_세일러문]","e_type":"WIKILINK"},{"st":104,"eIdx":4,"ancestor":"-2","en":107,"cwStateCd":"FIXED","ne_type":"LOCATION","cwSelIdx":[],"type":"ENTITY","keyword":"[일본]","e_type":"NEW"},{"st":111,"eIdx":5,"ancestor":"","en":121,"ne_type":"","keyword":"[카와시마_치요코]","e_type":"WIKILINK"},{"st":123,"eIdx":6,"ancestor":"-2","en":126,"cwStateCd":"FIXED","ne_type":"LOCATION","cwSelIdx":[],"type":"ENTITY","keyword":"[한국]","e_type":"NEW"},{"st":131,"eIdx":7,"ancestor":"-2","en":135,"cwStateCd":"FIXED","ne_type":"ORGANIZATION","cwSelIdx":[],"type":"ENTITY","keyword":"[KBS]","e_type":"NEW"},{"st":140,"eIdx":8,"ancestor":"","en":144,"ne_type":"","keyword":"[이선]","e_type":"WIKILINK"},{"st":147,"eIdx":9,"ancestor":"-2","en":152,"cwStateCd":"FIXED","ne_type":"ORGANIZATION","cwSelIdx":[],"type":"ENTITY","keyword":"[대원방송]","e_type":"NEW"},{"st":162,"eIdx":10,"ancestor":"","en":167,"ne_type":"","keyword":"[박고운]","e_type":"WIKILINK"}],"wikiPageId":616755,"pIdx":1,"text":"<메이오_세츠나>()(한명: <이사벨_1세>)는, [타케우치_나오코]의 만화작품인 《[미소녀전사_세일러문]》에 등장하는 가공의 인물이다. TV 애니메이션 판에서 목소리를 맡은 성우로는, [일본]에서 [카와시마_치요코], [한국]에서는 [KBS]판에선 [이선]이, [대원방송] 재더빙판에서는 [박고운]이 맡았다."}