{"result":[{"verbs":[],"text":"[타이탄_사커_콤플렉스](Titan Soccer Complex)은 [미국]의 [축구_전용_경기장]이다."},{"verbs":[{"word_id":2,"ancestor":["1-0"],"verb":"위치","cwStateCd":"FIXED","cwSelIdx":0}],"text":"[플로리다_주] [멜번_(플로리다_주)]에 위치하고 있으며 [유나이티드_사커_리그] [올랜도_시티_B]의 홈경기장이다."}],"globalSId":[3668447,3668448],"entities":[{"st":0,"eIdx":0,"ancestor":"-2","en":12,"cwStateCd":"FIXED","ne_type":"LOCATION","cwSelIdx":[],"type":"ENTITY","keyword":"[타이탄_사커_콤플렉스]","e_type":"NEW"},{"st":37,"eIdx":1,"ancestor":"","en":41,"ne_type":"","keyword":"[미국]","e_type":"WIKILINK"},{"st":43,"eIdx":2,"ancestor":"","en":54,"ne_type":"","keyword":"[축구_전용_경기장]","e_type":"WIKILINK"},{"st":58,"eIdx":3,"ancestor":"","en":66,"ne_type":"","keyword":"[플로리다_주]","e_type":"WIKILINK"},{"st":67,"eIdx":4,"ancestor":"","en":80,"ne_type":"","keyword":"[멜번_(플로리다_주)]","e_type":"WIKILINK"},{"st":91,"eIdx":5,"ancestor":"","en":104,"ne_type":"","keyword":"[유나이티드_사커_리그]","e_type":"WIKILINK"},{"st":105,"eIdx":6,"ancestor":"","en":115,"ne_type":"","keyword":"[올랜도_시티_B]","e_type":"WIKILINK"}],"wikiPageId":1391919,"pIdx":1,"text":"[타이탄_사커_콤플렉스](Titan Soccer Complex)은 [미국]의 [축구_전용_경기장]이다. [플로리다_주] [멜번_(플로리다_주)]에 위치하고 있으며 [유나이티드_사커_리그] [올랜도_시티_B]의 홈경기장이다."}