{"result":[{"verbs":[{"word_id":4,"ancestor":["1-0"],"verb":"결성","cwStateCd":"FIXED","cwSelIdx":0}],"text":"[헬하임](Helheim)는 [1992년]에 [노르웨이]의 [베르겐]에서 결성된 [바이킹_메탈] [블랙_메탈] 밴드이다."},{"verbs":[{"word_id":9,"ancestor":["1-0"],"verb":"꼽히","cwStateCd":"FIXED","cwSelIdx":0}],"text":"이들은 [인슬레이브드] 등과 함께 <노르웨이>의 대표적인 바이킹 메탈 밴드로 꼽힌다."},{"verbs":[{"word_id":3,"ancestor":["1-10"],"verb":"등장","cwStateCd":"FIXED","cwSelIdx":22},{"word_id":5,"ancestor":"-2","verb":"따오","cwStateCd":"FIXED","cwSelIdx":[]}],"text":"'[헬하임]'이라는 이름은 [북유럽_신화]에 등장하는 [헬헤임]에서 따온 이름이다."}],"globalSId":[3534213,3534214,3534215],"entities":[{"st":0,"eIdx":0,"ancestor":"-2","en":4,"cwStateCd":"FIXED","ne_type":"ETC","cwSelIdx":[],"type":"ENTITY","keyword":"[헬하임]","e_type":"NEW"},{"st":16,"eIdx":1,"ancestor":"","en":23,"ne_type":"","keyword":"[1992년]","e_type":"WIKILINK"},{"st":25,"eIdx":2,"ancestor":"","en":31,"ne_type":"","keyword":"[노르웨이]","e_type":"WIKILINK"},{"st":33,"eIdx":3,"ancestor":"","en":38,"ne_type":"","keyword":"[베르겐]","e_type":"WIKILINK"},{"st":45,"eIdx":4,"ancestor":"","en":53,"ne_type":"","keyword":"[바이킹_메탈]","e_type":"WIKILINK"},{"st":54,"eIdx":5,"ancestor":"","en":61,"ne_type":"","keyword":"[블랙_메탈]","e_type":"WIKILINK"},{"st":72,"eIdx":6,"ancestor":"","en":80,"ne_type":"","keyword":"[인슬레이브드]","e_type":"WIKILINK"},{"st":87,"eIdx":7,"ancestor":"","en":93,"ne_type":"","keyword":"<노르웨이>","e_type":"ELU"},{"st":117,"eIdx":8,"ancestor":"1-0","en":120,"cwStateCd":"FIXED","ne_type":"ETC","cwSelIdx":0,"type":"ENTITY","keyword":"[헬하임]","e_type":"NEW"},{"st":131,"eIdx":9,"ancestor":"","en":139,"ne_type":"","keyword":"[북유럽_신화]","e_type":"WIKILINK"},{"st":146,"eIdx":10,"ancestor":"","en":151,"ne_type":"","keyword":"[헬헤임]","e_type":"WIKILINK"}],"wikiPageId":1285928,"pIdx":1,"text":"[헬하임](Helheim)는 [1992년]에 [노르웨이]의 [베르겐]에서 결성된 [바이킹_메탈] [블랙_메탈] 밴드이다. 이들은 [인슬레이브드] 등과 함께 <노르웨이>의 대표적인 바이킹 메탈 밴드로 꼽힌다. '[헬하임]'이라는 이름은 [북유럽_신화]에 등장하는 [헬헤임]에서 따온 이름이다."}