{"result":[{"verbs":[],"text":"친족 관계."},{"verbs":[{"word_id":1,"ancestor":"-2","verb":"따르","cwStateCd":"FIXED","cwSelIdx":[]},{"word_id":3,"ancestor":"-2","verb":"쓰이","cwStateCd":"FIXED","cwSelIdx":[]},{"word_id":7,"ancestor":"-2","verb":"공통","cwStateCd":"FIXED","cwSelIdx":[]},{"word_id":10,"ancestor":"-2","verb":"갈라지","cwStateCd":"FIXED","cwSelIdx":[]},{"word_id":13,"ancestor":"-2","verb":"따르","cwStateCd":"FIXED","cwSelIdx":[]},{"word_id":17,"ancestor":"-2","verb":"나누","cwStateCd":"FIXED","cwSelIdx":[]}],"text":"[역사언어학]에 따르면 현재 쓰이는 거의 모든 언어는 공통된 몇몇 [조어](祖語)에서 갈라져나왔으므로 그 [조어]에 따라 몇 개의 [어족]으로 나눌 수 있다."},{"verbs":[{"word_id":1,"ancestor":"-2","verb":"들","cwStateCd":"FIXED","cwSelIdx":[]},{"word_id":8,"ancestor":["3-4"],"verb":"갈라지","cwStateCd":"FIXED","cwSelIdx":24},{"word_id":9,"ancestor":["3-4"],"verb":"나오","cwStateCd":"FIXED","cwSelIdx":24}],"text":"예를 들어 [영어]는 다른 [인도유럽어족]의 언어들과 공통의 조어([인도유럽조어])로부터 갈라져 나왔으므로 친족 관계이며 [중국어]는 다른 [시노티베트어족]의 언어들과 친족 관계이다."},{"verbs":[{"word_id":2,"ancestor":"-2","verb":"따르","cwStateCd":"FIXED","cwSelIdx":[]},{"word_id":6,"ancestor":"-2","verb":"하","cwStateCd":"FIXED","cwSelIdx":[]},{"word_id":8,"ancestor":"-2","verb":"구성","cwStateCd":"FIXED","cwSelIdx":[]},{"word_id":10,"ancestor":"-2","verb":"보","cwStateCd":"FIXED","cwSelIdx":[]}],"text":"이 기준에 따르면 고립어는 저마다 홀로 한 어족을 구성하는 것으로 볼 수 있다."},{"verbs":[{"word_id":0,"ancestor":"-2","verb":"이러하","cwStateCd":"FIXED","cwSelIdx":[]},{"word_id":5,"ancestor":"-2","verb":"중요","cwStateCd":"FIXED","cwSelIdx":[]}],"text":"이러한 특징때문에 고립어는 언어학자들에게 매우 중요한 연구 대상이다."}],"globalSId":[79572,79573,79574,79575,79576],"entities":[{"st":7,"eIdx":0,"ancestor":"","en":14,"ne_type":"","keyword":"[역사언어학]","e_type":"WIKILINK"},{"st":44,"eIdx":1,"ancestor":"","en":48,"ne_type":"","keyword":"[조어]","e_type":"WIKILINK"},{"st":66,"eIdx":2,"ancestor":"3-1","en":69,"cwStateCd":"FIXED","ne_type":"ETC","cwSelIdx":11,"type":"ENTITY","keyword":"[조어]","e_type":"NEW"},{"st":80,"eIdx":3,"ancestor":"","en":84,"ne_type":"","keyword":"[어족]","e_type":"WIKILINK"},{"st":102,"eIdx":4,"ancestor":"","en":106,"ne_type":"","keyword":"[영어]","e_type":"WIKILINK"},{"st":111,"eIdx":5,"ancestor":"","en":119,"ne_type":"","keyword":"[인도유럽어족]","e_type":"WIKILINK"},{"st":133,"eIdx":6,"ancestor":"","en":141,"ne_type":"","keyword":"[인도유럽조어]","e_type":"WIKILINK"},{"st":164,"eIdx":7,"ancestor":"","en":169,"ne_type":"","keyword":"[중국어]","e_type":"WIKILINK"},{"st":174,"eIdx":8,"ancestor":"","en":183,"ne_type":"","keyword":"[시노티베트어족]","e_type":"WIKILINK"}],"wikiPageId":5748,"pIdx":3,"text":"친족 관계. [역사언어학]에 따르면 현재 쓰이는 거의 모든 언어는 공통된 몇몇 [조어](祖語)에서 갈라져나왔으므로 그 [조어]에 따라 몇 개의 [어족]으로 나눌 수 있다. 예를 들어 [영어]는 다른 [인도유럽어족]의 언어들과 공통의 조어([인도유럽조어])로부터 갈라져 나왔으므로 친족 관계이며 [중국어]는 다른 [시노티베트어족]의 언어들과 친족 관계이다. 이 기준에 따르면 고립어는 저마다 홀로 한 어족을 구성하는 것으로 볼 수 있다. 이러한 특징때문에 고립어는 언어학자들에게 매우 중요한 연구 대상이다."}