{"result":[{"verbs":[{"word_id":5,"ancestor":["1-5"],"verb":"있","cwStateCd":"FIXED","cwSelIdx":6},{"word_id":8,"ancestor":["1-5"],"verb":"활발하","cwStateCd":"FIXED","cwSelIdx":6}],"text":"<범패스_산>([영어]:Bumpass Mountain)은 [미국] [캘리포니아_주]의 [샤스타]에 있는 [산]으로, [화산_활동]이 활발하다."},{"verbs":[{"word_id":3,"ancestor":["1-7"],"verb":"하","cwStateCd":"FIXED","cwSelIdx":10},{"word_id":6,"ancestor":["1-9"],"verb":"있","cwStateCd":"FIXED","cwSelIdx":13},{"word_id":13,"ancestor":["1-10","1-11","1-12","1-13"],"verb":"있","cwStateCd":"FIXED","cwSelIdx":[17,18,19,21]}],"text":"이 [산]은 [범패스_지옥]이라고 하는 [지열_지역](Geothermal Area)이 있으며, 그곳에서는 [호수], [진흙_화산], [간헐천], 그리고 [유황]까지 있다."},{"verbs":[],"text":"[분화구] 내의 [유황호]에는 [증기]가 나온다."},{"verbs":[{"word_id":1,"ancestor":["1-7"],"verb":"분화","cwStateCd":"FIXED","cwSelIdx":10},{"word_id":3,"ancestor":"-2","verb":"희박하","cwStateCd":"FIXED","cwSelIdx":[]},{"word_id":8,"ancestor":"-2","verb":"일어나","cwStateCd":"FIXED","cwSelIdx":[]}],"text":"이곳은 [분화]할 가능성은 희박하지만, 주봉이 [래슨피크_산]에서는 [분화] 조짐이 일어나고 있다."}],"globalSId":[2858335,2858336,2858337,2858338],"entities":[{"st":0,"eIdx":0,"ancestor":"","en":7,"ne_type":"","keyword":"<범패스_산>","e_type":"ELU"},{"st":8,"eIdx":1,"ancestor":"","en":12,"ne_type":"","keyword":"[영어]","e_type":"WIKILINK"},{"st":32,"eIdx":2,"ancestor":"","en":36,"ne_type":"","keyword":"[미국]","e_type":"WIKILINK"},{"st":37,"eIdx":3,"ancestor":"","en":46,"ne_type":"","keyword":"[캘리포니아_주]","e_type":"WIKILINK"},{"st":48,"eIdx":4,"ancestor":"","en":53,"ne_type":"","keyword":"[샤스타]","e_type":"WIKILINK"},{"st":58,"eIdx":5,"ancestor":"","en":61,"ne_type":"","keyword":"[산]","e_type":"WIKILINK"},{"st":65,"eIdx":6,"ancestor":"","en":72,"ne_type":"","keyword":"[화산_활동]","e_type":"WIKILINK"},{"st":82,"eIdx":7,"ancestor":"","en":85,"ne_type":"","keyword":"[산]","e_type":"WIKILINK"},{"st":87,"eIdx":8,"ancestor":"","en":95,"ne_type":"","keyword":"[범패스_지옥]","e_type":"WIKILINK"},{"st":102,"eIdx":9,"ancestor":"-2","en":108,"cwStateCd":"FIXED","ne_type":"LOCATION","cwSelIdx":11,"type":"ENTITY","keyword":"[지열_지역]","e_type":"NEW"},{"st":139,"eIdx":10,"ancestor":"","en":143,"ne_type":"","keyword":"[호수]","e_type":"WIKILINK"},{"st":145,"eIdx":11,"ancestor":"","en":152,"ne_type":"","keyword":"[진흙_화산]","e_type":"WIKILINK"},{"st":154,"eIdx":12,"ancestor":"","en":159,"ne_type":"","keyword":"[간헐천]","e_type":"WIKILINK"},{"st":165,"eIdx":13,"ancestor":"","en":169,"ne_type":"","keyword":"[유황]","e_type":"WIKILINK"},{"st":176,"eIdx":14,"ancestor":"","en":181,"ne_type":"","keyword":"[분화구]","e_type":"WIKILINK"},{"st":185,"eIdx":15,"ancestor":"","en":190,"ne_type":"","keyword":"[유황호]","e_type":"WIKILINK"},{"st":193,"eIdx":16,"ancestor":"","en":197,"ne_type":"","keyword":"[증기]","e_type":"WIKILINK"},{"st":208,"eIdx":17,"ancestor":"","en":212,"ne_type":"","keyword":"[분화]","e_type":"WIKILINK"},{"st":230,"eIdx":18,"ancestor":"","en":238,"ne_type":"","keyword":"[래슨피크_산]","e_type":"WIKILINK"},{"st":242,"eIdx":19,"ancestor":"","en":246,"ne_type":"","keyword":"[분화]","e_type":"WIKILINK"}],"wikiPageId":823658,"pIdx":1,"text":"<범패스_산>([영어]:Bumpass Mountain)은 [미국] [캘리포니아_주]의 [샤스타]에 있는 [산]으로, [화산_활동]이 활발하다. 이 [산]은 [범패스_지옥]이라고 하는 [지열_지역](Geothermal Area)이 있으며, 그곳에서는 [호수], [진흙_화산], [간헐천], 그리고 [유황]까지 있다. [분화구] 내의 [유황호]에는 [증기]가 나온다. 이곳은 [분화]할 가능성은 희박하지만, 주봉이 [래슨피크_산]에서는 [분화] 조짐이 일어나고 있다."}