{"result":[{"verbs":[{"word_id":6,"ancestor":["1-0"],"verb":"있","cwStateCd":"FIXED","cwSelIdx":0}],"text":"<초트_로즈메리_홀>(Choate Rosemary Hall)은 [미국] [코네티컷_주]의 [월링퍼드_(코네티컷_주)]에 있는 사립 [고등학교]이다."},{"verbs":[{"word_id":3,"ancestor":"-2","verb":"해당","cwStateCd":"FIXED","cwSelIdx":[]}],"text":"([미국] 학제에서 9~12학년에 해당하는 과정이다) 설립 연도는 [1890년]이고, [1971년]부터 남녀공학을 실시하고 있다."},{"verbs":[],"text":"[미국]의 거의 모든 [주_(행정_구역)]에서, 그리고 세계 33개국으로부터 학생들이 오고 있다."},{"verbs":[{"word_id":4,"ancestor":"-2","verb":"이르","cwStateCd":"FIXED","cwSelIdx":[]}],"text":"(외국인 학생 수는 30%에 이른다) 입학 허가율은 24% 정도이다."},{"verbs":[{"word_id":9,"ancestor":["1-0"],"verb":"유명","cwStateCd":"FIXED","cwSelIdx":0}],"text":"<대한민국> 정치인 <홍정욱>과 미국 제35대 대통령 [존_F._케네디]가 졸업한 학교로 유명하다."}],"globalSId":[1208484,1208485,1208486,1208487,1208488,1208489],"entities":[{"st":0,"eIdx":0,"ancestor":"","en":11,"ne_type":"","keyword":"<초트_로즈메리_홀>","e_type":"ELU"},{"st":35,"eIdx":1,"ancestor":"","en":39,"ne_type":"","keyword":"[미국]","e_type":"WIKILINK"},{"st":40,"eIdx":2,"ancestor":"","en":48,"ne_type":"","keyword":"[코네티컷_주]","e_type":"WIKILINK"},{"st":50,"eIdx":3,"ancestor":"","en":65,"ne_type":"","keyword":"[월링퍼드_(코네티컷_주)]","e_type":"WIKILINK"},{"st":73,"eIdx":4,"ancestor":"","en":79,"ne_type":"","keyword":"[고등학교]","e_type":"WIKILINK"},{"st":84,"eIdx":5,"ancestor":"1-1","en":86,"cwStateCd":"FIXED","ne_type":"LOCATION","cwSelIdx":3,"type":"ENTITY","keyword":"[미국]","e_type":"NEW"},{"st":120,"eIdx":6,"ancestor":"","en":127,"ne_type":"","keyword":"[1890년]","e_type":"WIKILINK"},{"st":131,"eIdx":7,"ancestor":"","en":138,"ne_type":"","keyword":"[1971년]","e_type":"WIKILINK"},{"st":156,"eIdx":8,"ancestor":"1-5","en":159,"cwStateCd":"FIXED","ne_type":"LOCATION","cwSelIdx":9,"type":"ENTITY","keyword":"[미국]","e_type":"NEW"},{"st":168,"eIdx":9,"ancestor":"","en":179,"ne_type":"","keyword":"[주_(행정_구역)]","e_type":"WIKILINK"},{"st":250,"eIdx":10,"ancestor":"","en":256,"ne_type":"","keyword":"<대한민국>","e_type":"ELU"},{"st":261,"eIdx":11,"ancestor":"","en":266,"ne_type":"","keyword":"<홍정욱>","e_type":"ELU"},{"st":280,"eIdx":12,"ancestor":"-2","en":289,"cwStateCd":"FIXED","ne_type":"PERSON","cwSelIdx":[],"type":"ENTITY","keyword":"[존_F._케네디]","e_type":"NEW"}],"wikiPageId":190597,"pIdx":1,"text":"<초트_로즈메리_홀>(Choate Rosemary Hall)은 [미국] [코네티컷_주]의 [월링퍼드_(코네티컷_주)]에 있는 사립 [고등학교]이다. ([미국] 학제에서 9~12학년에 해당하는 과정이다) 설립 연도는 [1890년]이고, [1971년]부터 남녀공학을 실시하고 있다. [미국]의 거의 모든 [주_(행정_구역)]에서, 그리고 세계 33개국으로부터 학생들이 오고 있다. (외국인 학생 수는 30%에 이른다) 입학 허가율은 24% 정도이다. <대한민국> 정치인 <홍정욱>과 미국 제35대 대통령 [존_F._케네디]가 졸업한 학교로 유명하다."}