{"result":[{"verbs":[{"word_id":8,"ancestor":"-1","verb":"참신","cwStateCd":"FIXED","cwSelIdx":[]},{"word_id":11,"ancestor":"-1","verb":"많","cwStateCd":"FIXED","cwSelIdx":[]},{"word_id":13,"ancestor":["1-0"],"verb":"매료","cwStateCd":"FIXED","cwSelIdx":0},{"word_id":16,"ancestor":["1-0"],"verb":"놓이","cwStateCd":"FIXED","cwSelIdx":0}],"text":"고정 화면형의 [슈팅_게임]으로 [갤럭시안]의 속편으로 등장, 발매 당시 참신한 게임 전개로 많은 팬들을 매료시켜 오랫동안 오락실에 놓이게 되었다."},{"verbs":[{"word_id":7,"ancestor":"-1","verb":"되","cwStateCd":"FIXED","cwSelIdx":[]},{"word_id":12,"ancestor":["3-8"],"verb":"발매","cwStateCd":"FIXED","cwSelIdx":29}],"text":"또, [패밀리_컴퓨터], [플레이스테이션] 등의 [가정용_게임기]나 [개인용_컴퓨터]로 이식이 되었으며, [1987년] [12월]에는 속편, [갤러가_'88]이 발매되었다."},{"verbs":[{"word_id":2,"ancestor":"-1","verb":"있","cwStateCd":"FIXED","cwSelIdx":[]},{"word_id":3,"ancestor":"-2","verb":"합체하","cwStateCd":"FIXED","cwSelIdx":[]},{"word_id":7,"ancestor":"-2","verb":"제압","cwStateCd":"FIXED","cwSelIdx":[]},{"word_id":11,"ancestor":"-2","verb":"공격","cwStateCd":"FIXED","cwSelIdx":[]},{"word_id":14,"ancestor":"-2","verb":"넓어지","cwStateCd":"FIXED","cwSelIdx":[]},{"word_id":16,"ancestor":"-2","verb":"따르","cwStateCd":"FIXED","cwSelIdx":[]}],"text":"합체 기능이 있어 합체하면 더 빨리 적을 제압할 수 있지만 그만큼 공격당하는 피격 범위가 넓어지므로 위험도 따른다."},{"verbs":[{"word_id":1,"ancestor":"-2","verb":"오르","cwStateCd":"FIXED","cwSelIdx":[]},{"word_id":4,"ancestor":"-2","verb":"발사","cwStateCd":"FIXED","cwSelIdx":[]},{"word_id":7,"ancestor":"-2","verb":"많아지","cwStateCd":"FIXED","cwSelIdx":[]}],"text":"레벨이 오를수록 적의 속도와 발사하는 미사일의 양도 많아진다."}],"globalSId":[524027,524028,524029,524030],"entities":[{"st":8,"eIdx":0,"ancestor":"","en":15,"ne_type":"","keyword":"[슈팅_게임]","e_type":"WIKILINK"},{"st":18,"eIdx":1,"ancestor":"","en":24,"ne_type":"","keyword":"[갤럭시안]","e_type":"WIKILINK"},{"st":86,"eIdx":2,"ancestor":"","en":95,"ne_type":"","keyword":"[패밀리_컴퓨터]","e_type":"WIKILINK"},{"st":97,"eIdx":3,"ancestor":"","en":106,"ne_type":"","keyword":"[플레이스테이션]","e_type":"WIKILINK"},{"st":110,"eIdx":4,"ancestor":"","en":119,"ne_type":"","keyword":"[가정용_게임기]","e_type":"WIKILINK"},{"st":121,"eIdx":5,"ancestor":"","en":130,"ne_type":"","keyword":"[개인용_컴퓨터]","e_type":"WIKILINK"},{"st":142,"eIdx":6,"ancestor":"","en":149,"ne_type":"","keyword":"[1987년]","e_type":"WIKILINK"},{"st":150,"eIdx":7,"ancestor":"","en":155,"ne_type":"","keyword":"[12월]","e_type":"WIKILINK"},{"st":162,"eIdx":8,"ancestor":"","en":171,"ne_type":"","keyword":"[갤러가_'88]","e_type":"WIKILINK"}],"wikiPageId":61963,"pIdx":3,"text":"고정 화면형의 [슈팅_게임]으로 [갤럭시안]의 속편으로 등장, 발매 당시 참신한 게임 전개로 많은 팬들을 매료시켜 오랫동안 오락실에 놓이게 되었다. 또, [패밀리_컴퓨터], [플레이스테이션] 등의 [가정용_게임기]나 [개인용_컴퓨터]로 이식이 되었으며, [1987년] [12월]에는 속편, [갤러가_'88]이 발매되었다. 합체 기능이 있어 합체하면 더 빨리 적을 제압할 수 있지만 그만큼 공격당하는 피격 범위가 넓어지므로 위험도 따른다. 레벨이 오를수록 적의 속도와 발사하는 미사일의 양도 많아진다."}