{"result":[{"verbs":[{"word_id":4,"ancestor":["1-0"],"verb":"위치","cwStateCd":"FIXED","cwSelIdx":0}],"text":"<도키마타_역>()은 [일본] [나가노_현] [이다_시]에 위치한 [도카이_여객철도] [이다_선]의 [철도역]이다."},{"verbs":[{"word_id":4,"ancestor":["1-0"],"verb":"갖추","cwStateCd":"FIXED","cwSelIdx":0}],"text":"[상대식_승강장] 2면 2선의 구조를 갖춘 지상역이다."}],"globalSId":[3417471,3417472],"entities":[{"st":0,"eIdx":0,"ancestor":"","en":8,"ne_type":"","keyword":"<도키마타_역>","e_type":"ELU"},{"st":12,"eIdx":1,"ancestor":"","en":16,"ne_type":"","keyword":"[일본]","e_type":"WIKILINK"},{"st":17,"eIdx":2,"ancestor":"","en":24,"ne_type":"","keyword":"[나가노_현]","e_type":"WIKILINK"},{"st":25,"eIdx":3,"ancestor":"","en":31,"ne_type":"","keyword":"[이다_시]","e_type":"WIKILINK"},{"st":37,"eIdx":4,"ancestor":"","en":47,"ne_type":"","keyword":"[도카이_여객철도]","e_type":"WIKILINK"},{"st":48,"eIdx":5,"ancestor":"","en":54,"ne_type":"","keyword":"[이다_선]","e_type":"WIKILINK"},{"st":56,"eIdx":6,"ancestor":"","en":61,"ne_type":"","keyword":"[철도역]","e_type":"WIKILINK"},{"st":65,"eIdx":7,"ancestor":"","en":74,"ne_type":"","keyword":"[상대식_승강장]","e_type":"WIKILINK"}],"wikiPageId":1174159,"pIdx":1,"text":"<도키마타_역>()은 [일본] [나가노_현] [이다_시]에 위치한 [도카이_여객철도] [이다_선]의 [철도역]이다. [상대식_승강장] 2면 2선의 구조를 갖춘 지상역이다."}