{"result":[{"verbs":[{"word_id":6,"ancestor":"-1","verb":"배","cwStateCd":"FIXED","cwSelIdx":[]}],"text":"[메르세데스_벤츠_스프린터]()는 [독일] [메르세데스-벤츠]가 생산하는 <승합차>이자 상용 밴, 초대형 [픽업_트럭], 소형 및 준중형 [트럭], [미니버스]이다."},{"verbs":[{"word_id":4,"ancestor":["1-9"],"verb":"판매","cwStateCd":"FIXED","cwSelIdx":17},{"word_id":9,"ancestor":["1-0"],"verb":"팔리","cwStateCd":"FIXED","cwSelIdx":0}],"text":"[미국]의 경우 [2001년]부터 [프라이트라이너_트럭]에서 판매하고 있는데, 한때 [닷지] <브랜드>로도 팔렸었다."},{"verbs":[{"word_id":6,"ancestor":["1-0"],"verb":"쓰이","cwStateCd":"FIXED","cwSelIdx":0},{"word_id":10,"ancestor":["1-0"],"verb":"알려지","cwStateCd":"FIXED","cwSelIdx":0},{"word_id":12,"ancestor":"-2","verb":"보이","cwStateCd":"FIXED","cwSelIdx":[]}],"text":"[대한민국]에서는 연예인 전용 및 [구급차]를 주로 쓰이며, [현대_쏠라티]의 원형 차종으로 알려진 것으로 보인다."}],"globalSId":[3579471,3579472,3579473],"entities":[{"st":0,"eIdx":0,"ancestor":"-2","en":14,"cwStateCd":"FIXED","ne_type":"ORGANIZATION","cwSelIdx":[],"type":"ENTITY","keyword":"[메르세데스_벤츠_스프린터]","e_type":"NEW"},{"st":19,"eIdx":1,"ancestor":"","en":23,"ne_type":"","keyword":"[독일]","e_type":"WIKILINK"},{"st":24,"eIdx":2,"ancestor":"","en":34,"ne_type":"","keyword":"[메르세데스-벤츠]","e_type":"WIKILINK"},{"st":41,"eIdx":3,"ancestor":"","en":46,"ne_type":"","keyword":"<승합차>","e_type":"ELU"},{"st":59,"eIdx":4,"ancestor":"","en":66,"ne_type":"","keyword":"[픽업_트럭]","e_type":"WIKILINK"},{"st":77,"eIdx":5,"ancestor":"","en":81,"ne_type":"","keyword":"[트럭]","e_type":"WIKILINK"},{"st":83,"eIdx":6,"ancestor":"","en":89,"ne_type":"","keyword":"[미니버스]","e_type":"WIKILINK"},{"st":93,"eIdx":7,"ancestor":"","en":97,"ne_type":"","keyword":"[미국]","e_type":"WIKILINK"},{"st":102,"eIdx":8,"ancestor":"","en":109,"ne_type":"","keyword":"[2001년]","e_type":"WIKILINK"},{"st":112,"eIdx":9,"ancestor":"","en":124,"ne_type":"","keyword":"[프라이트라이너_트럭]","e_type":"WIKILINK"},{"st":140,"eIdx":10,"ancestor":"","en":144,"ne_type":"","keyword":"[닷지]","e_type":"WIKILINK"},{"st":145,"eIdx":11,"ancestor":"","en":150,"ne_type":"","keyword":"<브랜드>","e_type":"ELU"},{"st":159,"eIdx":12,"ancestor":"","en":165,"ne_type":"","keyword":"[대한민국]","e_type":"WIKILINK"},{"st":178,"eIdx":13,"ancestor":"","en":183,"ne_type":"","keyword":"[구급차]","e_type":"WIKILINK"},{"st":193,"eIdx":14,"ancestor":"","en":201,"ne_type":"","keyword":"[현대_쏠라티]","e_type":"WIKILINK"}],"wikiPageId":1318670,"pIdx":1,"text":"[메르세데스_벤츠_스프린터]()는 [독일] [메르세데스-벤츠]가 생산하는 <승합차>이자 상용 밴, 초대형 [픽업_트럭], 소형 및 준중형 [트럭], [미니버스]이다. [미국]의 경우 [2001년]부터 [프라이트라이너_트럭]에서 판매하고 있는데, 한때 [닷지] <브랜드>로도 팔렸었다. [대한민국]에서는 연예인 전용 및 [구급차]를 주로 쓰이며, [현대_쏠라티]의 원형 차종으로 알려진 것으로 보인다."}