{"result":[{"verbs":[],"text":"<매봉산_(경남)>(妹峰山, 鷹峰山)은 [대한민국] [경상남도] [밀양시] [삼랑진읍] [송지리] [신천마을]과 [삼랑리(낙동)]에 걸쳐 있는 높이 283.7m의 [산]이다."},{"verbs":[{"word_id":6,"ancestor":["1-0","1-9","1-10","1-11","1-12"],"verb":"에워싸","cwStateCd":"FIXED","cwSelIdx":[0,14,15,16,17]},{"word_id":10,"ancestor":"-1","verb":"비","cwStateCd":"FIXED","cwSelIdx":[]},{"word_id":11,"ancestor":["1-0"],"verb":"나지막하","cwStateCd":"FIXED","cwSelIdx":0},{"word_id":16,"ancestor":["1-0"],"verb":"빠지","cwStateCd":"FIXED","cwSelIdx":0},{"word_id":18,"ancestor":["1-0"],"verb":"들어가","cwStateCd":"FIXED","cwSelIdx":0},{"word_id":21,"ancestor":["1-0"],"verb":"상징","cwStateCd":"FIXED","cwSelIdx":0},{"word_id":23,"ancestor":"-1","verb":"하","cwStateCd":"FIXED","cwSelIdx":[]}],"text":"[만어산], [구천산], [금오산_(경남_밀양\/양산)], [천태산_(경상남도)] 등 [삼랑진]을 에워싸고 있는 다른 산에 비하면 나지막하지만 [삼랑진] 관내 학교 교가에 빠지지 않고 들어갈 만큼 <삼랑진읍>을 상징하는 산이라 할 수 있다."}],"globalSId":[1877840,1877841],"entities":[{"st":0,"eIdx":0,"ancestor":"","en":10,"ne_type":"","keyword":"<매봉산_(경남)>","e_type":"ELU"},{"st":22,"eIdx":1,"ancestor":"","en":28,"ne_type":"","keyword":"[대한민국]","e_type":"WIKILINK"},{"st":29,"eIdx":2,"ancestor":"","en":35,"ne_type":"","keyword":"[경상남도]","e_type":"WIKILINK"},{"st":36,"eIdx":3,"ancestor":"","en":41,"ne_type":"","keyword":"[밀양시]","e_type":"WIKILINK"},{"st":42,"eIdx":4,"ancestor":"","en":48,"ne_type":"","keyword":"[삼랑진읍]","e_type":"WIKILINK"},{"st":49,"eIdx":5,"ancestor":"-2","en":53,"cwStateCd":"FIXED","ne_type":"LOCATION","cwSelIdx":[],"type":"ENTITY","keyword":"[송지리]","e_type":"NEW"},{"st":55,"eIdx":6,"ancestor":"-2","en":60,"cwStateCd":"FIXED","ne_type":"LOCATION","cwSelIdx":[],"type":"ENTITY","keyword":"[신천마을]","e_type":"NEW"},{"st":63,"eIdx":7,"ancestor":"-2","en":71,"cwStateCd":"FIXED","ne_type":"LOCATION","cwSelIdx":[],"type":"ENTITY","keyword":"[삼랑리(낙동)]","e_type":"NEW"},{"st":91,"eIdx":8,"ancestor":"","en":94,"ne_type":"","keyword":"[산]","e_type":"WIKILINK"},{"st":98,"eIdx":9,"ancestor":"","en":103,"ne_type":"","keyword":"[만어산]","e_type":"WIKILINK"},{"st":105,"eIdx":10,"ancestor":"","en":110,"ne_type":"","keyword":"[구천산]","e_type":"WIKILINK"},{"st":112,"eIdx":11,"ancestor":"","en":128,"ne_type":"","keyword":"[금오산_(경남_밀양\/양산)]","e_type":"WIKILINK"},{"st":130,"eIdx":12,"ancestor":"","en":142,"ne_type":"","keyword":"[천태산_(경상남도)]","e_type":"WIKILINK"},{"st":145,"eIdx":13,"ancestor":"","en":150,"ne_type":"","keyword":"[삼랑진]","e_type":"WIKILINK"},{"st":177,"eIdx":14,"ancestor":"-2","en":181,"cwStateCd":"FIXED","ne_type":"LOCATION","cwSelIdx":[],"type":"ENTITY","keyword":"[삼랑진]","e_type":"NEW"},{"st":207,"eIdx":15,"ancestor":"","en":213,"ne_type":"","keyword":"<삼랑진읍>","e_type":"ELU"}],"wikiPageId":373571,"pIdx":1,"text":"<매봉산_(경남)>(妹峰山, 鷹峰山)은 [대한민국] [경상남도] [밀양시] [삼랑진읍] [송지리] [신천마을]과 [삼랑리(낙동)]에 걸쳐 있는 높이 283.7m의 [산]이다. [만어산], [구천산], [금오산_(경남_밀양\/양산)], [천태산_(경상남도)] 등 [삼랑진]을 에워싸고 있는 다른 산에 비하면 나지막하지만 [삼랑진] 관내 학교 교가에 빠지지 않고 들어갈 만큼 <삼랑진읍>을 상징하는 산이라 할 수 있다."}