{"result":[{"verbs":[{"word_id":8,"ancestor":["1-0"],"verb":"발원","cwStateCd":"FIXED","cwSelIdx":0},{"word_id":15,"ancestor":["1-0"],"verb":"흘러들","cwStateCd":"FIXED","cwSelIdx":0}],"text":"<외황강>(外煌江)은 [울산광역시] [울주군] [청량면] [율리]의 [문수산] [청송사지] 약수터에서 발원하여 [울산광역시] [온산읍] [처용리]와 [남구_(울산광역시)] <선암동_(울산)>에서 [동해]로 흘러드는 하천이다."},{"verbs":[{"word_id":0,"ancestor":"-2","verb":"흐르","cwStateCd":"FIXED","cwSelIdx":[]},{"word_id":3,"ancestor":"-2","verb":"거치","cwStateCd":"FIXED","cwSelIdx":[]}],"text":"흐르는 도중에 [두현저수지]를 거친다."}],"globalSId":[2475760,2475761],"entities":[{"st":0,"eIdx":0,"ancestor":"","en":5,"ne_type":"","keyword":"<외황강>","e_type":"ELU"},{"st":12,"eIdx":1,"ancestor":"","en":19,"ne_type":"","keyword":"[울산광역시]","e_type":"WIKILINK"},{"st":20,"eIdx":2,"ancestor":"","en":25,"ne_type":"","keyword":"[울주군]","e_type":"WIKILINK"},{"st":26,"eIdx":3,"ancestor":"","en":31,"ne_type":"","keyword":"[청량면]","e_type":"WIKILINK"},{"st":32,"eIdx":4,"ancestor":"-2","en":35,"cwStateCd":"FIXED","ne_type":"LOCATION","cwSelIdx":[],"type":"ENTITY","keyword":"[율리]","e_type":"NEW"},{"st":38,"eIdx":5,"ancestor":"","en":43,"ne_type":"","keyword":"[문수산]","e_type":"WIKILINK"},{"st":44,"eIdx":6,"ancestor":"","en":50,"ne_type":"","keyword":"[청송사지]","e_type":"WIKILINK"},{"st":62,"eIdx":7,"ancestor":"","en":69,"ne_type":"","keyword":"[울산광역시]","e_type":"WIKILINK"},{"st":70,"eIdx":8,"ancestor":"","en":75,"ne_type":"","keyword":"[온산읍]","e_type":"WIKILINK"},{"st":76,"eIdx":9,"ancestor":"-2","en":80,"cwStateCd":"FIXED","ne_type":"LOCATION","cwSelIdx":[],"type":"ENTITY","keyword":"[처용리]","e_type":"NEW"},{"st":83,"eIdx":10,"ancestor":"","en":95,"ne_type":"","keyword":"[남구_(울산광역시)]","e_type":"WIKILINK"},{"st":96,"eIdx":11,"ancestor":"","en":106,"ne_type":"","keyword":"<선암동_(울산)>","e_type":"ELU"},{"st":109,"eIdx":12,"ancestor":"","en":113,"ne_type":"","keyword":"[동해]","e_type":"WIKILINK"},{"st":134,"eIdx":13,"ancestor":"","en":141,"ne_type":"","keyword":"[두현저수지]","e_type":"WIKILINK"}],"wikiPageId":637486,"pIdx":1,"text":"<외황강>(外煌江)은 [울산광역시] [울주군] [청량면] [율리]의 [문수산] [청송사지] 약수터에서 발원하여 [울산광역시] [온산읍] [처용리]와 [남구_(울산광역시)] <선암동_(울산)>에서 [동해]로 흘러드는 하천이다. 흐르는 도중에 [두현저수지]를 거친다."}