{"result":[{"verbs":[{"word_id":8,"ancestor":["1-0","1-1"],"verb":"위치","cwStateCd":"FIXED","cwSelIdx":[0,1]}],"text":"[빅_샌디_슈퍼스토어] <아레나>(Big Sandy Superstore Arena)는 [미국] [웨스트버지니아_주] [헌팅턴_(웨스트버지니아_주)]에 위치한 실내 <경기장>이다."},{"verbs":[{"word_id":4,"ancestor":["1-0","1-1"],"verb":"사용","cwStateCd":"FIXED","cwSelIdx":[0,1]}],"text":"과거 [ECHL] [텍사스_와일드캐터스]의 홈경기장으로 사용했다."}],"globalSId":[3721698,3721699],"entities":[{"st":0,"eIdx":0,"ancestor":"-2","en":11,"cwStateCd":"FIXED","ne_type":"LOCATION","cwSelIdx":[],"type":"ENTITY","keyword":"[빅_샌디_슈퍼스토어]","e_type":"NEW"},{"st":13,"eIdx":1,"ancestor":"","en":18,"ne_type":"","keyword":"<아레나>","e_type":"ELU"},{"st":48,"eIdx":2,"ancestor":"","en":52,"ne_type":"","keyword":"[미국]","e_type":"WIKILINK"},{"st":53,"eIdx":3,"ancestor":"","en":64,"ne_type":"","keyword":"[웨스트버지니아_주]","e_type":"WIKILINK"},{"st":65,"eIdx":4,"ancestor":"","en":82,"ne_type":"","keyword":"[헌팅턴_(웨스트버지니아_주)]","e_type":"WIKILINK"},{"st":91,"eIdx":5,"ancestor":"","en":96,"ne_type":"","keyword":"<경기장>","e_type":"ELU"},{"st":103,"eIdx":6,"ancestor":"","en":109,"ne_type":"","keyword":"[ECHL]","e_type":"WIKILINK"},{"st":110,"eIdx":7,"ancestor":"","en":122,"ne_type":"","keyword":"[텍사스_와일드캐터스]","e_type":"WIKILINK"}],"wikiPageId":1438380,"pIdx":1,"text":"[빅_샌디_슈퍼스토어] <아레나>(Big Sandy Superstore Arena)는 [미국] [웨스트버지니아_주] [헌팅턴_(웨스트버지니아_주)]에 위치한 실내 <경기장>이다. 과거 [ECHL] [텍사스_와일드캐터스]의 홈경기장으로 사용했다."}