{"result":[{"verbs":[],"text":"디자인."},{"verbs":[{"word_id":4,"ancestor":"-2","verb":"없","cwStateCd":"FIXED","cwSelIdx":[]},{"word_id":9,"ancestor":"-2","verb":"생산","cwStateCd":"FIXED","cwSelIdx":[]},{"word_id":11,"ancestor":"-2","verb":"대","cwStateCd":"FIXED","cwSelIdx":[]}],"text":"[An-124]기는 원래 제작 계획에 없었으나, [미국]의 [록히드_마틴]이 [록히드_C-5_갤럭시]를 개발, 생산하자 이에 대해 [소련]은 자극을 받아 25% 탑재중량을 더 늘린 [An-124]를 개발하였다."},{"verbs":[],"text":"이 디자인은 미 [보잉]의 [보잉_747]과 [록히드_C-5_갤럭시]의 디자인을 결합시킨 것이다."},{"verbs":[{"word_id":3,"ancestor":"-2","verb":"사용","cwStateCd":"FIXED","cwSelIdx":[]},{"word_id":8,"ancestor":"-2","verb":"싣","cwStateCd":"FIXED","cwSelIdx":[]},{"word_id":11,"ancestor":"-2","verb":"비행","cwStateCd":"FIXED","cwSelIdx":[]}],"text":"최초의 [An-124]가 서방에 사용된 것은 요트와 항공기 부품을 싣고 [캐나다]에서 [아일랜드]로 비행한 것이 시초다."},{"verbs":[{"word_id":6,"ancestor":"-2","verb":"구성","cwStateCd":"FIXED","cwSelIdx":[]},{"word_id":12,"ancestor":"-2","verb":"수송","cwStateCd":"FIXED","cwSelIdx":[]},{"word_id":15,"ancestor":["3-12"],"verb":"설계","cwStateCd":"FIXED","cwSelIdx":45}],"text":"[An-124]기는 미국의 [록히드_C-5_갤럭시]와 같이 2개의 층으로 구성되어 있어 밑에는 화물, 위에는 승객을 수송할 수 있게 설계되었다."},{"verbs":[{"word_id":8,"ancestor":["3-14"],"verb":"확장","cwStateCd":"FIXED","cwSelIdx":61}],"text":"[An-124]의 화물칸의 크기는 36×6.4×4.4 m로 기존 [C-5]의 20%이상 확장시켰다."},{"verbs":[],"text":"([C-5]는 36.91×5.79×4.09 m다)."}],"globalSId":[3396118,3396119,3396120,3396121,3396122,3396123,3396124],"entities":[{"st":5,"eIdx":0,"ancestor":"-2","en":12,"cwStateCd":"FIXED","ne_type":"ETC","cwSelIdx":[],"type":"ENTITY","keyword":"[An-124]","e_type":"NEW"},{"st":32,"eIdx":1,"ancestor":"","en":36,"ne_type":"","keyword":"[미국]","e_type":"WIKILINK"},{"st":38,"eIdx":2,"ancestor":"","en":46,"ne_type":"","keyword":"[록히드_마틴]","e_type":"WIKILINK"},{"st":48,"eIdx":3,"ancestor":"","en":61,"ne_type":"","keyword":"[록히드_C-5_갤럭시]","e_type":"WIKILINK"},{"st":78,"eIdx":4,"ancestor":"","en":82,"ne_type":"","keyword":"[소련]","e_type":"WIKILINK"},{"st":106,"eIdx":5,"ancestor":"3-0","en":113,"cwStateCd":"FIXED","ne_type":"ETC","cwSelIdx":1,"type":"ENTITY","keyword":"[An-124]","e_type":"NEW"},{"st":132,"eIdx":6,"ancestor":"","en":136,"ne_type":"","keyword":"[보잉]","e_type":"WIKILINK"},{"st":138,"eIdx":7,"ancestor":"","en":146,"ne_type":"","keyword":"[보잉_747]","e_type":"WIKILINK"},{"st":148,"eIdx":8,"ancestor":"","en":161,"ne_type":"","keyword":"[록히드_C-5_갤럭시]","e_type":"WIKILINK"},{"st":182,"eIdx":9,"ancestor":"3-0","en":189,"cwStateCd":"FIXED","ne_type":"ETC","cwSelIdx":1,"type":"ENTITY","keyword":"[An-124]","e_type":"NEW"},{"st":218,"eIdx":10,"ancestor":"","en":223,"ne_type":"","keyword":"[캐나다]","e_type":"WIKILINK"},{"st":226,"eIdx":11,"ancestor":"","en":232,"ne_type":"","keyword":"[아일랜드]","e_type":"WIKILINK"},{"st":246,"eIdx":12,"ancestor":"3-0","en":253,"cwStateCd":"FIXED","ne_type":"ETC","cwSelIdx":1,"type":"ENTITY","keyword":"[An-124]","e_type":"NEW"},{"st":261,"eIdx":13,"ancestor":"","en":274,"ne_type":"","keyword":"[록히드_C-5_갤럭시]","e_type":"WIKILINK"},{"st":327,"eIdx":14,"ancestor":"3-0","en":334,"cwStateCd":"FIXED","ne_type":"ETC","cwSelIdx":1,"type":"ENTITY","keyword":"[An-124]","e_type":"NEW"},{"st":363,"eIdx":15,"ancestor":"3-13","en":367,"cwStateCd":"FIXED","ne_type":"ETC","cwSelIdx":47,"type":"ENTITY","keyword":"[C-5]","e_type":"NEW"},{"st":384,"eIdx":16,"ancestor":"3-15","en":387,"cwStateCd":"FIXED","ne_type":"ETC","cwSelIdx":67,"type":"ENTITY","keyword":"[C-5]","e_type":"NEW"}],"wikiPageId":1156808,"pIdx":3,"text":"디자인. [An-124]기는 원래 제작 계획에 없었으나, [미국]의 [록히드_마틴]이 [록히드_C-5_갤럭시]를 개발, 생산하자 이에 대해 [소련]은 자극을 받아 25% 탑재중량을 더 늘린 [An-124]를 개발하였다. 이 디자인은 미 [보잉]의 [보잉_747]과 [록히드_C-5_갤럭시]의 디자인을 결합시킨 것이다. 최초의 [An-124]가 서방에 사용된 것은 요트와 항공기 부품을 싣고 [캐나다]에서 [아일랜드]로 비행한 것이 시초다. [An-124]기는 미국의 [록히드_C-5_갤럭시]와 같이 2개의 층으로 구성되어 있어 밑에는 화물, 위에는 승객을 수송할 수 있게 설계되었다. [An-124]의 화물칸의 크기는 36×6.4×4.4 m로 기존 [C-5]의 20%이상 확장시켰다. ([C-5]는 36.91×5.79×4.09 m다)."}