{"result":[{"verbs":[{"word_id":11,"ancestor":"-2","verb":"다루","cwStateCd":"FIXED","cwSelIdx":[]}],"text":"《뉴욕》()은 [미국] [뉴욕_주] [뉴욕]의 잡지로, 사회, 문화, 정치 등 사회 전반에 다룬다."},{"verbs":[{"word_id":1,"ancestor":"-2","verb":"발행","cwStateCd":"FIXED","cwSelIdx":[]}],"text":"격주로 발행된다."},{"verbs":[{"word_id":4,"ancestor":["1-4","1-5"],"verb":"대항","cwStateCd":"FIXED","cwSelIdx":[15,16]},{"word_id":5,"ancestor":"-2","verb":"위하","cwStateCd":"FIXED","cwSelIdx":[]},{"word_id":11,"ancestor":"-2","verb":"자리","cwStateCd":"FIXED","cwSelIdx":[]}],"text":"[1968년] [밀턴_글레이저]와 [클레이_펠커]가 〈[더_뉴요커]〉와 대항하기 위해 설립하였으며, [뉴_저널리즘]의 한 언론 매체로 자리매김하였다."}],"globalSId":[3316318,3316319,3316320],"entities":[{"st":8,"eIdx":0,"ancestor":"","en":12,"ne_type":"","keyword":"[미국]","e_type":"WIKILINK"},{"st":13,"eIdx":1,"ancestor":"","en":19,"ne_type":"","keyword":"[뉴욕_주]","e_type":"WIKILINK"},{"st":20,"eIdx":2,"ancestor":"","en":24,"ne_type":"","keyword":"[뉴욕]","e_type":"WIKILINK"},{"st":66,"eIdx":3,"ancestor":"-2","en":72,"cwStateCd":"FIXED","ne_type":"TIME","cwSelIdx":[],"type":"ENTITY","keyword":"[1968년]","e_type":"NEW"},{"st":74,"eIdx":4,"ancestor":"","en":83,"ne_type":"","keyword":"[밀턴_글레이저]","e_type":"WIKILINK"},{"st":85,"eIdx":5,"ancestor":"","en":93,"ne_type":"","keyword":"[클레이_펠커]","e_type":"WIKILINK"},{"st":96,"eIdx":6,"ancestor":"","en":103,"ne_type":"","keyword":"[더_뉴요커]","e_type":"WIKILINK"},{"st":122,"eIdx":7,"ancestor":"","en":130,"ne_type":"","keyword":"[뉴_저널리즘]","e_type":"WIKILINK"}],"wikiPageId":1095306,"pIdx":1,"text":"《뉴욕》()은 [미국] [뉴욕_주] [뉴욕]의 잡지로, 사회, 문화, 정치 등 사회 전반에 다룬다. 격주로 발행된다. [1968년] [밀턴_글레이저]와 [클레이_펠커]가 〈[더_뉴요커]〉와 대항하기 위해 설립하였으며, [뉴_저널리즘]의 한 언론 매체로 자리매김하였다."}