{"result":[{"verbs":[],"text":"국가대표팀."},{"verbs":[{"word_id":9,"ancestor":"-2","verb":"의하","cwStateCd":"FIXED","cwSelIdx":[]},{"word_id":11,"ancestor":["6-0"],"verb":"차출","cwStateCd":"FIXED","cwSelIdx":1}],"text":"[은둠부]는 [가봉_축구_국가대표팀] 일원으로 [2009년] [11월,] [알랭_지레스] 전 국가대표팀 감독에 의해 처음으로 차출되었다."}],"globalSId":[3148949,3148950],"entities":[{"st":7,"eIdx":0,"ancestor":"-2","en":11,"cwStateCd":"FIXED","ne_type":"PERSON","cwSelIdx":[],"type":"ENTITY","keyword":"[은둠부]","e_type":"NEW"},{"st":14,"eIdx":1,"ancestor":"","en":27,"ne_type":"","keyword":"[가봉_축구_국가대표팀]","e_type":"WIKILINK"},{"st":33,"eIdx":2,"ancestor":"-2","en":39,"cwStateCd":"FIXED","ne_type":"TIME","cwSelIdx":[],"type":"ENTITY","keyword":"[2009년]","e_type":"NEW"},{"st":41,"eIdx":3,"ancestor":"-2","en":46,"cwStateCd":"FIXED","ne_type":"TIME","cwSelIdx":[],"type":"ENTITY","keyword":"[11월,]","e_type":"NEW"},{"st":48,"eIdx":4,"ancestor":"","en":56,"ne_type":"","keyword":"[알랭_지레스]","e_type":"WIKILINK"}],"wikiPageId":985054,"pIdx":6,"text":"국가대표팀. [은둠부]는 [가봉_축구_국가대표팀] 일원으로 [2009년] [11월,] [알랭_지레스] 전 국가대표팀 감독에 의해 처음으로 차출되었다."}