{"result":[{"verbs":[{"word_id":6,"ancestor":["1-0"],"verb":"있","cwStateCd":"FIXED","cwSelIdx":0}],"text":"<영통구>(靈通區, )는 [대한민국] [경기도] [수원시] 동부에 있는 [구_(행정_구역)]이다."}],"globalSId":[90033],"entities":[{"st":0,"eIdx":0,"ancestor":"","en":5,"ne_type":"","keyword":"<영통구>","e_type":"ELU"},{"st":14,"eIdx":1,"ancestor":"","en":20,"ne_type":"","keyword":"[대한민국]","e_type":"WIKILINK"},{"st":21,"eIdx":2,"ancestor":"","en":26,"ne_type":"","keyword":"[경기도]","e_type":"WIKILINK"},{"st":27,"eIdx":3,"ancestor":"","en":32,"ne_type":"","keyword":"[수원시]","e_type":"WIKILINK"},{"st":40,"eIdx":4,"ancestor":"","en":51,"ne_type":"","keyword":"[구_(행정_구역)]","e_type":"WIKILINK"}],"wikiPageId":6337,"pIdx":1,"text":"<영통구>(靈通區, )는 [대한민국] [경기도] [수원시] 동부에 있는 [구_(행정_구역)]이다."}