{"result":[{"verbs":[{"word_id":4,"ancestor":["1-0"],"verb":"위치","cwStateCd":"FIXED","cwSelIdx":0}],"text":"<고자카이_역>()은 [일본] [아이치_현] [도요카와_시]에 위치한 [도카이_여객철도] [이다_선]의 [철도역]이다."},{"verbs":[{"word_id":4,"ancestor":["1-0"],"verb":"갖추","cwStateCd":"FIXED","cwSelIdx":0}],"text":"[상대식_승강장] 2면 2선의 구조를 갖춘 지상역이다."}],"globalSId":[3287496,3287497],"entities":[{"st":0,"eIdx":0,"ancestor":"","en":8,"ne_type":"","keyword":"<고자카이_역>","e_type":"ELU"},{"st":12,"eIdx":1,"ancestor":"","en":16,"ne_type":"","keyword":"[일본]","e_type":"WIKILINK"},{"st":17,"eIdx":2,"ancestor":"","en":24,"ne_type":"","keyword":"[아이치_현]","e_type":"WIKILINK"},{"st":25,"eIdx":3,"ancestor":"","en":33,"ne_type":"","keyword":"[도요카와_시]","e_type":"WIKILINK"},{"st":39,"eIdx":4,"ancestor":"","en":49,"ne_type":"","keyword":"[도카이_여객철도]","e_type":"WIKILINK"},{"st":50,"eIdx":5,"ancestor":"","en":56,"ne_type":"","keyword":"[이다_선]","e_type":"WIKILINK"},{"st":58,"eIdx":6,"ancestor":"","en":63,"ne_type":"","keyword":"[철도역]","e_type":"WIKILINK"},{"st":67,"eIdx":7,"ancestor":"","en":76,"ne_type":"","keyword":"[상대식_승강장]","e_type":"WIKILINK"}],"wikiPageId":1076471,"pIdx":1,"text":"<고자카이_역>()은 [일본] [아이치_현] [도요카와_시]에 위치한 [도카이_여객철도] [이다_선]의 [철도역]이다. [상대식_승강장] 2면 2선의 구조를 갖춘 지상역이다."}