{"result":[{"verbs":[],"text":"분포."},{"verbs":[{"word_id":11,"ancestor":["1-0"],"verb":"걸치","cwStateCd":"FIXED","cwSelIdx":0},{"word_id":12,"ancestor":["1-0"],"verb":"분포","cwStateCd":"FIXED","cwSelIdx":0}],"text":"이 종들은 [대서양림] 북동부에 서식하며, [브라질] 북동부 지역인 [파라이바_주], [페르남부쿠_주], [알라고아스_주]에 걸쳐 분포한다."}],"globalSId":[2222303,2222304],"entities":[{"st":10,"eIdx":0,"ancestor":"","en":16,"ne_type":"","keyword":"[대서양림]","e_type":"WIKILINK"},{"st":28,"eIdx":1,"ancestor":"","en":33,"ne_type":"","keyword":"[브라질]","e_type":"WIKILINK"},{"st":42,"eIdx":2,"ancestor":"","en":50,"ne_type":"","keyword":"[파라이바_주]","e_type":"WIKILINK"},{"st":52,"eIdx":3,"ancestor":"","en":61,"ne_type":"","keyword":"[페르남부쿠_주]","e_type":"WIKILINK"},{"st":63,"eIdx":4,"ancestor":"","en":72,"ne_type":"","keyword":"[알라고아스_주]","e_type":"WIKILINK"}],"wikiPageId":516827,"pIdx":4,"text":"분포. 이 종들은 [대서양림] 북동부에 서식하며, [브라질] 북동부 지역인 [파라이바_주], [페르남부쿠_주], [알라고아스_주]에 걸쳐 분포한다."}