{"result":[{"verbs":[],"text":"인기가 뭐길래."},{"verbs":[{"word_id":7,"ancestor":["17-3","17-7"],"verb":"방영","cwStateCd":"FIXED","cwSelIdx":[11,17]}],"text":"[1991년]에는 안방에 <김수현_(작가)>의 작품 두 개가 나란히 방영되었다."},{"verbs":[],"text":"[MBC_주말연속극] 《[사랑이_뭐길래]》는 <김수현_(작가)>의 오리지널 각본이고, [SBS] [소설극장] 《[여자_마흔다섯]》은 <김수현_(작가)>의 소설 《[여자_나이_마흔다섯]》을 각본가 [김금자]가 각색하여 집필한 것이다."},{"verbs":[{"word_id":7,"ancestor":"-2","verb":"줄어들","cwStateCd":"FIXED","cwSelIdx":[]},{"word_id":11,"ancestor":["17-15"],"verb":"기록","cwStateCd":"FIXED","cwSelIdx":43},{"word_id":14,"ancestor":["17-15"],"verb":"삽입","cwStateCd":"FIXED","cwSelIdx":43},{"word_id":20,"ancestor":["17-15"],"verb":"발표","cwStateCd":"FIXED","cwSelIdx":43},{"word_id":21,"ancestor":["17-15"],"verb":"주목","cwStateCd":"FIXED","cwSelIdx":43},{"word_id":25,"ancestor":["17-15"],"verb":"힘입","cwStateCd":"FIXED","cwSelIdx":43},{"word_id":28,"ancestor":"-1","verb":"빚","cwStateCd":"FIXED","cwSelIdx":[]},{"word_id":31,"ancestor":["17-15"],"verb":"일으키","cwStateCd":"FIXED","cwSelIdx":43}],"text":"[1991년] 방영 당시 [서울] 시내 수돗물 사용량이 줄어들 정도로 공전의 히트를 기록한 《[사랑이_뭐길래]》에 잠깐 삽입되었던 [김국환]의 노래 《[타타타_(노래)]》는 한참 전에 발표되었으나 주목받지 못하다가 드라마의 인기에 힘입어 레코드 품귀현상까지 빚으며 화제의 돌풍을 일으켰다."},{"verbs":[{"word_id":9,"ancestor":["17-16"],"verb":"오르","cwStateCd":"FIXED","cwSelIdx":64}],"text":"또한, 15년간 무명가수로 밤무대를 전전하던 가수 [김국환]은 하루아침에 스타덤에 올랐다."},{"verbs":[{"word_id":8,"ancestor":"-2","verb":"모르","cwStateCd":"FIXED","cwSelIdx":[]},{"word_id":10,"ancestor":"-2","verb":"알","cwStateCd":"FIXED","cwSelIdx":[]},{"word_id":11,"ancestor":"-2","verb":"재미없","cwStateCd":"FIXED","cwSelIdx":[]},{"word_id":12,"ancestor":"-2","verb":"시작","cwStateCd":"FIXED","cwSelIdx":[]},{"word_id":19,"ancestor":["17-15"],"verb":"맞아떨어지","cwStateCd":"FIXED","cwSelIdx":43}],"text":"\\\"네가 나를 모르는데 난들 너를 알겠느냐\\\/ 한치 앞도 몰라 다 안다면 재미없지...\\\"로 시작되는 노래가 《[사랑이_뭐길래]》에서 [김혜자]의 극중 심리상태와 절묘하게 맞아떨어졌다는 것이 인기 요인이라는 분석이다."},{"verbs":[{"word_id":9,"ancestor":["17-15"],"verb":"재미있","cwStateCd":"FIXED","cwSelIdx":43},{"word_id":10,"ancestor":["17-19"],"verb":"소개","cwStateCd":"FIXED","cwSelIdx":94},{"word_id":12,"ancestor":"-1","verb":"하","cwStateCd":"FIXED","cwSelIdx":[]}],"text":"이 노래는 <김수현_(작가)>이 우연히 차안에서 라디오를 듣다가 가사 내용이 재미있어 소개한 것이라고 한다."}],"globalSId":[413147,413148,413149,413150,413151,413152,413153],"entities":[{"st":9,"eIdx":0,"ancestor":"","en":16,"ne_type":"","keyword":"[1991년]","e_type":"WIKILINK"},{"st":23,"eIdx":1,"ancestor":"","en":33,"ne_type":"","keyword":"<김수현_(작가)>","e_type":"ELU"},{"st":54,"eIdx":2,"ancestor":"","en":65,"ne_type":"","keyword":"[MBC_주말연속극]","e_type":"WIKILINK"},{"st":67,"eIdx":3,"ancestor":"","en":76,"ne_type":"","keyword":"[사랑이_뭐길래]","e_type":"WIKILINK"},{"st":79,"eIdx":4,"ancestor":"","en":89,"ne_type":"","keyword":"<김수현_(작가)>","e_type":"ELU"},{"st":102,"eIdx":5,"ancestor":"-2","en":106,"cwStateCd":"FIXED","ne_type":"ORGANIZATION","cwSelIdx":[],"type":"ENTITY","keyword":"[SBS]","e_type":"NEW"},{"st":108,"eIdx":6,"ancestor":"-2","en":113,"cwStateCd":"FIXED","ne_type":"ETC","cwSelIdx":[],"type":"ENTITY","keyword":"[소설극장]","e_type":"NEW"},{"st":116,"eIdx":7,"ancestor":"","en":125,"ne_type":"","keyword":"[여자_마흔다섯]","e_type":"WIKILINK"},{"st":128,"eIdx":8,"ancestor":"","en":138,"ne_type":"","keyword":"<김수현_(작가)>","e_type":"ELU"},{"st":144,"eIdx":9,"ancestor":"-2","en":154,"cwStateCd":"FIXED","ne_type":"ETC","cwSelIdx":[],"type":"ENTITY","keyword":"[여자_나이_마흔다섯]","e_type":"NEW"},{"st":163,"eIdx":10,"ancestor":"-2","en":167,"cwStateCd":"FIXED","ne_type":"PERSON","cwSelIdx":[],"type":"ENTITY","keyword":"[김금자]","e_type":"NEW"},{"st":184,"eIdx":11,"ancestor":"","en":191,"ne_type":"","keyword":"[1991년]","e_type":"WIKILINK"},{"st":198,"eIdx":12,"ancestor":"-2","en":201,"cwStateCd":"FIXED","ne_type":"LOCATION","cwSelIdx":[],"type":"ENTITY","keyword":"[서울]","e_type":"NEW"},{"st":236,"eIdx":13,"ancestor":"","en":245,"ne_type":"","keyword":"[사랑이_뭐길래]","e_type":"WIKILINK"},{"st":257,"eIdx":14,"ancestor":"","en":262,"ne_type":"","keyword":"[김국환]","e_type":"WIKILINK"},{"st":268,"eIdx":15,"ancestor":"","en":278,"ne_type":"","keyword":"[타타타_(노래)]","e_type":"WIKILINK"},{"st":374,"eIdx":16,"ancestor":"","en":379,"ne_type":"","keyword":"[김국환]","e_type":"WIKILINK"},{"st":459,"eIdx":17,"ancestor":"","en":468,"ne_type":"","keyword":"[사랑이_뭐길래]","e_type":"WIKILINK"},{"st":472,"eIdx":18,"ancestor":"","en":477,"ne_type":"","keyword":"[김혜자]","e_type":"WIKILINK"},{"st":525,"eIdx":19,"ancestor":"","en":535,"ne_type":"","keyword":"<김수현_(작가)>","e_type":"ELU"}],"wikiPageId":43793,"pIdx":17,"text":"인기가 뭐길래. [1991년]에는 안방에 <김수현_(작가)>의 작품 두 개가 나란히 방영되었다. [MBC_주말연속극] 《[사랑이_뭐길래]》는 <김수현_(작가)>의 오리지널 각본이고, [SBS] [소설극장] 《[여자_마흔다섯]》은 <김수현_(작가)>의 소설 《[여자_나이_마흔다섯]》을 각본가 [김금자]가 각색하여 집필한 것이다. [1991년] 방영 당시 [서울] 시내 수돗물 사용량이 줄어들 정도로 공전의 히트를 기록한 《[사랑이_뭐길래]》에 잠깐 삽입되었던 [김국환]의 노래 《[타타타_(노래)]》는 한참 전에 발표되었으나 주목받지 못하다가 드라마의 인기에 힘입어 레코드 품귀현상까지 빚으며 화제의 돌풍을 일으켰다. 또한, 15년간 무명가수로 밤무대를 전전하던 가수 [김국환]은 하루아침에 스타덤에 올랐다. \\\"네가 나를 모르는데 난들 너를 알겠느냐\\\/ 한치 앞도 몰라 다 안다면 재미없지...\\\"로 시작되는 노래가 《[사랑이_뭐길래]》에서 [김혜자]의 극중 심리상태와 절묘하게 맞아떨어졌다는 것이 인기 요인이라는 분석이다. 이 노래는 <김수현_(작가)>이 우연히 차안에서 라디오를 듣다가 가사 내용이 재미있어 소개한 것이라고 한다."}