{"result":[{"verbs":[{"word_id":2,"ancestor":["1-0"],"verb":"참가","cwStateCd":"FIXED","cwSelIdx":0}],"text":"[오그던_아웃로즈]는 [USL_프리미어_디벨로프먼트_리그]에 참가하는 축구팀이다."},{"verbs":[{"word_id":4,"ancestor":["1-0"],"verb":"하","cwStateCd":"FIXED","cwSelIdx":0}],"text":"[미국] [유타_주] [오그던_(유타_주)]을 연고로 하고 있으며 홈구장은 [분빌_고등학교]이다."}],"globalSId":[2217679,2217680],"entities":[{"st":0,"eIdx":0,"ancestor":"-2","en":9,"cwStateCd":"FIXED","ne_type":"ORGANIZATION","cwSelIdx":[],"type":"ENTITY","keyword":"[오그던_아웃로즈]","e_type":"NEW"},{"st":12,"eIdx":1,"ancestor":"","en":32,"ne_type":"","keyword":"[USL_프리미어_디벨로프먼트_리그]","e_type":"WIKILINK"},{"st":46,"eIdx":2,"ancestor":"","en":50,"ne_type":"","keyword":"[미국]","e_type":"WIKILINK"},{"st":51,"eIdx":3,"ancestor":"","en":57,"ne_type":"","keyword":"[유타_주]","e_type":"WIKILINK"},{"st":58,"eIdx":4,"ancestor":"","en":70,"ne_type":"","keyword":"[오그던_(유타_주)]","e_type":"WIKILINK"},{"st":88,"eIdx":5,"ancestor":"","en":97,"ne_type":"","keyword":"[분빌_고등학교]","e_type":"WIKILINK"}],"wikiPageId":514394,"pIdx":1,"text":"[오그던_아웃로즈]는 [USL_프리미어_디벨로프먼트_리그]에 참가하는 축구팀이다. [미국] [유타_주] [오그던_(유타_주)]을 연고로 하고 있으며 홈구장은 [분빌_고등학교]이다."}