{"result":[{"verbs":[{"word_id":2,"ancestor":"-2","verb":"집필","cwStateCd":"FIXED","cwSelIdx":[]}],"text":"후에 속편으로 집필된 《[나나세_다시_한_번]》, 《[오이디푸스의_연인]》과 함께 〈나나세 시리즈〉, 〈나나세 3부작〉의 하나이다."}],"globalSId":[2700612],"entities":[{"st":13,"eIdx":0,"ancestor":"","en":25,"ne_type":"","keyword":"[나나세_다시_한_번]","e_type":"WIKILINK"},{"st":29,"eIdx":1,"ancestor":"","en":40,"ne_type":"","keyword":"[오이디푸스의_연인]","e_type":"WIKILINK"}],"wikiPageId":743966,"pIdx":4,"text":"후에 속편으로 집필된 《[나나세_다시_한_번]》, 《[오이디푸스의_연인]》과 함께 〈나나세 시리즈〉, 〈나나세 3부작〉의 하나이다."}