{"result":[{"verbs":[],"text":"선수 경력."},{"verbs":[{"word_id":2,"ancestor":["1-0"],"verb":"입단","cwStateCd":"FIXED","cwSelIdx":0},{"word_id":5,"ancestor":["1-0"],"verb":"데뷔","cwStateCd":"FIXED","cwSelIdx":0}],"text":"[2002년] [울산_현대_호랑이]에 입단하며 프로 무대에 데뷔하였다."},{"verbs":[{"word_id":4,"ancestor":["1-0"],"verb":"출전","cwStateCd":"FIXED","cwSelIdx":0},{"word_id":5,"ancestor":["1-0"],"verb":"무난하","cwStateCd":"FIXED","cwSelIdx":0},{"word_id":7,"ancestor":["1-0"],"verb":"펼치","cwStateCd":"FIXED","cwSelIdx":0},{"word_id":11,"ancestor":["1-0"],"verb":"밀리","cwStateCd":"FIXED","cwSelIdx":0},{"word_id":16,"ancestor":["1-0"],"verb":"그치","cwStateCd":"FIXED","cwSelIdx":0}],"text":"데뷔 시즌 리그 15경기에 출전하여 무난한 활약을 펼쳤으나 [K리그_2004]부터 주전 경쟁에서 밀려 [K리그_2005]까지 리그 6경기 출전에 그쳤다."},{"verbs":[{"word_id":4,"ancestor":["1-0"],"verb":"회복","cwStateCd":"FIXED","cwSelIdx":0},{"word_id":7,"ancestor":["1-0"],"verb":"출전","cwStateCd":"FIXED","cwSelIdx":0},{"word_id":12,"ancestor":["1-0"],"verb":"기록","cwStateCd":"FIXED","cwSelIdx":0}],"text":"하지만 [K리그_2006] 제 기량을 회복하여 시즌 35경기에 출전하였고 [AFC_챔피언스리그_2006] 무대에서는 프로 데뷔골을 기록하기도 하였다."},{"verbs":[{"word_id":5,"ancestor":["1-0"],"verb":"이적","cwStateCd":"FIXED","cwSelIdx":0},{"word_id":12,"ancestor":["1-0"],"verb":"받","cwStateCd":"FIXED","cwSelIdx":0},{"word_id":14,"ancestor":["1-0"],"verb":"이적","cwStateCd":"FIXED","cwSelIdx":0}],"text":"이후 [앤디_에글리] 감독이 지휘하던 [부산_아이파크]로 이적하였고 한 시즌 후 [정해성] 감독의 러브콜을 받고 [제주_유나이티드_FC]로 이적하였다."},{"verbs":[{"word_id":10,"ancestor":["1-0"],"verb":"위태롭","cwStateCd":"FIXED","cwSelIdx":0},{"word_id":13,"ancestor":["1-0"],"verb":"하","cwStateCd":"FIXED","cwSelIdx":0},{"word_id":16,"ancestor":["1-0"],"verb":"출전","cwStateCd":"FIXED","cwSelIdx":0},{"word_id":21,"ancestor":["1-0"],"verb":"오르","cwStateCd":"FIXED","cwSelIdx":0},{"word_id":22,"ancestor":"-1","verb":"좋","cwStateCd":"FIXED","cwSelIdx":[]},{"word_id":24,"ancestor":["1-0"],"verb":"펼치","cwStateCd":"FIXED","cwSelIdx":0}],"text":"하지만 이적 직후 [정해성] 감독의 사임으로 새 팀 [제주]에서의 입지가 위태로워 지는 듯 하였으나 리그 16경기에서 출전하였고 [K리그컵_2008]에선 도움 랭킹 1위에 오르며 좋은 활약을 펼쳤다."}],"globalSId":[2093652,2093653,2093654,2093655,2093656,2093657],"entities":[{"st":7,"eIdx":0,"ancestor":"","en":14,"ne_type":"","keyword":"[2002년]","e_type":"WIKILINK"},{"st":15,"eIdx":1,"ancestor":"","en":26,"ne_type":"","keyword":"[울산_현대_호랑이]","e_type":"WIKILINK"},{"st":80,"eIdx":2,"ancestor":"","en":90,"ne_type":"","keyword":"[K리그_2004]","e_type":"WIKILINK"},{"st":104,"eIdx":3,"ancestor":"","en":114,"ne_type":"","keyword":"[K리그_2005]","e_type":"WIKILINK"},{"st":137,"eIdx":4,"ancestor":"","en":147,"ne_type":"","keyword":"[K리그_2006]","e_type":"WIKILINK"},{"st":174,"eIdx":5,"ancestor":"","en":191,"ne_type":"","keyword":"[AFC_챔피언스리그_2006]","e_type":"WIKILINK"},{"st":220,"eIdx":6,"ancestor":"","en":228,"ne_type":"","keyword":"[앤디_에글리]","e_type":"WIKILINK"},{"st":238,"eIdx":7,"ancestor":"","en":247,"ne_type":"","keyword":"[부산_아이파크]","e_type":"WIKILINK"},{"st":262,"eIdx":8,"ancestor":"","en":267,"ne_type":"","keyword":"[정해성]","e_type":"WIKILINK"},{"st":280,"eIdx":9,"ancestor":"","en":293,"ne_type":"","keyword":"[제주_유나이티드_FC]","e_type":"WIKILINK"},{"st":312,"eIdx":10,"ancestor":"3-8","en":316,"cwStateCd":"FIXED","ne_type":"PERSON","cwSelIdx":48,"type":"ENTITY","keyword":"[정해성]","e_type":"NEW"},{"st":331,"eIdx":11,"ancestor":"3-9","en":334,"cwStateCd":"FIXED","ne_type":"ORGANIZATION","cwSelIdx":52,"type":"ENTITY","keyword":"[제주]","e_type":"NEW"},{"st":374,"eIdx":12,"ancestor":"","en":385,"ne_type":"","keyword":"[K리그컵_2008]","e_type":"WIKILINK"}],"wikiPageId":463416,"pIdx":3,"text":"선수 경력. [2002년] [울산_현대_호랑이]에 입단하며 프로 무대에 데뷔하였다. 데뷔 시즌 리그 15경기에 출전하여 무난한 활약을 펼쳤으나 [K리그_2004]부터 주전 경쟁에서 밀려 [K리그_2005]까지 리그 6경기 출전에 그쳤다. 하지만 [K리그_2006] 제 기량을 회복하여 시즌 35경기에 출전하였고 [AFC_챔피언스리그_2006] 무대에서는 프로 데뷔골을 기록하기도 하였다. 이후 [앤디_에글리] 감독이 지휘하던 [부산_아이파크]로 이적하였고 한 시즌 후 [정해성] 감독의 러브콜을 받고 [제주_유나이티드_FC]로 이적하였다. 하지만 이적 직후 [정해성] 감독의 사임으로 새 팀 [제주]에서의 입지가 위태로워 지는 듯 하였으나 리그 16경기에서 출전하였고 [K리그컵_2008]에선 도움 랭킹 1위에 오르며 좋은 활약을 펼쳤다."}