{"result":[{"verbs":[{"word_id":4,"ancestor":["1-0"],"verb":"위치","cwStateCd":"FIXED","cwSelIdx":0}],"text":"<구비오>()는 [이탈리아] [움브리아_주] [페루자_현]에 위치한 <코무네>다."},{"verbs":[{"word_id":2,"ancestor":["1-0"],"verb":"위치","cwStateCd":"FIXED","cwSelIdx":0},{"word_id":3,"ancestor":"-2","verb":"작","cwStateCd":"FIXED","cwSelIdx":[]},{"word_id":8,"ancestor":["1-0"],"verb":"위치","cwStateCd":"FIXED","cwSelIdx":0}],"text":"[아펜니노_산맥] 산맥에 위치한 작은 산인 [인지노](Ingino) 산의 비탈면에 위치해있다."}],"globalSId":[3356367,3356368],"entities":[{"st":0,"eIdx":0,"ancestor":"","en":5,"ne_type":"","keyword":"<구비오>","e_type":"ELU"},{"st":9,"eIdx":1,"ancestor":"","en":15,"ne_type":"","keyword":"[이탈리아]","e_type":"WIKILINK"},{"st":16,"eIdx":2,"ancestor":"","en":24,"ne_type":"","keyword":"[움브리아_주]","e_type":"WIKILINK"},{"st":25,"eIdx":3,"ancestor":"","en":32,"ne_type":"","keyword":"[페루자_현]","e_type":"WIKILINK"},{"st":38,"eIdx":4,"ancestor":"","en":43,"ne_type":"","keyword":"<코무네>","e_type":"ELU"},{"st":46,"eIdx":5,"ancestor":"","en":55,"ne_type":"","keyword":"[아펜니노_산맥]","e_type":"WIKILINK"},{"st":70,"eIdx":6,"ancestor":"-2","en":74,"cwStateCd":"FIXED","ne_type":"LOCATION","cwSelIdx":[],"type":"ENTITY","keyword":"[인지노]","e_type":"NEW"}],"wikiPageId":1116049,"pIdx":1,"text":"<구비오>()는 [이탈리아] [움브리아_주] [페루자_현]에 위치한 <코무네>다. [아펜니노_산맥] 산맥에 위치한 작은 산인 [인지노](Ingino) 산의 비탈면에 위치해있다."}