{"result":[{"verbs":[],"text":"<루손_섬>과 그 주변의 섬들로 이루어져 있다."},{"verbs":[{"word_id":5,"ancestor":["4-1"],"verb":"구성","cwStateCd":"FIXED","cwSelIdx":6},{"word_id":9,"ancestor":["4-1"],"verb":"꼽히","cwStateCd":"FIXED","cwSelIdx":6}],"text":"[루손_군도]는 [민다나오_섬], [비사야_제도]와 함께 [필리핀_제도]를 구성하는 세 개의 군도로 꼽히고 있다."}],"globalSId":[355564,355565],"entities":[{"st":0,"eIdx":0,"ancestor":"","en":6,"ne_type":"","keyword":"<루손_섬>","e_type":"ELU"},{"st":27,"eIdx":1,"ancestor":"-2","en":33,"cwStateCd":"FIXED","ne_type":"LOCATION","cwSelIdx":[],"type":"ENTITY","keyword":"[루손_군도]","e_type":"NEW"},{"st":36,"eIdx":2,"ancestor":"","en":44,"ne_type":"","keyword":"[민다나오_섬]","e_type":"WIKILINK"},{"st":46,"eIdx":3,"ancestor":"","en":54,"ne_type":"","keyword":"[비사야_제도]","e_type":"WIKILINK"},{"st":59,"eIdx":4,"ancestor":"","en":67,"ne_type":"","keyword":"[필리핀_제도]","e_type":"WIKILINK"}],"wikiPageId":36012,"pIdx":4,"text":"<루손_섬>과 그 주변의 섬들로 이루어져 있다. [루손_군도]는 [민다나오_섬], [비사야_제도]와 함께 [필리핀_제도]를 구성하는 세 개의 군도로 꼽히고 있다."}