{"result":[{"verbs":[{"word_id":4,"ancestor":["1-0"],"verb":"위치","cwStateCd":"FIXED","cwSelIdx":0},{"word_id":10,"ancestor":["1-0"],"verb":"떨어지","cwStateCd":"FIXED","cwSelIdx":0},{"word_id":12,"ancestor":["1-0"],"verb":"위치","cwStateCd":"FIXED","cwSelIdx":0}],"text":"<라그바_호수>(Lhagba Pool)는 [중화인민공화국] [티베트]에 위치했던 [호수]로, [에베레스트_산]의 [롱북_빙하]에서 약 10km 떨어진 지점에 위치하였다."}],"globalSId":[3175583],"entities":[{"st":0,"eIdx":0,"ancestor":"","en":8,"ne_type":"","keyword":"<라그바_호수>","e_type":"ELU"},{"st":23,"eIdx":1,"ancestor":"","en":32,"ne_type":"","keyword":"[중화인민공화국]","e_type":"WIKILINK"},{"st":33,"eIdx":2,"ancestor":"","en":38,"ne_type":"","keyword":"[티베트]","e_type":"WIKILINK"},{"st":45,"eIdx":3,"ancestor":"","en":49,"ne_type":"","keyword":"[호수]","e_type":"WIKILINK"},{"st":52,"eIdx":4,"ancestor":"","en":61,"ne_type":"","keyword":"[에베레스트_산]","e_type":"WIKILINK"},{"st":63,"eIdx":5,"ancestor":"","en":70,"ne_type":"","keyword":"[롱북_빙하]","e_type":"WIKILINK"}],"wikiPageId":1002101,"pIdx":1,"text":"<라그바_호수>(Lhagba Pool)는 [중화인민공화국] [티베트]에 위치했던 [호수]로, [에베레스트_산]의 [롱북_빙하]에서 약 10km 떨어진 지점에 위치하였다."}