{"result":[{"verbs":[{"word_id":11,"ancestor":["26-2"],"verb":"폐위","cwStateCd":"FIXED","cwSelIdx":4},{"word_id":13,"ancestor":"-2","verb":"붕괴","cwStateCd":"FIXED","cwSelIdx":[]}],"text":"결국 [3월_2일] [러시아_제국] 황제 [니콜라이_2세]가 동생 <미하일_고르바초프>에게 정권을 넘겼으나 이 혁명으로 폐위되었고, 제정체제가 붕괴되었다."},{"verbs":[{"word_id":6,"ancestor":["26-4"],"verb":"장악","cwStateCd":"FIXED","cwSelIdx":14}],"text":"[사회주의자]들은 이것을 '[부르주아] 혁명'으로 판단하고 정권을 장악하지 않았다."}],"globalSId":[379358,379359],"entities":[{"st":3,"eIdx":0,"ancestor":"","en":10,"ne_type":"","keyword":"[3월_2일]","e_type":"WIKILINK"},{"st":11,"eIdx":1,"ancestor":"","en":19,"ne_type":"","keyword":"[러시아_제국]","e_type":"WIKILINK"},{"st":23,"eIdx":2,"ancestor":"","en":32,"ne_type":"","keyword":"[니콜라이_2세]","e_type":"WIKILINK"},{"st":37,"eIdx":3,"ancestor":"","en":48,"ne_type":"","keyword":"<미하일_고르바초프>","e_type":"ELU"},{"st":87,"eIdx":4,"ancestor":"","en":94,"ne_type":"","keyword":"[사회주의자]","e_type":"WIKILINK"},{"st":102,"eIdx":5,"ancestor":"","en":108,"ne_type":"","keyword":"[부르주아]","e_type":"WIKILINK"}],"wikiPageId":40154,"pIdx":26,"text":"결국 [3월_2일] [러시아_제국] 황제 [니콜라이_2세]가 동생 <미하일_고르바초프>에게 정권을 넘겼으나 이 혁명으로 폐위되었고, 제정체제가 붕괴되었다. [사회주의자]들은 이것을 '[부르주아] 혁명'으로 판단하고 정권을 장악하지 않았다."}