{"result":[{"verbs":[{"word_id":8,"ancestor":"-1","verb":"늘","cwStateCd":"FIXED","cwSelIdx":[]}],"text":"[이르지_슈타이네르] (Ji?? ?tajner, 1976년 5월 27일, [프라하] ~) 는 [체코]의 축구 선수로, 현재 [체코]의 [FC_슬로반_리베레츠] 소속이다."},{"verbs":[{"word_id":4,"ancestor":["1-0"],"verb":"뛰","cwStateCd":"FIXED","cwSelIdx":0}],"text":"포지션은 [공격수]이며, [2002년부터_현재]까지 [체코_축구_국가대표팀]로 뛰고 있다."}],"globalSId":[2669545,2669546],"entities":[{"st":0,"eIdx":0,"ancestor":"-2","en":10,"cwStateCd":"FIXED","ne_type":"PERSON","cwSelIdx":[],"type":"ENTITY","keyword":"[이르지_슈타이네르]","e_type":"NEW"},{"st":41,"eIdx":1,"ancestor":"","en":46,"ne_type":"","keyword":"[프라하]","e_type":"WIKILINK"},{"st":52,"eIdx":2,"ancestor":"","en":56,"ne_type":"","keyword":"[체코]","e_type":"WIKILINK"},{"st":69,"eIdx":3,"ancestor":"1-2","en":72,"cwStateCd":"FIXED","ne_type":"LOCATION","cwSelIdx":9,"type":"ENTITY","keyword":"[체코]","e_type":"NEW"},{"st":75,"eIdx":4,"ancestor":"","en":88,"ne_type":"","keyword":"[FC_슬로반_리베레츠]","e_type":"WIKILINK"},{"st":100,"eIdx":5,"ancestor":"","en":105,"ne_type":"","keyword":"[공격수]","e_type":"WIKILINK"},{"st":109,"eIdx":6,"ancestor":"-2","en":120,"cwStateCd":"FIXED","ne_type":"TIME","cwSelIdx":[],"type":"ENTITY","keyword":"[2002년부터_현재]","e_type":"NEW"},{"st":124,"eIdx":7,"ancestor":"","en":137,"ne_type":"","keyword":"[체코_축구_국가대표팀]","e_type":"WIKILINK"}],"wikiPageId":728863,"pIdx":1,"text":"[이르지_슈타이네르] (Ji?? ?tajner, 1976년 5월 27일, [프라하] ~) 는 [체코]의 축구 선수로, 현재 [체코]의 [FC_슬로반_리베레츠] 소속이다. 포지션은 [공격수]이며, [2002년부터_현재]까지 [체코_축구_국가대표팀]로 뛰고 있다."}