{"result":[{"verbs":[],"text":"생애."},{"verbs":[{"word_id":6,"ancestor":["1-0"],"verb":"태어나","cwStateCd":"FIXED","cwSelIdx":1}],"text":"[1970년] [4월] [26일] [유고슬라비아_사회주의_연방공화국](현재의 [슬로베니아]) [노보메스토]에서 태어났다."},{"verbs":[],"text":"아버지 [빅토르_나우스](Victor Knavs)는 국유 생산 자동차·오토바이 <에이전시>을 운영했으며, [슬로베니아] 공산당원이였다."},{"verbs":[],"text":"어머니 [아말리야](Amalija Ul?nik)는 아동 의류 회사의 도안가였다."},{"verbs":[{"word_id":3,"ancestor":["3-10"],"verb":"있","cwStateCd":"FIXED","cwSelIdx":25}],"text":"[멜라니아]에게는 [이네스](Ines)라는 자매가 있다."}],"globalSId":[3639605,3639606,3639607,3639608,3639609],"entities":[{"st":4,"eIdx":0,"ancestor":"-2","en":10,"cwStateCd":"FIXED","ne_type":"TIME","cwSelIdx":[],"type":"ENTITY","keyword":"[1970년]","e_type":"NEW"},{"st":12,"eIdx":1,"ancestor":"-2","en":15,"cwStateCd":"FIXED","ne_type":"TIME","cwSelIdx":[],"type":"ENTITY","keyword":"[4월]","e_type":"NEW"},{"st":17,"eIdx":2,"ancestor":"-2","en":21,"cwStateCd":"FIXED","ne_type":"TIME","cwSelIdx":[],"type":"ENTITY","keyword":"[26일]","e_type":"NEW"},{"st":23,"eIdx":3,"ancestor":"","en":42,"ne_type":"","keyword":"[유고슬라비아_사회주의_연방공화국]","e_type":"WIKILINK"},{"st":47,"eIdx":4,"ancestor":"","en":54,"ne_type":"","keyword":"[슬로베니아]","e_type":"WIKILINK"},{"st":56,"eIdx":5,"ancestor":"","en":63,"ne_type":"","keyword":"[노보메스토]","e_type":"WIKILINK"},{"st":76,"eIdx":6,"ancestor":"-2","en":84,"cwStateCd":"FIXED","ne_type":"PERSON","cwSelIdx":[],"type":"ENTITY","keyword":"[빅토르_나우스]","e_type":"NEW"},{"st":116,"eIdx":7,"ancestor":"","en":122,"ne_type":"","keyword":"<에이전시>","e_type":"ELU"},{"st":131,"eIdx":8,"ancestor":"1-8","en":137,"cwStateCd":"FIXED","ne_type":"LOCATION","cwSelIdx":21,"type":"ENTITY","keyword":"[슬로베니아]","e_type":"NEW"},{"st":152,"eIdx":9,"ancestor":"-2","en":157,"cwStateCd":"FIXED","ne_type":"PERSON","cwSelIdx":[],"type":"ENTITY","keyword":"[아말리야]","e_type":"NEW"},{"st":193,"eIdx":10,"ancestor":"-2","en":198,"cwStateCd":"FIXED","ne_type":"PERSON","cwSelIdx":[],"type":"ENTITY","keyword":"[멜라니아]","e_type":"NEW"},{"st":203,"eIdx":11,"ancestor":"-2","en":207,"cwStateCd":"FIXED","ne_type":"PERSON","cwSelIdx":[],"type":"ENTITY","keyword":"[이네스]","e_type":"NEW"}],"wikiPageId":1366301,"pIdx":3,"text":"생애. [1970년] [4월] [26일] [유고슬라비아_사회주의_연방공화국](현재의 [슬로베니아]) [노보메스토]에서 태어났다. 아버지 [빅토르_나우스](Victor Knavs)는 국유 생산 자동차·오토바이 <에이전시>을 운영했으며, [슬로베니아] 공산당원이였다. 어머니 [아말리야](Amalija Ul?nik)는 아동 의류 회사의 도안가였다. [멜라니아]에게는 [이네스](Ines)라는 자매가 있다."}