{"result":[{"verbs":[{"word_id":4,"ancestor":["1-0"],"verb":"속","cwStateCd":"FIXED","cwSelIdx":0}],"text":"[티쏘] 유한회사()는 [스위스]의 [스와치_그룹]에 속하는 [손목시계] 제조및 판매 회사이다."}],"globalSId":[3725312],"entities":[{"st":0,"eIdx":0,"ancestor":"-2","en":3,"cwStateCd":"FIXED","ne_type":"ORGANIZATION","cwSelIdx":[],"type":"ENTITY","keyword":"[티쏘]","e_type":"NEW"},{"st":13,"eIdx":1,"ancestor":"","en":18,"ne_type":"","keyword":"[스위스]","e_type":"WIKILINK"},{"st":20,"eIdx":2,"ancestor":"","en":28,"ne_type":"","keyword":"[스와치_그룹]","e_type":"WIKILINK"},{"st":34,"eIdx":3,"ancestor":"","en":40,"ne_type":"","keyword":"[손목시계]","e_type":"WIKILINK"}],"wikiPageId":1442261,"pIdx":1,"text":"[티쏘] 유한회사()는 [스위스]의 [스와치_그룹]에 속하는 [손목시계] 제조및 판매 회사이다."}