{"result":[{"verbs":[{"word_id":3,"ancestor":"-1","verb":"구라","cwStateCd":"FIXED","cwSelIdx":[]},{"word_id":4,"ancestor":["1-0"],"verb":"위치","cwStateCd":"FIXED","cwSelIdx":0}],"text":"[기미_역]()은 [일본] [오카야마_현] [구라시키_시]에 위치한 [서일본_여객철도] [혼시비산_선] ([세토_대교선])의 [철도역]이다."},{"verbs":[],"text":"[상대식_승강장] 2면 2선의 구조를 갖춘 <고가_역_(이바라키_현)>이다."}],"globalSId":[3937114,3937115],"entities":[{"st":0,"eIdx":0,"ancestor":"-2","en":5,"cwStateCd":"FIXED","ne_type":"LOCATION","cwSelIdx":[],"type":"ENTITY","keyword":"[기미_역]","e_type":"NEW"},{"st":10,"eIdx":1,"ancestor":"","en":14,"ne_type":"","keyword":"[일본]","e_type":"WIKILINK"},{"st":15,"eIdx":2,"ancestor":"","en":23,"ne_type":"","keyword":"[오카야마_현]","e_type":"WIKILINK"},{"st":24,"eIdx":3,"ancestor":"","en":32,"ne_type":"","keyword":"[구라시키_시]","e_type":"WIKILINK"},{"st":38,"eIdx":4,"ancestor":"","en":48,"ne_type":"","keyword":"[서일본_여객철도]","e_type":"WIKILINK"},{"st":49,"eIdx":5,"ancestor":"","en":57,"ne_type":"","keyword":"[혼시비산_선]","e_type":"WIKILINK"},{"st":59,"eIdx":6,"ancestor":"","en":67,"ne_type":"","keyword":"[세토_대교선]","e_type":"WIKILINK"},{"st":70,"eIdx":7,"ancestor":"","en":75,"ne_type":"","keyword":"[철도역]","e_type":"WIKILINK"},{"st":79,"eIdx":8,"ancestor":"","en":88,"ne_type":"","keyword":"[상대식_승강장]","e_type":"WIKILINK"},{"st":103,"eIdx":9,"ancestor":"","en":118,"ne_type":"","keyword":"<고가_역_(이바라키_현)>","e_type":"ELU"}],"wikiPageId":1726782,"pIdx":1,"text":"[기미_역]()은 [일본] [오카야마_현] [구라시키_시]에 위치한 [서일본_여객철도] [혼시비산_선] ([세토_대교선])의 [철도역]이다. [상대식_승강장] 2면 2선의 구조를 갖춘 <고가_역_(이바라키_현)>이다."}