{"result":[{"verbs":[{"word_id":3,"ancestor":["1-0"],"verb":"사용","cwStateCd":"FIXED","cwSelIdx":0}],"text":"<말라얄람어>는 [인도]의 [케랄라_주]에서 사용되는 [공용어]이다."}],"globalSId":[548082],"entities":[{"st":0,"eIdx":0,"ancestor":"","en":7,"ne_type":"","keyword":"<말라얄람어>","e_type":"ELU"},{"st":9,"eIdx":1,"ancestor":"","en":13,"ne_type":"","keyword":"[인도]","e_type":"WIKILINK"},{"st":15,"eIdx":2,"ancestor":"","en":22,"ne_type":"","keyword":"[케랄라_주]","e_type":"WIKILINK"},{"st":30,"eIdx":3,"ancestor":"","en":35,"ne_type":"","keyword":"[공용어]","e_type":"WIKILINK"}],"wikiPageId":66668,"pIdx":1,"text":"<말라얄람어>는 [인도]의 [케랄라_주]에서 사용되는 [공용어]이다."}