{"result":[{"verbs":[{"word_id":6,"ancestor":"-1","verb":"선출","cwStateCd":"FIXED","cwSelIdx":[]},{"word_id":11,"ancestor":"-1","verb":"사망","cwStateCd":"FIXED","cwSelIdx":[]},{"word_id":13,"ancestor":"-1","verb":"따르","cwStateCd":"FIXED","cwSelIdx":[]},{"word_id":16,"ancestor":"-1","verb":"선출","cwStateCd":"FIXED","cwSelIdx":[]},{"word_id":17,"ancestor":"-1","verb":"위하","cwStateCd":"FIXED","cwSelIdx":[]},{"word_id":19,"ancestor":"-1","verb":"치르","cwStateCd":"FIXED","cwSelIdx":[]},{"word_id":25,"ancestor":["1-6"],"verb":"당선","cwStateCd":"FIXED","cwSelIdx":23}],"text":"[1925년] [독일] 대선은 [1925년] [2월_28일], 제헌의회에서 선출된 [바이마르_공화국] 초대 대통령 [프리드리히_에베르트]가 사망하면서 헌법에 따라 새 대통령을 선출하기 위해 독일에서 치러진 대통령 선거로, 무소속 [파울_폰_힌덴부르크] 후보가 당선되었다."}],"globalSId":[3197991],"entities":[{"st":0,"eIdx":0,"ancestor":"-2","en":6,"cwStateCd":"FIXED","ne_type":"TIME","cwSelIdx":[],"type":"ENTITY","keyword":"[1925년]","e_type":"NEW"},{"st":8,"eIdx":1,"ancestor":"-2","en":11,"cwStateCd":"FIXED","ne_type":"ORGANIZATION","cwSelIdx":[],"type":"ENTITY","keyword":"[독일]","e_type":"NEW"},{"st":17,"eIdx":2,"ancestor":"","en":24,"ne_type":"","keyword":"[1925년]","e_type":"WIKILINK"},{"st":25,"eIdx":3,"ancestor":"","en":33,"ne_type":"","keyword":"[2월_28일]","e_type":"WIKILINK"},{"st":46,"eIdx":4,"ancestor":"","en":56,"ne_type":"","keyword":"[바이마르_공화국]","e_type":"WIKILINK"},{"st":64,"eIdx":5,"ancestor":"","en":76,"ne_type":"","keyword":"[프리드리히_에베르트]","e_type":"WIKILINK"},{"st":128,"eIdx":6,"ancestor":"","en":140,"ne_type":"","keyword":"[파울_폰_힌덴부르크]","e_type":"WIKILINK"}],"wikiPageId":1012976,"pIdx":1,"text":"[1925년] [독일] 대선은 [1925년] [2월_28일], 제헌의회에서 선출된 [바이마르_공화국] 초대 대통령 [프리드리히_에베르트]가 사망하면서 헌법에 따라 새 대통령을 선출하기 위해 독일에서 치러진 대통령 선거로, 무소속 [파울_폰_힌덴부르크] 후보가 당선되었다."}