{"result":[{"verbs":[{"word_id":0,"ancestor":"-2","verb":"독립","cwStateCd":"FIXED","cwSelIdx":[]}],"text":"독립된 어족."},{"verbs":[{"word_id":3,"ancestor":"-2","verb":"없","cwStateCd":"FIXED","cwSelIdx":[]},{"word_id":5,"ancestor":"-2","verb":"보","cwStateCd":"FIXED","cwSelIdx":[]},{"word_id":10,"ancestor":"-1","verb":"있","cwStateCd":"FIXED","cwSelIdx":[]},{"word_id":11,"ancestor":"-2","verb":"독립","cwStateCd":"FIXED","cwSelIdx":[]},{"word_id":13,"ancestor":"-2","verb":"되","cwStateCd":"FIXED","cwSelIdx":[]}],"text":"다른 언어와 연관이 없는 것으로 보더라도, 그 언어에서 분파된 언어가 있다면 독립된 어족이 될 수 있다."},{"verbs":[{"word_id":4,"ancestor":["6-1"],"verb":"있","cwStateCd":"FIXED","cwSelIdx":21},{"word_id":6,"ancestor":["6-0"],"verb":"분류","cwStateCd":"FIXED","cwSelIdx":18}],"text":"[일본어]는 분파된 언어로 [류큐어]가 있기에 [일본어족]으로 분류된다."},{"verbs":[{"word_id":2,"ancestor":["6-4"],"verb":"없","cwStateCd":"FIXED","cwSelIdx":26},{"word_id":5,"ancestor":["6-5"],"verb":"있","cwStateCd":"FIXED","cwSelIdx":29},{"word_id":7,"ancestor":["6-5"],"verb":"분류","cwStateCd":"FIXED","cwSelIdx":29}],"text":"[한국어]에서는, [상호의사소통성]이 없는 방언으로 [제주어]가 있기에 <한국어족>으로 분류하기도 한다."}],"globalSId":[79585,79586,79587,79588],"entities":[{"st":67,"eIdx":0,"ancestor":"","en":72,"ne_type":"","keyword":"[일본어]","e_type":"WIKILINK"},{"st":82,"eIdx":1,"ancestor":"","en":87,"ne_type":"","keyword":"[류큐어]","e_type":"WIKILINK"},{"st":93,"eIdx":2,"ancestor":"","en":99,"ne_type":"","keyword":"[일본어족]","e_type":"WIKILINK"},{"st":108,"eIdx":3,"ancestor":"","en":113,"ne_type":"","keyword":"[한국어]","e_type":"WIKILINK"},{"st":118,"eIdx":4,"ancestor":"","en":127,"ne_type":"","keyword":"[상호의사소통성]","e_type":"WIKILINK"},{"st":137,"eIdx":5,"ancestor":"","en":142,"ne_type":"","keyword":"[제주어]","e_type":"WIKILINK"},{"st":148,"eIdx":6,"ancestor":"","en":154,"ne_type":"","keyword":"<한국어족>","e_type":"ELU"}],"wikiPageId":5748,"pIdx":6,"text":"독립된 어족. 다른 언어와 연관이 없는 것으로 보더라도, 그 언어에서 분파된 언어가 있다면 독립된 어족이 될 수 있다. [일본어]는 분파된 언어로 [류큐어]가 있기에 [일본어족]으로 분류된다. [한국어]에서는, [상호의사소통성]이 없는 방언으로 [제주어]가 있기에 <한국어족>으로 분류하기도 한다."}