{"result":[{"verbs":[],"text":"생애."},{"verbs":[{"word_id":7,"ancestor":"-2","verb":"태어나","cwStateCd":"FIXED","cwSelIdx":[]}],"text":"[1843년] [코펜하겐]에서 [글뤽스부르크] 공자 [크리스티안_9세]와 [헤센카셀의_루이제]의 장남으로 태어났다."},{"verbs":[{"word_id":1,"ancestor":"-2","verb":"태어나","cwStateCd":"FIXED","cwSelIdx":[]},{"word_id":6,"ancestor":["2-3","2-4"],"verb":"아니","cwStateCd":"FIXED","cwSelIdx":[5,6]},{"word_id":9,"ancestor":["2-3","2-4"],"verb":"불과","cwStateCd":"FIXED","cwSelIdx":[5,6]},{"word_id":14,"ancestor":["2-3","2-4"],"verb":"아니","cwStateCd":"FIXED","cwSelIdx":[5,6]},{"word_id":16,"ancestor":["2-3","2-4"],"verb":"의하","cwStateCd":"FIXED","cwSelIdx":[5,6]},{"word_id":18,"ancestor":"-2","verb":"받","cwStateCd":"FIXED","cwSelIdx":[]}],"text":"그가 태어났을 당시 그의 부모는 왕위계승자가 아닌 일개 귀족에 불과했고, 그는 재정적인 이유로 가정교사가 아닌 부모에 의해 교육을 받으며 자라났다."},{"verbs":[{"word_id":6,"ancestor":"-2","verb":"되","cwStateCd":"FIXED","cwSelIdx":5},{"word_id":10,"ancestor":"-2","verb":"되","cwStateCd":"FIXED","cwSelIdx":[]}],"text":"[1863년] [프레데리크_7세]의 서거로 부친은 <덴마크>의 국왕이 되었고 그 또한 왕태자가 되었다."},{"verbs":[{"word_id":2,"ancestor":["2-8"],"verb":"길","cwStateCd":"FIXED","cwSelIdx":40}],"text":"[크리스티안_9세]의 치세가 길었기 때문에 [1906년], 환갑을 넘긴 나이에 비로소 국왕으로 즉위할 수 있었다."},{"verbs":[{"word_id":3,"ancestor":"-2","verb":"하","cwStateCd":"FIXED","cwSelIdx":[]},{"word_id":6,"ancestor":"-2","verb":"잃","cwStateCd":"FIXED","cwSelIdx":[]},{"word_id":8,"ancestor":"-2","verb":"옮기","cwStateCd":"FIXED","cwSelIdx":[]},{"word_id":9,"ancestor":"-2","verb":"숨지","cwStateCd":"FIXED","cwSelIdx":[]}],"text":"[독일]의 [함부르크]에서 산책을 하던 중 정신을 잃고 병원으로 옮겨졌으나 숨졌다."},{"verbs":[{"word_id":2,"ancestor":["2-7"],"verb":"발표","cwStateCd":"FIXED","cwSelIdx":33}],"text":"사인은 심장발작으로 발표되었다."},{"verbs":[{"word_id":3,"ancestor":"-2","verb":"묻히","cwStateCd":"FIXED","cwSelIdx":[]}],"text":"[코펜하겐] 근처의 [로스킬레_대성당]에 묻혔다."}],"globalSId":[2505397,2505398,2505399,2505400,2505401,2505402,2505403,2505404],"entities":[{"st":4,"eIdx":0,"ancestor":"","en":11,"ne_type":"","keyword":"[1843년]","e_type":"WIKILINK"},{"st":12,"eIdx":1,"ancestor":"","en":18,"ne_type":"","keyword":"[코펜하겐]","e_type":"WIKILINK"},{"st":21,"eIdx":2,"ancestor":"-2","en":28,"cwStateCd":"FIXED","ne_type":"LOCATION","cwSelIdx":[],"type":"ENTITY","keyword":"[글뤽스부르크]","e_type":"NEW"},{"st":33,"eIdx":3,"ancestor":"","en":43,"ne_type":"","keyword":"[크리스티안_9세]","e_type":"WIKILINK"},{"st":45,"eIdx":4,"ancestor":"","en":56,"ne_type":"","keyword":"[헤센카셀의_루이제]","e_type":"WIKILINK"},{"st":152,"eIdx":5,"ancestor":"","en":159,"ne_type":"","keyword":"[1863년]","e_type":"WIKILINK"},{"st":160,"eIdx":6,"ancestor":"","en":170,"ne_type":"","keyword":"[프레데리크_7세]","e_type":"WIKILINK"},{"st":180,"eIdx":7,"ancestor":"","en":185,"ne_type":"","keyword":"<덴마크>","e_type":"ELU"},{"st":210,"eIdx":8,"ancestor":"2-3","en":219,"cwStateCd":"FIXED","ne_type":"PERSON","cwSelIdx":5,"type":"ENTITY","keyword":"[크리스티안_9세]","e_type":"NEW"},{"st":234,"eIdx":9,"ancestor":"","en":241,"ne_type":"","keyword":"[1906년]","e_type":"WIKILINK"},{"st":274,"eIdx":10,"ancestor":"","en":278,"ne_type":"","keyword":"[독일]","e_type":"WIKILINK"},{"st":280,"eIdx":11,"ancestor":"","en":286,"ne_type":"","keyword":"[함부르크]","e_type":"WIKILINK"},{"st":339,"eIdx":12,"ancestor":"","en":345,"ne_type":"","keyword":"[코펜하겐]","e_type":"WIKILINK"},{"st":350,"eIdx":13,"ancestor":"","en":360,"ne_type":"","keyword":"[로스킬레_대성당]","e_type":"WIKILINK"}],"wikiPageId":650020,"pIdx":2,"text":"생애. [1843년] [코펜하겐]에서 [글뤽스부르크] 공자 [크리스티안_9세]와 [헤센카셀의_루이제]의 장남으로 태어났다. 그가 태어났을 당시 그의 부모는 왕위계승자가 아닌 일개 귀족에 불과했고, 그는 재정적인 이유로 가정교사가 아닌 부모에 의해 교육을 받으며 자라났다. [1863년] [프레데리크_7세]의 서거로 부친은 <덴마크>의 국왕이 되었고 그 또한 왕태자가 되었다. [크리스티안_9세]의 치세가 길었기 때문에 [1906년], 환갑을 넘긴 나이에 비로소 국왕으로 즉위할 수 있었다. [독일]의 [함부르크]에서 산책을 하던 중 정신을 잃고 병원으로 옮겨졌으나 숨졌다. 사인은 심장발작으로 발표되었다. [코펜하겐] 근처의 [로스킬레_대성당]에 묻혔다."}