{"result":[{"verbs":[{"word_id":7,"ancestor":["1-4"],"verb":"개최","cwStateCd":"FIXED","cwSelIdx":8},{"word_id":9,"ancestor":["1-5"],"verb":"참가","cwStateCd":"FIXED","cwSelIdx":10}],"text":"[1984년] 동계 올림픽 [코스타리카] 선수단은 [캐나다] [캘거리]에서 개최된 [1988년_동계_올림픽]에 참가한 [올림픽_코스타리카_선수단]이다."}],"globalSId":[2152910],"entities":[{"st":0,"eIdx":0,"ancestor":"-2","en":6,"cwStateCd":"FIXED","ne_type":"TIME","cwSelIdx":[],"type":"ENTITY","keyword":"[1984년]","e_type":"NEW"},{"st":15,"eIdx":1,"ancestor":"-2","en":21,"cwStateCd":"FIXED","ne_type":"ETC","cwSelIdx":[],"type":"ENTITY","keyword":"[코스타리카]","e_type":"NEW"},{"st":28,"eIdx":2,"ancestor":"","en":33,"ne_type":"","keyword":"[캐나다]","e_type":"WIKILINK"},{"st":34,"eIdx":3,"ancestor":"","en":39,"ne_type":"","keyword":"[캘거리]","e_type":"WIKILINK"},{"st":46,"eIdx":4,"ancestor":"","en":60,"ne_type":"","keyword":"[1988년_동계_올림픽]","e_type":"WIKILINK"},{"st":66,"eIdx":5,"ancestor":"","en":81,"ne_type":"","keyword":"[올림픽_코스타리카_선수단]","e_type":"WIKILINK"}],"wikiPageId":488081,"pIdx":1,"text":"[1984년] 동계 올림픽 [코스타리카] 선수단은 [캐나다] [캘거리]에서 개최된 [1988년_동계_올림픽]에 참가한 [올림픽_코스타리카_선수단]이다."}