{"result":[{"verbs":[{"word_id":5,"ancestor":["1-0"],"verb":"위치","cwStateCd":"FIXED","cwSelIdx":0}],"text":"<그림스뵈튼_화산>(Gr?msv?tn)은 [아이슬란드]의 최대 [빙하] [바트나이외쿠틀]에 위치한 해발 1,725m의 [화산]이다."},{"verbs":[{"word_id":2,"ancestor":["1-0"],"verb":"분화","cwStateCd":"FIXED","cwSelIdx":0}],"text":"[2011년] [5월]에 [분화]하였다."},{"verbs":[{"word_id":7,"ancestor":"-2","verb":"보이","cwStateCd":"FIXED","cwSelIdx":[]}],"text":"이 [화산]은 [화산]이지만 [빙저호]이고, 화산의 전형적인 형태는 보이지 않는다."},{"verbs":[{"word_id":5,"ancestor":["1-12"],"verb":"있","cwStateCd":"FIXED","cwSelIdx":25},{"word_id":7,"ancestor":"-2","verb":"알","cwStateCd":"FIXED","cwSelIdx":[]}],"text":"그러나 곳곳에 [증기]가 나오는 [바위]가 있어 [화산]임을 알 수 있다."},{"verbs":[{"word_id":4,"ancestor":["1-15"],"verb":"있","cwStateCd":"FIXED","cwSelIdx":33},{"word_id":8,"ancestor":["1-17"],"verb":"치솟","cwStateCd":"FIXED","cwSelIdx":37}],"text":"이 [화산]의 [분화]는 [2004년]에도 있었는데, 역시 [화산재]가 공중으로 치솟았다."},{"verbs":[{"word_id":2,"ancestor":["1-0"],"verb":"멈추","cwStateCd":"FIXED","cwSelIdx":0}],"text":"지금은 [분화]를 멈추었지만, 여전히 [증기]가 나오기 때문에 [활화산]이다."}],"globalSId":[2487257,2487258,2487259,2487260,2487261,2487262],"entities":[{"st":0,"eIdx":0,"ancestor":"","en":10,"ne_type":"","keyword":"<그림스뵈튼_화산>","e_type":"ELU"},{"st":23,"eIdx":1,"ancestor":"","en":30,"ne_type":"","keyword":"[아이슬란드]","e_type":"WIKILINK"},{"st":35,"eIdx":2,"ancestor":"","en":39,"ne_type":"","keyword":"[빙하]","e_type":"WIKILINK"},{"st":40,"eIdx":3,"ancestor":"","en":49,"ne_type":"","keyword":"[바트나이외쿠틀]","e_type":"WIKILINK"},{"st":66,"eIdx":4,"ancestor":"","en":70,"ne_type":"","keyword":"[화산]","e_type":"WIKILINK"},{"st":74,"eIdx":5,"ancestor":"","en":81,"ne_type":"","keyword":"[2011년]","e_type":"WIKILINK"},{"st":82,"eIdx":6,"ancestor":"","en":86,"ne_type":"","keyword":"[5월]","e_type":"WIKILINK"},{"st":88,"eIdx":7,"ancestor":"","en":92,"ne_type":"","keyword":"[분화]","e_type":"WIKILINK"},{"st":99,"eIdx":8,"ancestor":"","en":103,"ne_type":"","keyword":"[화산]","e_type":"WIKILINK"},{"st":105,"eIdx":9,"ancestor":"","en":109,"ne_type":"","keyword":"[화산]","e_type":"WIKILINK"},{"st":113,"eIdx":10,"ancestor":"","en":118,"ne_type":"","keyword":"[빙저호]","e_type":"WIKILINK"},{"st":152,"eIdx":11,"ancestor":"","en":156,"ne_type":"","keyword":"[증기]","e_type":"WIKILINK"},{"st":162,"eIdx":12,"ancestor":"","en":166,"ne_type":"","keyword":"[바위]","e_type":"WIKILINK"},{"st":171,"eIdx":13,"ancestor":"","en":175,"ne_type":"","keyword":"[화산]","e_type":"WIKILINK"},{"st":188,"eIdx":14,"ancestor":"","en":192,"ne_type":"","keyword":"[화산]","e_type":"WIKILINK"},{"st":194,"eIdx":15,"ancestor":"","en":198,"ne_type":"","keyword":"[분화]","e_type":"WIKILINK"},{"st":200,"eIdx":16,"ancestor":"","en":207,"ne_type":"","keyword":"[2004년]","e_type":"WIKILINK"},{"st":219,"eIdx":17,"ancestor":"","en":224,"ne_type":"","keyword":"[화산재]","e_type":"WIKILINK"},{"st":241,"eIdx":18,"ancestor":"","en":245,"ne_type":"","keyword":"[분화]","e_type":"WIKILINK"},{"st":258,"eIdx":19,"ancestor":"","en":262,"ne_type":"","keyword":"[증기]","e_type":"WIKILINK"},{"st":272,"eIdx":20,"ancestor":"","en":277,"ne_type":"","keyword":"[활화산]","e_type":"WIKILINK"}],"wikiPageId":642075,"pIdx":1,"text":"<그림스뵈튼_화산>(Gr?msv?tn)은 [아이슬란드]의 최대 [빙하] [바트나이외쿠틀]에 위치한 해발 1,725m의 [화산]이다. [2011년] [5월]에 [분화]하였다. 이 [화산]은 [화산]이지만 [빙저호]이고, 화산의 전형적인 형태는 보이지 않는다. 그러나 곳곳에 [증기]가 나오는 [바위]가 있어 [화산]임을 알 수 있다. 이 [화산]의 [분화]는 [2004년]에도 있었는데, 역시 [화산재]가 공중으로 치솟았다. 지금은 [분화]를 멈추었지만, 여전히 [증기]가 나오기 때문에 [활화산]이다."}