{"result":[{"verbs":[],"text":"[이양녀]."},{"verbs":[{"word_id":6,"ancestor":["21-2"],"verb":"젊","cwStateCd":"FIXED","cwSelIdx":5},{"word_id":13,"ancestor":["21-2"],"verb":"달래","cwStateCd":"FIXED","cwSelIdx":5},{"word_id":14,"ancestor":["21-2"],"verb":"거절","cwStateCd":"FIXED","cwSelIdx":5}],"text":"<송상현_(1551년)>의 또 다른 첩인 [이양녀]는 [김섬]보다 젊은데, [동래성_전투]에서 왜적들이 사로잡아 범하려 하자 그들을 달래어 거절하였다."},{"verbs":[{"word_id":4,"ancestor":["21-2"],"verb":"끌려가","cwStateCd":"FIXED","cwSelIdx":5},{"word_id":13,"ancestor":["21-6"],"verb":"삼","cwStateCd":"FIXED","cwSelIdx":21},{"word_id":15,"ancestor":["21-7"],"verb":"지도","cwStateCd":"FIXED","cwSelIdx":22}],"text":"왜인들이 절부로 칭찬하고, [일본]에 끌려갔는데 [도요토미_히데요시]은 [이양녀]를 [후시미_성]에 살게 하고, 일본인 부녀들의 스승으로 삼아 풍기를 지도하게 했다."},{"verbs":[{"word_id":5,"ancestor":["21-10"],"verb":"세우","cwStateCd":"FIXED","cwSelIdx":39},{"word_id":8,"ancestor":"-2","verb":"있","cwStateCd":"FIXED","cwSelIdx":[]},{"word_id":16,"ancestor":"-2","verb":"크","cwStateCd":"FIXED","cwSelIdx":[]},{"word_id":19,"ancestor":"-2","verb":"하","cwStateCd":"FIXED","cwSelIdx":[]}],"text":"일본인 부녀 중에는 뒷날 [에도_막부]를 세운 [도쿠가와_이에야스]의 처도 있었는데, [임진왜란] 후 <도쿠가와_이에야스>가 [조선]과 화해하는데 그 처가 큰 조력을 하였다 한다."},{"verbs":[{"word_id":1,"ancestor":["21-2"],"verb":"살","cwStateCd":"FIXED","cwSelIdx":5},{"word_id":3,"ancestor":["21-2"],"verb":"돌아오","cwStateCd":"FIXED","cwSelIdx":5},{"word_id":9,"ancestor":["21-2"],"verb":"만나","cwStateCd":"FIXED","cwSelIdx":5},{"word_id":11,"ancestor":["21-2"],"verb":"통곡","cwStateCd":"FIXED","cwSelIdx":5},{"word_id":12,"ancestor":"-2","verb":"하","cwStateCd":"FIXED","cwSelIdx":[]}],"text":"마침내 살아서 고국으로 돌아왔고, [송상현] 부사의 정 본가인 [청주]에서 만나 손잡고 통곡했다 한다."}],"globalSId":[1470467,1470468,1470469,1470470,1470471],"entities":[{"st":0,"eIdx":0,"ancestor":"-2","en":4,"cwStateCd":"FIXED","ne_type":"PERSON","cwSelIdx":[],"type":"ENTITY","keyword":"[이양녀]","e_type":"NEW"},{"st":7,"eIdx":1,"ancestor":"","en":20,"ne_type":"","keyword":"<송상현_(1551년)>","e_type":"ELU"},{"st":30,"eIdx":2,"ancestor":"21-0","en":34,"cwStateCd":"FIXED","ne_type":"PERSON","cwSelIdx":0,"type":"ENTITY","keyword":"[이양녀]","e_type":"NEW"},{"st":37,"eIdx":3,"ancestor":"-2","en":40,"cwStateCd":"FIXED","ne_type":"PERSON","cwSelIdx":[],"type":"ENTITY","keyword":"[김섬]","e_type":"NEW"},{"st":49,"eIdx":4,"ancestor":"-2","en":56,"cwStateCd":"FIXED","ne_type":"ETC","cwSelIdx":[],"type":"ENTITY","keyword":"[동래성_전투]","e_type":"NEW"},{"st":107,"eIdx":5,"ancestor":"-2","en":110,"cwStateCd":"FIXED","ne_type":"LOCATION","cwSelIdx":[],"type":"ENTITY","keyword":"[일본]","e_type":"NEW"},{"st":119,"eIdx":6,"ancestor":"","en":130,"ne_type":"","keyword":"[도요토미_히데요시]","e_type":"WIKILINK"},{"st":132,"eIdx":7,"ancestor":"21-0","en":136,"cwStateCd":"FIXED","ne_type":"PERSON","cwSelIdx":0,"type":"ENTITY","keyword":"[이양녀]","e_type":"NEW"},{"st":139,"eIdx":8,"ancestor":"","en":146,"ne_type":"","keyword":"[후시미_성]","e_type":"WIKILINK"},{"st":199,"eIdx":9,"ancestor":"","en":206,"ne_type":"","keyword":"[에도_막부]","e_type":"WIKILINK"},{"st":211,"eIdx":10,"ancestor":"","en":222,"ne_type":"","keyword":"[도쿠가와_이에야스]","e_type":"WIKILINK"},{"st":233,"eIdx":11,"ancestor":"-2","en":238,"cwStateCd":"FIXED","ne_type":"ETC","cwSelIdx":[],"type":"ENTITY","keyword":"[임진왜란]","e_type":"NEW"},{"st":242,"eIdx":12,"ancestor":"","en":253,"ne_type":"","keyword":"<도쿠가와_이에야스>","e_type":"ELU"},{"st":255,"eIdx":13,"ancestor":"-2","en":258,"cwStateCd":"FIXED","ne_type":"ORGANIZATION","cwSelIdx":[],"type":"ENTITY","keyword":"[조선]","e_type":"NEW"},{"st":305,"eIdx":14,"ancestor":"21-1","en":309,"cwStateCd":"FIXED","ne_type":"PERSON","cwSelIdx":1,"type":"ENTITY","keyword":"[송상현]","e_type":"NEW"},{"st":321,"eIdx":15,"ancestor":"","en":325,"ne_type":"","keyword":"[청주]","e_type":"WIKILINK"}],"wikiPageId":261090,"pIdx":21,"text":"[이양녀]. <송상현_(1551년)>의 또 다른 첩인 [이양녀]는 [김섬]보다 젊은데, [동래성_전투]에서 왜적들이 사로잡아 범하려 하자 그들을 달래어 거절하였다. 왜인들이 절부로 칭찬하고, [일본]에 끌려갔는데 [도요토미_히데요시]은 [이양녀]를 [후시미_성]에 살게 하고, 일본인 부녀들의 스승으로 삼아 풍기를 지도하게 했다. 일본인 부녀 중에는 뒷날 [에도_막부]를 세운 [도쿠가와_이에야스]의 처도 있었는데, [임진왜란] 후 <도쿠가와_이에야스>가 [조선]과 화해하는데 그 처가 큰 조력을 하였다 한다. 마침내 살아서 고국으로 돌아왔고, [송상현] 부사의 정 본가인 [청주]에서 만나 손잡고 통곡했다 한다."}