{"result":[{"verbs":[{"word_id":4,"ancestor":["1-0"],"verb":"있","cwStateCd":"FIXED","cwSelIdx":0}],"text":"<쓰다주쿠_대학>()은 [일본] [도쿄_도] [고다이라_시]에 있는 4년제 사립대학이다."},{"verbs":[{"word_id":4,"ancestor":["1-0"],"verb":"불리","cwStateCd":"FIXED","cwSelIdx":0},{"word_id":5,"ancestor":["1-0"],"verb":"입학","cwStateCd":"FIXED","cwSelIdx":0},{"word_id":7,"ancestor":"-2","verb":"어렵","cwStateCd":"FIXED","cwSelIdx":[]},{"word_id":10,"ancestor":["1-0"],"verb":"받","cwStateCd":"FIXED","cwSelIdx":0}],"text":"예전부터 \"여대의 [도쿄_대학]\"이라는 이름으로 불리며, 입학하기 가장 어려운 여자대학이라는 평판을 받고 있다."},{"verbs":[{"word_id":1,"ancestor":["1-0"],"verb":"더불","cwStateCd":"FIXED","cwSelIdx":0},{"word_id":5,"ancestor":["1-0"],"verb":"손꼽히","cwStateCd":"FIXED","cwSelIdx":0}],"text":"[오차노미즈_여자_대학]과 더불어 일본의 여자 대학으로 손꼽힌다."}],"globalSId":[434516,434517,434518],"entities":[{"st":0,"eIdx":0,"ancestor":"","en":9,"ne_type":"","keyword":"<쓰다주쿠_대학>","e_type":"ELU"},{"st":13,"eIdx":1,"ancestor":"","en":17,"ne_type":"","keyword":"[일본]","e_type":"WIKILINK"},{"st":18,"eIdx":2,"ancestor":"","en":24,"ne_type":"","keyword":"[도쿄_도]","e_type":"WIKILINK"},{"st":25,"eIdx":3,"ancestor":"","en":33,"ne_type":"","keyword":"[고다이라_시]","e_type":"WIKILINK"},{"st":60,"eIdx":4,"ancestor":"","en":67,"ne_type":"","keyword":"[도쿄_대학]","e_type":"WIKILINK"},{"st":113,"eIdx":5,"ancestor":"","en":126,"ne_type":"","keyword":"[오차노미즈_여자_대학]","e_type":"WIKILINK"}],"wikiPageId":45686,"pIdx":1,"text":"<쓰다주쿠_대학>()은 [일본] [도쿄_도] [고다이라_시]에 있는 4년제 사립대학이다. 예전부터 \"여대의 [도쿄_대학]\"이라는 이름으로 불리며, 입학하기 가장 어려운 여자대학이라는 평판을 받고 있다. [오차노미즈_여자_대학]과 더불어 일본의 여자 대학으로 손꼽힌다."}