{"result":[{"verbs":[{"word_id":5,"ancestor":["1-0"],"verb":"물러나","cwStateCd":"FIXED","cwSelIdx":0},{"word_id":9,"ancestor":["1-0"],"verb":"등용","cwStateCd":"FIXED","cwSelIdx":0},{"word_id":14,"ancestor":["1-0"],"verb":"거치","cwStateCd":"FIXED","cwSelIdx":0},{"word_id":16,"ancestor":["1-0"],"verb":"고속","cwStateCd":"FIXED","cwSelIdx":0},{"word_id":21,"ancestor":["1-0"],"verb":"되","cwStateCd":"FIXED","cwSelIdx":0},{"word_id":25,"ancestor":["1-0"],"verb":"오르","cwStateCd":"FIXED","cwSelIdx":0}],"text":"[1910년]([융희_4년]) [10월] [한일_합방] 후 관직에서 물러났다가 [그해_11월] [조선총독부]의 특채로 등용되어 [전라남도] 참여관과 [경기도] 참여관을 거쳐 [충청북도][도지사]로 고속승진한 후 [1926년] 중추원 참의가 되었다가 [1945년] [중추원] 고문직에 올랐다."},{"verbs":[{"word_id":13,"ancestor":["3-13"],"verb":"따르","cwStateCd":"FIXED","cwSelIdx":28}],"text":"그의 딸 [윤고려]는 개화파 정치인 [윤치오]의 두 번째 부인으로 결혼 후 남편의 성을 따라 윤씨로 성을 바꾸기도 했다."},{"verbs":[],"text":"본관은 [청도_김씨]이다."}],"globalSId":[952634,952635,952636],"entities":[{"st":0,"eIdx":0,"ancestor":"","en":7,"ne_type":"","keyword":"[1910년]","e_type":"WIKILINK"},{"st":8,"eIdx":1,"ancestor":"-2","en":6,"cwStateCd":"FIXED","ne_type":"TIME","cwSelIdx":[],"type":"ENTITY","keyword":"[융희_4년]","e_type":"NEW"},{"st":17,"eIdx":2,"ancestor":"","en":22,"ne_type":"","keyword":"[10월]","e_type":"WIKILINK"},{"st":23,"eIdx":3,"ancestor":"","en":30,"ne_type":"","keyword":"[한일_합방]","e_type":"WIKILINK"},{"st":44,"eIdx":4,"ancestor":"-2","en":51,"cwStateCd":"FIXED","ne_type":"TIME","cwSelIdx":[],"type":"ENTITY","keyword":"[그해_11월]","e_type":"NEW"},{"st":53,"eIdx":5,"ancestor":"","en":60,"ne_type":"","keyword":"[조선총독부]","e_type":"WIKILINK"},{"st":71,"eIdx":6,"ancestor":"","en":77,"ne_type":"","keyword":"[전라남도]","e_type":"WIKILINK"},{"st":83,"eIdx":7,"ancestor":"","en":88,"ne_type":"","keyword":"[경기도]","e_type":"WIKILINK"},{"st":97,"eIdx":8,"ancestor":"","en":103,"ne_type":"","keyword":"[충청북도]","e_type":"WIKILINK"},{"st":103,"eIdx":9,"ancestor":"","en":108,"ne_type":"","keyword":"[도지사]","e_type":"WIKILINK"},{"st":118,"eIdx":10,"ancestor":"","en":125,"ne_type":"","keyword":"[1926년]","e_type":"WIKILINK"},{"st":139,"eIdx":11,"ancestor":"","en":146,"ne_type":"","keyword":"[1945년]","e_type":"WIKILINK"},{"st":147,"eIdx":12,"ancestor":"-2","en":151,"cwStateCd":"FIXED","ne_type":"ORGANIZATION","cwSelIdx":[],"type":"ENTITY","keyword":"[중추원]","e_type":"NEW"},{"st":168,"eIdx":13,"ancestor":"","en":173,"ne_type":"","keyword":"[윤고려]","e_type":"WIKILINK"},{"st":183,"eIdx":14,"ancestor":"","en":188,"ne_type":"","keyword":"[윤치오]","e_type":"WIKILINK"},{"st":235,"eIdx":15,"ancestor":"","en":242,"ne_type":"","keyword":"[청도_김씨]","e_type":"WIKILINK"}],"wikiPageId":132249,"pIdx":3,"text":"[1910년]([융희_4년]) [10월] [한일_합방] 후 관직에서 물러났다가 [그해_11월] [조선총독부]의 특채로 등용되어 [전라남도] 참여관과 [경기도] 참여관을 거쳐 [충청북도][도지사]로 고속승진한 후 [1926년] 중추원 참의가 되었다가 [1945년] [중추원] 고문직에 올랐다. 그의 딸 [윤고려]는 개화파 정치인 [윤치오]의 두 번째 부인으로 결혼 후 남편의 성을 따라 윤씨로 성을 바꾸기도 했다. 본관은 [청도_김씨]이다."}