{"result":[{"verbs":[{"word_id":3,"ancestor":["1-0"],"verb":"속","cwStateCd":"FIXED","cwSelIdx":0}],"text":"[고삐발톱꼬리왈라비](\"Onychogalea fraenata\")은 [캥거루과]에 속하는 멸종위기종 [유대류]의 일종이다."},{"verbs":[{"word_id":3,"ancestor":"-2","verb":"고립","cwStateCd":"FIXED","cwSelIdx":[]},{"word_id":6,"ancestor":"-2","verb":"작","cwStateCd":"FIXED","cwSelIdx":0},{"word_id":11,"ancestor":"-2","verb":"있","cwStateCd":"FIXED","cwSelIdx":0}],"text":"[오스트레일리아] [퀸즐랜드_주]의 군데 고립된 장소에서 발견되는 작은 [왈라비]로 개체수가 감소 추세에 있다."},{"verbs":[{"word_id":7,"ancestor":"-2","verb":"추산","cwStateCd":"FIXED","cwSelIdx":[]}],"text":"현재, 야생에서의 전체 성체 개체수를 1,100마리 이하로 추산하고 있다."}],"globalSId":[3804464,3804465,3804466],"entities":[{"st":0,"eIdx":0,"ancestor":"-2","en":10,"cwStateCd":"FIXED","ne_type":"ETC","cwSelIdx":[],"type":"ENTITY","keyword":"[고삐발톱꼬리왈라비]","e_type":"NEW"},{"st":37,"eIdx":1,"ancestor":"","en":43,"ne_type":"","keyword":"[캥거루과]","e_type":"WIKILINK"},{"st":55,"eIdx":2,"ancestor":"","en":60,"ne_type":"","keyword":"[유대류]","e_type":"WIKILINK"},{"st":68,"eIdx":3,"ancestor":"","en":77,"ne_type":"","keyword":"[오스트레일리아]","e_type":"WIKILINK"},{"st":78,"eIdx":4,"ancestor":"","en":86,"ne_type":"","keyword":"[퀸즐랜드_주]","e_type":"WIKILINK"},{"st":108,"eIdx":5,"ancestor":"","en":113,"ne_type":"","keyword":"[왈라비]","e_type":"WIKILINK"}],"wikiPageId":1582269,"pIdx":1,"text":"[고삐발톱꼬리왈라비](\"Onychogalea fraenata\")은 [캥거루과]에 속하는 멸종위기종 [유대류]의 일종이다. [오스트레일리아] [퀸즐랜드_주]의 군데 고립된 장소에서 발견되는 작은 [왈라비]로 개체수가 감소 추세에 있다. 현재, 야생에서의 전체 성체 개체수를 1,100마리 이하로 추산하고 있다."}