{"result":[{"verbs":[{"word_id":3,"ancestor":["7-0"],"verb":"진전","cwStateCd":"FIXED","cwSelIdx":9},{"word_id":8,"ancestor":["7-0"],"verb":"해체하","cwStateCd":"FIXED","cwSelIdx":9},{"word_id":12,"ancestor":"-1","verb":"일관","cwStateCd":"FIXED","cwSelIdx":[]}],"text":"그 후에 중앙집권화를 진전하게 하여 토호의 지역 지배를 해체하려는 [도요토미_정권]의 동향에 <사이카슈>는 일관되게 반발을 지속하였다."},{"verbs":[{"word_id":3,"ancestor":["7-5"],"verb":"벌어지","cwStateCd":"FIXED","cwSelIdx":19},{"word_id":6,"ancestor":["7-1"],"verb":"연합","cwStateCd":"FIXED","cwSelIdx":11},{"word_id":9,"ancestor":["7-1"],"verb":"출병","cwStateCd":"FIXED","cwSelIdx":11},{"word_id":11,"ancestor":["7-9"],"verb":"출진","cwStateCd":"FIXED","cwSelIdx":27},{"word_id":14,"ancestor":["7-1"],"verb":"위협","cwStateCd":"FIXED","cwSelIdx":11}],"text":"[히데요시]와 [오다_노부카쓰]·[도쿠가와_이에야스] 사이에 벌어진 [고마키·나가쿠테_전투]에서는 [네고로슈]와 연합하여 [오사카_성] 주변까지 출병하여 [오와리_국]로 출진한 [히데요시]의 배후를 위협하였다."},{"verbs":[{"word_id":2,"ancestor":["7-13"],"verb":"화해","cwStateCd":"FIXED","cwSelIdx":33},{"word_id":5,"ancestor":["7-13"],"verb":"침습","cwStateCd":"FIXED","cwSelIdx":33}],"text":"[덴쇼_13년]([1585년]), [이에야스]와 화해한 [히데요시]가 [기이]로 침습해(제2차 [기슈_정벌]), [네고로슈]의 본거지 [네고로지][根?寺]를 불사르고 <사이카슈>도 괴멸하게 했다."}],"globalSId":[2228362,2228363,2228364],"entities":[{"st":37,"eIdx":0,"ancestor":"","en":46,"ne_type":"","keyword":"[도요토미_정권]","e_type":"WIKILINK"},{"st":52,"eIdx":1,"ancestor":"","en":58,"ne_type":"","keyword":"<사이카슈>","e_type":"ELU"},{"st":76,"eIdx":2,"ancestor":"7-0","en":81,"cwStateCd":"FIXED","ne_type":"PERSON","cwSelIdx":9,"type":"ENTITY","keyword":"[히데요시]","e_type":"NEW"},{"st":84,"eIdx":3,"ancestor":"","en":93,"ne_type":"","keyword":"[오다_노부카쓰]","e_type":"WIKILINK"},{"st":94,"eIdx":4,"ancestor":"","en":105,"ne_type":"","keyword":"[도쿠가와_이에야스]","e_type":"WIKILINK"},{"st":114,"eIdx":5,"ancestor":"","en":127,"ne_type":"","keyword":"[고마키·나가쿠테_전투]","e_type":"WIKILINK"},{"st":131,"eIdx":6,"ancestor":"3-13","en":136,"cwStateCd":"FIXED","ne_type":"ETC","cwSelIdx":33,"type":"ENTITY","keyword":"[네고로슈]","e_type":"NEW"},{"st":144,"eIdx":7,"ancestor":"","en":151,"ne_type":"","keyword":"[오사카_성]","e_type":"WIKILINK"},{"st":162,"eIdx":8,"ancestor":"","en":169,"ne_type":"","keyword":"[오와리_국]","e_type":"WIKILINK"},{"st":175,"eIdx":9,"ancestor":"7-2","en":180,"cwStateCd":"FIXED","ne_type":"PERSON","cwSelIdx":15,"type":"ENTITY","keyword":"[히데요시]","e_type":"NEW"},{"st":194,"eIdx":10,"ancestor":"-2","en":201,"cwStateCd":"FIXED","ne_type":"TIME","cwSelIdx":[],"type":"ENTITY","keyword":"[덴쇼_13년]","e_type":"NEW"},{"st":203,"eIdx":11,"ancestor":"","en":210,"ne_type":"","keyword":"[1585년]","e_type":"WIKILINK"},{"st":213,"eIdx":12,"ancestor":"-2","en":218,"cwStateCd":"FIXED","ne_type":"PERSON","cwSelIdx":[],"type":"ENTITY","keyword":"[이에야스]","e_type":"NEW"},{"st":225,"eIdx":13,"ancestor":"7-9","en":230,"cwStateCd":"FIXED","ne_type":"PERSON","cwSelIdx":27,"type":"ENTITY","keyword":"[히데요시]","e_type":"NEW"},{"st":233,"eIdx":14,"ancestor":"3-3","en":236,"cwStateCd":"FIXED","ne_type":"LOCATION","cwSelIdx":6,"type":"ENTITY","keyword":"[기이]","e_type":"NEW"},{"st":247,"eIdx":15,"ancestor":"","en":254,"ne_type":"","keyword":"[기슈_정벌]","e_type":"WIKILINK"},{"st":257,"eIdx":16,"ancestor":"7-6","en":262,"cwStateCd":"FIXED","ne_type":"ETC","cwSelIdx":20,"type":"ENTITY","keyword":"[네고로슈]","e_type":"NEW"},{"st":269,"eIdx":17,"ancestor":"-2","en":274,"cwStateCd":"FIXED","ne_type":"LOCATION","cwSelIdx":[],"type":"ENTITY","keyword":"[네고로지]","e_type":"NEW"},{"st":275,"eIdx":18,"ancestor":"","en":280,"ne_type":"","keyword":"[根?寺]","e_type":"WIKILINK"},{"st":287,"eIdx":19,"ancestor":"","en":293,"ne_type":"","keyword":"<사이카슈>","e_type":"ELU"}],"wikiPageId":520457,"pIdx":7,"text":"그 후에 중앙집권화를 진전하게 하여 토호의 지역 지배를 해체하려는 [도요토미_정권]의 동향에 <사이카슈>는 일관되게 반발을 지속하였다. [히데요시]와 [오다_노부카쓰]·[도쿠가와_이에야스] 사이에 벌어진 [고마키·나가쿠테_전투]에서는 [네고로슈]와 연합하여 [오사카_성] 주변까지 출병하여 [오와리_국]로 출진한 [히데요시]의 배후를 위협하였다. [덴쇼_13년]([1585년]), [이에야스]와 화해한 [히데요시]가 [기이]로 침습해(제2차 [기슈_정벌]), [네고로슈]의 본거지 [네고로지][根?寺]를 불사르고 <사이카슈>도 괴멸하게 했다."}