{"result":[{"verbs":[{"word_id":5,"ancestor":["1-0"],"verb":"창설","cwStateCd":"FIXED","cwSelIdx":0},{"word_id":12,"ancestor":["1-0"],"verb":"하","cwStateCd":"FIXED","cwSelIdx":0}],"text":"[아스콜리_피키오_FC_1898](Ascoli Picchio F.C. 1898)는 [1898년]에 창설된 [이탈리아]의 축구 클럽으로, [마르케_주] [아스콜리피체노]를 연고지로 한다."},{"verbs":[{"word_id":2,"ancestor":["1-0"],"verb":"활약","cwStateCd":"FIXED","cwSelIdx":0}],"text":"현재 [세리에_B]에서 활약하고 있다."}],"globalSId":[2544514,2544515,2544516],"entities":[{"st":0,"eIdx":0,"ancestor":"-2","en":17,"cwStateCd":"FIXED","ne_type":"ORGANIZATION","cwSelIdx":[],"type":"ENTITY","keyword":"[아스콜리_피키오_FC_1898]","e_type":"NEW"},{"st":46,"eIdx":1,"ancestor":"","en":53,"ne_type":"","keyword":"[1898년]","e_type":"WIKILINK"},{"st":59,"eIdx":2,"ancestor":"","en":65,"ne_type":"","keyword":"[이탈리아]","e_type":"WIKILINK"},{"st":76,"eIdx":3,"ancestor":"","en":83,"ne_type":"","keyword":"[마르케_주]","e_type":"WIKILINK"},{"st":84,"eIdx":4,"ancestor":"","en":93,"ne_type":"","keyword":"[아스콜리피체노]","e_type":"WIKILINK"},{"st":107,"eIdx":5,"ancestor":"","en":114,"ne_type":"","keyword":"[세리에_B]","e_type":"WIKILINK"}],"wikiPageId":671637,"pIdx":1,"text":"[아스콜리_피키오_FC_1898](Ascoli Picchio F.C. 1898)는 [1898년]에 창설된 [이탈리아]의 축구 클럽으로, [마르케_주] [아스콜리피체노]를 연고지로 한다. 현재 [세리에_B]에서 활약하고 있다."}