{"result":[{"verbs":[{"word_id":8,"ancestor":["1-0"],"verb":"있","cwStateCd":"FIXED","cwSelIdx":0}],"text":"[보은_법주사_주서무일편_병풍](報恩 法住寺 周書無逸篇 屛風)은 [충청북도] [보은군] [속리산면] [법주사]에 있는 병풍이다."},{"verbs":[{"word_id":4,"ancestor":["1-0"],"verb":"지정","cwStateCd":"FIXED","cwSelIdx":0}],"text":"[2004년] [7월_9일] [충청북도의_유형문화재] 제239호로 지정되었다."}],"globalSId":[3504893,3504894],"entities":[{"st":0,"eIdx":0,"ancestor":"-2","en":16,"cwStateCd":"FIXED","ne_type":"ETC","cwSelIdx":[],"type":"ENTITY","keyword":"[보은_법주사_주서무일편_병풍]","e_type":"NEW"},{"st":36,"eIdx":1,"ancestor":"","en":42,"ne_type":"","keyword":"[충청북도]","e_type":"WIKILINK"},{"st":43,"eIdx":2,"ancestor":"","en":48,"ne_type":"","keyword":"[보은군]","e_type":"WIKILINK"},{"st":49,"eIdx":3,"ancestor":"","en":55,"ne_type":"","keyword":"[속리산면]","e_type":"WIKILINK"},{"st":56,"eIdx":4,"ancestor":"","en":61,"ne_type":"","keyword":"[법주사]","e_type":"WIKILINK"},{"st":72,"eIdx":5,"ancestor":"","en":79,"ne_type":"","keyword":"[2004년]","e_type":"WIKILINK"},{"st":80,"eIdx":6,"ancestor":"","en":87,"ne_type":"","keyword":"[7월_9일]","e_type":"WIKILINK"},{"st":88,"eIdx":7,"ancestor":"","en":101,"ne_type":"","keyword":"[충청북도의_유형문화재]","e_type":"WIKILINK"}],"wikiPageId":1255167,"pIdx":1,"text":"[보은_법주사_주서무일편_병풍](報恩 法住寺 周書無逸篇 屛風)은 [충청북도] [보은군] [속리산면] [법주사]에 있는 병풍이다. [2004년] [7월_9일] [충청북도의_유형문화재] 제239호로 지정되었다."}