{"result":[{"verbs":[{"word_id":4,"ancestor":["1-0"],"verb":"있","cwStateCd":"FIXED","cwSelIdx":0}],"text":"<동두천역>(東豆川驛)은 [경기도] [동두천시] <소요동>에 있는 [경원선]의 [철도역]이다."}],"globalSId":[688327],"entities":[{"st":0,"eIdx":0,"ancestor":"","en":6,"ne_type":"","keyword":"<동두천역>","e_type":"ELU"},{"st":14,"eIdx":1,"ancestor":"","en":19,"ne_type":"","keyword":"[경기도]","e_type":"WIKILINK"},{"st":20,"eIdx":2,"ancestor":"","en":26,"ne_type":"","keyword":"[동두천시]","e_type":"WIKILINK"},{"st":27,"eIdx":3,"ancestor":"","en":32,"ne_type":"","keyword":"<소요동>","e_type":"ELU"},{"st":37,"eIdx":4,"ancestor":"","en":42,"ne_type":"","keyword":"[경원선]","e_type":"WIKILINK"},{"st":44,"eIdx":5,"ancestor":"","en":49,"ne_type":"","keyword":"[철도역]","e_type":"WIKILINK"}],"wikiPageId":88572,"pIdx":1,"text":"<동두천역>(東豆川驛)은 [경기도] [동두천시] <소요동>에 있는 [경원선]의 [철도역]이다."}