{"result":[{"verbs":[{"word_id":3,"ancestor":["1-0"],"verb":"위치","cwStateCd":"FIXED","cwSelIdx":0}],"text":"<알리에_주>()는 [프랑스] 중부에 위치한 [프랑스의_주]로, 주도는 [물랭]이며 면적은 7,340㎢, 인구는 343,114명([2007년] 기준), 인구밀도는 46.7명\/㎢이다."},{"verbs":[],"text":"."}],"globalSId":[2358457],"entities":[{"st":0,"eIdx":0,"ancestor":"","en":7,"ne_type":"","keyword":"<알리에_주>","e_type":"ELU"},{"st":11,"eIdx":1,"ancestor":"","en":16,"ne_type":"","keyword":"[프랑스]","e_type":"WIKILINK"},{"st":25,"eIdx":2,"ancestor":"","en":33,"ne_type":"","keyword":"[프랑스의_주]","e_type":"WIKILINK"},{"st":40,"eIdx":3,"ancestor":"","en":44,"ne_type":"","keyword":"[물랭]","e_type":"WIKILINK"},{"st":72,"eIdx":4,"ancestor":"-1","en":69,"cwStateCd":"FIXED","ne_type":"TIME","cwSelIdx":[],"type":"ENTITY","keyword":"[2007년]","e_type":"NEW"}],"wikiPageId":581698,"pIdx":1,"text":"<알리에_주>()는 [프랑스] 중부에 위치한 [프랑스의_주]로, 주도는 [물랭]이며 면적은 7,340㎢, 인구는 343,114명([2007년] 기준), 인구밀도는 46.7명\/㎢이다.."}