{"result":[{"verbs":[{"word_id":5,"ancestor":["1-0"],"verb":"있","cwStateCd":"FIXED","cwSelIdx":0}],"text":"[구도]는 [대한민국] [전라남도] [신안군] [장산면]에 있는 [섬]이다."},{"verbs":[{"word_id":1,"ancestor":"-2","verb":"지정","cwStateCd":"FIXED","cwSelIdx":[]},{"word_id":2,"ancestor":["1-0"],"verb":"관리","cwStateCd":"FIXED","cwSelIdx":0}],"text":"[특정도서]로 지정하여 관리되고 있다."}],"globalSId":[3004064,3004065],"entities":[{"st":0,"eIdx":0,"ancestor":"-2","en":3,"cwStateCd":"FIXED","ne_type":"LOCATION","cwSelIdx":[],"type":"ENTITY","keyword":"[구도]","e_type":"NEW"},{"st":6,"eIdx":1,"ancestor":"","en":12,"ne_type":"","keyword":"[대한민국]","e_type":"WIKILINK"},{"st":13,"eIdx":2,"ancestor":"","en":19,"ne_type":"","keyword":"[전라남도]","e_type":"WIKILINK"},{"st":20,"eIdx":3,"ancestor":"","en":25,"ne_type":"","keyword":"[신안군]","e_type":"WIKILINK"},{"st":26,"eIdx":4,"ancestor":"","en":31,"ne_type":"","keyword":"[장산면]","e_type":"WIKILINK"},{"st":36,"eIdx":5,"ancestor":"","en":39,"ne_type":"","keyword":"[섬]","e_type":"WIKILINK"},{"st":43,"eIdx":6,"ancestor":"","en":49,"ne_type":"","keyword":"[특정도서]","e_type":"WIKILINK"}],"wikiPageId":908636,"pIdx":1,"text":"[구도]는 [대한민국] [전라남도] [신안군] [장산면]에 있는 [섬]이다. [특정도서]로 지정하여 관리되고 있다."}