{"result":[{"verbs":[{"word_id":4,"ancestor":["1-0"],"verb":"있","cwStateCd":"FIXED","cwSelIdx":0}],"text":"[청성면](靑城面)은 [대한민국] [충청북도] [옥천군]에 있는 [면_(행정_구역)]이다."}],"globalSId":[2567327],"entities":[{"st":0,"eIdx":0,"ancestor":"-2","en":4,"cwStateCd":"FIXED","ne_type":"LOCATION","cwSelIdx":[],"type":"ENTITY","keyword":"[청성면]","e_type":"NEW"},{"st":12,"eIdx":1,"ancestor":"","en":18,"ne_type":"","keyword":"[대한민국]","e_type":"WIKILINK"},{"st":19,"eIdx":2,"ancestor":"","en":25,"ne_type":"","keyword":"[충청북도]","e_type":"WIKILINK"},{"st":26,"eIdx":3,"ancestor":"","en":31,"ne_type":"","keyword":"[옥천군]","e_type":"WIKILINK"},{"st":36,"eIdx":4,"ancestor":"","en":47,"ne_type":"","keyword":"[면_(행정_구역)]","e_type":"WIKILINK"}],"wikiPageId":681147,"pIdx":1,"text":"[청성면](靑城面)은 [대한민국] [충청북도] [옥천군]에 있는 [면_(행정_구역)]이다."}