{"result":[{"verbs":[{"word_id":5,"ancestor":"-1","verb":"의하","cwStateCd":"FIXED","cwSelIdx":[]},{"word_id":6,"ancestor":["1-0"],"verb":"만들","cwStateCd":"FIXED","cwSelIdx":0},{"word_id":12,"ancestor":["1-0"],"verb":"상영","cwStateCd":"FIXED","cwSelIdx":0}],"text":"《[토우대장차차]》는 [대한민국]의 [아주대학교] [정보통신연구소] [게임애니메이션센터]에 의해 만들어진 [3차원] 입체 [애니메이션]으로 [2007년] [경주세계문화엑스포]에서 상영되었다."}],"globalSId":[974928],"entities":[{"st":1,"eIdx":0,"ancestor":"-2","en":7,"cwStateCd":"FIXED","ne_type":"ETC","cwSelIdx":[],"type":"ENTITY","keyword":"[토우대장차차]","e_type":"NEW"},{"st":12,"eIdx":1,"ancestor":"","en":18,"ne_type":"","keyword":"[대한민국]","e_type":"WIKILINK"},{"st":20,"eIdx":2,"ancestor":"","en":27,"ne_type":"","keyword":"[아주대학교]","e_type":"WIKILINK"},{"st":28,"eIdx":3,"ancestor":"-2","en":36,"cwStateCd":"FIXED","ne_type":"ORGANIZATION","cwSelIdx":[],"type":"ENTITY","keyword":"[정보통신연구소]","e_type":"NEW"},{"st":38,"eIdx":4,"ancestor":"-2","en":48,"cwStateCd":"FIXED","ne_type":"ORGANIZATION","cwSelIdx":[],"type":"ENTITY","keyword":"[게임애니메이션센터]","e_type":"NEW"},{"st":59,"eIdx":5,"ancestor":"","en":64,"ne_type":"","keyword":"[3차원]","e_type":"WIKILINK"},{"st":68,"eIdx":6,"ancestor":"","en":75,"ne_type":"","keyword":"[애니메이션]","e_type":"WIKILINK"},{"st":78,"eIdx":7,"ancestor":"","en":85,"ne_type":"","keyword":"[2007년]","e_type":"WIKILINK"},{"st":86,"eIdx":8,"ancestor":"","en":97,"ne_type":"","keyword":"[경주세계문화엑스포]","e_type":"WIKILINK"}],"wikiPageId":137632,"pIdx":1,"text":"《[토우대장차차]》는 [대한민국]의 [아주대학교] [정보통신연구소] [게임애니메이션센터]에 의해 만들어진 [3차원] 입체 [애니메이션]으로 [2007년] [경주세계문화엑스포]에서 상영되었다."}