{"result":[{"verbs":[{"word_id":4,"ancestor":["3-0"],"verb":"지내","cwStateCd":"FIXED","cwSelIdx":1}],"text":"시조 [두교림](杜橋林)은 [명나라]에서 [기주자사](冀州刺史)를 지냈다."},{"verbs":[{"word_id":7,"ancestor":["3-3"],"verb":"따르","cwStateCd":"FIXED","cwSelIdx":7},{"word_id":12,"ancestor":["3-3"],"verb":"활약","cwStateCd":"FIXED","cwSelIdx":7},{"word_id":15,"ancestor":["3-3"],"verb":"정착","cwStateCd":"FIXED","cwSelIdx":7}],"text":"그의 아들 [두사충](杜師忠)이 [임진왜란] 때 [이여송] 장군을 따라 구원군으로 [조선]에 들어와 [수륙지주주사](水陸指晝主事)로 활약한 뒤 [조선]에 정착하였다."}],"globalSId":[3384331,3384332],"entities":[{"st":3,"eIdx":0,"ancestor":"-2","en":7,"cwStateCd":"FIXED","ne_type":"PERSON","cwSelIdx":[],"type":"ENTITY","keyword":"[두교림]","e_type":"NEW"},{"st":15,"eIdx":1,"ancestor":"","en":20,"ne_type":"","keyword":"[명나라]","e_type":"WIKILINK"},{"st":23,"eIdx":2,"ancestor":"-2","en":28,"cwStateCd":"FIXED","ne_type":"ETC","cwSelIdx":[],"type":"ENTITY","keyword":"[기주자사]","e_type":"NEW"},{"st":48,"eIdx":3,"ancestor":"-2","en":52,"cwStateCd":"FIXED","ne_type":"PERSON","cwSelIdx":[],"type":"ENTITY","keyword":"[두사충]","e_type":"NEW"},{"st":60,"eIdx":4,"ancestor":"","en":66,"ne_type":"","keyword":"[임진왜란]","e_type":"WIKILINK"},{"st":69,"eIdx":5,"ancestor":"","en":74,"ne_type":"","keyword":"[이여송]","e_type":"WIKILINK"},{"st":88,"eIdx":6,"ancestor":"","en":92,"ne_type":"","keyword":"[조선]","e_type":"WIKILINK"},{"st":98,"eIdx":7,"ancestor":"-2","en":105,"cwStateCd":"FIXED","ne_type":"ETC","cwSelIdx":[],"type":"ENTITY","keyword":"[수륙지주주사]","e_type":"NEW"},{"st":122,"eIdx":8,"ancestor":"","en":126,"ne_type":"","keyword":"[조선]","e_type":"WIKILINK"}],"wikiPageId":1144987,"pIdx":3,"text":"시조 [두교림](杜橋林)은 [명나라]에서 [기주자사](冀州刺史)를 지냈다. 그의 아들 [두사충](杜師忠)이 [임진왜란] 때 [이여송] 장군을 따라 구원군으로 [조선]에 들어와 [수륙지주주사](水陸指晝主事)로 활약한 뒤 [조선]에 정착하였다."}