{"result":[{"verbs":[{"word_id":8,"ancestor":["1-0"],"verb":"운행","cwStateCd":"FIXED","cwSelIdx":0}],"text":"[일리니_앤드_살루키]()는 [미국] [일리노이_주] [시카고] [유니언_역_(시카고)]에서 [일리노이_주] [카번데일] [카번데일_역]까지 운행되는 [도시철도] 열차이다."}],"globalSId":[3722749],"entities":[{"st":0,"eIdx":0,"ancestor":"-2","en":11,"cwStateCd":"FIXED","ne_type":"ETC","cwSelIdx":[],"type":"ENTITY","keyword":"[일리니_앤드_살루키]","e_type":"NEW"},{"st":16,"eIdx":1,"ancestor":"","en":20,"ne_type":"","keyword":"[미국]","e_type":"WIKILINK"},{"st":21,"eIdx":2,"ancestor":"","en":29,"ne_type":"","keyword":"[일리노이_주]","e_type":"WIKILINK"},{"st":30,"eIdx":3,"ancestor":"","en":35,"ne_type":"","keyword":"[시카고]","e_type":"WIKILINK"},{"st":36,"eIdx":4,"ancestor":"","en":49,"ne_type":"","keyword":"[유니언_역_(시카고)]","e_type":"WIKILINK"},{"st":52,"eIdx":5,"ancestor":"","en":60,"ne_type":"","keyword":"[일리노이_주]","e_type":"WIKILINK"},{"st":61,"eIdx":6,"ancestor":"","en":67,"ne_type":"","keyword":"[카번데일]","e_type":"WIKILINK"},{"st":68,"eIdx":7,"ancestor":"","en":76,"ne_type":"","keyword":"[카번데일_역]","e_type":"WIKILINK"},{"st":84,"eIdx":8,"ancestor":"","en":90,"ne_type":"","keyword":"[도시철도]","e_type":"WIKILINK"}],"wikiPageId":1439366,"pIdx":1,"text":"[일리니_앤드_살루키]()는 [미국] [일리노이_주] [시카고] [유니언_역_(시카고)]에서 [일리노이_주] [카번데일] [카번데일_역]까지 운행되는 [도시철도] 열차이다."}