{"result":[{"verbs":[{"word_id":3,"ancestor":["1-0"],"verb":"속","cwStateCd":"FIXED","cwSelIdx":0}],"text":"[스람날여우박쥐](\"Pteropus ocularis\")는 [큰박쥐류]에 속하는 [박쥐]의 일종이다."},{"verbs":[{"word_id":2,"ancestor":"-2","verb":"포함","cwStateCd":"FIXED","cwSelIdx":[]}],"text":"[스람]의 [마누셀라_국립공원]을 포함하여 [인도네시아]의 2개 섬, [부루_섬]와 [스람_섬]의 산악 지역 숲의 토착종이다."},{"verbs":[{"word_id":3,"ancestor":["1-0"],"verb":"서식","cwStateCd":"FIXED","cwSelIdx":0},{"word_id":6,"ancestor":["1-0"],"verb":"발견","cwStateCd":"FIXED","cwSelIdx":0}],"text":"한때는 [암본_섬] 근처에서도 서식했지만, 이제는 더이상 발견되지 않는다."},{"verbs":[{"word_id":4,"ancestor":"-2","verb":"감소","cwStateCd":"FIXED","cwSelIdx":[]}],"text":"서식지 범위는 20,000km2이하이고 벌목때문에 감소하고 있다."},{"verbs":[{"word_id":1,"ancestor":"-1","verb":"같","cwStateCd":"FIXED","cwSelIdx":[]}],"text":"이와 같은 이유와 현지 주민들의 사냥때문에, [1996년] 이래 [국제_자연_보전_연맹](IUCN)이 [스람날여우박쥐]를 \"취약종\"으로 지정하고 있다."}],"globalSId":[3933449,3933450,3933451,3933452,3933453],"entities":[{"st":0,"eIdx":0,"ancestor":"-2","en":8,"cwStateCd":"FIXED","ne_type":"ETC","cwSelIdx":[],"type":"ENTITY","keyword":"[스람날여우박쥐]","e_type":"NEW"},{"st":32,"eIdx":1,"ancestor":"","en":38,"ne_type":"","keyword":"[큰박쥐류]","e_type":"WIKILINK"},{"st":44,"eIdx":2,"ancestor":"","en":48,"ne_type":"","keyword":"[박쥐]","e_type":"WIKILINK"},{"st":56,"eIdx":3,"ancestor":"-2","en":59,"cwStateCd":"FIXED","ne_type":"LOCATION","cwSelIdx":[],"type":"ENTITY","keyword":"[스람]","e_type":"NEW"},{"st":62,"eIdx":4,"ancestor":"-2","en":72,"cwStateCd":"FIXED","ne_type":"LOCATION","cwSelIdx":[],"type":"ENTITY","keyword":"[마누셀라_국립공원]","e_type":"NEW"},{"st":80,"eIdx":5,"ancestor":"","en":87,"ne_type":"","keyword":"[인도네시아]","e_type":"WIKILINK"},{"st":95,"eIdx":6,"ancestor":"","en":101,"ne_type":"","keyword":"[부루_섬]","e_type":"WIKILINK"},{"st":103,"eIdx":7,"ancestor":"","en":109,"ne_type":"","keyword":"[스람_섬]","e_type":"WIKILINK"},{"st":131,"eIdx":8,"ancestor":"","en":137,"ne_type":"","keyword":"[암본_섬]","e_type":"WIKILINK"},{"st":231,"eIdx":9,"ancestor":"-2","en":237,"cwStateCd":"FIXED","ne_type":"TIME","cwSelIdx":[],"type":"ENTITY","keyword":"[1996년]","e_type":"NEW"},{"st":242,"eIdx":10,"ancestor":"","en":255,"ne_type":"","keyword":"[국제_자연_보전_연맹]","e_type":"WIKILINK"},{"st":263,"eIdx":11,"ancestor":"1-0","en":271,"cwStateCd":"FIXED","ne_type":"ETC","cwSelIdx":0,"type":"ENTITY","keyword":"[스람날여우박쥐]","e_type":"NEW"}],"wikiPageId":1723068,"pIdx":1,"text":"[스람날여우박쥐](\"Pteropus ocularis\")는 [큰박쥐류]에 속하는 [박쥐]의 일종이다. [스람]의 [마누셀라_국립공원]을 포함하여 [인도네시아]의 2개 섬, [부루_섬]와 [스람_섬]의 산악 지역 숲의 토착종이다. 한때는 [암본_섬] 근처에서도 서식했지만, 이제는 더이상 발견되지 않는다. 서식지 범위는 20,000km2이하이고 벌목때문에 감소하고 있다. 이와 같은 이유와 현지 주민들의 사냥때문에, [1996년] 이래 [국제_자연_보전_연맹](IUCN)이 [스람날여우박쥐]를 \"취약종\"으로 지정하고 있다."}