{"result":[{"verbs":[{"word_id":3,"ancestor":["1-0"],"verb":"속","cwStateCd":"FIXED","cwSelIdx":0}],"text":"[사빠땃쥐](\"Crocidura sapaensis\")는 [땃쥐류]에 속하는 [포유류]의 일종이다."},{"verbs":[{"word_id":3,"ancestor":["1-0"],"verb":"발견","cwStateCd":"FIXED","cwSelIdx":0}],"text":"[베트남] 북부 지역에서 발견되는 [흰이땃쥐류]이다."},{"verbs":[{"word_id":2,"ancestor":["1-0"],"verb":"기재","cwStateCd":"FIXED","cwSelIdx":0},{"word_id":7,"ancestor":["1-0"],"verb":"발견","cwStateCd":"FIXED","cwSelIdx":0},{"word_id":10,"ancestor":["1-0"],"verb":"유래","cwStateCd":"FIXED","cwSelIdx":0}],"text":"[2013년]에 처음 기재되었고, 학명과 통용명은 이 땃쥐가 발견된 [사빠_현] 지명에서 유래했다."}],"globalSId":[3769934,3769935],"entities":[{"st":0,"eIdx":0,"ancestor":"-2","en":5,"cwStateCd":"FIXED","ne_type":"ETC","cwSelIdx":[],"type":"ENTITY","keyword":"[사빠땃쥐]","e_type":"NEW"},{"st":31,"eIdx":1,"ancestor":"","en":36,"ne_type":"","keyword":"[땃쥐류]","e_type":"WIKILINK"},{"st":42,"eIdx":2,"ancestor":"","en":47,"ne_type":"","keyword":"[포유류]","e_type":"WIKILINK"},{"st":54,"eIdx":3,"ancestor":"","en":59,"ne_type":"","keyword":"[베트남]","e_type":"WIKILINK"},{"st":73,"eIdx":4,"ancestor":"","en":80,"ne_type":"","keyword":"[흰이땃쥐류]","e_type":"WIKILINK"},{"st":84,"eIdx":5,"ancestor":"-2","en":90,"cwStateCd":"FIXED","ne_type":"TIME","cwSelIdx":[],"type":"ENTITY","keyword":"[2013년]","e_type":"NEW"},{"st":122,"eIdx":6,"ancestor":"-2","en":127,"cwStateCd":"FIXED","ne_type":"LOCATION","cwSelIdx":[],"type":"ENTITY","keyword":"[사빠_현]","e_type":"NEW"}],"wikiPageId":1486406,"pIdx":1,"text":"[사빠땃쥐](\"Crocidura sapaensis\")는 [땃쥐류]에 속하는 [포유류]의 일종이다.[베트남] 북부 지역에서 발견되는 [흰이땃쥐류]이다. [2013년]에 처음 기재되었고, 학명과 통용명은 이 땃쥐가 발견된 [사빠_현] 지명에서 유래했다."}