{"result":[{"verbs":[{"word_id":5,"ancestor":["1-0"],"verb":"위치","cwStateCd":"FIXED","cwSelIdx":0}],"text":"[메가_역]()은 [일본] [야마가타_현] [아쿠미_군] [유자_정]에 위치한 [동일본_여객철도] [우에쓰_본선]의 [철도역]이다."},{"verbs":[{"word_id":4,"ancestor":["1-0"],"verb":"갖추","cwStateCd":"FIXED","cwSelIdx":0}],"text":"[상대식_승강장] 2면 2선의 구조를 갖춘 지상역이다."}],"globalSId":[3630707,3630708],"entities":[{"st":0,"eIdx":0,"ancestor":"-2","en":5,"cwStateCd":"FIXED","ne_type":"LOCATION","cwSelIdx":[],"type":"ENTITY","keyword":"[메가_역]","e_type":"NEW"},{"st":10,"eIdx":1,"ancestor":"","en":14,"ne_type":"","keyword":"[일본]","e_type":"WIKILINK"},{"st":15,"eIdx":2,"ancestor":"","en":23,"ne_type":"","keyword":"[야마가타_현]","e_type":"WIKILINK"},{"st":24,"eIdx":3,"ancestor":"","en":31,"ne_type":"","keyword":"[아쿠미_군]","e_type":"WIKILINK"},{"st":32,"eIdx":4,"ancestor":"","en":38,"ne_type":"","keyword":"[유자_정]","e_type":"WIKILINK"},{"st":44,"eIdx":5,"ancestor":"","en":54,"ne_type":"","keyword":"[동일본_여객철도]","e_type":"WIKILINK"},{"st":55,"eIdx":6,"ancestor":"","en":63,"ne_type":"","keyword":"[우에쓰_본선]","e_type":"WIKILINK"},{"st":65,"eIdx":7,"ancestor":"","en":70,"ne_type":"","keyword":"[철도역]","e_type":"WIKILINK"},{"st":74,"eIdx":8,"ancestor":"","en":83,"ne_type":"","keyword":"[상대식_승강장]","e_type":"WIKILINK"}],"wikiPageId":1358211,"pIdx":1,"text":"[메가_역]()은 [일본] [야마가타_현] [아쿠미_군] [유자_정]에 위치한 [동일본_여객철도] [우에쓰_본선]의 [철도역]이다. [상대식_승강장] 2면 2선의 구조를 갖춘 지상역이다."}