{"result":[{"verbs":[{"word_id":6,"ancestor":["1-0"],"verb":"조성","cwStateCd":"FIXED","cwSelIdx":0}],"text":"<평촌신도시>(坪村新都市)는 [대한민국] [경기도] [안양시] [동안구] 일대에 조성된 [신도시]이다."}],"globalSId":[2554125],"entities":[{"st":0,"eIdx":0,"ancestor":"","en":7,"ne_type":"","keyword":"<평촌신도시>","e_type":"ELU"},{"st":16,"eIdx":1,"ancestor":"","en":22,"ne_type":"","keyword":"[대한민국]","e_type":"WIKILINK"},{"st":23,"eIdx":2,"ancestor":"","en":28,"ne_type":"","keyword":"[경기도]","e_type":"WIKILINK"},{"st":29,"eIdx":3,"ancestor":"","en":34,"ne_type":"","keyword":"[안양시]","e_type":"WIKILINK"},{"st":35,"eIdx":4,"ancestor":"","en":40,"ne_type":"","keyword":"[동안구]","e_type":"WIKILINK"},{"st":49,"eIdx":5,"ancestor":"","en":54,"ne_type":"","keyword":"[신도시]","e_type":"WIKILINK"}],"wikiPageId":675608,"pIdx":1,"text":"<평촌신도시>(坪村新都市)는 [대한민국] [경기도] [안양시] [동안구] 일대에 조성된 [신도시]이다."}