{"result":[{"verbs":[],"text":"[센트루_지방](, [IPA]: ???i???w ?s?t?u \"중부 지방\")은 [포르투갈]의 중부 지방으로, 중심도시는 [코임브라]다."},{"verbs":[{"word_id":10,"ancestor":["1-4","1-5","1-6","1-7","1-8"],"verb":"있","cwStateCd":"FIXED","cwSelIdx":[16,17,18,19,20]}],"text":"이 지방의 다른 주요 도시로는 [아베이루], [비제우], [레이리아], [카스텔루브랑쿠], [구아르다]가 있다."},{"verbs":[{"word_id":1,"ancestor":["1-0"],"verb":"구성","cwStateCd":"FIXED","cwSelIdx":0},{"word_id":11,"ancestor":["1-0"],"verb":"인정","cwStateCd":"FIXED","cwSelIdx":0}],"text":"<포르투갈>을 구성하는 7개 지방 중 하나로, [유럽연합]의 [통계지역단위명명법] 2단계 분류 지역으로 인정되는 지방이다."},{"verbs":[{"word_id":11,"ancestor":["1-0"],"verb":"보이","cwStateCd":"FIXED","cwSelIdx":0}],"text":"[2011년] 기준으로 2,327,026명이 거주하고 있으며, 면적은 28,462?km²로 제곱킬로미터 당 82명의 인구밀도를 보인다."}],"globalSId":[2806937,2806938,2806939,2806940],"entities":[{"st":0,"eIdx":0,"ancestor":"-2","en":7,"cwStateCd":"FIXED","ne_type":"LOCATION","cwSelIdx":[],"type":"ENTITY","keyword":"[센트루_지방]","e_type":"NEW"},{"st":11,"eIdx":1,"ancestor":"","en":16,"ne_type":"","keyword":"[IPA]","e_type":"WIKILINK"},{"st":44,"eIdx":2,"ancestor":"","en":50,"ne_type":"","keyword":"[포르투갈]","e_type":"WIKILINK"},{"st":67,"eIdx":3,"ancestor":"","en":73,"ne_type":"","keyword":"[코임브라]","e_type":"WIKILINK"},{"st":93,"eIdx":4,"ancestor":"","en":99,"ne_type":"","keyword":"[아베이루]","e_type":"WIKILINK"},{"st":101,"eIdx":5,"ancestor":"","en":106,"ne_type":"","keyword":"[비제우]","e_type":"WIKILINK"},{"st":108,"eIdx":6,"ancestor":"","en":114,"ne_type":"","keyword":"[레이리아]","e_type":"WIKILINK"},{"st":116,"eIdx":7,"ancestor":"","en":125,"ne_type":"","keyword":"[카스텔루브랑쿠]","e_type":"WIKILINK"},{"st":127,"eIdx":8,"ancestor":"","en":133,"ne_type":"","keyword":"[구아르다]","e_type":"WIKILINK"},{"st":139,"eIdx":9,"ancestor":"","en":145,"ne_type":"","keyword":"<포르투갈>","e_type":"ELU"},{"st":165,"eIdx":10,"ancestor":"","en":171,"ne_type":"","keyword":"[유럽연합]","e_type":"WIKILINK"},{"st":173,"eIdx":11,"ancestor":"","en":184,"ne_type":"","keyword":"[통계지역단위명명법]","e_type":"WIKILINK"},{"st":208,"eIdx":12,"ancestor":"-2","en":214,"cwStateCd":"FIXED","ne_type":"TIME","cwSelIdx":[],"type":"ENTITY","keyword":"[2011년]","e_type":"NEW"}],"wikiPageId":796636,"pIdx":1,"text":"[센트루_지방](, [IPA]: ???i???w ?s?t?u \"중부 지방\")은 [포르투갈]의 중부 지방으로, 중심도시는 [코임브라]다. 이 지방의 다른 주요 도시로는 [아베이루], [비제우], [레이리아], [카스텔루브랑쿠], [구아르다]가 있다. <포르투갈>을 구성하는 7개 지방 중 하나로, [유럽연합]의 [통계지역단위명명법] 2단계 분류 지역으로 인정되는 지방이다. [2011년] 기준으로 2,327,026명이 거주하고 있으며, 면적은 28,462?km²로 제곱킬로미터 당 82명의 인구밀도를 보인다."}