{"result":[{"verbs":[{"word_id":3,"ancestor":["93-0"],"verb":"데뷔","cwStateCd":"FIXED","cwSelIdx":0},{"word_id":6,"ancestor":["93-0"],"verb":"대중","cwStateCd":"FIXED","cwSelIdx":0}],"text":"《[파라파_더_래퍼]》는 [1996년] [플레이스테이션]에서 데뷔하면서 [일본]에서 [뮤직_비디오_게임]을 대중화시켰다."},{"verbs":[{"word_id":2,"ancestor":"-2","verb":"같","cwStateCd":"FIXED","cwSelIdx":[]},{"word_id":9,"ancestor":"-2","verb":"보","cwStateCd":"FIXED","cwSelIdx":[]},{"word_id":13,"ancestor":"-2","verb":"되","cwStateCd":"FIXED","cwSelIdx":[]}],"text":"《[비트매니아]》, 《[댄스_댄스_레볼루션]》과 같은 차기 뮤직·댄스 게임들이 [일본] 오락실이라면 어디서든 볼 수 있는 명소가 되었다."},{"verbs":[{"word_id":10,"ancestor":"-2","verb":"생겨나","cwStateCd":"FIXED","cwSelIdx":[]},{"word_id":14,"ancestor":"-2","verb":"같","cwStateCd":"FIXED","cwSelIdx":[]},{"word_id":19,"ancestor":"-2","verb":"폭넓","cwStateCd":"FIXED","cwSelIdx":[]},{"word_id":21,"ancestor":"-2","verb":"확보","cwStateCd":"FIXED","cwSelIdx":[]}],"text":"《[파라파]》, 《[DDR]》 및 그 밖의 게임들이 <북아메리카>에 선보이자 여러 추종자들이 생겨났고, 음악 게임들은 《[기타_히어로]》와 같은 타이틀이 나오기 전까지는 시장에서 폭넓은 고객층을 확보할 수 없었다."},{"verbs":[{"word_id":7,"ancestor":["93-14"],"verb":"알려지","cwStateCd":"FIXED","cwSelIdx":53},{"word_id":9,"ancestor":["93-13"],"verb":"출시","cwStateCd":"FIXED","cwSelIdx":47}],"text":"또, [1996년]에 [캡콤]은 최초의 서바이벌 호러 게임으로 알려진 《[레지던트_이블]》을 출시했다."},{"verbs":[{"word_id":3,"ancestor":["93-13"],"verb":"판매","cwStateCd":"FIXED","cwSelIdx":47},{"word_id":5,"ancestor":"-2","verb":"대단하","cwStateCd":"FIXED","cwSelIdx":[]},{"word_id":7,"ancestor":"-2","verb":"거두","cwStateCd":"FIXED","cwSelIdx":47},{"word_id":13,"ancestor":["93-14"],"verb":"간주","cwStateCd":"FIXED","cwSelIdx":53}],"text":"200만 이상의 사본을 판매했을 만큼 대단한 성공을 거두었으며 [플레이스테이션]의 최고의 게임들 가운데 하나로 간주된다."}],"globalSId":[3846092,3846093,3846094,3846095,3846096],"entities":[{"st":1,"eIdx":0,"ancestor":"","en":11,"ne_type":"","keyword":"[파라파_더_래퍼]","e_type":"WIKILINK"},{"st":14,"eIdx":1,"ancestor":"-2","en":20,"cwStateCd":"FIXED","ne_type":"TIME","cwSelIdx":[],"type":"ENTITY","keyword":"[1996년]","e_type":"NEW"},{"st":22,"eIdx":2,"ancestor":"","en":31,"ne_type":"","keyword":"[플레이스테이션]","e_type":"WIKILINK"},{"st":40,"eIdx":3,"ancestor":"90-5","en":43,"cwStateCd":"FIXED","ne_type":"LOCATION","cwSelIdx":49,"type":"ENTITY","keyword":"[일본]","e_type":"NEW"},{"st":47,"eIdx":4,"ancestor":"","en":58,"ne_type":"","keyword":"[뮤직_비디오_게임]","e_type":"WIKILINK"},{"st":69,"eIdx":5,"ancestor":"","en":76,"ne_type":"","keyword":"[비트매니아]","e_type":"WIKILINK"},{"st":80,"eIdx":6,"ancestor":"","en":92,"ne_type":"","keyword":"[댄스_댄스_레볼루션]","e_type":"WIKILINK"},{"st":112,"eIdx":7,"ancestor":"90-5","en":115,"cwStateCd":"FIXED","ne_type":"ORGANIZATION","cwSelIdx":49,"type":"ENTITY","keyword":"[일본]","e_type":"NEW"},{"st":146,"eIdx":8,"ancestor":"93-0","en":149,"cwStateCd":"FIXED","ne_type":"ETC","cwSelIdx":0,"type":"ENTITY","keyword":"[파라파]","e_type":"NEW"},{"st":155,"eIdx":9,"ancestor":"-2","en":158,"cwStateCd":"FIXED","ne_type":"ETC","cwSelIdx":[],"type":"ENTITY","keyword":"[DDR]","e_type":"NEW"},{"st":174,"eIdx":10,"ancestor":"","en":181,"ne_type":"","keyword":"<북아메리카>","e_type":"ELU"},{"st":212,"eIdx":11,"ancestor":"","en":220,"ne_type":"","keyword":"[기타_히어로]","e_type":"WIKILINK"},{"st":268,"eIdx":12,"ancestor":"93-1","en":274,"cwStateCd":"FIXED","ne_type":"TIME","cwSelIdx":1,"type":"ENTITY","keyword":"[1996년]","e_type":"NEW"},{"st":277,"eIdx":13,"ancestor":"","en":281,"ne_type":"","keyword":"[캡콤]","e_type":"WIKILINK"},{"st":305,"eIdx":14,"ancestor":"","en":314,"ne_type":"","keyword":"[레지던트_이블]","e_type":"WIKILINK"},{"st":358,"eIdx":15,"ancestor":"90-7","en":366,"cwStateCd":"FIXED","ne_type":"ORGANIZATION","cwSelIdx":52,"type":"ENTITY","keyword":"[플레이스테이션]","e_type":"NEW"}],"wikiPageId":1623985,"pIdx":93,"text":"《[파라파_더_래퍼]》는 [1996년] [플레이스테이션]에서 데뷔하면서 [일본]에서 [뮤직_비디오_게임]을 대중화시켰다. 《[비트매니아]》, 《[댄스_댄스_레볼루션]》과 같은 차기 뮤직·댄스 게임들이 [일본] 오락실이라면 어디서든 볼 수 있는 명소가 되었다. 《[파라파]》, 《[DDR]》 및 그 밖의 게임들이 <북아메리카>에 선보이자 여러 추종자들이 생겨났고, 음악 게임들은 《[기타_히어로]》와 같은 타이틀이 나오기 전까지는 시장에서 폭넓은 고객층을 확보할 수 없었다. 또, [1996년]에 [캡콤]은 최초의 서바이벌 호러 게임으로 알려진 《[레지던트_이블]》을 출시했다. 200만 이상의 사본을 판매했을 만큼 대단한 성공을 거두었으며 [플레이스테이션]의 최고의 게임들 가운데 하나로 간주된다."}