{"result":[{"verbs":[{"word_id":6,"ancestor":"-2","verb":"잇","cwStateCd":"FIXED","cwSelIdx":[]},{"word_id":14,"ancestor":"-2","verb":"개최","cwStateCd":"FIXED","cwSelIdx":[]}],"text":"[기아_KX3](Kia KX3)는 [기아자동차]의 소형 [스포츠_유틸리티_자동차]이자 [기아_K4]에 이은 [기아자동차]의 두 번째 [중화인민공화국] 전략 차종으로, [2014년_11월]에 개최된 [광저우_모터쇼]에서 <쇼카>가 처음 선보였다."},{"verbs":[{"word_id":2,"ancestor":"-2","verb":"출시","cwStateCd":"FIXED","cwSelIdx":[]}],"text":"양산형은 [2015년_3월]에 출시되었다."},{"verbs":[{"word_id":18,"ancestor":["1-11"],"verb":"붙","cwStateCd":"FIXED","cwSelIdx":30}],"text":"[현대_ix25]와 플랫폼 및 엔진 등을 공유하는 형제 차종인 [KX3]는 영문명 외에도 자신감 있게 나아간다는 의미의 傲?([아오파오])라는 [중국어] 차명도 붙었다."}],"globalSId":[3563866,3563867,3563868],"entities":[{"st":0,"eIdx":0,"ancestor":"-2","en":7,"cwStateCd":"FIXED","ne_type":"ETC","cwSelIdx":[],"type":"ENTITY","keyword":"[기아_KX3]","e_type":"NEW"},{"st":19,"eIdx":1,"ancestor":"","en":26,"ne_type":"","keyword":"[기아자동차]","e_type":"WIKILINK"},{"st":31,"eIdx":2,"ancestor":"","en":45,"ne_type":"","keyword":"[스포츠_유틸리티_자동차]","e_type":"WIKILINK"},{"st":48,"eIdx":3,"ancestor":"","en":55,"ne_type":"","keyword":"[기아_K4]","e_type":"WIKILINK"},{"st":60,"eIdx":4,"ancestor":"","en":67,"ne_type":"","keyword":"[기아자동차]","e_type":"WIKILINK"},{"st":74,"eIdx":5,"ancestor":"","en":83,"ne_type":"","keyword":"[중화인민공화국]","e_type":"WIKILINK"},{"st":93,"eIdx":6,"ancestor":"","en":104,"ne_type":"","keyword":"[2014년_11월]","e_type":"WIKILINK"},{"st":110,"eIdx":7,"ancestor":"","en":119,"ne_type":"","keyword":"[광저우_모터쇼]","e_type":"WIKILINK"},{"st":122,"eIdx":8,"ancestor":"","en":126,"ne_type":"","keyword":"<쇼카>","e_type":"ELU"},{"st":142,"eIdx":9,"ancestor":"","en":152,"ne_type":"","keyword":"[2015년_3월]","e_type":"WIKILINK"},{"st":161,"eIdx":10,"ancestor":"","en":170,"ne_type":"","keyword":"[현대_ix25]","e_type":"WIKILINK"},{"st":196,"eIdx":11,"ancestor":"1-0","en":200,"cwStateCd":"FIXED","ne_type":"ETC","cwSelIdx":0,"type":"ENTITY","keyword":"[KX3]","e_type":"NEW"},{"st":231,"eIdx":12,"ancestor":"1-11","en":233,"cwStateCd":"FIXED","ne_type":"ETC","cwSelIdx":30,"type":"ENTITY","keyword":"[아오파오]","e_type":"NEW"},{"st":241,"eIdx":13,"ancestor":"","en":246,"ne_type":"","keyword":"[중국어]","e_type":"WIKILINK"}],"wikiPageId":1309021,"pIdx":1,"text":"[기아_KX3](Kia KX3)는 [기아자동차]의 소형 [스포츠_유틸리티_자동차]이자 [기아_K4]에 이은 [기아자동차]의 두 번째 [중화인민공화국] 전략 차종으로, [2014년_11월]에 개최된 [광저우_모터쇼]에서 <쇼카>가 처음 선보였다. 양산형은 [2015년_3월]에 출시되었다. [현대_ix25]와 플랫폼 및 엔진 등을 공유하는 형제 차종인 [KX3]는 영문명 외에도 자신감 있게 나아간다는 의미의 傲?([아오파오])라는 [중국어] 차명도 붙었다."}