{"result":[{"verbs":[],"text":"학생시절의 사회운동."},{"verbs":[{"word_id":5,"ancestor":"-1","verb":"하","cwStateCd":"FIXED","cwSelIdx":[]},{"word_id":7,"ancestor":"-1","verb":"일어나","cwStateCd":"FIXED","cwSelIdx":[]},{"word_id":9,"ancestor":"-1","verb":"수많","cwStateCd":"FIXED","cwSelIdx":[]},{"word_id":11,"ancestor":"-1","verb":"죽","cwStateCd":"FIXED","cwSelIdx":[]},{"word_id":14,"ancestor":"-1","verb":"되","cwStateCd":"FIXED","cwSelIdx":[]},{"word_id":16,"ancestor":"-1","verb":"벌어지","cwStateCd":"FIXED","cwSelIdx":[]}],"text":"[1936년] [스페인]에서 [파시스트] <프란시스코_프랑코>를 주도로 한 내전이 일어났으며([스페인_내전]), 여기서 수많은 사람들이 죽고 아이들이 고아가 되는 참극이 벌어졌다."},{"verbs":[{"word_id":5,"ancestor":["6-5"],"verb":"돕","cwStateCd":"FIXED","cwSelIdx":21},{"word_id":9,"ancestor":["6-5"],"verb":"되","cwStateCd":"FIXED","cwSelIdx":21}],"text":"16세 때 [베넨슨]은 이 어린이들을 돕는 일을 시작으로 운동가가 되었다."},{"verbs":[{"word_id":1,"ancestor":"-1","verb":"잔인","cwStateCd":"FIXED","cwSelIdx":[]},{"word_id":2,"ancestor":"-1","verb":"크","cwStateCd":"FIXED","cwSelIdx":[]},{"word_id":12,"ancestor":["6-5"],"verb":"설립","cwStateCd":"FIXED","cwSelIdx":21},{"word_id":14,"ancestor":"-1","verb":"되","cwStateCd":"FIXED","cwSelIdx":[]}],"text":"[프랑코군]의 잔인함에 큰 충격을 받은 그는 친구들과 함께 정부군을 지지하는 학생 단체를 설립했으며 고아가 된 정부군의 아이들을 도왔다."},{"verbs":[{"word_id":4,"ancestor":["6-5"],"verb":"삼","cwStateCd":"FIXED","cwSelIdx":21},{"word_id":6,"ancestor":["6-5"],"verb":"보내","cwStateCd":"FIXED","cwSelIdx":21}],"text":"그는 한 아이를 양자로 삼아서 양육비를 보내 주기로 약속했는데, 이것이 그의 첫 번째 정치 활동이었다."},{"verbs":[{"word_id":4,"ancestor":["6-5"],"verb":"삼","cwStateCd":"FIXED","cwSelIdx":21},{"word_id":7,"ancestor":["6-5"],"verb":"끊기","cwStateCd":"FIXED","cwSelIdx":21}],"text":"하지만 정부군은 패했고, 양자로 삼았던 아이와도 교류가 끊겼다."}],"globalSId":[2594278,2594279,2594280,2594281,2594282,2594283],"entities":[{"st":12,"eIdx":0,"ancestor":"-2","en":18,"cwStateCd":"FIXED","ne_type":"TIME","cwSelIdx":[],"type":"ENTITY","keyword":"[1936년]","e_type":"NEW"},{"st":20,"eIdx":1,"ancestor":"","en":25,"ne_type":"","keyword":"[스페인]","e_type":"WIKILINK"},{"st":28,"eIdx":2,"ancestor":"-2","en":33,"cwStateCd":"FIXED","ne_type":"ETC","cwSelIdx":[],"type":"ENTITY","keyword":"[파시스트]","e_type":"NEW"},{"st":35,"eIdx":3,"ancestor":"","en":46,"ne_type":"","keyword":"<프란시스코_프랑코>","e_type":"ELU"},{"st":64,"eIdx":4,"ancestor":"","en":72,"ne_type":"","keyword":"[스페인_내전]","e_type":"WIKILINK"},{"st":119,"eIdx":5,"ancestor":"1-0","en":123,"cwStateCd":"FIXED","ne_type":"PERSON","cwSelIdx":0,"type":"ENTITY","keyword":"[베넨슨]","e_type":"NEW"},{"st":155,"eIdx":6,"ancestor":"6-3","en":160,"cwStateCd":"FIXED","ne_type":"ORGANIZATION","cwSelIdx":5,"type":"ENTITY","keyword":"[프랑코군]","e_type":"NEW"}],"wikiPageId":692833,"pIdx":6,"text":"학생시절의 사회운동. [1936년] [스페인]에서 [파시스트] <프란시스코_프랑코>를 주도로 한 내전이 일어났으며([스페인_내전]), 여기서 수많은 사람들이 죽고 아이들이 고아가 되는 참극이 벌어졌다. 16세 때 [베넨슨]은 이 어린이들을 돕는 일을 시작으로 운동가가 되었다. [프랑코군]의 잔인함에 큰 충격을 받은 그는 친구들과 함께 정부군을 지지하는 학생 단체를 설립했으며 고아가 된 정부군의 아이들을 도왔다. 그는 한 아이를 양자로 삼아서 양육비를 보내 주기로 약속했는데, 이것이 그의 첫 번째 정치 활동이었다. 하지만 정부군은 패했고, 양자로 삼았던 아이와도 교류가 끊겼다."}