{"result":[{"verbs":[{"word_id":14,"ancestor":["1-0"],"verb":"뛰","cwStateCd":"FIXED","cwSelIdx":0}],"text":"[루이스_구스타부_지아스] (, [1987년] [7월_23일], [브라질] [핑다몽항가바] ~ )는 [브라질]의 [축구_선수]로, 현재 [독일] [푸스발-분데스리가]의 [VfL_볼프스부르크]에서 뛰고 있으며, 포지션은 [미드필더#수비형_미드필더]이다."}],"globalSId":[2537317],"entities":[{"st":1,"eIdx":0,"ancestor":"-2","en":11,"cwStateCd":"FIXED","ne_type":"PERSON","cwSelIdx":[],"type":"ENTITY","keyword":"루이스_구스타부_지아스","e_type":"NEW"},{"st":18,"eIdx":1,"ancestor":"","en":25,"ne_type":"","keyword":"[1987년]","e_type":"WIKILINK"},{"st":26,"eIdx":2,"ancestor":"","en":34,"ne_type":"","keyword":"[7월_23일]","e_type":"WIKILINK"},{"st":36,"eIdx":3,"ancestor":"","en":41,"ne_type":"","keyword":"[브라질]","e_type":"WIKILINK"},{"st":43,"eIdx":4,"ancestor":"-2","en":47,"cwStateCd":"FIXED","ne_type":"LOCATION","cwSelIdx":[],"type":"ENTITY","keyword":"핑다몽항가바","e_type":"NEW"},{"st":56,"eIdx":5,"ancestor":"","en":61,"ne_type":"","keyword":"[브라질]","e_type":"WIKILINK"},{"st":63,"eIdx":6,"ancestor":"","en":70,"ne_type":"","keyword":"[축구_선수]","e_type":"WIKILINK"},{"st":76,"eIdx":7,"ancestor":"","en":80,"ne_type":"","keyword":"[독일]","e_type":"WIKILINK"},{"st":81,"eIdx":8,"ancestor":"","en":92,"ne_type":"","keyword":"[푸스발-분데스리가]","e_type":"WIKILINK"},{"st":94,"eIdx":9,"ancestor":"","en":106,"ne_type":"","keyword":"[VfL_볼프스부르크]","e_type":"WIKILINK"},{"st":122,"eIdx":10,"ancestor":"","en":137,"ne_type":"","keyword":"[미드필더#수비형_미드필더]","e_type":"WIKILINK"}],"wikiPageId":668190,"pIdx":1,"text":"[루이스_구스타부_지아스] (, [1987년] [7월_23일], [브라질] [핑다몽항가바] ~ )는 [브라질]의 [축구_선수]로, 현재 [독일] [푸스발-분데스리가]의 [VfL_볼프스부르크]에서 뛰고 있으며, 포지션은 [미드필더#수비형_미드필더]이다."}