{"result":[{"verbs":[{"word_id":3,"ancestor":["1-0"],"verb":"위치","cwStateCd":"FIXED","cwSelIdx":0}],"text":"[산크리스토발_주]()는 [도미니카_공화국] 남부에 위치한 주로 주도는 [산크리스토발_(도미니카_공화국)]이며 면적은 1,265.77㎢, 인구는 640,066명([2014년] 기준)이다."},{"verbs":[{"word_id":1,"ancestor":["1-0"],"verb":"설립","cwStateCd":"FIXED","cwSelIdx":0},{"word_id":10,"ancestor":"-2","verb":"부르","cwStateCd":"FIXED","cwSelIdx":[]}],"text":"[1932년]에 설립되었으며 설립 당시에는 <도미니카_공화국>의 독재자였던 [라파엘_트루히요]의 이름을 딴 <트루히요_주>(Trujillo)라고 불렀다."},{"verbs":[{"word_id":2,"ancestor":["1-9"],"verb":"암살","cwStateCd":"FIXED","cwSelIdx":24},{"word_id":4,"ancestor":"-1","verb":"같","cwStateCd":"FIXED","cwSelIdx":[]},{"word_id":6,"ancestor":["1-0"],"verb":"바뀌","cwStateCd":"FIXED","cwSelIdx":0}],"text":"[1961년] <라파엘_트루히요>가 암살당하면서 지금과 같은 이름으로 바뀌었다."}],"globalSId":[3527973,3527974,3527975],"entities":[{"st":0,"eIdx":0,"ancestor":"-2","en":9,"cwStateCd":"FIXED","ne_type":"LOCATION","cwSelIdx":[],"type":"ENTITY","keyword":"[산크리스토발_주]","e_type":"NEW"},{"st":14,"eIdx":1,"ancestor":"","en":24,"ne_type":"","keyword":"[도미니카_공화국]","e_type":"WIKILINK"},{"st":40,"eIdx":2,"ancestor":"","en":59,"ne_type":"","keyword":"[산크리스토발_(도미니카_공화국)]","e_type":"WIKILINK"},{"st":90,"eIdx":3,"ancestor":"-2","en":87,"cwStateCd":"FIXED","ne_type":"TIME","cwSelIdx":[],"type":"ENTITY","keyword":"[2014년]","e_type":"NEW"},{"st":105,"eIdx":4,"ancestor":"-2","en":111,"cwStateCd":"FIXED","ne_type":"TIME","cwSelIdx":[],"type":"ENTITY","keyword":"[1932년]","e_type":"NEW"},{"st":129,"eIdx":5,"ancestor":"","en":139,"ne_type":"","keyword":"<도미니카_공화국>","e_type":"ELU"},{"st":147,"eIdx":6,"ancestor":"","en":157,"ne_type":"","keyword":"[라파엘_트루히요]","e_type":"WIKILINK"},{"st":165,"eIdx":7,"ancestor":"","en":173,"ne_type":"","keyword":"<트루히요_주>","e_type":"ELU"},{"st":191,"eIdx":8,"ancestor":"-2","en":197,"cwStateCd":"FIXED","ne_type":"TIME","cwSelIdx":[],"type":"ENTITY","keyword":"[1961년]","e_type":"NEW"},{"st":199,"eIdx":9,"ancestor":"","en":209,"ne_type":"","keyword":"<라파엘_트루히요>","e_type":"ELU"}],"wikiPageId":1280639,"pIdx":1,"text":"[산크리스토발_주]()는 [도미니카_공화국] 남부에 위치한 주로 주도는 [산크리스토발_(도미니카_공화국)]이며 면적은 1,265.77㎢, 인구는 640,066명([2014년] 기준)이다. [1932년]에 설립되었으며 설립 당시에는 <도미니카_공화국>의 독재자였던 [라파엘_트루히요]의 이름을 딴 <트루히요_주>(Trujillo)라고 불렀다. [1961년] <라파엘_트루히요>가 암살당하면서 지금과 같은 이름으로 바뀌었다."}