{"result":[{"verbs":[{"word_id":5,"ancestor":["1-0"],"verb":"위치","cwStateCd":"FIXED","cwSelIdx":0}],"text":"[트위크_주]()는 [남수단] 서부 [바르알가잘] 지방에 위치한 주로 주도는 [마옌아분]이며 면적은 3,957.4㎢, 인구는 343,410명(2014년 기준)이다."},{"verbs":[],"text":"."}],"globalSId":[4002416],"entities":[{"st":0,"eIdx":0,"ancestor":"-2","en":6,"cwStateCd":"FIXED","ne_type":"LOCATION","cwSelIdx":[],"type":"ENTITY","keyword":"[트위크_주]","e_type":"NEW"},{"st":11,"eIdx":1,"ancestor":"","en":16,"ne_type":"","keyword":"[남수단]","e_type":"WIKILINK"},{"st":20,"eIdx":2,"ancestor":"","en":27,"ne_type":"","keyword":"[바르알가잘]","e_type":"WIKILINK"},{"st":44,"eIdx":3,"ancestor":"-2","en":46,"cwStateCd":"FIXED","ne_type":"LOCATION","cwSelIdx":[],"type":"ENTITY","keyword":"마옌아분","e_type":"NEW"}],"wikiPageId":1770839,"pIdx":1,"text":"[트위크_주]()는 [남수단] 서부 [바르알가잘] 지방에 위치한 주로 주도는 [마옌아분]이며 면적은 3,957.4㎢, 인구는 343,410명(2014년 기준)이다.."}