{"result":[{"verbs":[{"word_id":7,"ancestor":["1-0"],"verb":"설립","cwStateCd":"FIXED","cwSelIdx":0}],"text":"[시민민주당](市民民主黨, , )은 [체코]의 보수 정당으로, [1991년] 설립되었다."},{"verbs":[{"word_id":8,"ancestor":["1-0"],"verb":"잇","cwStateCd":"FIXED","cwSelIdx":0},{"word_id":15,"ancestor":["1-0"],"verb":"잇","cwStateCd":"FIXED","cwSelIdx":0}],"text":"[2013년], [2016년] 총선거 결과, [체코] 상원의 경우 [체코_사회민주당]에 이어 제2당인 반면 [체코] 하원의 경우 [TOP_09]에 이어 제5당이다."}],"globalSId":[3866938,3866939],"entities":[{"st":0,"eIdx":0,"ancestor":"-2","en":6,"cwStateCd":"FIXED","ne_type":"ETC","cwSelIdx":[],"type":"ENTITY","keyword":"[시민민주당]","e_type":"NEW"},{"st":20,"eIdx":1,"ancestor":"","en":24,"ne_type":"","keyword":"[체코]","e_type":"WIKILINK"},{"st":35,"eIdx":2,"ancestor":"-2","en":41,"cwStateCd":"FIXED","ne_type":"TIME","cwSelIdx":[],"type":"ENTITY","keyword":"[1991년]","e_type":"NEW"},{"st":50,"eIdx":3,"ancestor":"","en":57,"ne_type":"","keyword":"[2013년]","e_type":"WIKILINK"},{"st":59,"eIdx":4,"ancestor":"","en":66,"ne_type":"","keyword":"[2016년]","e_type":"WIKILINK"},{"st":75,"eIdx":5,"ancestor":"","en":79,"ne_type":"","keyword":"[체코]","e_type":"WIKILINK"},{"st":87,"eIdx":6,"ancestor":"","en":97,"ne_type":"","keyword":"[체코_사회민주당]","e_type":"WIKILINK"},{"st":110,"eIdx":7,"ancestor":"","en":114,"ne_type":"","keyword":"[체코]","e_type":"WIKILINK"},{"st":122,"eIdx":8,"ancestor":"","en":130,"ne_type":"","keyword":"[TOP_09]","e_type":"WIKILINK"}],"wikiPageId":1641959,"pIdx":1,"text":"[시민민주당](市民民主黨, , )은 [체코]의 보수 정당으로, [1991년] 설립되었다. [2013년], [2016년] 총선거 결과, [체코] 상원의 경우 [체코_사회민주당]에 이어 제2당인 반면 [체코] 하원의 경우 [TOP_09]에 이어 제5당이다."}