{"result":[{"verbs":[{"word_id":6,"ancestor":"-1","verb":"되","cwStateCd":"FIXED","cwSelIdx":[]},{"word_id":9,"ancestor":["1-0"],"verb":"확립","cwStateCd":"FIXED","cwSelIdx":0},{"word_id":12,"ancestor":"-1","verb":"간단","cwStateCd":"FIXED","cwSelIdx":[]},{"word_id":14,"ancestor":"-1","verb":"일컫","cwStateCd":"FIXED","cwSelIdx":[]}],"text":"[코흐의_공리](Koch's postulates)는 어떤 질환과 그것의 원인이 되는 미생물간의 관계를 확립시키기 위한 4가지의 간단한 기준을 일컫는다."},{"verbs":[{"word_id":7,"ancestor":["1-1"],"verb":"규명","cwStateCd":"FIXED","cwSelIdx":15},{"word_id":8,"ancestor":"-1","verb":"위하","cwStateCd":"FIXED","cwSelIdx":[]}],"text":"[로베르트_코흐]는 이 공리를 [탄저]와 [결핵]의 병인학적 사실을 규명하기 위해 적용했었다."},{"verbs":[],"text":"또한 <코흐의_공리>는 [731부대]의 생체실험의 실험적 이론이기도 하였다."}],"globalSId":[1360895,1360896,1360897],"entities":[{"st":0,"eIdx":0,"ancestor":"-2","en":7,"cwStateCd":"FIXED","ne_type":"ETC","cwSelIdx":[],"type":"ENTITY","keyword":"[코흐의_공리]","e_type":"NEW"},{"st":85,"eIdx":1,"ancestor":"","en":94,"ne_type":"","keyword":"[로베르트_코흐]","e_type":"WIKILINK"},{"st":102,"eIdx":2,"ancestor":"","en":106,"ne_type":"","keyword":"[탄저]","e_type":"WIKILINK"},{"st":108,"eIdx":3,"ancestor":"","en":112,"ne_type":"","keyword":"[결핵]","e_type":"WIKILINK"},{"st":141,"eIdx":4,"ancestor":"","en":149,"ne_type":"","keyword":"<코흐의_공리>","e_type":"ELU"},{"st":151,"eIdx":5,"ancestor":"","en":158,"ne_type":"","keyword":"[731부대]","e_type":"WIKILINK"}],"wikiPageId":233134,"pIdx":1,"text":"[코흐의_공리](Koch's postulates)는 어떤 질환과 그것의 원인이 되는 미생물간의 관계를 확립시키기 위한 4가지의 간단한 기준을 일컫는다. [로베르트_코흐]는 이 공리를 [탄저]와 [결핵]의 병인학적 사실을 규명하기 위해 적용했었다. 또한 <코흐의_공리>는 [731부대]의 생체실험의 실험적 이론이기도 하였다."}