{"result":[{"verbs":[],"text":"[벤째]()는 [베트남] 남부 [벤째_성]의 성도로 면적은 65.75㎢, 인구는 143,639명([2009년] 기준)이다."},{"verbs":[{"word_id":2,"ancestor":["1-0"],"verb":"위치","cwStateCd":"FIXED","cwSelIdx":0},{"word_id":7,"ancestor":"-1","verb":"떨어지","cwStateCd":"FIXED","cwSelIdx":[]},{"word_id":9,"ancestor":["1-0"],"verb":"위치","cwStateCd":"FIXED","cwSelIdx":0}],"text":"[메콩_강_삼각주] 지대에 위치하며 [호찌민_시]에서 남동쪽으로 85km 정도 떨어진 곳에 위치한다."}],"globalSId":[3639945,3639946],"entities":[{"st":0,"eIdx":0,"ancestor":"-2","en":3,"cwStateCd":"FIXED","ne_type":"LOCATION","cwSelIdx":[],"type":"ENTITY","keyword":"[벤째]","e_type":"NEW"},{"st":8,"eIdx":1,"ancestor":"","en":13,"ne_type":"","keyword":"[베트남]","e_type":"WIKILINK"},{"st":17,"eIdx":2,"ancestor":"","en":23,"ne_type":"","keyword":"[벤째_성]","e_type":"WIKILINK"},{"st":54,"eIdx":3,"ancestor":"-2","en":51,"cwStateCd":"FIXED","ne_type":"TIME","cwSelIdx":[],"type":"ENTITY","keyword":"[2009년]","e_type":"NEW"},{"st":69,"eIdx":4,"ancestor":"","en":79,"ne_type":"","keyword":"[메콩_강_삼각주]","e_type":"WIKILINK"},{"st":89,"eIdx":5,"ancestor":"","en":96,"ne_type":"","keyword":"[호찌민_시]","e_type":"WIKILINK"}],"wikiPageId":1366542,"pIdx":1,"text":"[벤째]()는 [베트남] 남부 [벤째_성]의 성도로 면적은 65.75㎢, 인구는 143,639명([2009년] 기준)이다. [메콩_강_삼각주] 지대에 위치하며 [호찌민_시]에서 남동쪽으로 85km 정도 떨어진 곳에 위치한다."}