{"result":[{"verbs":[{"word_id":16,"ancestor":"-2","verb":"의미","cwStateCd":"FIXED","cwSelIdx":[]},{"word_id":18,"ancestor":"-2","verb":"만들","cwStateCd":"FIXED","cwSelIdx":[]}],"text":"[셈족](Semites 또는 Semitic)이라는 낱말은 [성경]의 [창세기]에 나오는 인물로 [노아]의 세 아들 중의 장남인 [셈_(성경)](, , \"이름\"을 의미한다, )에서 만들어진 말이다."},{"verbs":[{"word_id":5,"ancestor":"-2","verb":"사용","cwStateCd":"FIXED","cwSelIdx":[]},{"word_id":12,"ancestor":"-2","verb":"발원","cwStateCd":"FIXED","cwSelIdx":[]},{"word_id":15,"ancestor":"-2","verb":"가리키","cwStateCd":"FIXED","cwSelIdx":[]}],"text":"이 낱말이 [언어학]과 [민족학]에서 처음 사용되었을 때 그 용도는 대체로 [중동] 지역에서 발원한 한 [어족](語族)을 가리키기 위한 것이었다."},{"verbs":[{"word_id":8,"ancestor":"-2","verb":"부르","cwStateCd":"FIXED","cwSelIdx":[]}],"text":"이 어족을 [셈어족], [셈어파], 또는 단순히 [셈어](Semitic languages)라고 부른다."}],"globalSId":[1614666,1614667,1614668],"entities":[{"st":0,"eIdx":0,"ancestor":"-2","en":3,"cwStateCd":"FIXED","ne_type":"PERSON","cwSelIdx":[],"type":"ENTITY","keyword":"[셈족]","e_type":"NEW"},{"st":32,"eIdx":1,"ancestor":"","en":36,"ne_type":"","keyword":"[성경]","e_type":"WIKILINK"},{"st":38,"eIdx":2,"ancestor":"","en":43,"ne_type":"","keyword":"[창세기]","e_type":"WIKILINK"},{"st":53,"eIdx":3,"ancestor":"","en":57,"ne_type":"","keyword":"[노아]","e_type":"WIKILINK"},{"st":71,"eIdx":4,"ancestor":"","en":79,"ne_type":"","keyword":"[셈_(성경)]","e_type":"WIKILINK"},{"st":116,"eIdx":5,"ancestor":"","en":121,"ne_type":"","keyword":"[언어학]","e_type":"WIKILINK"},{"st":123,"eIdx":6,"ancestor":"","en":128,"ne_type":"","keyword":"[민족학]","e_type":"WIKILINK"},{"st":152,"eIdx":7,"ancestor":"","en":156,"ne_type":"","keyword":"[중동]","e_type":"WIKILINK"},{"st":168,"eIdx":8,"ancestor":"","en":172,"ne_type":"","keyword":"[어족]","e_type":"WIKILINK"},{"st":198,"eIdx":9,"ancestor":"","en":203,"ne_type":"","keyword":"[셈어족]","e_type":"WIKILINK"},{"st":205,"eIdx":10,"ancestor":"","en":210,"ne_type":"","keyword":"[셈어파]","e_type":"WIKILINK"},{"st":219,"eIdx":11,"ancestor":"","en":223,"ne_type":"","keyword":"[셈어]","e_type":"WIKILINK"}],"wikiPageId":292958,"pIdx":1,"text":"[셈족](Semites 또는 Semitic)이라는 낱말은 [성경]의 [창세기]에 나오는 인물로 [노아]의 세 아들 중의 장남인 [셈_(성경)](, , \"이름\"을 의미한다, )에서 만들어진 말이다. 이 낱말이 [언어학]과 [민족학]에서 처음 사용되었을 때 그 용도는 대체로 [중동] 지역에서 발원한 한 [어족](語族)을 가리키기 위한 것이었다. 이 어족을 [셈어족], [셈어파], 또는 단순히 [셈어](Semitic languages)라고 부른다."}