{"result":[{"verbs":[{"word_id":6,"ancestor":["1-0"],"verb":"지속","cwStateCd":"FIXED","cwSelIdx":1}],"text":"제1차 [게르하르트_슈뢰더_내각]은 [1998년] [10월_27일]부터 [2002년] [10월_22일]까지 지속하였다."},{"verbs":[],"text":"[독일_사회민주당]의 <게르하르트_슈뢰더>가 총리를, [동맹_90\/녹색당]의 [요슈카_피셔]는 부총리 겸 외무장관을 맡았다."},{"verbs":[],"text":"[녹색당]은 [위르겐_트리틴], [레나테_퀴나스트] 등 총 4명을 장관으로 배출하였다."}],"globalSId":[3921405,3921406,3921407],"entities":[{"st":4,"eIdx":0,"ancestor":"-1","en":17,"cwStateCd":"FIXED","ne_type":"PERSON","cwSelIdx":[],"type":"ENTITY","keyword":"[게르하르트_슈뢰더_내각]","e_type":"NEW"},{"st":20,"eIdx":1,"ancestor":"","en":27,"ne_type":"","keyword":"[1998년]","e_type":"WIKILINK"},{"st":28,"eIdx":2,"ancestor":"","en":37,"ne_type":"","keyword":"[10월_27일]","e_type":"WIKILINK"},{"st":40,"eIdx":3,"ancestor":"","en":47,"ne_type":"","keyword":"[2002년]","e_type":"WIKILINK"},{"st":48,"eIdx":4,"ancestor":"","en":57,"ne_type":"","keyword":"[10월_22일]","e_type":"WIKILINK"},{"st":67,"eIdx":5,"ancestor":"","en":77,"ne_type":"","keyword":"[독일_사회민주당]","e_type":"WIKILINK"},{"st":79,"eIdx":6,"ancestor":"","en":90,"ne_type":"","keyword":"<게르하르트_슈뢰더>","e_type":"ELU"},{"st":97,"eIdx":7,"ancestor":"","en":108,"ne_type":"","keyword":"[동맹_90\/녹색당]","e_type":"WIKILINK"},{"st":110,"eIdx":8,"ancestor":"","en":118,"ne_type":"","keyword":"[요슈카_피셔]","e_type":"WIKILINK"},{"st":137,"eIdx":9,"ancestor":"1-7","en":141,"cwStateCd":"FIXED","ne_type":"ORGANIZATION","cwSelIdx":10,"type":"ENTITY","keyword":"[녹색당]","e_type":"NEW"},{"st":144,"eIdx":10,"ancestor":"","en":153,"ne_type":"","keyword":"[위르겐_트리틴]","e_type":"WIKILINK"},{"st":155,"eIdx":11,"ancestor":"","en":165,"ne_type":"","keyword":"[레나테_퀴나스트]","e_type":"WIKILINK"}],"wikiPageId":1712084,"pIdx":1,"text":"제1차 [게르하르트_슈뢰더_내각]은 [1998년] [10월_27일]부터 [2002년] [10월_22일]까지 지속하였다. [독일_사회민주당]의 <게르하르트_슈뢰더>가 총리를, [동맹_90\/녹색당]의 [요슈카_피셔]는 부총리 겸 외무장관을 맡았다. [녹색당]은 [위르겐_트리틴], [레나테_퀴나스트] 등 총 4명을 장관으로 배출하였다."}