{"result":[{"verbs":[{"word_id":7,"ancestor":["1-5"],"verb":"있","cwStateCd":"FIXED","cwSelIdx":8},{"word_id":11,"ancestor":["1-0"],"verb":"취득","cwStateCd":"FIXED","cwSelIdx":0},{"word_id":13,"ancestor":["1-0"],"verb":"하","cwStateCd":"FIXED","cwSelIdx":0}],"text":"<하란사>(河蘭史, [1875년] ~ [1919년])는 [대한제국] 여성으로서 [미국]에 있는 [웨슬리언_대학교]에서 학사를 최초로 취득하였고 독립운동을 하였다."}],"globalSId":[2494715],"entities":[{"st":0,"eIdx":0,"ancestor":"","en":5,"ne_type":"","keyword":"<하란사>","e_type":"ELU"},{"st":11,"eIdx":1,"ancestor":"","en":18,"ne_type":"","keyword":"[1875년]","e_type":"WIKILINK"},{"st":21,"eIdx":2,"ancestor":"","en":28,"ne_type":"","keyword":"[1919년]","e_type":"WIKILINK"},{"st":31,"eIdx":3,"ancestor":"-2","en":36,"cwStateCd":"FIXED","ne_type":"ORGANIZATION","cwSelIdx":[],"type":"ENTITY","keyword":"[대한제국]","e_type":"NEW"},{"st":44,"eIdx":4,"ancestor":"","en":48,"ne_type":"","keyword":"[미국]","e_type":"WIKILINK"},{"st":53,"eIdx":5,"ancestor":"","en":63,"ne_type":"","keyword":"[웨슬리언_대학교]","e_type":"WIKILINK"}],"wikiPageId":645061,"pIdx":1,"text":"<하란사>(河蘭史, [1875년] ~ [1919년])는 [대한제국] 여성으로서 [미국]에 있는 [웨슬리언_대학교]에서 학사를 최초로 취득하였고 독립운동을 하였다."}