{"result":[{"verbs":[{"word_id":4,"ancestor":"-2","verb":"개최","cwStateCd":"FIXED","cwSelIdx":5},{"word_id":18,"ancestor":["8-8","8-10"],"verb":"발표","cwStateCd":"FIXED","cwSelIdx":[14,16]}],"text":"[2013년] [6월_20일], [영국] [런던]에서 개최된 \u201C[삼성전자] 프리미어 2013: [삼성_갤럭시_(시리즈)] & [삼성_아티브]\u201D 신제품 발표회장서 [삼성_아티브] [북9플러스]와 [삼성_아티브] [북9라이트]가 새로 발표된다."},{"verbs":[{"word_id":3,"ancestor":["8-12"],"verb":"탑재","cwStateCd":"FIXED","cwSelIdx":20},{"word_id":12,"ancestor":["8-13"],"verb":"탑재","cwStateCd":"FIXED","cwSelIdx":28},{"word_id":13,"ancestor":["8-11"],"verb":"소개","cwStateCd":"FIXED","cwSelIdx":19}],"text":"[북9플러스]는 [인텔_코어] CPU가 탑재되어 있고, 13.3인치 화면크기에 터치스크린 기능과 [해상도]의 고해상도 화면이 탑재되어 소개되었다."},{"verbs":[{"word_id":3,"ancestor":["8-14"],"verb":"탑재","cwStateCd":"FIXED","cwSelIdx":34},{"word_id":6,"ancestor":"-2","verb":"되","cwStateCd":"FIXED","cwSelIdx":[]},{"word_id":20,"ancestor":["8-11"],"verb":"홍보","cwStateCd":"FIXED","cwSelIdx":19}],"text":"비록 [해상도] 화면이 탑재되었으나 당시 탑재 되어 있던 [윈도_8] 운영 체제의 [해상도] 화면 해상도의 미지원으로 발표시에는 [해상도] 해상도를 갖는 제품으로 홍보되었다."},{"verbs":[{"word_id":5,"ancestor":["8-18"],"verb":"지원","cwStateCd":"FIXED","cwSelIdx":56},{"word_id":6,"ancestor":"-2","verb":"따르","cwStateCd":"FIXED","cwSelIdx":[]},{"word_id":10,"ancestor":["8-20"],"verb":"설치","cwStateCd":"FIXED","cwSelIdx":63},{"word_id":12,"ancestor":"-2","verb":"해결","cwStateCd":"FIXED","cwSelIdx":[]},{"word_id":19,"ancestor":["8-21"],"verb":"사용","cwStateCd":"FIXED","cwSelIdx":70},{"word_id":30,"ancestor":"-2","verb":"변경","cwStateCd":"FIXED","cwSelIdx":[]}],"text":"그 이후 [윈도_8.1]에서 [해상도] 해상도를 지원함에 따라 이 문제는 [윈도_8.1]을 설치하게 되면서 해결되었고 별도의 조치 없이 [해상도] 화면의 해상도를 사용할 수 있게 되면서 다시 [해상도]의 해상도를 갖는 제품으로 홍보의 방향이 변경되었다."}],"globalSId":[3269332,3269333,3269334,3269335],"entities":[{"st":0,"eIdx":0,"ancestor":"-2","en":6,"cwStateCd":"FIXED","ne_type":"TIME","cwSelIdx":[],"type":"ENTITY","keyword":"[2013년]","e_type":"NEW"},{"st":8,"eIdx":1,"ancestor":"-2","en":15,"cwStateCd":"FIXED","ne_type":"TIME","cwSelIdx":[],"type":"ENTITY","keyword":"[6월_20일]","e_type":"NEW"},{"st":18,"eIdx":2,"ancestor":"","en":22,"ne_type":"","keyword":"[영국]","e_type":"WIKILINK"},{"st":23,"eIdx":3,"ancestor":"","en":27,"ne_type":"","keyword":"[런던]","e_type":"WIKILINK"},{"st":35,"eIdx":4,"ancestor":"","en":41,"ne_type":"","keyword":"[삼성전자]","e_type":"WIKILINK"},{"st":53,"eIdx":5,"ancestor":"","en":67,"ne_type":"","keyword":"[삼성_갤럭시_(시리즈)]","e_type":"WIKILINK"},{"st":70,"eIdx":6,"ancestor":"","en":78,"ne_type":"","keyword":"[삼성_아티브]","e_type":"WIKILINK"},{"st":90,"eIdx":7,"ancestor":"","en":98,"ne_type":"","keyword":"[삼성_아티브]","e_type":"WIKILINK"},{"st":99,"eIdx":8,"ancestor":"-2","en":105,"cwStateCd":"FIXED","ne_type":"ETC","cwSelIdx":[],"type":"ENTITY","keyword":"[북9플러스]","e_type":"NEW"},{"st":108,"eIdx":9,"ancestor":"","en":116,"ne_type":"","keyword":"[삼성_아티브]","e_type":"WIKILINK"},{"st":117,"eIdx":10,"ancestor":"-2","en":123,"cwStateCd":"FIXED","ne_type":"ETC","cwSelIdx":[],"type":"ENTITY","keyword":"[북9라이트]","e_type":"NEW"},{"st":135,"eIdx":11,"ancestor":"8-8","en":141,"cwStateCd":"FIXED","ne_type":"ETC","cwSelIdx":14,"type":"ENTITY","keyword":"[북9플러스]","e_type":"NEW"},{"st":144,"eIdx":12,"ancestor":"","en":151,"ne_type":"","keyword":"[인텔_코어]","e_type":"WIKILINK"},{"st":189,"eIdx":13,"ancestor":"","en":194,"ne_type":"","keyword":"[해상도]","e_type":"WIKILINK"},{"st":220,"eIdx":14,"ancestor":"","en":225,"ne_type":"","keyword":"[해상도]","e_type":"WIKILINK"},{"st":249,"eIdx":15,"ancestor":"","en":255,"ne_type":"","keyword":"[윈도_8]","e_type":"WIKILINK"},{"st":263,"eIdx":16,"ancestor":"","en":268,"ne_type":"","keyword":"[해상도]","e_type":"WIKILINK"},{"st":289,"eIdx":17,"ancestor":"","en":294,"ne_type":"","keyword":"[해상도]","e_type":"WIKILINK"},{"st":320,"eIdx":18,"ancestor":"","en":328,"ne_type":"","keyword":"[윈도_8.1]","e_type":"WIKILINK"},{"st":331,"eIdx":19,"ancestor":"","en":336,"ne_type":"","keyword":"[해상도]","e_type":"WIKILINK"},{"st":356,"eIdx":20,"ancestor":"","en":364,"ne_type":"","keyword":"[윈도_8.1]","e_type":"WIKILINK"},{"st":391,"eIdx":21,"ancestor":"","en":396,"ne_type":"","keyword":"[해상도]","e_type":"WIKILINK"},{"st":422,"eIdx":22,"ancestor":"","en":427,"ne_type":"","keyword":"[해상도]","e_type":"WIKILINK"}],"wikiPageId":1063092,"pIdx":8,"text":"[2013년] [6월_20일], [영국] [런던]에서 개최된 \u201C[삼성전자] 프리미어 2013: [삼성_갤럭시_(시리즈)] & [삼성_아티브]\u201D 신제품 발표회장서 [삼성_아티브] [북9플러스]와 [삼성_아티브] [북9라이트]가 새로 발표된다. [북9플러스]는 [인텔_코어] CPU가 탑재되어 있고, 13.3인치 화면크기에 터치스크린 기능과 [해상도]의 고해상도 화면이 탑재되어 소개되었다. 비록 [해상도] 화면이 탑재되었으나 당시 탑재 되어 있던 [윈도_8] 운영 체제의 [해상도] 화면 해상도의 미지원으로 발표시에는 [해상도] 해상도를 갖는 제품으로 홍보되었다. 그 이후 [윈도_8.1]에서 [해상도] 해상도를 지원함에 따라 이 문제는 [윈도_8.1]을 설치하게 되면서 해결되었고 별도의 조치 없이 [해상도] 화면의 해상도를 사용할 수 있게 되면서 다시 [해상도]의 해상도를 갖는 제품으로 홍보의 방향이 변경되었다."}