{"result":[{"verbs":[{"word_id":5,"ancestor":["1-0"],"verb":"있","cwStateCd":"FIXED","cwSelIdx":0}],"text":"<사가아라시야마_역>()은 [일본] [교토_시] [교토_부] [우쿄_구]에 있는 [철도역]이다."},{"verbs":[{"word_id":4,"ancestor":"-2","verb":"정차","cwStateCd":"FIXED","cwSelIdx":[]}],"text":"[서일본_여객철도]가 운영하는 [사가노_선] 열차가 정차한다."}],"globalSId":[2067286,2067287],"entities":[{"st":0,"eIdx":0,"ancestor":"","en":11,"ne_type":"","keyword":"<사가아라시야마_역>","e_type":"ELU"},{"st":15,"eIdx":1,"ancestor":"","en":19,"ne_type":"","keyword":"[일본]","e_type":"WIKILINK"},{"st":20,"eIdx":2,"ancestor":"","en":26,"ne_type":"","keyword":"[교토_시]","e_type":"WIKILINK"},{"st":27,"eIdx":3,"ancestor":"","en":33,"ne_type":"","keyword":"[교토_부]","e_type":"WIKILINK"},{"st":34,"eIdx":4,"ancestor":"","en":40,"ne_type":"","keyword":"[우쿄_구]","e_type":"WIKILINK"},{"st":45,"eIdx":5,"ancestor":"","en":50,"ne_type":"","keyword":"[철도역]","e_type":"WIKILINK"},{"st":54,"eIdx":6,"ancestor":"","en":64,"ne_type":"","keyword":"[서일본_여객철도]","e_type":"WIKILINK"},{"st":71,"eIdx":7,"ancestor":"","en":78,"ne_type":"","keyword":"[사가노_선]","e_type":"WIKILINK"}],"wikiPageId":452338,"pIdx":1,"text":"<사가아라시야마_역>()은 [일본] [교토_시] [교토_부] [우쿄_구]에 있는 [철도역]이다. [서일본_여객철도]가 운영하는 [사가노_선] 열차가 정차한다."}