{"result":[{"verbs":[],"text":"[4_Intimate_Nights_with_Beyonc?]는 미국 [알앤비] 가수 [비욘세_놀스]의 두 번째 [레지던트_쇼]이다."},{"verbs":[{"word_id":5,"ancestor":["1-2"],"verb":"홍보","cwStateCd":"FIXED","cwSelIdx":4},{"word_id":7,"ancestor":["1-0"],"verb":"공연","cwStateCd":"FIXED","cwSelIdx":0}],"text":"[2009년] [7월]부터 [8월]까지 밤에 [4_(비욘세_놀스의_음반)]를 홍보하는 목적으로 공연되었다."},{"verbs":[{"word_id":4,"ancestor":["1-0"],"verb":"열리","cwStateCd":"FIXED","cwSelIdx":0}],"text":"콘서트는 [뉴욕_주] [맨해튼] [로즈랜드_무도회장]에서 열렸다."}],"globalSId":[3781005,3781006,3781007],"entities":[{"st":0,"eIdx":0,"ancestor":"-2","en":31,"cwStateCd":"FIXED","ne_type":"ETC","cwSelIdx":[],"type":"ENTITY","keyword":"[4_Intimate_Nights_with_Beyonc?]","e_type":"NEW"},{"st":37,"eIdx":1,"ancestor":"","en":42,"ne_type":"","keyword":"[알앤비]","e_type":"WIKILINK"},{"st":46,"eIdx":2,"ancestor":"","en":54,"ne_type":"","keyword":"[비욘세_놀스]","e_type":"WIKILINK"},{"st":61,"eIdx":3,"ancestor":"","en":69,"ne_type":"","keyword":"[레지던트_쇼]","e_type":"WIKILINK"},{"st":73,"eIdx":4,"ancestor":"-2","en":79,"cwStateCd":"FIXED","ne_type":"TIME","cwSelIdx":[],"type":"ENTITY","keyword":"[2009년]","e_type":"NEW"},{"st":81,"eIdx":5,"ancestor":"-2","en":84,"cwStateCd":"FIXED","ne_type":"TIME","cwSelIdx":[],"type":"ENTITY","keyword":"[7월]","e_type":"NEW"},{"st":88,"eIdx":6,"ancestor":"-2","en":91,"cwStateCd":"FIXED","ne_type":"TIME","cwSelIdx":[],"type":"ENTITY","keyword":"[8월]","e_type":"NEW"},{"st":98,"eIdx":7,"ancestor":"","en":114,"ne_type":"","keyword":"[4_(비욘세_놀스의_음반)]","e_type":"WIKILINK"},{"st":138,"eIdx":8,"ancestor":"","en":144,"ne_type":"","keyword":"[뉴욕_주]","e_type":"WIKILINK"},{"st":145,"eIdx":9,"ancestor":"","en":150,"ne_type":"","keyword":"[맨해튼]","e_type":"WIKILINK"},{"st":151,"eIdx":10,"ancestor":"","en":162,"ne_type":"","keyword":"[로즈랜드_무도회장]","e_type":"WIKILINK"}],"wikiPageId":1498949,"pIdx":1,"text":"[4_Intimate_Nights_with_Beyonc?]는 미국 [알앤비] 가수 [비욘세_놀스]의 두 번째 [레지던트_쇼]이다. [2009년] [7월]부터 [8월]까지 밤에 [4_(비욘세_놀스의_음반)]를 홍보하는 목적으로 공연되었다. 콘서트는 [뉴욕_주] [맨해튼] [로즈랜드_무도회장]에서 열렸다."}