{"result":[{"verbs":[{"word_id":3,"ancestor":["1-0"],"verb":"취득","cwStateCd":"FIXED","cwSelIdx":0}],"text":"[1945년]에 [미국] 국적을 취득하였다."},{"verbs":[{"word_id":4,"ancestor":["1-0"],"verb":"수상","cwStateCd":"FIXED","cwSelIdx":0}],"text":"[1958년]에 [로런츠_메달]을, [1968년]에 [노벨_화학상]을 수상하였다."},{"verbs":[{"word_id":1,"ancestor":["1-0"],"verb":"은퇴","cwStateCd":"FIXED","cwSelIdx":0},{"word_id":4,"ancestor":"-2","verb":"있","cwStateCd":"FIXED","cwSelIdx":[]},{"word_id":6,"ancestor":["1-0"],"verb":"이사","cwStateCd":"FIXED","cwSelIdx":0}],"text":"[1972년]에 은퇴하고, [플로리다] [코럴게이블즈]에 있는 [마이애미_대학교_(플로리다_주)]로 이사하였다."},{"verbs":[{"word_id":5,"ancestor":["1-0"],"verb":"사망","cwStateCd":"FIXED","cwSelIdx":0}],"text":"[1976년] [10월] [5일]에 <코럴게이블즈>에서 [동맥류]로 사망하였다."}],"globalSId":[2895980,2895981,2895982,2895983],"entities":[{"st":0,"eIdx":0,"ancestor":"-2","en":6,"cwStateCd":"FIXED","ne_type":"TIME","cwSelIdx":[],"type":"ENTITY","keyword":"[1945년]","e_type":"NEW"},{"st":9,"eIdx":1,"ancestor":"1-2","en":12,"cwStateCd":"FIXED","ne_type":"LOCATION","cwSelIdx":10,"type":"ENTITY","keyword":"[미국]","e_type":"NEW"},{"st":25,"eIdx":2,"ancestor":"-2","en":31,"cwStateCd":"FIXED","ne_type":"TIME","cwSelIdx":[],"type":"ENTITY","keyword":"[1958년]","e_type":"NEW"},{"st":34,"eIdx":3,"ancestor":"","en":42,"ne_type":"","keyword":"[로런츠_메달]","e_type":"WIKILINK"},{"st":45,"eIdx":4,"ancestor":"-2","en":51,"cwStateCd":"FIXED","ne_type":"TIME","cwSelIdx":[],"type":"ENTITY","keyword":"[1968년]","e_type":"NEW"},{"st":54,"eIdx":5,"ancestor":"","en":62,"ne_type":"","keyword":"[노벨_화학상]","e_type":"WIKILINK"},{"st":71,"eIdx":6,"ancestor":"-2","en":77,"cwStateCd":"FIXED","ne_type":"TIME","cwSelIdx":[],"type":"ENTITY","keyword":"[1972년]","e_type":"NEW"},{"st":86,"eIdx":7,"ancestor":"-2","en":91,"cwStateCd":"FIXED","ne_type":"LOCATION","cwSelIdx":[],"type":"ENTITY","keyword":"[플로리다]","e_type":"NEW"},{"st":93,"eIdx":8,"ancestor":"","en":101,"ne_type":"","keyword":"[코럴게이블즈]","e_type":"WIKILINK"},{"st":106,"eIdx":9,"ancestor":"","en":125,"ne_type":"","keyword":"[마이애미_대학교_(플로리다_주)]","e_type":"WIKILINK"},{"st":134,"eIdx":10,"ancestor":"-2","en":140,"cwStateCd":"FIXED","ne_type":"TIME","cwSelIdx":[],"type":"ENTITY","keyword":"[1976년]","e_type":"NEW"},{"st":142,"eIdx":11,"ancestor":"-2","en":146,"cwStateCd":"FIXED","ne_type":"TIME","cwSelIdx":[],"type":"ENTITY","keyword":"[10월]","e_type":"NEW"},{"st":148,"eIdx":12,"ancestor":"-2","en":151,"cwStateCd":"FIXED","ne_type":"TIME","cwSelIdx":[],"type":"ENTITY","keyword":"[5일]","e_type":"NEW"},{"st":154,"eIdx":13,"ancestor":"","en":162,"ne_type":"","keyword":"<코럴게이블즈>","e_type":"ELU"},{"st":165,"eIdx":14,"ancestor":"","en":170,"ne_type":"","keyword":"[동맥류]","e_type":"WIKILINK"}],"wikiPageId":845321,"pIdx":6,"text":"[1945년]에 [미국] 국적을 취득하였다. [1958년]에 [로런츠_메달]을, [1968년]에 [노벨_화학상]을 수상하였다. [1972년]에 은퇴하고, [플로리다] [코럴게이블즈]에 있는 [마이애미_대학교_(플로리다_주)]로 이사하였다. [1976년] [10월] [5일]에 <코럴게이블즈>에서 [동맥류]로 사망하였다."}