{"result":[{"verbs":[{"word_id":1,"ancestor":"-1","verb":"들어서","cwStateCd":"FIXED","cwSelIdx":[]},{"word_id":12,"ancestor":"-1","verb":"두드러지","cwStateCd":"FIXED","cwSelIdx":[]},{"word_id":14,"ancestor":"-1","verb":"보이","cwStateCd":"FIXED","cwSelIdx":[]},{"word_id":17,"ancestor":"-2","verb":"나타나","cwStateCd":"FIXED","cwSelIdx":[]}],"text":"[1870년대]에 들어서면서 [독일]의 [라이프치히](Leipzig) 대학을 중심으로 그 이전 시기의 언어 연구의 성향과 두드러진 차이점을 보이는 일군의 학자들이 나타났다."},{"verbs":[{"word_id":4,"ancestor":"-1","verb":"젊","cwStateCd":"FIXED","cwSelIdx":[]},{"word_id":5,"ancestor":"-1","verb":"새롭","cwStateCd":"FIXED","cwSelIdx":[]},{"word_id":11,"ancestor":"-2","verb":"불리","cwStateCd":"FIXED","cwSelIdx":[]}],"text":"이들은 그 당시에 비교적 젊은 새로운 세대의 학자들이었기 때문에 젊은이 문법학파라고 불렸다."},{"verbs":[{"word_id":9,"ancestor":["2-3","2-4","2-5","2-6"],"verb":"집대성","cwStateCd":"FIXED","cwSelIdx":[30,31,32,33]},{"word_id":23,"ancestor":"-1","verb":"깊","cwStateCd":"FIXED","cwSelIdx":[]}],"text":"[아우구스트_레스킨](Leskien), [칼_브루크만](Brugmann), [헤르만_오스토프](Osthoff), [베르톨드_델브뤽](Delbr?ck) 등의 학자들과 이들의 연구방법론을 이론적으로 집대성한 [헤르만_파울](Herman Paul)이 이들 젊은이 문법학파의 중심 멤버였으며, [칼_베르너](Verner), [페르디낭_드_소쉬르](de Saussure), <휘트니_휴스턴>(Whitney) 등도 이들과 깊은 관련을 맺고 있었다."}],"globalSId":[91454,91455,91456],"entities":[{"st":1,"eIdx":0,"ancestor":"-2","en":5,"cwStateCd":"FIXED","ne_type":"TIME","cwSelIdx":[],"type":"ENTITY","keyword":"1870년대","e_type":"NEW"},{"st":16,"eIdx":1,"ancestor":"","en":20,"ne_type":"","keyword":"[독일]","e_type":"WIKILINK"},{"st":22,"eIdx":2,"ancestor":"","en":29,"ne_type":"","keyword":"[라이프치히]","e_type":"WIKILINK"},{"st":149,"eIdx":3,"ancestor":"","en":160,"ne_type":"","keyword":"[아우구스트_레스킨]","e_type":"WIKILINK"},{"st":171,"eIdx":4,"ancestor":"","en":179,"ne_type":"","keyword":"[칼_브루크만]","e_type":"WIKILINK"},{"st":191,"eIdx":5,"ancestor":"","en":201,"ne_type":"","keyword":"[헤르만_오스토프]","e_type":"WIKILINK"},{"st":212,"eIdx":6,"ancestor":"","en":222,"ne_type":"","keyword":"[베르톨드_델브뤽]","e_type":"WIKILINK"},{"st":263,"eIdx":7,"ancestor":"","en":271,"ne_type":"","keyword":"[헤르만_파울]","e_type":"WIKILINK"},{"st":309,"eIdx":8,"ancestor":"","en":316,"ne_type":"","keyword":"[칼_베르너]","e_type":"WIKILINK"},{"st":326,"eIdx":9,"ancestor":"","en":338,"ne_type":"","keyword":"[페르디낭_드_소쉬르]","e_type":"WIKILINK"},{"st":353,"eIdx":10,"ancestor":"","en":362,"ne_type":"","keyword":"<휘트니_휴스턴>","e_type":"ELU"}],"wikiPageId":6430,"pIdx":2,"text":"[1870년대]에 들어서면서 [독일]의 [라이프치히](Leipzig) 대학을 중심으로 그 이전 시기의 언어 연구의 성향과 두드러진 차이점을 보이는 일군의 학자들이 나타났다. 이들은 그 당시에 비교적 젊은 새로운 세대의 학자들이었기 때문에 젊은이 문법학파라고 불렸다. [아우구스트_레스킨](Leskien), [칼_브루크만](Brugmann), [헤르만_오스토프](Osthoff), [베르톨드_델브뤽](Delbr?ck) 등의 학자들과 이들의 연구방법론을 이론적으로 집대성한 [헤르만_파울](Herman Paul)이 이들 젊은이 문법학파의 중심 멤버였으며, [칼_베르너](Verner), [페르디낭_드_소쉬르](de Saussure), <휘트니_휴스턴>(Whitney) 등도 이들과 깊은 관련을 맺고 있었다."}