{"result":[{"verbs":[{"word_id":8,"ancestor":["1-0"],"verb":"위치","cwStateCd":"FIXED","cwSelIdx":0}],"text":"<상파울루_구아룰류스_국제공항>(, [IATA]: GRU, [ICAO]: SBGR)은 [브라질] [상파울루_주] [구아룰류스]에 위치한 [국제공항]이다."},{"verbs":[{"word_id":3,"ancestor":"-1","verb":"많","cwStateCd":"FIXED","cwSelIdx":[]},{"word_id":13,"ancestor":["1-0"],"verb":"떨어지","cwStateCd":"FIXED","cwSelIdx":0}],"text":"[브라질]에서 가장 이용객이 많은 이 공항은 [브라질] 최대 도시 [상파울루] 도심에서 약 25km 떨어져 있다."}],"globalSId":[1657936,1657937],"entities":[{"st":0,"eIdx":0,"ancestor":"","en":17,"ne_type":"","keyword":"<상파울루_구아룰류스_국제공항>","e_type":"ELU"},{"st":20,"eIdx":1,"ancestor":"","en":26,"ne_type":"","keyword":"[IATA]","e_type":"WIKILINK"},{"st":33,"eIdx":2,"ancestor":"","en":39,"ne_type":"","keyword":"[ICAO]","e_type":"WIKILINK"},{"st":48,"eIdx":3,"ancestor":"","en":53,"ne_type":"","keyword":"[브라질]","e_type":"WIKILINK"},{"st":54,"eIdx":4,"ancestor":"","en":62,"ne_type":"","keyword":"[상파울루_주]","e_type":"WIKILINK"},{"st":63,"eIdx":5,"ancestor":"","en":70,"ne_type":"","keyword":"[구아룰류스]","e_type":"WIKILINK"},{"st":76,"eIdx":6,"ancestor":"","en":82,"ne_type":"","keyword":"[국제공항]","e_type":"WIKILINK"},{"st":86,"eIdx":7,"ancestor":"","en":91,"ne_type":"","keyword":"[브라질]","e_type":"WIKILINK"},{"st":111,"eIdx":8,"ancestor":"","en":116,"ne_type":"","keyword":"[브라질]","e_type":"WIKILINK"},{"st":123,"eIdx":9,"ancestor":"","en":129,"ne_type":"","keyword":"[상파울루]","e_type":"WIKILINK"}],"wikiPageId":304026,"pIdx":1,"text":"<상파울루_구아룰류스_국제공항>(, [IATA]: GRU, [ICAO]: SBGR)은 [브라질] [상파울루_주] [구아룰류스]에 위치한 [국제공항]이다. [브라질]에서 가장 이용객이 많은 이 공항은 [브라질] 최대 도시 [상파울루] 도심에서 약 25km 떨어져 있다."}