{"result":[{"verbs":[],"text":"《[클라렌스는_엉뚱해!]》는 [카툰_네트워크]의 [스카일러_페이지]가 기획한 [미국]의 텔레비전 애니메이션이다."},{"verbs":[{"word_id":11,"ancestor":["2-7"],"verb":"개발","cwStateCd":"FIXED","cwSelIdx":15},{"word_id":12,"ancestor":"-2","verb":"위하","cwStateCd":"FIXED","cwSelIdx":[]}],"text":"《[어드벤처_타임]》의 스토리보드 작가이자 《[Secret_Mountain_Fort_Awesome]》의 스토리보드 편집자로 [카툰_네트워크]에서 근무했던 <스카일러_페이지>는 이 시리즈를 개발하기 위해 [2012년] [카툰_네트워크_스튜디오]에서 단편을 제작하였다."},{"verbs":[{"word_id":4,"ancestor":["2-10"],"verb":"지니","cwStateCd":"FIXED","cwSelIdx":31},{"word_id":5,"ancestor":"-2","verb":"어리","cwStateCd":"FIXED","cwSelIdx":[]}],"text":"이 작품은 낙관적인 사고를 지닌 어린 소년 <클래런스>의 이야기를 다루고 있다."},{"verbs":[{"word_id":4,"ancestor":["2-14"],"verb":"개최","cwStateCd":"FIXED","cwSelIdx":38},{"word_id":5,"ancestor":["2-15"],"verb":"방송","cwStateCd":"FIXED","cwSelIdx":41},{"word_id":10,"ancestor":"-2","verb":"통하","cwStateCd":"FIXED","cwSelIdx":[]},{"word_id":14,"ancestor":["2-0"],"verb":"공개","cwStateCd":"FIXED","cwSelIdx":0},{"word_id":16,"ancestor":["2-0"],"verb":"받","cwStateCd":"FIXED","cwSelIdx":0}],"text":"[2014년] [2월] [17일] [카툰_네트워크]에서 개최하여 방송된 [홀_오브_게임_시상식](Hall of Game Awards)을 통해 이 작품의 파일럿이 공개되었고, [TV-PG_등급]을 받았다."}],"globalSId":[3497576,3497577,3497578,3497579],"entities":[{"st":1,"eIdx":0,"ancestor":"","en":13,"ne_type":"","keyword":"[클라렌스는_엉뚱해!]","e_type":"WIKILINK"},{"st":16,"eIdx":1,"ancestor":"","en":25,"ne_type":"","keyword":"[카툰_네트워크]","e_type":"WIKILINK"},{"st":27,"eIdx":2,"ancestor":"","en":37,"ne_type":"","keyword":"[스카일러_페이지]","e_type":"WIKILINK"},{"st":43,"eIdx":3,"ancestor":"-2","en":46,"cwStateCd":"FIXED","ne_type":"LOCATION","cwSelIdx":[],"type":"ENTITY","keyword":"[미국]","e_type":"NEW"},{"st":64,"eIdx":4,"ancestor":"","en":73,"ne_type":"","keyword":"[어드벤처_타임]","e_type":"WIKILINK"},{"st":88,"eIdx":5,"ancestor":"-2","en":116,"cwStateCd":"FIXED","ne_type":"ETC","cwSelIdx":[],"type":"ENTITY","keyword":"[Secret_Mountain_Fort_Awesome]","e_type":"NEW"},{"st":132,"eIdx":6,"ancestor":"2-1","en":140,"cwStateCd":"FIXED","ne_type":"ORGANIZATION","cwSelIdx":1,"type":"ENTITY","keyword":"[카툰_네트워크]","e_type":"NEW"},{"st":149,"eIdx":7,"ancestor":"","en":159,"ne_type":"","keyword":"<스카일러_페이지>","e_type":"ELU"},{"st":176,"eIdx":8,"ancestor":"-2","en":182,"cwStateCd":"FIXED","ne_type":"TIME","cwSelIdx":[],"type":"ENTITY","keyword":"[2012년]","e_type":"NEW"},{"st":184,"eIdx":9,"ancestor":"","en":198,"ne_type":"","keyword":"[카툰_네트워크_스튜디오]","e_type":"WIKILINK"},{"st":236,"eIdx":10,"ancestor":"","en":242,"ne_type":"","keyword":"<클래런스>","e_type":"ELU"},{"st":257,"eIdx":11,"ancestor":"-2","en":263,"cwStateCd":"FIXED","ne_type":"TIME","cwSelIdx":[],"type":"ENTITY","keyword":"[2014년]","e_type":"NEW"},{"st":265,"eIdx":12,"ancestor":"-2","en":268,"cwStateCd":"FIXED","ne_type":"TIME","cwSelIdx":[],"type":"ENTITY","keyword":"[2월]","e_type":"NEW"},{"st":270,"eIdx":13,"ancestor":"-2","en":274,"cwStateCd":"FIXED","ne_type":"TIME","cwSelIdx":[],"type":"ENTITY","keyword":"[17일]","e_type":"NEW"},{"st":276,"eIdx":14,"ancestor":"2-1","en":284,"cwStateCd":"FIXED","ne_type":"ORGANIZATION","cwSelIdx":1,"type":"ENTITY","keyword":"[카툰_네트워크]","e_type":"NEW"},{"st":297,"eIdx":15,"ancestor":"-2","en":309,"cwStateCd":"FIXED","ne_type":"ETC","cwSelIdx":[],"type":"ENTITY","keyword":"[홀_오브_게임_시상식]","e_type":"NEW"},{"st":354,"eIdx":16,"ancestor":"-2","en":363,"cwStateCd":"FIXED","ne_type":"ETC","cwSelIdx":[],"type":"ENTITY","keyword":"[TV-PG_등급]","e_type":"NEW"}],"wikiPageId":1251687,"pIdx":2,"text":"《[클라렌스는_엉뚱해!]》는 [카툰_네트워크]의 [스카일러_페이지]가 기획한 [미국]의 텔레비전 애니메이션이다. 《[어드벤처_타임]》의 스토리보드 작가이자 《[Secret_Mountain_Fort_Awesome]》의 스토리보드 편집자로 [카툰_네트워크]에서 근무했던 <스카일러_페이지>는 이 시리즈를 개발하기 위해 [2012년] [카툰_네트워크_스튜디오]에서 단편을 제작하였다. 이 작품은 낙관적인 사고를 지닌 어린 소년 <클래런스>의 이야기를 다루고 있다. [2014년] [2월] [17일] [카툰_네트워크]에서 개최하여 방송된 [홀_오브_게임_시상식](Hall of Game Awards)을 통해 이 작품의 파일럿이 공개되었고, [TV-PG_등급]을 받았다."}