{"result":[{"verbs":[],"text":"[필립_] (Philip \"Phil\" Collinson, [1970년] [8월_26일] ~)은 [영국]의 [텔레비전_프로듀서]이다."},{"verbs":[{"word_id":2,"ancestor":["1-0"],"verb":"활동","cwStateCd":"FIXED","cwSelIdx":0},{"word_id":4,"ancestor":["1-0"],"verb":"바꾸","cwStateCd":"FIXED","cwSelIdx":0},{"word_id":8,"ancestor":"-2","verb":"비롯하","cwStateCd":"FIXED","cwSelIdx":[]},{"word_id":16,"ancestor":["1-0"],"verb":"되","cwStateCd":"FIXED","cwSelIdx":0},{"word_id":20,"ancestor":["1-0"],"verb":"활동","cwStateCd":"FIXED","cwSelIdx":0}],"text":"처음엔 배우로 활동하다가 일을 바꾸어 [대본_편집자]와 《[스프링힐]》, 《[에머데일]》을 비롯한 프로그램 작가, 나중에는 《[피크_프랙티스]》, 《[닥터_후]》, 《[코로네이션_스트리트]》의 프로듀서가 되어 카메라 뒤 업계에서 활동해오고 있으며 그의 거주지는 [영국] [잉글랜드] [맨체스터]이다."}],"globalSId":[3481254,3481255],"entities":[{"st":0,"eIdx":0,"ancestor":"-1","en":4,"cwStateCd":"FIXED","ne_type":"PERSON","cwSelIdx":[],"type":"ENTITY","keyword":"[필립_]","e_type":"NEW"},{"st":32,"eIdx":1,"ancestor":"","en":39,"ne_type":"","keyword":"[1970년]","e_type":"WIKILINK"},{"st":40,"eIdx":2,"ancestor":"","en":48,"ne_type":"","keyword":"[8월_26일]","e_type":"WIKILINK"},{"st":53,"eIdx":3,"ancestor":"","en":57,"ne_type":"","keyword":"[영국]","e_type":"WIKILINK"},{"st":59,"eIdx":4,"ancestor":"","en":70,"ne_type":"","keyword":"[텔레비전_프로듀서]","e_type":"WIKILINK"},{"st":95,"eIdx":5,"ancestor":"","en":103,"ne_type":"","keyword":"[대본_편집자]","e_type":"WIKILINK"},{"st":106,"eIdx":6,"ancestor":"-1","en":110,"cwStateCd":"FIXED","ne_type":"ETC","cwSelIdx":[],"type":"ENTITY","keyword":"[스프링힐]","e_type":"NEW"},{"st":116,"eIdx":7,"ancestor":"","en":122,"ne_type":"","keyword":"[에머데일]","e_type":"WIKILINK"},{"st":144,"eIdx":8,"ancestor":"","en":153,"ne_type":"","keyword":"[피크_프랙티스]","e_type":"WIKILINK"},{"st":157,"eIdx":9,"ancestor":"","en":163,"ne_type":"","keyword":"[닥터_후]","e_type":"WIKILINK"},{"st":167,"eIdx":10,"ancestor":"","en":179,"ne_type":"","keyword":"[코로네이션_스트리트]","e_type":"WIKILINK"},{"st":220,"eIdx":11,"ancestor":"","en":224,"ne_type":"","keyword":"[영국]","e_type":"WIKILINK"},{"st":225,"eIdx":12,"ancestor":"","en":231,"ne_type":"","keyword":"[잉글랜드]","e_type":"WIKILINK"},{"st":232,"eIdx":13,"ancestor":"","en":238,"ne_type":"","keyword":"[맨체스터]","e_type":"WIKILINK"}],"wikiPageId":1237911,"pIdx":1,"text":"[필립_] (Philip \"Phil\" Collinson, [1970년] [8월_26일] ~)은 [영국]의 [텔레비전_프로듀서]이다. 처음엔 배우로 활동하다가 일을 바꾸어 [대본_편집자]와 《[스프링힐]》, 《[에머데일]》을 비롯한 프로그램 작가, 나중에는 《[피크_프랙티스]》, 《[닥터_후]》, 《[코로네이션_스트리트]》의 프로듀서가 되어 카메라 뒤 업계에서 활동해오고 있으며 그의 거주지는 [영국] [잉글랜드] [맨체스터]이다."}