{"result":[{"verbs":[{"word_id":4,"ancestor":["1-0"],"verb":"위치","cwStateCd":"FIXED","cwSelIdx":0}],"text":"<알가로보_(칠레)>()는 [칠레] [발파라이소_주] [산안토니오_현]에 위치한 도시로 면적은 175.6㎢, 높이는 13m, 인구는 10,217명(2012년 기준)이다."},{"verbs":[{"word_id":8,"ancestor":["1-0"],"verb":"여기","cwStateCd":"FIXED","cwSelIdx":0}],"text":"[칠레]의 대표적인 여름 휴양 도시 가운데 한 곳으로 여겨진다."}],"globalSId":[3604791,3604792],"entities":[{"st":0,"eIdx":0,"ancestor":"","en":11,"ne_type":"","keyword":"<알가로보_(칠레)>","e_type":"ELU"},{"st":15,"eIdx":1,"ancestor":"","en":19,"ne_type":"","keyword":"[칠레]","e_type":"WIKILINK"},{"st":20,"eIdx":2,"ancestor":"","en":29,"ne_type":"","keyword":"[발파라이소_주]","e_type":"WIKILINK"},{"st":30,"eIdx":3,"ancestor":"","en":39,"ne_type":"","keyword":"[산안토니오_현]","e_type":"WIKILINK"},{"st":95,"eIdx":4,"ancestor":"1-1","en":98,"cwStateCd":"FIXED","ne_type":"LOCATION","cwSelIdx":1,"type":"ENTITY","keyword":"[칠레]","e_type":"NEW"}],"wikiPageId":1336176,"pIdx":1,"text":"<알가로보_(칠레)>()는 [칠레] [발파라이소_주] [산안토니오_현]에 위치한 도시로 면적은 175.6㎢, 높이는 13m, 인구는 10,217명(2012년 기준)이다. [칠레]의 대표적인 여름 휴양 도시 가운데 한 곳으로 여겨진다."}