{"result":[{"verbs":[{"word_id":4,"ancestor":["1-0"],"verb":"되","cwStateCd":"FIXED","cwSelIdx":0},{"word_id":10,"ancestor":["1-0"],"verb":"되","cwStateCd":"FIXED","cwSelIdx":0}],"text":"[1924년] [12월_16일] [임시정부] 내무총장이 되었으며, [1925년] [10월]에는 국무위원 겸 재무부장이 됐다."},{"verbs":[{"word_id":9,"ancestor":["1-0"],"verb":"조직","cwStateCd":"FIXED","cwSelIdx":0},{"word_id":10,"ancestor":["1-0"],"verb":"참여","cwStateCd":"FIXED","cwSelIdx":0},{"word_id":13,"ancestor":["1-0"],"verb":"피선","cwStateCd":"FIXED","cwSelIdx":0}],"text":"[1930년] [1월] [독립투쟁전선통일]을 목표로 [김구]·[조완구] 등과 함께 [한국독립당](韓國獨立黨)을 창당, 조직하는데 참여하였고 [한독당] 총무이사로 피선되었다."},{"verbs":[{"word_id":14,"ancestor":["1-0"],"verb":"선고","cwStateCd":"FIXED","cwSelIdx":0}],"text":"<이봉창>, [윤봉길] 거사 이후[1933년] [3월] [상하이]에서 일본영사관 경찰에게 체포되어 <한반도>로 송환, [신의주지방법원]에서 징역 3년형을 선고받았다."}],"globalSId":[1523341,1523342,1523343],"entities":[{"st":0,"eIdx":0,"ancestor":"","en":7,"ne_type":"","keyword":"[1924년]","e_type":"WIKILINK"},{"st":8,"eIdx":1,"ancestor":"","en":17,"ne_type":"","keyword":"[12월_16일]","e_type":"WIKILINK"},{"st":18,"eIdx":2,"ancestor":"","en":24,"ne_type":"","keyword":"[임시정부]","e_type":"WIKILINK"},{"st":37,"eIdx":3,"ancestor":"","en":44,"ne_type":"","keyword":"[1925년]","e_type":"WIKILINK"},{"st":45,"eIdx":4,"ancestor":"","en":50,"ne_type":"","keyword":"[10월]","e_type":"WIKILINK"},{"st":70,"eIdx":5,"ancestor":"","en":77,"ne_type":"","keyword":"[1930년]","e_type":"WIKILINK"},{"st":78,"eIdx":6,"ancestor":"-2","en":81,"cwStateCd":"FIXED","ne_type":"TIME","cwSelIdx":[],"type":"ENTITY","keyword":"[1월]","e_type":"NEW"},{"st":83,"eIdx":7,"ancestor":"-2","en":92,"cwStateCd":"FIXED","ne_type":"ETC","cwSelIdx":[],"type":"ENTITY","keyword":"[독립투쟁전선통일]","e_type":"NEW"},{"st":99,"eIdx":8,"ancestor":"","en":103,"ne_type":"","keyword":"[김구]","e_type":"WIKILINK"},{"st":104,"eIdx":9,"ancestor":"","en":109,"ne_type":"","keyword":"[조완구]","e_type":"WIKILINK"},{"st":116,"eIdx":10,"ancestor":"","en":123,"ne_type":"","keyword":"[한국독립당]","e_type":"WIKILINK"},{"st":148,"eIdx":11,"ancestor":"7-10","en":152,"cwStateCd":"FIXED","ne_type":"ORGANIZATION","cwSelIdx":18,"type":"ENTITY","keyword":"[한독당]","e_type":"NEW"},{"st":167,"eIdx":12,"ancestor":"","en":172,"ne_type":"","keyword":"<이봉창>","e_type":"ELU"},{"st":174,"eIdx":13,"ancestor":"-2","en":178,"cwStateCd":"FIXED","ne_type":"PERSON","cwSelIdx":[],"type":"ENTITY","keyword":"[윤봉길]","e_type":"NEW"},{"st":185,"eIdx":14,"ancestor":"","en":192,"ne_type":"","keyword":"[1933년]","e_type":"WIKILINK"},{"st":193,"eIdx":15,"ancestor":"","en":197,"ne_type":"","keyword":"[3월]","e_type":"WIKILINK"},{"st":198,"eIdx":16,"ancestor":"","en":203,"ne_type":"","keyword":"[상하이]","e_type":"WIKILINK"},{"st":222,"eIdx":17,"ancestor":"","en":227,"ne_type":"","keyword":"<한반도>","e_type":"ELU"},{"st":233,"eIdx":18,"ancestor":"-2","en":241,"cwStateCd":"FIXED","ne_type":"ORGANIZATION","cwSelIdx":[],"type":"ENTITY","keyword":"[신의주지방법원]","e_type":"NEW"}],"wikiPageId":269393,"pIdx":7,"text":"[1924년] [12월_16일] [임시정부] 내무총장이 되었으며, [1925년] [10월]에는 국무위원 겸 재무부장이 됐다. [1930년] [1월] [독립투쟁전선통일]을 목표로 [김구]·[조완구] 등과 함께 [한국독립당](韓國獨立黨)을 창당, 조직하는데 참여하였고 [한독당] 총무이사로 피선되었다. <이봉창>, [윤봉길] 거사 이후[1933년] [3월] [상하이]에서 일본영사관 경찰에게 체포되어 <한반도>로 송환, [신의주지방법원]에서 징역 3년형을 선고받았다."}