{"result":[{"verbs":[{"word_id":6,"ancestor":["1-0"],"verb":"잇","cwStateCd":"FIXED","cwSelIdx":0},{"word_id":12,"ancestor":["1-0"],"verb":"불리","cwStateCd":"FIXED","cwSelIdx":0}],"text":"[니시시기코사쿠_선]()은 [일본] [오사카_부] [야오_시]의 [시기산구치_역]부터 [다카야스야마_역]을 잇는 [긴키_닛폰_철도]의 강삭 철도 노선이며, [니시시기_케이블]로 불린다."}],"globalSId":[2830555],"entities":[{"st":0,"eIdx":0,"ancestor":"-2","en":10,"cwStateCd":"FIXED","ne_type":"ETC","cwSelIdx":[],"type":"ENTITY","keyword":"[니시시기코사쿠_선]","e_type":"NEW"},{"st":15,"eIdx":1,"ancestor":"","en":19,"ne_type":"","keyword":"[일본]","e_type":"WIKILINK"},{"st":20,"eIdx":2,"ancestor":"","en":27,"ne_type":"","keyword":"[오사카_부]","e_type":"WIKILINK"},{"st":28,"eIdx":3,"ancestor":"","en":34,"ne_type":"","keyword":"[야오_시]","e_type":"WIKILINK"},{"st":36,"eIdx":4,"ancestor":"","en":45,"ne_type":"","keyword":"[시기산구치_역]","e_type":"WIKILINK"},{"st":48,"eIdx":5,"ancestor":"","en":58,"ne_type":"","keyword":"[다카야스야마_역]","e_type":"WIKILINK"},{"st":63,"eIdx":6,"ancestor":"","en":73,"ne_type":"","keyword":"[긴키_닛폰_철도]","e_type":"WIKILINK"},{"st":87,"eIdx":7,"ancestor":"1-0","en":96,"cwStateCd":"FIXED","ne_type":"ETC","cwSelIdx":0,"type":"ENTITY","keyword":"[니시시기_케이블]","e_type":"NEW"}],"wikiPageId":807965,"pIdx":1,"text":"[니시시기코사쿠_선]()은 [일본] [오사카_부] [야오_시]의 [시기산구치_역]부터 [다카야스야마_역]을 잇는 [긴키_닛폰_철도]의 강삭 철도 노선이며, [니시시기_케이블]로 불린다."}