{"result":[{"verbs":[{"word_id":3,"ancestor":["1-0"],"verb":"위치","cwStateCd":"FIXED","cwSelIdx":0}],"text":"<피로트>()는 [세르비아] 남동부에 위치한 도시로, [피로트_구]의 행정 중심지이며 면적은 1,232㎢, 인구는 63,791명([2002년] 기준)이다."}],"globalSId":[2687870],"entities":[{"st":0,"eIdx":0,"ancestor":"","en":5,"ne_type":"","keyword":"<피로트>","e_type":"ELU"},{"st":9,"eIdx":1,"ancestor":"","en":15,"ne_type":"","keyword":"[세르비아]","e_type":"WIKILINK"},{"st":30,"eIdx":2,"ancestor":"","en":37,"ne_type":"","keyword":"[피로트_구]","e_type":"WIKILINK"},{"st":72,"eIdx":3,"ancestor":"-1","en":70,"cwStateCd":"FIXED","ne_type":"TIME","cwSelIdx":[],"type":"ENTITY","keyword":"[2002년]","e_type":"NEW"}],"wikiPageId":737302,"pIdx":1,"text":"<피로트>()는 [세르비아] 남동부에 위치한 도시로, [피로트_구]의 행정 중심지이며 면적은 1,232㎢, 인구는 63,791명([2002년] 기준)이다."}