{"result":[{"verbs":[{"word_id":15,"ancestor":["1-0"],"verb":"활약","cwStateCd":"FIXED","cwSelIdx":0}],"text":"<막심_칼리니첸코> (, [1979년] [1월_26일], [소련] [우크라이나_소비에트_사회주의_공화국] [하르키우] ~ )는 [우크라이나]의 축구 선수로, 현재 [타브리야_심페로폴] 소속으로 활약하고 있다."},{"verbs":[{"word_id":17,"ancestor":"-1","verb":"확정","cwStateCd":"FIXED","cwSelIdx":[]},{"word_id":19,"ancestor":["1-0"],"verb":"넣","cwStateCd":"FIXED","cwSelIdx":0},{"word_id":24,"ancestor":["1-0"],"verb":"선정","cwStateCd":"FIXED","cwSelIdx":0}],"text":"그는 [2006_FIFA_월드컵] 당시 [사우디아라비아_축구_국가대표팀]와의 조별 예선 두 번째 경기에서 [우크라이나_축구_국가대표팀]의 [FIFA_월드컵] 본선 4번째 골이자, <우크라이나>의 4-0 완승을 확정짓는 골을 넣었고, 그 경기의 최우수 선수로 선정되었다."}],"globalSId":[940831,940832],"entities":[{"st":0,"eIdx":0,"ancestor":"","en":10,"ne_type":"","keyword":"<막심_칼리니첸코>","e_type":"ELU"},{"st":14,"eIdx":1,"ancestor":"","en":21,"ne_type":"","keyword":"[1979년]","e_type":"WIKILINK"},{"st":22,"eIdx":2,"ancestor":"","en":30,"ne_type":"","keyword":"[1월_26일]","e_type":"WIKILINK"},{"st":32,"eIdx":3,"ancestor":"","en":36,"ne_type":"","keyword":"[소련]","e_type":"WIKILINK"},{"st":37,"eIdx":4,"ancestor":"","en":58,"ne_type":"","keyword":"[우크라이나_소비에트_사회주의_공화국]","e_type":"WIKILINK"},{"st":59,"eIdx":5,"ancestor":"","en":65,"ne_type":"","keyword":"[하르키우]","e_type":"WIKILINK"},{"st":71,"eIdx":6,"ancestor":"","en":78,"ne_type":"","keyword":"[우크라이나]","e_type":"WIKILINK"},{"st":91,"eIdx":7,"ancestor":"-2","en":101,"cwStateCd":"FIXED","ne_type":"ORGANIZATION","cwSelIdx":[],"type":"ENTITY","keyword":"[타브리야_심페로폴]","e_type":"NEW"},{"st":120,"eIdx":8,"ancestor":"","en":135,"ne_type":"","keyword":"[2006_FIFA_월드컵]","e_type":"WIKILINK"},{"st":139,"eIdx":9,"ancestor":"","en":157,"ne_type":"","keyword":"[사우디아라비아_축구_국가대표팀]","e_type":"WIKILINK"},{"st":176,"eIdx":10,"ancestor":"","en":192,"ne_type":"","keyword":"[우크라이나_축구_국가대표팀]","e_type":"WIKILINK"},{"st":194,"eIdx":11,"ancestor":"","en":204,"ne_type":"","keyword":"[FIFA_월드컵]","e_type":"WIKILINK"},{"st":217,"eIdx":12,"ancestor":"","en":224,"ne_type":"","keyword":"<우크라이나>","e_type":"ELU"}],"wikiPageId":130040,"pIdx":1,"text":"<막심_칼리니첸코> (, [1979년] [1월_26일], [소련] [우크라이나_소비에트_사회주의_공화국] [하르키우] ~ )는 [우크라이나]의 축구 선수로, 현재 [타브리야_심페로폴] 소속으로 활약하고 있다. 그는 [2006_FIFA_월드컵] 당시 [사우디아라비아_축구_국가대표팀]와의 조별 예선 두 번째 경기에서 [우크라이나_축구_국가대표팀]의 [FIFA_월드컵] 본선 4번째 골이자, <우크라이나>의 4-0 완승을 확정짓는 골을 넣었고, 그 경기의 최우수 선수로 선정되었다."}