{"result":[{"verbs":[{"word_id":11,"ancestor":["1-0"],"verb":"설립","cwStateCd":"FIXED","cwSelIdx":0},{"word_id":23,"ancestor":["1-0"],"verb":"구축","cwStateCd":"FIXED","cwSelIdx":0},{"word_id":25,"ancestor":"-1","verb":"관","cwStateCd":"FIXED","cwSelIdx":[]},{"word_id":27,"ancestor":["1-0"],"verb":"촉진","cwStateCd":"FIXED","cwSelIdx":0},{"word_id":33,"ancestor":["1-0"],"verb":"이바지","cwStateCd":"FIXED","cwSelIdx":0},{"word_id":36,"ancestor":["1-0"],"verb":"기여","cwStateCd":"FIXED","cwSelIdx":0},{"word_id":38,"ancestor":"-1","verb":"하","cwStateCd":"FIXED","cwSelIdx":[]}],"text":"<한국로봇융합연구원>(Korea Institute of Robot and Convergence ; KIRO)은 [산업기술혁신촉진법] 제42조에 의거 설립된 전문생산기술연구소로서 산 · 학 · 연 · 관의 유기적인 협조 체제를 구축하여 로봇융합산업에 관한 연구개발을 촉진하고 연구인력 양성 및 기술력 향상에 이바지하여 국가경제 발전에 기여함을 목적으로 한다."},{"verbs":[{"word_id":9,"ancestor":["1-0"],"verb":"위치","cwStateCd":"FIXED","cwSelIdx":0}],"text":"[경상북도] [포항시] [남구_(포항시)] 지곡로 39 (효자동 산31) [포항공과대학교] 내에 위치하고 있다."}],"globalSId":[3112309,3112310],"entities":[{"st":0,"eIdx":0,"ancestor":"","en":11,"ne_type":"","keyword":"<한국로봇융합연구원>","e_type":"ELU"},{"st":62,"eIdx":1,"ancestor":"-2","en":72,"cwStateCd":"FIXED","ne_type":"ETC","cwSelIdx":[],"type":"ENTITY","keyword":"[산업기술혁신촉진법]","e_type":"NEW"},{"st":200,"eIdx":2,"ancestor":"","en":206,"ne_type":"","keyword":"[경상북도]","e_type":"WIKILINK"},{"st":207,"eIdx":3,"ancestor":"","en":212,"ne_type":"","keyword":"[포항시]","e_type":"WIKILINK"},{"st":213,"eIdx":4,"ancestor":"","en":223,"ne_type":"","keyword":"[남구_(포항시)]","e_type":"WIKILINK"},{"st":241,"eIdx":5,"ancestor":"","en":250,"ne_type":"","keyword":"[포항공과대학교]","e_type":"WIKILINK"}],"wikiPageId":963125,"pIdx":1,"text":"<한국로봇융합연구원>(Korea Institute of Robot and Convergence ; KIRO)은 [산업기술혁신촉진법] 제42조에 의거 설립된 전문생산기술연구소로서 산 · 학 · 연 · 관의 유기적인 협조 체제를 구축하여 로봇융합산업에 관한 연구개발을 촉진하고 연구인력 양성 및 기술력 향상에 이바지하여 국가경제 발전에 기여함을 목적으로 한다. [경상북도] [포항시] [남구_(포항시)] 지곡로 39 (효자동 산31) [포항공과대학교] 내에 위치하고 있다."}