{"result":[{"verbs":[{"word_id":5,"ancestor":["1-0"],"verb":"역임","cwStateCd":"FIXED","cwSelIdx":0},{"word_id":9,"ancestor":["1-0"],"verb":"추방","cwStateCd":"FIXED","cwSelIdx":0},{"word_id":14,"ancestor":["1-0"],"verb":"확보","cwStateCd":"FIXED","cwSelIdx":0}],"text":"이후 보안관 총리와 [아프가니스탄_인민_민주당]의 사무총장을 역임했으며 여러 유럽 대사들을 추방하고 <아프가니스탄> 내의 정치 권력을 확보했다."},{"verbs":[{"word_id":2,"ancestor":"-2","verb":"오르","cwStateCd":"FIXED","cwSelIdx":[]},{"word_id":6,"ancestor":["1-0"],"verb":"일으키","cwStateCd":"FIXED","cwSelIdx":0},{"word_id":11,"ancestor":["1-0"],"verb":"모의","cwStateCd":"FIXED","cwSelIdx":0},{"word_id":15,"ancestor":["1-0"],"verb":"일으키","cwStateCd":"FIXED","cwSelIdx":0},{"word_id":17,"ancestor":["1-0"],"verb":"살해","cwStateCd":"FIXED","cwSelIdx":0},{"word_id":19,"ancestor":["1-0"],"verb":"위장","cwStateCd":"FIXED","cwSelIdx":0},{"word_id":20,"ancestor":["1-0"],"verb":"발표","cwStateCd":"FIXED","cwSelIdx":0}],"text":"하지만 대통령에 오른 [타라키]와 정치적 갈등을 일으키다가 [소련]의 지도자 [레오니트_브레즈네프]와 비밀리에 모의해 [1979년] [9월_16일] 쿠데타를 일으켜 [타라키]를 살해하고 병사로 위장해 발표했다."}],"globalSId":[2233937,2233938],"entities":[{"st":11,"eIdx":0,"ancestor":"","en":26,"ne_type":"","keyword":"[아프가니스탄_인민_민주당]","e_type":"WIKILINK"},{"st":56,"eIdx":1,"ancestor":"","en":64,"ne_type":"","keyword":"<아프가니스탄>","e_type":"ELU"},{"st":93,"eIdx":2,"ancestor":"-2","en":97,"cwStateCd":"FIXED","ne_type":"PERSON","cwSelIdx":[],"type":"ENTITY","keyword":"[타라키]","e_type":"NEW"},{"st":114,"eIdx":3,"ancestor":"","en":118,"ne_type":"","keyword":"[소련]","e_type":"WIKILINK"},{"st":124,"eIdx":4,"ancestor":"","en":136,"ne_type":"","keyword":"[레오니트_브레즈네프]","e_type":"WIKILINK"},{"st":147,"eIdx":5,"ancestor":"","en":154,"ne_type":"","keyword":"[1979년]","e_type":"WIKILINK"},{"st":155,"eIdx":6,"ancestor":"","en":163,"ne_type":"","keyword":"[9월_16일]","e_type":"WIKILINK"},{"st":173,"eIdx":7,"ancestor":"3-2","en":177,"cwStateCd":"FIXED","ne_type":"PERSON","cwSelIdx":18,"type":"ENTITY","keyword":"[타라키]","e_type":"NEW"}],"wikiPageId":522615,"pIdx":3,"text":"이후 보안관 총리와 [아프가니스탄_인민_민주당]의 사무총장을 역임했으며 여러 유럽 대사들을 추방하고 <아프가니스탄> 내의 정치 권력을 확보했다. 하지만 대통령에 오른 [타라키]와 정치적 갈등을 일으키다가 [소련]의 지도자 [레오니트_브레즈네프]와 비밀리에 모의해 [1979년] [9월_16일] 쿠데타를 일으켜 [타라키]를 살해하고 병사로 위장해 발표했다."}