{"result":[{"verbs":[{"word_id":2,"ancestor":["1-0"],"verb":"급제","cwStateCd":"FIXED","cwSelIdx":0},{"word_id":4,"ancestor":["1-0"],"verb":"거치","cwStateCd":"FIXED","cwSelIdx":0},{"word_id":6,"ancestor":["1-0"],"verb":"이르","cwStateCd":"FIXED","cwSelIdx":0}],"text":"[1615년] [관무재](觀武才)에 급제하고 [고산리첨사](高山里僉使)를 거쳐 [창성방어사]에 이르렀다."},{"verbs":[{"word_id":5,"ancestor":["1-0"],"verb":"돕","cwStateCd":"FIXED","cwSelIdx":0},{"word_id":7,"ancestor":["1-0"],"verb":"평정","cwStateCd":"FIXED","cwSelIdx":0},{"word_id":9,"ancestor":["1-0"],"verb":"책록","cwStateCd":"FIXED","cwSelIdx":0},{"word_id":11,"ancestor":["1-0"],"verb":"봉","cwStateCd":"FIXED","cwSelIdx":0}],"text":"[1624년] [이괄의_난] 중 [도원수] [장만]을 도와 반란을 평정하여 [진무공신]에 책록되고 <학성군>에 봉해졌다."}],"globalSId":[824027,824028],"entities":[{"st":0,"eIdx":0,"ancestor":"","en":7,"ne_type":"","keyword":"[1615년]","e_type":"WIKILINK"},{"st":8,"eIdx":1,"ancestor":"-2","en":12,"cwStateCd":"FIXED","ne_type":"ETC","cwSelIdx":[],"type":"ENTITY","keyword":"[관무재]","e_type":"NEW"},{"st":25,"eIdx":2,"ancestor":"-2","en":31,"cwStateCd":"FIXED","ne_type":"ETC","cwSelIdx":[],"type":"ENTITY","keyword":"[고산리첨사]","e_type":"NEW"},{"st":44,"eIdx":3,"ancestor":"-2","en":50,"cwStateCd":"FIXED","ne_type":"ETC","cwSelIdx":[],"type":"ENTITY","keyword":"[창성방어사]","e_type":"NEW"},{"st":59,"eIdx":4,"ancestor":"","en":66,"ne_type":"","keyword":"[1624년]","e_type":"WIKILINK"},{"st":67,"eIdx":5,"ancestor":"","en":74,"ne_type":"","keyword":"[이괄의_난]","e_type":"WIKILINK"},{"st":77,"eIdx":6,"ancestor":"","en":82,"ne_type":"","keyword":"[도원수]","e_type":"WIKILINK"},{"st":83,"eIdx":7,"ancestor":"","en":87,"ne_type":"","keyword":"[장만]","e_type":"WIKILINK"},{"st":101,"eIdx":8,"ancestor":"","en":107,"ne_type":"","keyword":"[진무공신]","e_type":"WIKILINK"},{"st":114,"eIdx":9,"ancestor":"","en":119,"ne_type":"","keyword":"<학성군>","e_type":"ELU"}],"wikiPageId":111611,"pIdx":4,"text":"[1615년] [관무재](觀武才)에 급제하고 [고산리첨사](高山里僉使)를 거쳐 [창성방어사]에 이르렀다. [1624년] [이괄의_난] 중 [도원수] [장만]을 도와 반란을 평정하여 [진무공신]에 책록되고 <학성군>에 봉해졌다."}