{"result":[{"verbs":[{"word_id":3,"ancestor":["1-0"],"verb":"위치","cwStateCd":"FIXED","cwSelIdx":0}],"text":"<엘타르프_주>()는 [알제리] 북동부에 위치한 주로, 주도는 [엘타르프]이며 면적은 3,339㎢, 인구는 411,783명([2008년] 기준)이다."}],"globalSId":[2493746],"entities":[{"st":0,"eIdx":0,"ancestor":"","en":8,"ne_type":"","keyword":"<엘타르프_주>","e_type":"ELU"},{"st":12,"eIdx":1,"ancestor":"","en":17,"ne_type":"","keyword":"[알제리]","e_type":"WIKILINK"},{"st":35,"eIdx":2,"ancestor":"","en":41,"ne_type":"","keyword":"[엘타르프]","e_type":"WIKILINK"},{"st":69,"eIdx":3,"ancestor":"-2","en":66,"cwStateCd":"FIXED","ne_type":"TIME","cwSelIdx":[],"type":"ENTITY","keyword":"[2008년]","e_type":"NEW"}],"wikiPageId":644627,"pIdx":1,"text":"<엘타르프_주>()는 [알제리] 북동부에 위치한 주로, 주도는 [엘타르프]이며 면적은 3,339㎢, 인구는 411,783명([2008년] 기준)이다."}