{"result":[{"verbs":[],"text":"설립 경과."},{"verbs":[{"word_id":5,"ancestor":["6-2"],"verb":"기념","cwStateCd":"FIXED","cwSelIdx":4},{"word_id":11,"ancestor":["6-2"],"verb":"작성","cwStateCd":"FIXED","cwSelIdx":4},{"word_id":19,"ancestor":"-2","verb":"발전","cwStateCd":"FIXED","cwSelIdx":[]},{"word_id":25,"ancestor":"-2","verb":"하","cwStateCd":"FIXED","cwSelIdx":[]},{"word_id":31,"ancestor":"-2","verb":"제기","cwStateCd":"FIXED","cwSelIdx":[]}],"text":"[1978년] [12월] [한국교육개발원]이 한국교육 30년을 기념하여 각계의 여론과 학자들의 연구를 토대로 작성한 《교육발전의 전망과 과제》 보고서에서 \u2018[교육대학]과 [사범대학]을 통합 발전시켜 정예 교원양성과 교육연구의 중심적 역할을 할 수 있는 종합교원교육기관\u2019의 설립 필요성을 제기하였다."},{"verbs":[{"word_id":14,"ancestor":"-2","verb":"건의","cwStateCd":"FIXED","cwSelIdx":[]}],"text":"[1980년] [12월]에는 대통령 산하 특수자문기관인 [경제과학심의회의]에서 [프랑스]의 [고등사범학교](?cole normale sup?rieure)를 모델로 하는 국립사범대학교의 설립이 건의되었다."},{"verbs":[{"word_id":1,"ancestor":"-2","verb":"관련","cwStateCd":"FIXED","cwSelIdx":[]},{"word_id":5,"ancestor":"-1","verb":"열리","cwStateCd":"FIXED","cwSelIdx":[]},{"word_id":14,"ancestor":["6-10"],"verb":"제안","cwStateCd":"FIXED","cwSelIdx":51},{"word_id":16,"ancestor":"-1","verb":"이러하","cwStateCd":"FIXED","cwSelIdx":[]},{"word_id":18,"ancestor":"-1","verb":"같","cwStateCd":"FIXED","cwSelIdx":[]}],"text":"이와 관련해 [한국교육개발원]이 [1981년] [6월] 열린 《교원인사제도의 개선방향 탐색을 위한 세미나》에서 \u2018[교원교육종합대학교](가칭)\u2019의 설립을 정식으로 제안하였고, 정부는 이러한 구상을 같은 해 [12월] [대한민국의_경제_개발_5개년_계획#제5차] 교육 부문에 반영하였다."}],"globalSId":[1086471,1086472,1086473,1086474],"entities":[{"st":7,"eIdx":0,"ancestor":"-2","en":13,"cwStateCd":"FIXED","ne_type":"TIME","cwSelIdx":[],"type":"ENTITY","keyword":"[1978년]","e_type":"NEW"},{"st":15,"eIdx":1,"ancestor":"-2","en":19,"cwStateCd":"FIXED","ne_type":"TIME","cwSelIdx":[],"type":"ENTITY","keyword":"[12월]","e_type":"NEW"},{"st":21,"eIdx":2,"ancestor":"","en":30,"ne_type":"","keyword":"[한국교육개발원]","e_type":"WIKILINK"},{"st":94,"eIdx":3,"ancestor":"","en":100,"ne_type":"","keyword":"[교육대학]","e_type":"WIKILINK"},{"st":102,"eIdx":4,"ancestor":"","en":108,"ne_type":"","keyword":"[사범대학]","e_type":"WIKILINK"},{"st":174,"eIdx":5,"ancestor":"-2","en":180,"cwStateCd":"FIXED","ne_type":"TIME","cwSelIdx":[],"type":"ENTITY","keyword":"[1980년]","e_type":"NEW"},{"st":182,"eIdx":6,"ancestor":"6-1","en":186,"cwStateCd":"FIXED","ne_type":"TIME","cwSelIdx":3,"type":"ENTITY","keyword":"[12월]","e_type":"NEW"},{"st":205,"eIdx":7,"ancestor":"-2","en":214,"cwStateCd":"FIXED","ne_type":"ORGANIZATION","cwSelIdx":[],"type":"ENTITY","keyword":"[경제과학심의회의]","e_type":"NEW"},{"st":218,"eIdx":8,"ancestor":"","en":223,"ne_type":"","keyword":"[프랑스]","e_type":"WIKILINK"},{"st":225,"eIdx":9,"ancestor":"","en":233,"ne_type":"","keyword":"[고등사범학교]","e_type":"WIKILINK"},{"st":295,"eIdx":10,"ancestor":"","en":304,"ne_type":"","keyword":"[한국교육개발원]","e_type":"WIKILINK"},{"st":306,"eIdx":11,"ancestor":"-2","en":312,"cwStateCd":"FIXED","ne_type":"TIME","cwSelIdx":[],"type":"ENTITY","keyword":"[1981년]","e_type":"NEW"},{"st":314,"eIdx":12,"ancestor":"-2","en":317,"cwStateCd":"FIXED","ne_type":"TIME","cwSelIdx":[],"type":"ENTITY","keyword":"[6월]","e_type":"NEW"},{"st":351,"eIdx":13,"ancestor":"-2","en":360,"cwStateCd":"FIXED","ne_type":"LOCATION","cwSelIdx":[],"type":"ENTITY","keyword":"[교원교육종합대학교]","e_type":"NEW"},{"st":402,"eIdx":14,"ancestor":"6-6","en":406,"cwStateCd":"FIXED","ne_type":"TIME","cwSelIdx":35,"type":"ENTITY","keyword":"[12월]","e_type":"NEW"},{"st":408,"eIdx":15,"ancestor":"","en":432,"ne_type":"","keyword":"[대한민국의_경제_개발_5개년_계획#제5차]","e_type":"WIKILINK"}],"wikiPageId":161140,"pIdx":6,"text":"설립 경과. [1978년] [12월] [한국교육개발원]이 한국교육 30년을 기념하여 각계의 여론과 학자들의 연구를 토대로 작성한 《교육발전의 전망과 과제》 보고서에서 \u2018[교육대학]과 [사범대학]을 통합 발전시켜 정예 교원양성과 교육연구의 중심적 역할을 할 수 있는 종합교원교육기관\u2019의 설립 필요성을 제기하였다. [1980년] [12월]에는 대통령 산하 특수자문기관인 [경제과학심의회의]에서 [프랑스]의 [고등사범학교](?cole normale sup?rieure)를 모델로 하는 국립사범대학교의 설립이 건의되었다. 이와 관련해 [한국교육개발원]이 [1981년] [6월] 열린 《교원인사제도의 개선방향 탐색을 위한 세미나》에서 \u2018[교원교육종합대학교](가칭)\u2019의 설립을 정식으로 제안하였고, 정부는 이러한 구상을 같은 해 [12월] [대한민국의_경제_개발_5개년_계획#제5차] 교육 부문에 반영하였다."}