{"result":[{"verbs":[{"word_id":4,"ancestor":["1-0"],"verb":"위치","cwStateCd":"FIXED","cwSelIdx":0}],"text":"<아콩카과_산>()은 [아르헨티나] 서쪽 [멘도사_주]에 위치한 [산]이다."},{"verbs":[{"word_id":6,"ancestor":["1-0"],"verb":"떨어지","cwStateCd":"FIXED","cwSelIdx":0},{"word_id":13,"ancestor":["1-0"],"verb":"위치","cwStateCd":"FIXED","cwSelIdx":0}],"text":"[산후안_주_(아르헨티나)]에서 5km, [칠레]와의 국경에서 15 km 떨어져 있으며, [멘도사_(아르헨티나)]시에선 북서쪽으로 112 km 지점에 위치해 있다."},{"verbs":[{"word_id":5,"ancestor":"-2","verb":"높","cwStateCd":"FIXED","cwSelIdx":[]},{"word_id":7,"ancestor":"-2","verb":"제외","cwStateCd":"FIXED","cwSelIdx":[]},{"word_id":13,"ancestor":"-2","verb":"높","cwStateCd":"FIXED","cwSelIdx":[]}],"text":"[안데스_산맥]의 최고봉으로써 [남아메리카] 대륙에서 가장 높으며, [아시아]를 제외한 모든 대륙의 산 중에서 가장 높다."},{"verbs":[{"word_id":1,"ancestor":"-2","verb":"거대","cwStateCd":"FIXED","cwSelIdx":[]}],"text":"하나의 거대한 바위덩어리로 이뤄져 있다."}],"globalSId":[1052831,1052832,1052833,1052834],"entities":[{"st":0,"eIdx":0,"ancestor":"","en":8,"ne_type":"","keyword":"<아콩카과_산>","e_type":"ELU"},{"st":12,"eIdx":1,"ancestor":"","en":19,"ne_type":"","keyword":"[아르헨티나]","e_type":"WIKILINK"},{"st":23,"eIdx":2,"ancestor":"","en":30,"ne_type":"","keyword":"[멘도사_주]","e_type":"WIKILINK"},{"st":36,"eIdx":3,"ancestor":"","en":39,"ne_type":"","keyword":"[산]","e_type":"WIKILINK"},{"st":43,"eIdx":4,"ancestor":"","en":58,"ne_type":"","keyword":"[산후안_주_(아르헨티나)]","e_type":"WIKILINK"},{"st":66,"eIdx":5,"ancestor":"","en":70,"ne_type":"","keyword":"[칠레]","e_type":"WIKILINK"},{"st":93,"eIdx":6,"ancestor":"","en":106,"ne_type":"","keyword":"[멘도사_(아르헨티나)]","e_type":"WIKILINK"},{"st":135,"eIdx":7,"ancestor":"","en":143,"ne_type":"","keyword":"[안데스_산맥]","e_type":"WIKILINK"},{"st":152,"eIdx":8,"ancestor":"","en":159,"ne_type":"","keyword":"[남아메리카]","e_type":"WIKILINK"},{"st":173,"eIdx":9,"ancestor":"","en":178,"ne_type":"","keyword":"[아시아]","e_type":"WIKILINK"}],"wikiPageId":155111,"pIdx":1,"text":"<아콩카과_산>()은 [아르헨티나] 서쪽 [멘도사_주]에 위치한 [산]이다. [산후안_주_(아르헨티나)]에서 5km, [칠레]와의 국경에서 15 km 떨어져 있으며, [멘도사_(아르헨티나)]시에선 북서쪽으로 112 km 지점에 위치해 있다. [안데스_산맥]의 최고봉으로써 [남아메리카] 대륙에서 가장 높으며, [아시아]를 제외한 모든 대륙의 산 중에서 가장 높다. 하나의 거대한 바위덩어리로 이뤄져 있다."}