{"result":[{"verbs":[{"word_id":4,"ancestor":"-2","verb":"앞두","cwStateCd":"FIXED","cwSelIdx":[]},{"word_id":10,"ancestor":"-2","verb":"진행","cwStateCd":"FIXED","cwSelIdx":[]}],"text":"[2016년_하계_올림픽] 성화 봉송은 [2016년_하계_올림픽]을 앞두고 [2016년] [4월] [21]부터 [8월] [5일]까지 진행하는 성화 릴레이이다."},{"verbs":[{"word_id":2,"ancestor":"-2","verb":"점화","cwStateCd":"FIXED","cwSelIdx":[]},{"word_id":8,"ancestor":"-2","verb":"도착","cwStateCd":"FIXED","cwSelIdx":[]}],"text":"[그리스]의 [올림피아_(그리스)]에서 점화된 이후, [4월] [27일]에 [아테네]에 성화가 도착하였다."},{"verbs":[{"word_id":7,"ancestor":"-2","verb":"거치","cwStateCd":"FIXED","cwSelIdx":[]},{"word_id":13,"ancestor":["1-15"],"verb":"포함","cwStateCd":"FIXED","cwSelIdx":34}],"text":"[5월] [3일]부터 <브라질> 내의 300개 이상의 도시를 거치며, 그 중에는 26개의 주도와 [연방구_(브라질)]도 포함되어 있다."},{"verbs":[{"word_id":7,"ancestor":"-2","verb":"시작","cwStateCd":"FIXED","cwSelIdx":[]},{"word_id":13,"ancestor":"-2","verb":"끝나","cwStateCd":"FIXED","cwSelIdx":[]}],"text":"<브라질> 내에서는 <브라질>의 수도인 [브라질리아]에서 처음으로 봉송이 시작되며, [2016년_하계_올림픽]의 주 <경기장>인 [리우데자네이루]의 [마라카낭]에서 끝난다."}],"globalSId":[3772415,3772416,3772417,3772418],"entities":[{"st":0,"eIdx":0,"ancestor":"-2","en":13,"cwStateCd":"FIXED","ne_type":"ETC","cwSelIdx":[],"type":"ENTITY","keyword":"[2016년_하계_올림픽]","e_type":"NEW"},{"st":22,"eIdx":1,"ancestor":"","en":36,"ne_type":"","keyword":"[2016년_하계_올림픽]","e_type":"WIKILINK"},{"st":42,"eIdx":2,"ancestor":"-2","en":48,"cwStateCd":"FIXED","ne_type":"TIME","cwSelIdx":[],"type":"ENTITY","keyword":"[2016년]","e_type":"NEW"},{"st":50,"eIdx":3,"ancestor":"-2","en":53,"cwStateCd":"FIXED","ne_type":"TIME","cwSelIdx":[],"type":"ENTITY","keyword":"[4월]","e_type":"NEW"},{"st":55,"eIdx":4,"ancestor":"-2","en":58,"cwStateCd":"FIXED","ne_type":"TIME","cwSelIdx":[],"type":"ENTITY","keyword":"[21]","e_type":"NEW"},{"st":62,"eIdx":5,"ancestor":"-2","en":65,"cwStateCd":"FIXED","ne_type":"TIME","cwSelIdx":[],"type":"ENTITY","keyword":"[8월]","e_type":"NEW"},{"st":67,"eIdx":6,"ancestor":"-2","en":70,"cwStateCd":"FIXED","ne_type":"TIME","cwSelIdx":[],"type":"ENTITY","keyword":"[5일]","e_type":"NEW"},{"st":89,"eIdx":7,"ancestor":"","en":94,"ne_type":"","keyword":"[그리스]","e_type":"WIKILINK"},{"st":96,"eIdx":8,"ancestor":"","en":108,"ne_type":"","keyword":"[올림피아_(그리스)]","e_type":"WIKILINK"},{"st":119,"eIdx":9,"ancestor":"1-3","en":122,"cwStateCd":"FIXED","ne_type":"TIME","cwSelIdx":6,"type":"ENTITY","keyword":"[4월]","e_type":"NEW"},{"st":124,"eIdx":10,"ancestor":"-2","en":128,"cwStateCd":"FIXED","ne_type":"TIME","cwSelIdx":[],"type":"ENTITY","keyword":"[27일]","e_type":"NEW"},{"st":131,"eIdx":11,"ancestor":"","en":136,"ne_type":"","keyword":"[아테네]","e_type":"WIKILINK"},{"st":149,"eIdx":12,"ancestor":"-2","en":152,"cwStateCd":"FIXED","ne_type":"TIME","cwSelIdx":[],"type":"ENTITY","keyword":"[5월]","e_type":"NEW"},{"st":154,"eIdx":13,"ancestor":"-2","en":157,"cwStateCd":"FIXED","ne_type":"TIME","cwSelIdx":[],"type":"ENTITY","keyword":"[3일]","e_type":"NEW"},{"st":161,"eIdx":14,"ancestor":"","en":166,"ne_type":"","keyword":"<브라질>","e_type":"ELU"},{"st":203,"eIdx":15,"ancestor":"","en":214,"ne_type":"","keyword":"[연방구_(브라질)]","e_type":"WIKILINK"},{"st":225,"eIdx":16,"ancestor":"","en":230,"ne_type":"","keyword":"<브라질>","e_type":"ELU"},{"st":236,"eIdx":17,"ancestor":"","en":241,"ne_type":"","keyword":"<브라질>","e_type":"ELU"},{"st":247,"eIdx":18,"ancestor":"","en":254,"ne_type":"","keyword":"[브라질리아]","e_type":"WIKILINK"},{"st":272,"eIdx":19,"ancestor":"1-0","en":285,"cwStateCd":"FIXED","ne_type":"ETC","cwSelIdx":0,"type":"ENTITY","keyword":"[2016년_하계_올림픽]","e_type":"NEW"},{"st":290,"eIdx":20,"ancestor":"","en":295,"ne_type":"","keyword":"<경기장>","e_type":"ELU"},{"st":297,"eIdx":21,"ancestor":"","en":306,"ne_type":"","keyword":"[리우데자네이루]","e_type":"WIKILINK"},{"st":308,"eIdx":22,"ancestor":"","en":314,"ne_type":"","keyword":"[마라카낭]","e_type":"WIKILINK"}],"wikiPageId":1489143,"pIdx":1,"text":"[2016년_하계_올림픽] 성화 봉송은 [2016년_하계_올림픽]을 앞두고 [2016년] [4월] [21]부터 [8월] [5일]까지 진행하는 성화 릴레이이다. [그리스]의 [올림피아_(그리스)]에서 점화된 이후, [4월] [27일]에 [아테네]에 성화가 도착하였다. [5월] [3일]부터 <브라질> 내의 300개 이상의 도시를 거치며, 그 중에는 26개의 주도와 [연방구_(브라질)]도 포함되어 있다. <브라질> 내에서는 <브라질>의 수도인 [브라질리아]에서 처음으로 봉송이 시작되며, [2016년_하계_올림픽]의 주 <경기장>인 [리우데자네이루]의 [마라카낭]에서 끝난다."}