{"result":[{"verbs":[{"word_id":5,"ancestor":["1-0"],"verb":"위치","cwStateCd":"FIXED","cwSelIdx":0}],"text":"[장블루](, )는 [벨기에] [왈롱] [나뮈르_주]에 위치한 도시로 면적은 95.86㎢, 인구는 24,153명([2013년] [1월] [1일] 기준), 인구 밀도는 250명\/㎢이다."},{"verbs":[],"text":"."}],"globalSId":[3626019],"entities":[{"st":0,"eIdx":0,"ancestor":"-1","en":4,"cwStateCd":"FIXED","ne_type":"LOCATION","cwSelIdx":[],"type":"ENTITY","keyword":"[장블루]","e_type":"NEW"},{"st":11,"eIdx":1,"ancestor":"","en":16,"ne_type":"","keyword":"[벨기에]","e_type":"WIKILINK"},{"st":17,"eIdx":2,"ancestor":"","en":21,"ne_type":"","keyword":"[왈롱]","e_type":"WIKILINK"},{"st":22,"eIdx":3,"ancestor":"","en":29,"ne_type":"","keyword":"[나뮈르_주]","e_type":"WIKILINK"},{"st":63,"eIdx":4,"ancestor":"-1","en":61,"cwStateCd":"FIXED","ne_type":"TIME","cwSelIdx":[],"type":"ENTITY","keyword":"[2013년]","e_type":"NEW"},{"st":71,"eIdx":5,"ancestor":"-2","en":74,"cwStateCd":"FIXED","ne_type":"TIME","cwSelIdx":[],"type":"ENTITY","keyword":"[1월]","e_type":"NEW"},{"st":76,"eIdx":6,"ancestor":"-2","en":79,"cwStateCd":"FIXED","ne_type":"TIME","cwSelIdx":[],"type":"ENTITY","keyword":"[1일]","e_type":"NEW"}],"wikiPageId":1353901,"pIdx":1,"text":"[장블루](, )는 [벨기에] [왈롱] [나뮈르_주]에 위치한 도시로 면적은 95.86㎢, 인구는 24,153명([2013년] [1월] [1일] 기준), 인구 밀도는 250명\/㎢이다.."}