{"result":[{"verbs":[{"word_id":6,"ancestor":["1-0"],"verb":"하","cwStateCd":"FIXED","cwSelIdx":0}],"text":"[FC_작센_라이프치히](FC Sachsen Leipzig)는 [작센_주] [라이프치히]를 연고로 하던 [독일]의 축구 클럽이다."},{"verbs":[{"word_id":3,"ancestor":["1-5"],"verb":"창단","cwStateCd":"FIXED","cwSelIdx":16}],"text":"클럽의 전신은 [1899년]에 창단된 축구 클럽인 [브리타니아_라이프치히](Britannia Leipzig)이다."},{"verbs":[{"word_id":2,"ancestor":"-2","verb":"기하","cwStateCd":"FIXED","cwSelIdx":[]},{"word_id":3,"ancestor":["1-0"],"verb":"해체","cwStateCd":"FIXED","cwSelIdx":0}],"text":"[2011년] [6월_30일]을 기해 해체되었다."}],"globalSId":[2398174,2398175,2398176],"entities":[{"st":0,"eIdx":0,"ancestor":"-2","en":12,"cwStateCd":"FIXED","ne_type":"ORGANIZATION","cwSelIdx":[],"type":"ENTITY","keyword":"[FC_작센_라이프치히]","e_type":"NEW"},{"st":35,"eIdx":1,"ancestor":"","en":41,"ne_type":"","keyword":"[작센_주]","e_type":"WIKILINK"},{"st":42,"eIdx":2,"ancestor":"","en":49,"ne_type":"","keyword":"[라이프치히]","e_type":"WIKILINK"},{"st":58,"eIdx":3,"ancestor":"","en":62,"ne_type":"","keyword":"[독일]","e_type":"WIKILINK"},{"st":81,"eIdx":4,"ancestor":"","en":88,"ne_type":"","keyword":"[1899년]","e_type":"WIKILINK"},{"st":101,"eIdx":5,"ancestor":"-2","en":113,"cwStateCd":"FIXED","ne_type":"ORGANIZATION","cwSelIdx":[],"type":"ENTITY","keyword":"[브리타니아_라이프치히]","e_type":"NEW"},{"st":137,"eIdx":6,"ancestor":"","en":144,"ne_type":"","keyword":"[2011년]","e_type":"WIKILINK"},{"st":145,"eIdx":7,"ancestor":"","en":153,"ne_type":"","keyword":"[6월_30일]","e_type":"WIKILINK"}],"wikiPageId":603373,"pIdx":1,"text":"[FC_작센_라이프치히](FC Sachsen Leipzig)는 [작센_주] [라이프치히]를 연고로 하던 [독일]의 축구 클럽이다. 클럽의 전신은 [1899년]에 창단된 축구 클럽인 [브리타니아_라이프치히](Britannia Leipzig)이다. [2011년] [6월_30일]을 기해 해체되었다."}