{"result":[{"verbs":[{"word_id":7,"ancestor":["1-0"],"verb":"가지","cwStateCd":"FIXED","cwSelIdx":1},{"word_id":11,"ancestor":["1-0"],"verb":"되","cwStateCd":"FIXED","cwSelIdx":1}],"text":"전작 [Misty_Mystery] 발매 이후, 1년 이상의 공백기를 가진 것은 [Smiley_Nation]이래 2번째가 되었다."},{"verbs":[{"word_id":18,"ancestor":"-2","verb":"계속","cwStateCd":"FIXED","cwSelIdx":[]}],"text":"또 초회한정반(GZCA - 7168)과 통상반(GZCA - 4136)의 두 가지 형태로의 발매와 자켓과 수록곡이 다른 것은 [ja]이후 5싱글 연속 계속되고 있다."},{"verbs":[{"word_id":5,"ancestor":"-2","verb":"수록","cwStateCd":"FIXED","cwSelIdx":[]},{"word_id":8,"ancestor":"-2","verb":"같","cwStateCd":"FIXED","cwSelIdx":[]}],"text":"통상반에만 커플링이 1곡 더 추가로 수록되는 것로 [Misty_Mystery]과 같은 구조다."}],"globalSId":[2909774,2909775,2909776],"entities":[{"st":3,"eIdx":0,"ancestor":"","en":18,"ne_type":"","keyword":"[Misty_Mystery]","e_type":"WIKILINK"},{"st":44,"eIdx":1,"ancestor":"","en":59,"ne_type":"","keyword":"[Smiley_Nation]","e_type":"WIKILINK"},{"st":141,"eIdx":2,"ancestor":"","en":145,"ne_type":"","keyword":"[ja]","e_type":"WIKILINK"},{"st":192,"eIdx":3,"ancestor":"","en":207,"ne_type":"","keyword":"[Misty_Mystery]","e_type":"WIKILINK"}],"wikiPageId":853531,"pIdx":4,"text":"전작 [Misty_Mystery] 발매 이후, 1년 이상의 공백기를 가진 것은 [Smiley_Nation]이래 2번째가 되었다. 또 초회한정반(GZCA - 7168)과 통상반(GZCA - 4136)의 두 가지 형태로의 발매와 자켓과 수록곡이 다른 것은 [ja]이후 5싱글 연속 계속되고 있다. 통상반에만 커플링이 1곡 더 추가로 수록되는 것로 [Misty_Mystery]과 같은 구조다."}