{"result":[{"verbs":[],"text":"어휘."},{"verbs":[{"word_id":5,"ancestor":"-2","verb":"하","cwStateCd":"FIXED","cwSelIdx":[]},{"word_id":9,"ancestor":"-2","verb":"방대하","cwStateCd":"FIXED","cwSelIdx":[]},{"word_id":11,"ancestor":"-2","verb":"받아들이","cwStateCd":"FIXED","cwSelIdx":[]}],"text":"<몰타어>의 어휘는 [아랍어] 어휘를 기초로 하며([이탈리아어] [토스카나_방언]보다 오히려) [시칠리아어]에서 방대한 차용어를 받아들인 <하이브리드_커널>이다."},{"verbs":[{"word_id":2,"ancestor":"-2","verb":"있","cwStateCd":"FIXED","cwSelIdx":[]},{"word_id":5,"ancestor":"-2","verb":"강","cwStateCd":"FIXED","cwSelIdx":[]},{"word_id":6,"ancestor":"-2","verb":"받","cwStateCd":"FIXED","cwSelIdx":[]},{"word_id":11,"ancestor":"-2","verb":"강","cwStateCd":"FIXED","cwSelIdx":[]},{"word_id":12,"ancestor":"-2","verb":"받","cwStateCd":"FIXED","cwSelIdx":[]},{"word_id":15,"ancestor":["1-0"],"verb":"닮","cwStateCd":"FIXED","cwSelIdx":0}],"text":"이 점에 있어 [로망스어]의 영향을 강하게 받은 [게르만어]인 [영어], <아랍어>의 영향을 강하게 받은 [인도이란어파]의 [페르시아어]와 닮아 있다."}],"globalSId":[468678,468679,468680],"entities":[{"st":4,"eIdx":0,"ancestor":"","en":9,"ne_type":"","keyword":"<몰타어>","e_type":"ELU"},{"st":15,"eIdx":1,"ancestor":"7-0","en":19,"cwStateCd":"FIXED","ne_type":"ETC","cwSelIdx":8,"type":"ENTITY","keyword":"[아랍어]","e_type":"NEW"},{"st":32,"eIdx":2,"ancestor":"1-17","en":35,"cwStateCd":"FIXED","ne_type":"ETC","cwSelIdx":37,"type":"ENTITY","keyword":"[이탈리아어]","e_type":"NEW"},{"st":40,"eIdx":3,"ancestor":"","en":49,"ne_type":"","keyword":"[토스카나_방언]","e_type":"WIKILINK"},{"st":57,"eIdx":4,"ancestor":"","en":64,"ne_type":"","keyword":"[시칠리아어]","e_type":"WIKILINK"},{"st":81,"eIdx":5,"ancestor":"","en":91,"ne_type":"","keyword":"<하이브리드_커널>","e_type":"ELU"},{"st":103,"eIdx":6,"ancestor":"","en":109,"ne_type":"","keyword":"[로망스어]","e_type":"WIKILINK"},{"st":122,"eIdx":7,"ancestor":"","en":128,"ne_type":"","keyword":"[게르만어]","e_type":"WIKILINK"},{"st":130,"eIdx":8,"ancestor":"","en":134,"ne_type":"","keyword":"[영어]","e_type":"WIKILINK"},{"st":136,"eIdx":9,"ancestor":"","en":141,"ne_type":"","keyword":"<아랍어>","e_type":"ELU"},{"st":154,"eIdx":10,"ancestor":"","en":162,"ne_type":"","keyword":"[인도이란어파]","e_type":"WIKILINK"},{"st":164,"eIdx":11,"ancestor":"","en":171,"ne_type":"","keyword":"[페르시아어]","e_type":"WIKILINK"}],"wikiPageId":50461,"pIdx":10,"text":"어휘. <몰타어>의 어휘는 [아랍어] 어휘를 기초로 하며([이탈리아어] [토스카나_방언]보다 오히려) [시칠리아어]에서 방대한 차용어를 받아들인 <하이브리드_커널>이다. 이 점에 있어 [로망스어]의 영향을 강하게 받은 [게르만어]인 [영어], <아랍어>의 영향을 강하게 받은 [인도이란어파]의 [페르시아어]와 닮아 있다."}