{"result":[{"verbs":[{"word_id":4,"ancestor":["1-0"],"verb":"제작","cwStateCd":"FIXED","cwSelIdx":0}],"text":"《[상상_속_친구들의_모험]》()은 [카툰_네트워크_스튜디오]에서 기획 및 제작된 [미국]의 텔레비전 [애니메이션]이다."},{"verbs":[],"text":"《[파워퍼프걸]》을 제작하기도 한 [애니메이터] [크레이그_맥크라켄]이 제작하였다."},{"verbs":[{"word_id":4,"ancestor":"-2","verb":"통하","cwStateCd":"FIXED","cwSelIdx":[]},{"word_id":6,"ancestor":["1-0"],"verb":"방영","cwStateCd":"FIXED","cwSelIdx":0},{"word_id":10,"ancestor":"-2","verb":"통하","cwStateCd":"FIXED","cwSelIdx":[]}],"text":"[2004년] [8월_13일] [미국]에서 [카툰_네트워크]를 통해 첫 방영되었으며, 다른 국가들에서도 [카툰_네트워크]를 통해 방영되고 있다."}],"globalSId":[721329,721330,721331],"entities":[{"st":1,"eIdx":0,"ancestor":"-2","en":13,"cwStateCd":"FIXED","ne_type":"ETC","cwSelIdx":[],"type":"ENTITY","keyword":"[상상_속_친구들의_모험]","e_type":"NEW"},{"st":20,"eIdx":1,"ancestor":"","en":34,"ne_type":"","keyword":"[카툰_네트워크_스튜디오]","e_type":"WIKILINK"},{"st":46,"eIdx":2,"ancestor":"-2","en":49,"cwStateCd":"FIXED","ne_type":"LOCATION","cwSelIdx":[],"type":"ENTITY","keyword":"[미국]","e_type":"NEW"},{"st":57,"eIdx":3,"ancestor":"","en":64,"ne_type":"","keyword":"[애니메이션]","e_type":"WIKILINK"},{"st":69,"eIdx":4,"ancestor":"","en":76,"ne_type":"","keyword":"[파워퍼프걸]","e_type":"WIKILINK"},{"st":87,"eIdx":5,"ancestor":"","en":94,"ne_type":"","keyword":"[애니메이터]","e_type":"WIKILINK"},{"st":95,"eIdx":6,"ancestor":"","en":106,"ne_type":"","keyword":"[크레이그_맥크라켄]","e_type":"WIKILINK"},{"st":115,"eIdx":7,"ancestor":"","en":122,"ne_type":"","keyword":"[2004년]","e_type":"WIKILINK"},{"st":123,"eIdx":8,"ancestor":"","en":131,"ne_type":"","keyword":"[8월_13일]","e_type":"WIKILINK"},{"st":132,"eIdx":9,"ancestor":"1-2","en":135,"cwStateCd":"FIXED","ne_type":"LOCATION","cwSelIdx":5,"type":"ENTITY","keyword":"[미국]","e_type":"NEW"},{"st":139,"eIdx":10,"ancestor":"","en":148,"ne_type":"","keyword":"[카툰_네트워크]","e_type":"WIKILINK"},{"st":173,"eIdx":11,"ancestor":"1-10","en":181,"cwStateCd":"FIXED","ne_type":"ORGANIZATION","cwSelIdx":17,"type":"ENTITY","keyword":"[카툰_네트워크]","e_type":"NEW"}],"wikiPageId":93892,"pIdx":1,"text":"《[상상_속_친구들의_모험]》()은 [카툰_네트워크_스튜디오]에서 기획 및 제작된 [미국]의 텔레비전 [애니메이션]이다. 《[파워퍼프걸]》을 제작하기도 한 [애니메이터] [크레이그_맥크라켄]이 제작하였다. [2004년] [8월_13일] [미국]에서 [카툰_네트워크]를 통해 첫 방영되었으며, 다른 국가들에서도 [카툰_네트워크]를 통해 방영되고 있다."}