{"result":[{"verbs":[],"text":"[Destiny]는 [핀란드] [파워_메탈] 밴드 [스트라토바리우스]의 정규 7번째 앨범이다."},{"verbs":[{"word_id":4,"ancestor":"-1","verb":"프로그레시브","cwStateCd":"FIXED","cwSelIdx":[]},{"word_id":6,"ancestor":["1-0"],"verb":"띠","cwStateCd":"FIXED","cwSelIdx":0}],"text":"밴드의 앨범들 중 가장 프로그레시브한 성격을 띤다."}],"globalSId":[1889130,1889131],"entities":[{"st":0,"eIdx":0,"ancestor":"-2","en":8,"cwStateCd":"FIXED","ne_type":"ETC","cwSelIdx":[],"type":"ENTITY","keyword":"[Destiny]","e_type":"NEW"},{"st":11,"eIdx":1,"ancestor":"","en":16,"ne_type":"","keyword":"[핀란드]","e_type":"WIKILINK"},{"st":17,"eIdx":2,"ancestor":"","en":24,"ne_type":"","keyword":"[파워_메탈]","e_type":"WIKILINK"},{"st":28,"eIdx":3,"ancestor":"","en":38,"ne_type":"","keyword":"[스트라토바리우스]","e_type":"WIKILINK"}],"wikiPageId":379604,"pIdx":1,"text":"[Destiny]는 [핀란드] [파워_메탈] 밴드 [스트라토바리우스]의 정규 7번째 앨범이다. 밴드의 앨범들 중 가장 프로그레시브한 성격을 띤다."}