{"result":[{"verbs":[],"text":"<몬텔론고>()는 [이탈리아] [몰리세_주] [캄포바소_현]의 [코무네]다."},{"verbs":[{"word_id":4,"ancestor":["1-0"],"verb":"있","cwStateCd":"FIXED","cwSelIdx":0}],"text":"[캄포바소]로부터 북동쪽 30km 거리에 있다."}],"globalSId":[3213396,3213397],"entities":[{"st":0,"eIdx":0,"ancestor":"","en":6,"ne_type":"","keyword":"<몬텔론고>","e_type":"ELU"},{"st":10,"eIdx":1,"ancestor":"","en":16,"ne_type":"","keyword":"[이탈리아]","e_type":"WIKILINK"},{"st":17,"eIdx":2,"ancestor":"","en":24,"ne_type":"","keyword":"[몰리세_주]","e_type":"WIKILINK"},{"st":25,"eIdx":3,"ancestor":"","en":33,"ne_type":"","keyword":"[캄포바소_현]","e_type":"WIKILINK"},{"st":35,"eIdx":4,"ancestor":"","en":40,"ne_type":"","keyword":"[코무네]","e_type":"WIKILINK"},{"st":43,"eIdx":5,"ancestor":"","en":49,"ne_type":"","keyword":"[캄포바소]","e_type":"WIKILINK"}],"wikiPageId":1023322,"pIdx":1,"text":"<몬텔론고>()는 [이탈리아] [몰리세_주] [캄포바소_현]의 [코무네]다. [캄포바소]로부터 북동쪽 30km 거리에 있다."}