{"result":[{"verbs":[],"text":"개요."},{"verbs":[],"text":"<바티칸_시국>이 가톨릭 국가인 남미 등 은신처를 제공하고, 마피아가 [나치] 전범들의 탈출을 위한 위조 여권과 신분증을 만들었다."},{"verbs":[],"text":"[나치] 전범들은 도주의 대가로 자신의 재산에서 40~50%를 내놓아야 했다."},{"verbs":[{"word_id":2,"ancestor":["2-2"],"verb":"타","cwStateCd":"FIXED","cwSelIdx":17},{"word_id":14,"ancestor":"-1","verb":"진행","cwStateCd":"FIXED","cwSelIdx":[]}],"text":"이 도주로를 타고 [크로아티아_독립국]의 [우스타샤] 지도자 [안테_파벨리치], '리용의 도살자' [클라우스_바르비], <아우슈비츠_강제_수용소>에서 유태인 생체 실험을 진행한 [요제프_멩겔레] 등이 남미로 탈출했다."}],"globalSId":[3437434,3437435,3437436,3437437],"entities":[{"st":4,"eIdx":0,"ancestor":"","en":12,"ne_type":"","keyword":"<바티칸_시국>","e_type":"ELU"},{"st":43,"eIdx":1,"ancestor":"-2","en":46,"cwStateCd":"FIXED","ne_type":"ETC","cwSelIdx":[],"type":"ENTITY","keyword":"[나치]","e_type":"NEW"},{"st":78,"eIdx":2,"ancestor":"2-1","en":81,"cwStateCd":"FIXED","ne_type":"ETC","cwSelIdx":9,"type":"ENTITY","keyword":"[나치]","e_type":"NEW"},{"st":132,"eIdx":3,"ancestor":"","en":143,"ne_type":"","keyword":"[크로아티아_독립국]","e_type":"WIKILINK"},{"st":145,"eIdx":4,"ancestor":"","en":151,"ne_type":"","keyword":"[우스타샤]","e_type":"WIKILINK"},{"st":156,"eIdx":5,"ancestor":"","en":165,"ne_type":"","keyword":"[안테_파벨리치]","e_type":"WIKILINK"},{"st":177,"eIdx":6,"ancestor":"","en":187,"ne_type":"","keyword":"[클라우스_바르비]","e_type":"WIKILINK"},{"st":189,"eIdx":7,"ancestor":"","en":203,"ne_type":"","keyword":"<아우슈비츠_강제_수용소>","e_type":"ELU"},{"st":221,"eIdx":8,"ancestor":"","en":230,"ne_type":"","keyword":"[요제프_멩겔레]","e_type":"WIKILINK"}],"wikiPageId":1196089,"pIdx":2,"text":"개요. <바티칸_시국>이 가톨릭 국가인 남미 등 은신처를 제공하고, 마피아가 [나치] 전범들의 탈출을 위한 위조 여권과 신분증을 만들었다. [나치] 전범들은 도주의 대가로 자신의 재산에서 40~50%를 내놓아야 했다. 이 도주로를 타고 [크로아티아_독립국]의 [우스타샤] 지도자 [안테_파벨리치], '리용의 도살자' [클라우스_바르비], <아우슈비츠_강제_수용소>에서 유태인 생체 실험을 진행한 [요제프_멩겔레] 등이 남미로 탈출했다."}