{"result":[{"verbs":[{"word_id":6,"ancestor":["1-4"],"verb":"개최","cwStateCd":"FIXED","cwSelIdx":7},{"word_id":8,"ancestor":["1-5"],"verb":"참가","cwStateCd":"FIXED","cwSelIdx":9}],"text":"[2014년_동계_올림픽] <카자흐스탄>의 올림픽 선수단은 [러시아] [소치]에서 개최된 [2014년_동계_올림픽]에 참가한 [올림픽_카자흐스탄_선수단]이다."}],"globalSId":[3259273],"entities":[{"st":0,"eIdx":0,"ancestor":"-2","en":13,"cwStateCd":"FIXED","ne_type":"ETC","cwSelIdx":[],"type":"ENTITY","keyword":"[2014년_동계_올림픽]","e_type":"NEW"},{"st":15,"eIdx":1,"ancestor":"","en":22,"ne_type":"","keyword":"<카자흐스탄>","e_type":"ELU"},{"st":33,"eIdx":2,"ancestor":"","en":38,"ne_type":"","keyword":"[러시아]","e_type":"WIKILINK"},{"st":39,"eIdx":3,"ancestor":"","en":43,"ne_type":"","keyword":"[소치]","e_type":"WIKILINK"},{"st":50,"eIdx":4,"ancestor":"","en":64,"ne_type":"","keyword":"[2014년_동계_올림픽]","e_type":"WIKILINK"},{"st":70,"eIdx":5,"ancestor":"","en":85,"ne_type":"","keyword":"[올림픽_카자흐스탄_선수단]","e_type":"WIKILINK"}],"wikiPageId":1056474,"pIdx":1,"text":"[2014년_동계_올림픽] <카자흐스탄>의 올림픽 선수단은 [러시아] [소치]에서 개최된 [2014년_동계_올림픽]에 참가한 [올림픽_카자흐스탄_선수단]이다."}