{"result":[{"verbs":[{"word_id":11,"ancestor":["6-1"],"verb":"오르","cwStateCd":"FIXED","cwSelIdx":3}],"text":"[넌]의 첫 아내 [재닛_수즈먼](Janet Suzman)은 [1974년] 〈[:en:Antony_and_Cleopatra_(1974_TV_drama)]〉 등 그의 여러 무대에 올랐다."},{"verbs":[{"word_id":2,"ancestor":["6-4"],"verb":"주목","cwStateCd":"FIXED","cwSelIdx":12},{"word_id":4,"ancestor":["6-4"],"verb":"되","cwStateCd":"FIXED","cwSelIdx":12},{"word_id":8,"ancestor":["6-4","6-5"],"verb":"제작","cwStateCd":"FIXED","cwSelIdx":[12,17]},{"word_id":11,"ancestor":"-1","verb":"같","cwStateCd":"FIXED","cwSelIdx":[]},{"word_id":14,"ancestor":["6-4"],"verb":"담당","cwStateCd":"FIXED","cwSelIdx":12}],"text":"[넌]은 연극계의 주목할만한 인물이 되었으며, [존_케어드](John Caird)와 공동 제작한 [찰스_디킨스]의 〈[니콜라스_니클비]〉와 같은 여러 실험작들을 담당했다."},{"verbs":[{"word_id":3,"ancestor":["6-4"],"verb":"개작","cwStateCd":"FIXED","cwSelIdx":12},{"word_id":12,"ancestor":["6-4"],"verb":"내놓","cwStateCd":"FIXED","cwSelIdx":12}],"text":"[1976년]에는 [윌리엄_세익스피어] 희곡을 개작한 〈코미디 오브 에러스〉(\"The Comedy of Errors\") 등의 작품을 내놓았다."}],"globalSId":[3020718,3020719,3020720],"entities":[{"st":0,"eIdx":0,"ancestor":"5-0","en":2,"cwStateCd":"FIXED","ne_type":"PERSON","cwSelIdx":1,"type":"ENTITY","keyword":"[넌]","e_type":"NEW"},{"st":10,"eIdx":1,"ancestor":"","en":18,"ne_type":"","keyword":"[재닛_수즈먼]","e_type":"WIKILINK"},{"st":34,"eIdx":2,"ancestor":"","en":41,"ne_type":"","keyword":"[1974년]","e_type":"WIKILINK"},{"st":43,"eIdx":3,"ancestor":"","en":85,"ne_type":"","keyword":"[:en:Antony_and_Cleopatra_(1974_TV_drama)]","e_type":"WIKILINK"},{"st":104,"eIdx":4,"ancestor":"5-0","en":106,"cwStateCd":"FIXED","ne_type":"PERSON","cwSelIdx":1,"type":"ENTITY","keyword":"[넌]","e_type":"NEW"},{"st":130,"eIdx":5,"ancestor":"","en":137,"ne_type":"","keyword":"[존_케어드]","e_type":"WIKILINK"},{"st":158,"eIdx":6,"ancestor":"","en":166,"ne_type":"","keyword":"[찰스_디킨스]","e_type":"WIKILINK"},{"st":169,"eIdx":7,"ancestor":"","en":179,"ne_type":"","keyword":"[니콜라스_니클비]","e_type":"WIKILINK"},{"st":200,"eIdx":8,"ancestor":"","en":207,"ne_type":"","keyword":"[1976년]","e_type":"WIKILINK"},{"st":210,"eIdx":9,"ancestor":"","en":221,"ne_type":"","keyword":"[윌리엄_세익스피어]","e_type":"WIKILINK"}],"wikiPageId":916238,"pIdx":6,"text":"[넌]의 첫 아내 [재닛_수즈먼](Janet Suzman)은 [1974년] 〈[:en:Antony_and_Cleopatra_(1974_TV_drama)]〉 등 그의 여러 무대에 올랐다. [넌]은 연극계의 주목할만한 인물이 되었으며, [존_케어드](John Caird)와 공동 제작한 [찰스_디킨스]의 〈[니콜라스_니클비]〉와 같은 여러 실험작들을 담당했다. [1976년]에는 [윌리엄_세익스피어] 희곡을 개작한 〈코미디 오브 에러스〉(\"The Comedy of Errors\") 등의 작품을 내놓았다."}