{"result":[{"verbs":[],"text":"<켈로그_(기업)>의 설립과 콘플레이크의 탄생."},{"verbs":[{"word_id":5,"ancestor":["7-1"],"verb":"크","cwStateCd":"FIXED","cwSelIdx":7},{"word_id":8,"ancestor":"-2","verb":"통하","cwStateCd":"FIXED","cwSelIdx":[]},{"word_id":12,"ancestor":"-2","verb":"크","cwStateCd":"FIXED","cwSelIdx":[]},{"word_id":17,"ancestor":["7-2"],"verb":"있","cwStateCd":"FIXED","cwSelIdx":20}],"text":"시리얼 초기 역사에는 [제칠일안식일예수재림교회]의 영향이 컸으며, 이 곳을 통하여 시리얼 상품 개발에 큰 영향을 준 인물로 [존_하비_켈로그]가 있다."},{"verbs":[{"word_id":7,"ancestor":["7-3"],"verb":"고용","cwStateCd":"FIXED","cwSelIdx":22},{"word_id":12,"ancestor":["7-8"],"verb":"보완","cwStateCd":"FIXED","cwSelIdx":30},{"word_id":13,"ancestor":"-2","verb":"위하","cwStateCd":"FIXED","cwSelIdx":[]},{"word_id":15,"ancestor":"-2","verb":"가지","cwStateCd":"FIXED","cwSelIdx":[]},{"word_id":18,"ancestor":["7-8"],"verb":"하","cwStateCd":"FIXED","cwSelIdx":30}],"text":"<켈로그_(기업)>는 [제칠일안식일예수재림교회]의 창립자 [앨런_G._화이트]가 설립한 [배틀크리크] <요양소>에 고용되었는데, <켈로그_(기업)>는 요양소에서 채식 요법을 보완하기 위해 곡물을 가지고 여러가지 실험을 하였다."},{"verbs":[{"word_id":8,"ancestor":["7-2"],"verb":"만들","cwStateCd":"FIXED","cwSelIdx":20}],"text":"[1891년] 그는 특허를 취득하였고, [1895년]에 곡물을 이용한 플레이크를 만들어냈으며, 그의 동생 [윌_키스] <켈로그_(기업)>(Will Keith Kellogg)와 [1906년] [켈로그]사를 설립하게 된다."}],"globalSId":[2624857,2624858,2624859,2624860,2624861],"entities":[{"st":0,"eIdx":0,"ancestor":"","en":10,"ne_type":"","keyword":"<켈로그_(기업)>","e_type":"ELU"},{"st":39,"eIdx":1,"ancestor":"","en":53,"ne_type":"","keyword":"[제칠일안식일예수재림교회]","e_type":"WIKILINK"},{"st":96,"eIdx":2,"ancestor":"","en":106,"ne_type":"","keyword":"[존_하비_켈로그]","e_type":"WIKILINK"},{"st":112,"eIdx":3,"ancestor":"","en":122,"ne_type":"","keyword":"<켈로그_(기업)>","e_type":"ELU"},{"st":124,"eIdx":4,"ancestor":"","en":138,"ne_type":"","keyword":"[제칠일안식일예수재림교회]","e_type":"WIKILINK"},{"st":144,"eIdx":5,"ancestor":"-2","en":154,"cwStateCd":"FIXED","ne_type":"PERSON","cwSelIdx":[],"type":"ENTITY","keyword":"[앨런_G._화이트]","e_type":"NEW"},{"st":161,"eIdx":6,"ancestor":"-2","en":167,"cwStateCd":"FIXED","ne_type":"LOCATION","cwSelIdx":[],"type":"ENTITY","keyword":"[배틀크리크]","e_type":"NEW"},{"st":169,"eIdx":7,"ancestor":"","en":174,"ne_type":"","keyword":"<요양소>","e_type":"ELU"},{"st":184,"eIdx":8,"ancestor":"","en":194,"ne_type":"","keyword":"<켈로그_(기업)>","e_type":"ELU"},{"st":239,"eIdx":9,"ancestor":"-2","en":245,"cwStateCd":"FIXED","ne_type":"TIME","cwSelIdx":[],"type":"ENTITY","keyword":"[1891년]","e_type":"NEW"},{"st":261,"eIdx":10,"ancestor":"-2","en":267,"cwStateCd":"FIXED","ne_type":"TIME","cwSelIdx":[],"type":"ENTITY","keyword":"[1895년]","e_type":"NEW"},{"st":298,"eIdx":11,"ancestor":"-2","en":303,"cwStateCd":"FIXED","ne_type":"PERSON","cwSelIdx":[],"type":"ENTITY","keyword":"[윌_키스]","e_type":"NEW"},{"st":305,"eIdx":12,"ancestor":"","en":315,"ne_type":"","keyword":"<켈로그_(기업)>","e_type":"ELU"},{"st":337,"eIdx":13,"ancestor":"-2","en":343,"cwStateCd":"FIXED","ne_type":"TIME","cwSelIdx":[],"type":"ENTITY","keyword":"[1906년]","e_type":"NEW"},{"st":345,"eIdx":14,"ancestor":"","en":350,"ne_type":"","keyword":"[켈로그]","e_type":"WIKILINK"}],"wikiPageId":708986,"pIdx":7,"text":"<켈로그_(기업)>의 설립과 콘플레이크의 탄생. 시리얼 초기 역사에는 [제칠일안식일예수재림교회]의 영향이 컸으며, 이 곳을 통하여 시리얼 상품 개발에 큰 영향을 준 인물로 [존_하비_켈로그]가 있다. <켈로그_(기업)>는 [제칠일안식일예수재림교회]의 창립자 [앨런_G._화이트]가 설립한 [배틀크리크] <요양소>에 고용되었는데, <켈로그_(기업)>는 요양소에서 채식 요법을 보완하기 위해 곡물을 가지고 여러가지 실험을 하였다. [1891년] 그는 특허를 취득하였고, [1895년]에 곡물을 이용한 플레이크를 만들어냈으며, 그의 동생 [윌_키스] <켈로그_(기업)>(Will Keith Kellogg)와 [1906년] [켈로그]사를 설립하게 된다."}