{"result":[{"verbs":[{"word_id":9,"ancestor":"-1","verb":"늘","cwStateCd":"FIXED","cwSelIdx":[]},{"word_id":16,"ancestor":["1-0"],"verb":"활약","cwStateCd":"FIXED","cwSelIdx":0}],"text":"[알렉세이_세르게예비치_이오노프] (, Aleksei Sergeyevich Ionov, [1989년] [2월_18일], [킨기세프] ~) 는 [러시아]의 [축구] 선수로, 현재 [PFC_CSKA_모스크바]에서 [미드필더]로 활약하고 있다."}],"globalSId":[3461143],"entities":[{"st":0,"eIdx":0,"ancestor":"-2","en":17,"cwStateCd":"FIXED","ne_type":"PERSON","cwSelIdx":[],"type":"ENTITY","keyword":"[알렉세이_세르게예비치_이오노프]","e_type":"NEW"},{"st":49,"eIdx":1,"ancestor":"","en":56,"ne_type":"","keyword":"[1989년]","e_type":"WIKILINK"},{"st":57,"eIdx":2,"ancestor":"","en":65,"ne_type":"","keyword":"[2월_18일]","e_type":"WIKILINK"},{"st":67,"eIdx":3,"ancestor":"","en":73,"ne_type":"","keyword":"[킨기세프]","e_type":"WIKILINK"},{"st":79,"eIdx":4,"ancestor":"","en":84,"ne_type":"","keyword":"[러시아]","e_type":"WIKILINK"},{"st":86,"eIdx":5,"ancestor":"","en":90,"ne_type":"","keyword":"[축구]","e_type":"WIKILINK"},{"st":99,"eIdx":6,"ancestor":"","en":114,"ne_type":"","keyword":"[PFC_CSKA_모스크바]","e_type":"WIKILINK"},{"st":117,"eIdx":7,"ancestor":"","en":123,"ne_type":"","keyword":"[미드필더]","e_type":"WIKILINK"}],"wikiPageId":1220561,"pIdx":1,"text":"[알렉세이_세르게예비치_이오노프] (, Aleksei Sergeyevich Ionov, [1989년] [2월_18일], [킨기세프] ~) 는 [러시아]의 [축구] 선수로, 현재 [PFC_CSKA_모스크바]에서 [미드필더]로 활약하고 있다."}