{"result":[{"verbs":[],"text":"<동명성왕>(東明聖王) 또는 [추모왕](鄒牟王, [기원전_58년] ~ [기원전_19년] [음력_9월])은 [고구려]의 개국 시조이다."},{"verbs":[],"text":"재위: [기원전_37년] ~ [기원전_19년])이다."},{"verbs":[{"word_id":2,"ancestor":"-2","verb":"인용","cwStateCd":"FIXED","cwSelIdx":[]},{"word_id":11,"ancestor":["1-0"],"verb":"고치","cwStateCd":"FIXED","cwSelIdx":0},{"word_id":14,"ancestor":["1-0"],"verb":"하","cwStateCd":"FIXED","cwSelIdx":0}],"text":"《국사》(國史) <삼국사기>를 인용한 《[삼국유사]》 및 《[삼국사기]》에는 본래이 성은 [해씨](解)였다가 건국후 [고씨](高)로 고쳤다, [휘]가 [주몽](朱蒙)이라 하였다."},{"verbs":[{"word_id":5,"ancestor":["1-0"],"verb":"전하","cwStateCd":"FIXED","cwSelIdx":0}],"text":"또한, 《<삼국사기>》 등에는 [추모(鄒牟)·중모(中牟)·중해(衆解)·상해(象解)·도모(都牟)·도모](都慕)라는 이름도 전하고 있다."},{"verbs":[{"word_id":6,"ancestor":["1-18","1-19"],"verb":"보","cwStateCd":"FIXED","cwSelIdx":[38,39]}],"text":"[부여]의 건국자인 [동명왕]과 [주몽]은 별개 인물로 보는 것이 일반적이다."},{"verbs":[{"word_id":8,"ancestor":["1-24"],"verb":"핍박","cwStateCd":"FIXED","cwSelIdx":54},{"word_id":11,"ancestor":["1-24"],"verb":"피하","cwStateCd":"FIXED","cwSelIdx":54},{"word_id":15,"ancestor":["1-24"],"verb":"건국","cwStateCd":"FIXED","cwSelIdx":54}],"text":"[부여]의 [금와왕] 재위 시 <금와왕>의 아들 [대소]에 의해 핍박받던 [주몽]은 박해를 피해 남으로 내려와 [고구려]를 건국하였다."}],"globalSId":[144473,144474,144475,144476,144477,144478],"entities":[{"st":0,"eIdx":0,"ancestor":"","en":6,"ne_type":"","keyword":"<동명성왕>","e_type":"ELU"},{"st":16,"eIdx":1,"ancestor":"1-0","en":20,"cwStateCd":"FIXED","ne_type":"PERSON","cwSelIdx":0,"type":"ENTITY","keyword":"[추모왕]","e_type":"NEW"},{"st":27,"eIdx":2,"ancestor":"","en":36,"ne_type":"","keyword":"[기원전_58년]","e_type":"WIKILINK"},{"st":39,"eIdx":3,"ancestor":"","en":48,"ne_type":"","keyword":"[기원전_19년]","e_type":"WIKILINK"},{"st":49,"eIdx":4,"ancestor":"","en":56,"ne_type":"","keyword":"[음력_9월]","e_type":"WIKILINK"},{"st":59,"eIdx":5,"ancestor":"","en":64,"ne_type":"","keyword":"[고구려]","e_type":"WIKILINK"},{"st":79,"eIdx":6,"ancestor":"","en":88,"ne_type":"","keyword":"[기원전_37년]","e_type":"WIKILINK"},{"st":91,"eIdx":7,"ancestor":"","en":100,"ne_type":"","keyword":"[기원전_19년]","e_type":"WIKILINK"},{"st":114,"eIdx":8,"ancestor":"","en":120,"ne_type":"","keyword":"<삼국사기>","e_type":"ELU"},{"st":127,"eIdx":9,"ancestor":"","en":133,"ne_type":"","keyword":"[삼국유사]","e_type":"WIKILINK"},{"st":138,"eIdx":10,"ancestor":"","en":144,"ne_type":"","keyword":"[삼국사기]","e_type":"WIKILINK"},{"st":155,"eIdx":11,"ancestor":"","en":159,"ne_type":"","keyword":"[해씨]","e_type":"WIKILINK"},{"st":170,"eIdx":12,"ancestor":"","en":174,"ne_type":"","keyword":"[고씨]","e_type":"WIKILINK"},{"st":184,"eIdx":13,"ancestor":"","en":187,"ne_type":"","keyword":"[휘]","e_type":"WIKILINK"},{"st":189,"eIdx":14,"ancestor":"1-0","en":192,"cwStateCd":"FIXED","ne_type":"PERSON","cwSelIdx":0,"type":"ENTITY","keyword":"[주몽]","e_type":"NEW"},{"st":210,"eIdx":15,"ancestor":"","en":216,"ne_type":"","keyword":"<삼국사기>","e_type":"ELU"},{"st":222,"eIdx":16,"ancestor":"1-14","en":260,"cwStateCd":"FIXED","ne_type":"PERSON","cwSelIdx":27,"type":"ENTITY","keyword":"[추모(鄒牟)·중모(中牟)·중해(衆解)·상해(象解)·도모(都牟)·도모]","e_type":"NEW"},{"st":280,"eIdx":17,"ancestor":"","en":284,"ne_type":"","keyword":"[부여]","e_type":"WIKILINK"},{"st":291,"eIdx":18,"ancestor":"","en":296,"ne_type":"","keyword":"[동명왕]","e_type":"WIKILINK"},{"st":298,"eIdx":19,"ancestor":"1-14","en":301,"cwStateCd":"FIXED","ne_type":"PERSON","cwSelIdx":27,"type":"ENTITY","keyword":"[주몽]","e_type":"NEW"},{"st":324,"eIdx":20,"ancestor":"1-17","en":327,"cwStateCd":"FIXED","ne_type":"ORGANIZATION","cwSelIdx":36,"type":"ENTITY","keyword":"[부여]","e_type":"NEW"},{"st":330,"eIdx":21,"ancestor":"","en":335,"ne_type":"","keyword":"[금와왕]","e_type":"WIKILINK"},{"st":341,"eIdx":22,"ancestor":"","en":346,"ne_type":"","keyword":"<금와왕>","e_type":"ELU"},{"st":351,"eIdx":23,"ancestor":"","en":355,"ne_type":"","keyword":"[대소]","e_type":"WIKILINK"},{"st":365,"eIdx":24,"ancestor":"1-19","en":368,"cwStateCd":"FIXED","ne_type":"PERSON","cwSelIdx":39,"type":"ENTITY","keyword":"[주몽]","e_type":"NEW"},{"st":386,"eIdx":25,"ancestor":"","en":391,"ne_type":"","keyword":"[고구려]","e_type":"WIKILINK"}],"wikiPageId":9323,"pIdx":1,"text":"<동명성왕>(東明聖王) 또는 [추모왕](鄒牟王, [기원전_58년] ~ [기원전_19년] [음력_9월])은 [고구려]의 개국 시조이다. 재위: [기원전_37년] ~ [기원전_19년])이다. 《국사》(國史) <삼국사기>를 인용한 《[삼국유사]》 및 《[삼국사기]》에는 본래이 성은 [해씨](解)였다가 건국후 [고씨](高)로 고쳤다, [휘]가 [주몽](朱蒙)이라 하였다. 또한, 《<삼국사기>》 등에는 [추모(鄒牟)·중모(中牟)·중해(衆解)·상해(象解)·도모(都牟)·도모](都慕)라는 이름도 전하고 있다. [부여]의 건국자인 [동명왕]과 [주몽]은 별개 인물로 보는 것이 일반적이다. [부여]의 [금와왕] 재위 시 <금와왕>의 아들 [대소]에 의해 핍박받던 [주몽]은 박해를 피해 남으로 내려와 [고구려]를 건국하였다."}