{"result":[{"verbs":[{"word_id":4,"ancestor":["1-0"],"verb":"있","cwStateCd":"FIXED","cwSelIdx":0}],"text":"<비제르테_주>(, )는 [튀니지]의 북부에 있는 주로, 주도는 [비제르테]이다."},{"verbs":[],"text":"면적은 3,685km²이며, 인구는 524,000명([2004년])이다."}],"globalSId":[1914513,1914514],"entities":[{"st":0,"eIdx":0,"ancestor":"","en":8,"ne_type":"","keyword":"<비제르테_주>","e_type":"ELU"},{"st":14,"eIdx":1,"ancestor":"","en":19,"ne_type":"","keyword":"[튀니지]","e_type":"WIKILINK"},{"st":36,"eIdx":2,"ancestor":"","en":42,"ne_type":"","keyword":"[비제르테]","e_type":"WIKILINK"},{"st":75,"eIdx":3,"ancestor":"","en":82,"ne_type":"","keyword":"[2004년]","e_type":"WIKILINK"}],"wikiPageId":389114,"pIdx":1,"text":"<비제르테_주>(, )는 [튀니지]의 북부에 있는 주로, 주도는 [비제르테]이다. 면적은 3,685km²이며, 인구는 524,000명([2004년])이다."}