{"result":[{"verbs":[],"text":"<조지_프레보스트>(Sir George Pr?vost, [1767년] [5월_19일] - [1816년] [1월_5일])는 [영국]의 군인이자, [영미_전쟁] 때의 [캐나다] 식민지의 총사령관이었다."},{"verbs":[{"word_id":2,"ancestor":["1-0"],"verb":"출생","cwStateCd":"FIXED","cwSelIdx":0},{"word_id":8,"ancestor":"-2","verb":"젊","cwStateCd":"FIXED","cwSelIdx":[]},{"word_id":10,"ancestor":["1-0"],"verb":"입대","cwStateCd":"FIXED","cwSelIdx":0},{"word_id":13,"ancestor":["1-0"],"verb":"되","cwStateCd":"FIXED","cwSelIdx":0}],"text":"[뉴저지_식민지] [하켄색]에서 출생하였고, [스위스]계 <프랑스인> [오거스틴_프레보스트]의 장자로, <영국군>에 젊은 나이에 입대하여 [1784년]에 대위가 되었다."},{"verbs":[{"word_id":7,"ancestor":["1-15"],"verb":"하","cwStateCd":"FIXED","cwSelIdx":29},{"word_id":12,"ancestor":["1-15"],"verb":"되","cwStateCd":"FIXED","cwSelIdx":29}],"text":"[프레보스트]는 [프랑스_혁명_전쟁]과 [나폴레옹_전쟁] 기간 내내 [서인도_제도]에서 복무를 하였으며, [1794년]에서 [1796년]까지 [세인트_빈센트]에서는 사령관이 되었다."},{"verbs":[{"word_id":4,"ancestor":["1-24"],"verb":"벌어지","cwStateCd":"FIXED","cwSelIdx":47},{"word_id":18,"ancestor":["1-15"],"verb":"알려지","cwStateCd":"FIXED","cwSelIdx":29}],"text":"그는 [영국]과 <미국> 사이에 벌어진 [영미전쟁] 때 민간인 주지사 장군이자, [영국]령 [북미](현재의 <캐나다>의 일부) 주둔군 총사령관으로 가장 잘 알려진 인물이다."}],"globalSId":[3177450,3177451,3177452,3177453],"entities":[{"st":0,"eIdx":0,"ancestor":"","en":10,"ne_type":"","keyword":"<조지_프레보스트>","e_type":"ELU"},{"st":31,"eIdx":1,"ancestor":"","en":38,"ne_type":"","keyword":"[1767년]","e_type":"WIKILINK"},{"st":39,"eIdx":2,"ancestor":"","en":47,"ne_type":"","keyword":"[5월_19일]","e_type":"WIKILINK"},{"st":50,"eIdx":3,"ancestor":"","en":57,"ne_type":"","keyword":"[1816년]","e_type":"WIKILINK"},{"st":58,"eIdx":4,"ancestor":"","en":65,"ne_type":"","keyword":"[1월_5일]","e_type":"WIKILINK"},{"st":68,"eIdx":5,"ancestor":"","en":72,"ne_type":"","keyword":"[영국]","e_type":"WIKILINK"},{"st":80,"eIdx":6,"ancestor":"","en":87,"ne_type":"","keyword":"[영미_전쟁]","e_type":"WIKILINK"},{"st":91,"eIdx":7,"ancestor":"-2","en":95,"cwStateCd":"FIXED","ne_type":"LOCATION","cwSelIdx":[],"type":"ENTITY","keyword":"[캐나다]","e_type":"NEW"},{"st":111,"eIdx":8,"ancestor":"","en":120,"ne_type":"","keyword":"[뉴저지_식민지]","e_type":"WIKILINK"},{"st":121,"eIdx":9,"ancestor":"-2","en":125,"cwStateCd":"FIXED","ne_type":"LOCATION","cwSelIdx":[],"type":"ENTITY","keyword":"[하켄색]","e_type":"NEW"},{"st":136,"eIdx":10,"ancestor":"-2","en":140,"cwStateCd":"FIXED","ne_type":"LOCATION","cwSelIdx":[],"type":"ENTITY","keyword":"[스위스]","e_type":"NEW"},{"st":143,"eIdx":11,"ancestor":"","en":149,"ne_type":"","keyword":"<프랑스인>","e_type":"ELU"},{"st":150,"eIdx":12,"ancestor":"-2","en":161,"cwStateCd":"FIXED","ne_type":"PERSON","cwSelIdx":[],"type":"ENTITY","keyword":"[오거스틴_프레보스트]","e_type":"NEW"},{"st":169,"eIdx":13,"ancestor":"","en":174,"ne_type":"","keyword":"<영국군>","e_type":"ELU"},{"st":188,"eIdx":14,"ancestor":"-2","en":194,"cwStateCd":"FIXED","ne_type":"TIME","cwSelIdx":[],"type":"ENTITY","keyword":"[1784년]","e_type":"NEW"},{"st":206,"eIdx":15,"ancestor":"1-0","en":212,"cwStateCd":"FIXED","ne_type":"PERSON","cwSelIdx":0,"type":"ENTITY","keyword":"[프레보스트]","e_type":"NEW"},{"st":215,"eIdx":16,"ancestor":"","en":226,"ne_type":"","keyword":"[프랑스_혁명_전쟁]","e_type":"WIKILINK"},{"st":228,"eIdx":17,"ancestor":"","en":237,"ne_type":"","keyword":"[나폴레옹_전쟁]","e_type":"WIKILINK"},{"st":244,"eIdx":18,"ancestor":"","en":252,"ne_type":"","keyword":"[서인도_제도]","e_type":"WIKILINK"},{"st":265,"eIdx":19,"ancestor":"-2","en":271,"cwStateCd":"FIXED","ne_type":"TIME","cwSelIdx":[],"type":"ENTITY","keyword":"[1794년]","e_type":"NEW"},{"st":275,"eIdx":20,"ancestor":"-2","en":281,"cwStateCd":"FIXED","ne_type":"TIME","cwSelIdx":[],"type":"ENTITY","keyword":"[1796년]","e_type":"NEW"},{"st":285,"eIdx":21,"ancestor":"","en":294,"ne_type":"","keyword":"[세인트_빈센트]","e_type":"WIKILINK"},{"st":311,"eIdx":22,"ancestor":"1-5","en":314,"cwStateCd":"FIXED","ne_type":"LOCATION","cwSelIdx":8,"type":"ENTITY","keyword":"[영국]","e_type":"NEW"},{"st":317,"eIdx":23,"ancestor":"","en":321,"ne_type":"","keyword":"<미국>","e_type":"ELU"},{"st":330,"eIdx":24,"ancestor":"","en":336,"ne_type":"","keyword":"[영미전쟁]","e_type":"WIKILINK"},{"st":353,"eIdx":25,"ancestor":"1-22","en":356,"cwStateCd":"FIXED","ne_type":"LOCATION","cwSelIdx":43,"type":"ENTITY","keyword":"[영국]","e_type":"NEW"},{"st":359,"eIdx":26,"ancestor":"-2","en":362,"cwStateCd":"FIXED","ne_type":"LOCATION","cwSelIdx":[],"type":"ENTITY","keyword":"[북미]","e_type":"NEW"},{"st":368,"eIdx":27,"ancestor":"","en":373,"ne_type":"","keyword":"<캐나다>","e_type":"ELU"}],"wikiPageId":1002976,"pIdx":1,"text":"<조지_프레보스트>(Sir George Pr?vost, [1767년] [5월_19일] - [1816년] [1월_5일])는 [영국]의 군인이자, [영미_전쟁] 때의 [캐나다] 식민지의 총사령관이었다. [뉴저지_식민지] [하켄색]에서 출생하였고, [스위스]계 <프랑스인> [오거스틴_프레보스트]의 장자로, <영국군>에 젊은 나이에 입대하여 [1784년]에 대위가 되었다. [프레보스트]는 [프랑스_혁명_전쟁]과 [나폴레옹_전쟁] 기간 내내 [서인도_제도]에서 복무를 하였으며, [1794년]에서 [1796년]까지 [세인트_빈센트]에서는 사령관이 되었다. 그는 [영국]과 <미국> 사이에 벌어진 [영미전쟁] 때 민간인 주지사 장군이자, [영국]령 [북미](현재의 <캐나다>의 일부) 주둔군 총사령관으로 가장 잘 알려진 인물이다."}