{"result":[{"verbs":[],"text":"[비브라스_나트초] (, , Bibras Natkho, [1988년] [2월_18일], [이스라엘] [크파_카마] ~ )는 [이스라엘]의 축구 선수이다."},{"verbs":[{"word_id":4,"ancestor":["1-0"],"verb":"소속","cwStateCd":"FIXED","cwSelIdx":0}],"text":"포지션은 [미드필더]이며, 현재 [러시아_프리미어리그]에 소속되어 있는 [PFC_CSKA_모스크바]에서 활약하고 있다."}],"globalSId":[3467768,3467769],"entities":[{"st":0,"eIdx":0,"ancestor":"-2","en":9,"cwStateCd":"FIXED","ne_type":"PERSON","cwSelIdx":[],"type":"ENTITY","keyword":"[비브라스_나트초]","e_type":"NEW"},{"st":31,"eIdx":1,"ancestor":"","en":38,"ne_type":"","keyword":"[1988년]","e_type":"WIKILINK"},{"st":39,"eIdx":2,"ancestor":"","en":47,"ne_type":"","keyword":"[2월_18일]","e_type":"WIKILINK"},{"st":49,"eIdx":3,"ancestor":"","en":55,"ne_type":"","keyword":"[이스라엘]","e_type":"WIKILINK"},{"st":56,"eIdx":4,"ancestor":"","en":63,"ne_type":"","keyword":"[크파_카마]","e_type":"WIKILINK"},{"st":69,"eIdx":5,"ancestor":"","en":75,"ne_type":"","keyword":"[이스라엘]","e_type":"WIKILINK"},{"st":91,"eIdx":6,"ancestor":"","en":97,"ne_type":"","keyword":"[미드필더]","e_type":"WIKILINK"},{"st":104,"eIdx":7,"ancestor":"","en":116,"ne_type":"","keyword":"[러시아_프리미어리그]","e_type":"WIKILINK"},{"st":126,"eIdx":8,"ancestor":"","en":141,"ne_type":"","keyword":"[PFC_CSKA_모스크바]","e_type":"WIKILINK"}],"wikiPageId":1227423,"pIdx":1,"text":"[비브라스_나트초] (, , Bibras Natkho, [1988년] [2월_18일], [이스라엘] [크파_카마] ~ )는 [이스라엘]의 축구 선수이다. 포지션은 [미드필더]이며, 현재 [러시아_프리미어리그]에 소속되어 있는 [PFC_CSKA_모스크바]에서 활약하고 있다."}