{"result":[{"verbs":[{"word_id":4,"ancestor":["1-0"],"verb":"위치","cwStateCd":"FIXED","cwSelIdx":0}],"text":"<경기도박물관>(京畿道博物館)은 [대한민국] [경기도] [용인시]에 위치한 도립 [박물관]이다."},{"verbs":[{"word_id":1,"ancestor":["1-0"],"verb":"개관","cwStateCd":"FIXED","cwSelIdx":0}],"text":"[1996년_6월_21일]에 개관하였다."}],"globalSId":[3233853,3233854],"entities":[{"st":0,"eIdx":0,"ancestor":"","en":8,"ne_type":"","keyword":"<경기도박물관>","e_type":"ELU"},{"st":18,"eIdx":1,"ancestor":"","en":24,"ne_type":"","keyword":"[대한민국]","e_type":"WIKILINK"},{"st":25,"eIdx":2,"ancestor":"","en":30,"ne_type":"","keyword":"[경기도]","e_type":"WIKILINK"},{"st":31,"eIdx":3,"ancestor":"","en":36,"ne_type":"","keyword":"[용인시]","e_type":"WIKILINK"},{"st":45,"eIdx":4,"ancestor":"","en":50,"ne_type":"","keyword":"[박물관]","e_type":"WIKILINK"},{"st":54,"eIdx":5,"ancestor":"-2","en":67,"cwStateCd":"FIXED","ne_type":"TIME","cwSelIdx":[],"type":"ENTITY","keyword":"[1996년_6월_21일]","e_type":"NEW"}],"wikiPageId":1035134,"pIdx":1,"text":"<경기도박물관>(京畿道博物館)은 [대한민국] [경기도] [용인시]에 위치한 도립 [박물관]이다. [1996년_6월_21일]에 개관하였다."}