{"result":[{"verbs":[],"text":"생애."},{"verbs":[{"word_id":4,"ancestor":["1-0"],"verb":"태어나","cwStateCd":"FIXED","cwSelIdx":0},{"word_id":8,"ancestor":["1-0"],"verb":"하","cwStateCd":"FIXED","cwSelIdx":0}],"text":"현재의 [루마니아]의 영토인 [티미쇼아라]에서 태어났으며, [영국]에서 망명 생활을 했다."},{"verbs":[{"word_id":2,"ancestor":["1-0"],"verb":"사망","cwStateCd":"FIXED","cwSelIdx":0}],"text":"[1978년]에 [부다페스트]에서 사망했다."}],"globalSId":[1432723,1432724,1432725],"entities":[{"st":8,"eIdx":0,"ancestor":"","en":14,"ne_type":"","keyword":"[루마니아]","e_type":"WIKILINK"},{"st":20,"eIdx":1,"ancestor":"","en":27,"ne_type":"","keyword":"[티미쇼아라]","e_type":"WIKILINK"},{"st":37,"eIdx":2,"ancestor":"","en":41,"ne_type":"","keyword":"[영국]","e_type":"WIKILINK"},{"st":55,"eIdx":3,"ancestor":"-2","en":61,"cwStateCd":"FIXED","ne_type":"TIME","cwSelIdx":[],"type":"ENTITY","keyword":"[1978년]","e_type":"NEW"},{"st":64,"eIdx":4,"ancestor":"","en":71,"ne_type":"","keyword":"[부다페스트]","e_type":"WIKILINK"}],"wikiPageId":251224,"pIdx":3,"text":"생애. 현재의 [루마니아]의 영토인 [티미쇼아라]에서 태어났으며, [영국]에서 망명 생활을 했다. [1978년]에 [부다페스트]에서 사망했다."}