{"result":[{"verbs":[{"word_id":8,"ancestor":["8-0"],"verb":"없어지","cwStateCd":"FIXED","cwSelIdx":1},{"word_id":10,"ancestor":["8-0"],"verb":"남","cwStateCd":"FIXED","cwSelIdx":1}],"text":"이 《<고려대장경>》은 [1232년](고종 19) [몽골_제국]의 침입을 받아 병화(兵火)로 없어졌고, 약간 남아 있는 것은 [일본] [교토_시] [난젠지](南禪寺. 南?寺. <난젠지>)에 1,715권이 전하고 있을 뿐이다,."}],"globalSId":[811878,811879,811880],"entities":[{"st":3,"eIdx":0,"ancestor":"","en":10,"ne_type":"","keyword":"<고려대장경>","e_type":"ELU"},{"st":13,"eIdx":1,"ancestor":"","en":20,"ne_type":"","keyword":"[1232년]","e_type":"WIKILINK"},{"st":28,"eIdx":2,"ancestor":"","en":35,"ne_type":"","keyword":"[몽골_제국]","e_type":"WIKILINK"},{"st":70,"eIdx":3,"ancestor":"","en":74,"ne_type":"","keyword":"[일본]","e_type":"WIKILINK"},{"st":75,"eIdx":4,"ancestor":"","en":81,"ne_type":"","keyword":"[교토_시]","e_type":"WIKILINK"},{"st":82,"eIdx":5,"ancestor":"","en":87,"ne_type":"","keyword":"[난젠지]","e_type":"WIKILINK"},{"st":98,"eIdx":6,"ancestor":"","en":103,"ne_type":"","keyword":"<난젠지>","e_type":"ELU"}],"wikiPageId":109544,"pIdx":8,"text":"이 《<고려대장경>》은 [1232년](고종 19) [몽골_제국]의 침입을 받아 병화(兵火)로 없어졌고, 약간 남아 있는 것은 [일본] [교토_시] [난젠지](南禪寺. 南?寺. <난젠지>)에 1,715권이 전하고 있을 뿐이다,."}