{"result":[{"verbs":[{"word_id":4,"ancestor":["1-0"],"verb":"위치","cwStateCd":"FIXED","cwSelIdx":0},{"word_id":8,"ancestor":["1-0"],"verb":"알려지","cwStateCd":"FIXED","cwSelIdx":0}],"text":"<너덜샘>은 [강원도] [태백시] 화전동에 위치한 [낙동강]의 지리적 발원지로 알려져 있다."},{"verbs":[{"word_id":4,"ancestor":["1-0"],"verb":"위치","cwStateCd":"FIXED","cwSelIdx":0},{"word_id":6,"ancestor":"-2","verb":"하","cwStateCd":"FIXED","cwSelIdx":[]},{"word_id":11,"ancestor":"-2","verb":"의하","cwStateCd":"FIXED","cwSelIdx":[]},{"word_id":18,"ancestor":"-2","verb":"밝혀지","cwStateCd":"FIXED","cwSelIdx":[]}],"text":"해발 1418[m] [금대봉_(강원)\u200E] 기슭에 위치해 있다고 하지만 [1980년대] 초 지리연구가인 <이형석_(2000년)>씨에 의해 [낙동강]의 발원지가 [태백시] [천의봉] <너덜샘>으로 새롭게 밝혀졌다."}],"globalSId":[2753558,2753559],"entities":[{"st":0,"eIdx":0,"ancestor":"","en":5,"ne_type":"","keyword":"<너덜샘>","e_type":"ELU"},{"st":7,"eIdx":1,"ancestor":"","en":12,"ne_type":"","keyword":"[강원도]","e_type":"WIKILINK"},{"st":13,"eIdx":2,"ancestor":"","en":18,"ne_type":"","keyword":"[태백시]","e_type":"WIKILINK"},{"st":28,"eIdx":3,"ancestor":"","en":33,"ne_type":"","keyword":"[낙동강]","e_type":"WIKILINK"},{"st":59,"eIdx":4,"ancestor":"","en":62,"ne_type":"","keyword":"[m]","e_type":"WIKILINK"},{"st":63,"eIdx":5,"ancestor":"","en":74,"ne_type":"","keyword":"[금대봉_(강원)\u200E]","e_type":"WIKILINK"},{"st":91,"eIdx":6,"ancestor":"-2","en":98,"cwStateCd":"FIXED","ne_type":"TIME","cwSelIdx":[],"type":"ENTITY","keyword":"[1980년대]","e_type":"NEW"},{"st":109,"eIdx":7,"ancestor":"","en":122,"ne_type":"","keyword":"<이형석_(2000년)>","e_type":"ELU"},{"st":128,"eIdx":8,"ancestor":"","en":133,"ne_type":"","keyword":"[낙동강]","e_type":"WIKILINK"},{"st":140,"eIdx":9,"ancestor":"","en":145,"ne_type":"","keyword":"[태백시]","e_type":"WIKILINK"},{"st":146,"eIdx":10,"ancestor":"-2","en":150,"cwStateCd":"FIXED","ne_type":"LOCATION","cwSelIdx":[],"type":"ENTITY","keyword":"[천의봉]","e_type":"NEW"},{"st":152,"eIdx":11,"ancestor":"","en":157,"ne_type":"","keyword":"<너덜샘>","e_type":"ELU"}],"wikiPageId":767933,"pIdx":1,"text":"<너덜샘>은 [강원도] [태백시] 화전동에 위치한 [낙동강]의 지리적 발원지로 알려져 있다. 해발 1418[m] [금대봉_(강원)\u200E] 기슭에 위치해 있다고 하지만 [1980년대] 초 지리연구가인 <이형석_(2000년)>씨에 의해 [낙동강]의 발원지가 [태백시] [천의봉] <너덜샘>으로 새롭게 밝혀졌다."}