{"result":[{"verbs":[],"text":"[When_Dream_and_Day_Unite]는 [미국] [프로그레시브_메탈] 밴드 [드림_시어터]의 데뷔앨범이다."},{"verbs":[],"text":"이 앨범의 곡들은 주로 밴드 초창기의 [마제스티] 시절 영향을 많이 받았다."},{"verbs":[{"word_id":2,"ancestor":"-2","verb":"위치","cwStateCd":"FIXED","cwSelIdx":[]},{"word_id":6,"ancestor":["1-0"],"verb":"녹음","cwStateCd":"FIXED","cwSelIdx":0}],"text":"[펜실베이니아] [Gladwyne]에 위치한 [Victory_Studio]에서 [1988년] 여름에 녹음되었다."},{"verbs":[{"word_id":3,"ancestor":"-2","verb":"유일","cwStateCd":"FIXED","cwSelIdx":[]},{"word_id":9,"ancestor":["1-10"],"verb":"교체","cwStateCd":"FIXED","cwSelIdx":31}],"text":"[찰리_도미니시]가 보컬로 합류한 유일한 정규 앨범이고, 이후 [제임스_라브리에]로 보컬이 교체되었다."},{"verbs":[{"word_id":8,"ancestor":"-2","verb":"들어가","cwStateCd":"FIXED","cwSelIdx":[]},{"word_id":10,"ancestor":"-2","verb":"유이하","cwStateCd":"FIXED","cwSelIdx":[]}],"text":"이 앨범은 또한 [Falling_Into_Infinity]와 함께 밴드의 로고가 <앨범아트>에 들어가지 않은 유이한 앨범이기도 하다."}],"globalSId":[1730685,1730686,1730687,1730688,1730689],"entities":[{"st":0,"eIdx":0,"ancestor":"-2","en":25,"cwStateCd":"FIXED","ne_type":"ETC","cwSelIdx":[],"type":"ENTITY","keyword":"[When_Dream_and_Day_Unite]","e_type":"NEW"},{"st":28,"eIdx":1,"ancestor":"","en":32,"ne_type":"","keyword":"[미국]","e_type":"WIKILINK"},{"st":33,"eIdx":2,"ancestor":"","en":44,"ne_type":"","keyword":"[프로그레시브_메탈]","e_type":"WIKILINK"},{"st":48,"eIdx":3,"ancestor":"","en":56,"ne_type":"","keyword":"[드림_시어터]","e_type":"WIKILINK"},{"st":87,"eIdx":4,"ancestor":"","en":93,"ne_type":"","keyword":"[마제스티]","e_type":"WIKILINK"},{"st":109,"eIdx":5,"ancestor":"-2","en":116,"cwStateCd":"FIXED","ne_type":"LOCATION","cwSelIdx":[],"type":"ENTITY","keyword":"[펜실베이니아]","e_type":"NEW"},{"st":118,"eIdx":6,"ancestor":"-2","en":127,"cwStateCd":"FIXED","ne_type":"LOCATION","cwSelIdx":[],"type":"ENTITY","keyword":"[Gladwyne]","e_type":"NEW"},{"st":134,"eIdx":7,"ancestor":"-2","en":149,"cwStateCd":"FIXED","ne_type":"LOCATION","cwSelIdx":[],"type":"ENTITY","keyword":"[Victory_Studio]","e_type":"NEW"},{"st":153,"eIdx":8,"ancestor":"-2","en":159,"cwStateCd":"FIXED","ne_type":"TIME","cwSelIdx":[],"type":"ENTITY","keyword":"[1988년]","e_type":"NEW"},{"st":172,"eIdx":9,"ancestor":"","en":181,"ne_type":"","keyword":"[찰리_도미니시]","e_type":"WIKILINK"},{"st":207,"eIdx":10,"ancestor":"","en":217,"ne_type":"","keyword":"[제임스_라브리에]","e_type":"WIKILINK"},{"st":239,"eIdx":11,"ancestor":"","en":262,"ne_type":"","keyword":"[Falling_Into_Infinity]","e_type":"WIKILINK"},{"st":275,"eIdx":12,"ancestor":"","en":281,"ne_type":"","keyword":"<앨범아트>","e_type":"ELU"}],"wikiPageId":326685,"pIdx":1,"text":"[When_Dream_and_Day_Unite]는 [미국] [프로그레시브_메탈] 밴드 [드림_시어터]의 데뷔앨범이다. 이 앨범의 곡들은 주로 밴드 초창기의 [마제스티] 시절 영향을 많이 받았다. [펜실베이니아] [Gladwyne]에 위치한 [Victory_Studio]에서 [1988년] 여름에 녹음되었다. [찰리_도미니시]가 보컬로 합류한 유일한 정규 앨범이고, 이후 [제임스_라브리에]로 보컬이 교체되었다. 이 앨범은 또한 [Falling_Into_Infinity]와 함께 밴드의 로고가 <앨범아트>에 들어가지 않은 유이한 앨범이기도 하다."}