{"result":[{"verbs":[{"word_id":3,"ancestor":["1-0"],"verb":"속","cwStateCd":"FIXED","cwSelIdx":0}],"text":"[카슈미르사향노루](\"Moschus cupreus\")는 [사향노루속]에 속하는 [소목_(동물)]의 일종이다."},{"verbs":[{"word_id":4,"ancestor":["1-0"],"verb":"발견","cwStateCd":"FIXED","cwSelIdx":0}],"text":"[아프가니스탄]과 [인도] 그리고 [파키스탄]에서 발견되는 멸종 위기종의 하나이다."},{"verbs":[{"word_id":3,"ancestor":["1-0"],"verb":"간주","cwStateCd":"FIXED","cwSelIdx":0}],"text":"예전에 [산사향노루]의 아종으로 간주하기도 했지만, 현재는 별도의 종으로 분류한다."},{"verbs":[{"word_id":6,"ancestor":["1-0"],"verb":"갖","cwStateCd":"FIXED","cwSelIdx":0},{"word_id":14,"ancestor":"-1","verb":"위하","cwStateCd":"FIXED","cwSelIdx":[]},{"word_id":15,"ancestor":["1-0"],"verb":"사용","cwStateCd":"FIXED","cwSelIdx":0}],"text":"어깨 높이는 60cm 정도이며, 수컷만 [사향]을 갖고 있고 짝짓기 철에 암컷에게 자신의 위치를 알리기 위해 사용하고 있다."},{"verbs":[{"word_id":3,"ancestor":["1-8"],"verb":"발견","cwStateCd":"FIXED","cwSelIdx":40},{"word_id":11,"ancestor":"-1","verb":"얻","cwStateCd":"FIXED","cwSelIdx":[]},{"word_id":13,"ancestor":"-1","verb":"과도","cwStateCd":"FIXED","cwSelIdx":[]},{"word_id":17,"ancestor":["1-8"],"verb":"처하","cwStateCd":"FIXED","cwSelIdx":40}],"text":"[카슈미르사향노루]는 아시아 전역에서 발견되는 7종의 [사향노루] 중의 하나로 서식지 감소와 사향을 얻기 위한 과도한 사냥때문에 멸종 위기에 처해 있다."}],"globalSId":[3733435,3733436,3733437,3733438,3733439],"entities":[{"st":0,"eIdx":0,"ancestor":"-2","en":9,"cwStateCd":"FIXED","ne_type":"ETC","cwSelIdx":[],"type":"ENTITY","keyword":"[카슈미르사향노루]","e_type":"NEW"},{"st":31,"eIdx":1,"ancestor":"","en":38,"ne_type":"","keyword":"[사향노루속]","e_type":"WIKILINK"},{"st":44,"eIdx":2,"ancestor":"","en":53,"ne_type":"","keyword":"[소목_(동물)]","e_type":"WIKILINK"},{"st":61,"eIdx":3,"ancestor":"","en":69,"ne_type":"","keyword":"[아프가니스탄]","e_type":"WIKILINK"},{"st":71,"eIdx":4,"ancestor":"","en":75,"ne_type":"","keyword":"[인도]","e_type":"WIKILINK"},{"st":80,"eIdx":5,"ancestor":"","en":86,"ne_type":"","keyword":"[파키스탄]","e_type":"WIKILINK"},{"st":112,"eIdx":6,"ancestor":"","en":119,"ne_type":"","keyword":"[산사향노루]","e_type":"WIKILINK"},{"st":177,"eIdx":7,"ancestor":"","en":181,"ne_type":"","keyword":"[사향]","e_type":"WIKILINK"},{"st":225,"eIdx":8,"ancestor":"1-0","en":234,"cwStateCd":"FIXED","ne_type":"ETC","cwSelIdx":0,"type":"ENTITY","keyword":"[카슈미르사향노루]","e_type":"NEW"},{"st":255,"eIdx":9,"ancestor":"-2","en":260,"cwStateCd":"FIXED","ne_type":"ETC","cwSelIdx":[],"type":"ENTITY","keyword":"[사향노루]","e_type":"NEW"}],"wikiPageId":1450352,"pIdx":1,"text":"[카슈미르사향노루](\"Moschus cupreus\")는 [사향노루속]에 속하는 [소목_(동물)]의 일종이다. [아프가니스탄]과 [인도] 그리고 [파키스탄]에서 발견되는 멸종 위기종의 하나이다. 예전에 [산사향노루]의 아종으로 간주하기도 했지만, 현재는 별도의 종으로 분류한다. 어깨 높이는 60cm 정도이며, 수컷만 [사향]을 갖고 있고 짝짓기 철에 암컷에게 자신의 위치를 알리기 위해 사용하고 있다. [카슈미르사향노루]는 아시아 전역에서 발견되는 7종의 [사향노루] 중의 하나로 서식지 감소와 사향을 얻기 위한 과도한 사냥때문에 멸종 위기에 처해 있다."}