{"result":[{"verbs":[{"word_id":13,"ancestor":["1-0"],"verb":"되","cwStateCd":"FIXED","cwSelIdx":0}],"text":"[ICQ]는 [이스라엘] 회사 [미라빌리스]가 처음으로 개발한 [인스턴트_메신저] [컴퓨터_프로그램]이며 나중에 [타임_워너]의 [AOL]의 자사 소유가 되었다."},{"verbs":[{"word_id":6,"ancestor":"-2","verb":"출시","cwStateCd":"FIXED","cwSelIdx":[]},{"word_id":9,"ancestor":["1-9"],"verb":"통하","cwStateCd":"FIXED","cwSelIdx":21},{"word_id":13,"ancestor":["1-9"],"verb":"되","cwStateCd":"FIXED","cwSelIdx":21}],"text":"이 프로그램의 첫 버전은 [1996년] [11월]에 출시되었으며 [ICQ]는 [인터넷]을 통한 최초의 [인스턴트_메신저] 서비스가 되었다."},{"verbs":[{"word_id":6,"ancestor":"-2","verb":"찾","cwStateCd":"FIXED","cwSelIdx":[]}],"text":"\"[ICQ]\"라는 이름은 \"I seek you\"(\"난 널 찾는다\"의 뜻)의 구문을 딴 것이다."},{"verbs":[],"text":"[AOL]은 [미라빌리스]를 [1998년] [6월_8일]에 407,000,000 달러에 인수하였다."}],"globalSId":[1416862,1416863,1416864,1416865],"entities":[{"st":0,"eIdx":0,"ancestor":"-2","en":4,"cwStateCd":"FIXED","ne_type":"ETC","cwSelIdx":[],"type":"ENTITY","keyword":"[ICQ]","e_type":"NEW"},{"st":7,"eIdx":1,"ancestor":"","en":13,"ne_type":"","keyword":"[이스라엘]","e_type":"WIKILINK"},{"st":17,"eIdx":2,"ancestor":"","en":24,"ne_type":"","keyword":"[미라빌리스]","e_type":"WIKILINK"},{"st":35,"eIdx":3,"ancestor":"","en":45,"ne_type":"","keyword":"[인스턴트_메신저]","e_type":"WIKILINK"},{"st":46,"eIdx":4,"ancestor":"","en":56,"ne_type":"","keyword":"[컴퓨터_프로그램]","e_type":"WIKILINK"},{"st":63,"eIdx":5,"ancestor":"","en":70,"ne_type":"","keyword":"[타임_워너]","e_type":"WIKILINK"},{"st":72,"eIdx":6,"ancestor":"","en":77,"ne_type":"","keyword":"[AOL]","e_type":"WIKILINK"},{"st":105,"eIdx":7,"ancestor":"","en":112,"ne_type":"","keyword":"[1996년]","e_type":"WIKILINK"},{"st":113,"eIdx":8,"ancestor":"-2","en":117,"cwStateCd":"FIXED","ne_type":"TIME","cwSelIdx":[],"type":"ENTITY","keyword":"[11월]","e_type":"NEW"},{"st":127,"eIdx":9,"ancestor":"1-0","en":131,"cwStateCd":"FIXED","ne_type":"ETC","cwSelIdx":0,"type":"ENTITY","keyword":"[ICQ]","e_type":"NEW"},{"st":134,"eIdx":10,"ancestor":"","en":139,"ne_type":"","keyword":"[인터넷]","e_type":"WIKILINK"},{"st":148,"eIdx":11,"ancestor":"","en":158,"ne_type":"","keyword":"[인스턴트_메신저]","e_type":"WIKILINK"},{"st":170,"eIdx":12,"ancestor":"1-9","en":173,"cwStateCd":"FIXED","ne_type":"ETC","cwSelIdx":21,"type":"ENTITY","keyword":"[ICQ]","e_type":"NEW"},{"st":222,"eIdx":13,"ancestor":"","en":227,"ne_type":"","keyword":"[AOL]","e_type":"WIKILINK"},{"st":229,"eIdx":14,"ancestor":"1-2","en":235,"cwStateCd":"FIXED","ne_type":"ORGANIZATION","cwSelIdx":3,"type":"ENTITY","keyword":"[미라빌리스]","e_type":"NEW"},{"st":238,"eIdx":15,"ancestor":"","en":245,"ne_type":"","keyword":"[1998년]","e_type":"WIKILINK"},{"st":246,"eIdx":16,"ancestor":"","en":253,"ne_type":"","keyword":"[6월_8일]","e_type":"WIKILINK"}],"wikiPageId":246264,"pIdx":1,"text":"[ICQ]는 [이스라엘] 회사 [미라빌리스]가 처음으로 개발한 [인스턴트_메신저] [컴퓨터_프로그램]이며 나중에 [타임_워너]의 [AOL]의 자사 소유가 되었다. 이 프로그램의 첫 버전은 [1996년] [11월]에 출시되었으며 [ICQ]는 [인터넷]을 통한 최초의 [인스턴트_메신저] 서비스가 되었다. \"[ICQ]\"라는 이름은 \"I seek you\"(\"난 널 찾는다\"의 뜻)의 구문을 딴 것이다. [AOL]은 [미라빌리스]를 [1998년] [6월_8일]에 407,000,000 달러에 인수하였다."}