{"result":[{"verbs":[],"text":"<카스텔베테레인발포르토레>()는 [이탈리아] [캄파니아_주] [베네벤토_현]의 코무네다."},{"verbs":[{"word_id":8,"ancestor":["1-0"],"verb":"있","cwStateCd":"FIXED","cwSelIdx":0}],"text":"[나폴리]로부터 북동쪽으로 90km , [베네벤토] 북동쪽으로 35km 거리에 있다."}],"globalSId":[3064056,3064057],"entities":[{"st":0,"eIdx":0,"ancestor":"","en":14,"ne_type":"","keyword":"<카스텔베테레인발포르토레>","e_type":"ELU"},{"st":18,"eIdx":1,"ancestor":"","en":24,"ne_type":"","keyword":"[이탈리아]","e_type":"WIKILINK"},{"st":25,"eIdx":2,"ancestor":"","en":33,"ne_type":"","keyword":"[캄파니아_주]","e_type":"WIKILINK"},{"st":34,"eIdx":3,"ancestor":"","en":42,"ne_type":"","keyword":"[베네벤토_현]","e_type":"WIKILINK"},{"st":50,"eIdx":4,"ancestor":"","en":55,"ne_type":"","keyword":"[나폴리]","e_type":"WIKILINK"},{"st":72,"eIdx":5,"ancestor":"","en":78,"ne_type":"","keyword":"[베네벤토]","e_type":"WIKILINK"}],"wikiPageId":937339,"pIdx":1,"text":"<카스텔베테레인발포르토레>()는 [이탈리아] [캄파니아_주] [베네벤토_현]의 코무네다. [나폴리]로부터 북동쪽으로 90km , [베네벤토] 북동쪽으로 35km 거리에 있다."}