{"result":[{"verbs":[{"word_id":4,"ancestor":["1-1"],"verb":"하","cwStateCd":"FIXED","cwSelIdx":1}],"text":"[ASA] <트르구무레슈>()는 [트르구무레슈]를 연고로 하는 [루마니아]의 축구 구단이다."},{"verbs":[{"word_id":1,"ancestor":["1-1"],"verb":"창단","cwStateCd":"FIXED","cwSelIdx":1}],"text":"[2008년] 창단하였고 창단 당시 이름은 \"[FCM] <트르구무레슈>\"였다."},{"verbs":[{"word_id":5,"ancestor":["1-1"],"verb":"참가","cwStateCd":"FIXED","cwSelIdx":1},{"word_id":10,"ancestor":["1-1"],"verb":"하","cwStateCd":"FIXED","cwSelIdx":1},{"word_id":13,"ancestor":["1-1"],"verb":"참가","cwStateCd":"FIXED","cwSelIdx":1}],"text":"현재 <루마니아>의 최상위 리그인 [리가_I]에 참가하고 있으며, 2014-15 시즌 2위를 하게 되어 [UEFA_유로파리그_2015-16]에 참가하게 된다."}],"globalSId":[3577955,3577956,3577957],"entities":[{"st":0,"eIdx":0,"ancestor":"-2","en":4,"cwStateCd":"FIXED","ne_type":"ORGANIZATION","cwSelIdx":[],"type":"ENTITY","keyword":"[ASA]","e_type":"NEW"},{"st":6,"eIdx":1,"ancestor":"","en":14,"ne_type":"","keyword":"<트르구무레슈>","e_type":"ELU"},{"st":18,"eIdx":2,"ancestor":"","en":26,"ne_type":"","keyword":"[트르구무레슈]","e_type":"WIKILINK"},{"st":35,"eIdx":3,"ancestor":"","en":41,"ne_type":"","keyword":"[루마니아]","e_type":"WIKILINK"},{"st":52,"eIdx":4,"ancestor":"","en":59,"ne_type":"","keyword":"[2008년]","e_type":"WIKILINK"},{"st":77,"eIdx":5,"ancestor":"-2","en":80,"cwStateCd":"FIXED","ne_type":"ORGANIZATION","cwSelIdx":[],"type":"ENTITY","keyword":"[FCM]","e_type":"NEW"},{"st":83,"eIdx":6,"ancestor":"","en":91,"ne_type":"","keyword":"<트르구무레슈>","e_type":"ELU"},{"st":99,"eIdx":7,"ancestor":"","en":105,"ne_type":"","keyword":"<루마니아>","e_type":"ELU"},{"st":115,"eIdx":8,"ancestor":"","en":121,"ne_type":"","keyword":"[리가_I]","e_type":"WIKILINK"},{"st":154,"eIdx":9,"ancestor":"","en":174,"ne_type":"","keyword":"[UEFA_유로파리그_2015-16]","e_type":"WIKILINK"}],"wikiPageId":1317497,"pIdx":1,"text":"[ASA] <트르구무레슈>()는 [트르구무레슈]를 연고로 하는 [루마니아]의 축구 구단이다. [2008년] 창단하였고 창단 당시 이름은 \"[FCM] <트르구무레슈>\"였다. 현재 <루마니아>의 최상위 리그인 [리가_I]에 참가하고 있으며, 2014-15 시즌 2위를 하게 되어 [UEFA_유로파리그_2015-16]에 참가하게 된다."}