{"result":[{"verbs":[{"word_id":4,"ancestor":["1-0"],"verb":"위치","cwStateCd":"FIXED","cwSelIdx":0}],"text":"[네피]()는 [이탈리아] [라치오_주] [비테르보_현]에 위치한 <코무네>다."},{"verbs":[{"word_id":7,"ancestor":["1-0"],"verb":"있","cwStateCd":"FIXED","cwSelIdx":0}],"text":"[치비타카스텔라나]로부터 남서쪽 13km, [비테르보]로부터 남동쪽 30km 거리에 있다."},{"verbs":[{"word_id":6,"ancestor":["1-9"],"verb":"담기","cwStateCd":"FIXED","cwSelIdx":22},{"word_id":7,"ancestor":["1-9"],"verb":"팔리","cwStateCd":"FIXED","cwSelIdx":22},{"word_id":9,"ancestor":["1-0"],"verb":"유명","cwStateCd":"FIXED","cwSelIdx":0}],"text":"<이탈리아>에서 \"[아콰_디_네피]\"(Acqua di Nepi)라는 이름으로 병에 담겨 팔리는 [광천수]로 유명하다."}],"globalSId":[3248173,3248174,3248175],"entities":[{"st":0,"eIdx":0,"ancestor":"-1","en":3,"cwStateCd":"FIXED","ne_type":"LOCATION","cwSelIdx":[],"type":"ENTITY","keyword":"[네피]","e_type":"NEW"},{"st":8,"eIdx":1,"ancestor":"","en":14,"ne_type":"","keyword":"[이탈리아]","e_type":"WIKILINK"},{"st":15,"eIdx":2,"ancestor":"","en":22,"ne_type":"","keyword":"[라치오_주]","e_type":"WIKILINK"},{"st":23,"eIdx":3,"ancestor":"","en":31,"ne_type":"","keyword":"[비테르보_현]","e_type":"WIKILINK"},{"st":37,"eIdx":4,"ancestor":"","en":42,"ne_type":"","keyword":"<코무네>","e_type":"ELU"},{"st":45,"eIdx":5,"ancestor":"","en":55,"ne_type":"","keyword":"[치비타카스텔라나]","e_type":"WIKILINK"},{"st":69,"eIdx":6,"ancestor":"","en":75,"ne_type":"","keyword":"[비테르보]","e_type":"WIKILINK"},{"st":96,"eIdx":7,"ancestor":"","en":102,"ne_type":"","keyword":"<이탈리아>","e_type":"ELU"},{"st":106,"eIdx":8,"ancestor":"-1","en":113,"cwStateCd":"FIXED","ne_type":"ETC","cwSelIdx":[],"type":"ENTITY","keyword":"[아콰_디_네피]","e_type":"NEW"},{"st":149,"eIdx":9,"ancestor":"-1","en":153,"cwStateCd":"FIXED","ne_type":"ETC","cwSelIdx":[],"type":"ENTITY","keyword":"[광천수]","e_type":"NEW"}],"wikiPageId":1049489,"pIdx":1,"text":"[네피]()는 [이탈리아] [라치오_주] [비테르보_현]에 위치한 <코무네>다. [치비타카스텔라나]로부터 남서쪽 13km, [비테르보]로부터 남동쪽 30km 거리에 있다. <이탈리아>에서 \"[아콰_디_네피]\"(Acqua di Nepi)라는 이름으로 병에 담겨 팔리는 [광천수]로 유명하다."}