{"result":[{"verbs":[],"text":"성립."},{"verbs":[{"word_id":4,"ancestor":["2-0"],"verb":"두","cwStateCd":"FIXED","cwSelIdx":1},{"word_id":13,"ancestor":["2-0"],"verb":"받","cwStateCd":"FIXED","cwSelIdx":1},{"word_id":14,"ancestor":["2-0"],"verb":"이루어지","cwStateCd":"FIXED","cwSelIdx":1}],"text":"<아이티어>는 언어의 뿌리를 [프랑스어]에 두고 있는 [크리올_(언어학)]이며, 여기에 <서아프리카>의 [월로프어], [그베어] 등의 영향을 받아 이루어졌다."},{"verbs":[{"word_id":12,"ancestor":["2-8"],"verb":"커지","cwStateCd":"FIXED","cwSelIdx":26}],"text":"[스페인어]와 여러 [아메리카] 토착어의 영향도 더해졌으며, 다른 언어들과 마찬가지로 현재는 [영어]의 영향이 커지는 추세이다."},{"verbs":[{"word_id":6,"ancestor":"-2","verb":"있","cwStateCd":"FIXED","cwSelIdx":[]},{"word_id":11,"ancestor":["2-11"],"verb":"통하","cwStateCd":"FIXED","cwSelIdx":37},{"word_id":14,"ancestor":"-2","verb":"크","cwStateCd":"FIXED","cwSelIdx":[]},{"word_id":16,"ancestor":"-2","verb":"있","cwStateCd":"FIXED","cwSelIdx":[]}],"text":"흔히 [아이티]식 [프랑스어] 정도로 생각하는 사람도 있지만, <아이티어>는 <프랑스어>와 말소리로 서로 통하지 않으며, 문법틀도 큰 차이가 있다."}],"globalSId":[784586,784587,784588,784589],"entities":[{"st":4,"eIdx":0,"ancestor":"","en":10,"ne_type":"","keyword":"<아이티어>","e_type":"ELU"},{"st":20,"eIdx":1,"ancestor":"","en":26,"ne_type":"","keyword":"[프랑스어]","e_type":"WIKILINK"},{"st":34,"eIdx":2,"ancestor":"","en":45,"ne_type":"","keyword":"[크리올_(언어학)]","e_type":"WIKILINK"},{"st":53,"eIdx":3,"ancestor":"","en":60,"ne_type":"","keyword":"<서아프리카>","e_type":"ELU"},{"st":62,"eIdx":4,"ancestor":"","en":68,"ne_type":"","keyword":"[월로프어]","e_type":"WIKILINK"},{"st":70,"eIdx":5,"ancestor":"","en":75,"ne_type":"","keyword":"[그베어]","e_type":"WIKILINK"},{"st":93,"eIdx":6,"ancestor":"","en":99,"ne_type":"","keyword":"[스페인어]","e_type":"WIKILINK"},{"st":104,"eIdx":7,"ancestor":"-2","en":109,"cwStateCd":"FIXED","ne_type":"LOCATION","cwSelIdx":[],"type":"ENTITY","keyword":"[아메리카]","e_type":"NEW"},{"st":145,"eIdx":8,"ancestor":"-2","en":148,"cwStateCd":"FIXED","ne_type":"ETC","cwSelIdx":[],"type":"ENTITY","keyword":"[영어]","e_type":"NEW"},{"st":168,"eIdx":9,"ancestor":"","en":173,"ne_type":"","keyword":"[아이티]","e_type":"WIKILINK"},{"st":175,"eIdx":10,"ancestor":"","en":181,"ne_type":"","keyword":"[프랑스어]","e_type":"WIKILINK"},{"st":200,"eIdx":11,"ancestor":"","en":206,"ne_type":"","keyword":"<아이티어>","e_type":"ELU"},{"st":208,"eIdx":12,"ancestor":"","en":214,"ne_type":"","keyword":"<프랑스어>","e_type":"ELU"}],"wikiPageId":104255,"pIdx":2,"text":"성립. <아이티어>는 언어의 뿌리를 [프랑스어]에 두고 있는 [크리올_(언어학)]이며, 여기에 <서아프리카>의 [월로프어], [그베어] 등의 영향을 받아 이루어졌다. [스페인어]와 여러 [아메리카] 토착어의 영향도 더해졌으며, 다른 언어들과 마찬가지로 현재는 [영어]의 영향이 커지는 추세이다. 흔히 [아이티]식 [프랑스어] 정도로 생각하는 사람도 있지만, <아이티어>는 <프랑스어>와 말소리로 서로 통하지 않으며, 문법틀도 큰 차이가 있다."}