{"result":[{"verbs":[{"word_id":9,"ancestor":["1-0"],"verb":"영업","cwStateCd":"FIXED","cwSelIdx":0}],"text":"<대동은행>(大東銀行)은 [1989년]부터 [1998년]까지 퇴출은행 확정 전까지 [대구광역시]와 [경상북도]를 거점으로 영업했던 [대한민국]의 전국 규모 은행이다."},{"verbs":[{"word_id":4,"ancestor":["1-0"],"verb":"있","cwStateCd":"FIXED","cwSelIdx":0},{"word_id":7,"ancestor":["1-0"],"verb":"확정","cwStateCd":"FIXED","cwSelIdx":0}],"text":"본점은 [대구광역시] [수성구] [중동_(대구)]에 있었으며 [1998년] 퇴출은행으로 확정되어 [국민은행]에 인수되었다."}],"globalSId":[1855416,1855417],"entities":[{"st":0,"eIdx":0,"ancestor":"","en":6,"ne_type":"","keyword":"<대동은행>","e_type":"ELU"},{"st":14,"eIdx":1,"ancestor":"","en":21,"ne_type":"","keyword":"[1989년]","e_type":"WIKILINK"},{"st":24,"eIdx":2,"ancestor":"","en":31,"ne_type":"","keyword":"[1998년]","e_type":"WIKILINK"},{"st":46,"eIdx":3,"ancestor":"","en":53,"ne_type":"","keyword":"[대구광역시]","e_type":"WIKILINK"},{"st":55,"eIdx":4,"ancestor":"","en":61,"ne_type":"","keyword":"[경상북도]","e_type":"WIKILINK"},{"st":73,"eIdx":5,"ancestor":"","en":79,"ne_type":"","keyword":"[대한민국]","e_type":"WIKILINK"},{"st":97,"eIdx":6,"ancestor":"","en":104,"ne_type":"","keyword":"[대구광역시]","e_type":"WIKILINK"},{"st":105,"eIdx":7,"ancestor":"","en":110,"ne_type":"","keyword":"[수성구]","e_type":"WIKILINK"},{"st":111,"eIdx":8,"ancestor":"","en":120,"ne_type":"","keyword":"[중동_(대구)]","e_type":"WIKILINK"},{"st":127,"eIdx":9,"ancestor":"","en":134,"ne_type":"","keyword":"[1998년]","e_type":"WIKILINK"},{"st":147,"eIdx":10,"ancestor":"","en":153,"ne_type":"","keyword":"[국민은행]","e_type":"WIKILINK"}],"wikiPageId":364796,"pIdx":1,"text":"<대동은행>(大東銀行)은 [1989년]부터 [1998년]까지 퇴출은행 확정 전까지 [대구광역시]와 [경상북도]를 거점으로 영업했던 [대한민국]의 전국 규모 은행이다. 본점은 [대구광역시] [수성구] [중동_(대구)]에 있었으며 [1998년] 퇴출은행으로 확정되어 [국민은행]에 인수되었다."}