{"result":[{"verbs":[{"word_id":1,"ancestor":["12-2"],"verb":"출하","cwStateCd":"FIXED","cwSelIdx":16},{"word_id":2,"ancestor":"-1","verb":"주","cwStateCd":"FIXED","cwSelIdx":[]},{"word_id":13,"ancestor":["13-1","13-2","13-3"],"verb":"차지","cwStateCd":"FIXED","cwSelIdx":[4,5,6]},{"word_id":18,"ancestor":"-1","verb":"보이","cwStateCd":"FIXED","cwSelIdx":[]}],"text":"<포르투갈>에서 출하된 주된 물고기들로는 [정어리], [고등어], [다랑어]이며, 각각 총 무게의 37%, 9%, 8%를 차지하고, 13%, 1%, 8%의 수익을 보인다."},{"verbs":[{"word_id":1,"ancestor":["13-4"],"verb":"같","cwStateCd":"FIXED","cwSelIdx":19},{"word_id":6,"ancestor":"-1","verb":"차지","cwStateCd":"FIXED","cwSelIdx":[]},{"word_id":11,"ancestor":["13-6","13-7"],"verb":"같","cwStateCd":"FIXED","cwSelIdx":[28,29]},{"word_id":17,"ancestor":["13-8"],"verb":"차지","cwStateCd":"FIXED","cwSelIdx":31},{"word_id":20,"ancestor":"-1","verb":"내","cwStateCd":"FIXED","cwSelIdx":[]}],"text":"[문어]와 같은 [연체동물]과는 전체 무게의 12%를 차지하지만 22%의 수익을, [새우]나 [게]와 같은 [갑각류]의 경우 전체 무게의 0.5%를 차지하지만 6%의 수익을 낸다."}],"globalSId":[3333058,3333059],"entities":[{"st":0,"eIdx":0,"ancestor":"","en":6,"ne_type":"","keyword":"<포르투갈>","e_type":"ELU"},{"st":23,"eIdx":1,"ancestor":"","en":28,"ne_type":"","keyword":"[정어리]","e_type":"WIKILINK"},{"st":30,"eIdx":2,"ancestor":"","en":35,"ne_type":"","keyword":"[고등어]","e_type":"WIKILINK"},{"st":37,"eIdx":3,"ancestor":"","en":42,"ne_type":"","keyword":"[다랑어]","e_type":"WIKILINK"},{"st":96,"eIdx":4,"ancestor":"","en":100,"ne_type":"","keyword":"[문어]","e_type":"WIKILINK"},{"st":105,"eIdx":5,"ancestor":"","en":111,"ne_type":"","keyword":"[연체동물]","e_type":"WIKILINK"},{"st":142,"eIdx":6,"ancestor":"","en":146,"ne_type":"","keyword":"[새우]","e_type":"WIKILINK"},{"st":148,"eIdx":7,"ancestor":"","en":151,"ne_type":"","keyword":"[게]","e_type":"WIKILINK"},{"st":156,"eIdx":8,"ancestor":"","en":161,"ne_type":"","keyword":"[갑각류]","e_type":"WIKILINK"}],"wikiPageId":1103507,"pIdx":13,"text":"<포르투갈>에서 출하된 주된 물고기들로는 [정어리], [고등어], [다랑어]이며, 각각 총 무게의 37%, 9%, 8%를 차지하고, 13%, 1%, 8%의 수익을 보인다. [문어]와 같은 [연체동물]과는 전체 무게의 12%를 차지하지만 22%의 수익을, [새우]나 [게]와 같은 [갑각류]의 경우 전체 무게의 0.5%를 차지하지만 6%의 수익을 낸다."}