{"result":[{"verbs":[{"word_id":2,"ancestor":["1-0"],"verb":"속","cwStateCd":"FIXED","cwSelIdx":0}],"text":"[가시돔아목](Cirrhitioidei)은 [검정우럭목]에 속하는 [조기어류] 아목의 하나이다."},{"verbs":[{"word_id":2,"ancestor":["1-0"],"verb":"속","cwStateCd":"FIXED","cwSelIdx":0},{"word_id":4,"ancestor":["1-0"],"verb":"분류","cwStateCd":"FIXED","cwSelIdx":0}],"text":"[농어목] [농어아목]에 속하는 [가시돔상과](Cirrhitoidea)로 분류하기도 한다."}],"globalSId":[3533375,3533376],"entities":[{"st":1,"eIdx":0,"ancestor":"-2","en":4,"cwStateCd":"FIXED","ne_type":"ETC","cwSelIdx":[],"type":"ENTITY","keyword":"가시돔아목","e_type":"NEW"},{"st":24,"eIdx":1,"ancestor":"","en":31,"ne_type":"","keyword":"[검정우럭목]","e_type":"WIKILINK"},{"st":37,"eIdx":2,"ancestor":"","en":43,"ne_type":"","keyword":"[조기어류]","e_type":"WIKILINK"},{"st":54,"eIdx":3,"ancestor":"","en":59,"ne_type":"","keyword":"[농어목]","e_type":"WIKILINK"},{"st":60,"eIdx":4,"ancestor":"","en":66,"ne_type":"","keyword":"[농어아목]","e_type":"WIKILINK"},{"st":73,"eIdx":5,"ancestor":"-2","en":76,"cwStateCd":"FIXED","ne_type":"ETC","cwSelIdx":[],"type":"ENTITY","keyword":"가시돔상과","e_type":"NEW"}],"wikiPageId":1285438,"pIdx":1,"text":"[가시돔아목](Cirrhitioidei)은 [검정우럭목]에 속하는 [조기어류] 아목의 하나이다. [농어목] [농어아목]에 속하는 [가시돔상과](Cirrhitoidea)로 분류하기도 한다."}