{"result":[{"verbs":[],"text":"[진천군] <진천군_(왕족)>(晋川君 李喜慶, [1591년] ~ [1664년])은 [조선] 중기의 왕족으로 [덕흥대원군] 증손이며, [조선_선조]의 백형 [하원군]의 손자이다."},{"verbs":[{"word_id":2,"ancestor":"-1","verb":"휘","cwStateCd":"FIXED","cwSelIdx":[]}],"text":"본관은 [전주], 휘는 [희경](喜慶)이다."}],"globalSId":[2037610,2037611],"entities":[{"st":1,"eIdx":0,"ancestor":"-2","en":2,"cwStateCd":"FIXED","ne_type":"LOCATION","cwSelIdx":[],"type":"ENTITY","keyword":"진천군","e_type":"NEW"},{"st":6,"eIdx":1,"ancestor":"","en":16,"ne_type":"","keyword":"<진천군_(왕족)>","e_type":"ELU"},{"st":26,"eIdx":2,"ancestor":"","en":33,"ne_type":"","keyword":"[1591년]","e_type":"WIKILINK"},{"st":36,"eIdx":3,"ancestor":"","en":43,"ne_type":"","keyword":"[1664년]","e_type":"WIKILINK"},{"st":46,"eIdx":4,"ancestor":"","en":50,"ne_type":"","keyword":"[조선]","e_type":"WIKILINK"},{"st":60,"eIdx":5,"ancestor":"","en":67,"ne_type":"","keyword":"[덕흥대원군]","e_type":"WIKILINK"},{"st":74,"eIdx":6,"ancestor":"","en":81,"ne_type":"","keyword":"[조선_선조]","e_type":"WIKILINK"},{"st":86,"eIdx":7,"ancestor":"","en":91,"ne_type":"","keyword":"[하원군]","e_type":"WIKILINK"},{"st":104,"eIdx":8,"ancestor":"-2","en":104,"cwStateCd":"FIXED","ne_type":"LOCATION","cwSelIdx":[],"type":"ENTITY","keyword":"전주","e_type":"NEW"},{"st":113,"eIdx":9,"ancestor":"-2","en":113,"cwStateCd":"FIXED","ne_type":"PERSON","cwSelIdx":13,"type":"ENTITY","keyword":"희경","e_type":"NEW"}],"wikiPageId":438064,"pIdx":1,"text":"[진천군] <진천군_(왕족)>(晋川君 李喜慶, [1591년] ~ [1664년])은 [조선] 중기의 왕족으로 [덕흥대원군] 증손이며, [조선_선조]의 백형 [하원군]의 손자이다. 본관은 [전주], 휘는 [희경](喜慶)이다."}