{"result":[{"verbs":[{"word_id":3,"ancestor":["1-0"],"verb":"있","cwStateCd":"FIXED","cwSelIdx":0}],"text":"<필립스뷔르흐>()는 [카리브_해]의 [세인트마틴_섬]에 있는 [네덜란드]령 [신트마르턴]의 수도이다."}],"globalSId":[3427919],"entities":[{"st":0,"eIdx":0,"ancestor":"","en":8,"ne_type":"","keyword":"<필립스뷔르흐>","e_type":"ELU"},{"st":12,"eIdx":1,"ancestor":"","en":19,"ne_type":"","keyword":"[카리브_해]","e_type":"WIKILINK"},{"st":21,"eIdx":2,"ancestor":"","en":30,"ne_type":"","keyword":"[세인트마틴_섬]","e_type":"WIKILINK"},{"st":35,"eIdx":3,"ancestor":"","en":41,"ne_type":"","keyword":"[네덜란드]","e_type":"WIKILINK"},{"st":43,"eIdx":4,"ancestor":"","en":50,"ne_type":"","keyword":"[신트마르턴]","e_type":"WIKILINK"}],"wikiPageId":1186184,"pIdx":1,"text":"<필립스뷔르흐>()는 [카리브_해]의 [세인트마틴_섬]에 있는 [네덜란드]령 [신트마르턴]의 수도이다."}