{"result":[{"verbs":[{"word_id":4,"ancestor":["1-0"],"verb":"흘러가","cwStateCd":"FIXED","cwSelIdx":0},{"word_id":10,"ancestor":["1-0"],"verb":"해당","cwStateCd":"FIXED","cwSelIdx":0}],"text":"[니이다_강]()는 [일본] [이와테_현]에서 [아오모리_현]으로 흘러가는 2급 하천으로 [니이다_강] 수계 본류에 해당한다."},{"verbs":[],"text":"유로연장 78.1km, 유역면적은 585.4km²이다."}],"globalSId":[2268746,2268747],"entities":[{"st":0,"eIdx":0,"ancestor":"-2","en":6,"cwStateCd":"FIXED","ne_type":"LOCATION","cwSelIdx":[],"type":"ENTITY","keyword":"[니이다_강]","e_type":"NEW"},{"st":11,"eIdx":1,"ancestor":"","en":15,"ne_type":"","keyword":"[일본]","e_type":"WIKILINK"},{"st":16,"eIdx":2,"ancestor":"","en":23,"ne_type":"","keyword":"[이와테_현]","e_type":"WIKILINK"},{"st":26,"eIdx":3,"ancestor":"","en":34,"ne_type":"","keyword":"[아오모리_현]","e_type":"WIKILINK"},{"st":50,"eIdx":4,"ancestor":"1-0","en":56,"cwStateCd":"FIXED","ne_type":"LOCATION","cwSelIdx":0,"type":"ENTITY","keyword":"[니이다_강]","e_type":"NEW"}],"wikiPageId":540944,"pIdx":1,"text":"[니이다_강]()는 [일본] [이와테_현]에서 [아오모리_현]으로 흘러가는 2급 하천으로 [니이다_강] 수계 본류에 해당한다. 유로연장 78.1km, 유역면적은 585.4km²이다."}