{"result":[{"verbs":[{"word_id":4,"ancestor":["1-0"],"verb":"개최","cwStateCd":"FIXED","cwSelIdx":0},{"word_id":6,"ancestor":["1-1"],"verb":"참가","cwStateCd":"FIXED","cwSelIdx":1}],"text":"[1976년_동계_올림픽] [이탈리아_선수단]은 [오스트리아] [인스브루크]에서 개최된 [1976년_동계_올림픽]에 참가한 [올림픽_이탈리아_선수단]이다."}],"globalSId":[2125265],"entities":[{"st":0,"eIdx":0,"ancestor":"-2","en":13,"cwStateCd":"FIXED","ne_type":"ETC","cwSelIdx":[],"type":"ENTITY","keyword":"[1976년_동계_올림픽]","e_type":"NEW"},{"st":15,"eIdx":1,"ancestor":"-2","en":24,"cwStateCd":"FIXED","ne_type":"PERSON","cwSelIdx":[],"type":"ENTITY","keyword":"[이탈리아_선수단]","e_type":"NEW"},{"st":27,"eIdx":2,"ancestor":"","en":34,"ne_type":"","keyword":"[오스트리아]","e_type":"WIKILINK"},{"st":35,"eIdx":3,"ancestor":"","en":42,"ne_type":"","keyword":"[인스브루크]","e_type":"WIKILINK"},{"st":49,"eIdx":4,"ancestor":"","en":63,"ne_type":"","keyword":"[1976년_동계_올림픽]","e_type":"WIKILINK"},{"st":69,"eIdx":5,"ancestor":"","en":83,"ne_type":"","keyword":"[올림픽_이탈리아_선수단]","e_type":"WIKILINK"}],"wikiPageId":478849,"pIdx":1,"text":"[1976년_동계_올림픽] [이탈리아_선수단]은 [오스트리아] [인스브루크]에서 개최된 [1976년_동계_올림픽]에 참가한 [올림픽_이탈리아_선수단]이다."}