{"result":[{"verbs":[],"text":"<카를로만_(궁재)>(Carloman, [750년]\/[751년]? [6월_28일] - [771년] [12월_4일])는 [프랑크_왕국]의 서부 지역의 군주로, [카롤링거_왕조] 출신 [부르군드]와 [네우스트리아], [프로방스], [아키텐]의 영주였다."},{"verbs":[],"text":"[피핀_3세]의 둘째 아들이자 [카롤루스_대제]의 동생이었다."},{"verbs":[{"word_id":0,"ancestor":"-2","verb":"같","cwStateCd":"FIXED","cwSelIdx":[]}],"text":"같은 이름을 가진 [카를로만_(궁재)]은 그의 동복 큰아버지였다."},{"verbs":[],"text":"다른 별칭은 <네우스트리아>의 <카를로만_(궁재)>(Carloman of Neustria)이기도 하다."}],"globalSId":[2155176,2155177,2155178,2155179],"entities":[{"st":0,"eIdx":0,"ancestor":"","en":11,"ne_type":"","keyword":"<카를로만_(궁재)>","e_type":"ELU"},{"st":22,"eIdx":1,"ancestor":"","en":28,"ne_type":"","keyword":"[750년]","e_type":"WIKILINK"},{"st":29,"eIdx":2,"ancestor":"","en":35,"ne_type":"","keyword":"[751년]","e_type":"WIKILINK"},{"st":37,"eIdx":3,"ancestor":"","en":45,"ne_type":"","keyword":"[6월_28일]","e_type":"WIKILINK"},{"st":48,"eIdx":4,"ancestor":"","en":54,"ne_type":"","keyword":"[771년]","e_type":"WIKILINK"},{"st":55,"eIdx":5,"ancestor":"","en":63,"ne_type":"","keyword":"[12월_4일]","e_type":"WIKILINK"},{"st":66,"eIdx":6,"ancestor":"","en":74,"ne_type":"","keyword":"[프랑크_왕국]","e_type":"WIKILINK"},{"st":88,"eIdx":7,"ancestor":"","en":97,"ne_type":"","keyword":"[카롤링거_왕조]","e_type":"WIKILINK"},{"st":101,"eIdx":8,"ancestor":"","en":107,"ne_type":"","keyword":"[부르군드]","e_type":"WIKILINK"},{"st":109,"eIdx":9,"ancestor":"","en":117,"ne_type":"","keyword":"[네우스트리아]","e_type":"WIKILINK"},{"st":119,"eIdx":10,"ancestor":"","en":125,"ne_type":"","keyword":"[프로방스]","e_type":"WIKILINK"},{"st":127,"eIdx":11,"ancestor":"","en":132,"ne_type":"","keyword":"[아키텐]","e_type":"WIKILINK"},{"st":140,"eIdx":12,"ancestor":"","en":147,"ne_type":"","keyword":"[피핀_3세]","e_type":"WIKILINK"},{"st":157,"eIdx":13,"ancestor":"","en":166,"ne_type":"","keyword":"[카롤루스_대제]","e_type":"WIKILINK"},{"st":185,"eIdx":14,"ancestor":"","en":196,"ne_type":"","keyword":"[카를로만_(궁재)]","e_type":"WIKILINK"},{"st":219,"eIdx":15,"ancestor":"","en":227,"ne_type":"","keyword":"<네우스트리아>","e_type":"ELU"},{"st":229,"eIdx":16,"ancestor":"","en":240,"ne_type":"","keyword":"<카를로만_(궁재)>","e_type":"ELU"}],"wikiPageId":489160,"pIdx":1,"text":"<카를로만_(궁재)>(Carloman, [750년]\/[751년]? [6월_28일] - [771년] [12월_4일])는 [프랑크_왕국]의 서부 지역의 군주로, [카롤링거_왕조] 출신 [부르군드]와 [네우스트리아], [프로방스], [아키텐]의 영주였다. [피핀_3세]의 둘째 아들이자 [카롤루스_대제]의 동생이었다. 같은 이름을 가진 [카를로만_(궁재)]은 그의 동복 큰아버지였다. 다른 별칭은 <네우스트리아>의 <카를로만_(궁재)>(Carloman of Neustria)이기도 하다."}