{"result":[{"verbs":[{"word_id":3,"ancestor":"-2","verb":"붕괴","cwStateCd":"FIXED","cwSelIdx":[]},{"word_id":11,"ancestor":"-2","verb":"붕괴","cwStateCd":"FIXED","cwSelIdx":[]},{"word_id":16,"ancestor":"-2","verb":"조롱","cwStateCd":"FIXED","cwSelIdx":[]}],"text":"[4.19_혁명]으로 [자유당] 정권이 붕괴되자 일부 야당 인사들은 자신의 공로로 [자유당_(대한민국)] 독재가 붕괴되었다고 자랑하였고, 일부는 <자유당_(대한민국)>과 [이승만]을 조롱하였으나 그는 자랑이나 [자유당] 비난을 삼가하였다."},{"verbs":[{"word_id":3,"ancestor":"-2","verb":"열리","cwStateCd":"FIXED","cwSelIdx":[]},{"word_id":8,"ancestor":["65-2"],"verb":"지명","cwStateCd":"FIXED","cwSelIdx":35},{"word_id":10,"ancestor":["65-2"],"verb":"얻","cwStateCd":"FIXED","cwSelIdx":35}],"text":"[1960년] [7월] [민의원]에서 열린 대통령 선거에서 대통령 후보자로 지명되었으나 1표를 얻었다."},{"verbs":[{"word_id":6,"ancestor":"-2","verb":"나뉘","cwStateCd":"FIXED","cwSelIdx":[]}],"text":"[1960년]에는 다시 [민주당_(1955년)] 신파가 [노장파]와 [소장파]로 나뉘자 그는 [민주당_(1955년)] [신파]의 [소장파]의 [리더]로 활약했다."}],"globalSId":[396845,396846,396847],"entities":[{"st":0,"eIdx":0,"ancestor":"-2","en":8,"cwStateCd":"FIXED","ne_type":"ETC","cwSelIdx":[],"type":"ENTITY","keyword":"[4.19_혁명]","e_type":"NEW"},{"st":12,"eIdx":1,"ancestor":"65-3","en":16,"cwStateCd":"FIXED","ne_type":"ORGANIZATION","cwSelIdx":36,"type":"ENTITY","keyword":"[자유당]","e_type":"NEW"},{"st":46,"eIdx":2,"ancestor":"","en":58,"ne_type":"","keyword":"[자유당_(대한민국)]","e_type":"WIKILINK"},{"st":81,"eIdx":3,"ancestor":"","en":93,"ne_type":"","keyword":"<자유당_(대한민국)>","e_type":"ELU"},{"st":95,"eIdx":4,"ancestor":"","en":100,"ne_type":"","keyword":"[이승만]","e_type":"WIKILINK"},{"st":117,"eIdx":5,"ancestor":"67-1","en":121,"cwStateCd":"FIXED","ne_type":"ORGANIZATION","cwSelIdx":1,"type":"ENTITY","keyword":"[자유당]","e_type":"NEW"},{"st":134,"eIdx":6,"ancestor":"","en":141,"ne_type":"","keyword":"[1960년]","e_type":"WIKILINK"},{"st":142,"eIdx":7,"ancestor":"","en":146,"ne_type":"","keyword":"[7월]","e_type":"WIKILINK"},{"st":147,"eIdx":8,"ancestor":"","en":152,"ne_type":"","keyword":"[민의원]","e_type":"WIKILINK"},{"st":192,"eIdx":9,"ancestor":"","en":199,"ne_type":"","keyword":"[1960년]","e_type":"WIKILINK"},{"st":205,"eIdx":10,"ancestor":"","en":218,"ne_type":"","keyword":"[민주당_(1955년)]","e_type":"WIKILINK"},{"st":223,"eIdx":11,"ancestor":"-2","en":227,"cwStateCd":"FIXED","ne_type":"ETC","cwSelIdx":[],"type":"ENTITY","keyword":"[노장파]","e_type":"NEW"},{"st":230,"eIdx":12,"ancestor":"-2","en":234,"cwStateCd":"FIXED","ne_type":"ETC","cwSelIdx":[],"type":"ENTITY","keyword":"[소장파]","e_type":"NEW"},{"st":244,"eIdx":13,"ancestor":"","en":257,"ne_type":"","keyword":"[민주당_(1955년)]","e_type":"WIKILINK"},{"st":258,"eIdx":14,"ancestor":"-2","en":261,"cwStateCd":"FIXED","ne_type":"ETC","cwSelIdx":[],"type":"ENTITY","keyword":"[신파]","e_type":"NEW"},{"st":264,"eIdx":15,"ancestor":"67-12","en":268,"cwStateCd":"FIXED","ne_type":"ETC","cwSelIdx":38,"type":"ENTITY","keyword":"[소장파]","e_type":"NEW"},{"st":271,"eIdx":16,"ancestor":"67-4","en":274,"cwStateCd":"FIXED","ne_type":"ETC","cwSelIdx":15,"type":"ENTITY","keyword":"[리더]","e_type":"NEW"}],"wikiPageId":41947,"pIdx":67,"text":"[4.19_혁명]으로 [자유당] 정권이 붕괴되자 일부 야당 인사들은 자신의 공로로 [자유당_(대한민국)] 독재가 붕괴되었다고 자랑하였고, 일부는 <자유당_(대한민국)>과 [이승만]을 조롱하였으나 그는 자랑이나 [자유당] 비난을 삼가하였다. [1960년] [7월] [민의원]에서 열린 대통령 선거에서 대통령 후보자로 지명되었으나 1표를 얻었다. [1960년]에는 다시 [민주당_(1955년)] 신파가 [노장파]와 [소장파]로 나뉘자 그는 [민주당_(1955년)] [신파]의 [소장파]의 [리더]로 활약했다."}