{"result":[{"verbs":[{"word_id":3,"ancestor":["1-0"],"verb":"있","cwStateCd":"FIXED","cwSelIdx":0},{"word_id":6,"ancestor":["1-0"],"verb":"위치","cwStateCd":"FIXED","cwSelIdx":0}],"text":"[상하이_디즈니랜드]()는 [중화인민공화국] [상하이_시]에 있는 [상하이_디즈니_리조트] 내에 위치한 [디즈니_공원]이다."},{"verbs":[{"word_id":2,"ancestor":["1-0"],"verb":"개업","cwStateCd":"FIXED","cwSelIdx":0}],"text":"[2016년] [6월_16일]에 개업하였다."}],"globalSId":[3794149,3794150],"entities":[{"st":0,"eIdx":0,"ancestor":"-2","en":10,"cwStateCd":"FIXED","ne_type":"LOCATION","cwSelIdx":[],"type":"ENTITY","keyword":"[상하이_디즈니랜드]","e_type":"NEW"},{"st":15,"eIdx":1,"ancestor":"","en":24,"ne_type":"","keyword":"[중화인민공화국]","e_type":"WIKILINK"},{"st":25,"eIdx":2,"ancestor":"","en":32,"ne_type":"","keyword":"[상하이_시]","e_type":"WIKILINK"},{"st":37,"eIdx":3,"ancestor":"","en":50,"ne_type":"","keyword":"[상하이_디즈니_리조트]","e_type":"WIKILINK"},{"st":58,"eIdx":4,"ancestor":"-1","en":65,"cwStateCd":"FIXED","ne_type":"LOCATION","cwSelIdx":[],"type":"ENTITY","keyword":"[디즈니_공원]","e_type":"NEW"},{"st":70,"eIdx":5,"ancestor":"","en":77,"ne_type":"","keyword":"[2016년]","e_type":"WIKILINK"},{"st":78,"eIdx":6,"ancestor":"","en":86,"ne_type":"","keyword":"[6월_16일]","e_type":"WIKILINK"}],"wikiPageId":1512589,"pIdx":1,"text":"[상하이_디즈니랜드]()는 [중화인민공화국] [상하이_시]에 있는 [상하이_디즈니_리조트] 내에 위치한 [디즈니_공원]이다. [2016년] [6월_16일]에 개업하였다."}