{"result":[{"verbs":[{"word_id":7,"ancestor":"-2","verb":"포함","cwStateCd":"FIXED","cwSelIdx":[]}],"text":"[몬스터_음료_주식회사]는 [블루_스카이_음료]를 <자회사>로 두고 있는 [한센_소]다, [몬스터_에너지]를 포함한 과일 주스, [에너지_음료], [청량_음료] 제조 회사이다."}],"globalSId":[3146531],"entities":[{"st":0,"eIdx":0,"ancestor":"-2","en":12,"cwStateCd":"FIXED","ne_type":"ORGANIZATION","cwSelIdx":[],"type":"ENTITY","keyword":"[몬스터_음료_주식회사]","e_type":"NEW"},{"st":15,"eIdx":1,"ancestor":"","en":26,"ne_type":"","keyword":"[블루_스카이_음료]","e_type":"WIKILINK"},{"st":28,"eIdx":2,"ancestor":"","en":33,"ne_type":"","keyword":"<자회사>","e_type":"ELU"},{"st":41,"eIdx":3,"ancestor":"-1","en":46,"cwStateCd":"FIXED","ne_type":"ETC","cwSelIdx":[],"type":"ENTITY","keyword":"[한센_소]","e_type":"NEW"},{"st":50,"eIdx":4,"ancestor":"","en":59,"ne_type":"","keyword":"[몬스터_에너지]","e_type":"WIKILINK"},{"st":72,"eIdx":5,"ancestor":"","en":80,"ne_type":"","keyword":"[에너지_음료]","e_type":"WIKILINK"},{"st":82,"eIdx":6,"ancestor":"","en":89,"ne_type":"","keyword":"[청량_음료]","e_type":"WIKILINK"}],"wikiPageId":983147,"pIdx":1,"text":"[몬스터_음료_주식회사]는 [블루_스카이_음료]를 <자회사>로 두고 있는 [한센_소]다, [몬스터_에너지]를 포함한 과일 주스, [에너지_음료], [청량_음료] 제조 회사이다."}