{"result":[{"verbs":[{"word_id":3,"ancestor":["1-0"],"verb":"속","cwStateCd":"FIXED","cwSelIdx":0}],"text":"[존스턴제넷](\"Genetta johnstoni\")은 [사향고양이과]에 속하는 [제넷속]의 일종이다."},{"verbs":[{"word_id":3,"ancestor":["1-0"],"verb":"발견","cwStateCd":"FIXED","cwSelIdx":0},{"word_id":4,"ancestor":"-2","verb":"작","cwStateCd":"FIXED","cwSelIdx":[]}],"text":"[나이저_강] 상부 산림에서 발견되는 작은 [식육목] 동물이다."},{"verbs":[{"word_id":3,"ancestor":"-2","verb":"사용","cwStateCd":"FIXED","cwSelIdx":[]},{"word_id":9,"ancestor":"-2","verb":"파괴","cwStateCd":"FIXED","cwSelIdx":[]},{"word_id":10,"ancestor":"-2","verb":"따르","cwStateCd":"FIXED","cwSelIdx":[]},{"word_id":16,"ancestor":["1-0"],"verb":"분류","cwStateCd":"FIXED","cwSelIdx":0}],"text":"농경지 또는 산업용을 사용하기 위한 산림 벌채로 우림 서식지가 파괴됨에 따라서 [IUCN_적색_목록]에서 취약종(VU, Vulnerable species)으로 지정, 분류하고 있다."}],"globalSId":[3776025,3776026,3776027],"entities":[{"st":0,"eIdx":0,"ancestor":"-2","en":6,"cwStateCd":"FIXED","ne_type":"ETC","cwSelIdx":[],"type":"ENTITY","keyword":"[존스턴제넷]","e_type":"NEW"},{"st":30,"eIdx":1,"ancestor":"","en":38,"ne_type":"","keyword":"[사향고양이과]","e_type":"WIKILINK"},{"st":44,"eIdx":2,"ancestor":"","en":49,"ne_type":"","keyword":"[제넷속]","e_type":"WIKILINK"},{"st":57,"eIdx":3,"ancestor":"-2","en":63,"cwStateCd":"FIXED","ne_type":"LOCATION","cwSelIdx":[],"type":"ENTITY","keyword":"[나이저_강]","e_type":"NEW"},{"st":81,"eIdx":4,"ancestor":"","en":86,"ne_type":"","keyword":"[식육목]","e_type":"WIKILINK"},{"st":137,"eIdx":5,"ancestor":"","en":149,"ne_type":"","keyword":"[IUCN_적색_목록]","e_type":"WIKILINK"}],"wikiPageId":1493023,"pIdx":1,"text":"[존스턴제넷](\"Genetta johnstoni\")은 [사향고양이과]에 속하는 [제넷속]의 일종이다. [나이저_강] 상부 산림에서 발견되는 작은 [식육목] 동물이다. 농경지 또는 산업용을 사용하기 위한 산림 벌채로 우림 서식지가 파괴됨에 따라서 [IUCN_적색_목록]에서 취약종(VU, Vulnerable species)으로 지정, 분류하고 있다."}