{"result":[{"verbs":[{"word_id":5,"ancestor":["1-0"],"verb":"위치","cwStateCd":"FIXED","cwSelIdx":0},{"word_id":14,"ancestor":["1-0"],"verb":"떨어지","cwStateCd":"FIXED","cwSelIdx":0},{"word_id":16,"ancestor":["1-0"],"verb":"위치","cwStateCd":"FIXED","cwSelIdx":0}],"text":"<파드니에브코>()는 [폴란드] 중북부 [쿠야비포모제_주] [모길노_군]에 위치한 마을로, [모길노](Mogilno)에서 북서쪽으로 4km, [비드고슈치]에서 남쪽으로 51km 정도 떨어진 곳에 위치한다."}],"globalSId":[2733047],"entities":[{"st":0,"eIdx":0,"ancestor":"","en":8,"ne_type":"","keyword":"<파드니에브코>","e_type":"ELU"},{"st":12,"eIdx":1,"ancestor":"","en":17,"ne_type":"","keyword":"[폴란드]","e_type":"WIKILINK"},{"st":22,"eIdx":2,"ancestor":"","en":32,"ne_type":"","keyword":"[쿠야비포모제_주]","e_type":"WIKILINK"},{"st":33,"eIdx":3,"ancestor":"","en":40,"ne_type":"","keyword":"[모길노_군]","e_type":"WIKILINK"},{"st":51,"eIdx":4,"ancestor":"-2","en":55,"cwStateCd":"FIXED","ne_type":"LOCATION","cwSelIdx":[],"type":"ENTITY","keyword":"[모길노]","e_type":"NEW"},{"st":79,"eIdx":5,"ancestor":"","en":86,"ne_type":"","keyword":"[비드고슈치]","e_type":"WIKILINK"}],"wikiPageId":755873,"pIdx":1,"text":"<파드니에브코>()는 [폴란드] 중북부 [쿠야비포모제_주] [모길노_군]에 위치한 마을로, [모길노](Mogilno)에서 북서쪽으로 4km, [비드고슈치]에서 남쪽으로 51km 정도 떨어진 곳에 위치한다."}