{"result":[{"verbs":[{"word_id":3,"ancestor":["1-0"],"verb":"위치","cwStateCd":"FIXED","cwSelIdx":0}],"text":"[필라르]()는 [파라과이] 남서부에 위치한 도시로 [녬부쿠_주]의 주도이며 면적은 1,130㎢, 인구는 28,716명([2008년] 기준)이다."},{"verbs":[{"word_id":4,"ancestor":["1-4"],"verb":"떨어지","cwStateCd":"FIXED","cwSelIdx":13},{"word_id":6,"ancestor":["1-0"],"verb":"위치","cwStateCd":"FIXED","cwSelIdx":0},{"word_id":8,"ancestor":["1-0"],"verb":"접","cwStateCd":"FIXED","cwSelIdx":0}],"text":"수도 [아순시온]에서 358km 정도 떨어진 곳에 위치하며 [파라과이_강]과 접한다."}],"globalSId":[3603993,3603994],"entities":[{"st":0,"eIdx":0,"ancestor":"-2","en":4,"cwStateCd":"FIXED","ne_type":"LOCATION","cwSelIdx":[],"type":"ENTITY","keyword":"[필라르]","e_type":"NEW"},{"st":9,"eIdx":1,"ancestor":"","en":15,"ne_type":"","keyword":"[파라과이]","e_type":"WIKILINK"},{"st":29,"eIdx":2,"ancestor":"","en":36,"ne_type":"","keyword":"[녬부쿠_주]","e_type":"WIKILINK"},{"st":67,"eIdx":3,"ancestor":"-2","en":65,"cwStateCd":"FIXED","ne_type":"TIME","cwSelIdx":[],"type":"ENTITY","keyword":"[2008년]","e_type":"NEW"},{"st":85,"eIdx":4,"ancestor":"","en":91,"ne_type":"","keyword":"[아순시온]","e_type":"WIKILINK"},{"st":115,"eIdx":5,"ancestor":"","en":123,"ne_type":"","keyword":"[파라과이_강]","e_type":"WIKILINK"}],"wikiPageId":1335441,"pIdx":1,"text":"[필라르]()는 [파라과이] 남서부에 위치한 도시로 [녬부쿠_주]의 주도이며 면적은 1,130㎢, 인구는 28,716명([2008년] 기준)이다. 수도 [아순시온]에서 358km 정도 떨어진 곳에 위치하며 [파라과이_강]과 접한다."}