{"result":[{"verbs":[],"text":"<로리콘>(Roricon, [904년] - [976년]) 또는 [로리코](Rorico)는 [카롤링거_왕조] 출신 [서프랑크]의 왕자이자 귀족이다."},{"verbs":[],"text":"[샤를_3세_(서프랑크)]의 서자로, [루이_4세] [투르트메르]의 이복 동생이다."},{"verbs":[{"word_id":4,"ancestor":["1-0"],"verb":"되","cwStateCd":"FIXED","cwSelIdx":0}],"text":"그는 일찍이 가톨릭 성직자가 되었다."}],"globalSId":[3566857,3566858,3566859],"entities":[{"st":0,"eIdx":0,"ancestor":"","en":5,"ne_type":"","keyword":"<로리콘>","e_type":"ELU"},{"st":15,"eIdx":1,"ancestor":"","en":21,"ne_type":"","keyword":"[904년]","e_type":"WIKILINK"},{"st":24,"eIdx":2,"ancestor":"","en":30,"ne_type":"","keyword":"[976년]","e_type":"WIKILINK"},{"st":35,"eIdx":3,"ancestor":"1-0","en":39,"cwStateCd":"FIXED","ne_type":"PERSON","cwSelIdx":0,"type":"ENTITY","keyword":"[로리코]","e_type":"NEW"},{"st":50,"eIdx":4,"ancestor":"","en":59,"ne_type":"","keyword":"[카롤링거_왕조]","e_type":"WIKILINK"},{"st":63,"eIdx":5,"ancestor":"-2","en":68,"cwStateCd":"FIXED","ne_type":"ORGANIZATION","cwSelIdx":[],"type":"ENTITY","keyword":"[서프랑크]","e_type":"NEW"},{"st":82,"eIdx":6,"ancestor":"","en":96,"ne_type":"","keyword":"[샤를_3세_(서프랑크)]","e_type":"WIKILINK"},{"st":103,"eIdx":7,"ancestor":"","en":110,"ne_type":"","keyword":"[루이_4세]","e_type":"WIKILINK"},{"st":111,"eIdx":8,"ancestor":"1-7","en":117,"cwStateCd":"FIXED","ne_type":"PERSON","cwSelIdx":13,"type":"ENTITY","keyword":"[투르트메르]","e_type":"NEW"}],"wikiPageId":1311234,"pIdx":1,"text":"<로리콘>(Roricon, [904년] - [976년]) 또는 [로리코](Rorico)는 [카롤링거_왕조] 출신 [서프랑크]의 왕자이자 귀족이다. [샤를_3세_(서프랑크)]의 서자로, [루이_4세] [투르트메르]의 이복 동생이다. 그는 일찍이 가톨릭 성직자가 되었다."}