{"result":[{"verbs":[{"word_id":5,"ancestor":["1-0"],"verb":"있","cwStateCd":"FIXED","cwSelIdx":0}],"text":"<미야기_현>()은 [일본] [도호쿠_지방] [태평양] 연안에 있는 현이고, 현청 소재지는 [센다이_시]이다."}],"globalSId":[255928],"entities":[{"st":0,"eIdx":0,"ancestor":"","en":7,"ne_type":"","keyword":"<미야기_현>","e_type":"ELU"},{"st":11,"eIdx":1,"ancestor":"","en":15,"ne_type":"","keyword":"[일본]","e_type":"WIKILINK"},{"st":16,"eIdx":2,"ancestor":"","en":24,"ne_type":"","keyword":"[도호쿠_지방]","e_type":"WIKILINK"},{"st":25,"eIdx":3,"ancestor":"","en":30,"ne_type":"","keyword":"[태평양]","e_type":"WIKILINK"},{"st":51,"eIdx":4,"ancestor":"","en":58,"ne_type":"","keyword":"[센다이_시]","e_type":"WIKILINK"}],"wikiPageId":23361,"pIdx":1,"text":"<미야기_현>()은 [일본] [도호쿠_지방] [태평양] 연안에 있는 현이고, 현청 소재지는 [센다이_시]이다."}