{"result":[{"verbs":[{"word_id":4,"ancestor":["1-0"],"verb":"위치","cwStateCd":"FIXED","cwSelIdx":0}],"text":"<카우하요키>()는 [핀란드] [서핀란드_주] [남포흐얀마_지역]에 위치한 도시로, 면적은 1,315.56㎢, 인구는 14,189명([2012년] 기준), 인구 밀도는 10.92명\/㎢이다."},{"verbs":[],"text":"."}],"globalSId":[2803232],"entities":[{"st":0,"eIdx":0,"ancestor":"","en":7,"ne_type":"","keyword":"<카우하요키>","e_type":"ELU"},{"st":11,"eIdx":1,"ancestor":"","en":16,"ne_type":"","keyword":"[핀란드]","e_type":"WIKILINK"},{"st":17,"eIdx":2,"ancestor":"","en":25,"ne_type":"","keyword":"[서핀란드_주]","e_type":"WIKILINK"},{"st":26,"eIdx":3,"ancestor":"","en":36,"ne_type":"","keyword":"[남포흐얀마_지역]","e_type":"WIKILINK"},{"st":74,"eIdx":4,"ancestor":"-2","en":72,"cwStateCd":"FIXED","ne_type":"TIME","cwSelIdx":[],"type":"ENTITY","keyword":"[2012년]","e_type":"NEW"}],"wikiPageId":794333,"pIdx":1,"text":"<카우하요키>()는 [핀란드] [서핀란드_주] [남포흐얀마_지역]에 위치한 도시로, 면적은 1,315.56㎢, 인구는 14,189명([2012년] 기준), 인구 밀도는 10.92명\/㎢이다.."}