{"result":[{"verbs":[{"word_id":3,"ancestor":["1-0"],"verb":"속","cwStateCd":"FIXED","cwSelIdx":0}],"text":"[붉은갈색집박쥐](\"Hypsugo kitcheneri\")는 [애기박쥐과]에 속하는 [박쥐]의 일종이다."},{"verbs":[{"word_id":1,"ancestor":["1-0"],"verb":"발견","cwStateCd":"FIXED","cwSelIdx":0},{"word_id":5,"ancestor":["1-0"],"verb":"추정","cwStateCd":"FIXED","cwSelIdx":0}],"text":"[인도네시아]에서 발견되며, [말레이시아]에서도 서식하는 것으로 추정된다."}],"globalSId":[4004738,4004739],"entities":[{"st":0,"eIdx":0,"ancestor":"-2","en":8,"cwStateCd":"FIXED","ne_type":"ETC","cwSelIdx":[],"type":"ENTITY","keyword":"[붉은갈색집박쥐]","e_type":"NEW"},{"st":33,"eIdx":1,"ancestor":"","en":40,"ne_type":"","keyword":"[애기박쥐과]","e_type":"WIKILINK"},{"st":46,"eIdx":2,"ancestor":"","en":50,"ne_type":"","keyword":"[박쥐]","e_type":"WIKILINK"},{"st":58,"eIdx":3,"ancestor":"","en":65,"ne_type":"","keyword":"[인도네시아]","e_type":"WIKILINK"},{"st":74,"eIdx":4,"ancestor":"","en":81,"ne_type":"","keyword":"[말레이시아]","e_type":"WIKILINK"}],"wikiPageId":1772496,"pIdx":1,"text":"[붉은갈색집박쥐](\"Hypsugo kitcheneri\")는 [애기박쥐과]에 속하는 [박쥐]의 일종이다. [인도네시아]에서 발견되며, [말레이시아]에서도 서식하는 것으로 추정된다."}