{"result":[{"verbs":[],"text":"[판정문제]."},{"verbs":[{"word_id":11,"ancestor":"-2","verb":"정립","cwStateCd":"FIXED","cwSelIdx":[]},{"word_id":16,"ancestor":"-2","verb":"해결","cwStateCd":"FIXED","cwSelIdx":[]},{"word_id":19,"ancestor":"-2","verb":"부유","cwStateCd":"FIXED","cwSelIdx":[]}],"text":"[1900년] 수학자 [다비트_힐베르트]가 제안한 [힐베르트의_문제들] 중 열 번째 문제는 그 개념이 정립되기 이전에 거의 30년 가까이 해결되지 않은 채 부유했다."},{"verbs":[{"word_id":3,"ancestor":"-2","verb":"같","cwStateCd":"FIXED","cwSelIdx":[]}],"text":"<힐베르트의_문제들> 문제는 다음과 같다."}],"globalSId":[20858,20859,20860],"entities":[{"st":0,"eIdx":0,"ancestor":"","en":6,"ne_type":"","keyword":"[판정문제]","e_type":"WIKILINK"},{"st":8,"eIdx":1,"ancestor":"-2","en":14,"cwStateCd":"FIXED","ne_type":"TIME","cwSelIdx":[],"type":"ENTITY","keyword":"[1900년]","e_type":"NEW"},{"st":20,"eIdx":2,"ancestor":"","en":30,"ne_type":"","keyword":"[다비트_힐베르트]","e_type":"WIKILINK"},{"st":36,"eIdx":3,"ancestor":"","en":47,"ne_type":"","keyword":"[힐베르트의_문제들]","e_type":"WIKILINK"},{"st":101,"eIdx":4,"ancestor":"","en":112,"ne_type":"","keyword":"<힐베르트의_문제들>","e_type":"ELU"}],"wikiPageId":786,"pIdx":34,"text":"[판정문제]. [1900년] 수학자 [다비트_힐베르트]가 제안한 [힐베르트의_문제들] 중 열 번째 문제는 그 개념이 정립되기 이전에 거의 30년 가까이 해결되지 않은 채 부유했다. <힐베르트의_문제들> 문제는 다음과 같다."}