{"result":[{"verbs":[{"word_id":5,"ancestor":["1-0"],"verb":"위치","cwStateCd":"FIXED","cwSelIdx":0}],"text":"[로렌](, , )은 [프랑스] 북동부에 위치한 [프랑스의_레지옹]으로 중심 도시는 [메스_(프랑스)]이며 면적은 23,547㎢, 인구는 2,939,393명(2012년 기준)이다."}],"globalSId":[204845],"entities":[{"st":0,"eIdx":0,"ancestor":"-2","en":3,"cwStateCd":"FIXED","ne_type":"LOCATION","cwSelIdx":[],"type":"ENTITY","keyword":"[로렌]","e_type":"NEW"},{"st":12,"eIdx":1,"ancestor":"","en":17,"ne_type":"","keyword":"[프랑스]","e_type":"WIKILINK"},{"st":27,"eIdx":2,"ancestor":"","en":37,"ne_type":"","keyword":"[프랑스의_레지옹]","e_type":"WIKILINK"},{"st":47,"eIdx":3,"ancestor":"","en":57,"ne_type":"","keyword":"[메스_(프랑스)]","e_type":"WIKILINK"}],"wikiPageId":13759,"pIdx":1,"text":"[로렌](, , )은 [프랑스] 북동부에 위치한 [프랑스의_레지옹]으로 중심 도시는 [메스_(프랑스)]이며 면적은 23,547㎢, 인구는 2,939,393명(2012년 기준)이다."}