{"result":[{"verbs":[{"word_id":6,"ancestor":["1-0"],"verb":"있","cwStateCd":"FIXED","cwSelIdx":0}],"text":"<대구_동화사_금당_아미타극락회상도>(大邱 桐華寺 金堂 阿彌陀極樂會上圖)는 [대구광역시]?[동구_(대구광역시)], [동화사]에 있는 <조선>의 불화이다."},{"verbs":[{"word_id":3,"ancestor":["1-0"],"verb":"지정","cwStateCd":"FIXED","cwSelIdx":0}],"text":"[2012년_1월_30일] [대구광역시의_문화재자료] 제47호로 지정되었다."}],"globalSId":[3196320,3196321],"entities":[{"st":0,"eIdx":0,"ancestor":"","en":20,"ne_type":"","keyword":"<대구_동화사_금당_아미타극락회상도>","e_type":"ELU"},{"st":42,"eIdx":1,"ancestor":"","en":49,"ne_type":"","keyword":"[대구광역시]","e_type":"WIKILINK"},{"st":50,"eIdx":2,"ancestor":"","en":62,"ne_type":"","keyword":"[동구_(대구광역시)]","e_type":"WIKILINK"},{"st":64,"eIdx":3,"ancestor":"","en":69,"ne_type":"","keyword":"[동화사]","e_type":"WIKILINK"},{"st":74,"eIdx":4,"ancestor":"","en":78,"ne_type":"","keyword":"<조선>","e_type":"ELU"},{"st":86,"eIdx":5,"ancestor":"-2","en":99,"cwStateCd":"FIXED","ne_type":"TIME","cwSelIdx":[],"type":"ENTITY","keyword":"[2012년_1월_30일]","e_type":"NEW"},{"st":101,"eIdx":6,"ancestor":"","en":115,"ne_type":"","keyword":"[대구광역시의_문화재자료]","e_type":"WIKILINK"}],"wikiPageId":1012005,"pIdx":1,"text":"<대구_동화사_금당_아미타극락회상도>(大邱 桐華寺 金堂 阿彌陀極樂會上圖)는 [대구광역시]?[동구_(대구광역시)], [동화사]에 있는 <조선>의 불화이다. [2012년_1월_30일] [대구광역시의_문화재자료] 제47호로 지정되었다."}