{"result":[{"verbs":[{"word_id":3,"ancestor":["1-0"],"verb":"속","cwStateCd":"FIXED","cwSelIdx":0}],"text":"[솔새속](\\\"Phylloscopus\\\")은 [참새목] [솔새과]에 속하는 [새] 속의 하나이다."},{"verbs":[{"word_id":6,"ancestor":"-2","verb":"포함","cwStateCd":"FIXED","cwSelIdx":[]},{"word_id":11,"ancestor":["1-0"],"verb":"분류","cwStateCd":"FIXED","cwSelIdx":0}],"text":"<솔새과>를 이루는 대부분의 조류로 이전에는 [휘파람새과]에 포함시켰지만, [2006년] 이후 별도의 <솔새과>로 분류하고 있다."}],"globalSId":[3359706,3359707],"entities":[{"st":0,"eIdx":0,"ancestor":"-2","en":4,"cwStateCd":"FIXED","ne_type":"ETC","cwSelIdx":[],"type":"ENTITY","keyword":"[솔새속]","e_type":"NEW"},{"st":25,"eIdx":1,"ancestor":"","en":30,"ne_type":"","keyword":"[참새목]","e_type":"WIKILINK"},{"st":31,"eIdx":2,"ancestor":"","en":36,"ne_type":"","keyword":"[솔새과]","e_type":"WIKILINK"},{"st":42,"eIdx":3,"ancestor":"","en":45,"ne_type":"","keyword":"[새]","e_type":"WIKILINK"},{"st":55,"eIdx":4,"ancestor":"","en":60,"ne_type":"","keyword":"<솔새과>","e_type":"ELU"},{"st":80,"eIdx":5,"ancestor":"","en":87,"ne_type":"","keyword":"[휘파람새과]","e_type":"WIKILINK"},{"st":97,"eIdx":6,"ancestor":"-2","en":103,"cwStateCd":"FIXED","ne_type":"TIME","cwSelIdx":[],"type":"ENTITY","keyword":"[2006년]","e_type":"NEW"},{"st":112,"eIdx":7,"ancestor":"","en":117,"ne_type":"","keyword":"<솔새과>","e_type":"ELU"}],"wikiPageId":1118206,"pIdx":1,"text":"[솔새속](\\\"Phylloscopus\\\")은 [참새목] [솔새과]에 속하는 [새] 속의 하나이다. <솔새과>를 이루는 대부분의 조류로 이전에는 [휘파람새과]에 포함시켰지만, [2006년] 이후 별도의 <솔새과>로 분류하고 있다."}