{"result":[{"verbs":[{"word_id":6,"ancestor":"-1","verb":"지나","cwStateCd":"FIXED","cwSelIdx":[]}],"text":"[유화]는 그 알을 따뜻하게 덮어주었는데, 얼마 지나지 않아 사내아이 하나가 알을 깨고 나왔다."},{"verbs":[{"word_id":2,"ancestor":"-1","verb":"나","cwStateCd":"FIXED","cwSelIdx":[]},{"word_id":6,"ancestor":"-1","verb":"다르","cwStateCd":"FIXED","cwSelIdx":[]},{"word_id":9,"ancestor":"-1","verb":"되","cwStateCd":"FIXED","cwSelIdx":[]},{"word_id":14,"ancestor":"-1","verb":"만들","cwStateCd":"FIXED","cwSelIdx":[]},{"word_id":15,"ancestor":"-1","verb":"쏘","cwStateCd":"FIXED","cwSelIdx":[]}],"text":"그 아이는 날 때부터 보통 <아이들...>과는 달라 일곱 살이 되었을 때 스스로 활과 화살을 만들어 쏘았는데 백발백중이었다."},{"verbs":[{"word_id":8,"ancestor":"-1","verb":"쏘","cwStateCd":"FIXED","cwSelIdx":[]},{"word_id":12,"ancestor":"-1","verb":"짓","cwStateCd":"FIXED","cwSelIdx":[]}],"text":"이에 이 아이의 이름을 [부여] 말로 \u2018활을 잘 쏘는 사람\u2019이라는 뜻인 \u201C[주몽]\u201D이라고 지었다."},{"verbs":[{"word_id":7,"ancestor":["8-4"],"verb":"출중하","cwStateCd":"FIXED","cwSelIdx":43},{"word_id":13,"ancestor":"-1","verb":"죽이","cwStateCd":"FIXED","cwSelIdx":[]}],"text":"[주몽]은 [대소왕] 등 [금와왕]의 7명의 아들보다 능력이 출중하여 그들의 시기를 받았고, 호시탐탐 그를 죽이려 하였다."}],"globalSId":[144504,144505,144506,144507],"entities":[{"st":0,"eIdx":0,"ancestor":"","en":4,"ne_type":"","keyword":"[유화]","e_type":"WIKILINK"},{"st":69,"eIdx":1,"ancestor":"","en":77,"ne_type":"","keyword":"<아이들...>","e_type":"ELU"},{"st":137,"eIdx":2,"ancestor":"","en":141,"ne_type":"","keyword":"[부여]","e_type":"WIKILINK"},{"st":165,"eIdx":3,"ancestor":"","en":169,"ne_type":"","keyword":"[주몽]","e_type":"WIKILINK"},{"st":179,"eIdx":4,"ancestor":"","en":183,"ne_type":"","keyword":"[주몽]","e_type":"WIKILINK"},{"st":185,"eIdx":5,"ancestor":"","en":190,"ne_type":"","keyword":"[대소왕]","e_type":"WIKILINK"},{"st":193,"eIdx":6,"ancestor":"","en":198,"ne_type":"","keyword":"[금와왕]","e_type":"WIKILINK"}],"wikiPageId":9323,"pIdx":8,"text":"[유화]는 그 알을 따뜻하게 덮어주었는데, 얼마 지나지 않아 사내아이 하나가 알을 깨고 나왔다. 그 아이는 날 때부터 보통 <아이들...>과는 달라 일곱 살이 되었을 때 스스로 활과 화살을 만들어 쏘았는데 백발백중이었다. 이에 이 아이의 이름을 [부여] 말로 \u2018활을 잘 쏘는 사람\u2019이라는 뜻인 \u201C[주몽]\u201D이라고 지었다. [주몽]은 [대소왕] 등 [금와왕]의 7명의 아들보다 능력이 출중하여 그들의 시기를 받았고, 호시탐탐 그를 죽이려 하였다."}