{"result":[{"verbs":[{"word_id":4,"ancestor":"-1","verb":"희귀하","cwStateCd":"FIXED","cwSelIdx":[]}],"text":"현의 동부 지역에는 [크로아티아어]의 희귀한 옛 억양을 사용하는 [크로아티아인]들이 산다."}],"globalSId":[2754819],"entities":[{"st":11,"eIdx":0,"ancestor":"","en":19,"ne_type":"","keyword":"[크로아티아어]","e_type":"WIKILINK"},{"st":36,"eIdx":1,"ancestor":"","en":44,"ne_type":"","keyword":"[크로아티아인]","e_type":"WIKILINK"}],"wikiPageId":768523,"pIdx":2,"text":"현의 동부 지역에는 [크로아티아어]의 희귀한 옛 억양을 사용하는 [크로아티아인]들이 산다."}