{"result":[{"verbs":[{"word_id":7,"ancestor":["1-0"],"verb":"있","cwStateCd":"FIXED","cwSelIdx":0}],"text":"[몬터레이_베이_수족관](Monterey Bay Aquarium, MBA)은 [미국] [캘리포니아_주] [몬터레이]에 있는 비영리 [수족관]이다."}],"globalSId":[3933780],"entities":[{"st":0,"eIdx":0,"ancestor":"","en":13,"ne_type":"NEW","keyword":"[몬터레이_베이_수족관]","e_type":"ETC"},{"st":43,"eIdx":1,"ancestor":"","en":47,"ne_type":"","keyword":"[미국]","e_type":"WIKILINK"},{"st":48,"eIdx":2,"ancestor":"","en":57,"ne_type":"","keyword":"[캘리포니아_주]","e_type":"WIKILINK"},{"st":58,"eIdx":3,"ancestor":"","en":64,"ne_type":"","keyword":"[몬터레이]","e_type":"WIKILINK"},{"st":73,"eIdx":4,"ancestor":"","en":78,"ne_type":"","keyword":"[수족관]","e_type":"WIKILINK"}],"wikiPageId":1723797,"pIdx":1,"text":"[몬터레이_베이_수족관](Monterey Bay Aquarium, MBA)은 [미국] [캘리포니아_주] [몬터레이]에 있는 비영리 [수족관]이다."}