{"result":[{"verbs":[{"word_id":4,"ancestor":["2-1"],"verb":"떠오르","cwStateCd":"FIXED","cwSelIdx":5}],"text":"[미국_멕시코_전쟁] 이후 국민적 영웅으로 떠오른 [스콧]은 <멕시코시티>의 주지사를 역임했다."},{"verbs":[{"word_id":2,"ancestor":"-2","verb":"인","cwStateCd":"FIXED","cwSelIdx":[]}],"text":"이 명성으로 인해 [1852년], [휘그당_(미국)]은 현직 미국 대통령 [밀러_드_필모어] 대신에 [스콧]을 대통령 후보로 지명했다."},{"verbs":[{"word_id":1,"ancestor":"-1","verb":"보","cwStateCd":"FIXED","cwSelIdx":[]},{"word_id":5,"ancestor":["2-1"],"verb":"패","cwStateCd":"FIXED","cwSelIdx":5}],"text":"그러나 본 선거에서는 [민주당_(미국)]의 [프랭클린_피어스]에게 패했다."},{"verbs":[{"word_id":3,"ancestor":["2-9"],"verb":"있","cwStateCd":"FIXED","cwSelIdx":29},{"word_id":9,"ancestor":["2-9"],"verb":"되","cwStateCd":"FIXED","cwSelIdx":29}],"text":"[스콧]은 가장 인기 있는 국민적 우상으로 [1856년]에 명예 중장이 되었다."},{"verbs":[{"word_id":2,"ancestor":["2-9"],"verb":"얻","cwStateCd":"FIXED","cwSelIdx":29},{"word_id":6,"ancestor":"-2","verb":"되","cwStateCd":"FIXED","cwSelIdx":[]}],"text":"이 계급을 얻은 것은 [조지_워싱턴] 이후가 되었다."}],"globalSId":[3166793,3166794,3166795,3166796,3166797],"entities":[{"st":0,"eIdx":0,"ancestor":"","en":11,"ne_type":"","keyword":"[미국_멕시코_전쟁]","e_type":"WIKILINK"},{"st":28,"eIdx":1,"ancestor":"-2","en":31,"cwStateCd":"FIXED","ne_type":"PERSON","cwSelIdx":[],"type":"ENTITY","keyword":"[스콧]","e_type":"NEW"},{"st":34,"eIdx":2,"ancestor":"","en":41,"ne_type":"","keyword":"<멕시코시티>","e_type":"ELU"},{"st":64,"eIdx":3,"ancestor":"","en":71,"ne_type":"","keyword":"[1852년]","e_type":"WIKILINK"},{"st":73,"eIdx":4,"ancestor":"","en":83,"ne_type":"","keyword":"[휘그당_(미국)]","e_type":"WIKILINK"},{"st":95,"eIdx":5,"ancestor":"-2","en":104,"cwStateCd":"FIXED","ne_type":"PERSON","cwSelIdx":[],"type":"ENTITY","keyword":"[밀러_드_필모어]","e_type":"NEW"},{"st":110,"eIdx":6,"ancestor":"2-1","en":113,"cwStateCd":"FIXED","ne_type":"PERSON","cwSelIdx":5,"type":"ENTITY","keyword":"[스콧]","e_type":"NEW"},{"st":142,"eIdx":7,"ancestor":"","en":152,"ne_type":"","keyword":"[민주당_(미국)]","e_type":"WIKILINK"},{"st":154,"eIdx":8,"ancestor":"","en":164,"ne_type":"","keyword":"[프랭클린_피어스]","e_type":"WIKILINK"},{"st":172,"eIdx":9,"ancestor":"2-6","en":175,"cwStateCd":"FIXED","ne_type":"PERSON","cwSelIdx":19,"type":"ENTITY","keyword":"[스콧]","e_type":"NEW"},{"st":196,"eIdx":10,"ancestor":"","en":203,"ne_type":"","keyword":"[1856년]","e_type":"WIKILINK"},{"st":229,"eIdx":11,"ancestor":"","en":237,"ne_type":"","keyword":"[조지_워싱턴]","e_type":"WIKILINK"}],"wikiPageId":995937,"pIdx":2,"text":"[미국_멕시코_전쟁] 이후 국민적 영웅으로 떠오른 [스콧]은 <멕시코시티>의 주지사를 역임했다. 이 명성으로 인해 [1852년], [휘그당_(미국)]은 현직 미국 대통령 [밀러_드_필모어] 대신에 [스콧]을 대통령 후보로 지명했다. 그러나 본 선거에서는 [민주당_(미국)]의 [프랭클린_피어스]에게 패했다. [스콧]은 가장 인기 있는 국민적 우상으로 [1856년]에 명예 중장이 되었다. 이 계급을 얻은 것은 [조지_워싱턴] 이후가 되었다."}