{"result":[{"verbs":[{"word_id":2,"ancestor":["2-2"],"verb":"열리","cwStateCd":"FIXED","cwSelIdx":3}],"text":"[아우]는 [런던]에서 열린 [2012년_하계_올림픽]의 [2012년_하계_올림픽_펜싱_여자_사브르_개인전]에 출전하였다."},{"verbs":[{"word_id":10,"ancestor":["2-0"],"verb":"패","cwStateCd":"FIXED","cwSelIdx":0},{"word_id":11,"ancestor":["2-0"],"verb":"탈락","cwStateCd":"FIXED","cwSelIdx":0}],"text":"그러나, 그녀는 32강전에서 두 차례 올림픽에 출전한 <튀니지>의 [아자_베스베스]에게 13-15로 패하며 탈락하였다."}],"globalSId":[3065675,3065676],"entities":[{"st":0,"eIdx":0,"ancestor":"-2","en":3,"cwStateCd":"FIXED","ne_type":"PERSON","cwSelIdx":[],"type":"ENTITY","keyword":"[아우]","e_type":"NEW"},{"st":6,"eIdx":1,"ancestor":"","en":10,"ne_type":"","keyword":"[런던]","e_type":"WIKILINK"},{"st":16,"eIdx":2,"ancestor":"","en":30,"ne_type":"","keyword":"[2012년_하계_올림픽]","e_type":"WIKILINK"},{"st":32,"eIdx":3,"ancestor":"","en":60,"ne_type":"","keyword":"[2012년_하계_올림픽_펜싱_여자_사브르_개인전]","e_type":"WIKILINK"},{"st":99,"eIdx":4,"ancestor":"","en":104,"ne_type":"","keyword":"<튀니지>","e_type":"ELU"},{"st":106,"eIdx":5,"ancestor":"","en":115,"ne_type":"","keyword":"[아자_베스베스]","e_type":"WIKILINK"}],"wikiPageId":938262,"pIdx":2,"text":"[아우]는 [런던]에서 열린 [2012년_하계_올림픽]의 [2012년_하계_올림픽_펜싱_여자_사브르_개인전]에 출전하였다. 그러나, 그녀는 32강전에서 두 차례 올림픽에 출전한 <튀니지>의 [아자_베스베스]에게 13-15로 패하며 탈락하였다."}