{"result":[{"verbs":[{"word_id":6,"ancestor":["1-0"],"verb":"있","cwStateCd":"FIXED","cwSelIdx":0}],"text":"<계도항>은 [경상남도] [거제시] [사등면] [창호리], [가조도]에 있는 [어항]이다."},{"verbs":[{"word_id":3,"ancestor":["1-0"],"verb":"지정","cwStateCd":"FIXED","cwSelIdx":0},{"word_id":4,"ancestor":["1-0"],"verb":"관리","cwStateCd":"FIXED","cwSelIdx":0}],"text":"[2003년] [2월_3일] [어촌정주어항]으로 지정하여 관리하고 있다."},{"verbs":[],"text":"시설관리자는 [거제시장]이다."}],"globalSId":[2366293,2366294,2366295],"entities":[{"st":0,"eIdx":0,"ancestor":"","en":5,"ne_type":"","keyword":"<계도항>","e_type":"ELU"},{"st":7,"eIdx":1,"ancestor":"","en":13,"ne_type":"","keyword":"[경상남도]","e_type":"WIKILINK"},{"st":14,"eIdx":2,"ancestor":"","en":19,"ne_type":"","keyword":"[거제시]","e_type":"WIKILINK"},{"st":20,"eIdx":3,"ancestor":"","en":25,"ne_type":"","keyword":"[사등면]","e_type":"WIKILINK"},{"st":26,"eIdx":4,"ancestor":"-2","en":30,"cwStateCd":"FIXED","ne_type":"LOCATION","cwSelIdx":[],"type":"ENTITY","keyword":"[창호리]","e_type":"NEW"},{"st":33,"eIdx":5,"ancestor":"","en":38,"ne_type":"","keyword":"[가조도]","e_type":"WIKILINK"},{"st":43,"eIdx":6,"ancestor":"","en":47,"ne_type":"","keyword":"[어항]","e_type":"WIKILINK"},{"st":51,"eIdx":7,"ancestor":"","en":58,"ne_type":"","keyword":"[2003년]","e_type":"WIKILINK"},{"st":59,"eIdx":8,"ancestor":"","en":66,"ne_type":"","keyword":"[2월_3일]","e_type":"WIKILINK"},{"st":67,"eIdx":9,"ancestor":"","en":75,"ne_type":"","keyword":"[어촌정주어항]","e_type":"WIKILINK"},{"st":99,"eIdx":10,"ancestor":"-2","en":104,"cwStateCd":"FIXED","ne_type":"ORGANIZATION","cwSelIdx":[],"type":"ENTITY","keyword":"[거제시장]","e_type":"NEW"}],"wikiPageId":586018,"pIdx":1,"text":"<계도항>은 [경상남도] [거제시] [사등면] [창호리], [가조도]에 있는 [어항]이다. [2003년] [2월_3일] [어촌정주어항]으로 지정하여 관리하고 있다. 시설관리자는 [거제시장]이다."}