{"result":[{"verbs":[],"text":"<마틸다상과>(Mathildoidea)는 바다 [달팽이] 상과의 하나이다."},{"verbs":[{"word_id":2,"ancestor":["1-0"],"verb":"속","cwStateCd":"FIXED","cwSelIdx":0}],"text":"비공식군 [하이새류]에 속하는 해양 [복족류] [연체동물]이다."}],"globalSId":[2722054,2722055],"entities":[{"st":0,"eIdx":0,"ancestor":"","en":7,"ne_type":"","keyword":"<마틸다상과>","e_type":"ELU"},{"st":26,"eIdx":1,"ancestor":"","en":31,"ne_type":"","keyword":"[달팽이]","e_type":"WIKILINK"},{"st":47,"eIdx":2,"ancestor":"","en":53,"ne_type":"","keyword":"[하이새류]","e_type":"WIKILINK"},{"st":62,"eIdx":3,"ancestor":"","en":67,"ne_type":"","keyword":"[복족류]","e_type":"WIKILINK"},{"st":68,"eIdx":4,"ancestor":"","en":74,"ne_type":"","keyword":"[연체동물]","e_type":"WIKILINK"}],"wikiPageId":751078,"pIdx":1,"text":"<마틸다상과>(Mathildoidea)는 바다 [달팽이] 상과의 하나이다. 비공식군 [하이새류]에 속하는 해양 [복족류] [연체동물]이다."}