{"result":[{"verbs":[],"text":"[로얄캐리비안_인터내셔널]()은 [미국]의 [크루즈] 기업이다."},{"verbs":[{"word_id":7,"ancestor":["1-4","1-5","1-6","1-7"],"verb":"있","cwStateCd":"FIXED","cwSelIdx":[7,8,9,10]}],"text":"[로얄캐리비안_크루즈]의 모기업으로 계열사는 [셀레브리티_크루즈], [아자마라_크루즈], [팔마툰_크루즈], [CDF_크루즈_델_프랑스]가 있다."},{"verbs":[{"word_id":4,"ancestor":["1-0"],"verb":"위치","cwStateCd":"FIXED","cwSelIdx":0}],"text":"본사는 [미국] [플로리다_주] [마이애미]에 위치해 있다."}],"globalSId":[3698822,3698823,3698824],"entities":[{"st":0,"eIdx":0,"ancestor":"-1","en":13,"cwStateCd":"FIXED","ne_type":"ORGANIZATION","cwSelIdx":[],"type":"ENTITY","keyword":"[로얄캐리비안_인터내셔널]","e_type":"NEW"},{"st":18,"eIdx":1,"ancestor":"","en":22,"ne_type":"","keyword":"[미국]","e_type":"WIKILINK"},{"st":24,"eIdx":2,"ancestor":"","en":29,"ne_type":"","keyword":"[크루즈]","e_type":"WIKILINK"},{"st":36,"eIdx":3,"ancestor":"","en":48,"ne_type":"","keyword":"[로얄캐리비안_크루즈]","e_type":"WIKILINK"},{"st":61,"eIdx":4,"ancestor":"","en":72,"ne_type":"","keyword":"[셀레브리티_크루즈]","e_type":"WIKILINK"},{"st":74,"eIdx":5,"ancestor":"","en":84,"ne_type":"","keyword":"[아자마라_크루즈]","e_type":"WIKILINK"},{"st":86,"eIdx":6,"ancestor":"","en":95,"ne_type":"","keyword":"[팔마툰_크루즈]","e_type":"WIKILINK"},{"st":97,"eIdx":7,"ancestor":"","en":112,"ne_type":"","keyword":"[CDF_크루즈_델_프랑스]","e_type":"WIKILINK"},{"st":122,"eIdx":8,"ancestor":"","en":126,"ne_type":"","keyword":"[미국]","e_type":"WIKILINK"},{"st":127,"eIdx":9,"ancestor":"","en":135,"ne_type":"","keyword":"[플로리다_주]","e_type":"WIKILINK"},{"st":136,"eIdx":10,"ancestor":"","en":142,"ne_type":"","keyword":"[마이애미]","e_type":"WIKILINK"}],"wikiPageId":1416606,"pIdx":1,"text":"[로얄캐리비안_인터내셔널]()은 [미국]의 [크루즈] 기업이다. [로얄캐리비안_크루즈]의 모기업으로 계열사는 [셀레브리티_크루즈], [아자마라_크루즈], [팔마툰_크루즈], [CDF_크루즈_델_프랑스]가 있다. 본사는 [미국] [플로리다_주] [마이애미]에 위치해 있다."}