{"result":[{"verbs":[],"text":"<산타르칸젤로트리몬테>()는 [이탈리아] [캄파니아_주] [베네벤토_현]의 코무네다."},{"verbs":[{"word_id":7,"ancestor":["1-0"],"verb":"위치","cwStateCd":"FIXED","cwSelIdx":0}],"text":"[나폴리]로부터 북동쪽 70km [베네벤토]로부터 동쪽 13km 거리에 위치해있다."}],"globalSId":[3066478,3066479],"entities":[{"st":0,"eIdx":0,"ancestor":"","en":12,"ne_type":"","keyword":"<산타르칸젤로트리몬테>","e_type":"ELU"},{"st":16,"eIdx":1,"ancestor":"","en":22,"ne_type":"","keyword":"[이탈리아]","e_type":"WIKILINK"},{"st":23,"eIdx":2,"ancestor":"","en":31,"ne_type":"","keyword":"[캄파니아_주]","e_type":"WIKILINK"},{"st":32,"eIdx":3,"ancestor":"","en":40,"ne_type":"","keyword":"[베네벤토_현]","e_type":"WIKILINK"},{"st":48,"eIdx":4,"ancestor":"","en":53,"ne_type":"","keyword":"[나폴리]","e_type":"WIKILINK"},{"st":66,"eIdx":5,"ancestor":"","en":72,"ne_type":"","keyword":"[베네벤토]","e_type":"WIKILINK"}],"wikiPageId":938908,"pIdx":1,"text":"<산타르칸젤로트리몬테>()는 [이탈리아] [캄파니아_주] [베네벤토_현]의 코무네다. [나폴리]로부터 북동쪽 70km [베네벤토]로부터 동쪽 13km 거리에 위치해있다."}