{"result":[{"verbs":[],"text":"<혼다_택트>(Honda Tact)는 [혼다_기연_공업]가 판매한 [원동기장치자전거] [스쿠터] 형태의 [모터사이클]이다."},{"verbs":[{"word_id":3,"ancestor":["1-0"],"verb":"거치","cwStateCd":"FIXED","cwSelIdx":0},{"word_id":6,"ancestor":"-1","verb":"많","cwStateCd":"FIXED","cwSelIdx":[]}],"text":"몇 번의 페이스리프트를 거친 모델로 종류도 많다."}],"globalSId":[2739744,2739745],"entities":[{"st":0,"eIdx":0,"ancestor":"","en":7,"ne_type":"","keyword":"<혼다_택트>","e_type":"ELU"},{"st":21,"eIdx":1,"ancestor":"","en":31,"ne_type":"","keyword":"[혼다_기연_공업]","e_type":"WIKILINK"},{"st":37,"eIdx":2,"ancestor":"","en":47,"ne_type":"","keyword":"[원동기장치자전거]","e_type":"WIKILINK"},{"st":48,"eIdx":3,"ancestor":"","en":53,"ne_type":"","keyword":"[스쿠터]","e_type":"WIKILINK"},{"st":58,"eIdx":4,"ancestor":"","en":65,"ne_type":"","keyword":"[모터사이클]","e_type":"WIKILINK"}],"wikiPageId":759259,"pIdx":1,"text":"<혼다_택트>(Honda Tact)는 [혼다_기연_공업]가 판매한 [원동기장치자전거] [스쿠터] 형태의 [모터사이클]이다. 몇 번의 페이스리프트를 거친 모델로 종류도 많다."}