{"result":[{"verbs":[{"word_id":4,"ancestor":["1-0"],"verb":"있","cwStateCd":"FIXED","cwSelIdx":0}],"text":"<청학동_마을>(靑鶴洞)은 [대한민국] [인천광역시] [연수구]에 있는 [행정동], <법정동>이다."},{"verbs":[{"word_id":3,"ancestor":["1-0"],"verb":"위치","cwStateCd":"FIXED","cwSelIdx":0},{"word_id":4,"ancestor":"-1","verb":"뛰어나","cwStateCd":"FIXED","cwSelIdx":[7,8]},{"word_id":7,"ancestor":["1-0"],"verb":"여기","cwStateCd":"FIXED","cwSelIdx":0}],"text":"[연경산]과 [청량산] 사이에 위치한 뛰어난 자연경관을 자랑으로 여기는 지역이다."}],"globalSId":[2859839,2859840],"entities":[{"st":0,"eIdx":0,"ancestor":"","en":8,"ne_type":"","keyword":"<청학동_마을>","e_type":"ELU"},{"st":15,"eIdx":1,"ancestor":"","en":21,"ne_type":"","keyword":"[대한민국]","e_type":"WIKILINK"},{"st":22,"eIdx":2,"ancestor":"","en":29,"ne_type":"","keyword":"[인천광역시]","e_type":"WIKILINK"},{"st":30,"eIdx":3,"ancestor":"","en":35,"ne_type":"","keyword":"[연수구]","e_type":"WIKILINK"},{"st":40,"eIdx":4,"ancestor":"-1","en":44,"cwStateCd":"FIXED","ne_type":"LOCATION","cwSelIdx":[],"type":"ENTITY","keyword":"[행정동]","e_type":"NEW"},{"st":47,"eIdx":5,"ancestor":"","en":52,"ne_type":"","keyword":"<법정동>","e_type":"ELU"},{"st":56,"eIdx":6,"ancestor":"-2","en":60,"cwStateCd":"FIXED","ne_type":"LOCATION","cwSelIdx":[],"type":"ENTITY","keyword":"[연경산]","e_type":"NEW"},{"st":63,"eIdx":7,"ancestor":"-2","en":67,"cwStateCd":"FIXED","ne_type":"LOCATION","cwSelIdx":[],"type":"ENTITY","keyword":"[청량산]","e_type":"NEW"}],"wikiPageId":824486,"pIdx":1,"text":"<청학동_마을>(靑鶴洞)은 [대한민국] [인천광역시] [연수구]에 있는 [행정동], <법정동>이다. [연경산]과 [청량산] 사이에 위치한 뛰어난 자연경관을 자랑으로 여기는 지역이다."}