{"result":[{"verbs":[{"word_id":3,"ancestor":["1-3"],"verb":"개최","cwStateCd":"FIXED","cwSelIdx":4},{"word_id":5,"ancestor":["1-0"],"verb":"참가","cwStateCd":"FIXED","cwSelIdx":0}],"text":"[1968년_동계_올림픽_소련_선수단]은 [프랑스] [그르노블]에서 개최된 [1968년_동계_올림픽]에 참가한 [올림픽_소련_선수단]이다."}],"globalSId":[2122261],"entities":[{"st":0,"eIdx":0,"ancestor":"-2","en":20,"cwStateCd":"FIXED","ne_type":"ORGANIZATION","cwSelIdx":[],"type":"ENTITY","keyword":"[1968년_동계_올림픽_소련_선수단]","e_type":"NEW"},{"st":23,"eIdx":1,"ancestor":"","en":28,"ne_type":"","keyword":"[프랑스]","e_type":"WIKILINK"},{"st":29,"eIdx":2,"ancestor":"","en":35,"ne_type":"","keyword":"[그르노블]","e_type":"WIKILINK"},{"st":42,"eIdx":3,"ancestor":"","en":56,"ne_type":"","keyword":"[1968년_동계_올림픽]","e_type":"WIKILINK"},{"st":62,"eIdx":4,"ancestor":"","en":74,"ne_type":"","keyword":"[올림픽_소련_선수단]","e_type":"WIKILINK"}],"wikiPageId":477625,"pIdx":1,"text":"[1968년_동계_올림픽_소련_선수단]은 [프랑스] [그르노블]에서 개최된 [1968년_동계_올림픽]에 참가한 [올림픽_소련_선수단]이다."}