{"result":[{"verbs":[],"text":"생애."},{"verbs":[{"word_id":10,"ancestor":"-2","verb":"태어나","cwStateCd":"FIXED","cwSelIdx":[]}],"text":"그는 [1697년] [바이에른의_군주] [바이에른_선제후_막시밀리안_2세_에마누엘]와 [폴란드-리투아니아]의 왕 [얀_3세_소비에스키]의 딸 [테레사_쿠네군다_소비에스카]의 아들로 태어났다."},{"verbs":[{"word_id":0,"ancestor":"-2","verb":"자르","cwStateCd":"FIXED","cwSelIdx":[]},{"word_id":2,"ancestor":"-2","verb":"참여","cwStateCd":"FIXED","cwSelIdx":[]},{"word_id":5,"ancestor":["2-2"],"verb":"죽","cwStateCd":"FIXED","cwSelIdx":4},{"word_id":8,"ancestor":"-2","verb":"물려받","cwStateCd":"FIXED","cwSelIdx":[]}],"text":"자라서 [스페인_왕위계승전쟁]에 참여하였으며, [1726년] 아버지가 죽자 [선제후]의 자리를 물려받았다."},{"verbs":[{"word_id":2,"ancestor":"-2","verb":"표","cwStateCd":"FIXED","cwSelIdx":[]},{"word_id":6,"ancestor":["2-11"],"verb":"죽","cwStateCd":"FIXED","cwSelIdx":26},{"word_id":11,"ancestor":"-2","verb":"반대","cwStateCd":"FIXED","cwSelIdx":[]},{"word_id":17,"ancestor":"-2","verb":"되","cwStateCd":"FIXED","cwSelIdx":[]}],"text":"[1713년의_국본조칙]에 이의를 표하지 않았으나 [1740년] [신성로마제국의_카를_6세]이 죽자 장녀 [오스트리아의_마리아_테레지아]의 제위 계승에 반대하여 [프랑스] 편에 섰으며 [1742년] [신성_로마_제국_황제]가 되었다."}],"globalSId":[1662132,1662133,1662134,1662135],"entities":[{"st":7,"eIdx":0,"ancestor":"","en":14,"ne_type":"","keyword":"[1697년]","e_type":"WIKILINK"},{"st":15,"eIdx":1,"ancestor":"","en":25,"ne_type":"","keyword":"[바이에른의_군주]","e_type":"WIKILINK"},{"st":26,"eIdx":2,"ancestor":"","en":50,"ne_type":"","keyword":"[바이에른_선제후_막시밀리안_2세_에마누엘]","e_type":"WIKILINK"},{"st":52,"eIdx":3,"ancestor":"","en":63,"ne_type":"","keyword":"[폴란드-리투아니아]","e_type":"WIKILINK"},{"st":67,"eIdx":4,"ancestor":"","en":79,"ne_type":"","keyword":"[얀_3세_소비에스키]","e_type":"WIKILINK"},{"st":83,"eIdx":5,"ancestor":"","en":99,"ne_type":"","keyword":"[테레사_쿠네군다_소비에스카]","e_type":"WIKILINK"},{"st":115,"eIdx":6,"ancestor":"","en":127,"ne_type":"","keyword":"[스페인_왕위계승전쟁]","e_type":"WIKILINK"},{"st":137,"eIdx":7,"ancestor":"","en":144,"ne_type":"","keyword":"[1726년]","e_type":"WIKILINK"},{"st":153,"eIdx":8,"ancestor":"","en":158,"ne_type":"","keyword":"[선제후]","e_type":"WIKILINK"},{"st":171,"eIdx":9,"ancestor":"","en":184,"ne_type":"","keyword":"[1713년의_국본조칙]","e_type":"WIKILINK"},{"st":199,"eIdx":10,"ancestor":"","en":206,"ne_type":"","keyword":"[1740년]","e_type":"WIKILINK"},{"st":207,"eIdx":11,"ancestor":"","en":222,"ne_type":"","keyword":"[신성로마제국의_카를_6세]","e_type":"WIKILINK"},{"st":230,"eIdx":12,"ancestor":"","en":247,"ne_type":"","keyword":"[오스트리아의_마리아_테레지아]","e_type":"WIKILINK"},{"st":261,"eIdx":13,"ancestor":"","en":266,"ne_type":"","keyword":"[프랑스]","e_type":"WIKILINK"},{"st":274,"eIdx":14,"ancestor":"","en":281,"ne_type":"","keyword":"[1742년]","e_type":"WIKILINK"},{"st":282,"eIdx":15,"ancestor":"","en":295,"ne_type":"","keyword":"[신성_로마_제국_황제]","e_type":"WIKILINK"}],"wikiPageId":305104,"pIdx":2,"text":"생애. 그는 [1697년] [바이에른의_군주] [바이에른_선제후_막시밀리안_2세_에마누엘]와 [폴란드-리투아니아]의 왕 [얀_3세_소비에스키]의 딸 [테레사_쿠네군다_소비에스카]의 아들로 태어났다. 자라서 [스페인_왕위계승전쟁]에 참여하였으며, [1726년] 아버지가 죽자 [선제후]의 자리를 물려받았다. [1713년의_국본조칙]에 이의를 표하지 않았으나 [1740년] [신성로마제국의_카를_6세]이 죽자 장녀 [오스트리아의_마리아_테레지아]의 제위 계승에 반대하여 [프랑스] 편에 섰으며 [1742년] [신성_로마_제국_황제]가 되었다."}