{"result":[{"verbs":[],"text":"<아리아나_그란데>()라는 이름으로 활동중인 [아리아나_그란데부테라](, [1993년] [6월_26일] ~ )는 [미국]의 [여자] [가수], [작사가], [배우]이다."},{"verbs":[],"text":"그녀는 [2008년] [브로드웨이] 뮤지컬 《[13]》, [2009년] [니켈로디언]의 텔레비전 시리즈 《[빅토리어스]》에서 [캣_발렌타인] 역할로 출연했다."},{"verbs":[{"word_id":5,"ancestor":["1-16"],"verb":"상승","cwStateCd":"FIXED","cwSelIdx":27},{"word_id":7,"ancestor":["1-14"],"verb":"끝나","cwStateCd":"FIXED","cwSelIdx":22},{"word_id":12,"ancestor":"-1","verb":"되","cwStateCd":"FIXED","cwSelIdx":[]},{"word_id":14,"ancestor":["1-19"],"verb":"종료","cwStateCd":"FIXED","cwSelIdx":36}],"text":"이후 [그란데]는 10대 <아이돌>로 입지가 상승해, 쇼가 끝난 후 [스핀오프_드라마] 《[샘_&_캣]》가 방송 되었고 [2014년]에 종료되었다."}],"globalSId":[2663006,2663007,2663008],"entities":[{"st":0,"eIdx":0,"ancestor":"","en":10,"ne_type":"","keyword":"<아리아나_그란데>","e_type":"ELU"},{"st":25,"eIdx":1,"ancestor":"1-0","en":37,"cwStateCd":"FIXED","ne_type":"PERSON","cwSelIdx":0,"type":"ENTITY","keyword":"[아리아나_그란데부테라]","e_type":"NEW"},{"st":41,"eIdx":2,"ancestor":"","en":48,"ne_type":"","keyword":"[1993년]","e_type":"WIKILINK"},{"st":49,"eIdx":3,"ancestor":"","en":57,"ne_type":"","keyword":"[6월_26일]","e_type":"WIKILINK"},{"st":63,"eIdx":4,"ancestor":"","en":67,"ne_type":"","keyword":"[미국]","e_type":"WIKILINK"},{"st":69,"eIdx":5,"ancestor":"","en":73,"ne_type":"","keyword":"[여자]","e_type":"WIKILINK"},{"st":74,"eIdx":6,"ancestor":"","en":78,"ne_type":"","keyword":"[가수]","e_type":"WIKILINK"},{"st":80,"eIdx":7,"ancestor":"","en":85,"ne_type":"","keyword":"[작사가]","e_type":"WIKILINK"},{"st":87,"eIdx":8,"ancestor":"","en":91,"ne_type":"","keyword":"[배우]","e_type":"WIKILINK"},{"st":99,"eIdx":9,"ancestor":"-2","en":105,"cwStateCd":"FIXED","ne_type":"TIME","cwSelIdx":[],"type":"ENTITY","keyword":"[2008년]","e_type":"NEW"},{"st":107,"eIdx":10,"ancestor":"","en":114,"ne_type":"","keyword":"[브로드웨이]","e_type":"WIKILINK"},{"st":120,"eIdx":11,"ancestor":"-2","en":122,"cwStateCd":"FIXED","ne_type":"ETC","cwSelIdx":[],"type":"ENTITY","keyword":"[13]","e_type":"NEW"},{"st":127,"eIdx":12,"ancestor":"-2","en":133,"cwStateCd":"FIXED","ne_type":"TIME","cwSelIdx":[],"type":"ENTITY","keyword":"[2009년]","e_type":"NEW"},{"st":135,"eIdx":13,"ancestor":"","en":142,"ne_type":"","keyword":"[니켈로디언]","e_type":"WIKILINK"},{"st":154,"eIdx":14,"ancestor":"","en":161,"ne_type":"","keyword":"[빅토리어스]","e_type":"WIKILINK"},{"st":165,"eIdx":15,"ancestor":"-2","en":172,"cwStateCd":"FIXED","ne_type":"PERSON","cwSelIdx":[],"type":"ENTITY","keyword":"[캣_발렌타인]","e_type":"NEW"},{"st":187,"eIdx":16,"ancestor":"1-0","en":191,"cwStateCd":"FIXED","ne_type":"PERSON","cwSelIdx":0,"type":"ENTITY","keyword":"[그란데]","e_type":"NEW"},{"st":198,"eIdx":17,"ancestor":"","en":203,"ne_type":"","keyword":"<아이돌>","e_type":"ELU"},{"st":222,"eIdx":18,"ancestor":"-2","en":231,"cwStateCd":"FIXED","ne_type":"ETC","cwSelIdx":[],"type":"ENTITY","keyword":"[스핀오프_드라마]","e_type":"NEW"},{"st":234,"eIdx":19,"ancestor":"","en":241,"ne_type":"","keyword":"[샘_&_캣]","e_type":"WIKILINK"},{"st":251,"eIdx":20,"ancestor":"-2","en":257,"cwStateCd":"FIXED","ne_type":"TIME","cwSelIdx":[],"type":"ENTITY","keyword":"[2014년]","e_type":"NEW"}],"wikiPageId":725877,"pIdx":1,"text":"<아리아나_그란데>()라는 이름으로 활동중인 [아리아나_그란데부테라](, [1993년] [6월_26일] ~ )는 [미국]의 [여자] [가수], [작사가], [배우]이다. 그녀는 [2008년] [브로드웨이] 뮤지컬 《[13]》, [2009년] [니켈로디언]의 텔레비전 시리즈 《[빅토리어스]》에서 [캣_발렌타인] 역할로 출연했다. 이후 [그란데]는 10대 <아이돌>로 입지가 상승해, 쇼가 끝난 후 [스핀오프_드라마] 《[샘_&_캣]》가 방송 되었고 [2014년]에 종료되었다."}