{"result":[{"verbs":[{"word_id":9,"ancestor":"-2","verb":"듣","cwStateCd":"FIXED","cwSelIdx":0},{"word_id":12,"ancestor":["1-0"],"verb":"있","cwStateCd":"FIXED","cwSelIdx":0},{"word_id":14,"ancestor":"-2","verb":"통하","cwStateCd":"FIXED","cwSelIdx":[]},{"word_id":17,"ancestor":["1-0"],"verb":"획득","cwStateCd":"FIXED","cwSelIdx":0},{"word_id":19,"ancestor":["1-0"],"verb":"성공","cwStateCd":"FIXED","cwSelIdx":0}],"text":"또한 자신의 조국인 [스위스_축구_국가대표팀]가 [아르헨티나_축구_국가대표팀]와 평가전을 갖게 된다는 소식을 듣자 평소에 친분이 있는 [세스크_파브레가스]를 통해 [리오넬_메시]의 유니폼을 획득하는 데에 성공했다."}],"globalSId":[430732],"entities":[{"st":11,"eIdx":0,"ancestor":"","en":25,"ne_type":"","keyword":"[스위스_축구_국가대표팀]","e_type":"WIKILINK"},{"st":27,"eIdx":1,"ancestor":"","en":43,"ne_type":"","keyword":"[아르헨티나_축구_국가대표팀]","e_type":"WIKILINK"},{"st":75,"eIdx":2,"ancestor":"","en":86,"ne_type":"","keyword":"[세스크_파브레가스]","e_type":"WIKILINK"},{"st":91,"eIdx":3,"ancestor":"","en":99,"ne_type":"","keyword":"[리오넬_메시]","e_type":"WIKILINK"}],"wikiPageId":45198,"pIdx":4,"text":"또한 자신의 조국인 [스위스_축구_국가대표팀]가 [아르헨티나_축구_국가대표팀]와 평가전을 갖게 된다는 소식을 듣자 평소에 친분이 있는 [세스크_파브레가스]를 통해 [리오넬_메시]의 유니폼을 획득하는 데에 성공했다."}