{"result":[{"verbs":[{"word_id":5,"ancestor":["1-0"],"verb":"위치","cwStateCd":"FIXED","cwSelIdx":0},{"word_id":11,"ancestor":["1-0"],"verb":"수용","cwStateCd":"FIXED","cwSelIdx":0}],"text":"[사이타마_스타디움_2002]()는 [일본] [사이타마_현] [사이타마_시] [미도리_구_(사이타마_시)]에 위치해 있는 축구 전용 경기장으로, 63,700명을 수용할 수 있다."},{"verbs":[{"word_id":1,"ancestor":["1-0"],"verb":"개장","cwStateCd":"FIXED","cwSelIdx":0},{"word_id":4,"ancestor":["1-6"],"verb":"열리","cwStateCd":"FIXED","cwSelIdx":16}],"text":"[2001년]에 개장했으며 [2002년_FIFA_월드컵] 대회가 열린 경기장이다."},{"verbs":[{"word_id":2,"ancestor":["1-0"],"verb":"사용","cwStateCd":"FIXED","cwSelIdx":0}],"text":"[우라와_레드_다이아몬즈]의 홈구장으로 사용되고 있다."}],"globalSId":[2411842,2411843,2411844],"entities":[{"st":0,"eIdx":0,"ancestor":"-2","en":15,"cwStateCd":"FIXED","ne_type":"LOCATION","cwSelIdx":[],"type":"ENTITY","keyword":"[사이타마_스타디움_2002]","e_type":"NEW"},{"st":20,"eIdx":1,"ancestor":"","en":24,"ne_type":"","keyword":"[일본]","e_type":"WIKILINK"},{"st":25,"eIdx":2,"ancestor":"","en":33,"ne_type":"","keyword":"[사이타마_현]","e_type":"WIKILINK"},{"st":34,"eIdx":3,"ancestor":"","en":42,"ne_type":"","keyword":"[사이타마_시]","e_type":"WIKILINK"},{"st":43,"eIdx":4,"ancestor":"","en":59,"ne_type":"","keyword":"[미도리_구_(사이타마_시)]","e_type":"WIKILINK"},{"st":100,"eIdx":5,"ancestor":"","en":107,"ne_type":"","keyword":"[2001년]","e_type":"WIKILINK"},{"st":115,"eIdx":6,"ancestor":"","en":131,"ne_type":"","keyword":"[2002년_FIFA_월드컵]","e_type":"WIKILINK"},{"st":146,"eIdx":7,"ancestor":"","en":160,"ne_type":"","keyword":"[우라와_레드_다이아몬즈]","e_type":"WIKILINK"}],"wikiPageId":609742,"pIdx":1,"text":"[사이타마_스타디움_2002]()는 [일본] [사이타마_현] [사이타마_시] [미도리_구_(사이타마_시)]에 위치해 있는 축구 전용 경기장으로, 63,700명을 수용할 수 있다. [2001년]에 개장했으며 [2002년_FIFA_월드컵] 대회가 열린 경기장이다. [우라와_레드_다이아몬즈]의 홈구장으로 사용되고 있다."}