{"result":[{"verbs":[{"word_id":2,"ancestor":"-2","verb":"부활","cwStateCd":"FIXED","cwSelIdx":[]},{"word_id":8,"ancestor":"-2","verb":"편성","cwStateCd":"FIXED","cwSelIdx":[]},{"word_id":16,"ancestor":"-2","verb":"사용","cwStateCd":"FIXED","cwSelIdx":[]},{"word_id":17,"ancestor":"-2","verb":"위하","cwStateCd":"FIXED","cwSelIdx":[]}],"text":"제1군이 다시 부활하게 된 것은 [메이지_37년] [1904년] [2월_5일]에 편성되어 전후인 [1905년] [12월_9일]까지 [구로키_다메모토] 장군의 지휘하에 [러일_전쟁]에서 사용하기 위해서였다."}],"globalSId":[3648650],"entities":[{"st":18,"eIdx":0,"ancestor":"-2","en":26,"cwStateCd":"FIXED","ne_type":"TIME","cwSelIdx":[],"type":"ENTITY","keyword":"[메이지_37년]","e_type":"NEW"},{"st":28,"eIdx":1,"ancestor":"","en":35,"ne_type":"","keyword":"[1904년]","e_type":"WIKILINK"},{"st":36,"eIdx":2,"ancestor":"","en":43,"ne_type":"","keyword":"[2월_5일]","e_type":"WIKILINK"},{"st":54,"eIdx":3,"ancestor":"","en":61,"ne_type":"","keyword":"[1905년]","e_type":"WIKILINK"},{"st":62,"eIdx":4,"ancestor":"","en":70,"ne_type":"","keyword":"[12월_9일]","e_type":"WIKILINK"},{"st":73,"eIdx":5,"ancestor":"","en":83,"ne_type":"","keyword":"[구로키_다메모토]","e_type":"WIKILINK"},{"st":93,"eIdx":6,"ancestor":"","en":100,"ne_type":"","keyword":"[러일_전쟁]","e_type":"WIKILINK"}],"wikiPageId":1373314,"pIdx":3,"text":"제1군이 다시 부활하게 된 것은 [메이지_37년] [1904년] [2월_5일]에 편성되어 전후인 [1905년] [12월_9일]까지 [구로키_다메모토] 장군의 지휘하에 [러일_전쟁]에서 사용하기 위해서였다."}