{"result":[{"verbs":[{"word_id":6,"ancestor":["1-0"],"verb":"하","cwStateCd":"FIXED","cwSelIdx":0}],"text":"[맨체스터_모나크스](Manchester Monarchs)는 [미국] [뉴햄프셔_주] [맨체스터_(뉴햄프셔_주)]를 연고지로 하는 [2001년]부터 [2015년]까지 [아메리칸_하키_리그] 소속되었던 아이스 하키팀이다."}],"globalSId":[3724341],"entities":[{"st":0,"eIdx":0,"ancestor":"-2","en":10,"cwStateCd":"FIXED","ne_type":"ETC","cwSelIdx":[],"type":"ENTITY","keyword":"[맨체스터_모나크스]","e_type":"NEW"},{"st":34,"eIdx":1,"ancestor":"","en":38,"ne_type":"","keyword":"[미국]","e_type":"WIKILINK"},{"st":39,"eIdx":2,"ancestor":"","en":47,"ne_type":"","keyword":"[뉴햄프셔_주]","e_type":"WIKILINK"},{"st":48,"eIdx":3,"ancestor":"","en":63,"ne_type":"","keyword":"[맨체스터_(뉴햄프셔_주)]","e_type":"WIKILINK"},{"st":73,"eIdx":4,"ancestor":"-2","en":79,"cwStateCd":"FIXED","ne_type":"TIME","cwSelIdx":[],"type":"ENTITY","keyword":"[2001년]","e_type":"NEW"},{"st":83,"eIdx":5,"ancestor":"-2","en":89,"cwStateCd":"FIXED","ne_type":"TIME","cwSelIdx":[],"type":"ENTITY","keyword":"[2015년]","e_type":"NEW"},{"st":93,"eIdx":6,"ancestor":"","en":105,"ne_type":"","keyword":"[아메리칸_하키_리그]","e_type":"WIKILINK"}],"wikiPageId":1441339,"pIdx":1,"text":"[맨체스터_모나크스](Manchester Monarchs)는 [미국] [뉴햄프셔_주] [맨체스터_(뉴햄프셔_주)]를 연고지로 하는 [2001년]부터 [2015년]까지 [아메리칸_하키_리그] 소속되었던 아이스 하키팀이다."}