{"result":[{"verbs":[{"word_id":4,"ancestor":["1-0"],"verb":"있","cwStateCd":"FIXED","cwSelIdx":0}],"text":"<이치부리_역>()은 [일본] [니가타_현] [이토이가와_시]에 있는 [철도역]이다."}],"globalSId":[2673317],"entities":[{"st":0,"eIdx":0,"ancestor":"","en":8,"ne_type":"","keyword":"<이치부리_역>","e_type":"ELU"},{"st":12,"eIdx":1,"ancestor":"","en":16,"ne_type":"","keyword":"[일본]","e_type":"WIKILINK"},{"st":17,"eIdx":2,"ancestor":"","en":24,"ne_type":"","keyword":"[니가타_현]","e_type":"WIKILINK"},{"st":25,"eIdx":3,"ancestor":"","en":34,"ne_type":"","keyword":"[이토이가와_시]","e_type":"WIKILINK"},{"st":39,"eIdx":4,"ancestor":"","en":44,"ne_type":"","keyword":"[철도역]","e_type":"WIKILINK"}],"wikiPageId":730681,"pIdx":1,"text":"<이치부리_역>()은 [일본] [니가타_현] [이토이가와_시]에 있는 [철도역]이다."}