{"result":[{"verbs":[{"word_id":11,"ancestor":["1-0"],"verb":"잇","cwStateCd":"FIXED","cwSelIdx":0}],"text":"<경남선>(慶南線)은 [대한민국] [경상남도] [창원시] [마산회원구] [석전동] [마산역]과 [경상남도] [진주시] 강남동 [진주역]을 잇는 [철도_노선]이다."},{"verbs":[{"word_id":1,"ancestor":["1-0"],"verb":"개통","cwStateCd":"FIXED","cwSelIdx":0},{"word_id":12,"ancestor":["1-16"],"verb":"완공","cwStateCd":"FIXED","cwSelIdx":23},{"word_id":13,"ancestor":"-1","verb":"따르","cwStateCd":"FIXED","cwSelIdx":[]},{"word_id":15,"ancestor":["1-0"],"verb":"통합","cwStateCd":"FIXED","cwSelIdx":0}],"text":"[1925년]에 개통된 이후 [1931년]까지 [남조선철도주식회사]가 운영했지만, [1968년]에 [광주역] - 진주간 [경전선] 노선이 완공됨에 따라 [경전선]에 통합되었다."}],"globalSId":[2400523,2400524],"entities":[{"st":0,"eIdx":0,"ancestor":"","en":5,"ne_type":"","keyword":"<경남선>","e_type":"ELU"},{"st":12,"eIdx":1,"ancestor":"","en":18,"ne_type":"","keyword":"[대한민국]","e_type":"WIKILINK"},{"st":19,"eIdx":2,"ancestor":"","en":25,"ne_type":"","keyword":"[경상남도]","e_type":"WIKILINK"},{"st":26,"eIdx":3,"ancestor":"","en":31,"ne_type":"","keyword":"[창원시]","e_type":"WIKILINK"},{"st":32,"eIdx":4,"ancestor":"","en":39,"ne_type":"","keyword":"[마산회원구]","e_type":"WIKILINK"},{"st":40,"eIdx":5,"ancestor":"","en":45,"ne_type":"","keyword":"[석전동]","e_type":"WIKILINK"},{"st":46,"eIdx":6,"ancestor":"","en":51,"ne_type":"","keyword":"[마산역]","e_type":"WIKILINK"},{"st":53,"eIdx":7,"ancestor":"","en":59,"ne_type":"","keyword":"[경상남도]","e_type":"WIKILINK"},{"st":60,"eIdx":8,"ancestor":"","en":65,"ne_type":"","keyword":"[진주시]","e_type":"WIKILINK"},{"st":70,"eIdx":9,"ancestor":"","en":75,"ne_type":"","keyword":"[진주역]","e_type":"WIKILINK"},{"st":80,"eIdx":10,"ancestor":"","en":87,"ne_type":"","keyword":"[철도_노선]","e_type":"WIKILINK"},{"st":91,"eIdx":11,"ancestor":"","en":98,"ne_type":"","keyword":"[1925년]","e_type":"WIKILINK"},{"st":107,"eIdx":12,"ancestor":"","en":114,"ne_type":"","keyword":"[1931년]","e_type":"WIKILINK"},{"st":117,"eIdx":13,"ancestor":"","en":128,"ne_type":"","keyword":"[남조선철도주식회사]","e_type":"WIKILINK"},{"st":137,"eIdx":14,"ancestor":"","en":144,"ne_type":"","keyword":"[1968년]","e_type":"WIKILINK"},{"st":146,"eIdx":15,"ancestor":"","en":151,"ne_type":"","keyword":"[광주역]","e_type":"WIKILINK"},{"st":158,"eIdx":16,"ancestor":"","en":163,"ne_type":"","keyword":"[경전선]","e_type":"WIKILINK"},{"st":176,"eIdx":17,"ancestor":"","en":181,"ne_type":"","keyword":"[경전선]","e_type":"WIKILINK"}],"wikiPageId":604453,"pIdx":1,"text":"<경남선>(慶南線)은 [대한민국] [경상남도] [창원시] [마산회원구] [석전동] [마산역]과 [경상남도] [진주시] 강남동 [진주역]을 잇는 [철도_노선]이다. [1925년]에 개통된 이후 [1931년]까지 [남조선철도주식회사]가 운영했지만, [1968년]에 [광주역] - 진주간 [경전선] 노선이 완공됨에 따라 [경전선]에 통합되었다."}