{"result":[{"verbs":[{"word_id":6,"ancestor":["1-0"],"verb":"있","cwStateCd":"FIXED","cwSelIdx":0}],"text":"[큐_왕립식물원]()은 [영국]의 수도 [런던] 남서부의 [큐_(런던)]에 있는 왕립식물원이다."},{"verbs":[{"word_id":2,"ancestor":["1-0"],"verb":"등록","cwStateCd":"FIXED","cwSelIdx":0}],"text":"[2003년]에 [유네스코_세계_유산]에 등록되었다."}],"globalSId":[3136473,3136474],"entities":[{"st":0,"eIdx":0,"ancestor":"-2","en":8,"cwStateCd":"FIXED","ne_type":"ORGANIZATION","cwSelIdx":[],"type":"ENTITY","keyword":"[큐_왕립식물원]","e_type":"NEW"},{"st":13,"eIdx":1,"ancestor":"","en":17,"ne_type":"","keyword":"[영국]","e_type":"WIKILINK"},{"st":22,"eIdx":2,"ancestor":"","en":26,"ne_type":"","keyword":"[런던]","e_type":"WIKILINK"},{"st":32,"eIdx":3,"ancestor":"","en":40,"ne_type":"","keyword":"[큐_(런던)]","e_type":"WIKILINK"},{"st":54,"eIdx":4,"ancestor":"-2","en":60,"cwStateCd":"FIXED","ne_type":"TIME","cwSelIdx":[],"type":"ENTITY","keyword":"[2003년]","e_type":"NEW"},{"st":63,"eIdx":5,"ancestor":"","en":75,"ne_type":"","keyword":"[유네스코_세계_유산]","e_type":"WIKILINK"}],"wikiPageId":976504,"pIdx":1,"text":"[큐_왕립식물원]()은 [영국]의 수도 [런던] 남서부의 [큐_(런던)]에 있는 왕립식물원이다. [2003년]에 [유네스코_세계_유산]에 등록되었다."}