{"result":[{"verbs":[{"word_id":2,"ancestor":["1-0"],"verb":"속","cwStateCd":"FIXED","cwSelIdx":0}],"text":"[론델레티아속](\"Rondeletia\")은 [금눈돔목]에 속하는 [조기어류] 속의 하나이다."},{"verbs":[],"text":"[론델레티아과](Rondeletiidae)의 유일속이다."},{"verbs":[{"word_id":4,"ancestor":["1-0"],"verb":"밀접","cwStateCd":"FIXED","cwSelIdx":0},{"word_id":6,"ancestor":"-2","verb":"있","cwStateCd":"FIXED","cwSelIdx":[]}],"text":"[바르보우리시아_루파] 및 [기베리크티스과] 물고기와 밀접한 관계에 있다."},{"verbs":[],"text":"[바르보우리시아과]는 이전에 [케토미무스목]으로 분류했지만, 현재는 [금눈돔목]으로 분류한다."},{"verbs":[{"word_id":1,"ancestor":["1-6"],"verb":"이루어지","cwStateCd":"FIXED","cwSelIdx":15}],"text":"2종으로 이루어져 있다."}],"globalSId":[3469778,3469779,3469780,3469781,3469782],"entities":[{"st":0,"eIdx":0,"ancestor":"-2","en":7,"cwStateCd":"FIXED","ne_type":"ETC","cwSelIdx":[],"type":"ENTITY","keyword":"[론델레티아속]","e_type":"NEW"},{"st":24,"eIdx":1,"ancestor":"","en":30,"ne_type":"","keyword":"[금눈돔목]","e_type":"WIKILINK"},{"st":36,"eIdx":2,"ancestor":"","en":42,"ne_type":"","keyword":"[조기어류]","e_type":"WIKILINK"},{"st":52,"eIdx":3,"ancestor":"-2","en":59,"cwStateCd":"FIXED","ne_type":"ETC","cwSelIdx":[],"type":"ENTITY","keyword":"[론델레티아과]","e_type":"NEW"},{"st":84,"eIdx":4,"ancestor":"","en":96,"ne_type":"","keyword":"[바르보우리시아_루파]","e_type":"WIKILINK"},{"st":99,"eIdx":5,"ancestor":"","en":108,"ne_type":"","keyword":"[기베리크티스과]","e_type":"WIKILINK"},{"st":126,"eIdx":6,"ancestor":"1-4","en":135,"cwStateCd":"FIXED","ne_type":"ETC","cwSelIdx":8,"type":"ENTITY","keyword":"[바르보우리시아과]","e_type":"NEW"},{"st":142,"eIdx":7,"ancestor":"","en":150,"ne_type":"","keyword":"[케토미무스목]","e_type":"WIKILINK"},{"st":164,"eIdx":8,"ancestor":"","en":170,"ne_type":"","keyword":"[금눈돔목]","e_type":"WIKILINK"}],"wikiPageId":1228887,"pIdx":1,"text":"[론델레티아속](\"Rondeletia\")은 [금눈돔목]에 속하는 [조기어류] 속의 하나이다. [론델레티아과](Rondeletiidae)의 유일속이다. [바르보우리시아_루파] 및 [기베리크티스과] 물고기와 밀접한 관계에 있다. [바르보우리시아과]는 이전에 [케토미무스목]으로 분류했지만, 현재는 [금눈돔목]으로 분류한다. 2종으로 이루어져 있다."}