{"result":[{"verbs":[{"word_id":5,"ancestor":["1-0"],"verb":"있","cwStateCd":"FIXED","cwSelIdx":0}],"text":"<지금동>(芝錦洞)은 [대한민국] [경기도] [남양주시] 남쪽에 있는 동이다."}],"globalSId":[2790168],"entities":[{"st":0,"eIdx":0,"ancestor":"","en":5,"ne_type":"","keyword":"<지금동>","e_type":"ELU"},{"st":12,"eIdx":1,"ancestor":"","en":18,"ne_type":"","keyword":"[대한민국]","e_type":"WIKILINK"},{"st":19,"eIdx":2,"ancestor":"","en":24,"ne_type":"","keyword":"[경기도]","e_type":"WIKILINK"},{"st":25,"eIdx":3,"ancestor":"","en":31,"ne_type":"","keyword":"[남양주시]","e_type":"WIKILINK"}],"wikiPageId":786971,"pIdx":1,"text":"<지금동>(芝錦洞)은 [대한민국] [경기도] [남양주시] 남쪽에 있는 동이다."}