{"result":[{"verbs":[{"word_id":3,"ancestor":["1-0"],"verb":"속","cwStateCd":"FIXED","cwSelIdx":0},{"word_id":9,"ancestor":["1-0"],"verb":"지정","cwStateCd":"FIXED","cwSelIdx":0}],"text":"<키르기스어>( )는 [투르크어족]에 속한 언어로 [키르기스스탄]에서 [러시아어]와 함께 [공용어]로 지정되어 있다."}],"globalSId":[536189],"entities":[{"st":0,"eIdx":0,"ancestor":"","en":7,"ne_type":"","keyword":"<키르기스어>","e_type":"ELU"},{"st":12,"eIdx":1,"ancestor":"","en":19,"ne_type":"","keyword":"[투르크어족]","e_type":"WIKILINK"},{"st":28,"eIdx":2,"ancestor":"","en":36,"ne_type":"","keyword":"[키르기스스탄]","e_type":"WIKILINK"},{"st":39,"eIdx":3,"ancestor":"","en":45,"ne_type":"","keyword":"[러시아어]","e_type":"WIKILINK"},{"st":50,"eIdx":4,"ancestor":"","en":55,"ne_type":"","keyword":"[공용어]","e_type":"WIKILINK"}],"wikiPageId":64616,"pIdx":1,"text":"<키르기스어>( )는 [투르크어족]에 속한 언어로 [키르기스스탄]에서 [러시아어]와 함께 [공용어]로 지정되어 있다."}