{"result":[{"verbs":[],"text":"생애."},{"verbs":[{"word_id":6,"ancestor":"-2","verb":"태어나","cwStateCd":"FIXED","cwSelIdx":[]},{"word_id":9,"ancestor":"-2","verb":"졸업","cwStateCd":"FIXED","cwSelIdx":[]},{"word_id":17,"ancestor":"-2","verb":"취득","cwStateCd":"FIXED","cwSelIdx":[]}],"text":"[1955년] [12월] [28일] [중화인민공화국] [지린_성] [창춘_시]에서 태어나 [지린_대학] 중문과를 졸업하였으며 [베이징_사범대학교] 중문과에서 석사 학위와 문예학 박사 학위를 취득하였다."},{"verbs":[{"word_id":4,"ancestor":"-2","verb":"열","cwStateCd":"FIXED","cwSelIdx":[]},{"word_id":13,"ancestor":"-2","verb":"지내","cwStateCd":"FIXED","cwSelIdx":[]}],"text":"졸업 후 [베이징_사범대]에서 강의를 열기도 했으며 [1988년] [노르웨이_오슬로_대학교]에서 서구와 중국 비교 문학 강사를 지냈다."},{"verbs":[{"word_id":3,"ancestor":"-2","verb":"옮기","cwStateCd":"FIXED","cwSelIdx":[]},{"word_id":13,"ancestor":"-2","verb":"비판","cwStateCd":"FIXED","cwSelIdx":[]},{"word_id":19,"ancestor":"-2","verb":"강의","cwStateCd":"FIXED","cwSelIdx":[]}],"text":"그해 말 [미국_하와이_대학교]에서 옮겨가 [리쩌허우] 식의 [중국]식 [마르크스주의]론과 [덩샤오핑]의 시장 경제 결정론을 동시에 비판하는 [중국] 당대철학 및 정치 등을 강의하였다."}],"globalSId":[2281361,2281362,2281363,2281364],"entities":[{"st":4,"eIdx":0,"ancestor":"-2","en":10,"cwStateCd":"FIXED","ne_type":"TIME","cwSelIdx":[],"type":"ENTITY","keyword":"[1955년]","e_type":"NEW"},{"st":12,"eIdx":1,"ancestor":"-2","en":16,"cwStateCd":"FIXED","ne_type":"TIME","cwSelIdx":[],"type":"ENTITY","keyword":"[12월]","e_type":"NEW"},{"st":18,"eIdx":2,"ancestor":"-2","en":22,"cwStateCd":"FIXED","ne_type":"TIME","cwSelIdx":[],"type":"ENTITY","keyword":"[28일]","e_type":"NEW"},{"st":24,"eIdx":3,"ancestor":"","en":33,"ne_type":"","keyword":"[중화인민공화국]","e_type":"WIKILINK"},{"st":34,"eIdx":4,"ancestor":"","en":40,"ne_type":"","keyword":"[지린_성]","e_type":"WIKILINK"},{"st":41,"eIdx":5,"ancestor":"","en":47,"ne_type":"","keyword":"[창춘_시]","e_type":"WIKILINK"},{"st":54,"eIdx":6,"ancestor":"","en":61,"ne_type":"","keyword":"[지린_대학]","e_type":"WIKILINK"},{"st":74,"eIdx":7,"ancestor":"-2","en":84,"cwStateCd":"FIXED","ne_type":"ORGANIZATION","cwSelIdx":[],"type":"ENTITY","keyword":"[베이징_사범대학교]","e_type":"NEW"},{"st":122,"eIdx":8,"ancestor":"2-7","en":130,"cwStateCd":"FIXED","ne_type":"ORGANIZATION","cwSelIdx":11,"type":"ENTITY","keyword":"[베이징_사범대]","e_type":"NEW"},{"st":146,"eIdx":9,"ancestor":"-2","en":152,"cwStateCd":"FIXED","ne_type":"TIME","cwSelIdx":[],"type":"ENTITY","keyword":"[1988년]","e_type":"NEW"},{"st":154,"eIdx":10,"ancestor":"-2","en":167,"cwStateCd":"FIXED","ne_type":"ORGANIZATION","cwSelIdx":[],"type":"ENTITY","keyword":"[노르웨이_오슬로_대학교]","e_type":"NEW"},{"st":198,"eIdx":11,"ancestor":"-2","en":209,"cwStateCd":"FIXED","ne_type":"ORGANIZATION","cwSelIdx":[],"type":"ENTITY","keyword":"[미국_하와이_대학교]","e_type":"NEW"},{"st":217,"eIdx":12,"ancestor":"-2","en":222,"cwStateCd":"FIXED","ne_type":"PERSON","cwSelIdx":[],"type":"ENTITY","keyword":"[리쩌허우]","e_type":"NEW"},{"st":227,"eIdx":13,"ancestor":"2-3","en":230,"cwStateCd":"FIXED","ne_type":"LOCATION","cwSelIdx":4,"type":"ENTITY","keyword":"[중국]","e_type":"NEW"},{"st":233,"eIdx":14,"ancestor":"","en":241,"ne_type":"","keyword":"[마르크스주의]","e_type":"WIKILINK"},{"st":244,"eIdx":15,"ancestor":"","en":250,"ne_type":"","keyword":"[덩샤오핑]","e_type":"WIKILINK"},{"st":272,"eIdx":16,"ancestor":"2-13","en":275,"cwStateCd":"FIXED","ne_type":"LOCATION","cwSelIdx":39,"type":"ENTITY","keyword":"[중국]","e_type":"NEW"}],"wikiPageId":547411,"pIdx":2,"text":"생애. [1955년] [12월] [28일] [중화인민공화국] [지린_성] [창춘_시]에서 태어나 [지린_대학] 중문과를 졸업하였으며 [베이징_사범대학교] 중문과에서 석사 학위와 문예학 박사 학위를 취득하였다. 졸업 후 [베이징_사범대]에서 강의를 열기도 했으며 [1988년] [노르웨이_오슬로_대학교]에서 서구와 중국 비교 문학 강사를 지냈다. 그해 말 [미국_하와이_대학교]에서 옮겨가 [리쩌허우] 식의 [중국]식 [마르크스주의]론과 [덩샤오핑]의 시장 경제 결정론을 동시에 비판하는 [중국] 당대철학 및 정치 등을 강의하였다."}