{"result":[{"verbs":[{"word_id":5,"ancestor":["1-0"],"verb":"위치","cwStateCd":"FIXED","cwSelIdx":0}],"text":"[쓰루누마_역]()은 [일본] [홋카이도] [가바토_군] [우라우스_정]에 위치한 [홋카이도_여객철도] [삿쇼_선]의 [철도역]이다."},{"verbs":[{"word_id":4,"ancestor":["1-0"],"verb":"갖추","cwStateCd":"FIXED","cwSelIdx":0}],"text":"[단선_승강장] 1면 1선의 구조를 갖춘 지상역이다."}],"globalSId":[3725685,3725686],"entities":[{"st":0,"eIdx":0,"ancestor":"-2","en":7,"cwStateCd":"FIXED","ne_type":"LOCATION","cwSelIdx":[],"type":"ENTITY","keyword":"[쓰루누마_역]","e_type":"NEW"},{"st":12,"eIdx":1,"ancestor":"","en":16,"ne_type":"","keyword":"[일본]","e_type":"WIKILINK"},{"st":17,"eIdx":2,"ancestor":"","en":23,"ne_type":"","keyword":"[홋카이도]","e_type":"WIKILINK"},{"st":24,"eIdx":3,"ancestor":"","en":31,"ne_type":"","keyword":"[가바토_군]","e_type":"WIKILINK"},{"st":32,"eIdx":4,"ancestor":"","en":40,"ne_type":"","keyword":"[우라우스_정]","e_type":"WIKILINK"},{"st":46,"eIdx":5,"ancestor":"","en":57,"ne_type":"","keyword":"[홋카이도_여객철도]","e_type":"WIKILINK"},{"st":58,"eIdx":6,"ancestor":"","en":64,"ne_type":"","keyword":"[삿쇼_선]","e_type":"WIKILINK"},{"st":66,"eIdx":7,"ancestor":"","en":71,"ne_type":"","keyword":"[철도역]","e_type":"WIKILINK"},{"st":75,"eIdx":8,"ancestor":"","en":83,"ne_type":"","keyword":"[단선_승강장]","e_type":"WIKILINK"}],"wikiPageId":1442907,"pIdx":1,"text":"[쓰루누마_역]()은 [일본] [홋카이도] [가바토_군] [우라우스_정]에 위치한 [홋카이도_여객철도] [삿쇼_선]의 [철도역]이다. [단선_승강장] 1면 1선의 구조를 갖춘 지상역이다."}