{"result":[{"verbs":[{"word_id":4,"ancestor":"","verb":"위치"}],"text":"[메종알포르]()는 [프랑스] [일드프랑스] [발드마른_주]에 위치한 도시로 면적은 5.38㎢, 인구는 53,607명(2006년 기준), 인구 밀도는 10,000명\/㎢이다."},{"verbs":[{"word_id":3,"ancestor":"","verb":"떨어지"},{"word_id":5,"ancestor":"","verb":"위치"}],"text":"[파리_(프랑스)]에서 8.4km 정도 떨어진 곳에 위치한다."}],"globalSId":[3622397,3622398],"entities":[{"st":0,"eIdx":0,"ancestor":"-2","en":6,"cwStateCd":"FIXED","ne_type":"LOCATION","cwSelIdx":[],"type":"ENTITY","keyword":"[메종알포르]","e_type":"NEW"},{"st":11,"eIdx":1,"ancestor":"","en":16,"ne_type":"","keyword":"[프랑스]","e_type":"WIKILINK"},{"st":17,"eIdx":2,"ancestor":"","en":24,"ne_type":"","keyword":"[일드프랑스]","e_type":"WIKILINK"},{"st":25,"eIdx":3,"ancestor":"","en":33,"ne_type":"","keyword":"[발드마른_주]","e_type":"WIKILINK"},{"st":97,"eIdx":4,"ancestor":"","en":107,"ne_type":"","keyword":"[파리_(프랑스)]","e_type":"WIKILINK"}],"wikiPageId":1350665,"pIdx":1,"text":"[메종알포르]()는 [프랑스] [일드프랑스] [발드마른_주]에 위치한 도시로 면적은 5.38㎢, 인구는 53,607명(2006년 기준), 인구 밀도는 10,000명\/㎢이다. [파리_(프랑스)]에서 8.4km 정도 떨어진 곳에 위치한다."}