{"result":[{"verbs":[{"word_id":7,"ancestor":"-2","verb":"대","cwStateCd":"FIXED","cwSelIdx":[]},{"word_id":18,"ancestor":"-2","verb":"전념","cwStateCd":"FIXED","cwSelIdx":[]}],"text":"예전에는 다른 회사나 만화 등의 캐릭터 게임에 대한 위탁개발도 했지만, [게임보이]용 게임 소프트웨어 \"[포켓몬스터_(게임)](포켓몬)\"의 성공 이후에는 자사 타이틀에 전념하고 있다."},{"verbs":[{"word_id":2,"ancestor":"-2","verb":"발매","cwStateCd":"FIXED","cwSelIdx":[]},{"word_id":6,"ancestor":"-2","verb":"대","cwStateCd":"FIXED","cwSelIdx":[]},{"word_id":12,"ancestor":"-2","verb":"발매","cwStateCd":"FIXED","cwSelIdx":[]},{"word_id":19,"ancestor":"-2","verb":"발매","cwStateCd":"FIXED","cwSelIdx":[]}],"text":"또한, [플레이스테이션]용으로 발매된 \"[클릭메딕]\"을 마지막으로 [가정용_게임기]에 대해서는 [닌텐도]의 게임기 이외에는 자사 타이틀을 발매하지 않고 있지만, 근래에는 스마트폰 대상의 게임을 발매하기도 했다."}],"globalSId":[2929017,2929018],"entities":[{"st":40,"eIdx":0,"ancestor":"","en":46,"ne_type":"","keyword":"[게임보이]","e_type":"WIKILINK"},{"st":58,"eIdx":1,"ancestor":"","en":70,"ne_type":"","keyword":"[포켓몬스터_(게임)]","e_type":"WIKILINK"},{"st":107,"eIdx":2,"ancestor":"","en":116,"ne_type":"","keyword":"[플레이스테이션]","e_type":"WIKILINK"},{"st":125,"eIdx":3,"ancestor":"1-1","en":129,"cwStateCd":"FIXED","ne_type":"ETC","cwSelIdx":2,"type":"ENTITY","keyword":"[클릭메딕]","e_type":"NEW"},{"st":140,"eIdx":4,"ancestor":"","en":149,"ne_type":"","keyword":"[가정용_게임기]","e_type":"WIKILINK"},{"st":156,"eIdx":5,"ancestor":"","en":161,"ne_type":"","keyword":"[닌텐도]","e_type":"WIKILINK"}],"wikiPageId":866079,"pIdx":3,"text":"예전에는 다른 회사나 만화 등의 캐릭터 게임에 대한 위탁개발도 했지만, [게임보이]용 게임 소프트웨어 \"[포켓몬스터_(게임)](포켓몬)\"의 성공 이후에는 자사 타이틀에 전념하고 있다. 또한, [플레이스테이션]용으로 발매된 \"[클릭메딕]\"을 마지막으로 [가정용_게임기]에 대해서는 [닌텐도]의 게임기 이외에는 자사 타이틀을 발매하지 않고 있지만, 근래에는 스마트폰 대상의 게임을 발매하기도 했다."}