{"result":[{"verbs":[{"word_id":5,"ancestor":["1-0"],"verb":"있","cwStateCd":"FIXED","cwSelIdx":0}],"text":"<모라역>(毛羅驛)은 [대한민국] [부산광역시] [사상구] <모라동>에 있는 [부산_도시철도_2호선]의 [지하철역]이다."}],"globalSId":[727400],"entities":[{"st":0,"eIdx":0,"ancestor":"","en":5,"ne_type":"","keyword":"<모라역>","e_type":"ELU"},{"st":12,"eIdx":1,"ancestor":"","en":18,"ne_type":"","keyword":"[대한민국]","e_type":"WIKILINK"},{"st":19,"eIdx":2,"ancestor":"","en":26,"ne_type":"","keyword":"[부산광역시]","e_type":"WIKILINK"},{"st":27,"eIdx":3,"ancestor":"","en":32,"ne_type":"","keyword":"[사상구]","e_type":"WIKILINK"},{"st":33,"eIdx":4,"ancestor":"","en":38,"ne_type":"","keyword":"<모라동>","e_type":"ELU"},{"st":43,"eIdx":5,"ancestor":"","en":56,"ne_type":"","keyword":"[부산_도시철도_2호선]","e_type":"WIKILINK"},{"st":58,"eIdx":6,"ancestor":"","en":64,"ne_type":"","keyword":"[지하철역]","e_type":"WIKILINK"}],"wikiPageId":94730,"pIdx":1,"text":"<모라역>(毛羅驛)은 [대한민국] [부산광역시] [사상구] <모라동>에 있는 [부산_도시철도_2호선]의 [지하철역]이다."}