{"result":[{"verbs":[{"word_id":15,"ancestor":["1-1"],"verb":"되","cwStateCd":"FIXED","cwSelIdx":0}],"text":"[제라르_르망]([1851년] 출생, [1920년] 사망)은 [벨기에]의 군인으로 [제1차_세계_대전] 중 [리에주_전투]를 지휘하였으며, 이 전투 중에 독일군의 포로가 되었다."},{"verbs":[{"word_id":6,"ancestor":["1-1"],"verb":"태어나","cwStateCd":"FIXED","cwSelIdx":0},{"word_id":11,"ancestor":["1-1"],"verb":"졸업","cwStateCd":"FIXED","cwSelIdx":0},{"word_id":13,"ancestor":["1-1"],"verb":"임관","cwStateCd":"FIXED","cwSelIdx":0}],"text":"[브뤼셀]의 [벨기에_육군사관학교]의 교수이자 [포병] [군인_계급]의 아들로 태어났으며, [1867년]에 사관학교에 입교, [1869년]에 졸업하여 소위로 임관하였다."},{"verbs":[{"word_id":2,"ancestor":["1-13"],"verb":"발발","cwStateCd":"FIXED","cwSelIdx":31},{"word_id":8,"ancestor":["1-1"],"verb":"근무","cwStateCd":"FIXED","cwSelIdx":0},{"word_id":11,"ancestor":["1-1"],"verb":"승진","cwStateCd":"FIXED","cwSelIdx":0}],"text":"[1870년] [보불_전쟁]이 발발했을 적에는 <벨기에> 측의 관측 군단에서 근무했으며, [1872년]에 중위로 승진했다."},{"verbs":[{"word_id":2,"ancestor":["1-1"],"verb":"잇","cwStateCd":"FIXED","cwSelIdx":0},{"word_id":5,"ancestor":["1-1"],"verb":"되","cwStateCd":"FIXED","cwSelIdx":0},{"word_id":9,"ancestor":["1-1"],"verb":"승진","cwStateCd":"FIXED","cwSelIdx":0}],"text":"[1882년]에는 부친을 이어 육군사관학교의 교수가 되었고, 얼마 뒤에는 교장으로 승진했다."},{"verbs":[{"word_id":1,"ancestor":["1-1"],"verb":"근무","cwStateCd":"FIXED","cwSelIdx":0},{"word_id":6,"ancestor":["1-1"],"verb":"지내","cwStateCd":"FIXED","cwSelIdx":0}],"text":"교장으로 근무하면서 [알베르_1세_(벨기에)]의 개인 군사 교관으로 지내기도 했다."},{"verbs":[{"word_id":2,"ancestor":"-2","verb":"많","cwStateCd":"FIXED","cwSelIdx":[]},{"word_id":6,"ancestor":["1-1"],"verb":"미치","cwStateCd":"FIXED","cwSelIdx":0},{"word_id":8,"ancestor":"-1","verb":"아니","cwStateCd":"FIXED","cwSelIdx":[]},{"word_id":10,"ancestor":["1-1"],"verb":"뛰어나","cwStateCd":"FIXED","cwSelIdx":0},{"word_id":12,"ancestor":["1-1"],"verb":"가지","cwStateCd":"FIXED","cwSelIdx":0}],"text":"그는 수 많은 군사 전략에 영향을 미쳤을 뿐 아니라 수학자로서도 뛰어난 자질을 가지고 있었다."},{"verbs":[{"word_id":1,"ancestor":"-2","verb":"발발","cwStateCd":"FIXED","cwSelIdx":[]},{"word_id":8,"ancestor":["1-1"],"verb":"임명","cwStateCd":"FIXED","cwSelIdx":0},{"word_id":11,"ancestor":["1-1"],"verb":"대비","cwStateCd":"FIXED","cwSelIdx":0}],"text":"전쟁이 발발하기 전인 [1914년] [1월]에는 [리에주] 요새의 지휘관으로 임명되어 [독일]과의 전쟁에 대비했다."}],"globalSId":[2748260,2748261,2748262,2748263,2748264,2748265,2748266],"entities":[{"st":0,"eIdx":0,"ancestor":"-2","en":7,"cwStateCd":"FIXED","ne_type":"PERSON","cwSelIdx":[],"type":"ENTITY","keyword":"[제라르_르망]","e_type":"NEW"},{"st":9,"eIdx":1,"ancestor":"","en":16,"ne_type":"","keyword":"[1851년]","e_type":"WIKILINK"},{"st":21,"eIdx":2,"ancestor":"","en":28,"ne_type":"","keyword":"[1920년]","e_type":"WIKILINK"},{"st":34,"eIdx":3,"ancestor":"","en":39,"ne_type":"","keyword":"[벨기에]","e_type":"WIKILINK"},{"st":46,"eIdx":4,"ancestor":"","en":57,"ne_type":"","keyword":"[제1차_세계_대전]","e_type":"WIKILINK"},{"st":60,"eIdx":5,"ancestor":"","en":68,"ne_type":"","keyword":"[리에주_전투]","e_type":"WIKILINK"},{"st":100,"eIdx":6,"ancestor":"","en":105,"ne_type":"","keyword":"[브뤼셀]","e_type":"WIKILINK"},{"st":107,"eIdx":7,"ancestor":"","en":119,"ne_type":"","keyword":"[벨기에_육군사관학교]","e_type":"WIKILINK"},{"st":126,"eIdx":8,"ancestor":"","en":130,"ne_type":"","keyword":"[포병]","e_type":"WIKILINK"},{"st":131,"eIdx":9,"ancestor":"","en":138,"ne_type":"","keyword":"[군인_계급]","e_type":"WIKILINK"},{"st":151,"eIdx":10,"ancestor":"","en":158,"ne_type":"","keyword":"[1867년]","e_type":"WIKILINK"},{"st":170,"eIdx":11,"ancestor":"","en":177,"ne_type":"","keyword":"[1869년]","e_type":"WIKILINK"},{"st":195,"eIdx":12,"ancestor":"","en":202,"ne_type":"","keyword":"[1870년]","e_type":"WIKILINK"},{"st":203,"eIdx":13,"ancestor":"","en":210,"ne_type":"","keyword":"[보불_전쟁]","e_type":"WIKILINK"},{"st":221,"eIdx":14,"ancestor":"","en":226,"ne_type":"","keyword":"<벨기에>","e_type":"ELU"},{"st":245,"eIdx":15,"ancestor":"","en":252,"ne_type":"","keyword":"[1872년]","e_type":"WIKILINK"},{"st":264,"eIdx":16,"ancestor":"","en":271,"ne_type":"","keyword":"[1882년]","e_type":"WIKILINK"},{"st":327,"eIdx":17,"ancestor":"","en":341,"ne_type":"","keyword":"[알베르_1세_(벨기에)]","e_type":"WIKILINK"},{"st":428,"eIdx":18,"ancestor":"","en":435,"ne_type":"","keyword":"[1914년]","e_type":"WIKILINK"},{"st":436,"eIdx":19,"ancestor":"","en":440,"ne_type":"","keyword":"[1월]","e_type":"WIKILINK"},{"st":443,"eIdx":20,"ancestor":"","en":448,"ne_type":"","keyword":"[리에주]","e_type":"WIKILINK"},{"st":464,"eIdx":21,"ancestor":"","en":468,"ne_type":"","keyword":"[독일]","e_type":"WIKILINK"}],"wikiPageId":764218,"pIdx":1,"text":"[제라르_르망]([1851년] 출생, [1920년] 사망)은 [벨기에]의 군인으로 [제1차_세계_대전] 중 [리에주_전투]를 지휘하였으며, 이 전투 중에 독일군의 포로가 되었다. [브뤼셀]의 [벨기에_육군사관학교]의 교수이자 [포병] [군인_계급]의 아들로 태어났으며, [1867년]에 사관학교에 입교, [1869년]에 졸업하여 소위로 임관하였다. [1870년] [보불_전쟁]이 발발했을 적에는 <벨기에> 측의 관측 군단에서 근무했으며, [1872년]에 중위로 승진했다. [1882년]에는 부친을 이어 육군사관학교의 교수가 되었고, 얼마 뒤에는 교장으로 승진했다. 교장으로 근무하면서 [알베르_1세_(벨기에)]의 개인 군사 교관으로 지내기도 했다. 그는 수 많은 군사 전략에 영향을 미쳤을 뿐 아니라 수학자로서도 뛰어난 자질을 가지고 있었다. 전쟁이 발발하기 전인 [1914년] [1월]에는 [리에주] 요새의 지휘관으로 임명되어 [독일]과의 전쟁에 대비했다."}