{"result":[{"verbs":[],"text":"[필킹턴]."},{"verbs":[],"text":"[필킹턴](Pilkington)은 [조지_오웰]()의 소설 [동물_농장]에 나오는 인간으로, 동물 농장에 인접해 있는 [폭스우드_(동물_농장)] 농장을 소유하고 있다."},{"verbs":[{"word_id":2,"ancestor":["14-5"],"verb":"게으르","cwStateCd":"FIXED","cwSelIdx":15},{"word_id":8,"ancestor":["14-6"],"verb":"운영","cwStateCd":"FIXED","cwSelIdx":20}],"text":"[필킹턴]은 매우 게으른 사람이어서 그의 [폭스우드] 농장은 제대로 운영되지 않았다."},{"verbs":[{"word_id":7,"ancestor":["14-7"],"verb":"묘사","cwStateCd":"FIXED","cwSelIdx":25},{"word_id":15,"ancestor":["14-12"],"verb":"상징","cwStateCd":"FIXED","cwSelIdx":35}],"text":"[필킹턴]은 [미국]의 [프랭클린_델러노_루스벨트] 대통령과 [영국]의 [윈스턴_처칠] 수상으로 묘사되며, 그의 농장 [폭스우드_(동물_농장)]는 [자본주의] 국가인 [미국]과 [영국]을 상징한다."}],"globalSId":[3210050,3210051,3210052,3210053],"entities":[{"st":0,"eIdx":0,"ancestor":"-2","en":4,"cwStateCd":"FIXED","ne_type":"PERSON","cwSelIdx":[],"type":"ENTITY","keyword":"[필킹턴]","e_type":"NEW"},{"st":7,"eIdx":1,"ancestor":"14-0","en":11,"cwStateCd":"FIXED","ne_type":"PERSON","cwSelIdx":0,"type":"ENTITY","keyword":"[필킹턴]","e_type":"NEW"},{"st":26,"eIdx":2,"ancestor":"","en":33,"ne_type":"","keyword":"[조지_오웰]","e_type":"WIKILINK"},{"st":40,"eIdx":3,"ancestor":"","en":47,"ne_type":"","keyword":"[동물_농장]","e_type":"WIKILINK"},{"st":73,"eIdx":4,"ancestor":"","en":87,"ne_type":"","keyword":"[폭스우드_(동물_농장)]","e_type":"WIKILINK"},{"st":101,"eIdx":5,"ancestor":"14-0","en":105,"cwStateCd":"FIXED","ne_type":"PERSON","cwSelIdx":0,"type":"ENTITY","keyword":"[필킹턴]","e_type":"NEW"},{"st":124,"eIdx":6,"ancestor":"14-4","en":129,"cwStateCd":"FIXED","ne_type":"LOCATION","cwSelIdx":11,"type":"ENTITY","keyword":"[폭스우드]","e_type":"NEW"},{"st":149,"eIdx":7,"ancestor":"14-0","en":153,"cwStateCd":"FIXED","ne_type":"PERSON","cwSelIdx":0,"type":"ENTITY","keyword":"[필킹턴]","e_type":"NEW"},{"st":156,"eIdx":8,"ancestor":"","en":160,"ne_type":"","keyword":"[미국]","e_type":"WIKILINK"},{"st":162,"eIdx":9,"ancestor":"","en":177,"ne_type":"","keyword":"[프랭클린_델러노_루스벨트]","e_type":"WIKILINK"},{"st":183,"eIdx":10,"ancestor":"","en":187,"ne_type":"","keyword":"[영국]","e_type":"WIKILINK"},{"st":189,"eIdx":11,"ancestor":"","en":197,"ne_type":"","keyword":"[윈스턴_처칠]","e_type":"WIKILINK"},{"st":215,"eIdx":12,"ancestor":"","en":229,"ne_type":"","keyword":"[폭스우드_(동물_농장)]","e_type":"WIKILINK"},{"st":231,"eIdx":13,"ancestor":"","en":237,"ne_type":"","keyword":"[자본주의]","e_type":"WIKILINK"},{"st":242,"eIdx":14,"ancestor":"14-8","en":245,"cwStateCd":"FIXED","ne_type":"LOCATION","cwSelIdx":26,"type":"ENTITY","keyword":"[미국]","e_type":"NEW"},{"st":248,"eIdx":15,"ancestor":"14-10","en":251,"cwStateCd":"FIXED","ne_type":"LOCATION","cwSelIdx":29,"type":"ENTITY","keyword":"[영국]","e_type":"NEW"}],"wikiPageId":1021920,"pIdx":14,"text":"[필킹턴]. [필킹턴](Pilkington)은 [조지_오웰]()의 소설 [동물_농장]에 나오는 인간으로, 동물 농장에 인접해 있는 [폭스우드_(동물_농장)] 농장을 소유하고 있다. [필킹턴]은 매우 게으른 사람이어서 그의 [폭스우드] 농장은 제대로 운영되지 않았다. [필킹턴]은 [미국]의 [프랭클린_델러노_루스벨트] 대통령과 [영국]의 [윈스턴_처칠] 수상으로 묘사되며, 그의 농장 [폭스우드_(동물_농장)]는 [자본주의] 국가인 [미국]과 [영국]을 상징한다."}