{"result":[{"verbs":[{"word_id":4,"ancestor":"-2","verb":"같","cwStateCd":"FIXED","cwSelIdx":[]},{"word_id":6,"ancestor":["1-0"],"verb":"사용","cwStateCd":"FIXED","cwSelIdx":0},{"word_id":10,"ancestor":["1-0"],"verb":"의미","cwStateCd":"FIXED","cwSelIdx":0}],"text":"[정신주의] ()는 대체로 유심론과 같은 의미로 사용되어 [심령주의], 심령술, 교령방법을 의미한다."},{"verbs":[{"word_id":13,"ancestor":"-2","verb":"의하","cwStateCd":"FIXED","cwSelIdx":[]},{"word_id":14,"ancestor":["1-6"],"verb":"출판","cwStateCd":"FIXED","cwSelIdx":26},{"word_id":18,"ancestor":"-2","verb":"시작","cwStateCd":"FIXED","cwSelIdx":[]},{"word_id":21,"ancestor":["1-0"],"verb":"가리키","cwStateCd":"FIXED","cwSelIdx":0}],"text":"또는, [프랑스어]의 (스피리티슴, 심령학)의 영역으로, [1857년], [프랑스인] [알란_카르젝크] (본명은 이포리트 레옹 드니자르 리바유)에 의해서 출판된 '[영혼의_책]' ([성령]의 책)에 시작하는 [교의], 신앙을 가리킨다."},{"verbs":[{"word_id":2,"ancestor":"-2","verb":"의하","cwStateCd":"FIXED","cwSelIdx":[]},{"word_id":6,"ancestor":"-2","verb":"하","cwStateCd":"FIXED","cwSelIdx":[]},{"word_id":9,"ancestor":["1-1"],"verb":"되","cwStateCd":"FIXED","cwSelIdx":7}],"text":"심령주의는 [카르젝크]에 의해서 [센티멘탈]와 [합리주의]를 특징으로 하는 일종의 종교가 되었다."},{"verbs":[{"word_id":8,"ancestor":["1-13"],"verb":"받","cwStateCd":"FIXED","cwSelIdx":48},{"word_id":9,"ancestor":["1-12"],"verb":"들이","cwStateCd":"FIXED","cwSelIdx":46},{"word_id":16,"ancestor":["1-12"],"verb":"높","cwStateCd":"FIXED","cwSelIdx":46}],"text":"그 교의인 '재수육' ([윤회전생])의 사상은 [앵글로색슨] 제국에서는 그만큼 받아 들여지지 않았지만, 당시의 [평등주의]나 [유토피아] 사상과 친화성이 높았다."}],"globalSId":[3638436,3638437,3638438,3638439],"entities":[{"st":0,"eIdx":0,"ancestor":"-2","en":5,"cwStateCd":"FIXED","ne_type":"ETC","cwSelIdx":[],"type":"ENTITY","keyword":"[정신주의]","e_type":"NEW"},{"st":32,"eIdx":1,"ancestor":"","en":38,"ne_type":"","keyword":"[심령주의]","e_type":"WIKILINK"},{"st":61,"eIdx":2,"ancestor":"","en":67,"ne_type":"","keyword":"[프랑스어]","e_type":"WIKILINK"},{"st":89,"eIdx":3,"ancestor":"","en":96,"ne_type":"","keyword":"[1857년]","e_type":"WIKILINK"},{"st":98,"eIdx":4,"ancestor":"","en":104,"ne_type":"","keyword":"[프랑스인]","e_type":"WIKILINK"},{"st":105,"eIdx":5,"ancestor":"","en":114,"ne_type":"","keyword":"[알란_카르젝크]","e_type":"WIKILINK"},{"st":148,"eIdx":6,"ancestor":"","en":155,"ne_type":"","keyword":"[영혼의_책]","e_type":"WIKILINK"},{"st":158,"eIdx":7,"ancestor":"","en":162,"ne_type":"","keyword":"[성령]","e_type":"WIKILINK"},{"st":173,"eIdx":8,"ancestor":"","en":177,"ne_type":"","keyword":"[교의]","e_type":"WIKILINK"},{"st":195,"eIdx":9,"ancestor":"-2","en":200,"cwStateCd":"FIXED","ne_type":"PERSON","cwSelIdx":[],"type":"ENTITY","keyword":"[카르젝크]","e_type":"NEW"},{"st":207,"eIdx":10,"ancestor":"","en":213,"ne_type":"","keyword":"[센티멘탈]","e_type":"WIKILINK"},{"st":215,"eIdx":11,"ancestor":"","en":221,"ne_type":"","keyword":"[합리주의]","e_type":"WIKILINK"},{"st":257,"eIdx":12,"ancestor":"","en":263,"ne_type":"","keyword":"[윤회전생]","e_type":"WIKILINK"},{"st":270,"eIdx":13,"ancestor":"","en":277,"ne_type":"","keyword":"[앵글로색슨]","e_type":"WIKILINK"},{"st":306,"eIdx":14,"ancestor":"-2","en":311,"cwStateCd":"FIXED","ne_type":"ETC","cwSelIdx":[],"type":"ENTITY","keyword":"[평등주의]","e_type":"NEW"},{"st":314,"eIdx":15,"ancestor":"","en":320,"ne_type":"","keyword":"[유토피아]","e_type":"WIKILINK"}],"wikiPageId":1365223,"pIdx":1,"text":"[정신주의] ()는 대체로 유심론과 같은 의미로 사용되어 [심령주의], 심령술, 교령방법을 의미한다. 또는, [프랑스어]의 (스피리티슴, 심령학)의 영역으로, [1857년], [프랑스인] [알란_카르젝크] (본명은 이포리트 레옹 드니자르 리바유)에 의해서 출판된 '[영혼의_책]' ([성령]의 책)에 시작하는 [교의], 신앙을 가리킨다. 심령주의는 [카르젝크]에 의해서 [센티멘탈]와 [합리주의]를 특징으로 하는 일종의 종교가 되었다. 그 교의인 '재수육' ([윤회전생])의 사상은 [앵글로색슨] 제국에서는 그만큼 받아 들여지지 않았지만, 당시의 [평등주의]나 [유토피아] 사상과 친화성이 높았다."}