{"result":[{"verbs":[{"word_id":7,"ancestor":["1-0"],"verb":"탈","cwStateCd":"FIXED","cwSelIdx":0}],"text":"<이한영>(李韓永, [1960년] [4월_2일] - [1997년] [2월_25일])은 [조선민주주의인민공화국]에서 탈북한 [대한민국]의 언론인이었다."},{"verbs":[{"word_id":8,"ancestor":["1-0"],"verb":"거치","cwStateCd":"FIXED","cwSelIdx":0},{"word_id":10,"ancestor":["1-0"],"verb":"망명","cwStateCd":"FIXED","cwSelIdx":0},{"word_id":13,"ancestor":"-2","verb":"의하","cwStateCd":"FIXED","cwSelIdx":[]},{"word_id":14,"ancestor":["1-0"],"verb":"사살","cwStateCd":"FIXED","cwSelIdx":0}],"text":"<조선민주주의인민공화국> 국방위원장 [김정일]의 전처 [성혜림]의 조카였으며, [1982년] <모스크바>를 거쳐 <대한민국>으로 망명하였으나 <조선민주주의인민공화국>의 공작원에 의해 사살되었다."},{"verbs":[],"text":"본명은 <리일남_(정치인)>(李一男, )으로 귀순 이후 <이한영>으로 개명하였다."}],"globalSId":[2212481,2212482,2212483],"entities":[{"st":0,"eIdx":0,"ancestor":"","en":5,"ne_type":"","keyword":"<이한영>","e_type":"ELU"},{"st":11,"eIdx":1,"ancestor":"","en":18,"ne_type":"","keyword":"[1960년]","e_type":"WIKILINK"},{"st":19,"eIdx":2,"ancestor":"","en":26,"ne_type":"","keyword":"[4월_2일]","e_type":"WIKILINK"},{"st":29,"eIdx":3,"ancestor":"","en":36,"ne_type":"","keyword":"[1997년]","e_type":"WIKILINK"},{"st":37,"eIdx":4,"ancestor":"","en":45,"ne_type":"","keyword":"[2월_25일]","e_type":"WIKILINK"},{"st":48,"eIdx":5,"ancestor":"","en":61,"ne_type":"","keyword":"[조선민주주의인민공화국]","e_type":"WIKILINK"},{"st":68,"eIdx":6,"ancestor":"","en":74,"ne_type":"","keyword":"[대한민국]","e_type":"WIKILINK"},{"st":84,"eIdx":7,"ancestor":"","en":97,"ne_type":"","keyword":"<조선민주주의인민공화국>","e_type":"ELU"},{"st":104,"eIdx":8,"ancestor":"","en":109,"ne_type":"","keyword":"[김정일]","e_type":"WIKILINK"},{"st":114,"eIdx":9,"ancestor":"","en":119,"ne_type":"","keyword":"[성혜림]","e_type":"WIKILINK"},{"st":128,"eIdx":10,"ancestor":"-2","en":134,"cwStateCd":"FIXED","ne_type":"TIME","cwSelIdx":[],"type":"ENTITY","keyword":"[1982년]","e_type":"NEW"},{"st":136,"eIdx":11,"ancestor":"","en":142,"ne_type":"","keyword":"<모스크바>","e_type":"ELU"},{"st":147,"eIdx":12,"ancestor":"","en":153,"ne_type":"","keyword":"<대한민국>","e_type":"ELU"},{"st":163,"eIdx":13,"ancestor":"","en":176,"ne_type":"","keyword":"<조선민주주의인민공화국>","e_type":"ELU"},{"st":197,"eIdx":14,"ancestor":"","en":208,"ne_type":"","keyword":"<리일남_(정치인)>","e_type":"ELU"},{"st":224,"eIdx":15,"ancestor":"","en":229,"ne_type":"","keyword":"<이한영>","e_type":"ELU"}],"wikiPageId":511908,"pIdx":1,"text":"<이한영>(李韓永, [1960년] [4월_2일] - [1997년] [2월_25일])은 [조선민주주의인민공화국]에서 탈북한 [대한민국]의 언론인이었다. <조선민주주의인민공화국> 국방위원장 [김정일]의 전처 [성혜림]의 조카였으며, [1982년] <모스크바>를 거쳐 <대한민국>으로 망명하였으나 <조선민주주의인민공화국>의 공작원에 의해 사살되었다. 본명은 <리일남_(정치인)>(李一男, )으로 귀순 이후 <이한영>으로 개명하였다."}