{"result":[{"verbs":[{"word_id":3,"ancestor":["1-0"],"verb":"위치","cwStateCd":"FIXED","cwSelIdx":0}],"text":"[베스테로스_시]()는 [스웨덴] [베스트만란드_주]에 위치한 지방 자치체로 행정 중심지는 [베스테로스]([베스트만란드_주]의 주도)이며 면적은 1,137.835976㎢, 인구는 147,420명([2016년_12월_31일] 기준), 인구 밀도는 130명\/㎢이다."},{"verbs":[],"text":"."}],"globalSId":[3998122],"entities":[{"st":0,"eIdx":0,"ancestor":"-2","en":8,"cwStateCd":"FIXED","ne_type":"LOCATION","cwSelIdx":[],"type":"ENTITY","keyword":"[베스테로스_시]","e_type":"NEW"},{"st":13,"eIdx":1,"ancestor":"","en":18,"ne_type":"","keyword":"[스웨덴]","e_type":"WIKILINK"},{"st":19,"eIdx":2,"ancestor":"","en":29,"ne_type":"","keyword":"[베스트만란드_주]","e_type":"WIKILINK"},{"st":51,"eIdx":3,"ancestor":"","en":58,"ne_type":"","keyword":"[베스테로스]","e_type":"WIKILINK"},{"st":59,"eIdx":4,"ancestor":"1-2","en":60,"cwStateCd":"FIXED","ne_type":"LOCATION","cwSelIdx":2,"type":"ENTITY","keyword":"[베스트만란드_주]","e_type":"NEW"},{"st":109,"eIdx":5,"ancestor":"-2","en":114,"cwStateCd":"FIXED","ne_type":"TIME","cwSelIdx":[],"type":"ENTITY","keyword":"[2016년_12월_31일]","e_type":"NEW"}],"wikiPageId":1767881,"pIdx":1,"text":"[베스테로스_시]()는 [스웨덴] [베스트만란드_주]에 위치한 지방 자치체로 행정 중심지는 [베스테로스]([베스트만란드_주]의 주도)이며 면적은 1,137.835976㎢, 인구는 147,420명([2016년_12월_31일] 기준), 인구 밀도는 130명\/㎢이다.."}