{"result":[{"verbs":[],"text":"[스위치백스_스타디움](Switchbacks Stadium)은 [미국]의 [축구_전용_경기장]이다."},{"verbs":[{"word_id":2,"ancestor":["1-0"],"verb":"있","cwStateCd":"FIXED","cwSelIdx":0}],"text":"[콜로라도_주] [콜로라도스프링스]에 있으며 [유나이티드_사커_리그] [콜로라도_스프링_스위치백스]의 홈경기장이다."}],"globalSId":[3566107,3566108],"entities":[{"st":0,"eIdx":0,"ancestor":"-2","en":11,"cwStateCd":"FIXED","ne_type":"LOCATION","cwSelIdx":[],"type":"ENTITY","keyword":"[스위치백스_스타디움]","e_type":"NEW"},{"st":35,"eIdx":1,"ancestor":"","en":39,"ne_type":"","keyword":"[미국]","e_type":"WIKILINK"},{"st":41,"eIdx":2,"ancestor":"","en":52,"ne_type":"","keyword":"[축구_전용_경기장]","e_type":"WIKILINK"},{"st":56,"eIdx":3,"ancestor":"","en":64,"ne_type":"","keyword":"[콜로라도_주]","e_type":"WIKILINK"},{"st":65,"eIdx":4,"ancestor":"","en":75,"ne_type":"","keyword":"[콜로라도스프링스]","e_type":"WIKILINK"},{"st":81,"eIdx":5,"ancestor":"","en":94,"ne_type":"","keyword":"[유나이티드_사커_리그]","e_type":"WIKILINK"},{"st":95,"eIdx":6,"ancestor":"","en":111,"ne_type":"","keyword":"[콜로라도_스프링_스위치백스]","e_type":"WIKILINK"}],"wikiPageId":1310886,"pIdx":1,"text":"[스위치백스_스타디움](Switchbacks Stadium)은 [미국]의 [축구_전용_경기장]이다. [콜로라도_주] [콜로라도스프링스]에 있으며 [유나이티드_사커_리그] [콜로라도_스프링_스위치백스]의 홈경기장이다."}