{"result":[{"verbs":[{"word_id":3,"ancestor":["1-0"],"verb":"속","cwStateCd":"FIXED","cwSelIdx":0}],"text":"[이집트틈새얼굴박쥐](\"Nycteris thebaica\")는 [틈새얼굴박쥐]에 속하는 [박쥐]의 일종이다."},{"verbs":[{"word_id":4,"ancestor":["1-0"],"verb":"분포","cwStateCd":"FIXED","cwSelIdx":0}],"text":"[아프리카] 전역과 [중동]에 널리 분포한다."},{"verbs":[{"word_id":2,"ancestor":["1-0"],"verb":"알려지","cwStateCd":"FIXED","cwSelIdx":0}],"text":"6종의 아종이 알려져 있다."}],"globalSId":[3882140,3882141,3882142],"entities":[{"st":0,"eIdx":0,"ancestor":"-1","en":10,"cwStateCd":"FIXED","ne_type":"ETC","cwSelIdx":[],"type":"ENTITY","keyword":"[이집트틈새얼굴박쥐]","e_type":"NEW"},{"st":34,"eIdx":1,"ancestor":"","en":42,"ne_type":"","keyword":"[틈새얼굴박쥐]","e_type":"WIKILINK"},{"st":48,"eIdx":2,"ancestor":"","en":52,"ne_type":"","keyword":"[박쥐]","e_type":"WIKILINK"},{"st":60,"eIdx":3,"ancestor":"","en":66,"ne_type":"","keyword":"[아프리카]","e_type":"WIKILINK"},{"st":71,"eIdx":4,"ancestor":"","en":75,"ne_type":"","keyword":"[중동]","e_type":"WIKILINK"}],"wikiPageId":1655041,"pIdx":1,"text":"[이집트틈새얼굴박쥐](\"Nycteris thebaica\")는 [틈새얼굴박쥐]에 속하는 [박쥐]의 일종이다. [아프리카] 전역과 [중동]에 널리 분포한다. 6종의 아종이 알려져 있다."}