{"result":[{"verbs":[{"word_id":2,"ancestor":["1-0"],"verb":"속","cwStateCd":"FIXED","cwSelIdx":0}],"text":"<뿔도마뱀과>(Phrynosomatidae)는 [뱀목]에 속하는 [도마뱀] 과이다."},{"verbs":[{"word_id":3,"ancestor":"-2","verb":"이르","cwStateCd":"FIXED","cwSelIdx":[]},{"word_id":5,"ancestor":["1-0"],"verb":"발견","cwStateCd":"FIXED","cwSelIdx":0}],"text":"[파나마]부터 [캐나다] 남단에 이르는 지역에서 발견된다."},{"verbs":[{"word_id":4,"ancestor":"-2","verb":"덥","cwStateCd":"FIXED","cwSelIdx":[]},{"word_id":7,"ancestor":["1-0"],"verb":"적응","cwStateCd":"FIXED","cwSelIdx":0},{"word_id":8,"ancestor":["1-0"],"verb":"살","cwStateCd":"FIXED","cwSelIdx":0},{"word_id":12,"ancestor":"-2","verb":"이루어지","cwStateCd":"FIXED","cwSelIdx":[]},{"word_id":17,"ancestor":"-2","verb":"많","cwStateCd":"FIXED","cwSelIdx":[]},{"word_id":20,"ancestor":["1-5"],"verb":"발견","cwStateCd":"FIXED","cwSelIdx":21}],"text":"이 분류군의 상당수 종은 더운 모래 사막에 적응해 살고 있지만, [가시도마뱀류]는 바위로 이루어진 사막지대 또는 비교적 습기가 많은 숲 외곽지대에서 발견되며, [짧은뿔도마뱀]은 대초원 또는 [세이지_숲] 환경에서 산다."},{"verbs":[{"word_id":6,"ancestor":"-2","verb":"다르","cwStateCd":"FIXED","cwSelIdx":[]},{"word_id":7,"ancestor":["1-6"],"verb":"포함","cwStateCd":"FIXED","cwSelIdx":32},{"word_id":15,"ancestor":["1-6"],"verb":"보","cwStateCd":"FIXED","cwSelIdx":32}],"text":"이 분류군의 종들은 난생과 태생 둘 다를 포함하고 있으며, 태생은 고지대의 종들 중에서 더 흔하게 볼 수 있다."}],"globalSId":[3398217,3398218,3398219,3398220],"entities":[{"st":0,"eIdx":0,"ancestor":"","en":7,"ne_type":"","keyword":"<뿔도마뱀과>","e_type":"ELU"},{"st":26,"eIdx":1,"ancestor":"","en":30,"ne_type":"","keyword":"[뱀목]","e_type":"WIKILINK"},{"st":36,"eIdx":2,"ancestor":"","en":41,"ne_type":"","keyword":"[도마뱀]","e_type":"WIKILINK"},{"st":47,"eIdx":3,"ancestor":"","en":52,"ne_type":"","keyword":"[파나마]","e_type":"WIKILINK"},{"st":55,"eIdx":4,"ancestor":"","en":60,"ne_type":"","keyword":"[캐나다]","e_type":"WIKILINK"},{"st":116,"eIdx":5,"ancestor":"-2","en":123,"cwStateCd":"FIXED","ne_type":"ETC","cwSelIdx":[],"type":"ENTITY","keyword":"[가시도마뱀류]","e_type":"NEW"},{"st":169,"eIdx":6,"ancestor":"-2","en":176,"cwStateCd":"FIXED","ne_type":"ETC","cwSelIdx":[],"type":"ENTITY","keyword":"[짧은뿔도마뱀]","e_type":"NEW"},{"st":186,"eIdx":7,"ancestor":"-2","en":192,"cwStateCd":"FIXED","ne_type":"LOCATION","cwSelIdx":[],"type":"ENTITY","keyword":"[세이지_숲]","e_type":"NEW"}],"wikiPageId":1158715,"pIdx":1,"text":"<뿔도마뱀과>(Phrynosomatidae)는 [뱀목]에 속하는 [도마뱀] 과이다. [파나마]부터 [캐나다] 남단에 이르는 지역에서 발견된다. 이 분류군의 상당수 종은 더운 모래 사막에 적응해 살고 있지만, [가시도마뱀류]는 바위로 이루어진 사막지대 또는 비교적 습기가 많은 숲 외곽지대에서 발견되며, [짧은뿔도마뱀]은 대초원 또는 [세이지_숲] 환경에서 산다. 이 분류군의 종들은 난생과 태생 둘 다를 포함하고 있으며, 태생은 고지대의 종들 중에서 더 흔하게 볼 수 있다."}