{"result":[{"verbs":[{"word_id":3,"ancestor":["1-0"],"verb":"속","cwStateCd":"FIXED","cwSelIdx":0},{"word_id":7,"ancestor":["1-0"],"verb":"속","cwStateCd":"FIXED","cwSelIdx":0},{"word_id":12,"ancestor":["1-0"],"verb":"일컫","cwStateCd":"FIXED","cwSelIdx":0}],"text":"[공작](孔雀)은 [꿩과] [공작속]에 속하는 [새] [종_(생물학)]과 [아프리카공작속]에 속하는 새 한 종을 두루 일컫는 말이다."},{"verbs":[{"word_id":4,"ancestor":"-2","verb":"아니","cwStateCd":"FIXED","cwSelIdx":[]}],"text":"[소공작]은 엄밀히 말해 공작은 아니다."},{"verbs":[],"text":"."}],"globalSId":[687904],"entities":[{"st":0,"eIdx":0,"ancestor":"-2","en":3,"cwStateCd":"FIXED","ne_type":"ETC","cwSelIdx":[],"type":"ENTITY","keyword":"[공작]","e_type":"NEW"},{"st":10,"eIdx":1,"ancestor":"","en":14,"ne_type":"","keyword":"[꿩과]","e_type":"WIKILINK"},{"st":15,"eIdx":2,"ancestor":"","en":20,"ne_type":"","keyword":"[공작속]","e_type":"WIKILINK"},{"st":26,"eIdx":3,"ancestor":"","en":29,"ne_type":"","keyword":"[새]","e_type":"WIKILINK"},{"st":30,"eIdx":4,"ancestor":"","en":39,"ne_type":"","keyword":"[종_(생물학)]","e_type":"WIKILINK"},{"st":41,"eIdx":5,"ancestor":"","en":50,"ne_type":"","keyword":"[아프리카공작속]","e_type":"WIKILINK"},{"st":74,"eIdx":6,"ancestor":"","en":79,"ne_type":"","keyword":"[소공작]","e_type":"WIKILINK"}],"wikiPageId":88479,"pIdx":1,"text":"[공작](孔雀)은 [꿩과] [공작속]에 속하는 [새] [종_(생물학)]과 [아프리카공작속]에 속하는 새 한 종을 두루 일컫는 말이다.[소공작]은 엄밀히 말해 공작은 아니다.."}