{"result":[{"verbs":[{"word_id":6,"ancestor":["1-0"],"verb":"있","cwStateCd":"FIXED","cwSelIdx":0}],"text":"<권응수장군유물-권응수초상>(權應銖將軍遺物-權應銖肖像)은 [경상남도]?[진주시] [남강로] 626-35, [국립진주박물관] (남성동,진주성)에 있는 [조선시대]의 초상화이다."},{"verbs":[{"word_id":5,"ancestor":["1-0"],"verb":"지정","cwStateCd":"FIXED","cwSelIdx":0}],"text":"[1980년] [8월_23일] [대한민국]의 [보물] 제668-1호로 지정되었다."}],"globalSId":[2995414,2995415],"entities":[{"st":0,"eIdx":0,"ancestor":"","en":15,"ne_type":"","keyword":"<권응수장군유물-권응수초상>","e_type":"ELU"},{"st":32,"eIdx":1,"ancestor":"","en":38,"ne_type":"","keyword":"[경상남도]","e_type":"WIKILINK"},{"st":39,"eIdx":2,"ancestor":"","en":44,"ne_type":"","keyword":"[진주시]","e_type":"WIKILINK"},{"st":45,"eIdx":3,"ancestor":"-2","en":49,"cwStateCd":"FIXED","ne_type":"LOCATION","cwSelIdx":[],"type":"ENTITY","keyword":"[남강로]","e_type":"NEW"},{"st":59,"eIdx":4,"ancestor":"","en":68,"ne_type":"","keyword":"[국립진주박물관]","e_type":"WIKILINK"},{"st":83,"eIdx":5,"ancestor":"","en":89,"ne_type":"","keyword":"[조선시대]","e_type":"WIKILINK"},{"st":98,"eIdx":6,"ancestor":"","en":105,"ne_type":"","keyword":"[1980년]","e_type":"WIKILINK"},{"st":106,"eIdx":7,"ancestor":"","en":114,"ne_type":"","keyword":"[8월_23일]","e_type":"WIKILINK"},{"st":115,"eIdx":8,"ancestor":"","en":121,"ne_type":"","keyword":"[대한민국]","e_type":"WIKILINK"},{"st":123,"eIdx":9,"ancestor":"","en":127,"ne_type":"","keyword":"[보물]","e_type":"WIKILINK"}],"wikiPageId":904426,"pIdx":1,"text":"<권응수장군유물-권응수초상>(權應銖將軍遺物-權應銖肖像)은 [경상남도]?[진주시] [남강로] 626-35, [국립진주박물관] (남성동,진주성)에 있는 [조선시대]의 초상화이다. [1980년] [8월_23일] [대한민국]의 [보물] 제668-1호로 지정되었다."}