{"result":[{"verbs":[{"word_id":5,"ancestor":["1-4"],"verb":"위치","cwStateCd":"FIXED","cwSelIdx":6},{"word_id":8,"ancestor":["1-0"],"verb":"봉안","cwStateCd":"FIXED","cwSelIdx":0}],"text":"[진관사_산신도](津寬寺 山神圖)는 [서울특별시] [은평구] <진관동>에 위치한 [진관사]의 [독성각]에 봉안된 [산신도]이다."},{"verbs":[{"word_id":3,"ancestor":["1-0"],"verb":"지정","cwStateCd":"FIXED","cwSelIdx":0}],"text":"[2002년_3월_15일] [서울특별시의_유형문화재] 제149호로 지정되었다."}],"globalSId":[1652041,1652042],"entities":[{"st":1,"eIdx":0,"ancestor":"-2","en":6,"cwStateCd":"FIXED","ne_type":"ETC","cwSelIdx":[],"type":"ENTITY","keyword":"진관사_산신도","e_type":"NEW"},{"st":20,"eIdx":1,"ancestor":"","en":27,"ne_type":"","keyword":"[서울특별시]","e_type":"WIKILINK"},{"st":28,"eIdx":2,"ancestor":"","en":33,"ne_type":"","keyword":"[은평구]","e_type":"WIKILINK"},{"st":34,"eIdx":3,"ancestor":"","en":39,"ne_type":"","keyword":"<진관동>","e_type":"ELU"},{"st":45,"eIdx":4,"ancestor":"","en":50,"ne_type":"","keyword":"[진관사]","e_type":"WIKILINK"},{"st":52,"eIdx":5,"ancestor":"","en":57,"ne_type":"","keyword":"[독성각]","e_type":"WIKILINK"},{"st":63,"eIdx":6,"ancestor":"","en":68,"ne_type":"","keyword":"[산신도]","e_type":"WIKILINK"},{"st":73,"eIdx":7,"ancestor":"-2","en":83,"cwStateCd":"FIXED","ne_type":"TIME","cwSelIdx":[],"type":"ENTITY","keyword":"2002년_3월_15일","e_type":"NEW"},{"st":87,"eIdx":8,"ancestor":"","en":101,"ne_type":"","keyword":"[서울특별시의_유형문화재]","e_type":"WIKILINK"}],"wikiPageId":302452,"pIdx":1,"text":"[진관사_산신도](津寬寺 山神圖)는 [서울특별시] [은평구] <진관동>에 위치한 [진관사]의 [독성각]에 봉안된 [산신도]이다. [2002년_3월_15일] [서울특별시의_유형문화재] 제149호로 지정되었다."}