{"result":[{"verbs":[{"word_id":8,"ancestor":["6-2"],"verb":"얻","cwStateCd":"FIXED","cwSelIdx":2}],"text":"[1912년] [10월] [에렌페스트]는 [네덜란드] [레이던]으로 이사하였고, [레이던_대학교]에서 교수직을 얻었다."},{"verbs":[{"word_id":3,"ancestor":["6-6"],"verb":"보내","cwStateCd":"FIXED","cwSelIdx":9}],"text":"[에렌페스트]는 여기서 여생을 보내게 된다."}],"globalSId":[3201049,3201050],"entities":[{"st":0,"eIdx":0,"ancestor":"-2","en":6,"cwStateCd":"FIXED","ne_type":"TIME","cwSelIdx":[],"type":"ENTITY","keyword":"[1912년]","e_type":"NEW"},{"st":8,"eIdx":1,"ancestor":"-2","en":12,"cwStateCd":"FIXED","ne_type":"TIME","cwSelIdx":[],"type":"ENTITY","keyword":"[10월]","e_type":"NEW"},{"st":14,"eIdx":2,"ancestor":"-2","en":20,"cwStateCd":"FIXED","ne_type":"PERSON","cwSelIdx":[],"type":"ENTITY","keyword":"[에렌페스트]","e_type":"NEW"},{"st":23,"eIdx":3,"ancestor":"","en":29,"ne_type":"","keyword":"[네덜란드]","e_type":"WIKILINK"},{"st":30,"eIdx":4,"ancestor":"","en":35,"ne_type":"","keyword":"[레이던]","e_type":"WIKILINK"},{"st":45,"eIdx":5,"ancestor":"","en":54,"ne_type":"","keyword":"[레이던_대학교]","e_type":"WIKILINK"},{"st":67,"eIdx":6,"ancestor":"6-2","en":73,"cwStateCd":"FIXED","ne_type":"PERSON","cwSelIdx":2,"type":"ENTITY","keyword":"[에렌페스트]","e_type":"NEW"}],"wikiPageId":1015231,"pIdx":6,"text":"[1912년] [10월] [에렌페스트]는 [네덜란드] [레이던]으로 이사하였고, [레이던_대학교]에서 교수직을 얻었다. [에렌페스트]는 여기서 여생을 보내게 된다."}