{"result":[{"verbs":[{"word_id":2,"ancestor":["1-0"],"verb":"속","cwStateCd":"FIXED","cwSelIdx":0}],"text":"<관코박쥐속>(\"Murina\")은 [애기박쥐과]에 속한 [박쥐] 속이다."},{"verbs":[{"word_id":1,"ancestor":["1-0"],"verb":"이루어지","cwStateCd":"FIXED","cwSelIdx":0}],"text":"37종으로 이루어져 있다."}],"globalSId":[3242167,3242168],"entities":[{"st":0,"eIdx":0,"ancestor":"","en":7,"ne_type":"","keyword":"<관코박쥐속>","e_type":"ELU"},{"st":19,"eIdx":1,"ancestor":"","en":26,"ne_type":"","keyword":"[애기박쥐과]","e_type":"WIKILINK"},{"st":31,"eIdx":2,"ancestor":"","en":35,"ne_type":"","keyword":"[박쥐]","e_type":"WIKILINK"}],"wikiPageId":1042146,"pIdx":1,"text":"<관코박쥐속>(\"Murina\")은 [애기박쥐과]에 속한 [박쥐] 속이다. 37종으로 이루어져 있다."}