{"result":[{"verbs":[{"word_id":3,"ancestor":["1-0"],"verb":"속","cwStateCd":"FIXED","cwSelIdx":0}],"text":"[엔도집박쥐](\"Pipistrellus endoi\")는 [애기박쥐과]에 속하는 [박쥐]의 일종이다."},{"verbs":[{"word_id":1,"ancestor":["1-0"],"verb":"발견","cwStateCd":"FIXED","cwSelIdx":0},{"word_id":3,"ancestor":["1-0"],"verb":"추정","cwStateCd":"FIXED","cwSelIdx":0}],"text":"[일본]에서 발견되는 것으로 추정된다."},{"verbs":[{"word_id":3,"ancestor":["1-0"],"verb":"서식","cwStateCd":"FIXED","cwSelIdx":0}],"text":"온대 기후 숲에서 서식한다."}],"globalSId":[3913276,3913277,3913278],"entities":[{"st":0,"eIdx":0,"ancestor":"-1","en":6,"cwStateCd":"FIXED","ne_type":"ETC","cwSelIdx":[],"type":"ENTITY","keyword":"[엔도집박쥐]","e_type":"NEW"},{"st":31,"eIdx":1,"ancestor":"","en":38,"ne_type":"","keyword":"[애기박쥐과]","e_type":"WIKILINK"},{"st":44,"eIdx":2,"ancestor":"","en":48,"ne_type":"","keyword":"[박쥐]","e_type":"WIKILINK"},{"st":56,"eIdx":3,"ancestor":"","en":60,"ne_type":"","keyword":"[일본]","e_type":"WIKILINK"}],"wikiPageId":1702945,"pIdx":1,"text":"[엔도집박쥐](\"Pipistrellus endoi\")는 [애기박쥐과]에 속하는 [박쥐]의 일종이다. [일본]에서 발견되는 것으로 추정된다. 온대 기후 숲에서 서식한다."}