{"result":[{"verbs":[],"text":"<경희고등학교>."},{"verbs":[{"word_id":1,"ancestor":"-2","verb":"좋","cwStateCd":"FIXED","cwSelIdx":[]},{"word_id":3,"ancestor":"-2","verb":"펼치","cwStateCd":"FIXED","cwSelIdx":[]}],"text":"[경희고등학교]에서 좋은 활약을 펼쳤다."},{"verbs":[{"word_id":1,"ancestor":"-2","verb":"마치","cwStateCd":"FIXED","cwSelIdx":[]},{"word_id":6,"ancestor":"-2","verb":"받","cwStateCd":"FIXED","cwSelIdx":[]},{"word_id":8,"ancestor":"-2","verb":"입단","cwStateCd":"FIXED","cwSelIdx":[]}],"text":"3학년을 마친 뒤 [마틴_레니] 감독의 선택을 받아, [서울_이랜드_FC]로 입단하였다."}],"globalSId":[3902516,3902517,3902518],"entities":[{"st":0,"eIdx":0,"ancestor":"","en":8,"ne_type":"","keyword":"<경희고등학교>","e_type":"ELU"},{"st":10,"eIdx":1,"ancestor":"","en":18,"ne_type":"","keyword":"[경희고등학교]","e_type":"WIKILINK"},{"st":43,"eIdx":2,"ancestor":"","en":50,"ne_type":"","keyword":"[마틴_레니]","e_type":"WIKILINK"},{"st":63,"eIdx":3,"ancestor":"","en":74,"ne_type":"","keyword":"[서울_이랜드_FC]","e_type":"WIKILINK"}],"wikiPageId":1673397,"pIdx":3,"text":"<경희고등학교>. [경희고등학교]에서 좋은 활약을 펼쳤다. 3학년을 마친 뒤 [마틴_레니] 감독의 선택을 받아, [서울_이랜드_FC]로 입단하였다."}