{"result":[{"verbs":[{"word_id":2,"ancestor":"-1","verb":"있","cwStateCd":"FIXED","cwSelIdx":[]},{"word_id":3,"ancestor":"-1","verb":"가","cwStateCd":"FIXED","cwSelIdx":[]},{"word_id":5,"ancestor":"-1","verb":"정착","cwStateCd":"FIXED","cwSelIdx":[]},{"word_id":13,"ancestor":"-1","verb":"다양","cwStateCd":"FIXED","cwSelIdx":[]}],"text":"일반적인 특징이 있는 가하면 [폴리네시아_섬]에 정착한 원주민들은 섬의 크기와 자원, 기후에 영향을 받아 다양한 문화를 이루어냈다."},{"verbs":[{"word_id":10,"ancestor":["5-1","5-2"],"verb":"이루어지","cwStateCd":"FIXED","cwSelIdx":[17,18]},{"word_id":14,"ancestor":["5-1","5-2"],"verb":"부양","cwStateCd":"FIXED","cwSelIdx":[17,18]},{"word_id":18,"ancestor":"-1","verb":"거대","cwStateCd":"FIXED","cwSelIdx":[]},{"word_id":20,"ancestor":"-1","verb":"같","cwStateCd":"FIXED","cwSelIdx":[]}],"text":"가령 [하와이]와 [통가]에서는 생사여탈권을 가진 절대적인 추장이 다스리는 원시적인 국가체제가 이루어져 수만 명의 인구를 부양했으며, 이들은 추장의 무덤이나 거대한 신전 같은 기념물을 세우기도 하였다."},{"verbs":[{"word_id":4,"ancestor":"-1","verb":"풍부하","cwStateCd":"FIXED","cwSelIdx":[]},{"word_id":6,"ancestor":["5-4"],"verb":"나뉘","cwStateCd":"FIXED","cwSelIdx":42},{"word_id":14,"ancestor":"-1","verb":"한랭","cwStateCd":"FIXED","cwSelIdx":[]},{"word_id":15,"ancestor":"-1","verb":"기후","cwStateCd":"FIXED","cwSelIdx":[]},{"word_id":17,"ancestor":["5-6"],"verb":"짓","cwStateCd":"FIXED","cwSelIdx":52},{"word_id":24,"ancestor":["5-6"],"verb":"겪","cwStateCd":"FIXED","cwSelIdx":52}],"text":"반면에 [뉴질랜드]의 [마오리족]은 자원은 풍부했지만 부족들이 나뉘어 소규모 부족들이 할거하고 있었으며 [채텀_제도]의 [모리오리족]은 [아남극권]의 한랭한 기후로인해 농사를 짓지 못하고 수렵채집으로 삶을 이어가는 기술적 퇴보현상을 겪어야 했다."}],"globalSId":[2958057,2958058,2958059],"entities":[{"st":16,"eIdx":0,"ancestor":"-2","en":24,"cwStateCd":"FIXED","ne_type":"LOCATION","cwSelIdx":[],"type":"ENTITY","keyword":"[폴리네시아_섬]","e_type":"NEW"},{"st":77,"eIdx":1,"ancestor":"","en":82,"ne_type":"","keyword":"[하와이]","e_type":"WIKILINK"},{"st":84,"eIdx":2,"ancestor":"","en":88,"ne_type":"","keyword":"[통가]","e_type":"WIKILINK"},{"st":191,"eIdx":3,"ancestor":"","en":197,"ne_type":"","keyword":"[뉴질랜드]","e_type":"WIKILINK"},{"st":199,"eIdx":4,"ancestor":"","en":205,"ne_type":"","keyword":"[마오리족]","e_type":"WIKILINK"},{"st":245,"eIdx":5,"ancestor":"","en":252,"ne_type":"","keyword":"[채텀_제도]","e_type":"WIKILINK"},{"st":254,"eIdx":6,"ancestor":"-2","en":260,"cwStateCd":"FIXED","ne_type":"ORGANIZATION","cwSelIdx":[],"type":"ENTITY","keyword":"[모리오리족]","e_type":"NEW"},{"st":263,"eIdx":7,"ancestor":"-2","en":268,"cwStateCd":"FIXED","ne_type":"LOCATION","cwSelIdx":[],"type":"ENTITY","keyword":"[아남극권]","e_type":"NEW"}],"wikiPageId":885091,"pIdx":5,"text":"일반적인 특징이 있는 가하면 [폴리네시아_섬]에 정착한 원주민들은 섬의 크기와 자원, 기후에 영향을 받아 다양한 문화를 이루어냈다. 가령 [하와이]와 [통가]에서는 생사여탈권을 가진 절대적인 추장이 다스리는 원시적인 국가체제가 이루어져 수만 명의 인구를 부양했으며, 이들은 추장의 무덤이나 거대한 신전 같은 기념물을 세우기도 하였다. 반면에 [뉴질랜드]의 [마오리족]은 자원은 풍부했지만 부족들이 나뉘어 소규모 부족들이 할거하고 있었으며 [채텀_제도]의 [모리오리족]은 [아남극권]의 한랭한 기후로인해 농사를 짓지 못하고 수렵채집으로 삶을 이어가는 기술적 퇴보현상을 겪어야 했다."}