{"result":[{"verbs":[{"word_id":15,"ancestor":["1-0"],"verb":"뛰","cwStateCd":"FIXED","cwSelIdx":0}],"text":"<강철원>(姜哲元, [1958년] [1월_27일] ~ )은 [대한민국]의 전 [프로_야구] 선수로, [1982년]부터 [1986년]까지 [KBO_리그] 팀 [두산_베어스]와 [현대_유니콘스]에서 뛰었다."},{"verbs":[{"word_id":5,"ancestor":["1-0"],"verb":"던지","cwStateCd":"FIXED","cwSelIdx":0}],"text":"포지션은 [투수]였고, 우투우타였으며 [언더핸드]로 공을 던졌다."},{"verbs":[],"text":"[KBO_리그] 통산 기록은 39경기 출전 9승 4패 [평균자책점] 5.02, [삼진] 41개이다."}],"globalSId":[1607457,1607458,1607459],"entities":[{"st":0,"eIdx":0,"ancestor":"","en":5,"ne_type":"","keyword":"<강철원>","e_type":"ELU"},{"st":11,"eIdx":1,"ancestor":"","en":18,"ne_type":"","keyword":"[1958년]","e_type":"WIKILINK"},{"st":19,"eIdx":2,"ancestor":"","en":27,"ne_type":"","keyword":"[1월_27일]","e_type":"WIKILINK"},{"st":33,"eIdx":3,"ancestor":"","en":39,"ne_type":"","keyword":"[대한민국]","e_type":"WIKILINK"},{"st":43,"eIdx":4,"ancestor":"","en":50,"ne_type":"","keyword":"[프로_야구]","e_type":"WIKILINK"},{"st":56,"eIdx":5,"ancestor":"-2","en":62,"cwStateCd":"FIXED","ne_type":"TIME","cwSelIdx":[],"type":"ENTITY","keyword":"[1982년]","e_type":"NEW"},{"st":66,"eIdx":6,"ancestor":"-2","en":72,"cwStateCd":"FIXED","ne_type":"TIME","cwSelIdx":[],"type":"ENTITY","keyword":"[1986년]","e_type":"NEW"},{"st":76,"eIdx":7,"ancestor":"","en":84,"ne_type":"","keyword":"[KBO_리그]","e_type":"WIKILINK"},{"st":87,"eIdx":8,"ancestor":"","en":95,"ne_type":"","keyword":"[두산_베어스]","e_type":"WIKILINK"},{"st":97,"eIdx":9,"ancestor":"","en":106,"ne_type":"","keyword":"[현대_유니콘스]","e_type":"WIKILINK"},{"st":119,"eIdx":10,"ancestor":"","en":123,"ne_type":"","keyword":"[투수]","e_type":"WIKILINK"},{"st":135,"eIdx":11,"ancestor":"","en":141,"ne_type":"","keyword":"[언더핸드]","e_type":"WIKILINK"},{"st":151,"eIdx":12,"ancestor":"1-7","en":158,"cwStateCd":"FIXED","ne_type":"ETC","cwSelIdx":11,"type":"ENTITY","keyword":"[KBO_리그]","e_type":"NEW"},{"st":181,"eIdx":13,"ancestor":"","en":188,"ne_type":"","keyword":"[평균자책점]","e_type":"WIKILINK"},{"st":195,"eIdx":14,"ancestor":"","en":199,"ne_type":"","keyword":"[삼진]","e_type":"WIKILINK"}],"wikiPageId":290904,"pIdx":1,"text":"<강철원>(姜哲元, [1958년] [1월_27일] ~ )은 [대한민국]의 전 [프로_야구] 선수로, [1982년]부터 [1986년]까지 [KBO_리그] 팀 [두산_베어스]와 [현대_유니콘스]에서 뛰었다. 포지션은 [투수]였고, 우투우타였으며 [언더핸드]로 공을 던졌다. [KBO_리그] 통산 기록은 39경기 출전 9승 4패 [평균자책점] 5.02, [삼진] 41개이다."}