{"result":[{"verbs":[{"word_id":12,"ancestor":"-2","verb":"발전","cwStateCd":"FIXED","cwSelIdx":[]}],"text":"이 기간 동안 포인트 앤드 클릭 장르가 만들어짐과 동시에 그래픽 어드벤처 게임이 발전하였다."},{"verbs":[{"word_id":9,"ancestor":"-1","verb":"의하","cwStateCd":"FIXED","cwSelIdx":[]},{"word_id":12,"ancestor":"-2","verb":"새롭","cwStateCd":"FIXED","cwSelIdx":[]}],"text":"이 장르의 다작들 가운데 일부는 [1990년대] 동안 [시에라_엔터테인먼트], [루카스아츠]에 의해 생산되었고, 속편은 새로운 스타일의 퍼즐 기반 어드벤처 게임들에 영감을 주었다."},{"verbs":[{"word_id":7,"ancestor":"-2","verb":"시작","cwStateCd":"FIXED","cwSelIdx":[]},{"word_id":14,"ancestor":"-2","verb":"같","cwStateCd":"FIXED","cwSelIdx":[]},{"word_id":15,"ancestor":"-2","verb":"다양","cwStateCd":"FIXED","cwSelIdx":[]},{"word_id":18,"ancestor":"-2","verb":"출시","cwStateCd":"FIXED","cwSelIdx":[]}],"text":"[1990년대]에는 [맥시스]가 성공적인 [심_비디오_게임의_목록]을 배급하였는데, 처음에는 《[심시티]》로 시작하여, 이후 《[심어스]》, 《[심시티_2000]》, 《[심즈]》([2000년]에 처음 출시)와 같은 다양한 타이틀이 계속 출시되었다."}],"globalSId":[3846068,3846069,3846070],"entities":[{"st":70,"eIdx":0,"ancestor":"-2","en":77,"cwStateCd":"FIXED","ne_type":"TIME","cwSelIdx":[],"type":"ENTITY","keyword":"[1990년대]","e_type":"NEW"},{"st":82,"eIdx":1,"ancestor":"","en":94,"ne_type":"","keyword":"[시에라_엔터테인먼트]","e_type":"WIKILINK"},{"st":96,"eIdx":2,"ancestor":"","en":103,"ne_type":"","keyword":"[루카스아츠]","e_type":"WIKILINK"},{"st":153,"eIdx":3,"ancestor":"86-0","en":160,"cwStateCd":"FIXED","ne_type":"TIME","cwSelIdx":18,"type":"ENTITY","keyword":"[1990년대]","e_type":"NEW"},{"st":164,"eIdx":4,"ancestor":"","en":169,"ne_type":"","keyword":"[맥시스]","e_type":"WIKILINK"},{"st":176,"eIdx":5,"ancestor":"","en":190,"ne_type":"","keyword":"[심_비디오_게임의_목록]","e_type":"WIKILINK"},{"st":206,"eIdx":6,"ancestor":"","en":211,"ne_type":"","keyword":"[심시티]","e_type":"WIKILINK"},{"st":224,"eIdx":7,"ancestor":"","en":229,"ne_type":"","keyword":"[심어스]","e_type":"WIKILINK"},{"st":233,"eIdx":8,"ancestor":"","en":243,"ne_type":"","keyword":"[심시티_2000]","e_type":"WIKILINK"},{"st":247,"eIdx":9,"ancestor":"","en":251,"ne_type":"","keyword":"[심즈]","e_type":"WIKILINK"},{"st":253,"eIdx":10,"ancestor":"-2","en":252,"cwStateCd":"FIXED","ne_type":"TIME","cwSelIdx":[],"type":"ENTITY","keyword":"[2000년]","e_type":"NEW"}],"wikiPageId":1623985,"pIdx":86,"text":"이 기간 동안 포인트 앤드 클릭 장르가 만들어짐과 동시에 그래픽 어드벤처 게임이 발전하였다. 이 장르의 다작들 가운데 일부는 [1990년대] 동안 [시에라_엔터테인먼트], [루카스아츠]에 의해 생산되었고, 속편은 새로운 스타일의 퍼즐 기반 어드벤처 게임들에 영감을 주었다. [1990년대]에는 [맥시스]가 성공적인 [심_비디오_게임의_목록]을 배급하였는데, 처음에는 《[심시티]》로 시작하여, 이후 《[심어스]》, 《[심시티_2000]》, 《[심즈]》([2000년]에 처음 출시)와 같은 다양한 타이틀이 계속 출시되었다."}