{"result":[{"verbs":[{"word_id":2,"ancestor":["2-2"],"verb":"기록","cwStateCd":"FIXED","cwSelIdx":7},{"word_id":10,"ancestor":["2-2"],"verb":"배출","cwStateCd":"FIXED","cwSelIdx":7},{"word_id":15,"ancestor":["2-2"],"verb":"되","cwStateCd":"FIXED","cwSelIdx":7}],"text":"[2008년_대한민국_프로_야구]에서 3위를 기록하며 8년 만에 [2008년_대한민국_프로_야구_포스트시즌]에 진출한 [롯데_자이언츠]가 5명의 수상자를 배출하며 팀 최다 수상 구단이 되었다."},{"verbs":[{"word_id":9,"ancestor":["2-5"],"verb":"얻","cwStateCd":"FIXED","cwSelIdx":20},{"word_id":13,"ancestor":["2-5"],"verb":"되","cwStateCd":"FIXED","cwSelIdx":20}],"text":"[1루수] 부문 수상자인 [한화_이글스] [김태균_(1982년)]은 총 346표 중 332표를 얻어 최다 득표 수상자가 되었다."}],"globalSId":[1543150,1543151],"entities":[{"st":0,"eIdx":0,"ancestor":"","en":18,"ne_type":"","keyword":"[2008년_대한민국_프로_야구]","e_type":"WIKILINK"},{"st":36,"eIdx":1,"ancestor":"","en":60,"ne_type":"","keyword":"[2008년_대한민국_프로_야구_포스트시즌]","e_type":"WIKILINK"},{"st":66,"eIdx":2,"ancestor":"","en":75,"ne_type":"","keyword":"[롯데_자이언츠]","e_type":"WIKILINK"},{"st":108,"eIdx":3,"ancestor":"","en":113,"ne_type":"","keyword":"[1루수]","e_type":"WIKILINK"},{"st":122,"eIdx":4,"ancestor":"","en":130,"ne_type":"","keyword":"[한화_이글스]","e_type":"WIKILINK"},{"st":131,"eIdx":5,"ancestor":"","en":144,"ne_type":"","keyword":"[김태균_(1982년)]","e_type":"WIKILINK"}],"wikiPageId":274232,"pIdx":2,"text":"[2008년_대한민국_프로_야구]에서 3위를 기록하며 8년 만에 [2008년_대한민국_프로_야구_포스트시즌]에 진출한 [롯데_자이언츠]가 5명의 수상자를 배출하며 팀 최다 수상 구단이 되었다. [1루수] 부문 수상자인 [한화_이글스] [김태균_(1982년)]은 총 346표 중 332표를 얻어 최다 득표 수상자가 되었다."}