{"result":[{"verbs":[{"word_id":3,"ancestor":"-2","verb":"복귀","cwStateCd":"FIXED","cwSelIdx":[]},{"word_id":9,"ancestor":"-2","verb":"시도","cwStateCd":"FIXED","cwSelIdx":[]},{"word_id":15,"ancestor":"-2","verb":"부러지","cwStateCd":"FIXED","cwSelIdx":[]},{"word_id":16,"ancestor":"-2","verb":"크","cwStateCd":"FIXED","cwSelIdx":[]},{"word_id":18,"ancestor":"-2","verb":"당","cwStateCd":"FIXED","cwSelIdx":[]},{"word_id":21,"ancestor":"-2","verb":"이탈","cwStateCd":"FIXED","cwSelIdx":[]},{"word_id":23,"ancestor":"-2","verb":"겪","cwStateCd":"FIXED","cwSelIdx":[]}],"text":"그 후 1군에 복귀하였지만 [6월] [7일] [도호쿠_라쿠텐_골든이글스]전([미야기_구장])에서 홈으로 출루를 시도할 때 클로즈 플레이 시에 갈비뼈가 부러지는 큰 부상을 당하여 전력에서 장기 이탈당하는 수모를 겪었다."},{"verbs":[{"word_id":12,"ancestor":"-2","verb":"놓","cwStateCd":"FIXED","cwSelIdx":[]},{"word_id":14,"ancestor":"-2","verb":"다지","cwStateCd":"FIXED","cwSelIdx":[]},{"word_id":23,"ancestor":["12-4"],"verb":"보도","cwStateCd":"FIXED","cwSelIdx":44}],"text":"시즌 종료 후에는 오랜 부상에 시달리고 있던 허리 부위에 통증을 막아내는 주사를 놓으면서 재기를 다졌지만 시즌 종료 후 일부 신문에서 [다무라]가 트레이드 대상자로 보도되어 여러 차례의 추측성 보도가 나오기도 했다."},{"verbs":[{"word_id":20,"ancestor":["12-14"],"verb":"똑같","cwStateCd":"FIXED","cwSelIdx":71},{"word_id":22,"ancestor":["12-14"],"verb":"배정","cwStateCd":"FIXED","cwSelIdx":71}],"text":"[12월] [5일]에는 [월드_베이스볼] <K리그_클래식>에서 대표팀 감독을 맡았던 [오_사다하루]가 이끄는 [후쿠오카_소프트뱅크_호크스]에 [데라하라_하야토]와의 1대 1 맞트레이드로 입[12월]확[12일]고 12월 12일의 기자회[요코하마]등번호는 요코하마 시절와 똑같은 6번으로 배정되었다."}],"globalSId":[1832541,1832542,1832543],"entities":[{"st":15,"eIdx":0,"ancestor":"-2","en":18,"cwStateCd":"FIXED","ne_type":"TIME","cwSelIdx":[],"type":"ENTITY","keyword":"[6월]","e_type":"NEW"},{"st":20,"eIdx":1,"ancestor":"-2","en":23,"cwStateCd":"FIXED","ne_type":"TIME","cwSelIdx":[],"type":"ENTITY","keyword":"[7일]","e_type":"NEW"},{"st":25,"eIdx":2,"ancestor":"","en":40,"ne_type":"","keyword":"[도호쿠_라쿠텐_골든이글스]","e_type":"WIKILINK"},{"st":42,"eIdx":3,"ancestor":"","en":50,"ne_type":"","keyword":"[미야기_구장]","e_type":"WIKILINK"},{"st":197,"eIdx":4,"ancestor":"-2","en":201,"cwStateCd":"FIXED","ne_type":"PERSON","cwSelIdx":[],"type":"ENTITY","keyword":"[다무라]","e_type":"NEW"},{"st":243,"eIdx":5,"ancestor":"-2","en":247,"cwStateCd":"FIXED","ne_type":"TIME","cwSelIdx":[],"type":"ENTITY","keyword":"[12월]","e_type":"NEW"},{"st":249,"eIdx":6,"ancestor":"-2","en":252,"cwStateCd":"FIXED","ne_type":"TIME","cwSelIdx":[],"type":"ENTITY","keyword":"[5일]","e_type":"NEW"},{"st":256,"eIdx":7,"ancestor":"11-0","en":264,"cwStateCd":"FIXED","ne_type":"ETC","cwSelIdx":1,"type":"ENTITY","keyword":"[월드_베이스볼]","e_type":"NEW"},{"st":266,"eIdx":8,"ancestor":"","en":275,"ne_type":"","keyword":"<K리그_클래식>","e_type":"ELU"},{"st":290,"eIdx":9,"ancestor":"","en":298,"ne_type":"","keyword":"[오_사다하루]","e_type":"WIKILINK"},{"st":304,"eIdx":10,"ancestor":"","en":320,"ne_type":"","keyword":"[후쿠오카_소프트뱅크_호크스]","e_type":"WIKILINK"},{"st":322,"eIdx":11,"ancestor":"","en":332,"ne_type":"","keyword":"[데라하라_하야토]","e_type":"WIKILINK"},{"st":348,"eIdx":12,"ancestor":"-2","en":351,"cwStateCd":"FIXED","ne_type":"TIME","cwSelIdx":[],"type":"ENTITY","keyword":"[12월]","e_type":"NEW"},{"st":354,"eIdx":13,"ancestor":"-2","en":351,"cwStateCd":"FIXED","ne_type":"TIME","cwSelIdx":[],"type":"ENTITY","keyword":"[12일]","e_type":"NEW"},{"st":373,"eIdx":14,"ancestor":"8-3","en":375,"cwStateCd":"FIXED","ne_type":"ORGANIZATION","cwSelIdx":19,"type":"ENTITY","keyword":"[요코하마]","e_type":"NEW"}],"wikiPageId":357310,"pIdx":12,"text":"그 후 1군에 복귀하였지만 [6월] [7일] [도호쿠_라쿠텐_골든이글스]전([미야기_구장])에서 홈으로 출루를 시도할 때 클로즈 플레이 시에 갈비뼈가 부러지는 큰 부상을 당하여 전력에서 장기 이탈당하는 수모를 겪었다. 시즌 종료 후에는 오랜 부상에 시달리고 있던 허리 부위에 통증을 막아내는 주사를 놓으면서 재기를 다졌지만 시즌 종료 후 일부 신문에서 [다무라]가 트레이드 대상자로 보도되어 여러 차례의 추측성 보도가 나오기도 했다. [12월] [5일]에는 [월드_베이스볼] <K리그_클래식>에서 대표팀 감독을 맡았던 [오_사다하루]가 이끄는 [후쿠오카_소프트뱅크_호크스]에 [데라하라_하야토]와의 1대 1 맞트레이드로 입[12월]확[12일]고 12월 12일의 기자회[요코하마]등번호는 요코하마 시절와 똑같은 6번으로 배정되었다."}