{"result":[{"verbs":[],"text":"[코로네이아]()는 [그리스] [중앙그리스_주] [보이오티아_현]의 마을이며, 옛 자치체이다."},{"verbs":[{"word_id":4,"ancestor":"","verb":"통하"},{"word_id":13,"ancestor":"","verb":"되"}],"text":"[2011년] 지방 행정 개혁을 통해 [리바데이아] 시(, Livadeia의 일부가 그 행정 구역의 하나가 되었다. 인구는 [2011년]을 기준으로 3,170명이고, 행정구의 중심 마을은 [아기오스_게오르기오스](?γιο? Γε?ργιο? , Agios Georgios)이다."}],"globalSId":[3969267,3969268,3969269],"entities":[{"st":0,"eIdx":0,"ancestor":"-2","en":6,"cwStateCd":"FIXED","ne_type":"LOCATION","cwSelIdx":[],"type":"ENTITY","keyword":"[코로네이아]","e_type":"NEW"},{"st":11,"eIdx":1,"ancestor":"","en":16,"ne_type":"","keyword":"[그리스]","e_type":"WIKILINK"},{"st":17,"eIdx":2,"ancestor":"","en":26,"ne_type":"","keyword":"[중앙그리스_주]","e_type":"WIKILINK"},{"st":27,"eIdx":3,"ancestor":"","en":36,"ne_type":"","keyword":"[보이오티아_현]","e_type":"WIKILINK"},{"st":53,"eIdx":4,"ancestor":"-2","en":59,"cwStateCd":"FIXED","ne_type":"TIME","cwSelIdx":[],"type":"ENTITY","keyword":"[2011년]","e_type":"NEW"},{"st":74,"eIdx":5,"ancestor":"-2","en":80,"cwStateCd":"FIXED","ne_type":"LOCATION","cwSelIdx":[],"type":"ENTITY","keyword":"[리바데이아]","e_type":"NEW"},{"st":122,"eIdx":6,"ancestor":"1-4","en":128,"cwStateCd":"FIXED","ne_type":"TIME","cwSelIdx":7,"type":"ENTITY","keyword":"[2011년]","e_type":"NEW"},{"st":158,"eIdx":7,"ancestor":"-2","en":170,"cwStateCd":"FIXED","ne_type":"LOCATION","cwSelIdx":[],"type":"ENTITY","keyword":"[아기오스_게오르기오스]","e_type":"NEW"}],"wikiPageId":1750816,"pIdx":1,"text":"[코로네이아]()는 [그리스] [중앙그리스_주] [보이오티아_현]의 마을이며, 옛 자치체이다. [2011년] 지방 행정 개혁을 통해 [리바데이아] 시(, Livadeia의 일부가 그 행정 구역의 하나가 되었다. 인구는 [2011년]을 기준으로 3,170명이고, 행정구의 중심 마을은 [아기오스_게오르기오스](?γιο? Γε?ργιο? , Agios Georgios)이다."}