{"result":[{"verbs":[{"word_id":8,"ancestor":["1-0"],"verb":"일컫","cwStateCd":"FIXED","cwSelIdx":0}],"text":"[기타시코쿠]()는 [시코쿠] 4개 현 중에서 [가가와_현]과 [에히메_현]을 아울러 일컫는 명칭이다."}],"globalSId":[2224038],"entities":[{"st":0,"eIdx":0,"ancestor":"-2","en":6,"cwStateCd":"FIXED","ne_type":"LOCATION","cwSelIdx":[],"type":"ENTITY","keyword":"[기타시코쿠]","e_type":"NEW"},{"st":11,"eIdx":1,"ancestor":"","en":16,"ne_type":"","keyword":"[시코쿠]","e_type":"WIKILINK"},{"st":26,"eIdx":2,"ancestor":"","en":33,"ne_type":"","keyword":"[가가와_현]","e_type":"WIKILINK"},{"st":35,"eIdx":3,"ancestor":"","en":42,"ne_type":"","keyword":"[에히메_현]","e_type":"WIKILINK"}],"wikiPageId":518245,"pIdx":1,"text":"[기타시코쿠]()는 [시코쿠] 4개 현 중에서 [가가와_현]과 [에히메_현]을 아울러 일컫는 명칭이다."}