{"result":[{"verbs":[{"word_id":7,"ancestor":["1-0"],"verb":"말","cwStateCd":"FIXED","cwSelIdx":0}],"text":"<차머리아_알바니아인>( 또는 )은 [차머리아]([그리스] [이피로스_주]) 출신의 [알바니아인]을 말한다."}],"globalSId":[397463],"entities":[{"st":0,"eIdx":0,"ancestor":"","en":12,"ne_type":"","keyword":"<차머리아_알바니아인>","e_type":"ELU"},{"st":20,"eIdx":1,"ancestor":"","en":26,"ne_type":"","keyword":"[차머리아]","e_type":"WIKILINK"},{"st":27,"eIdx":2,"ancestor":"","en":32,"ne_type":"","keyword":"[그리스]","e_type":"WIKILINK"},{"st":33,"eIdx":3,"ancestor":"","en":41,"ne_type":"","keyword":"[이피로스_주]","e_type":"WIKILINK"},{"st":47,"eIdx":4,"ancestor":"","en":54,"ne_type":"","keyword":"[알바니아인]","e_type":"WIKILINK"}],"wikiPageId":42065,"pIdx":1,"text":"<차머리아_알바니아인>( 또는 )은 [차머리아]([그리스] [이피로스_주]) 출신의 [알바니아인]을 말한다."}