{"result":[{"verbs":[{"word_id":5,"ancestor":["1-0"],"verb":"위치","cwStateCd":"FIXED","cwSelIdx":0}],"text":"[나미이타카이간_역]()은 [일본] [이와테_현] [가미헤이_군] [오쓰치_정]에 위치한 [동일본_여객철도] [야마다_선]의 [철도역]이다."},{"verbs":[{"word_id":4,"ancestor":["1-0"],"verb":"갖추","cwStateCd":"FIXED","cwSelIdx":0}],"text":"[단선_승강장] 1면 1선의 구조를 갖춘 지상역이다."}],"globalSId":[3960980,3960981],"entities":[{"st":0,"eIdx":0,"ancestor":"-2","en":10,"cwStateCd":"FIXED","ne_type":"LOCATION","cwSelIdx":[],"type":"ENTITY","keyword":"[나미이타카이간_역]","e_type":"NEW"},{"st":15,"eIdx":1,"ancestor":"","en":19,"ne_type":"","keyword":"[일본]","e_type":"WIKILINK"},{"st":20,"eIdx":2,"ancestor":"","en":27,"ne_type":"","keyword":"[이와테_현]","e_type":"WIKILINK"},{"st":28,"eIdx":3,"ancestor":"","en":36,"ne_type":"","keyword":"[가미헤이_군]","e_type":"WIKILINK"},{"st":37,"eIdx":4,"ancestor":"","en":44,"ne_type":"","keyword":"[오쓰치_정]","e_type":"WIKILINK"},{"st":50,"eIdx":5,"ancestor":"","en":60,"ne_type":"","keyword":"[동일본_여객철도]","e_type":"WIKILINK"},{"st":61,"eIdx":6,"ancestor":"","en":68,"ne_type":"","keyword":"[야마다_선]","e_type":"WIKILINK"},{"st":70,"eIdx":7,"ancestor":"","en":75,"ne_type":"","keyword":"[철도역]","e_type":"WIKILINK"},{"st":79,"eIdx":8,"ancestor":"","en":87,"ne_type":"","keyword":"[단선_승강장]","e_type":"WIKILINK"}],"wikiPageId":1745460,"pIdx":1,"text":"[나미이타카이간_역]()은 [일본] [이와테_현] [가미헤이_군] [오쓰치_정]에 위치한 [동일본_여객철도] [야마다_선]의 [철도역]이다. [단선_승강장] 1면 1선의 구조를 갖춘 지상역이다."}