{"result":[{"verbs":[{"word_id":3,"ancestor":["2-1"],"verb":"의하","cwStateCd":"FIXED","cwSelIdx":2},{"word_id":6,"ancestor":"-2","verb":"받","cwStateCd":"FIXED","cwSelIdx":[]},{"word_id":10,"ancestor":["2-5"],"verb":"사망","cwStateCd":"FIXED","cwSelIdx":9},{"word_id":17,"ancestor":"-2","verb":"상속","cwStateCd":"FIXED","cwSelIdx":[]},{"word_id":21,"ancestor":"-2","verb":"즉위","cwStateCd":"FIXED","cwSelIdx":[]}],"text":"[753년] 아버지 [피핀_3세]에 의해 [교황_스테파노_2세]로부터 축성을 받았고, [768년] [9월] [피핀_3세]가 사망하자, 왕국의 서부인 [부르군드]와 [네우스트리아], [아키텐], [알레만니아]를 상속받고 그해 [10월_9일] [수아송]에서 즉위하였다."},{"verbs":[{"word_id":5,"ancestor":["2-12"],"verb":"갈등","cwStateCd":"FIXED","cwSelIdx":22},{"word_id":9,"ancestor":["2-14"],"verb":"중재","cwStateCd":"FIXED","cwSelIdx":29},{"word_id":10,"ancestor":["2-14"],"verb":"실패","cwStateCd":"FIXED","cwSelIdx":29}],"text":"<카를로만_(궁재)>은 자신의 형 [카롤루스_대제]와 서로 갈등했고, 어머니 [랑의_베르트라다]가 나서서 중재했지만 실패했다."},{"verbs":[{"word_id":4,"ancestor":"-2","verb":"있","cwStateCd":"FIXED","cwSelIdx":[]},{"word_id":8,"ancestor":["2-12"],"verb":"사망","cwStateCd":"FIXED","cwSelIdx":22}],"text":"[771년] [12월] [엔_주]의 [사모우시]에 있는 자신의 별궁에서 갑자기 사망하였다."},{"verbs":[{"word_id":3,"ancestor":["2-12"],"verb":"안치","cwStateCd":"FIXED","cwSelIdx":22},{"word_id":8,"ancestor":["2-12"],"verb":"이장","cwStateCd":"FIXED","cwSelIdx":22}],"text":"시신은 [랭스]의 [성_레미_수도원]에 안치되었다가 [13세기] 경 [생드니_수도원] 바실리카로 이장되었다."},{"verbs":[{"word_id":11,"ancestor":"-2","verb":"비","cwStateCd":"FIXED","cwSelIdx":[]}],"text":"그러나 [1793년] [프랑스_대혁명] 당시 혁명군이 그의 석관을 파괴하려 했을 때는 이미 빈 관이었다."}],"globalSId":[2155180,2155181,2155182,2155183,2155184],"entities":[{"st":0,"eIdx":0,"ancestor":"","en":6,"ne_type":"","keyword":"[753년]","e_type":"WIKILINK"},{"st":11,"eIdx":1,"ancestor":"","en":18,"ne_type":"","keyword":"[피핀_3세]","e_type":"WIKILINK"},{"st":23,"eIdx":2,"ancestor":"","en":35,"ne_type":"","keyword":"[교황_스테파노_2세]","e_type":"WIKILINK"},{"st":48,"eIdx":3,"ancestor":"","en":54,"ne_type":"","keyword":"[768년]","e_type":"WIKILINK"},{"st":55,"eIdx":4,"ancestor":"","en":59,"ne_type":"","keyword":"[9월]","e_type":"WIKILINK"},{"st":60,"eIdx":5,"ancestor":"","en":67,"ne_type":"","keyword":"[피핀_3세]","e_type":"WIKILINK"},{"st":83,"eIdx":6,"ancestor":"","en":89,"ne_type":"","keyword":"[부르군드]","e_type":"WIKILINK"},{"st":91,"eIdx":7,"ancestor":"","en":99,"ne_type":"","keyword":"[네우스트리아]","e_type":"WIKILINK"},{"st":101,"eIdx":8,"ancestor":"","en":106,"ne_type":"","keyword":"[아키텐]","e_type":"WIKILINK"},{"st":108,"eIdx":9,"ancestor":"","en":115,"ne_type":"","keyword":"[알레만니아]","e_type":"WIKILINK"},{"st":125,"eIdx":10,"ancestor":"","en":133,"ne_type":"","keyword":"[10월_9일]","e_type":"WIKILINK"},{"st":134,"eIdx":11,"ancestor":"","en":139,"ne_type":"","keyword":"[수아송]","e_type":"WIKILINK"},{"st":149,"eIdx":12,"ancestor":"","en":160,"ne_type":"","keyword":"<카를로만_(궁재)>","e_type":"ELU"},{"st":168,"eIdx":13,"ancestor":"","en":177,"ne_type":"","keyword":"[카롤루스_대제]","e_type":"WIKILINK"},{"st":192,"eIdx":14,"ancestor":"","en":202,"ne_type":"","keyword":"[랑의_베르트라다]","e_type":"WIKILINK"},{"st":220,"eIdx":15,"ancestor":"","en":226,"ne_type":"","keyword":"[771년]","e_type":"WIKILINK"},{"st":227,"eIdx":16,"ancestor":"","en":232,"ne_type":"","keyword":"[12월]","e_type":"WIKILINK"},{"st":233,"eIdx":17,"ancestor":"","en":238,"ne_type":"","keyword":"[엔_주]","e_type":"WIKILINK"},{"st":240,"eIdx":18,"ancestor":"","en":246,"ne_type":"","keyword":"[사모우시]","e_type":"WIKILINK"},{"st":275,"eIdx":19,"ancestor":"","en":279,"ne_type":"","keyword":"[랭스]","e_type":"WIKILINK"},{"st":281,"eIdx":20,"ancestor":"","en":291,"ne_type":"","keyword":"[성_레미_수도원]","e_type":"WIKILINK"},{"st":300,"eIdx":21,"ancestor":"-2","en":305,"cwStateCd":"FIXED","ne_type":"TIME","cwSelIdx":[],"type":"ENTITY","keyword":"[13세기]","e_type":"NEW"},{"st":309,"eIdx":22,"ancestor":"","en":318,"ne_type":"","keyword":"[생드니_수도원]","e_type":"WIKILINK"},{"st":336,"eIdx":23,"ancestor":"","en":343,"ne_type":"","keyword":"[1793년]","e_type":"WIKILINK"},{"st":344,"eIdx":24,"ancestor":"","en":353,"ne_type":"","keyword":"[프랑스_대혁명]","e_type":"WIKILINK"}],"wikiPageId":489160,"pIdx":2,"text":"[753년] 아버지 [피핀_3세]에 의해 [교황_스테파노_2세]로부터 축성을 받았고, [768년] [9월] [피핀_3세]가 사망하자, 왕국의 서부인 [부르군드]와 [네우스트리아], [아키텐], [알레만니아]를 상속받고 그해 [10월_9일] [수아송]에서 즉위하였다. <카를로만_(궁재)>은 자신의 형 [카롤루스_대제]와 서로 갈등했고, 어머니 [랑의_베르트라다]가 나서서 중재했지만 실패했다. [771년] [12월] [엔_주]의 [사모우시]에 있는 자신의 별궁에서 갑자기 사망하였다. 시신은 [랭스]의 [성_레미_수도원]에 안치되었다가 [13세기] 경 [생드니_수도원] 바실리카로 이장되었다. 그러나 [1793년] [프랑스_대혁명] 당시 혁명군이 그의 석관을 파괴하려 했을 때는 이미 빈 관이었다."}