{"result":[{"verbs":[{"word_id":4,"ancestor":["1-0"],"verb":"위치","cwStateCd":"FIXED","cwSelIdx":0}],"text":"[비리샤티용]()은 [프랑스] [일드프랑스] [에손_주]에 위치한 도시로 면적은 6.07㎢, 인구는 31,600명([2006년] 기준), 인구 밀도는 5,200명\/㎢이다."},{"verbs":[{"word_id":3,"ancestor":["1-0"],"verb":"떨어지","cwStateCd":"FIXED","cwSelIdx":0},{"word_id":5,"ancestor":["1-0"],"verb":"위치","cwStateCd":"FIXED","cwSelIdx":0}],"text":"[파리_(프랑스)]에서 20.9km 정도 떨어진 곳에 위치한다."}],"globalSId":[3621346,3621347],"entities":[{"st":1,"eIdx":0,"ancestor":"-2","en":4,"cwStateCd":"FIXED","ne_type":"LOCATION","cwSelIdx":[],"type":"ENTITY","keyword":"비리샤티용","e_type":"NEW"},{"st":11,"eIdx":1,"ancestor":"","en":16,"ne_type":"","keyword":"[프랑스]","e_type":"WIKILINK"},{"st":17,"eIdx":2,"ancestor":"","en":24,"ne_type":"","keyword":"[일드프랑스]","e_type":"WIKILINK"},{"st":25,"eIdx":3,"ancestor":"","en":31,"ne_type":"","keyword":"[에손_주]","e_type":"WIKILINK"},{"st":65,"eIdx":4,"ancestor":"-2","en":60,"cwStateCd":"FIXED","ne_type":"TIME","cwSelIdx":[],"type":"ENTITY","keyword":"2006년","e_type":"NEW"},{"st":96,"eIdx":5,"ancestor":"","en":106,"ne_type":"","keyword":"[파리_(프랑스)]","e_type":"WIKILINK"}],"wikiPageId":1349436,"pIdx":1,"text":"[비리샤티용]()은 [프랑스] [일드프랑스] [에손_주]에 위치한 도시로 면적은 6.07㎢, 인구는 31,600명([2006년] 기준), 인구 밀도는 5,200명\/㎢이다. [파리_(프랑스)]에서 20.9km 정도 떨어진 곳에 위치한다."}