{"result":[{"verbs":[{"word_id":10,"ancestor":"-2","verb":"도입","cwStateCd":"FIXED","cwSelIdx":[]}],"text":"CD-ROM 드라이브는 [1988년]의 PC 엔진, [1999년]의 <메가_드라이브>의 애드온으로서 이 세대에 도입되었다."},{"verbs":[{"word_id":13,"ancestor":["69-5"],"verb":"적용","cwStateCd":"FIXED","cwSelIdx":20},{"word_id":19,"ancestor":["69-5"],"verb":"유명","cwStateCd":"FIXED","cwSelIdx":20}],"text":"<닌텐도>는 [소니]와의 합작 사업으로 SNES의 광 미디어 포맷을 실험하였는데, [소니]는 이 개념을 [플레이스테이션]에 적용하여 <닌텐도>와 세가의 주 경쟁 제품으로 유명해지려는 참이었다."},{"verbs":[{"word_id":2,"ancestor":"-1","verb":"더불","cwStateCd":"FIXED","cwSelIdx":[]},{"word_id":8,"ancestor":"-2","verb":"추가","cwStateCd":"FIXED","cwSelIdx":[]},{"word_id":10,"ancestor":"-1","verb":"가능","cwStateCd":"FIXED","cwSelIdx":[]},{"word_id":19,"ancestor":"-2","verb":"단순","cwStateCd":"FIXED","cwSelIdx":[]},{"word_id":22,"ancestor":"-2","verb":"느리","cwStateCd":"FIXED","cwSelIdx":[]},{"word_id":27,"ancestor":"-2","verb":"낮","cwStateCd":"FIXED","cwSelIdx":[]},{"word_id":29,"ancestor":["69-2"],"verb":"사용","cwStateCd":"FIXED","cwSelIdx":6},{"word_id":36,"ancestor":"-2","verb":"이러하","cwStateCd":"FIXED","cwSelIdx":[]},{"word_id":39,"ancestor":["69-2"],"verb":"구현","cwStateCd":"FIXED","cwSelIdx":6}],"text":"[플랫_셰이딩] <다각형>과 더불어 《[버추어_레이싱]》, 《[스타_폭스]》 등의 게임 카트리지에 추가된 프로세서가 가능케 한 기본적인 [3차원_컴퓨터_그래픽스]가 주류에 진입하였지만, 메가 드라이브는 매우 단순화된 폴리곤 모델, 느린 프레임 레이트 (<4 fps), 낮은 해상도를 사용하여 특수 프로세서 없이 ~8?MHz 68000 칩에서 이러한 그래픽을 가까스로 구현할 수 있었다."}],"globalSId":[3846001,3846002,3846003],"entities":[{"st":13,"eIdx":0,"ancestor":"-2","en":19,"cwStateCd":"FIXED","ne_type":"TIME","cwSelIdx":[],"type":"ENTITY","keyword":"[1988년]","e_type":"NEW"},{"st":29,"eIdx":1,"ancestor":"-2","en":35,"cwStateCd":"FIXED","ne_type":"TIME","cwSelIdx":[],"type":"ENTITY","keyword":"[1999년]","e_type":"NEW"},{"st":38,"eIdx":2,"ancestor":"","en":47,"ne_type":"","keyword":"<메가_드라이브>","e_type":"ELU"},{"st":69,"eIdx":3,"ancestor":"","en":74,"ne_type":"","keyword":"<닌텐도>","e_type":"ELU"},{"st":76,"eIdx":4,"ancestor":"","en":80,"ne_type":"","keyword":"[소니]","e_type":"WIKILINK"},{"st":115,"eIdx":5,"ancestor":"-2","en":118,"cwStateCd":"FIXED","ne_type":"ORGANIZATION","cwSelIdx":[],"type":"ENTITY","keyword":"[소니]","e_type":"NEW"},{"st":127,"eIdx":6,"ancestor":"","en":136,"ne_type":"","keyword":"[플레이스테이션]","e_type":"WIKILINK"},{"st":143,"eIdx":7,"ancestor":"","en":148,"ne_type":"","keyword":"<닌텐도>","e_type":"ELU"},{"st":177,"eIdx":8,"ancestor":"","en":185,"ne_type":"","keyword":"[플랫_셰이딩]","e_type":"WIKILINK"},{"st":186,"eIdx":9,"ancestor":"","en":191,"ne_type":"","keyword":"<다각형>","e_type":"ELU"},{"st":198,"eIdx":10,"ancestor":"","en":207,"ne_type":"","keyword":"[버추어_레이싱]","e_type":"WIKILINK"},{"st":211,"eIdx":11,"ancestor":"","en":218,"ne_type":"","keyword":"[스타_폭스]","e_type":"WIKILINK"},{"st":253,"eIdx":12,"ancestor":"","en":267,"ne_type":"","keyword":"[3차원_컴퓨터_그래픽스]","e_type":"WIKILINK"}],"wikiPageId":1623985,"pIdx":69,"text":"CD-ROM 드라이브는 [1988년]의 PC 엔진, [1999년]의 <메가_드라이브>의 애드온으로서 이 세대에 도입되었다. <닌텐도>는 [소니]와의 합작 사업으로 SNES의 광 미디어 포맷을 실험하였는데, [소니]는 이 개념을 [플레이스테이션]에 적용하여 <닌텐도>와 세가의 주 경쟁 제품으로 유명해지려는 참이었다. [플랫_셰이딩] <다각형>과 더불어 《[버추어_레이싱]》, 《[스타_폭스]》 등의 게임 카트리지에 추가된 프로세서가 가능케 한 기본적인 [3차원_컴퓨터_그래픽스]가 주류에 진입하였지만, 메가 드라이브는 매우 단순화된 폴리곤 모델, 느린 프레임 레이트 (<4 fps), 낮은 해상도를 사용하여 특수 프로세서 없이 ~8?MHz 68000 칩에서 이러한 그래픽을 가까스로 구현할 수 있었다."}