{"result":[{"verbs":[],"text":"개요."},{"verbs":[{"word_id":4,"ancestor":"-1","verb":"취득","cwStateCd":"FIXED","cwSelIdx":[]},{"word_id":5,"ancestor":"-1","verb":"설립","cwStateCd":"FIXED","cwSelIdx":[]},{"word_id":12,"ancestor":"-1","verb":"짧","cwStateCd":"FIXED","cwSelIdx":[]}],"text":"[1988년] [8월_24일]에 시내버스 운송면허를 취득하여 설립했고 [대구광역시]의 시내버스 회사 중 역사가 제일 짧다."},{"verbs":[{"word_id":7,"ancestor":"-1","verb":"있","cwStateCd":"FIXED","cwSelIdx":[]},{"word_id":12,"ancestor":["2-6"],"verb":"쓰","cwStateCd":"FIXED","cwSelIdx":24}],"text":"원래 [수성구] [사월동] 400-9번지로 [사월역] 인근에 차고지가 있었고 이 때는 [한일운수_(대구)]와 같이 썼다."},{"verbs":[{"word_id":7,"ancestor":"-1","verb":"들어서","cwStateCd":"FIXED","cwSelIdx":[]},{"word_id":11,"ancestor":["2-9"],"verb":"있","cwStateCd":"FIXED","cwSelIdx":37},{"word_id":15,"ancestor":"-1","verb":"이전","cwStateCd":"FIXED","cwSelIdx":[]}],"text":"그러나 [사월역] 인근 [사월동] 차고지 자리에 아파트가 들어서게 되면서 차고지를 [세진교통]이 있는 [경상북도] [경산시] 대평동으로 이전했다."},{"verbs":[{"word_id":4,"ancestor":["2-14"],"verb":"합병","cwStateCd":"FIXED","cwSelIdx":45},{"word_id":9,"ancestor":"-1","verb":"받","cwStateCd":"FIXED","cwSelIdx":[]},{"word_id":12,"ancestor":"-1","verb":"키우","cwStateCd":"FIXED","cwSelIdx":[]}],"text":"[2004년]에 [세진교통]이 [동광버스자동차]를 완전히 합병했을 때 [동광버스자동차]의 일부 차량을 받아 회사 규모를 키웠다."},{"verbs":[{"word_id":3,"ancestor":"-1","verb":"실시","cwStateCd":"FIXED","cwSelIdx":[]}],"text":"[2006년]부터 노선별 전담제가 실시된 이후 [대구광역시]의 시내버스 회사 중 처음으로 노선 전담을 맞트레이드했다."},{"verbs":[{"word_id":7,"ancestor":"-1","verb":"맞트레이","cwStateCd":"FIXED","cwSelIdx":[]},{"word_id":10,"ancestor":"-1","verb":"가","cwStateCd":"FIXED","cwSelIdx":[]}],"text":"[2008년] [12월_15일]에 [창성여객_(대구)]과 618번과 649번 노선 배차분을 맞트레이드했는데, 이는 [압량면_금구리]\/대곡지구([남도버스])까지 가는 공차 거리 때문이다."}],"globalSId":[1505607,1505608,1505609,1505610,1505611,1505612,1505613],"entities":[{"st":4,"eIdx":0,"ancestor":"","en":11,"ne_type":"","keyword":"[1988년]","e_type":"WIKILINK"},{"st":12,"eIdx":1,"ancestor":"","en":20,"ne_type":"","keyword":"[8월_24일]","e_type":"WIKILINK"},{"st":43,"eIdx":2,"ancestor":"","en":50,"ne_type":"","keyword":"[대구광역시]","e_type":"WIKILINK"},{"st":76,"eIdx":3,"ancestor":"","en":81,"ne_type":"","keyword":"[수성구]","e_type":"WIKILINK"},{"st":82,"eIdx":4,"ancestor":"-1","en":86,"cwStateCd":"FIXED","ne_type":"LOCATION","cwSelIdx":[],"type":"ENTITY","keyword":"[사월동]","e_type":"NEW"},{"st":97,"eIdx":5,"ancestor":"","en":102,"ne_type":"","keyword":"[사월역]","e_type":"WIKILINK"},{"st":121,"eIdx":6,"ancestor":"","en":132,"ne_type":"","keyword":"[한일운수_(대구)]","e_type":"WIKILINK"},{"st":145,"eIdx":7,"ancestor":"","en":150,"ne_type":"","keyword":"[사월역]","e_type":"WIKILINK"},{"st":154,"eIdx":8,"ancestor":"2-4","en":158,"cwStateCd":"FIXED","ne_type":"LOCATION","cwSelIdx":16,"type":"ENTITY","keyword":"[사월동]","e_type":"NEW"},{"st":187,"eIdx":9,"ancestor":"","en":193,"ne_type":"","keyword":"[세진교통]","e_type":"WIKILINK"},{"st":198,"eIdx":10,"ancestor":"","en":204,"ne_type":"","keyword":"[경상북도]","e_type":"WIKILINK"},{"st":205,"eIdx":11,"ancestor":"","en":210,"ne_type":"","keyword":"[경산시]","e_type":"WIKILINK"},{"st":223,"eIdx":12,"ancestor":"","en":230,"ne_type":"","keyword":"[2004년]","e_type":"WIKILINK"},{"st":232,"eIdx":13,"ancestor":"","en":238,"ne_type":"","keyword":"[세진교통]","e_type":"WIKILINK"},{"st":240,"eIdx":14,"ancestor":"","en":249,"ne_type":"","keyword":"[동광버스자동차]","e_type":"WIKILINK"},{"st":262,"eIdx":15,"ancestor":"","en":271,"ne_type":"","keyword":"[동광버스자동차]","e_type":"WIKILINK"},{"st":295,"eIdx":16,"ancestor":"","en":302,"ne_type":"","keyword":"[2006년]","e_type":"WIKILINK"},{"st":321,"eIdx":17,"ancestor":"","en":328,"ne_type":"","keyword":"[대구광역시]","e_type":"WIKILINK"},{"st":361,"eIdx":18,"ancestor":"","en":368,"ne_type":"","keyword":"[2008년]","e_type":"WIKILINK"},{"st":369,"eIdx":19,"ancestor":"","en":378,"ne_type":"","keyword":"[12월_15일]","e_type":"WIKILINK"},{"st":380,"eIdx":20,"ancestor":"","en":391,"ne_type":"","keyword":"[창성여객_(대구)]","e_type":"WIKILINK"},{"st":425,"eIdx":21,"ancestor":"-1","en":433,"cwStateCd":"FIXED","ne_type":"LOCATION","cwSelIdx":[],"type":"ENTITY","keyword":"[압량면_금구리]","e_type":"NEW"},{"st":440,"eIdx":22,"ancestor":"","en":446,"ne_type":"","keyword":"[남도버스]","e_type":"WIKILINK"}],"wikiPageId":266657,"pIdx":2,"text":"개요. [1988년] [8월_24일]에 시내버스 운송면허를 취득하여 설립했고 [대구광역시]의 시내버스 회사 중 역사가 제일 짧다. 원래 [수성구] [사월동] 400-9번지로 [사월역] 인근에 차고지가 있었고 이 때는 [한일운수_(대구)]와 같이 썼다. 그러나 [사월역] 인근 [사월동] 차고지 자리에 아파트가 들어서게 되면서 차고지를 [세진교통]이 있는 [경상북도] [경산시] 대평동으로 이전했다. [2004년]에 [세진교통]이 [동광버스자동차]를 완전히 합병했을 때 [동광버스자동차]의 일부 차량을 받아 회사 규모를 키웠다. [2006년]부터 노선별 전담제가 실시된 이후 [대구광역시]의 시내버스 회사 중 처음으로 노선 전담을 맞트레이드했다. [2008년] [12월_15일]에 [창성여객_(대구)]과 618번과 649번 노선 배차분을 맞트레이드했는데, 이는 [압량면_금구리]\/대곡지구([남도버스])까지 가는 공차 거리 때문이다."}