{"result":[{"verbs":[{"word_id":10,"ancestor":["1-0"],"verb":"개발","cwStateCd":"FIXED","cwSelIdx":0},{"word_id":11,"ancestor":["1-0"],"verb":"발행","cwStateCd":"FIXED","cwSelIdx":0}],"text":"[마이크로소프트_스튜디오]()은 [마이크로소프트] 자화사로 [2002년]부터 [마이크로소프트_윈도] 기반의 [개인용_컴퓨터]와 [엑스박스], [엑스박스_360]용 [비디오_게임]을 개발하고 발행한다."},{"verbs":[{"word_id":5,"ancestor":["1-8"],"verb":"비롯하","cwStateCd":"FIXED","cwSelIdx":13},{"word_id":8,"ancestor":["1-8"],"verb":"발행","cwStateCd":"FIXED","cwSelIdx":13},{"word_id":11,"ancestor":["1-12","1-13"],"verb":"같","cwStateCd":"FIXED","cwSelIdx":[21,22]}],"text":"주로 <마이크로소프트>가 소유한 [번지_스튜디오]와 [레어]를 비롯한 [퍼스트파티_개발사]들의 게임을 발행하지만, [바이오웨어]나 [비자레_크리에이션] 같은 [서드파티_개발사]들이 만든 윈도나 엑스박스용 게임도 발행한다."},{"verbs":[{"word_id":2,"ancestor":["1-15"],"verb":"세우","cwStateCd":"FIXED","cwSelIdx":31},{"word_id":6,"ancestor":["1-15"],"verb":"개명","cwStateCd":"FIXED","cwSelIdx":31}],"text":"초기에는 [마이크로소프트_게임_스튜디오]()라고 세워졌으나, [2011년] 말에 사명을 개명하였다."},{"verbs":[{"word_id":8,"ancestor":["1-18"],"verb":"편입된걸","cwStateCd":"FIXED","cwSelIdx":39},{"word_id":9,"ancestor":"-1","verb":"알려지","cwStateCd":"FIXED","cwSelIdx":[]}],"text":"또, [2014년]에 [마이크로소프트]가 [마인크래프트] 개발자 [모장]을 인수하여 여기에 편입된걸로 알려졌다."}],"globalSId":[951828,951829,951830,951831],"entities":[{"st":0,"eIdx":0,"ancestor":"-2","en":13,"cwStateCd":"FIXED","ne_type":"ORGANIZATION","cwSelIdx":[],"type":"ENTITY","keyword":"[마이크로소프트_스튜디오]","e_type":"NEW"},{"st":18,"eIdx":1,"ancestor":"","en":27,"ne_type":"","keyword":"[마이크로소프트]","e_type":"WIKILINK"},{"st":33,"eIdx":2,"ancestor":"","en":40,"ne_type":"","keyword":"[2002년]","e_type":"WIKILINK"},{"st":43,"eIdx":3,"ancestor":"","en":55,"ne_type":"","keyword":"[마이크로소프트_윈도]","e_type":"WIKILINK"},{"st":60,"eIdx":4,"ancestor":"","en":69,"ne_type":"","keyword":"[개인용_컴퓨터]","e_type":"WIKILINK"},{"st":71,"eIdx":5,"ancestor":"","en":77,"ne_type":"","keyword":"[엑스박스]","e_type":"WIKILINK"},{"st":79,"eIdx":6,"ancestor":"","en":89,"ne_type":"","keyword":"[엑스박스_360]","e_type":"WIKILINK"},{"st":91,"eIdx":7,"ancestor":"","en":99,"ne_type":"","keyword":"[비디오_게임]","e_type":"WIKILINK"},{"st":115,"eIdx":8,"ancestor":"","en":124,"ne_type":"","keyword":"<마이크로소프트>","e_type":"ELU"},{"st":130,"eIdx":9,"ancestor":"","en":139,"ne_type":"","keyword":"[번지_스튜디오]","e_type":"WIKILINK"},{"st":141,"eIdx":10,"ancestor":"","en":145,"ne_type":"","keyword":"[레어]","e_type":"WIKILINK"},{"st":151,"eIdx":11,"ancestor":"","en":162,"ne_type":"","keyword":"[퍼스트파티_개발사]","e_type":"WIKILINK"},{"st":176,"eIdx":12,"ancestor":"","en":183,"ne_type":"","keyword":"[바이오웨어]","e_type":"WIKILINK"},{"st":185,"eIdx":13,"ancestor":"","en":196,"ne_type":"","keyword":"[비자레_크리에이션]","e_type":"WIKILINK"},{"st":200,"eIdx":14,"ancestor":"","en":210,"ne_type":"","keyword":"[서드파티_개발사]","e_type":"WIKILINK"},{"st":241,"eIdx":15,"ancestor":"1-0","en":257,"cwStateCd":"FIXED","ne_type":"ORGANIZATION","cwSelIdx":0,"type":"ENTITY","keyword":"[마이크로소프트_게임_스튜디오]","e_type":"NEW"},{"st":270,"eIdx":16,"ancestor":"","en":277,"ne_type":"","keyword":"[2011년]","e_type":"WIKILINK"},{"st":295,"eIdx":17,"ancestor":"","en":302,"ne_type":"","keyword":"[2014년]","e_type":"WIKILINK"},{"st":304,"eIdx":18,"ancestor":"","en":313,"ne_type":"","keyword":"[마이크로소프트]","e_type":"WIKILINK"},{"st":315,"eIdx":19,"ancestor":"","en":323,"ne_type":"","keyword":"[마인크래프트]","e_type":"WIKILINK"},{"st":328,"eIdx":20,"ancestor":"","en":332,"ne_type":"","keyword":"[모장]","e_type":"WIKILINK"}],"wikiPageId":132093,"pIdx":1,"text":"[마이크로소프트_스튜디오]()은 [마이크로소프트] 자화사로 [2002년]부터 [마이크로소프트_윈도] 기반의 [개인용_컴퓨터]와 [엑스박스], [엑스박스_360]용 [비디오_게임]을 개발하고 발행한다. 주로 <마이크로소프트>가 소유한 [번지_스튜디오]와 [레어]를 비롯한 [퍼스트파티_개발사]들의 게임을 발행하지만, [바이오웨어]나 [비자레_크리에이션] 같은 [서드파티_개발사]들이 만든 윈도나 엑스박스용 게임도 발행한다. 초기에는 [마이크로소프트_게임_스튜디오]()라고 세워졌으나, [2011년] 말에 사명을 개명하였다. 또, [2014년]에 [마이크로소프트]가 [마인크래프트] 개발자 [모장]을 인수하여 여기에 편입된걸로 알려졌다."}