{"result":[{"verbs":[],"text":"[아그파포토_홀딩] <유한회사>."},{"verbs":[{"word_id":14,"ancestor":"-1","verb":"하","cwStateCd":"FIXED","cwSelIdx":[]}],"text":"[아그파포토_홀딩_회사](AgfaPhoto Holding GmbH)는 [독일] [쾰른]과 [레버쿠젠]에 본사를 두고 있으며, 소비자 이미징 분야에서 국제적 활동을 하고 있다."}],"globalSId":[2867731,2867732],"entities":[{"st":0,"eIdx":0,"ancestor":"1-0","en":9,"cwStateCd":"FIXED","ne_type":"ORGANIZATION","cwSelIdx":0,"type":"ENTITY","keyword":"[아그파포토_홀딩]","e_type":"NEW"},{"st":11,"eIdx":1,"ancestor":"","en":17,"ne_type":"","keyword":"<유한회사>","e_type":"ELU"},{"st":19,"eIdx":2,"ancestor":"3-0","en":31,"cwStateCd":"FIXED","ne_type":"ORGANIZATION","cwSelIdx":0,"type":"ENTITY","keyword":"[아그파포토_홀딩_회사]","e_type":"NEW"},{"st":58,"eIdx":3,"ancestor":"","en":62,"ne_type":"","keyword":"[독일]","e_type":"WIKILINK"},{"st":63,"eIdx":4,"ancestor":"","en":67,"ne_type":"","keyword":"[쾰른]","e_type":"WIKILINK"},{"st":69,"eIdx":5,"ancestor":"","en":75,"ne_type":"","keyword":"[레버쿠젠]","e_type":"WIKILINK"}],"wikiPageId":829286,"pIdx":3,"text":"[아그파포토_홀딩] <유한회사>. [아그파포토_홀딩_회사](AgfaPhoto Holding GmbH)는 [독일] [쾰른]과 [레버쿠젠]에 본사를 두고 있으며, 소비자 이미징 분야에서 국제적 활동을 하고 있다."}