{"result":[{"verbs":[{"word_id":1,"ancestor":["1-0"],"verb":"복귀","cwStateCd":"FIXED","cwSelIdx":0},{"word_id":5,"ancestor":["1-0"],"verb":"있","cwStateCd":"FIXED","cwSelIdx":0},{"word_id":14,"ancestor":["1-0"],"verb":"되","cwStateCd":"FIXED","cwSelIdx":0}],"text":"여당으로 복귀하였고, 재선으로 8년 간 있었으나 [2016년_중화민국_총통_선거]에서 [주리룬] 총통후보가 [민주진보당]의 [차이잉원] 후보에게 패배하여 제1야당이 되었다."}],"globalSId":[212059],"entities":[{"st":27,"eIdx":0,"ancestor":"","en":45,"ne_type":"","keyword":"[2016년_중화민국_총통_선거]","e_type":"WIKILINK"},{"st":48,"eIdx":1,"ancestor":"","en":53,"ne_type":"","keyword":"[주리룬]","e_type":"WIKILINK"},{"st":60,"eIdx":2,"ancestor":"","en":67,"ne_type":"","keyword":"[민주진보당]","e_type":"WIKILINK"},{"st":69,"eIdx":3,"ancestor":"","en":75,"ne_type":"","keyword":"[차이잉원]","e_type":"WIKILINK"}],"wikiPageId":14097,"pIdx":8,"text":"여당으로 복귀하였고, 재선으로 8년 간 있었으나 [2016년_중화민국_총통_선거]에서 [주리룬] 총통후보가 [민주진보당]의 [차이잉원] 후보에게 패배하여 제1야당이 되었다."}