{"result":[{"verbs":[{"word_id":10,"ancestor":["1-0"],"verb":"있","cwStateCd":"FIXED","cwSelIdx":0}],"text":"<우루무치_시>(, [라틴_문자]: [?r?mqi\/?r?mqi_Shehri], [중국조선말]: [우룸치]，)는 인구 약 3,112,600명으로 [중화인민공화국]의 북서부에 있는, [신장_위구르_자치구]의 구도이다."},{"verbs":[{"word_id":1,"ancestor":"-2","verb":"아름","cwStateCd":"FIXED","cwSelIdx":[]},{"word_id":3,"ancestor":["1-7"],"verb":"의미","cwStateCd":"FIXED","cwSelIdx":13}],"text":"<우루무치_시>는 '아름다운 목장'을 의미하며 [중국] 서부의 최대 도시이다."},{"verbs":[{"word_id":5,"ancestor":["1-10"],"verb":"개발","cwStateCd":"FIXED","cwSelIdx":23},{"word_id":13,"ancestor":["1-10"],"verb":"하","cwStateCd":"FIXED","cwSelIdx":23}],"text":"[1990년]대 이래 <우루무치_시>는 경제적으로 점차 개발되고 있고 현재 지역의 교통과 상업의 중심지 역할을 하고 있다."},{"verbs":[{"word_id":9,"ancestor":["1-11"],"verb":"유사","cwStateCd":"FIXED","cwSelIdx":36},{"word_id":12,"ancestor":["1-11"],"verb":"있","cwStateCd":"FIXED","cwSelIdx":36}],"text":"<우루무치_시>는 문화적으로는 대부분 [중국] 동부보다 [우즈베키스탄]의 [수도] [타슈켄트]와 <중앙아시아>와 유사한 점이 많이 있다."}],"globalSId":[497899,497900,497901,497902],"entities":[{"st":0,"eIdx":0,"ancestor":"","en":8,"ne_type":"","keyword":"<우루무치_시>","e_type":"ELU"},{"st":11,"eIdx":1,"ancestor":"","en":18,"ne_type":"","keyword":"[라틴_문자]","e_type":"WIKILINK"},{"st":20,"eIdx":2,"ancestor":"1-0","en":41,"cwStateCd":"FIXED","ne_type":"LOCATION","cwSelIdx":0,"type":"ENTITY","keyword":"[?r?mqi\/?r?mqi_Shehri]","e_type":"NEW"},{"st":44,"eIdx":3,"ancestor":"","en":51,"ne_type":"","keyword":"[중국조선말]","e_type":"WIKILINK"},{"st":53,"eIdx":4,"ancestor":"1-0","en":57,"cwStateCd":"FIXED","ne_type":"LOCATION","cwSelIdx":0,"type":"ENTITY","keyword":"[우룸치]","e_type":"NEW"},{"st":80,"eIdx":5,"ancestor":"","en":89,"ne_type":"","keyword":"[중화인민공화국]","e_type":"WIKILINK"},{"st":100,"eIdx":6,"ancestor":"","en":112,"ne_type":"","keyword":"[신장_위구르_자치구]","e_type":"WIKILINK"},{"st":120,"eIdx":7,"ancestor":"","en":128,"ne_type":"","keyword":"<우루무치_시>","e_type":"ELU"},{"st":146,"eIdx":8,"ancestor":"1-5","en":149,"cwStateCd":"FIXED","ne_type":"LOCATION","cwSelIdx":8,"type":"ENTITY","keyword":"[중국]","e_type":"NEW"},{"st":164,"eIdx":9,"ancestor":"-2","en":170,"cwStateCd":"FIXED","ne_type":"TIME","cwSelIdx":[],"type":"ENTITY","keyword":"[1990년]","e_type":"NEW"},{"st":176,"eIdx":10,"ancestor":"","en":184,"ne_type":"","keyword":"<우루무치_시>","e_type":"ELU"},{"st":233,"eIdx":11,"ancestor":"","en":241,"ne_type":"","keyword":"<우루무치_시>","e_type":"ELU"},{"st":254,"eIdx":12,"ancestor":"1-8","en":257,"cwStateCd":"FIXED","ne_type":"LOCATION","cwSelIdx":17,"type":"ENTITY","keyword":"[중국]","e_type":"NEW"},{"st":264,"eIdx":13,"ancestor":"","en":272,"ne_type":"","keyword":"[우즈베키스탄]","e_type":"WIKILINK"},{"st":274,"eIdx":14,"ancestor":"","en":278,"ne_type":"","keyword":"[수도]","e_type":"WIKILINK"},{"st":279,"eIdx":15,"ancestor":"","en":285,"ne_type":"","keyword":"[타슈켄트]","e_type":"WIKILINK"},{"st":287,"eIdx":16,"ancestor":"","en":294,"ne_type":"","keyword":"<중앙아시아>","e_type":"ELU"}],"wikiPageId":55686,"pIdx":1,"text":"<우루무치_시>(, [라틴_문자]: [?r?mqi\/?r?mqi_Shehri], [중국조선말]: [우룸치]，)는 인구 약 3,112,600명으로 [중화인민공화국]의 북서부에 있는, [신장_위구르_자치구]의 구도이다. <우루무치_시>는 '아름다운 목장'을 의미하며 [중국] 서부의 최대 도시이다. [1990년]대 이래 <우루무치_시>는 경제적으로 점차 개발되고 있고 현재 지역의 교통과 상업의 중심지 역할을 하고 있다. <우루무치_시>는 문화적으로는 대부분 [중국] 동부보다 [우즈베키스탄]의 [수도] [타슈켄트]와 <중앙아시아>와 유사한 점이 많이 있다."}