{"result":[{"verbs":[{"word_id":4,"ancestor":"-2","verb":"임대","cwStateCd":"FIXED","cwSelIdx":[]},{"word_id":14,"ancestor":"-2","verb":"이적","cwStateCd":"FIXED","cwSelIdx":[]}],"text":"[2008-09_시즌]에는 [올랭피크_드_마르세유]에서 [프리미어리그]의 [선덜랜드_AFC]로 임대되어 있다가, [2009년] [6월_27일] [슈퍼리그_그리스] 최고 몸값인 2,000만 유로(추정치)로 [파나티나이코스_FC]로 이적하게 되었다."}],"globalSId":[1149227],"entities":[{"st":0,"eIdx":0,"ancestor":"-2","en":11,"cwStateCd":"FIXED","ne_type":"ETC","cwSelIdx":[],"type":"ENTITY","keyword":"[2008-09_시즌]","e_type":"NEW"},{"st":15,"eIdx":1,"ancestor":"","en":28,"ne_type":"","keyword":"[올랭피크_드_마르세유]","e_type":"WIKILINK"},{"st":31,"eIdx":2,"ancestor":"","en":39,"ne_type":"","keyword":"[프리미어리그]","e_type":"WIKILINK"},{"st":41,"eIdx":3,"ancestor":"","en":51,"ne_type":"","keyword":"[선덜랜드_AFC]","e_type":"WIKILINK"},{"st":63,"eIdx":4,"ancestor":"","en":70,"ne_type":"","keyword":"[2009년]","e_type":"WIKILINK"},{"st":71,"eIdx":5,"ancestor":"","en":79,"ne_type":"","keyword":"[6월_27일]","e_type":"WIKILINK"},{"st":80,"eIdx":6,"ancestor":"","en":90,"ne_type":"","keyword":"[슈퍼리그_그리스]","e_type":"WIKILINK"},{"st":114,"eIdx":7,"ancestor":"","en":126,"ne_type":"","keyword":"[파나티나이코스_FC]","e_type":"WIKILINK"}],"wikiPageId":175254,"pIdx":4,"text":"[2008-09_시즌]에는 [올랭피크_드_마르세유]에서 [프리미어리그]의 [선덜랜드_AFC]로 임대되어 있다가, [2009년] [6월_27일] [슈퍼리그_그리스] 최고 몸값인 2,000만 유로(추정치)로 [파나티나이코스_FC]로 이적하게 되었다."}