{"result":[{"verbs":[],"text":"<모르메디> (Mormedi)는 [스페인]의 [디자인] 컨설팅 회사로 [하이메_모레노] (Jaime Moreno)가 [스페인]의 [마드리드]에서 [1998년]에 설립하였다."},{"verbs":[{"word_id":6,"ancestor":["1-7"],"verb":"특화","cwStateCd":"FIXED","cwSelIdx":13}],"text":"<모르메디>(Mormedi)는 상품 및 서비스 전략 분야에 특화되어있다."}],"globalSId":[3265561,3265562],"entities":[{"st":0,"eIdx":0,"ancestor":"","en":6,"ne_type":"","keyword":"<모르메디>","e_type":"ELU"},{"st":18,"eIdx":1,"ancestor":"","en":23,"ne_type":"","keyword":"[스페인]","e_type":"WIKILINK"},{"st":25,"eIdx":2,"ancestor":"","en":30,"ne_type":"","keyword":"[디자인]","e_type":"WIKILINK"},{"st":39,"eIdx":3,"ancestor":"-2","en":47,"cwStateCd":"FIXED","ne_type":"PERSON","cwSelIdx":[],"type":"ENTITY","keyword":"[하이메_모레노]","e_type":"NEW"},{"st":65,"eIdx":4,"ancestor":"","en":70,"ne_type":"","keyword":"[스페인]","e_type":"WIKILINK"},{"st":72,"eIdx":5,"ancestor":"","en":78,"ne_type":"","keyword":"[마드리드]","e_type":"WIKILINK"},{"st":81,"eIdx":6,"ancestor":"-2","en":87,"cwStateCd":"FIXED","ne_type":"TIME","cwSelIdx":[],"type":"ENTITY","keyword":"[1998년]","e_type":"NEW"},{"st":97,"eIdx":7,"ancestor":"","en":103,"ne_type":"","keyword":"<모르메디>","e_type":"ELU"}],"wikiPageId":1060690,"pIdx":1,"text":"<모르메디> (Mormedi)는 [스페인]의 [디자인] 컨설팅 회사로 [하이메_모레노] (Jaime Moreno)가 [스페인]의 [마드리드]에서 [1998년]에 설립하였다. <모르메디>(Mormedi)는 상품 및 서비스 전략 분야에 특화되어있다."}