{"result":[{"verbs":[],"text":"<아바르족>(Avars)은 5~9세기에 [중앙_아시아] 및 [중앙_유럽], [동유럽]에서 활약했던 [유목_민족]이다."},{"verbs":[{"word_id":2,"ancestor":["1-0"],"verb":"이주","cwStateCd":"FIXED","cwSelIdx":0},{"word_id":6,"ancestor":"-1","verb":"이르","cwStateCd":"FIXED","cwSelIdx":[]},{"word_id":7,"ancestor":"-1","verb":"넓","cwStateCd":"FIXED","cwSelIdx":[]},{"word_id":9,"ancestor":["1-0"],"verb":"건설","cwStateCd":"FIXED","cwSelIdx":0},{"word_id":12,"ancestor":["1-0"],"verb":"위협","cwStateCd":"FIXED","cwSelIdx":0},{"word_id":15,"ancestor":["1-0"],"verb":"패","cwStateCd":"FIXED","cwSelIdx":0},{"word_id":16,"ancestor":["1-0"],"verb":"쇠약","cwStateCd":"FIXED","cwSelIdx":0},{"word_id":20,"ancestor":["1-0"],"verb":"멸망","cwStateCd":"FIXED","cwSelIdx":0}],"text":"중앙 <아시아>에서 이주하여 중앙 및 <동유럽>에 이르는 넓은 제국을 건설했으며, 주변 국가를 위협했으나 [비잔티움_제국]과의 전쟁에서 패해 쇠약해졌으며, 후에 [카롤루스_대제]의 [프랑크_왕국]에게 멸망하였다."}],"globalSId":[2798343,2798344],"entities":[{"st":0,"eIdx":0,"ancestor":"","en":6,"ne_type":"","keyword":"<아바르족>","e_type":"ELU"},{"st":22,"eIdx":1,"ancestor":"","en":30,"ne_type":"","keyword":"[중앙_아시아]","e_type":"WIKILINK"},{"st":33,"eIdx":2,"ancestor":"","en":40,"ne_type":"","keyword":"[중앙_유럽]","e_type":"WIKILINK"},{"st":42,"eIdx":3,"ancestor":"","en":47,"ne_type":"","keyword":"[동유럽]","e_type":"WIKILINK"},{"st":55,"eIdx":4,"ancestor":"","en":62,"ne_type":"","keyword":"[유목_민족]","e_type":"WIKILINK"},{"st":69,"eIdx":5,"ancestor":"","en":74,"ne_type":"","keyword":"<아시아>","e_type":"ELU"},{"st":87,"eIdx":6,"ancestor":"","en":92,"ne_type":"","keyword":"<동유럽>","e_type":"ELU"},{"st":125,"eIdx":7,"ancestor":"","en":134,"ne_type":"","keyword":"[비잔티움_제국]","e_type":"WIKILINK"},{"st":156,"eIdx":8,"ancestor":"","en":165,"ne_type":"","keyword":"[카롤루스_대제]","e_type":"WIKILINK"},{"st":167,"eIdx":9,"ancestor":"","en":175,"ne_type":"","keyword":"[프랑크_왕국]","e_type":"WIKILINK"}],"wikiPageId":791680,"pIdx":1,"text":"<아바르족>(Avars)은 5~9세기에 [중앙_아시아] 및 [중앙_유럽], [동유럽]에서 활약했던 [유목_민족]이다. 중앙 <아시아>에서 이주하여 중앙 및 <동유럽>에 이르는 넓은 제국을 건설했으며, 주변 국가를 위협했으나 [비잔티움_제국]과의 전쟁에서 패해 쇠약해졌으며, 후에 [카롤루스_대제]의 [프랑크_왕국]에게 멸망하였다."}