{"result":[{"verbs":[{"word_id":5,"ancestor":["1-0"],"verb":"위치","cwStateCd":"FIXED","cwSelIdx":0}],"text":"[에치고카나마루_역]()은 [일본] [니가타_현] [이와후네_군] [세키카와_촌]에 위치한 [동일본_여객철도] [요네사카_선]의 [철도역]이다."},{"verbs":[{"word_id":4,"ancestor":["1-0"],"verb":"갖추","cwStateCd":"FIXED","cwSelIdx":0}],"text":"[상대식_승강장] 2면 2선의 구조를 갖춘 지상역이다."}],"globalSId":[3985737,3985738],"entities":[{"st":0,"eIdx":0,"ancestor":"-2","en":10,"cwStateCd":"FIXED","ne_type":"LOCATION","cwSelIdx":[],"type":"ENTITY","keyword":"[에치고카나마루_역]","e_type":"NEW"},{"st":15,"eIdx":1,"ancestor":"","en":19,"ne_type":"","keyword":"[일본]","e_type":"WIKILINK"},{"st":20,"eIdx":2,"ancestor":"","en":27,"ne_type":"","keyword":"[니가타_현]","e_type":"WIKILINK"},{"st":28,"eIdx":3,"ancestor":"","en":36,"ne_type":"","keyword":"[이와후네_군]","e_type":"WIKILINK"},{"st":37,"eIdx":4,"ancestor":"","en":45,"ne_type":"","keyword":"[세키카와_촌]","e_type":"WIKILINK"},{"st":51,"eIdx":5,"ancestor":"","en":61,"ne_type":"","keyword":"[동일본_여객철도]","e_type":"WIKILINK"},{"st":62,"eIdx":6,"ancestor":"","en":70,"ne_type":"","keyword":"[요네사카_선]","e_type":"WIKILINK"},{"st":72,"eIdx":7,"ancestor":"","en":77,"ne_type":"","keyword":"[철도역]","e_type":"WIKILINK"},{"st":81,"eIdx":8,"ancestor":"","en":90,"ne_type":"","keyword":"[상대식_승강장]","e_type":"WIKILINK"}],"wikiPageId":1760204,"pIdx":1,"text":"[에치고카나마루_역]()은 [일본] [니가타_현] [이와후네_군] [세키카와_촌]에 위치한 [동일본_여객철도] [요네사카_선]의 [철도역]이다. [상대식_승강장] 2면 2선의 구조를 갖춘 지상역이다."}