{"result":[{"verbs":[{"word_id":4,"ancestor":"-2","verb":"발굴","cwStateCd":"FIXED","cwSelIdx":[]},{"word_id":7,"ancestor":"-2","verb":"통하","cwStateCd":"FIXED","cwSelIdx":[]}],"text":"[대한민국] 학자들은 '[제주_여성_신화]'의 원형을 발굴하는 작업 등을 통하여 <대한민국> <여신학>의 흐름을 새롭게 만들어 갔다."},{"verbs":[{"word_id":6,"ancestor":"-2","verb":"배출","cwStateCd":"FIXED","cwSelIdx":[]},{"word_id":27,"ancestor":["4-4"],"verb":"접목","cwStateCd":"FIXED","cwSelIdx":15}],"text":"여성학자 [김신명숙]은 [서울대학교] 여성학 협동과정에서 처음 배출한 박사학위 취득자 3명 가운데 한 명으로서, <대한민국> 내에서는 처음으로 '<여신학>'으로 박사학위('서구 여신담론과 관음여신의 대안 가능성')를 받았고, <여신학>을 여성운동 현장에 새롭게 접목하고자 하였다."}],"globalSId":[3212935,3212936],"entities":[{"st":0,"eIdx":0,"ancestor":"","en":6,"ne_type":"","keyword":"[대한민국]","e_type":"WIKILINK"},{"st":13,"eIdx":1,"ancestor":"-2","en":21,"cwStateCd":"FIXED","ne_type":"ETC","cwSelIdx":[],"type":"ENTITY","keyword":"[제주_여성_신화]","e_type":"NEW"},{"st":45,"eIdx":2,"ancestor":"","en":51,"ne_type":"","keyword":"<대한민국>","e_type":"ELU"},{"st":52,"eIdx":3,"ancestor":"","en":57,"ne_type":"","keyword":"<여신학>","e_type":"ELU"},{"st":80,"eIdx":4,"ancestor":"","en":86,"ne_type":"","keyword":"[김신명숙]","e_type":"WIKILINK"},{"st":88,"eIdx":5,"ancestor":"","en":95,"ne_type":"","keyword":"[서울대학교]","e_type":"WIKILINK"},{"st":138,"eIdx":6,"ancestor":"","en":144,"ne_type":"","keyword":"<대한민국>","e_type":"ELU"},{"st":156,"eIdx":7,"ancestor":"","en":161,"ne_type":"","keyword":"<여신학>","e_type":"ELU"},{"st":201,"eIdx":8,"ancestor":"","en":206,"ne_type":"","keyword":"<여신학>","e_type":"ELU"}],"wikiPageId":1023228,"pIdx":4,"text":"[대한민국] 학자들은 '[제주_여성_신화]'의 원형을 발굴하는 작업 등을 통하여 <대한민국> <여신학>의 흐름을 새롭게 만들어 갔다. 여성학자 [김신명숙]은 [서울대학교] 여성학 협동과정에서 처음 배출한 박사학위 취득자 3명 가운데 한 명으로서, <대한민국> 내에서는 처음으로 '<여신학>'으로 박사학위('서구 여신담론과 관음여신의 대안 가능성')를 받았고, <여신학>을 여성운동 현장에 새롭게 접목하고자 하였다."}