{"result":[{"verbs":[],"text":"클럽 경력."},{"verbs":[{"word_id":4,"ancestor":"-2","verb":"졸업","cwStateCd":"FIXED","cwSelIdx":[]},{"word_id":7,"ancestor":"-2","verb":"입단","cwStateCd":"FIXED","cwSelIdx":[]},{"word_id":13,"ancestor":"-2","verb":"띄","cwStateCd":"FIXED","cwSelIdx":[]},{"word_id":18,"ancestor":"-2","verb":"활약","cwStateCd":"FIXED","cwSelIdx":[]},{"word_id":20,"ancestor":"-2","verb":"얻","cwStateCd":"FIXED","cwSelIdx":[]}],"text":"<발곡초등학교>, <발곡중학교>, [언남고등학교], [한국국제대학교]를 졸업하고 [2010년] [부산_아이파크]에 입단하였고, 입단 이후 [안익수_(축구인)] 감독의 눈에 띄어 [2011년]부터 주로 교체 선수로 활약하며 기회를 얻었다."}],"globalSId":[2838246,2838247],"entities":[{"st":7,"eIdx":0,"ancestor":"","en":15,"ne_type":"","keyword":"<발곡초등학교>","e_type":"ELU"},{"st":17,"eIdx":1,"ancestor":"","en":24,"ne_type":"","keyword":"<발곡중학교>","e_type":"ELU"},{"st":26,"eIdx":2,"ancestor":"","en":34,"ne_type":"","keyword":"[언남고등학교]","e_type":"WIKILINK"},{"st":36,"eIdx":3,"ancestor":"","en":45,"ne_type":"","keyword":"[한국국제대학교]","e_type":"WIKILINK"},{"st":52,"eIdx":4,"ancestor":"-2","en":58,"cwStateCd":"FIXED","ne_type":"TIME","cwSelIdx":[],"type":"ENTITY","keyword":"[2010년]","e_type":"NEW"},{"st":60,"eIdx":5,"ancestor":"","en":69,"ne_type":"","keyword":"[부산_아이파크]","e_type":"WIKILINK"},{"st":84,"eIdx":6,"ancestor":"","en":95,"ne_type":"","keyword":"[안익수_(축구인)]","e_type":"WIKILINK"},{"st":106,"eIdx":7,"ancestor":"-2","en":112,"cwStateCd":"FIXED","ne_type":"TIME","cwSelIdx":[],"type":"ENTITY","keyword":"[2011년]","e_type":"NEW"}],"wikiPageId":812434,"pIdx":2,"text":"클럽 경력. <발곡초등학교>, <발곡중학교>, [언남고등학교], [한국국제대학교]를 졸업하고 [2010년] [부산_아이파크]에 입단하였고, 입단 이후 [안익수_(축구인)] 감독의 눈에 띄어 [2011년]부터 주로 교체 선수로 활약하며 기회를 얻었다."}