{"result":[{"verbs":[{"word_id":15,"ancestor":"-2","verb":"같","cwStateCd":"FIXED","cwSelIdx":[]},{"word_id":17,"ancestor":["13-0"],"verb":"맞이하","cwStateCd":"FIXED","cwSelIdx":0}],"text":"[카지미에시_4세]는 [1454년] [라슬로]의 누이 [엘리자베트]와 결혼했고, 그들의 손자 중 한 명인 [러요시_2세]도 [1526년] [모하치_전투]에서 [브와디스와프_3세]와 같은 운명을 맞이하게 되었다."}],"globalSId":[1590603],"entities":[{"st":0,"eIdx":0,"ancestor":"12-7","en":9,"cwStateCd":"FIXED","ne_type":"PERSON","cwSelIdx":34,"type":"ENTITY","keyword":"[카지미에시_4세]","e_type":"NEW"},{"st":12,"eIdx":1,"ancestor":"-2","en":18,"cwStateCd":"FIXED","ne_type":"TIME","cwSelIdx":[],"type":"ENTITY","keyword":"[1454년]","e_type":"NEW"},{"st":20,"eIdx":2,"ancestor":"-2","en":24,"cwStateCd":"FIXED","ne_type":"PERSON","cwSelIdx":[],"type":"ENTITY","keyword":"[라슬로]","e_type":"NEW"},{"st":30,"eIdx":3,"ancestor":"-2","en":36,"cwStateCd":"FIXED","ne_type":"PERSON","cwSelIdx":[],"type":"ENTITY","keyword":"[엘리자베트]","e_type":"NEW"},{"st":59,"eIdx":4,"ancestor":"","en":67,"ne_type":"","keyword":"[러요시_2세]","e_type":"WIKILINK"},{"st":69,"eIdx":5,"ancestor":"","en":76,"ne_type":"","keyword":"[1526년]","e_type":"WIKILINK"},{"st":77,"eIdx":6,"ancestor":"","en":85,"ne_type":"","keyword":"[모하치_전투]","e_type":"WIKILINK"},{"st":88,"eIdx":7,"ancestor":"10-1","en":98,"cwStateCd":"FIXED","ne_type":"PERSON","cwSelIdx":5,"type":"ENTITY","keyword":"[브와디스와프_3세]","e_type":"NEW"}],"wikiPageId":286874,"pIdx":13,"text":"[카지미에시_4세]는 [1454년] [라슬로]의 누이 [엘리자베트]와 결혼했고, 그들의 손자 중 한 명인 [러요시_2세]도 [1526년] [모하치_전투]에서 [브와디스와프_3세]와 같은 운명을 맞이하게 되었다."}