{"result":[{"verbs":[{"word_id":5,"ancestor":["1-0"],"verb":"위치","cwStateCd":"FIXED","cwSelIdx":0}],"text":"<우타나이_역>()은 [일본] [홋카이도] [나카가와_군] [나카가와_정]에 위치한 [홋카이도_여객철도] [소야_본선]의 [철도역]이다."},{"verbs":[{"word_id":8,"ancestor":["1-0"],"verb":"갖추","cwStateCd":"FIXED","cwSelIdx":0}],"text":"역 번호는 W65이며, 단선 승강장 1면 1선의 구조를 갖춘 지상역이다."}],"globalSId":[3271068,3271069],"entities":[{"st":0,"eIdx":0,"ancestor":"","en":8,"ne_type":"","keyword":"<우타나이_역>","e_type":"ELU"},{"st":12,"eIdx":1,"ancestor":"","en":16,"ne_type":"","keyword":"[일본]","e_type":"WIKILINK"},{"st":17,"eIdx":2,"ancestor":"","en":23,"ne_type":"","keyword":"[홋카이도]","e_type":"WIKILINK"},{"st":24,"eIdx":3,"ancestor":"","en":32,"ne_type":"","keyword":"[나카가와_군]","e_type":"WIKILINK"},{"st":33,"eIdx":4,"ancestor":"","en":41,"ne_type":"","keyword":"[나카가와_정]","e_type":"WIKILINK"},{"st":47,"eIdx":5,"ancestor":"","en":58,"ne_type":"","keyword":"[홋카이도_여객철도]","e_type":"WIKILINK"},{"st":59,"eIdx":6,"ancestor":"","en":66,"ne_type":"","keyword":"[소야_본선]","e_type":"WIKILINK"},{"st":68,"eIdx":7,"ancestor":"","en":73,"ne_type":"","keyword":"[철도역]","e_type":"WIKILINK"}],"wikiPageId":1064170,"pIdx":1,"text":"<우타나이_역>()은 [일본] [홋카이도] [나카가와_군] [나카가와_정]에 위치한 [홋카이도_여객철도] [소야_본선]의 [철도역]이다. 역 번호는 W65이며, 단선 승강장 1면 1선의 구조를 갖춘 지상역이다."}