{"result":[{"verbs":[{"word_id":8,"ancestor":["2-2"],"verb":"작곡","cwStateCd":"FIXED","cwSelIdx":7}],"text":"〈KEY OF HEART〉는 〈[DOUBLE]〉, 〈[QUINCY\/고노요노시루시]〉의 편곡을 담당했던 [h-wonder]가 작곡했다."},{"verbs":[{"word_id":5,"ancestor":"-2","verb":"발매","cwStateCd":"FIXED","cwSelIdx":[]},{"word_id":10,"ancestor":"-2","verb":"수록","cwStateCd":"FIXED","cwSelIdx":[]}],"text":"이 노래는 [2006년] [8월_9일] [일본]에서 발매된 [보아]의 20번째 싱글 [KEY_OF_HEART\/DOTCH]에 수록된 〈KEY OF HEART〉의 번안 곡이다."},{"verbs":[{"word_id":2,"ancestor":"-1","verb":"보","cwStateCd":"FIXED","cwSelIdx":[]},{"word_id":9,"ancestor":"-2","verb":"사용","cwStateCd":"FIXED","cwSelIdx":[]},{"word_id":17,"ancestor":"-2","verb":"발매","cwStateCd":"FIXED","cwSelIdx":[]}],"text":"이 곡은 보아가 출연하는 [올림푸스_그룹] 카메라의 광고에 배경 음악으로 사용되면서 〈KEY OF HEART-Limited Single-〉라는 이름의 디지털 싱글로 발매되었다."},{"verbs":[],"text":"뮤직 비디오는 [슈퍼주니어]의 [동해]와 [임주환]이 보아와 함께 출연했다."},{"verbs":[{"word_id":1,"ancestor":"-1","verb":"번안","cwStateCd":"FIXED","cwSelIdx":[]},{"word_id":11,"ancestor":"-2","verb":"발매","cwStateCd":"FIXED","cwSelIdx":[]},{"word_id":15,"ancestor":"-2","verb":"수록","cwStateCd":"FIXED","cwSelIdx":[]}],"text":"<한국어>로 번안된 〈KEY OF HEART〉는 [2006년] [10월_27일]〈KEY OF HEART\/DOTCH〉가 [한국]에 라이센스반으로 발매될 때 보너스 트랙으로 수록되었다."}],"globalSId":[2842957,2842958,2842959,2842960,2842961],"entities":[{"st":17,"eIdx":0,"ancestor":"","en":25,"ne_type":"","keyword":"[DOUBLE]","e_type":"WIKILINK"},{"st":29,"eIdx":1,"ancestor":"","en":45,"ne_type":"","keyword":"[QUINCY\/고노요노시루시]","e_type":"WIKILINK"},{"st":57,"eIdx":2,"ancestor":"-2","en":66,"cwStateCd":"FIXED","ne_type":"PERSON","cwSelIdx":[],"type":"ENTITY","keyword":"[h-wonder]","e_type":"NEW"},{"st":81,"eIdx":3,"ancestor":"","en":88,"ne_type":"","keyword":"[2006년]","e_type":"WIKILINK"},{"st":89,"eIdx":4,"ancestor":"","en":96,"ne_type":"","keyword":"[8월_9일]","e_type":"WIKILINK"},{"st":97,"eIdx":5,"ancestor":"-2","en":100,"cwStateCd":"FIXED","ne_type":"LOCATION","cwSelIdx":[],"type":"ENTITY","keyword":"[일본]","e_type":"NEW"},{"st":108,"eIdx":6,"ancestor":"","en":112,"ne_type":"","keyword":"[보아]","e_type":"WIKILINK"},{"st":122,"eIdx":7,"ancestor":"","en":142,"ne_type":"","keyword":"[KEY_OF_HEART\/DOTCH]","e_type":"WIKILINK"},{"st":186,"eIdx":8,"ancestor":"","en":195,"ne_type":"","keyword":"[올림푸스_그룹]","e_type":"WIKILINK"},{"st":279,"eIdx":9,"ancestor":"","en":286,"ne_type":"","keyword":"[슈퍼주니어]","e_type":"WIKILINK"},{"st":288,"eIdx":10,"ancestor":"-2","en":291,"cwStateCd":"FIXED","ne_type":"PERSON","cwSelIdx":[],"type":"ENTITY","keyword":"[동해]","e_type":"NEW"},{"st":294,"eIdx":11,"ancestor":"","en":299,"ne_type":"","keyword":"[임주환]","e_type":"WIKILINK"},{"st":314,"eIdx":12,"ancestor":"","en":319,"ne_type":"","keyword":"<한국어>","e_type":"ELU"},{"st":341,"eIdx":13,"ancestor":"","en":348,"ne_type":"","keyword":"[2006년]","e_type":"WIKILINK"},{"st":349,"eIdx":14,"ancestor":"","en":358,"ne_type":"","keyword":"[10월_27일]","e_type":"WIKILINK"},{"st":380,"eIdx":15,"ancestor":"-2","en":383,"cwStateCd":"FIXED","ne_type":"LOCATION","cwSelIdx":[],"type":"ENTITY","keyword":"[한국]","e_type":"NEW"}],"wikiPageId":815566,"pIdx":2,"text":"〈KEY OF HEART〉는 〈[DOUBLE]〉, 〈[QUINCY\/고노요노시루시]〉의 편곡을 담당했던 [h-wonder]가 작곡했다. 이 노래는 [2006년] [8월_9일] [일본]에서 발매된 [보아]의 20번째 싱글 [KEY_OF_HEART\/DOTCH]에 수록된 〈KEY OF HEART〉의 번안 곡이다. 이 곡은 보아가 출연하는 [올림푸스_그룹] 카메라의 광고에 배경 음악으로 사용되면서 〈KEY OF HEART-Limited Single-〉라는 이름의 디지털 싱글로 발매되었다. 뮤직 비디오는 [슈퍼주니어]의 [동해]와 [임주환]이 보아와 함께 출연했다. <한국어>로 번안된 〈KEY OF HEART〉는 [2006년] [10월_27일]〈KEY OF HEART\/DOTCH〉가 [한국]에 라이센스반으로 발매될 때 보너스 트랙으로 수록되었다."}