{"result":[{"verbs":[{"word_id":4,"ancestor":["1-0"],"verb":"위치","cwStateCd":"FIXED","cwSelIdx":0}],"text":"<카날레몬테라노>()는 [이탈리아] [라치오_주] [로마_현]에 위치한 <코무네>다."},{"verbs":[{"word_id":4,"ancestor":["1-0"],"verb":"있","cwStateCd":"FIXED","cwSelIdx":0}],"text":"[로마]로부터 북서쪽 40km 거리에 있다."}],"globalSId":[3241883,3241884],"entities":[{"st":0,"eIdx":0,"ancestor":"","en":9,"ne_type":"","keyword":"<카날레몬테라노>","e_type":"ELU"},{"st":13,"eIdx":1,"ancestor":"","en":19,"ne_type":"","keyword":"[이탈리아]","e_type":"WIKILINK"},{"st":20,"eIdx":2,"ancestor":"","en":27,"ne_type":"","keyword":"[라치오_주]","e_type":"WIKILINK"},{"st":28,"eIdx":3,"ancestor":"","en":34,"ne_type":"","keyword":"[로마_현]","e_type":"WIKILINK"},{"st":40,"eIdx":4,"ancestor":"","en":45,"ne_type":"","keyword":"<코무네>","e_type":"ELU"},{"st":48,"eIdx":5,"ancestor":"","en":52,"ne_type":"","keyword":"[로마]","e_type":"WIKILINK"}],"wikiPageId":1042000,"pIdx":1,"text":"<카날레몬테라노>()는 [이탈리아] [라치오_주] [로마_현]에 위치한 <코무네>다. [로마]로부터 북서쪽 40km 거리에 있다."}