{"result":[{"verbs":[{"word_id":4,"ancestor":["1-0"],"verb":"위치","cwStateCd":"FIXED","cwSelIdx":0}],"text":"<모스쿠포>()는 [이탈리아] [아브루초_주] [페스카라_현]에 위치한 코무네다."}],"globalSId":[3287739],"entities":[{"st":0,"eIdx":0,"ancestor":"","en":6,"ne_type":"","keyword":"<모스쿠포>","e_type":"ELU"},{"st":10,"eIdx":1,"ancestor":"","en":16,"ne_type":"","keyword":"[이탈리아]","e_type":"WIKILINK"},{"st":17,"eIdx":2,"ancestor":"","en":25,"ne_type":"","keyword":"[아브루초_주]","e_type":"WIKILINK"},{"st":26,"eIdx":3,"ancestor":"","en":34,"ne_type":"","keyword":"[페스카라_현]","e_type":"WIKILINK"}],"wikiPageId":1076627,"pIdx":1,"text":"<모스쿠포>()는 [이탈리아] [아브루초_주] [페스카라_현]에 위치한 코무네다."}