{"result":[{"verbs":[],"text":"클럽 경력."},{"verbs":[{"word_id":1,"ancestor":"-2","verb":"통하","cwStateCd":"FIXED","cwSelIdx":[]},{"word_id":3,"ancestor":"-2","verb":"입단","cwStateCd":"FIXED","cwSelIdx":[]}],"text":"[2010_K리그_드래프트]를 통해 [수원_삼성_블루윙즈]에 입단했다."},{"verbs":[{"word_id":5,"ancestor":"-2","verb":"활약","cwStateCd":"FIXED","cwSelIdx":[]}],"text":"그후 [2011년] [내셔널리그_(대한민국)] [김해시청_축구단]과 [부산교통공사_축구단]에서 활약하였다."}],"globalSId":[2222743,2222744,2222745],"entities":[{"st":7,"eIdx":0,"ancestor":"","en":22,"ne_type":"","keyword":"[2010_K리그_드래프트]","e_type":"WIKILINK"},{"st":27,"eIdx":1,"ancestor":"","en":39,"ne_type":"","keyword":"[수원_삼성_블루윙즈]","e_type":"WIKILINK"},{"st":50,"eIdx":2,"ancestor":"-2","en":56,"cwStateCd":"FIXED","ne_type":"TIME","cwSelIdx":[],"type":"ENTITY","keyword":"[2011년]","e_type":"NEW"},{"st":58,"eIdx":3,"ancestor":"","en":72,"ne_type":"","keyword":"[내셔널리그_(대한민국)]","e_type":"WIKILINK"},{"st":73,"eIdx":4,"ancestor":"","en":83,"ne_type":"","keyword":"[김해시청_축구단]","e_type":"WIKILINK"},{"st":85,"eIdx":5,"ancestor":"","en":97,"ne_type":"","keyword":"[부산교통공사_축구단]","e_type":"WIKILINK"}],"wikiPageId":517415,"pIdx":2,"text":"클럽 경력. [2010_K리그_드래프트]를 통해 [수원_삼성_블루윙즈]에 입단했다. 그후 [2011년] [내셔널리그_(대한민국)] [김해시청_축구단]과 [부산교통공사_축구단]에서 활약하였다."}