{"result":[{"verbs":[{"word_id":6,"ancestor":"-1","verb":"크","cwStateCd":"FIXED","cwSelIdx":[]},{"word_id":8,"ancestor":["1-0"],"verb":"위치","cwStateCd":"FIXED","cwSelIdx":0}],"text":"<케르만>(, )은 [이란]의 도시로, [케르만_주]의 주도이며 큰 평원에 위치한다."},{"verbs":[{"word_id":6,"ancestor":["1-0"],"verb":"떨어지","cwStateCd":"FIXED","cwSelIdx":0},{"word_id":8,"ancestor":["1-0"],"verb":"위치","cwStateCd":"FIXED","cwSelIdx":0}],"text":"[이란]의 수도 [테헤란]에서 남쪽으로 1,076km 정도 떨어진 곳에 위치하며 인구는 533,799명([2005년] 기준)이다."}],"globalSId":[1171610,1171611],"entities":[{"st":0,"eIdx":0,"ancestor":"","en":5,"ne_type":"","keyword":"<케르만>","e_type":"ELU"},{"st":11,"eIdx":1,"ancestor":"","en":15,"ne_type":"","keyword":"[이란]","e_type":"WIKILINK"},{"st":22,"eIdx":2,"ancestor":"","en":29,"ne_type":"","keyword":"[케르만_주]","e_type":"WIKILINK"},{"st":48,"eIdx":3,"ancestor":"","en":52,"ne_type":"","keyword":"[이란]","e_type":"WIKILINK"},{"st":57,"eIdx":4,"ancestor":"","en":62,"ne_type":"","keyword":"[테헤란]","e_type":"WIKILINK"},{"st":106,"eIdx":5,"ancestor":"-2","en":103,"cwStateCd":"FIXED","ne_type":"TIME","cwSelIdx":[],"type":"ENTITY","keyword":"[2005년]","e_type":"NEW"}],"wikiPageId":180453,"pIdx":1,"text":"<케르만>(, )은 [이란]의 도시로, [케르만_주]의 주도이며 큰 평원에 위치한다. [이란]의 수도 [테헤란]에서 남쪽으로 1,076km 정도 떨어진 곳에 위치하며 인구는 533,799명([2005년] 기준)이다."}