{"result":[{"verbs":[],"text":"[가쓰라기](葛城, )는 [일본_제국_해군]의 [항공모함]이다."},{"verbs":[{"word_id":3,"ancestor":"-2","verb":"계획","cwStateCd":"FIXED","cwSelIdx":[]},{"word_id":6,"ancestor":"-2","verb":"번하","cwStateCd":"FIXED","cwSelIdx":[]},{"word_id":8,"ancestor":["1-5"],"verb":"건조","cwStateCd":"FIXED","cwSelIdx":11},{"word_id":12,"ancestor":["1-5"],"verb":"완성","cwStateCd":"FIXED","cwSelIdx":11}],"text":"[제2차_세계대전] 말기에 양산이 계획된 운류급 [항공모함]의 3번함으로, [일본_제국_해군]이 건조한 [항공모함] 중(안)에서 마지막에 완성한 [항공모함]이었다."},{"verbs":[{"word_id":2,"ancestor":"-2","verb":"있","cwStateCd":"FIXED","cwSelIdx":[]},{"word_id":4,"ancestor":"-2","verb":"기념","cwStateCd":"FIXED","cwSelIdx":[]},{"word_id":5,"ancestor":["1-0"],"verb":"명명","cwStateCd":"FIXED","cwSelIdx":0}],"text":"함명은 [나라_현]에 있는 [가쓰라기_산](葛城山)을 기념하여 명명되었다."},{"verbs":[{"word_id":2,"ancestor":"-2","verb":"잇","cwStateCd":"FIXED","cwSelIdx":[]}],"text":"함명은 [카츠라기](스르프)에 이어 2대 째이다."}],"globalSId":[2289763,2289764,2289765,2289766],"entities":[{"st":0,"eIdx":0,"ancestor":"-2","en":5,"cwStateCd":"FIXED","ne_type":"LOCATION","cwSelIdx":[],"type":"ENTITY","keyword":"[가쓰라기]","e_type":"NEW"},{"st":14,"eIdx":1,"ancestor":"","en":24,"ne_type":"","keyword":"[일본_제국_해군]","e_type":"WIKILINK"},{"st":26,"eIdx":2,"ancestor":"","en":32,"ne_type":"","keyword":"[항공모함]","e_type":"WIKILINK"},{"st":36,"eIdx":3,"ancestor":"","en":46,"ne_type":"","keyword":"[제2차_세계대전]","e_type":"WIKILINK"},{"st":63,"eIdx":4,"ancestor":"","en":69,"ne_type":"","keyword":"[항공모함]","e_type":"WIKILINK"},{"st":78,"eIdx":5,"ancestor":"","en":88,"ne_type":"","keyword":"[일본_제국_해군]","e_type":"WIKILINK"},{"st":94,"eIdx":6,"ancestor":"","en":100,"ne_type":"","keyword":"[항공모함]","e_type":"WIKILINK"},{"st":117,"eIdx":7,"ancestor":"","en":123,"ne_type":"","keyword":"[항공모함]","e_type":"WIKILINK"},{"st":132,"eIdx":8,"ancestor":"-2","en":137,"cwStateCd":"FIXED","ne_type":"LOCATION","cwSelIdx":[],"type":"ENTITY","keyword":"[나라_현]","e_type":"NEW"},{"st":143,"eIdx":9,"ancestor":"","en":151,"ne_type":"","keyword":"[가쓰라기_산]","e_type":"WIKILINK"},{"st":174,"eIdx":10,"ancestor":"-2","en":179,"cwStateCd":"FIXED","ne_type":"LOCATION","cwSelIdx":[],"type":"ENTITY","keyword":"[카츠라기]","e_type":"NEW"}],"wikiPageId":552120,"pIdx":1,"text":"[가쓰라기](葛城, )는 [일본_제국_해군]의 [항공모함]이다. [제2차_세계대전] 말기에 양산이 계획된 운류급 [항공모함]의 3번함으로, [일본_제국_해군]이 건조한 [항공모함] 중(안)에서 마지막에 완성한 [항공모함]이었다. 함명은 [나라_현]에 있는 [가쓰라기_산](葛城山)을 기념하여 명명되었다. 함명은 [카츠라기](스르프)에 이어 2대 째이다."}