{"result":[{"verbs":[{"word_id":8,"ancestor":["1-0"],"verb":"발매","cwStateCd":"FIXED","cwSelIdx":0}],"text":"〈[유성_미라클]〉()는 [이키모노가카리]의 네 번째 [싱글_(음악)]로 [2006년] [12월_6일]에 [에픽_레코드_재팬]에서 발매됐다."}],"globalSId":[3598277],"entities":[{"st":1,"eIdx":0,"ancestor":"-2","en":7,"cwStateCd":"FIXED","ne_type":"ETC","cwSelIdx":[],"type":"ENTITY","keyword":"[유성_미라클]","e_type":"NEW"},{"st":14,"eIdx":1,"ancestor":"","en":23,"ne_type":"","keyword":"[이키모노가카리]","e_type":"WIKILINK"},{"st":30,"eIdx":2,"ancestor":"","en":39,"ne_type":"","keyword":"[싱글_(음악)]","e_type":"WIKILINK"},{"st":41,"eIdx":3,"ancestor":"","en":48,"ne_type":"","keyword":"[2006년]","e_type":"WIKILINK"},{"st":49,"eIdx":4,"ancestor":"","en":57,"ne_type":"","keyword":"[12월_6일]","e_type":"WIKILINK"},{"st":59,"eIdx":5,"ancestor":"","en":70,"ne_type":"","keyword":"[에픽_레코드_재팬]","e_type":"WIKILINK"}],"wikiPageId":1331232,"pIdx":1,"text":"〈[유성_미라클]〉()는 [이키모노가카리]의 네 번째 [싱글_(음악)]로 [2006년] [12월_6일]에 [에픽_레코드_재팬]에서 발매됐다."}