{"result":[{"verbs":[{"word_id":4,"ancestor":["1-0"],"verb":"개최","cwStateCd":"FIXED","cwSelIdx":0},{"word_id":6,"ancestor":["1-1"],"verb":"참가","cwStateCd":"FIXED","cwSelIdx":1}],"text":"[1996년_하계_올림픽] [아루바_선수단]은 [미국] [애틀랜타]에서 개최된 [1996년_하계_올림픽]에 참가한 [올림픽_아루바_선수단]이다."}],"globalSId":[2603500],"entities":[{"st":0,"eIdx":0,"ancestor":"-2","en":13,"cwStateCd":"FIXED","ne_type":"ETC","cwSelIdx":[],"type":"ENTITY","keyword":"[1996년_하계_올림픽]","e_type":"NEW"},{"st":15,"eIdx":1,"ancestor":"-2","en":23,"cwStateCd":"FIXED","ne_type":"ETC","cwSelIdx":[],"type":"ENTITY","keyword":"[아루바_선수단]","e_type":"NEW"},{"st":26,"eIdx":2,"ancestor":"","en":30,"ne_type":"","keyword":"[미국]","e_type":"WIKILINK"},{"st":31,"eIdx":3,"ancestor":"","en":37,"ne_type":"","keyword":"[애틀랜타]","e_type":"WIKILINK"},{"st":44,"eIdx":4,"ancestor":"","en":58,"ne_type":"","keyword":"[1996년_하계_올림픽]","e_type":"WIKILINK"},{"st":64,"eIdx":5,"ancestor":"","en":77,"ne_type":"","keyword":"[올림픽_아루바_선수단]","e_type":"WIKILINK"}],"wikiPageId":697288,"pIdx":1,"text":"[1996년_하계_올림픽] [아루바_선수단]은 [미국] [애틀랜타]에서 개최된 [1996년_하계_올림픽]에 참가한 [올림픽_아루바_선수단]이다."}