{"result":[{"verbs":[{"word_id":5,"ancestor":["1-0"],"verb":"위치","cwStateCd":"FIXED","cwSelIdx":0}],"text":"<내토역>(內土驛)은 [조선민주주의인민공화국] [황해남도] [재령군] [석탄리]에 위치한 [황해선]의 [철도역]이었다."}],"globalSId":[3325094],"entities":[{"st":0,"eIdx":0,"ancestor":"","en":5,"ne_type":"","keyword":"<내토역>","e_type":"ELU"},{"st":12,"eIdx":1,"ancestor":"","en":25,"ne_type":"","keyword":"[조선민주주의인민공화국]","e_type":"WIKILINK"},{"st":26,"eIdx":2,"ancestor":"","en":32,"ne_type":"","keyword":"[황해남도]","e_type":"WIKILINK"},{"st":33,"eIdx":3,"ancestor":"","en":38,"ne_type":"","keyword":"[재령군]","e_type":"WIKILINK"},{"st":39,"eIdx":4,"ancestor":"-2","en":43,"cwStateCd":"FIXED","ne_type":"LOCATION","cwSelIdx":[],"type":"ENTITY","keyword":"[석탄리]","e_type":"NEW"},{"st":50,"eIdx":5,"ancestor":"","en":55,"ne_type":"","keyword":"[황해선]","e_type":"WIKILINK"},{"st":57,"eIdx":6,"ancestor":"","en":62,"ne_type":"","keyword":"[철도역]","e_type":"WIKILINK"}],"wikiPageId":1099970,"pIdx":1,"text":"<내토역>(內土驛)은 [조선민주주의인민공화국] [황해남도] [재령군] [석탄리]에 위치한 [황해선]의 [철도역]이었다."}