{"result":[{"verbs":[{"word_id":2,"ancestor":"-2","verb":"철저","cwStateCd":"FIXED","cwSelIdx":[]},{"word_id":5,"ancestor":"-2","verb":"외치","cwStateCd":"FIXED","cwSelIdx":[]},{"word_id":9,"ancestor":"-2","verb":"비롯하","cwStateCd":"FIXED","cwSelIdx":[]},{"word_id":13,"ancestor":"-2","verb":"의하","cwStateCd":"FIXED","cwSelIdx":[]},{"word_id":17,"ancestor":"-2","verb":"대두","cwStateCd":"FIXED","cwSelIdx":[]},{"word_id":20,"ancestor":"-2","verb":"빚","cwStateCd":"FIXED","cwSelIdx":[]},{"word_id":27,"ancestor":["6-8"],"verb":"바뀌","cwStateCd":"FIXED","cwSelIdx":21}],"text":"[1980년]대 이전까지는 철저하게 [반중화인민공화국], [반공주의]를 외쳤으나, 민주화 이후부터는 [민주진보당]을 비롯한 [타이완] 내 [진보주의]자들에 의해 [타이완] 독립 문제가 대두되면서 [중화인민공화국]과 마찰을 빚자, [국민당]은 이전과 달리 친중적인 성향으로 크게 바뀌었다."}],"globalSId":[212057],"entities":[{"st":0,"eIdx":0,"ancestor":"-2","en":6,"cwStateCd":"FIXED","ne_type":"TIME","cwSelIdx":[],"type":"ENTITY","keyword":"[1980년]","e_type":"NEW"},{"st":20,"eIdx":1,"ancestor":"-2","en":29,"cwStateCd":"FIXED","ne_type":"ORGANIZATION","cwSelIdx":[],"type":"ENTITY","keyword":"[반중화인민공화국]","e_type":"NEW"},{"st":32,"eIdx":2,"ancestor":"-2","en":37,"cwStateCd":"FIXED","ne_type":"ETC","cwSelIdx":[],"type":"ENTITY","keyword":"[반공주의]","e_type":"NEW"},{"st":56,"eIdx":3,"ancestor":"","en":63,"ne_type":"","keyword":"[민주진보당]","e_type":"WIKILINK"},{"st":69,"eIdx":4,"ancestor":"-2","en":73,"cwStateCd":"FIXED","ne_type":"LOCATION","cwSelIdx":[],"type":"ENTITY","keyword":"[타이완]","e_type":"NEW"},{"st":77,"eIdx":5,"ancestor":"","en":83,"ne_type":"","keyword":"[진보주의]","e_type":"WIKILINK"},{"st":90,"eIdx":6,"ancestor":"6-4","en":94,"cwStateCd":"FIXED","ne_type":"LOCATION","cwSelIdx":10,"type":"ENTITY","keyword":"[타이완]","e_type":"NEW"},{"st":109,"eIdx":7,"ancestor":"","en":118,"ne_type":"","keyword":"[중화인민공화국]","e_type":"WIKILINK"},{"st":128,"eIdx":8,"ancestor":"5-8","en":132,"cwStateCd":"FIXED","ne_type":"ORGANIZATION","cwSelIdx":11,"type":"ENTITY","keyword":"[국민당]","e_type":"NEW"}],"wikiPageId":14097,"pIdx":6,"text":"[1980년]대 이전까지는 철저하게 [반중화인민공화국], [반공주의]를 외쳤으나, 민주화 이후부터는 [민주진보당]을 비롯한 [타이완] 내 [진보주의]자들에 의해 [타이완] 독립 문제가 대두되면서 [중화인민공화국]과 마찰을 빚자, [국민당]은 이전과 달리 친중적인 성향으로 크게 바뀌었다."}