{"result":[{"verbs":[],"text":"생애."},{"verbs":[{"word_id":3,"ancestor":"-2","verb":"데뷔","cwStateCd":"FIXED","cwSelIdx":[]}],"text":"[1980년] 연극배우 첫 데뷔하였으며 이듬해 [1981년] 뮤지컬배우 데뷔한 그는 1년 후 [국민대학교] 3학년에 재학 중이던 [1982년] [문화방송] 16기 공채 탤런트로 정식 데뷔하였다."},{"verbs":[{"word_id":6,"ancestor":"-2","verb":"사라지","cwStateCd":"FIXED","cwSelIdx":[]},{"word_id":7,"ancestor":"-2","verb":"되","cwStateCd":"FIXED","cwSelIdx":[]},{"word_id":13,"ancestor":"-2","verb":"얻","cwStateCd":"FIXED","cwSelIdx":[]},{"word_id":17,"ancestor":"-2","verb":"승격","cwStateCd":"FIXED","cwSelIdx":[]},{"word_id":19,"ancestor":"-2","verb":"출연","cwStateCd":"FIXED","cwSelIdx":[]}],"text":"[1986년] [MBC] 드라마 《[첫사랑_(1986년_드라마)]》에서 4,5회 쯤에 사라지기로 되어 있었던 단역이었으나, 점점 시청자들의 호응을 얻어 주인공 [황신혜]의 상대역으로 승격되어 종반까지 출연하였다."},{"verbs":[{"word_id":13,"ancestor":"-1","verb":"많","cwStateCd":"FIXED","cwSelIdx":[]}],"text":"이 드라마에서의 인기를 발판으로 청춘스타로 자리매김한 그는 [1987년] 이후 《[순심이]》, 《[야망의_세월]》, 《[달빛_가족]》, 《[연인_(1993년_드라마)]》등 많은 멜로드라마의 주인공으로 활약했다."}],"globalSId":[1147696,1147697,1147698,1147699],"entities":[{"st":4,"eIdx":0,"ancestor":"-2","en":10,"cwStateCd":"FIXED","ne_type":"TIME","cwSelIdx":[],"type":"ENTITY","keyword":"[1980년]","e_type":"NEW"},{"st":30,"eIdx":1,"ancestor":"-2","en":36,"cwStateCd":"FIXED","ne_type":"TIME","cwSelIdx":[],"type":"ENTITY","keyword":"[1981년]","e_type":"NEW"},{"st":56,"eIdx":2,"ancestor":"","en":63,"ne_type":"","keyword":"[국민대학교]","e_type":"WIKILINK"},{"st":76,"eIdx":3,"ancestor":"","en":83,"ne_type":"","keyword":"[1982년]","e_type":"WIKILINK"},{"st":84,"eIdx":4,"ancestor":"","en":90,"ne_type":"","keyword":"[문화방송]","e_type":"WIKILINK"},{"st":113,"eIdx":5,"ancestor":"","en":120,"ne_type":"","keyword":"[1986년]","e_type":"WIKILINK"},{"st":121,"eIdx":6,"ancestor":"","en":126,"ne_type":"","keyword":"[MBC]","e_type":"WIKILINK"},{"st":132,"eIdx":7,"ancestor":"","en":149,"ne_type":"","keyword":"[첫사랑_(1986년_드라마)]","e_type":"WIKILINK"},{"st":202,"eIdx":8,"ancestor":"","en":207,"ne_type":"","keyword":"[황신혜]","e_type":"WIKILINK"},{"st":265,"eIdx":9,"ancestor":"","en":272,"ne_type":"","keyword":"[1987년]","e_type":"WIKILINK"},{"st":277,"eIdx":10,"ancestor":"","en":282,"ne_type":"","keyword":"[순심이]","e_type":"WIKILINK"},{"st":286,"eIdx":11,"ancestor":"","en":294,"ne_type":"","keyword":"[야망의_세월]","e_type":"WIKILINK"},{"st":298,"eIdx":12,"ancestor":"","en":305,"ne_type":"","keyword":"[달빛_가족]","e_type":"WIKILINK"},{"st":309,"eIdx":13,"ancestor":"","en":325,"ne_type":"","keyword":"[연인_(1993년_드라마)]","e_type":"WIKILINK"}],"wikiPageId":175014,"pIdx":2,"text":"생애. [1980년] 연극배우 첫 데뷔하였으며 이듬해 [1981년] 뮤지컬배우 데뷔한 그는 1년 후 [국민대학교] 3학년에 재학 중이던 [1982년] [문화방송] 16기 공채 탤런트로 정식 데뷔하였다. [1986년] [MBC] 드라마 《[첫사랑_(1986년_드라마)]》에서 4,5회 쯤에 사라지기로 되어 있었던 단역이었으나, 점점 시청자들의 호응을 얻어 주인공 [황신혜]의 상대역으로 승격되어 종반까지 출연하였다. 이 드라마에서의 인기를 발판으로 청춘스타로 자리매김한 그는 [1987년] 이후 《[순심이]》, 《[야망의_세월]》, 《[달빛_가족]》, 《[연인_(1993년_드라마)]》등 많은 멜로드라마의 주인공으로 활약했다."}