{"result":[{"verbs":[],"text":"보복 공격 계획."},{"verbs":[{"word_id":7,"ancestor":["41-1"],"verb":"출간","cwStateCd":"FIXED","cwSelIdx":6},{"word_id":16,"ancestor":"-2","verb":"포함","cwStateCd":"FIXED","cwSelIdx":[]},{"word_id":17,"ancestor":"-2","verb":"과도","cwStateCd":"FIXED","cwSelIdx":[]},{"word_id":22,"ancestor":["41-6"],"verb":"계획","cwStateCd":"FIXED","cwSelIdx":15}],"text":"[미국] 국방장관을 지낸 [로버트_게이츠]는 [2014년] [1월] [14일] 출간한 회고록 <임무(DUTY)>에서, 포격 당시 <대한민국_정부>는 공중 공격과 포격이 포함된 과도하게 공격적인 수준의 보복 공격을 계획하였다고 밝혔다."},{"verbs":[{"word_id":13,"ancestor":"-2","verb":"걸치","cwStateCd":"FIXED","cwSelIdx":[]}],"text":"이에 [미국] 정부는 확전을 우려해 [버락_오바마] 대통령과 [힐러리_클린턴] 국무장관, [마이크_멀린] 합참의장과 자신까지 며칠에 걸쳐 [이명박] 대통령을 설득했다고 밝혔다."},{"verbs":[{"word_id":8,"ancestor":["41-12"],"verb":"실시","cwStateCd":"FIXED","cwSelIdx":46},{"word_id":12,"ancestor":"-2","verb":"철회","cwStateCd":"FIXED","cwSelIdx":[]},{"word_id":13,"ancestor":["41-12"],"verb":"시사","cwStateCd":"FIXED","cwSelIdx":46}],"text":"이후 <대한민국_정부>는 한·미가 핵항모 [조지_워싱턴호]가 참가하는 서해 연합훈련 실시하는 것을 조건으로 보복계획이 철회됐음을 시사했다."}],"globalSId":[2319993,2319994,2319995,2319996],"entities":[{"st":10,"eIdx":0,"ancestor":"-2","en":13,"cwStateCd":"FIXED","ne_type":"ORGANIZATION","cwSelIdx":[],"type":"ENTITY","keyword":"[미국]","e_type":"NEW"},{"st":24,"eIdx":1,"ancestor":"","en":33,"ne_type":"","keyword":"[로버트_게이츠]","e_type":"WIKILINK"},{"st":35,"eIdx":2,"ancestor":"-2","en":41,"cwStateCd":"FIXED","ne_type":"TIME","cwSelIdx":[],"type":"ENTITY","keyword":"[2014년]","e_type":"NEW"},{"st":43,"eIdx":3,"ancestor":"-2","en":46,"cwStateCd":"FIXED","ne_type":"TIME","cwSelIdx":[],"type":"ENTITY","keyword":"[1월]","e_type":"NEW"},{"st":48,"eIdx":4,"ancestor":"-2","en":52,"cwStateCd":"FIXED","ne_type":"TIME","cwSelIdx":[],"type":"ENTITY","keyword":"[14일]","e_type":"NEW"},{"st":62,"eIdx":5,"ancestor":"","en":72,"ne_type":"","keyword":"<임무(DUTY)>","e_type":"ELU"},{"st":82,"eIdx":6,"ancestor":"","en":91,"ne_type":"","keyword":"<대한민국_정부>","e_type":"ELU"},{"st":144,"eIdx":7,"ancestor":"","en":148,"ne_type":"","keyword":"[미국]","e_type":"WIKILINK"},{"st":161,"eIdx":8,"ancestor":"","en":169,"ne_type":"","keyword":"[버락_오바마]","e_type":"WIKILINK"},{"st":175,"eIdx":9,"ancestor":"","en":184,"ne_type":"","keyword":"[힐러리_클린턴]","e_type":"WIKILINK"},{"st":191,"eIdx":10,"ancestor":"","en":199,"ne_type":"","keyword":"[마이크_멀린]","e_type":"WIKILINK"},{"st":218,"eIdx":11,"ancestor":"","en":223,"ne_type":"","keyword":"[이명박]","e_type":"WIKILINK"},{"st":243,"eIdx":12,"ancestor":"","en":252,"ne_type":"","keyword":"<대한민국_정부>","e_type":"ELU"},{"st":263,"eIdx":13,"ancestor":"-2","en":271,"cwStateCd":"FIXED","ne_type":"ETC","cwSelIdx":[],"type":"ENTITY","keyword":"[조지_워싱턴호]","e_type":"NEW"}],"wikiPageId":566225,"pIdx":41,"text":"보복 공격 계획. [미국] 국방장관을 지낸 [로버트_게이츠]는 [2014년] [1월] [14일] 출간한 회고록 <임무(DUTY)>에서, 포격 당시 <대한민국_정부>는 공중 공격과 포격이 포함된 과도하게 공격적인 수준의 보복 공격을 계획하였다고 밝혔다. 이에 [미국] 정부는 확전을 우려해 [버락_오바마] 대통령과 [힐러리_클린턴] 국무장관, [마이크_멀린] 합참의장과 자신까지 며칠에 걸쳐 [이명박] 대통령을 설득했다고 밝혔다. 이후 <대한민국_정부>는 한·미가 핵항모 [조지_워싱턴호]가 참가하는 서해 연합훈련 실시하는 것을 조건으로 보복계획이 철회됐음을 시사했다."}