{"result":[{"verbs":[],"text":"제창."},{"verbs":[{"word_id":6,"ancestor":"-2","verb":"말","cwStateCd":"FIXED","cwSelIdx":[]},{"word_id":9,"ancestor":"-1","verb":"관","cwStateCd":"FIXED","cwSelIdx":[]},{"word_id":11,"ancestor":["2-1"],"verb":"제창","cwStateCd":"FIXED","cwSelIdx":2}],"text":"[1956년]에 [마리야_김부타스]는 [고고학]과 [언어학]을 결합하여, [인도유럽조어]를 말하는 사람들의 기원에 관하여 [쿠르간_가설]을 제창하였다."},{"verbs":[{"word_id":9,"ancestor":["2-6"],"verb":"조사","cwStateCd":"FIXED","cwSelIdx":13},{"word_id":13,"ancestor":["2-6"],"verb":"부르","cwStateCd":"FIXED","cwSelIdx":13},{"word_id":18,"ancestor":"-1","verb":"퍼지","cwStateCd":"FIXED","cwSelIdx":[]},{"word_id":20,"ancestor":["2-6"],"verb":"밝혀내","cwStateCd":"FIXED","cwSelIdx":13}],"text":"[김부타스]는 [러시아] 남부의 <쿠르간>(Kurgan, )이라는 수반 분묘를 가진 문화를 조사하여 이를 \"쿠르간 문화\"라고 부르고, 쿠르간형의 분구묘가 [유럽·중앙아시아] 전역에 퍼졌다는 사실을 밝혀냈다."}],"globalSId":[3770013,3770014,3770015],"entities":[{"st":4,"eIdx":0,"ancestor":"-2","en":10,"cwStateCd":"FIXED","ne_type":"TIME","cwSelIdx":[],"type":"ENTITY","keyword":"[1956년]","e_type":"NEW"},{"st":13,"eIdx":1,"ancestor":"","en":23,"ne_type":"","keyword":"[마리야_김부타스]","e_type":"WIKILINK"},{"st":25,"eIdx":2,"ancestor":"","en":30,"ne_type":"","keyword":"[고고학]","e_type":"WIKILINK"},{"st":32,"eIdx":3,"ancestor":"","en":37,"ne_type":"","keyword":"[언어학]","e_type":"WIKILINK"},{"st":45,"eIdx":4,"ancestor":"","en":53,"ne_type":"","keyword":"[인도유럽조어]","e_type":"WIKILINK"},{"st":72,"eIdx":5,"ancestor":"-2","en":79,"cwStateCd":"FIXED","ne_type":"ETC","cwSelIdx":[],"type":"ENTITY","keyword":"[쿠르간_가설]","e_type":"NEW"},{"st":89,"eIdx":6,"ancestor":"2-1","en":94,"cwStateCd":"FIXED","ne_type":"PERSON","cwSelIdx":2,"type":"ENTITY","keyword":"[김부타스]","e_type":"NEW"},{"st":97,"eIdx":7,"ancestor":"-2","en":101,"cwStateCd":"FIXED","ne_type":"LOCATION","cwSelIdx":[],"type":"ENTITY","keyword":"[러시아]","e_type":"NEW"},{"st":107,"eIdx":8,"ancestor":"","en":112,"ne_type":"","keyword":"<쿠르간>","e_type":"ELU"},{"st":175,"eIdx":9,"ancestor":"-2","en":184,"cwStateCd":"FIXED","ne_type":"LOCATION","cwSelIdx":[],"type":"ENTITY","keyword":"[유럽·중앙아시아]","e_type":"NEW"}],"wikiPageId":1486647,"pIdx":2,"text":"제창. [1956년]에 [마리야_김부타스]는 [고고학]과 [언어학]을 결합하여, [인도유럽조어]를 말하는 사람들의 기원에 관하여 [쿠르간_가설]을 제창하였다. [김부타스]는 [러시아] 남부의 <쿠르간>(Kurgan, )이라는 수반 분묘를 가진 문화를 조사하여 이를 \"쿠르간 문화\"라고 부르고, 쿠르간형의 분구묘가 [유럽·중앙아시아] 전역에 퍼졌다는 사실을 밝혀냈다."}