{"result":[{"verbs":[{"word_id":7,"ancestor":["1-0"],"verb":"위치","cwStateCd":"FIXED","cwSelIdx":0},{"word_id":12,"ancestor":["1-0"],"verb":"개교","cwStateCd":"FIXED","cwSelIdx":0}],"text":"<강남대학교>(江南大學校, )는 [대한민국] [경기도] [용인시] [기흥구] [구갈동]에 위치한 [사립_대학]으로, [1946년] [경천애인]의 창학이념으로 개교하였다."},{"verbs":[{"word_id":8,"ancestor":"-1","verb":"위하","cwStateCd":"FIXED","cwSelIdx":[]},{"word_id":11,"ancestor":["1-0"],"verb":"특성","cwStateCd":"FIXED","cwSelIdx":0}],"text":"특성 및 계획 직업 지향 교육 대학으로 나아가기 위하여 각 대학·학부·학과·전공별로 특성화하고 있다."},{"verbs":[{"word_id":3,"ancestor":["1-0"],"verb":"운영","cwStateCd":"FIXED","cwSelIdx":0},{"word_id":11,"ancestor":["1-0"],"verb":"시행","cwStateCd":"FIXED","cwSelIdx":0}],"text":"[특성화_추진위원회] 및 [특성화_추진_평가위원회]를 운영하고, 인성교육 및 실무 교육 인증제와 겸임 교수제를 시행하고 있다."},{"verbs":[{"word_id":6,"ancestor":["1-0"],"verb":"운영","cwStateCd":"FIXED","cwSelIdx":0},{"word_id":12,"ancestor":["1-0"],"verb":"개발","cwStateCd":"FIXED","cwSelIdx":0}],"text":"복지사회를 선도하는 대학으로써 자원 복지 센터를 운영하고 21세기의 사회복지 <전문가>를 양성하는 프로그램을 개발·운영하고 있다."},{"verbs":[{"word_id":4,"ancestor":"-1","verb":"위하","cwStateCd":"FIXED","cwSelIdx":[]},{"word_id":14,"ancestor":["1-0"],"verb":"실시","cwStateCd":"FIXED","cwSelIdx":0},{"word_id":16,"ancestor":["1-0"],"verb":"활성","cwStateCd":"FIXED","cwSelIdx":0}],"text":"아울러 열린교육 체제의 구현을 위하여 국내·외 대학간 학점교류, 학점 은행제 및 시간제 학생 등록제를 실시하고 평생교육원을 활성화하고 있다."},{"verbs":[{"word_id":5,"ancestor":["1-0"],"verb":"개설","cwStateCd":"FIXED","cwSelIdx":0},{"word_id":10,"ancestor":["1-0"],"verb":"구축","cwStateCd":"FIXED","cwSelIdx":0}],"text":"졸업 소요학점 140점이상이며, 9대학 24학과를 개설하여 전문 직업 교육의 토대를 구축하고 있다."},{"verbs":[],"text":"[중국학대학] 대표적 특성화학과."},{"verbs":[{"word_id":24,"ancestor":["1-0"],"verb":"실시","cwStateCd":"FIXED","cwSelIdx":0}],"text":"학과 내 전공 자유선택, 전과제도, 복수전공제도, 연계전공, 교직과정, 조기졸업제, 국내·외 대학간 학점교류제 실시, 사회봉사학점제실시, 강남인증제 실시, 가상대학운영, 국제화 및 정보화 교육강화, 인정학점운영제도, 외국대학과의 복수학위제 실시하고 있다."}],"globalSId":[2027213,2027214,2027215,2027216,2027217,2027218,2027219,2027220],"entities":[{"st":0,"eIdx":0,"ancestor":"","en":7,"ne_type":"","keyword":"<강남대학교>","e_type":"ELU"},{"st":18,"eIdx":1,"ancestor":"","en":24,"ne_type":"","keyword":"[대한민국]","e_type":"WIKILINK"},{"st":25,"eIdx":2,"ancestor":"","en":30,"ne_type":"","keyword":"[경기도]","e_type":"WIKILINK"},{"st":31,"eIdx":3,"ancestor":"","en":36,"ne_type":"","keyword":"[용인시]","e_type":"WIKILINK"},{"st":37,"eIdx":4,"ancestor":"","en":42,"ne_type":"","keyword":"[기흥구]","e_type":"WIKILINK"},{"st":43,"eIdx":5,"ancestor":"","en":48,"ne_type":"","keyword":"[구갈동]","e_type":"WIKILINK"},{"st":54,"eIdx":6,"ancestor":"","en":61,"ne_type":"","keyword":"[사립_대학]","e_type":"WIKILINK"},{"st":65,"eIdx":7,"ancestor":"","en":72,"ne_type":"","keyword":"[1946년]","e_type":"WIKILINK"},{"st":73,"eIdx":8,"ancestor":"-2","en":78,"cwStateCd":"FIXED","ne_type":"ETC","cwSelIdx":[],"type":"ENTITY","keyword":"[경천애인]","e_type":"NEW"},{"st":152,"eIdx":9,"ancestor":"-2","en":162,"cwStateCd":"FIXED","ne_type":"ORGANIZATION","cwSelIdx":[],"type":"ENTITY","keyword":"[특성화_추진위원회]","e_type":"NEW"},{"st":166,"eIdx":10,"ancestor":"-2","en":179,"cwStateCd":"FIXED","ne_type":"ORGANIZATION","cwSelIdx":[],"type":"ENTITY","keyword":"[특성화_추진_평가위원회]","e_type":"NEW"},{"st":266,"eIdx":11,"ancestor":"","en":271,"ne_type":"","keyword":"<전문가>","e_type":"ELU"},{"st":431,"eIdx":12,"ancestor":"-2","en":437,"cwStateCd":"FIXED","ne_type":"ETC","cwSelIdx":[],"type":"ENTITY","keyword":"[중국학대학]","e_type":"NEW"}],"wikiPageId":431821,"pIdx":1,"text":"<강남대학교>(江南大學校, )는 [대한민국] [경기도] [용인시] [기흥구] [구갈동]에 위치한 [사립_대학]으로, [1946년] [경천애인]의 창학이념으로 개교하였다. 특성 및 계획 직업 지향 교육 대학으로 나아가기 위하여 각 대학·학부·학과·전공별로 특성화하고 있다. [특성화_추진위원회] 및 [특성화_추진_평가위원회]를 운영하고, 인성교육 및 실무 교육 인증제와 겸임 교수제를 시행하고 있다. 복지사회를 선도하는 대학으로써 자원 복지 센터를 운영하고 21세기의 사회복지 <전문가>를 양성하는 프로그램을 개발·운영하고 있다. 아울러 열린교육 체제의 구현을 위하여 국내·외 대학간 학점교류, 학점 은행제 및 시간제 학생 등록제를 실시하고 평생교육원을 활성화하고 있다. 졸업 소요학점 140점이상이며, 9대학 24학과를 개설하여 전문 직업 교육의 토대를 구축하고 있다. [중국학대학] 대표적 특성화학과. 학과 내 전공 자유선택, 전과제도, 복수전공제도, 연계전공, 교직과정, 조기졸업제, 국내·외 대학간 학점교류제 실시, 사회봉사학점제실시, 강남인증제 실시, 가상대학운영, 국제화 및 정보화 교육강화, 인정학점운영제도, 외국대학과의 복수학위제 실시하고 있다."}