{"result":[{"verbs":[{"word_id":5,"ancestor":["1-0"],"verb":"위치","cwStateCd":"FIXED","cwSelIdx":0}],"text":"<지우르지우_주>()는 [루마니아] 남부 [문테니아] 지방에 위치한 주로, 주도는 [지우르지우]이며 면적은 3,526㎢, 인구는 297,859명([2002년] 기준), 인구 밀도는 84명\/㎢, [ISO_3166-2] 코드는 [RO-GR]이다."},{"verbs":[{"word_id":11,"ancestor":["1-0"],"verb":"접","cwStateCd":"FIXED","cwSelIdx":0},{"word_id":19,"ancestor":["1-0"],"verb":"관할","cwStateCd":"FIXED","cwSelIdx":0}],"text":"동쪽으로는 [컬러라시_주], 서쪽으로는 [텔레오르만_주], 북쪽으로는 [일포브_주]와 [듬보비차_주], 남쪽으로는 [불가리아] [루세_주], [실리스트라_주]와 접하며 1개 시와 2개 마을, 51개 지방 자치체를 관할한다."}],"globalSId":[2711070,2711071],"entities":[{"st":0,"eIdx":0,"ancestor":"","en":9,"ne_type":"","keyword":"<지우르지우_주>","e_type":"ELU"},{"st":13,"eIdx":1,"ancestor":"","en":19,"ne_type":"","keyword":"[루마니아]","e_type":"WIKILINK"},{"st":23,"eIdx":2,"ancestor":"","en":29,"ne_type":"","keyword":"[문테니아]","e_type":"WIKILINK"},{"st":46,"eIdx":3,"ancestor":"","en":53,"ne_type":"","keyword":"[지우르지우]","e_type":"WIKILINK"},{"st":82,"eIdx":4,"ancestor":"-1","en":76,"cwStateCd":"FIXED","ne_type":"TIME","cwSelIdx":[],"type":"ENTITY","keyword":"2002년","e_type":"NEW"},{"st":108,"eIdx":5,"ancestor":"","en":120,"ne_type":"","keyword":"[ISO_3166-2]","e_type":"WIKILINK"},{"st":126,"eIdx":6,"ancestor":"1-5","en":129,"cwStateCd":"FIXED","ne_type":"ETC","cwSelIdx":17,"type":"ENTITY","keyword":"RO-GR","e_type":"NEW"},{"st":142,"eIdx":7,"ancestor":"","en":150,"ne_type":"","keyword":"[컬러라시_주]","e_type":"WIKILINK"},{"st":158,"eIdx":8,"ancestor":"","en":167,"ne_type":"","keyword":"[텔레오르만_주]","e_type":"WIKILINK"},{"st":175,"eIdx":9,"ancestor":"","en":182,"ne_type":"","keyword":"[일포브_주]","e_type":"WIKILINK"},{"st":184,"eIdx":10,"ancestor":"","en":192,"ne_type":"","keyword":"[듬보비차_주]","e_type":"WIKILINK"},{"st":200,"eIdx":11,"ancestor":"","en":206,"ne_type":"","keyword":"[불가리아]","e_type":"WIKILINK"},{"st":207,"eIdx":12,"ancestor":"","en":213,"ne_type":"","keyword":"[루세_주]","e_type":"WIKILINK"},{"st":215,"eIdx":13,"ancestor":"","en":224,"ne_type":"","keyword":"[실리스트라_주]","e_type":"WIKILINK"}],"wikiPageId":749603,"pIdx":1,"text":"<지우르지우_주>()는 [루마니아] 남부 [문테니아] 지방에 위치한 주로, 주도는 [지우르지우]이며 면적은 3,526㎢, 인구는 297,859명([2002년] 기준), 인구 밀도는 84명\/㎢, [ISO_3166-2] 코드는 [RO-GR]이다. 동쪽으로는 [컬러라시_주], 서쪽으로는 [텔레오르만_주], 북쪽으로는 [일포브_주]와 [듬보비차_주], 남쪽으로는 [불가리아] [루세_주], [실리스트라_주]와 접하며 1개 시와 2개 마을, 51개 지방 자치체를 관할한다."}