{"result":[{"verbs":[{"word_id":6,"ancestor":["1-0"],"verb":"있","cwStateCd":"FIXED","cwSelIdx":0}],"text":"[군령포항]은 [경상남도] [거제시] [사등면] [창호리], [가조도]에 있는 [어항]이다."},{"verbs":[{"word_id":3,"ancestor":["1-10"],"verb":"지정","cwStateCd":"FIXED","cwSelIdx":15},{"word_id":4,"ancestor":["1-10"],"verb":"관리","cwStateCd":"FIXED","cwSelIdx":15}],"text":"[2003년] [2월_3일] [어촌정주어항]으로 지정하여 관리하고 있다."},{"verbs":[],"text":"시설관리자는 [거제시장]이다."}],"globalSId":[2296678,2296679,2296680],"entities":[{"st":0,"eIdx":0,"ancestor":"-2","en":5,"cwStateCd":"FIXED","ne_type":"LOCATION","cwSelIdx":[],"type":"ENTITY","keyword":"[군령포항]","e_type":"NEW"},{"st":8,"eIdx":1,"ancestor":"","en":14,"ne_type":"","keyword":"[경상남도]","e_type":"WIKILINK"},{"st":15,"eIdx":2,"ancestor":"","en":20,"ne_type":"","keyword":"[거제시]","e_type":"WIKILINK"},{"st":21,"eIdx":3,"ancestor":"","en":26,"ne_type":"","keyword":"[사등면]","e_type":"WIKILINK"},{"st":27,"eIdx":4,"ancestor":"-2","en":31,"cwStateCd":"FIXED","ne_type":"LOCATION","cwSelIdx":[],"type":"ENTITY","keyword":"[창호리]","e_type":"NEW"},{"st":34,"eIdx":5,"ancestor":"","en":39,"ne_type":"","keyword":"[가조도]","e_type":"WIKILINK"},{"st":44,"eIdx":6,"ancestor":"","en":48,"ne_type":"","keyword":"[어항]","e_type":"WIKILINK"},{"st":52,"eIdx":7,"ancestor":"","en":59,"ne_type":"","keyword":"[2003년]","e_type":"WIKILINK"},{"st":60,"eIdx":8,"ancestor":"","en":67,"ne_type":"","keyword":"[2월_3일]","e_type":"WIKILINK"},{"st":68,"eIdx":9,"ancestor":"","en":76,"ne_type":"","keyword":"[어촌정주어항]","e_type":"WIKILINK"},{"st":100,"eIdx":10,"ancestor":"-2","en":105,"cwStateCd":"FIXED","ne_type":"ETC","cwSelIdx":[],"type":"ENTITY","keyword":"[거제시장]","e_type":"NEW"}],"wikiPageId":555012,"pIdx":1,"text":"[군령포항]은 [경상남도] [거제시] [사등면] [창호리], [가조도]에 있는 [어항]이다. [2003년] [2월_3일] [어촌정주어항]으로 지정하여 관리하고 있다. 시설관리자는 [거제시장]이다."}