{"result":[{"verbs":[{"word_id":4,"ancestor":["1-0"],"verb":"있","cwStateCd":"FIXED","cwSelIdx":0}],"text":"<프라이징>()은 [독일] 남부 [바이에른_주]에 있는 도시이다."}],"globalSId":[2226275],"entities":[{"st":0,"eIdx":0,"ancestor":"","en":6,"ne_type":"","keyword":"<프라이징>","e_type":"ELU"},{"st":10,"eIdx":1,"ancestor":"","en":14,"ne_type":"","keyword":"[독일]","e_type":"WIKILINK"},{"st":18,"eIdx":2,"ancestor":"","en":26,"ne_type":"","keyword":"[바이에른_주]","e_type":"WIKILINK"}],"wikiPageId":519719,"pIdx":1,"text":"<프라이징>()은 [독일] 남부 [바이에른_주]에 있는 도시이다."}