{"result":[{"verbs":[{"word_id":6,"ancestor":["1-0"],"verb":"있","cwStateCd":"FIXED","cwSelIdx":0}],"text":"[전송림사출토_청동불구_일괄](傳松林寺出土 靑銅佛具 一括)은 [서울특별시] [종로구] [서울역사박물관]에 있는 [통일신라]의 [불교] 공예품이다."},{"verbs":[{"word_id":5,"ancestor":["1-0"],"verb":"지정","cwStateCd":"FIXED","cwSelIdx":0}],"text":"[2003년] [9월] [5일] [서울특별시의_유형문화재] 제167호로 지정되었다."}],"globalSId":[3866458,3866459],"entities":[{"st":0,"eIdx":0,"ancestor":"-2","en":15,"cwStateCd":"FIXED","ne_type":"ETC","cwSelIdx":[],"type":"ENTITY","keyword":"[전송림사출토_청동불구_일괄]","e_type":"NEW"},{"st":34,"eIdx":1,"ancestor":"","en":41,"ne_type":"","keyword":"[서울특별시]","e_type":"WIKILINK"},{"st":42,"eIdx":2,"ancestor":"","en":47,"ne_type":"","keyword":"[종로구]","e_type":"WIKILINK"},{"st":48,"eIdx":3,"ancestor":"","en":57,"ne_type":"","keyword":"[서울역사박물관]","e_type":"WIKILINK"},{"st":62,"eIdx":4,"ancestor":"","en":68,"ne_type":"","keyword":"[통일신라]","e_type":"WIKILINK"},{"st":70,"eIdx":5,"ancestor":"-2","en":73,"cwStateCd":"FIXED","ne_type":"ETC","cwSelIdx":[],"type":"ENTITY","keyword":"[불교]","e_type":"NEW"},{"st":82,"eIdx":6,"ancestor":"-2","en":88,"cwStateCd":"FIXED","ne_type":"TIME","cwSelIdx":[],"type":"ENTITY","keyword":"[2003년]","e_type":"NEW"},{"st":90,"eIdx":7,"ancestor":"-2","en":93,"cwStateCd":"FIXED","ne_type":"TIME","cwSelIdx":[],"type":"ENTITY","keyword":"[9월]","e_type":"NEW"},{"st":95,"eIdx":8,"ancestor":"-2","en":98,"cwStateCd":"FIXED","ne_type":"TIME","cwSelIdx":[],"type":"ENTITY","keyword":"[5일]","e_type":"NEW"},{"st":100,"eIdx":9,"ancestor":"","en":114,"ne_type":"","keyword":"[서울특별시의_유형문화재]","e_type":"WIKILINK"}],"wikiPageId":1641719,"pIdx":1,"text":"[전송림사출토_청동불구_일괄](傳松林寺出土 靑銅佛具 一括)은 [서울특별시] [종로구] [서울역사박물관]에 있는 [통일신라]의 [불교] 공예품이다. [2003년] [9월] [5일] [서울특별시의_유형문화재] 제167호로 지정되었다."}