{"result":[{"verbs":[{"word_id":12,"ancestor":["1-0"],"verb":"불리","cwStateCd":"FIXED","cwSelIdx":0}],"text":"[페르난두_프란시스쿠_헤지스_모타] (Fernando Francisco Reges Mouta, [1987년] [7월_25일] [알투_파하이수_지_구이아스] ~)는 줄여서 [페르난두] (Fernando)로 불리는 [브라질]의 [축구_선수]이며, [프리미어리그]의 [맨체스터_시티_FC] 소속의 [수비형_미드필더]이다."}],"globalSId":[2544710],"entities":[{"st":0,"eIdx":0,"ancestor":"-2","en":18,"cwStateCd":"FIXED","ne_type":"PERSON","cwSelIdx":[],"type":"ENTITY","keyword":"[페르난두_프란시스쿠_헤지스_모타]","e_type":"NEW"},{"st":53,"eIdx":1,"ancestor":"","en":60,"ne_type":"","keyword":"[1987년]","e_type":"WIKILINK"},{"st":61,"eIdx":2,"ancestor":"","en":69,"ne_type":"","keyword":"[7월_25일]","e_type":"WIKILINK"},{"st":70,"eIdx":3,"ancestor":"","en":86,"ne_type":"","keyword":"[알투_파하이수_지_구이아스]","e_type":"WIKILINK"},{"st":95,"eIdx":4,"ancestor":"1-0","en":100,"cwStateCd":"FIXED","ne_type":"PERSON","cwSelIdx":0,"type":"ENTITY","keyword":"[페르난두]","e_type":"NEW"},{"st":118,"eIdx":5,"ancestor":"","en":123,"ne_type":"","keyword":"[브라질]","e_type":"WIKILINK"},{"st":125,"eIdx":6,"ancestor":"","en":132,"ne_type":"","keyword":"[축구_선수]","e_type":"WIKILINK"},{"st":136,"eIdx":7,"ancestor":"","en":144,"ne_type":"","keyword":"[프리미어리그]","e_type":"WIKILINK"},{"st":146,"eIdx":8,"ancestor":"","en":158,"ne_type":"","keyword":"[맨체스터_시티_FC]","e_type":"WIKILINK"},{"st":163,"eIdx":9,"ancestor":"","en":173,"ne_type":"","keyword":"[수비형_미드필더]","e_type":"WIKILINK"}],"wikiPageId":671730,"pIdx":1,"text":"[페르난두_프란시스쿠_헤지스_모타] (Fernando Francisco Reges Mouta, [1987년] [7월_25일] [알투_파하이수_지_구이아스] ~)는 줄여서 [페르난두] (Fernando)로 불리는 [브라질]의 [축구_선수]이며, [프리미어리그]의 [맨체스터_시티_FC] 소속의 [수비형_미드필더]이다."}