{"result":[{"verbs":[{"word_id":4,"ancestor":"-2","verb":"제정","cwStateCd":"FIXED","cwSelIdx":[]}],"text":"[마다가스카르]의 국기는 [1958년] [10월_14일]에 제정되었다."},{"verbs":[],"text":"빨강, 하양, 초록은 <마다가스카르>의 역사와 전통을 표현하고 있다."},{"verbs":[{"word_id":10,"ancestor":"-2","verb":"그리","cwStateCd":"FIXED","cwSelIdx":[]}],"text":"빨강색과 하양은 <마다가스카르>의 대부분을 지배했던 [메리나_왕국]의 마지막 여왕이었던 [라나발로나_3세]의 기에 그려져 있었던 색이었다."},{"verbs":[{"word_id":3,"ancestor":"-2","verb":"중요","cwStateCd":"FIXED","cwSelIdx":[]},{"word_id":5,"ancestor":"-2","verb":"하","cwStateCd":"FIXED","cwSelIdx":[]},{"word_id":7,"ancestor":"-2","verb":"의미","cwStateCd":"FIXED","cwSelIdx":[]}],"text":"초록색은 <마다가스카르>의 독립에 중요한 역할을 했던 농업을 의미한다."}],"globalSId":[1876442,1876443,1876444,1876445],"entities":[{"st":0,"eIdx":0,"ancestor":"","en":8,"ne_type":"","keyword":"[마다가스카르]","e_type":"WIKILINK"},{"st":14,"eIdx":1,"ancestor":"","en":21,"ne_type":"","keyword":"[1958년]","e_type":"WIKILINK"},{"st":22,"eIdx":2,"ancestor":"","en":31,"ne_type":"","keyword":"[10월_14일]","e_type":"WIKILINK"},{"st":52,"eIdx":3,"ancestor":"","en":60,"ne_type":"","keyword":"<마다가스카르>","e_type":"ELU"},{"st":88,"eIdx":4,"ancestor":"","en":96,"ne_type":"","keyword":"<마다가스카르>","e_type":"ELU"},{"st":108,"eIdx":5,"ancestor":"","en":116,"ne_type":"","keyword":"[메리나_왕국]","e_type":"WIKILINK"},{"st":128,"eIdx":6,"ancestor":"","en":138,"ne_type":"","keyword":"[라나발로나_3세]","e_type":"WIKILINK"},{"st":162,"eIdx":7,"ancestor":"","en":170,"ne_type":"","keyword":"<마다가스카르>","e_type":"ELU"}],"wikiPageId":372982,"pIdx":1,"text":"[마다가스카르]의 국기는 [1958년] [10월_14일]에 제정되었다. 빨강, 하양, 초록은 <마다가스카르>의 역사와 전통을 표현하고 있다. 빨강색과 하양은 <마다가스카르>의 대부분을 지배했던 [메리나_왕국]의 마지막 여왕이었던 [라나발로나_3세]의 기에 그려져 있었던 색이었다. 초록색은 <마다가스카르>의 독립에 중요한 역할을 했던 농업을 의미한다."}