{"result":[{"verbs":[{"word_id":6,"ancestor":["1-0"],"verb":"하","cwStateCd":"FIXED","cwSelIdx":0},{"word_id":10,"ancestor":"-2","verb":"참가","cwStateCd":"FIXED","cwSelIdx":[]}],"text":"[오타와_레네가데스](Ottawa Renegades)는 [캐나다] [온타리오_주] [오타와]를 연고지로 하는 [2002년]부터 [2008년]까지 [캐나디안_풋볼_리그] 참가했던 팀이다."}],"globalSId":[3698627],"entities":[{"st":0,"eIdx":0,"ancestor":"-2","en":10,"cwStateCd":"FIXED","ne_type":"ORGANIZATION","cwSelIdx":[],"type":"ENTITY","keyword":"[오타와_레네가데스]","e_type":"NEW"},{"st":31,"eIdx":1,"ancestor":"","en":36,"ne_type":"","keyword":"[캐나다]","e_type":"WIKILINK"},{"st":37,"eIdx":2,"ancestor":"","en":45,"ne_type":"","keyword":"[온타리오_주]","e_type":"WIKILINK"},{"st":46,"eIdx":3,"ancestor":"","en":51,"ne_type":"","keyword":"[오타와]","e_type":"WIKILINK"},{"st":61,"eIdx":4,"ancestor":"-2","en":67,"cwStateCd":"FIXED","ne_type":"TIME","cwSelIdx":[],"type":"ENTITY","keyword":"[2002년]","e_type":"NEW"},{"st":71,"eIdx":5,"ancestor":"-2","en":77,"cwStateCd":"FIXED","ne_type":"TIME","cwSelIdx":[],"type":"ENTITY","keyword":"[2008년]","e_type":"NEW"},{"st":81,"eIdx":6,"ancestor":"","en":93,"ne_type":"","keyword":"[캐나디안_풋볼_리그]","e_type":"WIKILINK"}],"wikiPageId":1416450,"pIdx":1,"text":"[오타와_레네가데스](Ottawa Renegades)는 [캐나다] [온타리오_주] [오타와]를 연고지로 하는 [2002년]부터 [2008년]까지 [캐나디안_풋볼_리그] 참가했던 팀이다."}