{"result":[{"verbs":[{"word_id":5,"ancestor":["1-0"],"verb":"있","cwStateCd":"FIXED","cwSelIdx":0}],"text":"[금장요집경_권1~2](金藏要集經 卷一~二)은 [부산광역시] [금정구] [범어사]에 있는 고려시대의 목판본 불경이다."},{"verbs":[{"word_id":4,"ancestor":["1-0"],"verb":"지정","cwStateCd":"FIXED","cwSelIdx":0}],"text":"[2007년] [9월_18일] [대한민국의_보물] 제1525호로 지정되었다."}],"globalSId":[3854742,3854743],"entities":[{"st":0,"eIdx":0,"ancestor":"-1","en":11,"cwStateCd":"FIXED","ne_type":"ETC","cwSelIdx":[],"type":"ENTITY","keyword":"[금장요집경_권1~2]","e_type":"NEW"},{"st":26,"eIdx":1,"ancestor":"","en":33,"ne_type":"","keyword":"[부산광역시]","e_type":"WIKILINK"},{"st":34,"eIdx":2,"ancestor":"","en":39,"ne_type":"","keyword":"[금정구]","e_type":"WIKILINK"},{"st":40,"eIdx":3,"ancestor":"","en":45,"ne_type":"","keyword":"[범어사]","e_type":"WIKILINK"},{"st":66,"eIdx":4,"ancestor":"-1","en":72,"cwStateCd":"FIXED","ne_type":"TIME","cwSelIdx":[],"type":"ENTITY","keyword":"[2007년]","e_type":"NEW"},{"st":74,"eIdx":5,"ancestor":"-1","en":81,"cwStateCd":"FIXED","ne_type":"TIME","cwSelIdx":[],"type":"ENTITY","keyword":"[9월_18일]","e_type":"NEW"},{"st":83,"eIdx":6,"ancestor":"","en":93,"ne_type":"","keyword":"[대한민국의_보물]","e_type":"WIKILINK"}],"wikiPageId":1631075,"pIdx":1,"text":"[금장요집경_권1~2](金藏要集經 卷一~二)은 [부산광역시] [금정구] [범어사]에 있는 고려시대의 목판본 불경이다. [2007년] [9월_18일] [대한민국의_보물] 제1525호로 지정되었다."}