{"result":[{"verbs":[{"word_id":4,"ancestor":["1-0"],"verb":"위치","cwStateCd":"FIXED","cwSelIdx":0}],"text":"<마르타_비에이라_다_시우바>()는 [이탈리아] [라치오_주] [비테르보_현]에 위치한 <코무네>다."},{"verbs":[{"word_id":7,"ancestor":["1-0"],"verb":"있","cwStateCd":"FIXED","cwSelIdx":0}],"text":"[로마]로부터 북서쪽 80km, [비테르보]로부터 북서쪽 20km 거리에 있다."},{"verbs":[],"text":"인구는 [2016년] [1월] 기준 3,499명이다."}],"globalSId":[3248881,3248882,3248883],"entities":[{"st":0,"eIdx":0,"ancestor":"","en":16,"ne_type":"","keyword":"<마르타_비에이라_다_시우바>","e_type":"ELU"},{"st":20,"eIdx":1,"ancestor":"","en":26,"ne_type":"","keyword":"[이탈리아]","e_type":"WIKILINK"},{"st":27,"eIdx":2,"ancestor":"","en":34,"ne_type":"","keyword":"[라치오_주]","e_type":"WIKILINK"},{"st":35,"eIdx":3,"ancestor":"","en":43,"ne_type":"","keyword":"[비테르보_현]","e_type":"WIKILINK"},{"st":49,"eIdx":4,"ancestor":"","en":54,"ne_type":"","keyword":"<코무네>","e_type":"ELU"},{"st":57,"eIdx":5,"ancestor":"","en":61,"ne_type":"","keyword":"[로마]","e_type":"WIKILINK"},{"st":75,"eIdx":6,"ancestor":"","en":81,"ne_type":"","keyword":"[비테르보]","e_type":"WIKILINK"},{"st":107,"eIdx":7,"ancestor":"-2","en":110,"cwStateCd":"FIXED","ne_type":"TIME","cwSelIdx":[],"type":"ENTITY","keyword":"2016년","e_type":"NEW"},{"st":115,"eIdx":8,"ancestor":"-2","en":115,"cwStateCd":"FIXED","ne_type":"TIME","cwSelIdx":[],"type":"ENTITY","keyword":"1월","e_type":"NEW"}],"wikiPageId":1049832,"pIdx":1,"text":"<마르타_비에이라_다_시우바>()는 [이탈리아] [라치오_주] [비테르보_현]에 위치한 <코무네>다. [로마]로부터 북서쪽 80km, [비테르보]로부터 북서쪽 20km 거리에 있다. 인구는 [2016년] [1월] 기준 3,499명이다."}