{"result":[{"verbs":[{"word_id":4,"ancestor":["1-0"],"verb":"관할","cwStateCd":"FIXED","cwSelIdx":0}],"text":"<서울강북소방서>(서울江北消防署, )는 [서울특별시] [강북구]를 관할하는 [서울특별시_소방재난본부] 산하의 [소방서]이다."}],"globalSId":[3229148],"entities":[{"st":0,"eIdx":0,"ancestor":"","en":9,"ne_type":"","keyword":"<서울강북소방서>","e_type":"ELU"},{"st":22,"eIdx":1,"ancestor":"","en":29,"ne_type":"","keyword":"[서울특별시]","e_type":"WIKILINK"},{"st":30,"eIdx":2,"ancestor":"","en":35,"ne_type":"","keyword":"[강북구]","e_type":"WIKILINK"},{"st":42,"eIdx":3,"ancestor":"","en":56,"ne_type":"","keyword":"[서울특별시_소방재난본부]","e_type":"WIKILINK"},{"st":61,"eIdx":4,"ancestor":"","en":66,"ne_type":"","keyword":"[소방서]","e_type":"WIKILINK"}],"wikiPageId":1032242,"pIdx":1,"text":"<서울강북소방서>(서울江北消防署, )는 [서울특별시] [강북구]를 관할하는 [서울특별시_소방재난본부] 산하의 [소방서]이다."}