{"result":[{"verbs":[{"word_id":5,"ancestor":["1-1"],"verb":"있","cwStateCd":"FIXED","cwSelIdx":0}],"text":"[자가지그_대학교]([아랍어]:????? ????????\u200E)는 [이집트] [샤르키야_주] [자가지그]에 있는 [대학교]다."},{"verbs":[{"word_id":1,"ancestor":["1-1"],"verb":"설립","cwStateCd":"FIXED","cwSelIdx":0}],"text":"[1974년] 설립됐다."}],"globalSId":[1955151,1955152],"entities":[{"st":0,"eIdx":0,"ancestor":"-2","en":9,"cwStateCd":"FIXED","ne_type":"LOCATION","cwSelIdx":[],"type":"ENTITY","keyword":"[자가지그_대학교]","e_type":"NEW"},{"st":11,"eIdx":1,"ancestor":"","en":16,"ne_type":"","keyword":"[아랍어]","e_type":"WIKILINK"},{"st":35,"eIdx":2,"ancestor":"","en":40,"ne_type":"","keyword":"[이집트]","e_type":"WIKILINK"},{"st":41,"eIdx":3,"ancestor":"","en":49,"ne_type":"","keyword":"[샤르키야_주]","e_type":"WIKILINK"},{"st":50,"eIdx":4,"ancestor":"","en":56,"ne_type":"","keyword":"[자가지그]","e_type":"WIKILINK"},{"st":61,"eIdx":5,"ancestor":"","en":66,"ne_type":"","keyword":"[대학교]","e_type":"WIKILINK"},{"st":69,"eIdx":6,"ancestor":"","en":76,"ne_type":"","keyword":"[1974년]","e_type":"WIKILINK"}],"wikiPageId":403733,"pIdx":1,"text":"[자가지그_대학교]([아랍어]:????? ????????\u200E)는 [이집트] [샤르키야_주] [자가지그]에 있는 [대학교]다. [1974년] 설립됐다."}