{"result":[{"verbs":[{"word_id":4,"ancestor":["1-0"],"verb":"관할","cwStateCd":"FIXED","cwSelIdx":0}],"text":"<☞A1☜영등포소방서>(서울永登浦消防署, )는 [서울특별시] [영등포구]를 관할하는 [서울특별시_소방재난본부] 산하의 [소방서]이다."}],"globalSId":[3019209],"entities":[{"st":0,"eIdx":0,"ancestor":"","en":12,"ne_type":"","keyword":"<☞A1☜영등포소방서>","e_type":"ELU"},{"st":26,"eIdx":1,"ancestor":"","en":33,"ne_type":"","keyword":"[서울특별시]","e_type":"WIKILINK"},{"st":34,"eIdx":2,"ancestor":"","en":40,"ne_type":"","keyword":"[영등포구]","e_type":"WIKILINK"},{"st":47,"eIdx":3,"ancestor":"","en":61,"ne_type":"","keyword":"[서울특별시_소방재난본부]","e_type":"WIKILINK"},{"st":66,"eIdx":4,"ancestor":"","en":71,"ne_type":"","keyword":"[소방서]","e_type":"WIKILINK"}],"wikiPageId":915503,"pIdx":1,"text":"<☞A1☜영등포소방서>(서울永登浦消防署, )는 [서울특별시] [영등포구]를 관할하는 [서울특별시_소방재난본부] 산하의 [소방서]이다."}