{"result":[{"verbs":[{"word_id":4,"ancestor":["1-0"],"verb":"있","cwStateCd":"FIXED","cwSelIdx":0}],"text":"<나카노부_역>()은 [일본] [도쿄_도] [시나가와_구]에 있는 [도쿄_급행_전철]과 [도쿄_도_교통국]의 [철도역]이다."}],"globalSId":[1814183],"entities":[{"st":0,"eIdx":0,"ancestor":"","en":8,"ne_type":"","keyword":"<나카노부_역>","e_type":"ELU"},{"st":12,"eIdx":1,"ancestor":"-2","en":15,"cwStateCd":"FIXED","ne_type":"LOCATION","cwSelIdx":[],"type":"ENTITY","keyword":"[일본]","e_type":"NEW"},{"st":17,"eIdx":2,"ancestor":"","en":23,"ne_type":"","keyword":"[도쿄_도]","e_type":"WIKILINK"},{"st":24,"eIdx":3,"ancestor":"","en":32,"ne_type":"","keyword":"[시나가와_구]","e_type":"WIKILINK"},{"st":37,"eIdx":4,"ancestor":"","en":47,"ne_type":"","keyword":"[도쿄_급행_전철]","e_type":"WIKILINK"},{"st":49,"eIdx":5,"ancestor":"","en":59,"ne_type":"","keyword":"[도쿄_도_교통국]","e_type":"WIKILINK"},{"st":61,"eIdx":6,"ancestor":"","en":66,"ne_type":"","keyword":"[철도역]","e_type":"WIKILINK"}],"wikiPageId":351547,"pIdx":1,"text":"<나카노부_역>()은 [일본] [도쿄_도] [시나가와_구]에 있는 [도쿄_급행_전철]과 [도쿄_도_교통국]의 [철도역]이다."}