{"result":[{"verbs":[{"word_id":4,"ancestor":"-2","verb":"통하","cwStateCd":"FIXED","cwSelIdx":[]}],"text":"[2017년_5월,] [베르나르도_실바]는 공식 발표를 통해 [AS_모나코_FC]에서 [맨체스터_시티_FC]로의 이적을 확정하였는데, 그는 인터뷰에서 \"[주제프_과르디올라] 감독은 세계 최고의 감독 중 하나다."},{"verbs":[{"word_id":3,"ancestor":"-2","verb":"훈련","cwStateCd":"FIXED","cwSelIdx":[1,18]},{"word_id":12,"ancestor":["2-1"],"verb":"밝히","cwStateCd":"FIXED","cwSelIdx":1}],"text":"[과르디올라] 감독과 함께 훈련할 기회가 온다면 그 누구도 거절하지 못할 것\" 이라고 밝혔다."},{"verbs":[{"word_id":2,"ancestor":["2-1"],"verb":"합류","cwStateCd":"FIXED","cwSelIdx":1},{"word_id":11,"ancestor":["2-1"],"verb":"합류","cwStateCd":"FIXED","cwSelIdx":1}],"text":"<맨체스터_시티_FC>에 새로 합류하게 된 그는 등번호 20번을 부여 받았으며, [7월_1일] 공식 합류한다."}],"globalSId":[4007577,4007578,4007579],"entities":[{"st":0,"eIdx":0,"ancestor":"-2","en":10,"cwStateCd":"FIXED","ne_type":"TIME","cwSelIdx":[],"type":"ENTITY","keyword":"[2017년_5월,]","e_type":"NEW"},{"st":12,"eIdx":1,"ancestor":"","en":22,"ne_type":"","keyword":"[베르나르도_실바]","e_type":"WIKILINK"},{"st":34,"eIdx":2,"ancestor":"","en":45,"ne_type":"","keyword":"[AS_모나코_FC]","e_type":"WIKILINK"},{"st":48,"eIdx":3,"ancestor":"","en":60,"ne_type":"","keyword":"[맨체스터_시티_FC]","e_type":"WIKILINK"},{"st":85,"eIdx":4,"ancestor":"","en":96,"ne_type":"","keyword":"[주제프_과르디올라]","e_type":"WIKILINK"},{"st":118,"eIdx":5,"ancestor":"2-4","en":124,"cwStateCd":"FIXED","ne_type":"PERSON","cwSelIdx":11,"type":"ENTITY","keyword":"[과르디올라]","e_type":"NEW"},{"st":171,"eIdx":6,"ancestor":"","en":183,"ne_type":"","keyword":"<맨체스터_시티_FC>","e_type":"ELU"},{"st":216,"eIdx":7,"ancestor":"-2","en":222,"cwStateCd":"FIXED","ne_type":"TIME","cwSelIdx":[],"type":"ENTITY","keyword":"[7월_1일]","e_type":"NEW"}],"wikiPageId":1775878,"pIdx":2,"text":"[2017년_5월,] [베르나르도_실바]는 공식 발표를 통해 [AS_모나코_FC]에서 [맨체스터_시티_FC]로의 이적을 확정하였는데, 그는 인터뷰에서 \"[주제프_과르디올라] 감독은 세계 최고의 감독 중 하나다. [과르디올라] 감독과 함께 훈련할 기회가 온다면 그 누구도 거절하지 못할 것\" 이라고 밝혔다. <맨체스터_시티_FC>에 새로 합류하게 된 그는 등번호 20번을 부여 받았으며, [7월_1일] 공식 합류한다."}