{"result":[{"verbs":[{"word_id":8,"ancestor":["1-0"],"verb":"있","cwStateCd":"FIXED","cwSelIdx":0}],"text":"《<오디션>》은 [천계영]이 [1997년]부터 [2003년]까지 《[윙크_(잡지)]》에 연재한 [한국_만화]이며, 단행본도 있다."},{"verbs":[{"word_id":1,"ancestor":"-2","verb":"높","cwStateCd":"FIXED","cwSelIdx":[]},{"word_id":3,"ancestor":["1-0"],"verb":"얻","cwStateCd":"FIXED","cwSelIdx":0}],"text":"연재당시 높은 인기를 얻었으며, [2008년]에는 이를 원작으로 한 [애니메이션]이 개봉 예정이다."}],"globalSId":[1195465,1195466],"entities":[{"st":1,"eIdx":0,"ancestor":"","en":6,"ne_type":"","keyword":"<오디션>","e_type":"ELU"},{"st":9,"eIdx":1,"ancestor":"","en":14,"ne_type":"","keyword":"[천계영]","e_type":"WIKILINK"},{"st":16,"eIdx":2,"ancestor":"","en":23,"ne_type":"","keyword":"[1997년]","e_type":"WIKILINK"},{"st":26,"eIdx":3,"ancestor":"","en":33,"ne_type":"","keyword":"[2003년]","e_type":"WIKILINK"},{"st":37,"eIdx":4,"ancestor":"","en":46,"ne_type":"","keyword":"[윙크_(잡지)]","e_type":"WIKILINK"},{"st":53,"eIdx":5,"ancestor":"","en":60,"ne_type":"","keyword":"[한국_만화]","e_type":"WIKILINK"},{"st":91,"eIdx":6,"ancestor":"","en":98,"ne_type":"","keyword":"[2008년]","e_type":"WIKILINK"},{"st":111,"eIdx":7,"ancestor":"","en":118,"ne_type":"","keyword":"[애니메이션]","e_type":"WIKILINK"}],"wikiPageId":187794,"pIdx":1,"text":"《<오디션>》은 [천계영]이 [1997년]부터 [2003년]까지 《[윙크_(잡지)]》에 연재한 [한국_만화]이며, 단행본도 있다. 연재당시 높은 인기를 얻었으며, [2008년]에는 이를 원작으로 한 [애니메이션]이 개봉 예정이다."}