{"result":[{"verbs":[{"word_id":4,"ancestor":"-2","verb":"선출","cwStateCd":"FIXED","cwSelIdx":[]},{"word_id":5,"ancestor":"-2","verb":"위하","cwStateCd":"FIXED","cwSelIdx":[]},{"word_id":6,"ancestor":["1-1"],"verb":"진행","cwStateCd":"FIXED","cwSelIdx":1}],"text":"[1939년] <콘클라베>는 제260대 [교황]을 선출하기 위해 진행된 [콘클라베]이다."},{"verbs":[{"word_id":9,"ancestor":"-2","verb":"선출","cwStateCd":"FIXED","cwSelIdx":[]},{"word_id":10,"ancestor":"-2","verb":"위하","cwStateCd":"FIXED","cwSelIdx":[]},{"word_id":11,"ancestor":["1-1"],"verb":"진행","cwStateCd":"FIXED","cwSelIdx":1},{"word_id":14,"ancestor":["1-8","1-9"],"verb":"있","cwStateCd":"FIXED","cwSelIdx":[23,24]},{"word_id":17,"ancestor":["1-1"],"verb":"진행","cwStateCd":"FIXED","cwSelIdx":1}],"text":"제259대 교황 [교황_비오_11세]가 [1939년] [2월_10일]에 선종한 이후에 새 교황을 선출하기 위해 진행된 선거이며 [바티칸_시국]에 있는 [사도_궁전]과 [시스티나_성당]에서 진행되었다."}],"globalSId":[3200105,3200106],"entities":[{"st":1,"eIdx":0,"ancestor":"-2","en":4,"cwStateCd":"FIXED","ne_type":"TIME","cwSelIdx":[],"type":"ENTITY","keyword":"1939년","e_type":"NEW"},{"st":8,"eIdx":1,"ancestor":"","en":14,"ne_type":"","keyword":"<콘클라베>","e_type":"ELU"},{"st":22,"eIdx":2,"ancestor":"","en":26,"ne_type":"","keyword":"[교황]","e_type":"WIKILINK"},{"st":40,"eIdx":3,"ancestor":"","en":46,"ne_type":"","keyword":"[콘클라베]","e_type":"WIKILINK"},{"st":59,"eIdx":4,"ancestor":"","en":70,"ne_type":"","keyword":"[교황_비오_11세]","e_type":"WIKILINK"},{"st":72,"eIdx":5,"ancestor":"","en":79,"ne_type":"","keyword":"[1939년]","e_type":"WIKILINK"},{"st":80,"eIdx":6,"ancestor":"","en":88,"ne_type":"","keyword":"[2월_10일]","e_type":"WIKILINK"},{"st":121,"eIdx":7,"ancestor":"","en":129,"ne_type":"","keyword":"[바티칸_시국]","e_type":"WIKILINK"},{"st":134,"eIdx":8,"ancestor":"","en":141,"ne_type":"","keyword":"[사도_궁전]","e_type":"WIKILINK"},{"st":143,"eIdx":9,"ancestor":"","en":152,"ne_type":"","keyword":"[시스티나_성당]","e_type":"WIKILINK"}],"wikiPageId":1014402,"pIdx":1,"text":"[1939년] <콘클라베>는 제260대 [교황]을 선출하기 위해 진행된 [콘클라베]이다. 제259대 교황 [교황_비오_11세]가 [1939년] [2월_10일]에 선종한 이후에 새 교황을 선출하기 위해 진행된 선거이며 [바티칸_시국]에 있는 [사도_궁전]과 [시스티나_성당]에서 진행되었다."}