{"result":[{"verbs":[{"word_id":4,"ancestor":["1-0"],"verb":"있","cwStateCd":"FIXED","cwSelIdx":0}],"text":"[세라발레피스토이에세]()는 [이탈리아] [토스카나_주] [피스토이아_현]에 있는 [코무네]다."},{"verbs":[{"word_id":7,"ancestor":["1-0"],"verb":"있","cwStateCd":"FIXED","cwSelIdx":0}],"text":"[피렌체]에서 북서쪽으로 35km, [피스토이아]에서 남서쪽 8km 거리에 있다."}],"globalSId":[3852783,3852784],"entities":[{"st":1,"eIdx":0,"ancestor":"-2","en":7,"cwStateCd":"FIXED","ne_type":"LOCATION","cwSelIdx":[],"type":"ENTITY","keyword":"세라발레피스토이","e_type":"NEW"},{"st":16,"eIdx":1,"ancestor":"","en":22,"ne_type":"","keyword":"[이탈리아]","e_type":"WIKILINK"},{"st":23,"eIdx":2,"ancestor":"","en":31,"ne_type":"","keyword":"[토스카나_주]","e_type":"WIKILINK"},{"st":32,"eIdx":3,"ancestor":"","en":41,"ne_type":"","keyword":"[피스토이아_현]","e_type":"WIKILINK"},{"st":46,"eIdx":4,"ancestor":"","en":51,"ne_type":"","keyword":"[코무네]","e_type":"WIKILINK"},{"st":54,"eIdx":5,"ancestor":"","en":59,"ne_type":"","keyword":"[피렌체]","e_type":"WIKILINK"},{"st":74,"eIdx":6,"ancestor":"","en":81,"ne_type":"","keyword":"[피스토이아]","e_type":"WIKILINK"}],"wikiPageId":1629841,"pIdx":1,"text":"[세라발레피스토이에세]()는 [이탈리아] [토스카나_주] [피스토이아_현]에 있는 [코무네]다. [피렌체]에서 북서쪽으로 35km, [피스토이아]에서 남서쪽 8km 거리에 있다."}