{"result":[{"verbs":[{"word_id":8,"ancestor":["1-0"],"verb":"이적","cwStateCd":"FIXED","cwSelIdx":0}],"text":"[2013] 시즌 종료 후 [스벤예란_에릭손] 감독이 이끌던 [광저우_푸리]로 이적하였다."},{"verbs":[{"word_id":6,"ancestor":["1-0"],"verb":"출전","cwStateCd":"FIXED","cwSelIdx":0},{"word_id":8,"ancestor":"-2","verb":"기록","cwStateCd":"FIXED","cwSelIdx":[]}],"text":"<광저우_시>에서 1시즌 반 동안 리그 34경기에 출전하여 1골을 기록하였다."}],"globalSId":[2651654,2651655],"entities":[{"st":0,"eIdx":0,"ancestor":"-2","en":5,"cwStateCd":"FIXED","ne_type":"TIME","cwSelIdx":[],"type":"ENTITY","keyword":"[2013]","e_type":"NEW"},{"st":15,"eIdx":1,"ancestor":"","en":25,"ne_type":"","keyword":"[스벤예란_에릭손]","e_type":"WIKILINK"},{"st":34,"eIdx":2,"ancestor":"","en":42,"ne_type":"","keyword":"[광저우_푸리]","e_type":"WIKILINK"},{"st":51,"eIdx":3,"ancestor":"","en":58,"ne_type":"","keyword":"<광저우_시>","e_type":"ELU"}],"wikiPageId":721056,"pIdx":4,"text":"[2013] 시즌 종료 후 [스벤예란_에릭손] 감독이 이끌던 [광저우_푸리]로 이적하였다. <광저우_시>에서 1시즌 반 동안 리그 34경기에 출전하여 1골을 기록하였다."}