{"result":[{"verbs":[{"word_id":3,"ancestor":"-2","verb":"크","cwStateCd":"FIXED","cwSelIdx":[]},{"word_id":9,"ancestor":["1-0"],"verb":"속","cwStateCd":"FIXED","cwSelIdx":0}],"text":"<하추자도>(下楸子島)는 [추자군도]에서 가장 큰 섬으로, 행정구역상 [제주특별자치도] [제주시] [추자면]에 속한다."}],"globalSId":[2979689],"entities":[{"st":0,"eIdx":0,"ancestor":"","en":6,"ne_type":"","keyword":"<하추자도>","e_type":"ELU"},{"st":14,"eIdx":1,"ancestor":"","en":20,"ne_type":"","keyword":"[추자군도]","e_type":"WIKILINK"},{"st":39,"eIdx":2,"ancestor":"","en":48,"ne_type":"","keyword":"[제주특별자치도]","e_type":"WIKILINK"},{"st":49,"eIdx":3,"ancestor":"","en":54,"ne_type":"","keyword":"[제주시]","e_type":"WIKILINK"},{"st":55,"eIdx":4,"ancestor":"","en":60,"ne_type":"","keyword":"[추자면]","e_type":"WIKILINK"}],"wikiPageId":896073,"pIdx":1,"text":"<하추자도>(下楸子島)는 [추자군도]에서 가장 큰 섬으로, 행정구역상 [제주특별자치도] [제주시] [추자면]에 속한다."}