{"result":[{"verbs":[{"word_id":2,"ancestor":["2-0"],"verb":"있","cwStateCd":"FIXED","cwSelIdx":1},{"word_id":6,"ancestor":"-2","verb":"맞닿","cwStateCd":"FIXED","cwSelIdx":[]},{"word_id":11,"ancestor":"-2","verb":"만나","cwStateCd":"FIXED","cwSelIdx":[]},{"word_id":15,"ancestor":["2-3"],"verb":"있","cwStateCd":"FIXED","cwSelIdx":14}],"text":"서쪽에는 [우루과이_강]이 있으며 남서쪽에는 [라플라타_강]의 하류와 맞닿아 있어 강 사이로 [아르헨티나]와 만나며, 남동쪽 해안에는 [대서양]이 있다."},{"verbs":[{"word_id":5,"ancestor":["2-4"],"verb":"작","cwStateCd":"FIXED","cwSelIdx":16}],"text":"<우루과이>는 <남아메리카>에서 [수리남] 다음으로 가장 작은 나라이다."}],"globalSId":[160865,160866],"entities":[{"st":5,"eIdx":0,"ancestor":"","en":13,"ne_type":"","keyword":"[우루과이_강]","e_type":"WIKILINK"},{"st":25,"eIdx":1,"ancestor":"","en":33,"ne_type":"","keyword":"[라플라타_강]","e_type":"WIKILINK"},{"st":52,"eIdx":2,"ancestor":"","en":59,"ne_type":"","keyword":"[아르헨티나]","e_type":"WIKILINK"},{"st":75,"eIdx":3,"ancestor":"","en":80,"ne_type":"","keyword":"[대서양]","e_type":"WIKILINK"},{"st":86,"eIdx":4,"ancestor":"","en":92,"ne_type":"","keyword":"<우루과이>","e_type":"ELU"},{"st":94,"eIdx":5,"ancestor":"","en":101,"ne_type":"","keyword":"<남아메리카>","e_type":"ELU"},{"st":104,"eIdx":6,"ancestor":"","en":109,"ne_type":"","keyword":"[수리남]","e_type":"WIKILINK"}],"wikiPageId":10231,"pIdx":2,"text":"서쪽에는 [우루과이_강]이 있으며 남서쪽에는 [라플라타_강]의 하류와 맞닿아 있어 강 사이로 [아르헨티나]와 만나며, 남동쪽 해안에는 [대서양]이 있다. <우루과이>는 <남아메리카>에서 [수리남] 다음으로 가장 작은 나라이다."}