{"result":[{"verbs":[{"word_id":5,"ancestor":["1-0"],"verb":"있","cwStateCd":"FIXED","cwSelIdx":0},{"word_id":9,"ancestor":"-2","verb":"위치","cwStateCd":"FIXED","cwSelIdx":[]}],"text":"<진먼_현>(, , 금문현)은 [중화민국] [푸젠_성_(중화민국)](福建省)에 있는 행정구역으로, [성(省)_정부]의 청사가 위치하고 있다."},{"verbs":[{"word_id":5,"ancestor":"-2","verb":"이루어지","cwStateCd":"FIXED","cwSelIdx":[]}],"text":"현의 영역은 <진먼_현>(金門島)과 그 부속도서로 이루어져 있다."},{"verbs":[{"word_id":6,"ancestor":["1-4"],"verb":"달하","cwStateCd":"FIXED","cwSelIdx":13},{"word_id":15,"ancestor":["1-4"],"verb":"가깝","cwStateCd":"FIXED","cwSelIdx":13}],"text":"[중화민국] 정부 소재지인 [타이완]과는 약 210km에 달하며, 오히려 [중화인민공화국]의 영토인 [중국_대륙]에서 불과 1.8km의 거리로 매우 가깝다."},{"verbs":[{"word_id":3,"ancestor":["1-4"],"verb":"불리","cwStateCd":"FIXED","cwSelIdx":13}],"text":"[마쭈_열도](馬祖列島)와 함께 [진마_지구](金馬地區)로도 불린다."}],"globalSId":[891654,891655,891656,891657],"entities":[{"st":0,"eIdx":0,"ancestor":"","en":6,"ne_type":"","keyword":"<진먼_현>","e_type":"ELU"},{"st":17,"eIdx":1,"ancestor":"","en":23,"ne_type":"","keyword":"[중화민국]","e_type":"WIKILINK"},{"st":24,"eIdx":2,"ancestor":"","en":37,"ne_type":"","keyword":"[푸젠_성_(중화민국)]","e_type":"WIKILINK"},{"st":55,"eIdx":3,"ancestor":"-2","en":63,"cwStateCd":"FIXED","ne_type":"ORGANIZATION","cwSelIdx":[],"type":"ENTITY","keyword":"[성(省)_정부]","e_type":"NEW"},{"st":86,"eIdx":4,"ancestor":"","en":92,"ne_type":"","keyword":"<진먼_현>","e_type":"ELU"},{"st":116,"eIdx":5,"ancestor":"","en":122,"ne_type":"","keyword":"[중화민국]","e_type":"WIKILINK"},{"st":131,"eIdx":6,"ancestor":"","en":136,"ne_type":"","keyword":"[타이완]","e_type":"WIKILINK"},{"st":157,"eIdx":7,"ancestor":"","en":166,"ne_type":"","keyword":"[중화인민공화국]","e_type":"WIKILINK"},{"st":172,"eIdx":8,"ancestor":"","en":179,"ne_type":"","keyword":"[중국_대륙]","e_type":"WIKILINK"},{"st":204,"eIdx":9,"ancestor":"","en":211,"ne_type":"","keyword":"[마쭈_열도]","e_type":"WIKILINK"},{"st":222,"eIdx":10,"ancestor":"1-0","en":228,"cwStateCd":"FIXED","ne_type":"LOCATION","cwSelIdx":0,"type":"ENTITY","keyword":"[진마_지구]","e_type":"NEW"}],"wikiPageId":121755,"pIdx":1,"text":"<진먼_현>(, , 금문현)은 [중화민국] [푸젠_성_(중화민국)](福建省)에 있는 행정구역으로, [성(省)_정부]의 청사가 위치하고 있다. 현의 영역은 <진먼_현>(金門島)과 그 부속도서로 이루어져 있다. [중화민국] 정부 소재지인 [타이완]과는 약 210km에 달하며, 오히려 [중화인민공화국]의 영토인 [중국_대륙]에서 불과 1.8km의 거리로 매우 가깝다. [마쭈_열도](馬祖列島)와 함께 [진마_지구](金馬地區)로도 불린다."}