{"result":[{"verbs":[{"word_id":3,"ancestor":["1-0"],"verb":"속","cwStateCd":"FIXED","cwSelIdx":0}],"text":"[북부칼코박쥐](\"Lonchorhina inusitata\")는 [주걱박쥐과](신세계잎코박쥐류)에 속하는 [박쥐]의 일종이다."},{"verbs":[{"word_id":5,"ancestor":["1-0"],"verb":"발견","cwStateCd":"FIXED","cwSelIdx":0}],"text":"[브라질]과 [프랑스령_기아나], [수리남] 그리고 [베네수엘라]에서 발견된다."}],"globalSId":[3904843,3904844],"entities":[{"st":0,"eIdx":0,"ancestor":"-1","en":7,"cwStateCd":"FIXED","ne_type":"ETC","cwSelIdx":[],"type":"ENTITY","keyword":"[북부칼코박쥐]","e_type":"NEW"},{"st":35,"eIdx":1,"ancestor":"","en":42,"ne_type":"","keyword":"[주걱박쥐과]","e_type":"WIKILINK"},{"st":58,"eIdx":2,"ancestor":"","en":62,"ne_type":"","keyword":"[박쥐]","e_type":"WIKILINK"},{"st":70,"eIdx":3,"ancestor":"","en":75,"ne_type":"","keyword":"[브라질]","e_type":"WIKILINK"},{"st":77,"eIdx":4,"ancestor":"","en":87,"ne_type":"","keyword":"[프랑스령_기아나]","e_type":"WIKILINK"},{"st":89,"eIdx":5,"ancestor":"","en":94,"ne_type":"","keyword":"[수리남]","e_type":"WIKILINK"},{"st":99,"eIdx":6,"ancestor":"","en":106,"ne_type":"","keyword":"[베네수엘라]","e_type":"WIKILINK"}],"wikiPageId":1675794,"pIdx":1,"text":"[북부칼코박쥐](\"Lonchorhina inusitata\")는 [주걱박쥐과](신세계잎코박쥐류)에 속하는 [박쥐]의 일종이다. [브라질]과 [프랑스령_기아나], [수리남] 그리고 [베네수엘라]에서 발견된다."}