{"result":[{"verbs":[{"word_id":5,"ancestor":["1-0"],"verb":"있","cwStateCd":"FIXED","cwSelIdx":0}],"text":"<요고_역>()는 [일본] [시가_현] [나가하마_시] [요고초시타요고]에 있는 [서일본_여객철도] [호쿠리쿠_본선]의 [철도역]으로, 간이 위탁역이다."}],"globalSId":[2196577],"entities":[{"st":0,"eIdx":0,"ancestor":"","en":6,"ne_type":"","keyword":"<요고_역>","e_type":"ELU"},{"st":10,"eIdx":1,"ancestor":"","en":14,"ne_type":"","keyword":"[일본]","e_type":"WIKILINK"},{"st":15,"eIdx":2,"ancestor":"","en":21,"ne_type":"","keyword":"[시가_현]","e_type":"WIKILINK"},{"st":22,"eIdx":3,"ancestor":"","en":30,"ne_type":"","keyword":"[나가하마_시]","e_type":"WIKILINK"},{"st":31,"eIdx":4,"ancestor":"-2","en":39,"cwStateCd":"FIXED","ne_type":"LOCATION","cwSelIdx":[],"type":"ENTITY","keyword":"[요고초시타요고]","e_type":"NEW"},{"st":45,"eIdx":5,"ancestor":"","en":55,"ne_type":"","keyword":"[서일본_여객철도]","e_type":"WIKILINK"},{"st":56,"eIdx":6,"ancestor":"","en":65,"ne_type":"","keyword":"[호쿠리쿠_본선]","e_type":"WIKILINK"},{"st":67,"eIdx":7,"ancestor":"","en":72,"ne_type":"","keyword":"[철도역]","e_type":"WIKILINK"}],"wikiPageId":505964,"pIdx":1,"text":"<요고_역>()는 [일본] [시가_현] [나가하마_시] [요고초시타요고]에 있는 [서일본_여객철도] [호쿠리쿠_본선]의 [철도역]으로, 간이 위탁역이다."}