{"result":[{"verbs":[],"text":"《작별》의 단축 종영."},{"verbs":[{"word_id":13,"ancestor":["19-4"],"verb":"교체","cwStateCd":"FIXED","cwSelIdx":9},{"word_id":15,"ancestor":"-2","verb":"발생","cwStateCd":"FIXED","cwSelIdx":[]}],"text":"[1994년] [SBS] 50부작 <문화방송_월화드라마> 《[작별_(드라마)]》의 연출가가 [김수동] PD(삼화프로덕션 제작위원)에서 [곽영범] PD(SBS 제작위원)로 전격 교체되는 일이 발생했다."},{"verbs":[{"word_id":2,"ancestor":"-2","verb":"끝나","cwStateCd":"FIXED","cwSelIdx":[]},{"word_id":13,"ancestor":"-2","verb":"대","cwStateCd":"FIXED","cwSelIdx":[]},{"word_id":23,"ancestor":"-2","verb":"둘러싸","cwStateCd":"FIXED","cwSelIdx":[]},{"word_id":25,"ancestor":"-2","verb":"빚","cwStateCd":"FIXED","cwSelIdx":[]},{"word_id":29,"ancestor":"-2","verb":"되","cwStateCd":"FIXED","cwSelIdx":[]}],"text":"이미 녹화가 끝난 1, 2회분 가운데 [프랑스] [파리] 로케이션 부분을 제외한 국내 촬영분에 대해 작가의 요구로 재촬영하는 등 PD와 작가 사이에 작품의 완성도를 둘러싸고 마찰을 빚어온 것이 갈등의 불씨가 된 것이다."},{"verbs":[{"word_id":5,"ancestor":"-2","verb":"위하","cwStateCd":"FIXED","cwSelIdx":[]},{"word_id":9,"ancestor":"-2","verb":"맞","cwStateCd":"FIXED","cwSelIdx":[]},{"word_id":11,"ancestor":"-2","verb":"교체하","cwStateCd":"FIXED","cwSelIdx":[]},{"word_id":13,"ancestor":"-2","verb":"바람직하","cwStateCd":"FIXED","cwSelIdx":[]},{"word_id":23,"ancestor":"-2","verb":"맞추","cwStateCd":"FIXED","cwSelIdx":[]},{"word_id":26,"ancestor":"-2","verb":"투입","cwStateCd":"FIXED","cwSelIdx":[]}],"text":"결국 방송사 [SBS]는 '드라마의 성공을 위해서라도 일찌감치 작가와 호흡이 맞는 연출가로 교체하는 것이 바람직하다'는 입장을 내어놓아, [MBC] TV 시절부터 오랜기간 <김수현_(작가)>과 명콤비로 호흡을 맞춰온 [곽영범] PD를 투입함으로써 결과적으로 작가 <김수현_(작가)>의 손을 들어주었다."},{"verbs":[{"word_id":13,"ancestor":"-2","verb":"넘어서","cwStateCd":"FIXED","cwSelIdx":[]},{"word_id":21,"ancestor":"-2","verb":"무시","cwStateCd":"FIXED","cwSelIdx":[]}],"text":"이에 [한국방송프로듀서연합회]는 \"1회분 방송이 나간 뒤에 작가가 연출자 교체를 요구하는 것은 작가의 영역을 넘어선 월권행위이며, 프로그램 최종 책임자인 [프로듀서]의 전문성과 권한을 무시한 처사\"라는 입장을 밝히고, 해당 작가인 <김수현_(작가)>의 공개사과와 재발방지 약속을 요구했다."},{"verbs":[{"word_id":3,"ancestor":"-2","verb":"두","cwStateCd":"FIXED","cwSelIdx":[]},{"word_id":10,"ancestor":"-2","verb":"침해","cwStateCd":"FIXED","cwSelIdx":109},{"word_id":14,"ancestor":["19-15"],"verb":"갈아치우","cwStateCd":"FIXED","cwSelIdx":109},{"word_id":16,"ancestor":"-2","verb":"평","cwStateCd":"FIXED","cwSelIdx":[]}],"text":"방송가에서는 이 일을 두고 작가의 입김이 너무 거세 연출자의 권한까지 침해하고 작가의 파워로 연출자를 갈아치웠다는 사례로 평했다."},{"verbs":[{"word_id":1,"ancestor":["19-3"],"verb":"기획","cwStateCd":"FIXED","cwSelIdx":7},{"word_id":3,"ancestor":"-2","verb":"늘이","cwStateCd":"FIXED","cwSelIdx":[]},{"word_id":4,"ancestor":["19-16"],"verb":"방영","cwStateCd":"FIXED","cwSelIdx":137},{"word_id":9,"ancestor":["19-16"],"verb":"종영","cwStateCd":"FIXED","cwSelIdx":137}],"text":"50회로 기획되었으나 60~70회로 늘여 방영할 방침이었던 《[작별_(드라마)]》은 애초 계획대로 종영하기로 작가와 [SBS]가 합의를 보면서 사실상 단축 종영을 하였다."}],"globalSId":[413155,413156,413157,413158,413159,413160,413161],"entities":[{"st":13,"eIdx":0,"ancestor":"","en":20,"ne_type":"","keyword":"[1994년]","e_type":"WIKILINK"},{"st":21,"eIdx":1,"ancestor":"","en":26,"ne_type":"","keyword":"[SBS]","e_type":"WIKILINK"},{"st":32,"eIdx":2,"ancestor":"","en":44,"ne_type":"","keyword":"<문화방송_월화드라마>","e_type":"ELU"},{"st":46,"eIdx":3,"ancestor":"","en":56,"ne_type":"","keyword":"[작별_(드라마)]","e_type":"WIKILINK"},{"st":64,"eIdx":4,"ancestor":"-2","en":68,"cwStateCd":"FIXED","ne_type":"PERSON","cwSelIdx":[],"type":"ENTITY","keyword":"[김수동]","e_type":"NEW"},{"st":88,"eIdx":5,"ancestor":"-2","en":92,"cwStateCd":"FIXED","ne_type":"PERSON","cwSelIdx":[],"type":"ENTITY","keyword":"[곽영범]","e_type":"NEW"},{"st":146,"eIdx":6,"ancestor":"","en":151,"ne_type":"","keyword":"[프랑스]","e_type":"WIKILINK"},{"st":152,"eIdx":7,"ancestor":"-2","en":155,"cwStateCd":"FIXED","ne_type":"LOCATION","cwSelIdx":[],"type":"ENTITY","keyword":"[파리]","e_type":"NEW"},{"st":255,"eIdx":8,"ancestor":"","en":260,"ne_type":"","keyword":"[SBS]","e_type":"WIKILINK"},{"st":325,"eIdx":9,"ancestor":"","en":330,"ne_type":"","keyword":"[MBC]","e_type":"WIKILINK"},{"st":344,"eIdx":10,"ancestor":"","en":354,"ne_type":"","keyword":"<김수현_(작가)>","e_type":"ELU"},{"st":369,"eIdx":11,"ancestor":"19-5","en":373,"cwStateCd":"FIXED","ne_type":"PERSON","cwSelIdx":12,"type":"ENTITY","keyword":"[곽영범]","e_type":"NEW"},{"st":395,"eIdx":12,"ancestor":"","en":405,"ne_type":"","keyword":"<김수현_(작가)>","e_type":"ELU"},{"st":420,"eIdx":13,"ancestor":"-2","en":432,"cwStateCd":"FIXED","ne_type":"ORGANIZATION","cwSelIdx":[],"type":"ENTITY","keyword":"[한국방송프로듀서연합회]","e_type":"NEW"},{"st":503,"eIdx":14,"ancestor":"","en":509,"ne_type":"","keyword":"[프로듀서]","e_type":"WIKILINK"},{"st":546,"eIdx":15,"ancestor":"","en":556,"ne_type":"","keyword":"<김수현_(작가)>","e_type":"ELU"},{"st":686,"eIdx":16,"ancestor":"","en":696,"ne_type":"","keyword":"[작별_(드라마)]","e_type":"WIKILINK"},{"st":717,"eIdx":17,"ancestor":"","en":722,"ne_type":"","keyword":"[SBS]","e_type":"WIKILINK"}],"wikiPageId":43793,"pIdx":19,"text":"《작별》의 단축 종영. [1994년] [SBS] 50부작 <문화방송_월화드라마> 《[작별_(드라마)]》의 연출가가 [김수동] PD(삼화프로덕션 제작위원)에서 [곽영범] PD(SBS 제작위원)로 전격 교체되는 일이 발생했다. 이미 녹화가 끝난 1, 2회분 가운데 [프랑스] [파리] 로케이션 부분을 제외한 국내 촬영분에 대해 작가의 요구로 재촬영하는 등 PD와 작가 사이에 작품의 완성도를 둘러싸고 마찰을 빚어온 것이 갈등의 불씨가 된 것이다. 결국 방송사 [SBS]는 '드라마의 성공을 위해서라도 일찌감치 작가와 호흡이 맞는 연출가로 교체하는 것이 바람직하다'는 입장을 내어놓아, [MBC] TV 시절부터 오랜기간 <김수현_(작가)>과 명콤비로 호흡을 맞춰온 [곽영범] PD를 투입함으로써 결과적으로 작가 <김수현_(작가)>의 손을 들어주었다. 이에 [한국방송프로듀서연합회]는 \"1회분 방송이 나간 뒤에 작가가 연출자 교체를 요구하는 것은 작가의 영역을 넘어선 월권행위이며, 프로그램 최종 책임자인 [프로듀서]의 전문성과 권한을 무시한 처사\"라는 입장을 밝히고, 해당 작가인 <김수현_(작가)>의 공개사과와 재발방지 약속을 요구했다. 방송가에서는 이 일을 두고 작가의 입김이 너무 거세 연출자의 권한까지 침해하고 작가의 파워로 연출자를 갈아치웠다는 사례로 평했다. 50회로 기획되었으나 60~70회로 늘여 방영할 방침이었던 《[작별_(드라마)]》은 애초 계획대로 종영하기로 작가와 [SBS]가 합의를 보면서 사실상 단축 종영을 하였다."}