{"result":[{"verbs":[{"word_id":5,"ancestor":["1-0"],"verb":"하","cwStateCd":"FIXED","cwSelIdx":0}],"text":"<부여_서씨>(扶餘 徐氏)는 [충청남도] [부여군]을 본관으로 하는 [한국의_성씨]이다."},{"verbs":[],"text":"시조는 [백제] [의자왕]의 아들 [부여융](扶餘隆)이다."}],"globalSId":[2687211,2687212],"entities":[{"st":0,"eIdx":0,"ancestor":"","en":7,"ne_type":"","keyword":"<부여_서씨>","e_type":"ELU"},{"st":16,"eIdx":1,"ancestor":"","en":22,"ne_type":"","keyword":"[충청남도]","e_type":"WIKILINK"},{"st":23,"eIdx":2,"ancestor":"","en":28,"ne_type":"","keyword":"[부여군]","e_type":"WIKILINK"},{"st":38,"eIdx":3,"ancestor":"","en":46,"ne_type":"","keyword":"[한국의_성씨]","e_type":"WIKILINK"},{"st":54,"eIdx":4,"ancestor":"","en":58,"ne_type":"","keyword":"[백제]","e_type":"WIKILINK"},{"st":59,"eIdx":5,"ancestor":"","en":64,"ne_type":"","keyword":"[의자왕]","e_type":"WIKILINK"},{"st":69,"eIdx":6,"ancestor":"","en":74,"ne_type":"","keyword":"[부여융]","e_type":"WIKILINK"}],"wikiPageId":737052,"pIdx":1,"text":"<부여_서씨>(扶餘 徐氏)는 [충청남도] [부여군]을 본관으로 하는 [한국의_성씨]이다. 시조는 [백제] [의자왕]의 아들 [부여융](扶餘隆)이다."}