{"result":[{"verbs":[{"word_id":2,"ancestor":["1-0"],"verb":"살","cwStateCd":"FIXED","cwSelIdx":0}],"text":"<타이탄하늘소>는 [아마존_우림]에 사는 [하늘소과]의 [딱정벌레]이다."},{"verbs":[{"word_id":3,"ancestor":["1-0"],"verb":"거대","cwStateCd":"FIXED","cwSelIdx":0},{"word_id":5,"ancestor":["1-0"],"verb":"가지","cwStateCd":"FIXED","cwSelIdx":0}],"text":"속명과 종소명 모두 거대하다는 뜻을 가진다."}],"globalSId":[1092503,1092504],"entities":[{"st":0,"eIdx":0,"ancestor":"","en":8,"ne_type":"","keyword":"<타이탄하늘소>","e_type":"ELU"},{"st":10,"eIdx":1,"ancestor":"","en":18,"ne_type":"","keyword":"[아마존_우림]","e_type":"WIKILINK"},{"st":23,"eIdx":2,"ancestor":"","en":29,"ne_type":"","keyword":"[하늘소과]","e_type":"WIKILINK"},{"st":31,"eIdx":3,"ancestor":"","en":37,"ne_type":"","keyword":"[딱정벌레]","e_type":"WIKILINK"}],"wikiPageId":162519,"pIdx":1,"text":"<타이탄하늘소>는 [아마존_우림]에 사는 [하늘소과]의 [딱정벌레]이다. 속명과 종소명 모두 거대하다는 뜻을 가진다."}