{"result":[{"verbs":[{"word_id":5,"ancestor":["1-0"],"verb":"하","cwStateCd":"FIXED","cwSelIdx":0}],"text":"[아소시아시옹_스포르티브_드_모나코_풋볼_클뢰브]()는 도시 국가인 [모나코]를 연고지로 하는 축구 클럽이다."},{"verbs":[{"word_id":3,"ancestor":["1-0"],"verb":"창단","cwStateCd":"FIXED","cwSelIdx":0},{"word_id":9,"ancestor":["1-0"],"verb":"참가","cwStateCd":"FIXED","cwSelIdx":0}],"text":"이 팀은 [1924년]에 창단되었으며, 현재 [프랑스]의 1부 리그인 [리그_1]에 참가하고 있다."},{"verbs":[{"word_id":3,"ancestor":"-2","verb":"있","cwStateCd":"FIXED","cwSelIdx":[]}],"text":"홈 경기장은 [퐁비에유]에 있는 [스타드_루이_II] 경기장이다."},{"verbs":[],"text":"[레오나르두_자르딩]이 감독, [제레미_툴라랑]이 주장을 맡고 있다."}],"globalSId":[935154,935155,935156,935157],"entities":[{"st":1,"eIdx":0,"ancestor":"-2","en":24,"cwStateCd":"FIXED","ne_type":"ORGANIZATION","cwSelIdx":[],"type":"ENTITY","keyword":"아소시아시옹_스포르티브_드_모나코_풋볼_클뢰브","e_type":"NEW"},{"st":38,"eIdx":1,"ancestor":"","en":43,"ne_type":"","keyword":"[모나코]","e_type":"WIKILINK"},{"st":68,"eIdx":2,"ancestor":"-2","en":71,"cwStateCd":"FIXED","ne_type":"TIME","cwSelIdx":[],"type":"ENTITY","keyword":"1924년","e_type":"NEW"},{"st":87,"eIdx":3,"ancestor":"","en":92,"ne_type":"","keyword":"[프랑스]","e_type":"WIKILINK"},{"st":101,"eIdx":4,"ancestor":"","en":107,"ne_type":"","keyword":"[리그_1]","e_type":"WIKILINK"},{"st":125,"eIdx":5,"ancestor":"","en":131,"ne_type":"","keyword":"[퐁비에유]","e_type":"WIKILINK"},{"st":136,"eIdx":6,"ancestor":"","en":147,"ne_type":"","keyword":"[스타드_루이_II]","e_type":"WIKILINK"},{"st":155,"eIdx":7,"ancestor":"","en":166,"ne_type":"","keyword":"[레오나르두_자르딩]","e_type":"WIKILINK"},{"st":172,"eIdx":8,"ancestor":"","en":181,"ne_type":"","keyword":"[제레미_툴라랑]","e_type":"WIKILINK"}],"wikiPageId":129300,"pIdx":1,"text":"[아소시아시옹_스포르티브_드_모나코_풋볼_클뢰브]()는 도시 국가인 [모나코]를 연고지로 하는 축구 클럽이다. 이 팀은 [1924년]에 창단되었으며, 현재 [프랑스]의 1부 리그인 [리그_1]에 참가하고 있다. 홈 경기장은 [퐁비에유]에 있는 [스타드_루이_II] 경기장이다. [레오나르두_자르딩]이 감독, [제레미_툴라랑]이 주장을 맡고 있다."}