{"result":[{"verbs":[{"word_id":3,"ancestor":"-1","verb":"늘","cwStateCd":"FIXED","cwSelIdx":[]},{"word_id":6,"ancestor":["1-0"],"verb":"위치","cwStateCd":"FIXED","cwSelIdx":0}],"text":"[풀라_유라이_도브리라_대학교] (, ) 는 [크로아티아]의 [풀라_(크로아티아)]에 위치한 공립 [대학교]이다."},{"verbs":[{"word_id":1,"ancestor":["1-0"],"verb":"설립","cwStateCd":"FIXED","cwSelIdx":0}],"text":"[2006년] 설립되었다."}],"globalSId":[3200821,3200822],"entities":[{"st":0,"eIdx":0,"ancestor":"-2","en":16,"cwStateCd":"FIXED","ne_type":"ORGANIZATION","cwSelIdx":[],"type":"ENTITY","keyword":"[풀라_유라이_도브리라_대학교]","e_type":"NEW"},{"st":25,"eIdx":1,"ancestor":"","en":32,"ne_type":"","keyword":"[크로아티아]","e_type":"WIKILINK"},{"st":34,"eIdx":2,"ancestor":"","en":46,"ne_type":"","keyword":"[풀라_(크로아티아)]","e_type":"WIKILINK"},{"st":55,"eIdx":3,"ancestor":"","en":60,"ne_type":"","keyword":"[대학교]","e_type":"WIKILINK"},{"st":64,"eIdx":4,"ancestor":"","en":71,"ne_type":"","keyword":"[2006년]","e_type":"WIKILINK"}],"wikiPageId":1015138,"pIdx":1,"text":"[풀라_유라이_도브리라_대학교] (, ) 는 [크로아티아]의 [풀라_(크로아티아)]에 위치한 공립 [대학교]이다. [2006년] 설립되었다."}