{"result":[{"verbs":[{"word_id":14,"ancestor":["1-0"],"verb":"이루","cwStateCd":"FIXED","cwSelIdx":0}],"text":"[시티즌시계] 주식회사(, )는 [도쿄_도] [니시토쿄_시]에 본사를 두고 있는 [일본]의 정밀·전자기기 제조 회사이며, [시티즌_그룹]의 핵심을 이루는 기업이다."}],"globalSId":[3522829],"entities":[{"st":0,"eIdx":0,"ancestor":"-2","en":6,"cwStateCd":"FIXED","ne_type":"ORGANIZATION","cwSelIdx":[],"type":"ENTITY","keyword":"[시티즌시계]","e_type":"NEW"},{"st":18,"eIdx":1,"ancestor":"","en":24,"ne_type":"","keyword":"[도쿄_도]","e_type":"WIKILINK"},{"st":25,"eIdx":2,"ancestor":"","en":33,"ne_type":"","keyword":"[니시토쿄_시]","e_type":"WIKILINK"},{"st":45,"eIdx":3,"ancestor":"","en":49,"ne_type":"","keyword":"[일본]","e_type":"WIKILINK"},{"st":68,"eIdx":4,"ancestor":"-2","en":75,"cwStateCd":"FIXED","ne_type":"ORGANIZATION","cwSelIdx":[],"type":"ENTITY","keyword":"[시티즌_그룹]","e_type":"NEW"}],"wikiPageId":1275929,"pIdx":1,"text":"[시티즌시계] 주식회사(, )는 [도쿄_도] [니시토쿄_시]에 본사를 두고 있는 [일본]의 정밀·전자기기 제조 회사이며, [시티즌_그룹]의 핵심을 이루는 기업이다."}