{"result":[{"verbs":[{"word_id":3,"ancestor":["1-0"],"verb":"속","cwStateCd":"FIXED","cwSelIdx":0},{"word_id":4,"ancestor":"-2","verb":"작","cwStateCd":"FIXED","cwSelIdx":[]}],"text":"[에티오피아난쟁이몽구스](\"Helogale hirtula\")는 [몽구스]에 속하는 작은 [아프리카] [식육목] [포유류]이다."},{"verbs":[{"word_id":3,"ancestor":["1-0"],"verb":"알려지","cwStateCd":"FIXED","cwSelIdx":0}],"text":"[사막난쟁이몽구스] 또는 [소말리아난쟁이몽구스]로도 알려져 있다."},{"verbs":[{"word_id":6,"ancestor":["1-0"],"verb":"발견","cwStateCd":"FIXED","cwSelIdx":0}],"text":"[동아프리카] 특히 [에티오피아]와 [케냐] 그리고 [소말리아]에서 발견된다."}],"globalSId":[3764791,3764792,3764793],"entities":[{"st":0,"eIdx":0,"ancestor":"-2","en":12,"cwStateCd":"FIXED","ne_type":"ETC","cwSelIdx":[],"type":"ENTITY","keyword":"[에티오피아난쟁이몽구스]","e_type":"NEW"},{"st":35,"eIdx":1,"ancestor":"","en":40,"ne_type":"","keyword":"[몽구스]","e_type":"WIKILINK"},{"st":49,"eIdx":2,"ancestor":"","en":55,"ne_type":"","keyword":"[아프리카]","e_type":"WIKILINK"},{"st":56,"eIdx":3,"ancestor":"","en":61,"ne_type":"","keyword":"[식육목]","e_type":"WIKILINK"},{"st":62,"eIdx":4,"ancestor":"","en":67,"ne_type":"","keyword":"[포유류]","e_type":"WIKILINK"},{"st":71,"eIdx":5,"ancestor":"1-0","en":80,"cwStateCd":"FIXED","ne_type":"ETC","cwSelIdx":0,"type":"ENTITY","keyword":"[사막난쟁이몽구스]","e_type":"NEW"},{"st":85,"eIdx":6,"ancestor":"1-5","en":96,"cwStateCd":"FIXED","ne_type":"ETC","cwSelIdx":8,"type":"ENTITY","keyword":"[소말리아난쟁이몽구스]","e_type":"NEW"},{"st":108,"eIdx":7,"ancestor":"","en":115,"ne_type":"","keyword":"[동아프리카]","e_type":"WIKILINK"},{"st":119,"eIdx":8,"ancestor":"","en":126,"ne_type":"","keyword":"[에티오피아]","e_type":"WIKILINK"},{"st":128,"eIdx":9,"ancestor":"","en":132,"ne_type":"","keyword":"[케냐]","e_type":"WIKILINK"},{"st":137,"eIdx":10,"ancestor":"","en":143,"ne_type":"","keyword":"[소말리아]","e_type":"WIKILINK"}],"wikiPageId":1482041,"pIdx":1,"text":"[에티오피아난쟁이몽구스](\"Helogale hirtula\")는 [몽구스]에 속하는 작은 [아프리카] [식육목] [포유류]이다. [사막난쟁이몽구스] 또는 [소말리아난쟁이몽구스]로도 알려져 있다. [동아프리카] 특히 [에티오피아]와 [케냐] 그리고 [소말리아]에서 발견된다."}