{"result":[{"verbs":[{"word_id":4,"ancestor":"-2","verb":"대","cwStateCd":"FIXED","cwSelIdx":[]},{"word_id":6,"ancestor":["2-0"],"verb":"포함","cwStateCd":"FIXED","cwSelIdx":0}],"text":"[우주론]은 천체의 움직임과 [원동자]에 대한 연구를 포함하고 있다."},{"verbs":[{"word_id":7,"ancestor":["2-0"],"verb":"인식","cwStateCd":"FIXED","cwSelIdx":0}],"text":"인간의 역사의 대부분에서, 이것은 [형이상학]과 [종교]의 일부로 인식되었다."},{"verbs":[{"word_id":4,"ancestor":"-2","verb":"같","cwStateCd":"FIXED","cwSelIdx":[]},{"word_id":7,"ancestor":"-2","verb":"따르","cwStateCd":"FIXED","cwSelIdx":[]},{"word_id":12,"ancestor":"-2","verb":"이해","cwStateCd":"FIXED","cwSelIdx":[]},{"word_id":15,"ancestor":"-2","verb":"설명","cwStateCd":"FIXED","cwSelIdx":[]},{"word_id":18,"ancestor":["2-0"],"verb":"시작","cwStateCd":"FIXED","cwSelIdx":0}],"text":"[과학]으로서의 우주론은 천체가 지구에서와 같은 물리 법칙을 따른다는 [코페르니쿠스_원리]와, 처음으로 천체의 움직임을 이해할 수 있게 설명한 [뉴턴_역학]과 함께 시작되었다."},{"verbs":[{"word_id":3,"ancestor":"-2","verb":"하","cwStateCd":"FIXED","cwSelIdx":[]}],"text":"현재에는 이를 [천체역학]이라고 한다."},{"verbs":[{"word_id":3,"ancestor":"-2","verb":"발달","cwStateCd":"FIXED","cwSelIdx":[]},{"word_id":8,"ancestor":"-2","verb":"떨어지","cwStateCd":"FIXED","cwSelIdx":[]},{"word_id":10,"ancestor":"-2","verb":"대","cwStateCd":"FIXED","cwSelIdx":[]},{"word_id":11,"ancestor":"-2","verb":"발달","cwStateCd":"FIXED","cwSelIdx":[]},{"word_id":15,"ancestor":["2-8"],"verb":"시작","cwStateCd":"FIXED","cwSelIdx":39}],"text":"<물리우주론>은, [20세기] 이래 발달되어온 [알베르트_아인슈타인]의 [일반상대성이론]과, 아주 멀리 떨어진 천체에 대한 발달된 [천문학]적 관찰과 함께 시작되었다."}],"globalSId":[1978946,1978947,1978948,1978949,1978950],"entities":[{"st":0,"eIdx":0,"ancestor":"-2","en":4,"cwStateCd":"FIXED","ne_type":"ETC","cwSelIdx":[],"type":"ENTITY","keyword":"[우주론]","e_type":"NEW"},{"st":16,"eIdx":1,"ancestor":"","en":21,"ne_type":"","keyword":"[원동자]","e_type":"WIKILINK"},{"st":58,"eIdx":2,"ancestor":"","en":64,"ne_type":"","keyword":"[형이상학]","e_type":"WIKILINK"},{"st":66,"eIdx":3,"ancestor":"","en":70,"ne_type":"","keyword":"[종교]","e_type":"WIKILINK"},{"st":83,"eIdx":4,"ancestor":"","en":87,"ne_type":"","keyword":"[과학]","e_type":"WIKILINK"},{"st":122,"eIdx":5,"ancestor":"","en":133,"ne_type":"","keyword":"[코페르니쿠스_원리]","e_type":"WIKILINK"},{"st":163,"eIdx":6,"ancestor":"","en":170,"ne_type":"","keyword":"[뉴턴_역학]","e_type":"WIKILINK"},{"st":190,"eIdx":7,"ancestor":"","en":196,"ne_type":"","keyword":"[천체역학]","e_type":"WIKILINK"},{"st":204,"eIdx":8,"ancestor":"","en":211,"ne_type":"","keyword":"<물리우주론>","e_type":"ELU"},{"st":214,"eIdx":9,"ancestor":"-2","en":219,"cwStateCd":"FIXED","ne_type":"TIME","cwSelIdx":[],"type":"ENTITY","keyword":"[20세기]","e_type":"NEW"},{"st":230,"eIdx":10,"ancestor":"","en":242,"ne_type":"","keyword":"[알베르트_아인슈타인]","e_type":"WIKILINK"},{"st":244,"eIdx":11,"ancestor":"","en":253,"ne_type":"","keyword":"[일반상대성이론]","e_type":"WIKILINK"},{"st":277,"eIdx":12,"ancestor":"","en":282,"ne_type":"","keyword":"[천문학]","e_type":"WIKILINK"}],"wikiPageId":413148,"pIdx":2,"text":"[우주론]은 천체의 움직임과 [원동자]에 대한 연구를 포함하고 있다. 인간의 역사의 대부분에서, 이것은 [형이상학]과 [종교]의 일부로 인식되었다. [과학]으로서의 우주론은 천체가 지구에서와 같은 물리 법칙을 따른다는 [코페르니쿠스_원리]와, 처음으로 천체의 움직임을 이해할 수 있게 설명한 [뉴턴_역학]과 함께 시작되었다. 현재에는 이를 [천체역학]이라고 한다. <물리우주론>은, [20세기] 이래 발달되어온 [알베르트_아인슈타인]의 [일반상대성이론]과, 아주 멀리 떨어진 천체에 대한 발달된 [천문학]적 관찰과 함께 시작되었다."}