{"result":[{"verbs":[{"word_id":7,"ancestor":["1-0"],"verb":"위치","cwStateCd":"FIXED","cwSelIdx":0},{"word_id":8,"ancestor":"-2","verb":"유명","cwStateCd":"FIXED","cwSelIdx":[]},{"word_id":14,"ancestor":"-2","verb":"크","cwStateCd":"FIXED","cwSelIdx":[]},{"word_id":16,"ancestor":["1-0"],"verb":"자랑","cwStateCd":"FIXED","cwSelIdx":0}],"text":"<요크_대학교_(캐나다)>(York University 또는 YorkU)는 [캐나다] [온타리오_주] [토론토]에 위치한 유명한 연구 중심 공립대학교이며 <캐나다>에서 3번째로 큰 규모를 자랑한다."}],"globalSId":[2552002],"entities":[{"st":0,"eIdx":0,"ancestor":"","en":14,"ne_type":"","keyword":"<요크_대학교_(캐나다)>","e_type":"ELU"},{"st":42,"eIdx":1,"ancestor":"","en":47,"ne_type":"","keyword":"[캐나다]","e_type":"WIKILINK"},{"st":48,"eIdx":2,"ancestor":"","en":56,"ne_type":"","keyword":"[온타리오_주]","e_type":"WIKILINK"},{"st":57,"eIdx":3,"ancestor":"","en":62,"ne_type":"","keyword":"[토론토]","e_type":"WIKILINK"},{"st":86,"eIdx":4,"ancestor":"","en":91,"ne_type":"","keyword":"<캐나다>","e_type":"ELU"}],"wikiPageId":674863,"pIdx":1,"text":"<요크_대학교_(캐나다)>(York University 또는 YorkU)는 [캐나다] [온타리오_주] [토론토]에 위치한 유명한 연구 중심 공립대학교이며 <캐나다>에서 3번째로 큰 규모를 자랑한다."}