{"result":[{"verbs":[{"word_id":3,"ancestor":["1-0"],"verb":"출정","cwStateCd":"FIXED","cwSelIdx":0},{"word_id":6,"ancestor":"-2","verb":"위화","cwStateCd":"FIXED","cwSelIdx":[]}],"text":"[1388년] [요동정벌군]의 [좌군도통사](左軍都統使)로 출정하였다가 [조선_태조](李成桂)와 함께 [위화도_회군]하였다."},{"verbs":[{"word_id":19,"ancestor":"-2","verb":"아들","cwStateCd":"FIXED","cwSelIdx":[]},{"word_id":21,"ancestor":"-2","verb":"세우","cwStateCd":"FIXED","cwSelIdx":[]}],"text":"[이인임](李仁任)의 아버지의 사촌 누이의 아들이 [배극렴](裵克廉)과 <조민수>인데 <조민수>는 <이인임>이 자신을 천거해 준 은혜를 생각하여 [이인임]의 외형제인 [이림](李琳)의 딸인 [근비](謹妃)의 아들되는 [왕창](王昌)을 세우려고 마음먹었다."},{"verbs":[{"word_id":8,"ancestor":"-2","verb":"명망","cwStateCd":"FIXED","cwSelIdx":[]},{"word_id":16,"ancestor":["5-8"],"verb":"묻","cwStateCd":"FIXED","cwSelIdx":14}],"text":"장수들이 자기의 뜻을 어기고 [왕씨]를 세울까 우려해 당시 명망있는 유학자였던 <서천군>(韓山君) [이색](李穡)의 말을 끌어대보려고 은밀히 [이색]에게 물었다."}],"globalSId":[1551955,1551956,1551957],"entities":[{"st":0,"eIdx":0,"ancestor":"","en":7,"ne_type":"","keyword":"[1388년]","e_type":"WIKILINK"},{"st":8,"eIdx":1,"ancestor":"-2","en":14,"cwStateCd":"FIXED","ne_type":"ETC","cwSelIdx":[],"type":"ENTITY","keyword":"[요동정벌군]","e_type":"NEW"},{"st":17,"eIdx":2,"ancestor":"-2","en":23,"cwStateCd":"FIXED","ne_type":"ETC","cwSelIdx":[],"type":"ENTITY","keyword":"[좌군도통사]","e_type":"NEW"},{"st":40,"eIdx":3,"ancestor":"","en":47,"ne_type":"","keyword":"[조선_태조]","e_type":"WIKILINK"},{"st":57,"eIdx":4,"ancestor":"","en":65,"ne_type":"","keyword":"[위화도_회군]","e_type":"WIKILINK"},{"st":70,"eIdx":5,"ancestor":"","en":75,"ne_type":"","keyword":"[이인임]","e_type":"WIKILINK"},{"st":98,"eIdx":6,"ancestor":"","en":103,"ne_type":"","keyword":"[배극렴]","e_type":"WIKILINK"},{"st":110,"eIdx":7,"ancestor":"","en":115,"ne_type":"","keyword":"<조민수>","e_type":"ELU"},{"st":118,"eIdx":8,"ancestor":"","en":123,"ne_type":"","keyword":"<조민수>","e_type":"ELU"},{"st":125,"eIdx":9,"ancestor":"","en":130,"ne_type":"","keyword":"<이인임>","e_type":"ELU"},{"st":151,"eIdx":10,"ancestor":"","en":156,"ne_type":"","keyword":"[이인임]","e_type":"WIKILINK"},{"st":163,"eIdx":11,"ancestor":"","en":167,"ne_type":"","keyword":"[이림]","e_type":"WIKILINK"},{"st":176,"eIdx":12,"ancestor":"-2","en":179,"cwStateCd":"FIXED","ne_type":"PERSON","cwSelIdx":[],"type":"ENTITY","keyword":"[근비]","e_type":"NEW"},{"st":191,"eIdx":13,"ancestor":"-2","en":194,"cwStateCd":"FIXED","ne_type":"PERSON","cwSelIdx":[],"type":"ENTITY","keyword":"[왕창]","e_type":"NEW"},{"st":229,"eIdx":14,"ancestor":"-2","en":232,"cwStateCd":"FIXED","ne_type":"PERSON","cwSelIdx":[],"type":"ENTITY","keyword":"[왕씨]","e_type":"NEW"},{"st":257,"eIdx":15,"ancestor":"","en":262,"ne_type":"","keyword":"<서천군>","e_type":"ELU"},{"st":268,"eIdx":16,"ancestor":"","en":272,"ne_type":"","keyword":"[이색]","e_type":"WIKILINK"},{"st":292,"eIdx":17,"ancestor":"5-15","en":295,"cwStateCd":"FIXED","ne_type":"PERSON","cwSelIdx":40,"type":"ENTITY","keyword":"[이색]","e_type":"NEW"}],"wikiPageId":276535,"pIdx":5,"text":"[1388년] [요동정벌군]의 [좌군도통사](左軍都統使)로 출정하였다가 [조선_태조](李成桂)와 함께 [위화도_회군]하였다. [이인임](李仁任)의 아버지의 사촌 누이의 아들이 [배극렴](裵克廉)과 <조민수>인데 <조민수>는 <이인임>이 자신을 천거해 준 은혜를 생각하여 [이인임]의 외형제인 [이림](李琳)의 딸인 [근비](謹妃)의 아들되는 [왕창](王昌)을 세우려고 마음먹었다. 장수들이 자기의 뜻을 어기고 [왕씨]를 세울까 우려해 당시 명망있는 유학자였던 <서천군>(韓山君) [이색](李穡)의 말을 끌어대보려고 은밀히 [이색]에게 물었다."}