{"result":[{"verbs":[{"word_id":10,"ancestor":["1-0"],"verb":"떨어지","cwStateCd":"FIXED","cwSelIdx":0},{"word_id":12,"ancestor":["1-0"],"verb":"위치","cwStateCd":"FIXED","cwSelIdx":0}],"text":"<제럴턴>(Geraldton)은 [오스트레일리아] [웨스턴오스트레일리아_주]의 항구도시로, [퍼스_(웨스턴오스트레일리아_주)](웨스턴오스트레일리아 주의 주도)에서 북쪽으로 424km 정도 떨어진 곳에 위치하며 인구는 31,553명(2006년 인구조사 기준)이다."},{"verbs":[{"word_id":13,"ancestor":"-1","verb":"많","cwStateCd":"FIXED","cwSelIdx":[]}],"text":"주요 산업은 광업과 어업, 밀 생산, 양 사육, 관광이며 <웨스턴오스트레일리아_주>에서 네 번째로 인구가 많은 도시이다."}],"globalSId":[2553664,2553665],"entities":[{"st":0,"eIdx":0,"ancestor":"","en":5,"ne_type":"","keyword":"<제럴턴>","e_type":"ELU"},{"st":18,"eIdx":1,"ancestor":"","en":27,"ne_type":"","keyword":"[오스트레일리아]","e_type":"WIKILINK"},{"st":28,"eIdx":2,"ancestor":"","en":42,"ne_type":"","keyword":"[웨스턴오스트레일리아_주]","e_type":"WIKILINK"},{"st":51,"eIdx":3,"ancestor":"","en":70,"ne_type":"","keyword":"[퍼스_(웨스턴오스트레일리아_주)]","e_type":"WIKILINK"},{"st":179,"eIdx":4,"ancestor":"","en":193,"ne_type":"","keyword":"<웨스턴오스트레일리아_주>","e_type":"ELU"}],"wikiPageId":675452,"pIdx":1,"text":"<제럴턴>(Geraldton)은 [오스트레일리아] [웨스턴오스트레일리아_주]의 항구도시로, [퍼스_(웨스턴오스트레일리아_주)](웨스턴오스트레일리아 주의 주도)에서 북쪽으로 424km 정도 떨어진 곳에 위치하며 인구는 31,553명(2006년 인구조사 기준)이다. 주요 산업은 광업과 어업, 밀 생산, 양 사육, 관광이며 <웨스턴오스트레일리아_주>에서 네 번째로 인구가 많은 도시이다."}