{"result":[{"verbs":[{"word_id":5,"ancestor":"-2","verb":"따르","cwStateCd":"FIXED","cwSelIdx":[]},{"word_id":11,"ancestor":["1-0"],"verb":"선발","cwStateCd":"FIXED","cwSelIdx":0}],"text":"[2014년]주전 유격수 [손시헌]이 [NC_다이노스]로 이적함에 따라 백업이었던 그는 주전 유격수로 개막전에 선발출장했다."},{"verbs":[{"word_id":2,"ancestor":"-2","verb":"인","cwStateCd":"FIXED","cwSelIdx":[]},{"word_id":4,"ancestor":"-2","verb":"인","cwStateCd":"FIXED","cwSelIdx":[]},{"word_id":9,"ancestor":["1-0"],"verb":"부진","cwStateCd":"FIXED","cwSelIdx":0}],"text":"하지만 주전으로 인한 부담으로 인해 시즌 초반 타격이 매우 부진했다."},{"verbs":[{"word_id":7,"ancestor":["1-0"],"verb":"좋","cwStateCd":"FIXED","cwSelIdx":0}],"text":"그러나 중반에는 타격이 3할을 기록할 정도로 타격감이 좋았다."},{"verbs":[{"word_id":2,"ancestor":["1-0"],"verb":"뛰","cwStateCd":"FIXED","cwSelIdx":0},{"word_id":5,"ancestor":"-2","verb":"인","cwStateCd":"FIXED","cwSelIdx":[]},{"word_id":7,"ancestor":["1-0"],"verb":"떨어지","cwStateCd":"FIXED","cwSelIdx":0},{"word_id":12,"ancestor":["1-0"],"verb":"기록","cwStateCd":"FIXED","cwSelIdx":0}],"text":"하지만 <상근>을 뛰며 잔부상과 체력저하로 인하여 타격이 떨어지게 되며 결국 2할대의 타율을 기록하였다."}],"globalSId":[1398363,1398364,1398365,1398366],"entities":[{"st":0,"eIdx":0,"ancestor":"","en":7,"ne_type":"","keyword":"[2014년]","e_type":"WIKILINK"},{"st":14,"eIdx":1,"ancestor":"","en":19,"ne_type":"","keyword":"[손시헌]","e_type":"WIKILINK"},{"st":21,"eIdx":2,"ancestor":"","en":30,"ne_type":"","keyword":"[NC_다이노스]","e_type":"WIKILINK"},{"st":148,"eIdx":3,"ancestor":"","en":152,"ne_type":"","keyword":"<상근>","e_type":"ELU"}],"wikiPageId":242294,"pIdx":5,"text":"[2014년]주전 유격수 [손시헌]이 [NC_다이노스]로 이적함에 따라 백업이었던 그는 주전 유격수로 개막전에 선발출장했다. 하지만 주전으로 인한 부담으로 인해 시즌 초반 타격이 매우 부진했다. 그러나 중반에는 타격이 3할을 기록할 정도로 타격감이 좋았다. 하지만 <상근>을 뛰며 잔부상과 체력저하로 인하여 타격이 떨어지게 되며 결국 2할대의 타율을 기록하였다."}