{"result":[{"verbs":[{"word_id":5,"ancestor":["1-0","1-1"],"verb":"속","cwStateCd":"FIXED","cwSelIdx":[0,2]}],"text":"[카자흐스탄소경두더지쥐] 또는 [우랄소경두더지쥐](\"Spalax uralensis\")는 [소경쥐과]에 속하는 [설치류]의 일종이다."},{"verbs":[{"word_id":9,"ancestor":"-2","verb":"따르","cwStateCd":"FIXED","cwSelIdx":[]},{"word_id":10,"ancestor":["1-0","1-1"],"verb":"발견","cwStateCd":"FIXED","cwSelIdx":[0,2]}],"text":"[카자흐스탄]의 토착종으로 [우랄_강] 분지와 유일 강의 홍수림, 테미르, [엠바_강]을 따라 발견된다."},{"verbs":[],"text":"서식지 범위는 약 100,000 km2<\/sup이다."}],"globalSId":[3966254,3966255,3966256],"entities":[{"st":0,"eIdx":0,"ancestor":"-2","en":12,"cwStateCd":"FIXED","ne_type":"ETC","cwSelIdx":[],"type":"ENTITY","keyword":"[카자흐스탄소경두더지쥐]","e_type":"NEW"},{"st":17,"eIdx":1,"ancestor":"1-0","en":26,"cwStateCd":"FIXED","ne_type":"ETC","cwSelIdx":0,"type":"ENTITY","keyword":"[우랄소경두더지쥐]","e_type":"NEW"},{"st":49,"eIdx":2,"ancestor":"","en":55,"ne_type":"","keyword":"[소경쥐과]","e_type":"WIKILINK"},{"st":61,"eIdx":3,"ancestor":"","en":66,"ne_type":"","keyword":"[설치류]","e_type":"WIKILINK"},{"st":74,"eIdx":4,"ancestor":"","en":81,"ne_type":"","keyword":"[카자흐스탄]","e_type":"WIKILINK"},{"st":89,"eIdx":5,"ancestor":"","en":95,"ne_type":"","keyword":"[우랄_강]","e_type":"WIKILINK"},{"st":116,"eIdx":6,"ancestor":"","en":122,"ne_type":"","keyword":"[엠바_강]","e_type":"WIKILINK"}],"wikiPageId":1748748,"pIdx":1,"text":"[카자흐스탄소경두더지쥐] 또는 [우랄소경두더지쥐](\"Spalax uralensis\")는 [소경쥐과]에 속하는 [설치류]의 일종이다. [카자흐스탄]의 토착종으로 [우랄_강] 분지와 유일 강의 홍수림, 테미르, [엠바_강]을 따라 발견된다. 서식지 범위는 약 100,000 km2<\/sup이다."}