{"result":[{"verbs":[{"word_id":4,"ancestor":["1-0"],"verb":"위치","cwStateCd":"FIXED","cwSelIdx":0}],"text":"<네롤라>()는 [이탈리아] [라치오_주] [로마_현]에 위치한 <코무네>다."}],"globalSId":[3235030],"entities":[{"st":0,"eIdx":0,"ancestor":"","en":5,"ne_type":"","keyword":"<네롤라>","e_type":"ELU"},{"st":9,"eIdx":1,"ancestor":"","en":15,"ne_type":"","keyword":"[이탈리아]","e_type":"WIKILINK"},{"st":16,"eIdx":2,"ancestor":"","en":23,"ne_type":"","keyword":"[라치오_주]","e_type":"WIKILINK"},{"st":24,"eIdx":3,"ancestor":"","en":30,"ne_type":"","keyword":"[로마_현]","e_type":"WIKILINK"},{"st":36,"eIdx":4,"ancestor":"","en":41,"ne_type":"","keyword":"<코무네>","e_type":"ELU"}],"wikiPageId":1035863,"pIdx":1,"text":"<네롤라>()는 [이탈리아] [라치오_주] [로마_현]에 위치한 <코무네>다."}