{"result":[{"verbs":[],"text":"생애."},{"verbs":[{"word_id":1,"ancestor":"-2","verb":"태어나","cwStateCd":"FIXED","cwSelIdx":[]},{"word_id":14,"ancestor":["2-1"],"verb":"공부","cwStateCd":"FIXED","cwSelIdx":3},{"word_id":15,"ancestor":["2-1"],"verb":"가르치","cwStateCd":"FIXED","cwSelIdx":3},{"word_id":18,"ancestor":["2-1"],"verb":"돌아가","cwStateCd":"FIXED","cwSelIdx":3},{"word_id":27,"ancestor":["2-1"],"verb":"되","cwStateCd":"FIXED","cwSelIdx":3}],"text":"[톈진_시]에서 태어난 <자오위안런>은 [1910년]에 [미국]의 [코넬_대학교]와 [하버드_대학교]에 유학해 [수학]과 [물리학], [음악학], [언어학], [철학] 등을 공부하고 가르치다 [1920년]에 [중화민국]으로 돌아가 [칭화_대학]의 물리학 강사, 국학연구원 교수, 국문과 교수 등이 되었다."},{"verbs":[{"word_id":3,"ancestor":["2-1"],"verb":"건너가","cwStateCd":"FIXED","cwSelIdx":3},{"word_id":16,"ancestor":["2-1"],"verb":"강의","cwStateCd":"FIXED","cwSelIdx":3},{"word_id":17,"ancestor":["2-1"],"verb":"연구","cwStateCd":"FIXED","cwSelIdx":3}],"text":"이후 다시 [미국]으로 건너가서 [예일_대학교], [하와이_대학교], [하버드_대학교] 등 유수 대학 방문교수로 음운학, 사회언어학, 방언학, 음악학 등을 강의하고 연구했다."},{"verbs":[{"word_id":5,"ancestor":"-1","verb":"표기","cwStateCd":"FIXED","cwSelIdx":[]},{"word_id":8,"ancestor":"-1","verb":"대","cwStateCd":"FIXED","cwSelIdx":[]},{"word_id":14,"ancestor":"-1","verb":"주","cwStateCd":"FIXED","cwSelIdx":[]},{"word_id":16,"ancestor":"-1","verb":"알려지","cwStateCd":"FIXED","cwSelIdx":[]}],"text":"그의 연구 주제들중에서 [중국어]를 [로마자]로 표기하는 방법인 [국어라마자]에 대한 연구는 뒷날 중국어 문자개혁에 영향을 준 것으로 알려진다."},{"verbs":[{"word_id":2,"ancestor":["2-1"],"verb":"이주","cwStateCd":"FIXED","cwSelIdx":3},{"word_id":6,"ancestor":["2-1"],"verb":"되","cwStateCd":"FIXED","cwSelIdx":3},{"word_id":7,"ancestor":["2-1"],"verb":"사망","cwStateCd":"FIXED","cwSelIdx":3},{"word_id":13,"ancestor":["2-1"],"verb":"계속","cwStateCd":"FIXED","cwSelIdx":3}],"text":"[1948년]에 [미국]으로 이주하여 [1954년]에 [미국] 시민권자가 되었으며 사망하기 전까지 [캘리포니아_대학교_버클리] 등에서 언어학 연구를 계속하였다."}],"globalSId":[2567669,2567670,2567671,2567672,2567673],"entities":[{"st":4,"eIdx":0,"ancestor":"","en":10,"ne_type":"","keyword":"[톈진_시]","e_type":"WIKILINK"},{"st":17,"eIdx":1,"ancestor":"","en":24,"ne_type":"","keyword":"<자오위안런>","e_type":"ELU"},{"st":26,"eIdx":2,"ancestor":"","en":33,"ne_type":"","keyword":"[1910년]","e_type":"WIKILINK"},{"st":35,"eIdx":3,"ancestor":"","en":39,"ne_type":"","keyword":"[미국]","e_type":"WIKILINK"},{"st":41,"eIdx":4,"ancestor":"","en":49,"ne_type":"","keyword":"[코넬_대학교]","e_type":"WIKILINK"},{"st":51,"eIdx":5,"ancestor":"","en":60,"ne_type":"","keyword":"[하버드_대학교]","e_type":"WIKILINK"},{"st":66,"eIdx":6,"ancestor":"","en":70,"ne_type":"","keyword":"[수학]","e_type":"WIKILINK"},{"st":72,"eIdx":7,"ancestor":"","en":77,"ne_type":"","keyword":"[물리학]","e_type":"WIKILINK"},{"st":79,"eIdx":8,"ancestor":"","en":84,"ne_type":"","keyword":"[음악학]","e_type":"WIKILINK"},{"st":86,"eIdx":9,"ancestor":"","en":91,"ne_type":"","keyword":"[언어학]","e_type":"WIKILINK"},{"st":93,"eIdx":10,"ancestor":"","en":97,"ne_type":"","keyword":"[철학]","e_type":"WIKILINK"},{"st":111,"eIdx":11,"ancestor":"","en":118,"ne_type":"","keyword":"[1920년]","e_type":"WIKILINK"},{"st":120,"eIdx":12,"ancestor":"","en":126,"ne_type":"","keyword":"[중화민국]","e_type":"WIKILINK"},{"st":133,"eIdx":13,"ancestor":"","en":140,"ne_type":"","keyword":"[칭화_대학]","e_type":"WIKILINK"},{"st":181,"eIdx":14,"ancestor":"","en":185,"ne_type":"","keyword":"[미국]","e_type":"WIKILINK"},{"st":193,"eIdx":15,"ancestor":"","en":201,"ne_type":"","keyword":"[예일_대학교]","e_type":"WIKILINK"},{"st":203,"eIdx":16,"ancestor":"","en":212,"ne_type":"","keyword":"[하와이_대학교]","e_type":"WIKILINK"},{"st":214,"eIdx":17,"ancestor":"","en":223,"ne_type":"","keyword":"[하버드_대학교]","e_type":"WIKILINK"},{"st":286,"eIdx":18,"ancestor":"","en":291,"ne_type":"","keyword":"[중국어]","e_type":"WIKILINK"},{"st":293,"eIdx":19,"ancestor":"","en":298,"ne_type":"","keyword":"[로마자]","e_type":"WIKILINK"},{"st":309,"eIdx":20,"ancestor":"","en":316,"ne_type":"","keyword":"[국어라마자]","e_type":"WIKILINK"},{"st":354,"eIdx":21,"ancestor":"","en":361,"ne_type":"","keyword":"[1948년]","e_type":"WIKILINK"},{"st":363,"eIdx":22,"ancestor":"","en":367,"ne_type":"","keyword":"[미국]","e_type":"WIKILINK"},{"st":375,"eIdx":23,"ancestor":"","en":382,"ne_type":"","keyword":"[1954년]","e_type":"WIKILINK"},{"st":384,"eIdx":24,"ancestor":"","en":388,"ne_type":"","keyword":"[미국]","e_type":"WIKILINK"},{"st":409,"eIdx":25,"ancestor":"","en":424,"ne_type":"","keyword":"[캘리포니아_대학교_버클리]","e_type":"WIKILINK"}],"wikiPageId":681240,"pIdx":2,"text":"생애. [톈진_시]에서 태어난 <자오위안런>은 [1910년]에 [미국]의 [코넬_대학교]와 [하버드_대학교]에 유학해 [수학]과 [물리학], [음악학], [언어학], [철학] 등을 공부하고 가르치다 [1920년]에 [중화민국]으로 돌아가 [칭화_대학]의 물리학 강사, 국학연구원 교수, 국문과 교수 등이 되었다. 이후 다시 [미국]으로 건너가서 [예일_대학교], [하와이_대학교], [하버드_대학교] 등 유수 대학 방문교수로 음운학, 사회언어학, 방언학, 음악학 등을 강의하고 연구했다. 그의 연구 주제들중에서 [중국어]를 [로마자]로 표기하는 방법인 [국어라마자]에 대한 연구는 뒷날 중국어 문자개혁에 영향을 준 것으로 알려진다. [1948년]에 [미국]으로 이주하여 [1954년]에 [미국] 시민권자가 되었으며 사망하기 전까지 [캘리포니아_대학교_버클리] 등에서 언어학 연구를 계속하였다."}