{"result":[{"verbs":[],"text":"생애."},{"verbs":[],"text":"[1413년]에 [마리]는 [샤를_6세]와 [바이에른의_이자보]의 다섯 번째 아들인 [샤를_7세]과 약혼을 했다."},{"verbs":[{"word_id":11,"ancestor":["2-1"],"verb":"되","cwStateCd":"FIXED","cwSelIdx":2}],"text":"[1422년] [4월]에 그녀는 [부르주]에서 그녀의 사촌이였던 [샤를]과 혼인하였고 이후 <프랑스>의 왕비가 되었다."},{"verbs":[{"word_id":5,"ancestor":"-2","verb":"받","cwStateCd":"FIXED","cwSelIdx":[]},{"word_id":13,"ancestor":["2-12"],"verb":"그렇","cwStateCd":"FIXED","cwSelIdx":35}],"text":"[백년_전쟁]에서 남편의 승리는 [마리]의 가문에게서 받은 지원을 받은 덕이였으며, 특히 그녀의 어머니인 [욜란다_데_아라곤]이 그랬었다."},{"verbs":[{"word_id":9,"ancestor":"-2","verb":"있","cwStateCd":"FIXED","cwSelIdx":[]}],"text":"[마리]와 [샤를]이 14명의 자녀를 두었음에도, 남편의 애정은 하녀인 [아녜스_소렐]에게 있었다."}],"globalSId":[3809150,3809151,3809152,3809153,3809154],"entities":[{"st":4,"eIdx":0,"ancestor":"-2","en":10,"cwStateCd":"FIXED","ne_type":"TIME","cwSelIdx":[],"type":"ENTITY","keyword":"[1413년]","e_type":"NEW"},{"st":13,"eIdx":1,"ancestor":"-2","en":16,"cwStateCd":"FIXED","ne_type":"PERSON","cwSelIdx":[],"type":"ENTITY","keyword":"[마리]","e_type":"NEW"},{"st":19,"eIdx":2,"ancestor":"","en":26,"ne_type":"","keyword":"[샤를_6세]","e_type":"WIKILINK"},{"st":28,"eIdx":3,"ancestor":"","en":39,"ne_type":"","keyword":"[바이에른의_이자보]","e_type":"WIKILINK"},{"st":51,"eIdx":4,"ancestor":"","en":58,"ne_type":"","keyword":"[샤를_7세]","e_type":"WIKILINK"},{"st":68,"eIdx":5,"ancestor":"-2","en":74,"cwStateCd":"FIXED","ne_type":"TIME","cwSelIdx":[],"type":"ENTITY","keyword":"[1422년]","e_type":"NEW"},{"st":76,"eIdx":6,"ancestor":"-2","en":79,"cwStateCd":"FIXED","ne_type":"TIME","cwSelIdx":[],"type":"ENTITY","keyword":"[4월]","e_type":"NEW"},{"st":86,"eIdx":7,"ancestor":"","en":91,"ne_type":"","keyword":"[부르주]","e_type":"WIKILINK"},{"st":104,"eIdx":8,"ancestor":"2-4","en":107,"cwStateCd":"FIXED","ne_type":"PERSON","cwSelIdx":8,"type":"ENTITY","keyword":"[샤를]","e_type":"NEW"},{"st":119,"eIdx":9,"ancestor":"","en":124,"ne_type":"","keyword":"<프랑스>","e_type":"ELU"},{"st":135,"eIdx":10,"ancestor":"","en":142,"ne_type":"","keyword":"[백년_전쟁]","e_type":"WIKILINK"},{"st":153,"eIdx":11,"ancestor":"2-1","en":156,"cwStateCd":"FIXED","ne_type":"PERSON","cwSelIdx":2,"type":"ENTITY","keyword":"[마리]","e_type":"NEW"},{"st":194,"eIdx":12,"ancestor":"","en":205,"ne_type":"","keyword":"[욜란다_데_아라곤]","e_type":"WIKILINK"},{"st":213,"eIdx":13,"ancestor":"2-11","en":216,"cwStateCd":"FIXED","ne_type":"PERSON","cwSelIdx":26,"type":"ENTITY","keyword":"[마리]","e_type":"NEW"},{"st":219,"eIdx":14,"ancestor":"2-8","en":222,"cwStateCd":"FIXED","ne_type":"PERSON","cwSelIdx":17,"type":"ENTITY","keyword":"[샤를]","e_type":"NEW"},{"st":253,"eIdx":15,"ancestor":"","en":261,"ne_type":"","keyword":"[아녜스_소렐]","e_type":"WIKILINK"}],"wikiPageId":1588481,"pIdx":2,"text":"생애. [1413년]에 [마리]는 [샤를_6세]와 [바이에른의_이자보]의 다섯 번째 아들인 [샤를_7세]과 약혼을 했다. [1422년] [4월]에 그녀는 [부르주]에서 그녀의 사촌이였던 [샤를]과 혼인하였고 이후 <프랑스>의 왕비가 되었다. [백년_전쟁]에서 남편의 승리는 [마리]의 가문에게서 받은 지원을 받은 덕이였으며, 특히 그녀의 어머니인 [욜란다_데_아라곤]이 그랬었다. [마리]와 [샤를]이 14명의 자녀를 두었음에도, 남편의 애정은 하녀인 [아녜스_소렐]에게 있었다."}