{"result":[{"verbs":[],"text":"분교."},{"verbs":[{"word_id":9,"ancestor":["2-0"],"verb":"있","cwStateCd":"FIXED","cwSelIdx":1}],"text":"[하얼빈_공업대학](哈??工?大?)은 현재 [중화인민공화국] [산둥_성] [웨이하이_시]와 [중화인민공화국] [광둥_성] [선전_시]에 분교가 있다."}],"globalSId":[3858351,3858352],"entities":[{"st":4,"eIdx":0,"ancestor":"-2","en":13,"cwStateCd":"FIXED","ne_type":"ORGANIZATION","cwSelIdx":[],"type":"ENTITY","keyword":"[하얼빈_공업대학]","e_type":"NEW"},{"st":28,"eIdx":1,"ancestor":"","en":37,"ne_type":"","keyword":"[중화인민공화국]","e_type":"WIKILINK"},{"st":38,"eIdx":2,"ancestor":"","en":44,"ne_type":"","keyword":"[산둥_성]","e_type":"WIKILINK"},{"st":45,"eIdx":3,"ancestor":"","en":53,"ne_type":"","keyword":"[웨이하이_시]","e_type":"WIKILINK"},{"st":55,"eIdx":4,"ancestor":"","en":64,"ne_type":"","keyword":"[중화인민공화국]","e_type":"WIKILINK"},{"st":65,"eIdx":5,"ancestor":"","en":71,"ne_type":"","keyword":"[광둥_성]","e_type":"WIKILINK"},{"st":72,"eIdx":6,"ancestor":"","en":78,"ne_type":"","keyword":"[선전_시]","e_type":"WIKILINK"}],"wikiPageId":1633961,"pIdx":2,"text":"분교. [하얼빈_공업대학](哈??工?大?)은 현재 [중화인민공화국] [산둥_성] [웨이하이_시]와 [중화인민공화국] [광둥_성] [선전_시]에 분교가 있다."}