{"result":[{"verbs":[],"text":"생애."},{"verbs":[{"word_id":7,"ancestor":["2-0"],"verb":"태어나","cwStateCd":"FIXED","cwSelIdx":1}],"text":"[훌리오_코르타사르]는 [1914년] [8월] [26일], [벨기에] [브뤼셀]의 [익셀]에서 태어났다."},{"verbs":[{"word_id":2,"ancestor":"-1","verb":"따르","cwStateCd":"FIXED","cwSelIdx":[]}],"text":"전기작가 [Miguel_Herr?ez]에 따르면 그의 부모 [Julio_Jos?_Cort?zar]와 [Mar?a_Herminia_Descotte]는 <아르헨티나>의 시민이었으며 그의 아버지는 <벨기에>에서 <아르헨티나>의 외교부에서 복무했다."}],"globalSId":[3884828,3884829,3884830],"entities":[{"st":4,"eIdx":0,"ancestor":"-2","en":14,"cwStateCd":"FIXED","ne_type":"PERSON","cwSelIdx":[],"type":"ENTITY","keyword":"[훌리오_코르타사르]","e_type":"NEW"},{"st":17,"eIdx":1,"ancestor":"-2","en":23,"cwStateCd":"FIXED","ne_type":"TIME","cwSelIdx":[],"type":"ENTITY","keyword":"[1914년]","e_type":"NEW"},{"st":25,"eIdx":2,"ancestor":"-2","en":28,"cwStateCd":"FIXED","ne_type":"TIME","cwSelIdx":[],"type":"ENTITY","keyword":"[8월]","e_type":"NEW"},{"st":30,"eIdx":3,"ancestor":"-2","en":34,"cwStateCd":"FIXED","ne_type":"TIME","cwSelIdx":[],"type":"ENTITY","keyword":"[26일]","e_type":"NEW"},{"st":37,"eIdx":4,"ancestor":"","en":42,"ne_type":"","keyword":"[벨기에]","e_type":"WIKILINK"},{"st":43,"eIdx":5,"ancestor":"","en":48,"ne_type":"","keyword":"[브뤼셀]","e_type":"WIKILINK"},{"st":50,"eIdx":6,"ancestor":"","en":54,"ne_type":"","keyword":"[익셀]","e_type":"WIKILINK"},{"st":68,"eIdx":7,"ancestor":"-2","en":83,"cwStateCd":"FIXED","ne_type":"PERSON","cwSelIdx":[],"type":"ENTITY","keyword":"[Miguel_Herr?ez]","e_type":"NEW"},{"st":96,"eIdx":8,"ancestor":"-2","en":116,"cwStateCd":"FIXED","ne_type":"PERSON","cwSelIdx":[],"type":"ENTITY","keyword":"[Julio_Jos?_Cort?zar]","e_type":"NEW"},{"st":119,"eIdx":9,"ancestor":"-2","en":143,"cwStateCd":"FIXED","ne_type":"PERSON","cwSelIdx":[],"type":"ENTITY","keyword":"[Mar?a_Herminia_Descotte]","e_type":"NEW"},{"st":146,"eIdx":10,"ancestor":"","en":153,"ne_type":"","keyword":"<아르헨티나>","e_type":"ELU"},{"st":170,"eIdx":11,"ancestor":"","en":175,"ne_type":"","keyword":"<벨기에>","e_type":"ELU"},{"st":178,"eIdx":12,"ancestor":"","en":185,"ne_type":"","keyword":"<아르헨티나>","e_type":"ELU"}],"wikiPageId":1657105,"pIdx":2,"text":"생애. [훌리오_코르타사르]는 [1914년] [8월] [26일], [벨기에] [브뤼셀]의 [익셀]에서 태어났다. 전기작가 [Miguel_Herr?ez]에 따르면 그의 부모 [Julio_Jos?_Cort?zar]와 [Mar?a_Herminia_Descotte]는 <아르헨티나>의 시민이었으며 그의 아버지는 <벨기에>에서 <아르헨티나>의 외교부에서 복무했다."}