{"result":[{"verbs":[{"word_id":5,"ancestor":["1-0"],"verb":"위치","cwStateCd":"FIXED","cwSelIdx":0}],"text":"<거촌역>(巨村驛)은 [경상북도] [봉화군] [봉성면] 외삼리에 위치한 [영동선]의 철도역이다."},{"verbs":[{"word_id":4,"ancestor":"-2","verb":"유래","cwStateCd":"FIXED","cwSelIdx":[]},{"word_id":6,"ancestor":["1-0"],"verb":"위치","cwStateCd":"FIXED","cwSelIdx":0}],"text":"역명은 인근의 [봉화읍] 거촌리에서 유래하였으나, [거촌리]에 위치하지는 않는다."}],"globalSId":[1048419,1048420],"entities":[{"st":0,"eIdx":0,"ancestor":"","en":5,"ne_type":"","keyword":"<거촌역>","e_type":"ELU"},{"st":12,"eIdx":1,"ancestor":"","en":18,"ne_type":"","keyword":"[경상북도]","e_type":"WIKILINK"},{"st":19,"eIdx":2,"ancestor":"","en":24,"ne_type":"","keyword":"[봉화군]","e_type":"WIKILINK"},{"st":25,"eIdx":3,"ancestor":"","en":30,"ne_type":"","keyword":"[봉성면]","e_type":"WIKILINK"},{"st":40,"eIdx":4,"ancestor":"","en":45,"ne_type":"","keyword":"[영동선]","e_type":"WIKILINK"},{"st":62,"eIdx":5,"ancestor":"","en":67,"ne_type":"","keyword":"[봉화읍]","e_type":"WIKILINK"},{"st":82,"eIdx":6,"ancestor":"-2","en":86,"cwStateCd":"FIXED","ne_type":"LOCATION","cwSelIdx":[],"type":"ENTITY","keyword":"[거촌리]","e_type":"NEW"}],"wikiPageId":154272,"pIdx":1,"text":"<거촌역>(巨村驛)은 [경상북도] [봉화군] [봉성면] 외삼리에 위치한 [영동선]의 철도역이다. 역명은 인근의 [봉화읍] 거촌리에서 유래하였으나, [거촌리]에 위치하지는 않는다."}