{"result":[{"verbs":[{"word_id":7,"ancestor":["1-0"],"verb":"잇","cwStateCd":"FIXED","cwSelIdx":0}],"text":"[징퉁_쾌속공로](京通快速公路, 경통쾌속공로)는 [중화인민공화국]의 수도인 [베이징_시]의 중심가와 [퉁저우_구_(베이징_시)]를 잇는 [베이징_시]의 고속화도로이다."},{"verbs":[{"word_id":3,"ancestor":["1-0"],"verb":"건설","cwStateCd":"FIXED","cwSelIdx":0},{"word_id":6,"ancestor":["1-0"],"verb":"개통","cwStateCd":"FIXED","cwSelIdx":0}],"text":"[중화인민공화국]에서 최초로 [수익형_민자사업]방식으로 건설된 고속화도로로, [1996년]에 개통한 이래 20년간 민간기업이 운영하고 있다."}],"globalSId":[1766083,1766084],"entities":[{"st":0,"eIdx":0,"en":8,"cwStateCd":"FIXED","ne_type":"LOCATION","cwSelIdx":[],"type":"ENTITY","keyword":"[징퉁_쾌속공로]","e_type":"NEW"},{"st":27,"eIdx":1,"ancestor":"","en":36,"ne_type":"","keyword":"[중화인민공화국]","e_type":"WIKILINK"},{"st":42,"eIdx":2,"ancestor":"","en":49,"ne_type":"","keyword":"[베이징_시]","e_type":"WIKILINK"},{"st":56,"eIdx":3,"ancestor":"","en":71,"ne_type":"","keyword":"[퉁저우_구_(베이징_시)]","e_type":"WIKILINK"},{"st":76,"eIdx":4,"ancestor":"","en":83,"ne_type":"","keyword":"[베이징_시]","e_type":"WIKILINK"},{"st":94,"eIdx":5,"ancestor":"","en":103,"ne_type":"","keyword":"[중화인민공화국]","e_type":"WIKILINK"},{"st":110,"eIdx":6,"ancestor":"","en":120,"ne_type":"","keyword":"[수익형_민자사업]","e_type":"WIKILINK"},{"st":137,"eIdx":7,"ancestor":"","en":144,"ne_type":"","keyword":"[1996년]","e_type":"WIKILINK"}],"wikiPageId":337522,"pIdx":1,"text":"[징퉁_쾌속공로](京通快速公路, 경통쾌속공로)는 [중화인민공화국]의 수도인 [베이징_시]의 중심가와 [퉁저우_구_(베이징_시)]를 잇는 [베이징_시]의 고속화도로이다. [중화인민공화국]에서 최초로 [수익형_민자사업]방식으로 건설된 고속화도로로, [1996년]에 개통한 이래 20년간 민간기업이 운영하고 있다."}