{"result":[{"verbs":[{"word_id":2,"ancestor":"-1","verb":"권","cwStateCd":"FIXED","cwSelIdx":[]},{"word_id":4,"ancestor":"-2","verb":"데뷔","cwStateCd":"FIXED","cwSelIdx":[]},{"word_id":14,"ancestor":"-2","verb":"시작","cwStateCd":"FIXED","cwSelIdx":[]}],"text":"[1998년] [MBC_베스트극장]《설사약 권하는 사회》로 데뷔하였으며, 1년 뒤 [SBS_TV]《[카이스트_(드라마)]》에서 [송지나] 작가의 보조작가로 집필 활동을 본격적으로 시작하였다."},{"verbs":[{"word_id":4,"ancestor":"-2","verb":"참여","cwStateCd":"FIXED","cwSelIdx":[]},{"word_id":10,"ancestor":"-2","verb":"호평","cwStateCd":"FIXED","cwSelIdx":[]},{"word_id":12,"ancestor":"-2","verb":"있","cwStateCd":"FIXED","cwSelIdx":[]}],"text":"[2002년]에는 [KBS_2TV] 시트콤 《[동물원_사람들]》에 참여하였으며, [2006년]에는 [MBC]에서 8부작 드라마《[내_인생의_스페셜]》의 메인작가로 호평받은 바 있다."},{"verbs":[{"word_id":7,"ancestor":"-2","verb":"참여","cwStateCd":"FIXED","cwSelIdx":[]}],"text":"[2007년]에는 [송지나] 작가와 함께 [MBC]《[태왕사신기]》의 공동 집필에 참여하였다."}],"globalSId":[3491592,3491593,3491594],"entities":[{"st":0,"eIdx":0,"ancestor":"","en":7,"ne_type":"","keyword":"[1998년]","e_type":"WIKILINK"},{"st":8,"eIdx":1,"ancestor":"","en":19,"ne_type":"","keyword":"[MBC_베스트극장]","e_type":"WIKILINK"},{"st":46,"eIdx":2,"ancestor":"","en":54,"ne_type":"","keyword":"[SBS_TV]","e_type":"WIKILINK"},{"st":55,"eIdx":3,"ancestor":"","en":67,"ne_type":"","keyword":"[카이스트_(드라마)]","e_type":"WIKILINK"},{"st":71,"eIdx":4,"ancestor":"","en":76,"ne_type":"","keyword":"[송지나]","e_type":"WIKILINK"},{"st":107,"eIdx":5,"ancestor":"","en":114,"ne_type":"","keyword":"[2002년]","e_type":"WIKILINK"},{"st":117,"eIdx":6,"ancestor":"","en":126,"ne_type":"","keyword":"[KBS_2TV]","e_type":"WIKILINK"},{"st":132,"eIdx":7,"ancestor":"","en":141,"ne_type":"","keyword":"[동물원_사람들]","e_type":"WIKILINK"},{"st":152,"eIdx":8,"ancestor":"","en":159,"ne_type":"","keyword":"[2006년]","e_type":"WIKILINK"},{"st":162,"eIdx":9,"ancestor":"-2","en":166,"cwStateCd":"FIXED","ne_type":"ORGANIZATION","cwSelIdx":[],"type":"ENTITY","keyword":"[MBC]","e_type":"NEW"},{"st":178,"eIdx":10,"ancestor":"","en":189,"ne_type":"","keyword":"[내_인생의_스페셜]","e_type":"WIKILINK"},{"st":209,"eIdx":11,"ancestor":"","en":216,"ne_type":"","keyword":"[2007년]","e_type":"WIKILINK"},{"st":219,"eIdx":12,"ancestor":"2-4","en":223,"cwStateCd":"FIXED","ne_type":"PERSON","cwSelIdx":8,"type":"ENTITY","keyword":"[송지나]","e_type":"NEW"},{"st":232,"eIdx":13,"ancestor":"2-9","en":236,"cwStateCd":"FIXED","ne_type":"ORGANIZATION","cwSelIdx":21,"type":"ENTITY","keyword":"[MBC]","e_type":"NEW"},{"st":238,"eIdx":14,"ancestor":"","en":245,"ne_type":"","keyword":"[태왕사신기]","e_type":"WIKILINK"}],"wikiPageId":1246737,"pIdx":2,"text":"[1998년] [MBC_베스트극장]《설사약 권하는 사회》로 데뷔하였으며, 1년 뒤 [SBS_TV]《[카이스트_(드라마)]》에서 [송지나] 작가의 보조작가로 집필 활동을 본격적으로 시작하였다. [2002년]에는 [KBS_2TV] 시트콤 《[동물원_사람들]》에 참여하였으며, [2006년]에는 [MBC]에서 8부작 드라마《[내_인생의_스페셜]》의 메인작가로 호평받은 바 있다. [2007년]에는 [송지나] 작가와 함께 [MBC]《[태왕사신기]》의 공동 집필에 참여하였다."}