{"result":[{"verbs":[{"word_id":9,"ancestor":["1-0"],"verb":"있","cwStateCd":"FIXED","cwSelIdx":0}],"text":"[마리_당주](, [1404년] [10월] [14일] - [1463년_11월_29일])는 [1422년\u20131461년]까지 [샤를_7세]의 아내로 있었던 [프랑스의_군주_배우자]이다."},{"verbs":[],"text":"[마리]는 명목상 <나폴리>의 군주이자 <시칠리아>의 군주인 [루이_2세_당주]와 명목상 <아라곤_왕국>의 여왕인 [욜란다_데_아라곤]의 장녀이다."}],"globalSId":[3809148,3809149],"entities":[{"st":0,"eIdx":0,"ancestor":"-2","en":6,"cwStateCd":"FIXED","ne_type":"PERSON","cwSelIdx":[],"type":"ENTITY","keyword":"[마리_당주]","e_type":"NEW"},{"st":10,"eIdx":1,"ancestor":"-2","en":16,"cwStateCd":"FIXED","ne_type":"TIME","cwSelIdx":[],"type":"ENTITY","keyword":"[1404년]","e_type":"NEW"},{"st":18,"eIdx":2,"ancestor":"-2","en":22,"cwStateCd":"FIXED","ne_type":"TIME","cwSelIdx":[],"type":"ENTITY","keyword":"[10월]","e_type":"NEW"},{"st":24,"eIdx":3,"ancestor":"-2","en":28,"cwStateCd":"FIXED","ne_type":"TIME","cwSelIdx":[],"type":"ENTITY","keyword":"[14일]","e_type":"NEW"},{"st":32,"eIdx":4,"ancestor":"-2","en":46,"cwStateCd":"FIXED","ne_type":"TIME","cwSelIdx":[],"type":"ENTITY","keyword":"[1463년_11월_29일]","e_type":"NEW"},{"st":50,"eIdx":5,"ancestor":"-2","en":62,"cwStateCd":"FIXED","ne_type":"TIME","cwSelIdx":[],"type":"ENTITY","keyword":"[1422년\u20131461년]","e_type":"NEW"},{"st":66,"eIdx":6,"ancestor":"","en":73,"ne_type":"","keyword":"[샤를_7세]","e_type":"WIKILINK"},{"st":83,"eIdx":7,"ancestor":"","en":96,"ne_type":"","keyword":"[프랑스의_군주_배우자]","e_type":"WIKILINK"},{"st":100,"eIdx":8,"ancestor":"1-0","en":103,"cwStateCd":"FIXED","ne_type":"PERSON","cwSelIdx":0,"type":"ENTITY","keyword":"[마리]","e_type":"NEW"},{"st":110,"eIdx":9,"ancestor":"","en":115,"ne_type":"","keyword":"<나폴리>","e_type":"ELU"},{"st":122,"eIdx":10,"ancestor":"","en":128,"ne_type":"","keyword":"<시칠리아>","e_type":"ELU"},{"st":134,"eIdx":11,"ancestor":"","en":144,"ne_type":"","keyword":"[루이_2세_당주]","e_type":"WIKILINK"},{"st":150,"eIdx":12,"ancestor":"","en":158,"ne_type":"","keyword":"<아라곤_왕국>","e_type":"ELU"},{"st":164,"eIdx":13,"ancestor":"","en":175,"ne_type":"","keyword":"[욜란다_데_아라곤]","e_type":"WIKILINK"}],"wikiPageId":1588481,"pIdx":1,"text":"[마리_당주](, [1404년] [10월] [14일] - [1463년_11월_29일])는 [1422년\u20131461년]까지 [샤를_7세]의 아내로 있었던 [프랑스의_군주_배우자]이다. [마리]는 명목상 <나폴리>의 군주이자 <시칠리아>의 군주인 [루이_2세_당주]와 명목상 <아라곤_왕국>의 여왕인 [욜란다_데_아라곤]의 장녀이다."}