{"result":[{"verbs":[{"word_id":7,"ancestor":["1-0"],"verb":"위치","cwStateCd":"FIXED","cwSelIdx":0}],"text":"<시라카와_시>()는 [일본] [도호쿠_지방]의 남부, [후쿠시마_현] [나카도리]의 남부에 위치한 [시_(행정_구역)]이다."}],"globalSId":[2061280],"entities":[{"st":0,"eIdx":0,"ancestor":"","en":8,"ne_type":"","keyword":"<시라카와_시>","e_type":"ELU"},{"st":12,"eIdx":1,"ancestor":"","en":16,"ne_type":"","keyword":"[일본]","e_type":"WIKILINK"},{"st":17,"eIdx":2,"ancestor":"","en":25,"ne_type":"","keyword":"[도호쿠_지방]","e_type":"WIKILINK"},{"st":31,"eIdx":3,"ancestor":"","en":39,"ne_type":"","keyword":"[후쿠시마_현]","e_type":"WIKILINK"},{"st":40,"eIdx":4,"ancestor":"","en":46,"ne_type":"","keyword":"[나카도리]","e_type":"WIKILINK"},{"st":56,"eIdx":5,"ancestor":"","en":67,"ne_type":"","keyword":"[시_(행정_구역)]","e_type":"WIKILINK"}],"wikiPageId":449871,"pIdx":1,"text":"<시라카와_시>()는 [일본] [도호쿠_지방]의 남부, [후쿠시마_현] [나카도리]의 남부에 위치한 [시_(행정_구역)]이다."}