{"result":[{"verbs":[],"text":"총리 재임 업적."},{"verbs":[{"word_id":9,"ancestor":"-2","verb":"끝내","cwStateCd":"FIXED","cwSelIdx":[]},{"word_id":10,"ancestor":"-2","verb":"취임","cwStateCd":"FIXED","cwSelIdx":[]}],"text":"[1983년] [3월], [제2차_세계대전] 이후 오랜 기간 동안 지속되온 [오스트레일리아_보수연립]정권을 끝내고 취임하였다."},{"verbs":[{"word_id":8,"ancestor":"-2","verb":"더불","cwStateCd":"FIXED","cwSelIdx":[]},{"word_id":11,"ancestor":["5-7"],"verb":"침체","cwStateCd":"FIXED","cwSelIdx":27},{"word_id":18,"ancestor":"-2","verb":"새롭","cwStateCd":"FIXED","cwSelIdx":[]},{"word_id":20,"ancestor":"-2","verb":"등장","cwStateCd":"FIXED","cwSelIdx":[]}],"text":"'[오일_쇼크]', 초고금리([1982년] [존_하워드] 재무장관 재임당시 사상 최고의 22%)와 더불어 개혁의 지체로 침체되어 있던 <오스트레일리아>에 그의 행정부 출범과 함께 새로운 개혁정책들이 등장했다."},{"verbs":[{"word_id":6,"ancestor":"-2","verb":"깨","cwStateCd":"FIXED","cwSelIdx":[]},{"word_id":16,"ancestor":["5-9"],"verb":"팔","cwStateCd":"FIXED","cwSelIdx":46},{"word_id":20,"ancestor":["5-9"],"verb":"이끌","cwStateCd":"FIXED","cwSelIdx":46},{"word_id":26,"ancestor":"-2","verb":"강력하","cwStateCd":"FIXED","cwSelIdx":[]},{"word_id":28,"ancestor":["5-9"],"verb":"펴","cwStateCd":"FIXED","cwSelIdx":46}],"text":"[노동당]의 전통적 정책기조와 아울러 주변의 예상을 깨고, 재무장관(이자 그의 총리직 후임자) [폴_키팅]의 주도로 대규모 부실[은행]들을 민간에 팔았고, 전격적 [세금]제 개편을 이끌어내는 등 [경제]정책에서 [신자유주의]적인 요소들을 흡수한, 강력한 개혁정책을 폈다."},{"verbs":[{"word_id":2,"ancestor":"-2","verb":"앞서","cwStateCd":"FIXED","cwSelIdx":[]},{"word_id":9,"ancestor":"-2","verb":"크","cwStateCd":"FIXED","cwSelIdx":[]}],"text":"[빌_클린턴]과 [토니_블레어]보다 앞섰으며, 이는 이웃 [뉴질랜드]의 [데이비드_롱이] [뉴질랜드_노동당] 행정부에도 큰 영향을 미쳤다."}],"globalSId":[840693,840694,840695,840696,840697],"entities":[{"st":10,"eIdx":0,"ancestor":"","en":17,"ne_type":"","keyword":"[1983년]","e_type":"WIKILINK"},{"st":18,"eIdx":1,"ancestor":"","en":22,"ne_type":"","keyword":"[3월]","e_type":"WIKILINK"},{"st":24,"eIdx":2,"ancestor":"","en":34,"ne_type":"","keyword":"[제2차_세계대전]","e_type":"WIKILINK"},{"st":52,"eIdx":3,"ancestor":"","en":66,"ne_type":"","keyword":"[오스트레일리아_보수연립]","e_type":"WIKILINK"},{"st":82,"eIdx":4,"ancestor":"-2","en":87,"cwStateCd":"FIXED","ne_type":"ETC","cwSelIdx":[],"type":"ENTITY","keyword":"[오일_쇼크]","e_type":"NEW"},{"st":97,"eIdx":5,"ancestor":"-2","en":98,"cwStateCd":"FIXED","ne_type":"TIME","cwSelIdx":[],"type":"ENTITY","keyword":"[1982년]","e_type":"NEW"},{"st":105,"eIdx":6,"ancestor":"","en":112,"ne_type":"","keyword":"[존_하워드]","e_type":"WIKILINK"},{"st":156,"eIdx":7,"ancestor":"","en":165,"ne_type":"","keyword":"<오스트레일리아>","e_type":"ELU"},{"st":198,"eIdx":8,"ancestor":"1-4","en":202,"cwStateCd":"FIXED","ne_type":"ORGANIZATION","cwSelIdx":16,"type":"ENTITY","keyword":"[노동당]","e_type":"NEW"},{"st":251,"eIdx":9,"ancestor":"","en":257,"ne_type":"","keyword":"[폴_키팅]","e_type":"WIKILINK"},{"st":269,"eIdx":10,"ancestor":"","en":273,"ne_type":"","keyword":"[은행]","e_type":"WIKILINK"},{"st":289,"eIdx":11,"ancestor":"","en":293,"ne_type":"","keyword":"[세금]","e_type":"WIKILINK"},{"st":307,"eIdx":12,"ancestor":"","en":311,"ne_type":"","keyword":"[경제]","e_type":"WIKILINK"},{"st":316,"eIdx":13,"ancestor":"","en":323,"ne_type":"","keyword":"[신자유주의]","e_type":"WIKILINK"},{"st":350,"eIdx":14,"ancestor":"","en":357,"ne_type":"","keyword":"[빌_클린턴]","e_type":"WIKILINK"},{"st":359,"eIdx":15,"ancestor":"","en":367,"ne_type":"","keyword":"[토니_블레어]","e_type":"WIKILINK"},{"st":382,"eIdx":16,"ancestor":"","en":388,"ne_type":"","keyword":"[뉴질랜드]","e_type":"WIKILINK"},{"st":390,"eIdx":17,"ancestor":"","en":399,"ne_type":"","keyword":"[데이비드_롱이]","e_type":"WIKILINK"},{"st":400,"eIdx":18,"ancestor":"","en":410,"ne_type":"","keyword":"[뉴질랜드_노동당]","e_type":"WIKILINK"}],"wikiPageId":114159,"pIdx":5,"text":"총리 재임 업적. [1983년] [3월], [제2차_세계대전] 이후 오랜 기간 동안 지속되온 [오스트레일리아_보수연립]정권을 끝내고 취임하였다. '[오일_쇼크]', 초고금리([1982년] [존_하워드] 재무장관 재임당시 사상 최고의 22%)와 더불어 개혁의 지체로 침체되어 있던 <오스트레일리아>에 그의 행정부 출범과 함께 새로운 개혁정책들이 등장했다. [노동당]의 전통적 정책기조와 아울러 주변의 예상을 깨고, 재무장관(이자 그의 총리직 후임자) [폴_키팅]의 주도로 대규모 부실[은행]들을 민간에 팔았고, 전격적 [세금]제 개편을 이끌어내는 등 [경제]정책에서 [신자유주의]적인 요소들을 흡수한, 강력한 개혁정책을 폈다. [빌_클린턴]과 [토니_블레어]보다 앞섰으며, 이는 이웃 [뉴질랜드]의 [데이비드_롱이] [뉴질랜드_노동당] 행정부에도 큰 영향을 미쳤다."}